timestamp,R_angle(θ),R_Torque Cmd,R_Torque Est,L_angle(θ),L_Torque Cmd,L_Torque Est,Lθ Display,Rθ Display,Lτ Display,Rτ Display
0.0005,1.5,0.0,0.0,2.07,0.0,0.0,2.1,1.5,0.0 (cmd 0.0),0.0 (cmd 0.0)
0.001,1.29,0.0,0.0,1.87,0.0,0.0,1.9,1.3,0.0 (cmd 0.0),0.0 (cmd 0.0)
0.0015,1.24,0.0,0.0,1.77,0.0,0.0,1.8,1.2,0.0 (cmd 0.0),0.0 (cmd 0.0)
0.002,1.25,0.0,0.0,1.81,0.0,0.0,1.8,1.2,0.0 (cmd 0.0),0.0 (cmd 0.0)
0.0025,1.29,0.0,0.0,1.82,0.0,0.0,1.8,1.3,0.0 (cmd 0.0),0.0 (cmd 0.0)
0.003,1.32,0.0,0.0,1.78,0.0,0.0,1.8,1.3,0.0 (cmd 0.0),0.0 (cmd 0.0)
0.0035,1.33,0.0,0.0,1.78,0.0,0.0,1.8,1.3,0.0 (cmd 0.0),0.0 (cmd 0.0)
0.004,1.31,0.0,0.0,1.78,0.0,0.0,1.8,1.3,0.0 (cmd 0.0),0.0 (cmd 0.0)
0.0045,1.3,0.0,0.0,1.77,0.0,0.0,1.8,1.3,0.0 (cmd 0.0),0.0 (cmd 0.0)
0.005,1.27,0.0,0.0,1.77,0.0,0.0,1.8,1.3,0.0 (cmd 0.0),0.0 (cmd 0.0)
0.0055,1.27,0.0,0.0,1.77,0.0,0.0,1.8,1.3,0.0 (cmd 0.0),0.0 (cmd 0.0)
0.006,1.31,0.0,0.0,1.78,0.0,0.0,1.8,1.3,0.0 (cmd 0.0),0.0 (cmd 0.0)
0.0065,1.33,0.0,0.0,1.79,0.0,0.0,1.8,1.3,0.0 (cmd 0.0),0.0 (cmd 0.0)
0.007,1.36,0.0,0.0,1.79,0.0,0.0,1.8,1.4,0.0 (cmd 0.0),0.0 (cmd 0.0)
0.0075,1.38,0.0,0.0,1.75,0.0,0.0,1.8,1.4,0.0 (cmd 0.0),0.0 (cmd 0.0)
0.008,1.47,0.0,0.0,1.89,0.0,0.0,1.9,1.5,0.0 (cmd 0.0),0.0 (cmd 0.0)
0.0085,1.69,0.0,0.0,2.11,0.0,0.0,2.1,1.7,0.0 (cmd 0.0),0.0 (cmd 0.0)
0.009,1.87,0.0,0.0,2.27,0.0,0.0,2.3,1.9,0.0 (cmd 0.0),0.0 (cmd 0.0)
0.0095,1.94,0.0,0.0,2.53,0.0,0.0,2.5,1.9,0.0 (cmd 0.0),0.0 (cmd 0.0)
0.01,1.97,0.0,0.0,2.56,0.0,0.0,2.6,2.0,0.0 (cmd 0.0),0.0 (cmd 0.0)
0.0105,1.95,0.0,0.0,2.47,0.0,0.0,2.5,1.9,0.0 (cmd 0.0),0.0 (cmd 0.0)
0.011,1.8,0.0,0.0,2.31,0.0,0.0,2.3,1.8,0.0 (cmd 0.0),0.0 (cmd 0.0)
0.0115,1.63,0.0,0.0,2.26,0.0,0.0,2.3,1.6,0.0 (cmd 0.0),0.0 (cmd 0.0)
0.012,1.85,0.0,0.0,2.35,0.0,0.0,2.4,1.9,0.0 (cmd 0.0),0.0 (cmd 0.0)
0.0125,1.86,0.0,0.0,2.53,0.0,0.0,2.5,1.9,0.0 (cmd 0.0),0.0 (cmd 0.0)
0.013,1.86,0.0,0.0,2.48,0.0,0.0,2.5,1.9,0.0 (cmd 0.0),0.0 (cmd 0.0)
0.0135,1.73,0.0,0.0,2.4,0.0,0.0,2.4,1.7,0.0 (cmd 0.0),0.0 (cmd 0.0)
0.014,1.7,0.0,0.0,2.44,0.0,0.0,2.4,1.7,0.0 (cmd 0.0),0.0 (cmd 0.0)
0.0145,1.75,0.0,0.0,2.45,0.0,0.0,2.5,1.8,0.0 (cmd 0.0),0.0 (cmd 0.0)
0.015,1.74,0.0,0.0,2.46,0.0,0.0,2.5,1.7,0.0 (cmd 0.0),0.0 (cmd 0.0)
0.0155,1.51,0.0,0.0,2.44,0.0,0.0,2.4,1.5,0.0 (cmd 0.0),0.0 (cmd 0.0)
0.016,1.44,0.0,0.0,2.29,0.0,0.0,2.3,1.4,0.0 (cmd 0.0),0.0 (cmd 0.0)
0.0165,1.36,0.0,0.0,2.2,0.0,0.0,2.2,1.4,0.0 (cmd 0.0),0.0 (cmd 0.0)
0.017,1.24,0.0,0.0,2.18,0.0,0.0,2.2,1.2,0.0 (cmd 0.0),0.0 (cmd 0.0)
0.0175,1.2,0.0,0.0,2.09,0.0,0.0,2.1,1.2,0.0 (cmd 0.0),0.0 (cmd 0.0)
0.018,1.06,0.0,0.0,1.97,0.0,0.0,2.0,1.1,0.0 (cmd 0.0),0.0 (cmd 0.0)
0.0185,0.89,0.0,0.0,1.87,0.0,0.0,1.9,0.9,0.0 (cmd 0.0),0.0 (cmd 0.0)
0.019,0.91,0.0,0.0,1.8,0.0,0.0,1.8,0.9,0.0 (cmd 0.0),0.0 (cmd 0.0)
0.0195,0.76,0.0,0.0,1.76,0.0,0.0,1.8,0.8,0.0 (cmd 0.0),0.0 (cmd 0.0)
0.02,0.55,0.0,0.0,1.48,0.0,0.0,1.5,0.6,0.0 (cmd 0.0),0.0 (cmd 0.0)
0.0205,0.43,0.0,0.0,1.23,0.0,0.0,1.2,0.4,0.0 (cmd 0.0),0.0 (cmd 0.0)
0.021,0.31,0.0,0.0,1.11,0.0,0.0,1.1,0.3,0.0 (cmd 0.0),0.0 (cmd 0.0)
0.0215,0.14,0.0,0.0,0.97,0.0,0.0,1.0,0.1,0.0 (cmd 0.0),0.0 (cmd 0.0)
0.022,0.0,0.0,0.0,0.79,0.0,0.0,0.8,0.0,0.0 (cmd 0.0),0.0 (cmd 0.0)
0.0225,-0.11,0.0,0.0,0.67,0.0,0.0,0.7,-0.1,0.0 (cmd 0.0),0.0 (cmd 0.0)
0.023,-0.22,0.0,0.0,0.57,0.0,0.0,0.6,-0.2,0.0 (cmd 0.0),0.0 (cmd 0.0)
0.0235,-0.28,0.0,0.0,0.43,0.0,0.0,0.4,-0.3,0.0 (cmd 0.0),0.0 (cmd 0.0)
0.024,-0.32,0.0,0.0,0.35,0.0,0.0,0.3,-0.3,0.0 (cmd 0.0),0.0 (cmd 0.0)
0.0245,-0.45,0.0,0.0,0.27,0.0,0.0,0.3,-0.5,0.0 (cmd 0.0),0.0 (cmd 0.0)
0.025,-0.58,0.0,0.0,0.07,0.0,0.0,0.1,-0.6,0.0 (cmd 0.0),0.0 (cmd 0.0)
0.0255,-0.69,0.0,0.0,0.0,0.0,0.0,0.0,-0.7,0.0 (cmd 0.0),0.0 (cmd 0.0)
0.026,-0.66,0.0,0.0,-0.01,0.0,0.0,-0.0,-0.7,0.0 (cmd 0.0),0.0 (cmd 0.0)
0.0265,-0.7,0.0,0.0,-0.03,0.0,0.0,-0.0,-0.7,0.0 (cmd 0.0),0.0 (cmd 0.0)
0.027,-0.79,0.0,0.0,-0.08,0.0,0.0,-0.1,-0.8,0.0 (cmd 0.0),0.0 (cmd 0.0)
0.0275,-0.75,0.0,0.0,-0.06,0.0,0.0,-0.1,-0.8,0.0 (cmd 0.0),0.0 (cmd 0.0)
0.028,-0.68,0.0,0.0,-0.04,0.0,0.0,-0.0,-0.7,0.0 (cmd 0.0),0.0 (cmd 0.0)
0.0285,-0.68,0.0,0.0,0.0,0.0,0.0,0.0,-0.7,0.0 (cmd 0.0),0.0 (cmd 0.0)
0.029,-0.67,0.0,0.0,-0.01,0.0,0.0,-0.0,-0.7,0.0 (cmd 0.0),0.0 (cmd 0.0)
0.0295,-0.63,0.0,0.0,-0.02,0.0,0.0,-0.0,-0.6,0.0 (cmd 0.0),0.0 (cmd 0.0)
0.03,-0.63,0.0,0.0,0.01,0.0,0.0,0.0,-0.6,0.0 (cmd 0.0),0.0 (cmd 0.0)
0.0305,-0.56,0.0,0.0,0.05,0.0,0.0,0.1,-0.6,0.0 (cmd 0.0),0.0 (cmd 0.0)
0.031,-0.54,0.0,0.0,0.07,0.0,0.0,0.1,-0.5,0.0 (cmd 0.0),0.0 (cmd 0.0)
0.0315,-0.57,0.0,0.0,0.1,0.0,0.0,0.1,-0.6,0.0 (cmd 0.0),0.0 (cmd 0.0)
0.032,-0.53,0.0,0.0,0.09,0.0,0.0,0.1,-0.5,0.0 (cmd 0.0),0.0 (cmd 0.0)
0.0325,-0.53,0.0,0.0,0.12,0.0,0.0,0.1,-0.5,0.0 (cmd 0.0),0.0 (cmd 0.0)
0.033,-0.53,0.0,0.0,0.15,0.0,0.0,0.1,-0.5,0.0 (cmd 0.0),0.0 (cmd 0.0)
0.0335,-0.51,0.0,0.0,0.12,0.0,0.0,0.1,-0.5,0.0 (cmd 0.0),0.0 (cmd 0.0)
0.034,-0.53,0.0,0.0,0.14,0.0,0.0,0.1,-0.5,0.0 (cmd 0.0),0.0 (cmd 0.0)
0.0345,-0.51,0.0,0.0,0.16,0.0,0.0,0.2,-0.5,0.0 (cmd 0.0),0.0 (cmd 0.0)
0.035,-0.5,0.0,0.0,0.17,0.0,0.0,0.2,-0.5,0.0 (cmd 0.0),0.0 (cmd 0.0)
0.0355,-0.53,0.0,0.0,0.16,0.0,0.0,0.2,-0.5,0.0 (cmd 0.0),0.0 (cmd 0.0)
0.036,-0.52,0.0,0.0,0.16,0.0,0.0,0.2,-0.5,0.0 (cmd 0.0),0.0 (cmd 0.0)
0.0365,-0.48,0.0,0.0,0.18,0.0,0.0,0.2,-0.5,0.0 (cmd 0.0),0.0 (cmd 0.0)
0.037,-0.5,0.0,0.0,0.19,0.0,0.0,0.2,-0.5,0.0 (cmd 0.0),0.0 (cmd 0.0)
0.0375,-0.45,0.0,0.0,0.23,0.0,0.0,0.2,-0.5,0.0 (cmd 0.0),0.0 (cmd 0.0)
0.038,0.08,0.0,0.0,0.75,0.0,0.0,0.8,0.1,0.0 (cmd 0.0),0.0 (cmd 0.0)
0.0385,0.73,0.0,0.0,1.8,0.0,0.0,1.8,0.7,0.0 (cmd 0.0),0.0 (cmd 0.0)
0.039,2.06,0.0,0.0,2.55,0.0,0.0,2.5,2.1,0.0 (cmd 0.0),0.0 (cmd 0.0)
0.0395,3.24,0.0,0.0,3.24,0.0,0.0,3.2,3.2,0.0 (cmd 0.0),0.0 (cmd 0.0)
0.04,2.94,0.0,0.0,3.19,0.0,0.0,3.2,2.9,0.0 (cmd 0.0),0.0 (cmd 0.0)
0.0405,2.63,0.0,0.0,3.2,0.0,0.0,3.2,2.6,0.0 (cmd 0.0),0.0 (cmd 0.0)
0.041,2.72,0.0,0.0,3.18,0.0,0.0,3.2,2.7,0.0 (cmd 0.0),0.0 (cmd 0.0)
0.0417,2.93,0.0,0.0,3.16,0.0,0.0,3.2,2.9,0.0 (cmd 0.0),0.0 (cmd 0.0)
0.042199999999999994,2.87,0.0,0.0,3.26,0.0,0.0,3.3,2.9,0.0 (cmd 0.0),0.0 (cmd 0.0)
0.042699999999999995,1.93,0.0,0.0,2.16,0.0,0.0,2.2,1.9,0.0 (cmd 0.0),0.0 (cmd 0.0)
0.0432,0.92,0.0,0.0,1.52,0.0,0.0,1.5,0.9,0.0 (cmd 0.0),0.0 (cmd 0.0)
0.0437,0.4,0.0,0.0,1.01,0.0,0.0,1.0,0.4,0.0 (cmd 0.0),0.0 (cmd 0.0)
0.0442,0.02,0.0,0.0,0.5,0.0,0.0,0.5,0.0,0.0 (cmd 0.0),0.0 (cmd 0.0)
0.0447,-0.25,0.0,0.0,0.36,0.0,0.0,0.4,-0.2,0.0 (cmd 0.0),0.0 (cmd 0.0)
0.0452,-0.58,0.0,0.0,0.44,0.0,0.0,0.4,-0.6,0.0 (cmd 0.0),0.0 (cmd 0.0)
0.045700000000000005,-0.4,0.0,0.0,0.14,0.0,0.0,0.1,-0.4,0.0 (cmd 0.0),0.0 (cmd 0.0)
0.046200000000000005,-0.33,0.0,0.0,-0.08,0.0,0.0,-0.1,-0.3,0.0 (cmd 0.0),0.0 (cmd 0.0)
0.046700000000000005,-0.74,0.0,0.0,-0.4,0.0,0.0,-0.4,-0.7,0.0 (cmd 0.0),0.0 (cmd 0.0)
0.0472,-1.22,0.0,0.0,-0.73,0.0,0.0,-0.7,-1.2,0.0 (cmd 0.0),0.0 (cmd 0.0)
0.04769999999999999,-1.28,0.0,0.0,-0.78,0.0,0.0,-0.8,-1.3,0.0 (cmd 0.0),0.0 (cmd 0.0)
0.0482,-1.19,0.0,0.0,-0.76,0.0,0.0,-0.8,-1.2,0.0 (cmd 0.0),0.0 (cmd 0.0)
0.0487,-1.07,0.0,0.0,-0.7,0.0,0.0,-0.7,-1.1,0.0 (cmd 0.0),0.0 (cmd 0.0)
0.0492,-0.97,0.0,0.0,-0.66,0.0,0.0,-0.7,-1.0,0.0 (cmd 0.0),0.0 (cmd 0.0)
0.049699999999999994,-0.93,0.0,0.0,-0.7,0.0,0.0,-0.7,-0.9,0.0 (cmd 0.0),0.0 (cmd 0.0)
0.050199999999999995,-0.98,0.0,0.0,-0.71,0.0,0.0,-0.7,-1.0,0.0 (cmd 0.0),0.0 (cmd 0.0)
0.0507,-1.02,0.0,0.0,-0.78,0.0,0.0,-0.8,-1.0,0.0 (cmd 0.0),0.0 (cmd 0.0)
0.0512,-1.06,0.0,0.0,-0.76,0.0,0.0,-0.8,-1.1,0.0 (cmd 0.0),0.0 (cmd 0.0)
0.0517,-1.04,0.0,0.0,-0.76,0.0,0.0,-0.8,-1.0,0.0 (cmd 0.0),0.0 (cmd 0.0)
0.052199999999999996,-1.02,0.0,0.0,-0.79,0.0,0.0,-0.8,-1.0,0.0 (cmd 0.0),0.0 (cmd 0.0)
0.0527,-1.07,0.0,0.0,-0.83,0.0,0.0,-0.8,-1.1,0.0 (cmd 0.0),0.0 (cmd 0.0)
0.053200000000000004,-1.1,0.0,0.0,-0.87,0.0,0.0,-0.9,-1.1,0.0 (cmd 0.0),0.0 (cmd 0.0)
0.053700000000000005,-1.09,0.0,0.0,-0.86,0.0,0.0,-0.9,-1.1,0.0 (cmd 0.0),0.0 (cmd 0.0)
0.054200000000000005,-1.07,0.0,0.0,-0.85,0.0,0.0,-0.8,-1.1,0.0 (cmd 0.0),0.0 (cmd 0.0)
0.0547,-1.06,0.0,0.0,-0.85,0.0,0.0,-0.8,-1.1,0.0 (cmd 0.0),0.0 (cmd 0.0)
0.0552,-1.06,0.0,0.0,-0.86,0.0,0.0,-0.9,-1.1,0.0 (cmd 0.0),0.0 (cmd 0.0)
0.0557,-1.07,0.0,0.0,-0.85,0.0,0.0,-0.8,-1.1,0.0 (cmd 0.0),0.0 (cmd 0.0)
0.0562,-1.04,0.0,0.0,-0.81,0.0,0.0,-0.8,-1.0,0.0 (cmd 0.0),0.0 (cmd 0.0)
0.0567,-0.93,0.0,0.0,-0.76,0.0,0.0,-0.8,-0.9,0.0 (cmd 0.0),0.0 (cmd 0.0)
0.057199999999999994,-0.61,0.0,0.0,-0.56,0.0,0.0,-0.6,-0.6,0.0 (cmd 0.0),0.0 (cmd 0.0)
0.057699999999999994,-0.04,0.0,0.0,-0.27,0.0,0.0,-0.3,-0.0,0.0 (cmd 0.0),0.0 (cmd 0.0)
0.0582,-0.03,0.0,0.0,-0.04,0.0,0.0,-0.0,-0.0,0.0 (cmd 0.0),0.0 (cmd 0.0)
0.0587,-0.35,0.0,0.0,0.0,0.0,0.0,0.0,-0.3,0.0 (cmd 0.0),0.0 (cmd 0.0)
0.0592,-0.43,0.0,0.0,-0.38,0.0,0.0,-0.4,-0.4,0.0 (cmd 0.0),0.0 (cmd 0.0)
0.059699999999999996,-0.39,0.0,0.0,-0.23,0.0,0.0,-0.2,-0.4,0.0 (cmd 0.0),0.0 (cmd 0.0)
0.0602,-0.26,0.0,0.0,-0.08,0.0,0.0,-0.1,-0.3,0.0 (cmd 0.0),0.0 (cmd 0.0)
0.060700000000000004,-0.07,0.0,0.0,-0.1,0.0,0.0,-0.1,-0.1,0.0 (cmd 0.0),0.0 (cmd 0.0)
0.061200000000000004,-0.14,0.0,0.0,-0.23,0.0,0.0,-0.2,-0.1,0.0 (cmd 0.0),0.0 (cmd 0.0)
0.061700000000000005,-0.35,0.0,0.0,-0.22,0.0,0.0,-0.2,-0.3,0.0 (cmd 0.0),0.0 (cmd 0.0)
0.0622,-0.29,0.0,0.0,-0.3,0.0,0.0,-0.3,-0.3,0.0 (cmd 0.0),0.0 (cmd 0.0)
0.06269999999999999,-0.26,0.0,0.0,-0.24,0.0,0.0,-0.2,-0.3,0.0 (cmd 0.0),0.0 (cmd 0.0)
0.0632,-0.43,0.0,0.0,-0.17,0.0,0.0,-0.2,-0.4,0.0 (cmd 0.0),0.0 (cmd 0.0)
0.0637,0.14,0.0,0.0,0.01,0.0,0.0,0.0,0.1,0.0 (cmd 0.0),0.0 (cmd 0.0)
0.06420000000000001,1.55,0.0,0.0,0.08,0.0,0.0,0.1,1.6,0.0 (cmd 0.0),0.0 (cmd 0.0)
0.06470000000000001,5.43,0.0,0.0,-0.35,0.0,0.0,-0.3,5.4,0.0 (cmd 0.0),0.0 (cmd 0.0)
0.0652,11.66,0.0,0.0,-0.16,0.0,0.0,-0.2,11.7,0.0 (cmd 0.0),0.0 (cmd 0.0)
0.06570000000000001,18.59,0.0,0.0,0.14,0.0,0.0,0.1,18.6,0.0 (cmd 0.0),0.0 (cmd 0.0)
0.06620000000000001,21.19,0.0,0.0,1.0,0.0,0.0,1.0,21.2,0.0 (cmd 0.0),0.0 (cmd 0.0)
0.06670000000000001,23.53,0.0,0.0,0.03,0.0,0.0,0.0,23.5,0.0 (cmd 0.0),0.0 (cmd 0.0)
0.06720000000000001,25.61,0.0,0.0,0.02,0.0,0.0,0.0,25.6,0.0 (cmd 0.0),0.0 (cmd 0.0)
0.06769999999999998,30.12,0.0,0.0,0.69,0.0,0.0,0.7,30.1,0.0 (cmd 0.0),0.0 (cmd 0.0)
0.0682,35.3,0.0,0.0,0.95,0.0,0.0,0.9,35.3,0.0 (cmd 0.0),0.0 (cmd 0.0)
0.0687,38.1,0.0,0.0,0.73,0.0,0.0,0.7,38.1,0.0 (cmd 0.0),0.0 (cmd 0.0)
0.0692,40.25,0.0,0.0,0.48,0.0,0.0,0.5,40.2,0.0 (cmd 0.0),0.0 (cmd 0.0)
0.0697,39.5,0.0,0.0,0.68,0.0,0.0,0.7,39.5,0.0 (cmd 0.0),0.0 (cmd 0.0)
0.07019999999999998,38.02,0.0,0.0,0.39,0.0,0.0,0.4,38.0,0.0 (cmd 0.0),0.0 (cmd 0.0)
0.0707,35.12,0.0,0.0,0.15,0.0,0.0,0.1,35.1,0.0 (cmd 0.0),0.0 (cmd 0.0)
0.0712,33.36,0.0,0.0,-0.18,0.0,0.0,-0.2,33.4,0.0 (cmd 0.0),0.0 (cmd 0.0)
0.0717,32.58,0.0,0.0,-0.45,0.0,0.0,-0.5,32.6,0.0 (cmd 0.0),0.0 (cmd 0.0)
0.0722,32.28,0.0,0.0,-0.5,0.0,0.0,-0.5,32.3,0.0 (cmd 0.0),0.0 (cmd 0.0)
0.07269999999999999,32.39,0.0,0.0,-0.48,0.0,0.0,-0.5,32.4,0.0 (cmd 0.0),0.0 (cmd 0.0)
0.0732,32.49,0.0,0.0,-0.41,0.0,0.0,-0.4,32.5,0.0 (cmd 0.0),0.0 (cmd 0.0)
0.0737,32.09,0.0,0.0,-0.43,0.0,0.0,-0.4,32.1,0.0 (cmd 0.0),0.0 (cmd 0.0)
0.0742,31.64,0.0,0.0,-0.59,0.0,0.0,-0.6,31.6,0.0 (cmd 0.0),0.0 (cmd 0.0)
0.0747,27.77,0.0,0.0,-0.43,0.0,0.0,-0.4,27.8,0.0 (cmd 0.0),0.0 (cmd 0.0)
0.07519999999999999,21.59,0.0,0.0,-0.63,0.0,0.0,-0.6,21.6,0.0 (cmd 0.0),0.0 (cmd 0.0)
0.0757,16.01,0.0,0.0,-0.77,0.0,0.0,-0.8,16.0,0.0 (cmd 0.0),0.0 (cmd 0.0)
0.0762,12.6,0.0,0.0,-0.58,0.0,0.0,-0.6,12.6,0.0 (cmd 0.0),0.0 (cmd 0.0)
0.0767,10.12,0.0,0.0,-0.78,0.0,0.0,-0.8,10.1,0.0 (cmd 0.0),0.0 (cmd 0.0)
0.0772,9.77,0.0,0.0,-0.74,0.0,0.0,-0.7,9.8,0.0 (cmd 0.0),0.0 (cmd 0.0)
0.07769999999999999,10.57,0.0,0.0,-0.59,0.0,0.0,-0.6,10.6,0.0 (cmd 0.0),0.0 (cmd 0.0)
0.0782,12.03,0.0,0.0,-0.47,0.0,0.0,-0.5,12.0,0.0 (cmd 0.0),0.0 (cmd 0.0)
0.0787,12.61,0.0,0.0,-0.17,0.0,0.0,-0.2,12.6,0.0 (cmd 0.0),0.0 (cmd 0.0)
0.0792,11.85,0.0,0.0,-0.24,0.0,0.0,-0.2,11.8,0.0 (cmd 0.0),0.0 (cmd 0.0)
0.07970000000000001,11.68,0.0,0.0,-0.66,0.0,0.0,-0.7,11.7,0.0 (cmd 0.0),0.0 (cmd 0.0)
0.0802,12.06,0.0,0.0,-0.51,0.0,0.0,-0.5,12.1,0.0 (cmd 0.0),0.0 (cmd 0.0)
0.08070000000000001,12.88,0.0,0.0,-0.32,0.0,0.0,-0.3,12.9,0.0 (cmd 0.0),0.0 (cmd 0.0)
0.0812,13.8,0.0,0.0,-0.24,0.0,0.0,-0.2,13.8,0.0 (cmd 0.0),0.0 (cmd 0.0)
0.08170000000000001,15.5,0.0,0.0,-0.18,0.0,0.0,-0.2,15.5,0.0 (cmd 0.0),0.0 (cmd 0.0)
0.08220000000000001,18.52,0.0,0.0,0.29,0.0,0.0,0.3,18.5,0.0 (cmd 0.0),0.0 (cmd 0.0)
0.08269999999999998,21.49,0.0,0.0,0.43,0.0,0.0,0.4,21.5,0.0 (cmd 0.0),0.0 (cmd 0.0)
0.0832,22.05,0.0,0.0,0.4,0.0,0.0,0.4,22.1,0.0 (cmd 0.0),0.0 (cmd 0.0)
0.08369999999999998,21.91,0.0,0.0,0.46,0.0,0.0,0.5,21.9,0.0 (cmd 0.0),0.0 (cmd 0.0)
0.0842,22.55,0.0,0.0,0.77,0.0,0.0,0.8,22.6,0.0 (cmd 0.0),0.0 (cmd 0.0)
0.0847,23.28,0.0,0.0,1.16,0.0,0.0,1.2,23.3,0.0 (cmd 0.0),0.0 (cmd 0.0)
0.08519999999999998,24.27,0.0,0.0,2.48,0.0,0.0,2.5,24.3,0.0 (cmd 0.0),0.0 (cmd 0.0)
0.0857,25.69,0.0,0.0,4.36,0.0,0.0,4.4,25.7,0.0 (cmd 0.0),0.0 (cmd 0.0)
0.08619999999999998,27.49,0.0,0.0,4.86,0.0,0.0,4.9,27.5,0.0 (cmd 0.0),0.0 (cmd 0.0)
0.0867,30.27,0.0,0.0,4.95,0.0,0.0,5.0,30.3,0.0 (cmd 0.0),0.0 (cmd 0.0)
0.0872,34.09,0.0,0.0,4.56,0.0,0.0,4.6,34.1,0.0 (cmd 0.0),0.0 (cmd 0.0)
0.08769999999999999,39.71,0.0,0.0,4.05,0.0,0.0,4.0,39.7,0.0 (cmd 0.0),0.0 (cmd 0.0)
0.0882,44.08,0.0,0.0,3.66,0.0,0.0,3.7,44.1,0.0 (cmd 0.0),0.0 (cmd 0.0)
0.08869999999999999,49.88,0.0,0.0,3.09,0.0,0.0,3.1,49.9,0.0 (cmd 0.0),0.0 (cmd 0.0)
0.0892,54.7,0.0,0.0,3.02,0.0,0.0,3.0,54.7,0.0 (cmd 0.0),0.0 (cmd 0.0)
0.0897,62.47,0.0,0.0,3.24,0.0,0.0,3.2,62.5,0.0 (cmd 0.0),0.0 (cmd 0.0)
0.09019999999999999,66.68,0.0,0.0,3.78,0.0,0.0,3.8,66.7,0.0 (cmd 0.0),0.0 (cmd 0.0)
0.0907,72.2,0.0,0.0,4.17,0.0,0.0,4.2,72.2,0.0 (cmd 0.0),0.0 (cmd 0.0)
0.09119999999999999,78.08,0.0,0.0,3.8,0.0,0.0,3.8,78.1,0.0 (cmd 0.0),0.0 (cmd 0.0)
0.0917,81.1,0.0,0.0,3.69,0.0,0.0,3.7,81.1,0.0 (cmd 0.0),0.0 (cmd 0.0)
0.0922,84.06,0.0,0.0,3.97,0.0,0.0,4.0,84.1,0.0 (cmd 0.0),0.0 (cmd 0.0)
0.09269999999999999,86.99,0.0,0.0,4.08,0.0,0.0,4.1,87.0,0.0 (cmd 0.0),0.0 (cmd 0.0)
0.0932,89.91,0.0,0.0,3.97,0.0,0.0,4.0,89.9,0.0 (cmd 0.0),0.0 (cmd 0.0)
0.09369999999999999,-267.18,0.0,0.0,4.03,0.0,0.0,4.0,-267.2,0.0 (cmd 0.0),0.0 (cmd 0.0)
0.0942,-263.14,0.0,0.0,3.84,0.0,0.0,3.8,-263.1,0.0 (cmd 0.0),0.0 (cmd 0.0)
0.0947,-258.04,0.0,0.0,3.75,0.0,0.0,3.8,-258.0,0.0 (cmd 0.0),0.0 (cmd 0.0)
0.09519999999999999,-254.85,0.0,0.0,3.72,0.0,0.0,3.7,-254.8,0.0 (cmd 0.0),0.0 (cmd 0.0)
0.09570000000000001,-252.08,0.0,0.0,3.62,0.0,0.0,3.6,-252.1,0.0 (cmd 0.0),0.0 (cmd 0.0)
0.0962,-248.47,0.0,0.0,3.39,0.0,0.0,3.4,-248.5,0.0 (cmd 0.0),0.0 (cmd 0.0)
0.09670000000000001,-246.5,0.0,0.0,3.33,0.0,0.0,3.3,-246.5,0.0 (cmd 0.0),0.0 (cmd 0.0)
0.09720000000000001,-245.3,0.0,0.0,3.39,0.0,0.0,3.4,-245.3,0.0 (cmd 0.0),0.0 (cmd 0.0)
0.0977,-243.96,0.0,0.0,3.41,0.0,0.0,3.4,-244.0,0.0 (cmd 0.0),0.0 (cmd 0.0)
0.09820000000000001,-242.32,0.0,0.0,3.33,0.0,0.0,3.3,-242.3,0.0 (cmd 0.0),0.0 (cmd 0.0)
0.09869999999999998,-241.11,0.0,0.0,3.22,0.0,0.0,3.2,-241.1,0.0 (cmd 0.0),0.0 (cmd 0.0)
0.0992,-239.05,0.0,0.0,3.18,0.0,0.0,3.2,-239.1,0.0 (cmd 0.0),0.0 (cmd 0.0)
0.0997,-235.81,0.0,0.0,3.07,0.0,0.0,3.1,-235.8,0.0 (cmd 0.0),0.0 (cmd 0.0)
0.10019999999999998,-232.78,0.0,0.0,3.06,0.0,0.0,3.1,-232.8,0.0 (cmd 0.0),0.0 (cmd 0.0)
0.1007,-230.88,0.0,0.0,3.12,0.0,0.0,3.1,-230.9,0.0 (cmd 0.0),0.0 (cmd 0.0)
0.10119999999999998,-229.63,0.0,0.0,3.08,0.0,0.0,3.1,-229.6,0.0 (cmd 0.0),0.0 (cmd 0.0)
0.1017,-229.84,0.0,0.0,3.01,0.0,0.0,3.0,-229.8,0.0 (cmd 0.0),0.0 (cmd 0.0)
0.1022,-230.56,0.0,0.0,2.94,0.0,0.0,2.9,-230.6,0.0 (cmd 0.0),0.0 (cmd 0.0)
0.10269999999999999,-231.8,0.0,0.0,2.71,0.0,0.0,2.7,-231.8,0.0 (cmd 0.0),0.0 (cmd 0.0)
0.1032,-233.95,0.0,0.0,1.92,0.0,0.0,1.9,-233.9,0.0 (cmd 0.0),0.0 (cmd 0.0)
0.10369999999999999,-234.48,0.0,0.0,1.53,0.0,0.0,1.5,-234.5,0.0 (cmd 0.0),0.0 (cmd 0.0)
0.1042,-235.17,0.0,0.0,1.87,0.0,0.0,1.9,-235.2,0.0 (cmd 0.0),0.0 (cmd 0.0)
0.1047,-236.32,0.0,0.0,1.84,0.0,0.0,1.8,-236.3,0.0 (cmd 0.0),0.0 (cmd 0.0)
0.10519999999999999,-238.12,0.0,0.0,1.79,0.0,0.0,1.8,-238.1,0.0 (cmd 0.0),0.0 (cmd 0.0)
0.1057,-242.08,0.0,0.0,1.75,0.0,0.0,1.8,-242.1,0.0 (cmd 0.0),0.0 (cmd 0.0)
0.10619999999999999,-246.74,0.0,0.0,1.79,0.0,0.0,1.8,-246.7,0.0 (cmd 0.0),0.0 (cmd 0.0)
0.1067,-252.55,0.0,0.0,1.76,0.0,0.0,1.8,-252.6,0.0 (cmd 0.0),0.0 (cmd 0.0)
0.1072,-259.16,0.0,0.0,1.86,0.0,0.0,1.9,-259.2,0.0 (cmd 0.0),0.0 (cmd 0.0)
0.10769999999999999,-266.41,0.0,0.0,1.72,0.0,0.0,1.7,-266.4,0.0 (cmd 0.0),0.0 (cmd 0.0)
0.1082,85.83,0.0,0.0,1.65,0.0,0.0,1.6,85.8,0.0 (cmd 0.0),0.0 (cmd 0.0)
0.10869999999999999,80.26,0.0,0.0,1.97,0.0,0.0,2.0,80.3,0.0 (cmd 0.0),0.0 (cmd 0.0)
0.1092,77.73,0.0,0.0,2.03,0.0,0.0,2.0,77.7,0.0 (cmd 0.0),0.0 (cmd 0.0)
0.1097,74.16,0.0,0.0,1.75,0.0,0.0,1.8,74.2,0.0 (cmd 0.0),0.0 (cmd 0.0)
0.11019999999999999,68.93,0.0,0.0,1.92,0.0,0.0,1.9,68.9,0.0 (cmd 0.0),0.0 (cmd 0.0)
0.1107,64.77,0.0,0.0,1.8,0.0,0.0,1.8,64.8,0.0 (cmd 0.0),0.0 (cmd 0.0)
0.1112,62.53,0.0,0.0,1.62,0.0,0.0,1.6,62.5,0.0 (cmd 0.0),0.0 (cmd 0.0)
0.11170000000000001,59.39,0.0,0.0,1.62,0.0,0.0,1.6,59.4,0.0 (cmd 0.0),0.0 (cmd 0.0)
0.11220000000000001,57.04,0.0,0.0,1.72,0.0,0.0,1.7,57.0,0.0 (cmd 0.0),0.0 (cmd 0.0)
0.1127,56.0,0.0,0.0,1.78,0.0,0.0,1.8,56.0,0.0 (cmd 0.0),0.0 (cmd 0.0)
0.11320000000000001,54.79,0.0,0.0,1.65,0.0,0.0,1.6,54.8,0.0 (cmd 0.0),0.0 (cmd 0.0)
0.1137,53.28,0.0,0.0,1.53,0.0,0.0,1.5,53.3,0.0 (cmd 0.0),0.0 (cmd 0.0)
0.1142,51.51,0.0,0.0,1.68,0.0,0.0,1.7,51.5,0.0 (cmd 0.0),0.0 (cmd 0.0)
0.1147,49.84,0.0,0.0,1.56,0.0,0.0,1.6,49.8,0.0 (cmd 0.0),0.0 (cmd 0.0)
0.11519999999999998,47.11,0.0,0.0,1.56,0.0,0.0,1.6,47.1,0.0 (cmd 0.0),0.0 (cmd 0.0)
0.1157,44.0,0.0,0.0,1.46,0.0,0.0,1.5,44.0,0.0 (cmd 0.0),0.0 (cmd 0.0)
0.11619999999999998,41.08,0.0,0.0,1.4,0.0,0.0,1.4,41.1,0.0 (cmd 0.0),0.0 (cmd 0.0)
0.1167,37.1,0.0,0.0,1.35,0.0,0.0,1.4,37.1,0.0 (cmd 0.0),0.0 (cmd 0.0)
0.1172,31.89,0.0,0.0,1.2,0.0,0.0,1.2,31.9,0.0 (cmd 0.0),0.0 (cmd 0.0)
0.11769999999999999,29.56,0.0,0.0,1.09,0.0,0.0,1.1,29.6,0.0 (cmd 0.0),0.0 (cmd 0.0)
0.1182,27.36,0.0,0.0,0.97,0.0,0.0,1.0,27.4,0.0 (cmd 0.0),0.0 (cmd 0.0)
0.11869999999999999,26.34,0.0,0.0,0.79,0.0,0.0,0.8,26.3,0.0 (cmd 0.0),0.0 (cmd 0.0)
0.1192,26.0,0.0,0.0,0.68,0.0,0.0,0.7,26.0,0.0 (cmd 0.0),0.0 (cmd 0.0)
0.1197,25.92,0.0,0.0,0.56,0.0,0.0,0.6,25.9,0.0 (cmd 0.0),0.0 (cmd 0.0)
0.12019999999999999,25.65,0.0,0.0,0.57,0.0,0.0,0.6,25.6,0.0 (cmd 0.0),0.0 (cmd 0.0)
0.1207,25.05,0.0,0.0,0.4,0.0,0.0,0.4,25.1,0.0 (cmd 0.0),0.0 (cmd 0.0)
0.12119999999999999,24.42,0.0,0.0,0.22,0.0,0.0,0.2,24.4,0.0 (cmd 0.0),0.0 (cmd 0.0)
0.1217,23.9,0.0,0.0,0.12,0.0,0.0,0.1,23.9,0.0 (cmd 0.0),0.0 (cmd 0.0)
0.1222,23.46,0.0,0.0,0.15,0.0,0.0,0.1,23.5,0.0 (cmd 0.0),0.0 (cmd 0.0)
0.12269999999999999,23.83,0.0,0.0,-0.07,0.0,0.0,-0.1,23.8,0.0 (cmd 0.0),0.0 (cmd 0.0)
0.1232,24.07,0.0,0.0,0.0,0.0,0.0,0.0,24.1,0.0 (cmd 0.0),0.0 (cmd 0.0)
0.12369999999999999,24.32,0.0,0.0,0.13,0.0,0.0,0.1,24.3,0.0 (cmd 0.0),0.0 (cmd 0.0)
0.1242,24.47,0.0,0.0,0.06,0.0,0.0,0.1,24.5,0.0 (cmd 0.0),0.0 (cmd 0.0)
0.1247,24.5,0.0,0.0,0.07,0.0,0.0,0.1,24.5,0.0 (cmd 0.0),0.0 (cmd 0.0)
0.12519999999999998,24.5,0.0,0.0,0.09,0.0,0.0,0.1,24.5,0.0 (cmd 0.0),0.0 (cmd 0.0)
0.1257,24.81,0.0,0.0,0.0,0.0,0.0,0.0,24.8,0.0 (cmd 0.0),0.0 (cmd 0.0)
0.12619999999999998,25.16,0.0,0.0,0.1,0.0,0.0,0.1,25.2,0.0 (cmd 0.0),0.0 (cmd 0.0)
0.1267,25.28,0.0,0.0,0.08,0.0,0.0,0.1,25.3,0.0 (cmd 0.0),0.0 (cmd 0.0)
0.1272,25.23,0.0,0.0,0.03,0.0,0.0,0.0,25.2,0.0 (cmd 0.0),0.0 (cmd 0.0)
0.12769999999999998,24.94,0.0,0.0,0.07,0.0,0.0,0.1,24.9,0.0 (cmd 0.0),0.0 (cmd 0.0)
0.12819999999999998,24.77,0.0,0.0,0.07,0.0,0.0,0.1,24.8,0.0 (cmd 0.0),0.0 (cmd 0.0)
0.12869999999999998,24.8,0.0,0.0,0.02,0.0,0.0,0.0,24.8,0.0 (cmd 0.0),0.0 (cmd 0.0)
0.12919999999999998,24.74,0.0,0.0,0.08,0.0,0.0,0.1,24.7,0.0 (cmd 0.0),0.0 (cmd 0.0)
0.1297,24.79,0.0,0.0,0.02,0.0,0.0,0.0,24.8,0.0 (cmd 0.0),0.0 (cmd 0.0)
0.13019999999999998,24.92,0.0,0.0,0.01,0.0,0.0,0.0,24.9,0.0 (cmd 0.0),0.0 (cmd 0.0)
0.13069999999999998,24.95,0.0,0.0,0.07,0.0,0.0,0.1,24.9,0.0 (cmd 0.0),0.0 (cmd 0.0)
0.13119999999999998,24.81,0.0,0.0,0.03,0.0,0.0,0.0,24.8,0.0 (cmd 0.0),0.0 (cmd 0.0)
0.13169999999999998,24.52,0.0,0.0,0.03,0.0,0.0,0.0,24.5,0.0 (cmd 0.0),0.0 (cmd 0.0)
0.1322,24.24,0.0,0.0,0.04,0.0,0.0,0.0,24.2,0.0 (cmd 0.0),0.0 (cmd 0.0)
0.13269999999999998,23.87,0.0,0.0,0.03,0.0,0.0,0.0,23.9,0.0 (cmd 0.0),0.0 (cmd 0.0)
0.13319999999999999,23.96,0.0,0.0,-0.02,0.0,0.0,-0.0,24.0,0.0 (cmd 0.0),0.0 (cmd 0.0)
0.13369999999999999,24.1,0.0,0.0,0.02,0.0,0.0,0.0,24.1,0.0 (cmd 0.0),0.0 (cmd 0.0)
0.13419999999999999,24.14,0.0,0.0,0.02,0.0,0.0,0.0,24.1,0.0 (cmd 0.0),0.0 (cmd 0.0)
0.13470000000000001,24.13,0.0,0.0,0.01,0.0,0.0,0.0,24.1,0.0 (cmd 0.0),0.0 (cmd 0.0)
0.1352,24.22,0.0,0.0,0.03,0.0,0.0,0.0,24.2,0.0 (cmd 0.0),0.0 (cmd 0.0)
0.1357,24.48,0.0,0.0,0.0,0.0,0.0,0.0,24.5,0.0 (cmd 0.0),0.0 (cmd 0.0)
0.1362,24.65,0.0,0.0,0.02,0.0,0.0,0.0,24.6,0.0 (cmd 0.0),0.0 (cmd 0.0)
0.1367,24.65,0.0,0.0,0.02,0.0,0.0,0.0,24.6,0.0 (cmd 0.0),0.0 (cmd 0.0)
0.13720000000000002,24.5,0.0,0.0,0.03,0.0,0.0,0.0,24.5,0.0 (cmd 0.0),0.0 (cmd 0.0)
0.1377,24.37,0.0,0.0,0.02,0.0,0.0,0.0,24.4,0.0 (cmd 0.0),0.0 (cmd 0.0)
0.1382,24.43,0.0,0.0,0.0,0.0,0.0,0.0,24.4,0.0 (cmd 0.0),0.0 (cmd 0.0)
0.1387,24.44,0.0,0.0,0.05,0.0,0.0,0.1,24.4,0.0 (cmd 0.0),0.0 (cmd 0.0)
0.1392,24.38,0.0,0.0,0.05,0.0,0.0,0.1,24.4,0.0 (cmd 0.0),0.0 (cmd 0.0)
0.13970000000000002,24.31,0.0,0.0,0.03,0.0,0.0,0.0,24.3,0.0 (cmd 0.0),0.0 (cmd 0.0)
0.1402,24.36,0.0,0.0,0.05,0.0,0.0,0.1,24.4,0.0 (cmd 0.0),0.0 (cmd 0.0)
0.1407,24.4,0.0,0.0,0.05,0.0,0.0,0.1,24.4,0.0 (cmd 0.0),0.0 (cmd 0.0)
0.1412,24.37,0.0,0.0,0.05,0.0,0.0,0.1,24.4,0.0 (cmd 0.0),0.0 (cmd 0.0)
0.1417,24.36,0.0,0.0,0.05,0.0,0.0,0.1,24.4,0.0 (cmd 0.0),0.0 (cmd 0.0)
0.14220000000000002,24.37,0.0,0.0,0.07,0.0,0.0,0.1,24.4,0.0 (cmd 0.0),0.0 (cmd 0.0)
0.1427,24.38,0.0,0.0,0.06,0.0,0.0,0.1,24.4,0.0 (cmd 0.0),0.0 (cmd 0.0)
0.1432,24.35,0.0,0.0,0.05,0.0,0.0,0.1,24.4,0.0 (cmd 0.0),0.0 (cmd 0.0)
0.1437,24.37,0.0,0.0,0.05,0.0,0.0,0.1,24.4,0.0 (cmd 0.0),0.0 (cmd 0.0)
0.1442,24.38,0.0,0.0,0.06,0.0,0.0,0.1,24.4,0.0 (cmd 0.0),0.0 (cmd 0.0)
0.14470000000000002,24.36,0.0,0.0,0.05,0.0,0.0,0.1,24.4,0.0 (cmd 0.0),0.0 (cmd 0.0)
0.1452,24.33,0.0,0.0,0.01,0.0,0.0,0.0,24.3,0.0 (cmd 0.0),0.0 (cmd 0.0)
0.1457,24.34,0.0,0.0,0.0,0.0,0.0,0.0,24.3,0.0 (cmd 0.0),0.0 (cmd 0.0)
0.1462,24.32,0.0,0.0,-0.02,0.0,0.0,-0.0,24.3,0.0 (cmd 0.0),0.0 (cmd 0.0)
0.1467,24.3,0.0,0.0,-0.03,0.0,0.0,-0.0,24.3,0.0 (cmd 0.0),0.0 (cmd 0.0)
0.14720000000000003,24.3,0.0,0.0,-0.05,0.0,0.0,-0.1,24.3,0.0 (cmd 0.0),0.0 (cmd 0.0)
0.1477,24.3,0.0,0.0,-0.06,0.0,0.0,-0.1,24.3,0.0 (cmd 0.0),0.0 (cmd 0.0)
0.1482,24.26,0.0,0.0,-0.08,0.0,0.0,-0.1,24.3,0.0 (cmd 0.0),0.0 (cmd 0.0)
0.1487,24.23,0.0,0.0,-0.09,0.0,0.0,-0.1,24.2,0.0 (cmd 0.0),0.0 (cmd 0.0)
0.1492,24.23,0.0,0.0,-0.1,0.0,0.0,-0.1,24.2,0.0 (cmd 0.0),0.0 (cmd 0.0)
0.14970000000000003,24.24,0.0,0.0,-0.1,0.0,0.0,-0.1,24.2,0.0 (cmd 0.0),0.0 (cmd 0.0)
0.1502,24.21,0.0,0.0,-0.11,0.0,0.0,-0.1,24.2,0.0 (cmd 0.0),0.0 (cmd 0.0)
0.1507,24.19,0.0,0.0,-0.12,0.0,0.0,-0.1,24.2,0.0 (cmd 0.0),0.0 (cmd 0.0)
0.1512,24.21,0.0,0.0,-0.12,0.0,0.0,-0.1,24.2,0.0 (cmd 0.0),0.0 (cmd 0.0)
0.1517,24.21,0.0,0.0,-0.13,0.0,0.0,-0.1,24.2,0.0 (cmd 0.0),0.0 (cmd 0.0)
0.15220000000000003,24.22,0.0,0.0,-0.13,0.0,0.0,-0.1,24.2,0.0 (cmd 0.0),0.0 (cmd 0.0)
0.1527,24.23,0.0,0.0,-0.14,0.0,0.0,-0.1,24.2,0.0 (cmd 0.0),0.0 (cmd 0.0)
0.15319999999999998,24.22,0.0,0.0,-0.14,0.0,0.0,-0.1,24.2,0.0 (cmd 0.0),0.0 (cmd 0.0)
0.15369999999999998,24.22,0.0,0.0,-0.14,0.0,0.0,-0.1,24.2,0.0 (cmd 0.0),0.0 (cmd 0.0)
0.15419999999999998,24.25,0.0,0.0,-0.14,0.0,0.0,-0.1,24.2,0.0 (cmd 0.0),0.0 (cmd 0.0)
0.1547,24.24,0.0,0.0,-0.14,0.0,0.0,-0.1,24.2,0.0 (cmd 0.0),0.0 (cmd 0.0)
0.15519999999999998,24.24,0.0,0.0,-0.15,0.0,0.0,-0.1,24.2,0.0 (cmd 0.0),0.0 (cmd 0.0)
0.15569999999999998,24.25,0.0,0.0,-0.15,0.0,0.0,-0.1,24.2,0.0 (cmd 0.0),0.0 (cmd 0.0)
0.15619999999999998,24.26,0.0,0.0,-0.15,0.0,0.0,-0.1,24.3,0.0 (cmd 0.0),0.0 (cmd 0.0)
0.15669999999999998,24.26,0.0,0.0,-0.15,0.0,0.0,-0.1,24.3,0.0 (cmd 0.0),0.0 (cmd 0.0)
0.1572,24.27,0.0,0.0,-0.15,0.0,0.0,-0.1,24.3,0.0 (cmd 0.0),0.0 (cmd 0.0)
0.15769999999999998,24.27,0.0,0.0,-0.15,0.0,0.0,-0.1,24.3,0.0 (cmd 0.0),0.0 (cmd 0.0)
0.15819999999999998,24.27,0.0,0.0,-0.15,0.0,0.0,-0.1,24.3,0.0 (cmd 0.0),0.0 (cmd 0.0)
0.15869999999999998,24.26,0.0,0.0,-0.14,0.0,0.0,-0.1,24.3,0.0 (cmd 0.0),0.0 (cmd 0.0)
0.15919999999999998,24.26,0.0,0.0,-0.14,0.0,0.0,-0.1,24.3,0.0 (cmd 0.0),0.0 (cmd 0.0)
0.1597,24.26,0.0,0.0,-0.14,0.0,0.0,-0.1,24.3,0.0 (cmd 0.0),0.0 (cmd 0.0)
0.16019999999999998,24.26,0.0,0.0,-0.14,0.0,0.0,-0.1,24.3,0.0 (cmd 0.0),0.0 (cmd 0.0)
0.16069999999999998,24.26,0.0,0.0,-0.14,0.0,0.0,-0.1,24.3,0.0 (cmd 0.0),0.0 (cmd 0.0)
0.1612,24.26,0.0,0.0,-0.14,0.0,0.0,-0.1,24.3,0.0 (cmd 0.0),0.0 (cmd 0.0)
0.1617,24.26,0.0,0.0,-0.13,0.0,0.0,-0.1,24.3,0.0 (cmd 0.0),0.0 (cmd 0.0)
0.16219999999999998,24.25,0.0,0.0,-0.13,0.0,0.0,-0.1,24.2,0.0 (cmd 0.0),0.0 (cmd 0.0)
0.16269999999999998,24.24,0.0,0.0,-0.13,0.0,0.0,-0.1,24.2,0.0 (cmd 0.0),0.0 (cmd 0.0)
0.16319999999999998,24.24,0.0,0.0,-0.13,0.0,0.0,-0.1,24.2,0.0 (cmd 0.0),0.0 (cmd 0.0)
0.1637,24.24,0.0,0.0,-0.12,0.0,0.0,-0.1,24.2,0.0 (cmd 0.0),0.0 (cmd 0.0)
0.1642,24.27,0.0,0.0,-0.12,0.0,0.0,-0.1,24.3,0.0 (cmd 0.0),0.0 (cmd 0.0)
0.16469999999999999,24.26,0.0,0.0,-0.11,0.0,0.0,-0.1,24.3,0.0 (cmd 0.0),0.0 (cmd 0.0)
0.16519999999999999,24.24,0.0,0.0,-0.11,0.0,0.0,-0.1,24.2,0.0 (cmd 0.0),0.0 (cmd 0.0)
0.1657,24.24,0.0,0.0,-0.11,0.0,0.0,-0.1,24.2,0.0 (cmd 0.0),0.0 (cmd 0.0)
0.16620000000000001,24.25,0.0,0.0,-0.1,0.0,0.0,-0.1,24.2,0.0 (cmd 0.0),0.0 (cmd 0.0)
0.16670000000000001,24.23,0.0,0.0,-0.11,0.0,0.0,-0.1,24.2,0.0 (cmd 0.0),0.0 (cmd 0.0)
0.1672,24.22,0.0,0.0,-0.11,0.0,0.0,-0.1,24.2,0.0 (cmd 0.0),0.0 (cmd 0.0)
0.1677,24.2,0.0,0.0,-0.11,0.0,0.0,-0.1,24.2,0.0 (cmd 0.0),0.0 (cmd 0.0)
0.1682,24.19,0.0,0.0,-0.13,0.0,0.0,-0.1,24.2,0.0 (cmd 0.0),0.0 (cmd 0.0)
0.16870000000000002,24.18,0.0,0.0,-0.12,0.0,0.0,-0.1,24.2,0.0 (cmd 0.0),0.0 (cmd 0.0)
0.16920000000000002,24.17,0.0,0.0,-0.13,0.0,0.0,-0.1,24.2,0.0 (cmd 0.0),0.0 (cmd 0.0)
0.1697,24.14,0.0,0.0,-0.14,0.0,0.0,-0.1,24.1,0.0 (cmd 0.0),0.0 (cmd 0.0)
0.1702,24.13,0.0,0.0,-0.14,0.0,0.0,-0.1,24.1,0.0 (cmd 0.0),0.0 (cmd 0.0)
0.1707,24.13,0.0,0.0,-0.15,0.0,0.0,-0.1,24.1,0.0 (cmd 0.0),0.0 (cmd 0.0)
0.17120000000000002,24.12,0.0,0.0,-0.15,0.0,0.0,-0.1,24.1,0.0 (cmd 0.0),0.0 (cmd 0.0)
0.17170000000000002,24.12,0.0,0.0,-0.15,0.0,0.0,-0.1,24.1,0.0 (cmd 0.0),0.0 (cmd 0.0)
0.1722,24.1,0.0,0.0,-0.16,0.0,0.0,-0.2,24.1,0.0 (cmd 0.0),0.0 (cmd 0.0)
0.1727,24.08,0.0,0.0,-0.17,0.0,0.0,-0.2,24.1,0.0 (cmd 0.0),0.0 (cmd 0.0)
0.1732,24.09,0.0,0.0,-0.17,0.0,0.0,-0.2,24.1,0.0 (cmd 0.0),0.0 (cmd 0.0)
0.17370000000000002,24.09,0.0,0.0,-0.16,0.0,0.0,-0.2,24.1,0.0 (cmd 0.0),0.0 (cmd 0.0)
0.17420000000000002,24.09,0.0,0.0,-0.15,0.0,0.0,-0.1,24.1,0.0 (cmd 0.0),0.0 (cmd 0.0)
0.1747,24.1,0.0,0.0,-0.14,0.0,0.0,-0.1,24.1,0.0 (cmd 0.0),0.0 (cmd 0.0)
0.1752,24.1,0.0,0.0,-0.16,0.0,0.0,-0.2,24.1,0.0 (cmd 0.0),0.0 (cmd 0.0)
0.1757,24.11,0.0,0.0,-0.16,0.0,0.0,-0.2,24.1,0.0 (cmd 0.0),0.0 (cmd 0.0)
0.17620000000000002,24.14,0.0,0.0,-0.13,0.0,0.0,-0.1,24.1,0.0 (cmd 0.0),0.0 (cmd 0.0)
0.17670000000000002,24.14,0.0,0.0,-0.14,0.0,0.0,-0.1,24.1,0.0 (cmd 0.0),0.0 (cmd 0.0)
0.1772,24.15,0.0,0.0,-0.14,0.0,0.0,-0.1,24.1,0.0 (cmd 0.0),0.0 (cmd 0.0)
0.1777,24.16,0.0,0.0,-0.13,0.0,0.0,-0.1,24.2,0.0 (cmd 0.0),0.0 (cmd 0.0)
0.1782,24.16,0.0,0.0,-0.12,0.0,0.0,-0.1,24.2,0.0 (cmd 0.0),0.0 (cmd 0.0)
0.17870000000000003,24.19,0.0,0.0,-0.11,0.0,0.0,-0.1,24.2,0.0 (cmd 0.0),0.0 (cmd 0.0)
0.17920000000000003,24.19,0.0,0.0,-0.11,0.0,0.0,-0.1,24.2,0.0 (cmd 0.0),0.0 (cmd 0.0)
0.1797,24.19,0.0,0.0,-0.11,0.0,0.0,-0.1,24.2,0.0 (cmd 0.0),0.0 (cmd 0.0)
0.1802,24.2,0.0,0.0,-0.1,0.0,0.0,-0.1,24.2,0.0 (cmd 0.0),0.0 (cmd 0.0)
0.1807,24.21,0.0,0.0,-0.09,0.0,0.0,-0.1,24.2,0.0 (cmd 0.0),0.0 (cmd 0.0)
0.18120000000000003,24.21,0.0,0.0,-0.09,0.0,0.0,-0.1,24.2,0.0 (cmd 0.0),0.0 (cmd 0.0)
0.18170000000000003,24.21,0.0,0.0,-0.08,0.0,0.0,-0.1,24.2,0.0 (cmd 0.0),0.0 (cmd 0.0)
0.1822,24.21,0.0,0.0,-0.08,0.0,0.0,-0.1,24.2,0.0 (cmd 0.0),0.0 (cmd 0.0)
0.1827,24.21,0.0,0.0,-0.08,0.0,0.0,-0.1,24.2,0.0 (cmd 0.0),0.0 (cmd 0.0)
0.1832,24.22,0.0,0.0,-0.06,0.0,0.0,-0.1,24.2,0.0 (cmd 0.0),0.0 (cmd 0.0)
0.18370000000000003,24.22,0.0,0.0,-0.05,0.0,0.0,-0.1,24.2,0.0 (cmd 0.0),0.0 (cmd 0.0)
0.18420000000000003,24.2,0.0,0.0,-0.05,0.0,0.0,-0.1,24.2,0.0 (cmd 0.0),0.0 (cmd 0.0)
0.18469999999999998,24.21,0.0,0.0,-0.05,0.0,0.0,-0.1,24.2,0.0 (cmd 0.0),0.0 (cmd 0.0)
0.18519999999999998,24.23,0.0,0.0,-0.04,0.0,0.0,-0.0,24.2,0.0 (cmd 0.0),0.0 (cmd 0.0)
0.18569999999999998,24.24,0.0,0.0,-0.04,0.0,0.0,-0.0,24.2,0.0 (cmd 0.0),0.0 (cmd 0.0)
0.1862,24.25,0.0,0.0,-0.04,0.0,0.0,-0.0,24.2,0.0 (cmd 0.0),0.0 (cmd 0.0)
0.1867,24.24,0.0,0.0,-0.03,0.0,0.0,-0.0,24.2,0.0 (cmd 0.0),0.0 (cmd 0.0)
0.18719999999999998,24.23,0.0,0.0,-0.04,0.0,0.0,-0.0,24.2,0.0 (cmd 0.0),0.0 (cmd 0.0)
0.18769999999999998,24.21,0.0,0.0,-0.05,0.0,0.0,-0.1,24.2,0.0 (cmd 0.0),0.0 (cmd 0.0)
0.18819999999999998,24.2,0.0,0.0,-0.03,0.0,0.0,-0.0,24.2,0.0 (cmd 0.0),0.0 (cmd 0.0)
0.1887,24.21,0.0,0.0,0.0,0.0,0.0,0.0,24.2,0.0 (cmd 0.0),0.0 (cmd 0.0)
0.1892,24.21,0.0,0.0,0.0,0.0,0.0,0.0,24.2,0.0 (cmd 0.0),0.0 (cmd 0.0)
0.18969999999999998,24.15,0.0,0.0,-0.03,0.0,0.0,-0.0,24.1,0.0 (cmd 0.0),0.0 (cmd 0.0)
0.19019999999999998,24.15,0.0,0.0,-0.05,0.0,0.0,-0.1,24.1,0.0 (cmd 0.0),0.0 (cmd 0.0)
0.19069999999999998,24.16,0.0,0.0,-0.05,0.0,0.0,-0.1,24.2,0.0 (cmd 0.0),0.0 (cmd 0.0)
0.1912,24.14,0.0,0.0,-0.04,0.0,0.0,-0.0,24.1,0.0 (cmd 0.0),0.0 (cmd 0.0)
0.1917,24.14,0.0,0.0,-0.07,0.0,0.0,-0.1,24.1,0.0 (cmd 0.0),0.0 (cmd 0.0)
0.19219999999999998,24.14,0.0,0.0,-0.06,0.0,0.0,-0.1,24.1,0.0 (cmd 0.0),0.0 (cmd 0.0)
0.19269999999999998,24.15,0.0,0.0,-0.08,0.0,0.0,-0.1,24.1,0.0 (cmd 0.0),0.0 (cmd 0.0)
0.19319999999999998,24.14,0.0,0.0,-0.08,0.0,0.0,-0.1,24.1,0.0 (cmd 0.0),0.0 (cmd 0.0)
0.1937,24.16,0.0,0.0,-0.06,0.0,0.0,-0.1,24.2,0.0 (cmd 0.0),0.0 (cmd 0.0)
0.1942,24.18,0.0,0.0,-0.06,0.0,0.0,-0.1,24.2,0.0 (cmd 0.0),0.0 (cmd 0.0)
0.19469999999999998,24.16,0.0,0.0,-0.07,0.0,0.0,-0.1,24.2,0.0 (cmd 0.0),0.0 (cmd 0.0)
0.19519999999999998,24.16,0.0,0.0,-0.08,0.0,0.0,-0.1,24.2,0.0 (cmd 0.0),0.0 (cmd 0.0)
0.19569999999999999,24.16,0.0,0.0,-0.07,0.0,0.0,-0.1,24.2,0.0 (cmd 0.0),0.0 (cmd 0.0)
0.1962,24.18,0.0,0.0,-0.06,0.0,0.0,-0.1,24.2,0.0 (cmd 0.0),0.0 (cmd 0.0)
0.1967,24.18,0.0,0.0,-0.05,0.0,0.0,-0.1,24.2,0.0 (cmd 0.0),0.0 (cmd 0.0)
0.1972,24.19,0.0,0.0,-0.04,0.0,0.0,-0.0,24.2,0.0 (cmd 0.0),0.0 (cmd 0.0)
0.1977,24.19,0.0,0.0,-0.06,0.0,0.0,-0.1,24.2,0.0 (cmd 0.0),0.0 (cmd 0.0)
0.1982,24.17,0.0,0.0,-0.06,0.0,0.0,-0.1,24.2,0.0 (cmd 0.0),0.0 (cmd 0.0)
0.19870000000000002,24.2,0.0,0.0,-0.04,0.0,0.0,-0.0,24.2,0.0 (cmd 0.0),0.0 (cmd 0.0)
0.19920000000000002,24.22,0.0,0.0,-0.04,0.0,0.0,-0.0,24.2,0.0 (cmd 0.0),0.0 (cmd 0.0)
0.1997,24.21,0.0,0.0,-0.04,0.0,0.0,-0.0,24.2,0.0 (cmd 0.0),0.0 (cmd 0.0)
0.2002,24.22,0.0,0.0,-0.04,0.0,0.0,-0.0,24.2,0.0 (cmd 0.0),0.0 (cmd 0.0)
0.2007,24.22,0.0,0.0,-0.03,0.0,0.0,-0.0,24.2,0.0 (cmd 0.0),0.0 (cmd 0.0)
0.20120000000000002,24.24,0.0,0.0,-0.03,0.0,0.0,-0.0,24.2,0.0 (cmd 0.0),0.0 (cmd 0.0)
0.20170000000000002,24.25,0.0,0.0,-0.02,0.0,0.0,-0.0,24.2,0.0 (cmd 0.0),0.0 (cmd 0.0)
0.2022,24.25,0.0,0.0,-0.02,0.0,0.0,-0.0,24.2,0.0 (cmd 0.0),0.0 (cmd 0.0)
0.2027,24.24,0.0,0.0,-0.02,0.0,0.0,-0.0,24.2,0.0 (cmd 0.0),0.0 (cmd 0.0)
0.2032,24.22,0.0,0.0,-0.02,0.0,0.0,-0.0,24.2,0.0 (cmd 0.0),0.0 (cmd 0.0)
0.20370000000000002,24.25,0.0,0.0,-0.02,0.0,0.0,-0.0,24.2,0.0 (cmd 0.0),0.0 (cmd 0.0)
0.20420000000000002,24.27,0.0,0.0,0.0,0.0,0.0,0.0,24.3,0.0 (cmd 0.0),0.0 (cmd 0.0)
0.2047,24.26,0.0,0.0,0.0,0.0,0.0,0.0,24.3,0.0 (cmd 0.0),0.0 (cmd 0.0)
0.2052,24.26,0.0,0.0,0.0,0.0,0.0,0.0,24.3,0.0 (cmd 0.0),0.0 (cmd 0.0)
0.2057,24.27,0.0,0.0,0.0,0.0,0.0,0.0,24.3,0.0 (cmd 0.0),0.0 (cmd 0.0)
0.20620000000000002,24.26,0.0,0.0,0.0,0.0,0.0,0.0,24.3,0.0 (cmd 0.0),0.0 (cmd 0.0)
0.20670000000000002,24.29,0.0,0.0,0.02,0.0,0.0,0.0,24.3,0.0 (cmd 0.0),0.0 (cmd 0.0)
0.2072,24.3,0.0,0.0,0.02,0.0,0.0,0.0,24.3,0.0 (cmd 0.0),0.0 (cmd 0.0)
0.2077,24.29,0.0,0.0,0.02,0.0,0.0,0.0,24.3,0.0 (cmd 0.0),0.0 (cmd 0.0)
0.2082,24.3,0.0,0.0,0.03,0.0,0.0,0.0,24.3,0.0 (cmd 0.0),0.0 (cmd 0.0)
0.20870000000000002,24.3,0.0,0.0,0.03,0.0,0.0,0.0,24.3,0.0 (cmd 0.0),0.0 (cmd 0.0)
0.20920000000000002,24.3,0.0,0.0,0.03,0.0,0.0,0.0,24.3,0.0 (cmd 0.0),0.0 (cmd 0.0)
0.2097,24.32,0.0,0.0,0.04,0.0,0.0,0.0,24.3,0.0 (cmd 0.0),0.0 (cmd 0.0)
0.2102,24.33,0.0,0.0,0.05,0.0,0.0,0.1,24.3,0.0 (cmd 0.0),0.0 (cmd 0.0)
0.2107,24.32,0.0,0.0,0.05,0.0,0.0,0.1,24.3,0.0 (cmd 0.0),0.0 (cmd 0.0)
0.21120000000000003,24.3,0.0,0.0,0.05,0.0,0.0,0.1,24.3,0.0 (cmd 0.0),0.0 (cmd 0.0)
0.21170000000000003,24.31,0.0,0.0,0.06,0.0,0.0,0.1,24.3,0.0 (cmd 0.0),0.0 (cmd 0.0)
0.2122,24.32,0.0,0.0,0.06,0.0,0.0,0.1,24.3,0.0 (cmd 0.0),0.0 (cmd 0.0)
0.2127,24.31,0.0,0.0,0.06,0.0,0.0,0.1,24.3,0.0 (cmd 0.0),0.0 (cmd 0.0)
0.2132,24.3,0.0,0.0,0.06,0.0,0.0,0.1,24.3,0.0 (cmd 0.0),0.0 (cmd 0.0)
0.21370000000000003,24.3,0.0,0.0,0.07,0.0,0.0,0.1,24.3,0.0 (cmd 0.0),0.0 (cmd 0.0)
0.21420000000000003,24.28,0.0,0.0,0.07,0.0,0.0,0.1,24.3,0.0 (cmd 0.0),0.0 (cmd 0.0)
0.2147,24.29,0.0,0.0,0.07,0.0,0.0,0.1,24.3,0.0 (cmd 0.0),0.0 (cmd 0.0)
0.2152,24.32,0.0,0.0,0.07,0.0,0.0,0.1,24.3,0.0 (cmd 0.0),0.0 (cmd 0.0)
0.21569999999999998,24.35,0.0,0.0,0.05,0.0,0.0,0.1,24.4,0.0 (cmd 0.0),0.0 (cmd 0.0)
0.2162,24.37,0.0,0.0,0.06,0.0,0.0,0.1,24.4,0.0 (cmd 0.0),0.0 (cmd 0.0)
0.2167,24.4,0.0,0.0,0.03,0.0,0.0,0.0,24.4,0.0 (cmd 0.0),0.0 (cmd 0.0)
0.21719999999999998,24.42,0.0,0.0,0.03,0.0,0.0,0.0,24.4,0.0 (cmd 0.0),0.0 (cmd 0.0)
0.21769999999999998,24.43,0.0,0.0,0.03,0.0,0.0,0.0,24.4,0.0 (cmd 0.0),0.0 (cmd 0.0)
0.21819999999999998,24.44,0.0,0.0,0.02,0.0,0.0,0.0,24.4,0.0 (cmd 0.0),0.0 (cmd 0.0)
0.2187,24.46,0.0,0.0,0.0,0.0,0.0,0.0,24.5,0.0 (cmd 0.0),0.0 (cmd 0.0)
0.2192,24.47,0.0,0.0,0.0,0.0,0.0,0.0,24.5,0.0 (cmd 0.0),0.0 (cmd 0.0)
0.21969999999999998,24.48,0.0,0.0,0.0,0.0,0.0,0.0,24.5,0.0 (cmd 0.0),0.0 (cmd 0.0)
0.22019999999999998,24.48,0.0,0.0,0.0,0.0,0.0,0.0,24.5,0.0 (cmd 0.0),0.0 (cmd 0.0)
0.22069999999999998,24.49,0.0,0.0,0.0,0.0,0.0,0.0,24.5,0.0 (cmd 0.0),0.0 (cmd 0.0)
0.2212,24.49,0.0,0.0,0.01,0.0,0.0,0.0,24.5,0.0 (cmd 0.0),0.0 (cmd 0.0)
0.2217,24.49,0.0,0.0,0.01,0.0,0.0,0.0,24.5,0.0 (cmd 0.0),0.0 (cmd 0.0)
0.22219999999999998,24.49,0.0,0.0,0.02,0.0,0.0,0.0,24.5,0.0 (cmd 0.0),0.0 (cmd 0.0)
0.22269999999999998,24.53,0.0,0.0,0.03,0.0,0.0,0.0,24.5,0.0 (cmd 0.0),0.0 (cmd 0.0)
0.22319999999999998,24.52,0.0,0.0,0.03,0.0,0.0,0.0,24.5,0.0 (cmd 0.0),0.0 (cmd 0.0)
0.2237,24.51,0.0,0.0,0.03,0.0,0.0,0.0,24.5,0.0 (cmd 0.0),0.0 (cmd 0.0)
0.2242,24.5,0.0,0.0,0.04,0.0,0.0,0.0,24.5,0.0 (cmd 0.0),0.0 (cmd 0.0)
0.22469999999999998,24.5,0.0,0.0,0.04,0.0,0.0,0.0,24.5,0.0 (cmd 0.0),0.0 (cmd 0.0)
0.22519999999999998,24.53,0.0,0.0,0.05,0.0,0.0,0.1,24.5,0.0 (cmd 0.0),0.0 (cmd 0.0)
0.22569999999999998,24.54,0.0,0.0,0.05,0.0,0.0,0.1,24.5,0.0 (cmd 0.0),0.0 (cmd 0.0)
0.2262,24.58,0.0,0.0,0.05,0.0,0.0,0.1,24.6,0.0 (cmd 0.0),0.0 (cmd 0.0)
0.2267,24.59,0.0,0.0,0.05,0.0,0.0,0.1,24.6,0.0 (cmd 0.0),0.0 (cmd 0.0)
0.22719999999999999,24.66,0.0,0.0,0.06,0.0,0.0,0.1,24.7,0.0 (cmd 0.0),0.0 (cmd 0.0)
0.22769999999999999,24.75,0.0,0.0,0.07,0.0,0.0,0.1,24.8,0.0 (cmd 0.0),0.0 (cmd 0.0)
0.2282,24.97,0.0,0.0,0.13,0.0,0.0,0.1,25.0,0.0 (cmd 0.0),0.0 (cmd 0.0)
0.22870000000000001,25.43,0.0,0.0,0.14,0.0,0.0,0.1,25.4,0.0 (cmd 0.0),0.0 (cmd 0.0)
0.22920000000000001,25.58,0.0,0.0,0.22,0.0,0.0,0.2,25.6,0.0 (cmd 0.0),0.0 (cmd 0.0)
0.2297,25.47,0.0,0.0,0.3,0.0,0.0,0.3,25.5,0.0 (cmd 0.0),0.0 (cmd 0.0)
0.2302,25.72,0.0,0.0,0.3,0.0,0.0,0.3,25.7,0.0 (cmd 0.0),0.0 (cmd 0.0)
0.2307,26.52,0.0,0.0,0.31,0.0,0.0,0.3,26.5,0.0 (cmd 0.0),0.0 (cmd 0.0)
0.23120000000000002,28.99,0.0,0.0,0.39,0.0,0.0,0.4,29.0,0.0 (cmd 0.0),0.0 (cmd 0.0)
0.23170000000000002,30.78,0.0,0.0,0.37,0.0,0.0,0.4,30.8,0.0 (cmd 0.0),0.0 (cmd 0.0)
0.2322,35.95,0.0,0.0,0.35,0.0,0.0,0.3,36.0,0.0 (cmd 0.0),0.0 (cmd 0.0)
0.2327,41.15,0.0,0.0,0.41,0.0,0.0,0.4,41.1,0.0 (cmd 0.0),0.0 (cmd 0.0)
0.2332,43.35,0.0,0.0,0.54,0.0,0.0,0.5,43.4,0.0 (cmd 0.0),0.0 (cmd 0.0)
0.23370000000000002,42.5,0.0,0.0,0.13,0.0,0.0,0.1,42.5,0.0 (cmd 0.0),0.0 (cmd 0.0)
0.23420000000000002,42.27,0.0,0.0,-0.19,0.0,0.0,-0.2,42.3,0.0 (cmd 0.0),0.0 (cmd 0.0)
0.2347,42.08,0.0,0.0,0.12,0.0,0.0,0.1,42.1,0.0 (cmd 0.0),0.0 (cmd 0.0)
0.2352,42.04,0.0,0.0,0.06,0.0,0.0,0.1,42.0,0.0 (cmd 0.0),0.0 (cmd 0.0)
0.2357,41.77,0.0,0.0,-0.03,0.0,0.0,-0.0,41.8,0.0 (cmd 0.0),0.0 (cmd 0.0)
0.23620000000000002,40.83,0.0,0.0,0.03,0.0,0.0,0.0,40.8,0.0 (cmd 0.0),0.0 (cmd 0.0)
0.23670000000000002,39.06,0.0,0.0,-0.02,0.0,0.0,-0.0,39.1,0.0 (cmd 0.0),0.0 (cmd 0.0)
0.2372,38.42,0.0,0.0,-0.24,0.0,0.0,-0.2,38.4,0.0 (cmd 0.0),0.0 (cmd 0.0)
0.2377,37.42,0.0,0.0,-0.36,0.0,0.0,-0.4,37.4,0.0 (cmd 0.0),0.0 (cmd 0.0)
0.2382,35.79,0.0,0.0,-0.15,0.0,0.0,-0.1,35.8,0.0 (cmd 0.0),0.0 (cmd 0.0)
0.23870000000000002,34.33,0.0,0.0,-0.5,0.0,0.0,-0.5,34.3,0.0 (cmd 0.0),0.0 (cmd 0.0)
0.23920000000000002,33.04,0.0,0.0,-0.28,0.0,0.0,-0.3,33.0,0.0 (cmd 0.0),0.0 (cmd 0.0)
0.2397,31.17,0.0,0.0,-0.31,0.0,0.0,-0.3,31.2,0.0 (cmd 0.0),0.0 (cmd 0.0)
0.2402,28.94,0.0,0.0,-0.39,0.0,0.0,-0.4,28.9,0.0 (cmd 0.0),0.0 (cmd 0.0)
0.2407,27.52,0.0,0.0,-0.43,0.0,0.0,-0.4,27.5,0.0 (cmd 0.0),0.0 (cmd 0.0)
0.24120000000000003,26.08,0.0,0.0,-0.45,0.0,0.0,-0.5,26.1,0.0 (cmd 0.0),0.0 (cmd 0.0)
0.24170000000000003,25.16,0.0,0.0,-0.46,0.0,0.0,-0.5,25.2,0.0 (cmd 0.0),0.0 (cmd 0.0)
0.2422,25.01,0.0,0.0,-0.46,0.0,0.0,-0.5,25.0,0.0 (cmd 0.0),0.0 (cmd 0.0)
0.2427,25.27,0.0,0.0,-0.52,0.0,0.0,-0.5,25.3,0.0 (cmd 0.0),0.0 (cmd 0.0)
0.2432,25.47,0.0,0.0,-0.39,0.0,0.0,-0.4,25.5,0.0 (cmd 0.0),0.0 (cmd 0.0)
0.24370000000000003,25.57,0.0,0.0,-0.45,0.0,0.0,-0.5,25.6,0.0 (cmd 0.0),0.0 (cmd 0.0)
0.24420000000000003,25.57,0.0,0.0,-0.48,0.0,0.0,-0.5,25.6,0.0 (cmd 0.0),0.0 (cmd 0.0)
0.2447,25.64,0.0,0.0,-0.47,0.0,0.0,-0.5,25.6,0.0 (cmd 0.0),0.0 (cmd 0.0)
0.2452,25.76,0.0,0.0,-0.48,0.0,0.0,-0.5,25.8,0.0 (cmd 0.0),0.0 (cmd 0.0)
0.2457,25.71,0.0,0.0,-0.47,0.0,0.0,-0.5,25.7,0.0 (cmd 0.0),0.0 (cmd 0.0)
0.24620000000000003,25.57,0.0,0.0,-0.48,0.0,0.0,-0.5,25.6,0.0 (cmd 0.0),0.0 (cmd 0.0)
0.24670000000000003,25.44,0.0,0.0,-0.47,0.0,0.0,-0.5,25.4,0.0 (cmd 0.0),0.0 (cmd 0.0)
0.24719999999999998,25.43,0.0,0.0,-0.48,0.0,0.0,-0.5,25.4,0.0 (cmd 0.0),0.0 (cmd 0.0)
0.24769999999999998,25.35,0.0,0.0,-0.47,0.0,0.0,-0.5,25.4,0.0 (cmd 0.0),0.0 (cmd 0.0)
0.24819999999999998,25.31,0.0,0.0,-0.47,0.0,0.0,-0.5,25.3,0.0 (cmd 0.0),0.0 (cmd 0.0)
0.2487,25.35,0.0,0.0,-0.45,0.0,0.0,-0.5,25.4,0.0 (cmd 0.0),0.0 (cmd 0.0)
0.2492,25.33,0.0,0.0,-0.43,0.0,0.0,-0.4,25.3,0.0 (cmd 0.0),0.0 (cmd 0.0)
0.24969999999999998,25.33,0.0,0.0,-0.46,0.0,0.0,-0.5,25.3,0.0 (cmd 0.0),0.0 (cmd 0.0)
0.2502,25.34,0.0,0.0,-0.45,0.0,0.0,-0.5,25.3,0.0 (cmd 0.0),0.0 (cmd 0.0)
0.2507,25.39,0.0,0.0,-0.43,0.0,0.0,-0.4,25.4,0.0 (cmd 0.0),0.0 (cmd 0.0)
0.25120000000000003,25.43,0.0,0.0,-0.44,0.0,0.0,-0.4,25.4,0.0 (cmd 0.0),0.0 (cmd 0.0)
0.25170000000000003,25.45,0.0,0.0,-0.43,0.0,0.0,-0.4,25.4,0.0 (cmd 0.0),0.0 (cmd 0.0)
0.2522,25.43,0.0,0.0,-0.43,0.0,0.0,-0.4,25.4,0.0 (cmd 0.0),0.0 (cmd 0.0)
0.2527,25.41,0.0,0.0,-0.43,0.0,0.0,-0.4,25.4,0.0 (cmd 0.0),0.0 (cmd 0.0)
0.2532,25.39,0.0,0.0,-0.42,0.0,0.0,-0.4,25.4,0.0 (cmd 0.0),0.0 (cmd 0.0)
0.25370000000000004,25.36,0.0,0.0,-0.41,0.0,0.0,-0.4,25.4,0.0 (cmd 0.0),0.0 (cmd 0.0)
0.25420000000000004,25.31,0.0,0.0,-0.42,0.0,0.0,-0.4,25.3,0.0 (cmd 0.0),0.0 (cmd 0.0)
0.2547,25.29,0.0,0.0,-0.41,0.0,0.0,-0.4,25.3,0.0 (cmd 0.0),0.0 (cmd 0.0)
0.2552,25.31,0.0,0.0,-0.39,0.0,0.0,-0.4,25.3,0.0 (cmd 0.0),0.0 (cmd 0.0)
0.2557,25.32,0.0,0.0,-0.4,0.0,0.0,-0.4,25.3,0.0 (cmd 0.0),0.0 (cmd 0.0)
0.2562,25.32,0.0,0.0,-0.41,0.0,0.0,-0.4,25.3,0.0 (cmd 0.0),0.0 (cmd 0.0)
0.25670000000000004,25.35,0.0,0.0,-0.39,0.0,0.0,-0.4,25.4,0.0 (cmd 0.0),0.0 (cmd 0.0)
0.2572,25.38,0.0,0.0,-0.4,0.0,0.0,-0.4,25.4,0.0 (cmd 0.0),0.0 (cmd 0.0)
0.2577,25.38,0.0,0.0,-0.39,0.0,0.0,-0.4,25.4,0.0 (cmd 0.0),0.0 (cmd 0.0)
0.2582,25.36,0.0,0.0,-0.39,0.0,0.0,-0.4,25.4,0.0 (cmd 0.0),0.0 (cmd 0.0)
0.2587,25.33,0.0,0.0,-0.4,0.0,0.0,-0.4,25.3,0.0 (cmd 0.0),0.0 (cmd 0.0)
0.25920000000000004,25.3,0.0,0.0,-0.4,0.0,0.0,-0.4,25.3,0.0 (cmd 0.0),0.0 (cmd 0.0)
0.2597,25.27,0.0,0.0,-0.41,0.0,0.0,-0.4,25.3,0.0 (cmd 0.0),0.0 (cmd 0.0)
0.2602,25.26,0.0,0.0,-0.42,0.0,0.0,-0.4,25.3,0.0 (cmd 0.0),0.0 (cmd 0.0)
0.2607,25.27,0.0,0.0,-0.42,0.0,0.0,-0.4,25.3,0.0 (cmd 0.0),0.0 (cmd 0.0)
0.2612,25.27,0.0,0.0,-0.43,0.0,0.0,-0.4,25.3,0.0 (cmd 0.0),0.0 (cmd 0.0)
0.26170000000000004,25.27,0.0,0.0,-0.43,0.0,0.0,-0.4,25.3,0.0 (cmd 0.0),0.0 (cmd 0.0)
0.2622,25.29,0.0,0.0,-0.43,0.0,0.0,-0.4,25.3,0.0 (cmd 0.0),0.0 (cmd 0.0)
0.2627,25.33,0.0,0.0,-0.44,0.0,0.0,-0.4,25.3,0.0 (cmd 0.0),0.0 (cmd 0.0)
0.2632,25.33,0.0,0.0,-0.44,0.0,0.0,-0.4,25.3,0.0 (cmd 0.0),0.0 (cmd 0.0)
0.2637,25.31,0.0,0.0,-0.44,0.0,0.0,-0.4,25.3,0.0 (cmd 0.0),0.0 (cmd 0.0)
0.26420000000000005,25.28,0.0,0.0,-0.44,0.0,0.0,-0.4,25.3,0.0 (cmd 0.0),0.0 (cmd 0.0)
0.2647,25.25,0.0,0.0,-0.45,0.0,0.0,-0.5,25.2,0.0 (cmd 0.0),0.0 (cmd 0.0)
0.2652,25.24,0.0,0.0,-0.45,0.0,0.0,-0.5,25.2,0.0 (cmd 0.0),0.0 (cmd 0.0)
0.2657,25.22,0.0,0.0,-0.45,0.0,0.0,-0.5,25.2,0.0 (cmd 0.0),0.0 (cmd 0.0)
0.2662,25.2,0.0,0.0,-0.45,0.0,0.0,-0.5,25.2,0.0 (cmd 0.0),0.0 (cmd 0.0)
0.26670000000000005,25.2,0.0,0.0,-0.45,0.0,0.0,-0.5,25.2,0.0 (cmd 0.0),0.0 (cmd 0.0)
0.2672,25.2,0.0,0.0,-0.45,0.0,0.0,-0.5,25.2,0.0 (cmd 0.0),0.0 (cmd 0.0)
0.2677,25.21,0.0,0.0,-0.45,0.0,0.0,-0.5,25.2,0.0 (cmd 0.0),0.0 (cmd 0.0)
0.2682,25.22,0.0,0.0,-0.45,0.0,0.0,-0.5,25.2,0.0 (cmd 0.0),0.0 (cmd 0.0)
0.2687,25.22,0.0,0.0,-0.45,0.0,0.0,-0.5,25.2,0.0 (cmd 0.0),0.0 (cmd 0.0)
0.26920000000000005,25.2,0.0,0.0,-0.45,0.0,0.0,-0.5,25.2,0.0 (cmd 0.0),0.0 (cmd 0.0)
0.2697,25.19,0.0,0.0,-0.45,0.0,0.0,-0.5,25.2,0.0 (cmd 0.0),0.0 (cmd 0.0)
0.2702,25.18,0.0,0.0,-0.44,0.0,0.0,-0.4,25.2,0.0 (cmd 0.0),0.0 (cmd 0.0)
0.2707,25.16,0.0,0.0,-0.44,0.0,0.0,-0.4,25.2,0.0 (cmd 0.0),0.0 (cmd 0.0)
0.2712,25.15,0.0,0.0,-0.44,0.0,0.0,-0.4,25.1,0.0 (cmd 0.0),0.0 (cmd 0.0)
0.27170000000000005,25.14,0.0,0.0,-0.44,0.0,0.0,-0.4,25.1,0.0 (cmd 0.0),0.0 (cmd 0.0)
0.2722,25.17,0.0,0.0,-0.42,0.0,0.0,-0.4,25.2,0.0 (cmd 0.0),0.0 (cmd 0.0)
0.2727,25.16,0.0,0.0,-0.43,0.0,0.0,-0.4,25.2,0.0 (cmd 0.0),0.0 (cmd 0.0)
0.2732,25.12,0.0,0.0,-0.45,0.0,0.0,-0.5,25.1,0.0 (cmd 0.0),0.0 (cmd 0.0)
0.2737,25.15,0.0,0.0,-0.41,0.0,0.0,-0.4,25.1,0.0 (cmd 0.0),0.0 (cmd 0.0)
0.27420000000000005,25.16,0.0,0.0,-0.42,0.0,0.0,-0.4,25.2,0.0 (cmd 0.0),0.0 (cmd 0.0)
0.2747,25.19,0.0,0.0,-0.43,0.0,0.0,-0.4,25.2,0.0 (cmd 0.0),0.0 (cmd 0.0)
0.2752,25.2,0.0,0.0,-0.41,0.0,0.0,-0.4,25.2,0.0 (cmd 0.0),0.0 (cmd 0.0)
0.2757,25.18,0.0,0.0,-0.42,0.0,0.0,-0.4,25.2,0.0 (cmd 0.0),0.0 (cmd 0.0)
0.2762,25.16,0.0,0.0,-0.41,0.0,0.0,-0.4,25.2,0.0 (cmd 0.0),0.0 (cmd 0.0)
0.27670000000000006,25.19,0.0,0.0,-0.38,0.0,0.0,-0.4,25.2,0.0 (cmd 0.0),0.0 (cmd 0.0)
0.2772,25.19,0.0,0.0,-0.39,0.0,0.0,-0.4,25.2,0.0 (cmd 0.0),0.0 (cmd 0.0)
0.2777,25.19,0.0,0.0,-0.4,0.0,0.0,-0.4,25.2,0.0 (cmd 0.0),0.0 (cmd 0.0)
0.2782,25.23,0.0,0.0,-0.39,0.0,0.0,-0.4,25.2,0.0 (cmd 0.0),0.0 (cmd 0.0)
0.2787,25.27,0.0,0.0,-0.37,0.0,0.0,-0.4,25.3,0.0 (cmd 0.0),0.0 (cmd 0.0)
0.27920000000000006,25.28,0.0,0.0,-0.35,0.0,0.0,-0.3,25.3,0.0 (cmd 0.0),0.0 (cmd 0.0)
0.2797,25.27,0.0,0.0,-0.35,0.0,0.0,-0.3,25.3,0.0 (cmd 0.0),0.0 (cmd 0.0)
0.2802,25.25,0.0,0.0,-0.37,0.0,0.0,-0.4,25.2,0.0 (cmd 0.0),0.0 (cmd 0.0)
0.2807,25.22,0.0,0.0,-0.35,0.0,0.0,-0.3,25.2,0.0 (cmd 0.0),0.0 (cmd 0.0)
0.2812,25.21,0.0,0.0,-0.36,0.0,0.0,-0.4,25.2,0.0 (cmd 0.0),0.0 (cmd 0.0)
0.28170000000000006,25.21,0.0,0.0,-0.35,0.0,0.0,-0.3,25.2,0.0 (cmd 0.0),0.0 (cmd 0.0)
0.2822,25.24,0.0,0.0,-0.34,0.0,0.0,-0.3,25.2,0.0 (cmd 0.0),0.0 (cmd 0.0)
0.2827,25.24,0.0,0.0,-0.35,0.0,0.0,-0.3,25.2,0.0 (cmd 0.0),0.0 (cmd 0.0)
0.2832,25.24,0.0,0.0,-0.35,0.0,0.0,-0.3,25.2,0.0 (cmd 0.0),0.0 (cmd 0.0)
0.2837,25.26,0.0,0.0,-0.33,0.0,0.0,-0.3,25.3,0.0 (cmd 0.0),0.0 (cmd 0.0)
0.28420000000000006,25.25,0.0,0.0,-0.33,0.0,0.0,-0.3,25.2,0.0 (cmd 0.0),0.0 (cmd 0.0)
0.2847,25.24,0.0,0.0,-0.33,0.0,0.0,-0.3,25.2,0.0 (cmd 0.0),0.0 (cmd 0.0)
0.2852,25.21,0.0,0.0,-0.34,0.0,0.0,-0.3,25.2,0.0 (cmd 0.0),0.0 (cmd 0.0)
0.2857,25.2,0.0,0.0,-0.34,0.0,0.0,-0.3,25.2,0.0 (cmd 0.0),0.0 (cmd 0.0)
0.2862,25.2,0.0,0.0,-0.34,0.0,0.0,-0.3,25.2,0.0 (cmd 0.0),0.0 (cmd 0.0)
0.28670000000000007,25.19,0.0,0.0,-0.34,0.0,0.0,-0.3,25.2,0.0 (cmd 0.0),0.0 (cmd 0.0)
0.2872,25.2,0.0,0.0,-0.35,0.0,0.0,-0.3,25.2,0.0 (cmd 0.0),0.0 (cmd 0.0)
0.2877,25.21,0.0,0.0,-0.35,0.0,0.0,-0.3,25.2,0.0 (cmd 0.0),0.0 (cmd 0.0)
0.2882,25.22,0.0,0.0,-0.35,0.0,0.0,-0.3,25.2,0.0 (cmd 0.0),0.0 (cmd 0.0)
0.2887,25.22,0.0,0.0,-0.35,0.0,0.0,-0.3,25.2,0.0 (cmd 0.0),0.0 (cmd 0.0)
0.28920000000000007,25.22,0.0,0.0,-0.35,0.0,0.0,-0.3,25.2,0.0 (cmd 0.0),0.0 (cmd 0.0)
0.2897,25.23,0.0,0.0,-0.35,0.0,0.0,-0.3,25.2,0.0 (cmd 0.0),0.0 (cmd 0.0)
0.2902,25.27,0.0,0.0,-0.33,0.0,0.0,-0.3,25.3,0.0 (cmd 0.0),0.0 (cmd 0.0)
0.2907,25.32,0.0,0.0,-0.3,0.0,0.0,-0.3,25.3,0.0 (cmd 0.0),0.0 (cmd 0.0)
0.2912,25.43,0.0,0.0,-0.21,0.0,0.0,-0.2,25.4,0.0 (cmd 0.0),0.0 (cmd 0.0)
0.29170000000000007,25.52,0.0,0.0,-0.25,0.0,0.0,-0.2,25.5,0.0 (cmd 0.0),0.0 (cmd 0.0)
0.2922,25.5,0.0,0.0,-0.24,0.0,0.0,-0.2,25.5,0.0 (cmd 0.0),0.0 (cmd 0.0)
0.2927,25.31,0.0,0.0,-0.22,0.0,0.0,-0.2,25.3,0.0 (cmd 0.0),0.0 (cmd 0.0)
0.2932,25.32,0.0,0.0,-0.24,0.0,0.0,-0.2,25.3,0.0 (cmd 0.0),0.0 (cmd 0.0)
0.29369999999999996,25.37,0.0,0.0,-0.2,0.0,0.0,-0.2,25.4,0.0 (cmd 0.0),0.0 (cmd 0.0)
0.2942000000000001,25.38,0.0,0.0,-0.15,0.0,0.0,-0.1,25.4,0.0 (cmd 0.0),0.0 (cmd 0.0)
0.29469999999999996,25.38,0.0,0.0,-0.15,0.0,0.0,-0.1,25.4,0.0 (cmd 0.0),0.0 (cmd 0.0)
0.29519999999999996,25.41,0.0,0.0,-0.16,0.0,0.0,-0.2,25.4,0.0 (cmd 0.0),0.0 (cmd 0.0)
0.29569999999999996,25.46,0.0,0.0,-0.11,0.0,0.0,-0.1,25.5,0.0 (cmd 0.0),0.0 (cmd 0.0)
0.29619999999999996,25.49,0.0,0.0,-0.04,0.0,0.0,-0.0,25.5,0.0 (cmd 0.0),0.0 (cmd 0.0)
0.2967,25.57,0.0,0.0,0.01,0.0,0.0,0.0,25.6,0.0 (cmd 0.0),0.0 (cmd 0.0)
0.29719999999999996,25.62,0.0,0.0,0.08,0.0,0.0,0.1,25.6,0.0 (cmd 0.0),0.0 (cmd 0.0)
0.29769999999999996,25.65,0.0,0.0,0.11,0.0,0.0,0.1,25.6,0.0 (cmd 0.0),0.0 (cmd 0.0)
0.29819999999999997,25.63,0.0,0.0,0.1,0.0,0.0,0.1,25.6,0.0 (cmd 0.0),0.0 (cmd 0.0)
0.29869999999999997,25.59,0.0,0.0,0.11,0.0,0.0,0.1,25.6,0.0 (cmd 0.0),0.0 (cmd 0.0)
0.2992,25.65,0.0,0.0,0.19,0.0,0.0,0.2,25.6,0.0 (cmd 0.0),0.0 (cmd 0.0)
0.29969999999999997,25.72,0.0,0.0,0.27,0.0,0.0,0.3,25.7,0.0 (cmd 0.0),0.0 (cmd 0.0)
0.30019999999999997,25.71,0.0,0.0,0.28,0.0,0.0,0.3,25.7,0.0 (cmd 0.0),0.0 (cmd 0.0)
0.30069999999999997,25.71,0.0,0.0,0.3,0.0,0.0,0.3,25.7,0.0 (cmd 0.0),0.0 (cmd 0.0)
0.30119999999999997,25.76,0.0,0.0,0.35,0.0,0.0,0.3,25.8,0.0 (cmd 0.0),0.0 (cmd 0.0)
0.3017,25.83,0.0,0.0,0.34,0.0,0.0,0.3,25.8,0.0 (cmd 0.0),0.0 (cmd 0.0)
0.30219999999999997,25.86,0.0,0.0,0.33,0.0,0.0,0.3,25.9,0.0 (cmd 0.0),0.0 (cmd 0.0)
0.30269999999999997,25.87,0.0,0.0,0.4,0.0,0.0,0.4,25.9,0.0 (cmd 0.0),0.0 (cmd 0.0)
0.30319999999999997,25.91,0.0,0.0,0.44,0.0,0.0,0.4,25.9,0.0 (cmd 0.0),0.0 (cmd 0.0)
0.30369999999999997,25.92,0.0,0.0,0.41,0.0,0.0,0.4,25.9,0.0 (cmd 0.0),0.0 (cmd 0.0)
0.3042,25.99,0.0,0.0,0.45,0.0,0.0,0.5,26.0,0.0 (cmd 0.0),0.0 (cmd 0.0)
0.30469999999999997,26.27,0.0,0.0,0.55,0.0,0.0,0.6,26.3,0.0 (cmd 0.0),0.0 (cmd 0.0)
0.30519999999999997,26.51,0.0,0.0,0.67,0.0,0.0,0.7,26.5,0.0 (cmd 0.0),0.0 (cmd 0.0)
0.30569999999999997,26.63,0.0,0.0,0.73,0.0,0.0,0.7,26.6,0.0 (cmd 0.0),0.0 (cmd 0.0)
0.30619999999999997,26.55,0.0,0.0,0.73,0.0,0.0,0.7,26.6,0.0 (cmd 0.0),0.0 (cmd 0.0)
0.30670000000000003,26.46,0.0,0.0,0.62,0.0,0.0,0.6,26.5,0.0 (cmd 0.0),0.0 (cmd 0.0)
0.3072,26.43,0.0,0.0,0.48,0.0,0.0,0.5,26.4,0.0 (cmd 0.0),0.0 (cmd 0.0)
0.3077,26.51,0.0,0.0,0.4,0.0,0.0,0.4,26.5,0.0 (cmd 0.0),0.0 (cmd 0.0)
0.3082,26.81,0.0,0.0,-0.02,0.0,0.0,-0.0,26.8,0.0 (cmd 0.0),0.0 (cmd 0.0)
0.3087,26.45,0.0,0.0,0.2,0.0,0.0,0.2,26.4,0.0 (cmd 0.0),0.0 (cmd 0.0)
0.30920000000000003,26.2,0.0,0.0,0.14,0.0,0.0,0.1,26.2,0.0 (cmd 0.0),0.0 (cmd 0.0)
0.3097,25.71,0.0,0.0,0.34,0.0,0.0,0.3,25.7,0.0 (cmd 0.0),0.0 (cmd 0.0)
0.3102,26.02,0.0,0.0,-0.03,0.0,0.0,-0.0,26.0,0.0 (cmd 0.0),0.0 (cmd 0.0)
0.3107,25.92,0.0,0.0,-0.35,0.0,0.0,-0.3,25.9,0.0 (cmd 0.0),0.0 (cmd 0.0)
0.3112,25.64,0.0,0.0,-1.33,0.0,0.0,-1.3,25.6,0.0 (cmd 0.0),0.0 (cmd 0.0)
0.31170000000000003,23.71,0.0,0.0,-2.8,0.0,0.0,-2.8,23.7,0.0 (cmd 0.0),0.0 (cmd 0.0)
0.3122,21.39,0.0,0.0,-4.13,0.0,0.0,-4.1,21.4,0.0 (cmd 0.0),0.0 (cmd 0.0)
0.3127,20.32,0.0,0.0,-4.37,0.0,0.0,-4.4,20.3,0.0 (cmd 0.0),0.0 (cmd 0.0)
0.3132,20.86,0.0,0.0,-4.92,0.0,0.0,-4.9,20.9,0.0 (cmd 0.0),0.0 (cmd 0.0)
0.3137,22.37,0.0,0.0,-3.71,0.0,0.0,-3.7,22.4,0.0 (cmd 0.0),0.0 (cmd 0.0)
0.31420000000000003,23.47,0.0,0.0,-1.65,0.0,0.0,-1.6,23.5,0.0 (cmd 0.0),0.0 (cmd 0.0)
0.3147,24.01,0.0,0.0,-0.62,0.0,0.0,-0.6,24.0,0.0 (cmd 0.0),0.0 (cmd 0.0)
0.3152,21.34,0.0,0.0,-0.77,0.0,0.0,-0.8,21.3,0.0 (cmd 0.0),0.0 (cmd 0.0)
0.3157,19.3,0.0,0.0,-2.22,0.0,0.0,-2.2,19.3,0.0 (cmd 0.0),0.0 (cmd 0.0)
0.3162,18.09,0.0,0.0,-3.32,0.0,0.0,-3.3,18.1,0.0 (cmd 0.0),0.0 (cmd 0.0)
0.31670000000000004,17.48,0.0,0.0,-3.58,0.0,0.0,-3.6,17.5,0.0 (cmd 0.0),0.0 (cmd 0.0)
0.3172,18.23,0.0,0.0,-3.07,0.0,0.0,-3.1,18.2,0.0 (cmd 0.0),0.0 (cmd 0.0)
0.3177,18.91,0.0,0.0,-2.7,0.0,0.0,-2.7,18.9,0.0 (cmd 0.0),0.0 (cmd 0.0)
0.3182,18.59,0.0,0.0,-3.11,0.0,0.0,-3.1,18.6,0.0 (cmd 0.0),0.0 (cmd 0.0)
0.3187,18.28,0.0,0.0,-3.45,0.0,0.0,-3.5,18.3,0.0 (cmd 0.0),0.0 (cmd 0.0)
0.31920000000000004,18.42,0.0,0.0,-3.43,0.0,0.0,-3.4,18.4,0.0 (cmd 0.0),0.0 (cmd 0.0)
0.3197,18.62,0.0,0.0,-3.34,0.0,0.0,-3.3,18.6,0.0 (cmd 0.0),0.0 (cmd 0.0)
0.32020000000000004,18.67,0.0,0.0,-3.49,0.0,0.0,-3.5,18.7,0.0 (cmd 0.0),0.0 (cmd 0.0)
0.3207,18.48,0.0,0.0,-3.5,0.0,0.0,-3.5,18.5,0.0 (cmd 0.0),0.0 (cmd 0.0)
0.3212,18.42,0.0,0.0,-3.43,0.0,0.0,-3.4,18.4,0.0 (cmd 0.0),0.0 (cmd 0.0)
0.32170000000000004,18.5,0.0,0.0,-3.46,0.0,0.0,-3.5,18.5,0.0 (cmd 0.0),0.0 (cmd 0.0)
0.3222,18.52,0.0,0.0,-3.44,0.0,0.0,-3.4,18.5,0.0 (cmd 0.0),0.0 (cmd 0.0)
0.32270000000000004,18.51,0.0,0.0,-3.38,0.0,0.0,-3.4,18.5,0.0 (cmd 0.0),0.0 (cmd 0.0)
0.3232,18.57,0.0,0.0,-3.37,0.0,0.0,-3.4,18.6,0.0 (cmd 0.0),0.0 (cmd 0.0)
0.3237,18.61,0.0,0.0,-3.34,0.0,0.0,-3.3,18.6,0.0 (cmd 0.0),0.0 (cmd 0.0)
0.32420000000000004,18.58,0.0,0.0,-3.37,0.0,0.0,-3.4,18.6,0.0 (cmd 0.0),0.0 (cmd 0.0)
0.3247,18.6,0.0,0.0,-3.41,0.0,0.0,-3.4,18.6,0.0 (cmd 0.0),0.0 (cmd 0.0)
0.32520000000000004,18.61,0.0,0.0,-3.41,0.0,0.0,-3.4,18.6,0.0 (cmd 0.0),0.0 (cmd 0.0)
0.3257,18.58,0.0,0.0,-3.42,0.0,0.0,-3.4,18.6,0.0 (cmd 0.0),0.0 (cmd 0.0)
0.3262,18.56,0.0,0.0,-3.44,0.0,0.0,-3.4,18.6,0.0 (cmd 0.0),0.0 (cmd 0.0)
0.32670000000000005,18.54,0.0,0.0,-3.44,0.0,0.0,-3.4,18.5,0.0 (cmd 0.0),0.0 (cmd 0.0)
0.3272,18.57,0.0,0.0,-3.43,0.0,0.0,-3.4,18.6,0.0 (cmd 0.0),0.0 (cmd 0.0)
0.32770000000000005,18.58,0.0,0.0,-3.4,0.0,0.0,-3.4,18.6,0.0 (cmd 0.0),0.0 (cmd 0.0)
0.3282,18.57,0.0,0.0,-3.41,0.0,0.0,-3.4,18.6,0.0 (cmd 0.0),0.0 (cmd 0.0)
0.3287,18.56,0.0,0.0,-3.47,0.0,0.0,-3.5,18.6,0.0 (cmd 0.0),0.0 (cmd 0.0)
0.32920000000000005,18.54,0.0,0.0,-3.5,0.0,0.0,-3.5,18.5,0.0 (cmd 0.0),0.0 (cmd 0.0)
0.3297,18.53,0.0,0.0,-3.53,0.0,0.0,-3.5,18.5,0.0 (cmd 0.0),0.0 (cmd 0.0)
0.33020000000000005,18.56,0.0,0.0,-3.53,0.0,0.0,-3.5,18.6,0.0 (cmd 0.0),0.0 (cmd 0.0)
0.3307,18.56,0.0,0.0,-3.53,0.0,0.0,-3.5,18.6,0.0 (cmd 0.0),0.0 (cmd 0.0)
0.3312,18.53,0.0,0.0,-3.49,0.0,0.0,-3.5,18.5,0.0 (cmd 0.0),0.0 (cmd 0.0)
0.33170000000000005,18.53,0.0,0.0,-3.41,0.0,0.0,-3.4,18.5,0.0 (cmd 0.0),0.0 (cmd 0.0)
0.3322,18.52,0.0,0.0,-3.33,0.0,0.0,-3.3,18.5,0.0 (cmd 0.0),0.0 (cmd 0.0)
0.33270000000000005,18.52,0.0,0.0,-3.3,0.0,0.0,-3.3,18.5,0.0 (cmd 0.0),0.0 (cmd 0.0)
0.3332,18.55,0.0,0.0,-3.31,0.0,0.0,-3.3,18.6,0.0 (cmd 0.0),0.0 (cmd 0.0)
0.3337,18.61,0.0,0.0,-3.36,0.0,0.0,-3.4,18.6,0.0 (cmd 0.0),0.0 (cmd 0.0)
0.33420000000000005,18.63,0.0,0.0,-3.4,0.0,0.0,-3.4,18.6,0.0 (cmd 0.0),0.0 (cmd 0.0)
0.3347,18.65,0.0,0.0,-3.44,0.0,0.0,-3.4,18.6,0.0 (cmd 0.0),0.0 (cmd 0.0)
0.33520000000000005,18.64,0.0,0.0,-3.41,0.0,0.0,-3.4,18.6,0.0 (cmd 0.0),0.0 (cmd 0.0)
0.3357,18.64,0.0,0.0,-3.31,0.0,0.0,-3.3,18.6,0.0 (cmd 0.0),0.0 (cmd 0.0)
0.3362,18.65,0.0,0.0,-3.26,0.0,0.0,-3.3,18.6,0.0 (cmd 0.0),0.0 (cmd 0.0)
0.33670000000000005,18.67,0.0,0.0,-3.28,0.0,0.0,-3.3,18.7,0.0 (cmd 0.0),0.0 (cmd 0.0)
0.3372,18.69,0.0,0.0,-3.29,0.0,0.0,-3.3,18.7,0.0 (cmd 0.0),0.0 (cmd 0.0)
0.33770000000000006,18.72,0.0,0.0,-3.27,0.0,0.0,-3.3,18.7,0.0 (cmd 0.0),0.0 (cmd 0.0)
0.3382,18.7,0.0,0.0,-3.33,0.0,0.0,-3.3,18.7,0.0 (cmd 0.0),0.0 (cmd 0.0)
0.3387,18.68,0.0,0.0,-3.37,0.0,0.0,-3.4,18.7,0.0 (cmd 0.0),0.0 (cmd 0.0)
0.33920000000000006,18.67,0.0,0.0,-3.35,0.0,0.0,-3.4,18.7,0.0 (cmd 0.0),0.0 (cmd 0.0)
0.3397,18.67,0.0,0.0,-3.3,0.0,0.0,-3.3,18.7,0.0 (cmd 0.0),0.0 (cmd 0.0)
0.34020000000000006,18.68,0.0,0.0,-3.3,0.0,0.0,-3.3,18.7,0.0 (cmd 0.0),0.0 (cmd 0.0)
0.3407,18.7,0.0,0.0,-3.33,0.0,0.0,-3.3,18.7,0.0 (cmd 0.0),0.0 (cmd 0.0)
0.3412,18.73,0.0,0.0,-3.44,0.0,0.0,-3.4,18.7,0.0 (cmd 0.0),0.0 (cmd 0.0)
0.34170000000000006,18.73,0.0,0.0,-3.44,0.0,0.0,-3.4,18.7,0.0 (cmd 0.0),0.0 (cmd 0.0)
0.3422,18.73,0.0,0.0,-3.49,0.0,0.0,-3.5,18.7,0.0 (cmd 0.0),0.0 (cmd 0.0)
0.34270000000000006,18.71,0.0,0.0,-3.53,0.0,0.0,-3.5,18.7,0.0 (cmd 0.0),0.0 (cmd 0.0)
0.3432,18.67,0.0,0.0,-3.62,0.0,0.0,-3.6,18.7,0.0 (cmd 0.0),0.0 (cmd 0.0)
0.3437,18.63,0.0,0.0,-3.61,0.0,0.0,-3.6,18.6,0.0 (cmd 0.0),0.0 (cmd 0.0)
0.34420000000000006,18.62,0.0,0.0,-3.56,0.0,0.0,-3.6,18.6,0.0 (cmd 0.0),0.0 (cmd 0.0)
0.3447,18.58,0.0,0.0,-3.57,0.0,0.0,-3.6,18.6,0.0 (cmd 0.0),0.0 (cmd 0.0)
0.34520000000000006,18.58,0.0,0.0,-3.57,0.0,0.0,-3.6,18.6,0.0 (cmd 0.0),0.0 (cmd 0.0)
0.3457,18.6,0.0,0.0,-3.54,0.0,0.0,-3.5,18.6,0.0 (cmd 0.0),0.0 (cmd 0.0)
0.3462,18.61,0.0,0.0,-3.56,0.0,0.0,-3.6,18.6,0.0 (cmd 0.0),0.0 (cmd 0.0)
0.34670000000000006,18.63,0.0,0.0,-3.54,0.0,0.0,-3.5,18.6,0.0 (cmd 0.0),0.0 (cmd 0.0)
0.3472,18.62,0.0,0.0,-3.54,0.0,0.0,-3.5,18.6,0.0 (cmd 0.0),0.0 (cmd 0.0)
0.34770000000000006,18.62,0.0,0.0,-3.55,0.0,0.0,-3.5,18.6,0.0 (cmd 0.0),0.0 (cmd 0.0)
0.3482,18.62,0.0,0.0,-3.55,0.0,0.0,-3.5,18.6,0.0 (cmd 0.0),0.0 (cmd 0.0)
0.3487,18.62,0.0,0.0,-3.54,0.0,0.0,-3.5,18.6,0.0 (cmd 0.0),0.0 (cmd 0.0)
0.34920000000000007,18.63,0.0,0.0,-3.52,0.0,0.0,-3.5,18.6,0.0 (cmd 0.0),0.0 (cmd 0.0)
0.3497,18.63,0.0,0.0,-3.5,0.0,0.0,-3.5,18.6,0.0 (cmd 0.0),0.0 (cmd 0.0)
0.35020000000000007,18.63,0.0,0.0,-3.51,0.0,0.0,-3.5,18.6,0.0 (cmd 0.0),0.0 (cmd 0.0)
0.3507,18.63,0.0,0.0,-3.51,0.0,0.0,-3.5,18.6,0.0 (cmd 0.0),0.0 (cmd 0.0)
0.3512,18.63,0.0,0.0,-3.53,0.0,0.0,-3.5,18.6,0.0 (cmd 0.0),0.0 (cmd 0.0)
0.35170000000000007,18.63,0.0,0.0,-3.53,0.0,0.0,-3.5,18.6,0.0 (cmd 0.0),0.0 (cmd 0.0)
0.3522,18.64,0.0,0.0,-3.53,0.0,0.0,-3.5,18.6,0.0 (cmd 0.0),0.0 (cmd 0.0)
0.35270000000000007,18.64,0.0,0.0,-3.55,0.0,0.0,-3.5,18.6,0.0 (cmd 0.0),0.0 (cmd 0.0)
0.3532,18.64,0.0,0.0,-3.55,0.0,0.0,-3.5,18.6,0.0 (cmd 0.0),0.0 (cmd 0.0)
0.3537,18.65,0.0,0.0,-3.55,0.0,0.0,-3.5,18.6,0.0 (cmd 0.0),0.0 (cmd 0.0)
0.35420000000000007,18.65,0.0,0.0,-3.56,0.0,0.0,-3.6,18.6,0.0 (cmd 0.0),0.0 (cmd 0.0)
0.3547,18.65,0.0,0.0,-3.54,0.0,0.0,-3.5,18.6,0.0 (cmd 0.0),0.0 (cmd 0.0)
0.35520000000000007,18.65,0.0,0.0,-3.55,0.0,0.0,-3.5,18.6,0.0 (cmd 0.0),0.0 (cmd 0.0)
0.3557,18.66,0.0,0.0,-3.53,0.0,0.0,-3.5,18.7,0.0 (cmd 0.0),0.0 (cmd 0.0)
0.35619999999999996,18.66,0.0,0.0,-3.53,0.0,0.0,-3.5,18.7,0.0 (cmd 0.0),0.0 (cmd 0.0)
0.3567000000000001,18.66,0.0,0.0,-3.55,0.0,0.0,-3.5,18.7,0.0 (cmd 0.0),0.0 (cmd 0.0)
0.35719999999999996,18.67,0.0,0.0,-3.53,0.0,0.0,-3.5,18.7,0.0 (cmd 0.0),0.0 (cmd 0.0)
0.3577,18.67,0.0,0.0,-3.54,0.0,0.0,-3.5,18.7,0.0 (cmd 0.0),0.0 (cmd 0.0)
0.35819999999999996,18.67,0.0,0.0,-3.54,0.0,0.0,-3.5,18.7,0.0 (cmd 0.0),0.0 (cmd 0.0)
0.35869999999999996,18.67,0.0,0.0,-3.54,0.0,0.0,-3.5,18.7,0.0 (cmd 0.0),0.0 (cmd 0.0)
0.3592,18.67,0.0,0.0,-3.54,0.0,0.0,-3.5,18.7,0.0 (cmd 0.0),0.0 (cmd 0.0)
0.35969999999999996,18.67,0.0,0.0,-3.53,0.0,0.0,-3.5,18.7,0.0 (cmd 0.0),0.0 (cmd 0.0)
0.3603,18.67,0.0,0.0,-3.53,0.0,0.0,-3.5,18.7,0.0 (cmd 0.0),0.0 (cmd 0.0)
0.36079999999999995,18.67,0.0,0.0,-3.53,0.0,0.0,-3.5,18.7,0.0 (cmd 0.0),0.0 (cmd 0.0)
0.3613,18.67,0.0,0.0,-3.53,0.0,0.0,-3.5,18.7,0.0 (cmd 0.0),0.0 (cmd 0.0)
0.3618,18.67,0.0,0.0,-3.53,0.0,0.0,-3.5,18.7,0.0 (cmd 0.0),0.0 (cmd 0.0)
0.36229999999999996,18.67,0.0,0.0,-3.53,0.0,0.0,-3.5,18.7,0.0 (cmd 0.0),0.0 (cmd 0.0)
0.3628,18.67,0.0,0.0,-3.53,0.0,0.0,-3.5,18.7,0.0 (cmd 0.0),0.0 (cmd 0.0)
0.36329999999999996,18.67,0.0,0.0,-3.53,0.0,0.0,-3.5,18.7,0.0 (cmd 0.0),0.0 (cmd 0.0)
0.3638,18.67,0.0,0.0,-3.53,0.0,0.0,-3.5,18.7,0.0 (cmd 0.0),0.0 (cmd 0.0)
0.3643,18.67,0.0,0.0,-3.53,0.0,0.0,-3.5,18.7,0.0 (cmd 0.0),0.0 (cmd 0.0)
0.36479999999999996,18.67,0.0,0.0,-3.53,0.0,0.0,-3.5,18.7,0.0 (cmd 0.0),0.0 (cmd 0.0)
0.3653,18.67,0.0,0.0,-3.53,0.0,0.0,-3.5,18.7,0.0 (cmd 0.0),0.0 (cmd 0.0)
0.36579999999999996,18.67,0.0,0.0,-3.53,0.0,0.0,-3.5,18.7,0.0 (cmd 0.0),0.0 (cmd 0.0)
0.3663,18.67,0.0,0.0,-3.53,0.0,0.0,-3.5,18.7,0.0 (cmd 0.0),0.0 (cmd 0.0)
0.3668,18.67,0.0,0.0,-3.52,0.0,0.0,-3.5,18.7,0.0 (cmd 0.0),0.0 (cmd 0.0)
0.36729999999999996,18.67,0.0,0.0,-3.52,0.0,0.0,-3.5,18.7,0.0 (cmd 0.0),0.0 (cmd 0.0)
0.3678,18.67,0.0,0.0,-3.52,0.0,0.0,-3.5,18.7,0.0 (cmd 0.0),0.0 (cmd 0.0)
0.36829999999999996,18.67,0.0,0.0,-3.52,0.0,0.0,-3.5,18.7,0.0 (cmd 0.0),0.0 (cmd 0.0)
0.3688,18.67,-1.8,0.0,-3.52,0.32,0.0,-3.5,18.7,0.0 (cmd -1.8),0.0 (cmd 0.3)
0.3693,18.67,-1.8,0.0,-3.51,0.32,0.0,-3.5,18.7,0.0 (cmd -1.8),0.0 (cmd 0.3)
0.36979999999999996,18.67,0.0,0.0,-3.51,190.65,0.0,-3.5,18.7,0.0 (cmd 0.0),0.0 (cmd 190.7)
0.3703,18.67,0.0,0.0,-3.51,271.31,0.0,-3.5,18.7,0.0 (cmd 0.0),0.0 (cmd 271.3)
0.37079999999999996,18.67,-0.01,0.0,-3.51,-0.01,0.0,-3.5,18.7,0.0 (cmd -0.0),0.0 (cmd -0.0)
0.3713,18.67,0.0,0.0,-3.51,0.0,0.0,-3.5,18.7,0.0 (cmd 0.0),0.0 (cmd 0.0)
0.3718,18.67,-0.01,0.0,-3.51,0.0,0.0,-3.5,18.7,0.0 (cmd -0.0),0.0 (cmd 0.0)
0.37229999999999996,18.67,0.0,0.0,-3.51,0.0,0.0,-3.5,18.7,0.0 (cmd 0.0),0.0 (cmd 0.0)
0.3728,18.67,0.0,0.0,-3.51,0.0,0.0,-3.5,18.7,0.0 (cmd 0.0),0.0 (cmd 0.0)
0.37329999999999997,18.67,0.0,0.0,-3.51,0.0,0.0,-3.5,18.7,0.0 (cmd 0.0),0.0 (cmd 0.0)
0.3738,18.67,-0.01,0.0,-3.51,0.0,0.0,-3.5,18.7,0.0 (cmd -0.0),0.0 (cmd 0.0)
0.3743,18.67,-0.01,0.0,-3.5,-0.01,0.0,-3.5,18.7,0.0 (cmd -0.0),0.0 (cmd -0.0)
0.37479999999999997,18.67,-0.01,0.0,-3.5,0.0,0.0,-3.5,18.7,0.0 (cmd -0.0),0.0 (cmd 0.0)
0.3753,18.68,-0.01,0.0,-3.5,-0.01,0.0,-3.5,18.7,0.0 (cmd -0.0),0.0 (cmd -0.0)
0.37579999999999997,18.68,0.0,0.0,-3.5,0.0,0.0,-3.5,18.7,0.0 (cmd 0.0),0.0 (cmd 0.0)
0.3763,18.68,-0.01,0.0,-3.5,0.0,0.0,-3.5,18.7,0.0 (cmd -0.0),0.0 (cmd 0.0)
0.3768,18.68,0.0,0.0,-3.5,-0.01,0.0,-3.5,18.7,0.0 (cmd 0.0),0.0 (cmd -0.0)
0.37729999999999997,18.68,0.0,0.0,-3.5,0.0,0.0,-3.5,18.7,0.0 (cmd 0.0),0.0 (cmd 0.0)
0.3778,18.68,0.0,0.0,-3.5,-0.01,0.0,-3.5,18.7,0.0 (cmd 0.0),0.0 (cmd -0.0)
0.37829999999999997,18.68,-0.01,0.0,-3.5,-0.01,0.0,-3.5,18.7,0.0 (cmd -0.0),0.0 (cmd -0.0)
0.3788,18.68,-0.01,0.0,-3.49,0.0,0.0,-3.5,18.7,0.0 (cmd -0.0),0.0 (cmd 0.0)
0.3793,18.68,0.0,0.0,-3.49,-11.91,0.0,-3.5,18.7,0.0 (cmd 0.0),0.0 (cmd -11.9)
0.37979999999999997,18.68,201.38,0.0,-3.49,0.0,0.0,-3.5,18.7,0.0 (cmd 201.4),0.0 (cmd 0.0)
0.3803,18.68,-0.01,0.0,-3.49,-0.01,0.0,-3.5,18.7,0.0 (cmd -0.0),0.0 (cmd -0.0)
0.38079999999999997,18.68,-0.01,0.0,-3.49,0.0,0.0,-3.5,18.7,0.0 (cmd -0.0),0.0 (cmd 0.0)
0.38130000000000003,18.68,0.0,0.0,-3.49,0.0,0.0,-3.5,18.7,0.0 (cmd 0.0),0.0 (cmd 0.0)
0.38180000000000003,18.68,0.0,0.0,-3.5,-0.01,0.0,-3.5,18.7,0.0 (cmd 0.0),0.0 (cmd -0.0)
0.3823,18.67,0.0,0.0,-3.51,0.0,0.0,-3.5,18.7,0.0 (cmd 0.0),0.0 (cmd 0.0)
0.38280000000000003,18.59,0.02,0.0,-3.61,0.0,0.0,-3.6,18.6,0.0 (cmd 0.0),0.0 (cmd 0.0)
0.3833,18.52,0.0,0.0,-3.67,0.0,0.0,-3.7,18.5,0.0 (cmd 0.0),0.0 (cmd 0.0)
0.38380000000000003,18.46,0.0,0.0,-3.66,0.0,0.0,-3.7,18.5,0.0 (cmd 0.0),0.0 (cmd 0.0)
0.38430000000000003,18.43,0.0,0.0,-3.72,0.0,0.0,-3.7,18.4,0.0 (cmd 0.0),0.0 (cmd 0.0)
0.3848,18.39,0.0,0.0,-3.77,0.0,0.0,-3.8,18.4,0.0 (cmd 0.0),0.0 (cmd 0.0)
0.38530000000000003,18.43,224.37,0.0,-3.66,0.0,0.0,-3.7,18.4,0.0 (cmd 224.4),0.0 (cmd 0.0)
0.3858,18.5,0.0,0.0,-3.6,-0.01,0.0,-3.6,18.5,0.0 (cmd 0.0),0.0 (cmd -0.0)
0.38630000000000003,18.52,-0.01,0.0,-3.57,-0.01,0.0,-3.6,18.5,0.0 (cmd -0.0),0.0 (cmd -0.0)
0.38680000000000003,18.54,0.0,0.0,-3.38,0.0,0.0,-3.4,18.5,0.0 (cmd 0.0),0.0 (cmd 0.0)
0.3873,18.65,-0.01,0.0,-3.12,0.0,0.0,-3.1,18.6,0.0 (cmd -0.0),0.0 (cmd 0.0)
0.38780000000000003,18.84,-224.46,0.0,-2.96,-0.01,0.0,-3.0,18.8,0.0 (cmd -224.5),0.0 (cmd -0.0)
0.3883,19.07,0.0,0.0,-2.85,-0.01,0.0,-2.9,19.1,0.0 (cmd 0.0),0.0 (cmd -0.0)
0.38880000000000003,19.33,0.0,0.0,-2.49,0.0,0.0,-2.5,19.3,0.0 (cmd 0.0),0.0 (cmd 0.0)
0.38930000000000003,19.39,0.0,0.0,-2.16,0.0,0.0,-2.2,19.4,0.0 (cmd 0.0),0.0 (cmd 0.0)
0.3898,19.61,0.37,0.0,-1.99,0.0,0.0,-2.0,19.6,0.0 (cmd 0.4),0.0 (cmd 0.0)
0.39030000000000004,20.37,-318.51,0.0,-1.89,0.0,0.0,-1.9,20.4,0.0 (cmd -318.5),0.0 (cmd 0.0)
0.3908,22.0,0.0,0.0,-1.75,-0.01,0.0,-1.8,22.0,0.0 (cmd 0.0),0.0 (cmd -0.0)
0.39130000000000004,21.88,-0.01,0.0,-1.67,-0.01,0.0,-1.7,21.9,0.0 (cmd -0.0),0.0 (cmd -0.0)
0.39180000000000004,20.47,-0.01,0.0,-1.73,0.0,0.0,-1.7,20.5,0.0 (cmd -0.0),0.0 (cmd 0.0)
0.3923,19.71,-0.01,0.0,-1.63,0.0,0.0,-1.6,19.7,0.0 (cmd -0.0),0.0 (cmd 0.0)
0.39280000000000004,20.53,-223.9,0.0,-1.31,0.0,0.0,-1.3,20.5,0.0 (cmd -223.9),0.0 (cmd 0.0)
0.3932999999999999,21.55,-0.01,0.0,-1.17,0.0,0.0,-1.2,21.6,0.0 (cmd -0.0),0.0 (cmd 0.0)
0.39380000000000004,21.86,0.0,0.0,-0.9,0.0,0.0,-0.9,21.9,0.0 (cmd 0.0),0.0 (cmd 0.0)
0.3943,22.24,0.0,0.0,-0.7,-0.01,0.0,-0.7,22.2,0.0 (cmd 0.0),0.0 (cmd -0.0)
0.39479999999999993,22.8,0.0,0.0,-0.81,0.0,0.0,-0.8,22.8,0.0 (cmd 0.0),0.0 (cmd 0.0)
0.3953,23.53,0.0,0.0,-0.96,0.0,0.0,-1.0,23.5,0.0 (cmd 0.0),0.0 (cmd 0.0)
0.39579999999999993,25.67,0.0,0.0,-1.2,0.0,0.0,-1.2,25.7,0.0 (cmd 0.0),0.0 (cmd 0.0)
0.3963,28.5,0.0,0.0,-0.76,0.0,0.0,-0.8,28.5,0.0 (cmd 0.0),0.0 (cmd 0.0)
0.3968,32.76,0.0,0.0,-0.47,0.0,0.0,-0.5,32.8,0.0 (cmd 0.0),0.0 (cmd 0.0)
0.39729999999999993,35.03,0.0,0.0,-0.03,-0.01,0.0,-0.0,35.0,0.0 (cmd 0.0),0.0 (cmd -0.0)
0.3978,40.41,0.0,0.0,0.5,0.0,0.0,0.5,40.4,0.0 (cmd 0.0),0.0 (cmd 0.0)
0.39829999999999993,54.12,-0.09,0.0,0.69,0.0,0.0,0.7,54.1,0.0 (cmd -0.1),0.0 (cmd 0.0)
0.3988,58.99,0.0,0.0,0.67,0.0,0.0,0.7,59.0,0.0 (cmd 0.0),0.0 (cmd 0.0)
0.3993,63.7,-0.01,0.0,0.83,0.0,0.0,0.8,63.7,0.0 (cmd -0.0),0.0 (cmd 0.0)
0.39979999999999993,67.85,0.0,0.0,0.88,0.0,0.0,0.9,67.8,0.0 (cmd 0.0),0.0 (cmd 0.0)
0.4003,70.35,0.0,0.0,0.84,0.0,0.0,0.8,70.3,0.0 (cmd 0.0),0.0 (cmd 0.0)
0.40079999999999993,72.29,-0.01,0.0,0.92,0.0,0.0,0.9,72.3,0.0 (cmd -0.0),0.0 (cmd 0.0)
0.4013,73.64,0.0,0.0,0.62,0.0,0.0,0.6,73.6,0.0 (cmd 0.0),0.0 (cmd 0.0)
0.4018,71.91,0.0,0.0,0.26,-0.01,0.0,0.3,71.9,0.0 (cmd 0.0),0.0 (cmd -0.0)
0.40229999999999994,68.49,0.0,0.0,-0.2,0.0,0.0,-0.2,68.5,0.0 (cmd 0.0),0.0 (cmd 0.0)
0.4028,61.54,0.0,0.0,-1.42,-0.01,0.0,-1.4,61.5,0.0 (cmd 0.0),0.0 (cmd -0.0)
0.40329999999999994,57.31,0.0,0.0,-1.74,-0.01,0.0,-1.7,57.3,0.0 (cmd 0.0),0.0 (cmd -0.0)
0.4038,49.2,0.0,0.0,-1.61,0.0,0.0,-1.6,49.2,0.0 (cmd 0.0),0.0 (cmd 0.0)
0.4043,45.23,0.0,0.0,-1.39,0.0,0.0,-1.4,45.2,0.0 (cmd 0.0),0.0 (cmd 0.0)
0.40479999999999994,35.01,0.0,0.0,-1.52,0.0,0.0,-1.5,35.0,0.0 (cmd 0.0),0.0 (cmd 0.0)
0.4053,30.17,-86.9,0.0,-1.52,-3.0,0.0,-1.5,30.2,0.0 (cmd -86.9),0.0 (cmd -3.0)
0.40579999999999994,28.18,-0.01,0.0,-1.57,-0.01,0.0,-1.6,28.2,0.0 (cmd -0.0),0.0 (cmd -0.0)
0.4063,26.47,0.0,0.0,-1.56,-0.01,0.0,-1.6,26.5,0.0 (cmd 0.0),0.0 (cmd -0.0)
0.4068,26.62,0.0,0.0,-1.37,0.0,0.0,-1.4,26.6,0.0 (cmd 0.0),0.0 (cmd 0.0)
0.40729999999999994,26.41,-0.01,0.0,-1.03,0.0,0.0,-1.0,26.4,0.0 (cmd -0.0),0.0 (cmd 0.0)
0.4078,26.47,0.0,0.0,-1.08,0.0,0.0,-1.1,26.5,0.0 (cmd 0.0),0.0 (cmd 0.0)
0.40829999999999994,25.31,0.0,0.0,-1.3,0.0,0.0,-1.3,25.3,0.0 (cmd 0.0),0.0 (cmd 0.0)
0.4088,23.88,0.0,0.0,-1.31,0.0,0.0,-1.3,23.9,0.0 (cmd 0.0),0.0 (cmd 0.0)
0.4093,23.0,0.0,0.0,-1.34,0.74,0.0,-1.3,23.0,0.0 (cmd 0.0),0.0 (cmd 0.7)
0.40979999999999994,21.0,0.0,0.0,-1.42,-0.01,0.0,-1.4,21.0,0.0 (cmd 0.0),0.0 (cmd -0.0)
0.4103,20.27,0.0,0.0,-1.97,0.0,0.0,-2.0,20.3,0.0 (cmd 0.0),0.0 (cmd 0.0)
0.41079999999999994,19.98,0.0,0.0,-2.1,0.0,0.0,-2.1,20.0,0.0 (cmd 0.0),0.0 (cmd 0.0)
0.4113,20.14,0.0,0.0,-1.9,215.62,0.0,-1.9,20.1,0.0 (cmd 0.0),0.0 (cmd 215.6)
0.4118,20.02,0.0,0.0,-1.76,0.0,0.0,-1.8,20.0,0.0 (cmd 0.0),0.0 (cmd 0.0)
0.41229999999999994,19.93,323.87,0.0,-1.76,0.0,0.0,-1.8,19.9,0.0 (cmd 323.9),0.0 (cmd 0.0)
0.4128,19.61,0.0,0.0,-1.81,-0.74,0.0,-1.8,19.6,0.0 (cmd 0.0),0.0 (cmd -0.7)
0.41329999999999995,19.56,0.0,0.0,-1.86,-51.91,0.0,-1.9,19.6,0.0 (cmd 0.0),0.0 (cmd -51.9)
0.4138,19.24,0.0,0.0,-1.87,0.0,0.0,-1.9,19.2,0.0 (cmd 0.0),0.0 (cmd 0.0)
0.4143,18.64,0.0,0.0,-1.72,0.0,0.0,-1.7,18.6,0.0 (cmd 0.0),0.0 (cmd 0.0)
0.41479999999999995,18.69,0.0,0.0,-2.01,0.0,0.0,-2.0,18.7,0.0 (cmd 0.0),0.0 (cmd 0.0)
0.4153,18.31,0.0,0.0,-2.16,0.0,0.0,-2.2,18.3,0.0 (cmd 0.0),0.0 (cmd 0.0)
0.41579999999999995,18.08,0.0,0.0,-2.36,-11.92,0.0,-2.4,18.1,0.0 (cmd 0.0),0.0 (cmd -11.9)
0.4163,17.88,0.0,0.0,-2.45,-0.01,0.0,-2.5,17.9,0.0 (cmd 0.0),0.0 (cmd -0.0)
0.4168,17.28,0.0,0.0,-2.54,-78.94,0.0,-2.5,17.3,0.0 (cmd 0.0),0.0 (cmd -78.9)
0.41729999999999995,16.84,0.0,0.0,-2.42,-0.01,0.0,-2.4,16.8,0.0 (cmd 0.0),0.0 (cmd -0.0)
0.4178,16.5,0.0,0.0,-2.67,0.0,0.0,-2.7,16.5,0.0 (cmd 0.0),0.0 (cmd 0.0)
0.41829999999999995,16.23,0.0,0.0,-2.81,-0.01,0.0,-2.8,16.2,0.0 (cmd 0.0),0.0 (cmd -0.0)
0.4188,16.11,0.0,0.0,-2.88,0.0,0.0,-2.9,16.1,0.0 (cmd 0.0),0.0 (cmd 0.0)
0.4193,16.09,0.0,0.0,-2.84,-0.01,0.0,-2.8,16.1,0.0 (cmd 0.0),0.0 (cmd -0.0)
0.41979999999999995,16.24,-101.44,0.0,-2.77,0.0,0.0,-2.8,16.2,0.0 (cmd -101.4),0.0 (cmd 0.0)
0.4203,16.52,0.0,0.0,-2.48,2.97,0.0,-2.5,16.5,0.0 (cmd 0.0),0.0 (cmd 3.0)
0.42079999999999995,16.89,0.0,0.0,-2.21,0.0,0.0,-2.2,16.9,0.0 (cmd 0.0),0.0 (cmd 0.0)
0.4213,17.03,-0.01,0.0,-2.06,-253.73,0.0,-2.1,17.0,0.0 (cmd -0.0),0.0 (cmd -253.7)
0.4218,17.21,0.0,0.0,-2.02,0.0,0.0,-2.0,17.2,0.0 (cmd 0.0),0.0 (cmd 0.0)
0.42229999999999995,17.34,0.0,0.0,-2.14,0.0,0.0,-2.1,17.3,0.0 (cmd 0.0),0.0 (cmd 0.0)
0.4228,17.45,0.0,0.0,-2.26,-0.01,0.0,-2.3,17.4,0.0 (cmd 0.0),0.0 (cmd -0.0)
0.42329999999999995,17.4,-0.01,0.0,-2.08,0.0,0.0,-2.1,17.4,0.0 (cmd -0.0),0.0 (cmd 0.0)
0.4238,17.48,0.0,0.0,-2.13,0.0,0.0,-2.1,17.5,0.0 (cmd 0.0),0.0 (cmd 0.0)
0.4243,19.08,297.63,0.0,-2.06,0.0,0.0,-2.1,19.1,0.0 (cmd 297.6),0.0 (cmd 0.0)
0.42479999999999996,22.86,0.0,0.0,-1.86,0.0,0.0,-1.9,22.9,0.0 (cmd 0.0),0.0 (cmd 0.0)
0.4253,29.17,-0.01,0.0,-1.42,-0.01,0.0,-1.4,29.2,0.0 (cmd -0.0),0.0 (cmd -0.0)
0.42579999999999996,41.63,0.0,0.0,-1.06,0.0,0.0,-1.1,41.6,0.0 (cmd 0.0),0.0 (cmd 0.0)
0.4263,51.54,0.0,0.0,-0.75,0.0,0.0,-0.8,51.5,0.0 (cmd 0.0),0.0 (cmd 0.0)
0.4268,63.11,-0.01,0.0,-0.15,0.0,0.0,-0.1,63.1,0.0 (cmd -0.0),0.0 (cmd 0.0)
0.42729999999999996,70.61,0.37,0.0,-0.13,0.0,0.0,-0.1,70.6,0.0 (cmd 0.4),0.0 (cmd 0.0)
0.4278,74.34,0.0,0.0,-0.48,0.0,0.0,-0.5,74.3,0.0 (cmd 0.0),0.0 (cmd 0.0)
0.42829999999999996,73.54,-266.79,0.0,-0.79,0.0,0.0,-0.8,73.5,0.0 (cmd -266.8),0.0 (cmd 0.0)
0.4288,70.07,-0.01,0.0,-1.37,0.0,0.0,-1.4,70.1,0.0 (cmd -0.0),0.0 (cmd 0.0)
0.4293,66.93,0.0,0.0,-2.64,0.0,0.0,-2.6,66.9,0.0 (cmd 0.0),0.0 (cmd 0.0)
0.42979999999999996,53.26,0.0,0.0,-2.89,-0.01,0.0,-2.9,53.3,0.0 (cmd 0.0),0.0 (cmd -0.0)
0.4303,41.98,0.0,0.0,-2.64,-107.27,0.0,-2.6,42.0,0.0 (cmd 0.0),0.0 (cmd -107.3)
0.43079999999999996,30.73,0.0,0.0,-2.44,268.84,0.0,-2.4,30.7,0.0 (cmd 0.0),0.0 (cmd 268.8)
0.4313,19.6,0.0,0.0,-2.55,0.0,0.0,-2.5,19.6,0.0 (cmd 0.0),0.0 (cmd 0.0)
0.4318,12.8,0.0,0.0,-2.48,0.0,0.0,-2.5,12.8,0.0 (cmd 0.0),0.0 (cmd 0.0)
0.43229999999999996,9.54,0.0,0.0,-2.32,-0.01,0.0,-2.3,9.5,0.0 (cmd 0.0),0.0 (cmd -0.0)
0.4328,8.44,-0.01,0.0,-2.28,0.0,0.0,-2.3,8.4,0.0 (cmd -0.0),0.0 (cmd 0.0)
0.43329999999999996,8.95,-0.01,0.0,-2.02,0.0,0.0,-2.0,8.9,0.0 (cmd -0.0),0.0 (cmd 0.0)
0.4338,9.54,0.0,0.0,-1.83,0.0,0.0,-1.8,9.5,0.0 (cmd 0.0),0.0 (cmd 0.0)
0.4343,11.71,-0.01,0.0,-1.9,0.0,0.0,-1.9,11.7,0.0 (cmd -0.0),0.0 (cmd 0.0)
0.43479999999999996,12.16,-0.18,0.0,-1.63,0.0,0.0,-1.6,12.2,0.0 (cmd -0.2),0.0 (cmd 0.0)
0.4353,11.16,0.0,0.0,-1.77,0.0,0.0,-1.8,11.2,0.0 (cmd 0.0),0.0 (cmd 0.0)
0.43579999999999997,10.91,-236.22,0.0,-1.92,-0.01,0.0,-1.9,10.9,0.0 (cmd -236.2),0.0 (cmd -0.0)
0.4363,11.04,-0.01,0.0,-1.75,-0.01,0.0,-1.8,11.0,0.0 (cmd -0.0),0.0 (cmd -0.0)
0.4368,11.12,0.0,0.0,-1.56,-191.0,0.0,-1.6,11.1,0.0 (cmd 0.0),0.0 (cmd -191.0)
0.43729999999999997,11.13,-0.01,0.0,-1.61,0.0,0.0,-1.6,11.1,0.0 (cmd -0.0),0.0 (cmd 0.0)
0.4378,11.11,0.0,0.0,-1.69,-0.01,0.0,-1.7,11.1,0.0 (cmd 0.0),0.0 (cmd -0.0)
0.43829999999999997,11.2,0.0,0.0,-1.68,0.0,0.0,-1.7,11.2,0.0 (cmd 0.0),0.0 (cmd 0.0)
0.4388,11.32,0.0,0.0,-1.74,0.0,0.0,-1.7,11.3,0.0 (cmd 0.0),0.0 (cmd 0.0)
0.4393,11.31,-0.01,0.0,-1.78,0.0,0.0,-1.8,11.3,0.0 (cmd -0.0),0.0 (cmd 0.0)
0.43979999999999997,11.21,-0.37,0.0,-1.83,251.32,0.0,-1.8,11.2,0.0 (cmd -0.4),0.0 (cmd 251.3)
0.4403,11.18,0.0,0.0,-1.92,-0.01,0.0,-1.9,11.2,0.0 (cmd 0.0),0.0 (cmd -0.0)
0.44079999999999997,11.12,0.0,0.0,-1.93,0.0,0.0,-1.9,11.1,0.0 (cmd 0.0),0.0 (cmd 0.0)
0.4413,11.06,0.0,0.0,-1.96,-0.01,0.0,-2.0,11.1,0.0 (cmd 0.0),0.0 (cmd -0.0)
0.4418,10.94,-0.01,0.0,-2.03,-2.97,0.0,-2.0,10.9,0.0 (cmd -0.0),0.0 (cmd -3.0)
0.44229999999999997,10.96,0.0,0.0,-2.05,0.0,0.0,-2.0,11.0,0.0 (cmd 0.0),0.0 (cmd 0.0)
0.4428,11.07,0.0,0.0,-2.06,0.0,0.0,-2.1,11.1,0.0 (cmd 0.0),0.0 (cmd 0.0)
0.44329999999999997,11.18,0.0,0.0,-2.01,0.0,0.0,-2.0,11.2,0.0 (cmd 0.0),0.0 (cmd 0.0)
0.44380000000000003,11.18,0.0,0.0,-2.0,0.0,0.0,-2.0,11.2,0.0 (cmd 0.0),0.0 (cmd 0.0)
0.44430000000000003,11.15,0.0,0.0,-2.07,0.0,0.0,-2.1,11.2,0.0 (cmd 0.0),0.0 (cmd 0.0)
0.4448,11.04,0.0,0.0,-2.17,0.0,0.0,-2.2,11.0,0.0 (cmd 0.0),0.0 (cmd 0.0)
0.44530000000000003,10.87,0.0,0.0,-2.35,0.0,0.0,-2.4,10.9,0.0 (cmd 0.0),0.0 (cmd 0.0)
0.4458,10.73,0.0,0.0,-2.48,0.0,0.0,-2.5,10.7,0.0 (cmd 0.0),0.0 (cmd 0.0)
0.44630000000000003,10.65,0.0,0.0,-2.55,0.0,0.0,-2.5,10.7,0.0 (cmd 0.0),0.0 (cmd 0.0)
0.44680000000000003,10.55,0.0,0.0,-2.64,0.0,0.0,-2.6,10.6,0.0 (cmd 0.0),0.0 (cmd 0.0)
0.4473,10.5,0.0,0.0,-2.69,0.0,0.0,-2.7,10.5,0.0 (cmd 0.0),0.0 (cmd 0.0)
0.44889999999999997,10.5,0.0,0.0,-2.72,0.0,0.0,-2.7,10.5,0.0 (cmd 0.0),0.0 (cmd 0.0)
0.44939999999999997,10.51,0.0,0.0,-2.84,0.0,0.0,-2.8,10.5,0.0 (cmd 0.0),0.0 (cmd 0.0)
0.45,10.52,0.0,0.0,-2.84,0.0,0.0,-2.8,10.5,0.0 (cmd 0.0),0.0 (cmd 0.0)
0.4515,10.55,0.0,0.0,-2.86,0.0,0.0,-2.9,10.6,0.0 (cmd 0.0),0.0 (cmd 0.0)
0.452,10.59,0.0,0.0,-2.83,0.0,0.0,-2.8,10.6,0.0 (cmd 0.0),0.0 (cmd 0.0)
0.4525,10.61,0.0,0.0,-2.82,0.0,0.0,-2.8,10.6,0.0 (cmd 0.0),0.0 (cmd 0.0)
0.453,10.61,0.0,0.0,-2.81,0.0,0.0,-2.8,10.6,0.0 (cmd 0.0),0.0 (cmd 0.0)
0.4535,10.6,0.0,0.0,-2.78,0.0,0.0,-2.8,10.6,0.0 (cmd 0.0),0.0 (cmd 0.0)
0.454,10.63,0.0,0.0,-2.78,0.0,0.0,-2.8,10.6,0.0 (cmd 0.0),0.0 (cmd 0.0)
0.4545,10.64,0.0,0.0,-2.77,0.0,0.0,-2.8,10.6,0.0 (cmd 0.0),0.0 (cmd 0.0)
0.455,10.63,0.0,0.0,-2.77,0.0,0.0,-2.8,10.6,0.0 (cmd 0.0),0.0 (cmd 0.0)
0.4555,10.63,0.0,0.0,-2.8,0.0,0.0,-2.8,10.6,0.0 (cmd 0.0),0.0 (cmd 0.0)
0.456,10.64,0.0,0.0,-2.79,0.0,0.0,-2.8,10.6,0.0 (cmd 0.0),0.0 (cmd 0.0)
0.4565,10.65,0.0,0.0,-2.79,0.0,0.0,-2.8,10.7,0.0 (cmd 0.0),0.0 (cmd 0.0)
0.457,10.65,0.0,0.0,-2.8,0.0,0.0,-2.8,10.7,0.0 (cmd 0.0),0.0 (cmd 0.0)
0.4575,10.66,0.0,0.0,-2.78,0.0,0.0,-2.8,10.7,0.0 (cmd 0.0),0.0 (cmd 0.0)
0.458,10.67,0.0,0.0,-2.78,0.0,0.0,-2.8,10.7,0.0 (cmd 0.0),0.0 (cmd 0.0)
0.4585,10.68,0.0,0.0,-2.78,0.0,0.0,-2.8,10.7,0.0 (cmd 0.0),0.0 (cmd 0.0)
0.459,10.69,0.0,0.0,-2.77,0.0,0.0,-2.8,10.7,0.0 (cmd 0.0),0.0 (cmd 0.0)
0.4595,10.69,0.0,0.0,-2.8,0.0,0.0,-2.8,10.7,0.0 (cmd 0.0),0.0 (cmd 0.0)
0.46,10.69,0.0,0.0,-2.8,0.0,0.0,-2.8,10.7,0.0 (cmd 0.0),0.0 (cmd 0.0)
0.4605,10.72,0.0,0.0,-2.78,0.0,0.0,-2.8,10.7,0.0 (cmd 0.0),0.0 (cmd 0.0)
0.461,10.72,0.0,0.0,-2.79,0.0,0.0,-2.8,10.7,0.0 (cmd 0.0),0.0 (cmd 0.0)
0.4615,10.71,0.0,0.0,-2.78,0.0,0.0,-2.8,10.7,0.0 (cmd 0.0),0.0 (cmd 0.0)
0.462,10.72,0.0,0.0,-2.79,0.0,0.0,-2.8,10.7,0.0 (cmd 0.0),0.0 (cmd 0.0)
0.4625,10.73,0.0,0.0,-2.78,0.0,0.0,-2.8,10.7,0.0 (cmd 0.0),0.0 (cmd 0.0)
0.463,10.73,0.0,0.0,-2.79,0.0,0.0,-2.8,10.7,0.0 (cmd 0.0),0.0 (cmd 0.0)
0.4635,10.76,0.0,0.0,-2.78,0.0,0.0,-2.8,10.8,0.0 (cmd 0.0),0.0 (cmd 0.0)
0.464,10.77,0.0,0.0,-2.77,0.0,0.0,-2.8,10.8,0.0 (cmd 0.0),0.0 (cmd 0.0)
0.4645,10.79,0.0,0.0,-2.76,0.0,0.0,-2.8,10.8,0.0 (cmd 0.0),0.0 (cmd 0.0)
0.465,10.8,0.0,0.0,-2.75,0.0,0.0,-2.8,10.8,0.0 (cmd 0.0),0.0 (cmd 0.0)
0.4655,10.8,0.0,0.0,-2.75,0.0,0.0,-2.8,10.8,0.0 (cmd 0.0),0.0 (cmd 0.0)
0.466,10.81,0.0,0.0,-2.76,0.0,0.0,-2.8,10.8,0.0 (cmd 0.0),0.0 (cmd 0.0)
0.4665,10.8,0.0,0.0,-2.73,0.0,0.0,-2.7,10.8,0.0 (cmd 0.0),0.0 (cmd 0.0)
0.467,10.8,0.0,0.0,-2.71,0.0,0.0,-2.7,10.8,0.0 (cmd 0.0),0.0 (cmd 0.0)
0.4675,10.8,0.0,0.0,-2.69,0.0,0.0,-2.7,10.8,0.0 (cmd 0.0),0.0 (cmd 0.0)
0.468,10.82,0.0,0.0,-2.68,0.0,0.0,-2.7,10.8,0.0 (cmd 0.0),0.0 (cmd 0.0)
0.4685,10.81,0.0,0.0,-2.66,0.0,0.0,-2.7,10.8,0.0 (cmd 0.0),0.0 (cmd 0.0)
0.469,10.8,0.0,0.0,-2.65,0.0,0.0,-2.6,10.8,0.0 (cmd 0.0),0.0 (cmd 0.0)
0.4695,10.8,0.0,0.0,-2.65,0.0,0.0,-2.6,10.8,0.0 (cmd 0.0),0.0 (cmd 0.0)
0.47,10.78,0.0,0.0,-2.64,0.0,0.0,-2.6,10.8,0.0 (cmd 0.0),0.0 (cmd 0.0)
0.4705,10.77,0.0,0.0,-2.63,0.0,0.0,-2.6,10.8,0.0 (cmd 0.0),0.0 (cmd 0.0)
0.471,10.76,0.0,0.0,-2.62,0.0,0.0,-2.6,10.8,0.0 (cmd 0.0),0.0 (cmd 0.0)
0.4715,10.76,0.0,0.0,-2.62,0.0,0.0,-2.6,10.8,0.0 (cmd 0.0),0.0 (cmd 0.0)
0.472,10.75,0.0,0.0,-2.61,0.0,0.0,-2.6,10.8,0.0 (cmd 0.0),0.0 (cmd 0.0)
0.4725,10.74,0.0,0.0,-2.61,0.0,0.0,-2.6,10.7,0.0 (cmd 0.0),0.0 (cmd 0.0)
0.473,10.76,0.0,0.0,-2.61,0.0,0.0,-2.6,10.8,0.0 (cmd 0.0),0.0 (cmd 0.0)
0.4735,10.79,0.0,0.0,-2.61,0.0,0.0,-2.6,10.8,0.0 (cmd 0.0),0.0 (cmd 0.0)
0.474,10.79,0.0,0.0,-2.61,0.0,0.0,-2.6,10.8,0.0 (cmd 0.0),0.0 (cmd 0.0)
0.4745,10.77,0.0,0.0,-2.61,0.0,0.0,-2.6,10.8,0.0 (cmd 0.0),0.0 (cmd 0.0)
0.475,10.76,0.0,0.0,-2.62,0.0,0.0,-2.6,10.8,0.0 (cmd 0.0),0.0 (cmd 0.0)
0.4755,10.77,0.0,0.0,-2.61,0.0,0.0,-2.6,10.8,0.0 (cmd 0.0),0.0 (cmd 0.0)
0.476,10.78,0.0,0.0,-2.6,0.0,0.0,-2.6,10.8,0.0 (cmd 0.0),0.0 (cmd 0.0)
0.4765,10.79,0.0,0.0,-2.61,0.0,0.0,-2.6,10.8,0.0 (cmd 0.0),0.0 (cmd 0.0)
0.477,10.8,0.0,0.0,-2.6,0.0,0.0,-2.6,10.8,0.0 (cmd 0.0),0.0 (cmd 0.0)
0.4775,10.81,0.0,0.0,-2.6,0.0,0.0,-2.6,10.8,0.0 (cmd 0.0),0.0 (cmd 0.0)
0.478,10.79,0.0,0.0,-2.6,0.0,0.0,-2.6,10.8,0.0 (cmd 0.0),0.0 (cmd 0.0)
0.4785,10.79,0.0,0.0,-2.57,0.0,0.0,-2.6,10.8,0.0 (cmd 0.0),0.0 (cmd 0.0)
0.479,10.83,0.0,0.0,-2.57,0.0,0.0,-2.6,10.8,0.0 (cmd 0.0),0.0 (cmd 0.0)
0.4795,10.84,0.0,0.0,-2.56,0.0,0.0,-2.6,10.8,0.0 (cmd 0.0),0.0 (cmd 0.0)
0.48,10.85,0.0,0.0,-2.57,0.0,0.0,-2.6,10.8,0.0 (cmd 0.0),0.0 (cmd 0.0)
0.4805,10.87,0.0,0.0,-2.58,0.0,0.0,-2.6,10.9,0.0 (cmd 0.0),0.0 (cmd 0.0)
0.481,10.87,0.0,0.0,-2.56,0.0,0.0,-2.6,10.9,0.0 (cmd 0.0),0.0 (cmd 0.0)
0.4815,10.86,0.0,0.0,-2.57,0.0,0.0,-2.6,10.9,0.0 (cmd 0.0),0.0 (cmd 0.0)
0.482,10.84,0.0,0.0,-2.59,0.0,0.0,-2.6,10.8,0.0 (cmd 0.0),0.0 (cmd 0.0)
0.4825,10.83,0.0,0.0,-2.6,0.0,0.0,-2.6,10.8,0.0 (cmd 0.0),0.0 (cmd 0.0)
0.483,10.85,0.0,0.0,-2.61,0.0,0.0,-2.6,10.8,0.0 (cmd 0.0),0.0 (cmd 0.0)
0.4835,10.83,0.0,0.0,-2.62,0.0,0.0,-2.6,10.8,0.0 (cmd 0.0),0.0 (cmd 0.0)
0.484,10.8,0.0,0.0,-2.65,0.0,0.0,-2.6,10.8,0.0 (cmd 0.0),0.0 (cmd 0.0)
0.4845,10.75,0.0,0.0,-2.64,0.0,0.0,-2.6,10.8,0.0 (cmd 0.0),0.0 (cmd 0.0)
0.485,10.72,0.0,0.0,-2.6,0.0,0.0,-2.6,10.7,0.0 (cmd 0.0),0.0 (cmd 0.0)
0.4855,10.61,0.0,0.0,-2.61,0.0,0.0,-2.6,10.6,0.0 (cmd 0.0),0.0 (cmd 0.0)
0.486,10.43,0.0,0.0,-2.61,0.0,0.0,-2.6,10.4,0.0 (cmd 0.0),0.0 (cmd 0.0)
0.4865,10.48,0.0,0.0,-2.66,0.0,0.0,-2.7,10.5,0.0 (cmd 0.0),0.0 (cmd 0.0)
0.487,10.56,0.0,0.0,-2.64,0.0,0.0,-2.6,10.6,0.0 (cmd 0.0),0.0 (cmd 0.0)
0.4875,10.59,0.0,0.0,-2.58,0.0,0.0,-2.6,10.6,0.0 (cmd 0.0),0.0 (cmd 0.0)
0.488,10.63,0.0,0.0,-2.61,0.0,0.0,-2.6,10.6,0.0 (cmd 0.0),0.0 (cmd 0.0)
0.4885,10.65,0.0,0.0,-2.55,0.0,0.0,-2.5,10.7,0.0 (cmd 0.0),0.0 (cmd 0.0)
0.489,10.67,0.0,0.0,-2.44,0.0,0.0,-2.4,10.7,0.0 (cmd 0.0),0.0 (cmd 0.0)
0.4895,10.71,0.0,0.0,-2.44,0.0,0.0,-2.4,10.7,0.0 (cmd 0.0),0.0 (cmd 0.0)
0.49,10.75,0.0,0.0,-2.44,0.0,0.0,-2.4,10.8,0.0 (cmd 0.0),0.0 (cmd 0.0)
0.4905,10.76,0.0,0.0,-2.43,0.0,0.0,-2.4,10.8,0.0 (cmd 0.0),0.0 (cmd 0.0)
0.491,10.79,0.0,0.0,-2.42,0.0,0.0,-2.4,10.8,0.0 (cmd 0.0),0.0 (cmd 0.0)
0.4915,10.8,0.0,0.0,-2.4,0.0,0.0,-2.4,10.8,0.0 (cmd 0.0),0.0 (cmd 0.0)
0.492,10.8,0.0,0.0,-2.41,0.0,0.0,-2.4,10.8,0.0 (cmd 0.0),0.0 (cmd 0.0)
0.4925,10.85,0.0,0.0,-2.43,0.0,0.0,-2.4,10.8,0.0 (cmd 0.0),0.0 (cmd 0.0)
0.493,10.9,0.0,0.0,-2.41,0.0,0.0,-2.4,10.9,0.0 (cmd 0.0),0.0 (cmd 0.0)
0.4935,10.9,0.0,0.0,-2.42,0.0,0.0,-2.4,10.9,0.0 (cmd 0.0),0.0 (cmd 0.0)
0.494,10.89,0.0,0.0,-2.4,0.0,0.0,-2.4,10.9,0.0 (cmd 0.0),0.0 (cmd 0.0)
0.4945,10.89,0.0,0.0,-2.38,0.0,0.0,-2.4,10.9,0.0 (cmd 0.0),0.0 (cmd 0.0)
0.495,10.89,0.0,0.0,-2.38,0.0,0.0,-2.4,10.9,0.0 (cmd 0.0),0.0 (cmd 0.0)
0.4955,10.85,0.0,0.0,-2.38,0.0,0.0,-2.4,10.8,0.0 (cmd 0.0),0.0 (cmd 0.0)
0.496,10.88,0.0,0.0,-2.43,0.0,0.0,-2.4,10.9,0.0 (cmd 0.0),0.0 (cmd 0.0)
0.4965,10.91,0.0,0.0,-2.39,0.0,0.0,-2.4,10.9,0.0 (cmd 0.0),0.0 (cmd 0.0)
0.497,10.9,0.0,0.0,-2.39,0.0,0.0,-2.4,10.9,0.0 (cmd 0.0),0.0 (cmd 0.0)
0.4975,10.89,0.0,0.0,-2.42,0.0,0.0,-2.4,10.9,0.0 (cmd 0.0),0.0 (cmd 0.0)
0.498,10.89,0.0,0.0,-2.43,0.0,0.0,-2.4,10.9,0.0 (cmd 0.0),0.0 (cmd 0.0)
0.4985,10.89,0.0,0.0,-2.43,0.0,0.0,-2.4,10.9,0.0 (cmd 0.0),0.0 (cmd 0.0)
0.499,10.91,0.0,0.0,-2.44,0.0,0.0,-2.4,10.9,0.0 (cmd 0.0),0.0 (cmd 0.0)
0.4995,10.91,0.0,0.0,-2.42,0.0,0.0,-2.4,10.9,0.0 (cmd 0.0),0.0 (cmd 0.0)
0.5,10.9,0.0,0.0,-2.44,0.0,0.0,-2.4,10.9,0.0 (cmd 0.0),0.0 (cmd 0.0)
0.5005,10.88,0.0,0.0,-2.45,0.0,0.0,-2.5,10.9,0.0 (cmd 0.0),0.0 (cmd 0.0)
0.501,10.89,0.0,0.0,-2.45,0.0,0.0,-2.5,10.9,0.0 (cmd 0.0),0.0 (cmd 0.0)
0.5015,10.9,0.0,0.0,-2.44,0.0,0.0,-2.4,10.9,0.0 (cmd 0.0),0.0 (cmd 0.0)
0.502,10.94,0.0,0.0,-2.44,0.0,0.0,-2.4,10.9,0.0 (cmd 0.0),0.0 (cmd 0.0)
0.5025,10.97,0.0,0.0,-2.43,0.0,0.0,-2.4,11.0,0.0 (cmd 0.0),0.0 (cmd 0.0)
0.503,10.98,0.0,0.0,-2.44,0.0,0.0,-2.4,11.0,0.0 (cmd 0.0),0.0 (cmd 0.0)
0.5035,10.94,0.0,0.0,-2.43,0.0,0.0,-2.4,10.9,0.0 (cmd 0.0),0.0 (cmd 0.0)
0.504,10.9,0.0,0.0,-2.36,0.0,0.0,-2.4,10.9,0.0 (cmd 0.0),0.0 (cmd 0.0)
0.5045,10.88,0.0,0.0,-2.33,0.0,0.0,-2.3,10.9,0.0 (cmd 0.0),0.0 (cmd 0.0)
0.505,10.9,0.0,0.0,-2.32,0.0,0.0,-2.3,10.9,0.0 (cmd 0.0),0.0 (cmd 0.0)
0.5055,10.92,0.0,0.0,-2.31,0.0,0.0,-2.3,10.9,0.0 (cmd 0.0),0.0 (cmd 0.0)
0.506,10.95,0.0,0.0,-2.3,0.0,0.0,-2.3,10.9,0.0 (cmd 0.0),0.0 (cmd 0.0)
0.5065,10.96,0.0,0.0,-2.32,0.0,0.0,-2.3,11.0,0.0 (cmd 0.0),0.0 (cmd 0.0)
0.507,10.91,0.0,0.0,-2.34,0.0,0.0,-2.3,10.9,0.0 (cmd 0.0),0.0 (cmd 0.0)
0.5075,10.89,0.0,0.0,-2.34,0.0,0.0,-2.3,10.9,0.0 (cmd 0.0),0.0 (cmd 0.0)
0.508,10.89,0.0,0.0,-2.37,0.0,0.0,-2.4,10.9,0.0 (cmd 0.0),0.0 (cmd 0.0)
0.5085,10.88,0.0,0.0,-2.38,0.0,0.0,-2.4,10.9,0.0 (cmd 0.0),0.0 (cmd 0.0)
0.509,10.91,0.0,0.0,-2.37,0.0,0.0,-2.4,10.9,0.0 (cmd 0.0),0.0 (cmd 0.0)
0.5095,10.93,0.0,0.0,-2.37,0.0,0.0,-2.4,10.9,0.0 (cmd 0.0),0.0 (cmd 0.0)
0.51,10.91,0.0,0.0,-2.36,0.0,0.0,-2.4,10.9,0.0 (cmd 0.0),0.0 (cmd 0.0)
0.5105,10.91,0.0,0.0,-2.38,0.0,0.0,-2.4,10.9,0.0 (cmd 0.0),0.0 (cmd 0.0)
0.511,10.92,0.0,0.0,-2.38,0.0,0.0,-2.4,10.9,0.0 (cmd 0.0),0.0 (cmd 0.0)
0.5115,10.92,0.0,0.0,-2.38,0.0,0.0,-2.4,10.9,0.0 (cmd 0.0),0.0 (cmd 0.0)
0.512,10.91,0.0,0.0,-2.39,0.0,0.0,-2.4,10.9,0.0 (cmd 0.0),0.0 (cmd 0.0)
0.5125,10.9,0.0,0.0,-2.39,0.0,0.0,-2.4,10.9,0.0 (cmd 0.0),0.0 (cmd 0.0)
0.513,10.9,0.0,0.0,-2.38,0.0,0.0,-2.4,10.9,0.0 (cmd 0.0),0.0 (cmd 0.0)
0.5135,10.9,0.0,0.0,-2.39,0.0,0.0,-2.4,10.9,0.0 (cmd 0.0),0.0 (cmd 0.0)
0.514,10.89,0.0,0.0,-2.38,0.0,0.0,-2.4,10.9,0.0 (cmd 0.0),0.0 (cmd 0.0)
0.5145,10.91,0.0,0.0,-2.4,0.0,0.0,-2.4,10.9,0.0 (cmd 0.0),0.0 (cmd 0.0)
0.515,10.93,0.0,0.0,-2.41,0.0,0.0,-2.4,10.9,0.0 (cmd 0.0),0.0 (cmd 0.0)
0.5155,10.91,0.0,0.0,-2.41,0.0,0.0,-2.4,10.9,0.0 (cmd 0.0),0.0 (cmd 0.0)
0.516,10.91,0.0,0.0,-2.44,0.0,0.0,-2.4,10.9,0.0 (cmd 0.0),0.0 (cmd 0.0)
0.5165,10.94,0.0,0.0,-2.43,0.0,0.0,-2.4,10.9,0.0 (cmd 0.0),0.0 (cmd 0.0)
0.517,10.95,0.0,0.0,-2.39,0.0,0.0,-2.4,10.9,0.0 (cmd 0.0),0.0 (cmd 0.0)
0.5175,10.94,0.0,0.0,-2.42,0.0,0.0,-2.4,10.9,0.0 (cmd 0.0),0.0 (cmd 0.0)
0.518,10.91,0.0,0.0,-2.39,0.0,0.0,-2.4,10.9,0.0 (cmd 0.0),0.0 (cmd 0.0)
0.5185,10.89,0.0,0.0,-2.41,0.0,0.0,-2.4,10.9,0.0 (cmd 0.0),0.0 (cmd 0.0)
0.519,10.87,0.0,0.0,-2.38,0.0,0.0,-2.4,10.9,0.0 (cmd 0.0),0.0 (cmd 0.0)
0.5195,10.87,0.0,0.0,-2.41,0.0,0.0,-2.4,10.9,0.0 (cmd 0.0),0.0 (cmd 0.0)
0.52,10.93,0.0,0.0,-2.44,0.0,0.0,-2.4,10.9,0.0 (cmd 0.0),0.0 (cmd 0.0)
0.5205,10.96,0.0,0.0,-2.44,0.0,0.0,-2.4,11.0,0.0 (cmd 0.0),0.0 (cmd 0.0)
0.521,10.99,0.0,0.0,-2.45,0.0,0.0,-2.5,11.0,0.0 (cmd 0.0),0.0 (cmd 0.0)
0.5215,11.01,0.0,0.0,-2.42,0.0,0.0,-2.4,11.0,0.0 (cmd 0.0),0.0 (cmd 0.0)
0.522,11.03,0.0,0.0,-2.38,0.0,0.0,-2.4,11.0,0.0 (cmd 0.0),0.0 (cmd 0.0)
0.5225,11.07,0.0,0.0,-2.39,0.0,0.0,-2.4,11.1,0.0 (cmd 0.0),0.0 (cmd 0.0)
0.523,11.04,0.0,0.0,-2.43,0.0,0.0,-2.4,11.0,0.0 (cmd 0.0),0.0 (cmd 0.0)
0.5235,11.02,0.0,0.0,-2.48,0.0,0.0,-2.5,11.0,0.0 (cmd 0.0),0.0 (cmd 0.0)
0.524,11.02,0.0,0.0,-2.47,0.0,0.0,-2.5,11.0,0.0 (cmd 0.0),0.0 (cmd 0.0)
0.5245,11.04,0.0,0.0,-2.45,0.0,0.0,-2.5,11.0,0.0 (cmd 0.0),0.0 (cmd 0.0)
0.525,11.03,0.0,0.0,-2.46,0.0,0.0,-2.5,11.0,0.0 (cmd 0.0),0.0 (cmd 0.0)
0.5255,11.01,0.0,0.0,-2.47,0.0,0.0,-2.5,11.0,0.0 (cmd 0.0),0.0 (cmd 0.0)
0.526,11.03,0.0,0.0,-2.47,0.0,0.0,-2.5,11.0,0.0 (cmd 0.0),0.0 (cmd 0.0)
0.5265,11.03,0.0,0.0,-2.45,0.0,0.0,-2.5,11.0,0.0 (cmd 0.0),0.0 (cmd 0.0)
0.527,11.04,0.0,0.0,-2.45,0.0,0.0,-2.5,11.0,0.0 (cmd 0.0),0.0 (cmd 0.0)
0.5275,11.04,0.0,0.0,-2.45,0.0,0.0,-2.5,11.0,0.0 (cmd 0.0),0.0 (cmd 0.0)
0.528,11.04,0.0,0.0,-2.45,0.0,0.0,-2.5,11.0,0.0 (cmd 0.0),0.0 (cmd 0.0)
0.5285,11.05,0.0,0.0,-2.44,0.0,0.0,-2.4,11.1,0.0 (cmd 0.0),0.0 (cmd 0.0)
0.529,11.05,0.0,0.0,-2.43,0.0,0.0,-2.4,11.1,0.0 (cmd 0.0),0.0 (cmd 0.0)
0.5295,11.05,0.0,0.0,-2.44,0.0,0.0,-2.4,11.1,0.0 (cmd 0.0),0.0 (cmd 0.0)
0.53,11.04,0.0,0.0,-2.44,0.0,0.0,-2.4,11.0,0.0 (cmd 0.0),0.0 (cmd 0.0)
0.5305,11.05,0.0,0.0,-2.44,0.0,0.0,-2.4,11.1,0.0 (cmd 0.0),0.0 (cmd 0.0)
0.531,11.05,0.0,0.0,-2.45,0.0,0.0,-2.5,11.1,0.0 (cmd 0.0),0.0 (cmd 0.0)
0.5315,11.02,0.0,0.0,-2.44,0.0,0.0,-2.4,11.0,0.0 (cmd 0.0),0.0 (cmd 0.0)
0.532,11.04,0.0,0.0,-2.44,0.0,0.0,-2.4,11.0,0.0 (cmd 0.0),0.0 (cmd 0.0)
0.5325,11.04,0.0,0.0,-2.43,0.0,0.0,-2.4,11.0,0.0 (cmd 0.0),0.0 (cmd 0.0)
0.533,11.02,0.0,0.0,-2.44,0.0,0.0,-2.4,11.0,0.0 (cmd 0.0),0.0 (cmd 0.0)
0.5335,11.05,0.0,0.0,-2.44,0.0,0.0,-2.4,11.1,0.0 (cmd 0.0),0.0 (cmd 0.0)
0.534,11.05,0.0,0.0,-2.43,0.0,0.0,-2.4,11.1,0.0 (cmd 0.0),0.0 (cmd 0.0)
0.5345,11.04,0.0,0.0,-2.46,0.0,0.0,-2.5,11.0,0.0 (cmd 0.0),0.0 (cmd 0.0)
0.535,11.05,0.0,0.0,-2.45,0.0,0.0,-2.5,11.1,0.0 (cmd 0.0),0.0 (cmd 0.0)
0.5355,11.05,0.0,0.0,-2.45,0.0,0.0,-2.5,11.1,0.0 (cmd 0.0),0.0 (cmd 0.0)
0.536,11.04,0.0,0.0,-2.47,0.0,0.0,-2.5,11.0,0.0 (cmd 0.0),0.0 (cmd 0.0)
0.5365,11.04,0.0,0.0,-2.45,0.0,0.0,-2.5,11.0,0.0 (cmd 0.0),0.0 (cmd 0.0)
0.537,11.03,0.0,0.0,-2.48,0.0,0.0,-2.5,11.0,0.0 (cmd 0.0),0.0 (cmd 0.0)
0.5375,11.02,0.0,0.0,-2.48,0.0,0.0,-2.5,11.0,0.0 (cmd 0.0),0.0 (cmd 0.0)
0.538,11.01,0.0,0.0,-2.48,0.0,0.0,-2.5,11.0,0.0 (cmd 0.0),0.0 (cmd 0.0)
0.5385,10.99,0.0,0.0,-2.51,0.0,0.0,-2.5,11.0,0.0 (cmd 0.0),0.0 (cmd 0.0)
0.539,10.95,0.0,0.0,-2.52,0.0,0.0,-2.5,10.9,0.0 (cmd 0.0),0.0 (cmd 0.0)
0.5395,10.94,0.0,0.0,-2.53,0.0,0.0,-2.5,10.9,0.0 (cmd 0.0),0.0 (cmd 0.0)
0.54,10.92,0.0,0.0,-2.55,0.0,0.0,-2.5,10.9,0.0 (cmd 0.0),0.0 (cmd 0.0)
0.5405,10.86,0.0,0.0,-2.52,0.0,0.0,-2.5,10.9,0.0 (cmd 0.0),0.0 (cmd 0.0)
0.541,10.86,0.0,0.0,-2.54,0.0,0.0,-2.5,10.9,0.0 (cmd 0.0),0.0 (cmd 0.0)
0.5415,10.83,0.0,0.0,-2.56,0.0,0.0,-2.6,10.8,0.0 (cmd 0.0),0.0 (cmd 0.0)
0.542,10.83,0.0,0.0,-2.48,0.0,0.0,-2.5,10.8,0.0 (cmd 0.0),0.0 (cmd 0.0)
0.5425,10.91,0.0,0.0,-2.49,0.0,0.0,-2.5,10.9,0.0 (cmd 0.0),0.0 (cmd 0.0)
0.543,10.92,0.0,0.0,-2.5,0.0,0.0,-2.5,10.9,0.0 (cmd 0.0),0.0 (cmd 0.0)
0.5435,10.9,0.0,0.0,-2.47,0.0,0.0,-2.5,10.9,0.0 (cmd 0.0),0.0 (cmd 0.0)
0.544,10.94,0.0,0.0,-2.41,0.0,0.0,-2.4,10.9,0.0 (cmd 0.0),0.0 (cmd 0.0)
0.5445,10.93,0.0,0.0,-2.38,0.0,0.0,-2.4,10.9,0.0 (cmd 0.0),0.0 (cmd 0.0)
0.545,10.9,0.0,0.0,-2.41,0.0,0.0,-2.4,10.9,0.0 (cmd 0.0),0.0 (cmd 0.0)
0.5455,10.89,0.0,0.0,-2.47,0.0,0.0,-2.5,10.9,0.0 (cmd 0.0),0.0 (cmd 0.0)
0.546,10.9,0.0,0.0,-2.47,0.0,0.0,-2.5,10.9,0.0 (cmd 0.0),0.0 (cmd 0.0)
0.5465,10.88,0.0,0.0,-2.45,0.0,0.0,-2.5,10.9,0.0 (cmd 0.0),0.0 (cmd 0.0)
0.547,10.88,0.0,0.0,-2.45,0.0,0.0,-2.5,10.9,0.0 (cmd 0.0),0.0 (cmd 0.0)
0.5475,10.86,0.0,0.0,-2.44,0.0,0.0,-2.4,10.9,0.0 (cmd 0.0),0.0 (cmd 0.0)
0.548,10.89,0.0,0.0,-2.43,0.0,0.0,-2.4,10.9,0.0 (cmd 0.0),0.0 (cmd 0.0)
0.5485,10.93,0.0,0.0,-2.44,0.0,0.0,-2.4,10.9,0.0 (cmd 0.0),0.0 (cmd 0.0)
0.549,10.93,0.0,0.0,-2.41,0.0,0.0,-2.4,10.9,0.0 (cmd 0.0),0.0 (cmd 0.0)
0.5495,10.93,0.0,0.0,-2.42,0.0,0.0,-2.4,10.9,0.0 (cmd 0.0),0.0 (cmd 0.0)
0.55,10.9,0.0,0.0,-2.43,0.0,0.0,-2.4,10.9,0.0 (cmd 0.0),0.0 (cmd 0.0)
0.5505,10.88,0.0,0.0,-2.43,0.0,0.0,-2.4,10.9,0.0 (cmd 0.0),0.0 (cmd 0.0)
0.551,10.93,0.0,0.0,-2.43,0.0,0.0,-2.4,10.9,0.0 (cmd 0.0),0.0 (cmd 0.0)
0.5515,10.96,0.0,0.0,-2.41,0.0,0.0,-2.4,11.0,0.0 (cmd 0.0),0.0 (cmd 0.0)
0.552,10.98,0.0,0.0,-2.4,0.0,0.0,-2.4,11.0,0.0 (cmd 0.0),0.0 (cmd 0.0)
0.5525,11.01,0.0,0.0,-2.38,0.0,0.0,-2.4,11.0,0.0 (cmd 0.0),0.0 (cmd 0.0)
0.553,11.03,0.0,0.0,-2.35,0.0,0.0,-2.4,11.0,0.0 (cmd 0.0),0.0 (cmd 0.0)
0.5535,11.03,0.0,0.0,-2.35,0.0,0.0,-2.4,11.0,0.0 (cmd 0.0),0.0 (cmd 0.0)
0.554,11.0,0.0,0.0,-2.38,0.0,0.0,-2.4,11.0,0.0 (cmd 0.0),0.0 (cmd 0.0)
0.5545,10.95,0.0,0.0,-2.38,0.0,0.0,-2.4,10.9,0.0 (cmd 0.0),0.0 (cmd 0.0)
0.555,10.93,0.0,0.0,-2.41,0.0,0.0,-2.4,10.9,0.0 (cmd 0.0),0.0 (cmd 0.0)
0.5555,10.87,0.0,0.0,-2.42,0.0,0.0,-2.4,10.9,0.0 (cmd 0.0),0.0 (cmd 0.0)
0.556,10.79,0.0,0.0,-2.42,0.0,0.0,-2.4,10.8,0.0 (cmd 0.0),0.0 (cmd 0.0)
0.5565,10.84,0.0,0.0,-2.44,0.0,0.0,-2.4,10.8,0.0 (cmd 0.0),0.0 (cmd 0.0)
0.557,10.9,0.0,0.0,-2.44,0.0,0.0,-2.4,10.9,0.0 (cmd 0.0),0.0 (cmd 0.0)
0.5575,10.96,0.0,0.0,-2.51,0.0,0.0,-2.5,11.0,0.0 (cmd 0.0),0.0 (cmd 0.0)
0.558,10.94,0.0,0.0,-2.53,0.0,0.0,-2.5,10.9,0.0 (cmd 0.0),0.0 (cmd 0.0)
0.5585,10.97,0.0,0.0,-2.53,0.0,0.0,-2.5,11.0,0.0 (cmd 0.0),0.0 (cmd 0.0)
0.559,11.02,0.0,0.0,-2.49,0.0,0.0,-2.5,11.0,0.0 (cmd 0.0),0.0 (cmd 0.0)
0.5595,10.99,0.0,0.0,-2.48,0.0,0.0,-2.5,11.0,0.0 (cmd 0.0),0.0 (cmd 0.0)
0.56,10.96,0.0,0.0,-2.53,0.0,0.0,-2.5,11.0,0.0 (cmd 0.0),0.0 (cmd 0.0)
0.5605,10.99,0.0,0.0,-2.53,0.0,0.0,-2.5,11.0,0.0 (cmd 0.0),0.0 (cmd 0.0)
0.561,11.01,0.0,0.0,-2.54,0.0,0.0,-2.5,11.0,0.0 (cmd 0.0),0.0 (cmd 0.0)
0.5615,10.96,0.0,0.0,-2.55,0.0,0.0,-2.5,11.0,0.0 (cmd 0.0),0.0 (cmd 0.0)
0.562,10.96,0.0,0.0,-2.58,0.0,0.0,-2.6,11.0,0.0 (cmd 0.0),0.0 (cmd 0.0)
0.5625,10.98,0.0,0.0,-2.57,0.0,0.0,-2.6,11.0,0.0 (cmd 0.0),0.0 (cmd 0.0)
0.563,10.98,0.0,0.0,-2.56,0.0,0.0,-2.6,11.0,0.0 (cmd 0.0),0.0 (cmd 0.0)
0.5635,10.95,0.0,0.0,-2.59,0.0,0.0,-2.6,10.9,0.0 (cmd 0.0),0.0 (cmd 0.0)
0.564,10.98,0.0,0.0,-2.59,0.0,0.0,-2.6,11.0,0.0 (cmd 0.0),0.0 (cmd 0.0)
0.5645,10.98,0.0,0.0,-2.6,0.0,0.0,-2.6,11.0,0.0 (cmd 0.0),0.0 (cmd 0.0)
0.565,10.95,0.0,0.0,-2.61,0.0,0.0,-2.6,10.9,0.0 (cmd 0.0),0.0 (cmd 0.0)
0.5655,10.97,0.0,0.0,-2.61,0.0,0.0,-2.6,11.0,0.0 (cmd 0.0),0.0 (cmd 0.0)
0.566,10.97,0.0,0.0,-2.6,0.0,0.0,-2.6,11.0,0.0 (cmd 0.0),0.0 (cmd 0.0)
0.5665,10.99,0.0,0.0,-2.59,0.0,0.0,-2.6,11.0,0.0 (cmd 0.0),0.0 (cmd 0.0)
0.567,11.0,0.0,0.0,-2.59,0.0,0.0,-2.6,11.0,0.0 (cmd 0.0),0.0 (cmd 0.0)
0.5675,11.0,0.0,0.0,-2.58,0.0,0.0,-2.6,11.0,0.0 (cmd 0.0),0.0 (cmd 0.0)
0.568,11.01,0.0,0.0,-2.57,0.0,0.0,-2.6,11.0,0.0 (cmd 0.0),0.0 (cmd 0.0)
0.5685,11.0,0.0,0.0,-2.56,0.0,0.0,-2.6,11.0,0.0 (cmd 0.0),0.0 (cmd 0.0)
0.569,11.01,0.0,0.0,-2.56,0.0,0.0,-2.6,11.0,0.0 (cmd 0.0),0.0 (cmd 0.0)
0.5695,11.02,0.0,0.0,-2.55,0.0,0.0,-2.5,11.0,0.0 (cmd 0.0),0.0 (cmd 0.0)
0.57,11.01,0.0,0.0,-2.54,0.0,0.0,-2.5,11.0,0.0 (cmd 0.0),0.0 (cmd 0.0)
0.5705,11.03,0.0,0.0,-2.53,0.0,0.0,-2.5,11.0,0.0 (cmd 0.0),0.0 (cmd 0.0)
0.571,11.02,0.0,0.0,-2.52,0.0,0.0,-2.5,11.0,0.0 (cmd 0.0),0.0 (cmd 0.0)
0.5715,11.01,0.0,0.0,-2.5,0.0,0.0,-2.5,11.0,0.0 (cmd 0.0),0.0 (cmd 0.0)
0.572,11.02,0.0,0.0,-2.5,0.0,0.0,-2.5,11.0,0.0 (cmd 0.0),0.0 (cmd 0.0)
0.5725,11.04,0.0,0.0,-2.49,0.0,0.0,-2.5,11.0,0.0 (cmd 0.0),0.0 (cmd 0.0)
0.573,11.03,0.0,0.0,-2.48,0.0,0.0,-2.5,11.0,0.0 (cmd 0.0),0.0 (cmd 0.0)
0.5735,11.02,0.0,0.0,-2.48,0.0,0.0,-2.5,11.0,0.0 (cmd 0.0),0.0 (cmd 0.0)
0.574,11.04,0.0,0.0,-2.47,0.0,0.0,-2.5,11.0,0.0 (cmd 0.0),0.0 (cmd 0.0)
0.5745,11.03,0.0,0.0,-2.48,0.0,0.0,-2.5,11.0,0.0 (cmd 0.0),0.0 (cmd 0.0)
0.575,11.04,0.0,0.0,-2.49,0.0,0.0,-2.5,11.0,0.0 (cmd 0.0),0.0 (cmd 0.0)
0.5755,11.04,0.0,0.0,-2.5,0.0,0.0,-2.5,11.0,0.0 (cmd 0.0),0.0 (cmd 0.0)
0.576,11.02,0.0,0.0,-2.52,0.0,0.0,-2.5,11.0,0.0 (cmd 0.0),0.0 (cmd 0.0)
0.5765,11.02,0.0,0.0,-2.52,0.0,0.0,-2.5,11.0,0.0 (cmd 0.0),0.0 (cmd 0.0)
0.577,11.05,0.0,0.0,-2.52,0.0,0.0,-2.5,11.1,0.0 (cmd 0.0),0.0 (cmd 0.0)
0.5775,11.05,0.0,0.0,-2.52,0.0,0.0,-2.5,11.1,0.0 (cmd 0.0),0.0 (cmd 0.0)
0.578,11.06,0.0,0.0,-2.52,0.0,0.0,-2.5,11.1,0.0 (cmd 0.0),0.0 (cmd 0.0)
0.5785,11.06,0.0,0.0,-2.52,0.0,0.0,-2.5,11.1,0.0 (cmd 0.0),0.0 (cmd 0.0)
0.579,11.05,0.0,0.0,-2.53,0.0,0.0,-2.5,11.1,0.0 (cmd 0.0),0.0 (cmd 0.0)
0.5795,11.04,0.0,0.0,-2.54,0.0,0.0,-2.5,11.0,0.0 (cmd 0.0),0.0 (cmd 0.0)
0.58,11.06,0.0,0.0,-2.54,0.0,0.0,-2.5,11.1,0.0 (cmd 0.0),0.0 (cmd 0.0)
0.5805,11.06,0.0,0.0,-2.54,0.0,0.0,-2.5,11.1,0.0 (cmd 0.0),0.0 (cmd 0.0)
0.581,11.05,0.0,0.0,-2.56,0.0,0.0,-2.6,11.1,0.0 (cmd 0.0),0.0 (cmd 0.0)
0.5815,11.06,0.0,0.0,-2.57,0.0,0.0,-2.6,11.1,0.0 (cmd 0.0),0.0 (cmd 0.0)
0.582,11.06,0.0,0.0,-2.56,0.0,0.0,-2.6,11.1,0.0 (cmd 0.0),0.0 (cmd 0.0)
0.5825,11.05,0.0,0.0,-2.58,0.0,0.0,-2.6,11.1,0.0 (cmd 0.0),0.0 (cmd 0.0)
0.583,11.05,0.0,0.0,-2.59,0.0,0.0,-2.6,11.1,0.0 (cmd 0.0),0.0 (cmd 0.0)
0.5835,11.05,0.0,0.0,-2.6,0.0,0.0,-2.6,11.1,0.0 (cmd 0.0),0.0 (cmd 0.0)
0.584,11.06,0.0,0.0,-2.61,0.0,0.0,-2.6,11.1,0.0 (cmd 0.0),0.0 (cmd 0.0)
0.5845,11.06,0.0,0.0,-2.62,0.0,0.0,-2.6,11.1,0.0 (cmd 0.0),0.0 (cmd 0.0)
0.585,11.07,0.0,0.0,-2.63,0.0,0.0,-2.6,11.1,0.0 (cmd 0.0),0.0 (cmd 0.0)
0.5855,11.06,0.0,0.0,-2.63,0.0,0.0,-2.6,11.1,0.0 (cmd 0.0),0.0 (cmd 0.0)
0.586,11.03,0.0,0.0,-2.64,0.0,0.0,-2.6,11.0,0.0 (cmd 0.0),0.0 (cmd 0.0)
0.5865,11.0,0.0,0.0,-2.65,0.0,0.0,-2.6,11.0,0.0 (cmd 0.0),0.0 (cmd 0.0)
0.587,10.98,0.0,0.0,-2.62,0.0,0.0,-2.6,11.0,0.0 (cmd 0.0),0.0 (cmd 0.0)
0.5875,10.87,0.0,0.0,-2.65,0.0,0.0,-2.6,10.9,0.0 (cmd 0.0),0.0 (cmd 0.0)
0.588,10.8,0.0,0.0,-2.69,0.0,0.0,-2.7,10.8,0.0 (cmd 0.0),0.0 (cmd 0.0)
0.5885,10.86,0.0,0.0,-2.6,0.0,0.0,-2.6,10.9,0.0 (cmd 0.0),0.0 (cmd 0.0)
0.589,10.93,0.0,0.0,-2.53,0.0,0.0,-2.5,10.9,0.0 (cmd 0.0),0.0 (cmd 0.0)
0.5895,11.01,0.0,0.0,-2.51,0.0,0.0,-2.5,11.0,0.0 (cmd 0.0),0.0 (cmd 0.0)
0.59,11.09,0.0,0.0,-2.49,0.0,0.0,-2.5,11.1,0.0 (cmd 0.0),0.0 (cmd 0.0)
0.5905,11.11,0.0,0.0,-2.39,0.0,0.0,-2.4,11.1,0.0 (cmd 0.0),0.0 (cmd 0.0)
0.591,11.12,0.0,0.0,-2.32,0.0,0.0,-2.3,11.1,0.0 (cmd 0.0),0.0 (cmd 0.0)
0.5915,11.12,0.0,0.0,-2.34,0.0,0.0,-2.3,11.1,0.0 (cmd 0.0),0.0 (cmd 0.0)
0.592,11.13,0.0,0.0,-2.34,0.0,0.0,-2.3,11.1,0.0 (cmd 0.0),0.0 (cmd 0.0)
0.5925,11.17,0.0,0.0,-2.38,0.0,0.0,-2.4,11.2,0.0 (cmd 0.0),0.0 (cmd 0.0)
0.593,11.23,0.0,0.0,-2.34,0.0,0.0,-2.3,11.2,0.0 (cmd 0.0),0.0 (cmd 0.0)
0.5935,11.27,0.0,0.0,-2.32,0.0,0.0,-2.3,11.3,0.0 (cmd 0.0),0.0 (cmd 0.0)
0.594,11.23,0.0,0.0,-2.28,0.0,0.0,-2.3,11.2,0.0 (cmd 0.0),0.0 (cmd 0.0)
0.5945,11.22,0.0,0.0,-2.3,0.0,0.0,-2.3,11.2,0.0 (cmd 0.0),0.0 (cmd 0.0)
0.595,11.18,0.0,0.0,-2.34,0.0,0.0,-2.3,11.2,0.0 (cmd 0.0),0.0 (cmd 0.0)
0.5955,11.17,0.0,0.0,-2.34,0.0,0.0,-2.3,11.2,0.0 (cmd 0.0),0.0 (cmd 0.0)
0.596,11.21,0.0,0.0,-2.38,0.0,0.0,-2.4,11.2,0.0 (cmd 0.0),0.0 (cmd 0.0)
0.5965,11.19,0.0,0.0,-2.35,0.0,0.0,-2.4,11.2,0.0 (cmd 0.0),0.0 (cmd 0.0)
0.597,11.19,0.0,0.0,-2.37,0.0,0.0,-2.4,11.2,0.0 (cmd 0.0),0.0 (cmd 0.0)
0.5975,11.17,0.0,0.0,-2.38,0.0,0.0,-2.4,11.2,0.0 (cmd 0.0),0.0 (cmd 0.0)
0.598,11.17,0.0,0.0,-2.37,0.0,0.0,-2.4,11.2,0.0 (cmd 0.0),0.0 (cmd 0.0)
0.5985,11.16,0.0,0.0,-2.38,0.0,0.0,-2.4,11.2,0.0 (cmd 0.0),0.0 (cmd 0.0)
0.599,11.13,0.0,0.0,-2.41,0.0,0.0,-2.4,11.1,0.0 (cmd 0.0),0.0 (cmd 0.0)
0.5995,11.17,0.0,0.0,-2.42,0.0,0.0,-2.4,11.2,0.0 (cmd 0.0),0.0 (cmd 0.0)
0.6,11.17,0.0,0.0,-2.38,0.0,0.0,-2.4,11.2,0.0 (cmd 0.0),0.0 (cmd 0.0)
0.6005,11.15,0.0,0.0,-2.41,0.0,0.0,-2.4,11.2,0.0 (cmd 0.0),0.0 (cmd 0.0)
0.601,11.12,0.0,0.0,-2.43,0.0,0.0,-2.4,11.1,0.0 (cmd 0.0),0.0 (cmd 0.0)
0.6015,11.13,0.0,0.0,-2.42,0.0,0.0,-2.4,11.1,0.0 (cmd 0.0),0.0 (cmd 0.0)
0.602,11.16,0.0,0.0,-2.43,0.0,0.0,-2.4,11.2,0.0 (cmd 0.0),0.0 (cmd 0.0)
0.6025,11.14,0.0,0.0,-2.43,0.0,0.0,-2.4,11.1,0.0 (cmd 0.0),0.0 (cmd 0.0)
0.603,11.13,0.0,0.0,-2.43,0.0,0.0,-2.4,11.1,0.0 (cmd 0.0),0.0 (cmd 0.0)
0.6035,11.13,0.0,0.0,-2.42,0.0,0.0,-2.4,11.1,0.0 (cmd 0.0),0.0 (cmd 0.0)
0.604,11.12,0.0,0.0,-2.43,0.0,0.0,-2.4,11.1,0.0 (cmd 0.0),0.0 (cmd 0.0)
0.6045,11.1,0.0,0.0,-2.43,0.0,0.0,-2.4,11.1,0.0 (cmd 0.0),0.0 (cmd 0.0)
0.605,11.13,0.0,0.0,-2.42,0.0,0.0,-2.4,11.1,0.0 (cmd 0.0),0.0 (cmd 0.0)
0.6055,11.14,0.0,0.0,-2.43,0.0,0.0,-2.4,11.1,0.0 (cmd 0.0),0.0 (cmd 0.0)
0.606,11.12,0.0,0.0,-2.45,0.0,0.0,-2.5,11.1,0.0 (cmd 0.0),0.0 (cmd 0.0)
0.6065,11.12,0.0,0.0,-2.43,0.0,0.0,-2.4,11.1,0.0 (cmd 0.0),0.0 (cmd 0.0)
0.607,11.13,0.0,0.0,-2.42,0.0,0.0,-2.4,11.1,0.0 (cmd 0.0),0.0 (cmd 0.0)
0.6075,11.12,0.0,0.0,-2.41,0.0,0.0,-2.4,11.1,0.0 (cmd 0.0),0.0 (cmd 0.0)
0.608,11.12,0.0,0.0,-2.4,0.0,0.0,-2.4,11.1,0.0 (cmd 0.0),0.0 (cmd 0.0)
0.6085,11.12,0.0,0.0,-2.4,0.0,0.0,-2.4,11.1,0.0 (cmd 0.0),0.0 (cmd 0.0)
0.609,11.15,0.0,0.0,-2.41,0.0,0.0,-2.4,11.2,0.0 (cmd 0.0),0.0 (cmd 0.0)
0.6095,11.17,0.0,0.0,-2.42,0.0,0.0,-2.4,11.2,0.0 (cmd 0.0),0.0 (cmd 0.0)
0.61,11.18,0.0,0.0,-2.43,0.0,0.0,-2.4,11.2,0.0 (cmd 0.0),0.0 (cmd 0.0)
0.6105,11.18,0.0,0.0,-2.42,0.0,0.0,-2.4,11.2,0.0 (cmd 0.0),0.0 (cmd 0.0)
0.611,11.17,0.0,0.0,-2.39,0.0,0.0,-2.4,11.2,0.0 (cmd 0.0),0.0 (cmd 0.0)
0.6115,11.17,0.0,0.0,-2.37,0.0,0.0,-2.4,11.2,0.0 (cmd 0.0),0.0 (cmd 0.0)
0.612,11.17,0.0,0.0,-2.37,0.0,0.0,-2.4,11.2,0.0 (cmd 0.0),0.0 (cmd 0.0)
0.6125,11.16,0.0,0.0,-2.36,0.0,0.0,-2.4,11.2,0.0 (cmd 0.0),0.0 (cmd 0.0)
0.613,11.16,0.0,0.0,-2.37,0.0,0.0,-2.4,11.2,0.0 (cmd 0.0),0.0 (cmd 0.0)
0.6135,11.16,0.0,0.0,-2.38,0.0,0.0,-2.4,11.2,0.0 (cmd 0.0),0.0 (cmd 0.0)
0.614,11.18,0.0,0.0,-2.39,0.0,0.0,-2.4,11.2,0.0 (cmd 0.0),0.0 (cmd 0.0)
0.6145,11.18,0.0,0.0,-2.39,0.0,0.0,-2.4,11.2,0.0 (cmd 0.0),0.0 (cmd 0.0)
0.615,11.18,0.0,0.0,-2.39,0.0,0.0,-2.4,11.2,0.0 (cmd 0.0),0.0 (cmd 0.0)
0.6155,11.18,0.0,0.0,-2.38,0.0,0.0,-2.4,11.2,0.0 (cmd 0.0),0.0 (cmd 0.0)
0.616,11.15,0.0,0.0,-2.39,0.0,0.0,-2.4,11.2,0.0 (cmd 0.0),0.0 (cmd 0.0)
0.6165,11.13,0.0,0.0,-2.41,0.0,0.0,-2.4,11.1,0.0 (cmd 0.0),0.0 (cmd 0.0)
0.617,11.15,0.0,0.0,-2.39,0.0,0.0,-2.4,11.2,0.0 (cmd 0.0),0.0 (cmd 0.0)
0.6175,11.16,0.0,0.0,-2.39,0.0,0.0,-2.4,11.2,0.0 (cmd 0.0),0.0 (cmd 0.0)
0.618,11.16,0.0,0.0,-2.4,0.0,0.0,-2.4,11.2,0.0 (cmd 0.0),0.0 (cmd 0.0)
0.6185,11.17,0.0,0.0,-2.39,0.0,0.0,-2.4,11.2,0.0 (cmd 0.0),0.0 (cmd 0.0)
0.619,11.18,0.0,0.0,-2.41,0.0,0.0,-2.4,11.2,0.0 (cmd 0.0),0.0 (cmd 0.0)
0.6195,11.16,0.0,0.0,-2.39,0.0,0.0,-2.4,11.2,0.0 (cmd 0.0),0.0 (cmd 0.0)
0.62,11.17,0.0,0.0,-2.42,0.0,0.0,-2.4,11.2,0.0 (cmd 0.0),0.0 (cmd 0.0)
0.6205,11.17,0.0,0.0,-2.43,0.0,0.0,-2.4,11.2,0.0 (cmd 0.0),0.0 (cmd 0.0)
0.621,11.18,0.0,0.0,-2.41,0.0,0.0,-2.4,11.2,0.0 (cmd 0.0),0.0 (cmd 0.0)
0.6215,11.18,0.0,0.0,-2.43,0.0,0.0,-2.4,11.2,0.0 (cmd 0.0),0.0 (cmd 0.0)
0.622,11.16,0.0,0.0,-2.43,0.0,0.0,-2.4,11.2,0.0 (cmd 0.0),0.0 (cmd 0.0)
0.6225,11.19,0.0,0.0,-2.43,0.0,0.0,-2.4,11.2,0.0 (cmd 0.0),0.0 (cmd 0.0)
0.623,11.2,0.0,0.0,-2.42,0.0,0.0,-2.4,11.2,0.0 (cmd 0.0),0.0 (cmd 0.0)
0.6235,11.17,0.0,0.0,-2.44,0.0,0.0,-2.4,11.2,0.0 (cmd 0.0),0.0 (cmd 0.0)
0.624,11.16,0.0,0.0,-2.45,0.0,0.0,-2.5,11.2,0.0 (cmd 0.0),0.0 (cmd 0.0)
0.6245,11.17,0.0,0.0,-2.44,0.0,0.0,-2.4,11.2,0.0 (cmd 0.0),0.0 (cmd 0.0)
0.625,11.16,0.0,0.0,-2.47,0.0,0.0,-2.5,11.2,0.0 (cmd 0.0),0.0 (cmd 0.0)
0.6255,11.15,0.0,0.0,-2.47,0.0,0.0,-2.5,11.2,0.0 (cmd 0.0),0.0 (cmd 0.0)
0.626,11.16,0.0,0.0,-2.47,0.0,0.0,-2.5,11.2,0.0 (cmd 0.0),0.0 (cmd 0.0)
0.6265,11.16,0.0,0.0,-2.47,0.0,0.0,-2.5,11.2,0.0 (cmd 0.0),0.0 (cmd 0.0)
0.627,11.15,0.0,0.0,-2.48,0.0,0.0,-2.5,11.2,0.0 (cmd 0.0),0.0 (cmd 0.0)
0.6275,11.16,0.0,0.0,-2.49,0.0,0.0,-2.5,11.2,0.0 (cmd 0.0),0.0 (cmd 0.0)
0.628,11.18,0.0,0.0,-2.47,0.0,0.0,-2.5,11.2,0.0 (cmd 0.0),0.0 (cmd 0.0)
0.6285,11.2,0.0,0.0,-2.47,0.0,0.0,-2.5,11.2,0.0 (cmd 0.0),0.0 (cmd 0.0)
0.629,11.21,0.0,0.0,-2.48,0.0,0.0,-2.5,11.2,0.0 (cmd 0.0),0.0 (cmd 0.0)
0.6295,11.22,0.0,0.0,-2.47,0.0,0.0,-2.5,11.2,0.0 (cmd 0.0),0.0 (cmd 0.0)
0.63,11.24,0.0,0.0,-2.46,0.0,0.0,-2.5,11.2,0.0 (cmd 0.0),0.0 (cmd 0.0)
0.6305,11.24,0.0,0.0,-2.46,0.0,0.0,-2.5,11.2,0.0 (cmd 0.0),0.0 (cmd 0.0)
0.631,11.26,0.0,0.0,-2.45,0.0,0.0,-2.5,11.3,0.0 (cmd 0.0),0.0 (cmd 0.0)
0.6315,11.26,0.0,0.0,-2.47,0.0,0.0,-2.5,11.3,0.0 (cmd 0.0),0.0 (cmd 0.0)
0.632,11.27,0.0,0.0,-2.45,0.0,0.0,-2.5,11.3,0.0 (cmd 0.0),0.0 (cmd 0.0)
0.6325,11.27,0.0,0.0,-2.45,0.0,0.0,-2.5,11.3,0.0 (cmd 0.0),0.0 (cmd 0.0)
0.633,11.28,0.0,0.0,-2.45,0.0,0.0,-2.5,11.3,0.0 (cmd 0.0),0.0 (cmd 0.0)
0.6335,11.28,0.0,0.0,-2.45,0.0,0.0,-2.5,11.3,0.0 (cmd 0.0),0.0 (cmd 0.0)
0.634,11.28,0.0,0.0,-2.47,0.0,0.0,-2.5,11.3,0.0 (cmd 0.0),0.0 (cmd 0.0)
0.6345,11.28,0.0,0.0,-2.45,0.0,0.0,-2.5,11.3,0.0 (cmd 0.0),0.0 (cmd 0.0)
0.635,11.28,0.0,0.0,-2.44,0.0,0.0,-2.4,11.3,0.0 (cmd 0.0),0.0 (cmd 0.0)
0.6355,11.28,0.0,0.0,-2.42,0.0,0.0,-2.4,11.3,0.0 (cmd 0.0),0.0 (cmd 0.0)
0.636,11.28,0.0,0.0,-2.41,0.0,0.0,-2.4,11.3,0.0 (cmd 0.0),0.0 (cmd 0.0)
0.6365,11.28,0.0,0.0,-2.41,0.0,0.0,-2.4,11.3,0.0 (cmd 0.0),0.0 (cmd 0.0)
0.637,11.28,0.0,0.0,-2.39,0.0,0.0,-2.4,11.3,0.0 (cmd 0.0),0.0 (cmd 0.0)
0.6375,11.28,0.0,0.0,-2.38,0.0,0.0,-2.4,11.3,0.0 (cmd 0.0),0.0 (cmd 0.0)
0.638,11.28,0.0,0.0,-2.37,0.0,0.0,-2.4,11.3,0.0 (cmd 0.0),0.0 (cmd 0.0)
0.6385,11.28,0.0,0.0,-2.37,0.0,0.0,-2.4,11.3,0.0 (cmd 0.0),0.0 (cmd 0.0)
0.639,11.28,0.0,0.0,-2.36,0.0,0.0,-2.4,11.3,0.0 (cmd 0.0),0.0 (cmd 0.0)
0.6395,11.28,0.0,0.0,-2.36,0.0,0.0,-2.4,11.3,0.0 (cmd 0.0),0.0 (cmd 0.0)
0.64,11.28,0.0,0.0,-2.34,0.0,0.0,-2.3,11.3,0.0 (cmd 0.0),0.0 (cmd 0.0)
0.6405,11.27,0.0,0.0,-2.35,0.0,0.0,-2.4,11.3,0.0 (cmd 0.0),0.0 (cmd 0.0)
0.641,11.27,0.0,0.0,-2.33,0.0,0.0,-2.3,11.3,0.0 (cmd 0.0),0.0 (cmd 0.0)
0.6415,11.27,0.0,0.0,-2.32,0.0,0.0,-2.3,11.3,0.0 (cmd 0.0),0.0 (cmd 0.0)
0.642,11.27,0.0,0.0,-2.34,0.0,0.0,-2.3,11.3,0.0 (cmd 0.0),0.0 (cmd 0.0)
0.6425,11.27,0.0,0.0,-2.32,0.0,0.0,-2.3,11.3,0.0 (cmd 0.0),0.0 (cmd 0.0)
0.643,11.27,0.0,0.0,-2.32,0.0,0.0,-2.3,11.3,0.0 (cmd 0.0),0.0 (cmd 0.0)
0.6435,11.27,0.0,0.0,-2.33,0.0,0.0,-2.3,11.3,0.0 (cmd 0.0),0.0 (cmd 0.0)
0.644,11.26,0.0,0.0,-2.33,0.0,0.0,-2.3,11.3,0.0 (cmd 0.0),0.0 (cmd 0.0)
0.6445,11.26,0.0,0.0,-2.32,0.0,0.0,-2.3,11.3,0.0 (cmd 0.0),0.0 (cmd 0.0)
0.645,11.26,0.0,0.0,-2.33,0.0,0.0,-2.3,11.3,0.0 (cmd 0.0),0.0 (cmd 0.0)
0.6455,11.26,0.0,0.0,-2.34,0.0,0.0,-2.3,11.3,0.0 (cmd 0.0),0.0 (cmd 0.0)
0.646,11.26,0.0,0.0,-2.35,0.0,0.0,-2.4,11.3,0.0 (cmd 0.0),0.0 (cmd 0.0)
0.6465,11.24,0.0,0.0,-2.34,0.0,0.0,-2.3,11.2,0.0 (cmd 0.0),0.0 (cmd 0.0)
0.647,11.24,0.0,0.0,-2.34,0.0,0.0,-2.3,11.2,0.0 (cmd 0.0),0.0 (cmd 0.0)
0.6475,11.22,0.0,0.0,-2.37,0.0,0.0,-2.4,11.2,0.0 (cmd 0.0),0.0 (cmd 0.0)
0.648,11.19,0.0,0.0,-2.38,0.0,0.0,-2.4,11.2,0.0 (cmd 0.0),0.0 (cmd 0.0)
0.6485,11.22,0.0,0.0,-2.38,0.0,0.0,-2.4,11.2,0.0 (cmd 0.0),0.0 (cmd 0.0)
0.649,11.22,0.0,0.0,-2.38,0.0,0.0,-2.4,11.2,0.0 (cmd 0.0),0.0 (cmd 0.0)
0.6495,11.17,0.0,0.0,-2.41,0.0,0.0,-2.4,11.2,0.0 (cmd 0.0),0.0 (cmd 0.0)
0.65,11.17,0.0,0.0,-2.42,0.0,0.0,-2.4,11.2,0.0 (cmd 0.0),0.0 (cmd 0.0)
0.6505,11.24,0.0,0.0,-2.39,0.0,0.0,-2.4,11.2,0.0 (cmd 0.0),0.0 (cmd 0.0)
0.651,11.29,0.0,0.0,-2.37,0.0,0.0,-2.4,11.3,0.0 (cmd 0.0),0.0 (cmd 0.0)
0.6515,11.24,0.0,0.0,-2.41,0.0,0.0,-2.4,11.2,0.0 (cmd 0.0),0.0 (cmd 0.0)
0.652,11.22,0.0,0.0,-2.4,0.0,0.0,-2.4,11.2,0.0 (cmd 0.0),0.0 (cmd 0.0)
0.6525,11.2,0.0,0.0,-2.33,0.0,0.0,-2.3,11.2,0.0 (cmd 0.0),0.0 (cmd 0.0)
0.653,11.2,0.0,0.0,-2.28,0.0,0.0,-2.3,11.2,0.0 (cmd 0.0),0.0 (cmd 0.0)
0.6535,11.21,0.0,0.0,-2.25,0.0,0.0,-2.2,11.2,0.0 (cmd 0.0),0.0 (cmd 0.0)
0.654,11.24,0.0,0.0,-2.26,0.0,0.0,-2.3,11.2,0.0 (cmd 0.0),0.0 (cmd 0.0)
0.6545,11.28,0.0,0.0,-2.25,0.0,0.0,-2.2,11.3,0.0 (cmd 0.0),0.0 (cmd 0.0)
0.655,11.32,0.0,0.0,-2.25,0.0,0.0,-2.2,11.3,0.0 (cmd 0.0),0.0 (cmd 0.0)
0.6555,11.31,0.0,0.0,-2.25,0.0,0.0,-2.2,11.3,0.0 (cmd 0.0),0.0 (cmd 0.0)
0.656,11.27,0.0,0.0,-2.29,0.0,0.0,-2.3,11.3,0.0 (cmd 0.0),0.0 (cmd 0.0)
0.6565,11.23,0.0,0.0,-2.28,0.0,0.0,-2.3,11.2,0.0 (cmd 0.0),0.0 (cmd 0.0)
0.657,11.23,0.0,0.0,-2.26,0.0,0.0,-2.3,11.2,0.0 (cmd 0.0),0.0 (cmd 0.0)
0.6575,11.2,0.0,0.0,-2.27,0.0,0.0,-2.3,11.2,0.0 (cmd 0.0),0.0 (cmd 0.0)
0.658,11.2,0.0,0.0,-2.25,0.0,0.0,-2.2,11.2,0.0 (cmd 0.0),0.0 (cmd 0.0)
0.6585,11.23,0.0,0.0,-2.27,0.0,0.0,-2.3,11.2,0.0 (cmd 0.0),0.0 (cmd 0.0)
0.659,11.21,0.0,0.0,-2.28,0.0,0.0,-2.3,11.2,0.0 (cmd 0.0),0.0 (cmd 0.0)
0.6595,11.21,0.0,0.0,-2.31,0.0,0.0,-2.3,11.2,0.0 (cmd 0.0),0.0 (cmd 0.0)
0.66,11.23,0.0,0.0,-2.33,0.0,0.0,-2.3,11.2,0.0 (cmd 0.0),0.0 (cmd 0.0)
0.6605,11.22,0.0,0.0,-2.37,0.0,0.0,-2.4,11.2,0.0 (cmd 0.0),0.0 (cmd 0.0)
0.661,11.18,0.0,0.0,-2.37,0.0,0.0,-2.4,11.2,0.0 (cmd 0.0),0.0 (cmd 0.0)
0.6615,11.27,0.0,0.0,-2.34,0.0,0.0,-2.3,11.3,0.0 (cmd 0.0),0.0 (cmd 0.0)
0.662,11.32,0.0,0.0,-2.33,0.0,0.0,-2.3,11.3,0.0 (cmd 0.0),0.0 (cmd 0.0)
0.6625,11.28,0.0,0.0,-2.32,0.0,0.0,-2.3,11.3,0.0 (cmd 0.0),0.0 (cmd 0.0)
0.663,11.25,0.0,0.0,-2.33,0.0,0.0,-2.3,11.2,0.0 (cmd 0.0),0.0 (cmd 0.0)
0.6635,11.23,0.0,0.0,-2.22,0.0,0.0,-2.2,11.2,0.0 (cmd 0.0),0.0 (cmd 0.0)
0.664,11.23,0.0,0.0,-2.19,0.0,0.0,-2.2,11.2,0.0 (cmd 0.0),0.0 (cmd 0.0)
0.6645,11.23,0.0,0.0,-2.19,0.0,0.0,-2.2,11.2,0.0 (cmd 0.0),0.0 (cmd 0.0)
0.665,11.24,0.0,0.0,-2.2,0.0,0.0,-2.2,11.2,0.0 (cmd 0.0),0.0 (cmd 0.0)
0.6655,11.25,0.0,0.0,-2.2,0.0,0.0,-2.2,11.2,0.0 (cmd 0.0),0.0 (cmd 0.0)
0.666,11.28,0.0,0.0,-2.21,0.0,0.0,-2.2,11.3,0.0 (cmd 0.0),0.0 (cmd 0.0)
0.6665,11.26,0.0,0.0,-2.17,0.0,0.0,-2.2,11.3,0.0 (cmd 0.0),0.0 (cmd 0.0)
0.667,11.2,0.0,0.0,-2.18,0.0,0.0,-2.2,11.2,0.0 (cmd 0.0),0.0 (cmd 0.0)
0.6675,11.22,0.0,0.0,-2.2,0.0,0.0,-2.2,11.2,0.0 (cmd 0.0),0.0 (cmd 0.0)
0.668,11.23,0.0,0.0,-2.18,0.0,0.0,-2.2,11.2,0.0 (cmd 0.0),0.0 (cmd 0.0)
0.6685,11.3,0.0,0.0,-2.22,0.0,0.0,-2.2,11.3,0.0 (cmd 0.0),0.0 (cmd 0.0)
0.669,11.29,0.0,0.0,-2.26,0.0,0.0,-2.3,11.3,0.0 (cmd 0.0),0.0 (cmd 0.0)
0.6695,11.26,0.0,0.0,-2.3,0.0,0.0,-2.3,11.3,0.0 (cmd 0.0),0.0 (cmd 0.0)
0.67,11.24,0.0,0.0,-2.27,0.0,0.0,-2.3,11.2,0.0 (cmd 0.0),0.0 (cmd 0.0)
0.6705,11.27,0.0,0.0,-2.22,0.0,0.0,-2.2,11.3,0.0 (cmd 0.0),0.0 (cmd 0.0)
0.671,11.27,0.0,0.0,-2.23,0.0,0.0,-2.2,11.3,0.0 (cmd 0.0),0.0 (cmd 0.0)
0.6715,11.21,0.0,0.0,-2.26,0.0,0.0,-2.3,11.2,0.0 (cmd 0.0),0.0 (cmd 0.0)
0.672,11.18,0.0,0.0,-2.3,0.0,0.0,-2.3,11.2,0.0 (cmd 0.0),0.0 (cmd 0.0)
0.6725,11.13,0.0,0.0,-2.3,0.0,0.0,-2.3,11.1,0.0 (cmd 0.0),0.0 (cmd 0.0)
0.673,11.13,0.0,0.0,-2.25,0.0,0.0,-2.2,11.1,0.0 (cmd 0.0),0.0 (cmd 0.0)
0.6735,11.21,0.0,0.0,-2.25,0.0,0.0,-2.2,11.2,0.0 (cmd 0.0),0.0 (cmd 0.0)
0.674,11.24,0.0,0.0,-2.31,0.0,0.0,-2.3,11.2,0.0 (cmd 0.0),0.0 (cmd 0.0)
0.6745,11.24,0.0,0.0,-2.42,0.0,0.0,-2.4,11.2,0.0 (cmd 0.0),0.0 (cmd 0.0)
0.675,11.22,0.0,0.0,-2.45,0.0,0.0,-2.5,11.2,0.0 (cmd 0.0),0.0 (cmd 0.0)
0.6755,11.26,0.0,0.0,-2.41,0.0,0.0,-2.4,11.3,0.0 (cmd 0.0),0.0 (cmd 0.0)
0.676,11.24,0.0,0.0,-2.4,0.0,0.0,-2.4,11.2,0.0 (cmd 0.0),0.0 (cmd 0.0)
0.6765,11.18,0.0,0.0,-2.44,0.0,0.0,-2.4,11.2,0.0 (cmd 0.0),0.0 (cmd 0.0)
0.677,11.16,0.0,0.0,-2.48,0.0,0.0,-2.5,11.2,0.0 (cmd 0.0),0.0 (cmd 0.0)
0.6775,11.16,0.0,0.0,-2.48,0.0,0.0,-2.5,11.2,0.0 (cmd 0.0),0.0 (cmd 0.0)
0.678,11.15,0.0,0.0,-2.5,0.0,0.0,-2.5,11.2,0.0 (cmd 0.0),0.0 (cmd 0.0)
0.6785,11.15,0.0,0.0,-2.52,0.0,0.0,-2.5,11.2,0.0 (cmd 0.0),0.0 (cmd 0.0)
0.679,11.19,0.0,0.0,-2.48,0.0,0.0,-2.5,11.2,0.0 (cmd 0.0),0.0 (cmd 0.0)
0.6795,11.23,0.0,0.0,-2.45,0.0,0.0,-2.5,11.2,0.0 (cmd 0.0),0.0 (cmd 0.0)
0.68,11.23,0.0,0.0,-2.45,0.0,0.0,-2.5,11.2,0.0 (cmd 0.0),0.0 (cmd 0.0)
0.6805,11.23,0.0,0.0,-2.45,0.0,0.0,-2.5,11.2,0.0 (cmd 0.0),0.0 (cmd 0.0)
0.681,11.25,0.0,0.0,-2.44,0.0,0.0,-2.4,11.2,0.0 (cmd 0.0),0.0 (cmd 0.0)
0.6815,11.23,0.0,0.0,-2.45,0.0,0.0,-2.5,11.2,0.0 (cmd 0.0),0.0 (cmd 0.0)
0.682,11.23,0.0,0.0,-2.45,0.0,0.0,-2.5,11.2,0.0 (cmd 0.0),0.0 (cmd 0.0)
0.6825,11.24,0.0,0.0,-2.45,0.0,0.0,-2.5,11.2,0.0 (cmd 0.0),0.0 (cmd 0.0)
0.683,11.22,0.0,0.0,-2.46,0.0,0.0,-2.5,11.2,0.0 (cmd 0.0),0.0 (cmd 0.0)
0.6835,11.23,0.0,0.0,-2.45,0.0,0.0,-2.5,11.2,0.0 (cmd 0.0),0.0 (cmd 0.0)
0.684,11.23,0.0,0.0,-2.44,0.0,0.0,-2.4,11.2,0.0 (cmd 0.0),0.0 (cmd 0.0)
0.6845,11.22,0.0,0.0,-2.45,0.0,0.0,-2.5,11.2,0.0 (cmd 0.0),0.0 (cmd 0.0)
0.685,11.24,0.0,0.0,-2.45,0.0,0.0,-2.5,11.2,0.0 (cmd 0.0),0.0 (cmd 0.0)
0.6855,11.21,0.0,0.0,-2.47,0.0,0.0,-2.5,11.2,0.0 (cmd 0.0),0.0 (cmd 0.0)
0.686,11.2,0.0,0.0,-2.47,0.0,0.0,-2.5,11.2,0.0 (cmd 0.0),0.0 (cmd 0.0)
0.6865,11.22,0.0,0.0,-2.46,0.0,0.0,-2.5,11.2,0.0 (cmd 0.0),0.0 (cmd 0.0)
0.687,11.21,0.0,0.0,-2.45,0.0,0.0,-2.5,11.2,0.0 (cmd 0.0),0.0 (cmd 0.0)
0.6875,11.22,0.0,0.0,-2.45,0.0,0.0,-2.5,11.2,0.0 (cmd 0.0),0.0 (cmd 0.0)
0.688,11.23,0.0,0.0,-2.44,0.0,0.0,-2.4,11.2,0.0 (cmd 0.0),0.0 (cmd 0.0)
0.6885,11.23,0.0,0.0,-2.43,0.0,0.0,-2.4,11.2,0.0 (cmd 0.0),0.0 (cmd 0.0)
0.689,11.23,0.0,0.0,-2.45,0.0,0.0,-2.5,11.2,0.0 (cmd 0.0),0.0 (cmd 0.0)
0.6895,11.22,0.0,0.0,-2.44,0.0,0.0,-2.4,11.2,0.0 (cmd 0.0),0.0 (cmd 0.0)
0.69,11.23,0.0,0.0,-2.45,0.0,0.0,-2.5,11.2,0.0 (cmd 0.0),0.0 (cmd 0.0)
0.6905,11.23,0.0,0.0,-2.43,0.0,0.0,-2.4,11.2,0.0 (cmd 0.0),0.0 (cmd 0.0)
0.691,11.24,0.0,0.0,-2.4,0.0,0.0,-2.4,11.2,0.0 (cmd 0.0),0.0 (cmd 0.0)
0.6915,11.24,0.0,0.0,-2.38,0.0,0.0,-2.4,11.2,0.0 (cmd 0.0),0.0 (cmd 0.0)
0.692,11.24,0.0,0.0,-2.36,0.0,0.0,-2.4,11.2,0.0 (cmd 0.0),0.0 (cmd 0.0)
0.6925,11.26,0.0,0.0,-2.34,0.0,0.0,-2.3,11.3,0.0 (cmd 0.0),0.0 (cmd 0.0)
0.693,11.24,0.0,0.0,-2.33,0.0,0.0,-2.3,11.2,0.0 (cmd 0.0),0.0 (cmd 0.0)
0.6935,11.22,0.0,0.0,-2.32,0.0,0.0,-2.3,11.2,0.0 (cmd 0.0),0.0 (cmd 0.0)
0.694,11.22,0.0,0.0,-2.31,0.0,0.0,-2.3,11.2,0.0 (cmd 0.0),0.0 (cmd 0.0)
0.6945,11.23,0.0,0.0,-2.3,0.0,0.0,-2.3,11.2,0.0 (cmd 0.0),0.0 (cmd 0.0)
0.695,11.25,0.0,0.0,-2.28,0.0,0.0,-2.3,11.2,0.0 (cmd 0.0),0.0 (cmd 0.0)
0.6955,11.24,0.0,0.0,-2.28,0.0,0.0,-2.3,11.2,0.0 (cmd 0.0),0.0 (cmd 0.0)
0.696,11.25,0.0,0.0,-2.27,0.0,0.0,-2.3,11.2,0.0 (cmd 0.0),0.0 (cmd 0.0)
0.6965,11.25,0.0,0.0,-2.27,0.0,0.0,-2.3,11.2,0.0 (cmd 0.0),0.0 (cmd 0.0)
0.697,11.24,0.0,0.0,-2.26,0.0,0.0,-2.3,11.2,0.0 (cmd 0.0),0.0 (cmd 0.0)
0.6975,11.24,0.0,0.0,-2.26,0.0,0.0,-2.3,11.2,0.0 (cmd 0.0),0.0 (cmd 0.0)
0.698,11.24,0.0,0.0,-2.26,0.0,0.0,-2.3,11.2,0.0 (cmd 0.0),0.0 (cmd 0.0)
0.6985,11.24,0.0,0.0,-2.26,0.0,0.0,-2.3,11.2,0.0 (cmd 0.0),0.0 (cmd 0.0)
0.699,11.24,0.0,0.0,-2.25,0.0,0.0,-2.2,11.2,0.0 (cmd 0.0),0.0 (cmd 0.0)
0.6995,11.24,0.0,0.0,-2.25,0.0,0.0,-2.2,11.2,0.0 (cmd 0.0),0.0 (cmd 0.0)
0.7,11.23,0.0,0.0,-2.25,0.0,0.0,-2.2,11.2,0.0 (cmd 0.0),0.0 (cmd 0.0)
0.7005,11.23,0.0,0.0,-2.25,0.0,0.0,-2.2,11.2,0.0 (cmd 0.0),0.0 (cmd 0.0)
0.701,11.22,0.0,0.0,-2.25,0.0,0.0,-2.2,11.2,0.0 (cmd 0.0),0.0 (cmd 0.0)
0.7015,11.22,0.0,0.0,-2.25,0.0,0.0,-2.2,11.2,0.0 (cmd 0.0),0.0 (cmd 0.0)
0.702,11.23,0.0,0.0,-2.25,0.0,0.0,-2.2,11.2,0.0 (cmd 0.0),0.0 (cmd 0.0)
0.7025,11.22,0.0,0.0,-2.25,0.0,0.0,-2.2,11.2,0.0 (cmd 0.0),0.0 (cmd 0.0)
0.703,11.22,0.0,0.0,-2.26,0.0,0.0,-2.3,11.2,0.0 (cmd 0.0),0.0 (cmd 0.0)
0.7035,11.23,0.0,0.0,-2.26,0.0,0.0,-2.3,11.2,0.0 (cmd 0.0),0.0 (cmd 0.0)
0.704,11.21,0.0,0.0,-2.26,0.0,0.0,-2.3,11.2,0.0 (cmd 0.0),0.0 (cmd 0.0)
0.7045,11.2,0.0,0.0,-2.26,0.0,0.0,-2.3,11.2,0.0 (cmd 0.0),0.0 (cmd 0.0)
0.705,11.2,0.0,0.0,-2.26,0.0,0.0,-2.3,11.2,0.0 (cmd 0.0),0.0 (cmd 0.0)
0.7055,11.19,0.0,0.0,-2.27,0.0,0.0,-2.3,11.2,0.0 (cmd 0.0),0.0 (cmd 0.0)
0.706,11.18,0.0,0.0,-2.27,0.0,0.0,-2.3,11.2,0.0 (cmd 0.0),0.0 (cmd 0.0)
0.7065,11.18,0.0,0.0,-2.27,0.0,0.0,-2.3,11.2,0.0 (cmd 0.0),0.0 (cmd 0.0)
0.707,11.16,0.0,0.0,-2.28,0.0,0.0,-2.3,11.2,0.0 (cmd 0.0),0.0 (cmd 0.0)
0.7075,11.14,0.0,0.0,-2.28,0.0,0.0,-2.3,11.1,0.0 (cmd 0.0),0.0 (cmd 0.0)
0.708,11.13,0.0,0.0,-2.28,0.0,0.0,-2.3,11.1,0.0 (cmd 0.0),0.0 (cmd 0.0)
0.7085,11.15,0.0,0.0,-2.28,0.0,0.0,-2.3,11.2,0.0 (cmd 0.0),0.0 (cmd 0.0)
0.709,11.17,0.0,0.0,-2.29,0.0,0.0,-2.3,11.2,0.0 (cmd 0.0),0.0 (cmd 0.0)
0.7095,11.18,0.0,0.0,-2.3,0.0,0.0,-2.3,11.2,0.0 (cmd 0.0),0.0 (cmd 0.0)
0.71,11.2,0.0,0.0,-2.3,0.0,0.0,-2.3,11.2,0.0 (cmd 0.0),0.0 (cmd 0.0)
0.7105,11.22,0.0,0.0,-2.3,0.0,0.0,-2.3,11.2,0.0 (cmd 0.0),0.0 (cmd 0.0)
0.711,11.22,0.0,0.0,-2.31,0.0,0.0,-2.3,11.2,0.0 (cmd 0.0),0.0 (cmd 0.0)
0.7115,11.23,0.0,0.0,-2.31,0.0,0.0,-2.3,11.2,0.0 (cmd 0.0),0.0 (cmd 0.0)
0.712,11.24,0.0,0.0,-2.31,0.0,0.0,-2.3,11.2,0.0 (cmd 0.0),0.0 (cmd 0.0)
0.7125,11.26,0.0,0.0,-2.32,0.0,0.0,-2.3,11.3,0.0 (cmd 0.0),0.0 (cmd 0.0)
0.713,11.26,0.0,0.0,-2.32,0.0,0.0,-2.3,11.3,0.0 (cmd 0.0),0.0 (cmd 0.0)
0.7135,11.27,0.0,0.0,-2.32,0.0,0.0,-2.3,11.3,0.0 (cmd 0.0),0.0 (cmd 0.0)
0.714,11.27,0.0,0.0,-2.33,0.0,0.0,-2.3,11.3,0.0 (cmd 0.0),0.0 (cmd 0.0)
0.7145,11.28,0.0,0.0,-2.33,0.0,0.0,-2.3,11.3,0.0 (cmd 0.0),0.0 (cmd 0.0)
0.715,11.28,0.0,0.0,-2.33,0.0,0.0,-2.3,11.3,0.0 (cmd 0.0),0.0 (cmd 0.0)
0.7155,11.28,0.0,0.0,-2.34,0.0,0.0,-2.3,11.3,0.0 (cmd 0.0),0.0 (cmd 0.0)
0.716,11.28,0.0,0.0,-2.34,0.0,0.0,-2.3,11.3,0.0 (cmd 0.0),0.0 (cmd 0.0)
0.7165,11.27,0.0,0.0,-2.35,0.0,0.0,-2.4,11.3,0.0 (cmd 0.0),0.0 (cmd 0.0)
0.717,11.27,0.0,0.0,-2.36,0.0,0.0,-2.4,11.3,0.0 (cmd 0.0),0.0 (cmd 0.0)
0.7175,11.27,0.0,0.0,-2.36,0.0,0.0,-2.4,11.3,0.0 (cmd 0.0),0.0 (cmd 0.0)
0.718,11.27,0.0,0.0,-2.37,0.0,0.0,-2.4,11.3,0.0 (cmd 0.0),0.0 (cmd 0.0)
0.7185,11.27,0.0,0.0,-2.37,0.0,0.0,-2.4,11.3,0.0 (cmd 0.0),0.0 (cmd 0.0)
0.719,11.28,0.0,0.0,-2.39,0.0,0.0,-2.4,11.3,0.0 (cmd 0.0),0.0 (cmd 0.0)
0.7195,11.21,0.0,0.0,-2.42,0.0,0.0,-2.4,11.2,0.0 (cmd 0.0),0.0 (cmd 0.0)
0.72,11.22,0.0,0.0,-2.41,0.0,0.0,-2.4,11.2,0.0 (cmd 0.0),0.0 (cmd 0.0)
0.7205,11.29,0.0,0.0,-2.35,0.0,0.0,-2.4,11.3,0.0 (cmd 0.0),0.0 (cmd 0.0)
0.721,11.25,0.0,0.0,-2.36,0.0,0.0,-2.4,11.2,0.0 (cmd 0.0),0.0 (cmd 0.0)
0.7215,11.21,0.0,0.0,-2.43,0.0,0.0,-2.4,11.2,0.0 (cmd 0.0),0.0 (cmd 0.0)
0.722,11.26,0.0,0.0,-2.42,0.0,0.0,-2.4,11.3,0.0 (cmd 0.0),0.0 (cmd 0.0)
0.7225,11.27,0.0,0.0,-2.39,0.0,0.0,-2.4,11.3,0.0 (cmd 0.0),0.0 (cmd 0.0)
0.723,11.22,0.0,0.0,-2.44,0.0,0.0,-2.4,11.2,0.0 (cmd 0.0),0.0 (cmd 0.0)
0.7235,11.24,0.0,0.0,-2.43,0.0,0.0,-2.4,11.2,0.0 (cmd 0.0),0.0 (cmd 0.0)
0.724,11.27,0.0,0.0,-2.4,0.0,0.0,-2.4,11.3,0.0 (cmd 0.0),0.0 (cmd 0.0)
0.7245,11.21,0.0,0.0,-2.47,0.0,0.0,-2.5,11.2,0.0 (cmd 0.0),0.0 (cmd 0.0)
0.725,11.23,0.0,0.0,-2.45,0.0,0.0,-2.5,11.2,0.0 (cmd 0.0),0.0 (cmd 0.0)
0.7255,11.29,0.0,0.0,-2.39,0.0,0.0,-2.4,11.3,0.0 (cmd 0.0),0.0 (cmd 0.0)
0.726,11.27,0.0,0.0,-2.42,0.0,0.0,-2.4,11.3,0.0 (cmd 0.0),0.0 (cmd 0.0)
0.7265,11.23,0.0,0.0,-2.43,0.0,0.0,-2.4,11.2,0.0 (cmd 0.0),0.0 (cmd 0.0)
0.727,11.29,0.0,0.0,-2.41,0.0,0.0,-2.4,11.3,0.0 (cmd 0.0),0.0 (cmd 0.0)
0.7275,11.29,0.0,0.0,-2.38,0.0,0.0,-2.4,11.3,0.0 (cmd 0.0),0.0 (cmd 0.0)
0.728,11.27,0.0,0.0,-2.42,0.0,0.0,-2.4,11.3,0.0 (cmd 0.0),0.0 (cmd 0.0)
0.7285,11.28,0.0,0.0,-2.41,0.0,0.0,-2.4,11.3,0.0 (cmd 0.0),0.0 (cmd 0.0)
0.729,11.3,0.0,0.0,-2.39,0.0,0.0,-2.4,11.3,0.0 (cmd 0.0),0.0 (cmd 0.0)
0.7295,11.28,0.0,0.0,-2.41,0.0,0.0,-2.4,11.3,0.0 (cmd 0.0),0.0 (cmd 0.0)
0.73,11.3,0.0,0.0,-2.38,0.0,0.0,-2.4,11.3,0.0 (cmd 0.0),0.0 (cmd 0.0)
0.7305,11.31,0.0,0.0,-2.38,0.0,0.0,-2.4,11.3,0.0 (cmd 0.0),0.0 (cmd 0.0)
0.731,11.3,0.0,0.0,-2.39,0.0,0.0,-2.4,11.3,0.0 (cmd 0.0),0.0 (cmd 0.0)
0.7315,11.32,0.0,0.0,-2.38,0.0,0.0,-2.4,11.3,0.0 (cmd 0.0),0.0 (cmd 0.0)
0.732,11.34,0.0,0.0,-2.37,0.0,0.0,-2.4,11.3,0.0 (cmd 0.0),0.0 (cmd 0.0)
0.7325,11.33,0.0,0.0,-2.37,0.0,0.0,-2.4,11.3,0.0 (cmd 0.0),0.0 (cmd 0.0)
0.733,11.34,0.0,0.0,-2.36,0.0,0.0,-2.4,11.3,0.0 (cmd 0.0),0.0 (cmd 0.0)
0.7335,11.33,0.0,0.0,-2.37,0.0,0.0,-2.4,11.3,0.0 (cmd 0.0),0.0 (cmd 0.0)
0.734,11.32,0.0,0.0,-2.37,0.0,0.0,-2.4,11.3,0.0 (cmd 0.0),0.0 (cmd 0.0)
0.7345,11.32,0.0,0.0,-2.37,0.0,0.0,-2.4,11.3,0.0 (cmd 0.0),0.0 (cmd 0.0)
0.735,11.32,0.0,0.0,-2.37,0.0,0.0,-2.4,11.3,0.0 (cmd 0.0),0.0 (cmd 0.0)
0.7355,11.32,0.0,0.0,-2.38,0.0,0.0,-2.4,11.3,0.0 (cmd 0.0),0.0 (cmd 0.0)
0.736,11.3,0.0,0.0,-2.39,0.0,0.0,-2.4,11.3,0.0 (cmd 0.0),0.0 (cmd 0.0)
0.7365,11.3,0.0,0.0,-2.41,0.0,0.0,-2.4,11.3,0.0 (cmd 0.0),0.0 (cmd 0.0)
0.737,11.3,0.0,0.0,-2.42,0.0,0.0,-2.4,11.3,0.0 (cmd 0.0),0.0 (cmd 0.0)
0.7375,11.27,0.0,0.0,-2.43,0.0,0.0,-2.4,11.3,0.0 (cmd 0.0),0.0 (cmd 0.0)
0.738,11.25,0.0,0.0,-2.44,0.0,0.0,-2.4,11.2,0.0 (cmd 0.0),0.0 (cmd 0.0)
0.7385,11.22,0.0,0.0,-2.45,0.0,0.0,-2.5,11.2,0.0 (cmd 0.0),0.0 (cmd 0.0)
0.739,11.21,0.0,0.0,-2.46,0.0,0.0,-2.5,11.2,0.0 (cmd 0.0),0.0 (cmd 0.0)
0.7395,11.19,0.0,0.0,-2.47,0.0,0.0,-2.5,11.2,0.0 (cmd 0.0),0.0 (cmd 0.0)
0.74,11.17,0.0,0.0,-2.48,0.0,0.0,-2.5,11.2,0.0 (cmd 0.0),0.0 (cmd 0.0)
0.7405,11.16,0.0,0.0,-2.48,0.0,0.0,-2.5,11.2,0.0 (cmd 0.0),0.0 (cmd 0.0)
0.741,11.15,0.0,0.0,-2.48,0.0,0.0,-2.5,11.2,0.0 (cmd 0.0),0.0 (cmd 0.0)
0.7415,11.13,0.0,0.0,-2.49,0.0,0.0,-2.5,11.1,0.0 (cmd 0.0),0.0 (cmd 0.0)
0.742,11.12,0.0,0.0,-2.49,0.0,0.0,-2.5,11.1,0.0 (cmd 0.0),0.0 (cmd 0.0)
0.7425,11.12,0.0,0.0,-2.5,0.0,0.0,-2.5,11.1,0.0 (cmd 0.0),0.0 (cmd 0.0)
0.743,11.11,0.0,0.0,-2.5,0.0,0.0,-2.5,11.1,0.0 (cmd 0.0),0.0 (cmd 0.0)
0.7435,11.1,0.0,0.0,-2.5,0.0,0.0,-2.5,11.1,0.0 (cmd 0.0),0.0 (cmd 0.0)
0.744,11.1,0.0,0.0,-2.5,0.0,0.0,-2.5,11.1,0.0 (cmd 0.0),0.0 (cmd 0.0)
0.7445,11.09,0.0,0.0,-2.5,0.0,0.0,-2.5,11.1,0.0 (cmd 0.0),0.0 (cmd 0.0)
0.745,11.09,0.0,0.0,-2.5,0.0,0.0,-2.5,11.1,0.0 (cmd 0.0),0.0 (cmd 0.0)
0.7455,11.09,0.0,0.0,-2.5,0.0,0.0,-2.5,11.1,0.0 (cmd 0.0),0.0 (cmd 0.0)
0.746,11.08,0.0,0.0,-2.51,0.0,0.0,-2.5,11.1,0.0 (cmd 0.0),0.0 (cmd 0.0)
0.7465,11.08,0.0,0.0,-2.51,0.0,0.0,-2.5,11.1,0.0 (cmd 0.0),0.0 (cmd 0.0)
0.747,11.07,0.0,0.0,-2.51,0.0,0.0,-2.5,11.1,0.0 (cmd 0.0),0.0 (cmd 0.0)
0.7475,11.07,0.0,0.0,-2.51,0.0,0.0,-2.5,11.1,0.0 (cmd 0.0),0.0 (cmd 0.0)
0.748,11.07,0.0,0.0,-2.51,0.0,0.0,-2.5,11.1,0.0 (cmd 0.0),0.0 (cmd 0.0)
0.7485,11.07,0.0,0.0,-2.51,0.0,0.0,-2.5,11.1,0.0 (cmd 0.0),0.0 (cmd 0.0)
0.749,11.07,0.0,0.0,-2.51,0.0,0.0,-2.5,11.1,0.0 (cmd 0.0),0.0 (cmd 0.0)
0.7495,11.07,0.0,0.0,-2.51,0.0,0.0,-2.5,11.1,0.0 (cmd 0.0),0.0 (cmd 0.0)
0.75,11.07,0.0,0.0,-2.51,0.0,0.0,-2.5,11.1,0.0 (cmd 0.0),0.0 (cmd 0.0)
0.7505,11.07,0.0,0.0,-2.5,0.0,0.0,-2.5,11.1,0.0 (cmd 0.0),0.0 (cmd 0.0)
0.751,11.07,0.0,0.0,-2.5,0.0,0.0,-2.5,11.1,0.0 (cmd 0.0),0.0 (cmd 0.0)
0.7515,11.07,0.0,0.0,-2.5,0.0,0.0,-2.5,11.1,0.0 (cmd 0.0),0.0 (cmd 0.0)
0.752,11.07,0.0,0.0,-2.5,0.0,0.0,-2.5,11.1,0.0 (cmd 0.0),0.0 (cmd 0.0)
0.7525,11.07,0.0,0.0,-2.5,0.0,0.0,-2.5,11.1,0.0 (cmd 0.0),0.0 (cmd 0.0)
0.753,11.08,0.0,0.0,-2.5,0.0,0.0,-2.5,11.1,0.0 (cmd 0.0),0.0 (cmd 0.0)
0.7535,11.08,0.0,0.0,-2.5,0.0,0.0,-2.5,11.1,0.0 (cmd 0.0),0.0 (cmd 0.0)
0.754,11.08,0.0,0.0,-2.5,0.0,0.0,-2.5,11.1,0.0 (cmd 0.0),0.0 (cmd 0.0)
0.7545,11.09,0.0,0.0,-2.5,0.0,0.0,-2.5,11.1,0.0 (cmd 0.0),0.0 (cmd 0.0)
0.755,11.09,0.0,0.0,-2.5,0.0,0.0,-2.5,11.1,0.0 (cmd 0.0),0.0 (cmd 0.0)
0.7555,11.09,0.0,0.0,-2.5,0.0,0.0,-2.5,11.1,0.0 (cmd 0.0),0.0 (cmd 0.0)
0.756,11.09,0.0,0.0,-2.49,0.0,0.0,-2.5,11.1,0.0 (cmd 0.0),0.0 (cmd 0.0)
0.7565,11.09,0.0,0.0,-2.49,0.0,0.0,-2.5,11.1,0.0 (cmd 0.0),0.0 (cmd 0.0)
0.757,11.1,0.0,0.0,-2.49,0.0,0.0,-2.5,11.1,0.0 (cmd 0.0),0.0 (cmd 0.0)
0.7575,11.1,0.0,0.0,-2.49,0.0,0.0,-2.5,11.1,0.0 (cmd 0.0),0.0 (cmd 0.0)
0.758,11.1,0.0,0.0,-2.49,0.0,0.0,-2.5,11.1,0.0 (cmd 0.0),0.0 (cmd 0.0)
0.7585,11.1,0.0,0.0,-2.49,0.0,0.0,-2.5,11.1,0.0 (cmd 0.0),0.0 (cmd 0.0)
0.759,11.11,0.0,0.0,-2.49,0.0,0.0,-2.5,11.1,0.0 (cmd 0.0),0.0 (cmd 0.0)
0.7595,11.11,0.0,0.0,-2.48,0.0,0.0,-2.5,11.1,0.0 (cmd 0.0),0.0 (cmd 0.0)
0.76,11.11,0.0,0.0,-2.48,0.0,0.0,-2.5,11.1,0.0 (cmd 0.0),0.0 (cmd 0.0)
0.7605,11.09,0.0,0.0,-2.46,0.0,0.0,-2.5,11.1,0.0 (cmd 0.0),0.0 (cmd 0.0)
0.761,11.0,0.0,0.0,-2.49,0.0,0.0,-2.5,11.0,0.0 (cmd 0.0),0.0 (cmd 0.0)
0.7615,10.84,0.0,0.0,-2.53,0.0,0.0,-2.5,10.8,0.0 (cmd 0.0),0.0 (cmd 0.0)
0.762,10.81,0.0,0.0,-2.56,0.0,0.0,-2.6,10.8,0.0 (cmd 0.0),0.0 (cmd 0.0)
0.7625,10.85,0.0,0.0,-2.57,0.0,0.0,-2.6,10.8,0.0 (cmd 0.0),0.0 (cmd 0.0)
0.763,10.89,0.0,0.0,-2.53,0.0,0.0,-2.5,10.9,0.0 (cmd 0.0),0.0 (cmd 0.0)
0.7635,10.94,0.0,0.0,-2.58,0.0,0.0,-2.6,10.9,0.0 (cmd 0.0),0.0 (cmd 0.0)
0.764,10.96,0.0,0.0,-2.56,0.0,0.0,-2.6,11.0,0.0 (cmd 0.0),0.0 (cmd 0.0)
0.7645,10.99,0.0,0.0,-2.45,0.0,0.0,-2.5,11.0,0.0 (cmd 0.0),0.0 (cmd 0.0)
0.765,11.0,0.0,0.0,-2.38,0.0,0.0,-2.4,11.0,0.0 (cmd 0.0),0.0 (cmd 0.0)
0.7655,11.01,0.0,0.0,-2.41,0.0,0.0,-2.4,11.0,0.0 (cmd 0.0),0.0 (cmd 0.0)
0.766,11.0,0.0,0.0,-2.39,0.0,0.0,-2.4,11.0,0.0 (cmd 0.0),0.0 (cmd 0.0)
0.7665,11.02,0.0,0.0,-2.38,0.0,0.0,-2.4,11.0,0.0 (cmd 0.0),0.0 (cmd 0.0)
0.767,11.05,0.0,0.0,-2.41,0.0,0.0,-2.4,11.1,0.0 (cmd 0.0),0.0 (cmd 0.0)
0.7675,11.06,0.0,0.0,-2.37,0.0,0.0,-2.4,11.1,0.0 (cmd 0.0),0.0 (cmd 0.0)
0.768,11.08,0.0,0.0,-2.37,0.0,0.0,-2.4,11.1,0.0 (cmd 0.0),0.0 (cmd 0.0)
0.7685,11.06,0.0,0.0,-2.39,0.0,0.0,-2.4,11.1,0.0 (cmd 0.0),0.0 (cmd 0.0)
0.769,11.06,0.0,0.0,-2.41,0.0,0.0,-2.4,11.1,0.0 (cmd 0.0),0.0 (cmd 0.0)
0.7695,11.06,0.0,0.0,-2.42,0.0,0.0,-2.4,11.1,0.0 (cmd 0.0),0.0 (cmd 0.0)
0.77,11.09,0.0,0.0,-2.42,0.0,0.0,-2.4,11.1,0.0 (cmd 0.0),0.0 (cmd 0.0)
0.7705,11.13,0.0,0.0,-2.42,0.0,0.0,-2.4,11.1,0.0 (cmd 0.0),0.0 (cmd 0.0)
0.771,11.13,0.0,0.0,-2.39,0.0,0.0,-2.4,11.1,0.0 (cmd 0.0),0.0 (cmd 0.0)
0.7715,11.13,0.0,0.0,-2.36,0.0,0.0,-2.4,11.1,0.0 (cmd 0.0),0.0 (cmd 0.0)
0.772,11.12,0.0,0.0,-2.37,0.0,0.0,-2.4,11.1,0.0 (cmd 0.0),0.0 (cmd 0.0)
0.7725,11.11,0.0,0.0,-2.38,0.0,0.0,-2.4,11.1,0.0 (cmd 0.0),0.0 (cmd 0.0)
0.773,11.12,0.0,0.0,-2.41,0.0,0.0,-2.4,11.1,0.0 (cmd 0.0),0.0 (cmd 0.0)
0.7735,11.15,0.0,0.0,-2.37,0.0,0.0,-2.4,11.2,0.0 (cmd 0.0),0.0 (cmd 0.0)
0.774,11.14,0.0,0.0,-2.38,0.0,0.0,-2.4,11.1,0.0 (cmd 0.0),0.0 (cmd 0.0)
0.7745,11.13,0.0,0.0,-2.38,0.0,0.0,-2.4,11.1,0.0 (cmd 0.0),0.0 (cmd 0.0)
0.775,11.15,0.0,0.0,-2.35,0.0,0.0,-2.4,11.2,0.0 (cmd 0.0),0.0 (cmd 0.0)
0.7755,11.18,0.0,0.0,-2.37,0.0,0.0,-2.4,11.2,0.0 (cmd 0.0),0.0 (cmd 0.0)
0.776,11.2,0.0,0.0,-2.35,0.0,0.0,-2.4,11.2,0.0 (cmd 0.0),0.0 (cmd 0.0)
0.7765,11.24,0.0,0.0,-2.35,0.0,0.0,-2.4,11.2,0.0 (cmd 0.0),0.0 (cmd 0.0)
0.777,11.3,0.0,0.0,-2.33,0.0,0.0,-2.3,11.3,0.0 (cmd 0.0),0.0 (cmd 0.0)
0.7775,11.32,0.0,0.0,-2.3,0.0,0.0,-2.3,11.3,0.0 (cmd 0.0),0.0 (cmd 0.0)
0.778,11.34,0.0,0.0,-2.3,0.0,0.0,-2.3,11.3,0.0 (cmd 0.0),0.0 (cmd 0.0)
0.7785,11.35,0.0,0.0,-2.22,0.0,0.0,-2.2,11.3,0.0 (cmd 0.0),0.0 (cmd 0.0)
0.779,11.38,0.0,0.0,-2.2,0.0,0.0,-2.2,11.4,0.0 (cmd 0.0),0.0 (cmd 0.0)
0.7795,11.38,0.0,0.0,-2.22,0.0,0.0,-2.2,11.4,0.0 (cmd 0.0),0.0 (cmd 0.0)
0.78,11.35,0.0,0.0,-2.23,0.0,0.0,-2.2,11.3,0.0 (cmd 0.0),0.0 (cmd 0.0)
0.7805,11.34,0.0,0.0,-2.26,0.0,0.0,-2.3,11.3,0.0 (cmd 0.0),0.0 (cmd 0.0)
0.781,11.33,0.0,0.0,-2.29,0.0,0.0,-2.3,11.3,0.0 (cmd 0.0),0.0 (cmd 0.0)
0.7815,11.31,0.0,0.0,-2.27,0.0,0.0,-2.3,11.3,0.0 (cmd 0.0),0.0 (cmd 0.0)
0.782,11.31,0.0,0.0,-2.31,0.0,0.0,-2.3,11.3,0.0 (cmd 0.0),0.0 (cmd 0.0)
0.7825,11.29,0.0,0.0,-2.3,0.0,0.0,-2.3,11.3,0.0 (cmd 0.0),0.0 (cmd 0.0)
0.783,11.27,0.0,0.0,-2.3,0.0,0.0,-2.3,11.3,0.0 (cmd 0.0),0.0 (cmd 0.0)
0.7835,11.27,0.0,0.0,-2.32,0.0,0.0,-2.3,11.3,0.0 (cmd 0.0),0.0 (cmd 0.0)
0.784,11.24,0.0,0.0,-2.32,0.0,0.0,-2.3,11.2,0.0 (cmd 0.0),0.0 (cmd 0.0)
0.7845,11.24,0.0,0.0,-2.32,0.0,0.0,-2.3,11.2,0.0 (cmd 0.0),0.0 (cmd 0.0)
0.785,11.27,0.0,0.0,-2.33,0.0,0.0,-2.3,11.3,0.0 (cmd 0.0),0.0 (cmd 0.0)
0.7855,11.25,0.0,0.0,-2.33,0.0,0.0,-2.3,11.2,0.0 (cmd 0.0),0.0 (cmd 0.0)
0.786,11.26,0.0,0.0,-2.35,0.0,0.0,-2.4,11.3,0.0 (cmd 0.0),0.0 (cmd 0.0)
0.7865,11.26,0.0,0.0,-2.33,0.0,0.0,-2.3,11.3,0.0 (cmd 0.0),0.0 (cmd 0.0)
0.787,11.25,0.0,0.0,-2.34,0.0,0.0,-2.3,11.2,0.0 (cmd 0.0),0.0 (cmd 0.0)
0.7875,11.22,0.0,0.0,-2.36,0.0,0.0,-2.4,11.2,0.0 (cmd 0.0),0.0 (cmd 0.0)
0.788,11.23,0.0,0.0,-2.36,0.0,0.0,-2.4,11.2,0.0 (cmd 0.0),0.0 (cmd 0.0)
0.7885,11.23,0.0,0.0,-2.36,0.0,0.0,-2.4,11.2,0.0 (cmd 0.0),0.0 (cmd 0.0)
0.789,11.23,0.0,0.0,-2.36,0.0,0.0,-2.4,11.2,0.0 (cmd 0.0),0.0 (cmd 0.0)
0.7895,11.24,0.0,0.0,-2.35,0.0,0.0,-2.4,11.2,0.0 (cmd 0.0),0.0 (cmd 0.0)
0.79,11.24,0.0,0.0,-2.36,0.0,0.0,-2.4,11.2,0.0 (cmd 0.0),0.0 (cmd 0.0)
0.7905,11.24,0.0,0.0,-2.36,0.0,0.0,-2.4,11.2,0.0 (cmd 0.0),0.0 (cmd 0.0)
0.791,11.25,0.0,0.0,-2.34,0.0,0.0,-2.3,11.2,0.0 (cmd 0.0),0.0 (cmd 0.0)
0.7915,11.25,0.0,0.0,-2.33,0.0,0.0,-2.3,11.2,0.0 (cmd 0.0),0.0 (cmd 0.0)
0.792,11.25,0.0,0.0,-2.33,0.0,0.0,-2.3,11.2,0.0 (cmd 0.0),0.0 (cmd 0.0)
0.7925,11.26,0.0,0.0,-2.32,0.0,0.0,-2.3,11.3,0.0 (cmd 0.0),0.0 (cmd 0.0)
0.793,11.26,0.0,0.0,-2.32,0.0,0.0,-2.3,11.3,0.0 (cmd 0.0),0.0 (cmd 0.0)
0.7935,11.26,0.0,0.0,-2.31,0.0,0.0,-2.3,11.3,0.0 (cmd 0.0),0.0 (cmd 0.0)
0.794,11.26,0.0,0.0,-2.31,0.0,0.0,-2.3,11.3,0.0 (cmd 0.0),0.0 (cmd 0.0)
0.7945,11.26,0.0,0.0,-2.3,0.0,0.0,-2.3,11.3,0.0 (cmd 0.0),0.0 (cmd 0.0)
0.795,11.26,0.0,0.0,-2.3,0.0,0.0,-2.3,11.3,0.0 (cmd 0.0),0.0 (cmd 0.0)
0.7955,11.26,0.0,0.0,-2.3,0.0,0.0,-2.3,11.3,0.0 (cmd 0.0),0.0 (cmd 0.0)
0.796,11.26,0.0,0.0,-2.29,0.0,0.0,-2.3,11.3,0.0 (cmd 0.0),0.0 (cmd 0.0)
0.7965,11.26,0.0,0.0,-2.29,0.0,0.0,-2.3,11.3,0.0 (cmd 0.0),0.0 (cmd 0.0)
0.797,11.26,0.0,0.0,-2.28,0.0,0.0,-2.3,11.3,0.0 (cmd 0.0),0.0 (cmd 0.0)
0.7975,11.26,0.0,0.0,-2.28,0.0,0.0,-2.3,11.3,0.0 (cmd 0.0),0.0 (cmd 0.0)
0.798,11.26,0.0,0.0,-2.28,0.0,0.0,-2.3,11.3,0.0 (cmd 0.0),0.0 (cmd 0.0)
0.7985,11.27,0.0,0.0,-2.28,0.0,0.0,-2.3,11.3,0.0 (cmd 0.0),0.0 (cmd 0.0)
0.799,11.27,0.0,0.0,-2.28,0.0,0.0,-2.3,11.3,0.0 (cmd 0.0),0.0 (cmd 0.0)
0.7995,11.27,0.0,0.0,-2.28,0.0,0.0,-2.3,11.3,0.0 (cmd 0.0),0.0 (cmd 0.0)
0.8,11.27,0.0,0.0,-2.28,0.0,0.0,-2.3,11.3,0.0 (cmd 0.0),0.0 (cmd 0.0)
0.8005,11.27,0.0,0.0,-2.28,0.0,0.0,-2.3,11.3,0.0 (cmd 0.0),0.0 (cmd 0.0)
0.801,11.27,0.0,0.0,-2.28,0.0,0.0,-2.3,11.3,0.0 (cmd 0.0),0.0 (cmd 0.0)
0.8015,11.27,0.0,0.0,-2.26,0.0,0.0,-2.3,11.3,0.0 (cmd 0.0),0.0 (cmd 0.0)
0.802,11.27,0.0,0.0,-2.27,0.0,0.0,-2.3,11.3,0.0 (cmd 0.0),0.0 (cmd 0.0)
0.8025,11.25,0.0,0.0,-2.28,0.0,0.0,-2.3,11.2,0.0 (cmd 0.0),0.0 (cmd 0.0)
0.803,11.26,0.0,0.0,-2.3,0.0,0.0,-2.3,11.3,0.0 (cmd 0.0),0.0 (cmd 0.0)
0.8035,11.27,0.0,0.0,-2.29,0.0,0.0,-2.3,11.3,0.0 (cmd 0.0),0.0 (cmd 0.0)
0.804,11.27,0.0,0.0,-2.26,0.0,0.0,-2.3,11.3,0.0 (cmd 0.0),0.0 (cmd 0.0)
0.8045,11.26,0.0,0.0,-2.26,0.0,0.0,-2.3,11.3,0.0 (cmd 0.0),0.0 (cmd 0.0)
0.805,11.23,0.0,0.0,-2.27,0.0,0.0,-2.3,11.2,0.0 (cmd 0.0),0.0 (cmd 0.0)
0.8055,11.24,0.0,0.0,-2.28,0.0,0.0,-2.3,11.2,0.0 (cmd 0.0),0.0 (cmd 0.0)
0.806,11.22,0.0,0.0,-2.28,0.0,0.0,-2.3,11.2,0.0 (cmd 0.0),0.0 (cmd 0.0)
0.8065,11.21,0.0,0.0,-2.31,0.0,0.0,-2.3,11.2,0.0 (cmd 0.0),0.0 (cmd 0.0)
0.807,11.2,0.0,0.0,-2.29,0.0,0.0,-2.3,11.2,0.0 (cmd 0.0),0.0 (cmd 0.0)
0.8075,11.21,0.0,0.0,-2.3,0.0,0.0,-2.3,11.2,0.0 (cmd 0.0),0.0 (cmd 0.0)
0.808,11.2,0.0,0.0,-2.31,0.0,0.0,-2.3,11.2,0.0 (cmd 0.0),0.0 (cmd 0.0)
0.8085,11.25,0.0,0.0,-2.29,0.0,0.0,-2.3,11.2,0.0 (cmd 0.0),0.0 (cmd 0.0)
0.809,11.28,0.0,0.0,-2.3,0.0,0.0,-2.3,11.3,0.0 (cmd 0.0),0.0 (cmd 0.0)
0.8095,11.24,0.0,0.0,-2.33,0.0,0.0,-2.3,11.2,0.0 (cmd 0.0),0.0 (cmd 0.0)
0.81,11.22,0.0,0.0,-2.33,0.0,0.0,-2.3,11.2,0.0 (cmd 0.0),0.0 (cmd 0.0)
0.8105,11.21,0.0,0.0,-2.28,0.0,0.0,-2.3,11.2,0.0 (cmd 0.0),0.0 (cmd 0.0)
0.811,11.16,0.0,0.0,-2.27,0.0,0.0,-2.3,11.2,0.0 (cmd 0.0),0.0 (cmd 0.0)
0.8115,11.16,0.0,0.0,-2.27,0.0,0.0,-2.3,11.2,0.0 (cmd 0.0),0.0 (cmd 0.0)
0.812,11.23,0.0,0.0,-2.29,0.0,0.0,-2.3,11.2,0.0 (cmd 0.0),0.0 (cmd 0.0)
0.8125,11.24,0.0,0.0,-2.32,0.0,0.0,-2.3,11.2,0.0 (cmd 0.0),0.0 (cmd 0.0)
0.813,11.21,0.0,0.0,-2.33,0.0,0.0,-2.3,11.2,0.0 (cmd 0.0),0.0 (cmd 0.0)
0.8135,11.24,0.0,0.0,-2.32,0.0,0.0,-2.3,11.2,0.0 (cmd 0.0),0.0 (cmd 0.0)
0.814,11.23,0.0,0.0,-2.3,0.0,0.0,-2.3,11.2,0.0 (cmd 0.0),0.0 (cmd 0.0)
0.8145,11.22,0.0,0.0,-2.3,0.0,0.0,-2.3,11.2,0.0 (cmd 0.0),0.0 (cmd 0.0)
0.815,11.2,0.0,0.0,-2.28,0.0,0.0,-2.3,11.2,0.0 (cmd 0.0),0.0 (cmd 0.0)
0.8155,11.22,0.0,0.0,-2.28,0.0,0.0,-2.3,11.2,0.0 (cmd 0.0),0.0 (cmd 0.0)
0.816,11.28,0.0,0.0,-2.27,0.0,0.0,-2.3,11.3,0.0 (cmd 0.0),0.0 (cmd 0.0)
0.8165,11.29,0.0,0.0,-2.27,0.0,0.0,-2.3,11.3,0.0 (cmd 0.0),0.0 (cmd 0.0)
0.817,11.24,0.0,0.0,-2.28,0.0,0.0,-2.3,11.2,0.0 (cmd 0.0),0.0 (cmd 0.0)
0.8175,11.26,0.0,0.0,-2.29,0.0,0.0,-2.3,11.3,0.0 (cmd 0.0),0.0 (cmd 0.0)
0.818,11.28,0.0,0.0,-2.26,0.0,0.0,-2.3,11.3,0.0 (cmd 0.0),0.0 (cmd 0.0)
0.8185,11.28,0.0,0.0,-2.26,0.0,0.0,-2.3,11.3,0.0 (cmd 0.0),0.0 (cmd 0.0)
0.819,11.25,0.0,0.0,-2.28,0.0,0.0,-2.3,11.2,0.0 (cmd 0.0),0.0 (cmd 0.0)
0.8195,11.29,0.0,0.0,-2.3,0.0,0.0,-2.3,11.3,0.0 (cmd 0.0),0.0 (cmd 0.0)
0.82,11.33,0.0,0.0,-2.3,0.0,0.0,-2.3,11.3,0.0 (cmd 0.0),0.0 (cmd 0.0)
0.8205,11.31,0.0,0.0,-2.32,0.0,0.0,-2.3,11.3,0.0 (cmd 0.0),0.0 (cmd 0.0)
0.821,11.3,0.0,0.0,-2.33,0.0,0.0,-2.3,11.3,0.0 (cmd 0.0),0.0 (cmd 0.0)
0.8215,11.31,0.0,0.0,-2.34,0.0,0.0,-2.3,11.3,0.0 (cmd 0.0),0.0 (cmd 0.0)
0.822,11.3,0.0,0.0,-2.33,0.0,0.0,-2.3,11.3,0.0 (cmd 0.0),0.0 (cmd 0.0)
0.8225,11.3,0.0,0.0,-2.33,0.0,0.0,-2.3,11.3,0.0 (cmd 0.0),0.0 (cmd 0.0)
0.823,11.3,0.0,0.0,-2.32,0.0,0.0,-2.3,11.3,0.0 (cmd 0.0),0.0 (cmd 0.0)
0.8235,11.34,0.0,0.0,-2.31,0.0,0.0,-2.3,11.3,0.0 (cmd 0.0),0.0 (cmd 0.0)
0.824,11.34,0.0,0.0,-2.31,0.0,0.0,-2.3,11.3,0.0 (cmd 0.0),0.0 (cmd 0.0)
0.8245,11.33,0.0,0.0,-2.3,0.0,0.0,-2.3,11.3,0.0 (cmd 0.0),0.0 (cmd 0.0)
0.825,11.34,0.0,0.0,-2.31,0.0,0.0,-2.3,11.3,0.0 (cmd 0.0),0.0 (cmd 0.0)
0.8255,11.32,0.0,0.0,-2.28,0.0,0.0,-2.3,11.3,0.0 (cmd 0.0),0.0 (cmd 0.0)
0.826,11.28,0.0,0.0,-2.32,0.0,0.0,-2.3,11.3,0.0 (cmd 0.0),0.0 (cmd 0.0)
0.8265,11.28,0.0,0.0,-2.32,0.0,0.0,-2.3,11.3,0.0 (cmd 0.0),0.0 (cmd 0.0)
0.827,11.28,0.0,0.0,-2.29,0.0,0.0,-2.3,11.3,0.0 (cmd 0.0),0.0 (cmd 0.0)
0.8275,11.28,0.0,0.0,-2.33,0.0,0.0,-2.3,11.3,0.0 (cmd 0.0),0.0 (cmd 0.0)
0.828,11.3,0.0,0.0,-2.31,0.0,0.0,-2.3,11.3,0.0 (cmd 0.0),0.0 (cmd 0.0)
0.8285,11.33,0.0,0.0,-2.29,0.0,0.0,-2.3,11.3,0.0 (cmd 0.0),0.0 (cmd 0.0)
0.829,11.29,0.0,0.0,-2.27,0.0,0.0,-2.3,11.3,0.0 (cmd 0.0),0.0 (cmd 0.0)
0.8295,11.28,0.0,0.0,-2.3,0.0,0.0,-2.3,11.3,0.0 (cmd 0.0),0.0 (cmd 0.0)
0.83,11.28,0.0,0.0,-2.27,0.0,0.0,-2.3,11.3,0.0 (cmd 0.0),0.0 (cmd 0.0)
0.8305,11.3,0.0,0.0,-2.3,0.0,0.0,-2.3,11.3,0.0 (cmd 0.0),0.0 (cmd 0.0)
0.831,11.3,0.0,0.0,-2.3,0.0,0.0,-2.3,11.3,0.0 (cmd 0.0),0.0 (cmd 0.0)
0.8315,11.28,0.0,0.0,-2.3,0.0,0.0,-2.3,11.3,0.0 (cmd 0.0),0.0 (cmd 0.0)
0.832,11.29,0.0,0.0,-2.31,0.0,0.0,-2.3,11.3,0.0 (cmd 0.0),0.0 (cmd 0.0)
0.8325,11.3,0.0,0.0,-2.27,0.0,0.0,-2.3,11.3,0.0 (cmd 0.0),0.0 (cmd 0.0)
0.833,11.34,0.0,0.0,-2.3,0.0,0.0,-2.3,11.3,0.0 (cmd 0.0),0.0 (cmd 0.0)
0.8335,11.33,0.0,0.0,-2.32,0.0,0.0,-2.3,11.3,0.0 (cmd 0.0),0.0 (cmd 0.0)
0.834,11.34,0.0,0.0,-2.32,0.0,0.0,-2.3,11.3,0.0 (cmd 0.0),0.0 (cmd 0.0)
0.8345,11.34,0.0,0.0,-2.31,0.0,0.0,-2.3,11.3,0.0 (cmd 0.0),0.0 (cmd 0.0)
0.835,11.3,0.0,0.0,-2.26,0.0,0.0,-2.3,11.3,0.0 (cmd 0.0),0.0 (cmd 0.0)
0.8355,11.34,0.0,0.0,-2.26,0.0,0.0,-2.3,11.3,0.0 (cmd 0.0),0.0 (cmd 0.0)
0.836,11.33,0.0,0.0,-2.28,0.0,0.0,-2.3,11.3,0.0 (cmd 0.0),0.0 (cmd 0.0)
0.8365,11.29,0.0,0.0,-2.32,0.0,0.0,-2.3,11.3,0.0 (cmd 0.0),0.0 (cmd 0.0)
0.837,11.33,0.0,0.0,-2.33,0.0,0.0,-2.3,11.3,0.0 (cmd 0.0),0.0 (cmd 0.0)
0.8375,11.32,0.0,0.0,-2.3,0.0,0.0,-2.3,11.3,0.0 (cmd 0.0),0.0 (cmd 0.0)
0.838,11.3,0.0,0.0,-2.31,0.0,0.0,-2.3,11.3,0.0 (cmd 0.0),0.0 (cmd 0.0)
0.8385,11.28,0.0,0.0,-2.32,0.0,0.0,-2.3,11.3,0.0 (cmd 0.0),0.0 (cmd 0.0)
0.839,11.29,0.0,0.0,-2.31,0.0,0.0,-2.3,11.3,0.0 (cmd 0.0),0.0 (cmd 0.0)
0.8395,11.29,0.0,0.0,-2.32,0.0,0.0,-2.3,11.3,0.0 (cmd 0.0),0.0 (cmd 0.0)
0.84,11.27,0.0,0.0,-2.33,0.0,0.0,-2.3,11.3,0.0 (cmd 0.0),0.0 (cmd 0.0)
0.8405,11.29,0.0,0.0,-2.32,0.0,0.0,-2.3,11.3,0.0 (cmd 0.0),0.0 (cmd 0.0)
0.841,11.3,0.0,0.0,-2.31,0.0,0.0,-2.3,11.3,0.0 (cmd 0.0),0.0 (cmd 0.0)
0.8415,11.29,0.0,0.0,-2.31,0.0,0.0,-2.3,11.3,0.0 (cmd 0.0),0.0 (cmd 0.0)
0.842,11.3,0.0,0.0,-2.3,0.0,0.0,-2.3,11.3,0.0 (cmd 0.0),0.0 (cmd 0.0)
0.8425,11.31,0.0,0.0,-2.3,0.0,0.0,-2.3,11.3,0.0 (cmd 0.0),0.0 (cmd 0.0)
0.843,11.29,0.0,0.0,-2.32,0.0,0.0,-2.3,11.3,0.0 (cmd 0.0),0.0 (cmd 0.0)
0.8435,11.28,0.0,0.0,-2.32,0.0,0.0,-2.3,11.3,0.0 (cmd 0.0),0.0 (cmd 0.0)
0.844,11.3,0.0,0.0,-2.3,0.0,0.0,-2.3,11.3,0.0 (cmd 0.0),0.0 (cmd 0.0)
0.8445,11.3,0.0,0.0,-2.31,0.0,0.0,-2.3,11.3,0.0 (cmd 0.0),0.0 (cmd 0.0)
0.845,11.29,0.0,0.0,-2.3,0.0,0.0,-2.3,11.3,0.0 (cmd 0.0),0.0 (cmd 0.0)
0.8455,11.34,0.0,0.0,-2.27,0.0,0.0,-2.3,11.3,0.0 (cmd 0.0),0.0 (cmd 0.0)
0.846,11.35,0.0,0.0,-2.25,0.0,0.0,-2.2,11.3,0.0 (cmd 0.0),0.0 (cmd 0.0)
0.8465,11.34,0.0,0.0,-2.26,0.0,0.0,-2.3,11.3,0.0 (cmd 0.0),0.0 (cmd 0.0)
0.847,11.33,0.0,0.0,-2.27,0.0,0.0,-2.3,11.3,0.0 (cmd 0.0),0.0 (cmd 0.0)
0.8475,11.34,0.0,0.0,-2.27,0.0,0.0,-2.3,11.3,0.0 (cmd 0.0),0.0 (cmd 0.0)
0.848,11.34,0.0,0.0,-2.26,0.0,0.0,-2.3,11.3,0.0 (cmd 0.0),0.0 (cmd 0.0)
0.8485,11.34,0.0,0.0,-2.26,0.0,0.0,-2.3,11.3,0.0 (cmd 0.0),0.0 (cmd 0.0)
0.849,11.34,0.0,0.0,-2.24,0.0,0.0,-2.2,11.3,0.0 (cmd 0.0),0.0 (cmd 0.0)
0.8495,11.35,0.0,0.0,-2.25,0.0,0.0,-2.2,11.3,0.0 (cmd 0.0),0.0 (cmd 0.0)
0.85,11.34,0.0,0.0,-2.25,0.0,0.0,-2.2,11.3,0.0 (cmd 0.0),0.0 (cmd 0.0)
0.8505,11.38,0.0,0.0,-2.24,0.0,0.0,-2.2,11.4,0.0 (cmd 0.0),0.0 (cmd 0.0)
0.851,11.38,0.0,0.0,-2.25,0.0,0.0,-2.2,11.4,0.0 (cmd 0.0),0.0 (cmd 0.0)
0.8515,11.36,0.0,0.0,-2.26,0.0,0.0,-2.3,11.4,0.0 (cmd 0.0),0.0 (cmd 0.0)
0.852,11.36,0.0,0.0,-2.27,0.0,0.0,-2.3,11.4,0.0 (cmd 0.0),0.0 (cmd 0.0)
0.8525,11.36,0.0,0.0,-2.25,0.0,0.0,-2.2,11.4,0.0 (cmd 0.0),0.0 (cmd 0.0)
0.853,11.36,0.0,0.0,-2.26,0.0,0.0,-2.3,11.4,0.0 (cmd 0.0),0.0 (cmd 0.0)
0.8535,11.36,0.0,0.0,-2.26,0.0,0.0,-2.3,11.4,0.0 (cmd 0.0),0.0 (cmd 0.0)
0.854,11.36,0.0,0.0,-2.24,0.0,0.0,-2.2,11.4,0.0 (cmd 0.0),0.0 (cmd 0.0)
0.8545,11.36,0.0,0.0,-2.26,0.0,0.0,-2.3,11.4,0.0 (cmd 0.0),0.0 (cmd 0.0)
0.855,11.34,0.0,0.0,-2.27,0.0,0.0,-2.3,11.3,0.0 (cmd 0.0),0.0 (cmd 0.0)
0.8576,11.33,0.0,0.0,-2.28,0.0,0.0,-2.3,11.3,0.0 (cmd 0.0),0.0 (cmd 0.0)
0.8581,11.28,0.0,0.0,-2.3,0.0,0.0,-2.3,11.3,0.0 (cmd 0.0),0.0 (cmd 0.0)
0.8593000000000001,11.25,0.0,0.0,-2.3,0.0,0.0,-2.3,11.2,0.0 (cmd 0.0),0.0 (cmd 0.0)
0.8602,11.17,0.0,0.0,-2.33,0.0,0.0,-2.3,11.2,0.0 (cmd 0.0),0.0 (cmd 0.0)
0.8606999999999999,11.17,0.0,0.0,-2.34,0.0,0.0,-2.3,11.2,0.0 (cmd 0.0),0.0 (cmd 0.0)
0.8612000000000001,11.2,0.0,0.0,-2.32,0.0,0.0,-2.3,11.2,0.0 (cmd 0.0),0.0 (cmd 0.0)
0.8617,11.18,0.0,0.0,-2.29,0.0,0.0,-2.3,11.2,0.0 (cmd 0.0),0.0 (cmd 0.0)
0.8622000000000001,11.18,0.0,0.0,-2.26,0.0,0.0,-2.3,11.2,0.0 (cmd 0.0),0.0 (cmd 0.0)
0.8626999999999999,11.2,0.0,0.0,-2.3,0.0,0.0,-2.3,11.2,0.0 (cmd 0.0),0.0 (cmd 0.0)
0.8632,11.17,0.0,0.0,-2.31,0.0,0.0,-2.3,11.2,0.0 (cmd 0.0),0.0 (cmd 0.0)
0.8637,11.18,0.0,0.0,-2.31,0.0,0.0,-2.3,11.2,0.0 (cmd 0.0),0.0 (cmd 0.0)
0.8642000000000001,11.17,0.0,0.0,-2.3,0.0,0.0,-2.3,11.2,0.0 (cmd 0.0),0.0 (cmd 0.0)
0.8647,11.18,0.0,0.0,-2.28,0.0,0.0,-2.3,11.2,0.0 (cmd 0.0),0.0 (cmd 0.0)
0.8652,11.23,0.0,0.0,-2.27,0.0,0.0,-2.3,11.2,0.0 (cmd 0.0),0.0 (cmd 0.0)
0.8656999999999999,11.27,0.0,0.0,-2.27,0.0,0.0,-2.3,11.3,0.0 (cmd 0.0),0.0 (cmd 0.0)
0.8662000000000001,11.29,0.0,0.0,-2.27,0.0,0.0,-2.3,11.3,0.0 (cmd 0.0),0.0 (cmd 0.0)
0.8667,11.3,0.0,0.0,-2.28,0.0,0.0,-2.3,11.3,0.0 (cmd 0.0),0.0 (cmd 0.0)
0.8672000000000001,11.27,0.0,0.0,-2.25,0.0,0.0,-2.2,11.3,0.0 (cmd 0.0),0.0 (cmd 0.0)
0.8676999999999999,11.24,0.0,0.0,-2.24,0.0,0.0,-2.2,11.2,0.0 (cmd 0.0),0.0 (cmd 0.0)
0.8682,11.23,0.0,0.0,-2.24,0.0,0.0,-2.2,11.2,0.0 (cmd 0.0),0.0 (cmd 0.0)
0.8687,11.23,0.0,0.0,-2.24,0.0,0.0,-2.2,11.2,0.0 (cmd 0.0),0.0 (cmd 0.0)
0.8692000000000001,11.22,0.0,0.0,-2.27,0.0,0.0,-2.3,11.2,0.0 (cmd 0.0),0.0 (cmd 0.0)
0.8697,11.23,0.0,0.0,-2.28,0.0,0.0,-2.3,11.2,0.0 (cmd 0.0),0.0 (cmd 0.0)
0.8702,11.21,0.0,0.0,-2.27,0.0,0.0,-2.3,11.2,0.0 (cmd 0.0),0.0 (cmd 0.0)
0.8706999999999999,11.22,0.0,0.0,-2.3,0.0,0.0,-2.3,11.2,0.0 (cmd 0.0),0.0 (cmd 0.0)
0.8712000000000001,11.23,0.0,0.0,-2.27,0.0,0.0,-2.3,11.2,0.0 (cmd 0.0),0.0 (cmd 0.0)
0.8717,11.27,0.0,0.0,-2.25,0.0,0.0,-2.2,11.3,0.0 (cmd 0.0),0.0 (cmd 0.0)
0.8722000000000001,11.25,0.0,0.0,-2.25,0.0,0.0,-2.2,11.2,0.0 (cmd 0.0),0.0 (cmd 0.0)
0.8726999999999999,11.18,0.0,0.0,-2.25,0.0,0.0,-2.2,11.2,0.0 (cmd 0.0),0.0 (cmd 0.0)
0.8732,11.15,0.0,0.0,-2.27,0.0,0.0,-2.3,11.2,0.0 (cmd 0.0),0.0 (cmd 0.0)
0.8737,11.08,0.0,0.0,-2.25,0.0,0.0,-2.2,11.1,0.0 (cmd 0.0),0.0 (cmd 0.0)
0.8742000000000001,10.99,0.0,0.0,-2.3,0.0,0.0,-2.3,11.0,0.0 (cmd 0.0),0.0 (cmd 0.0)
0.8747,10.96,0.0,0.0,-2.32,0.0,0.0,-2.3,11.0,0.0 (cmd 0.0),0.0 (cmd 0.0)
0.8752,11.03,0.0,0.0,-2.31,0.0,0.0,-2.3,11.0,0.0 (cmd 0.0),0.0 (cmd 0.0)
0.8756999999999999,11.07,0.0,0.0,-2.37,0.0,0.0,-2.4,11.1,0.0 (cmd 0.0),0.0 (cmd 0.0)
0.8762000000000001,11.03,0.0,0.0,-2.38,0.0,0.0,-2.4,11.0,0.0 (cmd 0.0),0.0 (cmd 0.0)
0.8767,11.02,0.0,0.0,-2.41,0.0,0.0,-2.4,11.0,0.0 (cmd 0.0),0.0 (cmd 0.0)
0.8772000000000001,11.05,0.0,0.0,-2.38,0.0,0.0,-2.4,11.1,0.0 (cmd 0.0),0.0 (cmd 0.0)
0.8776999999999999,11.02,0.0,0.0,-2.36,0.0,0.0,-2.4,11.0,0.0 (cmd 0.0),0.0 (cmd 0.0)
0.8782,11.02,0.0,0.0,-2.38,0.0,0.0,-2.4,11.0,0.0 (cmd 0.0),0.0 (cmd 0.0)
0.8787,11.02,0.0,0.0,-2.4,0.0,0.0,-2.4,11.0,0.0 (cmd 0.0),0.0 (cmd 0.0)
0.8792000000000001,11.05,0.0,0.0,-2.39,0.0,0.0,-2.4,11.1,0.0 (cmd 0.0),0.0 (cmd 0.0)
0.8797,11.06,0.0,0.0,-2.4,0.0,0.0,-2.4,11.1,0.0 (cmd 0.0),0.0 (cmd 0.0)
0.8802,11.06,0.0,0.0,-2.39,0.0,0.0,-2.4,11.1,0.0 (cmd 0.0),0.0 (cmd 0.0)
0.8806999999999999,11.09,0.0,0.0,-2.38,0.0,0.0,-2.4,11.1,0.0 (cmd 0.0),0.0 (cmd 0.0)
0.8812000000000001,11.07,0.0,0.0,-2.4,0.0,0.0,-2.4,11.1,0.0 (cmd 0.0),0.0 (cmd 0.0)
0.8817,11.08,0.0,0.0,-2.39,0.0,0.0,-2.4,11.1,0.0 (cmd 0.0),0.0 (cmd 0.0)
0.8822000000000001,11.1,0.0,0.0,-2.39,0.0,0.0,-2.4,11.1,0.0 (cmd 0.0),0.0 (cmd 0.0)
0.8826999999999999,11.1,0.0,0.0,-2.39,0.0,0.0,-2.4,11.1,0.0 (cmd 0.0),0.0 (cmd 0.0)
0.8832,11.11,0.0,0.0,-2.37,0.0,0.0,-2.4,11.1,0.0 (cmd 0.0),0.0 (cmd 0.0)
0.8837,11.12,0.0,0.0,-2.37,0.0,0.0,-2.4,11.1,0.0 (cmd 0.0),0.0 (cmd 0.0)
0.8842000000000001,11.11,0.0,0.0,-2.36,0.0,0.0,-2.4,11.1,0.0 (cmd 0.0),0.0 (cmd 0.0)
0.8847,11.11,0.0,0.0,-2.37,0.0,0.0,-2.4,11.1,0.0 (cmd 0.0),0.0 (cmd 0.0)
0.8852,11.11,0.0,0.0,-2.36,0.0,0.0,-2.4,11.1,0.0 (cmd 0.0),0.0 (cmd 0.0)
0.8856999999999999,11.1,0.0,0.0,-2.37,0.0,0.0,-2.4,11.1,0.0 (cmd 0.0),0.0 (cmd 0.0)
0.8862000000000001,11.11,0.0,0.0,-2.38,0.0,0.0,-2.4,11.1,0.0 (cmd 0.0),0.0 (cmd 0.0)
0.8867,11.11,0.0,0.0,-2.36,0.0,0.0,-2.4,11.1,0.0 (cmd 0.0),0.0 (cmd 0.0)
0.8872000000000001,11.1,0.0,0.0,-2.37,0.0,0.0,-2.4,11.1,0.0 (cmd 0.0),0.0 (cmd 0.0)
0.8876999999999999,11.11,0.0,0.0,-2.37,0.0,0.0,-2.4,11.1,0.0 (cmd 0.0),0.0 (cmd 0.0)
0.8881999999999999,11.11,0.0,0.0,-2.37,0.0,0.0,-2.4,11.1,0.0 (cmd 0.0),0.0 (cmd 0.0)
0.8887,11.11,0.0,0.0,-2.37,0.0,0.0,-2.4,11.1,0.0 (cmd 0.0),0.0 (cmd 0.0)
0.8892,11.12,0.0,0.0,-2.36,0.0,0.0,-2.4,11.1,0.0 (cmd 0.0),0.0 (cmd 0.0)
0.8897,11.09,0.0,0.0,-2.37,0.0,0.0,-2.4,11.1,0.0 (cmd 0.0),0.0 (cmd 0.0)
0.8901999999999999,11.05,0.0,0.0,-2.36,0.0,0.0,-2.4,11.1,0.0 (cmd 0.0),0.0 (cmd 0.0)
0.8906999999999999,10.97,0.0,0.0,-2.38,0.0,0.0,-2.4,11.0,0.0 (cmd 0.0),0.0 (cmd 0.0)
0.8912,10.91,0.0,0.0,-2.38,0.0,0.0,-2.4,10.9,0.0 (cmd 0.0),0.0 (cmd 0.0)
0.8917,10.89,0.0,0.0,-2.3,0.0,0.0,-2.3,10.9,0.0 (cmd 0.0),0.0 (cmd 0.0)
0.8922,10.88,0.0,0.0,-2.33,0.0,0.0,-2.3,10.9,0.0 (cmd 0.0),0.0 (cmd 0.0)
0.8926999999999999,10.91,0.0,0.0,-2.37,0.0,0.0,-2.4,10.9,0.0 (cmd 0.0),0.0 (cmd 0.0)
0.8931999999999999,10.95,0.0,0.0,-2.32,0.0,0.0,-2.3,10.9,0.0 (cmd 0.0),0.0 (cmd 0.0)
0.8937,11.0,0.0,0.0,-2.28,0.0,0.0,-2.3,11.0,0.0 (cmd 0.0),0.0 (cmd 0.0)
0.8942,11.0,0.0,0.0,-2.23,0.0,0.0,-2.2,11.0,0.0 (cmd 0.0),0.0 (cmd 0.0)
0.8947,10.98,0.0,0.0,-2.27,0.0,0.0,-2.3,11.0,0.0 (cmd 0.0),0.0 (cmd 0.0)
0.8951999999999999,11.0,0.0,0.0,-2.31,0.0,0.0,-2.3,11.0,0.0 (cmd 0.0),0.0 (cmd 0.0)
0.8956999999999999,11.02,0.0,0.0,-2.29,0.0,0.0,-2.3,11.0,0.0 (cmd 0.0),0.0 (cmd 0.0)
0.8962,11.07,0.0,0.0,-2.26,0.0,0.0,-2.3,11.1,0.0 (cmd 0.0),0.0 (cmd 0.0)
0.8967,11.06,0.0,0.0,-2.24,0.0,0.0,-2.2,11.1,0.0 (cmd 0.0),0.0 (cmd 0.0)
0.8972,11.06,0.0,0.0,-2.27,0.0,0.0,-2.3,11.1,0.0 (cmd 0.0),0.0 (cmd 0.0)
0.8976999999999999,11.07,0.0,0.0,-2.24,0.0,0.0,-2.2,11.1,0.0 (cmd 0.0),0.0 (cmd 0.0)
0.8981999999999999,11.04,0.0,0.0,-2.25,0.0,0.0,-2.2,11.0,0.0 (cmd 0.0),0.0 (cmd 0.0)
0.8987,11.03,0.0,0.0,-2.27,0.0,0.0,-2.3,11.0,0.0 (cmd 0.0),0.0 (cmd 0.0)
0.8992,11.03,0.0,0.0,-2.25,0.0,0.0,-2.2,11.0,0.0 (cmd 0.0),0.0 (cmd 0.0)
0.8997,11.02,0.0,0.0,-2.3,0.0,0.0,-2.3,11.0,0.0 (cmd 0.0),0.0 (cmd 0.0)
0.9001999999999999,10.97,0.0,0.0,-2.31,0.0,0.0,-2.3,11.0,0.0 (cmd 0.0),0.0 (cmd 0.0)
0.9007,10.95,0.0,0.0,-2.31,0.0,0.0,-2.3,10.9,0.0 (cmd 0.0),0.0 (cmd 0.0)
0.9012,10.99,0.0,0.0,-2.29,0.0,0.0,-2.3,11.0,0.0 (cmd 0.0),0.0 (cmd 0.0)
0.9017000000000001,11.01,0.0,0.0,-2.24,0.0,0.0,-2.2,11.0,0.0 (cmd 0.0),0.0 (cmd 0.0)
0.9022,11.01,0.0,0.0,-2.26,0.0,0.0,-2.3,11.0,0.0 (cmd 0.0),0.0 (cmd 0.0)
0.9027,11.04,0.0,0.0,-2.25,0.0,0.0,-2.2,11.0,0.0 (cmd 0.0),0.0 (cmd 0.0)
0.9031999999999999,11.02,0.0,0.0,-2.25,0.0,0.0,-2.2,11.0,0.0 (cmd 0.0),0.0 (cmd 0.0)
0.9037000000000001,10.96,0.0,0.0,-2.31,0.0,0.0,-2.3,11.0,0.0 (cmd 0.0),0.0 (cmd 0.0)
0.9042,10.97,0.0,0.0,-2.32,0.0,0.0,-2.3,11.0,0.0 (cmd 0.0),0.0 (cmd 0.0)
0.9047000000000001,10.99,0.0,0.0,-2.28,0.0,0.0,-2.3,11.0,0.0 (cmd 0.0),0.0 (cmd 0.0)
0.9051999999999999,10.96,0.0,0.0,-2.28,0.0,0.0,-2.3,11.0,0.0 (cmd 0.0),0.0 (cmd 0.0)
0.9057,10.9,0.0,0.0,-2.29,0.0,0.0,-2.3,10.9,0.0 (cmd 0.0),0.0 (cmd 0.0)
0.9062,10.95,0.0,0.0,-2.3,0.0,0.0,-2.3,10.9,0.0 (cmd 0.0),0.0 (cmd 0.0)
0.9067000000000001,11.06,0.0,0.0,-2.28,0.0,0.0,-2.3,11.1,0.0 (cmd 0.0),0.0 (cmd 0.0)
0.9072,11.05,0.0,0.0,-2.29,0.0,0.0,-2.3,11.1,0.0 (cmd 0.0),0.0 (cmd 0.0)
0.9077,11.04,0.0,0.0,-2.31,0.0,0.0,-2.3,11.0,0.0 (cmd 0.0),0.0 (cmd 0.0)
0.9081999999999999,11.06,0.0,0.0,-2.29,0.0,0.0,-2.3,11.1,0.0 (cmd 0.0),0.0 (cmd 0.0)
0.9087000000000001,11.05,0.0,0.0,-2.26,0.0,0.0,-2.3,11.1,0.0 (cmd 0.0),0.0 (cmd 0.0)
0.9092,11.01,0.0,0.0,-2.26,0.0,0.0,-2.3,11.0,0.0 (cmd 0.0),0.0 (cmd 0.0)
0.9097000000000001,11.0,0.0,0.0,-2.26,0.0,0.0,-2.3,11.0,0.0 (cmd 0.0),0.0 (cmd 0.0)
0.9101999999999999,11.03,0.0,0.0,-2.28,0.0,0.0,-2.3,11.0,0.0 (cmd 0.0),0.0 (cmd 0.0)
0.9107,11.09,0.0,0.0,-2.3,0.0,0.0,-2.3,11.1,0.0 (cmd 0.0),0.0 (cmd 0.0)
0.9112,11.06,0.0,0.0,-2.3,0.0,0.0,-2.3,11.1,0.0 (cmd 0.0),0.0 (cmd 0.0)
0.9117000000000001,11.04,0.0,0.0,-2.3,0.0,0.0,-2.3,11.0,0.0 (cmd 0.0),0.0 (cmd 0.0)
0.9122,11.06,0.0,0.0,-2.3,0.0,0.0,-2.3,11.1,0.0 (cmd 0.0),0.0 (cmd 0.0)
0.9127,11.05,0.0,0.0,-2.28,0.0,0.0,-2.3,11.1,0.0 (cmd 0.0),0.0 (cmd 0.0)
0.9131999999999999,11.07,0.0,0.0,-2.29,0.0,0.0,-2.3,11.1,0.0 (cmd 0.0),0.0 (cmd 0.0)
0.9137000000000001,11.03,0.0,0.0,-2.26,0.0,0.0,-2.3,11.0,0.0 (cmd 0.0),0.0 (cmd 0.0)
0.9142,11.04,0.0,0.0,-2.28,0.0,0.0,-2.3,11.0,0.0 (cmd 0.0),0.0 (cmd 0.0)
0.9147000000000001,11.09,0.0,0.0,-2.29,0.0,0.0,-2.3,11.1,0.0 (cmd 0.0),0.0 (cmd 0.0)
0.9151999999999999,11.09,0.0,0.0,-2.26,0.0,0.0,-2.3,11.1,0.0 (cmd 0.0),0.0 (cmd 0.0)
0.9157,11.07,0.0,0.0,-2.28,0.0,0.0,-2.3,11.1,0.0 (cmd 0.0),0.0 (cmd 0.0)
0.9162,11.09,0.0,0.0,-2.26,0.0,0.0,-2.3,11.1,0.0 (cmd 0.0),0.0 (cmd 0.0)
0.9167000000000001,11.09,0.0,0.0,-2.26,0.0,0.0,-2.3,11.1,0.0 (cmd 0.0),0.0 (cmd 0.0)
0.9172,11.08,0.0,0.0,-2.25,0.0,0.0,-2.2,11.1,0.0 (cmd 0.0),0.0 (cmd 0.0)
0.9177,11.05,0.0,0.0,-2.25,0.0,0.0,-2.2,11.1,0.0 (cmd 0.0),0.0 (cmd 0.0)
0.9181999999999999,11.04,0.0,0.0,-2.25,0.0,0.0,-2.2,11.0,0.0 (cmd 0.0),0.0 (cmd 0.0)
0.9187000000000001,11.06,0.0,0.0,-2.27,0.0,0.0,-2.3,11.1,0.0 (cmd 0.0),0.0 (cmd 0.0)
0.9192,11.04,0.0,0.0,-2.26,0.0,0.0,-2.3,11.0,0.0 (cmd 0.0),0.0 (cmd 0.0)
0.9197000000000001,11.05,0.0,0.0,-2.29,0.0,0.0,-2.3,11.1,0.0 (cmd 0.0),0.0 (cmd 0.0)
0.9201999999999999,11.09,0.0,0.0,-2.25,0.0,0.0,-2.2,11.1,0.0 (cmd 0.0),0.0 (cmd 0.0)
0.9207,11.11,0.0,0.0,-2.23,0.0,0.0,-2.2,11.1,0.0 (cmd 0.0),0.0 (cmd 0.0)
0.9212,11.04,0.0,0.0,-2.23,0.0,0.0,-2.2,11.0,0.0 (cmd 0.0),0.0 (cmd 0.0)
0.9217000000000001,11.05,0.0,0.0,-2.25,0.0,0.0,-2.2,11.1,0.0 (cmd 0.0),0.0 (cmd 0.0)
0.9222,11.06,0.0,0.0,-2.23,0.0,0.0,-2.2,11.1,0.0 (cmd 0.0),0.0 (cmd 0.0)
0.9227,11.04,0.0,0.0,-2.27,0.0,0.0,-2.3,11.0,0.0 (cmd 0.0),0.0 (cmd 0.0)
0.9231999999999999,11.05,0.0,0.0,-2.29,0.0,0.0,-2.3,11.1,0.0 (cmd 0.0),0.0 (cmd 0.0)
0.9237000000000001,11.06,0.0,0.0,-2.26,0.0,0.0,-2.3,11.1,0.0 (cmd 0.0),0.0 (cmd 0.0)
0.9242,11.07,0.0,0.0,-2.27,0.0,0.0,-2.3,11.1,0.0 (cmd 0.0),0.0 (cmd 0.0)
0.9247000000000001,11.1,0.0,0.0,-2.25,0.0,0.0,-2.2,11.1,0.0 (cmd 0.0),0.0 (cmd 0.0)
0.9251999999999999,11.15,0.0,0.0,-2.23,0.0,0.0,-2.2,11.2,0.0 (cmd 0.0),0.0 (cmd 0.0)
0.9257,11.18,0.0,0.0,-2.22,0.0,0.0,-2.2,11.2,0.0 (cmd 0.0),0.0 (cmd 0.0)
0.9262,11.18,0.0,0.0,-2.22,0.0,0.0,-2.2,11.2,0.0 (cmd 0.0),0.0 (cmd 0.0)
0.9267000000000001,11.18,0.0,0.0,-2.2,0.0,0.0,-2.2,11.2,0.0 (cmd 0.0),0.0 (cmd 0.0)
0.9272,11.16,0.0,0.0,-2.2,0.0,0.0,-2.2,11.2,0.0 (cmd 0.0),0.0 (cmd 0.0)
0.9277,11.11,0.0,0.0,-2.22,0.0,0.0,-2.2,11.1,0.0 (cmd 0.0),0.0 (cmd 0.0)
0.9281999999999999,11.07,0.0,0.0,-2.19,0.0,0.0,-2.2,11.1,0.0 (cmd 0.0),0.0 (cmd 0.0)
0.9287000000000001,11.1,0.0,0.0,-2.19,0.0,0.0,-2.2,11.1,0.0 (cmd 0.0),0.0 (cmd 0.0)
0.9292,11.11,0.0,0.0,-2.21,0.0,0.0,-2.2,11.1,0.0 (cmd 0.0),0.0 (cmd 0.0)
0.9297000000000001,11.07,0.0,0.0,-2.22,0.0,0.0,-2.2,11.1,0.0 (cmd 0.0),0.0 (cmd 0.0)
0.9301999999999999,11.07,0.0,0.0,-2.23,0.0,0.0,-2.2,11.1,0.0 (cmd 0.0),0.0 (cmd 0.0)
0.9307,11.06,0.0,0.0,-2.27,0.0,0.0,-2.3,11.1,0.0 (cmd 0.0),0.0 (cmd 0.0)
0.9312,11.0,0.0,0.0,-2.29,0.0,0.0,-2.3,11.0,0.0 (cmd 0.0),0.0 (cmd 0.0)
0.9317000000000001,11.02,0.0,0.0,-2.3,0.0,0.0,-2.3,11.0,0.0 (cmd 0.0),0.0 (cmd 0.0)
0.9322,11.01,0.0,0.0,-2.3,0.0,0.0,-2.3,11.0,0.0 (cmd 0.0),0.0 (cmd 0.0)
0.9327,11.02,0.0,0.0,-2.3,0.0,0.0,-2.3,11.0,0.0 (cmd 0.0),0.0 (cmd 0.0)
0.9331999999999999,11.02,0.0,0.0,-2.28,0.0,0.0,-2.3,11.0,0.0 (cmd 0.0),0.0 (cmd 0.0)
0.9337000000000001,11.04,0.0,0.0,-2.31,0.0,0.0,-2.3,11.0,0.0 (cmd 0.0),0.0 (cmd 0.0)
0.9342,11.02,0.0,0.0,-2.28,0.0,0.0,-2.3,11.0,0.0 (cmd 0.0),0.0 (cmd 0.0)
0.9347000000000001,11.0,0.0,0.0,-2.31,0.0,0.0,-2.3,11.0,0.0 (cmd 0.0),0.0 (cmd 0.0)
0.9351999999999999,10.94,0.0,0.0,-2.32,0.0,0.0,-2.3,10.9,0.0 (cmd 0.0),0.0 (cmd 0.0)
0.9357,10.93,0.0,0.0,-2.31,0.0,0.0,-2.3,10.9,0.0 (cmd 0.0),0.0 (cmd 0.0)
0.9362,10.93,0.0,0.0,-2.31,0.0,0.0,-2.3,10.9,0.0 (cmd 0.0),0.0 (cmd 0.0)
0.9367000000000001,10.9,0.0,0.0,-2.33,0.0,0.0,-2.3,10.9,0.0 (cmd 0.0),0.0 (cmd 0.0)
0.9372,10.96,0.0,0.0,-2.33,0.0,0.0,-2.3,11.0,0.0 (cmd 0.0),0.0 (cmd 0.0)
0.9377,10.98,0.0,0.0,-2.33,0.0,0.0,-2.3,11.0,0.0 (cmd 0.0),0.0 (cmd 0.0)
0.9381999999999999,11.0,0.0,0.0,-2.32,0.0,0.0,-2.3,11.0,0.0 (cmd 0.0),0.0 (cmd 0.0)
0.9387000000000001,11.02,0.0,0.0,-2.23,0.0,0.0,-2.2,11.0,0.0 (cmd 0.0),0.0 (cmd 0.0)
0.9392,11.04,0.0,0.0,-2.23,0.0,0.0,-2.2,11.0,0.0 (cmd 0.0),0.0 (cmd 0.0)
0.9397000000000001,10.99,0.0,0.0,-2.29,0.0,0.0,-2.3,11.0,0.0 (cmd 0.0),0.0 (cmd 0.0)
0.9401999999999999,10.96,0.0,0.0,-2.31,0.0,0.0,-2.3,11.0,0.0 (cmd 0.0),0.0 (cmd 0.0)
0.9407,11.06,0.0,0.0,-2.27,0.0,0.0,-2.3,11.1,0.0 (cmd 0.0),0.0 (cmd 0.0)
0.9412,11.13,0.0,0.0,-2.16,0.0,0.0,-2.2,11.1,0.0 (cmd 0.0),0.0 (cmd 0.0)
0.9417000000000001,11.17,0.0,0.0,-2.1,0.0,0.0,-2.1,11.2,0.0 (cmd 0.0),0.0 (cmd 0.0)
0.9422,11.22,0.0,0.0,-2.12,0.0,0.0,-2.1,11.2,0.0 (cmd 0.0),0.0 (cmd 0.0)
0.9427,11.28,0.0,0.0,-2.12,0.0,0.0,-2.1,11.3,0.0 (cmd 0.0),0.0 (cmd 0.0)
0.9431999999999999,11.29,0.0,0.0,-2.11,0.0,0.0,-2.1,11.3,0.0 (cmd 0.0),0.0 (cmd 0.0)
0.9437000000000001,11.21,0.0,0.0,-2.16,0.0,0.0,-2.2,11.2,0.0 (cmd 0.0),0.0 (cmd 0.0)
0.9442,11.15,0.0,0.0,-2.19,0.0,0.0,-2.2,11.2,0.0 (cmd 0.0),0.0 (cmd 0.0)
0.9447000000000001,11.17,0.0,0.0,-2.17,0.0,0.0,-2.2,11.2,0.0 (cmd 0.0),0.0 (cmd 0.0)
0.9451999999999999,11.12,0.0,0.0,-2.11,0.0,0.0,-2.1,11.1,0.0 (cmd 0.0),0.0 (cmd 0.0)
0.9457,11.23,0.0,0.0,-2.13,0.0,0.0,-2.1,11.2,0.0 (cmd 0.0),0.0 (cmd 0.0)
0.9462,11.32,0.0,0.0,-2.12,0.0,0.0,-2.1,11.3,0.0 (cmd 0.0),0.0 (cmd 0.0)
0.9467000000000001,11.33,0.0,0.0,-2.1,0.0,0.0,-2.1,11.3,0.0 (cmd 0.0),0.0 (cmd 0.0)
0.9472,11.28,0.0,0.0,-2.14,0.0,0.0,-2.1,11.3,0.0 (cmd 0.0),0.0 (cmd 0.0)
0.9477,11.21,0.0,0.0,-2.25,0.0,0.0,-2.2,11.2,0.0 (cmd 0.0),0.0 (cmd 0.0)
0.9481999999999999,11.21,0.0,0.0,-2.22,0.0,0.0,-2.2,11.2,0.0 (cmd 0.0),0.0 (cmd 0.0)
0.9487000000000001,11.32,0.0,0.0,-2.11,0.0,0.0,-2.1,11.3,0.0 (cmd 0.0),0.0 (cmd 0.0)
0.9492,11.33,0.0,0.0,-2.08,0.0,0.0,-2.1,11.3,0.0 (cmd 0.0),0.0 (cmd 0.0)
0.9497000000000001,11.29,0.0,0.0,-2.1,0.0,0.0,-2.1,11.3,0.0 (cmd 0.0),0.0 (cmd 0.0)
0.9501999999999999,11.29,0.0,0.0,-2.05,0.0,0.0,-2.0,11.3,0.0 (cmd 0.0),0.0 (cmd 0.0)
0.9506999999999999,11.38,0.0,0.0,-2.0,0.0,0.0,-2.0,11.4,0.0 (cmd 0.0),0.0 (cmd 0.0)
0.9512,11.45,0.0,0.0,-1.95,0.0,0.0,-1.9,11.4,0.0 (cmd 0.0),0.0 (cmd 0.0)
0.9517,11.44,0.0,0.0,-1.98,0.0,0.0,-2.0,11.4,0.0 (cmd 0.0),0.0 (cmd 0.0)
0.9522,11.43,0.0,0.0,-2.0,0.0,0.0,-2.0,11.4,0.0 (cmd 0.0),0.0 (cmd 0.0)
0.9526999999999999,11.48,0.0,0.0,-2.0,0.0,0.0,-2.0,11.5,0.0 (cmd 0.0),0.0 (cmd 0.0)
0.9531999999999999,11.43,0.0,0.0,-2.0,0.0,0.0,-2.0,11.4,0.0 (cmd 0.0),0.0 (cmd 0.0)
0.9537,11.39,0.0,0.0,-1.97,0.0,0.0,-2.0,11.4,0.0 (cmd 0.0),0.0 (cmd 0.0)
0.9542,11.51,0.0,0.0,-1.95,0.0,0.0,-1.9,11.5,0.0 (cmd 0.0),0.0 (cmd 0.0)
0.9547,11.62,0.0,0.0,-1.92,0.0,0.0,-1.9,11.6,0.0 (cmd 0.0),0.0 (cmd 0.0)
0.9551999999999999,11.58,0.0,0.0,-1.98,0.0,0.0,-2.0,11.6,0.0 (cmd 0.0),0.0 (cmd 0.0)
0.9556999999999999,11.42,0.0,0.0,-1.98,0.0,0.0,-2.0,11.4,0.0 (cmd 0.0),0.0 (cmd 0.0)
0.9562,11.5,0.0,0.0,-2.13,0.0,0.0,-2.1,11.5,0.0 (cmd 0.0),0.0 (cmd 0.0)
0.9567,11.49,0.0,0.0,-1.96,0.0,0.0,-2.0,11.5,0.0 (cmd 0.0),0.0 (cmd 0.0)
0.9572,11.46,0.0,0.0,-1.81,0.0,0.0,-1.8,11.5,0.0 (cmd 0.0),0.0 (cmd 0.0)
0.9576999999999999,11.4,0.0,0.0,-1.92,0.0,0.0,-1.9,11.4,0.0 (cmd 0.0),0.0 (cmd 0.0)
0.9581999999999999,11.38,-0.01,0.0,-1.96,158.37,0.0,-2.0,11.4,0.0 (cmd -0.0),0.0 (cmd 158.4)
0.9587,11.36,0.0,0.0,-1.91,0.0,0.0,-1.9,11.4,0.0 (cmd 0.0),0.0 (cmd 0.0)
0.9592,11.39,0.0,0.0,-2.05,-0.01,0.0,-2.0,11.4,0.0 (cmd 0.0),0.0 (cmd -0.0)
0.9597,11.36,0.0,0.0,-2.0,0.0,0.0,-2.0,11.4,0.0 (cmd 0.0),0.0 (cmd 0.0)
0.9601999999999999,11.28,0.0,0.0,-2.02,0.0,0.0,-2.0,11.3,0.0 (cmd 0.0),0.0 (cmd 0.0)
0.9606999999999999,11.28,0.0,0.0,-2.26,-0.01,0.0,-2.3,11.3,0.0 (cmd 0.0),0.0 (cmd -0.0)
0.9612,11.23,0.09,0.0,-2.36,126.32,0.0,-2.4,11.2,0.0 (cmd 0.1),0.0 (cmd 126.3)
0.9617,11.17,-0.01,0.0,-2.23,0.0,0.0,-2.2,11.2,0.0 (cmd -0.0),0.0 (cmd 0.0)
0.9622,11.22,0.0,0.0,-1.9,0.0,0.0,-1.9,11.2,0.0 (cmd 0.0),0.0 (cmd 0.0)
0.9626999999999999,11.37,0.0,0.0,-2.11,0.0,0.0,-2.1,11.4,0.0 (cmd 0.0),0.0 (cmd 0.0)
0.9632,11.52,0.0,0.0,-1.92,0.0,0.0,-1.9,11.5,0.0 (cmd 0.0),0.0 (cmd 0.0)
0.9637,11.62,0.0,0.0,-1.93,99.28,0.0,-1.9,11.6,0.0 (cmd 0.0),0.0 (cmd 99.3)
0.9642000000000001,11.81,0.0,0.0,-1.9,0.0,0.0,-1.9,11.8,0.0 (cmd 0.0),0.0 (cmd 0.0)
0.9647,12.47,0.0,0.0,-1.83,-0.01,0.0,-1.8,12.5,0.0 (cmd 0.0),0.0 (cmd -0.0)
0.9652,15.13,0.0,0.0,-1.75,0.0,0.0,-1.8,15.1,0.0 (cmd 0.0),0.0 (cmd 0.0)
0.9656999999999999,18.09,-0.01,0.0,-1.94,0.0,0.0,-1.9,18.1,0.0 (cmd -0.0),0.0 (cmd 0.0)
0.9662000000000001,21.9,0.0,0.0,-1.85,0.0,0.0,-1.9,21.9,0.0 (cmd 0.0),0.0 (cmd 0.0)
0.9667,26.51,0.0,0.0,-2.1,0.0,0.0,-2.1,26.5,0.0 (cmd 0.0),0.0 (cmd 0.0)
0.9672000000000001,33.44,0.0,0.0,-2.0,0.0,0.0,-2.0,33.4,0.0 (cmd 0.0),0.0 (cmd 0.0)
0.9676999999999999,41.02,-0.01,0.0,-1.3,0.0,0.0,-1.3,41.0,0.0 (cmd -0.0),0.0 (cmd 0.0)
0.9682,48.37,-0.01,0.0,-0.43,0.0,0.0,-0.4,48.4,0.0 (cmd -0.0),0.0 (cmd 0.0)
0.9687,56.96,-0.01,0.0,0.11,0.0,0.0,0.1,57.0,0.0 (cmd -0.0),0.0 (cmd 0.0)
0.9692000000000001,60.84,0.0,0.0,0.13,0.0,0.0,0.1,60.8,0.0 (cmd 0.0),0.0 (cmd 0.0)
0.9697,65.62,0.0,0.0,-0.1,0.0,0.0,-0.1,65.6,0.0 (cmd 0.0),0.0 (cmd 0.0)
0.9702,72.28,0.0,0.0,-0.16,0.0,0.0,-0.2,72.3,0.0 (cmd 0.0),0.0 (cmd 0.0)
0.9706999999999999,74.23,0.0,0.0,-0.15,0.0,0.0,-0.1,74.2,0.0 (cmd 0.0),0.0 (cmd 0.0)
0.9712000000000001,74.21,0.0,0.0,0.1,0.0,0.0,0.1,74.2,0.0 (cmd 0.0),0.0 (cmd 0.0)
0.9717,69.79,0.0,0.0,-0.04,0.0,0.0,-0.0,69.8,0.0 (cmd 0.0),0.0 (cmd 0.0)
0.9722000000000001,64.74,-0.01,0.0,-0.55,0.0,0.0,-0.6,64.7,0.0 (cmd -0.0),0.0 (cmd 0.0)
0.9726999999999999,57.02,0.0,0.0,-0.33,0.0,0.0,-0.3,57.0,0.0 (cmd 0.0),0.0 (cmd 0.0)
0.9732,50.15,0.0,0.0,-0.21,0.0,0.0,-0.2,50.1,0.0 (cmd 0.0),0.0 (cmd 0.0)
0.9737,36.85,0.0,0.0,0.34,-0.01,0.0,0.3,36.9,0.0 (cmd 0.0),0.0 (cmd -0.0)
0.9742000000000001,28.3,0.0,0.0,1.25,0.0,0.0,1.2,28.3,0.0 (cmd 0.0),0.0 (cmd 0.0)
0.9747,22.47,0.0,0.0,3.63,0.0,0.0,3.6,22.5,0.0 (cmd 0.0),0.0 (cmd 0.0)
0.9752,16.72,0.0,0.0,7.51,0.0,0.0,7.5,16.7,0.0 (cmd 0.0),0.0 (cmd 0.0)
0.9756999999999999,12.82,0.0,0.0,12.09,0.0,0.0,12.1,12.8,0.0 (cmd 0.0),0.0 (cmd 0.0)
0.9762000000000001,11.94,0.0,0.0,17.1,0.0,0.0,17.1,11.9,0.0 (cmd 0.0),0.0 (cmd 0.0)
0.9767,12.13,0.0,0.0,22.61,0.0,0.0,22.6,12.1,0.0 (cmd 0.0),0.0 (cmd 0.0)
0.9772000000000001,12.83,0.0,0.0,27.69,0.0,0.0,27.7,12.8,0.0 (cmd 0.0),0.0 (cmd 0.0)
0.9776999999999999,14.23,0.0,0.0,31.2,0.0,0.0,31.2,14.2,0.0 (cmd 0.0),0.0 (cmd 0.0)
0.9782,14.37,0.0,0.0,34.19,0.0,0.0,34.2,14.4,0.0 (cmd 0.0),0.0 (cmd 0.0)
0.9787,13.74,0.0,0.0,33.53,0.0,0.0,33.5,13.7,0.0 (cmd 0.0),0.0 (cmd 0.0)
0.9792000000000001,12.55,0.0,0.0,31.44,0.0,0.0,31.4,12.6,0.0 (cmd 0.0),0.0 (cmd 0.0)
0.9797,11.9,0.0,0.0,26.87,0.0,0.0,26.9,11.9,0.0 (cmd 0.0),0.0 (cmd 0.0)
0.9802,11.16,0.0,0.0,24.55,0.0,0.0,24.6,11.2,0.0 (cmd 0.0),0.0 (cmd 0.0)
0.9806999999999999,11.5,0.0,0.0,22.51,0.0,0.0,22.5,11.5,0.0 (cmd 0.0),0.0 (cmd 0.0)
0.9812000000000001,11.93,0.0,0.0,21.75,0.0,0.0,21.8,11.9,0.0 (cmd 0.0),0.0 (cmd 0.0)
0.9817,12.03,0.0,0.0,21.5,0.0,0.0,21.5,12.0,0.0 (cmd 0.0),0.0 (cmd 0.0)
0.9822000000000001,12.43,0.0,0.0,21.35,0.0,0.0,21.4,12.4,0.0 (cmd 0.0),0.0 (cmd 0.0)
0.9826999999999999,14.05,0.0,0.0,21.16,0.0,0.0,21.2,14.1,0.0 (cmd 0.0),0.0 (cmd 0.0)
0.9832,15.69,0.0,0.0,20.92,0.0,0.0,20.9,15.7,0.0 (cmd 0.0),0.0 (cmd 0.0)
0.9837,18.18,0.0,0.0,20.65,0.0,0.0,20.6,18.2,0.0 (cmd 0.0),0.0 (cmd 0.0)
0.9842000000000001,21.41,0.0,0.0,20.37,0.0,0.0,20.4,21.4,0.0 (cmd 0.0),0.0 (cmd 0.0)
0.9847,23.96,0.0,0.0,20.05,0.0,0.0,20.1,24.0,0.0 (cmd 0.0),0.0 (cmd 0.0)
0.9852,25.17,0.0,0.0,19.77,0.0,0.0,19.8,25.2,0.0 (cmd 0.0),0.0 (cmd 0.0)
0.9856999999999999,27.04,0.0,0.0,19.08,0.0,0.0,19.1,27.0,0.0 (cmd 0.0),0.0 (cmd 0.0)
0.9862000000000001,27.44,0.0,0.0,17.59,0.0,0.0,17.6,27.4,0.0 (cmd 0.0),0.0 (cmd 0.0)
0.9867,27.87,0.0,0.0,16.21,0.0,0.0,16.2,27.9,0.0 (cmd 0.0),0.0 (cmd 0.0)
0.9872000000000001,27.84,0.0,0.0,14.0,0.0,0.0,14.0,27.8,0.0 (cmd 0.0),0.0 (cmd 0.0)
0.9876999999999999,27.59,0.0,0.0,11.39,0.0,0.0,11.4,27.6,0.0 (cmd 0.0),0.0 (cmd 0.0)
0.9882,27.42,0.0,0.0,9.42,0.0,0.0,9.4,27.4,0.0 (cmd 0.0),0.0 (cmd 0.0)
0.9887,27.13,0.0,0.0,7.43,0.0,0.0,7.4,27.1,0.0 (cmd 0.0),0.0 (cmd 0.0)
0.9892000000000001,26.87,-0.01,0.0,5.77,0.0,0.0,5.8,26.9,0.0 (cmd -0.0),0.0 (cmd 0.0)
0.9897,26.37,-176.01,0.0,4.68,0.0,0.0,4.7,26.4,0.0 (cmd -176.0),0.0 (cmd 0.0)
0.9902,25.85,0.0,0.0,4.13,-0.01,0.0,4.1,25.9,0.0 (cmd 0.0),0.0 (cmd -0.0)
0.9906999999999999,25.18,276.47,0.0,3.99,0.0,0.0,4.0,25.2,0.0 (cmd 276.5),0.0 (cmd 0.0)
0.9912000000000001,24.16,0.0,0.0,4.54,-0.01,0.0,4.5,24.2,0.0 (cmd 0.0),0.0 (cmd -0.0)
0.9917,23.88,-0.01,0.0,5.99,0.0,0.0,6.0,23.9,0.0 (cmd -0.0),0.0 (cmd 0.0)
0.9922000000000001,23.92,0.0,0.0,7.25,0.0,0.0,7.2,23.9,0.0 (cmd 0.0),0.0 (cmd 0.0)
0.9926999999999999,24.5,0.0,0.0,8.09,-0.01,0.0,8.1,24.5,0.0 (cmd 0.0),0.0 (cmd -0.0)
0.9932,25.38,0.0,0.0,9.18,0.0,0.0,9.2,25.4,0.0 (cmd 0.0),0.0 (cmd 0.0)
0.9937,25.58,-0.01,0.0,11.13,0.0,0.0,11.1,25.6,0.0 (cmd -0.0),0.0 (cmd 0.0)
0.9942000000000001,25.92,-0.01,0.0,13.7,0.0,0.0,13.7,25.9,0.0 (cmd -0.0),0.0 (cmd 0.0)
0.9947,26.46,0.0,0.0,17.29,-0.01,0.0,17.3,26.5,0.0 (cmd 0.0),0.0 (cmd -0.0)
0.9952,27.01,0.0,0.0,19.74,0.0,0.0,19.7,27.0,0.0 (cmd 0.0),0.0 (cmd 0.0)
0.9956999999999999,27.28,0.0,0.0,22.24,0.0,0.0,22.2,27.3,0.0 (cmd 0.0),0.0 (cmd 0.0)
0.9962000000000001,27.6,0.0,0.0,23.08,0.0,0.0,23.1,27.6,0.0 (cmd 0.0),0.0 (cmd 0.0)
0.9967,27.39,0.0,0.0,21.51,-0.01,0.0,21.5,27.4,0.0 (cmd 0.0),0.0 (cmd -0.0)
0.9972000000000001,26.49,0.0,0.0,19.62,-0.01,0.0,19.6,26.5,0.0 (cmd 0.0),0.0 (cmd -0.0)
0.9976999999999999,25.46,0.0,0.0,17.96,0.0,0.0,18.0,25.5,0.0 (cmd 0.0),0.0 (cmd 0.0)
0.9982,24.01,0.0,0.0,16.44,0.0,0.0,16.4,24.0,0.0 (cmd 0.0),0.0 (cmd 0.0)
0.9987,22.65,0.0,0.0,15.67,0.0,0.0,15.7,22.6,0.0 (cmd 0.0),0.0 (cmd 0.0)
0.9992000000000001,21.68,0.0,0.0,14.37,0.0,0.0,14.4,21.7,0.0 (cmd 0.0),0.0 (cmd 0.0)
0.9997,20.9,0.0,0.0,13.16,283.53,0.0,13.2,20.9,0.0 (cmd 0.0),0.0 (cmd 283.5)
1.0002,19.52,0.0,0.0,11.19,0.0,0.0,11.2,19.5,0.0 (cmd 0.0),0.0 (cmd 0.0)
1.0007,18.86,0.0,0.0,10.08,0.0,0.0,10.1,18.9,0.0 (cmd 0.0),0.0 (cmd 0.0)
1.0012,18.03,0.0,0.0,9.29,0.0,0.0,9.3,18.0,0.0 (cmd 0.0),0.0 (cmd 0.0)
1.0017,19.09,0.0,0.0,10.38,0.0,0.0,10.4,19.1,0.0 (cmd 0.0),0.0 (cmd 0.0)
1.0022,21.07,0.0,0.0,11.88,0.0,0.0,11.9,21.1,0.0 (cmd 0.0),0.0 (cmd 0.0)
1.0027,23.72,0.0,0.0,14.4,0.0,0.0,14.4,23.7,0.0 (cmd 0.0),0.0 (cmd 0.0)
1.0031999999999999,27.28,0.0,0.0,16.54,-11.86,0.0,16.5,27.3,0.0 (cmd 0.0),0.0 (cmd -11.9)
1.0037,32.4,0.0,0.0,18.46,0.0,0.0,18.5,32.4,0.0 (cmd 0.0),0.0 (cmd 0.0)
1.0042,35.83,0.0,0.0,20.86,-0.01,0.0,20.9,35.8,0.0 (cmd 0.0),0.0 (cmd -0.0)
1.0047000000000001,38.8,0.0,0.0,20.52,0.0,0.0,20.5,38.8,0.0 (cmd 0.0),0.0 (cmd 0.0)
1.0051999999999999,38.19,0.0,0.0,19.12,105.15,0.0,19.1,38.2,0.0 (cmd 0.0),0.0 (cmd 105.2)
1.0057,35.68,0.0,0.0,16.95,0.0,0.0,16.9,35.7,0.0 (cmd 0.0),0.0 (cmd 0.0)
1.0062,33.22,0.0,0.0,15.49,0.0,0.0,15.5,33.2,0.0 (cmd 0.0),0.0 (cmd 0.0)
1.0067000000000002,31.45,0.0,0.0,15.12,0.0,0.0,15.1,31.4,0.0 (cmd 0.0),0.0 (cmd 0.0)
1.0072,30.0,0.0,0.0,15.0,11.88,0.0,15.0,30.0,0.0 (cmd 0.0),0.0 (cmd 11.9)
1.0077,29.69,0.0,0.0,15.36,0.0,0.0,15.4,29.7,0.0 (cmd 0.0),0.0 (cmd 0.0)
1.0082,29.19,0.0,0.0,15.36,0.0,0.0,15.4,29.2,0.0 (cmd 0.0),0.0 (cmd 0.0)
1.0087000000000002,27.78,0.0,0.0,15.15,0.0,0.0,15.2,27.8,0.0 (cmd 0.0),0.0 (cmd 0.0)
1.0092,27.31,0.0,0.0,14.74,-0.01,0.0,14.7,27.3,0.0 (cmd 0.0),0.0 (cmd -0.0)
1.0097,25.71,0.0,0.0,14.45,0.0,0.0,14.4,25.7,0.0 (cmd 0.0),0.0 (cmd 0.0)
1.0102,23.83,0.0,0.0,14.61,0.0,0.0,14.6,23.8,0.0 (cmd 0.0),0.0 (cmd 0.0)
1.0107,21.39,0.0,0.0,14.79,0.0,0.0,14.8,21.4,0.0 (cmd 0.0),0.0 (cmd 0.0)
1.0112,19.86,0.0,0.0,14.95,0.0,0.0,14.9,19.9,0.0 (cmd 0.0),0.0 (cmd 0.0)
1.0117,18.6,0.0,0.0,15.08,0.0,0.0,15.1,18.6,0.0 (cmd 0.0),0.0 (cmd 0.0)
1.0122,18.1,0.0,0.0,15.14,0.0,0.0,15.1,18.1,0.0 (cmd 0.0),0.0 (cmd 0.0)
1.0127,18.44,0.0,0.0,15.07,-0.01,0.0,15.1,18.4,0.0 (cmd 0.0),0.0 (cmd -0.0)
1.0131999999999999,19.15,0.0,0.0,14.83,-0.01,0.0,14.8,19.1,0.0 (cmd 0.0),0.0 (cmd -0.0)
1.0137,20.95,0.0,0.0,14.62,-176.6,0.0,14.6,20.9,0.0 (cmd 0.0),0.0 (cmd -176.6)
1.0142,22.52,0.0,0.0,14.51,0.0,0.0,14.5,22.5,0.0 (cmd 0.0),0.0 (cmd 0.0)
1.0147,23.5,0.0,0.0,14.71,-0.74,0.0,14.7,23.5,0.0 (cmd 0.0),0.0 (cmd -0.7)
1.0151999999999999,25.07,0.0,0.0,14.76,0.0,0.0,14.8,25.1,0.0 (cmd 0.0),0.0 (cmd 0.0)
1.0156999999999998,27.64,0.0,0.0,14.71,0.0,0.0,14.7,27.6,0.0 (cmd 0.0),0.0 (cmd 0.0)
1.0162,30.33,0.0,0.0,14.67,0.0,0.0,14.7,30.3,0.0 (cmd 0.0),0.0 (cmd 0.0)
1.0167,33.29,0.0,0.0,14.61,0.0,0.0,14.6,33.3,0.0 (cmd 0.0),0.0 (cmd 0.0)
1.0172,34.98,0.0,0.0,14.55,0.0,0.0,14.6,35.0,0.0 (cmd 0.0),0.0 (cmd 0.0)
1.0176999999999998,39.14,0.0,0.0,14.57,0.0,0.0,14.6,39.1,0.0 (cmd 0.0),0.0 (cmd 0.0)
1.0182,39.84,0.0,0.0,14.64,0.0,0.0,14.6,39.8,0.0 (cmd 0.0),0.0 (cmd 0.0)
1.0187,38.92,0.0,0.0,14.75,0.0,0.0,14.8,38.9,0.0 (cmd 0.0),0.0 (cmd 0.0)
1.0192,36.29,0.0,0.0,14.76,0.0,0.0,14.8,36.3,0.0 (cmd 0.0),0.0 (cmd 0.0)
1.0197,33.91,0.0,0.0,14.83,-0.01,0.0,14.8,33.9,0.0 (cmd 0.0),0.0 (cmd -0.0)
1.0202,31.44,0.0,0.0,14.62,-0.01,0.0,14.6,31.4,0.0 (cmd 0.0),0.0 (cmd -0.0)
1.0207,29.54,0.0,0.0,14.43,0.0,0.0,14.4,29.5,0.0 (cmd 0.0),0.0 (cmd 0.0)
1.0212,28.28,0.0,0.0,14.09,0.0,0.0,14.1,28.3,0.0 (cmd 0.0),0.0 (cmd 0.0)
1.0217,27.65,0.0,0.0,13.95,-0.01,0.0,13.9,27.6,0.0 (cmd 0.0),0.0 (cmd -0.0)
1.0222,27.57,0.0,0.0,13.81,-0.01,0.0,13.8,27.6,0.0 (cmd 0.0),0.0 (cmd -0.0)
1.0227,27.85,0.0,0.0,13.87,0.0,0.0,13.9,27.9,0.0 (cmd 0.0),0.0 (cmd 0.0)
1.0231999999999999,27.77,0.0,0.0,14.06,0.0,0.0,14.1,27.8,0.0 (cmd 0.0),0.0 (cmd 0.0)
1.0237,27.68,0.0,0.0,14.28,0.0,0.0,14.3,27.7,0.0 (cmd 0.0),0.0 (cmd 0.0)
1.0242,27.88,0.0,0.0,14.46,0.0,0.0,14.5,27.9,0.0 (cmd 0.0),0.0 (cmd 0.0)
1.0247,27.85,0.0,0.0,14.57,0.0,0.0,14.6,27.9,0.0 (cmd 0.0),0.0 (cmd 0.0)
1.0252000000000001,27.75,0.0,0.0,14.59,8.68,0.0,14.6,27.8,0.0 (cmd 0.0),0.0 (cmd 8.7)
1.0256999999999998,27.7,0.0,0.0,14.51,-0.01,0.0,14.5,27.7,0.0 (cmd 0.0),0.0 (cmd -0.0)
1.0262,27.72,0.0,0.0,14.35,0.0,0.0,14.3,27.7,0.0 (cmd 0.0),0.0 (cmd 0.0)
1.0267,27.65,0.0,0.0,14.16,0.0,0.0,14.2,27.6,0.0 (cmd 0.0),0.0 (cmd 0.0)
1.0272000000000001,27.65,0.0,0.0,14.01,0.0,0.0,14.0,27.6,0.0 (cmd 0.0),0.0 (cmd 0.0)
1.0277,27.7,0.0,0.0,13.93,0.0,0.0,13.9,27.7,0.0 (cmd 0.0),0.0 (cmd 0.0)
1.0281999999999998,27.7,0.0,0.0,13.91,0.0,0.0,13.9,27.7,0.0 (cmd 0.0),0.0 (cmd 0.0)
1.0287,27.71,0.0,0.0,13.93,-0.01,0.0,13.9,27.7,0.0 (cmd 0.0),0.0 (cmd -0.0)
1.0292000000000001,27.72,0.0,0.0,13.97,0.0,0.0,14.0,27.7,0.0 (cmd 0.0),0.0 (cmd 0.0)
1.0297,27.66,0.0,0.0,14.02,0.74,0.0,14.0,27.7,0.0 (cmd 0.0),0.0 (cmd 0.7)
1.0302,27.61,0.0,0.0,14.09,0.0,0.0,14.1,27.6,0.0 (cmd 0.0),0.0 (cmd 0.0)
1.0306999999999997,27.67,0.0,0.0,14.15,-0.01,0.0,14.2,27.7,0.0 (cmd 0.0),0.0 (cmd -0.0)
1.0312000000000001,27.65,0.0,0.0,14.2,0.0,0.0,14.2,27.6,0.0 (cmd 0.0),0.0 (cmd 0.0)
1.0317,27.58,0.0,0.0,14.22,0.0,0.0,14.2,27.6,0.0 (cmd 0.0),0.0 (cmd 0.0)
1.0322,27.57,0.0,0.0,14.2,0.0,0.0,14.2,27.6,0.0 (cmd 0.0),0.0 (cmd 0.0)
1.0327,27.56,0.0,0.0,14.14,0.0,0.0,14.1,27.6,0.0 (cmd 0.0),0.0 (cmd 0.0)
1.0332,27.53,0.0,0.0,14.07,0.0,0.0,14.1,27.5,0.0 (cmd 0.0),0.0 (cmd 0.0)
1.0337,27.54,0.0,0.0,14.01,0.0,0.0,14.0,27.5,0.0 (cmd 0.0),0.0 (cmd 0.0)
1.0342,27.53,0.0,0.0,13.99,0.0,0.0,14.0,27.5,0.0 (cmd 0.0),0.0 (cmd 0.0)
1.0347,27.54,0.0,0.0,14.01,0.0,0.0,14.0,27.5,0.0 (cmd 0.0),0.0 (cmd 0.0)
1.0352000000000001,27.56,0.0,0.0,14.05,-0.01,0.0,14.1,27.6,0.0 (cmd 0.0),0.0 (cmd -0.0)
1.0356999999999998,27.57,0.0,0.0,14.05,-0.01,0.0,14.1,27.6,0.0 (cmd 0.0),0.0 (cmd -0.0)
1.0362,27.53,0.0,0.0,14.06,0.0,0.0,14.1,27.5,0.0 (cmd 0.0),0.0 (cmd 0.0)
1.0367,27.45,0.0,0.0,14.08,0.0,0.0,14.1,27.4,0.0 (cmd 0.0),0.0 (cmd 0.0)
1.0372000000000001,27.41,0.0,0.0,14.08,-0.01,0.0,14.1,27.4,0.0 (cmd 0.0),0.0 (cmd -0.0)
1.0377,27.2,0.0,0.0,14.08,0.0,0.0,14.1,27.2,0.0 (cmd 0.0),0.0 (cmd 0.0)
1.0381999999999998,26.35,0.0,0.0,14.03,0.0,0.0,14.0,26.4,0.0 (cmd 0.0),0.0 (cmd 0.0)
1.0387,24.49,0.0,0.0,14.02,-0.01,0.0,14.0,24.5,0.0 (cmd 0.0),0.0 (cmd -0.0)
1.0392000000000001,21.56,0.0,0.0,14.01,0.0,0.0,14.0,21.6,0.0 (cmd 0.0),0.0 (cmd 0.0)
1.0397,18.14,0.0,0.0,13.97,0.0,0.0,14.0,18.1,0.0 (cmd 0.0),0.0 (cmd 0.0)
1.0402,15.47,0.0,0.0,13.92,0.0,0.0,13.9,15.5,0.0 (cmd 0.0),0.0 (cmd 0.0)
1.0406999999999997,14.85,0.0,0.0,13.91,0.0,0.0,13.9,14.8,0.0 (cmd 0.0),0.0 (cmd 0.0)
1.0412000000000001,15.88,0.0,0.0,13.86,-0.01,0.0,13.9,15.9,0.0 (cmd 0.0),0.0 (cmd -0.0)
1.0417,18.84,0.0,0.0,13.92,-0.01,0.0,13.9,18.8,0.0 (cmd 0.0),0.0 (cmd -0.0)
1.0422,22.82,0.36,0.0,14.04,0.0,0.0,14.0,22.8,0.0 (cmd 0.4),0.0 (cmd 0.0)
1.0427,26.17,0.0,0.0,14.2,0.0,0.0,14.2,26.2,0.0 (cmd 0.0),0.0 (cmd 0.0)
1.0432,31.18,0.0,0.0,14.33,0.0,0.0,14.3,31.2,0.0 (cmd 0.0),0.0 (cmd 0.0)
1.0437,36.56,0.0,0.0,14.39,0.0,0.0,14.4,36.6,0.0 (cmd 0.0),0.0 (cmd 0.0)
1.0442,42.84,0.0,0.0,14.39,-0.01,0.0,14.4,42.8,0.0 (cmd 0.0),0.0 (cmd -0.0)
1.0447,46.07,0.0,0.0,14.33,0.0,0.0,14.3,46.1,0.0 (cmd 0.0),0.0 (cmd 0.0)
1.0452000000000001,48.5,0.0,0.0,14.22,0.0,0.0,14.2,48.5,0.0 (cmd 0.0),0.0 (cmd 0.0)
1.0456999999999999,47.88,0.0,0.0,14.11,0.0,0.0,14.1,47.9,0.0 (cmd 0.0),0.0 (cmd 0.0)
1.0462,45.6,0.0,0.0,14.03,0.0,0.0,14.0,45.6,0.0 (cmd 0.0),0.0 (cmd 0.0)
1.0467,41.67,0.0,0.0,13.95,0.0,0.0,13.9,41.7,0.0 (cmd 0.0),0.0 (cmd 0.0)
1.0472000000000001,37.67,0.0,0.0,13.78,-0.01,0.0,13.8,37.7,0.0 (cmd 0.0),0.0 (cmd -0.0)
1.0477,33.32,0.0,0.0,13.76,0.0,0.0,13.8,33.3,0.0 (cmd 0.0),0.0 (cmd 0.0)
1.0481999999999998,29.99,0.0,0.0,13.68,0.0,0.0,13.7,30.0,0.0 (cmd 0.0),0.0 (cmd 0.0)
1.0487,26.46,0.0,0.0,13.76,0.0,0.0,13.8,26.5,0.0 (cmd 0.0),0.0 (cmd 0.0)
1.0492000000000001,22.91,0.0,0.0,13.81,0.0,0.0,13.8,22.9,0.0 (cmd 0.0),0.0 (cmd 0.0)
1.0497,20.68,0.0,0.0,13.83,0.0,0.0,13.8,20.7,0.0 (cmd 0.0),0.0 (cmd 0.0)
1.0502,18.9,0.0,0.0,13.89,0.0,0.0,13.9,18.9,0.0 (cmd 0.0),0.0 (cmd 0.0)
1.0506999999999997,18.27,0.0,0.0,13.93,0.0,0.0,13.9,18.3,0.0 (cmd 0.0),0.0 (cmd 0.0)
1.0512000000000001,18.9,0.0,0.0,13.93,0.0,0.0,13.9,18.9,0.0 (cmd 0.0),0.0 (cmd 0.0)
1.0517,19.95,0.0,0.0,13.98,0.0,0.0,14.0,19.9,0.0 (cmd 0.0),0.0 (cmd 0.0)
1.0522,22.4,0.0,0.0,14.06,0.0,0.0,14.1,22.4,0.0 (cmd 0.0),0.0 (cmd 0.0)
1.0527,26.39,-0.01,0.0,14.1,0.0,0.0,14.1,26.4,0.0 (cmd -0.0),0.0 (cmd 0.0)
1.0532,29.58,0.0,0.0,14.14,0.0,0.0,14.1,29.6,0.0 (cmd 0.0),0.0 (cmd 0.0)
1.0537,32.34,0.0,0.0,14.12,0.0,0.0,14.1,32.3,0.0 (cmd 0.0),0.0 (cmd 0.0)
1.0542,38.95,0.0,0.0,14.1,0.0,0.0,14.1,39.0,0.0 (cmd 0.0),0.0 (cmd 0.0)
1.0547,42.6,0.0,0.0,14.08,0.0,0.0,14.1,42.6,0.0 (cmd 0.0),0.0 (cmd 0.0)
1.0552000000000001,43.15,0.0,0.0,14.01,283.53,0.0,14.0,43.1,0.0 (cmd 0.0),0.0 (cmd 283.5)
1.0556999999999999,41.25,0.0,0.0,14.03,0.0,0.0,14.0,41.2,0.0 (cmd 0.0),0.0 (cmd 0.0)
1.0562,36.62,0.0,0.0,13.97,11.88,0.0,14.0,36.6,0.0 (cmd 0.0),0.0 (cmd 11.9)
1.0567,34.81,0.0,0.0,14.05,-0.01,0.0,14.1,34.8,0.0 (cmd 0.0),0.0 (cmd -0.0)
1.0572000000000001,32.0,0.0,0.0,13.9,0.0,0.0,13.9,32.0,0.0 (cmd 0.0),0.0 (cmd 0.0)
1.0577,30.15,0.0,0.0,13.89,0.0,0.0,13.9,30.1,0.0 (cmd 0.0),0.0 (cmd 0.0)
1.0581999999999998,29.0,0.0,0.0,13.81,0.0,0.0,13.8,29.0,0.0 (cmd 0.0),0.0 (cmd 0.0)
1.0587,28.77,0.0,0.0,13.82,0.0,0.0,13.8,28.8,0.0 (cmd 0.0),0.0 (cmd 0.0)
1.0592000000000001,29.2,0.0,0.0,13.78,0.0,0.0,13.8,29.2,0.0 (cmd 0.0),0.0 (cmd 0.0)
1.0597,29.65,0.0,0.0,13.77,0.0,0.0,13.8,29.6,0.0 (cmd 0.0),0.0 (cmd 0.0)
1.0602,29.27,0.0,0.0,13.8,-0.01,0.0,13.8,29.3,0.0 (cmd 0.0),0.0 (cmd -0.0)
1.0606999999999998,28.72,0.0,0.0,13.88,0.0,0.0,13.9,28.7,0.0 (cmd 0.0),0.0 (cmd 0.0)
1.0612000000000001,28.93,0.0,0.0,13.97,176.6,0.0,14.0,28.9,0.0 (cmd 0.0),0.0 (cmd 176.6)
1.0617,28.95,0.0,0.0,14.05,0.0,0.0,14.1,28.9,0.0 (cmd 0.0),0.0 (cmd 0.0)
1.0622,28.88,0.0,0.0,14.09,0.0,0.0,14.1,28.9,0.0 (cmd 0.0),0.0 (cmd 0.0)
1.0627,28.92,0.0,0.0,14.06,0.0,0.0,14.1,28.9,0.0 (cmd 0.0),0.0 (cmd 0.0)
1.0632,28.94,0.0,0.0,13.97,-0.01,0.0,14.0,28.9,0.0 (cmd 0.0),0.0 (cmd -0.0)
1.0637,28.87,0.0,0.0,13.92,0.0,0.0,13.9,28.9,0.0 (cmd 0.0),0.0 (cmd 0.0)
1.0642,28.9,0.0,0.0,13.88,-0.01,0.0,13.9,28.9,0.0 (cmd 0.0),0.0 (cmd -0.0)
1.0647,28.92,0.0,0.0,13.89,0.0,0.0,13.9,28.9,0.0 (cmd 0.0),0.0 (cmd 0.0)
1.0652000000000001,28.89,0.0,0.0,13.9,-0.01,0.0,13.9,28.9,0.0 (cmd 0.0),0.0 (cmd -0.0)
1.0656999999999999,28.91,0.0,0.0,13.9,0.0,0.0,13.9,28.9,0.0 (cmd 0.0),0.0 (cmd 0.0)
