timestamp,R_angle(θ),R_Torque Cmd,R_Torque Est,L_angle(θ),L_Torque Cmd,L_Torque Est,Lθ Display,Rθ Display,Lτ Display,Rτ Display
0.1637,-10.61,0.0,0.0,-3.84,0.0,0.0,-3.8,-10.6,0.0 (cmd 0.0),0.0 (cmd 0.0)
0.1642,-10.52,0.0,0.0,-3.8,0.0,0.0,-3.8,-10.5,0.0 (cmd 0.0),0.0 (cmd 0.0)
0.16469999999999999,-10.42,0.0,0.0,-3.72,0.0,0.0,-3.7,-10.4,0.0 (cmd 0.0),0.0 (cmd 0.0)
0.16519999999999999,-10.35,0.0,0.0,-3.69,0.0,0.0,-3.7,-10.3,0.0 (cmd 0.0),0.0 (cmd 0.0)
0.1657,-10.32,0.0,0.0,-3.65,0.0,0.0,-3.6,-10.3,0.0 (cmd 0.0),0.0 (cmd 0.0)
0.16620000000000001,-10.27,0.0,0.0,-3.66,0.0,0.0,-3.7,-10.3,0.0 (cmd 0.0),0.0 (cmd 0.0)
0.1668,-10.23,0.0,0.0,-3.66,0.0,0.0,-3.7,-10.2,0.0 (cmd 0.0),0.0 (cmd 0.0)
0.1673,-10.22,0.0,0.0,-3.62,0.0,0.0,-3.6,-10.2,0.0 (cmd 0.0),0.0 (cmd 0.0)
0.1678,-10.16,0.0,0.0,-3.61,0.0,0.0,-3.6,-10.2,0.0 (cmd 0.0),0.0 (cmd 0.0)
0.16829999999999998,-10.11,0.0,0.0,-3.58,0.0,0.0,-3.6,-10.1,0.0 (cmd 0.0),0.0 (cmd 0.0)
0.16879999999999998,-10.06,0.0,0.0,-3.54,0.0,0.0,-3.5,-10.1,0.0 (cmd 0.0),0.0 (cmd 0.0)
0.1693,-10.05,0.0,0.0,-3.51,0.0,0.0,-3.5,-10.1,0.0 (cmd 0.0),0.0 (cmd 0.0)
0.1698,-10.04,0.0,0.0,-3.5,0.0,0.0,-3.5,-10.0,0.0 (cmd 0.0),0.0 (cmd 0.0)
0.1703,-9.96,0.0,0.0,-3.45,0.0,0.0,-3.5,-10.0,0.0 (cmd 0.0),0.0 (cmd 0.0)
0.17079999999999998,-9.9,0.0,0.0,-3.43,0.0,0.0,-3.4,-9.9,0.0 (cmd 0.0),0.0 (cmd 0.0)
0.17129999999999998,-9.92,0.0,0.0,-3.43,0.0,0.0,-3.4,-9.9,0.0 (cmd 0.0),0.0 (cmd 0.0)
0.1718,-9.93,0.0,0.0,-3.44,0.0,0.0,-3.4,-9.9,0.0 (cmd 0.0),0.0 (cmd 0.0)
0.1723,-9.95,0.0,0.0,-3.44,0.0,0.0,-3.4,-9.9,0.0 (cmd 0.0),0.0 (cmd 0.0)
0.1728,-9.88,0.0,0.0,-3.44,0.0,0.0,-3.4,-9.9,0.0 (cmd 0.0),0.0 (cmd 0.0)
0.17329999999999998,-9.89,0.0,0.0,-3.44,0.0,0.0,-3.4,-9.9,0.0 (cmd 0.0),0.0 (cmd 0.0)
0.17379999999999998,-9.91,0.0,0.0,-3.46,0.0,0.0,-3.5,-9.9,0.0 (cmd 0.0),0.0 (cmd 0.0)
0.1743,-9.91,0.0,0.0,-3.47,0.0,0.0,-3.5,-9.9,0.0 (cmd 0.0),0.0 (cmd 0.0)
0.1748,-9.89,0.0,0.0,-3.47,0.0,0.0,-3.5,-9.9,0.0 (cmd 0.0),0.0 (cmd 0.0)
0.1753,-9.91,0.0,0.0,-3.47,0.0,0.0,-3.5,-9.9,0.0 (cmd 0.0),0.0 (cmd 0.0)
0.17579999999999998,-9.9,0.0,0.0,-3.49,0.0,0.0,-3.5,-9.9,0.0 (cmd 0.0),0.0 (cmd 0.0)
0.17629999999999998,-9.9,0.0,0.0,-3.5,0.0,0.0,-3.5,-9.9,0.0 (cmd 0.0),0.0 (cmd 0.0)
0.1768,-10.01,0.0,0.0,-3.55,0.0,0.0,-3.5,-10.0,0.0 (cmd 0.0),0.0 (cmd 0.0)
0.1773,-10.04,0.0,0.0,-3.65,0.0,0.0,-3.6,-10.0,0.0 (cmd 0.0),0.0 (cmd 0.0)
0.1778,-10.07,0.0,0.0,-3.75,0.0,0.0,-3.8,-10.1,0.0 (cmd 0.0),0.0 (cmd 0.0)
0.1783,-10.14,0.0,0.0,-3.85,0.0,0.0,-3.9,-10.1,0.0 (cmd 0.0),0.0 (cmd 0.0)
0.1788,-10.16,0.0,0.0,-3.94,0.0,0.0,-3.9,-10.2,0.0 (cmd 0.0),0.0 (cmd 0.0)
0.17930000000000001,-10.28,0.0,0.0,-4.02,0.0,0.0,-4.0,-10.3,0.0 (cmd 0.0),0.0 (cmd 0.0)
0.17980000000000002,-10.51,0.0,0.0,-4.33,0.0,0.0,-4.3,-10.5,0.0 (cmd 0.0),0.0 (cmd 0.0)
0.18030000000000002,-10.57,0.0,0.0,-4.77,0.0,0.0,-4.8,-10.6,0.0 (cmd 0.0),0.0 (cmd 0.0)
0.1808,-10.12,0.0,0.0,-5.06,0.0,0.0,-5.1,-10.1,0.0 (cmd 0.0),0.0 (cmd 0.0)
0.1813,-9.16,0.0,0.0,-5.1,0.0,0.0,-5.1,-9.2,0.0 (cmd 0.0),0.0 (cmd 0.0)
0.18180000000000002,-8.72,0.0,0.0,-4.9,0.0,0.0,-4.9,-8.7,0.0 (cmd 0.0),0.0 (cmd 0.0)
0.18230000000000002,-7.95,0.0,0.0,-4.77,0.0,0.0,-4.8,-8.0,0.0 (cmd 0.0),0.0 (cmd 0.0)
0.18280000000000002,-7.53,0.0,0.0,-4.66,0.0,0.0,-4.7,-7.5,0.0 (cmd 0.0),0.0 (cmd 0.0)
0.1833,-6.97,0.0,0.0,-4.43,0.0,0.0,-4.4,-7.0,0.0 (cmd 0.0),0.0 (cmd 0.0)
0.1838,-6.44,0.0,0.0,-3.94,0.0,0.0,-3.9,-6.4,0.0 (cmd 0.0),0.0 (cmd 0.0)
0.18430000000000002,-5.92,0.0,0.0,-2.87,0.0,0.0,-2.9,-5.9,0.0 (cmd 0.0),0.0 (cmd 0.0)
0.18480000000000002,-5.49,0.0,0.0,-1.74,0.0,0.0,-1.7,-5.5,0.0 (cmd 0.0),0.0 (cmd 0.0)
0.18530000000000002,-4.72,0.0,0.0,-0.83,0.0,0.0,-0.8,-4.7,0.0 (cmd 0.0),0.0 (cmd 0.0)
0.1858,-4.25,0.0,0.0,0.19,0.0,0.0,0.2,-4.2,0.0 (cmd 0.0),0.0 (cmd 0.0)
0.1863,-3.93,0.0,0.0,0.87,0.0,0.0,0.9,-3.9,0.0 (cmd 0.0),0.0 (cmd 0.0)
0.18680000000000002,-3.78,0.0,0.0,1.62,0.0,0.0,1.6,-3.8,0.0 (cmd 0.0),0.0 (cmd 0.0)
0.18730000000000002,-3.82,0.0,0.0,2.13,0.0,0.0,2.1,-3.8,0.0 (cmd 0.0),0.0 (cmd 0.0)
0.18780000000000002,-4.06,0.0,0.0,2.59,0.0,0.0,2.6,-4.1,0.0 (cmd 0.0),0.0 (cmd 0.0)
0.1883,-4.3,0.0,0.0,2.97,0.0,0.0,3.0,-4.3,0.0 (cmd 0.0),0.0 (cmd 0.0)
0.1888,-5.65,0.0,0.0,2.9,0.0,0.0,2.9,-5.7,0.0 (cmd 0.0),0.0 (cmd 0.0)
0.18930000000000002,-7.8,0.0,0.0,2.76,0.0,0.0,2.8,-7.8,0.0 (cmd 0.0),0.0 (cmd 0.0)
0.18980000000000002,-9.32,0.0,0.0,2.68,0.0,0.0,2.7,-9.3,0.0 (cmd 0.0),0.0 (cmd 0.0)
0.19030000000000002,-9.73,0.0,0.0,2.49,0.0,0.0,2.5,-9.7,0.0 (cmd 0.0),0.0 (cmd 0.0)
0.19079999999999997,-9.23,0.0,0.0,2.43,0.0,0.0,2.4,-9.2,0.0 (cmd 0.0),0.0 (cmd 0.0)
0.19129999999999997,-7.87,0.0,0.0,2.38,0.0,0.0,2.4,-7.9,0.0 (cmd 0.0),0.0 (cmd 0.0)
0.1918,-6.76,0.0,0.0,1.85,0.0,0.0,1.9,-6.8,0.0 (cmd 0.0),0.0 (cmd 0.0)
0.1923,-5.65,0.0,0.0,0.96,0.0,0.0,1.0,-5.7,0.0 (cmd 0.0),0.0 (cmd 0.0)
0.1928,-4.77,0.0,0.0,-0.37,0.0,0.0,-0.4,-4.8,0.0 (cmd 0.0),0.0 (cmd 0.0)
0.19329999999999997,-4.45,0.0,0.0,-2.5,0.0,0.0,-2.5,-4.5,0.0 (cmd 0.0),0.0 (cmd 0.0)
0.19379999999999997,-4.43,0.0,0.0,-8.42,0.0,0.0,-8.4,-4.4,0.0 (cmd 0.0),0.0 (cmd 0.0)
0.1943,-4.53,0.0,0.0,-14.86,0.0,0.0,-14.9,-4.5,0.0 (cmd 0.0),0.0 (cmd 0.0)
0.1948,-4.33,0.0,0.0,-20.45,0.0,0.0,-20.4,-4.3,0.0 (cmd 0.0),0.0 (cmd 0.0)
0.1953,-3.61,0.0,0.0,-25.19,0.0,0.0,-25.2,-3.6,0.0 (cmd 0.0),0.0 (cmd 0.0)
0.19579999999999997,-2.96,0.0,0.0,-29.75,0.0,0.0,-29.8,-3.0,0.0 (cmd 0.0),0.0 (cmd 0.0)
0.19629999999999997,-2.51,0.0,0.0,-33.51,0.0,0.0,-33.5,-2.5,0.0 (cmd 0.0),0.0 (cmd 0.0)
0.1968,-2.14,0.0,0.0,-35.51,0.0,0.0,-35.5,-2.1,0.0 (cmd 0.0),0.0 (cmd 0.0)
0.1973,-2.24,0.0,0.0,-36.63,0.0,0.0,-36.6,-2.2,0.0 (cmd 0.0),0.0 (cmd 0.0)
0.1978,-2.48,0.0,0.0,-35.11,0.0,0.0,-35.1,-2.5,0.0 (cmd 0.0),0.0 (cmd 0.0)
0.19829999999999998,-2.47,0.0,0.0,-32.64,0.0,0.0,-32.6,-2.5,0.0 (cmd 0.0),0.0 (cmd 0.0)
0.19879999999999998,-2.1,0.0,0.0,-28.06,0.0,0.0,-28.1,-2.1,0.0 (cmd 0.0),0.0 (cmd 0.0)
0.1993,-1.66,0.0,0.0,-22.29,0.0,0.0,-22.3,-1.7,0.0 (cmd 0.0),0.0 (cmd 0.0)
0.1998,-1.25,0.0,0.0,-16.62,0.0,0.0,-16.6,-1.2,0.0 (cmd 0.0),0.0 (cmd 0.0)
0.2003,-0.81,0.0,0.0,-8.55,0.0,0.0,-8.6,-0.8,0.0 (cmd 0.0),0.0 (cmd 0.0)
0.20079999999999998,-0.22,0.0,0.0,-0.73,0.0,0.0,-0.7,-0.2,0.0 (cmd 0.0),0.0 (cmd 0.0)
0.20129999999999998,0.2,0.0,0.0,0.38,0.0,0.0,0.4,0.2,0.0 (cmd 0.0),0.0 (cmd 0.0)
0.2018,0.62,0.0,0.0,0.76,0.0,0.0,0.8,0.6,0.0 (cmd 0.0),0.0 (cmd 0.0)
0.2023,1.2,0.0,0.0,2.18,0.0,0.0,2.2,1.2,0.0 (cmd 0.0),0.0 (cmd 0.0)
0.2028,1.3,0.0,0.0,2.91,0.0,0.0,2.9,1.3,0.0 (cmd 0.0),0.0 (cmd 0.0)
0.20329999999999998,1.54,0.0,0.0,2.89,0.0,0.0,2.9,1.5,0.0 (cmd 0.0),0.0 (cmd 0.0)
0.20379999999999998,1.58,0.0,0.0,2.9,0.0,0.0,2.9,1.6,0.0 (cmd 0.0),0.0 (cmd 0.0)
0.2043,1.59,0.0,0.0,3.05,0.0,0.0,3.0,1.6,0.0 (cmd 0.0),0.0 (cmd 0.0)
0.2048,1.66,0.0,0.0,3.05,0.0,0.0,3.0,1.7,0.0 (cmd 0.0),0.0 (cmd 0.0)
0.2053,1.7,0.0,0.0,2.92,0.0,0.0,2.9,1.7,0.0 (cmd 0.0),0.0 (cmd 0.0)
0.20579999999999998,1.7,0.0,0.0,2.79,0.0,0.0,2.8,1.7,0.0 (cmd 0.0),0.0 (cmd 0.0)
0.20629999999999998,1.7,0.0,0.0,2.63,0.0,0.0,2.6,1.7,0.0 (cmd 0.0),0.0 (cmd 0.0)
0.2068,1.73,0.0,0.0,2.54,0.0,0.0,2.5,1.7,0.0 (cmd 0.0),0.0 (cmd 0.0)
0.2073,1.83,0.0,0.0,2.5,0.0,0.0,2.5,1.8,0.0 (cmd 0.0),0.0 (cmd 0.0)
0.2078,1.84,0.0,0.0,2.4,0.0,0.0,2.4,1.8,0.0 (cmd 0.0),0.0 (cmd 0.0)
0.20829999999999999,1.7,0.0,0.0,2.37,0.0,0.0,2.4,1.7,0.0 (cmd 0.0),0.0 (cmd 0.0)
0.20879999999999999,1.63,0.0,0.0,2.28,0.0,0.0,2.3,1.6,0.0 (cmd 0.0),0.0 (cmd 0.0)
0.2093,1.58,0.0,0.0,2.18,0.0,0.0,2.2,1.6,0.0 (cmd 0.0),0.0 (cmd 0.0)
0.20980000000000001,1.56,0.0,0.0,1.98,0.0,0.0,2.0,1.6,0.0 (cmd 0.0),0.0 (cmd 0.0)
0.21030000000000001,1.27,0.0,0.0,1.09,0.0,0.0,1.1,1.3,0.0 (cmd 0.0),0.0 (cmd 0.0)
0.2108,-0.3,0.0,0.0,0.34,0.0,0.0,0.3,-0.3,0.0 (cmd 0.0),0.0 (cmd 0.0)
0.2113,-3.24,0.0,0.0,-0.16,0.0,0.0,-0.2,-3.2,0.0 (cmd 0.0),0.0 (cmd 0.0)
0.21180000000000002,-8.11,0.0,0.0,-0.87,0.0,0.0,-0.9,-8.1,0.0 (cmd 0.0),0.0 (cmd 0.0)
0.21230000000000002,-15.17,0.0,0.0,-1.39,0.0,0.0,-1.4,-15.2,0.0 (cmd 0.0),0.0 (cmd 0.0)
0.21280000000000002,-22.16,0.0,0.0,-1.49,0.0,0.0,-1.5,-22.2,0.0 (cmd 0.0),0.0 (cmd 0.0)
0.2133,-31.74,0.0,0.0,-1.01,0.0,0.0,-1.0,-31.7,0.0 (cmd 0.0),0.0 (cmd 0.0)
0.2138,-37.03,0.0,0.0,-0.67,0.0,0.0,-0.7,-37.0,0.0 (cmd 0.0),0.0 (cmd 0.0)
0.21430000000000002,-42.61,0.0,0.0,-0.63,0.0,0.0,-0.6,-42.6,0.0 (cmd 0.0),0.0 (cmd 0.0)
0.21480000000000002,-44.93,0.0,0.0,-0.67,0.0,0.0,-0.7,-44.9,0.0 (cmd 0.0),0.0 (cmd 0.0)
0.21530000000000002,-43.53,0.0,0.0,-0.82,0.0,0.0,-0.8,-43.5,0.0 (cmd 0.0),0.0 (cmd 0.0)
0.2158,-39.46,0.0,0.0,-0.87,0.0,0.0,-0.9,-39.5,0.0 (cmd 0.0),0.0 (cmd 0.0)
0.2163,-31.91,0.0,0.0,-0.83,0.0,0.0,-0.8,-31.9,0.0 (cmd 0.0),0.0 (cmd 0.0)
0.21680000000000002,-21.99,0.0,0.0,-1.26,0.0,0.0,-1.3,-22.0,0.0 (cmd 0.0),0.0 (cmd 0.0)
0.21730000000000002,-11.56,0.0,0.0,-2.76,0.0,0.0,-2.8,-11.6,0.0 (cmd 0.0),0.0 (cmd 0.0)
0.21780000000000002,-4.22,0.0,0.0,-5.03,0.0,0.0,-5.0,-4.2,0.0 (cmd 0.0),0.0 (cmd 0.0)
0.2183,-3.71,0.0,0.0,-10.97,0.0,0.0,-11.0,-3.7,0.0 (cmd 0.0),0.0 (cmd 0.0)
0.2188,-4.93,0.0,0.0,-17.33,0.0,0.0,-17.3,-4.9,0.0 (cmd 0.0),0.0 (cmd 0.0)
0.21930000000000002,-4.89,0.0,0.0,-24.18,0.0,0.0,-24.2,-4.9,0.0 (cmd 0.0),0.0 (cmd 0.0)
0.21980000000000002,-3.21,0.0,0.0,-31.2,0.0,0.0,-31.2,-3.2,0.0 (cmd 0.0),0.0 (cmd 0.0)
0.22030000000000002,-2.01,0.0,0.0,-36.47,0.0,0.0,-36.5,-2.0,0.0 (cmd 0.0),0.0 (cmd 0.0)
0.2208,-1.06,0.0,0.0,-42.88,0.0,0.0,-42.9,-1.1,0.0 (cmd 0.0),0.0 (cmd 0.0)
0.2213,-0.14,0.0,0.0,-48.16,0.0,0.0,-48.2,-0.1,0.0 (cmd 0.0),0.0 (cmd 0.0)
0.22180000000000002,-0.1,0.0,0.0,-50.19,0.0,0.0,-50.2,-0.1,0.0 (cmd 0.0),0.0 (cmd 0.0)
0.2223,-0.39,0.0,0.0,-47.69,0.0,0.0,-47.7,-0.4,0.0 (cmd 0.0),0.0 (cmd 0.0)
0.2228,-0.55,0.0,0.0,-41.62,0.0,0.0,-41.6,-0.6,0.0 (cmd 0.0),0.0 (cmd 0.0)
0.22329999999999997,-0.99,0.0,0.0,-32.83,0.0,0.0,-32.8,-1.0,0.0 (cmd 0.0),0.0 (cmd 0.0)
0.22379999999999997,-1.87,0.0,0.0,-23.16,0.0,0.0,-23.2,-1.9,0.0 (cmd 0.0),0.0 (cmd 0.0)
0.2243,-3.53,0.0,0.0,-12.93,0.0,0.0,-12.9,-3.5,0.0 (cmd 0.0),0.0 (cmd 0.0)
0.2248,-8.97,0.0,0.0,-6.11,0.0,0.0,-6.1,-9.0,0.0 (cmd 0.0),0.0 (cmd 0.0)
0.2253,-14.81,0.0,0.0,-3.28,0.0,0.0,-3.3,-14.8,0.0 (cmd 0.0),0.0 (cmd 0.0)
0.22579999999999997,-26.25,0.0,0.0,-3.33,0.0,0.0,-3.3,-26.2,0.0 (cmd 0.0),0.0 (cmd 0.0)
0.22629999999999997,-32.17,0.0,0.0,-1.83,0.0,0.0,-1.8,-32.2,0.0 (cmd 0.0),0.0 (cmd 0.0)
0.2268,-41.14,0.0,0.0,0.0,0.0,0.0,0.0,-41.1,0.0 (cmd 0.0),0.0 (cmd 0.0)
0.2273,-43.86,0.0,0.0,1.79,0.0,0.0,1.8,-43.9,0.0 (cmd 0.0),0.0 (cmd 0.0)
0.2278,-50.47,0.0,0.0,2.95,0.0,0.0,3.0,-50.5,0.0 (cmd 0.0),0.0 (cmd 0.0)
0.22829999999999998,-50.89,0.0,0.0,2.88,0.0,0.0,2.9,-50.9,0.0 (cmd 0.0),0.0 (cmd 0.0)
0.22879999999999998,-47.14,0.0,0.0,1.9,0.0,0.0,1.9,-47.1,0.0 (cmd 0.0),0.0 (cmd 0.0)
0.2293,-40.82,0.0,0.0,2.05,0.0,0.0,2.0,-40.8,0.0 (cmd 0.0),0.0 (cmd 0.0)
0.2298,-31.55,0.0,0.0,2.77,0.0,0.0,2.8,-31.6,0.0 (cmd 0.0),0.0 (cmd 0.0)
0.2303,-20.07,0.0,0.0,3.16,0.0,0.0,3.2,-20.1,0.0 (cmd 0.0),0.0 (cmd 0.0)
0.23079999999999998,-9.55,0.0,0.0,2.65,0.0,0.0,2.6,-9.6,0.0 (cmd 0.0),0.0 (cmd 0.0)
0.23129999999999998,-4.83,0.0,0.0,1.56,0.0,0.0,1.6,-4.8,0.0 (cmd 0.0),0.0 (cmd 0.0)
0.2318,-3.93,0.0,0.0,0.96,0.0,0.0,1.0,-3.9,0.0 (cmd 0.0),0.0 (cmd 0.0)
0.2323,-3.28,0.0,0.0,0.15,0.0,0.0,0.1,-3.3,0.0 (cmd 0.0),0.0 (cmd 0.0)
0.2328,-2.41,0.0,0.0,-0.23,0.0,0.0,-0.2,-2.4,0.0 (cmd 0.0),0.0 (cmd 0.0)
0.23329999999999998,-2.29,0.0,0.0,-0.57,0.0,0.0,-0.6,-2.3,0.0 (cmd 0.0),0.0 (cmd 0.0)
0.23379999999999998,-1.64,0.0,0.0,-1.03,0.0,0.0,-1.0,-1.6,0.0 (cmd 0.0),0.0 (cmd 0.0)
0.2343,-0.45,0.0,0.0,-0.93,0.0,0.0,-0.9,-0.5,0.0 (cmd 0.0),0.0 (cmd 0.0)
0.2348,1.59,0.0,0.0,-0.6,0.0,0.0,-0.6,1.6,0.0 (cmd 0.0),0.0 (cmd 0.0)
0.2353,2.7,0.0,0.0,-0.43,0.0,0.0,-0.4,2.7,0.0 (cmd 0.0),0.0 (cmd 0.0)
0.23579999999999998,2.77,0.0,0.0,-0.1,0.0,0.0,-0.1,2.8,0.0 (cmd 0.0),0.0 (cmd 0.0)
0.23629999999999998,2.06,0.0,0.0,0.33,0.0,0.0,0.3,2.1,0.0 (cmd 0.0),0.0 (cmd 0.0)
0.2368,1.87,0.0,0.0,0.46,0.0,0.0,0.5,1.9,0.0 (cmd 0.0),0.0 (cmd 0.0)
0.2373,1.94,0.0,0.0,0.27,0.0,0.0,0.3,1.9,0.0 (cmd 0.0),0.0 (cmd 0.0)
0.2378,1.86,0.0,0.0,0.29,0.0,0.0,0.3,1.9,0.0 (cmd 0.0),0.0 (cmd 0.0)
0.23829999999999998,1.66,0.0,0.0,0.62,0.0,0.0,0.6,1.7,0.0 (cmd 0.0),0.0 (cmd 0.0)
0.23879999999999998,1.12,0.0,0.0,0.72,0.0,0.0,0.7,1.1,0.0 (cmd 0.0),0.0 (cmd 0.0)
0.2393,0.49,0.0,0.0,0.18,0.0,0.0,0.2,0.5,0.0 (cmd 0.0),0.0 (cmd 0.0)
0.2398,-0.31,0.0,0.0,-0.31,0.0,0.0,-0.3,-0.3,0.0 (cmd 0.0),0.0 (cmd 0.0)
0.2403,-0.82,0.0,0.0,-0.37,0.0,0.0,-0.4,-0.8,0.0 (cmd 0.0),0.0 (cmd 0.0)
0.2408,-0.79,0.0,0.0,-0.25,0.0,0.0,-0.2,-0.8,0.0 (cmd 0.0),0.0 (cmd 0.0)
0.2413,-0.51,0.0,0.0,-0.1,0.0,0.0,-0.1,-0.5,0.0 (cmd 0.0),0.0 (cmd 0.0)
0.24180000000000001,-0.56,0.0,0.0,-0.1,0.0,0.0,-0.1,-0.6,0.0 (cmd 0.0),0.0 (cmd 0.0)
0.24230000000000002,-0.86,0.0,0.0,-0.18,0.0,0.0,-0.2,-0.9,0.0 (cmd 0.0),0.0 (cmd 0.0)
0.24280000000000002,-1.06,0.0,0.0,-0.43,0.0,0.0,-0.4,-1.1,0.0 (cmd 0.0),0.0 (cmd 0.0)
0.2433,-1.19,0.0,0.0,-0.58,0.0,0.0,-0.6,-1.2,0.0 (cmd 0.0),0.0 (cmd 0.0)
0.2438,-1.14,0.0,0.0,-0.47,0.0,0.0,-0.5,-1.1,0.0 (cmd 0.0),0.0 (cmd 0.0)
0.24430000000000002,-1.04,0.0,0.0,-0.39,0.0,0.0,-0.4,-1.0,0.0 (cmd 0.0),0.0 (cmd 0.0)
0.24480000000000002,-1.16,0.0,0.0,-0.51,0.0,0.0,-0.5,-1.2,0.0 (cmd 0.0),0.0 (cmd 0.0)
0.24530000000000002,-1.47,0.0,0.0,-0.63,0.0,0.0,-0.6,-1.5,0.0 (cmd 0.0),0.0 (cmd 0.0)
0.2458,-1.43,0.0,0.0,-0.63,0.0,0.0,-0.6,-1.4,0.0 (cmd 0.0),0.0 (cmd 0.0)
0.2463,-1.23,0.0,0.0,-0.53,0.0,0.0,-0.5,-1.2,0.0 (cmd 0.0),0.0 (cmd 0.0)
0.24680000000000002,-0.95,0.0,0.0,-0.39,0.0,0.0,-0.4,-0.9,0.0 (cmd 0.0),0.0 (cmd 0.0)
0.24730000000000002,-0.67,0.0,0.0,-0.27,0.0,0.0,-0.3,-0.7,0.0 (cmd 0.0),0.0 (cmd 0.0)
0.24780000000000002,-0.5,0.0,0.0,0.03,0.0,0.0,0.0,-0.5,0.0 (cmd 0.0),0.0 (cmd 0.0)
0.2483,-0.48,0.0,0.0,0.29,0.0,0.0,0.3,-0.5,0.0 (cmd 0.0),0.0 (cmd 0.0)
0.2488,-0.37,0.0,0.0,0.31,0.0,0.0,0.3,-0.4,0.0 (cmd 0.0),0.0 (cmd 0.0)
0.24930000000000002,-0.44,0.0,0.0,0.09,0.0,0.0,0.1,-0.4,0.0 (cmd 0.0),0.0 (cmd 0.0)
0.24980000000000002,-0.37,0.0,0.0,0.0,0.0,0.0,0.0,-0.4,0.0 (cmd 0.0),0.0 (cmd 0.0)
0.2503,-0.12,0.0,0.0,0.03,0.0,0.0,0.0,-0.1,0.0 (cmd 0.0),0.0 (cmd 0.0)
0.25079999999999997,0.03,0.0,0.0,0.05,0.0,0.0,0.1,0.0,0.0 (cmd 0.0),0.0 (cmd 0.0)
0.25129999999999997,0.13,0.0,0.0,0.09,0.0,0.0,0.1,0.1,0.0 (cmd 0.0),0.0 (cmd 0.0)
0.2518,0.24,0.0,0.0,0.16,0.0,0.0,0.2,0.2,0.0 (cmd 0.0),0.0 (cmd 0.0)
0.2523,0.36,0.0,0.0,0.27,0.0,0.0,0.3,0.4,0.0 (cmd 0.0),0.0 (cmd 0.0)
0.2528,0.46,0.0,0.0,0.37,0.0,0.0,0.4,0.5,0.0 (cmd 0.0),0.0 (cmd 0.0)
0.25329999999999997,0.47,0.0,0.0,0.42,0.0,0.0,0.4,0.5,0.0 (cmd 0.0),0.0 (cmd 0.0)
0.25379999999999997,0.49,0.0,0.0,0.41,0.0,0.0,0.4,0.5,0.0 (cmd 0.0),0.0 (cmd 0.0)
0.2543,0.5,0.0,0.0,0.4,0.0,0.0,0.4,0.5,0.0 (cmd 0.0),0.0 (cmd 0.0)
0.2548,0.56,0.0,0.0,0.42,0.0,0.0,0.4,0.6,0.0 (cmd 0.0),0.0 (cmd 0.0)
0.2553,0.56,0.0,0.0,0.39,0.0,0.0,0.4,0.6,0.0 (cmd 0.0),0.0 (cmd 0.0)
0.25579999999999997,0.44,0.0,0.0,0.31,0.0,0.0,0.3,0.4,0.0 (cmd 0.0),0.0 (cmd 0.0)
0.25630000000000003,0.37,0.0,0.0,0.27,0.0,0.0,0.3,0.4,0.0 (cmd 0.0),0.0 (cmd 0.0)
0.25680000000000003,0.42,0.0,0.0,0.25,0.0,0.0,0.2,0.4,0.0 (cmd 0.0),0.0 (cmd 0.0)
0.25730000000000003,0.43,0.0,0.0,0.26,0.0,0.0,0.3,0.4,0.0 (cmd 0.0),0.0 (cmd 0.0)
0.25780000000000003,0.44,0.0,0.0,0.32,0.0,0.0,0.3,0.4,0.0 (cmd 0.0),0.0 (cmd 0.0)
0.2583,0.43,0.0,0.0,0.33,0.0,0.0,0.3,0.4,0.0 (cmd 0.0),0.0 (cmd 0.0)
0.25880000000000003,0.44,0.0,0.0,0.31,0.0,0.0,0.3,0.4,0.0 (cmd 0.0),0.0 (cmd 0.0)
0.25930000000000003,0.49,0.0,0.0,0.39,0.0,0.0,0.4,0.5,0.0 (cmd 0.0),0.0 (cmd 0.0)
0.25980000000000003,0.56,0.0,0.0,0.59,0.0,0.0,0.6,0.6,0.0 (cmd 0.0),0.0 (cmd 0.0)
0.26030000000000003,0.51,0.0,0.0,0.73,0.0,0.0,0.7,0.5,0.0 (cmd 0.0),0.0 (cmd 0.0)
0.2608,0.52,0.0,0.0,0.93,0.0,0.0,0.9,0.5,0.0 (cmd 0.0),0.0 (cmd 0.0)
0.26130000000000003,0.42,0.0,0.0,1.13,0.0,0.0,1.1,0.4,0.0 (cmd 0.0),0.0 (cmd 0.0)
0.26180000000000003,0.3,0.0,0.0,1.26,0.0,0.0,1.3,0.3,0.0 (cmd 0.0),0.0 (cmd 0.0)
0.26230000000000003,0.25,0.0,0.0,1.54,0.0,0.0,1.5,0.2,0.0 (cmd 0.0),0.0 (cmd 0.0)
0.26280000000000003,0.2,0.0,0.0,1.71,0.0,0.0,1.7,0.2,0.0 (cmd 0.0),0.0 (cmd 0.0)
0.2633,0.23,0.0,0.0,1.85,0.0,0.0,1.9,0.2,0.0 (cmd 0.0),0.0 (cmd 0.0)
0.26380000000000003,0.26,0.0,0.0,1.93,0.0,0.0,1.9,0.3,0.0 (cmd 0.0),0.0 (cmd 0.0)
0.26430000000000003,0.22,0.0,0.0,1.98,0.0,0.0,2.0,0.2,0.0 (cmd 0.0),0.0 (cmd 0.0)
0.26480000000000004,0.51,0.0,0.0,2.23,0.0,0.0,2.2,0.5,0.0 (cmd 0.0),0.0 (cmd 0.0)
0.26530000000000004,1.01,0.0,0.0,3.02,0.0,0.0,3.0,1.0,0.0 (cmd 0.0),0.0 (cmd 0.0)
0.2658,2.34,0.0,0.0,4.01,0.0,0.0,4.0,2.3,0.0 (cmd 0.0),0.0 (cmd 0.0)
0.26630000000000004,3.14,0.0,0.0,4.48,0.0,0.0,4.5,3.1,0.0 (cmd 0.0),0.0 (cmd 0.0)
0.26680000000000004,3.27,0.0,0.0,4.44,0.0,0.0,4.4,3.3,0.0 (cmd 0.0),0.0 (cmd 0.0)
0.26730000000000004,3.06,0.0,0.0,4.25,0.0,0.0,4.2,3.1,0.0 (cmd 0.0),0.0 (cmd 0.0)
0.26780000000000004,3.06,0.0,0.0,4.05,0.0,0.0,4.0,3.1,0.0 (cmd 0.0),0.0 (cmd 0.0)
0.2682999999999999,3.41,0.0,0.0,4.0,0.0,0.0,4.0,3.4,0.0 (cmd 0.0),0.0 (cmd 0.0)
0.26880000000000004,3.45,0.0,0.0,4.05,0.0,0.0,4.0,3.5,0.0 (cmd 0.0),0.0 (cmd 0.0)
0.2693,3.34,0.0,0.0,4.02,0.0,0.0,4.0,3.3,0.0 (cmd 0.0),0.0 (cmd 0.0)
0.2698,3.24,0.0,0.0,3.86,0.0,0.0,3.9,3.2,0.0 (cmd 0.0),0.0 (cmd 0.0)
0.2703,3.25,0.0,0.0,3.77,0.0,0.0,3.8,3.2,0.0 (cmd 0.0),0.0 (cmd 0.0)
0.27079999999999993,3.06,0.0,0.0,3.62,0.0,0.0,3.6,3.1,0.0 (cmd 0.0),0.0 (cmd 0.0)
0.2713,2.78,0.0,0.0,3.57,0.0,0.0,3.6,2.8,0.0 (cmd 0.0),0.0 (cmd 0.0)
0.2718,2.83,0.0,0.0,3.6,0.0,0.0,3.6,2.8,0.0 (cmd 0.0),0.0 (cmd 0.0)
0.2723,3.01,0.0,0.0,3.38,0.0,0.0,3.4,3.0,0.0 (cmd 0.0),0.0 (cmd 0.0)
0.2728,3.11,0.0,0.0,3.34,0.0,0.0,3.3,3.1,0.0 (cmd 0.0),0.0 (cmd 0.0)
0.27329999999999993,3.06,0.0,0.0,3.32,0.0,0.0,3.3,3.1,0.0 (cmd 0.0),0.0 (cmd 0.0)
0.2738,2.89,0.0,0.0,3.13,0.0,0.0,3.1,2.9,0.0 (cmd 0.0),0.0 (cmd 0.0)
0.2743,2.88,0.0,0.0,2.94,0.0,0.0,2.9,2.9,0.0 (cmd 0.0),0.0 (cmd 0.0)
0.2748,2.8,0.0,0.0,2.85,0.0,0.0,2.9,2.8,0.0 (cmd 0.0),0.0 (cmd 0.0)
0.2753,2.64,0.0,0.0,2.75,0.0,0.0,2.8,2.6,0.0 (cmd 0.0),0.0 (cmd 0.0)
0.27579999999999993,2.44,0.0,0.0,2.48,0.0,0.0,2.5,2.4,0.0 (cmd 0.0),0.0 (cmd 0.0)
0.2763,2.22,0.0,0.0,2.15,0.0,0.0,2.1,2.2,0.0 (cmd 0.0),0.0 (cmd 0.0)
0.2768,2.0,0.0,0.0,1.89,0.0,0.0,1.9,2.0,0.0 (cmd 0.0),0.0 (cmd 0.0)
0.2773,1.74,0.0,0.0,1.83,0.0,0.0,1.8,1.7,0.0 (cmd 0.0),0.0 (cmd 0.0)
0.2778,1.59,0.0,0.0,1.86,0.0,0.0,1.9,1.6,0.0 (cmd 0.0),0.0 (cmd 0.0)
0.27829999999999994,1.46,0.0,0.0,1.85,0.0,0.0,1.9,1.5,0.0 (cmd 0.0),0.0 (cmd 0.0)
0.2788,1.29,0.0,0.0,1.8,0.0,0.0,1.8,1.3,0.0 (cmd 0.0),0.0 (cmd 0.0)
0.2793,1.23,0.0,0.0,1.85,0.0,0.0,1.9,1.2,0.0 (cmd 0.0),0.0 (cmd 0.0)
0.2798,1.23,0.0,0.0,1.97,0.0,0.0,2.0,1.2,0.0 (cmd 0.0),0.0 (cmd 0.0)
0.2803,1.28,0.0,0.0,2.1,0.0,0.0,2.1,1.3,0.0 (cmd 0.0),0.0 (cmd 0.0)
0.28079999999999994,1.3,0.0,0.0,2.07,0.0,0.0,2.1,1.3,0.0 (cmd 0.0),0.0 (cmd 0.0)
0.2813,1.31,0.0,0.0,1.98,0.0,0.0,2.0,1.3,0.0 (cmd 0.0),0.0 (cmd 0.0)
0.2818,1.35,0.0,0.0,1.95,0.0,0.0,1.9,1.4,0.0 (cmd 0.0),0.0 (cmd 0.0)
0.2823,1.38,0.0,0.0,1.96,0.0,0.0,2.0,1.4,0.0 (cmd 0.0),0.0 (cmd 0.0)
0.2828,1.46,0.0,0.0,1.96,0.0,0.0,2.0,1.5,0.0 (cmd 0.0),0.0 (cmd 0.0)
0.28329999999999994,1.4,0.0,0.0,1.99,0.0,0.0,2.0,1.4,0.0 (cmd 0.0),0.0 (cmd 0.0)
0.2838,1.29,0.0,0.0,1.98,0.0,0.0,2.0,1.3,0.0 (cmd 0.0),0.0 (cmd 0.0)
0.2843,1.23,0.0,0.0,2.04,0.0,0.0,2.0,1.2,0.0 (cmd 0.0),0.0 (cmd 0.0)
0.2848,1.16,0.0,0.0,2.13,0.0,0.0,2.1,1.2,0.0 (cmd 0.0),0.0 (cmd 0.0)
0.2853,1.0,0.0,0.0,2.2,0.0,0.0,2.2,1.0,0.0 (cmd 0.0),0.0 (cmd 0.0)
0.28579999999999994,0.94,0.0,0.0,2.2,0.0,0.0,2.2,0.9,0.0 (cmd 0.0),0.0 (cmd 0.0)
0.2863,0.81,0.0,0.0,2.17,0.0,0.0,2.2,0.8,0.0 (cmd 0.0),0.0 (cmd 0.0)
0.2868,0.72,0.0,0.0,2.1,0.0,0.0,2.1,0.7,0.0 (cmd 0.0),0.0 (cmd 0.0)
0.2873,0.67,0.0,0.0,2.05,0.0,0.0,2.0,0.7,0.0 (cmd 0.0),0.0 (cmd 0.0)
0.2878,0.56,0.0,0.0,2.09,0.0,0.0,2.1,0.6,0.0 (cmd 0.0),0.0 (cmd 0.0)
0.28829999999999995,0.5,0.0,0.0,2.09,0.0,0.0,2.1,0.5,0.0 (cmd 0.0),0.0 (cmd 0.0)
0.2888,0.53,0.0,0.0,2.07,0.0,0.0,2.1,0.5,0.0 (cmd 0.0),0.0 (cmd 0.0)
0.2893,0.63,0.0,0.0,2.13,0.0,0.0,2.1,0.6,0.0 (cmd 0.0),0.0 (cmd 0.0)
0.2898,0.74,0.0,0.0,2.21,0.0,0.0,2.2,0.7,0.0 (cmd 0.0),0.0 (cmd 0.0)
0.2903,0.88,0.0,0.0,2.24,0.0,0.0,2.2,0.9,0.0 (cmd 0.0),0.0 (cmd 0.0)
0.29079999999999995,1.03,0.0,0.0,2.26,0.0,0.0,2.3,1.0,0.0 (cmd 0.0),0.0 (cmd 0.0)
0.2913,1.16,0.0,0.0,2.22,0.0,0.0,2.2,1.2,0.0 (cmd 0.0),0.0 (cmd 0.0)
0.2918,1.25,0.0,0.0,2.01,0.0,0.0,2.0,1.2,0.0 (cmd 0.0),0.0 (cmd 0.0)
0.2923,1.16,0.0,0.0,1.87,0.0,0.0,1.9,1.2,0.0 (cmd 0.0),0.0 (cmd 0.0)
0.2928,0.94,0.0,0.0,1.78,0.0,0.0,1.8,0.9,0.0 (cmd 0.0),0.0 (cmd 0.0)
0.29329999999999995,0.64,0.0,0.0,1.78,0.0,0.0,1.8,0.6,0.0 (cmd 0.0),0.0 (cmd 0.0)
0.2938,0.37,0.0,0.0,1.9,0.0,0.0,1.9,0.4,0.0 (cmd 0.0),0.0 (cmd 0.0)
0.2943,0.12,0.0,0.0,2.01,0.0,0.0,2.0,0.1,0.0 (cmd 0.0),0.0 (cmd 0.0)
0.2948,-0.2,0.0,0.0,1.9,0.0,0.0,1.9,-0.2,0.0 (cmd 0.0),0.0 (cmd 0.0)
0.2953,-0.3,0.0,0.0,1.71,0.0,0.0,1.7,-0.3,0.0 (cmd 0.0),0.0 (cmd 0.0)
0.29579999999999995,-0.55,0.0,0.0,1.6,0.0,0.0,1.6,-0.6,0.0 (cmd 0.0),0.0 (cmd 0.0)
0.2963,-0.99,0.0,0.0,1.48,0.0,0.0,1.5,-1.0,0.0 (cmd 0.0),0.0 (cmd 0.0)
0.2968,-1.28,0.0,0.0,1.42,0.0,0.0,1.4,-1.3,0.0 (cmd 0.0),0.0 (cmd 0.0)
0.2973,-1.39,0.0,0.0,1.26,0.0,0.0,1.3,-1.4,0.0 (cmd 0.0),0.0 (cmd 0.0)
0.2978,-1.53,0.0,0.0,1.12,0.0,0.0,1.1,-1.5,0.0 (cmd 0.0),0.0 (cmd 0.0)
0.29829999999999995,-1.86,0.0,0.0,0.99,0.0,0.0,1.0,-1.9,0.0 (cmd 0.0),0.0 (cmd 0.0)
0.2988,-1.99,0.0,0.0,0.95,0.0,0.0,0.9,-2.0,0.0 (cmd 0.0),0.0 (cmd 0.0)
0.2993,-2.12,0.0,0.0,0.95,0.0,0.0,0.9,-2.1,0.0 (cmd 0.0),0.0 (cmd 0.0)
0.2998,-2.27,0.0,0.0,0.94,0.0,0.0,0.9,-2.3,0.0 (cmd 0.0),0.0 (cmd 0.0)
0.3003,-2.39,0.0,0.0,0.9,0.0,0.0,0.9,-2.4,0.0 (cmd 0.0),0.0 (cmd 0.0)
0.30079999999999996,-2.58,0.0,0.0,0.79,0.0,0.0,0.8,-2.6,0.0 (cmd 0.0),0.0 (cmd 0.0)
0.3013,-2.75,0.0,0.0,0.72,0.0,0.0,0.7,-2.8,0.0 (cmd 0.0),0.0 (cmd 0.0)
0.3018,-3.03,0.0,0.0,0.65,0.0,0.0,0.7,-3.0,0.0 (cmd 0.0),0.0 (cmd 0.0)
0.3023,-4.04,0.0,0.0,0.58,0.0,0.0,0.6,-4.0,0.0 (cmd 0.0),0.0 (cmd 0.0)
0.3028,-4.64,0.0,0.0,-0.81,0.0,0.0,-0.8,-4.6,0.0 (cmd 0.0),0.0 (cmd 0.0)
0.30329999999999996,-5.2,0.0,0.0,-2.03,0.0,0.0,-2.0,-5.2,0.0 (cmd 0.0),0.0 (cmd 0.0)
0.3038,-5.4,0.0,0.0,-1.67,0.0,0.0,-1.7,-5.4,0.0 (cmd 0.0),0.0 (cmd 0.0)
0.3043,-5.2,0.0,0.0,-1.12,0.0,0.0,-1.1,-5.2,0.0 (cmd 0.0),0.0 (cmd 0.0)
0.3048,-5.11,0.0,0.0,-1.12,0.0,0.0,-1.1,-5.1,0.0 (cmd 0.0),0.0 (cmd 0.0)
0.3053,-5.9,0.0,0.0,-1.01,0.0,0.0,-1.0,-5.9,0.0 (cmd 0.0),0.0 (cmd 0.0)
0.30579999999999996,-6.34,0.0,0.0,-1.04,0.0,0.0,-1.0,-6.3,0.0 (cmd 0.0),0.0 (cmd 0.0)
0.3063,-6.29,0.0,0.0,-1.11,0.0,0.0,-1.1,-6.3,0.0 (cmd 0.0),0.0 (cmd 0.0)
0.3068,-5.96,0.0,0.0,-1.37,0.0,0.0,-1.4,-6.0,0.0 (cmd 0.0),0.0 (cmd 0.0)
0.3073,-5.18,0.0,0.0,-1.16,0.0,0.0,-1.2,-5.2,0.0 (cmd 0.0),0.0 (cmd 0.0)
0.3078,-3.86,0.0,0.0,-0.39,0.0,0.0,-0.4,-3.9,0.0 (cmd 0.0),0.0 (cmd 0.0)
0.30829999999999996,-2.74,0.0,0.0,0.0,0.0,0.0,0.0,-2.7,0.0 (cmd 0.0),0.0 (cmd 0.0)
0.3088,0.16,0.0,0.0,0.59,0.0,0.0,0.6,0.2,0.0 (cmd 0.0),0.0 (cmd 0.0)
0.3093,1.86,0.0,0.0,1.11,0.0,0.0,1.1,1.9,0.0 (cmd 0.0),0.0 (cmd 0.0)
0.3098,1.89,0.0,0.0,1.21,0.0,0.0,1.2,1.9,0.0 (cmd 0.0),0.0 (cmd 0.0)
0.3103,1.8,0.0,0.0,0.9,0.0,0.0,0.9,1.8,0.0 (cmd 0.0),0.0 (cmd 0.0)
0.31079999999999997,2.04,0.0,0.0,0.33,0.0,0.0,0.3,2.0,0.0 (cmd 0.0),0.0 (cmd 0.0)
0.3113,2.06,0.0,0.0,-0.8,0.0,0.0,-0.8,2.1,0.0 (cmd 0.0),0.0 (cmd 0.0)
0.3118,2.09,0.0,0.0,-1.2,0.0,0.0,-1.2,2.1,0.0 (cmd 0.0),0.0 (cmd 0.0)
0.3123,2.62,0.0,0.0,-0.65,0.0,0.0,-0.7,2.6,0.0 (cmd 0.0),0.0 (cmd 0.0)
0.3128,3.7,0.0,0.0,1.28,0.0,0.0,1.3,3.7,0.0 (cmd 0.0),0.0 (cmd 0.0)
0.31329999999999997,4.39,0.0,0.0,2.67,0.0,0.0,2.7,4.4,0.0 (cmd 0.0),0.0 (cmd 0.0)
0.3138,4.58,0.0,0.0,2.61,0.0,0.0,2.6,4.6,0.0 (cmd 0.0),0.0 (cmd 0.0)
0.3143,4.63,0.0,0.0,2.84,0.0,0.0,2.8,4.6,0.0 (cmd 0.0),0.0 (cmd 0.0)
0.3148,4.81,0.0,0.0,3.25,0.0,0.0,3.2,4.8,0.0 (cmd 0.0),0.0 (cmd 0.0)
0.3153,4.89,0.0,0.0,3.55,0.0,0.0,3.5,4.9,0.0 (cmd 0.0),0.0 (cmd 0.0)
0.31579999999999997,5.08,0.0,0.0,4.16,0.0,0.0,4.2,5.1,0.0 (cmd 0.0),0.0 (cmd 0.0)
0.3163,5.42,0.0,0.0,4.75,0.0,0.0,4.8,5.4,0.0 (cmd 0.0),0.0 (cmd 0.0)
0.3168,5.5,0.0,0.0,5.13,0.0,0.0,5.1,5.5,0.0 (cmd 0.0),0.0 (cmd 0.0)
0.3173,5.57,0.0,0.0,5.22,0.0,0.0,5.2,5.6,0.0 (cmd 0.0),0.0 (cmd 0.0)
0.3178,5.45,0.0,0.0,5.56,0.0,0.0,5.6,5.5,0.0 (cmd 0.0),0.0 (cmd 0.0)
0.31829999999999997,5.36,0.0,0.0,6.55,0.0,0.0,6.5,5.4,0.0 (cmd 0.0),0.0 (cmd 0.0)
0.31880000000000003,5.61,0.0,0.0,7.02,0.0,0.0,7.0,5.6,0.0 (cmd 0.0),0.0 (cmd 0.0)
0.31930000000000003,5.67,0.0,0.0,7.02,0.0,0.0,7.0,5.7,0.0 (cmd 0.0),0.0 (cmd 0.0)
0.31980000000000003,5.61,0.0,0.0,6.9,0.0,0.0,6.9,5.6,0.0 (cmd 0.0),0.0 (cmd 0.0)
0.32030000000000003,5.57,0.0,0.0,6.87,0.0,0.0,6.9,5.6,0.0 (cmd 0.0),0.0 (cmd 0.0)
0.3208,5.51,0.0,0.0,6.93,0.0,0.0,6.9,5.5,0.0 (cmd 0.0),0.0 (cmd 0.0)
0.32130000000000003,5.45,0.0,0.0,6.94,0.0,0.0,6.9,5.5,0.0 (cmd 0.0),0.0 (cmd 0.0)
0.32180000000000003,5.42,0.0,0.0,6.79,0.0,0.0,6.8,5.4,0.0 (cmd 0.0),0.0 (cmd 0.0)
0.3223,5.31,0.0,0.0,6.72,0.0,0.0,6.7,5.3,0.0 (cmd 0.0),0.0 (cmd 0.0)
0.32280000000000003,5.07,0.0,0.0,6.61,0.0,0.0,6.6,5.1,0.0 (cmd 0.0),0.0 (cmd 0.0)
0.3233,5.06,0.0,0.0,6.4,0.0,0.0,6.4,5.1,0.0 (cmd 0.0),0.0 (cmd 0.0)
0.32380000000000003,4.91,0.0,0.0,6.22,0.0,0.0,6.2,4.9,0.0 (cmd 0.0),0.0 (cmd 0.0)
0.32430000000000003,4.69,0.0,0.0,6.13,0.0,0.0,6.1,4.7,0.0 (cmd 0.0),0.0 (cmd 0.0)
0.3248,4.41,0.0,0.0,6.04,0.0,0.0,6.0,4.4,0.0 (cmd 0.0),0.0 (cmd 0.0)
0.32530000000000003,4.31,0.0,0.0,5.94,0.0,0.0,5.9,4.3,0.0 (cmd 0.0),0.0 (cmd 0.0)
0.3258,4.37,0.0,0.0,5.68,0.0,0.0,5.7,4.4,0.0 (cmd 0.0),0.0 (cmd 0.0)
0.32630000000000003,4.38,0.0,0.0,5.56,0.0,0.0,5.6,4.4,0.0 (cmd 0.0),0.0 (cmd 0.0)
0.32680000000000003,4.33,0.0,0.0,5.46,0.0,0.0,5.5,4.3,0.0 (cmd 0.0),0.0 (cmd 0.0)
0.3273,4.27,0.0,0.0,5.36,0.0,0.0,5.4,4.3,0.0 (cmd 0.0),0.0 (cmd 0.0)
0.32780000000000004,4.26,0.0,0.0,5.39,0.0,0.0,5.4,4.3,0.0 (cmd 0.0),0.0 (cmd 0.0)
0.3283,4.19,0.0,0.0,5.39,0.0,0.0,5.4,4.2,0.0 (cmd 0.0),0.0 (cmd 0.0)
0.32880000000000004,3.86,0.0,0.0,5.38,0.0,0.0,5.4,3.9,0.0 (cmd 0.0),0.0 (cmd 0.0)
0.32930000000000004,3.89,0.0,0.0,5.34,0.0,0.0,5.3,3.9,0.0 (cmd 0.0),0.0 (cmd 0.0)
0.3298,4.01,0.0,0.0,5.27,0.0,0.0,5.3,4.0,0.0 (cmd 0.0),0.0 (cmd 0.0)
0.33030000000000004,3.92,0.0,0.0,5.22,0.0,0.0,5.2,3.9,0.0 (cmd 0.0),0.0 (cmd 0.0)
0.3307999999999999,3.91,0.0,0.0,5.26,0.0,0.0,5.3,3.9,0.0 (cmd 0.0),0.0 (cmd 0.0)
0.33130000000000004,3.97,0.0,0.0,5.34,0.0,0.0,5.3,4.0,0.0 (cmd 0.0),0.0 (cmd 0.0)
0.3318,3.9,0.0,0.0,5.34,0.0,0.0,5.3,3.9,0.0 (cmd 0.0),0.0 (cmd 0.0)
0.33229999999999993,3.79,0.0,0.0,5.43,0.0,0.0,5.4,3.8,0.0 (cmd 0.0),0.0 (cmd 0.0)
0.3328,3.72,0.0,0.0,5.47,0.0,0.0,5.5,3.7,0.0 (cmd 0.0),0.0 (cmd 0.0)
0.33329999999999993,3.81,0.0,0.0,5.48,0.0,0.0,5.5,3.8,0.0 (cmd 0.0),0.0 (cmd 0.0)
0.3338,3.81,0.0,0.0,5.44,0.0,0.0,5.4,3.8,0.0 (cmd 0.0),0.0 (cmd 0.0)
0.3343,3.73,0.0,0.0,5.41,0.0,0.0,5.4,3.7,0.0 (cmd 0.0),0.0 (cmd 0.0)
0.33479999999999993,3.68,0.0,0.0,5.44,0.0,0.0,5.4,3.7,0.0 (cmd 0.0),0.0 (cmd 0.0)
0.3353,3.59,0.0,0.0,5.29,0.0,0.0,5.3,3.6,0.0 (cmd 0.0),0.0 (cmd 0.0)
0.33579999999999993,3.57,0.0,0.0,5.24,0.0,0.0,5.2,3.6,0.0 (cmd 0.0),0.0 (cmd 0.0)
0.3363,3.49,0.0,0.0,5.18,0.0,0.0,5.2,3.5,0.0 (cmd 0.0),0.0 (cmd 0.0)
0.3368,3.47,0.0,0.0,5.09,0.0,0.0,5.1,3.5,0.0 (cmd 0.0),0.0 (cmd 0.0)
0.33729999999999993,3.42,0.0,0.0,5.05,0.0,0.0,5.0,3.4,0.0 (cmd 0.0),0.0 (cmd 0.0)
0.3378,3.23,0.0,0.0,4.94,0.0,0.0,4.9,3.2,0.0 (cmd 0.0),0.0 (cmd 0.0)
0.33829999999999993,3.15,0.0,0.0,4.87,0.0,0.0,4.9,3.1,0.0 (cmd 0.0),0.0 (cmd 0.0)
0.3388,3.07,0.0,0.0,4.8,0.0,0.0,4.8,3.1,0.0 (cmd 0.0),0.0 (cmd 0.0)
0.3393,3.05,0.0,0.0,4.66,0.0,0.0,4.7,3.0,0.0 (cmd 0.0),0.0 (cmd 0.0)
0.33979999999999994,3.08,0.0,0.0,4.63,0.0,0.0,4.6,3.1,0.0 (cmd 0.0),0.0 (cmd 0.0)
0.3403,3.07,0.0,0.0,4.65,0.0,0.0,4.7,3.1,0.0 (cmd 0.0),0.0 (cmd 0.0)
0.34079999999999994,3.07,0.0,0.0,4.63,0.0,0.0,4.6,3.1,0.0 (cmd 0.0),0.0 (cmd 0.0)
0.3413,3.08,0.0,0.0,4.63,0.0,0.0,4.6,3.1,0.0 (cmd 0.0),0.0 (cmd 0.0)
0.3418,3.08,0.0,0.0,4.62,0.0,0.0,4.6,3.1,0.0 (cmd 0.0),0.0 (cmd 0.0)
0.34229999999999994,3.09,0.0,0.0,4.6,0.0,0.0,4.6,3.1,0.0 (cmd 0.0),0.0 (cmd 0.0)
0.3428,3.05,0.0,0.0,4.55,0.0,0.0,4.5,3.0,0.0 (cmd 0.0),0.0 (cmd 0.0)
0.34329999999999994,2.96,0.0,0.0,4.58,0.0,0.0,4.6,3.0,0.0 (cmd 0.0),0.0 (cmd 0.0)
0.3438,2.81,0.0,0.0,4.59,0.0,0.0,4.6,2.8,0.0 (cmd 0.0),0.0 (cmd 0.0)
0.3443,2.8,0.0,0.0,4.47,0.0,0.0,4.5,2.8,0.0 (cmd 0.0),0.0 (cmd 0.0)
0.34479999999999994,2.8,0.0,0.0,4.41,0.0,0.0,4.4,2.8,0.0 (cmd 0.0),0.0 (cmd 0.0)
0.3453,2.79,0.0,0.0,4.45,0.0,0.0,4.5,2.8,0.0 (cmd 0.0),0.0 (cmd 0.0)
0.34579999999999994,2.69,0.0,0.0,4.41,0.0,0.0,4.4,2.7,0.0 (cmd 0.0),0.0 (cmd 0.0)
0.3463,2.56,0.0,0.0,4.33,0.0,0.0,4.3,2.6,0.0 (cmd 0.0),0.0 (cmd 0.0)
0.3468,2.42,0.0,0.0,4.29,0.0,0.0,4.3,2.4,0.0 (cmd 0.0),0.0 (cmd 0.0)
0.34729999999999994,2.34,0.0,0.0,4.23,0.0,0.0,4.2,2.3,0.0 (cmd 0.0),0.0 (cmd 0.0)
0.3478,2.29,0.0,0.0,4.27,0.0,0.0,4.3,2.3,0.0 (cmd 0.0),0.0 (cmd 0.0)
0.34829999999999994,2.25,0.0,0.0,4.36,0.0,0.0,4.4,2.2,0.0 (cmd 0.0),0.0 (cmd 0.0)
0.3488,2.33,0.0,0.0,4.37,0.0,0.0,4.4,2.3,0.0 (cmd 0.0),0.0 (cmd 0.0)
0.3493,2.28,0.0,0.0,4.39,0.0,0.0,4.4,2.3,0.0 (cmd 0.0),0.0 (cmd 0.0)
0.34979999999999994,2.17,0.0,0.0,4.42,0.0,0.0,4.4,2.2,0.0 (cmd 0.0),0.0 (cmd 0.0)
0.3503,2.22,0.0,0.0,4.44,0.0,0.0,4.4,2.2,0.0 (cmd 0.0),0.0 (cmd 0.0)
0.35079999999999995,2.26,0.0,0.0,4.68,0.0,0.0,4.7,2.3,0.0 (cmd 0.0),0.0 (cmd 0.0)
0.3513,2.27,0.0,0.0,4.72,0.0,0.0,4.7,2.3,0.0 (cmd 0.0),0.0 (cmd 0.0)
0.3518,2.39,0.0,0.0,4.61,0.0,0.0,4.6,2.4,0.0 (cmd 0.0),0.0 (cmd 0.0)
0.35229999999999995,2.38,0.0,0.0,4.7,0.0,0.0,4.7,2.4,0.0 (cmd 0.0),0.0 (cmd 0.0)
0.3528,2.38,0.0,0.0,4.72,0.0,0.0,4.7,2.4,0.0 (cmd 0.0),0.0 (cmd 0.0)
0.35329999999999995,2.52,0.0,0.0,4.75,0.0,0.0,4.8,2.5,0.0 (cmd 0.0),0.0 (cmd 0.0)
0.3538,2.67,0.0,0.0,4.73,0.0,0.0,4.7,2.7,0.0 (cmd 0.0),0.0 (cmd 0.0)
0.3543,2.78,0.0,0.0,4.63,0.0,0.0,4.6,2.8,0.0 (cmd 0.0),0.0 (cmd 0.0)
0.35479999999999995,2.8,0.0,0.0,4.6,0.0,0.0,4.6,2.8,0.0 (cmd 0.0),0.0 (cmd 0.0)
0.3553,2.98,0.0,0.0,4.61,0.0,0.0,4.6,3.0,0.0 (cmd 0.0),0.0 (cmd 0.0)
0.35579999999999995,3.02,0.0,0.0,4.48,0.0,0.0,4.5,3.0,0.0 (cmd 0.0),0.0 (cmd 0.0)
0.3563,3.1,0.0,0.0,4.34,0.0,0.0,4.3,3.1,0.0 (cmd 0.0),0.0 (cmd 0.0)
0.3568,3.13,0.0,0.0,4.28,0.0,0.0,4.3,3.1,0.0 (cmd 0.0),0.0 (cmd 0.0)
0.35729999999999995,3.17,0.0,0.0,4.56,0.0,0.0,4.6,3.2,0.0 (cmd 0.0),0.0 (cmd 0.0)
0.3578,3.17,0.0,0.0,4.78,0.0,0.0,4.8,3.2,0.0 (cmd 0.0),0.0 (cmd 0.0)
0.35829999999999995,3.25,0.0,0.0,4.84,0.0,0.0,4.8,3.2,0.0 (cmd 0.0),0.0 (cmd 0.0)
0.3588,3.4,0.0,0.0,5.36,0.0,0.0,5.4,3.4,0.0 (cmd 0.0),0.0 (cmd 0.0)
0.3593,3.58,0.0,0.0,5.69,0.0,0.0,5.7,3.6,0.0 (cmd 0.0),0.0 (cmd 0.0)
0.35979999999999995,3.74,0.0,0.0,5.89,0.0,0.0,5.9,3.7,0.0 (cmd 0.0),0.0 (cmd 0.0)
0.3603,4.41,0.0,0.0,6.33,0.0,0.0,6.3,4.4,0.0 (cmd 0.0),0.0 (cmd 0.0)
0.36079999999999995,4.46,0.0,0.0,6.57,0.0,0.0,6.6,4.5,0.0 (cmd 0.0),0.0 (cmd 0.0)
0.3613,4.65,0.0,0.0,6.56,0.0,0.0,6.6,4.7,0.0 (cmd 0.0),0.0 (cmd 0.0)
0.3618,4.91,0.0,0.0,6.46,0.0,0.0,6.5,4.9,0.0 (cmd 0.0),0.0 (cmd 0.0)
0.36229999999999996,5.01,0.0,0.0,6.53,0.0,0.0,6.5,5.0,0.0 (cmd 0.0),0.0 (cmd 0.0)
0.3628,4.99,0.0,0.0,6.61,0.0,0.0,6.6,5.0,0.0 (cmd 0.0),0.0 (cmd 0.0)
0.36329999999999996,4.82,0.0,0.0,6.6,0.0,0.0,6.6,4.8,0.0 (cmd 0.0),0.0 (cmd 0.0)
0.3638,4.75,0.0,0.0,6.51,0.0,0.0,6.5,4.8,0.0 (cmd 0.0),0.0 (cmd 0.0)
0.3643,4.47,0.0,0.0,6.3,0.0,0.0,6.3,4.5,0.0 (cmd 0.0),0.0 (cmd 0.0)
0.36479999999999996,4.19,0.0,0.0,5.95,0.0,0.0,6.0,4.2,0.0 (cmd 0.0),0.0 (cmd 0.0)
0.3653,3.92,0.0,0.0,5.61,0.0,0.0,5.6,3.9,0.0 (cmd 0.0),0.0 (cmd 0.0)
0.36579999999999996,3.67,0.0,0.0,5.36,0.0,0.0,5.4,3.7,0.0 (cmd 0.0),0.0 (cmd 0.0)
0.3663,3.26,0.0,0.0,4.47,0.0,0.0,4.5,3.3,0.0 (cmd 0.0),0.0 (cmd 0.0)
0.3668,2.25,0.0,0.0,3.77,0.0,0.0,3.8,2.2,0.0 (cmd 0.0),0.0 (cmd 0.0)
0.36729999999999996,1.1,0.0,0.0,3.39,0.0,0.0,3.4,1.1,0.0 (cmd 0.0),0.0 (cmd 0.0)
0.3678,0.95,0.0,0.0,3.3,0.0,0.0,3.3,0.9,0.0 (cmd 0.0),0.0 (cmd 0.0)
0.36829999999999996,0.68,0.0,0.0,3.1,0.0,0.0,3.1,0.7,0.0 (cmd 0.0),0.0 (cmd 0.0)
0.3688,0.69,0.0,0.0,2.85,0.0,0.0,2.9,0.7,0.0 (cmd 0.0),0.0 (cmd 0.0)
0.3693,0.81,0.0,0.0,2.68,0.0,0.0,2.7,0.8,0.0 (cmd 0.0),0.0 (cmd 0.0)
0.36979999999999996,0.92,0.0,0.0,2.56,0.0,0.0,2.6,0.9,0.0 (cmd 0.0),0.0 (cmd 0.0)
0.3703,0.91,0.0,0.0,2.58,0.0,0.0,2.6,0.9,0.0 (cmd 0.0),0.0 (cmd 0.0)
0.37079999999999996,0.63,0.0,0.0,2.47,0.0,0.0,2.5,0.6,0.0 (cmd 0.0),0.0 (cmd 0.0)
0.3713,0.35,0.0,0.0,2.24,0.0,0.0,2.2,0.3,0.0 (cmd 0.0),0.0 (cmd 0.0)
0.3718,-0.02,0.0,0.0,1.91,0.0,0.0,1.9,-0.0,0.0 (cmd 0.0),0.0 (cmd 0.0)
0.37229999999999996,-0.36,0.0,0.0,1.58,0.0,0.0,1.6,-0.4,0.0 (cmd 0.0),0.0 (cmd 0.0)
0.3728,-0.57,0.0,0.0,1.23,0.0,0.0,1.2,-0.6,0.0 (cmd 0.0),0.0 (cmd 0.0)
0.37329999999999997,-0.75,0.0,0.0,0.98,0.0,0.0,1.0,-0.8,0.0 (cmd 0.0),0.0 (cmd 0.0)
0.3738,-0.87,0.0,0.0,0.87,0.0,0.0,0.9,-0.9,0.0 (cmd 0.0),0.0 (cmd 0.0)
0.3743,-1.03,0.0,0.0,0.7,0.0,0.0,0.7,-1.0,0.0 (cmd 0.0),0.0 (cmd 0.0)
0.37479999999999997,-1.07,0.0,0.0,0.39,0.0,0.0,0.4,-1.1,0.0 (cmd 0.0),0.0 (cmd 0.0)
0.3753,-1.06,0.0,0.0,0.2,0.0,0.0,0.2,-1.1,0.0 (cmd 0.0),0.0 (cmd 0.0)
0.37579999999999997,-1.08,0.0,0.0,0.04,0.0,0.0,0.0,-1.1,0.0 (cmd 0.0),0.0 (cmd 0.0)
0.3763,-1.02,0.0,0.0,-0.05,0.0,0.0,-0.1,-1.0,0.0 (cmd 0.0),0.0 (cmd 0.0)
0.3768,-1.01,0.0,0.0,-0.06,0.0,0.0,-0.1,-1.0,0.0 (cmd 0.0),0.0 (cmd 0.0)
0.37729999999999997,-1.13,0.0,0.0,-0.02,0.0,0.0,-0.0,-1.1,0.0 (cmd 0.0),0.0 (cmd 0.0)
0.3778,-1.27,0.0,0.0,0.0,0.0,0.0,0.0,-1.3,0.0 (cmd 0.0),0.0 (cmd 0.0)
0.37829999999999997,-1.34,0.0,0.0,0.2,0.0,0.0,0.2,-1.3,0.0 (cmd 0.0),0.0 (cmd 0.0)
0.3788,-1.56,0.0,0.0,0.48,0.0,0.0,0.5,-1.6,0.0 (cmd 0.0),0.0 (cmd 0.0)
0.3793,-1.66,0.0,0.0,0.61,0.0,0.0,0.6,-1.7,0.0 (cmd 0.0),0.0 (cmd 0.0)
0.37979999999999997,-1.6,0.0,0.0,0.9,0.0,0.0,0.9,-1.6,0.0 (cmd 0.0),0.0 (cmd 0.0)
0.3803,-1.39,0.0,0.0,1.03,0.0,0.0,1.0,-1.4,0.0 (cmd 0.0),0.0 (cmd 0.0)
0.38079999999999997,-1.18,0.0,0.0,1.24,0.0,0.0,1.2,-1.2,0.0 (cmd 0.0),0.0 (cmd 0.0)
0.38130000000000003,-0.86,0.0,0.0,1.54,0.0,0.0,1.5,-0.9,0.0 (cmd 0.0),0.0 (cmd 0.0)
0.38180000000000003,-0.54,0.0,0.0,1.88,0.0,0.0,1.9,-0.5,0.0 (cmd 0.0),0.0 (cmd 0.0)
0.3823,-0.32,0.0,0.0,2.33,0.0,0.0,2.3,-0.3,0.0 (cmd 0.0),0.0 (cmd 0.0)
0.38280000000000003,-0.24,0.0,0.0,2.49,0.0,0.0,2.5,-0.2,0.0 (cmd 0.0),0.0 (cmd 0.0)
0.3833,-0.17,0.0,0.0,2.67,0.0,0.0,2.7,-0.2,0.0 (cmd 0.0),0.0 (cmd 0.0)
0.38380000000000003,-0.09,0.0,0.0,2.72,0.0,0.0,2.7,-0.1,0.0 (cmd 0.0),0.0 (cmd 0.0)
0.38430000000000003,0.02,0.0,0.0,2.7,0.0,0.0,2.7,0.0,0.0 (cmd 0.0),0.0 (cmd 0.0)
0.3848,0.07,0.0,0.0,2.7,0.0,0.0,2.7,0.1,0.0 (cmd 0.0),0.0 (cmd 0.0)
0.38530000000000003,0.06,0.0,0.0,2.59,0.0,0.0,2.6,0.1,0.0 (cmd 0.0),0.0 (cmd 0.0)
0.3858,0.06,0.0,0.0,2.52,0.0,0.0,2.5,0.1,0.0 (cmd 0.0),0.0 (cmd 0.0)
0.38630000000000003,0.12,0.0,0.0,2.52,0.0,0.0,2.5,0.1,0.0 (cmd 0.0),0.0 (cmd 0.0)
0.38680000000000003,0.13,0.0,0.0,2.5,0.0,0.0,2.5,0.1,0.0 (cmd 0.0),0.0 (cmd 0.0)
0.3873,0.13,0.0,0.0,2.43,0.0,0.0,2.4,0.1,0.0 (cmd 0.0),0.0 (cmd 0.0)
0.38780000000000003,0.15,0.0,0.0,2.38,0.0,0.0,2.4,0.1,0.0 (cmd 0.0),0.0 (cmd 0.0)
0.3883,0.16,0.0,0.0,2.3,0.0,0.0,2.3,0.2,0.0 (cmd 0.0),0.0 (cmd 0.0)
0.38880000000000003,0.13,0.0,0.0,2.19,0.0,0.0,2.2,0.1,0.0 (cmd 0.0),0.0 (cmd 0.0)
0.38930000000000003,0.12,0.0,0.0,2.19,0.0,0.0,2.2,0.1,0.0 (cmd 0.0),0.0 (cmd 0.0)
0.3898,0.24,0.0,0.0,2.23,0.0,0.0,2.2,0.2,0.0 (cmd 0.0),0.0 (cmd 0.0)
0.39030000000000004,0.4,0.0,0.0,2.2,0.0,0.0,2.2,0.4,0.0 (cmd 0.0),0.0 (cmd 0.0)
0.3908,0.5,0.0,0.0,2.09,0.0,0.0,2.1,0.5,0.0 (cmd 0.0),0.0 (cmd 0.0)
0.39130000000000004,0.25,0.0,0.0,2.1,0.0,0.0,2.1,0.2,0.0 (cmd 0.0),0.0 (cmd 0.0)
0.39180000000000004,-0.24,0.0,0.0,2.04,0.0,0.0,2.0,-0.2,0.0 (cmd 0.0),0.0 (cmd 0.0)
0.3923,-0.57,0.0,0.0,1.95,0.0,0.0,1.9,-0.6,0.0 (cmd 0.0),0.0 (cmd 0.0)
0.39280000000000004,-0.57,0.0,0.0,1.84,0.0,0.0,1.8,-0.6,0.0 (cmd 0.0),0.0 (cmd 0.0)
0.3932999999999999,-0.48,0.0,0.0,1.91,0.0,0.0,1.9,-0.5,0.0 (cmd 0.0),0.0 (cmd 0.0)
0.39380000000000004,-0.38,0.0,0.0,2.02,0.0,0.0,2.0,-0.4,0.0 (cmd 0.0),0.0 (cmd 0.0)
0.3943,-0.25,0.0,0.0,1.87,0.0,0.0,1.9,-0.2,0.0 (cmd 0.0),0.0 (cmd 0.0)
0.39479999999999993,-0.03,0.0,0.0,1.74,0.0,0.0,1.7,-0.0,0.0 (cmd 0.0),0.0 (cmd 0.0)
0.3953,-0.27,0.0,0.0,1.84,0.0,0.0,1.8,-0.3,0.0 (cmd 0.0),0.0 (cmd 0.0)
0.39579999999999993,-0.67,0.0,0.0,1.8,0.0,0.0,1.8,-0.7,0.0 (cmd 0.0),0.0 (cmd 0.0)
0.3963,-0.86,0.0,0.0,1.72,0.0,0.0,1.7,-0.9,0.0 (cmd 0.0),0.0 (cmd 0.0)
0.3968,-0.88,0.0,0.0,1.72,0.0,0.0,1.7,-0.9,0.0 (cmd 0.0),0.0 (cmd 0.0)
0.39729999999999993,-0.61,0.0,0.0,1.84,0.0,0.0,1.8,-0.6,0.0 (cmd 0.0),0.0 (cmd 0.0)
0.3978,-0.41,0.0,0.0,2.23,0.0,0.0,2.2,-0.4,0.0 (cmd 0.0),0.0 (cmd 0.0)
0.39829999999999993,-0.02,0.0,0.0,2.52,0.0,0.0,2.5,-0.0,0.0 (cmd 0.0),0.0 (cmd 0.0)
0.3988,0.3,0.0,0.0,2.62,0.0,0.0,2.6,0.3,0.0 (cmd 0.0),0.0 (cmd 0.0)
0.3993,0.58,0.0,0.0,2.72,0.0,0.0,2.7,0.6,0.0 (cmd 0.0),0.0 (cmd 0.0)
0.39979999999999993,0.82,0.0,0.0,2.84,0.0,0.0,2.8,0.8,0.0 (cmd 0.0),0.0 (cmd 0.0)
0.4003,1.08,0.0,0.0,2.85,0.0,0.0,2.9,1.1,0.0 (cmd 0.0),0.0 (cmd 0.0)
0.40079999999999993,1.28,0.0,0.0,2.99,0.0,0.0,3.0,1.3,0.0 (cmd 0.0),0.0 (cmd 0.0)
0.4013,1.24,0.0,0.0,3.07,0.0,0.0,3.1,1.2,0.0 (cmd 0.0),0.0 (cmd 0.0)
0.4018,1.43,0.0,0.0,2.9,0.0,0.0,2.9,1.4,0.0 (cmd 0.0),0.0 (cmd 0.0)
0.40229999999999994,1.59,0.0,0.0,2.79,0.0,0.0,2.8,1.6,0.0 (cmd 0.0),0.0 (cmd 0.0)
0.4028,1.53,0.0,0.0,2.78,0.0,0.0,2.8,1.5,0.0 (cmd 0.0),0.0 (cmd 0.0)
0.40329999999999994,1.58,0.0,0.0,2.73,0.0,0.0,2.7,1.6,0.0 (cmd 0.0),0.0 (cmd 0.0)
0.4038,1.57,0.0,0.0,2.67,0.0,0.0,2.7,1.6,0.0 (cmd 0.0),0.0 (cmd 0.0)
0.4043,1.49,0.0,0.0,2.69,0.0,0.0,2.7,1.5,0.0 (cmd 0.0),0.0 (cmd 0.0)
0.40479999999999994,1.44,0.0,0.0,2.76,0.0,0.0,2.8,1.4,0.0 (cmd 0.0),0.0 (cmd 0.0)
0.4053,1.45,0.0,0.0,2.81,0.0,0.0,2.8,1.4,0.0 (cmd 0.0),0.0 (cmd 0.0)
0.40579999999999994,1.47,0.0,0.0,2.76,0.0,0.0,2.8,1.5,0.0 (cmd 0.0),0.0 (cmd 0.0)
0.4063,1.5,0.0,0.0,2.68,0.0,0.0,2.7,1.5,0.0 (cmd 0.0),0.0 (cmd 0.0)
0.4068,1.51,0.0,0.0,2.69,0.0,0.0,2.7,1.5,0.0 (cmd 0.0),0.0 (cmd 0.0)
0.40729999999999994,1.49,0.0,0.0,2.82,0.0,0.0,2.8,1.5,0.0 (cmd 0.0),0.0 (cmd 0.0)
0.4078,1.4,0.0,0.0,2.78,0.0,0.0,2.8,1.4,0.0 (cmd 0.0),0.0 (cmd 0.0)
0.40829999999999994,1.29,0.0,0.0,2.56,0.0,0.0,2.6,1.3,0.0 (cmd 0.0),0.0 (cmd 0.0)
0.4088,1.14,0.0,0.0,2.45,0.0,0.0,2.5,1.1,0.0 (cmd 0.0),0.0 (cmd 0.0)
0.4093,0.94,0.0,0.0,2.36,0.0,0.0,2.4,0.9,0.0 (cmd 0.0),0.0 (cmd 0.0)
0.40979999999999994,0.74,0.0,0.0,2.28,0.0,0.0,2.3,0.7,0.0 (cmd 0.0),0.0 (cmd 0.0)
0.4103,0.62,0.0,0.0,2.17,0.0,0.0,2.2,0.6,0.0 (cmd 0.0),0.0 (cmd 0.0)
0.41079999999999994,0.56,0.0,0.0,2.13,0.0,0.0,2.1,0.6,0.0 (cmd 0.0),0.0 (cmd 0.0)
0.4113,0.54,0.0,0.0,2.02,0.0,0.0,2.0,0.5,0.0 (cmd 0.0),0.0 (cmd 0.0)
0.4118,0.55,0.0,0.0,2.05,0.0,0.0,2.0,0.6,0.0 (cmd 0.0),0.0 (cmd 0.0)
0.41229999999999994,0.56,0.0,0.0,2.17,0.0,0.0,2.2,0.6,0.0 (cmd 0.0),0.0 (cmd 0.0)
0.4128,0.66,0.0,0.0,2.2,0.0,0.0,2.2,0.7,0.0 (cmd 0.0),0.0 (cmd 0.0)
0.41329999999999995,0.75,0.0,0.0,2.2,0.0,0.0,2.2,0.8,0.0 (cmd 0.0),0.0 (cmd 0.0)
0.4138,0.75,0.0,0.0,2.16,0.0,0.0,2.2,0.8,0.0 (cmd 0.0),0.0 (cmd 0.0)
0.4143,0.61,0.0,0.0,2.18,0.0,0.0,2.2,0.6,0.0 (cmd 0.0),0.0 (cmd 0.0)
0.41479999999999995,0.5,0.0,0.0,2.24,0.0,0.0,2.2,0.5,0.0 (cmd 0.0),0.0 (cmd 0.0)
0.4153,0.4,0.0,0.0,2.23,0.0,0.0,2.2,0.4,0.0 (cmd 0.0),0.0 (cmd 0.0)
0.41579999999999995,0.46,0.0,0.0,2.12,0.0,0.0,2.1,0.5,0.0 (cmd 0.0),0.0 (cmd 0.0)
0.4163,0.56,0.0,0.0,2.05,0.0,0.0,2.0,0.6,0.0 (cmd 0.0),0.0 (cmd 0.0)
0.4168,0.63,0.0,0.0,2.1,0.0,0.0,2.1,0.6,0.0 (cmd 0.0),0.0 (cmd 0.0)
0.41729999999999995,0.72,0.0,0.0,2.12,0.0,0.0,2.1,0.7,0.0 (cmd 0.0),0.0 (cmd 0.0)
0.4178,0.74,0.0,0.0,2.16,0.0,0.0,2.2,0.7,0.0 (cmd 0.0),0.0 (cmd 0.0)
0.41829999999999995,0.77,0.0,0.0,2.27,0.0,0.0,2.3,0.8,0.0 (cmd 0.0),0.0 (cmd 0.0)
0.4188,0.8,0.0,0.0,2.31,0.0,0.0,2.3,0.8,0.0 (cmd 0.0),0.0 (cmd 0.0)
0.4193,0.81,0.0,0.0,2.32,0.0,0.0,2.3,0.8,0.0 (cmd 0.0),0.0 (cmd 0.0)
0.41979999999999995,0.89,0.0,0.0,2.26,0.0,0.0,2.3,0.9,0.0 (cmd 0.0),0.0 (cmd 0.0)
0.4203,0.96,0.0,0.0,2.26,0.0,0.0,2.3,1.0,0.0 (cmd 0.0),0.0 (cmd 0.0)
0.42079999999999995,1.0,0.0,0.0,2.28,0.0,0.0,2.3,1.0,0.0 (cmd 0.0),0.0 (cmd 0.0)
0.4213,1.03,0.0,0.0,2.3,0.0,0.0,2.3,1.0,0.0 (cmd 0.0),0.0 (cmd 0.0)
0.4218,1.04,0.0,0.0,2.27,0.0,0.0,2.3,1.0,0.0 (cmd 0.0),0.0 (cmd 0.0)
0.42229999999999995,0.99,0.0,0.0,2.17,0.0,0.0,2.2,1.0,0.0 (cmd 0.0),0.0 (cmd 0.0)
0.4228,1.0,0.0,0.0,2.12,0.0,0.0,2.1,1.0,0.0 (cmd 0.0),0.0 (cmd 0.0)
0.42329999999999995,1.01,0.0,0.0,2.09,0.0,0.0,2.1,1.0,0.0 (cmd 0.0),0.0 (cmd 0.0)
0.4238,0.98,0.0,0.0,2.04,0.0,0.0,2.0,1.0,0.0 (cmd 0.0),0.0 (cmd 0.0)
0.4243,0.91,0.0,0.0,1.99,0.0,0.0,2.0,0.9,0.0 (cmd 0.0),0.0 (cmd 0.0)
0.42479999999999996,0.8,0.0,0.0,1.98,0.0,0.0,2.0,0.8,0.0 (cmd 0.0),0.0 (cmd 0.0)
0.4253,0.77,0.0,0.0,1.87,0.0,0.0,1.9,0.8,0.0 (cmd 0.0),0.0 (cmd 0.0)
0.42579999999999996,0.77,0.0,0.0,1.77,0.0,0.0,1.8,0.8,0.0 (cmd 0.0),0.0 (cmd 0.0)
0.4263,0.71,0.0,0.0,1.7,0.0,0.0,1.7,0.7,0.0 (cmd 0.0),0.0 (cmd 0.0)
0.4268,0.67,0.0,0.0,1.67,0.0,0.0,1.7,0.7,0.0 (cmd 0.0),0.0 (cmd 0.0)
0.42729999999999996,0.54,0.0,0.0,1.61,0.0,0.0,1.6,0.5,0.0 (cmd 0.0),0.0 (cmd 0.0)
0.4278,0.44,0.0,0.0,1.59,0.0,0.0,1.6,0.4,0.0 (cmd 0.0),0.0 (cmd 0.0)
0.42829999999999996,0.35,0.0,0.0,1.49,0.0,0.0,1.5,0.3,0.0 (cmd 0.0),0.0 (cmd 0.0)
0.4288,0.18,0.0,0.0,1.44,0.0,0.0,1.4,0.2,0.0 (cmd 0.0),0.0 (cmd 0.0)
0.4293,0.03,0.0,0.0,1.34,0.0,0.0,1.3,0.0,0.0 (cmd 0.0),0.0 (cmd 0.0)
0.42979999999999996,-0.03,0.0,0.0,1.19,0.0,0.0,1.2,-0.0,0.0 (cmd 0.0),0.0 (cmd 0.0)
0.4303,-0.14,0.0,0.0,1.0,0.0,0.0,1.0,-0.1,0.0 (cmd 0.0),0.0 (cmd 0.0)
0.43079999999999996,-0.17,0.0,0.0,0.91,0.0,0.0,0.9,-0.2,0.0 (cmd 0.0),0.0 (cmd 0.0)
0.4313,-0.24,0.0,0.0,0.79,0.0,0.0,0.8,-0.2,0.0 (cmd 0.0),0.0 (cmd 0.0)
0.4318,-0.43,0.0,0.0,0.65,0.0,0.0,0.7,-0.4,0.0 (cmd 0.0),0.0 (cmd 0.0)
0.43229999999999996,-0.61,0.0,0.0,0.45,0.0,0.0,0.5,-0.6,0.0 (cmd 0.0),0.0 (cmd 0.0)
0.4328,-0.74,0.0,0.0,0.35,0.0,0.0,0.3,-0.7,0.0 (cmd 0.0),0.0 (cmd 0.0)
0.43329999999999996,-0.86,0.0,0.0,0.26,0.0,0.0,0.3,-0.9,0.0 (cmd 0.0),0.0 (cmd 0.0)
0.4338,-0.94,0.0,0.0,0.17,0.0,0.0,0.2,-0.9,0.0 (cmd 0.0),0.0 (cmd 0.0)
0.4343,-1.06,0.0,0.0,0.09,0.0,0.0,0.1,-1.1,0.0 (cmd 0.0),0.0 (cmd 0.0)
0.43479999999999996,-1.34,0.0,0.0,0.0,0.0,0.0,0.0,-1.3,0.0 (cmd 0.0),0.0 (cmd 0.0)
0.4353,-1.44,0.0,0.0,-0.1,0.0,0.0,-0.1,-1.4,0.0 (cmd 0.0),0.0 (cmd 0.0)
0.43579999999999997,-1.75,0.0,0.0,-0.27,0.0,0.0,-0.3,-1.8,0.0 (cmd 0.0),0.0 (cmd 0.0)
0.4363,-1.94,0.0,0.0,-0.38,0.0,0.0,-0.4,-1.9,0.0 (cmd 0.0),0.0 (cmd 0.0)
0.4368,-1.83,0.0,0.0,-0.52,0.0,0.0,-0.5,-1.8,0.0 (cmd 0.0),0.0 (cmd 0.0)
0.43729999999999997,-1.75,0.0,0.0,-0.58,0.0,0.0,-0.6,-1.8,0.0 (cmd 0.0),0.0 (cmd 0.0)
0.4378,-1.68,0.0,0.0,-0.61,0.0,0.0,-0.6,-1.7,0.0 (cmd 0.0),0.0 (cmd 0.0)
0.43829999999999997,-1.74,0.0,0.0,-0.7,0.0,0.0,-0.7,-1.7,0.0 (cmd 0.0),0.0 (cmd 0.0)
0.4388,-1.74,0.0,0.0,-0.66,0.0,0.0,-0.7,-1.7,0.0 (cmd 0.0),0.0 (cmd 0.0)
0.4393,-1.64,0.0,0.0,-0.61,0.0,0.0,-0.6,-1.6,0.0 (cmd 0.0),0.0 (cmd 0.0)
0.43979999999999997,-1.6,0.0,0.0,-0.65,0.0,0.0,-0.7,-1.6,0.0 (cmd 0.0),0.0 (cmd 0.0)
0.4403,-1.56,0.0,0.0,-0.67,0.0,0.0,-0.7,-1.6,0.0 (cmd 0.0),0.0 (cmd 0.0)
0.44079999999999997,-1.62,0.0,0.0,-0.71,0.0,0.0,-0.7,-1.6,0.0 (cmd 0.0),0.0 (cmd 0.0)
0.4413,-1.66,0.0,0.0,-0.66,0.0,0.0,-0.7,-1.7,0.0 (cmd 0.0),0.0 (cmd 0.0)
0.4418,-1.61,0.0,0.0,-0.65,0.0,0.0,-0.7,-1.6,0.0 (cmd 0.0),0.0 (cmd 0.0)
0.44229999999999997,-1.61,0.0,0.0,-0.59,0.0,0.0,-0.6,-1.6,0.0 (cmd 0.0),0.0 (cmd 0.0)
0.4428,-1.53,0.0,0.0,-0.55,0.0,0.0,-0.6,-1.5,0.0 (cmd 0.0),0.0 (cmd 0.0)
0.44329999999999997,-1.49,0.0,0.0,-0.5,0.0,0.0,-0.5,-1.5,0.0 (cmd 0.0),0.0 (cmd 0.0)
0.44380000000000003,-1.33,0.0,0.0,-0.44,0.0,0.0,-0.4,-1.3,0.0 (cmd 0.0),0.0 (cmd 0.0)
0.44430000000000003,-1.12,0.0,0.0,-0.29,0.0,0.0,-0.3,-1.1,0.0 (cmd 0.0),0.0 (cmd 0.0)
0.4448,-0.9,0.0,0.0,-0.14,0.0,0.0,-0.1,-0.9,0.0 (cmd 0.0),0.0 (cmd 0.0)
0.44530000000000003,-0.84,0.0,0.0,-0.09,0.0,0.0,-0.1,-0.8,0.0 (cmd 0.0),0.0 (cmd 0.0)
0.4458,-0.93,0.0,0.0,-0.09,0.0,0.0,-0.1,-0.9,0.0 (cmd 0.0),0.0 (cmd 0.0)
0.44630000000000003,-1.1,0.0,0.0,-0.07,0.0,0.0,-0.1,-1.1,0.0 (cmd 0.0),0.0 (cmd 0.0)
0.44680000000000003,-1.36,0.0,0.0,-0.09,0.0,0.0,-0.1,-1.4,0.0 (cmd 0.0),0.0 (cmd 0.0)
0.4473,-1.53,0.0,0.0,-0.14,0.0,0.0,-0.1,-1.5,0.0 (cmd 0.0),0.0 (cmd 0.0)
0.44780000000000003,-1.68,0.0,0.0,-0.26,0.0,0.0,-0.3,-1.7,0.0 (cmd 0.0),0.0 (cmd 0.0)
0.4483,-1.84,0.0,0.0,-0.38,0.0,0.0,-0.4,-1.8,0.0 (cmd 0.0),0.0 (cmd 0.0)
0.44880000000000003,-2.05,0.0,0.0,-0.4,0.0,0.0,-0.4,-2.0,0.0 (cmd 0.0),0.0 (cmd 0.0)
0.44930000000000003,-2.12,0.0,0.0,-0.35,0.0,0.0,-0.3,-2.1,0.0 (cmd 0.0),0.0 (cmd 0.0)
0.4498,-1.91,0.0,0.0,-0.38,0.0,0.0,-0.4,-1.9,0.0 (cmd 0.0),0.0 (cmd 0.0)
0.45030000000000003,-1.65,0.0,0.0,-0.56,0.0,0.0,-0.6,-1.6,0.0 (cmd 0.0),0.0 (cmd 0.0)
0.4508,-1.43,0.0,0.0,-0.67,0.0,0.0,-0.7,-1.4,0.0 (cmd 0.0),0.0 (cmd 0.0)
0.45130000000000003,-1.37,0.0,0.0,-0.79,0.0,0.0,-0.8,-1.4,0.0 (cmd 0.0),0.0 (cmd 0.0)
0.45180000000000003,-1.55,0.0,0.0,-0.66,0.0,0.0,-0.7,-1.6,0.0 (cmd 0.0),0.0 (cmd 0.0)
0.4523,-1.88,0.0,0.0,-0.61,0.0,0.0,-0.6,-1.9,0.0 (cmd 0.0),0.0 (cmd 0.0)
0.45280000000000004,-2.56,0.0,0.0,-0.68,0.0,0.0,-0.7,-2.6,0.0 (cmd 0.0),0.0 (cmd 0.0)
0.4533,-2.88,0.0,0.0,-0.86,0.0,0.0,-0.9,-2.9,0.0 (cmd 0.0),0.0 (cmd 0.0)
0.45380000000000004,-3.44,0.0,0.0,-1.1,0.0,0.0,-1.1,-3.4,0.0 (cmd 0.0),0.0 (cmd 0.0)
0.45430000000000004,-3.82,0.0,0.0,-1.21,0.0,0.0,-1.2,-3.8,0.0 (cmd 0.0),0.0 (cmd 0.0)
0.4548,-3.95,0.0,0.0,-1.17,0.0,0.0,-1.2,-4.0,0.0 (cmd 0.0),0.0 (cmd 0.0)
0.45530000000000004,-4.17,0.0,0.0,-1.2,0.0,0.0,-1.2,-4.2,0.0 (cmd 0.0),0.0 (cmd 0.0)
0.4557999999999999,-4.29,0.0,0.0,-1.22,0.0,0.0,-1.2,-4.3,0.0 (cmd 0.0),0.0 (cmd 0.0)
0.45630000000000004,-4.32,0.0,0.0,-1.09,0.0,0.0,-1.1,-4.3,0.0 (cmd 0.0),0.0 (cmd 0.0)
0.4568,-4.27,0.0,0.0,-0.92,0.0,0.0,-0.9,-4.3,0.0 (cmd 0.0),0.0 (cmd 0.0)
0.45729999999999993,-3.98,0.0,0.0,-0.99,0.0,0.0,-1.0,-4.0,0.0 (cmd 0.0),0.0 (cmd 0.0)
0.4578,-3.53,0.0,0.0,-1.06,0.0,0.0,-1.1,-3.5,0.0 (cmd 0.0),0.0 (cmd 0.0)
0.45829999999999993,-3.13,0.0,0.0,-1.14,0.0,0.0,-1.1,-3.1,0.0 (cmd 0.0),0.0 (cmd 0.0)
0.4588,-2.95,0.0,0.0,-1.31,0.0,0.0,-1.3,-3.0,0.0 (cmd 0.0),0.0 (cmd 0.0)
0.4593,-3.17,0.0,0.0,-1.4,0.0,0.0,-1.4,-3.2,0.0 (cmd 0.0),0.0 (cmd 0.0)
0.45979999999999993,-3.34,0.0,0.0,-1.23,0.0,0.0,-1.2,-3.3,0.0 (cmd 0.0),0.0 (cmd 0.0)
0.4603,-3.1,0.0,0.0,-0.84,0.0,0.0,-0.8,-3.1,0.0 (cmd 0.0),0.0 (cmd 0.0)
0.46079999999999993,-2.89,0.0,0.0,-0.69,0.0,0.0,-0.7,-2.9,0.0 (cmd 0.0),0.0 (cmd 0.0)
0.4613,-2.88,0.0,0.0,-0.68,0.0,0.0,-0.7,-2.9,0.0 (cmd 0.0),0.0 (cmd 0.0)
0.4618,-2.87,0.0,0.0,-0.61,0.0,0.0,-0.6,-2.9,0.0 (cmd 0.0),0.0 (cmd 0.0)
0.46229999999999993,-2.67,0.0,0.0,-0.56,0.0,0.0,-0.6,-2.7,0.0 (cmd 0.0),0.0 (cmd 0.0)
0.4628,-2.16,0.0,0.0,-0.71,0.0,0.0,-0.7,-2.2,0.0 (cmd 0.0),0.0 (cmd 0.0)
0.46329999999999993,-1.84,0.0,0.0,-0.94,0.0,0.0,-0.9,-1.8,0.0 (cmd 0.0),0.0 (cmd 0.0)
0.4638,-1.74,0.0,0.0,-1.12,0.0,0.0,-1.1,-1.7,0.0 (cmd 0.0),0.0 (cmd 0.0)
0.4643,-1.58,0.0,0.0,-1.04,0.0,0.0,-1.0,-1.6,0.0 (cmd 0.0),0.0 (cmd 0.0)
0.46479999999999994,-1.07,0.0,0.0,-0.74,0.0,0.0,-0.7,-1.1,0.0 (cmd 0.0),0.0 (cmd 0.0)
0.4653,-0.61,0.0,0.0,-0.5,0.0,0.0,-0.5,-0.6,0.0 (cmd 0.0),0.0 (cmd 0.0)
0.46579999999999994,-0.17,0.0,0.0,-0.33,0.0,0.0,-0.3,-0.2,0.0 (cmd 0.0),0.0 (cmd 0.0)
0.4663,0.1,0.0,0.0,-0.35,0.0,0.0,-0.3,0.1,0.0 (cmd 0.0),0.0 (cmd 0.0)
0.4668,0.22,0.0,0.0,-0.2,0.0,0.0,-0.2,0.2,0.0 (cmd 0.0),0.0 (cmd 0.0)
0.46729999999999994,0.12,0.0,0.0,0.0,0.0,0.0,0.0,0.1,0.0 (cmd 0.0),0.0 (cmd 0.0)
0.4678,0.21,0.0,0.0,0.03,0.0,0.0,0.0,0.2,0.0 (cmd 0.0),0.0 (cmd 0.0)
0.46829999999999994,0.17,0.0,0.0,0.04,0.0,0.0,0.0,0.2,0.0 (cmd 0.0),0.0 (cmd 0.0)
0.4688,-0.04,0.0,0.0,0.1,0.0,0.0,0.1,-0.0,0.0 (cmd 0.0),0.0 (cmd 0.0)
0.4693,-0.35,0.0,0.0,0.46,0.0,0.0,0.5,-0.3,0.0 (cmd 0.0),0.0 (cmd 0.0)
0.46979999999999994,-0.57,0.0,0.0,0.66,0.0,0.0,0.7,-0.6,0.0 (cmd 0.0),0.0 (cmd 0.0)
0.4703,-0.7,0.0,0.0,0.61,0.0,0.0,0.6,-0.7,0.0 (cmd 0.0),0.0 (cmd 0.0)
0.47079999999999994,-0.8,0.0,0.0,0.21,0.0,0.0,0.2,-0.8,0.0 (cmd 0.0),0.0 (cmd 0.0)
0.4713,-0.72,0.0,0.0,-0.49,0.0,0.0,-0.5,-0.7,0.0 (cmd 0.0),0.0 (cmd 0.0)
0.4718,-0.73,0.0,0.0,-1.57,0.0,0.0,-1.6,-0.7,0.0 (cmd 0.0),0.0 (cmd 0.0)
0.47229999999999994,-0.82,0.0,0.0,-2.85,0.0,0.0,-2.9,-0.8,0.0 (cmd 0.0),0.0 (cmd 0.0)
0.4728,-0.95,0.0,0.0,-3.6,0.0,0.0,-3.6,-0.9,0.0 (cmd 0.0),0.0 (cmd 0.0)
0.47329999999999994,-0.99,0.0,0.0,-4.24,0.0,0.0,-4.2,-1.0,0.0 (cmd 0.0),0.0 (cmd 0.0)
0.4738,0.2,0.0,0.0,-5.5,0.0,0.0,-5.5,0.2,0.0 (cmd 0.0),0.0 (cmd 0.0)
0.4743,1.57,0.0,0.0,-6.92,0.0,0.0,-6.9,1.6,0.0 (cmd 0.0),0.0 (cmd 0.0)
0.47479999999999994,2.93,0.0,0.0,-8.09,0.0,0.0,-8.1,2.9,0.0 (cmd 0.0),0.0 (cmd 0.0)
0.4753,3.83,0.0,0.0,-8.5,0.0,0.0,-8.5,3.8,0.0 (cmd 0.0),0.0 (cmd 0.0)
0.47579999999999995,4.12,0.0,0.0,-8.13,0.0,0.0,-8.1,4.1,0.0 (cmd 0.0),0.0 (cmd 0.0)
0.4763,3.81,0.0,0.0,-8.0,0.0,0.0,-8.0,3.8,0.0 (cmd 0.0),0.0 (cmd 0.0)
0.4768,2.88,0.0,0.0,-7.82,0.0,0.0,-7.8,2.9,0.0 (cmd 0.0),0.0 (cmd 0.0)
0.47729999999999995,0.2,0.0,0.0,-7.02,0.0,0.0,-7.0,0.2,0.0 (cmd 0.0),0.0 (cmd 0.0)
0.4778,-2.92,0.0,0.0,-6.92,0.0,0.0,-6.9,-2.9,0.0 (cmd 0.0),0.0 (cmd 0.0)
0.47829999999999995,-6.21,0.0,0.0,-7.0,0.0,0.0,-7.0,-6.2,0.0 (cmd 0.0),0.0 (cmd 0.0)
0.4788,-8.67,0.0,0.0,-6.8,0.0,0.0,-6.8,-8.7,0.0 (cmd 0.0),0.0 (cmd 0.0)
0.4793,-11.23,0.0,0.0,-6.6,0.0,0.0,-6.6,-11.2,0.0 (cmd 0.0),0.0 (cmd 0.0)
0.47979999999999995,-13.03,0.0,0.0,-6.56,0.0,0.0,-6.6,-13.0,0.0 (cmd 0.0),0.0 (cmd 0.0)
0.4803,-13.89,0.0,0.0,-7.16,0.0,0.0,-7.2,-13.9,0.0 (cmd 0.0),0.0 (cmd 0.0)
0.48079999999999995,-13.83,0.0,0.0,-8.33,0.0,0.0,-8.3,-13.8,0.0 (cmd 0.0),0.0 (cmd 0.0)
0.4813,-13.39,0.0,0.0,-9.41,0.0,0.0,-9.4,-13.4,0.0 (cmd 0.0),0.0 (cmd 0.0)
0.4818,-13.46,0.0,0.0,-10.2,0.0,0.0,-10.2,-13.5,0.0 (cmd 0.0),0.0 (cmd 0.0)
0.48229999999999995,-14.16,0.0,0.0,-11.53,0.0,0.0,-11.5,-14.2,0.0 (cmd 0.0),0.0 (cmd 0.0)
0.4828,-16.01,0.0,0.0,-12.28,0.0,0.0,-12.3,-16.0,0.0 (cmd 0.0),0.0 (cmd 0.0)
0.48329999999999995,-17.59,0.0,0.0,-12.85,0.0,0.0,-12.8,-17.6,0.0 (cmd 0.0),0.0 (cmd 0.0)
0.4838,-18.73,0.0,0.0,-14.18,0.0,0.0,-14.2,-18.7,0.0 (cmd 0.0),0.0 (cmd 0.0)
0.4843,-19.47,0.0,0.0,-15.84,0.0,0.0,-15.8,-19.5,0.0 (cmd 0.0),0.0 (cmd 0.0)
0.48479999999999995,-19.59,0.0,0.0,-17.48,0.0,0.0,-17.5,-19.6,0.0 (cmd 0.0),0.0 (cmd 0.0)
0.4853,-19.29,0.0,0.0,-17.57,0.0,0.0,-17.6,-19.3,0.0 (cmd 0.0),0.0 (cmd 0.0)
0.48579999999999995,-18.3,0.0,0.0,-16.2,0.0,0.0,-16.2,-18.3,0.0 (cmd 0.0),0.0 (cmd 0.0)
0.4863,-16.9,0.0,0.0,-14.08,0.0,0.0,-14.1,-16.9,0.0 (cmd 0.0),0.0 (cmd 0.0)
0.4868,-15.73,0.0,0.0,-11.81,0.0,0.0,-11.8,-15.7,0.0 (cmd 0.0),0.0 (cmd 0.0)
0.48729999999999996,-14.13,0.0,0.0,-9.69,0.0,0.0,-9.7,-14.1,0.0 (cmd 0.0),0.0 (cmd 0.0)
0.4878,-11.71,0.0,0.0,-8.67,0.0,0.0,-8.7,-11.7,0.0 (cmd 0.0),0.0 (cmd 0.0)
0.48829999999999996,-8.59,0.0,0.0,-6.95,0.0,0.0,-7.0,-8.6,0.0 (cmd 0.0),0.0 (cmd 0.0)
0.4888,-6.13,0.0,0.0,-5.38,0.0,0.0,-5.4,-6.1,0.0 (cmd 0.0),0.0 (cmd 0.0)
0.4893,-4.15,0.0,0.0,-4.04,0.0,0.0,-4.0,-4.2,0.0 (cmd 0.0),0.0 (cmd 0.0)
0.48979999999999996,-1.99,0.0,0.0,-2.61,0.0,0.0,-2.6,-2.0,0.0 (cmd 0.0),0.0 (cmd 0.0)
0.4903,-1.13,0.0,0.0,-1.19,0.0,0.0,-1.2,-1.1,0.0 (cmd 0.0),0.0 (cmd 0.0)
0.49079999999999996,0.12,0.0,0.0,0.5,0.0,0.0,0.5,0.1,0.0 (cmd 0.0),0.0 (cmd 0.0)
0.4913,0.47,0.0,0.0,1.8,0.0,0.0,1.8,0.5,0.0 (cmd 0.0),0.0 (cmd 0.0)
0.4918,0.22,0.0,0.0,1.89,0.0,0.0,1.9,0.2,0.0 (cmd 0.0),0.0 (cmd 0.0)
0.49229999999999996,-0.02,0.0,0.0,1.41,0.0,0.0,1.4,-0.0,0.0 (cmd 0.0),0.0 (cmd 0.0)
0.4928,-0.04,0.0,0.0,1.21,0.0,0.0,1.2,-0.0,0.0 (cmd 0.0),0.0 (cmd 0.0)
0.49329999999999996,0.11,0.0,0.0,1.27,0.0,0.0,1.3,0.1,0.0 (cmd 0.0),0.0 (cmd 0.0)
0.4938,0.2,0.0,0.0,1.43,0.0,0.0,1.4,0.2,0.0 (cmd 0.0),0.0 (cmd 0.0)
0.4943,0.23,0.0,0.0,1.49,0.0,0.0,1.5,0.2,0.0 (cmd 0.0),0.0 (cmd 0.0)
0.49479999999999996,0.24,0.0,0.0,1.42,0.0,0.0,1.4,0.2,0.0 (cmd 0.0),0.0 (cmd 0.0)
0.4953,0.19,0.0,0.0,1.33,0.0,0.0,1.3,0.2,0.0 (cmd 0.0),0.0 (cmd 0.0)
0.49579999999999996,0.16,0.0,0.0,1.36,0.0,0.0,1.4,0.2,0.0 (cmd 0.0),0.0 (cmd 0.0)
0.4963,0.21,0.0,0.0,1.32,0.0,0.0,1.3,0.2,0.0 (cmd 0.0),0.0 (cmd 0.0)
0.4968,0.29,0.0,0.0,1.23,0.0,0.0,1.2,0.3,0.0 (cmd 0.0),0.0 (cmd 0.0)
0.49729999999999996,0.3,0.0,0.0,1.17,0.0,0.0,1.2,0.3,0.0 (cmd 0.0),0.0 (cmd 0.0)
0.4978,0.29,0.0,0.0,1.08,0.0,0.0,1.1,0.3,0.0 (cmd 0.0),0.0 (cmd 0.0)
0.49829999999999997,0.23,0.0,0.0,1.04,0.0,0.0,1.0,0.2,0.0 (cmd 0.0),0.0 (cmd 0.0)
0.4988,0.18,0.0,0.0,0.98,0.0,0.0,1.0,0.2,0.0 (cmd 0.0),0.0 (cmd 0.0)
0.4993,0.13,0.0,0.0,0.94,0.0,0.0,0.9,0.1,0.0 (cmd 0.0),0.0 (cmd 0.0)
0.49979999999999997,0.08,0.0,0.0,0.9,0.0,0.0,0.9,0.1,0.0 (cmd 0.0),0.0 (cmd 0.0)
0.5003,0.02,0.0,0.0,0.87,0.0,0.0,0.9,0.0,0.0 (cmd 0.0),0.0 (cmd 0.0)
0.5007999999999999,0.0,0.0,0.0,0.81,0.0,0.0,0.8,0.0,0.0 (cmd 0.0),0.0 (cmd 0.0)
0.5013,-0.04,0.0,0.0,0.76,0.0,0.0,0.8,-0.0,0.0 (cmd 0.0),0.0 (cmd 0.0)
0.5018,-0.08,0.0,0.0,0.68,0.0,0.0,0.7,-0.1,0.0 (cmd 0.0),0.0 (cmd 0.0)
0.5023,-0.08,0.0,0.0,0.61,0.0,0.0,0.6,-0.1,0.0 (cmd 0.0),0.0 (cmd 0.0)
0.5028,-0.07,0.0,0.0,0.54,0.0,0.0,0.5,-0.1,0.0 (cmd 0.0),0.0 (cmd 0.0)
0.5033,-0.06,0.0,0.0,0.46,0.0,0.0,0.5,-0.1,0.0 (cmd 0.0),0.0 (cmd 0.0)
0.5038,-0.02,0.0,0.0,0.42,0.0,0.0,0.4,-0.0,0.0 (cmd 0.0),0.0 (cmd 0.0)
0.5043,-0.04,0.0,0.0,0.37,0.0,0.0,0.4,-0.0,0.0 (cmd 0.0),0.0 (cmd 0.0)
0.5047999999999999,-0.08,0.0,0.0,0.35,0.0,0.0,0.3,-0.1,0.0 (cmd 0.0),0.0 (cmd 0.0)
0.5053,-0.06,0.0,0.0,0.38,0.0,0.0,0.4,-0.1,0.0 (cmd 0.0),0.0 (cmd 0.0)
0.5057999999999999,-0.05,0.0,0.0,0.39,0.0,0.0,0.4,-0.1,0.0 (cmd 0.0),0.0 (cmd 0.0)
0.5063,-0.06,0.0,0.0,0.35,0.0,0.0,0.3,-0.1,0.0 (cmd 0.0),0.0 (cmd 0.0)
0.5068,-0.09,0.0,0.0,0.37,0.0,0.0,0.4,-0.1,0.0 (cmd 0.0),0.0 (cmd 0.0)
0.5073,-0.1,0.0,0.0,0.4,0.0,0.0,0.4,-0.1,0.0 (cmd 0.0),0.0 (cmd 0.0)
0.5078,-0.08,0.0,0.0,0.45,0.0,0.0,0.5,-0.1,0.0 (cmd 0.0),0.0 (cmd 0.0)
0.5083,-0.08,0.0,0.0,0.49,0.0,0.0,0.5,-0.1,0.0 (cmd 0.0),0.0 (cmd 0.0)
0.5088,-0.09,0.0,0.0,0.48,0.0,0.0,0.5,-0.1,0.0 (cmd 0.0),0.0 (cmd 0.0)
0.5093,-0.09,0.0,0.0,0.51,0.0,0.0,0.5,-0.1,0.0 (cmd 0.0),0.0 (cmd 0.0)
0.5097999999999999,-0.11,0.0,0.0,0.53,0.0,0.0,0.5,-0.1,0.0 (cmd 0.0),0.0 (cmd 0.0)
0.5103,-0.14,0.0,0.0,0.51,0.0,0.0,0.5,-0.1,0.0 (cmd 0.0),0.0 (cmd 0.0)
0.5107999999999999,-0.14,0.0,0.0,0.51,0.0,0.0,0.5,-0.1,0.0 (cmd 0.0),0.0 (cmd 0.0)
0.5113,-0.14,0.0,0.0,0.5,0.0,0.0,0.5,-0.1,0.0 (cmd 0.0),0.0 (cmd 0.0)
0.5118,-0.13,0.0,0.0,0.48,0.0,0.0,0.5,-0.1,0.0 (cmd 0.0),0.0 (cmd 0.0)
0.5123,-0.12,0.0,0.0,0.49,0.0,0.0,0.5,-0.1,0.0 (cmd 0.0),0.0 (cmd 0.0)
0.5127999999999999,-0.13,0.0,0.0,0.49,0.0,0.0,0.5,-0.1,0.0 (cmd 0.0),0.0 (cmd 0.0)
0.5133,-0.13,0.0,0.0,0.48,0.0,0.0,0.5,-0.1,0.0 (cmd 0.0),0.0 (cmd 0.0)
0.5138,-0.14,0.0,0.0,0.48,0.0,0.0,0.5,-0.1,0.0 (cmd 0.0),0.0 (cmd 0.0)
0.5143,-0.14,0.0,0.0,0.46,0.0,0.0,0.5,-0.1,0.0 (cmd 0.0),0.0 (cmd 0.0)
0.5147999999999999,-0.14,0.0,0.0,0.43,0.0,0.0,0.4,-0.1,0.0 (cmd 0.0),0.0 (cmd 0.0)
0.5153,-0.15,0.0,0.0,0.39,0.0,0.0,0.4,-0.1,0.0 (cmd 0.0),0.0 (cmd 0.0)
0.5157999999999999,-0.15,0.0,0.0,0.37,0.0,0.0,0.4,-0.1,0.0 (cmd 0.0),0.0 (cmd 0.0)
0.5163000000000001,-0.15,0.0,0.0,0.35,0.0,0.0,0.3,-0.1,0.0 (cmd 0.0),0.0 (cmd 0.0)
0.5167999999999999,-0.14,0.0,0.0,0.36,0.0,0.0,0.4,-0.1,0.0 (cmd 0.0),0.0 (cmd 0.0)
0.5173,-0.15,0.0,0.0,0.33,0.0,0.0,0.3,-0.1,0.0 (cmd 0.0),0.0 (cmd 0.0)
0.5177999999999999,-0.16,0.0,0.0,0.32,0.0,0.0,0.3,-0.2,0.0 (cmd 0.0),0.0 (cmd 0.0)
0.5183,-0.16,0.0,0.0,0.31,0.0,0.0,0.3,-0.2,0.0 (cmd 0.0),0.0 (cmd 0.0)
0.5188,-0.15,0.0,0.0,0.28,0.0,0.0,0.3,-0.1,0.0 (cmd 0.0),0.0 (cmd 0.0)
0.5193,-0.15,0.0,0.0,0.3,0.0,0.0,0.3,-0.1,0.0 (cmd 0.0),0.0 (cmd 0.0)
0.5197999999999999,-0.16,0.0,0.0,0.31,0.0,0.0,0.3,-0.2,0.0 (cmd 0.0),0.0 (cmd 0.0)
0.5203,-0.16,0.0,0.0,0.3,0.0,0.0,0.3,-0.2,0.0 (cmd 0.0),0.0 (cmd 0.0)
0.5213000000000001,-0.16,0.0,0.0,0.29,0.0,0.0,0.3,-0.2,0.0 (cmd 0.0),0.0 (cmd 0.0)
0.5226000000000001,-0.13,0.0,0.0,0.29,0.0,0.0,0.3,-0.1,0.0 (cmd 0.0),0.0 (cmd 0.0)
0.5231,-0.11,0.0,0.0,0.26,0.0,0.0,0.3,-0.1,0.0 (cmd 0.0),0.0 (cmd 0.0)
0.524,-0.1,0.0,0.0,0.26,0.0,0.0,0.3,-0.1,0.0 (cmd 0.0),0.0 (cmd 0.0)
0.5245,-0.1,0.0,0.0,0.27,0.0,0.0,0.3,-0.1,0.0 (cmd 0.0),0.0 (cmd 0.0)
0.5259000000000001,-0.08,0.0,0.0,0.26,0.0,0.0,0.3,-0.1,0.0 (cmd 0.0),0.0 (cmd 0.0)
0.5301,-0.14,0.0,0.0,0.17,0.0,0.0,0.2,-0.1,0.0 (cmd 0.0),0.0 (cmd 0.0)
0.5306000000000001,-0.34,0.0,0.0,-0.18,0.0,0.0,-0.2,-0.3,0.0 (cmd 0.0),0.0 (cmd 0.0)
0.5311999999999999,-0.46,0.0,0.0,-0.49,0.0,0.0,-0.5,-0.5,0.0 (cmd 0.0),0.0 (cmd 0.0)
0.5317000000000001,-0.52,0.0,0.0,-0.94,0.0,0.0,-0.9,-0.5,0.0 (cmd 0.0),0.0 (cmd 0.0)
0.5323,-0.64,0.0,0.0,-1.37,0.0,0.0,-1.4,-0.6,0.0 (cmd 0.0),0.0 (cmd 0.0)
0.5327999999999999,-0.81,0.0,0.0,-1.75,0.0,0.0,-1.8,-0.8,0.0 (cmd 0.0),0.0 (cmd 0.0)
0.5334000000000001,-0.95,0.0,0.0,-2.26,0.0,0.0,-2.3,-0.9,0.0 (cmd 0.0),0.0 (cmd 0.0)
0.5338999999999999,-1.2,0.0,0.0,-2.49,0.0,0.0,-2.5,-1.2,0.0 (cmd 0.0),0.0 (cmd 0.0)
0.5345,-1.31,0.0,0.0,-2.61,0.0,0.0,-2.6,-1.3,0.0 (cmd 0.0),0.0 (cmd 0.0)
0.535,-1.57,0.0,0.0,-2.73,0.0,0.0,-2.7,-1.6,0.0 (cmd 0.0),0.0 (cmd 0.0)
0.5355,-1.68,0.0,0.0,-2.82,0.0,0.0,-2.8,-1.7,0.0 (cmd 0.0),0.0 (cmd 0.0)
0.536,-1.82,0.0,0.0,-3.02,0.0,0.0,-3.0,-1.8,0.0 (cmd 0.0),0.0 (cmd 0.0)
0.5365,-1.82,0.0,0.0,-3.22,0.0,0.0,-3.2,-1.8,0.0 (cmd 0.0),0.0 (cmd 0.0)
0.537,-1.81,0.0,0.0,-3.34,0.0,0.0,-3.3,-1.8,0.0 (cmd 0.0),0.0 (cmd 0.0)
0.5376000000000001,-1.85,0.0,0.0,-3.5,0.0,0.0,-3.5,-1.9,0.0 (cmd 0.0),0.0 (cmd 0.0)
0.5381,-1.87,0.0,0.0,-3.63,0.0,0.0,-3.6,-1.9,0.0 (cmd 0.0),0.0 (cmd 0.0)
0.5386,-1.85,0.0,0.0,-3.66,0.0,0.0,-3.7,-1.9,0.0 (cmd 0.0),0.0 (cmd 0.0)
0.5390999999999999,-1.81,0.0,0.0,-3.63,0.0,0.0,-3.6,-1.8,0.0 (cmd 0.0),0.0 (cmd 0.0)
0.5396,-1.82,0.0,0.0,-3.57,0.0,0.0,-3.6,-1.8,0.0 (cmd 0.0),0.0 (cmd 0.0)
0.5401,-1.85,0.0,0.0,-3.56,0.0,0.0,-3.6,-1.9,0.0 (cmd 0.0),0.0 (cmd 0.0)
0.5406,-1.83,0.0,0.0,-3.55,0.0,0.0,-3.5,-1.8,0.0 (cmd 0.0),0.0 (cmd 0.0)
0.5411,-1.85,0.0,0.0,-3.52,0.0,0.0,-3.5,-1.9,0.0 (cmd 0.0),0.0 (cmd 0.0)
0.5415999999999999,-1.88,0.0,0.0,-3.52,0.0,0.0,-3.5,-1.9,0.0 (cmd 0.0),0.0 (cmd 0.0)
0.5421,-1.88,0.0,0.0,-3.51,0.0,0.0,-3.5,-1.9,0.0 (cmd 0.0),0.0 (cmd 0.0)
0.5426,-1.89,0.0,0.0,-3.47,0.0,0.0,-3.5,-1.9,0.0 (cmd 0.0),0.0 (cmd 0.0)
0.5431,-1.83,0.0,0.0,-3.49,0.0,0.0,-3.5,-1.8,0.0 (cmd 0.0),0.0 (cmd 0.0)
0.5436,-1.83,0.0,0.0,-3.52,0.0,0.0,-3.5,-1.8,0.0 (cmd 0.0),0.0 (cmd 0.0)
0.5440999999999999,-1.84,0.0,0.0,-3.54,0.0,0.0,-3.5,-1.8,0.0 (cmd 0.0),0.0 (cmd 0.0)
0.5446,-1.81,0.0,0.0,-3.52,0.0,0.0,-3.5,-1.8,0.0 (cmd 0.0),0.0 (cmd 0.0)
0.5451,-1.7,0.0,0.0,-3.5,0.0,0.0,-3.5,-1.7,0.0 (cmd 0.0),0.0 (cmd 0.0)
0.5456,-1.7,0.0,0.0,-3.47,0.0,0.0,-3.5,-1.7,0.0 (cmd 0.0),0.0 (cmd 0.0)
0.5461,-1.73,0.0,0.0,-3.46,0.0,0.0,-3.5,-1.7,0.0 (cmd 0.0),0.0 (cmd 0.0)
0.5465999999999999,-1.72,0.0,0.0,-3.44,0.0,0.0,-3.4,-1.7,0.0 (cmd 0.0),0.0 (cmd 0.0)
0.5471,-1.69,0.0,0.0,-3.41,0.0,0.0,-3.4,-1.7,0.0 (cmd 0.0),0.0 (cmd 0.0)
0.5476,-1.62,0.0,0.0,-3.34,0.0,0.0,-3.3,-1.6,0.0 (cmd 0.0),0.0 (cmd 0.0)
0.5481,-1.55,0.0,0.0,-3.23,0.0,0.0,-3.2,-1.6,0.0 (cmd 0.0),0.0 (cmd 0.0)
0.5486,-1.38,0.0,0.0,-3.1,0.0,0.0,-3.1,-1.4,0.0 (cmd 0.0),0.0 (cmd 0.0)
0.5490999999999999,-1.26,0.0,0.0,-2.97,0.0,0.0,-3.0,-1.3,0.0 (cmd 0.0),0.0 (cmd 0.0)
0.5496,-1.22,0.0,0.0,-2.9,0.0,0.0,-2.9,-1.2,0.0 (cmd 0.0),0.0 (cmd 0.0)
0.5501,-1.22,0.0,0.0,-2.91,0.0,0.0,-2.9,-1.2,0.0 (cmd 0.0),0.0 (cmd 0.0)
0.5506,-1.26,0.0,0.0,-2.89,0.0,0.0,-2.9,-1.3,0.0 (cmd 0.0),0.0 (cmd 0.0)
0.5511,-1.26,0.0,0.0,-2.84,0.0,0.0,-2.8,-1.3,0.0 (cmd 0.0),0.0 (cmd 0.0)
0.5515999999999999,-1.25,0.0,0.0,-2.83,0.0,0.0,-2.8,-1.2,0.0 (cmd 0.0),0.0 (cmd 0.0)
0.5521,-1.23,0.0,0.0,-2.85,0.0,0.0,-2.9,-1.2,0.0 (cmd 0.0),0.0 (cmd 0.0)
0.5526,-1.23,0.0,0.0,-2.85,0.0,0.0,-2.9,-1.2,0.0 (cmd 0.0),0.0 (cmd 0.0)
0.5531,-1.25,-0.1,0.0,-2.85,0.02,0.0,-2.9,-1.2,0.0 (cmd -0.1),0.0 (cmd 0.0)
0.5536,-1.3,-0.1,0.0,-2.88,0.02,0.0,-2.9,-1.3,0.0 (cmd -0.1),0.0 (cmd 0.0)
0.5540999999999999,-1.26,-0.1,0.0,-2.93,0.02,0.0,-2.9,-1.3,0.0 (cmd -0.1),0.0 (cmd 0.0)
0.5546,-1.18,-0.1,0.0,-3.02,0.02,0.0,-3.0,-1.2,0.0 (cmd -0.1),0.0 (cmd 0.0)
0.5551,-1.21,-0.1,0.0,-3.1,0.01,0.0,-3.1,-1.2,0.0 (cmd -0.1),0.0 (cmd 0.0)
0.5556,-1.23,-0.1,0.0,-3.15,0.01,0.0,-3.1,-1.2,0.0 (cmd -0.1),0.0 (cmd 0.0)
0.5561,-1.23,-0.1,0.0,-3.07,0.02,0.0,-3.1,-1.2,0.0 (cmd -0.1),0.0 (cmd 0.0)
0.5565999999999999,-1.24,-0.1,0.0,-2.97,0.02,0.0,-3.0,-1.2,0.0 (cmd -0.1),0.0 (cmd 0.0)
0.5571,-1.25,-0.1,0.0,-2.94,0.02,0.0,-2.9,-1.2,0.0 (cmd -0.1),0.0 (cmd 0.0)
0.5576,-1.28,-0.1,0.0,-3.04,0.02,0.0,-3.0,-1.3,0.0 (cmd -0.1),0.0 (cmd 0.0)
0.5581,-1.32,-0.1,0.0,-3.27,0.02,0.0,-3.3,-1.3,0.0 (cmd -0.1),0.0 (cmd 0.0)
0.5586,-1.33,-0.1,0.0,-3.4,0.02,0.0,-3.4,-1.3,0.0 (cmd -0.1),0.0 (cmd 0.0)
0.5590999999999999,-1.35,-0.1,0.0,-3.64,0.01,0.0,-3.6,-1.4,0.0 (cmd -0.1),0.0 (cmd 0.0)
0.5596,-1.42,-0.1,0.0,-3.75,0.01,0.0,-3.8,-1.4,0.0 (cmd -0.1),0.0 (cmd 0.0)
0.5601,-1.75,-0.09,0.0,-3.74,0.02,0.0,-3.7,-1.8,0.0 (cmd -0.1),0.0 (cmd 0.0)
0.5606,-2.15,-0.08,0.0,-3.96,0.02,0.0,-4.0,-2.1,0.0 (cmd -0.1),0.0 (cmd 0.0)
0.5611,-2.82,-0.07,0.0,-4.7,0.02,0.0,-4.7,-2.8,0.0 (cmd -0.1),0.0 (cmd 0.0)
0.5615999999999999,-3.43,-0.07,0.0,-5.7,0.02,0.0,-5.7,-3.4,0.0 (cmd -0.1),0.0 (cmd 0.0)
0.5621,-3.83,-0.07,0.0,-6.68,0.02,0.0,-6.7,-3.8,0.0 (cmd -0.1),0.0 (cmd 0.0)
0.5626,-4.48,-0.07,0.0,-7.91,0.02,0.0,-7.9,-4.5,0.0 (cmd -0.1),0.0 (cmd 0.0)
0.5631,-4.94,-0.08,0.0,-8.47,0.02,0.0,-8.5,-4.9,0.0 (cmd -0.1),0.0 (cmd 0.0)
0.5636,-5.19,-0.08,0.0,-8.95,0.02,0.0,-8.9,-5.2,0.0 (cmd -0.1),0.0 (cmd 0.0)
0.5640999999999999,-5.43,-0.08,0.0,-9.41,0.02,0.0,-9.4,-5.4,0.0 (cmd -0.1),0.0 (cmd 0.0)
0.5646,-5.85,-0.08,0.0,-9.7,0.03,0.0,-9.7,-5.8,0.0 (cmd -0.1),0.0 (cmd 0.0)
0.5651,-6.03,-0.08,0.0,-9.9,0.03,0.0,-9.9,-6.0,0.0 (cmd -0.1),0.0 (cmd 0.0)
0.5656,-6.31,-0.09,0.0,-10.04,0.03,0.0,-10.0,-6.3,0.0 (cmd -0.1),0.0 (cmd 0.0)
0.5661,-6.54,-0.09,0.0,-10.19,0.03,0.0,-10.2,-6.5,0.0 (cmd -0.1),0.0 (cmd 0.0)
0.5665999999999999,-6.84,-0.09,0.0,-10.4,0.04,0.0,-10.4,-6.8,0.0 (cmd -0.1),0.0 (cmd 0.0)
0.5671,-7.13,-0.09,0.0,-10.59,0.04,0.0,-10.6,-7.1,0.0 (cmd -0.1),0.0 (cmd 0.0)
0.5676,-7.25,-0.09,0.0,-10.78,0.04,0.0,-10.8,-7.2,0.0 (cmd -0.1),0.0 (cmd 0.0)
0.5681,-7.37,-0.09,0.0,-10.97,0.04,0.0,-11.0,-7.4,0.0 (cmd -0.1),0.0 (cmd 0.0)
0.5686,-7.23,-0.1,0.0,-10.95,0.04,0.0,-10.9,-7.2,0.0 (cmd -0.1),0.0 (cmd 0.0)
0.5690999999999999,-7.11,-0.11,0.0,-10.79,0.04,0.0,-10.8,-7.1,0.0 (cmd -0.1),0.0 (cmd 0.0)
0.5696,-6.88,-0.11,0.0,-10.46,0.04,0.0,-10.5,-6.9,0.0 (cmd -0.1),0.0 (cmd 0.0)
0.5701,-6.63,-0.12,0.0,-10.2,0.04,0.0,-10.2,-6.6,0.0 (cmd -0.1),0.0 (cmd 0.0)
0.5706,-6.55,-0.12,0.0,-9.91,0.04,0.0,-9.9,-6.5,0.0 (cmd -0.1),0.0 (cmd 0.0)
0.5711,-6.74,-0.12,0.0,-9.63,0.04,0.0,-9.6,-6.7,0.0 (cmd -0.1),0.0 (cmd 0.0)
0.5715999999999999,-7.72,-0.1,0.0,-10.05,0.04,0.0,-10.1,-7.7,0.0 (cmd -0.1),0.0 (cmd 0.0)
0.5721,-8.58,-0.09,0.0,-10.66,0.04,0.0,-10.7,-8.6,0.0 (cmd -0.1),0.0 (cmd 0.0)
0.5726,-9.46,-0.07,0.0,-11.18,0.04,0.0,-11.2,-9.5,0.0 (cmd -0.1),0.0 (cmd 0.0)
0.5731,-10.17,-0.06,0.0,-12.16,0.05,0.0,-12.2,-10.2,0.0 (cmd -0.1),0.0 (cmd 0.1)
0.5736,-10.51,-0.06,0.0,-12.72,0.04,0.0,-12.7,-10.5,0.0 (cmd -0.1),0.0 (cmd 0.0)
0.5740999999999999,-10.74,-0.07,0.0,-13.06,0.04,0.0,-13.1,-10.7,0.0 (cmd -0.1),0.0 (cmd 0.0)
0.5746,-10.76,-0.08,0.0,-13.27,0.04,0.0,-13.3,-10.8,0.0 (cmd -0.1),0.0 (cmd 0.0)
0.5751000000000001,-10.02,-0.1,0.0,-13.26,0.04,0.0,-13.3,-10.0,0.0 (cmd -0.1),0.0 (cmd 0.0)
0.5756,-9.28,-0.12,0.0,-13.03,0.04,0.0,-13.0,-9.3,0.0 (cmd -0.1),0.0 (cmd 0.0)
0.5761000000000001,-8.04,-0.15,0.0,-12.67,0.04,0.0,-12.7,-8.0,0.0 (cmd -0.1),0.0 (cmd 0.0)
0.5765999999999999,-7.25,-0.15,0.0,-12.16,0.04,0.0,-12.2,-7.2,0.0 (cmd -0.1),0.0 (cmd 0.0)
0.5771000000000001,-6.73,-0.15,0.0,-11.63,0.04,0.0,-11.6,-6.7,0.0 (cmd -0.1),0.0 (cmd 0.0)
0.5776,-6.4,-0.15,0.0,-11.25,0.04,0.0,-11.2,-6.4,0.0 (cmd -0.1),0.0 (cmd 0.0)
0.5781000000000001,-6.15,-0.15,0.0,-10.83,0.04,0.0,-10.8,-6.2,0.0 (cmd -0.1),0.0 (cmd 0.0)
0.5786,-5.72,-0.15,0.0,-10.3,0.04,0.0,-10.3,-5.7,0.0 (cmd -0.1),0.0 (cmd 0.0)
0.5791,-5.34,-0.15,0.0,-9.72,0.04,0.0,-9.7,-5.3,0.0 (cmd -0.1),0.0 (cmd 0.0)
0.5796,-4.92,-0.15,0.0,-9.29,0.04,0.0,-9.3,-4.9,0.0 (cmd -0.1),0.0 (cmd 0.0)
0.5801000000000001,-4.51,-0.15,0.0,-8.64,0.04,0.0,-8.6,-4.5,0.0 (cmd -0.1),0.0 (cmd 0.0)
0.5806,-4.25,-0.15,0.0,-8.33,0.04,0.0,-8.3,-4.2,0.0 (cmd -0.1),0.0 (cmd 0.0)
0.5811000000000001,-3.94,-0.15,0.0,-8.15,0.04,0.0,-8.2,-3.9,0.0 (cmd -0.1),0.0 (cmd 0.0)
0.5815999999999999,-3.77,-0.15,0.0,-7.98,0.04,0.0,-8.0,-3.8,0.0 (cmd -0.1),0.0 (cmd 0.0)
0.5821000000000001,-3.49,-0.14,0.0,-7.67,0.04,0.0,-7.7,-3.5,0.0 (cmd -0.1),0.0 (cmd 0.0)
0.5826,-3.33,-0.14,0.0,-7.47,0.04,0.0,-7.5,-3.3,0.0 (cmd -0.1),0.0 (cmd 0.0)
0.5831000000000001,-3.23,-0.14,0.0,-7.36,0.03,0.0,-7.4,-3.2,0.0 (cmd -0.1),0.0 (cmd 0.0)
0.5836,-3.19,-0.13,0.0,-7.18,0.03,0.0,-7.2,-3.2,0.0 (cmd -0.1),0.0 (cmd 0.0)
0.5841,-3.19,-0.13,0.0,-7.05,0.03,0.0,-7.0,-3.2,0.0 (cmd -0.1),0.0 (cmd 0.0)
0.5846,-3.25,-0.12,0.0,-7.0,0.03,0.0,-7.0,-3.2,0.0 (cmd -0.1),0.0 (cmd 0.0)
0.5851000000000001,-3.33,-0.12,0.0,-6.98,0.03,0.0,-7.0,-3.3,0.0 (cmd -0.1),0.0 (cmd 0.0)
0.5856,-3.51,-0.11,0.0,-6.92,0.03,0.0,-6.9,-3.5,0.0 (cmd -0.1),0.0 (cmd 0.0)
0.5861000000000001,-3.64,-0.11,0.0,-6.91,0.03,0.0,-6.9,-3.6,0.0 (cmd -0.1),0.0 (cmd 0.0)
0.5865999999999999,-3.7,-0.1,0.0,-6.9,0.03,0.0,-6.9,-3.7,0.0 (cmd -0.1),0.0 (cmd 0.0)
0.5871000000000001,-3.8,-0.1,0.0,-6.9,0.03,0.0,-6.9,-3.8,0.0 (cmd -0.1),0.0 (cmd 0.0)
0.5876,-3.86,-0.1,0.0,-6.92,0.03,0.0,-6.9,-3.9,0.0 (cmd -0.1),0.0 (cmd 0.0)
0.5881000000000001,-3.86,-0.1,0.0,-6.94,0.03,0.0,-6.9,-3.9,0.0 (cmd -0.1),0.0 (cmd 0.0)
0.5886,-3.83,-0.1,0.0,-6.89,0.03,0.0,-6.9,-3.8,0.0 (cmd -0.1),0.0 (cmd 0.0)
0.5891,-3.81,-0.11,0.0,-6.84,0.03,0.0,-6.8,-3.8,0.0 (cmd -0.1),0.0 (cmd 0.0)
0.5896,-3.8,-0.11,0.0,-6.8,0.03,0.0,-6.8,-3.8,0.0 (cmd -0.1),0.0 (cmd 0.0)
0.5901000000000001,-3.81,-0.11,0.0,-6.79,0.03,0.0,-6.8,-3.8,0.0 (cmd -0.1),0.0 (cmd 0.0)
0.5906,-3.81,-0.11,0.0,-6.76,0.03,0.0,-6.8,-3.8,0.0 (cmd -0.1),0.0 (cmd 0.0)
0.5911000000000001,-3.81,-0.11,0.0,-6.77,0.03,0.0,-6.8,-3.8,0.0 (cmd -0.1),0.0 (cmd 0.0)
0.5915999999999999,-3.78,-0.11,0.0,-6.78,0.03,0.0,-6.8,-3.8,0.0 (cmd -0.1),0.0 (cmd 0.0)
0.5921000000000001,-3.79,-0.11,0.0,-6.78,0.03,0.0,-6.8,-3.8,0.0 (cmd -0.1),0.0 (cmd 0.0)
0.5926,-3.77,-0.11,0.0,-6.77,0.03,0.0,-6.8,-3.8,0.0 (cmd -0.1),0.0 (cmd 0.0)
0.5931000000000001,-3.76,-0.11,0.0,-6.75,0.03,0.0,-6.8,-3.8,0.0 (cmd -0.1),0.0 (cmd 0.0)
0.5936,-3.76,-0.11,0.0,-6.74,0.03,0.0,-6.7,-3.8,0.0 (cmd -0.1),0.0 (cmd 0.0)
0.5941,-3.77,-0.11,0.0,-6.74,0.03,0.0,-6.7,-3.8,0.0 (cmd -0.1),0.0 (cmd 0.0)
0.5946,-3.79,-0.11,0.0,-6.76,0.03,0.0,-6.8,-3.8,0.0 (cmd -0.1),0.0 (cmd 0.0)
0.5951000000000001,-3.77,-0.11,0.0,-6.75,0.03,0.0,-6.8,-3.8,0.0 (cmd -0.1),0.0 (cmd 0.0)
0.5956,-3.75,-0.11,0.0,-6.73,0.03,0.0,-6.7,-3.8,0.0 (cmd -0.1),0.0 (cmd 0.0)
0.5961000000000001,-3.71,-0.11,0.0,-6.7,0.03,0.0,-6.7,-3.7,0.0 (cmd -0.1),0.0 (cmd 0.0)
0.5965999999999999,-3.7,-0.11,0.0,-6.72,0.03,0.0,-6.7,-3.7,0.0 (cmd -0.1),0.0 (cmd 0.0)
0.5971000000000001,-3.71,-0.11,0.0,-6.7,0.03,0.0,-6.7,-3.7,0.0 (cmd -0.1),0.0 (cmd 0.0)
0.5976,-3.72,-0.11,0.0,-6.7,0.03,0.0,-6.7,-3.7,0.0 (cmd -0.1),0.0 (cmd 0.0)
0.5981000000000001,-3.7,-0.11,0.0,-6.69,0.03,0.0,-6.7,-3.7,0.0 (cmd -0.1),0.0 (cmd 0.0)
0.5986,-3.7,-0.11,0.0,-6.69,0.03,0.0,-6.7,-3.7,0.0 (cmd -0.1),0.0 (cmd 0.0)
0.5990999999999999,-3.68,-0.11,0.0,-6.67,0.03,0.0,-6.7,-3.7,0.0 (cmd -0.1),0.0 (cmd 0.0)
0.5996,-3.64,-0.11,0.0,-6.66,0.03,0.0,-6.7,-3.6,0.0 (cmd -0.1),0.0 (cmd 0.0)
0.6001000000000001,-3.63,-0.11,0.0,-6.67,0.03,0.0,-6.7,-3.6,0.0 (cmd -0.1),0.0 (cmd 0.0)
0.6006,-3.64,-0.11,0.0,-6.66,0.03,0.0,-6.7,-3.6,0.0 (cmd -0.1),0.0 (cmd 0.0)
0.6011,-3.61,-0.11,0.0,-6.63,0.03,0.0,-6.6,-3.6,0.0 (cmd -0.1),0.0 (cmd 0.0)
0.6015999999999999,-3.61,-0.11,0.0,-6.65,0.03,0.0,-6.7,-3.6,0.0 (cmd -0.1),0.0 (cmd 0.0)
0.6021,-3.64,-0.11,0.0,-6.67,0.03,0.0,-6.7,-3.6,0.0 (cmd -0.1),0.0 (cmd 0.0)
0.6026,-3.64,-0.11,0.0,-6.69,0.03,0.0,-6.7,-3.6,0.0 (cmd -0.1),0.0 (cmd 0.0)
0.6031,-3.62,-0.11,0.0,-6.66,0.03,0.0,-6.7,-3.6,0.0 (cmd -0.1),0.0 (cmd 0.0)
0.6036,-3.6,-0.11,0.0,-6.64,0.03,0.0,-6.6,-3.6,0.0 (cmd -0.1),0.0 (cmd 0.0)
0.6040999999999999,-3.62,-0.11,0.0,-6.65,0.03,0.0,-6.7,-3.6,0.0 (cmd -0.1),0.0 (cmd 0.0)
0.6046,-3.64,-0.11,0.0,-6.68,0.03,0.0,-6.7,-3.6,0.0 (cmd -0.1),0.0 (cmd 0.0)
0.6051,-3.64,-0.11,0.0,-6.69,0.03,0.0,-6.7,-3.6,0.0 (cmd -0.1),0.0 (cmd 0.0)
0.6056,-3.63,-0.11,0.0,-6.67,0.03,0.0,-6.7,-3.6,0.0 (cmd -0.1),0.0 (cmd 0.0)
0.6061,-3.64,-0.11,0.0,-6.66,0.03,0.0,-6.7,-3.6,0.0 (cmd -0.1),0.0 (cmd 0.0)
0.6065999999999999,-3.64,-0.11,0.0,-6.66,0.03,0.0,-6.7,-3.6,0.0 (cmd -0.1),0.0 (cmd 0.0)
0.6071,-3.64,-0.11,0.0,-6.67,0.03,0.0,-6.7,-3.6,0.0 (cmd -0.1),0.0 (cmd 0.0)
0.6076,-3.64,-0.11,0.0,-6.67,0.03,0.0,-6.7,-3.6,0.0 (cmd -0.1),0.0 (cmd 0.0)
0.6081,-3.61,-0.11,0.0,-6.66,0.03,0.0,-6.7,-3.6,0.0 (cmd -0.1),0.0 (cmd 0.0)
0.6086,-3.56,-0.11,0.0,-6.67,0.03,0.0,-6.7,-3.6,0.0 (cmd -0.1),0.0 (cmd 0.0)
0.6090999999999999,-3.56,-0.11,0.0,-6.68,0.03,0.0,-6.7,-3.6,0.0 (cmd -0.1),0.0 (cmd 0.0)
0.6096,-3.57,-0.11,0.0,-6.67,0.03,0.0,-6.7,-3.6,0.0 (cmd -0.1),0.0 (cmd 0.0)
0.6101,-3.55,-0.11,0.0,-6.65,0.03,0.0,-6.7,-3.5,0.0 (cmd -0.1),0.0 (cmd 0.0)
0.6106,-3.55,-0.11,0.0,-6.68,0.03,0.0,-6.7,-3.5,0.0 (cmd -0.1),0.0 (cmd 0.0)
0.6111,-3.59,-0.11,0.0,-6.7,0.03,0.0,-6.7,-3.6,0.0 (cmd -0.1),0.0 (cmd 0.0)
0.6115999999999999,-3.68,-0.11,0.0,-6.83,0.03,0.0,-6.8,-3.7,0.0 (cmd -0.1),0.0 (cmd 0.0)
0.6121,-3.82,-0.11,0.0,-7.05,0.03,0.0,-7.0,-3.8,0.0 (cmd -0.1),0.0 (cmd 0.0)
0.6126,-4.25,-0.1,0.0,-7.48,0.03,0.0,-7.5,-4.2,0.0 (cmd -0.1),0.0 (cmd 0.0)
0.6131,-4.72,-0.09,0.0,-7.95,0.03,0.0,-8.0,-4.7,0.0 (cmd -0.1),0.0 (cmd 0.0)
0.6136,-5.93,-0.08,0.0,-9.08,0.03,0.0,-9.1,-5.9,0.0 (cmd -0.1),0.0 (cmd 0.0)
0.6140999999999999,-7.33,-0.07,0.0,-10.71,0.03,0.0,-10.7,-7.3,0.0 (cmd -0.1),0.0 (cmd 0.0)
0.6146,-8.65,-0.07,0.0,-11.6,0.03,0.0,-11.6,-8.7,0.0 (cmd -0.1),0.0 (cmd 0.0)
0.6151,-9.74,-0.03,0.0,-11.0,0.04,0.0,-11.0,-9.7,0.0 (cmd -0.0),0.0 (cmd 0.0)
0.6156,-10.25,-0.02,0.0,-10.72,0.05,0.0,-10.7,-10.2,0.0 (cmd -0.0),0.0 (cmd 0.1)
0.6161,-10.62,-0.03,0.0,-11.07,0.05,0.0,-11.1,-10.6,0.0 (cmd -0.0),0.0 (cmd 0.1)
0.6165999999999999,-11.13,-0.04,0.0,-11.56,0.05,0.0,-11.6,-11.1,0.0 (cmd -0.0),0.0 (cmd 0.1)
0.6171,-11.8,-0.04,0.0,-12.92,0.04,0.0,-12.9,-11.8,0.0 (cmd -0.0),0.0 (cmd 0.0)
0.6176,-12.58,-0.05,0.0,-14.32,0.04,0.0,-14.3,-12.6,0.0 (cmd -0.1),0.0 (cmd 0.0)
0.6181,-12.93,-0.06,0.0,-15.02,0.04,0.0,-15.0,-12.9,0.0 (cmd -0.1),0.0 (cmd 0.0)
0.6186,-12.97,-0.07,0.0,-15.39,0.04,0.0,-15.4,-13.0,0.0 (cmd -0.1),0.0 (cmd 0.0)
0.6190999999999999,-12.68,-0.08,0.0,-15.15,0.04,0.0,-15.2,-12.7,0.0 (cmd -0.1),0.0 (cmd 0.0)
0.6196,-12.24,-0.1,0.0,-14.54,0.04,0.0,-14.5,-12.2,0.0 (cmd -0.1),0.0 (cmd 0.0)
0.6201,-11.58,-0.12,0.0,-13.71,0.05,0.0,-13.7,-11.6,0.0 (cmd -0.1),0.0 (cmd 0.1)
0.6206,-11.08,-0.12,0.0,-12.1,0.05,0.0,-12.1,-11.1,0.0 (cmd -0.1),0.0 (cmd 0.1)
0.6211,-10.69,-0.12,0.0,-10.83,0.05,0.0,-10.8,-10.7,0.0 (cmd -0.1),0.0 (cmd 0.1)
0.6215999999999999,-9.51,-0.13,0.0,-10.23,0.05,0.0,-10.2,-9.5,0.0 (cmd -0.1),0.0 (cmd 0.1)
0.6221,-6.24,-0.15,0.0,-10.91,0.04,0.0,-10.9,-6.2,0.0 (cmd -0.1),0.0 (cmd 0.0)
0.6226,-2.03,-0.15,0.0,-13.75,0.01,0.0,-13.8,-2.0,0.0 (cmd -0.1),0.0 (cmd 0.0)
0.6231,-1.67,-0.15,0.0,-20.14,-0.01,0.0,-20.1,-1.7,0.0 (cmd -0.1),0.0 (cmd -0.0)
0.6236,-1.71,-0.15,0.0,-26.86,-0.04,0.0,-26.9,-1.7,0.0 (cmd -0.1),0.0 (cmd -0.0)
0.6240999999999999,0.0,-0.15,0.0,-37.62,-0.12,0.0,-37.6,0.0,0.0 (cmd -0.1),0.0 (cmd -0.1)
0.6246,1.14,-0.15,0.0,-46.2,-0.15,0.0,-46.2,1.1,0.0 (cmd -0.1),0.0 (cmd -0.1)
0.6251,0.92,-0.15,0.0,-52.2,-0.15,0.0,-52.2,0.9,0.0 (cmd -0.1),0.0 (cmd -0.1)
0.6256,0.13,-0.15,0.0,-55.31,-0.15,0.0,-55.3,0.1,0.0 (cmd -0.1),0.0 (cmd -0.1)
0.6261,-0.28,-0.15,0.0,-54.62,-0.14,0.0,-54.6,-0.3,0.0 (cmd -0.1),0.0 (cmd -0.1)
0.6265999999999999,-0.12,-0.15,0.0,-49.97,-0.03,0.0,-50.0,-0.1,0.0 (cmd -0.1),0.0 (cmd -0.0)
0.6271,0.33,-0.15,0.0,-43.46,0.09,0.0,-43.5,0.3,0.0 (cmd -0.1),0.0 (cmd 0.1)
0.6276,0.47,-0.15,0.0,-31.53,0.13,0.0,-31.5,0.5,0.0 (cmd -0.1),0.0 (cmd 0.1)
0.6281,-1.28,-0.15,0.0,-20.93,0.15,0.0,-20.9,-1.3,0.0 (cmd -0.1),0.0 (cmd 0.1)
0.6286,-3.39,0.04,0.0,-13.46,0.15,0.0,-13.5,-3.4,0.0 (cmd 0.0),0.0 (cmd 0.1)
0.6290999999999999,-10.92,0.15,0.0,-4.3,0.15,0.0,-4.3,-10.9,0.0 (cmd 0.1),0.0 (cmd 0.1)
0.6296,-19.36,0.15,0.0,-3.61,0.15,0.0,-3.6,-19.4,0.0 (cmd 0.1),0.0 (cmd 0.1)
0.6301,-31.47,0.15,0.0,-2.63,0.15,0.0,-2.6,-31.5,0.0 (cmd 0.1),0.0 (cmd 0.1)
0.6306,-38.2,0.15,0.0,-1.25,0.15,0.0,-1.2,-38.2,0.0 (cmd 0.1),0.0 (cmd 0.1)
0.6311,-47.26,0.15,0.0,0.14,0.15,0.0,0.1,-47.3,0.0 (cmd 0.1),0.0 (cmd 0.1)
0.6315999999999999,-51.17,0.15,0.0,0.64,0.15,0.0,0.6,-51.2,0.0 (cmd 0.1),0.0 (cmd 0.1)
0.6321,-53.15,0.15,0.0,0.4,0.15,0.0,0.4,-53.1,0.0 (cmd 0.1),0.0 (cmd 0.1)
0.6326,-50.82,0.15,0.0,-0.57,0.13,0.0,-0.6,-50.8,0.0 (cmd 0.1),0.0 (cmd 0.1)
0.6331,-45.06,0.15,0.0,-1.06,0.09,0.0,-1.1,-45.1,0.0 (cmd 0.1),0.0 (cmd 0.1)
0.6336,-36.78,-0.01,0.0,-1.56,0.05,0.0,-1.6,-36.8,0.0 (cmd -0.0),0.0 (cmd 0.1)
0.6340999999999999,-28.59,-0.15,0.0,-2.44,0.03,0.0,-2.4,-28.6,0.0 (cmd -0.1),0.0 (cmd 0.0)
0.6346,-16.33,-0.15,0.0,-5.35,0.01,0.0,-5.3,-16.3,0.0 (cmd -0.1),0.0 (cmd 0.0)
0.6351,-7.21,-0.15,0.0,-9.67,0.0,0.0,-9.7,-7.2,0.0 (cmd -0.1),0.0 (cmd 0.0)
0.6356,-4.76,-0.15,0.0,-13.32,-0.02,0.0,-13.3,-4.8,0.0 (cmd -0.1),0.0 (cmd -0.0)
0.6361,-3.5,-0.15,0.0,-22.96,-0.07,0.0,-23.0,-3.5,0.0 (cmd -0.1),0.0 (cmd -0.1)
0.6365999999999999,-3.24,-0.15,0.0,-30.22,-0.14,0.0,-30.2,-3.2,0.0 (cmd -0.1),0.0 (cmd -0.1)
0.6371,-2.43,-0.15,0.0,-37.2,-0.15,0.0,-37.2,-2.4,0.0 (cmd -0.1),0.0 (cmd -0.1)
0.6376000000000001,-0.97,-0.15,0.0,-41.05,-0.15,0.0,-41.0,-1.0,0.0 (cmd -0.1),0.0 (cmd -0.1)
0.6381,0.17,-0.15,0.0,-44.19,-0.15,0.0,-44.2,0.2,0.0 (cmd -0.1),0.0 (cmd -0.1)
0.6386000000000001,0.07,-0.15,0.0,-44.14,-0.11,0.0,-44.1,0.1,0.0 (cmd -0.1),0.0 (cmd -0.1)
0.6390999999999999,-0.57,-0.15,0.0,-42.84,-0.02,0.0,-42.8,-0.6,0.0 (cmd -0.1),0.0 (cmd -0.0)
0.6396000000000001,-1.19,-0.15,0.0,-35.14,0.06,0.0,-35.1,-1.2,0.0 (cmd -0.1),0.0 (cmd 0.1)
0.6401,-1.64,-0.15,0.0,-27.15,0.1,0.0,-27.1,-1.6,0.0 (cmd -0.1),0.0 (cmd 0.1)
0.6406000000000001,-2.77,-0.15,0.0,-17.84,0.14,0.0,-17.8,-2.8,0.0 (cmd -0.1),0.0 (cmd 0.1)
0.6411,-4.82,-0.03,0.0,-11.06,0.15,0.0,-11.1,-4.8,0.0 (cmd -0.0),0.0 (cmd 0.1)
0.6416,-8.39,0.13,0.0,-4.82,0.15,0.0,-4.8,-8.4,0.0 (cmd 0.1),0.0 (cmd 0.1)
0.6420999999999999,-16.52,0.15,0.0,-4.77,0.15,0.0,-4.8,-16.5,0.0 (cmd 0.1),0.0 (cmd 0.1)
0.6426000000000001,-22.77,0.15,0.0,-3.8,0.15,0.0,-3.8,-22.8,0.0 (cmd 0.1),0.0 (cmd 0.1)
0.6431,-30.38,0.15,0.0,-2.22,0.15,0.0,-2.2,-30.4,0.0 (cmd 0.1),0.0 (cmd 0.1)
0.6436000000000001,-34.83,0.15,0.0,-1.45,0.15,0.0,-1.4,-34.8,0.0 (cmd 0.1),0.0 (cmd 0.1)
0.6440999999999999,-39.86,0.15,0.0,-0.72,0.15,0.0,-0.7,-39.9,0.0 (cmd 0.1),0.0 (cmd 0.1)
0.6446,-41.52,0.15,0.0,-0.21,0.14,0.0,-0.2,-41.5,0.0 (cmd 0.1),0.0 (cmd 0.1)
0.6451,-40.59,0.15,0.0,-0.23,0.11,0.0,-0.2,-40.6,0.0 (cmd 0.1),0.0 (cmd 0.1)
0.6456000000000001,-36.87,0.15,0.0,-0.57,0.09,0.0,-0.6,-36.9,0.0 (cmd 0.1),0.0 (cmd 0.1)
0.6461,-31.84,0.03,0.0,-0.73,0.05,0.0,-0.7,-31.8,0.0 (cmd 0.0),0.0 (cmd 0.1)
0.6466,-21.22,-0.15,0.0,-1.67,0.03,0.0,-1.7,-21.2,0.0 (cmd -0.1),0.0 (cmd 0.0)
0.6470999999999999,-12.68,-0.15,0.0,-2.65,0.01,0.0,-2.6,-12.7,0.0 (cmd -0.1),0.0 (cmd 0.0)
0.6476000000000001,-4.45,-0.15,0.0,-3.5,0.0,0.0,-3.5,-4.5,0.0 (cmd -0.1),0.0 (cmd 0.0)
0.6481,-1.52,-0.15,0.0,-3.46,0.0,0.0,-3.5,-1.5,0.0 (cmd -0.1),0.0 (cmd 0.0)
0.6486000000000001,-0.43,-0.15,0.0,-2.43,-0.01,0.0,-2.4,-0.4,0.0 (cmd -0.1),0.0 (cmd -0.0)
0.6490999999999999,2.18,-0.15,0.0,-2.18,-0.01,0.0,-2.2,2.2,0.0 (cmd -0.1),0.0 (cmd -0.0)
0.6496,4.41,-0.15,0.0,-2.52,-0.02,0.0,-2.5,4.4,0.0 (cmd -0.1),0.0 (cmd -0.0)
0.6501,5.01,-0.15,0.0,-2.54,-0.03,0.0,-2.5,5.0,0.0 (cmd -0.1),0.0 (cmd -0.0)
0.6506000000000001,4.61,-0.15,0.0,-2.19,-0.02,0.0,-2.2,4.6,0.0 (cmd -0.1),0.0 (cmd -0.0)
0.6511,4.15,-0.15,0.0,-2.2,-0.01,0.0,-2.2,4.2,0.0 (cmd -0.1),0.0 (cmd -0.0)
0.6516,4.13,-0.15,0.0,-2.29,0.0,0.0,-2.3,4.1,0.0 (cmd -0.1),0.0 (cmd 0.0)
0.6520999999999999,4.09,-0.15,0.0,-2.36,0.0,0.0,-2.4,4.1,0.0 (cmd -0.1),0.0 (cmd 0.0)
0.6526000000000001,4.01,-0.15,0.0,-2.37,0.0,0.0,-2.4,4.0,0.0 (cmd -0.1),0.0 (cmd 0.0)
0.6531,3.62,-0.15,0.0,-2.4,0.0,0.0,-2.4,3.6,0.0 (cmd -0.1),0.0 (cmd 0.0)
0.6536000000000001,3.47,-0.14,0.0,-2.43,0.01,0.0,-2.4,3.5,0.0 (cmd -0.1),0.0 (cmd 0.0)
0.6540999999999999,3.31,-0.13,0.0,-2.23,0.01,0.0,-2.2,3.3,0.0 (cmd -0.1),0.0 (cmd 0.0)
0.6546,2.88,-0.11,0.0,-2.1,0.01,0.0,-2.1,2.9,0.0 (cmd -0.1),0.0 (cmd 0.0)
0.6551,2.52,-0.11,0.0,-2.09,0.02,0.0,-2.1,2.5,0.0 (cmd -0.1),0.0 (cmd 0.0)
0.6556000000000001,2.33,-0.09,0.0,-2.12,0.02,0.0,-2.1,2.3,0.0 (cmd -0.1),0.0 (cmd 0.0)
0.6561,2.08,-0.09,0.0,-2.05,0.02,0.0,-2.0,2.1,0.0 (cmd -0.1),0.0 (cmd 0.0)
0.6566,1.92,-0.09,0.0,-2.01,0.02,0.0,-2.0,1.9,0.0 (cmd -0.1),0.0 (cmd 0.0)
0.6570999999999999,1.87,-0.09,0.0,-1.96,0.02,0.0,-2.0,1.9,0.0 (cmd -0.1),0.0 (cmd 0.0)
0.6576000000000001,1.59,-0.09,0.0,-1.98,0.02,0.0,-2.0,1.6,0.0 (cmd -0.1),0.0 (cmd 0.0)
0.6581,1.45,-0.08,0.0,-1.94,0.02,0.0,-1.9,1.4,0.0 (cmd -0.1),0.0 (cmd 0.0)
0.6586000000000001,1.18,-0.08,0.0,-1.91,0.02,0.0,-1.9,1.2,0.0 (cmd -0.1),0.0 (cmd 0.0)
0.6590999999999999,1.12,-0.08,0.0,-1.89,0.02,0.0,-1.9,1.1,0.0 (cmd -0.1),0.0 (cmd 0.0)
0.6596,1.14,-0.08,0.0,-1.75,0.02,0.0,-1.8,1.1,0.0 (cmd -0.1),0.0 (cmd 0.0)
0.6601,1.06,-0.09,0.0,-1.69,0.02,0.0,-1.7,1.1,0.0 (cmd -0.1),0.0 (cmd 0.0)
0.6606000000000001,0.94,-0.08,0.0,-1.71,0.02,0.0,-1.7,0.9,0.0 (cmd -0.1),0.0 (cmd 0.0)
0.6611,0.8,-0.08,0.0,-1.66,0.02,0.0,-1.7,0.8,0.0 (cmd -0.1),0.0 (cmd 0.0)
0.6615999999999999,0.81,-0.08,0.0,-1.67,0.02,0.0,-1.7,0.8,0.0 (cmd -0.1),0.0 (cmd 0.0)
0.6620999999999999,0.77,-0.09,0.0,-1.73,0.01,0.0,-1.7,0.8,0.0 (cmd -0.1),0.0 (cmd 0.0)
0.6626000000000001,0.66,-0.09,0.0,-1.76,0.01,0.0,-1.8,0.7,0.0 (cmd -0.1),0.0 (cmd 0.0)
0.6631,0.62,-0.09,0.0,-1.77,0.01,0.0,-1.8,0.6,0.0 (cmd -0.1),0.0 (cmd 0.0)
0.6636,0.61,-0.09,0.0,-1.78,0.01,0.0,-1.8,0.6,0.0 (cmd -0.1),0.0 (cmd 0.0)
0.6640999999999999,0.59,-0.09,0.0,-1.78,0.01,0.0,-1.8,0.6,0.0 (cmd -0.1),0.0 (cmd 0.0)
0.6645999999999999,0.61,-0.09,0.0,-1.75,0.01,0.0,-1.8,0.6,0.0 (cmd -0.1),0.0 (cmd 0.0)
0.6651,0.63,-0.09,0.0,-1.84,0.01,0.0,-1.8,0.6,0.0 (cmd -0.1),0.0 (cmd 0.0)
0.6656,0.61,-0.09,0.0,-1.91,0.01,0.0,-1.9,0.6,0.0 (cmd -0.1),0.0 (cmd 0.0)
0.6661,0.74,-0.1,0.0,-1.87,0.01,0.0,-1.9,0.7,0.0 (cmd -0.1),0.0 (cmd 0.0)
0.6665999999999999,1.07,-0.1,0.0,-1.85,0.01,0.0,-1.9,1.1,0.0 (cmd -0.1),0.0 (cmd 0.0)
0.6670999999999999,0.92,-0.1,0.0,-1.83,0.01,0.0,-1.8,0.9,0.0 (cmd -0.1),0.0 (cmd 0.0)
0.6676,0.84,-0.1,0.0,-1.8,0.01,0.0,-1.8,0.8,0.0 (cmd -0.1),0.0 (cmd 0.0)
0.6681,0.81,-0.1,0.0,-1.81,0.01,0.0,-1.8,0.8,0.0 (cmd -0.1),0.0 (cmd 0.0)
0.6686,0.79,-0.1,0.0,-1.8,0.01,0.0,-1.8,0.8,0.0 (cmd -0.1),0.0 (cmd 0.0)
0.6690999999999999,0.81,-0.1,0.0,-1.78,0.01,0.0,-1.8,0.8,0.0 (cmd -0.1),0.0 (cmd 0.0)
0.6695999999999999,0.78,-0.1,0.0,-1.78,0.01,0.0,-1.8,0.8,0.0 (cmd -0.1),0.0 (cmd 0.0)
0.6701,0.74,-0.09,0.0,-1.45,0.01,0.0,-1.4,0.7,0.0 (cmd -0.1),0.0 (cmd 0.0)
0.6706,0.74,-0.09,0.0,-1.14,0.02,0.0,-1.1,0.7,0.0 (cmd -0.1),0.0 (cmd 0.0)
0.6711,0.77,-0.09,0.0,-0.79,0.02,0.0,-0.8,0.8,0.0 (cmd -0.1),0.0 (cmd 0.0)
0.6715999999999999,0.89,-0.09,0.0,-0.49,0.01,0.0,-0.5,0.9,0.0 (cmd -0.1),0.0 (cmd 0.0)
0.6720999999999999,1.39,-0.09,0.0,-0.18,0.01,0.0,-0.2,1.4,0.0 (cmd -0.1),0.0 (cmd 0.0)
0.6726,1.88,-0.11,0.0,0.02,0.01,0.0,0.0,1.9,0.0 (cmd -0.1),0.0 (cmd 0.0)
0.6731,3.05,-0.13,0.0,0.53,0.01,0.0,0.5,3.0,0.0 (cmd -0.1),0.0 (cmd 0.0)
0.6736,3.34,-0.13,0.0,0.8,0.01,0.0,0.8,3.3,0.0 (cmd -0.1),0.0 (cmd 0.0)
0.6740999999999999,2.91,-0.13,0.0,0.97,0.01,0.0,1.0,2.9,0.0 (cmd -0.1),0.0 (cmd 0.0)
0.6745999999999999,3.2,-0.11,0.0,1.28,0.01,0.0,1.3,3.2,0.0 (cmd -0.1),0.0 (cmd 0.0)
0.6751,2.98,-0.11,0.0,1.35,0.01,0.0,1.4,3.0,0.0 (cmd -0.1),0.0 (cmd 0.0)
0.6756,2.67,-0.09,0.0,1.36,0.01,0.0,1.4,2.7,0.0 (cmd -0.1),0.0 (cmd 0.0)
0.6761,2.47,-0.08,0.0,1.41,0.01,0.0,1.4,2.5,0.0 (cmd -0.1),0.0 (cmd 0.0)
0.6765999999999999,2.07,-0.08,0.0,1.6,0.01,0.0,1.6,2.1,0.0 (cmd -0.1),0.0 (cmd 0.0)
0.6770999999999999,1.08,-0.07,0.0,1.84,0.01,0.0,1.8,1.1,0.0 (cmd -0.1),0.0 (cmd 0.0)
0.6776,-0.26,-0.04,0.0,1.65,0.02,0.0,1.6,-0.3,0.0 (cmd -0.0),0.0 (cmd 0.0)
0.6781,-1.22,-0.02,0.0,0.42,0.02,0.0,0.4,-1.2,0.0 (cmd -0.0),0.0 (cmd 0.0)
0.6786,-1.48,-0.02,0.0,-3.57,0.01,0.0,-3.6,-1.5,0.0 (cmd -0.0),0.0 (cmd 0.0)
0.6790999999999999,-2.3,-0.05,0.0,-9.69,0.0,0.0,-9.7,-2.3,0.0 (cmd -0.1),0.0 (cmd 0.0)
0.6795999999999999,-4.8,-0.07,0.0,-15.65,-0.05,0.0,-15.7,-4.8,0.0 (cmd -0.1),0.0 (cmd -0.1)
0.6801,-5.83,-0.04,0.0,-25.5,-0.1,0.0,-25.5,-5.8,0.0 (cmd -0.0),0.0 (cmd -0.1)
0.6806,-5.54,-0.08,0.0,-33.69,-0.13,0.0,-33.7,-5.5,0.0 (cmd -0.1),0.0 (cmd -0.1)
0.6811,-4.49,-0.13,0.0,-38.56,-0.15,0.0,-38.6,-4.5,0.0 (cmd -0.1),0.0 (cmd -0.1)
0.6815999999999999,-3.5,-0.15,0.0,-45.44,-0.15,0.0,-45.4,-3.5,0.0 (cmd -0.1),0.0 (cmd -0.1)
0.6820999999999999,-3.27,-0.15,0.0,-47.1,-0.15,0.0,-47.1,-3.3,0.0 (cmd -0.1),0.0 (cmd -0.1)
0.6826,-3.45,-0.15,0.0,-45.56,-0.09,0.0,-45.6,-3.5,0.0 (cmd -0.1),0.0 (cmd -0.1)
0.6831,-4.06,-0.15,0.0,-41.65,0.01,0.0,-41.6,-4.1,0.0 (cmd -0.1),0.0 (cmd 0.0)
0.6836,-4.33,-0.15,0.0,-29.12,0.11,0.0,-29.1,-4.3,0.0 (cmd -0.1),0.0 (cmd 0.1)
0.6840999999999999,-5.23,-0.15,0.0,-18.08,0.14,0.0,-18.1,-5.2,0.0 (cmd -0.1),0.0 (cmd 0.1)
0.6845999999999999,-9.04,0.11,0.0,-11.15,0.15,0.0,-11.2,-9.0,0.0 (cmd 0.1),0.0 (cmd 0.1)
0.6851,-12.18,0.15,0.0,-5.82,0.15,0.0,-5.8,-12.2,0.0 (cmd 0.1),0.0 (cmd 0.1)
0.6856,-13.24,0.15,0.0,-3.68,0.15,0.0,-3.7,-13.2,0.0 (cmd 0.1),0.0 (cmd 0.1)
0.6861,-13.06,0.15,0.0,-1.55,0.15,0.0,-1.6,-13.1,0.0 (cmd 0.1),0.0 (cmd 0.1)
0.6865999999999999,-10.83,0.13,0.0,2.16,0.12,0.0,2.2,-10.8,0.0 (cmd 0.1),0.0 (cmd 0.1)
0.6870999999999999,-10.66,0.07,0.0,2.86,0.1,0.0,2.9,-10.7,0.0 (cmd 0.1),0.0 (cmd 0.1)
0.6876,-9.51,0.0,0.0,1.44,0.08,0.0,1.4,-9.5,0.0 (cmd 0.0),0.0 (cmd 0.1)
0.6881,-8.28,-0.07,0.0,1.03,0.05,0.0,1.0,-8.3,0.0 (cmd -0.1),0.0 (cmd 0.1)
0.6886,-8.13,-0.08,0.0,0.88,0.04,0.0,0.9,-8.1,0.0 (cmd -0.1),0.0 (cmd 0.0)
0.6890999999999999,-6.78,-0.1,0.0,1.01,0.03,0.0,1.0,-6.8,0.0 (cmd -0.1),0.0 (cmd 0.0)
0.6895999999999999,-4.89,-0.14,0.0,0.98,0.02,0.0,1.0,-4.9,0.0 (cmd -0.1),0.0 (cmd 0.0)
0.6901,-3.56,-0.15,0.0,0.77,0.01,0.0,0.8,-3.6,0.0 (cmd -0.1),0.0 (cmd 0.0)
0.6906,-2.6,-0.15,0.0,0.32,0.0,0.0,0.3,-2.6,0.0 (cmd -0.1),0.0 (cmd 0.0)
0.6911,-1.62,-0.15,0.0,0.01,0.0,0.0,0.0,-1.6,0.0 (cmd -0.1),0.0 (cmd 0.0)
0.6915999999999999,-0.74,-0.15,0.0,-0.15,0.0,0.0,-0.1,-0.7,0.0 (cmd -0.1),0.0 (cmd 0.0)
0.6920999999999999,-1.06,-0.15,0.0,-0.28,0.0,0.0,-0.3,-1.1,0.0 (cmd -0.1),0.0 (cmd 0.0)
0.6926,-1.01,-0.15,0.0,-0.35,0.0,0.0,-0.3,-1.0,0.0 (cmd -0.1),0.0 (cmd 0.0)
0.6931,-0.6,-0.15,0.0,-0.43,0.0,0.0,-0.4,-0.6,0.0 (cmd -0.1),0.0 (cmd 0.0)
0.6936,-1.08,-0.13,0.0,-0.39,0.0,0.0,-0.4,-1.1,0.0 (cmd -0.1),0.0 (cmd 0.0)
0.6940999999999999,-1.39,-0.1,0.0,-0.48,0.01,0.0,-0.5,-1.4,0.0 (cmd -0.1),0.0 (cmd 0.0)
0.6945999999999999,-1.41,-0.1,0.0,-0.63,0.01,0.0,-0.6,-1.4,0.0 (cmd -0.1),0.0 (cmd 0.0)
0.6951,-1.39,-0.1,0.0,-0.56,0.01,0.0,-0.6,-1.4,0.0 (cmd -0.1),0.0 (cmd 0.0)
0.6956,-2.01,-0.08,0.0,-0.34,0.01,0.0,-0.3,-2.0,0.0 (cmd -0.1),0.0 (cmd 0.0)
0.6961,-3.2,-0.06,0.0,-0.4,0.01,0.0,-0.4,-3.2,0.0 (cmd -0.1),0.0 (cmd 0.0)
0.6965999999999999,-3.22,-0.05,0.0,-0.63,0.02,0.0,-0.6,-3.2,0.0 (cmd -0.1),0.0 (cmd 0.0)
0.6970999999999999,-3.12,-0.06,0.0,-0.62,0.01,0.0,-0.6,-3.1,0.0 (cmd -0.1),0.0 (cmd 0.0)
0.6976,-3.21,-0.07,0.0,-0.56,0.01,0.0,-0.6,-3.2,0.0 (cmd -0.1),0.0 (cmd 0.0)
0.6981,-3.81,-0.06,0.0,-0.45,0.01,0.0,-0.5,-3.8,0.0 (cmd -0.1),0.0 (cmd 0.0)
0.6986,-4.37,-0.05,0.0,-0.48,0.02,0.0,-0.5,-4.4,0.0 (cmd -0.1),0.0 (cmd 0.0)
0.6990999999999999,-5.43,-0.03,0.0,-0.52,0.02,0.0,-0.5,-5.4,0.0 (cmd -0.0),0.0 (cmd 0.0)
0.6995999999999999,-5.96,-0.02,0.0,-0.49,0.02,0.0,-0.5,-6.0,0.0 (cmd -0.0),0.0 (cmd 0.0)
0.7001000000000001,-6.65,-0.02,0.0,-0.41,0.02,0.0,-0.4,-6.7,0.0 (cmd -0.0),0.0 (cmd 0.0)
0.7006,-6.79,-0.02,0.0,-0.44,0.02,0.0,-0.4,-6.8,0.0 (cmd -0.0),0.0 (cmd 0.0)
0.7011000000000001,-6.78,-0.03,0.0,-0.48,0.02,0.0,-0.5,-6.8,0.0 (cmd -0.0),0.0 (cmd 0.0)
0.7015999999999999,-7.06,-0.04,0.0,-0.57,0.02,0.0,-0.6,-7.1,0.0 (cmd -0.0),0.0 (cmd 0.0)
0.7021,-7.84,-0.03,0.0,-0.66,0.02,0.0,-0.7,-7.8,0.0 (cmd -0.0),0.0 (cmd 0.0)
0.7026,-8.57,-0.02,0.0,-0.92,0.02,0.0,-0.9,-8.6,0.0 (cmd -0.0),0.0 (cmd 0.0)
0.7031000000000001,-9.39,-0.01,0.0,-0.99,0.02,0.0,-1.0,-9.4,0.0 (cmd -0.0),0.0 (cmd 0.0)
0.7036,-10.18,0.0,0.0,-1.05,0.02,0.0,-1.1,-10.2,0.0 (cmd 0.0),0.0 (cmd 0.0)
0.7041,-11.06,0.0,0.0,-1.06,0.02,0.0,-1.1,-11.1,0.0 (cmd 0.0),0.0 (cmd 0.0)
0.7045999999999999,-11.87,0.0,0.0,-1.13,0.02,0.0,-1.1,-11.9,0.0 (cmd 0.0),0.0 (cmd 0.0)
0.7051000000000001,-12.94,0.01,0.0,-1.26,0.03,0.0,-1.3,-12.9,0.0 (cmd 0.0),0.0 (cmd 0.0)
0.7056,-13.62,0.01,0.0,-1.34,0.03,0.0,-1.3,-13.6,0.0 (cmd 0.0),0.0 (cmd 0.0)
0.7061000000000001,-13.91,0.01,0.0,-1.57,0.03,0.0,-1.6,-13.9,0.0 (cmd 0.0),0.0 (cmd 0.0)
0.7065999999999999,-14.03,0.0,0.0,-1.7,0.02,0.0,-1.7,-14.0,0.0 (cmd 0.0),0.0 (cmd 0.0)
0.7071,-14.08,-0.01,0.0,-1.83,0.02,0.0,-1.8,-14.1,0.0 (cmd -0.0),0.0 (cmd 0.0)
0.7076,-14.05,-0.02,0.0,-1.86,0.02,0.0,-1.9,-14.1,0.0 (cmd -0.0),0.0 (cmd 0.0)
0.7081000000000001,-13.52,-0.04,0.0,-1.55,0.02,0.0,-1.6,-13.5,0.0 (cmd -0.0),0.0 (cmd 0.0)
0.7086,-12.9,-0.06,0.0,-1.24,0.02,0.0,-1.2,-12.9,0.0 (cmd -0.1),0.0 (cmd 0.0)
0.7091,-12.44,-0.08,0.0,-1.18,0.02,0.0,-1.2,-12.4,0.0 (cmd -0.1),0.0 (cmd 0.0)
0.7095999999999999,-12.15,-0.08,0.0,-1.21,0.01,0.0,-1.2,-12.2,0.0 (cmd -0.1),0.0 (cmd 0.0)
0.7101000000000001,-12.13,-0.09,0.0,-1.26,0.01,0.0,-1.3,-12.1,0.0 (cmd -0.1),0.0 (cmd 0.0)
0.7106,-12.13,-0.08,0.0,-1.14,0.01,0.0,-1.1,-12.1,0.0 (cmd -0.1),0.0 (cmd 0.0)
0.7111000000000001,-11.78,-0.08,0.0,-1.01,0.01,0.0,-1.0,-11.8,0.0 (cmd -0.1),0.0 (cmd 0.0)
0.7115999999999999,-11.58,-0.09,0.0,-0.81,0.01,0.0,-0.8,-11.6,0.0 (cmd -0.1),0.0 (cmd 0.0)
0.7121,-11.01,-0.09,0.0,-0.68,0.01,0.0,-0.7,-11.0,0.0 (cmd -0.1),0.0 (cmd 0.0)
0.7126,-10.99,-0.1,0.0,-0.74,0.01,0.0,-0.7,-11.0,0.0 (cmd -0.1),0.0 (cmd 0.0)
0.7131000000000001,-11.26,-0.09,0.0,-0.96,0.01,0.0,-1.0,-11.3,0.0 (cmd -0.1),0.0 (cmd 0.0)
0.7136,-11.61,-0.07,0.0,-1.24,0.01,0.0,-1.2,-11.6,0.0 (cmd -0.1),0.0 (cmd 0.0)
0.7141,-11.69,-0.07,0.0,-1.33,0.01,0.0,-1.3,-11.7,0.0 (cmd -0.1),0.0 (cmd 0.0)
0.7145999999999999,-11.72,-0.07,0.0,-1.49,0.01,0.0,-1.5,-11.7,0.0 (cmd -0.1),0.0 (cmd 0.0)
0.7151000000000001,-11.67,-0.07,0.0,-1.59,0.01,0.0,-1.6,-11.7,0.0 (cmd -0.1),0.0 (cmd 0.0)
0.7156,-11.63,-0.07,0.0,-1.6,0.01,0.0,-1.6,-11.6,0.0 (cmd -0.1),0.0 (cmd 0.0)
0.7161000000000001,-11.61,-0.07,0.0,-1.64,0.01,0.0,-1.6,-11.6,0.0 (cmd -0.1),0.0 (cmd 0.0)
0.7165999999999999,-11.54,-0.07,0.0,-1.62,0.01,0.0,-1.6,-11.5,0.0 (cmd -0.1),0.0 (cmd 0.0)
0.7171,-11.74,-0.07,0.0,-1.77,0.01,0.0,-1.8,-11.7,0.0 (cmd -0.1),0.0 (cmd 0.0)
0.7176,-12.2,-0.06,0.0,-1.94,0.02,0.0,-1.9,-12.2,0.0 (cmd -0.1),0.0 (cmd 0.0)
0.7181000000000001,-12.19,-0.06,0.0,-2.18,0.02,0.0,-2.2,-12.2,0.0 (cmd -0.1),0.0 (cmd 0.0)
0.7186,-12.3,-0.06,0.0,-2.49,0.01,0.0,-2.5,-12.3,0.0 (cmd -0.1),0.0 (cmd 0.0)
0.7191,-12.81,-0.06,0.0,-2.73,0.01,0.0,-2.7,-12.8,0.0 (cmd -0.1),0.0 (cmd 0.0)
0.7195999999999999,-13.05,-0.05,0.0,-2.79,0.02,0.0,-2.8,-13.1,0.0 (cmd -0.1),0.0 (cmd 0.0)
0.7201000000000001,-12.65,-0.06,0.0,-2.76,0.02,0.0,-2.8,-12.7,0.0 (cmd -0.1),0.0 (cmd 0.0)
0.7206,-12.58,-0.07,0.0,-2.6,0.02,0.0,-2.6,-12.6,0.0 (cmd -0.1),0.0 (cmd 0.0)
0.7211000000000001,-12.47,-0.07,0.0,-2.39,0.02,0.0,-2.4,-12.5,0.0 (cmd -0.1),0.0 (cmd 0.0)
0.7215999999999999,-12.34,-0.07,0.0,-2.32,0.02,0.0,-2.3,-12.3,0.0 (cmd -0.1),0.0 (cmd 0.0)
0.7221,-12.48,-0.07,0.0,-2.26,0.02,0.0,-2.3,-12.5,0.0 (cmd -0.1),0.0 (cmd 0.0)
0.7226,-12.44,-0.07,0.0,-2.37,0.02,0.0,-2.4,-12.4,0.0 (cmd -0.1),0.0 (cmd 0.0)
0.7231000000000001,-12.55,-0.07,0.0,-2.36,0.02,0.0,-2.4,-12.6,0.0 (cmd -0.1),0.0 (cmd 0.0)
0.7236,-12.73,-0.07,0.0,-2.3,0.02,0.0,-2.3,-12.7,0.0 (cmd -0.1),0.0 (cmd 0.0)
0.7240999999999999,-12.88,-0.06,0.0,-2.32,0.02,0.0,-2.3,-12.9,0.0 (cmd -0.1),0.0 (cmd 0.0)
0.7245999999999999,-13.14,-0.06,0.0,-2.53,0.02,0.0,-2.5,-13.1,0.0 (cmd -0.1),0.0 (cmd 0.0)
0.7251000000000001,-13.12,-0.06,0.0,-2.69,0.02,0.0,-2.7,-13.1,0.0 (cmd -0.1),0.0 (cmd 0.0)
0.7256,-12.95,-0.06,0.0,-2.68,0.02,0.0,-2.7,-12.9,0.0 (cmd -0.1),0.0 (cmd 0.0)
0.7261,-12.67,-0.07,0.0,-2.76,0.02,0.0,-2.8,-12.7,0.0 (cmd -0.1),0.0 (cmd 0.0)
0.7265999999999999,-12.43,-0.08,0.0,-2.77,0.01,0.0,-2.8,-12.4,0.0 (cmd -0.1),0.0 (cmd 0.0)
0.7270999999999999,-12.36,-0.08,0.0,-2.87,0.01,0.0,-2.9,-12.4,0.0 (cmd -0.1),0.0 (cmd 0.0)
0.7276,-12.44,-0.08,0.0,-3.1,0.01,0.0,-3.1,-12.4,0.0 (cmd -0.1),0.0 (cmd 0.0)
0.7281,-12.38,-0.08,0.0,-3.26,0.01,0.0,-3.3,-12.4,0.0 (cmd -0.1),0.0 (cmd 0.0)
0.7286,-12.22,-0.08,0.0,-3.35,0.01,0.0,-3.4,-12.2,0.0 (cmd -0.1),0.0 (cmd 0.0)
0.7290999999999999,-11.97,-0.09,0.0,-3.45,0.01,0.0,-3.5,-12.0,0.0 (cmd -0.1),0.0 (cmd 0.0)
0.7295999999999999,-11.89,-0.09,0.0,-3.4,0.01,0.0,-3.4,-11.9,0.0 (cmd -0.1),0.0 (cmd 0.0)
0.7301,-11.85,-0.09,0.0,-3.3,0.01,0.0,-3.3,-11.8,0.0 (cmd -0.1),0.0 (cmd 0.0)
0.7306,-11.77,-0.08,0.0,-3.19,0.02,0.0,-3.2,-11.8,0.0 (cmd -0.1),0.0 (cmd 0.0)
0.7311,-11.55,-0.08,0.0,-3.19,0.02,0.0,-3.2,-11.6,0.0 (cmd -0.1),0.0 (cmd 0.0)
0.7315999999999999,-11.08,-0.09,0.0,-3.15,0.01,0.0,-3.1,-11.1,0.0 (cmd -0.1),0.0 (cmd 0.0)
0.7320999999999999,-10.52,-0.1,0.0,-3.1,0.01,0.0,-3.1,-10.5,0.0 (cmd -0.1),0.0 (cmd 0.0)
0.7326,-9.95,-0.11,0.0,-3.07,0.01,0.0,-3.1,-9.9,0.0 (cmd -0.1),0.0 (cmd 0.0)
0.7331,-9.26,-0.12,0.0,-3.11,0.01,0.0,-3.1,-9.3,0.0 (cmd -0.1),0.0 (cmd 0.0)
0.7336,-8.47,-0.13,0.0,-3.39,0.01,0.0,-3.4,-8.5,0.0 (cmd -0.1),0.0 (cmd 0.0)
0.7340999999999999,-7.69,-0.14,0.0,-3.7,0.0,0.0,-3.7,-7.7,0.0 (cmd -0.1),0.0 (cmd 0.0)
0.7345999999999999,-6.83,-0.15,0.0,-4.05,0.0,0.0,-4.0,-6.8,0.0 (cmd -0.1),0.0 (cmd 0.0)
0.7351,-6.01,-0.15,0.0,-4.3,0.0,0.0,-4.3,-6.0,0.0 (cmd -0.1),0.0 (cmd 0.0)
0.7356,-5.16,-0.15,0.0,-4.49,0.0,0.0,-4.5,-5.2,0.0 (cmd -0.1),0.0 (cmd 0.0)
0.7361,-4.32,-0.15,0.0,-4.65,0.0,0.0,-4.7,-4.3,0.0 (cmd -0.1),0.0 (cmd 0.0)
0.7365999999999999,-3.44,-0.15,0.0,-5.01,0.0,0.0,-5.0,-3.4,0.0 (cmd -0.1),0.0 (cmd 0.0)
0.7370999999999999,-2.26,-0.15,0.0,-5.22,0.0,0.0,-5.2,-2.3,0.0 (cmd -0.1),0.0 (cmd 0.0)
0.7376,-1.14,-0.15,0.0,-5.51,0.0,0.0,-5.5,-1.1,0.0 (cmd -0.1),0.0 (cmd 0.0)
0.7381,-0.38,-0.15,0.0,-6.22,0.0,0.0,-6.2,-0.4,0.0 (cmd -0.1),0.0 (cmd 0.0)
0.7386,0.4,-0.15,0.0,-7.79,0.0,0.0,-7.8,0.4,0.0 (cmd -0.1),0.0 (cmd 0.0)
0.7390999999999999,0.67,-0.15,0.0,-8.65,0.0,0.0,-8.7,0.7,0.0 (cmd -0.1),0.0 (cmd 0.0)
0.7395999999999999,0.83,-0.15,0.0,-9.58,0.0,0.0,-9.6,0.8,0.0 (cmd -0.1),0.0 (cmd 0.0)
0.7401,0.95,-0.15,0.0,-9.76,0.0,0.0,-9.8,0.9,0.0 (cmd -0.1),0.0 (cmd 0.0)
0.7406,1.09,-0.15,0.0,-10.04,0.01,0.0,-10.0,1.1,0.0 (cmd -0.1),0.0 (cmd 0.0)
0.7411,1.11,-0.15,0.0,-10.13,0.02,0.0,-10.1,1.1,0.0 (cmd -0.1),0.0 (cmd 0.0)
0.7415999999999999,1.1,-0.15,0.0,-10.22,0.02,0.0,-10.2,1.1,0.0 (cmd -0.1),0.0 (cmd 0.0)
0.7420999999999999,1.15,-0.15,0.0,-10.32,0.03,0.0,-10.3,1.1,0.0 (cmd -0.1),0.0 (cmd 0.0)
0.7426,1.29,-0.15,0.0,-10.53,0.03,0.0,-10.5,1.3,0.0 (cmd -0.1),0.0 (cmd 0.0)
0.7431,1.32,-0.15,0.0,-10.61,0.03,0.0,-10.6,1.3,0.0 (cmd -0.1),0.0 (cmd 0.0)
0.7436,1.42,-0.15,0.0,-10.56,0.04,0.0,-10.6,1.4,0.0 (cmd -0.1),0.0 (cmd 0.0)
0.7440999999999999,1.43,-0.15,0.0,-10.48,0.04,0.0,-10.5,1.4,0.0 (cmd -0.1),0.0 (cmd 0.0)
0.7445999999999999,1.29,-0.15,0.0,-10.25,0.04,0.0,-10.2,1.3,0.0 (cmd -0.1),0.0 (cmd 0.0)
0.7451,0.98,-0.15,0.0,-10.23,0.04,0.0,-10.2,1.0,0.0 (cmd -0.1),0.0 (cmd 0.0)
0.7456,0.55,-0.14,0.0,-10.04,0.05,0.0,-10.0,0.6,0.0 (cmd -0.1),0.0 (cmd 0.1)
0.7461,-0.07,-0.12,0.0,-9.76,0.05,0.0,-9.8,-0.1,0.0 (cmd -0.1),0.0 (cmd 0.1)
0.7465999999999999,-0.72,-0.11,0.0,-9.43,0.05,0.0,-9.4,-0.7,0.0 (cmd -0.1),0.0 (cmd 0.1)
0.7470999999999999,-1.8,-0.09,0.0,-9.35,0.06,0.0,-9.3,-1.8,0.0 (cmd -0.1),0.0 (cmd 0.1)
0.7476,-3.02,-0.07,0.0,-9.5,0.06,0.0,-9.5,-3.0,0.0 (cmd -0.1),0.0 (cmd 0.1)
0.7481,-3.85,-0.06,0.0,-9.64,0.06,0.0,-9.6,-3.9,0.0 (cmd -0.1),0.0 (cmd 0.1)
0.7486,-4.84,-0.06,0.0,-10.0,0.06,0.0,-10.0,-4.8,0.0 (cmd -0.1),0.0 (cmd 0.1)
0.7490999999999999,-5.09,-0.05,0.0,-9.93,0.06,0.0,-9.9,-5.1,0.0 (cmd -0.1),0.0 (cmd 0.1)
0.7495999999999999,-4.8,-0.06,0.0,-9.96,0.05,0.0,-10.0,-4.8,0.0 (cmd -0.1),0.0 (cmd 0.1)
0.7501,-3.71,-0.09,0.0,-9.58,0.05,0.0,-9.6,-3.7,0.0 (cmd -0.1),0.0 (cmd 0.1)
0.7506,-2.52,-0.13,0.0,-9.11,0.04,0.0,-9.1,-2.5,0.0 (cmd -0.1),0.0 (cmd 0.0)
0.7511,-1.85,-0.15,0.0,-8.87,0.04,0.0,-8.9,-1.9,0.0 (cmd -0.1),0.0 (cmd 0.0)
0.7515999999999999,-1.23,-0.15,0.0,-8.2,0.04,0.0,-8.2,-1.2,0.0 (cmd -0.1),0.0 (cmd 0.0)
0.7520999999999999,-0.78,-0.15,0.0,-7.18,0.04,0.0,-7.2,-0.8,0.0 (cmd -0.1),0.0 (cmd 0.0)
0.7526,-0.16,-0.15,0.0,-6.03,0.04,0.0,-6.0,-0.2,0.0 (cmd -0.1),0.0 (cmd 0.0)
0.7531,0.68,-0.15,0.0,-5.16,0.04,0.0,-5.2,0.7,0.0 (cmd -0.1),0.0 (cmd 0.0)
0.7536,0.93,-0.15,0.0,-3.28,0.04,0.0,-3.3,0.9,0.0 (cmd -0.1),0.0 (cmd 0.0)
0.7540999999999999,-1.08,-0.12,0.0,-2.24,0.04,0.0,-2.2,-1.1,0.0 (cmd -0.1),0.0 (cmd 0.0)
0.7545999999999999,-2.99,-0.05,0.0,-1.18,0.05,0.0,-1.2,-3.0,0.0 (cmd -0.1),0.0 (cmd 0.1)
0.7551,-4.44,0.0,0.0,-0.72,0.06,0.0,-0.7,-4.4,0.0 (cmd 0.0),0.0 (cmd 0.1)
0.7556,-6.74,0.03,0.0,-0.18,0.06,0.0,-0.2,-6.7,0.0 (cmd 0.0),0.0 (cmd 0.1)
0.7561,-8.19,0.05,0.0,0.01,0.06,0.0,0.0,-8.2,0.0 (cmd 0.1),0.0 (cmd 0.1)
0.7565999999999999,-9.22,0.07,0.0,-0.08,0.05,0.0,-0.1,-9.2,0.0 (cmd 0.1),0.0 (cmd 0.1)
0.7570999999999999,-9.79,0.05,0.0,0.26,0.05,0.0,0.3,-9.8,0.0 (cmd 0.1),0.0 (cmd 0.1)
0.7576,-10.23,0.04,0.0,0.61,0.04,0.0,0.6,-10.2,0.0 (cmd 0.0),0.0 (cmd 0.0)
0.7581,-10.43,0.03,0.0,0.86,0.04,0.0,0.9,-10.4,0.0 (cmd 0.0),0.0 (cmd 0.0)
0.7586,-10.14,0.01,0.0,1.07,0.03,0.0,1.1,-10.1,0.0 (cmd 0.0),0.0 (cmd 0.0)
0.7590999999999999,-10.01,-0.02,0.0,0.7,0.03,0.0,0.7,-10.0,0.0 (cmd -0.0),0.0 (cmd 0.0)
0.7595999999999999,-10.49,-0.02,0.0,0.11,0.02,0.0,0.1,-10.5,0.0 (cmd -0.0),0.0 (cmd 0.0)
0.7601,-12.34,0.01,0.0,-1.15,0.02,0.0,-1.1,-12.3,0.0 (cmd 0.0),0.0 (cmd 0.0)
0.7606,-11.33,-0.03,0.0,-4.93,0.01,0.0,-4.9,-11.3,0.0 (cmd -0.0),0.0 (cmd 0.0)
0.7611,-11.43,-0.07,0.0,-10.45,0.0,0.0,-10.4,-11.4,0.0 (cmd -0.1),0.0 (cmd 0.0)
0.7615999999999999,-11.83,-0.1,0.0,-16.61,-0.03,0.0,-16.6,-11.8,0.0 (cmd -0.1),0.0 (cmd -0.0)
0.7620999999999999,-12.17,-0.12,0.0,-21.98,-0.06,0.0,-22.0,-12.2,0.0 (cmd -0.1),0.0 (cmd -0.1)
0.7626000000000001,-11.79,-0.14,0.0,-30.55,-0.09,0.0,-30.6,-11.8,0.0 (cmd -0.1),0.0 (cmd -0.1)
0.7631,-10.24,-0.15,0.0,-36.91,-0.1,0.0,-36.9,-10.2,0.0 (cmd -0.1),0.0 (cmd -0.1)
0.7636000000000001,-9.02,-0.15,0.0,-40.37,-0.14,0.0,-40.4,-9.0,0.0 (cmd -0.1),0.0 (cmd -0.1)
0.7640999999999999,-7.98,-0.15,0.0,-45.67,-0.13,0.0,-45.7,-8.0,0.0 (cmd -0.1),0.0 (cmd -0.1)
0.7646,-7.67,-0.15,0.0,-46.0,-0.09,0.0,-46.0,-7.7,0.0 (cmd -0.1),0.0 (cmd -0.1)
0.7651,-7.56,-0.15,0.0,-43.36,-0.01,0.0,-43.4,-7.6,0.0 (cmd -0.1),0.0 (cmd -0.0)
0.7656000000000001,-7.51,-0.15,0.0,-38.69,0.06,0.0,-38.7,-7.5,0.0 (cmd -0.1),0.0 (cmd 0.1)
0.7661,-6.61,-0.15,0.0,-30.82,0.1,0.0,-30.8,-6.6,0.0 (cmd -0.1),0.0 (cmd 0.1)
0.7666,-6.84,-0.15,0.0,-19.95,0.13,0.0,-19.9,-6.8,0.0 (cmd -0.1),0.0 (cmd 0.1)
0.7670999999999999,-8.6,-0.07,0.0,-13.04,0.15,0.0,-13.0,-8.6,0.0 (cmd -0.1),0.0 (cmd 0.1)
0.7676000000000001,-10.88,0.12,0.0,-5.07,0.15,0.0,-5.1,-10.9,0.0 (cmd 0.1),0.0 (cmd 0.1)
0.7681,-15.02,0.15,0.0,-3.05,0.15,0.0,-3.0,-15.0,0.0 (cmd 0.1),0.0 (cmd 0.1)
0.7686000000000001,-22.55,0.15,0.0,-2.91,0.15,0.0,-2.9,-22.6,0.0 (cmd 0.1),0.0 (cmd 0.1)
0.7690999999999999,-27.19,0.15,0.0,-2.34,0.15,0.0,-2.3,-27.2,0.0 (cmd 0.1),0.0 (cmd 0.1)
0.7696,-36.37,0.15,0.0,-1.27,0.15,0.0,-1.3,-36.4,0.0 (cmd 0.1),0.0 (cmd 0.1)
0.7701,-40.89,0.15,0.0,-0.71,0.15,0.0,-0.7,-40.9,0.0 (cmd 0.1),0.0 (cmd 0.1)
0.7706000000000001,-41.47,0.15,0.0,-0.81,0.13,0.0,-0.8,-41.5,0.0 (cmd 0.1),0.0 (cmd 0.1)
0.7711,-40.58,0.15,0.0,-1.36,0.1,0.0,-1.4,-40.6,0.0 (cmd 0.1),0.0 (cmd 0.1)
0.7716,-36.84,0.15,0.0,-2.11,0.08,0.0,-2.1,-36.8,0.0 (cmd 0.1),0.0 (cmd 0.1)
0.7720999999999999,-30.72,0.03,0.0,-3.62,0.05,0.0,-3.6,-30.7,0.0 (cmd 0.0),0.0 (cmd 0.1)
0.7726000000000001,-24.37,-0.15,0.0,-4.89,0.02,0.0,-4.9,-24.4,0.0 (cmd -0.1),0.0 (cmd 0.0)
0.7731,-14.42,-0.15,0.0,-7.84,0.0,0.0,-7.8,-14.4,0.0 (cmd -0.1),0.0 (cmd 0.0)
0.7736000000000001,-8.27,-0.15,0.0,-12.25,-0.01,0.0,-12.2,-8.3,0.0 (cmd -0.1),0.0 (cmd -0.0)
0.7740999999999999,-8.37,-0.15,0.0,-16.59,-0.05,0.0,-16.6,-8.4,0.0 (cmd -0.1),0.0 (cmd -0.1)
0.7746,-8.96,-0.15,0.0,-23.12,-0.08,0.0,-23.1,-9.0,0.0 (cmd -0.1),0.0 (cmd -0.1)
0.7751,-7.8,-0.15,0.0,-29.16,-0.08,0.0,-29.2,-7.8,0.0 (cmd -0.1),0.0 (cmd -0.1)
0.7756000000000001,-5.99,-0.15,0.0,-34.81,-0.11,0.0,-34.8,-6.0,0.0 (cmd -0.1),0.0 (cmd -0.1)
0.7761,-5.34,-0.15,0.0,-39.12,-0.13,0.0,-39.1,-5.3,0.0 (cmd -0.1),0.0 (cmd -0.1)
0.7766,-4.17,-0.15,0.0,-43.83,-0.12,0.0,-43.8,-4.2,0.0 (cmd -0.1),0.0 (cmd -0.1)
0.7770999999999999,-2.96,-0.15,0.0,-44.77,-0.09,0.0,-44.8,-3.0,0.0 (cmd -0.1),0.0 (cmd -0.1)
0.7776000000000001,-2.97,-0.15,0.0,-43.65,-0.03,0.0,-43.6,-3.0,0.0 (cmd -0.1),0.0 (cmd -0.0)
0.7781,-2.85,-0.15,0.0,-38.22,0.04,0.0,-38.2,-2.9,0.0 (cmd -0.1),0.0 (cmd 0.0)
0.7786000000000001,-2.63,-0.15,0.0,-30.46,0.08,0.0,-30.5,-2.6,0.0 (cmd -0.1),0.0 (cmd 0.1)
0.7790999999999999,-1.89,-0.15,0.0,-26.75,0.12,0.0,-26.8,-1.9,0.0 (cmd -0.1),0.0 (cmd 0.1)
0.7796,-1.57,-0.14,0.0,-12.41,0.14,0.0,-12.4,-1.6,0.0 (cmd -0.1),0.0 (cmd 0.1)
0.7801,-1.73,0.0,0.0,-2.76,0.14,0.0,-2.8,-1.7,0.0 (cmd 0.0),0.0 (cmd 0.1)
0.7806000000000001,-2.28,0.04,0.0,1.94,0.13,0.0,1.9,-2.3,0.0 (cmd 0.0),0.0 (cmd 0.1)
0.7811,-2.96,0.1,0.0,3.62,0.13,0.0,3.6,-3.0,0.0 (cmd 0.1),0.0 (cmd 0.1)
0.7816,-2.84,0.06,0.0,3.98,0.11,0.0,4.0,-2.8,0.0 (cmd 0.1),0.0 (cmd 0.1)
0.7820999999999999,-2.73,0.0,0.0,2.81,0.09,0.0,2.8,-2.7,0.0 (cmd 0.0),0.0 (cmd 0.1)
0.7826000000000001,-2.64,-0.04,0.0,2.26,0.07,0.0,2.3,-2.6,0.0 (cmd -0.0),0.0 (cmd 0.1)
0.7831,-2.59,-0.06,0.0,2.28,0.06,0.0,2.3,-2.6,0.0 (cmd -0.1),0.0 (cmd 0.1)
0.7836000000000001,-2.56,-0.06,0.0,2.29,0.04,0.0,2.3,-2.6,0.0 (cmd -0.1),0.0 (cmd 0.0)
0.7840999999999999,-2.45,-0.07,0.0,1.83,0.03,0.0,1.8,-2.5,0.0 (cmd -0.1),0.0 (cmd 0.0)
0.7846,-1.76,-0.08,0.0,1.38,0.02,0.0,1.4,-1.8,0.0 (cmd -0.1),0.0 (cmd 0.0)
0.7851,-1.42,-0.1,0.0,0.96,0.01,0.0,1.0,-1.4,0.0 (cmd -0.1),0.0 (cmd 0.0)
0.7856000000000001,-1.27,-0.1,0.0,0.78,0.01,0.0,0.8,-1.3,0.0 (cmd -0.1),0.0 (cmd 0.0)
0.7861,-0.7,-0.1,0.0,0.73,0.01,0.0,0.7,-0.7,0.0 (cmd -0.1),0.0 (cmd 0.0)
0.7865999999999999,0.0,-0.11,0.0,0.77,0.0,0.0,0.8,0.0,0.0 (cmd -0.1),0.0 (cmd 0.0)
0.7870999999999999,0.56,-0.14,0.0,0.9,0.0,0.0,0.9,0.6,0.0 (cmd -0.1),0.0 (cmd 0.0)
0.7876000000000001,0.52,-0.13,0.0,0.83,0.0,0.0,0.8,0.5,0.0 (cmd -0.1),0.0 (cmd 0.0)
0.7881,0.47,-0.12,0.0,0.73,0.0,0.0,0.7,0.5,0.0 (cmd -0.1),0.0 (cmd 0.0)
0.7886,0.45,-0.11,0.0,0.59,0.0,0.0,0.6,0.5,0.0 (cmd -0.1),0.0 (cmd 0.0)
0.7890999999999999,0.39,-0.1,0.0,0.51,0.0,0.0,0.5,0.4,0.0 (cmd -0.1),0.0 (cmd 0.0)
0.7895999999999999,0.28,-0.1,0.0,0.4,0.0,0.0,0.4,0.3,0.0 (cmd -0.1),0.0 (cmd 0.0)
0.7901,0.24,-0.09,0.0,0.31,0.0,0.0,0.3,0.2,0.0 (cmd -0.1),0.0 (cmd 0.0)
0.7906,0.33,-0.09,0.0,0.27,0.0,0.0,0.3,0.3,0.0 (cmd -0.1),0.0 (cmd 0.0)
0.7911,0.3,-0.09,0.0,0.22,0.0,0.0,0.2,0.3,0.0 (cmd -0.1),0.0 (cmd 0.0)
0.7915999999999999,0.22,-0.09,0.0,0.16,0.0,0.0,0.2,0.2,0.0 (cmd -0.1),0.0 (cmd 0.0)
0.7920999999999999,0.14,-0.09,0.0,0.05,0.0,0.0,0.1,0.1,0.0 (cmd -0.1),0.0 (cmd 0.0)
0.7926,0.03,-0.09,0.0,0.04,0.01,0.0,0.0,0.0,0.0 (cmd -0.1),0.0 (cmd 0.0)
0.7931,-0.14,-0.08,0.0,0.04,0.01,0.0,0.0,-0.1,0.0 (cmd -0.1),0.0 (cmd 0.0)
0.7936,-0.25,-0.08,0.0,0.01,0.01,0.0,0.0,-0.2,0.0 (cmd -0.1),0.0 (cmd 0.0)
0.7940999999999999,-0.42,-0.07,0.0,-0.15,0.01,0.0,-0.1,-0.4,0.0 (cmd -0.1),0.0 (cmd 0.0)
0.7945999999999999,-0.56,-0.08,0.0,-0.39,0.01,0.0,-0.4,-0.6,0.0 (cmd -0.1),0.0 (cmd 0.0)
0.7951,-0.77,-0.08,0.0,-0.54,0.01,0.0,-0.5,-0.8,0.0 (cmd -0.1),0.0 (cmd 0.0)
0.7956,-0.92,-0.07,0.0,-0.69,0.01,0.0,-0.7,-0.9,0.0 (cmd -0.1),0.0 (cmd 0.0)
0.7961,-1.06,-0.07,0.0,-0.93,0.01,0.0,-0.9,-1.1,0.0 (cmd -0.1),0.0 (cmd 0.0)
0.7965999999999999,-1.21,-0.08,0.0,-1.0,0.01,0.0,-1.0,-1.2,0.0 (cmd -0.1),0.0 (cmd 0.0)
0.7970999999999999,-1.3,-0.08,0.0,-1.0,0.01,0.0,-1.0,-1.3,0.0 (cmd -0.1),0.0 (cmd 0.0)
0.7976,-1.35,-0.08,0.0,-1.04,0.01,0.0,-1.0,-1.4,0.0 (cmd -0.1),0.0 (cmd 0.0)
0.7981,-1.42,-0.08,0.0,-0.98,0.01,0.0,-1.0,-1.4,0.0 (cmd -0.1),0.0 (cmd 0.0)
0.7986,-1.5,-0.08,0.0,-0.96,0.01,0.0,-1.0,-1.5,0.0 (cmd -0.1),0.0 (cmd 0.0)
0.7990999999999999,-1.61,-0.08,0.0,-1.03,0.01,0.0,-1.0,-1.6,0.0 (cmd -0.1),0.0 (cmd 0.0)
0.7995999999999999,-1.64,-0.08,0.0,-1.09,0.01,0.0,-1.1,-1.6,0.0 (cmd -0.1),0.0 (cmd 0.0)
0.8001,-1.58,-0.08,0.0,-1.02,0.01,0.0,-1.0,-1.6,0.0 (cmd -0.1),0.0 (cmd 0.0)
0.8006,-1.54,-0.08,0.0,-0.96,0.01,0.0,-1.0,-1.5,0.0 (cmd -0.1),0.0 (cmd 0.0)
0.8011,-1.51,-0.08,0.0,-0.94,0.01,0.0,-0.9,-1.5,0.0 (cmd -0.1),0.0 (cmd 0.0)
0.8015999999999999,-2.49,-0.09,0.0,-1.09,0.01,0.0,-1.1,-2.5,0.0 (cmd -0.1),0.0 (cmd 0.0)
0.8020999999999999,-3.16,-0.05,0.0,-1.26,0.02,0.0,-1.3,-3.2,0.0 (cmd -0.1),0.0 (cmd 0.0)
0.8026,-4.29,-0.04,0.0,-1.33,0.02,0.0,-1.3,-4.3,0.0 (cmd -0.0),0.0 (cmd 0.0)
0.8031,-4.91,-0.03,0.0,-1.5,0.02,0.0,-1.5,-4.9,0.0 (cmd -0.0),0.0 (cmd 0.0)
0.8036,-7.04,-0.01,0.0,-1.7,0.02,0.0,-1.7,-7.0,0.0 (cmd -0.0),0.0 (cmd 0.0)
0.8040999999999999,-7.91,0.01,0.0,-2.52,0.03,0.0,-2.5,-7.9,0.0 (cmd 0.0),0.0 (cmd 0.0)
0.8045999999999999,-8.46,0.0,0.0,-3.28,0.02,0.0,-3.3,-8.5,0.0 (cmd 0.0),0.0 (cmd 0.0)
0.8051,-8.58,0.0,0.0,-2.79,0.02,0.0,-2.8,-8.6,0.0 (cmd 0.0),0.0 (cmd 0.0)
0.8056,-8.94,-0.01,0.0,-2.52,0.03,0.0,-2.5,-8.9,0.0 (cmd -0.0),0.0 (cmd 0.0)
0.8061,-9.18,-0.02,0.0,-2.52,0.02,0.0,-2.5,-9.2,0.0 (cmd -0.0),0.0 (cmd 0.0)
0.8065999999999999,-9.6,-0.02,0.0,-2.71,0.02,0.0,-2.7,-9.6,0.0 (cmd -0.0),0.0 (cmd 0.0)
0.8070999999999999,-9.77,-0.02,0.0,-2.83,0.02,0.0,-2.8,-9.8,0.0 (cmd -0.0),0.0 (cmd 0.0)
0.8076,-10.25,-0.02,0.0,-2.83,0.02,0.0,-2.8,-10.2,0.0 (cmd -0.0),0.0 (cmd 0.0)
0.8081,-10.35,-0.03,0.0,-2.89,0.02,0.0,-2.9,-10.3,0.0 (cmd -0.0),0.0 (cmd 0.0)
0.8086,-10.46,-0.04,0.0,-3.03,0.02,0.0,-3.0,-10.5,0.0 (cmd -0.0),0.0 (cmd 0.0)
0.8090999999999999,-10.71,-0.04,0.0,-3.05,0.02,0.0,-3.0,-10.7,0.0 (cmd -0.0),0.0 (cmd 0.0)
0.8095999999999999,-11.04,-0.04,0.0,-3.14,0.02,0.0,-3.1,-11.0,0.0 (cmd -0.0),0.0 (cmd 0.0)
0.8101,-11.06,-0.05,0.0,-3.3,0.02,0.0,-3.3,-11.1,0.0 (cmd -0.1),0.0 (cmd 0.0)
0.8106,-11.51,-0.05,0.0,-3.5,0.02,0.0,-3.5,-11.5,0.0 (cmd -0.1),0.0 (cmd 0.0)
0.8111,-11.62,-0.05,0.0,-3.44,0.02,0.0,-3.4,-11.6,0.0 (cmd -0.1),0.0 (cmd 0.0)
0.8115999999999999,-11.43,-0.05,0.0,-3.13,0.02,0.0,-3.1,-11.4,0.0 (cmd -0.1),0.0 (cmd 0.0)
0.8120999999999999,-10.55,-0.07,0.0,-3.11,0.02,0.0,-3.1,-10.6,0.0 (cmd -0.1),0.0 (cmd 0.0)
0.8126,-10.24,-0.09,0.0,-3.14,0.01,0.0,-3.1,-10.2,0.0 (cmd -0.1),0.0 (cmd 0.0)
0.8131,-10.07,-0.09,0.0,-2.97,0.02,0.0,-3.0,-10.1,0.0 (cmd -0.1),0.0 (cmd 0.0)
0.8136,-10.1,-0.09,0.0,-2.8,0.02,0.0,-2.8,-10.1,0.0 (cmd -0.1),0.0 (cmd 0.0)
0.8140999999999999,-10.13,-0.09,0.0,-2.56,0.02,0.0,-2.6,-10.1,0.0 (cmd -0.1),0.0 (cmd 0.0)
0.8145999999999999,-10.14,-0.08,0.0,-2.24,0.02,0.0,-2.2,-10.1,0.0 (cmd -0.1),0.0 (cmd 0.0)
0.8151,-10.38,-0.08,0.0,-1.59,0.02,0.0,-1.6,-10.4,0.0 (cmd -0.1),0.0 (cmd 0.0)
0.8156,-10.6,-0.06,0.0,-1.32,0.02,0.0,-1.3,-10.6,0.0 (cmd -0.1),0.0 (cmd 0.0)
0.8161,-9.93,-0.08,0.0,-1.54,0.02,0.0,-1.5,-9.9,0.0 (cmd -0.1),0.0 (cmd 0.0)
0.8165999999999999,-9.46,-0.09,0.0,-2.24,0.01,0.0,-2.2,-9.5,0.0 (cmd -0.1),0.0 (cmd 0.0)
0.8170999999999999,-9.31,-0.1,0.0,-2.6,0.01,0.0,-2.6,-9.3,0.0 (cmd -0.1),0.0 (cmd 0.0)
0.8176,-9.27,-0.1,0.0,-2.71,0.01,0.0,-2.7,-9.3,0.0 (cmd -0.1),0.0 (cmd 0.0)
0.8181,-9.21,-0.09,0.0,-2.93,0.01,0.0,-2.9,-9.2,0.0 (cmd -0.1),0.0 (cmd 0.0)
0.8186,-9.06,-0.1,0.0,-2.93,0.01,0.0,-2.9,-9.1,0.0 (cmd -0.1),0.0 (cmd 0.0)
0.8190999999999999,-9.29,-0.09,0.0,-2.78,0.01,0.0,-2.8,-9.3,0.0 (cmd -0.1),0.0 (cmd 0.0)
0.8195999999999999,-9.51,-0.08,0.0,-2.48,0.02,0.0,-2.5,-9.5,0.0 (cmd -0.1),0.0 (cmd 0.0)
0.8201,-9.54,-0.07,0.0,-2.24,0.02,0.0,-2.2,-9.5,0.0 (cmd -0.1),0.0 (cmd 0.0)
0.8206,-9.27,-0.08,0.0,-2.17,0.02,0.0,-2.2,-9.3,0.0 (cmd -0.1),0.0 (cmd 0.0)
0.8211,-9.18,-0.08,0.0,-1.96,0.02,0.0,-2.0,-9.2,0.0 (cmd -0.1),0.0 (cmd 0.0)
0.8215999999999999,-9.22,-0.08,0.0,-1.88,0.02,0.0,-1.9,-9.2,0.0 (cmd -0.1),0.0 (cmd 0.0)
0.8220999999999999,-9.54,-0.07,0.0,-2.02,0.02,0.0,-2.0,-9.5,0.0 (cmd -0.1),0.0 (cmd 0.0)
0.8226,-9.95,-0.06,0.0,-2.39,0.02,0.0,-2.4,-9.9,0.0 (cmd -0.1),0.0 (cmd 0.0)
0.8231,-9.85,-0.06,0.0,-2.84,0.02,0.0,-2.8,-9.8,0.0 (cmd -0.1),0.0 (cmd 0.0)
0.8236,-9.51,-0.08,0.0,-3.71,0.01,0.0,-3.7,-9.5,0.0 (cmd -0.1),0.0 (cmd 0.0)
0.8240999999999999,-9.53,-0.09,0.0,-4.02,0.01,0.0,-4.0,-9.5,0.0 (cmd -0.1),0.0 (cmd 0.0)
0.8245999999999999,-9.33,-0.09,0.0,-4.47,0.01,0.0,-4.5,-9.3,0.0 (cmd -0.1),0.0 (cmd 0.0)
0.8251000000000001,-8.65,-0.1,0.0,-5.44,0.01,0.0,-5.4,-8.7,0.0 (cmd -0.1),0.0 (cmd 0.0)
0.8256,-8.19,-0.13,0.0,-7.87,0.0,0.0,-7.9,-8.2,0.0 (cmd -0.1),0.0 (cmd 0.0)
0.8261000000000001,-7.94,-0.14,0.0,-10.68,0.0,0.0,-10.7,-7.9,0.0 (cmd -0.1),0.0 (cmd 0.0)
0.8265999999999999,-7.84,-0.15,0.0,-13.48,-0.01,0.0,-13.5,-7.8,0.0 (cmd -0.1),0.0 (cmd -0.0)
0.8271,-7.79,-0.15,0.0,-16.97,-0.01,0.0,-17.0,-7.8,0.0 (cmd -0.1),0.0 (cmd -0.0)
0.8276,-7.45,-0.15,0.0,-18.28,0.0,0.0,-18.3,-7.5,0.0 (cmd -0.1),0.0 (cmd 0.0)
0.8281000000000001,-5.94,-0.15,0.0,-18.45,0.0,0.0,-18.4,-5.9,0.0 (cmd -0.1),0.0 (cmd 0.0)
0.8286,-4.4,-0.15,0.0,-17.74,0.01,0.0,-17.7,-4.4,0.0 (cmd -0.1),0.0 (cmd 0.0)
0.8291,-3.92,-0.15,0.0,-15.93,0.02,0.0,-15.9,-3.9,0.0 (cmd -0.1),0.0 (cmd 0.0)
0.8295999999999999,-3.16,-0.15,0.0,-13.66,0.04,0.0,-13.7,-3.2,0.0 (cmd -0.1),0.0 (cmd 0.0)
0.8301000000000001,-2.59,-0.15,0.0,-13.12,0.05,0.0,-13.1,-2.6,0.0 (cmd -0.1),0.0 (cmd 0.1)
0.8306,-1.73,-0.15,0.0,-13.93,0.04,0.0,-13.9,-1.7,0.0 (cmd -0.1),0.0 (cmd 0.0)
0.8311000000000001,-1.22,-0.15,0.0,-13.98,0.04,0.0,-14.0,-1.2,0.0 (cmd -0.1),0.0 (cmd 0.0)
0.8315999999999999,-1.28,-0.15,0.0,-12.76,0.04,0.0,-12.8,-1.3,0.0 (cmd -0.1),0.0 (cmd 0.0)
0.8321,-15.8,0.02,0.0,-12.34,0.09,0.0,-12.3,-15.8,0.0 (cmd 0.0),0.0 (cmd 0.1)
0.8326,-19.02,0.15,0.0,-11.78,0.11,0.0,-11.8,-19.0,0.0 (cmd 0.1),0.0 (cmd 0.1)
0.8331000000000001,-23.5,0.15,0.0,-10.81,0.12,0.0,-10.8,-23.5,0.0 (cmd 0.1),0.0 (cmd 0.1)
0.8336,-26.68,0.15,0.0,-9.92,0.12,0.0,-9.9,-26.7,0.0 (cmd 0.1),0.0 (cmd 0.1)
0.8341,-29.23,0.15,0.0,-9.18,0.11,0.0,-9.2,-29.2,0.0 (cmd 0.1),0.0 (cmd 0.1)
0.8345999999999999,-30.3,0.15,0.0,-8.39,0.1,0.0,-8.4,-30.3,0.0 (cmd 0.1),0.0 (cmd 0.1)
0.8351000000000001,-29.59,0.15,0.0,-7.95,0.08,0.0,-8.0,-29.6,0.0 (cmd 0.1),0.0 (cmd 0.1)
0.8356,-27.07,0.12,0.0,-7.83,0.07,0.0,-7.8,-27.1,0.0 (cmd 0.1),0.0 (cmd 0.1)
0.8361000000000001,-22.7,-0.01,0.0,-7.97,0.04,0.0,-8.0,-22.7,0.0 (cmd -0.0),0.0 (cmd 0.0)
0.8365999999999999,-18.4,-0.15,0.0,-8.52,0.02,0.0,-8.5,-18.4,0.0 (cmd -0.1),0.0 (cmd 0.0)
0.8371,-13.41,-0.15,0.0,-9.64,0.0,0.0,-9.6,-13.4,0.0 (cmd -0.1),0.0 (cmd 0.0)
0.8376,-15.03,-0.15,0.0,-11.64,0.0,0.0,-11.6,-15.0,0.0 (cmd -0.1),0.0 (cmd 0.0)
0.8381000000000001,-15.11,-0.15,0.0,-14.27,0.0,0.0,-14.3,-15.1,0.0 (cmd -0.1),0.0 (cmd 0.0)
0.8386,-14.78,-0.15,0.0,-18.15,0.0,0.0,-18.1,-14.8,0.0 (cmd -0.1),0.0 (cmd 0.0)
0.8391,-15.04,-0.15,0.0,-21.65,-0.01,0.0,-21.6,-15.0,0.0 (cmd -0.1),0.0 (cmd -0.0)
0.8395999999999999,-14.1,-0.15,0.0,-27.35,-0.01,0.0,-27.4,-14.1,0.0 (cmd -0.1),0.0 (cmd -0.0)
0.8401000000000001,-13.64,-0.15,0.0,-32.37,-0.01,0.0,-32.4,-13.6,0.0 (cmd -0.1),0.0 (cmd -0.0)
0.8406,-12.12,-0.15,0.0,-36.22,-0.03,0.0,-36.2,-12.1,0.0 (cmd -0.1),0.0 (cmd -0.0)
0.8411000000000001,-11.16,-0.15,0.0,-40.16,-0.04,0.0,-40.2,-11.2,0.0 (cmd -0.1),0.0 (cmd -0.0)
0.8415999999999999,-9.57,-0.15,0.0,-40.32,-0.02,0.0,-40.3,-9.6,0.0 (cmd -0.1),0.0 (cmd -0.0)
0.8421,-8.94,-0.15,0.0,-38.5,0.02,0.0,-38.5,-8.9,0.0 (cmd -0.1),0.0 (cmd 0.0)
0.8426,-8.65,-0.15,0.0,-33.2,0.06,0.0,-33.2,-8.7,0.0 (cmd -0.1),0.0 (cmd 0.1)
0.8431000000000001,-9.36,-0.15,0.0,-28.83,0.09,0.0,-28.8,-9.4,0.0 (cmd -0.1),0.0 (cmd 0.1)
0.8436,-10.39,-0.15,0.0,-18.43,0.12,0.0,-18.4,-10.4,0.0 (cmd -0.1),0.0 (cmd 0.1)
0.8441,-11.28,-0.05,0.0,-12.11,0.14,0.0,-12.1,-11.3,0.0 (cmd -0.1),0.0 (cmd 0.1)
0.8445999999999999,-12.05,0.03,0.0,-8.35,0.13,0.0,-8.3,-12.1,0.0 (cmd 0.0),0.0 (cmd 0.1)
0.8451000000000001,-20.82,0.15,0.0,-7.89,0.15,0.0,-7.9,-20.8,0.0 (cmd 0.1),0.0 (cmd 0.1)
0.8456,-25.29,0.15,0.0,-6.71,0.15,0.0,-6.7,-25.3,0.0 (cmd 0.1),0.0 (cmd 0.1)
0.8461000000000001,-32.8,0.15,0.0,-5.94,0.14,0.0,-5.9,-32.8,0.0 (cmd 0.1),0.0 (cmd 0.1)
0.8465999999999999,-36.82,0.15,0.0,-4.6,0.13,0.0,-4.6,-36.8,0.0 (cmd 0.1),0.0 (cmd 0.1)
0.8471,-39.44,0.15,0.0,-4.0,0.12,0.0,-4.0,-39.4,0.0 (cmd 0.1),0.0 (cmd 0.1)
0.8476,-39.32,0.15,0.0,-4.02,0.11,0.0,-4.0,-39.3,0.0 (cmd 0.1),0.0 (cmd 0.1)
0.8481000000000001,-36.29,0.15,0.0,-4.84,0.08,0.0,-4.8,-36.3,0.0 (cmd 0.1),0.0 (cmd 0.1)
0.8486,-30.06,0.04,0.0,-5.53,0.05,0.0,-5.5,-30.1,0.0 (cmd 0.0),0.0 (cmd 0.1)
0.8490999999999999,-21.73,-0.15,0.0,-6.38,0.02,0.0,-6.4,-21.7,0.0 (cmd -0.1),0.0 (cmd 0.0)
0.8495999999999999,-19.97,-0.15,0.0,-8.25,0.0,0.0,-8.2,-20.0,0.0 (cmd -0.1),0.0 (cmd 0.0)
0.8501000000000001,-18.29,-0.15,0.0,-14.01,-0.01,0.0,-14.0,-18.3,0.0 (cmd -0.1),0.0 (cmd -0.0)
0.8506,-10.59,-0.15,0.0,-19.53,-0.03,0.0,-19.5,-10.6,0.0 (cmd -0.1),0.0 (cmd -0.0)
0.8511,-11.1,-0.15,0.0,-23.88,-0.07,0.0,-23.9,-11.1,0.0 (cmd -0.1),0.0 (cmd -0.1)
0.8515999999999999,-10.87,-0.15,0.0,-30.28,-0.08,0.0,-30.3,-10.9,0.0 (cmd -0.1),0.0 (cmd -0.1)
0.8520999999999999,-11.01,-0.15,0.0,-33.92,-0.06,0.0,-33.9,-11.0,0.0 (cmd -0.1),0.0 (cmd -0.1)
0.8526,-10.84,-0.15,0.0,-35.07,-0.05,0.0,-35.1,-10.8,0.0 (cmd -0.1),0.0 (cmd -0.1)
0.8531,-10.91,-0.15,0.0,-34.01,0.0,0.0,-34.0,-10.9,0.0 (cmd -0.1),0.0 (cmd 0.0)
0.8536,-11.36,-0.15,0.0,-30.29,0.04,0.0,-30.3,-11.4,0.0 (cmd -0.1),0.0 (cmd 0.0)
0.8540999999999999,-12.69,-0.15,0.0,-22.59,0.08,0.0,-22.6,-12.7,0.0 (cmd -0.1),0.0 (cmd 0.1)
0.8545999999999999,-13.82,-0.12,0.0,-17.28,0.11,0.0,-17.3,-13.8,0.0 (cmd -0.1),0.0 (cmd 0.1)
0.8551,-15.08,-0.04,0.0,-11.26,0.12,0.0,-11.3,-15.1,0.0 (cmd -0.0),0.0 (cmd 0.1)
0.8556,-15.53,0.01,0.0,-9.91,0.12,0.0,-9.9,-15.5,0.0 (cmd 0.0),0.0 (cmd 0.1)
0.8561,-15.06,-0.02,0.0,-9.72,0.1,0.0,-9.7,-15.1,0.0 (cmd -0.0),0.0 (cmd 0.1)
0.8565999999999999,-13.61,-0.08,0.0,-9.52,0.08,0.0,-9.5,-13.6,0.0 (cmd -0.1),0.0 (cmd 0.1)
0.8570999999999999,-13.52,-0.09,0.0,-8.72,0.07,0.0,-8.7,-13.5,0.0 (cmd -0.1),0.0 (cmd 0.1)
0.8576,-13.02,-0.09,0.0,-7.61,0.07,0.0,-7.6,-13.0,0.0 (cmd -0.1),0.0 (cmd 0.1)
0.8581,-12.53,-0.1,0.0,-7.09,0.06,0.0,-7.1,-12.5,0.0 (cmd -0.1),0.0 (cmd 0.1)
0.8586,-12.27,-0.1,0.0,-6.25,0.05,0.0,-6.2,-12.3,0.0 (cmd -0.1),0.0 (cmd 0.1)
0.8590999999999999,-12.22,-0.1,0.0,-5.68,0.05,0.0,-5.7,-12.2,0.0 (cmd -0.1),0.0 (cmd 0.1)
0.8595999999999999,-12.45,-0.09,0.0,-5.52,0.05,0.0,-5.5,-12.4,0.0 (cmd -0.1),0.0 (cmd 0.1)
0.8601,-12.64,-0.08,0.0,-5.76,0.04,0.0,-5.8,-12.6,0.0 (cmd -0.1),0.0 (cmd 0.0)
0.8606,-12.56,-0.08,0.0,-6.3,0.04,0.0,-6.3,-12.6,0.0 (cmd -0.1),0.0 (cmd 0.0)
0.8611,-12.34,-0.09,0.0,-6.52,0.03,0.0,-6.5,-12.3,0.0 (cmd -0.1),0.0 (cmd 0.0)
0.8615999999999999,-11.99,-0.09,0.0,-6.63,0.03,0.0,-6.6,-12.0,0.0 (cmd -0.1),0.0 (cmd 0.0)
0.8620999999999999,-11.66,-0.1,0.0,-6.57,0.02,0.0,-6.6,-11.7,0.0 (cmd -0.1),0.0 (cmd 0.0)
0.8626,-10.83,-0.12,0.0,-6.42,0.02,0.0,-6.4,-10.8,0.0 (cmd -0.1),0.0 (cmd 0.0)
0.8631,-9.82,-0.13,0.0,-6.24,0.02,0.0,-6.2,-9.8,0.0 (cmd -0.1),0.0 (cmd 0.0)
0.8636,-8.83,-0.15,0.0,-5.98,0.02,0.0,-6.0,-8.8,0.0 (cmd -0.1),0.0 (cmd 0.0)
0.8640999999999999,-7.62,-0.15,0.0,-5.56,0.02,0.0,-5.6,-7.6,0.0 (cmd -0.1),0.0 (cmd 0.0)
0.8645999999999999,-6.67,-0.15,0.0,-5.2,0.01,0.0,-5.2,-6.7,0.0 (cmd -0.1),0.0 (cmd 0.0)
0.8651,-5.49,-0.15,0.0,-4.93,0.01,0.0,-4.9,-5.5,0.0 (cmd -0.1),0.0 (cmd 0.0)
0.8656,-4.59,-0.15,0.0,-4.62,0.01,0.0,-4.6,-4.6,0.0 (cmd -0.1),0.0 (cmd 0.0)
0.8661,-4.23,-0.15,0.0,-4.14,0.01,0.0,-4.1,-4.2,0.0 (cmd -0.1),0.0 (cmd 0.0)
0.8665999999999999,-4.17,-0.15,0.0,-4.05,0.01,0.0,-4.0,-4.2,0.0 (cmd -0.1),0.0 (cmd 0.0)
0.8670999999999999,-4.3,-0.15,0.0,-3.94,0.02,0.0,-3.9,-4.3,0.0 (cmd -0.1),0.0 (cmd 0.0)
0.8676,-4.37,-0.13,0.0,-3.81,0.02,0.0,-3.8,-4.4,0.0 (cmd -0.1),0.0 (cmd 0.0)
0.8681,-4.47,-0.12,0.0,-3.75,0.02,0.0,-3.8,-4.5,0.0 (cmd -0.1),0.0 (cmd 0.0)
0.8686,-4.5,-0.11,0.0,-3.66,0.02,0.0,-3.7,-4.5,0.0 (cmd -0.1),0.0 (cmd 0.0)
0.8690999999999999,-4.45,-0.11,0.0,-3.55,0.02,0.0,-3.5,-4.5,0.0 (cmd -0.1),0.0 (cmd 0.0)
0.8695999999999999,-4.33,-0.1,0.0,-3.57,0.02,0.0,-3.6,-4.3,0.0 (cmd -0.1),0.0 (cmd 0.0)
0.8701,-4.34,-0.1,0.0,-3.77,0.02,0.0,-3.8,-4.3,0.0 (cmd -0.1),0.0 (cmd 0.0)
0.8706,-4.39,-0.1,0.0,-4.02,0.02,0.0,-4.0,-4.4,0.0 (cmd -0.1),0.0 (cmd 0.0)
0.8711,-4.51,-0.1,0.0,-4.9,0.02,0.0,-4.9,-4.5,0.0 (cmd -0.1),0.0 (cmd 0.0)
0.8715999999999999,-4.39,-0.1,0.0,-5.79,0.01,0.0,-5.8,-4.4,0.0 (cmd -0.1),0.0 (cmd 0.0)
0.8720999999999999,-4.26,-0.11,0.0,-6.18,0.01,0.0,-6.2,-4.3,0.0 (cmd -0.1),0.0 (cmd 0.0)
0.8726,-4.45,-0.11,0.0,-6.42,0.01,0.0,-6.4,-4.5,0.0 (cmd -0.1),0.0 (cmd 0.0)
0.8731,-4.67,-0.1,0.0,-6.25,0.02,0.0,-6.2,-4.7,0.0 (cmd -0.1),0.0 (cmd 0.0)
0.8736,-5.0,-0.1,0.0,-5.73,0.02,0.0,-5.7,-5.0,0.0 (cmd -0.1),0.0 (cmd 0.0)
0.8740999999999999,-5.32,-0.08,0.0,-5.06,0.03,0.0,-5.1,-5.3,0.0 (cmd -0.1),0.0 (cmd 0.0)
0.8745999999999999,-5.32,-0.08,0.0,-4.11,0.03,0.0,-4.1,-5.3,0.0 (cmd -0.1),0.0 (cmd 0.0)
0.8751,-5.39,-0.07,0.0,-3.5,0.03,0.0,-3.5,-5.4,0.0 (cmd -0.1),0.0 (cmd 0.0)
0.8756,-5.41,-0.07,0.0,-3.19,0.03,0.0,-3.2,-5.4,0.0 (cmd -0.1),0.0 (cmd 0.0)
0.8761,-5.13,-0.07,0.0,-2.61,0.03,0.0,-2.6,-5.1,0.0 (cmd -0.1),0.0 (cmd 0.0)
0.8765999999999999,-4.96,-0.08,0.0,-2.47,0.03,0.0,-2.5,-5.0,0.0 (cmd -0.1),0.0 (cmd 0.0)
0.8770999999999999,-4.81,-0.09,0.0,-2.54,0.02,0.0,-2.5,-4.8,0.0 (cmd -0.1),0.0 (cmd 0.0)
0.8776,-4.82,-0.09,0.0,-2.67,0.02,0.0,-2.7,-4.8,0.0 (cmd -0.1),0.0 (cmd 0.0)
0.8781,-4.92,-0.09,0.0,-2.83,0.02,0.0,-2.8,-4.9,0.0 (cmd -0.1),0.0 (cmd 0.0)
0.8786,-5.0,-0.09,0.0,-2.89,0.02,0.0,-2.9,-5.0,0.0 (cmd -0.1),0.0 (cmd 0.0)
0.8790999999999999,-5.04,-0.08,0.0,-2.93,0.02,0.0,-2.9,-5.0,0.0 (cmd -0.1),0.0 (cmd 0.0)
0.8795999999999999,-4.99,-0.08,0.0,-3.03,0.02,0.0,-3.0,-5.0,0.0 (cmd -0.1),0.0 (cmd 0.0)
0.8801,-4.79,-0.09,0.0,-3.27,0.02,0.0,-3.3,-4.8,0.0 (cmd -0.1),0.0 (cmd 0.0)
0.8806,-4.76,-0.09,0.0,-3.48,0.01,0.0,-3.5,-4.8,0.0 (cmd -0.1),0.0 (cmd 0.0)
0.8811,-4.83,-0.09,0.0,-3.6,0.01,0.0,-3.6,-4.8,0.0 (cmd -0.1),0.0 (cmd 0.0)
0.8815999999999999,-4.99,-0.09,0.0,-3.7,0.01,0.0,-3.7,-5.0,0.0 (cmd -0.1),0.0 (cmd 0.0)
0.8820999999999999,-5.02,-0.09,0.0,-3.74,0.02,0.0,-3.7,-5.0,0.0 (cmd -0.1),0.0 (cmd 0.0)
0.8826,-5.13,-0.09,0.0,-3.89,0.02,0.0,-3.9,-5.1,0.0 (cmd -0.1),0.0 (cmd 0.0)
0.8831,-5.27,-0.09,0.0,-4.06,0.02,0.0,-4.1,-5.3,0.0 (cmd -0.1),0.0 (cmd 0.0)
0.8836,-5.38,-0.08,0.0,-4.13,0.02,0.0,-4.1,-5.4,0.0 (cmd -0.1),0.0 (cmd 0.0)
0.8840999999999999,-5.53,-0.08,0.0,-4.23,0.02,0.0,-4.2,-5.5,0.0 (cmd -0.1),0.0 (cmd 0.0)
0.8845999999999999,-5.55,-0.08,0.0,-4.25,0.02,0.0,-4.2,-5.5,0.0 (cmd -0.1),0.0 (cmd 0.0)
0.8851,-5.59,-0.08,0.0,-4.27,0.02,0.0,-4.3,-5.6,0.0 (cmd -0.1),0.0 (cmd 0.0)
0.8856,-5.62,-0.08,0.0,-4.29,0.02,0.0,-4.3,-5.6,0.0 (cmd -0.1),0.0 (cmd 0.0)
0.8861,-5.63,-0.08,0.0,-4.24,0.02,0.0,-4.2,-5.6,0.0 (cmd -0.1),0.0 (cmd 0.0)
0.8865999999999999,-5.63,-0.08,0.0,-4.16,0.02,0.0,-4.2,-5.6,0.0 (cmd -0.1),0.0 (cmd 0.0)
0.8870999999999999,-5.64,-0.09,0.0,-4.06,0.02,0.0,-4.1,-5.6,0.0 (cmd -0.1),0.0 (cmd 0.0)
0.8876000000000001,-5.63,-0.09,0.0,-4.06,0.02,0.0,-4.1,-5.6,0.0 (cmd -0.1),0.0 (cmd 0.0)
0.8881,-5.56,-0.09,0.0,-4.08,0.02,0.0,-4.1,-5.6,0.0 (cmd -0.1),0.0 (cmd 0.0)
0.8886000000000001,-5.54,-0.09,0.0,-4.05,0.02,0.0,-4.0,-5.5,0.0 (cmd -0.1),0.0 (cmd 0.0)
0.8890999999999999,-5.55,-0.09,0.0,-4.01,0.02,0.0,-4.0,-5.5,0.0 (cmd -0.1),0.0 (cmd 0.0)
0.8896,-5.51,-0.09,0.0,-3.98,0.02,0.0,-4.0,-5.5,0.0 (cmd -0.1),0.0 (cmd 0.0)
0.8901,-5.49,-0.09,0.0,-3.96,0.02,0.0,-4.0,-5.5,0.0 (cmd -0.1),0.0 (cmd 0.0)
0.8906000000000001,-5.49,-0.09,0.0,-3.99,0.02,0.0,-4.0,-5.5,0.0 (cmd -0.1),0.0 (cmd 0.0)
0.8911,-5.55,-0.09,0.0,-4.1,0.02,0.0,-4.1,-5.5,0.0 (cmd -0.1),0.0 (cmd 0.0)
0.8916,-5.62,-0.09,0.0,-4.13,0.02,0.0,-4.1,-5.6,0.0 (cmd -0.1),0.0 (cmd 0.0)
0.8920999999999999,-5.82,-0.09,0.0,-4.24,0.02,0.0,-4.2,-5.8,0.0 (cmd -0.1),0.0 (cmd 0.0)
0.8926000000000001,-5.98,-0.08,0.0,-4.33,0.02,0.0,-4.3,-6.0,0.0 (cmd -0.1),0.0 (cmd 0.0)
0.8931,-6.24,-0.08,0.0,-4.47,0.02,0.0,-4.5,-6.2,0.0 (cmd -0.1),0.0 (cmd 0.0)
0.8936000000000001,-6.41,-0.08,0.0,-4.82,0.02,0.0,-4.8,-6.4,0.0 (cmd -0.1),0.0 (cmd 0.0)
0.8940999999999999,-6.65,-0.07,0.0,-5.17,0.02,0.0,-5.2,-6.7,0.0 (cmd -0.1),0.0 (cmd 0.0)
0.8946,-6.72,-0.08,0.0,-5.45,0.02,0.0,-5.5,-6.7,0.0 (cmd -0.1),0.0 (cmd 0.0)
0.8951,-6.79,-0.08,0.0,-5.53,0.02,0.0,-5.5,-6.8,0.0 (cmd -0.1),0.0 (cmd 0.0)
0.8956000000000001,-6.83,-0.08,0.0,-5.55,0.02,0.0,-5.5,-6.8,0.0 (cmd -0.1),0.0 (cmd 0.0)
0.8961,-6.78,-0.08,0.0,-5.52,0.02,0.0,-5.5,-6.8,0.0 (cmd -0.1),0.0 (cmd 0.0)
0.8966,-6.76,-0.09,0.0,-5.5,0.02,0.0,-5.5,-6.8,0.0 (cmd -0.1),0.0 (cmd 0.0)
0.8970999999999999,-6.74,-0.09,0.0,-5.58,0.02,0.0,-5.6,-6.7,0.0 (cmd -0.1),0.0 (cmd 0.0)
0.8976000000000001,-6.66,-0.09,0.0,-5.62,0.02,0.0,-5.6,-6.7,0.0 (cmd -0.1),0.0 (cmd 0.0)
0.8981,-6.53,-0.09,0.0,-5.64,0.02,0.0,-5.6,-6.5,0.0 (cmd -0.1),0.0 (cmd 0.0)
0.8986000000000001,-6.42,-0.1,0.0,-5.68,0.02,0.0,-5.7,-6.4,0.0 (cmd -0.1),0.0 (cmd 0.0)
0.8990999999999999,-6.38,-0.1,0.0,-5.6,0.02,0.0,-5.6,-6.4,0.0 (cmd -0.1),0.0 (cmd 0.0)
0.8996,-6.28,-0.1,0.0,-5.54,0.02,0.0,-5.5,-6.3,0.0 (cmd -0.1),0.0 (cmd 0.0)
0.9001,-6.27,-0.1,0.0,-5.52,0.02,0.0,-5.5,-6.3,0.0 (cmd -0.1),0.0 (cmd 0.0)
0.9006000000000001,-6.22,-0.1,0.0,-5.5,0.02,0.0,-5.5,-6.2,0.0 (cmd -0.1),0.0 (cmd 0.0)
0.9011,-6.21,-0.1,0.0,-5.41,0.02,0.0,-5.4,-6.2,0.0 (cmd -0.1),0.0 (cmd 0.0)
0.9016,-6.17,-0.1,0.0,-5.32,0.02,0.0,-5.3,-6.2,0.0 (cmd -0.1),0.0 (cmd 0.0)
0.9020999999999999,-6.1,-0.1,0.0,-5.23,0.02,0.0,-5.2,-6.1,0.0 (cmd -0.1),0.0 (cmd 0.0)
0.9026000000000001,-6.06,-0.1,0.0,-5.11,0.02,0.0,-5.1,-6.1,0.0 (cmd -0.1),0.0 (cmd 0.0)
0.9031,-5.99,-0.1,0.0,-4.94,0.02,0.0,-4.9,-6.0,0.0 (cmd -0.1),0.0 (cmd 0.0)
0.9036000000000001,-5.91,-0.1,0.0,-4.73,0.02,0.0,-4.7,-5.9,0.0 (cmd -0.1),0.0 (cmd 0.0)
0.9040999999999999,-5.78,-0.1,0.0,-4.61,0.02,0.0,-4.6,-5.8,0.0 (cmd -0.1),0.0 (cmd 0.0)
0.9046,-5.79,-0.1,0.0,-4.6,0.02,0.0,-4.6,-5.8,0.0 (cmd -0.1),0.0 (cmd 0.0)
0.9051,-5.85,-0.1,0.0,-4.66,0.02,0.0,-4.7,-5.8,0.0 (cmd -0.1),0.0 (cmd 0.0)
0.9056000000000001,-5.9,-0.09,0.0,-4.56,0.02,0.0,-4.6,-5.9,0.0 (cmd -0.1),0.0 (cmd 0.0)
0.9061,-5.87,-0.09,0.0,-4.39,0.02,0.0,-4.4,-5.9,0.0 (cmd -0.1),0.0 (cmd 0.0)
0.9066,-5.79,-0.09,0.0,-4.28,0.02,0.0,-4.3,-5.8,0.0 (cmd -0.1),0.0 (cmd 0.0)
0.9070999999999999,-5.7,-0.09,0.0,-4.23,0.02,0.0,-4.2,-5.7,0.0 (cmd -0.1),0.0 (cmd 0.0)
0.9076000000000001,-5.7,-0.09,0.0,-4.19,0.02,0.0,-4.2,-5.7,0.0 (cmd -0.1),0.0 (cmd 0.0)
0.9081,-5.72,-0.09,0.0,-4.19,0.02,0.0,-4.2,-5.7,0.0 (cmd -0.1),0.0 (cmd 0.0)
0.9086000000000001,-5.71,-0.09,0.0,-4.27,0.02,0.0,-4.3,-5.7,0.0 (cmd -0.1),0.0 (cmd 0.0)
0.9090999999999999,-5.67,-0.09,0.0,-4.31,0.02,0.0,-4.3,-5.7,0.0 (cmd -0.1),0.0 (cmd 0.0)
0.9096,-5.62,-0.09,0.0,-4.33,0.02,0.0,-4.3,-5.6,0.0 (cmd -0.1),0.0 (cmd 0.0)
0.9101,-5.57,-0.09,0.0,-4.3,0.02,0.0,-4.3,-5.6,0.0 (cmd -0.1),0.0 (cmd 0.0)
0.9106000000000001,-5.55,-0.09,0.0,-4.29,0.02,0.0,-4.3,-5.5,0.0 (cmd -0.1),0.0 (cmd 0.0)
0.9111,-5.55,-0.09,0.0,-4.29,0.02,0.0,-4.3,-5.5,0.0 (cmd -0.1),0.0 (cmd 0.0)
0.9115999999999999,-5.54,-0.09,0.0,-4.27,0.02,0.0,-4.3,-5.5,0.0 (cmd -0.1),0.0 (cmd 0.0)
0.9120999999999999,-5.54,-0.09,0.0,-4.28,0.02,0.0,-4.3,-5.5,0.0 (cmd -0.1),0.0 (cmd 0.0)
0.9126000000000001,-5.55,-0.09,0.0,-4.3,0.02,0.0,-4.3,-5.5,0.0 (cmd -0.1),0.0 (cmd 0.0)
0.9131,-5.54,-0.09,0.0,-4.3,0.02,0.0,-4.3,-5.5,0.0 (cmd -0.1),0.0 (cmd 0.0)
0.9136,-5.52,-0.09,0.0,-4.25,0.02,0.0,-4.2,-5.5,0.0 (cmd -0.1),0.0 (cmd 0.0)
0.9140999999999999,-5.51,-0.09,0.0,-4.26,0.02,0.0,-4.3,-5.5,0.0 (cmd -0.1),0.0 (cmd 0.0)
0.9145999999999999,-5.5,-0.09,0.0,-4.28,0.02,0.0,-4.3,-5.5,0.0 (cmd -0.1),0.0 (cmd 0.0)
0.9151,-5.49,-0.09,0.0,-4.29,0.02,0.0,-4.3,-5.5,0.0 (cmd -0.1),0.0 (cmd 0.0)
0.9156,-5.5,-0.09,0.0,-4.3,0.02,0.0,-4.3,-5.5,0.0 (cmd -0.1),0.0 (cmd 0.0)
0.9161,-5.46,-0.09,0.0,-4.27,0.02,0.0,-4.3,-5.5,0.0 (cmd -0.1),0.0 (cmd 0.0)
0.9165999999999999,-5.42,-0.09,0.0,-4.23,0.02,0.0,-4.2,-5.4,0.0 (cmd -0.1),0.0 (cmd 0.0)
0.9170999999999999,-5.34,-0.09,0.0,-4.17,0.02,0.0,-4.2,-5.3,0.0 (cmd -0.1),0.0 (cmd 0.0)
0.9176,-5.3,-0.09,0.0,-4.1,0.02,0.0,-4.1,-5.3,0.0 (cmd -0.1),0.0 (cmd 0.0)
0.9181,-5.29,-0.09,0.0,-4.1,0.02,0.0,-4.1,-5.3,0.0 (cmd -0.1),0.0 (cmd 0.0)
0.9186,-5.27,-0.09,0.0,-4.13,0.02,0.0,-4.1,-5.3,0.0 (cmd -0.1),0.0 (cmd 0.0)
0.9190999999999999,-5.21,-0.09,0.0,-4.09,0.02,0.0,-4.1,-5.2,0.0 (cmd -0.1),0.0 (cmd 0.0)
0.9195999999999999,-5.19,-0.09,0.0,-4.1,0.02,0.0,-4.1,-5.2,0.0 (cmd -0.1),0.0 (cmd 0.0)
0.9201,-5.11,-0.09,0.0,-4.11,0.02,0.0,-4.1,-5.1,0.0 (cmd -0.1),0.0 (cmd 0.0)
0.9206,-5.07,-0.09,0.0,-4.08,0.02,0.0,-4.1,-5.1,0.0 (cmd -0.1),0.0 (cmd 0.0)
0.9211,-5.06,-0.09,0.0,-4.07,0.02,0.0,-4.1,-5.1,0.0 (cmd -0.1),0.0 (cmd 0.0)
0.9215999999999999,-5.04,-0.09,0.0,-4.08,0.02,0.0,-4.1,-5.0,0.0 (cmd -0.1),0.0 (cmd 0.0)
0.9220999999999999,-5.04,-0.09,0.0,-4.14,0.02,0.0,-4.1,-5.0,0.0 (cmd -0.1),0.0 (cmd 0.0)
0.9226,-5.04,-0.09,0.0,-4.18,0.02,0.0,-4.2,-5.0,0.0 (cmd -0.1),0.0 (cmd 0.0)
0.9231,-5.03,-0.09,0.0,-4.18,0.02,0.0,-4.2,-5.0,0.0 (cmd -0.1),0.0 (cmd 0.0)
0.9236,-5.03,-0.09,0.0,-4.18,0.02,0.0,-4.2,-5.0,0.0 (cmd -0.1),0.0 (cmd 0.0)
0.9240999999999999,-5.01,-0.09,0.0,-4.19,0.02,0.0,-4.2,-5.0,0.0 (cmd -0.1),0.0 (cmd 0.0)
0.9245999999999999,-5.02,-0.09,0.0,-4.19,0.02,0.0,-4.2,-5.0,0.0 (cmd -0.1),0.0 (cmd 0.0)
0.9251,-5.03,-0.09,0.0,-4.23,0.02,0.0,-4.2,-5.0,0.0 (cmd -0.1),0.0 (cmd 0.0)
0.9256,-5.04,-0.09,0.0,-4.24,0.02,0.0,-4.2,-5.0,0.0 (cmd -0.1),0.0 (cmd 0.0)
0.9261,-5.06,-0.09,0.0,-4.23,0.02,0.0,-4.2,-5.1,0.0 (cmd -0.1),0.0 (cmd 0.0)
0.9265999999999999,-5.07,-0.09,0.0,-4.24,0.02,0.0,-4.2,-5.1,0.0 (cmd -0.1),0.0 (cmd 0.0)
0.9270999999999999,-5.06,-0.09,0.0,-4.27,0.02,0.0,-4.3,-5.1,0.0 (cmd -0.1),0.0 (cmd 0.0)
0.9276,-5.06,-0.09,0.0,-4.25,0.02,0.0,-4.2,-5.1,0.0 (cmd -0.1),0.0 (cmd 0.0)
0.9281,-5.07,-0.09,0.0,-4.25,0.02,0.0,-4.2,-5.1,0.0 (cmd -0.1),0.0 (cmd 0.0)
0.9286,-5.07,-0.09,0.0,-4.26,0.02,0.0,-4.3,-5.1,0.0 (cmd -0.1),0.0 (cmd 0.0)
0.9290999999999999,-5.07,-0.09,0.0,-4.24,0.02,0.0,-4.2,-5.1,0.0 (cmd -0.1),0.0 (cmd 0.0)
0.9295999999999999,-5.07,-0.09,0.0,-4.28,0.02,0.0,-4.3,-5.1,0.0 (cmd -0.1),0.0 (cmd 0.0)
0.9301,-5.09,-0.09,0.0,-4.31,0.02,0.0,-4.3,-5.1,0.0 (cmd -0.1),0.0 (cmd 0.0)
0.9306,-5.08,-0.09,0.0,-4.29,0.02,0.0,-4.3,-5.1,0.0 (cmd -0.1),0.0 (cmd 0.0)
0.9311,-5.06,-0.09,0.0,-4.27,0.02,0.0,-4.3,-5.1,0.0 (cmd -0.1),0.0 (cmd 0.0)
0.9317000000000001,-5.05,-0.09,0.0,-4.27,0.02,0.0,-4.3,-5.0,0.0 (cmd -0.1),0.0 (cmd 0.0)
0.9322,-5.07,-0.09,0.0,-4.29,0.02,0.0,-4.3,-5.1,0.0 (cmd -0.1),0.0 (cmd 0.0)
0.9327,-5.11,-0.09,0.0,-4.32,0.02,0.0,-4.3,-5.1,0.0 (cmd -0.1),0.0 (cmd 0.0)
0.9331999999999999,-5.14,-0.09,0.0,-4.35,0.02,0.0,-4.3,-5.1,0.0 (cmd -0.1),0.0 (cmd 0.0)
0.9337000000000001,-5.13,-0.09,0.0,-4.35,0.02,0.0,-4.3,-5.1,0.0 (cmd -0.1),0.0 (cmd 0.0)
0.9342,-5.11,-0.09,0.0,-4.33,0.02,0.0,-4.3,-5.1,0.0 (cmd -0.1),0.0 (cmd 0.0)
0.9347000000000001,-5.09,-0.09,0.0,-4.31,0.02,0.0,-4.3,-5.1,0.0 (cmd -0.1),0.0 (cmd 0.0)
0.9351999999999999,-5.12,-0.09,0.0,-4.3,0.02,0.0,-4.3,-5.1,0.0 (cmd -0.1),0.0 (cmd 0.0)
0.9357,-5.15,-0.09,0.0,-4.34,0.02,0.0,-4.3,-5.2,0.0 (cmd -0.1),0.0 (cmd 0.0)
0.9362,-5.17,-0.09,0.0,-4.38,0.02,0.0,-4.4,-5.2,0.0 (cmd -0.1),0.0 (cmd 0.0)
0.9367000000000001,-5.17,-0.09,0.0,-4.36,0.02,0.0,-4.4,-5.2,0.0 (cmd -0.1),0.0 (cmd 0.0)
0.9372,-5.18,-0.09,0.0,-4.37,0.02,0.0,-4.4,-5.2,0.0 (cmd -0.1),0.0 (cmd 0.0)
0.9377,-5.21,-0.09,0.0,-4.37,0.02,0.0,-4.4,-5.2,0.0 (cmd -0.1),0.0 (cmd 0.0)
0.9381999999999999,-5.22,-0.09,0.0,-4.41,0.02,0.0,-4.4,-5.2,0.0 (cmd -0.1),0.0 (cmd 0.0)
0.9387000000000001,-5.22,-0.09,0.0,-4.43,0.02,0.0,-4.4,-5.2,0.0 (cmd -0.1),0.0 (cmd 0.0)
0.9392,-5.23,-0.09,0.0,-4.44,0.02,0.0,-4.4,-5.2,0.0 (cmd -0.1),0.0 (cmd 0.0)
0.9397000000000001,-5.26,-0.09,0.0,-4.48,0.02,0.0,-4.5,-5.3,0.0 (cmd -0.1),0.0 (cmd 0.0)
0.9401999999999999,-5.27,-0.09,0.0,-4.49,0.02,0.0,-4.5,-5.3,0.0 (cmd -0.1),0.0 (cmd 0.0)
0.9407,-5.28,-0.09,0.0,-4.5,0.02,0.0,-4.5,-5.3,0.0 (cmd -0.1),0.0 (cmd 0.0)
0.9412,-5.28,-0.09,0.0,-4.52,0.02,0.0,-4.5,-5.3,0.0 (cmd -0.1),0.0 (cmd 0.0)
0.9417000000000001,-5.3,-0.09,0.0,-4.53,0.02,0.0,-4.5,-5.3,0.0 (cmd -0.1),0.0 (cmd 0.0)
0.9422,-5.31,-0.09,0.0,-4.53,0.02,0.0,-4.5,-5.3,0.0 (cmd -0.1),0.0 (cmd 0.0)
0.9427,-5.31,-0.09,0.0,-4.51,0.02,0.0,-4.5,-5.3,0.0 (cmd -0.1),0.0 (cmd 0.0)
0.9431999999999999,-5.29,-0.09,0.0,-4.52,0.02,0.0,-4.5,-5.3,0.0 (cmd -0.1),0.0 (cmd 0.0)
0.9437000000000001,-5.28,-0.09,0.0,-4.52,0.02,0.0,-4.5,-5.3,0.0 (cmd -0.1),0.0 (cmd 0.0)
0.9442,-5.29,-0.09,0.0,-4.51,0.02,0.0,-4.5,-5.3,0.0 (cmd -0.1),0.0 (cmd 0.0)
0.9447000000000001,-5.29,-0.09,0.0,-4.51,0.02,0.0,-4.5,-5.3,0.0 (cmd -0.1),0.0 (cmd 0.0)
0.9451999999999999,-5.3,-0.09,0.0,-4.51,0.02,0.0,-4.5,-5.3,0.0 (cmd -0.1),0.0 (cmd 0.0)
0.9457,-5.29,-0.09,0.0,-4.51,0.02,0.0,-4.5,-5.3,0.0 (cmd -0.1),0.0 (cmd 0.0)
0.9462,-5.27,-0.09,0.0,-4.52,0.02,0.0,-4.5,-5.3,0.0 (cmd -0.1),0.0 (cmd 0.0)
0.9467000000000001,-5.28,-0.09,0.0,-4.52,0.02,0.0,-4.5,-5.3,0.0 (cmd -0.1),0.0 (cmd 0.0)
0.9472,-5.29,-0.09,0.0,-4.53,0.02,0.0,-4.5,-5.3,0.0 (cmd -0.1),0.0 (cmd 0.0)
0.9477,-5.28,-0.09,0.0,-4.56,0.02,0.0,-4.6,-5.3,0.0 (cmd -0.1),0.0 (cmd 0.0)
0.9481999999999999,-5.29,-0.09,0.0,-4.58,0.02,0.0,-4.6,-5.3,0.0 (cmd -0.1),0.0 (cmd 0.0)
0.9487000000000001,-5.3,-0.09,0.0,-4.61,0.02,0.0,-4.6,-5.3,0.0 (cmd -0.1),0.0 (cmd 0.0)
0.9492,-5.31,-0.09,0.0,-4.6,0.02,0.0,-4.6,-5.3,0.0 (cmd -0.1),0.0 (cmd 0.0)
0.9497000000000001,-5.3,-0.09,0.0,-4.58,0.02,0.0,-4.6,-5.3,0.0 (cmd -0.1),0.0 (cmd 0.0)
0.9501999999999999,-5.31,-0.09,0.0,-4.61,0.02,0.0,-4.6,-5.3,0.0 (cmd -0.1),0.0 (cmd 0.0)
0.9506999999999999,-5.33,-0.09,0.0,-4.63,0.02,0.0,-4.6,-5.3,0.0 (cmd -0.1),0.0 (cmd 0.0)
0.9512,-5.33,-0.09,0.0,-4.62,0.02,0.0,-4.6,-5.3,0.0 (cmd -0.1),0.0 (cmd 0.0)
0.9517,-5.33,-0.09,0.0,-4.63,0.02,0.0,-4.6,-5.3,0.0 (cmd -0.1),0.0 (cmd 0.0)
0.9522,-5.36,-0.09,0.0,-4.65,0.02,0.0,-4.7,-5.4,0.0 (cmd -0.1),0.0 (cmd 0.0)
0.9526999999999999,-5.37,-0.09,0.0,-4.67,0.02,0.0,-4.7,-5.4,0.0 (cmd -0.1),0.0 (cmd 0.0)
0.9531999999999999,-5.37,-0.09,0.0,-4.66,0.02,0.0,-4.7,-5.4,0.0 (cmd -0.1),0.0 (cmd 0.0)
0.9537,-5.37,-0.09,0.0,-4.67,0.02,0.0,-4.7,-5.4,0.0 (cmd -0.1),0.0 (cmd 0.0)
0.9542,-5.34,-0.09,0.0,-4.68,0.02,0.0,-4.7,-5.3,0.0 (cmd -0.1),0.0 (cmd 0.0)
0.9547,-5.34,-0.09,0.0,-4.67,0.02,0.0,-4.7,-5.3,0.0 (cmd -0.1),0.0 (cmd 0.0)
0.9551999999999999,-5.35,-0.09,0.0,-4.67,0.02,0.0,-4.7,-5.3,0.0 (cmd -0.1),0.0 (cmd 0.0)
0.9556999999999999,-5.35,-0.09,0.0,-4.66,0.02,0.0,-4.7,-5.3,0.0 (cmd -0.1),0.0 (cmd 0.0)
0.9562,-5.35,-0.09,0.0,-4.7,0.02,0.0,-4.7,-5.3,0.0 (cmd -0.1),0.0 (cmd 0.0)
0.9567,-5.36,-0.09,0.0,-4.74,0.02,0.0,-4.7,-5.4,0.0 (cmd -0.1),0.0 (cmd 0.0)
0.9572,-5.34,-0.09,0.0,-4.72,0.02,0.0,-4.7,-5.3,0.0 (cmd -0.1),0.0 (cmd 0.0)
0.9576999999999999,-5.32,-0.09,0.0,-4.69,0.02,0.0,-4.7,-5.3,0.0 (cmd -0.1),0.0 (cmd 0.0)
0.9581999999999999,-5.31,-0.09,0.0,-4.67,0.02,0.0,-4.7,-5.3,0.0 (cmd -0.1),0.0 (cmd 0.0)
0.9587,-5.33,-0.09,0.0,-4.66,0.02,0.0,-4.7,-5.3,0.0 (cmd -0.1),0.0 (cmd 0.0)
0.9592,-5.29,-0.09,0.0,-4.63,0.02,0.0,-4.6,-5.3,0.0 (cmd -0.1),0.0 (cmd 0.0)
0.9597,-5.25,-0.09,0.0,-4.62,0.02,0.0,-4.6,-5.2,0.0 (cmd -0.1),0.0 (cmd 0.0)
0.9601999999999999,-5.24,-0.09,0.0,-4.57,0.02,0.0,-4.6,-5.2,0.0 (cmd -0.1),0.0 (cmd 0.0)
0.9606999999999999,-5.26,-0.09,0.0,-4.58,0.02,0.0,-4.6,-5.3,0.0 (cmd -0.1),0.0 (cmd 0.0)
0.9612,-5.28,-0.09,0.0,-4.59,0.02,0.0,-4.6,-5.3,0.0 (cmd -0.1),0.0 (cmd 0.0)
0.9617,-5.27,-0.09,0.0,-4.57,0.02,0.0,-4.6,-5.3,0.0 (cmd -0.1),0.0 (cmd 0.0)
0.9622,-5.24,-0.09,0.0,-4.56,0.02,0.0,-4.6,-5.2,0.0 (cmd -0.1),0.0 (cmd 0.0)
0.9626999999999999,-5.24,-0.09,0.0,-4.56,0.02,0.0,-4.6,-5.2,0.0 (cmd -0.1),0.0 (cmd 0.0)
0.9632,-5.26,-0.09,0.0,-4.57,0.02,0.0,-4.6,-5.3,0.0 (cmd -0.1),0.0 (cmd 0.0)
0.9637,-5.26,-0.09,0.0,-4.56,0.02,0.0,-4.6,-5.3,0.0 (cmd -0.1),0.0 (cmd 0.0)
0.9642000000000001,-5.24,-0.09,0.0,-4.55,0.02,0.0,-4.5,-5.2,0.0 (cmd -0.1),0.0 (cmd 0.0)
0.9647,-5.23,-0.09,0.0,-4.55,0.02,0.0,-4.5,-5.2,0.0 (cmd -0.1),0.0 (cmd 0.0)
0.9652,-5.23,-0.09,0.0,-4.56,0.02,0.0,-4.6,-5.2,0.0 (cmd -0.1),0.0 (cmd 0.0)
0.9656999999999999,-5.24,-0.09,0.0,-4.55,0.02,0.0,-4.5,-5.2,0.0 (cmd -0.1),0.0 (cmd 0.0)
0.9662000000000001,-5.26,-0.09,0.0,-4.53,0.02,0.0,-4.5,-5.3,0.0 (cmd -0.1),0.0 (cmd 0.0)
0.9667,-5.24,-0.09,0.0,-4.54,0.02,0.0,-4.5,-5.2,0.0 (cmd -0.1),0.0 (cmd 0.0)
0.9672000000000001,-5.23,-0.09,0.0,-4.53,0.02,0.0,-4.5,-5.2,0.0 (cmd -0.1),0.0 (cmd 0.0)
0.9676999999999999,-5.26,-0.09,0.0,-4.55,0.02,0.0,-4.5,-5.3,0.0 (cmd -0.1),0.0 (cmd 0.0)
0.9682,-5.26,-0.09,0.0,-4.56,0.02,0.0,-4.6,-5.3,0.0 (cmd -0.1),0.0 (cmd 0.0)
0.9687,-5.23,-0.09,0.0,-4.54,0.02,0.0,-4.5,-5.2,0.0 (cmd -0.1),0.0 (cmd 0.0)
0.9692000000000001,-5.23,-0.09,0.0,-4.56,0.02,0.0,-4.6,-5.2,0.0 (cmd -0.1),0.0 (cmd 0.0)
0.9697,-5.26,-0.09,0.0,-4.57,0.02,0.0,-4.6,-5.3,0.0 (cmd -0.1),0.0 (cmd 0.0)
0.9702,-5.24,-0.09,0.0,-4.57,0.02,0.0,-4.6,-5.2,0.0 (cmd -0.1),0.0 (cmd 0.0)
0.9706999999999999,-5.25,-0.09,0.0,-4.57,0.02,0.0,-4.6,-5.2,0.0 (cmd -0.1),0.0 (cmd 0.0)
0.9712000000000001,-5.27,-0.09,0.0,-4.59,0.02,0.0,-4.6,-5.3,0.0 (cmd -0.1),0.0 (cmd 0.0)
0.9717,-5.28,-0.09,0.0,-4.61,0.02,0.0,-4.6,-5.3,0.0 (cmd -0.1),0.0 (cmd 0.0)
0.9722000000000001,-5.29,-0.09,0.0,-4.6,0.02,0.0,-4.6,-5.3,0.0 (cmd -0.1),0.0 (cmd 0.0)
0.9726999999999999,-5.28,-0.09,0.0,-4.6,0.02,0.0,-4.6,-5.3,0.0 (cmd -0.1),0.0 (cmd 0.0)
0.9732,-5.28,-0.09,0.0,-4.6,0.02,0.0,-4.6,-5.3,0.0 (cmd -0.1),0.0 (cmd 0.0)
0.9737,-5.28,-0.09,0.0,-4.6,0.02,0.0,-4.6,-5.3,0.0 (cmd -0.1),0.0 (cmd 0.0)
0.9742000000000001,-5.27,-0.09,0.0,-4.58,0.02,0.0,-4.6,-5.3,0.0 (cmd -0.1),0.0 (cmd 0.0)
0.9747,-5.24,-0.09,0.0,-4.56,0.02,0.0,-4.6,-5.2,0.0 (cmd -0.1),0.0 (cmd 0.0)
0.9752,-5.24,-0.09,0.0,-4.57,0.02,0.0,-4.6,-5.2,0.0 (cmd -0.1),0.0 (cmd 0.0)
0.9756999999999999,-5.25,-0.09,0.0,-4.58,0.02,0.0,-4.6,-5.2,0.0 (cmd -0.1),0.0 (cmd 0.0)
0.9762000000000001,-5.22,-0.09,0.0,-4.56,0.02,0.0,-4.6,-5.2,0.0 (cmd -0.1),0.0 (cmd 0.0)
0.9767,-5.18,-0.09,0.0,-4.5,0.02,0.0,-4.5,-5.2,0.0 (cmd -0.1),0.0 (cmd 0.0)
0.9772000000000001,-5.16,-0.09,0.0,-4.51,0.02,0.0,-4.5,-5.2,0.0 (cmd -0.1),0.0 (cmd 0.0)
0.9776999999999999,-5.17,-0.09,0.0,-4.52,0.02,0.0,-4.5,-5.2,0.0 (cmd -0.1),0.0 (cmd 0.0)
0.9782,-5.19,-0.09,0.0,-4.52,0.02,0.0,-4.5,-5.2,0.0 (cmd -0.1),0.0 (cmd 0.0)
0.9787,-5.17,-0.09,0.0,-4.52,0.02,0.0,-4.5,-5.2,0.0 (cmd -0.1),0.0 (cmd 0.0)
0.9792000000000001,-5.17,-0.09,0.0,-4.52,0.02,0.0,-4.5,-5.2,0.0 (cmd -0.1),0.0 (cmd 0.0)
0.9797,-5.2,-0.09,0.0,-4.53,0.02,0.0,-4.5,-5.2,0.0 (cmd -0.1),0.0 (cmd 0.0)
0.9802,-5.22,-0.09,0.0,-4.55,0.02,0.0,-4.5,-5.2,0.0 (cmd -0.1),0.0 (cmd 0.0)
0.9806999999999999,-5.21,-0.09,0.0,-4.56,0.02,0.0,-4.6,-5.2,0.0 (cmd -0.1),0.0 (cmd 0.0)
0.9812000000000001,-5.22,-0.09,0.0,-4.55,0.02,0.0,-4.5,-5.2,0.0 (cmd -0.1),0.0 (cmd 0.0)
0.9817,-5.23,-0.09,0.0,-4.57,0.02,0.0,-4.6,-5.2,0.0 (cmd -0.1),0.0 (cmd 0.0)
0.9822000000000001,-5.24,-0.09,0.0,-4.59,0.02,0.0,-4.6,-5.2,0.0 (cmd -0.1),0.0 (cmd 0.0)
0.9826999999999999,-5.24,-0.09,0.0,-4.6,0.02,0.0,-4.6,-5.2,0.0 (cmd -0.1),0.0 (cmd 0.0)
0.9832,-5.23,-0.09,0.0,-4.59,0.02,0.0,-4.6,-5.2,0.0 (cmd -0.1),0.0 (cmd 0.0)
0.9837,-5.21,-0.09,0.0,-4.57,0.02,0.0,-4.6,-5.2,0.0 (cmd -0.1),0.0 (cmd 0.0)
0.9842000000000001,-5.22,-0.09,0.0,-4.58,0.02,0.0,-4.6,-5.2,0.0 (cmd -0.1),0.0 (cmd 0.0)
0.9847,-5.23,-0.09,0.0,-4.6,0.02,0.0,-4.6,-5.2,0.0 (cmd -0.1),0.0 (cmd 0.0)
0.9852,-5.2,-0.09,0.0,-4.58,0.02,0.0,-4.6,-5.2,0.0 (cmd -0.1),0.0 (cmd 0.0)
0.9856999999999999,-5.18,-0.09,0.0,-4.56,0.02,0.0,-4.6,-5.2,0.0 (cmd -0.1),0.0 (cmd 0.0)
0.9862000000000001,-5.18,-0.09,0.0,-4.56,0.02,0.0,-4.6,-5.2,0.0 (cmd -0.1),0.0 (cmd 0.0)
0.9867,-5.18,-0.09,0.0,-4.56,0.02,0.0,-4.6,-5.2,0.0 (cmd -0.1),0.0 (cmd 0.0)
0.9872000000000001,-5.2,-0.09,0.0,-4.55,0.02,0.0,-4.5,-5.2,0.0 (cmd -0.1),0.0 (cmd 0.0)
0.9876999999999999,-5.18,-0.09,0.0,-4.55,0.02,0.0,-4.5,-5.2,0.0 (cmd -0.1),0.0 (cmd 0.0)
0.9882,-5.19,-0.09,0.0,-4.56,0.02,0.0,-4.6,-5.2,0.0 (cmd -0.1),0.0 (cmd 0.0)
0.9887,-5.23,-0.09,0.0,-4.57,0.02,0.0,-4.6,-5.2,0.0 (cmd -0.1),0.0 (cmd 0.0)
0.9892000000000001,-5.23,-0.09,0.0,-4.57,0.02,0.0,-4.6,-5.2,0.0 (cmd -0.1),0.0 (cmd 0.0)
0.9897,-5.23,-0.09,0.0,-4.57,0.02,0.0,-4.6,-5.2,0.0 (cmd -0.1),0.0 (cmd 0.0)
0.9902,-5.23,-0.09,0.0,-4.56,0.02,0.0,-4.6,-5.2,0.0 (cmd -0.1),0.0 (cmd 0.0)
0.9906999999999999,-5.24,-0.09,0.0,-4.58,0.02,0.0,-4.6,-5.2,0.0 (cmd -0.1),0.0 (cmd 0.0)
0.9912000000000001,-5.26,-0.09,0.0,-4.62,0.02,0.0,-4.6,-5.3,0.0 (cmd -0.1),0.0 (cmd 0.0)
0.9917,-5.29,-0.09,0.0,-4.65,0.02,0.0,-4.7,-5.3,0.0 (cmd -0.1),0.0 (cmd 0.0)
0.9922000000000001,-5.29,-0.09,0.0,-4.63,0.02,0.0,-4.6,-5.3,0.0 (cmd -0.1),0.0 (cmd 0.0)
0.9926999999999999,-5.29,-0.09,0.0,-4.63,0.02,0.0,-4.6,-5.3,0.0 (cmd -0.1),0.0 (cmd 0.0)
0.9932,-5.29,-0.09,0.0,-4.63,0.02,0.0,-4.6,-5.3,0.0 (cmd -0.1),0.0 (cmd 0.0)
0.9937,-5.28,-0.09,0.0,-4.62,0.02,0.0,-4.6,-5.3,0.0 (cmd -0.1),0.0 (cmd 0.0)
0.9942000000000001,-5.27,-0.09,0.0,-4.61,0.02,0.0,-4.6,-5.3,0.0 (cmd -0.1),0.0 (cmd 0.0)
0.9947,-5.28,-0.09,0.0,-4.61,0.02,0.0,-4.6,-5.3,0.0 (cmd -0.1),0.0 (cmd 0.0)
0.9952,-5.28,-0.09,0.0,-4.61,0.02,0.0,-4.6,-5.3,0.0 (cmd -0.1),0.0 (cmd 0.0)
0.9956999999999999,-5.27,-0.09,0.0,-4.6,0.02,0.0,-4.6,-5.3,0.0 (cmd -0.1),0.0 (cmd 0.0)
0.9962000000000001,-5.26,-0.09,0.0,-4.56,0.02,0.0,-4.6,-5.3,0.0 (cmd -0.1),0.0 (cmd 0.0)
0.9967,-5.23,-0.09,0.0,-4.55,0.02,0.0,-4.5,-5.2,0.0 (cmd -0.1),0.0 (cmd 0.0)
0.9972000000000001,-5.23,-0.09,0.0,-4.55,0.02,0.0,-4.5,-5.2,0.0 (cmd -0.1),0.0 (cmd 0.0)
0.9976999999999999,-5.23,-0.09,0.0,-4.56,0.02,0.0,-4.6,-5.2,0.0 (cmd -0.1),0.0 (cmd 0.0)
0.9982,-5.23,-0.09,0.0,-4.56,0.02,0.0,-4.6,-5.2,0.0 (cmd -0.1),0.0 (cmd 0.0)
0.9987,-5.22,-0.09,0.0,-4.54,0.02,0.0,-4.5,-5.2,0.0 (cmd -0.1),0.0 (cmd 0.0)
0.9992000000000001,-5.21,-0.09,0.0,-4.53,0.02,0.0,-4.5,-5.2,0.0 (cmd -0.1),0.0 (cmd 0.0)
0.9997,-5.19,-0.09,0.0,-4.53,0.02,0.0,-4.5,-5.2,0.0 (cmd -0.1),0.0 (cmd 0.0)
1.0002,-5.19,-0.09,0.0,-4.53,0.02,0.0,-4.5,-5.2,0.0 (cmd -0.1),0.0 (cmd 0.0)
1.0007,-5.2,-0.09,0.0,-4.54,0.02,0.0,-4.5,-5.2,0.0 (cmd -0.1),0.0 (cmd 0.0)
1.0012,-5.22,-0.09,0.0,-4.57,0.02,0.0,-4.6,-5.2,0.0 (cmd -0.1),0.0 (cmd 0.0)
1.0017,-5.2,-0.09,0.0,-4.61,0.02,0.0,-4.6,-5.2,0.0 (cmd -0.1),0.0 (cmd 0.0)
1.0022,-5.2,-0.09,0.0,-4.6,0.02,0.0,-4.6,-5.2,0.0 (cmd -0.1),0.0 (cmd 0.0)
1.0027,-5.22,-0.09,0.0,-4.57,0.02,0.0,-4.6,-5.2,0.0 (cmd -0.1),0.0 (cmd 0.0)
1.0031999999999999,-5.26,-0.09,0.0,-4.6,0.02,0.0,-4.6,-5.3,0.0 (cmd -0.1),0.0 (cmd 0.0)
1.0037,-5.27,-0.09,0.0,-4.62,0.02,0.0,-4.6,-5.3,0.0 (cmd -0.1),0.0 (cmd 0.0)
1.0042,-5.27,-0.09,0.0,-4.6,0.02,0.0,-4.6,-5.3,0.0 (cmd -0.1),0.0 (cmd 0.0)
1.0047000000000001,-5.26,-0.09,0.0,-4.61,0.02,0.0,-4.6,-5.3,0.0 (cmd -0.1),0.0 (cmd 0.0)
1.0051999999999999,-5.28,-0.09,0.0,-4.66,0.02,0.0,-4.7,-5.3,0.0 (cmd -0.1),0.0 (cmd 0.0)
1.0057,-5.31,-0.09,0.0,-4.68,0.02,0.0,-4.7,-5.3,0.0 (cmd -0.1),0.0 (cmd 0.0)
1.0062,-5.31,-0.09,0.0,-4.68,0.02,0.0,-4.7,-5.3,0.0 (cmd -0.1),0.0 (cmd 0.0)
1.0067000000000002,-5.3,-0.09,0.0,-4.69,0.02,0.0,-4.7,-5.3,0.0 (cmd -0.1),0.0 (cmd 0.0)
1.0072,-5.32,-0.09,0.0,-4.71,0.02,0.0,-4.7,-5.3,0.0 (cmd -0.1),0.0 (cmd 0.0)
1.0077,-5.35,-0.09,0.0,-4.73,0.02,0.0,-4.7,-5.3,0.0 (cmd -0.1),0.0 (cmd 0.0)
1.0082,-5.37,-0.09,0.0,-4.75,0.02,0.0,-4.8,-5.4,0.0 (cmd -0.1),0.0 (cmd 0.0)
1.0087000000000002,-5.36,-0.09,0.0,-4.75,0.02,0.0,-4.8,-5.4,0.0 (cmd -0.1),0.0 (cmd 0.0)
1.0092,-5.36,-0.09,0.0,-4.75,0.02,0.0,-4.8,-5.4,0.0 (cmd -0.1),0.0 (cmd 0.0)
1.0097,-5.36,-0.09,0.0,-4.77,0.02,0.0,-4.8,-5.4,0.0 (cmd -0.1),0.0 (cmd 0.0)
1.0102,-5.38,-0.09,0.0,-4.78,0.02,0.0,-4.8,-5.4,0.0 (cmd -0.1),0.0 (cmd 0.0)
1.0107,-5.39,-0.09,0.0,-4.78,0.02,0.0,-4.8,-5.4,0.0 (cmd -0.1),0.0 (cmd 0.0)
1.0112,-5.39,-0.09,0.0,-4.79,0.02,0.0,-4.8,-5.4,0.0 (cmd -0.1),0.0 (cmd 0.0)
1.0117,-5.39,-0.09,0.0,-4.78,0.02,0.0,-4.8,-5.4,0.0 (cmd -0.1),0.0 (cmd 0.0)
1.0122,-5.39,-0.09,0.0,-4.77,0.02,0.0,-4.8,-5.4,0.0 (cmd -0.1),0.0 (cmd 0.0)
1.0127,-5.39,-0.09,0.0,-4.8,0.02,0.0,-4.8,-5.4,0.0 (cmd -0.1),0.0 (cmd 0.0)
1.0131999999999999,-5.38,-0.09,0.0,-4.79,0.02,0.0,-4.8,-5.4,0.0 (cmd -0.1),0.0 (cmd 0.0)
1.0137,-5.39,-0.09,0.0,-4.78,0.02,0.0,-4.8,-5.4,0.0 (cmd -0.1),0.0 (cmd 0.0)
1.0142,-5.37,-0.09,0.0,-4.79,0.02,0.0,-4.8,-5.4,0.0 (cmd -0.1),0.0 (cmd 0.0)
1.0147,-5.35,-0.09,0.0,-4.79,0.02,0.0,-4.8,-5.3,0.0 (cmd -0.1),0.0 (cmd 0.0)
1.0151999999999999,-5.35,-0.09,0.0,-4.82,0.02,0.0,-4.8,-5.3,0.0 (cmd -0.1),0.0 (cmd 0.0)
1.0156999999999998,-5.32,-0.09,0.0,-4.83,0.02,0.0,-4.8,-5.3,0.0 (cmd -0.1),0.0 (cmd 0.0)
1.0162,-5.27,-0.09,0.0,-4.81,0.02,0.0,-4.8,-5.3,0.0 (cmd -0.1),0.0 (cmd 0.0)
1.0167,-5.21,-0.1,0.0,-4.75,0.02,0.0,-4.8,-5.2,0.0 (cmd -0.1),0.0 (cmd 0.0)
1.0172,-5.16,-0.1,0.0,-4.8,0.02,0.0,-4.8,-5.2,0.0 (cmd -0.1),0.0 (cmd 0.0)
1.0176999999999998,-5.18,-0.1,0.0,-4.96,0.02,0.0,-5.0,-5.2,0.0 (cmd -0.1),0.0 (cmd 0.0)
1.0182,-5.22,-0.1,0.0,-5.08,0.02,0.0,-5.1,-5.2,0.0 (cmd -0.1),0.0 (cmd 0.0)
1.0187,-5.27,-0.1,0.0,-5.09,0.02,0.0,-5.1,-5.3,0.0 (cmd -0.1),0.0 (cmd 0.0)
1.0192,-5.31,-0.09,0.0,-5.08,0.02,0.0,-5.1,-5.3,0.0 (cmd -0.1),0.0 (cmd 0.0)
1.0197,-5.3,-0.09,0.0,-5.15,0.02,0.0,-5.2,-5.3,0.0 (cmd -0.1),0.0 (cmd 0.0)
1.0202,-5.31,-0.09,0.0,-5.43,0.02,0.0,-5.4,-5.3,0.0 (cmd -0.1),0.0 (cmd 0.0)
1.0207,-5.33,-0.1,0.0,-5.65,0.02,0.0,-5.7,-5.3,0.0 (cmd -0.1),0.0 (cmd 0.0)
1.0212,-5.38,-0.1,0.0,-5.92,0.02,0.0,-5.9,-5.4,0.0 (cmd -0.1),0.0 (cmd 0.0)
1.0217,-5.44,-0.1,0.0,-6.2,0.02,0.0,-6.2,-5.4,0.0 (cmd -0.1),0.0 (cmd 0.0)
1.0222,-5.52,-0.1,0.0,-6.51,0.02,0.0,-6.5,-5.5,0.0 (cmd -0.1),0.0 (cmd 0.0)
1.0227,-5.59,-0.1,0.0,-6.64,0.02,0.0,-6.6,-5.6,0.0 (cmd -0.1),0.0 (cmd 0.0)
1.0231999999999999,-5.73,-0.1,0.0,-6.76,0.02,0.0,-6.8,-5.7,0.0 (cmd -0.1),0.0 (cmd 0.0)
1.0237,-5.85,-0.09,0.0,-6.9,0.02,0.0,-6.9,-5.8,0.0 (cmd -0.1),0.0 (cmd 0.0)
1.0242,-5.96,-0.09,0.0,-7.07,0.02,0.0,-7.1,-6.0,0.0 (cmd -0.1),0.0 (cmd 0.0)
1.0247,-6.16,-0.09,0.0,-7.23,0.03,0.0,-7.2,-6.2,0.0 (cmd -0.1),0.0 (cmd 0.0)
1.0252000000000001,-6.23,-0.09,0.0,-7.33,0.03,0.0,-7.3,-6.2,0.0 (cmd -0.1),0.0 (cmd 0.0)
1.0256999999999998,-6.38,-0.09,0.0,-7.34,0.03,0.0,-7.3,-6.4,0.0 (cmd -0.1),0.0 (cmd 0.0)
1.0262,-6.44,-0.09,0.0,-7.46,0.03,0.0,-7.5,-6.4,0.0 (cmd -0.1),0.0 (cmd 0.0)
1.0267,-6.51,-0.09,0.0,-7.56,0.03,0.0,-7.6,-6.5,0.0 (cmd -0.1),0.0 (cmd 0.0)
1.0272000000000001,-6.63,-0.09,0.0,-7.76,0.03,0.0,-7.8,-6.6,0.0 (cmd -0.1),0.0 (cmd 0.0)
1.0277,-6.77,-0.09,0.0,-7.96,0.03,0.0,-8.0,-6.8,0.0 (cmd -0.1),0.0 (cmd 0.0)
1.0281999999999998,-6.88,-0.09,0.0,-8.09,0.03,0.0,-8.1,-6.9,0.0 (cmd -0.1),0.0 (cmd 0.0)
1.0287,-6.95,-0.09,0.0,-8.19,0.03,0.0,-8.2,-7.0,0.0 (cmd -0.1),0.0 (cmd 0.0)
1.0292000000000001,-6.98,-0.1,0.0,-8.15,0.03,0.0,-8.2,-7.0,0.0 (cmd -0.1),0.0 (cmd 0.0)
1.0297,-7.01,-0.1,0.0,-8.12,0.03,0.0,-8.1,-7.0,0.0 (cmd -0.1),0.0 (cmd 0.0)
1.0302,-7.05,-0.1,0.0,-8.09,0.03,0.0,-8.1,-7.0,0.0 (cmd -0.1),0.0 (cmd 0.0)
1.0306999999999997,-7.09,-0.1,0.0,-8.09,0.03,0.0,-8.1,-7.1,0.0 (cmd -0.1),0.0 (cmd 0.0)
1.0312000000000001,-7.13,-0.1,0.0,-8.06,0.03,0.0,-8.1,-7.1,0.0 (cmd -0.1),0.0 (cmd 0.0)
1.0317,-7.16,-0.1,0.0,-8.04,0.03,0.0,-8.0,-7.2,0.0 (cmd -0.1),0.0 (cmd 0.0)
1.0322,-7.13,-0.1,0.0,-7.98,0.03,0.0,-8.0,-7.1,0.0 (cmd -0.1),0.0 (cmd 0.0)
1.0327,-7.12,-0.1,0.0,-7.86,0.03,0.0,-7.9,-7.1,0.0 (cmd -0.1),0.0 (cmd 0.0)
1.0332,-7.08,-0.1,0.0,-7.82,0.03,0.0,-7.8,-7.1,0.0 (cmd -0.1),0.0 (cmd 0.0)
1.0337,-7.09,-0.1,0.0,-7.79,0.03,0.0,-7.8,-7.1,0.0 (cmd -0.1),0.0 (cmd 0.0)
1.0342,-7.07,-0.1,0.0,-7.8,0.03,0.0,-7.8,-7.1,0.0 (cmd -0.1),0.0 (cmd 0.0)
1.0347,-7.07,-0.1,0.0,-7.85,0.03,0.0,-7.8,-7.1,0.0 (cmd -0.1),0.0 (cmd 0.0)
1.0352000000000001,-7.07,-0.1,0.0,-7.87,0.03,0.0,-7.9,-7.1,0.0 (cmd -0.1),0.0 (cmd 0.0)
1.0356999999999998,-7.08,-0.1,0.0,-7.84,0.03,0.0,-7.8,-7.1,0.0 (cmd -0.1),0.0 (cmd 0.0)
1.0362,-7.05,-0.1,0.0,-7.75,0.03,0.0,-7.8,-7.0,0.0 (cmd -0.1),0.0 (cmd 0.0)
1.0367,-7.04,-0.1,0.0,-7.66,0.03,0.0,-7.7,-7.0,0.0 (cmd -0.1),0.0 (cmd 0.0)
1.0372000000000001,-7.01,-0.1,0.0,-7.61,0.03,0.0,-7.6,-7.0,0.0 (cmd -0.1),0.0 (cmd 0.0)
1.0377,-6.94,-0.1,0.0,-7.54,0.03,0.0,-7.5,-6.9,0.0 (cmd -0.1),0.0 (cmd 0.0)
1.0381999999999998,-6.87,-0.1,0.0,-7.48,0.03,0.0,-7.5,-6.9,0.0 (cmd -0.1),0.0 (cmd 0.0)
1.0387,-6.76,-0.1,0.0,-7.39,0.03,0.0,-7.4,-6.8,0.0 (cmd -0.1),0.0 (cmd 0.0)
1.0392000000000001,-6.71,-0.11,0.0,-7.25,0.03,0.0,-7.2,-6.7,0.0 (cmd -0.1),0.0 (cmd 0.0)
1.0397,-6.66,-0.11,0.0,-7.11,0.03,0.0,-7.1,-6.7,0.0 (cmd -0.1),0.0 (cmd 0.0)
1.0402,-6.57,-0.1,0.0,-7.0,0.03,0.0,-7.0,-6.6,0.0 (cmd -0.1),0.0 (cmd 0.0)
1.0406999999999997,-6.5,-0.1,0.0,-6.84,0.03,0.0,-6.8,-6.5,0.0 (cmd -0.1),0.0 (cmd 0.0)
1.0412000000000001,-6.38,-0.11,0.0,-6.67,0.03,0.0,-6.7,-6.4,0.0 (cmd -0.1),0.0 (cmd 0.0)
1.0417,-6.29,-0.11,0.0,-6.5,0.03,0.0,-6.5,-6.3,0.0 (cmd -0.1),0.0 (cmd 0.0)
1.0422,-6.24,-0.1,0.0,-6.39,0.03,0.0,-6.4,-6.2,0.0 (cmd -0.1),0.0 (cmd 0.0)
1.0427,-6.22,-0.1,0.0,-6.32,0.03,0.0,-6.3,-6.2,0.0 (cmd -0.1),0.0 (cmd 0.0)
1.0432,-6.17,-0.1,0.0,-6.2,0.03,0.0,-6.2,-6.2,0.0 (cmd -0.1),0.0 (cmd 0.0)
1.0437,-6.13,-0.1,0.0,-6.15,0.03,0.0,-6.2,-6.1,0.0 (cmd -0.1),0.0 (cmd 0.0)
1.0442,-6.14,-0.1,0.0,-6.18,0.03,0.0,-6.2,-6.1,0.0 (cmd -0.1),0.0 (cmd 0.0)
1.0447,-6.17,-0.1,0.0,-6.22,0.03,0.0,-6.2,-6.2,0.0 (cmd -0.1),0.0 (cmd 0.0)
1.0452000000000001,-6.16,-0.1,0.0,-6.28,0.03,0.0,-6.3,-6.2,0.0 (cmd -0.1),0.0 (cmd 0.0)
1.0456999999999999,-6.13,-0.1,0.0,-6.27,0.03,0.0,-6.3,-6.1,0.0 (cmd -0.1),0.0 (cmd 0.0)
1.0462,-6.1,-0.1,0.0,-6.2,0.03,0.0,-6.2,-6.1,0.0 (cmd -0.1),0.0 (cmd 0.0)
1.0467,-6.07,-0.1,0.0,-6.13,0.03,0.0,-6.1,-6.1,0.0 (cmd -0.1),0.0 (cmd 0.0)
1.0472000000000001,-6.05,-0.1,0.0,-6.1,0.03,0.0,-6.1,-6.0,0.0 (cmd -0.1),0.0 (cmd 0.0)
1.0477,-6.04,-0.1,0.0,-6.12,0.03,0.0,-6.1,-6.0,0.0 (cmd -0.1),0.0 (cmd 0.0)
1.0481999999999998,-6.0,-0.1,0.0,-6.11,0.03,0.0,-6.1,-6.0,0.0 (cmd -0.1),0.0 (cmd 0.0)
1.0487,-5.95,-0.1,0.0,-6.08,0.03,0.0,-6.1,-6.0,0.0 (cmd -0.1),0.0 (cmd 0.0)
1.0492000000000001,-5.95,-0.1,0.0,-6.09,0.03,0.0,-6.1,-6.0,0.0 (cmd -0.1),0.0 (cmd 0.0)
1.0497,-5.98,0.0,0.0,-6.12,0.0,0.0,-6.1,-6.0,0.0 (cmd 0.0),0.0 (cmd 0.0)
1.0502,-6.06,0.0,0.0,-6.12,0.0,0.0,-6.1,-6.1,0.0 (cmd 0.0),0.0 (cmd 0.0)
1.0506999999999997,-6.13,0.0,0.0,-6.13,0.0,0.0,-6.1,-6.1,0.0 (cmd 0.0),0.0 (cmd 0.0)
1.0512000000000001,-6.21,0.0,0.0,-6.17,0.0,0.0,-6.2,-6.2,0.0 (cmd 0.0),0.0 (cmd 0.0)
1.0517,-6.22,0.0,0.0,-6.26,0.0,0.0,-6.3,-6.2,0.0 (cmd 0.0),0.0 (cmd 0.0)
1.0522,-6.24,0.0,0.0,-6.34,0.0,0.0,-6.3,-6.2,0.0 (cmd 0.0),0.0 (cmd 0.0)
1.0527,-6.24,0.0,0.0,-6.38,0.0,0.0,-6.4,-6.2,0.0 (cmd 0.0),0.0 (cmd 0.0)
1.0532,-6.27,0.0,0.0,-6.39,0.0,0.0,-6.4,-6.3,0.0 (cmd 0.0),0.0 (cmd 0.0)
1.0537,-6.29,0.0,0.0,-6.41,0.0,0.0,-6.4,-6.3,0.0 (cmd 0.0),0.0 (cmd 0.0)
1.0542,-6.22,0.0,0.0,-6.35,0.0,0.0,-6.3,-6.2,0.0 (cmd 0.0),0.0 (cmd 0.0)
1.0547,-6.1,0.0,0.0,-6.32,0.0,0.0,-6.3,-6.1,0.0 (cmd 0.0),0.0 (cmd 0.0)
1.0552000000000001,-6.0,0.0,0.0,-6.34,0.0,0.0,-6.3,-6.0,0.0 (cmd 0.0),0.0 (cmd 0.0)
1.0556999999999999,-5.89,0.0,0.0,-6.34,0.0,0.0,-6.3,-5.9,0.0 (cmd 0.0),0.0 (cmd 0.0)
1.0562,-5.89,0.0,0.0,-6.35,0.0,0.0,-6.3,-5.9,0.0 (cmd 0.0),0.0 (cmd 0.0)
1.0567,-5.96,0.0,0.0,-6.41,0.0,0.0,-6.4,-6.0,0.0 (cmd 0.0),0.0 (cmd 0.0)
1.0572000000000001,-6.07,0.0,0.0,-6.45,0.0,0.0,-6.5,-6.1,0.0 (cmd 0.0),0.0 (cmd 0.0)
1.0577,-6.13,0.0,0.0,-6.52,0.0,0.0,-6.5,-6.1,0.0 (cmd 0.0),0.0 (cmd 0.0)
1.0581999999999998,-6.18,0.0,0.0,-6.56,0.0,0.0,-6.6,-6.2,0.0 (cmd 0.0),0.0 (cmd 0.0)
1.0587,-6.23,0.0,0.0,-6.62,0.0,0.0,-6.6,-6.2,0.0 (cmd 0.0),0.0 (cmd 0.0)
1.0592000000000001,-6.31,0.0,0.0,-6.72,0.0,0.0,-6.7,-6.3,0.0 (cmd 0.0),0.0 (cmd 0.0)
1.0597,-6.39,0.0,0.0,-6.82,0.0,0.0,-6.8,-6.4,0.0 (cmd 0.0),0.0 (cmd 0.0)
1.0602,-6.43,0.0,0.0,-6.95,0.0,0.0,-7.0,-6.4,0.0 (cmd 0.0),0.0 (cmd 0.0)
1.0606999999999998,-6.44,0.0,0.0,-7.06,0.0,0.0,-7.1,-6.4,0.0 (cmd 0.0),0.0 (cmd 0.0)
1.0612000000000001,-6.44,0.0,0.0,-7.08,0.0,0.0,-7.1,-6.4,0.0 (cmd 0.0),0.0 (cmd 0.0)
1.0617,-6.48,0.0,0.0,-7.1,0.0,0.0,-7.1,-6.5,0.0 (cmd 0.0),0.0 (cmd 0.0)
1.0622,-6.53,0.0,0.0,-7.17,0.0,0.0,-7.2,-6.5,0.0 (cmd 0.0),0.0 (cmd 0.0)
1.0627,-6.59,0.0,0.0,-7.23,0.0,0.0,-7.2,-6.6,0.0 (cmd 0.0),0.0 (cmd 0.0)
1.0632,-6.62,0.0,0.0,-7.27,0.0,0.0,-7.3,-6.6,0.0 (cmd 0.0),0.0 (cmd 0.0)
1.0637,-6.65,0.0,0.0,-7.33,0.0,0.0,-7.3,-6.7,0.0 (cmd 0.0),0.0 (cmd 0.0)
1.0642,-6.72,0.0,0.0,-7.4,0.0,0.0,-7.4,-6.7,0.0 (cmd 0.0),0.0 (cmd 0.0)
1.0647,-6.78,0.0,0.0,-7.43,0.0,0.0,-7.4,-6.8,0.0 (cmd 0.0),0.0 (cmd 0.0)
1.0652000000000001,-6.83,0.0,0.0,-7.45,0.0,0.0,-7.5,-6.8,0.0 (cmd 0.0),0.0 (cmd 0.0)
1.0656999999999999,-6.85,0.0,0.0,-7.5,0.0,0.0,-7.5,-6.8,0.0 (cmd 0.0),0.0 (cmd 0.0)
1.0662,-6.86,0.0,0.0,-7.51,0.0,0.0,-7.5,-6.9,0.0 (cmd 0.0),0.0 (cmd 0.0)
1.0667,-6.9,0.0,0.0,-7.52,0.0,0.0,-7.5,-6.9,0.0 (cmd 0.0),0.0 (cmd 0.0)
1.0672000000000001,-6.9,0.0,0.0,-7.52,0.0,0.0,-7.5,-6.9,0.0 (cmd 0.0),0.0 (cmd 0.0)
1.0677,-6.93,0.0,0.0,-7.58,0.0,0.0,-7.6,-6.9,0.0 (cmd 0.0),0.0 (cmd 0.0)
1.0681999999999998,-6.95,0.0,0.0,-7.62,0.0,0.0,-7.6,-7.0,0.0 (cmd 0.0),0.0 (cmd 0.0)
1.0687,-6.99,0.0,0.0,-7.64,0.0,0.0,-7.6,-7.0,0.0 (cmd 0.0),0.0 (cmd 0.0)
1.0692000000000002,-7.07,0.0,0.0,-7.71,0.0,0.0,-7.7,-7.1,0.0 (cmd 0.0),0.0 (cmd 0.0)
1.0697,-7.2,0.0,0.0,-7.79,0.0,0.0,-7.8,-7.2,0.0 (cmd 0.0),0.0 (cmd 0.0)
1.0702,-7.3,0.0,0.0,-7.91,0.0,0.0,-7.9,-7.3,0.0 (cmd 0.0),0.0 (cmd 0.0)
1.0706999999999998,-7.26,0.0,0.0,-8.17,0.0,0.0,-8.2,-7.3,0.0 (cmd 0.0),0.0 (cmd 0.0)
1.0712000000000002,-7.22,0.0,0.0,-8.23,0.0,0.0,-8.2,-7.2,0.0 (cmd 0.0),0.0 (cmd 0.0)
1.0717,-7.17,0.0,0.0,-8.05,0.0,0.0,-8.1,-7.2,0.0 (cmd 0.0),0.0 (cmd 0.0)
1.0722,-6.81,0.0,0.0,-7.58,0.0,0.0,-7.6,-6.8,0.0 (cmd 0.0),0.0 (cmd 0.0)
1.0727,-6.09,0.0,0.0,-6.64,0.0,0.0,-6.6,-6.1,0.0 (cmd 0.0),0.0 (cmd 0.0)
1.0731999999999997,-5.2,0.0,0.0,-5.57,0.0,0.0,-5.6,-5.2,0.0 (cmd 0.0),0.0 (cmd 0.0)
1.0737,-3.77,0.0,0.0,-4.63,0.0,0.0,-4.6,-3.8,0.0 (cmd 0.0),0.0 (cmd 0.0)
1.0742,-2.93,0.0,0.0,-3.42,0.0,0.0,-3.4,-2.9,0.0 (cmd 0.0),0.0 (cmd 0.0)
1.0747,-1.93,0.0,0.0,-2.56,0.0,0.0,-2.6,-1.9,0.0 (cmd 0.0),0.0 (cmd 0.0)
1.0752000000000002,-1.11,0.0,0.0,-1.85,0.0,0.0,-1.9,-1.1,0.0 (cmd 0.0),0.0 (cmd 0.0)
1.0756999999999999,-0.67,0.0,0.0,-1.46,0.0,0.0,-1.5,-0.7,0.0 (cmd 0.0),0.0 (cmd 0.0)
1.0762,0.03,0.0,0.0,-0.72,0.0,0.0,-0.7,0.0,0.0 (cmd 0.0),0.0 (cmd 0.0)
1.0767,0.27,0.0,0.0,-0.27,0.0,0.0,-0.3,0.3,0.0 (cmd 0.0),0.0 (cmd 0.0)
1.0772,0.32,0.0,0.0,-0.01,0.0,0.0,-0.0,0.3,0.0 (cmd 0.0),0.0 (cmd 0.0)
1.0777,0.65,0.0,0.0,0.14,0.0,0.0,0.1,0.7,0.0 (cmd 0.0),0.0 (cmd 0.0)
1.0781999999999998,0.72,-1.28,0.0,0.04,0.16,0.0,0.0,0.7,0.0 (cmd -1.3),0.0 (cmd 0.2)
1.0787,4.13,-1.23,0.0,2.01,0.14,0.0,2.0,4.1,0.0 (cmd -1.2),0.0 (cmd 0.1)
1.0792,6.2,-2.26,0.0,2.5,0.04,0.0,2.5,6.2,0.0 (cmd -2.3),0.0 (cmd 0.0)
1.0797,0.41,-1.16,0.0,-0.6,0.09,0.0,-0.6,0.4,0.0 (cmd -1.2),0.0 (cmd 0.1)
1.0802,-1.27,-0.2,0.0,-1.03,0.19,0.0,-1.0,-1.3,0.0 (cmd -0.2),0.0 (cmd 0.2)
1.0806999999999998,-1.27,-0.26,0.0,0.45,0.25,0.0,0.5,-1.3,0.0 (cmd -0.3),0.0 (cmd 0.2)
1.0812,2.07,-1.03,0.0,1.29,0.15,0.0,1.3,2.1,0.0 (cmd -1.0),0.0 (cmd 0.1)
1.0817,2.55,-1.37,0.0,0.04,0.06,0.0,0.0,2.5,0.0 (cmd -1.4),0.0 (cmd 0.1)
1.0822,2.21,-1.29,0.0,-0.43,0.01,0.0,-0.4,2.2,0.0 (cmd -1.3),0.0 (cmd 0.0)
1.0827,1.63,-1.15,0.0,-0.34,0.04,0.0,-0.3,1.6,0.0 (cmd -1.1),0.0 (cmd 0.0)
1.0831999999999997,1.63,-0.99,0.0,-0.58,0.07,0.0,-0.6,1.6,0.0 (cmd -1.0),0.0 (cmd 0.1)
1.0837,2.02,-1.08,0.0,-0.45,0.06,0.0,-0.5,2.0,0.0 (cmd -1.1),0.0 (cmd 0.1)
1.0842,1.83,-1.07,0.0,-0.26,0.08,0.0,-0.3,1.8,0.0 (cmd -1.1),0.0 (cmd 0.1)
1.0847,1.74,-0.97,0.0,-0.2,0.11,0.0,-0.2,1.7,0.0 (cmd -1.0),0.0 (cmd 0.1)
1.0852,0.8,-0.87,0.0,-0.71,0.13,0.0,-0.7,0.8,0.0 (cmd -0.9),0.0 (cmd 0.1)
1.0856999999999999,-0.55,-0.67,0.0,-1.82,0.14,0.0,-1.8,-0.6,0.0 (cmd -0.7),0.0 (cmd 0.1)
1.0862,-2.04,-0.37,0.0,-2.73,0.17,0.0,-2.7,-2.0,0.0 (cmd -0.4),0.0 (cmd 0.2)
1.0867,-5.06,0.08,0.0,-4.38,0.26,0.0,-4.4,-5.1,0.0 (cmd 0.1),0.0 (cmd 0.3)
1.0872,-6.49,0.29,0.0,-5.5,0.31,0.0,-5.5,-6.5,0.0 (cmd 0.3),0.0 (cmd 0.3)
1.0877000000000001,-8.88,0.16,0.0,-7.13,0.28,0.0,-7.1,-8.9,0.0 (cmd 0.2),0.0 (cmd 0.3)
1.0881999999999998,-9.9,0.45,0.0,-8.29,0.34,0.0,-8.3,-9.9,0.0 (cmd 0.5),0.0 (cmd 0.3)
1.0887,-11.19,0.31,0.0,-9.76,0.34,0.0,-9.8,-11.2,0.0 (cmd 0.3),0.0 (cmd 0.3)
1.0892,-12.03,0.17,0.0,-10.73,0.35,0.0,-10.7,-12.0,0.0 (cmd 0.2),0.0 (cmd 0.3)
1.0897000000000001,-12.9,0.07,0.0,-11.3,0.36,0.0,-11.3,-12.9,0.0 (cmd 0.1),0.0 (cmd 0.4)
1.0902,-13.45,0.0,0.0,-12.21,0.38,0.0,-12.2,-13.4,0.0 (cmd 0.0),0.0 (cmd 0.4)
1.0906999999999998,-13.27,-0.2,0.0,-12.2,0.39,0.0,-12.2,-13.3,0.0 (cmd -0.2),0.0 (cmd 0.4)
1.0912,-12.84,-0.45,0.0,-11.9,0.39,0.0,-11.9,-12.8,0.0 (cmd -0.5),0.0 (cmd 0.4)
1.0917000000000001,-12.37,-0.7,0.0,-11.58,0.39,0.0,-11.6,-12.4,0.0 (cmd -0.7),0.0 (cmd 0.4)
1.0922,-11.64,-0.91,0.0,-11.21,0.39,0.0,-11.2,-11.6,0.0 (cmd -0.9),0.0 (cmd 0.4)
1.0927,-11.18,-1.04,0.0,-10.86,0.38,0.0,-10.9,-11.2,0.0 (cmd -1.0),0.0 (cmd 0.4)
1.0931999999999997,-10.75,-1.16,0.0,-10.6,0.38,0.0,-10.6,-10.8,0.0 (cmd -1.2),0.0 (cmd 0.4)
1.0937000000000001,-10.36,-1.21,0.0,-10.3,0.38,0.0,-10.3,-10.4,0.0 (cmd -1.2),0.0 (cmd 0.4)
1.0942,-10.02,-1.21,0.0,-10.05,0.38,0.0,-10.1,-10.0,0.0 (cmd -1.2),0.0 (cmd 0.4)
1.0947,-9.73,0.0,0.0,-10.0,0.0,0.0,-10.0,-9.7,0.0 (cmd 0.0),0.0 (cmd 0.0)
1.0952,-9.5,0.0,0.0,-9.48,0.0,0.0,-9.5,-9.5,0.0 (cmd 0.0),0.0 (cmd 0.0)
1.0957,-9.31,0.0,0.0,-8.27,0.0,0.0,-8.3,-9.3,0.0 (cmd 0.0),0.0 (cmd 0.0)
1.0962,-8.65,0.0,0.0,-7.51,0.0,0.0,-7.5,-8.7,0.0 (cmd 0.0),0.0 (cmd 0.0)
1.0967,-7.56,0.0,0.0,-6.9,0.0,0.0,-6.9,-7.6,0.0 (cmd 0.0),0.0 (cmd 0.0)
1.0972,-7.03,0.0,0.0,-6.67,0.0,0.0,-6.7,-7.0,0.0 (cmd 0.0),0.0 (cmd 0.0)
1.0977000000000001,-6.12,0.0,0.0,-6.55,0.0,0.0,-6.5,-6.1,0.0 (cmd 0.0),0.0 (cmd 0.0)
1.0981999999999998,-5.46,0.0,0.0,-6.35,0.0,0.0,-6.3,-5.5,0.0 (cmd 0.0),0.0 (cmd 0.0)
1.0987,-4.88,0.0,0.0,-6.05,0.0,0.0,-6.0,-4.9,0.0 (cmd 0.0),0.0 (cmd 0.0)
1.0992,-4.14,0.0,0.0,-5.34,0.0,0.0,-5.3,-4.1,0.0 (cmd 0.0),0.0 (cmd 0.0)
1.0997000000000001,-3.45,0.0,0.0,-4.35,0.0,0.0,-4.3,-3.5,0.0 (cmd 0.0),0.0 (cmd 0.0)
1.1002,-3.19,0.0,0.0,-3.5,0.0,0.0,-3.5,-3.2,0.0 (cmd 0.0),0.0 (cmd 0.0)
1.1006999999999998,-2.98,0.0,0.0,-2.15,0.0,0.0,-2.1,-3.0,0.0 (cmd 0.0),0.0 (cmd 0.0)
1.1012,-2.84,0.0,0.0,-1.05,0.0,0.0,-1.1,-2.8,0.0 (cmd 0.0),0.0 (cmd 0.0)
1.1017000000000001,-2.63,0.0,0.0,-0.46,0.0,0.0,-0.5,-2.6,0.0 (cmd 0.0),0.0 (cmd 0.0)
1.1022,-2.28,0.0,0.0,0.27,0.0,0.0,0.3,-2.3,0.0 (cmd 0.0),0.0 (cmd 0.0)
1.1027,-2.08,0.0,0.0,0.71,0.0,0.0,0.7,-2.1,0.0 (cmd 0.0),0.0 (cmd 0.0)
1.1031999999999997,-1.86,0.0,0.0,0.95,0.0,0.0,0.9,-1.9,0.0 (cmd 0.0),0.0 (cmd 0.0)
1.1037000000000001,-1.81,0.0,0.0,0.99,0.0,0.0,1.0,-1.8,0.0 (cmd 0.0),0.0 (cmd 0.0)
1.1042,-1.76,0.0,0.0,1.38,0.0,0.0,1.4,-1.8,0.0 (cmd 0.0),0.0 (cmd 0.0)
1.1047,-1.65,0.0,0.0,1.65,0.0,0.0,1.6,-1.6,0.0 (cmd 0.0),0.0 (cmd 0.0)
1.1052,-1.38,0.0,0.0,1.95,0.0,0.0,1.9,-1.4,0.0 (cmd 0.0),0.0 (cmd 0.0)
1.1057,-1.27,0.0,0.0,2.15,0.0,0.0,2.1,-1.3,0.0 (cmd 0.0),0.0 (cmd 0.0)
1.1062,-1.0,0.0,0.0,2.14,0.0,0.0,2.1,-1.0,0.0 (cmd 0.0),0.0 (cmd 0.0)
1.1067,-0.62,0.0,0.0,2.09,0.0,0.0,2.1,-0.6,0.0 (cmd 0.0),0.0 (cmd 0.0)
1.1072,-0.59,0.0,0.0,2.21,0.0,0.0,2.2,-0.6,0.0 (cmd 0.0),0.0 (cmd 0.0)
1.1077000000000001,-0.75,0.0,0.0,2.31,0.0,0.0,2.3,-0.8,0.0 (cmd 0.0),0.0 (cmd 0.0)
1.1081999999999999,-0.9,0.0,0.0,2.34,0.0,0.0,2.3,-0.9,0.0 (cmd 0.0),0.0 (cmd 0.0)
1.1087,-1.08,0.0,0.0,2.15,0.0,0.0,2.1,-1.1,0.0 (cmd 0.0),0.0 (cmd 0.0)
1.1092,-1.24,0.0,0.0,2.04,0.0,0.0,2.0,-1.2,0.0 (cmd 0.0),0.0 (cmd 0.0)
1.1097000000000001,-1.38,0.0,0.0,2.11,0.0,0.0,2.1,-1.4,0.0 (cmd 0.0),0.0 (cmd 0.0)
1.1102,-1.36,0.0,0.0,2.1,0.0,0.0,2.1,-1.4,0.0 (cmd 0.0),0.0 (cmd 0.0)
1.1106999999999998,-1.33,0.0,0.0,2.07,0.0,0.0,2.1,-1.3,0.0 (cmd 0.0),0.0 (cmd 0.0)
1.1112,-1.5,0.0,0.0,1.79,0.0,0.0,1.8,-1.5,0.0 (cmd 0.0),0.0 (cmd 0.0)
1.1117000000000001,-1.6,0.0,0.0,1.54,0.0,0.0,1.5,-1.6,0.0 (cmd 0.0),0.0 (cmd 0.0)
1.1122,-1.59,0.0,0.0,1.46,0.0,0.0,1.5,-1.6,0.0 (cmd 0.0),0.0 (cmd 0.0)
1.1127,-1.56,0.0,0.0,1.54,0.0,0.0,1.5,-1.6,0.0 (cmd 0.0),0.0 (cmd 0.0)
1.1131999999999997,-1.59,0.0,0.0,1.77,0.0,0.0,1.8,-1.6,0.0 (cmd 0.0),0.0 (cmd 0.0)
1.1137000000000001,-1.7,0.0,0.0,1.81,0.0,0.0,1.8,-1.7,0.0 (cmd 0.0),0.0 (cmd 0.0)
1.1142,-1.77,0.0,0.0,1.86,0.0,0.0,1.9,-1.8,0.0 (cmd 0.0),0.0 (cmd 0.0)
1.1147,-1.78,0.0,0.0,1.98,0.0,0.0,2.0,-1.8,0.0 (cmd 0.0),0.0 (cmd 0.0)
1.1152,-1.73,0.0,0.0,1.97,0.0,0.0,2.0,-1.7,0.0 (cmd 0.0),0.0 (cmd 0.0)
1.1157,-1.75,0.0,0.0,1.87,0.0,0.0,1.9,-1.8,0.0 (cmd 0.0),0.0 (cmd 0.0)
1.1162,-1.86,0.0,0.0,1.77,0.0,0.0,1.8,-1.9,0.0 (cmd 0.0),0.0 (cmd 0.0)
1.1167,-1.99,0.0,0.0,1.78,0.0,0.0,1.8,-2.0,0.0 (cmd 0.0),0.0 (cmd 0.0)
1.1172,-2.1,0.0,0.0,1.77,0.0,0.0,1.8,-2.1,0.0 (cmd 0.0),0.0 (cmd 0.0)
1.1177000000000001,-2.09,0.0,0.0,1.73,0.0,0.0,1.7,-2.1,0.0 (cmd 0.0),0.0 (cmd 0.0)
1.1181999999999999,-1.99,0.0,0.0,1.55,0.0,0.0,1.6,-2.0,0.0 (cmd 0.0),0.0 (cmd 0.0)
1.1187,-1.86,0.0,0.0,1.45,0.0,0.0,1.4,-1.9,0.0 (cmd 0.0),0.0 (cmd 0.0)
1.1192,-1.59,0.0,0.0,1.41,0.0,0.0,1.4,-1.6,0.0 (cmd 0.0),0.0 (cmd 0.0)
1.1197000000000001,-1.47,0.0,0.0,1.35,0.0,0.0,1.4,-1.5,0.0 (cmd 0.0),0.0 (cmd 0.0)
1.1202,-1.42,0.0,0.0,1.49,0.0,0.0,1.5,-1.4,0.0 (cmd 0.0),0.0 (cmd 0.0)
1.1206999999999998,-1.45,0.0,0.0,1.34,0.0,0.0,1.3,-1.4,0.0 (cmd 0.0),0.0 (cmd 0.0)
1.1212,-1.54,0.0,0.0,1.13,0.0,0.0,1.1,-1.5,0.0 (cmd 0.0),0.0 (cmd 0.0)
1.1217000000000001,-1.65,0.0,0.0,0.97,0.0,0.0,1.0,-1.6,0.0 (cmd 0.0),0.0 (cmd 0.0)
1.1222,-1.83,0.0,0.0,0.79,0.0,0.0,0.8,-1.8,0.0 (cmd 0.0),0.0 (cmd 0.0)
1.1227,-2.2,0.0,0.0,0.64,0.0,0.0,0.6,-2.2,0.0 (cmd 0.0),0.0 (cmd 0.0)
1.1231999999999998,-2.32,0.0,0.0,0.6,0.0,0.0,0.6,-2.3,0.0 (cmd 0.0),0.0 (cmd 0.0)
1.1237000000000001,-2.34,0.0,0.0,0.45,0.0,0.0,0.5,-2.3,0.0 (cmd 0.0),0.0 (cmd 0.0)
1.1242,-2.39,0.0,0.0,0.32,0.0,0.0,0.3,-2.4,0.0 (cmd 0.0),0.0 (cmd 0.0)
1.1247,-2.41,0.0,0.0,0.32,0.0,0.0,0.3,-2.4,0.0 (cmd 0.0),0.0 (cmd 0.0)
1.1252,-2.44,0.0,0.0,0.44,0.0,0.0,0.4,-2.4,0.0 (cmd 0.0),0.0 (cmd 0.0)
1.1257,-2.33,0.0,0.0,0.3,0.0,0.0,0.3,-2.3,0.0 (cmd 0.0),0.0 (cmd 0.0)
1.1262,-2.12,0.0,0.0,0.03,0.0,0.0,0.0,-2.1,0.0 (cmd 0.0),0.0 (cmd 0.0)
1.1267,-1.81,0.0,0.0,-0.2,0.0,0.0,-0.2,-1.8,0.0 (cmd 0.0),0.0 (cmd 0.0)
1.1272,-1.36,0.0,0.0,-0.37,0.0,0.0,-0.4,-1.4,0.0 (cmd 0.0),0.0 (cmd 0.0)
1.1277000000000001,-1.13,0.0,0.0,-0.29,0.0,0.0,-0.3,-1.1,0.0 (cmd 0.0),0.0 (cmd 0.0)
1.1281999999999999,-0.97,0.0,0.0,-0.26,0.0,0.0,-0.3,-1.0,0.0 (cmd 0.0),0.0 (cmd 0.0)
1.1287,-0.92,0.0,0.0,-0.28,0.0,0.0,-0.3,-0.9,0.0 (cmd 0.0),0.0 (cmd 0.0)
1.1292,-0.89,0.0,0.0,-0.38,0.0,0.0,-0.4,-0.9,0.0 (cmd 0.0),0.0 (cmd 0.0)
1.1297000000000001,-0.74,0.0,0.0,-0.34,0.0,0.0,-0.3,-0.7,0.0 (cmd 0.0),0.0 (cmd 0.0)
1.1302,-0.61,0.0,0.0,-0.06,0.0,0.0,-0.1,-0.6,0.0 (cmd 0.0),0.0 (cmd 0.0)
1.1306999999999998,-0.52,0.0,0.0,0.4,0.0,0.0,0.4,-0.5,0.0 (cmd 0.0),0.0 (cmd 0.0)
1.1312,-0.48,0.0,0.0,0.68,0.0,0.0,0.7,-0.5,0.0 (cmd 0.0),0.0 (cmd 0.0)
1.1317000000000002,-0.43,0.0,0.0,0.81,0.0,0.0,0.8,-0.4,0.0 (cmd 0.0),0.0 (cmd 0.0)
1.1322,-0.35,0.0,0.0,0.76,0.0,0.0,0.8,-0.3,0.0 (cmd 0.0),0.0 (cmd 0.0)
1.1327,-0.34,0.0,0.0,0.56,0.0,0.0,0.6,-0.3,0.0 (cmd 0.0),0.0 (cmd 0.0)
1.1331999999999998,-0.27,0.0,0.0,0.5,0.0,0.0,0.5,-0.3,0.0 (cmd 0.0),0.0 (cmd 0.0)
1.1337000000000002,-0.24,0.0,0.0,0.67,0.0,0.0,0.7,-0.2,0.0 (cmd 0.0),0.0 (cmd 0.0)
1.1342,-0.26,0.0,0.0,1.09,0.0,0.0,1.1,-0.3,0.0 (cmd 0.0),0.0 (cmd 0.0)
1.1347,-0.64,0.0,0.0,1.13,0.0,0.0,1.1,-0.6,0.0 (cmd 0.0),0.0 (cmd 0.0)
1.1352,-2.23,0.0,0.0,0.82,0.0,0.0,0.8,-2.2,0.0 (cmd 0.0),0.0 (cmd 0.0)
1.1356999999999997,-3.11,0.0,0.0,0.32,0.0,0.0,0.3,-3.1,0.0 (cmd 0.0),0.0 (cmd 0.0)
1.1362,-6.21,0.0,0.0,0.29,0.0,0.0,0.3,-6.2,0.0 (cmd 0.0),0.0 (cmd 0.0)
1.1367,-7.22,0.0,0.0,0.4,0.0,0.0,0.4,-7.2,0.0 (cmd 0.0),0.0 (cmd 0.0)
1.1372,-7.27,0.0,0.0,0.43,0.0,0.0,0.4,-7.3,0.0 (cmd 0.0),0.0 (cmd 0.0)
1.1377000000000002,-7.54,0.0,0.0,0.32,0.0,0.0,0.3,-7.5,0.0 (cmd 0.0),0.0 (cmd 0.0)
1.1381999999999999,-8.04,0.0,0.0,0.25,0.0,0.0,0.2,-8.0,0.0 (cmd 0.0),0.0 (cmd 0.0)
1.1387,-8.16,0.0,0.0,0.11,0.0,0.0,0.1,-8.2,0.0 (cmd 0.0),0.0 (cmd 0.0)
1.1392,-7.89,0.0,0.0,-0.11,0.0,0.0,-0.1,-7.9,0.0 (cmd 0.0),0.0 (cmd 0.0)
1.1397,-7.34,0.0,0.0,-0.32,0.0,0.0,-0.3,-7.3,0.0 (cmd 0.0),0.0 (cmd 0.0)
1.1402,-7.1,0.0,0.0,-0.42,0.0,0.0,-0.4,-7.1,0.0 (cmd 0.0),0.0 (cmd 0.0)
1.1406999999999998,-6.98,0.0,0.0,-0.5,0.0,0.0,-0.5,-7.0,0.0 (cmd 0.0),0.0 (cmd 0.0)
1.1412,-6.77,0.0,0.0,-0.57,0.0,0.0,-0.6,-6.8,0.0 (cmd 0.0),0.0 (cmd 0.0)
1.1417,-6.7,0.0,0.0,-0.65,0.0,0.0,-0.7,-6.7,0.0 (cmd 0.0),0.0 (cmd 0.0)
1.1422,-6.7,0.0,0.0,-0.7,0.0,0.0,-0.7,-6.7,0.0 (cmd 0.0),0.0 (cmd 0.0)
1.1427,-6.78,0.0,0.0,-0.83,0.0,0.0,-0.8,-6.8,0.0 (cmd 0.0),0.0 (cmd 0.0)
1.1431999999999998,-6.79,0.0,0.0,-0.95,0.0,0.0,-0.9,-6.8,0.0 (cmd 0.0),0.0 (cmd 0.0)
1.1437,-6.73,0.0,0.0,-1.0,0.0,0.0,-1.0,-6.7,0.0 (cmd 0.0),0.0 (cmd 0.0)
1.1442,-6.72,0.0,0.0,-1.05,0.0,0.0,-1.1,-6.7,0.0 (cmd 0.0),0.0 (cmd 0.0)
1.1447,-6.71,0.0,0.0,-1.11,0.0,0.0,-1.1,-6.7,0.0 (cmd 0.0),0.0 (cmd 0.0)
1.1452,-6.71,0.0,0.0,-1.18,0.0,0.0,-1.2,-6.7,0.0 (cmd 0.0),0.0 (cmd 0.0)
1.1456999999999997,-6.7,0.0,0.0,-1.17,0.0,0.0,-1.2,-6.7,0.0 (cmd 0.0),0.0 (cmd 0.0)
1.1462,-6.67,0.0,0.0,-1.15,0.0,0.0,-1.1,-6.7,0.0 (cmd 0.0),0.0 (cmd 0.0)
1.1467,-6.62,0.0,0.0,-1.21,0.0,0.0,-1.2,-6.6,0.0 (cmd 0.0),0.0 (cmd 0.0)
1.1472,-6.63,0.0,0.0,-1.17,0.0,0.0,-1.2,-6.6,0.0 (cmd 0.0),0.0 (cmd 0.0)
1.1477,-6.65,0.0,0.0,-1.15,0.0,0.0,-1.1,-6.7,0.0 (cmd 0.0),0.0 (cmd 0.0)
1.1481999999999999,-6.61,0.0,0.0,-1.13,0.0,0.0,-1.1,-6.6,0.0 (cmd 0.0),0.0 (cmd 0.0)
1.1487,-6.56,0.0,0.0,-1.02,0.0,0.0,-1.0,-6.6,0.0 (cmd 0.0),0.0 (cmd 0.0)
1.1492,-6.48,0.0,0.0,-0.99,0.0,0.0,-1.0,-6.5,0.0 (cmd 0.0),0.0 (cmd 0.0)
1.1497,-6.33,0.0,0.0,-0.95,0.0,0.0,-0.9,-6.3,0.0 (cmd 0.0),0.0 (cmd 0.0)
1.1502000000000001,-6.21,0.0,0.0,-0.87,0.0,0.0,-0.9,-6.2,0.0 (cmd 0.0),0.0 (cmd 0.0)
1.1506999999999998,-6.18,0.0,0.0,-0.81,0.0,0.0,-0.8,-6.2,0.0 (cmd 0.0),0.0 (cmd 0.0)
1.1512,-6.12,0.0,0.0,-0.79,0.0,0.0,-0.8,-6.1,0.0 (cmd 0.0),0.0 (cmd 0.0)
1.1517,-6.04,0.0,0.0,-0.76,0.0,0.0,-0.8,-6.0,0.0 (cmd 0.0),0.0 (cmd 0.0)
1.1522000000000001,-6.01,0.0,0.0,-0.74,0.0,0.0,-0.7,-6.0,0.0 (cmd 0.0),0.0 (cmd 0.0)
1.1527,-5.89,0.0,0.0,-0.73,0.0,0.0,-0.7,-5.9,0.0 (cmd 0.0),0.0 (cmd 0.0)
1.1531999999999998,-5.85,0.0,0.0,-0.72,0.0,0.0,-0.7,-5.8,0.0 (cmd 0.0),0.0 (cmd 0.0)
1.1537,-5.85,0.0,0.0,-0.7,0.0,0.0,-0.7,-5.8,0.0 (cmd 0.0),0.0 (cmd 0.0)
1.1542000000000001,-5.72,0.0,0.0,-0.63,0.0,0.0,-0.6,-5.7,0.0 (cmd 0.0),0.0 (cmd 0.0)
1.1547,-5.7,0.0,0.0,-0.65,0.0,0.0,-0.7,-5.7,0.0 (cmd 0.0),0.0 (cmd 0.0)
1.1552,-5.69,0.0,0.0,-0.67,0.0,0.0,-0.7,-5.7,0.0 (cmd 0.0),0.0 (cmd 0.0)
1.1556999999999997,-5.67,0.0,0.0,-0.66,0.0,0.0,-0.7,-5.7,0.0 (cmd 0.0),0.0 (cmd 0.0)
1.1562000000000001,-5.65,0.0,0.0,-0.67,0.0,0.0,-0.7,-5.7,0.0 (cmd 0.0),0.0 (cmd 0.0)
1.1567,-5.65,0.0,0.0,-0.68,0.0,0.0,-0.7,-5.7,0.0 (cmd 0.0),0.0 (cmd 0.0)
1.1572,-5.69,0.0,0.0,-0.68,0.0,0.0,-0.7,-5.7,0.0 (cmd 0.0),0.0 (cmd 0.0)
1.1577,-5.7,0.0,0.0,-0.7,0.0,0.0,-0.7,-5.7,0.0 (cmd 0.0),0.0 (cmd 0.0)
1.1582,-5.7,0.0,0.0,-0.72,0.0,0.0,-0.7,-5.7,0.0 (cmd 0.0),0.0 (cmd 0.0)
1.1587,-5.67,0.0,0.0,-0.73,0.0,0.0,-0.7,-5.7,0.0 (cmd 0.0),0.0 (cmd 0.0)
1.1592,-5.65,0.0,0.0,-0.72,0.0,0.0,-0.7,-5.7,0.0 (cmd 0.0),0.0 (cmd 0.0)
1.1597,-5.66,0.0,0.0,-0.74,0.0,0.0,-0.7,-5.7,0.0 (cmd 0.0),0.0 (cmd 0.0)
1.1602000000000001,-5.66,0.0,0.0,-0.74,0.0,0.0,-0.7,-5.7,0.0 (cmd 0.0),0.0 (cmd 0.0)
1.1606999999999998,-5.67,0.0,0.0,-0.77,0.0,0.0,-0.8,-5.7,0.0 (cmd 0.0),0.0 (cmd 0.0)
1.1612,-5.68,0.0,0.0,-0.77,0.0,0.0,-0.8,-5.7,0.0 (cmd 0.0),0.0 (cmd 0.0)
1.1617,-5.71,0.0,0.0,-0.74,0.0,0.0,-0.7,-5.7,0.0 (cmd 0.0),0.0 (cmd 0.0)
1.1622000000000001,-5.94,0.0,0.0,-0.48,0.0,0.0,-0.5,-5.9,0.0 (cmd 0.0),0.0 (cmd 0.0)
1.1627,-6.74,0.0,0.0,-0.37,0.0,0.0,-0.4,-6.7,0.0 (cmd 0.0),0.0 (cmd 0.0)
1.1631999999999998,-8.49,0.0,0.0,-0.59,0.0,0.0,-0.6,-8.5,0.0 (cmd 0.0),0.0 (cmd 0.0)
1.1637,-10.18,0.0,0.0,-1.48,0.0,0.0,-1.5,-10.2,0.0 (cmd 0.0),0.0 (cmd 0.0)
1.1642000000000001,-9.64,0.0,0.0,-3.34,0.0,0.0,-3.3,-9.6,0.0 (cmd 0.0),0.0 (cmd 0.0)
1.1647,-6.97,0.0,0.0,-6.16,0.0,0.0,-6.2,-7.0,0.0 (cmd 0.0),0.0 (cmd 0.0)
1.1652,-5.8,0.0,0.0,-9.12,0.0,0.0,-9.1,-5.8,0.0 (cmd 0.0),0.0 (cmd 0.0)
1.1656999999999997,-5.99,0.0,0.0,-15.69,0.0,0.0,-15.7,-6.0,0.0 (cmd 0.0),0.0 (cmd 0.0)
1.1662000000000001,-5.59,0.0,0.0,-22.46,0.0,0.0,-22.5,-5.6,0.0 (cmd 0.0),0.0 (cmd 0.0)
1.1667,-4.95,0.0,0.0,-25.12,0.0,0.0,-25.1,-5.0,0.0 (cmd 0.0),0.0 (cmd 0.0)
1.1672,-4.32,0.0,0.0,-33.13,0.0,0.0,-33.1,-4.3,0.0 (cmd 0.0),0.0 (cmd 0.0)
1.1677,-3.58,0.0,0.0,-37.03,0.0,0.0,-37.0,-3.6,0.0 (cmd 0.0),0.0 (cmd 0.0)
1.1682,-3.42,0.0,0.0,-38.53,0.0,0.0,-38.5,-3.4,0.0 (cmd 0.0),0.0 (cmd 0.0)
1.1687,-3.79,0.0,0.0,-38.31,0.0,0.0,-38.3,-3.8,0.0 (cmd 0.0),0.0 (cmd 0.0)
1.1692,-4.24,0.0,0.0,-36.41,0.0,0.0,-36.4,-4.2,0.0 (cmd 0.0),0.0 (cmd 0.0)
1.1697,-4.61,0.0,0.0,-28.82,0.0,0.0,-28.8,-4.6,0.0 (cmd 0.0),0.0 (cmd 0.0)
1.1702000000000001,-4.24,0.0,0.0,-23.52,0.0,0.0,-23.5,-4.2,0.0 (cmd 0.0),0.0 (cmd 0.0)
1.1706999999999999,-3.8,0.0,0.0,-15.59,0.0,0.0,-15.6,-3.8,0.0 (cmd 0.0),0.0 (cmd 0.0)
1.1712,-3.78,0.0,0.0,-7.77,0.0,0.0,-7.8,-3.8,0.0 (cmd 0.0),0.0 (cmd 0.0)
1.1717,-4.33,0.0,0.0,-5.35,0.0,0.0,-5.3,-4.3,0.0 (cmd 0.0),0.0 (cmd 0.0)
1.1722000000000001,-4.92,0.0,0.0,-4.37,0.0,0.0,-4.4,-4.9,0.0 (cmd 0.0),0.0 (cmd 0.0)
1.1727,-5.18,0.0,0.0,-3.66,0.0,0.0,-3.7,-5.2,0.0 (cmd 0.0),0.0 (cmd 0.0)
1.1731999999999998,-4.79,0.0,0.0,-3.32,0.0,0.0,-3.3,-4.8,0.0 (cmd 0.0),0.0 (cmd 0.0)
1.1737,-4.7,0.0,0.0,-3.54,0.0,0.0,-3.5,-4.7,0.0 (cmd 0.0),0.0 (cmd 0.0)
1.1742000000000001,-4.71,0.0,0.0,-6.71,0.0,0.0,-6.7,-4.7,0.0 (cmd 0.0),0.0 (cmd 0.0)
1.1747,-4.92,0.0,0.0,-12.66,0.0,0.0,-12.7,-4.9,0.0 (cmd 0.0),0.0 (cmd 0.0)
1.1752,-4.93,0.0,0.0,-17.6,0.0,0.0,-17.6,-4.9,0.0 (cmd 0.0),0.0 (cmd 0.0)
1.1756999999999997,-4.77,0.0,0.0,-20.9,0.0,0.0,-20.9,-4.8,0.0 (cmd 0.0),0.0 (cmd 0.0)
1.1762000000000001,-4.3,0.0,0.0,-25.49,0.0,0.0,-25.5,-4.3,0.0 (cmd 0.0),0.0 (cmd 0.0)
1.1767,-3.51,0.0,0.0,-24.28,0.0,0.0,-24.3,-3.5,0.0 (cmd 0.0),0.0 (cmd 0.0)
1.1772,-3.36,0.0,0.0,-22.6,0.0,0.0,-22.6,-3.4,0.0 (cmd 0.0),0.0 (cmd 0.0)
1.1777,-3.15,0.0,0.0,-19.67,0.0,0.0,-19.7,-3.1,0.0 (cmd 0.0),0.0 (cmd 0.0)
1.1782,-2.57,0.0,0.0,-15.96,0.0,0.0,-16.0,-2.6,0.0 (cmd 0.0),0.0 (cmd 0.0)
1.1787,-1.72,0.0,0.0,-12.64,0.0,0.0,-12.6,-1.7,0.0 (cmd 0.0),0.0 (cmd 0.0)
1.1792,-0.93,0.0,0.0,-10.04,0.0,0.0,-10.0,-0.9,0.0 (cmd 0.0),0.0 (cmd 0.0)
1.1797,-0.66,0.0,0.0,-7.01,0.0,0.0,-7.0,-0.7,0.0 (cmd 0.0),0.0 (cmd 0.0)
1.1802000000000001,-0.43,0.0,0.0,-6.38,0.0,0.0,-6.4,-0.4,0.0 (cmd 0.0),0.0 (cmd 0.0)
1.1806999999999999,-0.32,0.0,0.0,-6.12,0.0,0.0,-6.1,-0.3,0.0 (cmd 0.0),0.0 (cmd 0.0)
1.1812,-0.35,0.0,0.0,-5.36,0.0,0.0,-5.4,-0.3,0.0 (cmd 0.0),0.0 (cmd 0.0)
1.1817,-0.12,0.0,0.0,-4.82,0.0,0.0,-4.8,-0.1,0.0 (cmd 0.0),0.0 (cmd 0.0)
1.1822000000000001,-0.1,0.0,0.0,-4.32,0.0,0.0,-4.3,-0.1,0.0 (cmd 0.0),0.0 (cmd 0.0)
1.1827,-0.03,0.0,0.0,-4.14,0.0,0.0,-4.1,-0.0,0.0 (cmd 0.0),0.0 (cmd 0.0)
1.1831999999999998,0.17,0.0,0.0,-4.13,0.0,0.0,-4.1,0.2,0.0 (cmd 0.0),0.0 (cmd 0.0)
1.1837,0.33,0.0,0.0,-4.1,0.0,0.0,-4.1,0.3,0.0 (cmd 0.0),0.0 (cmd 0.0)
1.1842000000000001,0.41,0.0,0.0,-3.95,0.0,0.0,-4.0,0.4,0.0 (cmd 0.0),0.0 (cmd 0.0)
1.1847,0.44,0.0,0.0,-3.74,0.0,0.0,-3.7,0.4,0.0 (cmd 0.0),0.0 (cmd 0.0)
1.1852,0.41,0.0,0.0,-3.91,0.0,0.0,-3.9,0.4,0.0 (cmd 0.0),0.0 (cmd 0.0)
1.1856999999999998,0.42,0.0,0.0,-4.0,0.0,0.0,-4.0,0.4,0.0 (cmd 0.0),0.0 (cmd 0.0)
1.1862000000000001,0.41,0.0,0.0,-4.14,0.0,0.0,-4.1,0.4,0.0 (cmd 0.0),0.0 (cmd 0.0)
1.1867,0.34,0.0,0.0,-4.27,0.0,0.0,-4.3,0.3,0.0 (cmd 0.0),0.0 (cmd 0.0)
1.1872,0.22,0.0,0.0,-4.24,0.0,0.0,-4.2,0.2,0.0 (cmd 0.0),0.0 (cmd 0.0)
1.1877,0.26,0.0,0.0,-4.33,0.0,0.0,-4.3,0.3,0.0 (cmd 0.0),0.0 (cmd 0.0)
1.1882,0.23,0.0,0.0,-4.52,0.0,0.0,-4.5,0.2,0.0 (cmd 0.0),0.0 (cmd 0.0)
1.1887,0.3,0.0,0.0,-4.84,0.0,0.0,-4.8,0.3,0.0 (cmd 0.0),0.0 (cmd 0.0)
1.1892,0.22,0.0,0.0,-5.17,0.0,0.0,-5.2,0.2,0.0 (cmd 0.0),0.0 (cmd 0.0)
1.1897,-0.18,0.0,0.0,-5.4,0.0,0.0,-5.4,-0.2,0.0 (cmd 0.0),0.0 (cmd 0.0)
1.1902000000000001,-0.35,0.0,0.0,-5.64,0.0,0.0,-5.6,-0.3,0.0 (cmd 0.0),0.0 (cmd 0.0)
1.1906999999999999,-0.5,0.0,0.0,-5.88,0.0,0.0,-5.9,-0.5,0.0 (cmd 0.0),0.0 (cmd 0.0)
1.1912,-0.85,0.0,0.0,-6.13,0.0,0.0,-6.1,-0.8,0.0 (cmd 0.0),0.0 (cmd 0.0)
1.1917,-1.27,0.0,0.0,-6.29,0.0,0.0,-6.3,-1.3,0.0 (cmd 0.0),0.0 (cmd 0.0)
1.1922000000000001,-1.8,0.0,0.0,-6.2,0.0,0.0,-6.2,-1.8,0.0 (cmd 0.0),0.0 (cmd 0.0)
1.1927,-1.83,0.0,0.0,-5.89,0.0,0.0,-5.9,-1.8,0.0 (cmd 0.0),0.0 (cmd 0.0)
1.1931999999999998,-2.21,0.0,0.0,-5.69,0.0,0.0,-5.7,-2.2,0.0 (cmd 0.0),0.0 (cmd 0.0)
1.1937,-2.98,0.0,0.0,-5.62,0.0,0.0,-5.6,-3.0,0.0 (cmd 0.0),0.0 (cmd 0.0)
1.1942000000000002,-3.21,0.0,0.0,-5.68,0.0,0.0,-5.7,-3.2,0.0 (cmd 0.0),0.0 (cmd 0.0)
1.1947,-3.29,0.0,0.0,-5.75,0.0,0.0,-5.8,-3.3,0.0 (cmd 0.0),0.0 (cmd 0.0)
1.1952,-3.28,0.0,0.0,-5.64,0.0,0.0,-5.6,-3.3,0.0 (cmd 0.0),0.0 (cmd 0.0)
1.1956999999999998,-3.21,0.0,0.0,-5.57,0.0,0.0,-5.6,-3.2,0.0 (cmd 0.0),0.0 (cmd 0.0)
1.1962000000000002,-3.25,0.0,0.0,-5.41,0.0,0.0,-5.4,-3.2,0.0 (cmd 0.0),0.0 (cmd 0.0)
1.1967,-3.44,0.0,0.0,-5.34,0.0,0.0,-5.3,-3.4,0.0 (cmd 0.0),0.0 (cmd 0.0)
1.1972,-3.6,0.0,0.0,-5.36,0.0,0.0,-5.4,-3.6,0.0 (cmd 0.0),0.0 (cmd 0.0)
1.1977,-3.69,0.0,0.0,-5.66,0.0,0.0,-5.7,-3.7,0.0 (cmd 0.0),0.0 (cmd 0.0)
1.1981999999999997,-3.66,0.0,0.0,-5.77,0.0,0.0,-5.8,-3.7,0.0 (cmd 0.0),0.0 (cmd 0.0)
1.1987,-3.33,0.0,0.0,-5.57,0.0,0.0,-5.6,-3.3,0.0 (cmd 0.0),0.0 (cmd 0.0)
1.1992,-2.97,0.0,0.0,-5.18,0.0,0.0,-5.2,-3.0,0.0 (cmd 0.0),0.0 (cmd 0.0)
1.1997,-2.75,0.0,0.0,-4.66,0.0,0.0,-4.7,-2.8,0.0 (cmd 0.0),0.0 (cmd 0.0)
1.2002000000000002,-2.37,0.0,0.0,-3.88,0.0,0.0,-3.9,-2.4,0.0 (cmd 0.0),0.0 (cmd 0.0)
1.2006999999999999,-1.91,0.0,0.0,-2.89,0.0,0.0,-2.9,-1.9,0.0 (cmd 0.0),0.0 (cmd 0.0)
1.2012,-1.63,0.0,0.0,-2.32,0.0,0.0,-2.3,-1.6,0.0 (cmd 0.0),0.0 (cmd 0.0)
1.2017,-1.54,0.0,0.0,-1.55,0.0,0.0,-1.6,-1.5,0.0 (cmd 0.0),0.0 (cmd 0.0)
1.2022,-1.29,0.0,0.0,-0.95,0.0,0.0,-0.9,-1.3,0.0 (cmd 0.0),0.0 (cmd 0.0)
1.2027,-1.02,0.0,0.0,-0.71,0.0,0.0,-0.7,-1.0,0.0 (cmd 0.0),0.0 (cmd 0.0)
1.2031999999999998,-1.04,0.0,0.0,-0.68,0.0,0.0,-0.7,-1.0,0.0 (cmd 0.0),0.0 (cmd 0.0)
1.2037,-1.29,0.0,0.0,-0.67,0.0,0.0,-0.7,-1.3,0.0 (cmd 0.0),0.0 (cmd 0.0)
1.2042,-1.36,0.0,0.0,-0.47,0.0,0.0,-0.5,-1.4,0.0 (cmd 0.0),0.0 (cmd 0.0)
1.2047,-1.21,0.0,0.0,-0.26,0.0,0.0,-0.3,-1.2,0.0 (cmd 0.0),0.0 (cmd 0.0)
1.2052,-1.13,0.0,0.0,-0.2,0.0,0.0,-0.2,-1.1,0.0 (cmd 0.0),0.0 (cmd 0.0)
1.2056999999999998,-1.12,0.0,0.0,-0.09,0.0,0.0,-0.1,-1.1,0.0 (cmd 0.0),0.0 (cmd 0.0)
1.2062,-1.3,0.0,0.0,-0.11,0.0,0.0,-0.1,-1.3,0.0 (cmd 0.0),0.0 (cmd 0.0)
1.2067,-1.27,0.0,0.0,-0.1,0.0,0.0,-0.1,-1.3,0.0 (cmd 0.0),0.0 (cmd 0.0)
1.2072,-1.12,0.0,0.0,0.03,0.0,0.0,0.0,-1.1,0.0 (cmd 0.0),0.0 (cmd 0.0)
1.2077,-1.05,0.0,0.0,0.23,0.0,0.0,0.2,-1.1,0.0 (cmd 0.0),0.0 (cmd 0.0)
1.2081999999999997,-0.94,0.0,0.0,0.54,0.0,0.0,0.5,-0.9,0.0 (cmd 0.0),0.0 (cmd 0.0)
1.2087,-1.09,0.0,0.0,0.65,0.0,0.0,0.7,-1.1,0.0 (cmd 0.0),0.0 (cmd 0.0)
1.2092,-1.24,0.0,0.0,0.61,0.0,0.0,0.6,-1.2,0.0 (cmd 0.0),0.0 (cmd 0.0)
1.2097,-1.27,0.0,0.0,0.53,0.0,0.0,0.5,-1.3,0.0 (cmd 0.0),0.0 (cmd 0.0)
1.2102,-1.04,0.0,0.0,0.46,0.0,0.0,0.5,-1.0,0.0 (cmd 0.0),0.0 (cmd 0.0)
1.2106999999999999,-0.75,0.0,0.0,0.45,0.0,0.0,0.5,-0.8,0.0 (cmd 0.0),0.0 (cmd 0.0)
1.2112,-0.66,0.0,0.0,0.62,0.0,0.0,0.6,-0.7,0.0 (cmd 0.0),0.0 (cmd 0.0)
1.2117,-0.71,0.0,0.0,0.66,0.0,0.0,0.7,-0.7,0.0 (cmd 0.0),0.0 (cmd 0.0)
1.2122,-0.78,0.0,0.0,0.56,0.0,0.0,0.6,-0.8,0.0 (cmd 0.0),0.0 (cmd 0.0)
1.2127000000000001,-0.8,0.0,0.0,0.5,0.0,0.0,0.5,-0.8,0.0 (cmd 0.0),0.0 (cmd 0.0)
1.2131999999999998,-0.8,0.0,0.0,0.46,0.0,0.0,0.5,-0.8,0.0 (cmd 0.0),0.0 (cmd 0.0)
1.2137,-0.72,0.0,0.0,0.42,0.0,0.0,0.4,-0.7,0.0 (cmd 0.0),0.0 (cmd 0.0)
1.2142,-0.76,0.0,0.0,0.4,0.0,0.0,0.4,-0.8,0.0 (cmd 0.0),0.0 (cmd 0.0)
1.2147000000000001,-0.83,0.0,0.0,0.26,0.0,0.0,0.3,-0.8,0.0 (cmd 0.0),0.0 (cmd 0.0)
1.2152,-0.95,0.0,0.0,0.08,0.0,0.0,0.1,-0.9,0.0 (cmd 0.0),0.0 (cmd 0.0)
1.2156999999999998,-0.99,0.0,0.0,-0.08,0.0,0.0,-0.1,-1.0,0.0 (cmd 0.0),0.0 (cmd 0.0)
1.2162,-0.98,0.0,0.0,-0.14,0.0,0.0,-0.1,-1.0,0.0 (cmd 0.0),0.0 (cmd 0.0)
1.2167000000000001,-0.92,0.0,0.0,-0.24,0.0,0.0,-0.2,-0.9,0.0 (cmd 0.0),0.0 (cmd 0.0)
1.2172,-0.88,0.0,0.0,-0.28,0.0,0.0,-0.3,-0.9,0.0 (cmd 0.0),0.0 (cmd 0.0)
1.2177,-0.89,0.0,0.0,-0.27,0.0,0.0,-0.3,-0.9,0.0 (cmd 0.0),0.0 (cmd 0.0)
1.2181999999999997,-0.89,0.0,0.0,-0.3,0.0,0.0,-0.3,-0.9,0.0 (cmd 0.0),0.0 (cmd 0.0)
1.2187000000000001,-0.87,0.0,0.0,-0.35,0.0,0.0,-0.3,-0.9,0.0 (cmd 0.0),0.0 (cmd 0.0)
1.2192,-0.91,0.0,0.0,-0.39,0.0,0.0,-0.4,-0.9,0.0 (cmd 0.0),0.0 (cmd 0.0)
1.2197,-0.93,0.0,0.0,-0.4,0.0,0.0,-0.4,-0.9,0.0 (cmd 0.0),0.0 (cmd 0.0)
1.2202,-0.97,0.0,0.0,-0.44,0.0,0.0,-0.4,-1.0,0.0 (cmd 0.0),0.0 (cmd 0.0)
1.2207,-0.98,0.0,0.0,-0.45,0.0,0.0,-0.5,-1.0,0.0 (cmd 0.0),0.0 (cmd 0.0)
1.2212,-1.03,0.0,0.0,-0.44,0.0,0.0,-0.4,-1.0,0.0 (cmd 0.0),0.0 (cmd 0.0)
1.2217,-1.06,0.0,0.0,-0.43,0.0,0.0,-0.4,-1.1,0.0 (cmd 0.0),0.0 (cmd 0.0)
1.2222,-1.15,0.0,0.0,-0.43,0.0,0.0,-0.4,-1.1,0.0 (cmd 0.0),0.0 (cmd 0.0)
1.2227000000000001,-1.25,0.0,0.0,-0.42,0.0,0.0,-0.4,-1.2,0.0 (cmd 0.0),0.0 (cmd 0.0)
1.2231999999999998,-1.3,0.0,0.0,-0.45,0.0,0.0,-0.5,-1.3,0.0 (cmd 0.0),0.0 (cmd 0.0)
1.2237,-1.34,0.0,0.0,-0.46,0.0,0.0,-0.5,-1.3,0.0 (cmd 0.0),0.0 (cmd 0.0)
1.2242,-1.37,0.0,0.0,-0.46,0.0,0.0,-0.5,-1.4,0.0 (cmd 0.0),0.0 (cmd 0.0)
1.2247000000000001,-1.39,0.0,0.0,-0.44,0.0,0.0,-0.4,-1.4,0.0 (cmd 0.0),0.0 (cmd 0.0)
1.2252,-1.44,0.0,0.0,-0.39,0.0,0.0,-0.4,-1.4,0.0 (cmd 0.0),0.0 (cmd 0.0)
1.2256999999999998,-1.46,0.0,0.0,-0.44,0.0,0.0,-0.4,-1.5,0.0 (cmd 0.0),0.0 (cmd 0.0)
1.2262,-1.46,0.0,0.0,-0.46,0.0,0.0,-0.5,-1.5,0.0 (cmd 0.0),0.0 (cmd 0.0)
1.2267000000000001,-1.44,0.0,0.0,-0.48,0.0,0.0,-0.5,-1.4,0.0 (cmd 0.0),0.0 (cmd 0.0)
1.2272,-1.48,0.0,0.0,-0.49,0.0,0.0,-0.5,-1.5,0.0 (cmd 0.0),0.0 (cmd 0.0)
1.2277,-1.5,0.0,0.0,-0.52,0.0,0.0,-0.5,-1.5,0.0 (cmd 0.0),0.0 (cmd 0.0)
1.2281999999999997,-1.51,0.0,0.0,-0.51,0.0,0.0,-0.5,-1.5,0.0 (cmd 0.0),0.0 (cmd 0.0)
1.2287000000000001,-1.54,0.0,0.0,-0.52,0.0,0.0,-0.5,-1.5,0.0 (cmd 0.0),0.0 (cmd 0.0)
1.2292,-1.55,0.0,0.0,-0.56,0.0,0.0,-0.6,-1.6,0.0 (cmd 0.0),0.0 (cmd 0.0)
1.2297,-1.61,0.0,0.0,-0.6,0.0,0.0,-0.6,-1.6,0.0 (cmd 0.0),0.0 (cmd 0.0)
1.2302,-1.72,0.0,0.0,-0.65,0.0,0.0,-0.7,-1.7,0.0 (cmd 0.0),0.0 (cmd 0.0)
1.2307,-1.8,0.0,0.0,-0.72,0.0,0.0,-0.7,-1.8,0.0 (cmd 0.0),0.0 (cmd 0.0)
1.2312,-1.88,0.0,0.0,-0.78,0.0,0.0,-0.8,-1.9,0.0 (cmd 0.0),0.0 (cmd 0.0)
1.2317,-1.99,0.0,0.0,-0.84,0.0,0.0,-0.8,-2.0,0.0 (cmd 0.0),0.0 (cmd 0.0)
1.2322,-2.12,0.0,0.0,-0.92,0.0,0.0,-0.9,-2.1,0.0 (cmd 0.0),0.0 (cmd 0.0)
1.2327000000000001,-2.19,0.0,0.0,-1.01,0.0,0.0,-1.0,-2.2,0.0 (cmd 0.0),0.0 (cmd 0.0)
1.2331999999999999,-2.22,0.0,0.0,-1.05,0.0,0.0,-1.1,-2.2,0.0 (cmd 0.0),0.0 (cmd 0.0)
1.2337,-2.21,0.0,0.0,-1.13,0.0,0.0,-1.1,-2.2,0.0 (cmd 0.0),0.0 (cmd 0.0)
1.2342,-2.2,0.0,0.0,-1.16,0.0,0.0,-1.2,-2.2,0.0 (cmd 0.0),0.0 (cmd 0.0)
1.2347000000000001,-2.21,0.0,0.0,-1.17,0.0,0.0,-1.2,-2.2,0.0 (cmd 0.0),0.0 (cmd 0.0)
1.2352,-2.22,0.0,0.0,-1.18,0.0,0.0,-1.2,-2.2,0.0 (cmd 0.0),0.0 (cmd 0.0)
1.2356999999999998,-2.23,0.0,0.0,-1.22,0.0,0.0,-1.2,-2.2,0.0 (cmd 0.0),0.0 (cmd 0.0)
1.2362,-2.28,0.0,0.0,-1.24,0.0,0.0,-1.2,-2.3,0.0 (cmd 0.0),0.0 (cmd 0.0)
1.2367000000000001,-2.31,0.0,0.0,-1.26,0.0,0.0,-1.3,-2.3,0.0 (cmd 0.0),0.0 (cmd 0.0)
1.2372,-2.32,0.0,0.0,-1.29,0.0,0.0,-1.3,-2.3,0.0 (cmd 0.0),0.0 (cmd 0.0)
1.2377,-2.34,0.0,0.0,-1.35,0.0,0.0,-1.4,-2.3,0.0 (cmd 0.0),0.0 (cmd 0.0)
1.2381999999999997,-2.41,0.0,0.0,-1.38,0.0,0.0,-1.4,-2.4,0.0 (cmd 0.0),0.0 (cmd 0.0)
1.2387000000000001,-2.47,0.0,0.0,-1.43,0.0,0.0,-1.4,-2.5,0.0 (cmd 0.0),0.0 (cmd 0.0)
1.2392,-2.5,0.0,0.0,-1.43,0.0,0.0,-1.4,-2.5,0.0 (cmd 0.0),0.0 (cmd 0.0)
1.2397,-2.63,0.0,0.0,-1.49,0.0,0.0,-1.5,-2.6,0.0 (cmd 0.0),0.0 (cmd 0.0)
1.2402,-2.62,0.0,0.0,-1.51,0.0,0.0,-1.5,-2.6,0.0 (cmd 0.0),0.0 (cmd 0.0)
1.2407,-2.56,0.0,0.0,-1.52,0.0,0.0,-1.5,-2.6,0.0 (cmd 0.0),0.0 (cmd 0.0)
1.2412,-2.44,0.0,0.0,-1.48,0.0,0.0,-1.5,-2.4,0.0 (cmd 0.0),0.0 (cmd 0.0)
1.2417,-2.44,0.0,0.0,-1.47,0.0,0.0,-1.5,-2.4,0.0 (cmd 0.0),0.0 (cmd 0.0)
1.2422,-2.44,0.0,0.0,-1.54,0.0,0.0,-1.5,-2.4,0.0 (cmd 0.0),0.0 (cmd 0.0)
1.2427000000000001,-2.49,0.0,0.0,-1.7,0.0,0.0,-1.7,-2.5,0.0 (cmd 0.0),0.0 (cmd 0.0)
1.2431999999999999,-2.54,0.0,0.0,-1.72,0.0,0.0,-1.7,-2.5,0.0 (cmd 0.0),0.0 (cmd 0.0)
1.2437,-2.56,0.0,0.0,-1.71,0.0,0.0,-1.7,-2.6,0.0 (cmd 0.0),0.0 (cmd 0.0)
1.2442,-2.59,0.0,0.0,-1.71,0.0,0.0,-1.7,-2.6,0.0 (cmd 0.0),0.0 (cmd 0.0)
1.2447000000000001,-2.52,0.0,0.0,-1.72,0.0,0.0,-1.7,-2.5,0.0 (cmd 0.0),0.0 (cmd 0.0)
1.2452,-2.42,0.0,0.0,-1.73,0.0,0.0,-1.7,-2.4,0.0 (cmd 0.0),0.0 (cmd 0.0)
1.2456999999999998,-2.28,0.0,0.0,-1.77,0.0,0.0,-1.8,-2.3,0.0 (cmd 0.0),0.0 (cmd 0.0)
1.2462,-2.13,0.0,0.0,-1.84,0.0,0.0,-1.8,-2.1,0.0 (cmd 0.0),0.0 (cmd 0.0)
1.2467000000000001,-1.83,0.0,0.0,-1.8,0.0,0.0,-1.8,-1.8,0.0 (cmd 0.0),0.0 (cmd 0.0)
1.2472,-1.52,0.0,0.0,-1.7,0.0,0.0,-1.7,-1.5,0.0 (cmd 0.0),0.0 (cmd 0.0)
1.2477,-1.16,0.0,0.0,-1.53,0.0,0.0,-1.5,-1.2,0.0 (cmd 0.0),0.0 (cmd 0.0)
1.2481999999999998,-0.86,0.0,0.0,-1.15,0.0,0.0,-1.1,-0.9,0.0 (cmd 0.0),0.0 (cmd 0.0)
1.2487000000000001,-0.49,0.0,0.0,-0.98,0.0,0.0,-1.0,-0.5,0.0 (cmd 0.0),0.0 (cmd 0.0)
1.2492,-0.39,0.0,0.0,-0.9,0.0,0.0,-0.9,-0.4,0.0 (cmd 0.0),0.0 (cmd 0.0)
1.2497,-0.33,0.0,0.0,-0.62,0.0,0.0,-0.6,-0.3,0.0 (cmd 0.0),0.0 (cmd 0.0)
1.2502,-0.27,0.0,0.0,-0.37,0.0,0.0,-0.4,-0.3,0.0 (cmd 0.0),0.0 (cmd 0.0)
1.2507,-0.13,0.0,0.0,-0.14,0.0,0.0,-0.1,-0.1,0.0 (cmd 0.0),0.0 (cmd 0.0)
1.2512,0.01,0.0,0.0,0.0,0.0,0.0,0.0,0.0,0.0 (cmd 0.0),0.0 (cmd 0.0)
1.2517,0.16,0.0,0.0,0.26,0.0,0.0,0.3,0.2,0.0 (cmd 0.0),0.0 (cmd 0.0)
1.2522,0.25,0.0,0.0,0.47,0.0,0.0,0.5,0.2,0.0 (cmd 0.0),0.0 (cmd 0.0)
1.2527000000000001,0.36,0.0,0.0,0.64,0.0,0.0,0.6,0.4,0.0 (cmd 0.0),0.0 (cmd 0.0)
1.2531999999999999,0.4,0.0,0.0,0.85,0.0,0.0,0.8,0.4,0.0 (cmd 0.0),0.0 (cmd 0.0)
1.2537,0.42,0.0,0.0,0.99,0.0,0.0,1.0,0.4,0.0 (cmd 0.0),0.0 (cmd 0.0)
1.2542,0.52,0.0,0.0,1.1,0.0,0.0,1.1,0.5,0.0 (cmd 0.0),0.0 (cmd 0.0)
1.2547000000000001,0.63,0.0,0.0,1.14,0.0,0.0,1.1,0.6,0.0 (cmd 0.0),0.0 (cmd 0.0)
1.2552,0.72,0.0,0.0,1.18,0.0,0.0,1.2,0.7,0.0 (cmd 0.0),0.0 (cmd 0.0)
1.2556999999999998,0.86,0.0,0.0,1.22,0.0,0.0,1.2,0.9,0.0 (cmd 0.0),0.0 (cmd 0.0)
1.2562,1.01,0.0,0.0,1.23,0.0,0.0,1.2,1.0,0.0 (cmd 0.0),0.0 (cmd 0.0)
1.2567000000000002,1.0,0.0,0.0,1.21,0.0,0.0,1.2,1.0,0.0 (cmd 0.0),0.0 (cmd 0.0)
1.2572,0.95,0.0,0.0,1.24,0.0,0.0,1.2,0.9,0.0 (cmd 0.0),0.0 (cmd 0.0)
1.2577,0.89,0.0,0.0,1.32,0.0,0.0,1.3,0.9,0.0 (cmd 0.0),0.0 (cmd 0.0)
1.2581999999999998,0.82,0.0,0.0,1.29,0.0,0.0,1.3,0.8,0.0 (cmd 0.0),0.0 (cmd 0.0)
1.2587000000000002,0.73,0.0,0.0,1.19,0.0,0.0,1.2,0.7,0.0 (cmd 0.0),0.0 (cmd 0.0)
1.2592,0.35,0.0,0.0,0.66,0.0,0.0,0.7,0.3,0.0 (cmd 0.0),0.0 (cmd 0.0)
1.2597,-0.46,0.0,0.0,-0.17,0.0,0.0,-0.2,-0.5,0.0 (cmd 0.0),0.0 (cmd 0.0)
1.2602,-1.26,0.0,0.0,-1.41,0.0,0.0,-1.4,-1.3,0.0 (cmd 0.0),0.0 (cmd 0.0)
1.2606999999999997,-2.97,0.0,0.0,-2.43,0.0,0.0,-2.4,-3.0,0.0 (cmd 0.0),0.0 (cmd 0.0)
1.2612,-4.46,0.0,0.0,-3.18,0.0,0.0,-3.2,-4.5,0.0 (cmd 0.0),0.0 (cmd 0.0)
1.2617,-5.85,0.0,0.0,-4.49,0.0,0.0,-4.5,-5.8,0.0 (cmd 0.0),0.0 (cmd 0.0)
1.2622,-8.12,0.0,0.0,-6.53,0.0,0.0,-6.5,-8.1,0.0 (cmd 0.0),0.0 (cmd 0.0)
1.2627000000000002,-10.42,0.0,0.0,-8.85,0.0,0.0,-8.8,-10.4,0.0 (cmd 0.0),0.0 (cmd 0.0)
1.2631999999999999,-12.87,0.0,0.0,-10.96,0.0,0.0,-11.0,-12.9,0.0 (cmd 0.0),0.0 (cmd 0.0)
1.2637,-15.07,0.0,0.0,-13.51,0.0,0.0,-13.5,-15.1,0.0 (cmd 0.0),0.0 (cmd 0.0)
1.2642,-16.84,0.0,0.0,-15.65,0.0,0.0,-15.7,-16.8,0.0 (cmd 0.0),0.0 (cmd 0.0)
1.2647,-17.9,0.0,0.0,-16.39,0.0,0.0,-16.4,-17.9,0.0 (cmd 0.0),0.0 (cmd 0.0)
1.2652,-18.44,0.0,0.0,-16.69,0.0,0.0,-16.7,-18.4,0.0 (cmd 0.0),0.0 (cmd 0.0)
1.2656999999999998,-18.6,0.0,0.0,-17.05,0.0,0.0,-17.1,-18.6,0.0 (cmd 0.0),0.0 (cmd 0.0)
1.2662,-18.52,0.0,0.0,-16.96,0.0,0.0,-17.0,-18.5,0.0 (cmd 0.0),0.0 (cmd 0.0)
1.2667,-18.18,0.0,0.0,-16.8,0.0,0.0,-16.8,-18.2,0.0 (cmd 0.0),0.0 (cmd 0.0)
1.2672,-17.87,0.0,0.0,-16.53,0.0,0.0,-16.5,-17.9,0.0 (cmd 0.0),0.0 (cmd 0.0)
1.2677,-17.57,0.0,0.0,-16.3,0.0,0.0,-16.3,-17.6,0.0 (cmd 0.0),0.0 (cmd 0.0)
1.2681999999999998,-17.18,0.0,0.0,-15.92,0.0,0.0,-15.9,-17.2,0.0 (cmd 0.0),0.0 (cmd 0.0)
1.2687,-16.73,0.0,0.0,-15.58,0.0,0.0,-15.6,-16.7,0.0 (cmd 0.0),0.0 (cmd 0.0)
1.2692,-16.07,0.0,0.0,-14.88,0.0,0.0,-14.9,-16.1,0.0 (cmd 0.0),0.0 (cmd 0.0)
1.2697,-15.63,0.0,0.0,-14.19,0.0,0.0,-14.2,-15.6,0.0 (cmd 0.0),0.0 (cmd 0.0)
1.2702,-15.09,0.0,0.0,-13.71,0.0,0.0,-13.7,-15.1,0.0 (cmd 0.0),0.0 (cmd 0.0)
1.2706999999999997,-14.63,0.0,0.0,-13.0,0.0,0.0,-13.0,-14.6,0.0 (cmd 0.0),0.0 (cmd 0.0)
1.2712,-14.33,0.0,0.0,-12.61,0.0,0.0,-12.6,-14.3,0.0 (cmd 0.0),0.0 (cmd 0.0)
1.2717,-14.19,0.0,0.0,-12.27,0.0,0.0,-12.3,-14.2,0.0 (cmd 0.0),0.0 (cmd 0.0)
1.2722,-14.05,0.0,0.0,-12.09,0.0,0.0,-12.1,-14.1,0.0 (cmd 0.0),0.0 (cmd 0.0)
1.2727,-13.89,0.0,0.0,-11.95,0.0,0.0,-11.9,-13.9,0.0 (cmd 0.0),0.0 (cmd 0.0)
1.2731999999999999,-13.72,0.0,0.0,-11.83,0.0,0.0,-11.8,-13.7,0.0 (cmd 0.0),0.0 (cmd 0.0)
1.2737,-13.57,0.0,0.0,-11.68,0.0,0.0,-11.7,-13.6,0.0 (cmd 0.0),0.0 (cmd 0.0)
1.2742,-13.4,0.0,0.0,-11.44,0.0,0.0,-11.4,-13.4,0.0 (cmd 0.0),0.0 (cmd 0.0)
1.2747,-13.23,0.0,0.0,-11.29,0.0,0.0,-11.3,-13.2,0.0 (cmd 0.0),0.0 (cmd 0.0)
1.2752000000000001,-13.15,0.0,0.0,-11.19,0.0,0.0,-11.2,-13.2,0.0 (cmd 0.0),0.0 (cmd 0.0)
1.2756999999999998,-13.06,0.0,0.0,-11.15,0.0,0.0,-11.2,-13.1,0.0 (cmd 0.0),0.0 (cmd 0.0)
1.2762,-13.01,0.0,0.0,-11.06,0.0,0.0,-11.1,-13.0,0.0 (cmd 0.0),0.0 (cmd 0.0)
1.2767,-12.91,0.0,0.0,-10.98,0.0,0.0,-11.0,-12.9,0.0 (cmd 0.0),0.0 (cmd 0.0)
1.2772000000000001,-12.86,0.0,0.0,-10.9,0.0,0.0,-10.9,-12.9,0.0 (cmd 0.0),0.0 (cmd 0.0)
1.2777,-12.84,0.0,0.0,-10.86,0.0,0.0,-10.9,-12.8,0.0 (cmd 0.0),0.0 (cmd 0.0)
1.2781999999999998,-12.83,0.0,0.0,-10.89,0.0,0.0,-10.9,-12.8,0.0 (cmd 0.0),0.0 (cmd 0.0)
1.2787,-12.86,0.0,0.0,-10.88,0.0,0.0,-10.9,-12.9,0.0 (cmd 0.0),0.0 (cmd 0.0)
1.2792000000000001,-12.87,0.0,0.0,-10.88,0.0,0.0,-10.9,-12.9,0.0 (cmd 0.0),0.0 (cmd 0.0)
1.2797,-12.89,0.0,0.0,-10.94,0.0,0.0,-10.9,-12.9,0.0 (cmd 0.0),0.0 (cmd 0.0)
1.2802,-12.89,0.0,0.0,-10.97,0.0,0.0,-11.0,-12.9,0.0 (cmd 0.0),0.0 (cmd 0.0)
1.2806999999999997,-12.87,0.0,0.0,-10.98,0.0,0.0,-11.0,-12.9,0.0 (cmd 0.0),0.0 (cmd 0.0)
1.2812000000000001,-12.87,0.0,0.0,-10.97,0.0,0.0,-11.0,-12.9,0.0 (cmd 0.0),0.0 (cmd 0.0)
1.2816999999999998,-12.86,0.0,0.0,-11.0,0.0,0.0,-11.0,-12.9,0.0 (cmd 0.0),0.0 (cmd 0.0)
1.2822,-12.86,0.0,0.0,-11.01,0.0,0.0,-11.0,-12.9,0.0 (cmd 0.0),0.0 (cmd 0.0)
1.2827,-12.86,0.0,0.0,-11.04,0.0,0.0,-11.0,-12.9,0.0 (cmd 0.0),0.0 (cmd 0.0)
1.2832,-12.83,0.0,0.0,-11.17,0.0,0.0,-11.2,-12.8,0.0 (cmd 0.0),0.0 (cmd 0.0)
1.2837,-12.8,0.0,0.0,-11.31,0.0,0.0,-11.3,-12.8,0.0 (cmd 0.0),0.0 (cmd 0.0)
1.2841999999999998,-12.83,0.0,0.0,-11.41,0.0,0.0,-11.4,-12.8,0.0 (cmd 0.0),0.0 (cmd 0.0)
1.2847,-12.78,0.0,0.0,-11.48,0.0,0.0,-11.5,-12.8,0.0 (cmd 0.0),0.0 (cmd 0.0)
1.2852000000000001,-12.69,0.0,0.0,-11.44,0.0,0.0,-11.4,-12.7,0.0 (cmd 0.0),0.0 (cmd 0.0)
1.2856999999999998,-12.56,0.0,0.0,-11.41,0.0,0.0,-11.4,-12.6,0.0 (cmd 0.0),0.0 (cmd 0.0)
1.2862,-12.43,0.0,0.0,-11.47,0.0,0.0,-11.5,-12.4,0.0 (cmd 0.0),0.0 (cmd 0.0)
1.2866999999999997,-12.41,0.0,0.0,-11.47,0.0,0.0,-11.5,-12.4,0.0 (cmd 0.0),0.0 (cmd 0.0)
1.2872000000000001,-12.45,0.0,0.0,-11.38,0.0,0.0,-11.4,-12.4,0.0 (cmd 0.0),0.0 (cmd 0.0)
1.2877,-12.47,0.0,0.0,-11.36,0.0,0.0,-11.4,-12.5,0.0 (cmd 0.0),0.0 (cmd 0.0)
1.2881999999999998,-12.44,0.0,0.0,-11.49,0.0,0.0,-11.5,-12.4,0.0 (cmd 0.0),0.0 (cmd 0.0)
1.2887,-12.44,0.0,0.0,-11.56,0.0,0.0,-11.6,-12.4,0.0 (cmd 0.0),0.0 (cmd 0.0)
1.2892,-12.42,0.0,0.0,-11.6,0.0,0.0,-11.6,-12.4,0.0 (cmd 0.0),0.0 (cmd 0.0)
1.2897,-12.3,0.0,0.0,-11.62,0.0,0.0,-11.6,-12.3,0.0 (cmd 0.0),0.0 (cmd 0.0)
1.2902,-12.2,0.0,0.0,-11.69,0.0,0.0,-11.7,-12.2,0.0 (cmd 0.0),0.0 (cmd 0.0)
1.2906999999999997,-12.05,0.0,0.0,-11.76,0.0,0.0,-11.8,-12.1,0.0 (cmd 0.0),0.0 (cmd 0.0)
1.2912000000000001,-12.02,0.0,0.0,-11.83,0.0,0.0,-11.8,-12.0,0.0 (cmd 0.0),0.0 (cmd 0.0)
1.2916999999999998,-12.01,0.0,0.0,-11.89,0.0,0.0,-11.9,-12.0,0.0 (cmd 0.0),0.0 (cmd 0.0)
1.2922,-12.0,0.0,0.0,-11.9,0.0,0.0,-11.9,-12.0,0.0 (cmd 0.0),0.0 (cmd 0.0)
1.2927,-11.96,0.0,0.0,-11.9,0.0,0.0,-11.9,-12.0,0.0 (cmd 0.0),0.0 (cmd 0.0)
1.2932,-11.92,0.0,0.0,-11.84,0.0,0.0,-11.8,-11.9,0.0 (cmd 0.0),0.0 (cmd 0.0)
1.2937,-11.79,0.0,0.0,-11.71,0.0,0.0,-11.7,-11.8,0.0 (cmd 0.0),0.0 (cmd 0.0)
1.2941999999999998,-11.75,0.0,0.0,-11.61,0.0,0.0,-11.6,-11.8,0.0 (cmd 0.0),0.0 (cmd 0.0)
1.2947,-11.77,0.0,0.0,-11.52,0.0,0.0,-11.5,-11.8,0.0 (cmd 0.0),0.0 (cmd 0.0)
1.2952000000000001,-11.82,0.0,0.0,-11.48,0.0,0.0,-11.5,-11.8,0.0 (cmd 0.0),0.0 (cmd 0.0)
1.2956999999999999,-11.88,0.0,0.0,-11.45,0.0,0.0,-11.4,-11.9,0.0 (cmd 0.0),0.0 (cmd 0.0)
1.2962,-11.92,0.0,0.0,-11.38,0.0,0.0,-11.4,-11.9,0.0 (cmd 0.0),0.0 (cmd 0.0)
1.2966999999999997,-11.96,0.0,0.0,-11.34,0.0,0.0,-11.3,-12.0,0.0 (cmd 0.0),0.0 (cmd 0.0)
1.2972000000000001,-11.93,0.0,0.0,-11.38,0.0,0.0,-11.4,-11.9,0.0 (cmd 0.0),0.0 (cmd 0.0)
1.2977,-11.95,0.0,0.0,-11.59,0.0,0.0,-11.6,-11.9,0.0 (cmd 0.0),0.0 (cmd 0.0)
1.2981999999999998,-11.9,0.0,0.0,-11.8,0.0,0.0,-11.8,-11.9,0.0 (cmd 0.0),0.0 (cmd 0.0)
1.2987,-11.83,0.0,0.0,-12.12,0.0,0.0,-12.1,-11.8,0.0 (cmd 0.0),0.0 (cmd 0.0)
1.2992,-11.68,0.0,0.0,-12.52,0.0,0.0,-12.5,-11.7,0.0 (cmd 0.0),0.0 (cmd 0.0)
1.2997,-11.7,0.0,0.0,-12.99,0.0,0.0,-13.0,-11.7,0.0 (cmd 0.0),0.0 (cmd 0.0)
1.3002,-11.61,0.0,0.0,-13.18,0.0,0.0,-13.2,-11.6,0.0 (cmd 0.0),0.0 (cmd 0.0)
1.3006999999999997,-11.39,0.0,0.0,-13.14,0.0,0.0,-13.1,-11.4,0.0 (cmd 0.0),0.0 (cmd 0.0)
1.3012000000000001,-11.12,0.0,0.0,-12.75,0.0,0.0,-12.8,-11.1,0.0 (cmd 0.0),0.0 (cmd 0.0)
1.3016999999999999,-10.97,0.0,0.0,-12.23,0.0,0.0,-12.2,-11.0,0.0 (cmd 0.0),0.0 (cmd 0.0)
1.3022,-10.87,0.0,0.0,-10.98,0.0,0.0,-11.0,-10.9,0.0 (cmd 0.0),0.0 (cmd 0.0)
1.3027,-10.99,0.0,0.0,-10.14,0.0,0.0,-10.1,-11.0,0.0 (cmd 0.0),0.0 (cmd 0.0)
1.3032,-11.08,0.0,0.0,-10.23,0.0,0.0,-10.2,-11.1,0.0 (cmd 0.0),0.0 (cmd 0.0)
1.3037,-11.57,0.0,0.0,-9.86,0.0,0.0,-9.9,-11.6,0.0 (cmd 0.0),0.0 (cmd 0.0)
1.3041999999999998,-12.85,0.0,0.0,-9.62,0.0,0.0,-9.6,-12.8,0.0 (cmd 0.0),0.0 (cmd 0.0)
1.3047,-14.53,0.0,0.0,-9.85,0.0,0.0,-9.8,-14.5,0.0 (cmd 0.0),0.0 (cmd 0.0)
1.3052000000000001,-16.95,0.0,0.0,-9.98,0.0,0.0,-10.0,-16.9,0.0 (cmd 0.0),0.0 (cmd 0.0)
1.3056999999999999,-19.53,0.0,0.0,-9.71,0.0,0.0,-9.7,-19.5,0.0 (cmd 0.0),0.0 (cmd 0.0)
1.3062,-20.33,0.0,0.0,-9.48,0.0,0.0,-9.5,-20.3,0.0 (cmd 0.0),0.0 (cmd 0.0)
1.3066999999999998,-18.89,0.0,0.0,-9.38,0.0,0.0,-9.4,-18.9,0.0 (cmd 0.0),0.0 (cmd 0.0)
1.3072000000000001,-15.89,0.0,0.0,-9.33,0.0,0.0,-9.3,-15.9,0.0 (cmd 0.0),0.0 (cmd 0.0)
1.3077,-12.93,0.0,0.0,-9.62,0.0,0.0,-9.6,-12.9,0.0 (cmd 0.0),0.0 (cmd 0.0)
1.3081999999999998,-11.85,0.0,0.0,-9.69,0.0,0.0,-9.7,-11.8,0.0 (cmd 0.0),0.0 (cmd 0.0)
1.3087,-11.3,0.0,0.0,-9.04,0.0,0.0,-9.0,-11.3,0.0 (cmd 0.0),0.0 (cmd 0.0)
1.3092,-10.05,0.0,0.0,-8.32,0.0,0.0,-8.3,-10.1,0.0 (cmd 0.0),0.0 (cmd 0.0)
1.3097,-8.97,0.0,0.0,-8.19,0.0,0.0,-8.2,-9.0,0.0 (cmd 0.0),0.0 (cmd 0.0)
1.3102,-7.93,0.0,0.0,-7.66,0.0,0.0,-7.7,-7.9,0.0 (cmd 0.0),0.0 (cmd 0.0)
1.3106999999999998,-6.57,0.0,0.0,-7.11,0.0,0.0,-7.1,-6.6,0.0 (cmd 0.0),0.0 (cmd 0.0)
1.3112000000000001,-5.04,0.0,0.0,-6.11,0.0,0.0,-6.1,-5.0,0.0 (cmd 0.0),0.0 (cmd 0.0)
1.3116999999999999,-4.09,0.0,0.0,-5.28,0.0,0.0,-5.3,-4.1,0.0 (cmd 0.0),0.0 (cmd 0.0)
1.3122,-2.37,0.0,0.0,-4.5,0.0,0.0,-4.5,-2.4,0.0 (cmd 0.0),0.0 (cmd 0.0)
1.3127,-1.22,0.0,0.0,-2.29,0.0,0.0,-2.3,-1.2,0.0 (cmd 0.0),0.0 (cmd 0.0)
1.3132,-1.69,0.0,0.0,-1.23,0.0,0.0,-1.2,-1.7,0.0 (cmd 0.0),0.0 (cmd 0.0)
1.3137,-2.27,0.0,0.0,-0.97,0.0,0.0,-1.0,-2.3,0.0 (cmd 0.0),0.0 (cmd 0.0)
1.3141999999999998,-2.54,0.0,0.0,-1.35,0.0,0.0,-1.4,-2.5,0.0 (cmd 0.0),0.0 (cmd 0.0)
1.3147,-2.8,0.0,0.0,-1.78,0.0,0.0,-1.8,-2.8,0.0 (cmd 0.0),0.0 (cmd 0.0)
1.3152000000000001,-2.89,0.0,0.0,-1.93,0.0,0.0,-1.9,-2.9,0.0 (cmd 0.0),0.0 (cmd 0.0)
1.3156999999999999,-2.94,0.0,0.0,-2.02,0.0,0.0,-2.0,-2.9,0.0 (cmd 0.0),0.0 (cmd 0.0)
1.3162,-3.03,0.0,0.0,-2.06,0.0,0.0,-2.1,-3.0,0.0 (cmd 0.0),0.0 (cmd 0.0)
1.3166999999999998,-3.16,0.0,0.0,-2.04,0.0,0.0,-2.0,-3.2,0.0 (cmd 0.0),0.0 (cmd 0.0)
1.3172000000000001,-3.2,0.0,0.0,-2.09,0.0,0.0,-2.1,-3.2,0.0 (cmd 0.0),0.0 (cmd 0.0)
1.3177,-3.12,0.0,0.0,-1.99,0.0,0.0,-2.0,-3.1,0.0 (cmd 0.0),0.0 (cmd 0.0)
1.3181999999999998,-3.0,0.0,0.0,-1.88,0.0,0.0,-1.9,-3.0,0.0 (cmd 0.0),0.0 (cmd 0.0)
1.3187,-2.94,0.0,0.0,-1.8,0.0,0.0,-1.8,-2.9,0.0 (cmd 0.0),0.0 (cmd 0.0)
1.3192,-2.89,0.0,0.0,-1.73,0.0,0.0,-1.7,-2.9,0.0 (cmd 0.0),0.0 (cmd 0.0)
1.3197,-2.88,0.0,0.0,-1.78,0.0,0.0,-1.8,-2.9,0.0 (cmd 0.0),0.0 (cmd 0.0)
1.3202,-2.91,0.0,0.0,-1.98,0.0,0.0,-2.0,-2.9,0.0 (cmd 0.0),0.0 (cmd 0.0)
1.3206999999999998,-2.93,0.0,0.0,-2.17,0.0,0.0,-2.2,-2.9,0.0 (cmd 0.0),0.0 (cmd 0.0)
1.3212000000000002,-2.91,0.0,0.0,-2.35,0.0,0.0,-2.4,-2.9,0.0 (cmd 0.0),0.0 (cmd 0.0)
1.3216999999999999,-2.89,0.0,0.0,-2.74,0.0,0.0,-2.7,-2.9,0.0 (cmd 0.0),0.0 (cmd 0.0)
1.3222,-2.87,0.0,0.0,-3.1,0.0,0.0,-3.1,-2.9,0.0 (cmd 0.0),0.0 (cmd 0.0)
1.3227,-2.88,0.0,0.0,-3.54,0.0,0.0,-3.5,-2.9,0.0 (cmd 0.0),0.0 (cmd 0.0)
1.3231999999999997,-2.98,0.0,0.0,-4.25,0.0,0.0,-4.2,-3.0,0.0 (cmd 0.0),0.0 (cmd 0.0)
1.3237,-3.12,0.0,0.0,-4.68,0.0,0.0,-4.7,-3.1,0.0 (cmd 0.0),0.0 (cmd 0.0)
1.3241999999999998,-3.04,0.0,0.0,-4.97,0.0,0.0,-5.0,-3.0,0.0 (cmd 0.0),0.0 (cmd 0.0)
1.3247,-2.88,0.0,0.0,-4.96,0.0,0.0,-5.0,-2.9,0.0 (cmd 0.0),0.0 (cmd 0.0)
1.3252000000000002,-2.71,0.0,0.0,-4.67,0.0,0.0,-4.7,-2.7,0.0 (cmd 0.0),0.0 (cmd 0.0)
1.3256999999999999,-2.65,0.0,0.0,-4.55,0.0,0.0,-4.5,-2.6,0.0 (cmd 0.0),0.0 (cmd 0.0)
1.3262,-2.64,0.0,0.0,-4.53,0.0,0.0,-4.5,-2.6,0.0 (cmd 0.0),0.0 (cmd 0.0)
1.3266999999999998,-2.6,0.0,0.0,-4.42,0.0,0.0,-4.4,-2.6,0.0 (cmd 0.0),0.0 (cmd 0.0)
1.3272,-2.44,0.0,0.0,-4.38,0.0,0.0,-4.4,-2.4,0.0 (cmd 0.0),0.0 (cmd 0.0)
1.3277,-2.39,0.0,0.0,-4.44,0.0,0.0,-4.4,-2.4,0.0 (cmd 0.0),0.0 (cmd 0.0)
1.3281999999999998,-2.41,0.0,0.0,-4.57,0.0,0.0,-4.6,-2.4,0.0 (cmd 0.0),0.0 (cmd 0.0)
1.3287,-2.94,0.0,0.0,-5.07,0.0,0.0,-5.1,-2.9,0.0 (cmd 0.0),0.0 (cmd 0.0)
1.3291999999999997,-3.93,0.0,0.0,-5.56,0.0,0.0,-5.6,-3.9,0.0 (cmd 0.0),0.0 (cmd 0.0)
1.3297,-6.33,0.0,0.0,-5.99,0.0,0.0,-6.0,-6.3,0.0 (cmd 0.0),0.0 (cmd 0.0)
1.3302,-7.2,0.0,0.0,-6.75,0.0,0.0,-6.8,-7.2,0.0 (cmd 0.0),0.0 (cmd 0.0)
1.3306999999999998,-7.56,0.0,0.0,-7.45,0.0,0.0,-7.5,-7.6,0.0 (cmd 0.0),0.0 (cmd 0.0)
1.3312,-7.81,0.0,0.0,-7.68,0.0,0.0,-7.7,-7.8,0.0 (cmd 0.0),0.0 (cmd 0.0)
1.3316999999999999,-7.82,0.0,0.0,-7.42,0.0,0.0,-7.4,-7.8,0.0 (cmd 0.0),0.0 (cmd 0.0)
1.3322,-7.9,0.0,0.0,-6.74,0.0,0.0,-6.7,-7.9,0.0 (cmd 0.0),0.0 (cmd 0.0)
1.3327,-7.88,0.0,0.0,-6.19,0.0,0.0,-6.2,-7.9,0.0 (cmd 0.0),0.0 (cmd 0.0)
1.3331999999999997,-6.26,0.0,0.0,-6.04,0.0,0.0,-6.0,-6.3,0.0 (cmd 0.0),0.0 (cmd 0.0)
1.3337,-4.71,0.0,0.0,-5.48,0.0,0.0,-5.5,-4.7,0.0 (cmd 0.0),0.0 (cmd 0.0)
1.3341999999999998,-3.5,0.0,0.0,-4.79,0.0,0.0,-4.8,-3.5,0.0 (cmd 0.0),0.0 (cmd 0.0)
1.3347,-2.0,0.0,0.0,-4.43,0.0,0.0,-4.4,-2.0,0.0 (cmd 0.0),0.0 (cmd 0.0)
1.3352,-1.3,0.0,0.0,-4.15,0.0,0.0,-4.2,-1.3,0.0 (cmd 0.0),0.0 (cmd 0.0)
1.3356999999999999,-0.36,0.0,0.0,-3.82,0.0,0.0,-3.8,-0.4,0.0 (cmd 0.0),0.0 (cmd 0.0)
1.3362,0.83,0.0,0.0,-3.55,0.0,0.0,-3.5,0.8,0.0 (cmd 0.0),0.0 (cmd 0.0)
1.3368000000000002,1.31,0.0,0.0,-3.35,0.0,0.0,-3.4,1.3,0.0 (cmd 0.0),0.0 (cmd 0.0)
1.3373,2.01,0.0,0.0,-3.39,0.0,0.0,-3.4,2.0,0.0 (cmd 0.0),0.0 (cmd 0.0)
1.3377999999999999,2.42,0.0,0.0,-3.39,0.0,0.0,-3.4,2.4,0.0 (cmd 0.0),0.0 (cmd 0.0)
1.3383000000000003,2.71,0.0,0.0,-3.2,0.0,0.0,-3.2,2.7,0.0 (cmd 0.0),0.0 (cmd 0.0)
1.3388,2.92,0.0,0.0,-3.08,0.0,0.0,-3.1,2.9,0.0 (cmd 0.0),0.0 (cmd 0.0)
1.3393000000000002,2.78,0.0,0.0,-2.88,0.0,0.0,-2.9,2.8,0.0 (cmd 0.0),0.0 (cmd 0.0)
1.3397999999999999,2.87,0.0,0.0,-2.68,0.0,0.0,-2.7,2.9,0.0 (cmd 0.0),0.0 (cmd 0.0)
1.3403,3.03,0.0,0.0,-2.56,0.0,0.0,-2.6,3.0,0.0 (cmd 0.0),0.0 (cmd 0.0)
1.3408000000000002,3.11,0.0,0.0,-2.47,0.0,0.0,-2.5,3.1,0.0 (cmd 0.0),0.0 (cmd 0.0)
1.3413,3.07,0.0,0.0,-2.57,0.0,0.0,-2.6,3.1,0.0 (cmd 0.0),0.0 (cmd 0.0)
1.3418,3.01,0.0,0.0,-2.69,0.0,0.0,-2.7,3.0,0.0 (cmd 0.0),0.0 (cmd 0.0)
1.3423,2.96,0.0,0.0,-2.74,0.0,0.0,-2.7,3.0,0.0 (cmd 0.0),0.0 (cmd 0.0)
1.3428,2.96,0.0,0.0,-2.66,0.0,0.0,-2.7,3.0,0.0 (cmd 0.0),0.0 (cmd 0.0)
1.3433000000000002,2.98,0.0,0.0,-2.52,0.0,0.0,-2.5,3.0,0.0 (cmd 0.0),0.0 (cmd 0.0)
1.3437999999999999,2.99,0.0,0.0,-2.46,0.0,0.0,-2.5,3.0,0.0 (cmd 0.0),0.0 (cmd 0.0)
1.3443000000000003,2.99,0.0,0.0,-2.39,0.0,0.0,-2.4,3.0,0.0 (cmd 0.0),0.0 (cmd 0.0)
1.3448,2.97,0.0,0.0,-2.3,0.0,0.0,-2.3,3.0,0.0 (cmd 0.0),0.0 (cmd 0.0)
1.3453,2.89,0.0,0.0,-2.09,0.0,0.0,-2.1,2.9,0.0 (cmd 0.0),0.0 (cmd 0.0)
1.3458,2.86,0.0,0.0,-1.95,0.0,0.0,-1.9,2.9,0.0 (cmd 0.0),0.0 (cmd 0.0)
1.3463,2.96,0.0,0.0,-1.84,0.0,0.0,-1.8,3.0,0.0 (cmd 0.0),0.0 (cmd 0.0)
1.3468000000000002,2.98,0.0,0.0,-1.8,0.0,0.0,-1.8,3.0,0.0 (cmd 0.0),0.0 (cmd 0.0)
1.3473,2.92,0.0,0.0,-1.84,0.0,0.0,-1.8,2.9,0.0 (cmd 0.0),0.0 (cmd 0.0)
1.3477999999999999,2.9,0.0,0.0,-1.89,0.0,0.0,-1.9,2.9,0.0 (cmd 0.0),0.0 (cmd 0.0)
1.3483000000000003,2.9,0.0,0.0,-1.91,0.0,0.0,-1.9,2.9,0.0 (cmd 0.0),0.0 (cmd 0.0)
1.3488,2.9,0.0,0.0,-1.96,0.0,0.0,-2.0,2.9,0.0 (cmd 0.0),0.0 (cmd 0.0)
1.3493000000000002,2.89,0.0,0.0,-1.98,0.0,0.0,-2.0,2.9,0.0 (cmd 0.0),0.0 (cmd 0.0)
1.3497999999999999,2.89,0.0,0.0,-2.06,0.0,0.0,-2.1,2.9,0.0 (cmd 0.0),0.0 (cmd 0.0)
1.3503,2.85,0.0,0.0,-2.11,0.0,0.0,-2.1,2.9,0.0 (cmd 0.0),0.0 (cmd 0.0)
1.3508000000000002,2.86,0.0,0.0,-2.15,0.0,0.0,-2.1,2.9,0.0 (cmd 0.0),0.0 (cmd 0.0)
1.3513,2.85,0.0,0.0,-2.14,0.0,0.0,-2.1,2.9,0.0 (cmd 0.0),0.0 (cmd 0.0)
1.3518000000000001,2.78,0.0,0.0,-2.09,0.0,0.0,-2.1,2.8,0.0 (cmd 0.0),0.0 (cmd 0.0)
1.3523,2.7,0.0,0.0,-2.07,0.0,0.0,-2.1,2.7,0.0 (cmd 0.0),0.0 (cmd 0.0)
1.3528,2.67,0.0,0.0,-2.14,0.0,0.0,-2.1,2.7,0.0 (cmd 0.0),0.0 (cmd 0.0)
1.3533000000000002,2.66,0.0,0.0,-2.19,0.0,0.0,-2.2,2.7,0.0 (cmd 0.0),0.0 (cmd 0.0)
1.3538,2.62,0.0,0.0,-2.26,0.0,0.0,-2.3,2.6,0.0 (cmd 0.0),0.0 (cmd 0.0)
1.3543000000000003,2.59,0.0,0.0,-2.3,0.0,0.0,-2.3,2.6,0.0 (cmd 0.0),0.0 (cmd 0.0)
1.3548,2.51,0.0,0.0,-2.28,0.0,0.0,-2.3,2.5,0.0 (cmd 0.0),0.0 (cmd 0.0)
1.3553,2.52,0.0,0.0,-2.26,0.0,0.0,-2.3,2.5,0.0 (cmd 0.0),0.0 (cmd 0.0)
1.3558000000000001,2.53,0.0,0.0,-2.24,0.0,0.0,-2.2,2.5,0.0 (cmd 0.0),0.0 (cmd 0.0)
1.3563,2.61,0.0,0.0,-2.28,0.0,0.0,-2.3,2.6,0.0 (cmd 0.0),0.0 (cmd 0.0)
1.3568000000000002,2.69,0.0,0.0,-2.29,0.0,0.0,-2.3,2.7,0.0 (cmd 0.0),0.0 (cmd 0.0)
1.3573,2.61,0.0,0.0,-2.27,0.0,0.0,-2.3,2.6,0.0 (cmd 0.0),0.0 (cmd 0.0)
1.3578,2.52,0.0,0.0,-2.3,0.0,0.0,-2.3,2.5,0.0 (cmd 0.0),0.0 (cmd 0.0)
1.3583000000000003,2.41,0.0,0.0,-2.28,0.0,0.0,-2.3,2.4,0.0 (cmd 0.0),0.0 (cmd 0.0)
1.3588,2.36,0.0,0.0,-2.29,0.0,0.0,-2.3,2.4,0.0 (cmd 0.0),0.0 (cmd 0.0)
1.3593000000000002,2.27,0.0,0.0,-2.3,0.0,0.0,-2.3,2.3,0.0 (cmd 0.0),0.0 (cmd 0.0)
1.3598,2.16,0.0,0.0,-2.25,0.0,0.0,-2.2,2.2,0.0 (cmd 0.0),0.0 (cmd 0.0)
1.3603,2.08,0.0,0.0,-2.23,0.0,0.0,-2.2,2.1,0.0 (cmd 0.0),0.0 (cmd 0.0)
1.3608000000000002,2.04,0.0,0.0,-2.19,0.0,0.0,-2.2,2.0,0.0 (cmd 0.0),0.0 (cmd 0.0)
1.3613,2.02,0.0,0.0,-2.18,0.0,0.0,-2.2,2.0,0.0 (cmd 0.0),0.0 (cmd 0.0)
1.3618000000000001,1.93,0.0,0.0,-2.22,0.0,0.0,-2.2,1.9,0.0 (cmd 0.0),0.0 (cmd 0.0)
1.3622999999999998,1.84,0.0,0.0,-2.26,0.0,0.0,-2.3,1.8,0.0 (cmd 0.0),0.0 (cmd 0.0)
1.3628,1.77,0.0,0.0,-2.33,0.0,0.0,-2.3,1.8,0.0 (cmd 0.0),0.0 (cmd 0.0)
1.3633000000000002,1.71,0.0,0.0,-2.38,0.0,0.0,-2.4,1.7,0.0 (cmd 0.0),0.0 (cmd 0.0)
1.3638,1.72,0.0,0.0,-2.37,0.0,0.0,-2.4,1.7,0.0 (cmd 0.0),0.0 (cmd 0.0)
1.3643000000000003,1.68,0.0,0.0,-2.35,0.0,0.0,-2.4,1.7,0.0 (cmd 0.0),0.0 (cmd 0.0)
1.3648,1.64,0.0,0.0,-2.35,0.0,0.0,-2.4,1.6,0.0 (cmd 0.0),0.0 (cmd 0.0)
1.3653,1.63,0.0,0.0,-2.39,0.0,0.0,-2.4,1.6,0.0 (cmd 0.0),0.0 (cmd 0.0)
1.3658000000000001,1.61,0.0,0.0,-2.41,0.0,0.0,-2.4,1.6,0.0 (cmd 0.0),0.0 (cmd 0.0)
1.3662999999999998,1.58,0.0,0.0,-2.47,0.0,0.0,-2.5,1.6,0.0 (cmd 0.0),0.0 (cmd 0.0)
1.3668000000000002,1.6,0.0,0.0,-2.5,0.0,0.0,-2.5,1.6,0.0 (cmd 0.0),0.0 (cmd 0.0)
0.0005,-1.53,0.0,0.0,-0.78,0.0,0.0,-0.8,-1.5,0.0 (cmd 0.0),0.0 (cmd 0.0)
0.001,-1.47,0.0,0.0,-0.64,0.0,0.0,-0.6,-1.5,0.0 (cmd 0.0),0.0 (cmd 0.0)
0.0015,-1.27,0.0,0.0,-0.51,0.0,0.0,-0.5,-1.3,0.0 (cmd 0.0),0.0 (cmd 0.0)
0.002,-1.11,0.0,0.0,-0.36,0.0,0.0,-0.4,-1.1,0.0 (cmd 0.0),0.0 (cmd 0.0)
0.0025,-0.98,0.0,0.0,-0.15,0.0,0.0,-0.1,-1.0,0.0 (cmd 0.0),0.0 (cmd 0.0)
0.003,-0.92,0.0,0.0,-0.02,0.0,0.0,-0.0,-0.9,0.0 (cmd 0.0),0.0 (cmd 0.0)
0.0035,-0.75,0.0,0.0,0.04,0.0,0.0,0.0,-0.8,0.0 (cmd 0.0),0.0 (cmd 0.0)
0.004,-0.59,0.0,0.0,0.07,0.0,0.0,0.1,-0.6,0.0 (cmd 0.0),0.0 (cmd 0.0)
0.0045,-0.34,0.0,0.0,0.08,0.0,0.0,0.1,-0.3,0.0 (cmd 0.0),0.0 (cmd 0.0)
0.005,-0.36,0.0,0.0,0.14,0.0,0.0,0.1,-0.4,0.0 (cmd 0.0),0.0 (cmd 0.0)
0.0055,-0.56,0.0,0.0,0.23,0.0,0.0,0.2,-0.6,0.0 (cmd 0.0),0.0 (cmd 0.0)
0.006,-0.38,0.0,0.0,0.31,0.0,0.0,0.3,-0.4,0.0 (cmd 0.0),0.0 (cmd 0.0)
0.0065,-0.51,0.0,0.0,0.33,0.0,0.0,0.3,-0.5,0.0 (cmd 0.0),0.0 (cmd 0.0)
0.007,-0.86,0.0,0.0,0.32,0.0,0.0,0.3,-0.9,0.0 (cmd 0.0),0.0 (cmd 0.0)
0.0075,-0.99,0.0,0.0,0.35,0.0,0.0,0.3,-1.0,0.0 (cmd 0.0),0.0 (cmd 0.0)
0.008,-0.94,0.0,0.0,0.38,0.0,0.0,0.4,-0.9,0.0 (cmd 0.0),0.0 (cmd 0.0)
0.0085,-0.9,0.0,0.0,0.42,0.0,0.0,0.4,-0.9,0.0 (cmd 0.0),0.0 (cmd 0.0)
0.009,-0.86,0.0,0.0,0.55,0.0,0.0,0.6,-0.9,0.0 (cmd 0.0),0.0 (cmd 0.0)
0.0095,-0.68,0.0,0.0,0.64,0.0,0.0,0.6,-0.7,0.0 (cmd 0.0),0.0 (cmd 0.0)
0.01,-0.6,0.0,0.0,0.6,0.0,0.0,0.6,-0.6,0.0 (cmd 0.0),0.0 (cmd 0.0)
0.0105,-0.61,0.0,0.0,0.6,0.0,0.0,0.6,-0.6,0.0 (cmd 0.0),0.0 (cmd 0.0)
0.011,-0.62,0.0,0.0,0.6,0.0,0.0,0.6,-0.6,0.0 (cmd 0.0),0.0 (cmd 0.0)
0.0115,-0.6,0.0,0.0,0.63,0.0,0.0,0.6,-0.6,0.0 (cmd 0.0),0.0 (cmd 0.0)
0.012,-0.53,0.0,0.0,0.65,0.0,0.0,0.7,-0.5,0.0 (cmd 0.0),0.0 (cmd 0.0)
0.0125,-0.51,0.0,0.0,0.65,0.0,0.0,0.7,-0.5,0.0 (cmd 0.0),0.0 (cmd 0.0)
0.013,-0.48,0.0,0.0,0.71,0.0,0.0,0.7,-0.5,0.0 (cmd 0.0),0.0 (cmd 0.0)
0.0135,-0.45,0.0,0.0,0.71,0.0,0.0,0.7,-0.5,0.0 (cmd 0.0),0.0 (cmd 0.0)
0.014,-0.48,0.0,0.0,0.67,0.0,0.0,0.7,-0.5,0.0 (cmd 0.0),0.0 (cmd 0.0)
0.0145,-0.45,0.0,0.0,0.69,0.0,0.0,0.7,-0.5,0.0 (cmd 0.0),0.0 (cmd 0.0)
0.015,-0.46,0.0,0.0,0.7,0.0,0.0,0.7,-0.5,0.0 (cmd 0.0),0.0 (cmd 0.0)
0.0155,-0.47,0.0,0.0,0.77,0.0,0.0,0.8,-0.5,0.0 (cmd 0.0),0.0 (cmd 0.0)
0.016,-0.51,0.0,0.0,0.94,0.0,0.0,0.9,-0.5,0.0 (cmd 0.0),0.0 (cmd 0.0)
0.0165,-1.04,0.0,0.0,1.15,0.0,0.0,1.1,-1.0,0.0 (cmd 0.0),0.0 (cmd 0.0)
0.017,-1.05,0.0,0.0,1.1,0.0,0.0,1.1,-1.1,0.0 (cmd 0.0),0.0 (cmd 0.0)
0.0175,-0.45,0.0,0.0,1.0,0.0,0.0,1.0,-0.5,0.0 (cmd 0.0),0.0 (cmd 0.0)
0.018,-0.23,0.0,0.0,0.85,0.0,0.0,0.8,-0.2,0.0 (cmd 0.0),0.0 (cmd 0.0)
0.0185,-0.26,0.0,0.0,0.8,0.0,0.0,0.8,-0.3,0.0 (cmd 0.0),0.0 (cmd 0.0)
0.019,-0.56,0.0,0.0,0.78,0.0,0.0,0.8,-0.6,0.0 (cmd 0.0),0.0 (cmd 0.0)
0.0195,-0.88,0.0,0.0,0.76,0.0,0.0,0.8,-0.9,0.0 (cmd 0.0),0.0 (cmd 0.0)
0.02,-1.05,0.0,0.0,0.85,0.0,0.0,0.8,-1.1,0.0 (cmd 0.0),0.0 (cmd 0.0)
0.0205,-1.23,0.0,0.0,0.94,0.0,0.0,0.9,-1.2,0.0 (cmd 0.0),0.0 (cmd 0.0)
0.021,-1.73,0.0,0.0,0.74,0.0,0.0,0.7,-1.7,0.0 (cmd 0.0),0.0 (cmd 0.0)
0.0215,-2.4,0.0,0.0,-0.06,0.0,0.0,-0.1,-2.4,0.0 (cmd 0.0),0.0 (cmd 0.0)
0.022,-2.9,0.0,0.0,-1.83,0.0,0.0,-1.8,-2.9,0.0 (cmd 0.0),0.0 (cmd 0.0)
0.0225,-3.63,0.0,0.0,-4.7,0.0,0.0,-4.7,-3.6,0.0 (cmd 0.0),0.0 (cmd 0.0)
0.023,-4.07,0.0,0.0,-8.13,0.0,0.0,-8.1,-4.1,0.0 (cmd 0.0),0.0 (cmd 0.0)
0.0235,-5.15,0.0,0.0,-14.89,0.0,0.0,-14.9,-5.2,0.0 (cmd 0.0),0.0 (cmd 0.0)
0.024,-5.59,0.0,0.0,-21.56,0.0,0.0,-21.6,-5.6,0.0 (cmd 0.0),0.0 (cmd 0.0)
0.0245,-5.53,0.0,0.0,-26.67,0.0,0.0,-26.7,-5.5,0.0 (cmd 0.0),0.0 (cmd 0.0)
0.025,-5.27,0.0,0.0,-32.83,0.0,0.0,-32.8,-5.3,0.0 (cmd 0.0),0.0 (cmd 0.0)
0.0255,-4.55,0.0,0.0,-39.17,0.0,0.0,-39.2,-4.5,0.0 (cmd 0.0),0.0 (cmd 0.0)
0.026,-4.1,0.0,0.0,-41.99,0.0,0.0,-42.0,-4.1,0.0 (cmd 0.0),0.0 (cmd 0.0)
0.0265,-4.46,0.0,0.0,-42.2,0.0,0.0,-42.2,-4.5,0.0 (cmd 0.0),0.0 (cmd 0.0)
0.027,-5.06,0.0,0.0,-39.13,0.0,0.0,-39.1,-5.1,0.0 (cmd 0.0),0.0 (cmd 0.0)
0.0275,-5.39,0.0,0.0,-33.5,0.0,0.0,-33.5,-5.4,0.0 (cmd 0.0),0.0 (cmd 0.0)
0.028,-5.84,0.0,0.0,-27.47,0.0,0.0,-27.5,-5.8,0.0 (cmd 0.0),0.0 (cmd 0.0)
0.0285,-6.0,0.0,0.0,-18.47,0.0,0.0,-18.5,-6.0,0.0 (cmd 0.0),0.0 (cmd 0.0)
0.029,-6.39,0.0,0.0,-8.32,0.0,0.0,-8.3,-6.4,0.0 (cmd 0.0),0.0 (cmd 0.0)
0.0295,-7.53,0.0,0.0,-4.41,0.0,0.0,-4.4,-7.5,0.0 (cmd 0.0),0.0 (cmd 0.0)
0.03,-7.93,0.0,0.0,-3.95,0.0,0.0,-4.0,-7.9,0.0 (cmd 0.0),0.0 (cmd 0.0)
0.0305,-9.0,0.0,0.0,-3.55,0.0,0.0,-3.5,-9.0,0.0 (cmd 0.0),0.0 (cmd 0.0)
0.031,-16.71,0.0,0.0,-3.21,0.0,0.0,-3.2,-16.7,0.0 (cmd 0.0),0.0 (cmd 0.0)
0.0315,-30.38,0.0,0.0,-3.06,0.0,0.0,-3.1,-30.4,0.0 (cmd 0.0),0.0 (cmd 0.0)
0.032,-39.07,0.0,0.0,-2.46,0.0,0.0,-2.5,-39.1,0.0 (cmd 0.0),0.0 (cmd 0.0)
0.0325,-44.42,0.0,0.0,-1.2,0.0,0.0,-1.2,-44.4,0.0 (cmd 0.0),0.0 (cmd 0.0)
0.033,-47.04,0.0,0.0,-0.91,0.0,0.0,-0.9,-47.0,0.0 (cmd 0.0),0.0 (cmd 0.0)
0.0335,-47.78,0.0,0.0,-0.9,0.0,0.0,-0.9,-47.8,0.0 (cmd 0.0),0.0 (cmd 0.0)
0.034,-45.01,0.0,0.0,-1.36,0.0,0.0,-1.4,-45.0,0.0 (cmd 0.0),0.0 (cmd 0.0)
0.0345,-40.23,0.0,0.0,-1.57,0.0,0.0,-1.6,-40.2,0.0 (cmd 0.0),0.0 (cmd 0.0)
0.035,-33.97,0.0,0.0,-1.64,0.0,0.0,-1.6,-34.0,0.0 (cmd 0.0),0.0 (cmd 0.0)
0.0355,-27.45,0.0,0.0,-1.58,0.0,0.0,-1.6,-27.4,0.0 (cmd 0.0),0.0 (cmd 0.0)
0.036,-17.65,0.0,0.0,-1.64,0.0,0.0,-1.6,-17.6,0.0 (cmd 0.0),0.0 (cmd 0.0)
0.0365,-10.72,0.0,0.0,-1.71,0.0,0.0,-1.7,-10.7,0.0 (cmd 0.0),0.0 (cmd 0.0)
0.037,-5.55,0.0,0.0,-1.6,0.0,0.0,-1.6,-5.5,0.0 (cmd 0.0),0.0 (cmd 0.0)
0.0375,-5.84,0.0,0.0,-1.12,0.0,0.0,-1.1,-5.8,0.0 (cmd 0.0),0.0 (cmd 0.0)
0.038,-5.2,0.0,0.0,-0.84,0.0,0.0,-0.8,-5.2,0.0 (cmd 0.0),0.0 (cmd 0.0)
0.0385,-4.55,0.0,0.0,-1.1,0.0,0.0,-1.1,-4.5,0.0 (cmd 0.0),0.0 (cmd 0.0)
0.039,-4.28,0.0,0.0,-1.17,0.0,0.0,-1.2,-4.3,0.0 (cmd 0.0),0.0 (cmd 0.0)
0.0395,-4.0,0.0,0.0,-0.85,0.0,0.0,-0.8,-4.0,0.0 (cmd 0.0),0.0 (cmd 0.0)
0.04,-3.98,0.0,0.0,-0.85,0.0,0.0,-0.8,-4.0,0.0 (cmd 0.0),0.0 (cmd 0.0)
0.0405,-4.02,0.0,0.0,-0.95,0.0,0.0,-0.9,-4.0,0.0 (cmd 0.0),0.0 (cmd 0.0)
0.041,-4.12,0.0,0.0,-1.05,0.0,0.0,-1.1,-4.1,0.0 (cmd 0.0),0.0 (cmd 0.0)
0.0415,-4.48,0.0,0.0,-1.19,0.0,0.0,-1.2,-4.5,0.0 (cmd 0.0),0.0 (cmd 0.0)
0.042,-4.79,0.0,0.0,-1.31,0.0,0.0,-1.3,-4.8,0.0 (cmd 0.0),0.0 (cmd 0.0)
0.0425,-4.84,0.0,0.0,-1.44,0.0,0.0,-1.4,-4.8,0.0 (cmd 0.0),0.0 (cmd 0.0)
0.043,-4.87,0.0,0.0,-1.44,0.0,0.0,-1.4,-4.9,0.0 (cmd 0.0),0.0 (cmd 0.0)
0.0435,-4.87,0.0,0.0,-1.44,0.0,0.0,-1.4,-4.9,0.0 (cmd 0.0),0.0 (cmd 0.0)
0.044,-4.86,0.0,0.0,-1.45,0.0,0.0,-1.4,-4.9,0.0 (cmd 0.0),0.0 (cmd 0.0)
0.0445,-4.84,0.0,0.0,-1.45,0.0,0.0,-1.4,-4.8,0.0 (cmd 0.0),0.0 (cmd 0.0)
0.045,-4.88,0.0,0.0,-1.53,0.0,0.0,-1.5,-4.9,0.0 (cmd 0.0),0.0 (cmd 0.0)
0.0455,-5.0,0.0,0.0,-1.57,0.0,0.0,-1.6,-5.0,0.0 (cmd 0.0),0.0 (cmd 0.0)
0.046,-5.08,0.0,0.0,-1.64,0.0,0.0,-1.6,-5.1,0.0 (cmd 0.0),0.0 (cmd 0.0)
0.0465,-5.1,0.0,0.0,-1.63,0.0,0.0,-1.6,-5.1,0.0 (cmd 0.0),0.0 (cmd 0.0)
0.047,-5.08,0.0,0.0,-1.62,0.0,0.0,-1.6,-5.1,0.0 (cmd 0.0),0.0 (cmd 0.0)
0.0475,-5.13,0.0,0.0,-1.62,0.0,0.0,-1.6,-5.1,0.0 (cmd 0.0),0.0 (cmd 0.0)
0.048,-5.29,0.0,0.0,-1.53,0.0,0.0,-1.5,-5.3,0.0 (cmd 0.0),0.0 (cmd 0.0)
0.0485,-5.46,0.0,0.0,-1.45,0.0,0.0,-1.4,-5.5,0.0 (cmd 0.0),0.0 (cmd 0.0)
0.049,-5.66,0.0,0.0,-1.38,0.0,0.0,-1.4,-5.7,0.0 (cmd 0.0),0.0 (cmd 0.0)
0.0495,-6.05,0.0,0.0,-1.3,0.0,0.0,-1.3,-6.0,0.0 (cmd 0.0),0.0 (cmd 0.0)
0.05,-6.19,0.0,0.0,-1.26,0.0,0.0,-1.3,-6.2,0.0 (cmd 0.0),0.0 (cmd 0.0)
0.0505,-6.25,0.0,0.0,-1.3,0.0,0.0,-1.3,-6.2,0.0 (cmd 0.0),0.0 (cmd 0.0)
0.051,-6.25,0.0,0.0,-1.4,0.0,0.0,-1.4,-6.2,0.0 (cmd 0.0),0.0 (cmd 0.0)
0.0515,-6.34,0.0,0.0,-1.95,0.0,0.0,-1.9,-6.3,0.0 (cmd 0.0),0.0 (cmd 0.0)
0.052,-6.38,0.0,0.0,-2.9,0.0,0.0,-2.9,-6.4,0.0 (cmd 0.0),0.0 (cmd 0.0)
0.0525,-6.48,0.0,0.0,-3.59,0.0,0.0,-3.6,-6.5,0.0 (cmd 0.0),0.0 (cmd 0.0)
0.053,-6.57,0.0,0.0,-3.24,0.0,0.0,-3.2,-6.6,0.0 (cmd 0.0),0.0 (cmd 0.0)
0.0535,-6.04,0.0,0.0,-2.58,0.0,0.0,-2.6,-6.0,0.0 (cmd 0.0),0.0 (cmd 0.0)
0.054,-4.97,0.0,0.0,-2.35,0.0,0.0,-2.4,-5.0,0.0 (cmd 0.0),0.0 (cmd 0.0)
0.0545,-4.01,0.0,0.0,-2.3,0.0,0.0,-2.3,-4.0,0.0 (cmd 0.0),0.0 (cmd 0.0)
0.055,-3.63,0.0,0.0,-2.27,0.0,0.0,-2.3,-3.6,0.0 (cmd 0.0),0.0 (cmd 0.0)
0.0555,-3.96,0.0,0.0,-2.4,0.0,0.0,-2.4,-4.0,0.0 (cmd 0.0),0.0 (cmd 0.0)
0.056,-3.96,0.0,0.0,-2.52,0.0,0.0,-2.5,-4.0,0.0 (cmd 0.0),0.0 (cmd 0.0)
0.0565,-3.96,0.0,0.0,-2.42,0.0,0.0,-2.4,-4.0,0.0 (cmd 0.0),0.0 (cmd 0.0)
0.057,-4.15,0.0,0.0,-2.14,0.0,0.0,-2.1,-4.2,0.0 (cmd 0.0),0.0 (cmd 0.0)
0.0575,-4.39,0.0,0.0,-2.45,0.0,0.0,-2.5,-4.4,0.0 (cmd 0.0),0.0 (cmd 0.0)
0.058,-4.72,0.0,0.0,-3.54,0.0,0.0,-3.5,-4.7,0.0 (cmd 0.0),0.0 (cmd 0.0)
0.0585,-5.56,0.0,0.0,-7.69,0.0,0.0,-7.7,-5.6,0.0 (cmd 0.0),0.0 (cmd 0.0)
0.059,-6.21,0.0,0.0,-15.16,0.0,0.0,-15.2,-6.2,0.0 (cmd 0.0),0.0 (cmd 0.0)
0.0595,-6.32,0.0,0.0,-22.35,0.0,0.0,-22.4,-6.3,0.0 (cmd 0.0),0.0 (cmd 0.0)
0.06,-6.05,0.0,0.0,-30.25,0.0,0.0,-30.2,-6.0,0.0 (cmd 0.0),0.0 (cmd 0.0)
0.0605,-5.55,0.0,0.0,-38.94,0.0,0.0,-38.9,-5.5,0.0 (cmd 0.0),0.0 (cmd 0.0)
0.061,-5.14,0.0,0.0,-44.16,0.0,0.0,-44.2,-5.1,0.0 (cmd 0.0),0.0 (cmd 0.0)
0.0615,-4.89,0.0,0.0,-49.4,0.0,0.0,-49.4,-4.9,0.0 (cmd 0.0),0.0 (cmd 0.0)
0.062,-5.1,0.0,0.0,-52.01,0.0,0.0,-52.0,-5.1,0.0 (cmd 0.0),0.0 (cmd 0.0)
0.0625,-5.74,0.0,0.0,-50.58,0.0,0.0,-50.6,-5.7,0.0 (cmd 0.0),0.0 (cmd 0.0)
0.063,-6.11,0.0,0.0,-47.58,0.0,0.0,-47.6,-6.1,0.0 (cmd 0.0),0.0 (cmd 0.0)
0.0635,-6.14,0.0,0.0,-41.26,0.0,0.0,-41.3,-6.1,0.0 (cmd 0.0),0.0 (cmd 0.0)
0.064,-6.34,0.0,0.0,-31.42,0.0,0.0,-31.4,-6.3,0.0 (cmd 0.0),0.0 (cmd 0.0)
0.0645,-7.42,0.0,0.0,-21.71,0.0,0.0,-21.7,-7.4,0.0 (cmd 0.0),0.0 (cmd 0.0)
0.065,-8.23,0.0,0.0,-13.18,0.0,0.0,-13.2,-8.2,0.0 (cmd 0.0),0.0 (cmd 0.0)
0.0655,-10.46,0.0,0.0,-3.28,0.0,0.0,-3.3,-10.5,0.0 (cmd 0.0),0.0 (cmd 0.0)
0.066,-16.53,0.0,0.0,-1.78,0.0,0.0,-1.8,-16.5,0.0 (cmd 0.0),0.0 (cmd 0.0)
0.0665,-23.57,0.0,0.0,-2.62,0.0,0.0,-2.6,-23.6,0.0 (cmd 0.0),0.0 (cmd 0.0)
0.067,-27.6,0.0,0.0,-1.79,0.0,0.0,-1.8,-27.6,0.0 (cmd 0.0),0.0 (cmd 0.0)
0.0675,-37.63,0.0,0.0,-0.95,0.0,0.0,-0.9,-37.6,0.0 (cmd 0.0),0.0 (cmd 0.0)
0.068,-44.3,0.0,0.0,-0.05,0.0,0.0,-0.1,-44.3,0.0 (cmd 0.0),0.0 (cmd 0.0)
0.0685,-49.61,0.0,0.0,0.64,0.0,0.0,0.6,-49.6,0.0 (cmd 0.0),0.0 (cmd 0.0)
0.069,-52.91,0.0,0.0,1.22,0.0,0.0,1.2,-52.9,0.0 (cmd 0.0),0.0 (cmd 0.0)
0.0695,-53.29,0.0,0.0,0.8,0.0,0.0,0.8,-53.3,0.0 (cmd 0.0),0.0 (cmd 0.0)
0.07,-49.4,0.0,0.0,0.04,0.0,0.0,0.0,-49.4,0.0 (cmd 0.0),0.0 (cmd 0.0)
0.0705,-45.16,0.0,0.0,-0.52,0.0,0.0,-0.5,-45.2,0.0 (cmd 0.0),0.0 (cmd 0.0)
0.071,-35.68,0.0,0.0,-1.13,0.0,0.0,-1.1,-35.7,0.0 (cmd 0.0),0.0 (cmd 0.0)
0.0715,-25.31,0.0,0.0,-2.41,0.0,0.0,-2.4,-25.3,0.0 (cmd 0.0),0.0 (cmd 0.0)
0.072,-17.19,0.0,0.0,-4.49,0.0,0.0,-4.5,-17.2,0.0 (cmd 0.0),0.0 (cmd 0.0)
0.0725,-11.92,0.0,0.0,-9.81,0.0,0.0,-9.8,-11.9,0.0 (cmd 0.0),0.0 (cmd 0.0)
0.073,-10.59,0.0,0.0,-15.34,0.0,0.0,-15.3,-10.6,0.0 (cmd 0.0),0.0 (cmd 0.0)
0.0735,-9.79,0.0,0.0,-19.95,0.0,0.0,-19.9,-9.8,0.0 (cmd 0.0),0.0 (cmd 0.0)
0.074,-8.28,0.0,0.0,-26.39,0.0,0.0,-26.4,-8.3,0.0 (cmd 0.0),0.0 (cmd 0.0)
0.0745,-7.0,0.0,0.0,-28.76,0.0,0.0,-28.8,-7.0,0.0 (cmd 0.0),0.0 (cmd 0.0)
0.075,-6.07,0.0,0.0,-38.3,0.0,0.0,-38.3,-6.1,0.0 (cmd 0.0),0.0 (cmd 0.0)
0.0755,-5.22,0.0,0.0,-41.33,0.0,0.0,-41.3,-5.2,0.0 (cmd 0.0),0.0 (cmd 0.0)
0.076,-3.39,0.0,0.0,-43.25,0.0,0.0,-43.2,-3.4,0.0 (cmd 0.0),0.0 (cmd 0.0)
0.0765,-3.57,0.0,0.0,-41.75,0.0,0.0,-41.8,-3.6,0.0 (cmd 0.0),0.0 (cmd 0.0)
0.077,-4.14,0.0,0.0,-38.99,0.0,0.0,-39.0,-4.1,0.0 (cmd 0.0),0.0 (cmd 0.0)
0.0775,-4.57,0.0,0.0,-32.95,0.0,0.0,-33.0,-4.6,0.0 (cmd 0.0),0.0 (cmd 0.0)
0.078,-5.02,0.0,0.0,-23.57,0.0,0.0,-23.6,-5.0,0.0 (cmd 0.0),0.0 (cmd 0.0)
0.0785,-6.39,0.0,0.0,-14.36,0.0,0.0,-14.4,-6.4,0.0 (cmd 0.0),0.0 (cmd 0.0)
0.079,-7.44,0.0,0.0,-7.7,0.0,0.0,-7.7,-7.4,0.0 (cmd 0.0),0.0 (cmd 0.0)
0.0795,-11.6,0.0,0.0,-2.44,0.0,0.0,-2.4,-11.6,0.0 (cmd 0.0),0.0 (cmd 0.0)
0.08,-18.74,0.0,0.0,-2.58,0.0,0.0,-2.6,-18.7,0.0 (cmd 0.0),0.0 (cmd 0.0)
0.0805,-26.66,0.0,0.0,-2.24,0.0,0.0,-2.2,-26.7,0.0 (cmd 0.0),0.0 (cmd 0.0)
0.081,-32.16,0.0,0.0,-1.44,0.0,0.0,-1.4,-32.2,0.0 (cmd 0.0),0.0 (cmd 0.0)
0.0815,-39.42,0.0,0.0,-0.35,0.0,0.0,-0.3,-39.4,0.0 (cmd 0.0),0.0 (cmd 0.0)
0.082,-44.1,0.0,0.0,0.52,0.0,0.0,0.5,-44.1,0.0 (cmd 0.0),0.0 (cmd 0.0)
0.0825,-46.0,0.0,0.0,0.82,0.0,0.0,0.8,-46.0,0.0 (cmd 0.0),0.0 (cmd 0.0)
0.083,-45.12,0.0,0.0,0.57,0.0,0.0,0.6,-45.1,0.0 (cmd 0.0),0.0 (cmd 0.0)
0.0835,-40.18,0.0,0.0,0.27,0.0,0.0,0.3,-40.2,0.0 (cmd 0.0),0.0 (cmd 0.0)
0.084,-35.43,0.0,0.0,-0.15,0.0,0.0,-0.1,-35.4,0.0 (cmd 0.0),0.0 (cmd 0.0)
0.0845,-26.66,0.0,0.0,-0.59,0.0,0.0,-0.6,-26.7,0.0 (cmd 0.0),0.0 (cmd 0.0)
0.085,-16.92,0.0,0.0,-1.8,0.0,0.0,-1.8,-16.9,0.0 (cmd 0.0),0.0 (cmd 0.0)
0.0855,-10.84,0.0,0.0,-4.8,0.0,0.0,-4.8,-10.8,0.0 (cmd 0.0),0.0 (cmd 0.0)
0.086,-11.96,0.0,0.0,-8.55,0.0,0.0,-8.6,-12.0,0.0 (cmd 0.0),0.0 (cmd 0.0)
0.0865,-12.18,0.0,0.0,-14.52,0.0,0.0,-14.5,-12.2,0.0 (cmd 0.0),0.0 (cmd 0.0)
0.087,-12.18,0.0,0.0,-17.95,0.0,0.0,-17.9,-12.2,0.0 (cmd 0.0),0.0 (cmd 0.0)
0.0875,-13.02,0.0,0.0,-18.82,0.0,0.0,-18.8,-13.0,0.0 (cmd 0.0),0.0 (cmd 0.0)
0.088,-13.7,0.0,0.0,-17.39,0.0,0.0,-17.4,-13.7,0.0 (cmd 0.0),0.0 (cmd 0.0)
0.0885,-14.1,0.0,0.0,-12.03,0.0,0.0,-12.0,-14.1,0.0 (cmd 0.0),0.0 (cmd 0.0)
0.089,-14.54,0.0,0.0,-7.98,0.0,0.0,-8.0,-14.5,0.0 (cmd 0.0),0.0 (cmd 0.0)
0.0895,-14.84,0.0,0.0,-6.56,0.0,0.0,-6.6,-14.8,0.0 (cmd 0.0),0.0 (cmd 0.0)
0.09,-14.03,0.0,0.0,-5.32,0.0,0.0,-5.3,-14.0,0.0 (cmd 0.0),0.0 (cmd 0.0)
0.0905,-13.13,0.0,0.0,-4.39,0.0,0.0,-4.4,-13.1,0.0 (cmd 0.0),0.0 (cmd 0.0)
0.091,-12.45,0.0,0.0,-4.12,0.0,0.0,-4.1,-12.4,0.0 (cmd 0.0),0.0 (cmd 0.0)
0.0915,-12.23,0.0,0.0,-4.46,0.0,0.0,-4.5,-12.2,0.0 (cmd 0.0),0.0 (cmd 0.0)
0.092,-11.59,0.0,0.0,-4.92,0.0,0.0,-4.9,-11.6,0.0 (cmd 0.0),0.0 (cmd 0.0)
0.0925,-10.87,0.0,0.0,-5.04,0.0,0.0,-5.0,-10.9,0.0 (cmd 0.0),0.0 (cmd 0.0)
0.093,-10.4,0.0,0.0,-4.97,0.0,0.0,-5.0,-10.4,0.0 (cmd 0.0),0.0 (cmd 0.0)
0.0935,-10.52,0.0,0.0,-4.99,0.0,0.0,-5.0,-10.5,0.0 (cmd 0.0),0.0 (cmd 0.0)
0.094,-10.71,0.0,0.0,-5.21,0.0,0.0,-5.2,-10.7,0.0 (cmd 0.0),0.0 (cmd 0.0)
0.0945,-10.73,0.0,0.0,-5.21,0.0,0.0,-5.2,-10.7,0.0 (cmd 0.0),0.0 (cmd 0.0)
0.095,-10.56,0.0,0.0,-5.22,0.0,0.0,-5.2,-10.6,0.0 (cmd 0.0),0.0 (cmd 0.0)
0.0955,-10.49,0.0,0.0,-5.28,0.0,0.0,-5.3,-10.5,0.0 (cmd 0.0),0.0 (cmd 0.0)
0.096,-10.36,0.0,0.0,-5.29,0.0,0.0,-5.3,-10.4,0.0 (cmd 0.0),0.0 (cmd 0.0)
0.0965,-9.99,0.0,0.0,-4.85,0.0,0.0,-4.8,-10.0,0.0 (cmd 0.0),0.0 (cmd 0.0)
0.097,-10.02,0.0,0.0,-5.04,0.0,0.0,-5.0,-10.0,0.0 (cmd 0.0),0.0 (cmd 0.0)
0.0975,-10.23,0.0,0.0,-5.4,0.0,0.0,-5.4,-10.2,0.0 (cmd 0.0),0.0 (cmd 0.0)
0.098,-10.03,0.0,0.0,-5.35,0.0,0.0,-5.3,-10.0,0.0 (cmd 0.0),0.0 (cmd 0.0)
0.0985,-9.94,0.0,0.0,-5.21,0.0,0.0,-5.2,-9.9,0.0 (cmd 0.0),0.0 (cmd 0.0)
0.099,-9.89,0.0,0.0,-5.2,0.0,0.0,-5.2,-9.9,0.0 (cmd 0.0),0.0 (cmd 0.0)
0.0995,-9.83,0.0,0.0,-5.18,0.0,0.0,-5.2,-9.8,0.0 (cmd 0.0),0.0 (cmd 0.0)
0.1,-9.77,0.0,0.0,-5.13,0.0,0.0,-5.1,-9.8,0.0 (cmd 0.0),0.0 (cmd 0.0)
0.1005,-9.71,0.0,0.0,-5.04,0.0,0.0,-5.0,-9.7,0.0 (cmd 0.0),0.0 (cmd 0.0)
0.101,-9.63,0.0,0.0,-5.0,0.0,0.0,-5.0,-9.6,0.0 (cmd 0.0),0.0 (cmd 0.0)
0.1015,-9.58,0.0,0.0,-4.99,0.0,0.0,-5.0,-9.6,0.0 (cmd 0.0),0.0 (cmd 0.0)
0.102,-9.55,0.0,0.0,-4.93,0.0,0.0,-4.9,-9.6,0.0 (cmd 0.0),0.0 (cmd 0.0)
0.1025,-9.48,0.0,0.0,-4.91,0.0,0.0,-4.9,-9.5,0.0 (cmd 0.0),0.0 (cmd 0.0)
0.103,-9.48,0.0,0.0,-4.93,0.0,0.0,-4.9,-9.5,0.0 (cmd 0.0),0.0 (cmd 0.0)
0.1035,-9.45,0.0,0.0,-4.92,0.0,0.0,-4.9,-9.4,0.0 (cmd 0.0),0.0 (cmd 0.0)
0.104,-9.46,0.0,0.0,-4.93,0.0,0.0,-4.9,-9.5,0.0 (cmd 0.0),0.0 (cmd 0.0)
0.1045,-9.47,0.0,0.0,-4.9,0.0,0.0,-4.9,-9.5,0.0 (cmd 0.0),0.0 (cmd 0.0)
0.105,-9.42,0.0,0.0,-4.86,0.0,0.0,-4.9,-9.4,0.0 (cmd 0.0),0.0 (cmd 0.0)
0.1055,-9.36,0.0,0.0,-4.83,0.0,0.0,-4.8,-9.4,0.0 (cmd 0.0),0.0 (cmd 0.0)
0.106,-9.3,0.0,0.0,-4.84,0.0,0.0,-4.8,-9.3,0.0 (cmd 0.0),0.0 (cmd 0.0)
0.1065,-9.34,0.0,0.0,-4.84,0.0,0.0,-4.8,-9.3,0.0 (cmd 0.0),0.0 (cmd 0.0)
0.107,-9.33,0.0,0.0,-4.86,0.0,0.0,-4.9,-9.3,0.0 (cmd 0.0),0.0 (cmd 0.0)
0.1075,-9.28,0.0,0.0,-4.88,0.0,0.0,-4.9,-9.3,0.0 (cmd 0.0),0.0 (cmd 0.0)
0.108,-9.27,0.0,0.0,-4.88,0.0,0.0,-4.9,-9.3,0.0 (cmd 0.0),0.0 (cmd 0.0)
0.1085,-9.28,0.0,0.0,-4.85,0.0,0.0,-4.8,-9.3,0.0 (cmd 0.0),0.0 (cmd 0.0)
0.109,-9.25,0.0,0.0,-4.86,0.0,0.0,-4.9,-9.2,0.0 (cmd 0.0),0.0 (cmd 0.0)
0.1095,-9.26,0.0,0.0,-4.9,0.0,0.0,-4.9,-9.3,0.0 (cmd 0.0),0.0 (cmd 0.0)
0.11,-9.24,0.0,0.0,-4.9,0.0,0.0,-4.9,-9.2,0.0 (cmd 0.0),0.0 (cmd 0.0)
0.1105,-9.22,0.0,0.0,-4.91,0.0,0.0,-4.9,-9.2,0.0 (cmd 0.0),0.0 (cmd 0.0)
0.111,-9.18,0.0,0.0,-4.93,0.0,0.0,-4.9,-9.2,0.0 (cmd 0.0),0.0 (cmd 0.0)
0.1115,-9.01,0.0,0.0,-4.86,0.0,0.0,-4.9,-9.0,0.0 (cmd 0.0),0.0 (cmd 0.0)
0.112,-8.83,0.0,0.0,-4.69,0.0,0.0,-4.7,-8.8,0.0 (cmd 0.0),0.0 (cmd 0.0)
0.1125,-8.55,0.0,0.0,-4.62,0.0,0.0,-4.6,-8.6,0.0 (cmd 0.0),0.0 (cmd 0.0)
0.113,-8.22,0.0,0.0,-4.46,0.0,0.0,-4.5,-8.2,0.0 (cmd 0.0),0.0 (cmd 0.0)
0.1135,-7.95,0.0,0.0,-4.18,0.0,0.0,-4.2,-8.0,0.0 (cmd 0.0),0.0 (cmd 0.0)
0.114,-7.5,0.0,0.0,-3.82,0.0,0.0,-3.8,-7.5,0.0 (cmd 0.0),0.0 (cmd 0.0)
0.1145,-7.04,0.0,0.0,-3.06,0.0,0.0,-3.1,-7.0,0.0 (cmd 0.0),0.0 (cmd 0.0)
0.115,-6.78,0.0,0.0,-2.62,0.0,0.0,-2.6,-6.8,0.0 (cmd 0.0),0.0 (cmd 0.0)
0.1155,-6.02,0.0,0.0,-2.15,0.0,0.0,-2.1,-6.0,0.0 (cmd 0.0),0.0 (cmd 0.0)
0.116,-5.65,0.0,0.0,-1.81,0.0,0.0,-1.8,-5.7,0.0 (cmd 0.0),0.0 (cmd 0.0)
0.1165,-4.6,0.0,0.0,-1.19,0.0,0.0,-1.2,-4.6,0.0 (cmd 0.0),0.0 (cmd 0.0)
0.117,-3.99,0.0,0.0,-0.59,0.0,0.0,-0.6,-4.0,0.0 (cmd 0.0),0.0 (cmd 0.0)
0.1175,-3.19,0.0,0.0,-0.24,0.0,0.0,-0.2,-3.2,0.0 (cmd 0.0),0.0 (cmd 0.0)
0.118,-2.71,0.0,0.0,-0.02,0.0,0.0,-0.0,-2.7,0.0 (cmd 0.0),0.0 (cmd 0.0)
0.1185,-2.54,0.0,0.0,0.15,0.0,0.0,0.1,-2.5,0.0 (cmd 0.0),0.0 (cmd 0.0)
0.119,-2.48,0.0,0.0,0.16,0.0,0.0,0.2,-2.5,0.0 (cmd 0.0),0.0 (cmd 0.0)
0.1195,-2.49,0.0,0.0,0.13,0.0,0.0,0.1,-2.5,0.0 (cmd 0.0),0.0 (cmd 0.0)
0.12,-2.6,0.0,0.0,0.1,0.0,0.0,0.1,-2.6,0.0 (cmd 0.0),0.0 (cmd 0.0)
0.1205,-2.74,0.0,0.0,0.07,0.0,0.0,0.1,-2.7,0.0 (cmd 0.0),0.0 (cmd 0.0)
0.121,-2.88,0.0,0.0,0.03,0.0,0.0,0.0,-2.9,0.0 (cmd 0.0),0.0 (cmd 0.0)
0.1215,-3.06,0.0,0.0,-0.23,0.0,0.0,-0.2,-3.1,0.0 (cmd 0.0),0.0 (cmd 0.0)
0.122,-3.23,0.0,0.0,-0.4,0.0,0.0,-0.4,-3.2,0.0 (cmd 0.0),0.0 (cmd 0.0)
0.1225,-3.32,0.0,0.0,-0.53,0.0,0.0,-0.5,-3.3,0.0 (cmd 0.0),0.0 (cmd 0.0)
0.123,-3.44,0.0,0.0,-0.62,0.0,0.0,-0.6,-3.4,0.0 (cmd 0.0),0.0 (cmd 0.0)
0.1235,-3.55,0.0,0.0,-0.74,0.0,0.0,-0.7,-3.5,0.0 (cmd 0.0),0.0 (cmd 0.0)
0.124,-3.63,-0.15,0.0,-0.82,0.02,0.0,-0.8,-3.6,0.0 (cmd -0.1),0.0 (cmd 0.0)
0.1245,-4.0,-0.14,0.0,-0.87,0.03,0.0,-0.9,-4.0,0.0 (cmd -0.1),0.0 (cmd 0.0)
0.125,-3.69,-0.16,0.0,-0.95,0.02,0.0,-0.9,-3.7,0.0 (cmd -0.2),0.0 (cmd 0.0)
0.1255,-3.71,-0.16,0.0,-1.13,0.02,0.0,-1.1,-3.7,0.0 (cmd -0.2),0.0 (cmd 0.0)
0.126,-3.95,-0.16,0.0,-1.2,0.02,0.0,-1.2,-4.0,0.0 (cmd -0.2),0.0 (cmd 0.0)
0.1265,-3.96,-0.15,0.0,-1.21,0.03,0.0,-1.2,-4.0,0.0 (cmd -0.1),0.0 (cmd 0.0)
0.127,-3.93,-0.16,0.0,-1.27,0.03,0.0,-1.3,-3.9,0.0 (cmd -0.2),0.0 (cmd 0.0)
0.1275,-3.93,-0.16,0.0,-1.35,0.03,0.0,-1.4,-3.9,0.0 (cmd -0.2),0.0 (cmd 0.0)
0.128,-3.88,-0.16,0.0,-1.39,0.03,0.0,-1.4,-3.9,0.0 (cmd -0.2),0.0 (cmd 0.0)
0.1285,-3.44,-0.19,0.0,-1.86,0.02,0.0,-1.9,-3.4,0.0 (cmd -0.2),0.0 (cmd 0.0)
0.129,-3.12,-0.22,0.0,-3.32,0.01,0.0,-3.3,-3.1,0.0 (cmd -0.2),0.0 (cmd 0.0)
0.1295,-3.04,-0.23,0.0,-4.71,0.0,0.0,-4.7,-3.0,0.0 (cmd -0.2),0.0 (cmd 0.0)
0.13,-4.03,-0.22,0.0,-4.67,0.01,0.0,-4.7,-4.0,0.0 (cmd -0.2),0.0 (cmd 0.0)
0.1305,-8.52,-0.02,0.0,-4.46,0.05,0.0,-4.5,-8.5,0.0 (cmd -0.0),0.0 (cmd 0.1)
0.131,-15.57,0.15,0.0,-4.78,0.09,0.0,-4.8,-15.6,0.0 (cmd 0.1),0.0 (cmd 0.1)
0.1315,-21.48,0.57,0.0,-4.7,0.16,0.0,-4.7,-21.5,0.0 (cmd 0.6),0.0 (cmd 0.2)
0.132,-29.85,0.6,0.0,-3.95,0.2,0.0,-4.0,-29.9,0.0 (cmd 0.6),0.0 (cmd 0.2)
0.1325,-41.78,0.6,0.0,-2.86,0.24,0.0,-2.9,-41.8,0.0 (cmd 0.6),0.0 (cmd 0.2)
0.133,-48.32,0.6,0.0,-1.98,0.27,0.0,-2.0,-48.3,0.0 (cmd 0.6),0.0 (cmd 0.3)
0.1335,-51.57,0.6,0.0,-1.64,0.28,0.0,-1.6,-51.6,0.0 (cmd 0.6),0.0 (cmd 0.3)
0.134,-52.02,0.6,0.0,-2.43,0.23,0.0,-2.4,-52.0,0.0 (cmd 0.6),0.0 (cmd 0.2)
0.1345,-48.66,0.6,0.0,-3.51,0.17,0.0,-3.5,-48.7,0.0 (cmd 0.6),0.0 (cmd 0.2)
0.135,-42.07,0.18,0.0,-4.0,0.1,0.0,-4.0,-42.1,0.0 (cmd 0.2),0.0 (cmd 0.1)
0.1355,-34.02,-0.23,0.0,-4.49,0.06,0.0,-4.5,-34.0,0.0 (cmd -0.2),0.0 (cmd 0.1)
0.136,-17.74,-0.6,0.0,-6.16,0.01,0.0,-6.2,-17.7,0.0 (cmd -0.6),0.0 (cmd 0.0)
0.1365,-10.67,-0.6,0.0,-10.47,0.0,0.0,-10.5,-10.7,0.0 (cmd -0.6),0.0 (cmd 0.0)
0.137,-8.3,-0.6,0.0,-15.37,-0.07,0.0,-15.4,-8.3,0.0 (cmd -0.6),0.0 (cmd -0.1)
0.1375,-9.41,-0.6,0.0,-25.04,-0.19,0.0,-25.0,-9.4,0.0 (cmd -0.6),0.0 (cmd -0.2)
0.138,-7.83,-0.6,0.0,-35.56,-0.29,0.0,-35.6,-7.8,0.0 (cmd -0.6),0.0 (cmd -0.3)
0.1385,-5.57,-0.6,0.0,-43.53,-0.47,0.0,-43.5,-5.6,0.0 (cmd -0.6),0.0 (cmd -0.5)
0.139,-4.55,-0.6,0.0,-53.96,-0.52,0.0,-54.0,-4.5,0.0 (cmd -0.6),0.0 (cmd -0.5)
0.1395,-2.45,-0.6,0.0,-59.14,-0.5,0.0,-59.1,-2.5,0.0 (cmd -0.6),0.0 (cmd -0.5)
0.14,-2.11,-0.6,0.0,-60.09,-0.38,0.0,-60.1,-2.1,0.0 (cmd -0.6),0.0 (cmd -0.4)
0.1405,-2.8,-0.6,0.0,-57.96,-0.18,0.0,-58.0,-2.8,0.0 (cmd -0.6),0.0 (cmd -0.2)
0.141,-2.33,-0.6,0.0,-49.28,0.1,0.0,-49.3,-2.3,0.0 (cmd -0.6),0.0 (cmd 0.1)
0.1415,-1.96,-0.6,0.0,-38.75,0.23,0.0,-38.8,-2.0,0.0 (cmd -0.6),0.0 (cmd 0.2)
0.142,-2.83,-0.5,0.0,-27.49,0.31,0.0,-27.5,-2.8,0.0 (cmd -0.5),0.0 (cmd 0.3)
0.1425,-5.16,0.03,0.0,-15.16,0.34,0.0,-15.2,-5.2,0.0 (cmd 0.0),0.0 (cmd 0.3)
0.143,-12.03,0.58,0.0,-4.9,0.37,0.0,-4.9,-12.0,0.0 (cmd 0.6),0.0 (cmd 0.4)
0.1435,-19.1,0.6,0.0,-3.7,0.39,0.0,-3.7,-19.1,0.0 (cmd 0.6),0.0 (cmd 0.4)
0.144,-33.07,0.6,0.0,-4.49,0.4,0.0,-4.5,-33.1,0.0 (cmd 0.6),0.0 (cmd 0.4)
0.1445,-43.21,0.6,0.0,-3.01,0.4,0.0,-3.0,-43.2,0.0 (cmd 0.6),0.0 (cmd 0.4)
0.145,-48.17,0.6,0.0,-1.36,0.39,0.0,-1.4,-48.2,0.0 (cmd 0.6),0.0 (cmd 0.4)
0.1455,-56.5,0.6,0.0,-0.08,0.41,0.0,-0.1,-56.5,0.0 (cmd 0.6),0.0 (cmd 0.4)
0.146,-57.97,0.6,0.0,1.14,0.38,0.0,1.1,-58.0,0.0 (cmd 0.6),0.0 (cmd 0.4)
0.1465,-56.45,0.6,0.0,1.14,0.3,0.0,1.1,-56.5,0.0 (cmd 0.6),0.0 (cmd 0.3)
0.147,-51.33,0.6,0.0,0.56,0.2,0.0,0.6,-51.3,0.0 (cmd 0.6),0.0 (cmd 0.2)
0.1475,-45.46,0.0,0.0,-0.49,0.12,0.0,-0.5,-45.5,0.0 (cmd 0.0),0.0 (cmd 0.1)
0.148,-31.75,-0.48,0.0,-2.34,0.07,0.0,-2.3,-31.8,0.0 (cmd -0.5),0.0 (cmd 0.1)
0.1485,-16.44,-0.6,0.0,-5.61,0.02,0.0,-5.6,-16.4,0.0 (cmd -0.6),0.0 (cmd 0.0)
0.149,-7.85,-0.6,0.0,-10.59,-0.01,0.0,-10.6,-7.8,0.0 (cmd -0.6),0.0 (cmd -0.0)
0.1495,-6.63,-0.6,0.0,-21.53,-0.09,0.0,-21.5,-6.6,0.0 (cmd -0.6),0.0 (cmd -0.1)
0.15,-6.1,-0.6,0.0,-30.71,-0.25,0.0,-30.7,-6.1,0.0 (cmd -0.6),0.0 (cmd -0.2)
0.1505,-3.57,-0.6,0.0,-39.57,-0.41,0.0,-39.6,-3.6,0.0 (cmd -0.6),0.0 (cmd -0.4)
0.151,-2.34,-0.6,0.0,-45.8,-0.51,0.0,-45.8,-2.3,0.0 (cmd -0.6),0.0 (cmd -0.5)
0.1515,-1.38,-0.6,0.0,-51.17,-0.46,0.0,-51.2,-1.4,0.0 (cmd -0.6),0.0 (cmd -0.5)
0.152,-1.34,-0.6,0.0,-51.4,-0.32,0.0,-51.4,-1.3,0.0 (cmd -0.6),0.0 (cmd -0.3)
0.1525,-1.72,-0.6,0.0,-48.98,-0.11,0.0,-49.0,-1.7,0.0 (cmd -0.6),0.0 (cmd -0.1)
0.153,-1.98,-0.6,0.0,-42.16,0.12,0.0,-42.2,-2.0,0.0 (cmd -0.6),0.0 (cmd 0.1)
0.1535,-2.22,-0.6,0.0,-29.66,0.23,0.0,-29.7,-2.2,0.0 (cmd -0.6),0.0 (cmd 0.2)
0.154,-3.34,-0.4,0.0,-16.54,0.29,0.0,-16.5,-3.3,0.0 (cmd -0.4),0.0 (cmd 0.3)
0.1545,-5.41,0.09,0.0,-8.8,0.31,0.0,-8.8,-5.4,0.0 (cmd 0.1),0.0 (cmd 0.3)
0.155,-10.56,0.39,0.0,-4.15,0.32,0.0,-4.2,-10.6,0.0 (cmd 0.4),0.0 (cmd 0.3)
0.1555,-22.64,0.6,0.0,-3.22,0.37,0.0,-3.2,-22.6,0.0 (cmd 0.6),0.0 (cmd 0.4)
0.156,-32.84,0.6,0.0,-1.83,0.4,0.0,-1.8,-32.8,0.0 (cmd 0.6),0.0 (cmd 0.4)
0.1565,-39.52,0.6,0.0,-0.59,0.37,0.0,-0.6,-39.5,0.0 (cmd 0.6),0.0 (cmd 0.4)
0.157,-43.3,0.6,0.0,0.27,0.35,0.0,0.3,-43.3,0.0 (cmd 0.6),0.0 (cmd 0.3)
0.1575,-49.89,0.6,0.0,1.25,0.34,0.0,1.2,-49.9,0.0 (cmd 0.6),0.0 (cmd 0.3)
0.158,-51.38,0.6,0.0,2.04,0.31,0.0,2.0,-51.4,0.0 (cmd 0.6),0.0 (cmd 0.3)
0.1585,-49.88,0.6,0.0,1.81,0.24,0.0,1.8,-49.9,0.0 (cmd 0.6),0.0 (cmd 0.2)
0.159,-46.07,0.45,0.0,0.63,0.17,0.0,0.6,-46.1,0.0 (cmd 0.5),0.0 (cmd 0.2)
0.1595,-39.65,0.06,0.0,-0.34,0.12,0.0,-0.3,-39.6,0.0 (cmd 0.1),0.0 (cmd 0.1)
0.16,-33.69,-0.29,0.0,-2.61,0.07,0.0,-2.6,-33.7,0.0 (cmd -0.3),0.0 (cmd 0.1)
0.1605,-18.65,-0.6,0.0,-6.92,0.01,0.0,-6.9,-18.6,0.0 (cmd -0.6),0.0 (cmd 0.0)
0.161,-13.74,-0.6,0.0,-14.44,-0.02,0.0,-14.4,-13.7,0.0 (cmd -0.6),0.0 (cmd -0.0)
0.1615,-16.47,-0.6,0.0,-22.01,-0.15,0.0,-22.0,-16.5,0.0 (cmd -0.6),0.0 (cmd -0.1)
0.162,-17.81,-0.6,0.0,-32.02,-0.28,0.0,-32.0,-17.8,0.0 (cmd -0.6),0.0 (cmd -0.3)
0.1625,-18.61,-0.6,0.0,-36.41,-0.22,0.0,-36.4,-18.6,0.0 (cmd -0.6),0.0 (cmd -0.2)
0.163,-18.53,-0.6,0.0,-38.02,-0.18,0.0,-38.0,-18.5,0.0 (cmd -0.6),0.0 (cmd -0.2)
0.1635,-17.89,-0.6,0.0,-38.61,-0.09,0.0,-38.6,-17.9,0.0 (cmd -0.6),0.0 (cmd -0.1)
0.164,-17.37,-0.6,0.0,-36.71,0.0,0.0,-36.7,-17.4,0.0 (cmd -0.6),0.0 (cmd 0.0)
0.1645,-17.11,-0.55,0.0,-30.76,0.09,0.0,-30.8,-17.1,0.0 (cmd -0.6),0.0 (cmd 0.1)
0.165,-17.33,-0.44,0.0,-24.45,0.16,0.0,-24.4,-17.3,0.0 (cmd -0.4),0.0 (cmd 0.2)
0.1655,-17.76,-0.26,0.0,-16.13,0.21,0.0,-16.1,-17.8,0.0 (cmd -0.3),0.0 (cmd 0.2)
0.166,-18.39,-0.13,0.0,-12.38,0.22,0.0,-12.4,-18.4,0.0 (cmd -0.1),0.0 (cmd 0.2)
0.1665,-18.15,-0.1,0.0,-13.46,0.21,0.0,-13.5,-18.1,0.0 (cmd -0.1),0.0 (cmd 0.2)
0.167,-17.75,-0.18,0.0,-13.39,0.17,0.0,-13.4,-17.8,0.0 (cmd -0.2),0.0 (cmd 0.2)
0.1675,-17.85,-0.18,0.0,-12.38,0.16,0.0,-12.4,-17.9,0.0 (cmd -0.2),0.0 (cmd 0.2)
0.168,-17.31,-0.18,0.0,-12.66,0.14,0.0,-12.7,-17.3,0.0 (cmd -0.2),0.0 (cmd 0.1)
0.1685,-16.57,-0.21,0.0,-12.66,0.13,0.0,-12.7,-16.6,0.0 (cmd -0.2),0.0 (cmd 0.1)
0.169,-16.03,-0.26,0.0,-12.39,0.11,0.0,-12.4,-16.0,0.0 (cmd -0.3),0.0 (cmd 0.1)
0.1695,-15.47,-0.26,0.0,-12.43,0.1,0.0,-12.4,-15.5,0.0 (cmd -0.3),0.0 (cmd 0.1)
0.17,-14.93,-0.28,0.0,-12.3,0.09,0.0,-12.3,-14.9,0.0 (cmd -0.3),0.0 (cmd 0.1)
0.1705,-14.61,-0.29,0.0,-12.21,0.09,0.0,-12.2,-14.6,0.0 (cmd -0.3),0.0 (cmd 0.1)
0.171,-14.06,-0.29,0.0,-11.71,0.08,0.0,-11.7,-14.1,0.0 (cmd -0.3),0.0 (cmd 0.1)
0.1715,-13.67,-0.28,0.0,-11.23,0.08,0.0,-11.2,-13.7,0.0 (cmd -0.3),0.0 (cmd 0.1)
0.172,-13.47,-0.27,0.0,-10.81,0.08,0.0,-10.8,-13.5,0.0 (cmd -0.3),0.0 (cmd 0.1)
0.1725,-13.43,-0.26,0.0,-10.13,0.09,0.0,-10.1,-13.4,0.0 (cmd -0.3),0.0 (cmd 0.1)
0.173,-13.57,-0.23,0.0,-9.6,0.09,0.0,-9.6,-13.6,0.0 (cmd -0.2),0.0 (cmd 0.1)
0.1735,-13.51,-0.21,0.0,-9.11,0.09,0.0,-9.1,-13.5,0.0 (cmd -0.2),0.0 (cmd 0.1)
0.174,-13.23,-0.2,0.0,-8.42,0.09,0.0,-8.4,-13.2,0.0 (cmd -0.2),0.0 (cmd 0.1)
0.1745,-12.8,-0.2,0.0,-7.65,0.09,0.0,-7.7,-12.8,0.0 (cmd -0.2),0.0 (cmd 0.1)
0.175,-12.29,-0.23,0.0,-7.38,0.08,0.0,-7.4,-12.3,0.0 (cmd -0.2),0.0 (cmd 0.1)
0.1755,-11.73,-0.24,0.0,-7.35,0.07,0.0,-7.3,-11.7,0.0 (cmd -0.2),0.0 (cmd 0.1)
0.176,-11.21,-0.26,0.0,-7.12,0.06,0.0,-7.1,-11.2,0.0 (cmd -0.3),0.0 (cmd 0.1)
0.1765,-11.01,-0.25,0.0,-6.91,0.06,0.0,-6.9,-11.0,0.0 (cmd -0.2),0.0 (cmd 0.1)
0.177,-11.08,-0.24,0.0,-6.85,0.06,0.0,-6.8,-11.1,0.0 (cmd -0.2),0.0 (cmd 0.1)
0.1775,-11.06,-0.22,0.0,-6.88,0.06,0.0,-6.9,-11.1,0.0 (cmd -0.2),0.0 (cmd 0.1)
0.178,-10.98,-0.22,0.0,-6.97,0.06,0.0,-7.0,-11.0,0.0 (cmd -0.2),0.0 (cmd 0.1)
0.1785,-10.98,-0.21,0.0,-7.03,0.06,0.0,-7.0,-11.0,0.0 (cmd -0.2),0.0 (cmd 0.1)
0.179,-10.79,-0.2,0.0,-7.01,0.05,0.0,-7.0,-10.8,0.0 (cmd -0.2),0.0 (cmd 0.1)
0.1795,-10.58,-0.21,0.0,-6.98,0.05,0.0,-7.0,-10.6,0.0 (cmd -0.2),0.0 (cmd 0.1)
0.18,-10.44,-0.21,0.0,-6.99,0.05,0.0,-7.0,-10.4,0.0 (cmd -0.2),0.0 (cmd 0.1)
0.1805,-10.42,-0.21,0.0,-7.03,0.05,0.0,-7.0,-10.4,0.0 (cmd -0.2),0.0 (cmd 0.1)
0.181,-10.39,-0.2,0.0,-7.07,0.05,0.0,-7.1,-10.4,0.0 (cmd -0.2),0.0 (cmd 0.1)
0.1815,-10.39,-0.2,0.0,-7.01,0.05,0.0,-7.0,-10.4,0.0 (cmd -0.2),0.0 (cmd 0.1)
0.182,-10.34,-0.19,0.0,-6.79,0.06,0.0,-6.8,-10.3,0.0 (cmd -0.2),0.0 (cmd 0.1)
0.1825,-10.11,-0.19,0.0,-6.66,0.06,0.0,-6.7,-10.1,0.0 (cmd -0.2),0.0 (cmd 0.1)
0.183,-10.0,-0.2,0.0,-6.58,0.05,0.0,-6.6,-10.0,0.0 (cmd -0.2),0.0 (cmd 0.1)
0.1835,-9.38,-0.22,0.0,-6.41,0.05,0.0,-6.4,-9.4,0.0 (cmd -0.2),0.0 (cmd 0.1)
0.184,-9.07,-0.22,0.0,-6.29,0.05,0.0,-6.3,-9.1,0.0 (cmd -0.2),0.0 (cmd 0.1)
0.1845,-8.58,-0.23,0.0,-6.27,0.05,0.0,-6.3,-8.6,0.0 (cmd -0.2),0.0 (cmd 0.1)
0.185,-7.85,-0.26,0.0,-6.19,0.04,0.0,-6.2,-7.8,0.0 (cmd -0.3),0.0 (cmd 0.0)
0.1855,-7.32,-0.26,0.0,-6.16,0.04,0.0,-6.2,-7.3,0.0 (cmd -0.3),0.0 (cmd 0.0)
0.186,-6.64,-0.28,0.0,-6.09,0.04,0.0,-6.1,-6.6,0.0 (cmd -0.3),0.0 (cmd 0.0)
0.1865,-6.12,-0.29,0.0,-5.92,0.04,0.0,-5.9,-6.1,0.0 (cmd -0.3),0.0 (cmd 0.0)
0.187,-5.52,-0.3,0.0,-5.77,0.04,0.0,-5.8,-5.5,0.0 (cmd -0.3),0.0 (cmd 0.0)
0.1875,-5.12,-0.3,0.0,-5.81,0.04,0.0,-5.8,-5.1,0.0 (cmd -0.3),0.0 (cmd 0.0)
0.188,-4.89,-0.29,0.0,-5.94,0.04,0.0,-5.9,-4.9,0.0 (cmd -0.3),0.0 (cmd 0.0)
0.1885,-4.82,-0.28,0.0,-6.14,0.04,0.0,-6.1,-4.8,0.0 (cmd -0.3),0.0 (cmd 0.0)
0.189,-4.9,-0.27,0.0,-6.49,0.04,0.0,-6.5,-4.9,0.0 (cmd -0.3),0.0 (cmd 0.0)
0.1895,-4.98,-0.25,0.0,-6.91,0.04,0.0,-6.9,-5.0,0.0 (cmd -0.2),0.0 (cmd 0.0)
0.19,-5.08,-0.25,0.0,-8.46,0.04,0.0,-8.5,-5.1,0.0 (cmd -0.2),0.0 (cmd 0.0)
0.1905,-5.18,-0.25,0.0,-12.02,0.03,0.0,-12.0,-5.2,0.0 (cmd -0.2),0.0 (cmd 0.0)
0.191,-5.06,-0.31,0.0,-16.96,0.0,0.0,-17.0,-5.1,0.0 (cmd -0.3),0.0 (cmd 0.0)
0.1915,-4.49,-0.37,0.0,-23.28,-0.09,0.0,-23.3,-4.5,0.0 (cmd -0.4),0.0 (cmd -0.1)
0.192,-3.48,-0.41,0.0,-29.46,-0.12,0.0,-29.5,-3.5,0.0 (cmd -0.4),0.0 (cmd -0.1)
0.1925,-2.79,-0.5,0.0,-33.93,-0.15,0.0,-33.9,-2.8,0.0 (cmd -0.5),0.0 (cmd -0.1)
0.193,-2.78,-0.51,0.0,-35.6,-0.17,0.0,-35.6,-2.8,0.0 (cmd -0.5),0.0 (cmd -0.2)
0.1935,-2.74,-0.53,0.0,-35.53,-0.07,0.0,-35.5,-2.7,0.0 (cmd -0.5),0.0 (cmd -0.1)
0.194,-3.1,-0.52,0.0,-33.6,0.03,0.0,-33.6,-3.1,0.0 (cmd -0.5),0.0 (cmd 0.0)
0.1945,-3.43,-0.49,0.0,-28.58,0.13,0.0,-28.6,-3.4,0.0 (cmd -0.5),0.0 (cmd 0.1)
0.195,-3.96,-0.36,0.0,-21.33,0.23,0.0,-21.3,-4.0,0.0 (cmd -0.4),0.0 (cmd 0.2)
0.1955,-5.18,-0.2,0.0,-11.28,0.27,0.0,-11.3,-5.2,0.0 (cmd -0.2),0.0 (cmd 0.3)
0.196,-6.4,0.03,0.0,-3.87,0.28,0.0,-3.9,-6.4,0.0 (cmd 0.0),0.0 (cmd 0.3)
0.1965,-8.58,0.29,0.0,-1.65,0.28,0.0,-1.6,-8.6,0.0 (cmd 0.3),0.0 (cmd 0.3)
0.197,-12.93,0.37,0.0,-1.62,0.27,0.0,-1.6,-12.9,0.0 (cmd 0.4),0.0 (cmd 0.3)
0.1975,-20.62,0.6,0.0,-0.18,0.3,0.0,-0.2,-20.6,0.0 (cmd 0.6),0.0 (cmd 0.3)
0.198,-30.71,0.6,0.0,0.55,0.29,0.0,0.6,-30.7,0.0 (cmd 0.6),0.0 (cmd 0.3)
0.1985,-37.99,0.6,0.0,2.25,0.31,0.0,2.2,-38.0,0.0 (cmd 0.6),0.0 (cmd 0.3)
0.199,-43.95,0.6,0.0,4.53,0.34,0.0,4.5,-44.0,0.0 (cmd 0.6),0.0 (cmd 0.3)
0.1995,-48.36,0.6,0.0,5.18,0.35,0.0,5.2,-48.4,0.0 (cmd 0.6),0.0 (cmd 0.3)
0.2,-49.67,0.6,0.0,4.52,0.3,0.0,4.5,-49.7,0.0 (cmd 0.6),0.0 (cmd 0.3)
0.2005,-48.84,0.6,0.0,3.93,0.22,0.0,3.9,-48.8,0.0 (cmd 0.6),0.0 (cmd 0.2)
0.201,-44.5,0.45,0.0,3.77,0.17,0.0,3.8,-44.5,0.0 (cmd 0.5),0.0 (cmd 0.2)
0.2015,-39.64,0.1,0.0,3.43,0.13,0.0,3.4,-39.6,0.0 (cmd 0.1),0.0 (cmd 0.1)
0.202,-38.06,-0.15,0.0,2.42,0.1,0.0,2.4,-38.1,0.0 (cmd -0.1),0.0 (cmd 0.1)
0.2025,-16.99,-0.44,0.0,0.32,0.06,0.0,0.3,-17.0,0.0 (cmd -0.4),0.0 (cmd 0.1)
0.203,-7.97,-0.6,0.0,-3.43,0.02,0.0,-3.4,-8.0,0.0 (cmd -0.6),0.0 (cmd 0.0)
0.2035,-4.12,-0.6,0.0,-7.56,0.0,0.0,-7.6,-4.1,0.0 (cmd -0.6),0.0 (cmd 0.0)
0.204,-3.78,-0.6,0.0,-18.62,-0.07,0.0,-18.6,-3.8,0.0 (cmd -0.6),0.0 (cmd -0.1)
0.2045,-3.2,-0.6,0.0,-27.07,-0.24,0.0,-27.1,-3.2,0.0 (cmd -0.6),0.0 (cmd -0.2)
0.205,-2.96,-0.6,0.0,-34.5,-0.49,0.0,-34.5,-3.0,0.0 (cmd -0.6),0.0 (cmd -0.5)
0.2055,-2.59,-0.6,0.0,-42.02,-0.52,0.0,-42.0,-2.6,0.0 (cmd -0.6),0.0 (cmd -0.5)
0.206,-2.18,-0.6,0.0,-47.52,-0.44,0.0,-47.5,-2.2,0.0 (cmd -0.6),0.0 (cmd -0.4)
0.2065,-2.03,-0.6,0.0,-48.59,-0.35,0.0,-48.6,-2.0,0.0 (cmd -0.6),0.0 (cmd -0.3)
0.207,-2.33,-0.6,0.0,-47.89,-0.19,0.0,-47.9,-2.3,0.0 (cmd -0.6),0.0 (cmd -0.2)
0.2075,-2.33,-0.6,0.0,-41.06,0.02,0.0,-41.1,-2.3,0.0 (cmd -0.6),0.0 (cmd 0.0)
0.208,-2.05,-0.6,0.0,-32.35,0.17,0.0,-32.4,-2.0,0.0 (cmd -0.6),0.0 (cmd 0.2)
0.2085,-2.37,-0.49,0.0,-23.5,0.27,0.0,-23.5,-2.4,0.0 (cmd -0.5),0.0 (cmd 0.3)
0.209,-4.24,-0.26,0.0,-13.25,0.3,0.0,-13.2,-4.2,0.0 (cmd -0.3),0.0 (cmd 0.3)
0.2095,-8.77,0.17,0.0,-5.39,0.32,0.0,-5.4,-8.8,0.0 (cmd 0.2),0.0 (cmd 0.3)
0.21,-16.02,0.48,0.0,-4.67,0.33,0.0,-4.7,-16.0,0.0 (cmd 0.5),0.0 (cmd 0.3)
0.2105,-29.41,0.6,0.0,-4.49,0.35,0.0,-4.5,-29.4,0.0 (cmd 0.6),0.0 (cmd 0.3)
0.211,-37.53,0.6,0.0,-3.36,0.39,0.0,-3.4,-37.5,0.0 (cmd 0.6),0.0 (cmd 0.4)
0.2115,-44.4,0.6,0.0,-2.2,0.37,0.0,-2.2,-44.4,0.0 (cmd 0.6),0.0 (cmd 0.4)
0.212,-50.06,0.6,0.0,-1.12,0.35,0.0,-1.1,-50.1,0.0 (cmd 0.6),0.0 (cmd 0.3)
0.2125,-52.79,0.6,0.0,0.04,0.34,0.0,0.0,-52.8,0.0 (cmd 0.6),0.0 (cmd 0.3)
0.213,-52.19,0.6,0.0,0.22,0.29,0.0,0.2,-52.2,0.0 (cmd 0.6),0.0 (cmd 0.3)
0.2135,-48.8,0.6,0.0,-0.28,0.21,0.0,-0.3,-48.8,0.0 (cmd 0.6),0.0 (cmd 0.2)
0.214,-42.91,0.25,0.0,-0.77,0.14,0.0,-0.8,-42.9,0.0 (cmd 0.2),0.0 (cmd 0.1)
0.2145,-36.23,-0.21,0.0,-1.94,0.09,0.0,-1.9,-36.2,0.0 (cmd -0.2),0.0 (cmd 0.1)
0.215,-21.77,-0.6,0.0,-3.67,0.04,0.0,-3.7,-21.8,0.0 (cmd -0.6),0.0 (cmd 0.0)
0.2155,-18.89,-0.6,0.0,-5.86,0.01,0.0,-5.9,-18.9,0.0 (cmd -0.6),0.0 (cmd 0.0)
0.216,-14.5,-0.6,0.0,-11.27,-0.02,0.0,-11.3,-14.5,0.0 (cmd -0.6),0.0 (cmd -0.0)
0.2165,-8.28,-0.6,0.0,-20.54,-0.08,0.0,-20.5,-8.3,0.0 (cmd -0.6),0.0 (cmd -0.1)
0.217,-6.52,-0.6,0.0,-26.74,-0.2,0.0,-26.7,-6.5,0.0 (cmd -0.6),0.0 (cmd -0.2)
0.2175,-6.11,-0.6,0.0,-33.86,-0.32,0.0,-33.9,-6.1,0.0 (cmd -0.6),0.0 (cmd -0.3)
0.218,-4.92,-0.6,0.0,-39.2,-0.34,0.0,-39.2,-4.9,0.0 (cmd -0.6),0.0 (cmd -0.3)
0.2185,-3.27,-0.6,0.0,-43.3,-0.31,0.0,-43.3,-3.3,0.0 (cmd -0.6),0.0 (cmd -0.3)
0.219,-2.82,-0.6,0.0,-43.92,-0.23,0.0,-43.9,-2.8,0.0 (cmd -0.6),0.0 (cmd -0.2)
0.2195,-3.3,-0.6,0.0,-42.45,-0.09,0.0,-42.5,-3.3,0.0 (cmd -0.6),0.0 (cmd -0.1)
0.22,-4.17,-0.6,0.0,-36.67,0.08,0.0,-36.7,-4.2,0.0 (cmd -0.6),0.0 (cmd 0.1)
0.2205,-4.68,-0.6,0.0,-29.12,0.17,0.0,-29.1,-4.7,0.0 (cmd -0.6),0.0 (cmd 0.2)
0.221,-5.3,-0.42,0.0,-21.07,0.26,0.0,-21.1,-5.3,0.0 (cmd -0.4),0.0 (cmd 0.3)
0.2215,-5.83,-0.15,0.0,-12.36,0.29,0.0,-12.4,-5.8,0.0 (cmd -0.1),0.0 (cmd 0.3)
0.222,-9.94,0.09,0.0,-6.43,0.29,0.0,-6.4,-9.9,0.0 (cmd 0.1),0.0 (cmd 0.3)
0.2225,-14.66,0.39,0.0,-6.12,0.31,0.0,-6.1,-14.7,0.0 (cmd 0.4),0.0 (cmd 0.3)
0.223,-26.04,0.6,0.0,-4.97,0.32,0.0,-5.0,-26.0,0.0 (cmd 0.6),0.0 (cmd 0.3)
0.2235,-33.24,0.6,0.0,-4.02,0.34,0.0,-4.0,-33.2,0.0 (cmd 0.6),0.0 (cmd 0.3)
0.224,-38.42,0.6,0.0,-3.36,0.32,0.0,-3.4,-38.4,0.0 (cmd 0.6),0.0 (cmd 0.3)
0.2245,-41.63,0.6,0.0,-2.62,0.29,0.0,-2.6,-41.6,0.0 (cmd 0.6),0.0 (cmd 0.3)
0.225,-44.0,0.6,0.0,-1.79,0.26,0.0,-1.8,-44.0,0.0 (cmd 0.6),0.0 (cmd 0.3)
0.2255,-44.2,0.6,0.0,-1.75,0.23,0.0,-1.8,-44.2,0.0 (cmd 0.6),0.0 (cmd 0.2)
0.226,-42.81,0.6,0.0,-1.81,0.18,0.0,-1.8,-42.8,0.0 (cmd 0.6),0.0 (cmd 0.2)
0.2265,-39.25,0.34,0.0,-1.85,0.14,0.0,-1.9,-39.2,0.0 (cmd 0.3),0.0 (cmd 0.1)
0.227,-31.59,-0.2,0.0,-1.89,0.08,0.0,-1.9,-31.6,0.0 (cmd -0.2),0.0 (cmd 0.1)
0.2275,-22.08,-0.6,0.0,-2.03,0.04,0.0,-2.0,-22.1,0.0 (cmd -0.6),0.0 (cmd 0.0)
0.228,-15.12,-0.6,0.0,-2.02,0.02,0.0,-2.0,-15.1,0.0 (cmd -0.6),0.0 (cmd 0.0)
0.2285,-4.59,-0.6,0.0,-2.07,0.01,0.0,-2.1,-4.6,0.0 (cmd -0.6),0.0 (cmd 0.0)
0.229,-2.95,-0.6,0.0,-1.18,0.0,0.0,-1.2,-3.0,0.0 (cmd -0.6),0.0 (cmd 0.0)
0.2295,-1.68,-0.6,0.0,-0.1,0.0,0.0,-0.1,-1.7,0.0 (cmd -0.6),0.0 (cmd 0.0)
0.23,-1.06,-0.6,0.0,0.38,0.0,0.0,0.4,-1.1,0.0 (cmd -0.6),0.0 (cmd 0.0)
0.2305,-1.26,-0.6,0.0,0.53,-0.01,0.0,0.5,-1.3,0.0 (cmd -0.6),0.0 (cmd -0.0)
0.231,-1.39,-0.6,0.0,0.5,-0.01,0.0,0.5,-1.4,0.0 (cmd -0.6),0.0 (cmd -0.0)
0.2315,-1.23,-0.52,0.0,0.57,-0.01,0.0,0.6,-1.2,0.0 (cmd -0.5),0.0 (cmd -0.0)
0.232,-0.84,-0.46,0.0,0.65,0.0,0.0,0.7,-0.8,0.0 (cmd -0.5),0.0 (cmd 0.0)
0.2325,-0.66,-0.4,0.0,0.71,0.0,0.0,0.7,-0.7,0.0 (cmd -0.4),0.0 (cmd 0.0)
0.233,-1.26,-0.35,0.0,0.69,0.0,0.0,0.7,-1.3,0.0 (cmd -0.3),0.0 (cmd 0.0)
0.2335,-1.32,-0.28,0.0,0.73,0.01,0.0,0.7,-1.3,0.0 (cmd -0.3),0.0 (cmd 0.0)
0.234,-1.25,-0.25,0.0,0.98,0.01,0.0,1.0,-1.2,0.0 (cmd -0.2),0.0 (cmd 0.0)
0.2345,-1.22,-0.23,0.0,1.22,0.01,0.0,1.2,-1.2,0.0 (cmd -0.2),0.0 (cmd 0.0)
0.235,-1.11,-0.21,0.0,1.28,0.02,0.0,1.3,-1.1,0.0 (cmd -0.2),0.0 (cmd 0.0)
0.2355,-1.07,-0.21,0.0,1.35,0.02,0.0,1.4,-1.1,0.0 (cmd -0.2),0.0 (cmd 0.0)
0.236,-1.09,-0.2,0.0,1.36,0.02,0.0,1.4,-1.1,0.0 (cmd -0.2),0.0 (cmd 0.0)
0.2365,-1.16,-0.19,0.0,1.33,0.02,0.0,1.3,-1.2,0.0 (cmd -0.2),0.0 (cmd 0.0)
0.237,-1.19,-0.18,0.0,1.45,0.02,0.0,1.4,-1.2,0.0 (cmd -0.2),0.0 (cmd 0.0)
0.2375,-1.21,-0.17,0.0,1.6,0.02,0.0,1.6,-1.2,0.0 (cmd -0.2),0.0 (cmd 0.0)
0.238,-1.33,-0.16,0.0,1.69,0.02,0.0,1.7,-1.3,0.0 (cmd -0.2),0.0 (cmd 0.0)
0.2385,-1.67,-0.14,0.0,1.78,0.02,0.0,1.8,-1.7,0.0 (cmd -0.1),0.0 (cmd 0.0)
0.239,-1.76,-0.14,0.0,1.83,0.02,0.0,1.8,-1.8,0.0 (cmd -0.1),0.0 (cmd 0.0)
0.2395,-1.98,-0.13,0.0,1.99,0.02,0.0,2.0,-2.0,0.0 (cmd -0.1),0.0 (cmd 0.0)
0.24,-1.99,-0.13,0.0,2.09,0.02,0.0,2.1,-2.0,0.0 (cmd -0.1),0.0 (cmd 0.0)
0.2405,-2.0,-0.13,0.0,2.09,0.02,0.0,2.1,-2.0,0.0 (cmd -0.1),0.0 (cmd 0.0)
0.241,-2.02,-0.13,0.0,2.15,0.02,0.0,2.1,-2.0,0.0 (cmd -0.1),0.0 (cmd 0.0)
0.2415,-1.9,-0.14,0.0,2.21,0.02,0.0,2.2,-1.9,0.0 (cmd -0.1),0.0 (cmd 0.0)
0.242,-1.89,-0.15,0.0,2.26,0.02,0.0,2.3,-1.9,0.0 (cmd -0.1),0.0 (cmd 0.0)
0.2425,-1.93,-0.15,0.0,2.31,0.02,0.0,2.3,-1.9,0.0 (cmd -0.1),0.0 (cmd 0.0)
0.243,-1.92,-0.15,0.0,2.34,0.02,0.0,2.3,-1.9,0.0 (cmd -0.1),0.0 (cmd 0.0)
0.2435,-1.9,-0.15,0.0,2.37,0.02,0.0,2.4,-1.9,0.0 (cmd -0.1),0.0 (cmd 0.0)
0.244,-1.88,-0.15,0.0,2.42,0.02,0.0,2.4,-1.9,0.0 (cmd -0.1),0.0 (cmd 0.0)
0.2445,-1.8,-0.15,0.0,2.45,0.02,0.0,2.5,-1.8,0.0 (cmd -0.1),0.0 (cmd 0.0)
0.245,-1.79,-0.15,0.0,2.43,0.01,0.0,2.4,-1.8,0.0 (cmd -0.1),0.0 (cmd 0.0)
0.2455,-1.82,-0.15,0.0,2.47,0.01,0.0,2.5,-1.8,0.0 (cmd -0.1),0.0 (cmd 0.0)
0.246,-1.78,-0.15,0.0,2.55,0.02,0.0,2.5,-1.8,0.0 (cmd -0.1),0.0 (cmd 0.0)
0.2465,-1.68,-0.15,0.0,2.6,0.01,0.0,2.6,-1.7,0.0 (cmd -0.1),0.0 (cmd 0.0)
0.247,-1.59,-0.16,0.0,2.67,0.01,0.0,2.7,-1.6,0.0 (cmd -0.2),0.0 (cmd 0.0)
0.2475,-1.62,-0.16,0.0,2.66,0.01,0.0,2.7,-1.6,0.0 (cmd -0.2),0.0 (cmd 0.0)
0.248,-1.66,-0.15,0.0,2.7,0.01,0.0,2.7,-1.7,0.0 (cmd -0.1),0.0 (cmd 0.0)
0.2485,-1.6,-0.15,0.0,2.67,0.01,0.0,2.7,-1.6,0.0 (cmd -0.1),0.0 (cmd 0.0)
0.249,-1.54,-0.16,0.0,2.63,0.01,0.0,2.6,-1.5,0.0 (cmd -0.2),0.0 (cmd 0.0)
0.2495,-1.53,-0.16,0.0,2.76,0.01,0.0,2.8,-1.5,0.0 (cmd -0.2),0.0 (cmd 0.0)
0.25,-1.44,-0.15,0.0,2.88,0.01,0.0,2.9,-1.4,0.0 (cmd -0.1),0.0 (cmd 0.0)
0.2505,-0.87,-0.17,0.0,2.93,0.01,0.0,2.9,-0.9,0.0 (cmd -0.2),0.0 (cmd 0.0)
0.251,-0.68,-0.18,0.0,3.02,0.01,0.0,3.0,-0.7,0.0 (cmd -0.2),0.0 (cmd 0.0)
0.2515,-0.4,-0.2,0.0,3.24,0.01,0.0,3.2,-0.4,0.0 (cmd -0.2),0.0 (cmd 0.0)
0.252,-0.19,-0.19,0.0,3.43,0.01,0.0,3.4,-0.2,0.0 (cmd -0.2),0.0 (cmd 0.0)
0.2525,-0.25,-0.19,0.0,3.44,0.01,0.0,3.4,-0.2,0.0 (cmd -0.2),0.0 (cmd 0.0)
0.253,-0.38,-0.17,0.0,3.32,0.01,0.0,3.3,-0.4,0.0 (cmd -0.2),0.0 (cmd 0.0)
0.2535,-0.44,-0.16,0.0,3.2,0.01,0.0,3.2,-0.4,0.0 (cmd -0.2),0.0 (cmd 0.0)
0.254,-0.26,-0.16,0.0,3.23,0.01,0.0,3.2,-0.3,0.0 (cmd -0.2),0.0 (cmd 0.0)
0.2545,-0.1,-0.17,0.0,3.28,0.01,0.0,3.3,-0.1,0.0 (cmd -0.2),0.0 (cmd 0.0)
0.255,-0.02,-0.17,0.0,3.31,0.01,0.0,3.3,-0.0,0.0 (cmd -0.2),0.0 (cmd 0.0)
0.2555,-0.04,-0.17,0.0,3.34,0.01,0.0,3.3,-0.0,0.0 (cmd -0.2),0.0 (cmd 0.0)
0.256,-0.05,-0.16,0.0,3.38,0.01,0.0,3.4,-0.1,0.0 (cmd -0.2),0.0 (cmd 0.0)
0.2565,-0.06,-0.16,0.0,3.48,0.01,0.0,3.5,-0.1,0.0 (cmd -0.2),0.0 (cmd 0.0)
0.257,-0.16,-0.15,0.0,3.54,0.01,0.0,3.5,-0.2,0.0 (cmd -0.1),0.0 (cmd 0.0)
0.2575,-0.22,-0.15,0.0,3.52,0.01,0.0,3.5,-0.2,0.0 (cmd -0.1),0.0 (cmd 0.0)
0.258,-0.26,-0.14,0.0,3.55,0.01,0.0,3.5,-0.3,0.0 (cmd -0.1),0.0 (cmd 0.0)
0.2585,-0.25,-0.14,0.0,3.64,0.01,0.0,3.6,-0.2,0.0 (cmd -0.1),0.0 (cmd 0.0)
0.259,-0.11,-0.14,0.0,3.72,0.01,0.0,3.7,-0.1,0.0 (cmd -0.1),0.0 (cmd 0.0)
0.2595,-0.04,-0.15,0.0,3.78,0.01,0.0,3.8,-0.0,0.0 (cmd -0.1),0.0 (cmd 0.0)
0.26,0.0,-0.15,0.0,3.81,0.01,0.0,3.8,0.0,0.0 (cmd -0.1),0.0 (cmd 0.0)
0.2605,0.02,-0.15,0.0,3.83,0.01,0.0,3.8,0.0,0.0 (cmd -0.1),0.0 (cmd 0.0)
0.261,0.0,-0.15,0.0,3.86,0.01,0.0,3.9,0.0,0.0 (cmd -0.1),0.0 (cmd 0.0)
0.2615,-0.01,-0.15,0.0,3.88,0.01,0.0,3.9,-0.0,0.0 (cmd -0.1),0.0 (cmd 0.0)
0.262,0.0,-0.15,0.0,3.92,0.01,0.0,3.9,0.0,0.0 (cmd -0.1),0.0 (cmd 0.0)
0.2625,-0.01,-0.15,0.0,3.93,0.01,0.0,3.9,-0.0,0.0 (cmd -0.1),0.0 (cmd 0.0)
0.263,-0.03,-0.15,0.0,3.94,0.01,0.0,3.9,-0.0,0.0 (cmd -0.1),0.0 (cmd 0.0)
0.2635,-0.05,-0.14,0.0,3.93,0.01,0.0,3.9,-0.1,0.0 (cmd -0.1),0.0 (cmd 0.0)
0.264,-0.09,-0.14,0.0,3.87,0.01,0.0,3.9,-0.1,0.0 (cmd -0.1),0.0 (cmd 0.0)
0.2645,-0.1,-0.14,0.0,3.77,0.01,0.0,3.8,-0.1,0.0 (cmd -0.1),0.0 (cmd 0.0)
0.265,-0.12,-0.14,0.0,3.74,0.01,0.0,3.7,-0.1,0.0 (cmd -0.1),0.0 (cmd 0.0)
0.2655,-0.21,-0.14,0.0,3.73,0.01,0.0,3.7,-0.2,0.0 (cmd -0.1),0.0 (cmd 0.0)
0.266,-0.31,-0.14,0.0,3.7,0.01,0.0,3.7,-0.3,0.0 (cmd -0.1),0.0 (cmd 0.0)
0.2665,-0.37,-0.14,0.0,3.67,0.01,0.0,3.7,-0.4,0.0 (cmd -0.1),0.0 (cmd 0.0)
0.267,-0.37,-0.14,0.0,3.7,0.01,0.0,3.7,-0.4,0.0 (cmd -0.1),0.0 (cmd 0.0)
0.2675,-0.33,-0.14,0.0,3.77,0.01,0.0,3.8,-0.3,0.0 (cmd -0.1),0.0 (cmd 0.0)
0.268,-0.35,-0.14,0.0,3.81,0.01,0.0,3.8,-0.3,0.0 (cmd -0.1),0.0 (cmd 0.0)
0.2685,-0.43,-0.14,0.0,3.81,0.01,0.0,3.8,-0.4,0.0 (cmd -0.1),0.0 (cmd 0.0)
0.269,-0.5,-0.13,0.0,3.8,0.01,0.0,3.8,-0.5,0.0 (cmd -0.1),0.0 (cmd 0.0)
0.2695,-0.62,-0.14,0.0,3.76,0.01,0.0,3.8,-0.6,0.0 (cmd -0.1),0.0 (cmd 0.0)
0.27,-0.72,-0.13,0.0,3.77,0.01,0.0,3.8,-0.7,0.0 (cmd -0.1),0.0 (cmd 0.0)
0.2705,-0.77,-0.13,0.0,3.75,0.01,0.0,3.8,-0.8,0.0 (cmd -0.1),0.0 (cmd 0.0)
0.271,-0.82,-0.13,0.0,3.67,0.01,0.0,3.7,-0.8,0.0 (cmd -0.1),0.0 (cmd 0.0)
0.2715,-0.94,-0.13,0.0,3.58,0.01,0.0,3.6,-0.9,0.0 (cmd -0.1),0.0 (cmd 0.0)
0.272,-1.09,-0.13,0.0,3.52,0.01,0.0,3.5,-1.1,0.0 (cmd -0.1),0.0 (cmd 0.0)
0.2725,-1.23,-0.12,0.0,3.47,0.01,0.0,3.5,-1.2,0.0 (cmd -0.1),0.0 (cmd 0.0)
0.273,-1.3,-0.12,0.0,3.48,0.01,0.0,3.5,-1.3,0.0 (cmd -0.1),0.0 (cmd 0.0)
0.2735,-1.35,-0.12,0.0,3.48,0.01,0.0,3.5,-1.4,0.0 (cmd -0.1),0.0 (cmd 0.0)
0.274,-1.4,-0.13,0.0,3.39,0.01,0.0,3.4,-1.4,0.0 (cmd -0.1),0.0 (cmd 0.0)
0.2745,-1.47,-0.13,0.0,3.32,0.01,0.0,3.3,-1.5,0.0 (cmd -0.1),0.0 (cmd 0.0)
0.275,-1.51,-0.13,0.0,3.25,0.01,0.0,3.2,-1.5,0.0 (cmd -0.1),0.0 (cmd 0.0)
0.2755,-1.56,-0.13,0.0,3.16,0.01,0.0,3.2,-1.6,0.0 (cmd -0.1),0.0 (cmd 0.0)
0.276,-1.75,-0.13,0.0,3.0,0.01,0.0,3.0,-1.8,0.0 (cmd -0.1),0.0 (cmd 0.0)
0.2765,-1.79,-0.13,0.0,2.87,0.01,0.0,2.9,-1.8,0.0 (cmd -0.1),0.0 (cmd 0.0)
0.277,-1.83,-0.13,0.0,2.75,0.01,0.0,2.8,-1.8,0.0 (cmd -0.1),0.0 (cmd 0.0)
0.2775,-1.87,-0.13,0.0,2.56,0.01,0.0,2.6,-1.9,0.0 (cmd -0.1),0.0 (cmd 0.0)
0.278,-2.22,-0.14,0.0,2.34,0.01,0.0,2.3,-2.2,0.0 (cmd -0.1),0.0 (cmd 0.0)
0.2785,-3.14,-0.11,0.0,2.04,0.01,0.0,2.0,-3.1,0.0 (cmd -0.1),0.0 (cmd 0.0)
0.279,-3.82,-0.08,0.0,1.79,0.02,0.0,1.8,-3.8,0.0 (cmd -0.1),0.0 (cmd 0.0)
0.2795,-5.88,-0.04,0.0,1.54,0.02,0.0,1.5,-5.9,0.0 (cmd -0.0),0.0 (cmd 0.0)
0.28,-9.36,0.05,0.0,1.26,0.04,0.0,1.3,-9.4,0.0 (cmd 0.1),0.0 (cmd 0.0)
0.2805,-12.52,0.22,0.0,1.15,0.07,0.0,1.1,-12.5,0.0 (cmd 0.2),0.0 (cmd 0.1)
0.281,-19.61,0.39,0.0,0.75,0.1,0.0,0.8,-19.6,0.0 (cmd 0.4),0.0 (cmd 0.1)
0.2815,-23.15,0.6,0.0,0.69,0.15,0.0,0.7,-23.1,0.0 (cmd 0.6),0.0 (cmd 0.1)
0.282,-31.77,0.6,0.0,0.6,0.16,0.0,0.6,-31.8,0.0 (cmd 0.6),0.0 (cmd 0.2)
0.2825,-34.59,0.6,0.0,0.33,0.19,0.0,0.3,-34.6,0.0 (cmd 0.6),0.0 (cmd 0.2)
0.283,-36.72,0.6,0.0,-0.26,0.17,0.0,-0.3,-36.7,0.0 (cmd 0.6),0.0 (cmd 0.2)
0.2835,-36.95,0.6,0.0,-0.51,0.15,0.0,-0.5,-37.0,0.0 (cmd 0.6),0.0 (cmd 0.1)
0.284,-36.32,0.47,0.0,-0.62,0.13,0.0,-0.6,-36.3,0.0 (cmd 0.5),0.0 (cmd 0.1)
0.2845,-33.7,0.24,0.0,-0.58,0.1,0.0,-0.6,-33.7,0.0 (cmd 0.2),0.0 (cmd 0.1)
0.285,-29.11,-0.01,0.0,-0.5,0.07,0.0,-0.5,-29.1,0.0 (cmd -0.0),0.0 (cmd 0.1)
0.2855,-22.78,-0.26,0.0,-0.32,0.05,0.0,-0.3,-22.8,0.0 (cmd -0.3),0.0 (cmd 0.1)
0.286,-16.12,-0.55,0.0,-0.11,0.03,0.0,-0.1,-16.1,0.0 (cmd -0.6),0.0 (cmd 0.0)
0.2865,-8.03,-0.6,0.0,0.32,0.02,0.0,0.3,-8.0,0.0 (cmd -0.6),0.0 (cmd 0.0)
0.287,-4.46,-0.6,0.0,0.47,0.01,0.0,0.5,-4.5,0.0 (cmd -0.6),0.0 (cmd 0.0)
0.2875,-3.23,-0.6,0.0,0.73,0.0,0.0,0.7,-3.2,0.0 (cmd -0.6),0.0 (cmd 0.0)
0.288,-1.07,-0.6,0.0,1.28,0.0,0.0,1.3,-1.1,0.0 (cmd -0.6),0.0 (cmd 0.0)
0.2885,-0.61,-0.6,0.0,1.24,-0.01,0.0,1.2,-0.6,0.0 (cmd -0.6),0.0 (cmd -0.0)
0.289,-0.46,-0.6,0.0,1.36,-0.01,0.0,1.4,-0.5,0.0 (cmd -0.6),0.0 (cmd -0.0)
0.2895,-0.39,-0.55,0.0,1.54,-0.01,0.0,1.5,-0.4,0.0 (cmd -0.6),0.0 (cmd -0.0)
0.29,0.06,-0.48,0.0,1.65,-0.01,0.0,1.6,0.1,0.0 (cmd -0.5),0.0 (cmd -0.0)
0.2905,0.51,-0.43,0.0,1.88,-0.01,0.0,1.9,0.5,0.0 (cmd -0.4),0.0 (cmd -0.0)
0.291,0.6,-0.38,0.0,1.98,0.0,0.0,2.0,0.6,0.0 (cmd -0.4),0.0 (cmd 0.0)
0.2915,0.61,-0.33,0.0,2.08,0.0,0.0,2.1,0.6,0.0 (cmd -0.3),0.0 (cmd 0.0)
0.292,0.55,-0.29,0.0,2.22,0.0,0.0,2.2,0.6,0.0 (cmd -0.3),0.0 (cmd 0.0)
0.2925,0.44,-0.26,0.0,2.4,0.0,0.0,2.4,0.4,0.0 (cmd -0.3),0.0 (cmd 0.0)
0.293,0.11,-0.22,0.0,2.49,0.01,0.0,2.5,0.1,0.0 (cmd -0.2),0.0 (cmd 0.0)
0.2935,-0.06,-0.19,0.0,2.47,0.01,0.0,2.5,-0.1,0.0 (cmd -0.2),0.0 (cmd 0.0)
0.294,-0.1,-0.18,0.0,1.95,0.01,0.0,1.9,-0.1,0.0 (cmd -0.2),0.0 (cmd 0.0)
0.2945,-0.12,-0.18,0.0,1.14,0.0,0.0,1.1,-0.1,0.0 (cmd -0.2),0.0 (cmd 0.0)
0.295,-0.26,-0.19,0.0,-1.04,0.0,0.0,-1.0,-0.3,0.0 (cmd -0.2),0.0 (cmd 0.0)
0.2955,-0.84,-0.2,0.0,-3.33,-0.01,0.0,-3.3,-0.8,0.0 (cmd -0.2),0.0 (cmd -0.0)
0.296,-1.27,-0.19,0.0,-5.75,-0.02,0.0,-5.8,-1.3,0.0 (cmd -0.2),0.0 (cmd -0.0)
0.2965,-1.43,-0.21,0.0,-7.5,-0.02,0.0,-7.5,-1.4,0.0 (cmd -0.2),0.0 (cmd -0.0)
0.297,-1.62,-0.23,0.0,-10.45,-0.02,0.0,-10.4,-1.6,0.0 (cmd -0.2),0.0 (cmd -0.0)
0.2975,-1.72,-0.26,0.0,-14.4,-0.02,0.0,-14.4,-1.7,0.0 (cmd -0.3),0.0 (cmd -0.0)
0.298,-1.79,-0.3,0.0,-17.99,-0.09,0.0,-18.0,-1.8,0.0 (cmd -0.3),0.0 (cmd -0.1)
0.2985,-1.81,-0.33,0.0,-22.25,-0.12,0.0,-22.2,-1.8,0.0 (cmd -0.3),0.0 (cmd -0.1)
0.299,-1.85,-0.36,0.0,-27.38,-0.11,0.0,-27.4,-1.9,0.0 (cmd -0.4),0.0 (cmd -0.1)
0.2995,-2.01,-0.39,0.0,-30.67,-0.12,0.0,-30.7,-2.0,0.0 (cmd -0.4),0.0 (cmd -0.1)
0.3,-2.09,-0.41,0.0,-32.26,-0.11,0.0,-32.3,-2.1,0.0 (cmd -0.4),0.0 (cmd -0.1)
0.3005,-2.11,-0.44,0.0,-32.02,-0.03,0.0,-32.0,-2.1,0.0 (cmd -0.4),0.0 (cmd -0.0)
0.301,-2.11,-0.46,0.0,-29.38,0.06,0.0,-29.4,-2.1,0.0 (cmd -0.5),0.0 (cmd 0.1)
0.3015,-2.0,-0.42,0.0,-25.52,0.16,0.0,-25.5,-2.0,0.0 (cmd -0.4),0.0 (cmd 0.2)
0.302,-1.92,-0.35,0.0,-17.06,0.21,0.0,-17.1,-1.9,0.0 (cmd -0.3),0.0 (cmd 0.2)
0.3025,-1.65,-0.26,0.0,-9.2,0.24,0.0,-9.2,-1.6,0.0 (cmd -0.3),0.0 (cmd 0.2)
0.303,-1.88,-0.05,0.0,-3.24,0.25,0.0,-3.2,-1.9,0.0 (cmd -0.1),0.0 (cmd 0.2)
0.3035,-3.38,0.08,0.0,-0.79,0.24,0.0,-0.8,-3.4,0.0 (cmd 0.1),0.0 (cmd 0.2)
0.304,-5.3,0.11,0.0,0.69,0.23,0.0,0.7,-5.3,0.0 (cmd 0.1),0.0 (cmd 0.2)
0.3045,-7.86,0.21,0.0,1.88,0.22,0.0,1.9,-7.9,0.0 (cmd 0.2),0.0 (cmd 0.2)
0.305,-10.26,0.26,0.0,1.98,0.2,0.0,2.0,-10.3,0.0 (cmd 0.3),0.0 (cmd 0.2)
0.3055,-13.59,0.37,0.0,2.11,0.19,0.0,2.1,-13.6,0.0 (cmd 0.4),0.0 (cmd 0.2)
0.306,-18.27,0.52,0.0,2.59,0.19,0.0,2.6,-18.3,0.0 (cmd 0.5),0.0 (cmd 0.2)
0.3065,-26.09,0.6,0.0,2.99,0.2,0.0,3.0,-26.1,0.0 (cmd 0.6),0.0 (cmd 0.2)
0.307,-30.27,0.6,0.0,2.93,0.21,0.0,2.9,-30.3,0.0 (cmd 0.6),0.0 (cmd 0.2)
0.3075,-33.47,0.6,0.0,2.63,0.22,0.0,2.6,-33.5,0.0 (cmd 0.6),0.0 (cmd 0.2)
0.308,-36.89,0.6,0.0,2.14,0.2,0.0,2.1,-36.9,0.0 (cmd 0.6),0.0 (cmd 0.2)
0.3085,-37.85,0.6,0.0,1.93,0.18,0.0,1.9,-37.9,0.0 (cmd 0.6),0.0 (cmd 0.2)
0.309,-36.7,0.5,0.0,1.85,0.15,0.0,1.9,-36.7,0.0 (cmd 0.5),0.0 (cmd 0.1)
0.3095,-34.28,0.26,0.0,1.82,0.12,0.0,1.8,-34.3,0.0 (cmd 0.3),0.0 (cmd 0.1)
0.31,-29.3,-0.01,0.0,1.85,0.09,0.0,1.9,-29.3,0.0 (cmd -0.0),0.0 (cmd 0.1)
0.3105,-25.45,-0.27,0.0,1.52,0.06,0.0,1.5,-25.4,0.0 (cmd -0.3),0.0 (cmd 0.1)
0.311,-14.87,-0.6,0.0,0.49,0.03,0.0,0.5,-14.9,0.0 (cmd -0.6),0.0 (cmd 0.0)
0.3115,-8.31,-0.6,0.0,-1.34,0.02,0.0,-1.3,-8.3,0.0 (cmd -0.6),0.0 (cmd 0.0)
0.312,-2.91,-0.6,0.0,-3.24,0.0,0.0,-3.2,-2.9,0.0 (cmd -0.6),0.0 (cmd 0.0)
0.3125,-2.42,-0.6,0.0,-7.36,-0.03,0.0,-7.4,-2.4,0.0 (cmd -0.6),0.0 (cmd -0.0)
0.313,-1.81,-0.6,0.0,-12.0,-0.09,0.0,-12.0,-1.8,0.0 (cmd -0.6),0.0 (cmd -0.1)
0.3135,-1.62,-0.6,0.0,-17.7,-0.2,0.0,-17.7,-1.6,0.0 (cmd -0.6),0.0 (cmd -0.2)
0.314,-1.42,-0.6,0.0,-22.38,-0.26,0.0,-22.4,-1.4,0.0 (cmd -0.6),0.0 (cmd -0.3)
0.3145,-0.7,-0.6,0.0,-27.32,-0.24,0.0,-27.3,-0.7,0.0 (cmd -0.6),0.0 (cmd -0.2)
0.315,-0.22,-0.6,0.0,-29.95,-0.22,0.0,-29.9,-0.2,0.0 (cmd -0.6),0.0 (cmd -0.2)
0.3155,-0.86,-0.6,0.0,-30.79,-0.16,0.0,-30.8,-0.9,0.0 (cmd -0.6),0.0 (cmd -0.2)
0.316,-1.27,-0.58,0.0,-30.35,-0.05,0.0,-30.4,-1.3,0.0 (cmd -0.6),0.0 (cmd -0.1)
0.3165,-1.59,-0.55,0.0,-27.62,0.05,0.0,-27.6,-1.6,0.0 (cmd -0.6),0.0 (cmd 0.1)
0.317,-1.84,-0.49,0.0,-22.96,0.13,0.0,-23.0,-1.8,0.0 (cmd -0.5),0.0 (cmd 0.1)
0.3175,-2.01,-0.39,0.0,-17.8,0.19,0.0,-17.8,-2.0,0.0 (cmd -0.4),0.0 (cmd 0.2)
0.318,-2.35,-0.28,0.0,-9.82,0.22,0.0,-9.8,-2.4,0.0 (cmd -0.3),0.0 (cmd 0.2)
0.3185,-3.16,-0.1,0.0,-4.79,0.24,0.0,-4.8,-3.2,0.0 (cmd -0.1),0.0 (cmd 0.2)
0.319,-8.84,0.08,0.0,-3.5,0.25,0.0,-3.5,-8.8,0.0 (cmd 0.1),0.0 (cmd 0.2)
0.3195,-14.63,0.32,0.0,-3.1,0.26,0.0,-3.1,-14.6,0.0 (cmd 0.3),0.0 (cmd 0.3)
0.32,-15.91,0.58,0.0,-1.79,0.27,0.0,-1.8,-15.9,0.0 (cmd 0.6),0.0 (cmd 0.3)
0.3205,-27.23,0.57,0.0,-1.29,0.24,0.0,-1.3,-27.2,0.0 (cmd 0.6),0.0 (cmd 0.2)
0.321,-39.37,0.6,0.0,-0.53,0.33,0.0,-0.5,-39.4,0.0 (cmd 0.6),0.0 (cmd 0.3)
0.3215,-44.43,0.6,0.0,1.24,0.33,0.0,1.2,-44.4,0.0 (cmd 0.6),0.0 (cmd 0.3)
0.322,-48.01,0.6,0.0,2.1,0.32,0.0,2.1,-48.0,0.0 (cmd 0.6),0.0 (cmd 0.3)
0.3225,-49.45,0.6,0.0,2.24,0.28,0.0,2.2,-49.5,0.0 (cmd 0.6),0.0 (cmd 0.3)
0.323,-48.57,0.6,0.0,1.99,0.22,0.0,2.0,-48.6,0.0 (cmd 0.6),0.0 (cmd 0.2)
0.3235,-45.61,0.52,0.0,1.41,0.17,0.0,1.4,-45.6,0.0 (cmd 0.5),0.0 (cmd 0.2)
0.324,-39.8,0.12,0.0,1.17,0.12,0.0,1.2,-39.8,0.0 (cmd 0.1),0.0 (cmd 0.1)
0.3245,-32.53,-0.32,0.0,0.74,0.08,0.0,0.7,-32.5,0.0 (cmd -0.3),0.0 (cmd 0.1)
0.325,-23.8,-0.6,0.0,-0.14,0.04,0.0,-0.1,-23.8,0.0 (cmd -0.6),0.0 (cmd 0.0)
0.3255,-9.26,-0.6,0.0,-2.48,0.02,0.0,-2.5,-9.3,0.0 (cmd -0.6),0.0 (cmd 0.0)
0.326,-3.6,-0.6,0.0,-6.74,0.01,0.0,-6.7,-3.6,0.0 (cmd -0.6),0.0 (cmd 0.0)
0.3265,-2.98,-0.6,0.0,-13.21,-0.03,0.0,-13.2,-3.0,0.0 (cmd -0.6),0.0 (cmd -0.0)
0.327,-2.94,-0.6,0.0,-20.78,-0.16,0.0,-20.8,-2.9,0.0 (cmd -0.6),0.0 (cmd -0.2)
0.3275,-2.94,-0.6,0.0,-29.85,-0.35,0.0,-29.9,-2.9,0.0 (cmd -0.6),0.0 (cmd -0.3)
0.328,-2.65,-0.6,0.0,-36.93,-0.42,0.0,-36.9,-2.6,0.0 (cmd -0.6),0.0 (cmd -0.4)
0.3285,-2.49,-0.6,0.0,-42.63,-0.41,0.0,-42.6,-2.5,0.0 (cmd -0.6),0.0 (cmd -0.4)
0.329,-2.09,-0.6,0.0,-45.62,-0.36,0.0,-45.6,-2.1,0.0 (cmd -0.6),0.0 (cmd -0.4)
0.3295,-1.99,-0.6,0.0,-45.76,-0.24,0.0,-45.8,-2.0,0.0 (cmd -0.6),0.0 (cmd -0.2)
0.33,-2.18,-0.6,0.0,-42.46,-0.07,0.0,-42.5,-2.2,0.0 (cmd -0.6),0.0 (cmd -0.1)
0.3305,-2.38,-0.6,0.0,-36.16,0.12,0.0,-36.2,-2.4,0.0 (cmd -0.6),0.0 (cmd 0.1)
0.331,-2.44,-0.54,0.0,-27.1,0.22,0.0,-27.1,-2.4,0.0 (cmd -0.5),0.0 (cmd 0.2)
0.3315,-2.89,-0.34,0.0,-15.61,0.29,0.0,-15.6,-2.9,0.0 (cmd -0.3),0.0 (cmd 0.3)
0.332,-4.0,-0.09,0.0,-6.74,0.3,0.0,-6.7,-4.0,0.0 (cmd -0.1),0.0 (cmd 0.3)
0.3325,-10.94,0.29,0.0,-3.43,0.31,0.0,-3.4,-10.9,0.0 (cmd 0.3),0.0 (cmd 0.3)
0.333,-17.95,0.6,0.0,-3.37,0.34,0.0,-3.4,-17.9,0.0 (cmd 0.6),0.0 (cmd 0.3)
0.3335,-38.63,0.6,0.0,-2.52,0.32,0.0,-2.5,-38.6,0.0 (cmd 0.6),0.0 (cmd 0.3)
0.334,-43.81,0.6,0.0,-1.71,0.41,0.0,-1.7,-43.8,0.0 (cmd 0.6),0.0 (cmd 0.4)
0.3345,-50.67,0.6,0.0,-0.41,0.39,0.0,-0.4,-50.7,0.0 (cmd 0.6),0.0 (cmd 0.4)
0.335,-54.35,0.6,0.0,0.85,0.38,0.0,0.8,-54.4,0.0 (cmd 0.6),0.0 (cmd 0.4)
0.3355,-54.96,0.6,0.0,1.53,0.35,0.0,1.5,-55.0,0.0 (cmd 0.6),0.0 (cmd 0.3)
0.336,-52.91,0.6,0.0,1.4,0.26,0.0,1.4,-52.9,0.0 (cmd 0.6),0.0 (cmd 0.3)
0.3365,-48.39,0.52,0.0,0.55,0.18,0.0,0.6,-48.4,0.0 (cmd 0.5),0.0 (cmd 0.2)
0.337,-43.24,0.05,0.0,-0.05,0.12,0.0,-0.1,-43.2,0.0 (cmd 0.1),0.0 (cmd 0.1)
0.3375,-33.01,-0.34,0.0,-1.04,0.08,0.0,-1.0,-33.0,0.0 (cmd -0.3),0.0 (cmd 0.1)
0.338,-26.18,-0.6,0.0,-2.95,0.03,0.0,-3.0,-26.2,0.0 (cmd -0.6),0.0 (cmd 0.0)
0.3385,-15.31,-0.6,0.0,-6.86,0.01,0.0,-6.9,-15.3,0.0 (cmd -0.6),0.0 (cmd 0.0)
0.339,-9.82,-0.6,0.0,-15.37,-0.03,0.0,-15.4,-9.8,0.0 (cmd -0.6),0.0 (cmd -0.0)
0.3395,-7.84,-0.6,0.0,-24.0,-0.13,0.0,-24.0,-7.8,0.0 (cmd -0.6),0.0 (cmd -0.1)
0.34,-6.72,-0.6,0.0,-32.31,-0.31,0.0,-32.3,-6.7,0.0 (cmd -0.6),0.0 (cmd -0.3)
0.3405,-5.82,-0.6,0.0,-39.72,-0.42,0.0,-39.7,-5.8,0.0 (cmd -0.6),0.0 (cmd -0.4)
0.341,-6.52,-0.6,0.0,-45.58,-0.4,0.0,-45.6,-6.5,0.0 (cmd -0.6),0.0 (cmd -0.4)
0.3415,-5.83,-0.6,0.0,-48.61,-0.33,0.0,-48.6,-5.8,0.0 (cmd -0.6),0.0 (cmd -0.3)
0.342,-5.17,-0.6,0.0,-48.54,-0.22,0.0,-48.5,-5.2,0.0 (cmd -0.6),0.0 (cmd -0.2)
0.3425,-4.2,-0.6,0.0,-45.55,-0.06,0.0,-45.5,-4.2,0.0 (cmd -0.6),0.0 (cmd -0.1)
0.343,-3.88,-0.6,0.0,-40.77,0.1,0.0,-40.8,-3.9,0.0 (cmd -0.6),0.0 (cmd 0.1)
0.3435,-3.99,-0.6,0.0,-30.98,0.18,0.0,-31.0,-4.0,0.0 (cmd -0.6),0.0 (cmd 0.2)
0.344,-4.05,-0.47,0.0,-20.21,0.27,0.0,-20.2,-4.0,0.0 (cmd -0.5),0.0 (cmd 0.3)
0.3445,-4.89,-0.18,0.0,-10.39,0.29,0.0,-10.4,-4.9,0.0 (cmd -0.2),0.0 (cmd 0.3)
0.345,-6.6,0.13,0.0,-4.6,0.3,0.0,-4.6,-6.6,0.0 (cmd 0.1),0.0 (cmd 0.3)
0.3455,-13.19,0.19,0.0,-3.97,0.28,0.0,-4.0,-13.2,0.0 (cmd 0.2),0.0 (cmd 0.3)
0.346,-17.24,0.6,0.0,-1.96,0.34,0.0,-2.0,-17.2,0.0 (cmd 0.6),0.0 (cmd 0.3)
0.3465,-27.48,0.6,0.0,-0.97,0.32,0.0,-1.0,-27.5,0.0 (cmd 0.6),0.0 (cmd 0.3)
0.347,-38.57,0.6,0.0,-0.01,0.31,0.0,-0.0,-38.6,0.0 (cmd 0.6),0.0 (cmd 0.3)
0.3475,-44.4,0.6,0.0,1.01,0.37,0.0,1.0,-44.4,0.0 (cmd 0.6),0.0 (cmd 0.4)
0.348,-45.84,0.6,0.0,1.65,0.33,0.0,1.6,-45.8,0.0 (cmd 0.6),0.0 (cmd 0.3)
0.3485,-44.7,0.6,0.0,1.57,0.27,0.0,1.6,-44.7,0.0 (cmd 0.6),0.0 (cmd 0.3)
0.349,-41.52,0.6,0.0,1.5,0.19,0.0,1.5,-41.5,0.0 (cmd 0.6),0.0 (cmd 0.2)
0.3495,-38.42,0.2,0.0,1.65,0.13,0.0,1.6,-38.4,0.0 (cmd 0.2),0.0 (cmd 0.1)
0.35,-34.7,-0.07,0.0,1.52,0.1,0.0,1.5,-34.7,0.0 (cmd -0.1),0.0 (cmd 0.1)
0.3505,-17.43,-0.47,0.0,1.43,0.06,0.0,1.4,-17.4,0.0 (cmd -0.5),0.0 (cmd 0.1)
0.351,-10.56,-0.6,0.0,0.97,0.03,0.0,1.0,-10.6,0.0 (cmd -0.6),0.0 (cmd 0.0)
0.3515,-8.32,-0.6,0.0,-0.06,0.03,0.0,-0.1,-8.3,0.0 (cmd -0.6),0.0 (cmd 0.0)
0.352,-5.77,-0.6,0.0,-0.89,0.01,0.0,-0.9,-5.8,0.0 (cmd -0.6),0.0 (cmd 0.0)
0.3525,-2.63,-0.6,0.0,-1.31,0.0,0.0,-1.3,-2.6,0.0 (cmd -0.6),0.0 (cmd 0.0)
0.353,-1.56,-0.6,0.0,-1.61,-0.02,0.0,-1.6,-1.6,0.0 (cmd -0.6),0.0 (cmd -0.0)
0.3535,-0.22,-0.6,0.0,-1.7,-0.03,0.0,-1.7,-0.2,0.0 (cmd -0.6),0.0 (cmd -0.0)
0.354,-0.11,-0.6,0.0,-1.83,-0.04,0.0,-1.8,-0.1,0.0 (cmd -0.6),0.0 (cmd -0.0)
0.3545,-0.09,-0.6,0.0,-2.5,-0.04,0.0,-2.5,-0.1,0.0 (cmd -0.6),0.0 (cmd -0.0)
0.355,0.0,-0.52,0.0,-3.32,-0.04,0.0,-3.3,0.0,0.0 (cmd -0.5),0.0 (cmd -0.0)
0.3555,0.13,-0.46,0.0,-3.98,-0.03,0.0,-4.0,0.1,0.0 (cmd -0.5),0.0 (cmd -0.0)
0.356,0.2,-0.42,0.0,-4.92,-0.02,0.0,-4.9,0.2,0.0 (cmd -0.4),0.0 (cmd -0.0)
0.3565,0.17,-0.39,0.0,-5.86,-0.02,0.0,-5.9,0.2,0.0 (cmd -0.4),0.0 (cmd -0.0)
0.357,-0.13,-0.35,0.0,-7.05,-0.01,0.0,-7.0,-0.1,0.0 (cmd -0.3),0.0 (cmd -0.0)
0.3575,-0.8,-0.32,0.0,-8.17,0.0,0.0,-8.2,-0.8,0.0 (cmd -0.3),0.0 (cmd 0.0)
0.358,-2.48,-0.26,0.0,-8.77,0.01,0.0,-8.8,-2.5,0.0 (cmd -0.3),0.0 (cmd 0.0)
0.3585,-3.31,-0.18,0.0,-8.83,0.04,0.0,-8.8,-3.3,0.0 (cmd -0.2),0.0 (cmd 0.0)
0.359,-3.53,-0.17,0.0,-8.78,0.06,0.0,-8.8,-3.5,0.0 (cmd -0.2),0.0 (cmd 0.1)
0.3595,-3.73,-0.18,0.0,-8.83,0.06,0.0,-8.8,-3.7,0.0 (cmd -0.2),0.0 (cmd 0.1)
0.36,-4.12,-0.19,0.0,-9.07,0.07,0.0,-9.1,-4.1,0.0 (cmd -0.2),0.0 (cmd 0.1)
0.3605,-4.42,-0.17,0.0,-9.18,0.07,0.0,-9.2,-4.4,0.0 (cmd -0.2),0.0 (cmd 0.1)
0.361,-4.4,-0.18,0.0,-9.42,0.07,0.0,-9.4,-4.4,0.0 (cmd -0.2),0.0 (cmd 0.1)
0.3615,-4.0,-0.21,0.0,-10.0,0.07,0.0,-10.0,-4.0,0.0 (cmd -0.2),0.0 (cmd 0.1)
0.362,-3.68,-0.25,0.0,-10.9,0.06,0.0,-10.9,-3.7,0.0 (cmd -0.2),0.0 (cmd 0.1)
0.3625,-3.6,-0.27,0.0,-12.19,0.06,0.0,-12.2,-3.6,0.0 (cmd -0.3),0.0 (cmd 0.1)
0.363,-3.66,-0.29,0.0,-13.15,0.06,0.0,-13.2,-3.7,0.0 (cmd -0.3),0.0 (cmd 0.1)
0.3635,-3.68,-0.29,0.0,-13.08,0.06,0.0,-13.1,-3.7,0.0 (cmd -0.3),0.0 (cmd 0.1)
0.364,-3.67,-0.29,0.0,-11.96,0.08,0.0,-12.0,-3.7,0.0 (cmd -0.3),0.0 (cmd 0.1)
0.3645,-3.57,-0.26,0.0,-10.02,0.1,0.0,-10.0,-3.6,0.0 (cmd -0.3),0.0 (cmd 0.1)
0.365,-3.55,-0.23,0.0,-7.44,0.11,0.0,-7.4,-3.5,0.0 (cmd -0.2),0.0 (cmd 0.1)
0.3655,-3.5,-0.2,0.0,-4.94,0.12,0.0,-4.9,-3.5,0.0 (cmd -0.2),0.0 (cmd 0.1)
0.366,-3.48,-0.17,0.0,-2.92,0.12,0.0,-2.9,-3.5,0.0 (cmd -0.2),0.0 (cmd 0.1)
0.3665,-3.52,-0.14,0.0,-0.62,0.13,0.0,-0.6,-3.5,0.0 (cmd -0.1),0.0 (cmd 0.1)
0.367,-3.73,-0.12,0.0,0.33,0.12,0.0,0.3,-3.7,0.0 (cmd -0.1),0.0 (cmd 0.1)
0.3675,-4.84,-0.07,0.0,0.43,0.11,0.0,0.4,-4.8,0.0 (cmd -0.1),0.0 (cmd 0.1)
0.368,-6.01,-0.03,0.0,0.11,0.1,0.0,0.1,-6.0,0.0 (cmd -0.0),0.0 (cmd 0.1)
0.3685,-9.14,0.04,0.0,-0.19,0.1,0.0,-0.2,-9.1,0.0 (cmd 0.0),0.0 (cmd 0.1)
0.369,-11.87,0.12,0.0,-0.57,0.1,0.0,-0.6,-11.9,0.0 (cmd 0.1),0.0 (cmd 0.1)
0.3695,-15.46,0.3,0.0,-0.84,0.12,0.0,-0.8,-15.5,0.0 (cmd 0.3),0.0 (cmd 0.1)
0.37,-18.92,0.38,0.0,-1.03,0.13,0.0,-1.0,-18.9,0.0 (cmd 0.4),0.0 (cmd 0.1)
0.3705,-20.3,0.39,0.0,-0.5,0.12,0.0,-0.5,-20.3,0.0 (cmd 0.4),0.0 (cmd 0.1)
0.371,-21.14,0.36,0.0,0.07,0.12,0.0,0.1,-21.1,0.0 (cmd 0.4),0.0 (cmd 0.1)
0.3715,-21.04,0.28,0.0,0.32,0.11,0.0,0.3,-21.0,0.0 (cmd 0.3),0.0 (cmd 0.1)
0.372,-18.78,0.15,0.0,0.04,0.09,0.0,0.0,-18.8,0.0 (cmd 0.1),0.0 (cmd 0.1)
0.3725,-16.45,-0.1,0.0,-0.58,0.04,0.0,-0.6,-16.4,0.0 (cmd -0.1),0.0 (cmd 0.0)
0.373,-15.54,-0.21,0.0,-2.68,0.02,0.0,-2.7,-15.5,0.0 (cmd -0.2),0.0 (cmd 0.0)
0.37439999999999996,-13.85,-0.21,0.0,-3.87,0.02,0.0,-3.9,-13.8,0.0 (cmd -0.2),0.0 (cmd 0.0)
0.3749,-11.18,-0.46,0.0,-16.28,-0.17,0.0,-16.3,-11.2,0.0 (cmd -0.5),0.0 (cmd -0.2)
0.37579999999999997,-10.83,-0.48,0.0,-18.85,-0.16,0.0,-18.9,-10.8,0.0 (cmd -0.5),0.0 (cmd -0.2)
0.3774,-6.11,-0.5,0.0,-29.96,-0.19,0.0,-30.0,-6.1,0.0 (cmd -0.5),0.0 (cmd -0.2)
0.37789999999999996,-0.22,-0.6,0.0,-32.47,-0.59,0.0,-32.5,-0.2,0.0 (cmd -0.6),0.0 (cmd -0.6)
0.3784,0.49,-0.6,0.0,-31.13,-0.35,0.0,-31.1,0.5,0.0 (cmd -0.6),0.0 (cmd -0.3)
0.37889999999999996,1.63,-0.6,0.0,-27.91,-0.15,0.0,-27.9,1.6,0.0 (cmd -0.6),0.0 (cmd -0.1)
0.37939999999999996,2.5,-0.6,0.0,-22.05,0.0,0.0,-22.1,2.5,0.0 (cmd -0.6),0.0 (cmd 0.0)
0.3799,3.03,-0.6,0.0,-17.96,0.1,0.0,-18.0,3.0,0.0 (cmd -0.6),0.0 (cmd 0.1)
0.38039999999999996,3.77,-0.59,0.0,-10.17,0.15,0.0,-10.2,3.8,0.0 (cmd -0.6),0.0 (cmd 0.1)
0.3809,3.83,-0.44,0.0,-3.74,0.18,0.0,-3.7,3.8,0.0 (cmd -0.4),0.0 (cmd 0.2)
0.38139999999999996,3.42,-0.32,0.0,-2.42,0.17,0.0,-2.4,3.4,0.0 (cmd -0.3),0.0 (cmd 0.2)
0.38189999999999996,2.63,-0.3,0.0,-3.64,0.16,0.0,-3.6,2.6,0.0 (cmd -0.3),0.0 (cmd 0.2)
0.3824,1.56,-0.24,0.0,-4.46,0.14,0.0,-4.5,1.6,0.0 (cmd -0.2),0.0 (cmd 0.1)
0.38289999999999996,-1.11,-0.13,0.0,-3.16,0.14,0.0,-3.2,-1.1,0.0 (cmd -0.1),0.0 (cmd 0.1)
0.3834,-3.71,0.03,0.0,-1.5,0.17,0.0,-1.5,-3.7,0.0 (cmd 0.0),0.0 (cmd 0.2)
0.38389999999999996,-10.64,0.08,0.0,1.97,0.17,0.0,2.0,-10.6,0.0 (cmd 0.1),0.0 (cmd 0.2)
0.38439999999999996,-15.67,0.56,0.0,3.08,0.23,0.0,3.1,-15.7,0.0 (cmd 0.6),0.0 (cmd 0.2)
0.3849,-23.15,0.6,0.0,3.07,0.22,0.0,3.1,-23.1,0.0 (cmd 0.6),0.0 (cmd 0.2)
0.38539999999999996,-28.9,0.6,0.0,3.3,0.25,0.0,3.3,-28.9,0.0 (cmd 0.6),0.0 (cmd 0.2)
0.3859,-31.66,0.6,0.0,4.21,0.24,0.0,4.2,-31.7,0.0 (cmd 0.6),0.0 (cmd 0.2)
0.38639999999999997,-34.54,0.6,0.0,4.88,0.23,0.0,4.9,-34.5,0.0 (cmd 0.6),0.0 (cmd 0.2)
0.38689999999999997,-35.66,0.6,0.0,5.51,0.22,0.0,5.5,-35.7,0.0 (cmd 0.6),0.0 (cmd 0.2)
0.3874,-34.9,0.6,0.0,5.93,0.18,0.0,5.9,-34.9,0.0 (cmd 0.6),0.0 (cmd 0.2)
0.38789999999999997,-32.72,0.35,0.0,6.73,0.15,0.0,6.7,-32.7,0.0 (cmd 0.3),0.0 (cmd 0.1)
0.3884,-28.22,0.06,0.0,7.66,0.12,0.0,7.7,-28.2,0.0 (cmd 0.1),0.0 (cmd 0.1)
0.38889999999999997,-23.39,-0.31,0.0,8.62,0.08,0.0,8.6,-23.4,0.0 (cmd -0.3),0.0 (cmd 0.1)
0.38939999999999997,-18.59,-0.43,0.0,9.58,0.08,0.0,9.6,-18.6,0.0 (cmd -0.4),0.0 (cmd 0.1)
0.3899,-17.85,-0.56,0.0,10.06,0.07,0.0,10.1,-17.9,0.0 (cmd -0.6),0.0 (cmd 0.1)
0.39039999999999997,-16.41,-0.53,0.0,10.46,0.08,0.0,10.5,-16.4,0.0 (cmd -0.5),0.0 (cmd 0.1)
0.3909,-15.32,-0.49,0.0,10.27,0.08,0.0,10.3,-15.3,0.0 (cmd -0.5),0.0 (cmd 0.1)
0.39139999999999997,-13.13,-0.51,0.0,9.31,0.08,0.0,9.3,-13.1,0.0 (cmd -0.5),0.0 (cmd 0.1)
0.39189999999999997,-13.73,-0.42,0.0,6.57,0.08,0.0,6.6,-13.7,0.0 (cmd -0.4),0.0 (cmd 0.1)
0.3924,-13.84,-0.34,0.0,1.02,0.06,0.0,1.0,-13.8,0.0 (cmd -0.3),0.0 (cmd 0.1)
0.39289999999999997,-13.78,-0.33,0.0,-5.03,0.0,0.0,-5.0,-13.8,0.0 (cmd -0.3),0.0 (cmd 0.0)
0.3934,-13.75,-0.33,0.0,-9.99,-0.08,0.0,-10.0,-13.8,0.0 (cmd -0.3),0.0 (cmd -0.1)
0.3939,-13.3,-0.32,0.0,-14.24,-0.15,0.0,-14.2,-13.3,0.0 (cmd -0.3),0.0 (cmd -0.1)
0.3944,-11.53,-0.38,0.0,-18.12,-0.17,0.0,-18.1,-11.5,0.0 (cmd -0.4),0.0 (cmd -0.2)
0.39490000000000003,-8.95,-0.47,0.0,-20.02,-0.17,0.0,-20.0,-8.9,0.0 (cmd -0.5),0.0 (cmd -0.2)
0.3954,-6.36,-0.6,0.0,-20.1,-0.14,0.0,-20.1,-6.4,0.0 (cmd -0.6),0.0 (cmd -0.1)
0.39590000000000003,-5.32,-0.6,0.0,-18.0,-0.06,0.0,-18.0,-5.3,0.0 (cmd -0.6),0.0 (cmd -0.1)
0.3964,-3.29,-0.58,0.0,-14.6,0.0,0.0,-14.6,-3.3,0.0 (cmd -0.6),0.0 (cmd 0.0)
0.3969,-1.15,-0.6,0.0,-14.03,0.03,0.0,-14.0,-1.1,0.0 (cmd -0.6),0.0 (cmd 0.0)
0.39740000000000003,-0.21,-0.6,0.0,-17.81,0.01,0.0,-17.8,-0.2,0.0 (cmd -0.6),0.0 (cmd 0.0)
0.3979,0.37,-0.6,0.0,-20.99,0.0,0.0,-21.0,0.4,0.0 (cmd -0.6),0.0 (cmd 0.0)
0.39840000000000003,0.18,-0.6,0.0,-22.16,0.01,0.0,-22.2,0.2,0.0 (cmd -0.6),0.0 (cmd 0.0)
0.3989,-0.01,-0.57,0.0,-20.8,0.05,0.0,-20.8,-0.0,0.0 (cmd -0.6),0.0 (cmd 0.1)
0.3994,-0.15,-0.5,0.0,-18.24,0.1,0.0,-18.2,-0.1,0.0 (cmd -0.5),0.0 (cmd 0.1)
0.39990000000000003,0.09,-0.44,0.0,-14.87,0.13,0.0,-14.9,0.1,0.0 (cmd -0.4),0.0 (cmd 0.1)
0.4004,0.24,-0.37,0.0,-11.87,0.16,0.0,-11.9,0.2,0.0 (cmd -0.4),0.0 (cmd 0.2)
0.40090000000000003,-0.04,-0.34,0.0,-12.0,0.16,0.0,-12.0,-0.0,0.0 (cmd -0.3),0.0 (cmd 0.2)
0.4014,-1.15,-0.3,0.0,-9.48,0.16,0.0,-9.5,-1.1,0.0 (cmd -0.3),0.0 (cmd 0.2)
0.4019,-2.61,-0.21,0.0,-7.59,0.17,0.0,-7.6,-2.6,0.0 (cmd -0.2),0.0 (cmd 0.2)
0.40240000000000004,-5.28,-0.06,0.0,-6.55,0.19,0.0,-6.5,-5.3,0.0 (cmd -0.1),0.0 (cmd 0.2)
0.4029,-7.7,0.04,0.0,-5.94,0.19,0.0,-5.9,-7.7,0.0 (cmd 0.0),0.0 (cmd 0.2)
0.40340000000000004,-10.2,0.09,0.0,-5.37,0.18,0.0,-5.4,-10.2,0.0 (cmd 0.1),0.0 (cmd 0.2)
0.4039,-10.79,0.15,0.0,-4.57,0.17,0.0,-4.6,-10.8,0.0 (cmd 0.1),0.0 (cmd 0.2)
0.4044,-14.09,0.2,0.0,-3.89,0.17,0.0,-3.9,-14.1,0.0 (cmd 0.2),0.0 (cmd 0.2)
0.40490000000000004,-14.21,0.27,0.0,-3.21,0.16,0.0,-3.2,-14.2,0.0 (cmd 0.3),0.0 (cmd 0.2)
0.4054,-14.4,0.15,0.0,-2.5,0.14,0.0,-2.5,-14.4,0.0 (cmd 0.1),0.0 (cmd 0.1)
0.40590000000000004,-14.48,0.11,0.0,-2.17,0.12,0.0,-2.2,-14.5,0.0 (cmd 0.1),0.0 (cmd 0.1)
0.4064,-14.67,0.08,0.0,-0.93,0.11,0.0,-0.9,-14.7,0.0 (cmd 0.1),0.0 (cmd 0.1)
0.4069,-13.87,0.05,0.0,0.87,0.1,0.0,0.9,-13.9,0.0 (cmd 0.1),0.0 (cmd 0.1)
0.40740000000000004,-13.1,-0.02,0.0,1.8,0.09,0.0,1.8,-13.1,0.0 (cmd -0.0),0.0 (cmd 0.1)
0.4079,-11.13,-0.13,0.0,1.54,0.07,0.0,1.5,-11.1,0.0 (cmd -0.1),0.0 (cmd 0.1)
0.40840000000000004,-9.57,-0.23,0.0,0.52,0.04,0.0,0.5,-9.6,0.0 (cmd -0.2),0.0 (cmd 0.0)
0.4089,-7.68,-0.29,0.0,-0.45,0.02,0.0,-0.5,-7.7,0.0 (cmd -0.3),0.0 (cmd 0.0)
0.4094,-6.15,-0.4,0.0,-1.02,0.0,0.0,-1.0,-6.2,0.0 (cmd -0.4),0.0 (cmd 0.0)
0.40990000000000004,-4.93,-0.39,0.0,-1.69,0.0,0.0,-1.7,-4.9,0.0 (cmd -0.4),0.0 (cmd 0.0)
0.4104,-4.66,-0.42,0.0,-3.0,-0.02,0.0,-3.0,-4.7,0.0 (cmd -0.4),0.0 (cmd -0.0)
0.41090000000000004,-4.63,-0.37,0.0,-4.38,-0.02,0.0,-4.4,-4.6,0.0 (cmd -0.4),0.0 (cmd -0.0)
0.4114,-4.29,-0.35,0.0,-7.97,-0.03,0.0,-8.0,-4.3,0.0 (cmd -0.3),0.0 (cmd -0.0)
0.4119,-4.0,-0.37,0.0,-11.45,-0.05,0.0,-11.4,-4.0,0.0 (cmd -0.4),0.0 (cmd -0.1)
0.41240000000000004,-3.66,-0.4,0.0,-14.26,-0.06,0.0,-14.3,-3.7,0.0 (cmd -0.4),0.0 (cmd -0.1)
0.4129,-3.52,-0.41,0.0,-16.69,-0.05,0.0,-16.7,-3.5,0.0 (cmd -0.4),0.0 (cmd -0.1)
0.41340000000000005,-3.16,-0.42,0.0,-18.69,-0.04,0.0,-18.7,-3.2,0.0 (cmd -0.4),0.0 (cmd -0.0)
0.4139,-2.81,-0.44,0.0,-20.02,-0.01,0.0,-20.0,-2.8,0.0 (cmd -0.4),0.0 (cmd -0.0)
0.4144,-2.4,-0.44,0.0,-20.67,0.01,0.0,-20.7,-2.4,0.0 (cmd -0.4),0.0 (cmd 0.0)
0.41490000000000005,-2.18,-0.46,0.0,-21.03,0.03,0.0,-21.0,-2.2,0.0 (cmd -0.5),0.0 (cmd 0.0)
0.4154,-2.04,-0.45,0.0,-21.58,0.06,0.0,-21.6,-2.0,0.0 (cmd -0.5),0.0 (cmd 0.1)
0.41590000000000005,-1.72,-0.45,0.0,-21.19,0.08,0.0,-21.2,-1.7,0.0 (cmd -0.5),0.0 (cmd 0.1)
0.4164,-1.18,-0.45,0.0,-20.41,0.1,0.0,-20.4,-1.2,0.0 (cmd -0.5),0.0 (cmd 0.1)
0.4169,-0.7,-0.46,0.0,-19.56,0.12,0.0,-19.6,-0.7,0.0 (cmd -0.5),0.0 (cmd 0.1)
0.41740000000000005,-0.44,-0.43,0.0,-18.77,0.13,0.0,-18.8,-0.4,0.0 (cmd -0.4),0.0 (cmd 0.1)
0.4179,0.22,-0.44,0.0,-18.39,0.13,0.0,-18.4,0.2,0.0 (cmd -0.4),0.0 (cmd 0.1)
0.41840000000000005,1.38,-0.47,0.0,-17.6,0.13,0.0,-17.6,1.4,0.0 (cmd -0.5),0.0 (cmd 0.1)
0.4189,1.95,-0.47,0.0,-16.42,0.14,0.0,-16.4,1.9,0.0 (cmd -0.5),0.0 (cmd 0.1)
0.4194,2.94,-0.46,0.0,-14.62,0.14,0.0,-14.6,2.9,0.0 (cmd -0.5),0.0 (cmd 0.1)
0.41990000000000005,3.66,-0.45,0.0,-12.42,0.14,0.0,-12.4,3.7,0.0 (cmd -0.5),0.0 (cmd 0.1)
0.4204,4.21,-0.41,0.0,-10.56,0.15,0.0,-10.6,4.2,0.0 (cmd -0.4),0.0 (cmd 0.1)
0.42090000000000005,5.02,-0.42,0.0,-10.31,0.14,0.0,-10.3,5.0,0.0 (cmd -0.4),0.0 (cmd 0.1)
0.4214,5.42,-0.43,0.0,-10.24,0.13,0.0,-10.2,5.4,0.0 (cmd -0.4),0.0 (cmd 0.1)
0.4219,5.14,-0.4,0.0,-8.78,0.13,0.0,-8.8,5.1,0.0 (cmd -0.4),0.0 (cmd 0.1)
0.42240000000000005,2.79,-0.32,0.0,-7.88,0.14,0.0,-7.9,2.8,0.0 (cmd -0.3),0.0 (cmd 0.1)
0.4229,-6.97,-0.15,0.0,-7.54,0.16,0.0,-7.5,-7.0,0.0 (cmd -0.1),0.0 (cmd 0.2)
0.42340000000000005,-8.87,0.3,0.0,-7.07,0.23,0.0,-7.1,-8.9,0.0 (cmd 0.3),0.0 (cmd 0.2)
0.4239,-15.4,0.45,0.0,-4.66,0.24,0.0,-4.7,-15.4,0.0 (cmd 0.5),0.0 (cmd 0.2)
0.4244,-23.34,0.6,0.0,-2.43,0.28,0.0,-2.4,-23.3,0.0 (cmd 0.6),0.0 (cmd 0.3)
0.42490000000000006,-26.45,0.6,0.0,0.52,0.27,0.0,0.5,-26.4,0.0 (cmd 0.6),0.0 (cmd 0.3)
0.4254,-29.38,0.6,0.0,2.48,0.29,0.0,2.5,-29.4,0.0 (cmd 0.6),0.0 (cmd 0.3)
0.42590000000000006,-30.9,0.6,0.0,3.46,0.25,0.0,3.5,-30.9,0.0 (cmd 0.6),0.0 (cmd 0.2)
0.4264,-30.02,0.6,0.0,3.36,0.2,0.0,3.4,-30.0,0.0 (cmd 0.6),0.0 (cmd 0.2)
0.4269,-28.54,0.44,0.0,3.99,0.16,0.0,4.0,-28.5,0.0 (cmd 0.4),0.0 (cmd 0.2)
0.42740000000000006,-25.78,0.2,0.0,4.48,0.13,0.0,4.5,-25.8,0.0 (cmd 0.2),0.0 (cmd 0.1)
0.4279,-23.04,-0.06,0.0,4.75,0.09,0.0,4.8,-23.0,0.0 (cmd -0.1),0.0 (cmd 0.1)
0.42840000000000006,-22.39,-0.16,0.0,5.07,0.08,0.0,5.1,-22.4,0.0 (cmd -0.2),0.0 (cmd 0.1)
0.4289,-20.94,-0.21,0.0,4.92,0.07,0.0,4.9,-20.9,0.0 (cmd -0.2),0.0 (cmd 0.1)
0.4294,-16.55,-0.44,0.0,2.49,0.05,0.0,2.5,-16.6,0.0 (cmd -0.4),0.0 (cmd 0.1)
0.42990000000000006,-17.53,-0.42,0.0,-0.94,0.03,0.0,-0.9,-17.5,0.0 (cmd -0.4),0.0 (cmd 0.0)
0.4304,-16.13,-0.37,0.0,-6.32,-0.01,0.0,-6.3,-16.1,0.0 (cmd -0.4),0.0 (cmd -0.0)
0.43090000000000006,-14.85,-0.43,0.0,-13.24,-0.08,0.0,-13.2,-14.8,0.0 (cmd -0.4),0.0 (cmd -0.1)
0.43139999999999995,-13.74,-0.44,0.0,-19.55,-0.13,0.0,-19.6,-13.7,0.0 (cmd -0.4),0.0 (cmd -0.1)
0.43189999999999995,-12.72,-0.5,0.0,-25.12,-0.19,0.0,-25.1,-12.7,0.0 (cmd -0.5),0.0 (cmd -0.2)
0.4324,-11.24,-0.55,0.0,-28.81,-0.23,0.0,-28.8,-11.2,0.0 (cmd -0.6),0.0 (cmd -0.2)
0.43289999999999995,-9.56,-0.6,0.0,-33.35,-0.22,0.0,-33.4,-9.6,0.0 (cmd -0.6),0.0 (cmd -0.2)
0.4334,-8.85,-0.6,0.0,-34.96,-0.17,0.0,-35.0,-8.8,0.0 (cmd -0.6),0.0 (cmd -0.2)
0.43389999999999995,-7.44,-0.6,0.0,-34.92,-0.08,0.0,-34.9,-7.4,0.0 (cmd -0.6),0.0 (cmd -0.1)
0.43439999999999995,-6.1,-0.6,0.0,-33.7,0.0,0.0,-33.7,-6.1,0.0 (cmd -0.6),0.0 (cmd 0.0)
0.4349,-5.02,-0.6,0.0,-31.89,0.09,0.0,-31.9,-5.0,0.0 (cmd -0.6),0.0 (cmd 0.1)
0.43539999999999995,-4.22,-0.6,0.0,-23.67,0.13,0.0,-23.7,-4.2,0.0 (cmd -0.6),0.0 (cmd 0.1)
0.4359,-3.27,-0.54,0.0,-17.52,0.19,0.0,-17.5,-3.3,0.0 (cmd -0.5),0.0 (cmd 0.2)
0.43639999999999995,-2.02,-0.43,0.0,-8.71,0.21,0.0,-8.7,-2.0,0.0 (cmd -0.4),0.0 (cmd 0.2)
0.43689999999999996,-1.55,-0.26,0.0,-2.74,0.21,0.0,-2.7,-1.6,0.0 (cmd -0.3),0.0 (cmd 0.2)
0.4374,-1.33,-0.18,0.0,-0.85,0.2,0.0,-0.8,-1.3,0.0 (cmd -0.2),0.0 (cmd 0.2)
0.43789999999999996,-1.56,-0.19,0.0,-0.5,0.18,0.0,-0.5,-1.6,0.0 (cmd -0.2),0.0 (cmd 0.2)
0.4384,-2.48,-0.17,0.0,0.18,0.16,0.0,0.2,-2.5,0.0 (cmd -0.2),0.0 (cmd 0.2)
0.43889999999999996,-3.84,-0.14,0.0,0.43,0.15,0.0,0.4,-3.8,0.0 (cmd -0.1),0.0 (cmd 0.1)
0.43939999999999996,-5.58,0.0,0.0,0.66,0.15,0.0,0.7,-5.6,0.0 (cmd 0.0),0.0 (cmd 0.1)
0.4399,-12.91,0.14,0.0,0.8,0.15,0.0,0.8,-12.9,0.0 (cmd 0.1),0.0 (cmd 0.1)
0.44039999999999996,-21.51,0.53,0.0,0.88,0.19,0.0,0.9,-21.5,0.0 (cmd 0.5),0.0 (cmd 0.2)
0.4409,-26.21,0.6,0.0,0.43,0.22,0.0,0.4,-26.2,0.0 (cmd 0.6),0.0 (cmd 0.2)
0.44139999999999996,-29.97,0.6,0.0,0.11,0.19,0.0,0.1,-30.0,0.0 (cmd 0.6),0.0 (cmd 0.2)
0.44189999999999996,-36.42,0.6,0.0,-0.03,0.2,0.0,-0.0,-36.4,0.0 (cmd 0.6),0.0 (cmd 0.2)
0.4424,-36.42,0.6,0.0,-0.13,0.19,0.0,-0.1,-36.4,0.0 (cmd 0.6),0.0 (cmd 0.2)
0.44289999999999996,-40.72,0.6,0.0,-0.18,0.18,0.0,-0.2,-40.7,0.0 (cmd 0.6),0.0 (cmd 0.2)
0.4434,-42.04,0.6,0.0,-0.05,0.17,0.0,-0.1,-42.0,0.0 (cmd 0.6),0.0 (cmd 0.2)
0.44389999999999996,-41.14,0.55,0.0,-0.05,0.15,0.0,-0.1,-41.1,0.0 (cmd 0.6),0.0 (cmd 0.1)
0.44439999999999996,-37.3,0.21,0.0,-0.27,0.11,0.0,-0.3,-37.3,0.0 (cmd 0.2),0.0 (cmd 0.1)
0.4449,-35.37,0.0,0.0,-0.8,0.09,0.0,-0.8,-35.4,0.0 (cmd 0.0),0.0 (cmd 0.1)
0.44539999999999996,-34.3,-0.09,0.0,-1.65,0.07,0.0,-1.6,-34.3,0.0 (cmd -0.1),0.0 (cmd 0.1)
0.4459,-31.94,-0.22,0.0,-6.66,0.04,0.0,-6.7,-31.9,0.0 (cmd -0.2),0.0 (cmd 0.0)
0.44639999999999996,-23.56,-0.48,0.0,-10.99,0.0,0.0,-11.0,-23.6,0.0 (cmd -0.5),0.0 (cmd 0.0)
0.44689999999999996,-16.97,-0.6,0.0,-17.07,-0.09,0.0,-17.1,-17.0,0.0 (cmd -0.6),0.0 (cmd -0.1)
0.4474,-15.79,-0.6,0.0,-21.5,-0.14,0.0,-21.5,-15.8,0.0 (cmd -0.6),0.0 (cmd -0.1)
0.44789999999999996,-15.66,-0.6,0.0,-27.37,-0.17,0.0,-27.4,-15.7,0.0 (cmd -0.6),0.0 (cmd -0.2)
0.4484,-16.29,-0.6,0.0,-33.41,-0.2,0.0,-33.4,-16.3,0.0 (cmd -0.6),0.0 (cmd -0.2)
0.44889999999999997,-14.89,-0.6,0.0,-36.62,-0.16,0.0,-36.6,-14.9,0.0 (cmd -0.6),0.0 (cmd -0.2)
0.44939999999999997,-14.71,-0.6,0.0,-37.1,-0.1,0.0,-37.1,-14.7,0.0 (cmd -0.6),0.0 (cmd -0.1)
0.4499,-14.77,-0.6,0.0,-37.71,-0.01,0.0,-37.7,-14.8,0.0 (cmd -0.6),0.0 (cmd -0.0)
0.45039999999999997,-13.82,-0.6,0.0,-35.57,0.06,0.0,-35.6,-13.8,0.0 (cmd -0.6),0.0 (cmd 0.1)
0.4509,-12.24,-0.58,0.0,-29.83,0.11,0.0,-29.8,-12.2,0.0 (cmd -0.6),0.0 (cmd 0.1)
0.45139999999999997,-9.64,-0.6,0.0,-26.03,0.15,0.0,-26.0,-9.6,0.0 (cmd -0.6),0.0 (cmd 0.1)
0.45189999999999997,-8.97,-0.6,0.0,-14.4,0.16,0.0,-14.4,-9.0,0.0 (cmd -0.6),0.0 (cmd 0.2)
0.4524,-8.65,-0.3,0.0,-6.61,0.21,0.0,-6.6,-8.7,0.0 (cmd -0.3),0.0 (cmd 0.2)
0.45289999999999997,-7.51,-0.15,0.0,-2.14,0.22,0.0,-2.1,-7.5,0.0 (cmd -0.1),0.0 (cmd 0.2)
0.4534,-6.88,-0.21,0.0,-0.86,0.19,0.0,-0.9,-6.9,0.0 (cmd -0.2),0.0 (cmd 0.2)
0.45389999999999997,-6.05,-0.25,0.0,-1.58,0.16,0.0,-1.6,-6.0,0.0 (cmd -0.2),0.0 (cmd 0.2)
0.45439999999999997,-5.78,-0.28,0.0,-1.69,0.14,0.0,-1.7,-5.8,0.0 (cmd -0.3),0.0 (cmd 0.1)
0.4549,-5.86,-0.28,0.0,-2.93,0.11,0.0,-2.9,-5.9,0.0 (cmd -0.3),0.0 (cmd 0.1)
0.45539999999999997,-5.87,-0.27,0.0,-3.87,0.08,0.0,-3.9,-5.9,0.0 (cmd -0.3),0.0 (cmd 0.1)
0.4559,-5.91,-0.25,0.0,-3.52,0.07,0.0,-3.5,-5.9,0.0 (cmd -0.2),0.0 (cmd 0.1)
0.4564,-6.4,-0.22,0.0,-3.0,0.07,0.0,-3.0,-6.4,0.0 (cmd -0.2),0.0 (cmd 0.1)
0.4569,-7.46,-0.16,0.0,-2.48,0.07,0.0,-2.5,-7.5,0.0 (cmd -0.2),0.0 (cmd 0.1)
0.45740000000000003,-9.36,-0.09,0.0,-1.83,0.08,0.0,-1.8,-9.4,0.0 (cmd -0.1),0.0 (cmd 0.1)
0.4579,-14.2,0.04,0.0,-1.41,0.1,0.0,-1.4,-14.2,0.0 (cmd 0.0),0.0 (cmd 0.1)
0.45840000000000003,-18.32,0.31,0.0,-1.35,0.14,0.0,-1.4,-18.3,0.0 (cmd 0.3),0.0 (cmd 0.1)
0.4589,-24.44,0.6,0.0,-1.35,0.17,0.0,-1.4,-24.4,0.0 (cmd 0.6),0.0 (cmd 0.2)
0.4594,-31.06,0.59,0.0,-1.57,0.16,0.0,-1.6,-31.1,0.0 (cmd 0.6),0.0 (cmd 0.2)
0.45990000000000003,-32.65,0.6,0.0,-1.69,0.18,0.0,-1.7,-32.6,0.0 (cmd 0.6),0.0 (cmd 0.2)
0.4604,-33.84,0.6,0.0,-1.49,0.16,0.0,-1.5,-33.8,0.0 (cmd 0.6),0.0 (cmd 0.2)
0.46090000000000003,-34.77,0.55,0.0,-0.84,0.14,0.0,-0.8,-34.8,0.0 (cmd 0.6),0.0 (cmd 0.1)
0.4614,-35.25,0.44,0.0,-0.25,0.13,0.0,-0.2,-35.2,0.0 (cmd 0.4),0.0 (cmd 0.1)
0.4619,-31.94,0.28,0.0,0.3,0.12,0.0,0.3,-31.9,0.0 (cmd 0.3),0.0 (cmd 0.1)
0.46240000000000003,-31.62,0.03,0.0,0.38,0.09,0.0,0.4,-31.6,0.0 (cmd 0.0),0.0 (cmd 0.1)
0.4629,-27.2,-0.07,0.0,0.11,0.08,0.0,0.1,-27.2,0.0 (cmd -0.1),0.0 (cmd 0.1)
0.46340000000000003,-21.82,-0.41,0.0,-0.13,0.04,0.0,-0.1,-21.8,0.0 (cmd -0.4),0.0 (cmd 0.0)
0.4639,-17.76,-0.53,0.0,-0.41,0.03,0.0,-0.4,-17.8,0.0 (cmd -0.5),0.0 (cmd 0.0)
0.4644,-16.41,-0.6,0.0,-0.69,0.02,0.0,-0.7,-16.4,0.0 (cmd -0.6),0.0 (cmd 0.0)
0.46490000000000004,-15.08,-0.59,0.0,-0.99,0.01,0.0,-1.0,-15.1,0.0 (cmd -0.6),0.0 (cmd 0.0)
0.4654,-14.62,-0.53,0.0,-1.06,0.01,0.0,-1.1,-14.6,0.0 (cmd -0.5),0.0 (cmd 0.0)
0.46590000000000004,-13.41,-0.48,0.0,-1.09,0.0,0.0,-1.1,-13.4,0.0 (cmd -0.5),0.0 (cmd 0.0)
0.4664,-12.18,-0.46,0.0,-1.28,0.0,0.0,-1.3,-12.2,0.0 (cmd -0.5),0.0 (cmd 0.0)
0.4669,-10.22,-0.47,0.0,-1.21,0.0,0.0,-1.2,-10.2,0.0 (cmd -0.5),0.0 (cmd 0.0)
0.46740000000000004,-9.35,-0.48,0.0,-1.42,0.0,0.0,-1.4,-9.3,0.0 (cmd -0.5),0.0 (cmd 0.0)
0.4679,-5.6,-0.6,0.0,-1.53,-0.01,0.0,-1.5,-5.6,0.0 (cmd -0.6),0.0 (cmd -0.0)
0.46840000000000004,-3.65,-0.58,0.0,-1.39,-0.02,0.0,-1.4,-3.6,0.0 (cmd -0.6),0.0 (cmd -0.0)
0.4689,-1.04,-0.6,0.0,-1.36,-0.02,0.0,-1.4,-1.0,0.0 (cmd -0.6),0.0 (cmd -0.0)
0.4694,-1.21,-0.59,0.0,-1.31,-0.03,0.0,-1.3,-1.2,0.0 (cmd -0.6),0.0 (cmd -0.0)
0.46990000000000004,-1.4,-0.48,0.0,-1.22,-0.01,0.0,-1.2,-1.4,0.0 (cmd -0.5),0.0 (cmd -0.0)
0.4704,-1.32,-0.41,0.0,-1.18,0.0,0.0,-1.2,-1.3,0.0 (cmd -0.4),0.0 (cmd 0.0)
0.47090000000000004,-1.05,-0.37,0.0,-0.99,0.0,0.0,-1.0,-1.1,0.0 (cmd -0.4),0.0 (cmd 0.0)
0.4714,-0.82,-0.33,0.0,-0.91,0.0,0.0,-0.9,-0.8,0.0 (cmd -0.3),0.0 (cmd 0.0)
0.4719,-0.89,-0.31,0.0,-1.17,0.0,0.0,-1.2,-0.9,0.0 (cmd -0.3),0.0 (cmd 0.0)
0.47240000000000004,-1.16,-0.27,0.0,-1.63,0.01,0.0,-1.6,-1.2,0.0 (cmd -0.3),0.0 (cmd 0.0)
0.4729,-1.51,-0.24,0.0,-2.31,0.01,0.0,-2.3,-1.5,0.0 (cmd -0.2),0.0 (cmd 0.0)
0.47340000000000004,-1.94,-0.23,0.0,-4.15,0.0,0.0,-4.2,-1.9,0.0 (cmd -0.2),0.0 (cmd 0.0)
0.4739,-2.49,-0.22,0.0,-6.16,0.0,0.0,-6.2,-2.5,0.0 (cmd -0.2),0.0 (cmd 0.0)
0.4744,-2.95,-0.2,0.0,-9.3,0.0,0.0,-9.3,-3.0,0.0 (cmd -0.2),0.0 (cmd 0.0)
0.47490000000000004,-3.35,-0.23,0.0,-14.3,-0.01,0.0,-14.3,-3.4,0.0 (cmd -0.2),0.0 (cmd -0.0)
0.4754,-2.78,-0.29,0.0,-19.04,-0.09,0.0,-19.0,-2.8,0.0 (cmd -0.3),0.0 (cmd -0.1)
0.47590000000000005,-2.28,-0.36,0.0,-23.72,-0.1,0.0,-23.7,-2.3,0.0 (cmd -0.4),0.0 (cmd -0.1)
0.4764,-2.33,-0.39,0.0,-31.58,-0.24,0.0,-31.6,-2.3,0.0 (cmd -0.4),0.0 (cmd -0.2)
0.4769,-2.21,-0.42,0.0,-37.28,-0.25,0.0,-37.3,-2.2,0.0 (cmd -0.4),0.0 (cmd -0.2)
0.47740000000000005,-1.83,-0.46,0.0,-41.84,-0.28,0.0,-41.8,-1.8,0.0 (cmd -0.5),0.0 (cmd -0.3)
0.4779,-1.83,-0.49,0.0,-44.47,-0.25,0.0,-44.5,-1.8,0.0 (cmd -0.5),0.0 (cmd -0.2)
0.47840000000000005,-2.27,-0.52,0.0,-45.39,-0.16,0.0,-45.4,-2.3,0.0 (cmd -0.5),0.0 (cmd -0.2)
0.4789,-2.61,-0.52,0.0,-43.55,-0.03,0.0,-43.5,-2.6,0.0 (cmd -0.5),0.0 (cmd -0.0)
0.4794,-2.77,-0.52,0.0,-38.82,0.12,0.0,-38.8,-2.8,0.0 (cmd -0.5),0.0 (cmd 0.1)
0.47990000000000005,-2.51,-0.46,0.0,-33.58,0.23,0.0,-33.6,-2.5,0.0 (cmd -0.5),0.0 (cmd 0.2)
0.4804,-2.87,-0.35,0.0,-26.32,0.29,0.0,-26.3,-2.9,0.0 (cmd -0.3),0.0 (cmd 0.3)
0.48090000000000005,-3.37,-0.12,0.0,-14.67,0.33,0.0,-14.7,-3.4,0.0 (cmd -0.1),0.0 (cmd 0.3)
0.4814,-3.62,0.15,0.0,-4.01,0.31,0.0,-4.0,-3.6,0.0 (cmd 0.1),0.0 (cmd 0.3)
0.4819,-4.0,0.33,0.0,0.97,0.31,0.0,1.0,-4.0,0.0 (cmd 0.3),0.0 (cmd 0.3)
0.48240000000000005,-5.23,0.28,0.0,2.08,0.27,0.0,2.1,-5.2,0.0 (cmd 0.3),0.0 (cmd 0.3)
0.4829,-8.22,0.28,0.0,2.99,0.25,0.0,3.0,-8.2,0.0 (cmd 0.3),0.0 (cmd 0.2)
0.48340000000000005,-15.76,0.6,0.0,2.75,0.27,0.0,2.8,-15.8,0.0 (cmd 0.6),0.0 (cmd 0.3)
0.4839,-20.87,0.6,0.0,2.21,0.26,0.0,2.2,-20.9,0.0 (cmd 0.6),0.0 (cmd 0.3)
0.4844,-28.71,0.6,0.0,1.66,0.23,0.0,1.7,-28.7,0.0 (cmd 0.6),0.0 (cmd 0.2)
0.48490000000000005,-33.37,0.6,0.0,1.94,0.25,0.0,1.9,-33.4,0.0 (cmd 0.6),0.0 (cmd 0.2)
0.4854,-36.63,0.6,0.0,1.98,0.25,0.0,2.0,-36.6,0.0 (cmd 0.6),0.0 (cmd 0.2)
0.48590000000000005,-39.4,0.6,0.0,2.21,0.22,0.0,2.2,-39.4,0.0 (cmd 0.6),0.0 (cmd 0.2)
0.4864,-39.83,0.6,0.0,2.65,0.19,0.0,2.6,-39.8,0.0 (cmd 0.6),0.0 (cmd 0.2)
0.4869,-39.95,0.57,0.0,2.7,0.17,0.0,2.7,-40.0,0.0 (cmd 0.6),0.0 (cmd 0.2)
0.48740000000000006,-39.49,0.38,0.0,2.33,0.14,0.0,2.3,-39.5,0.0 (cmd 0.4),0.0 (cmd 0.1)
0.4879,-38.12,0.22,0.0,1.73,0.12,0.0,1.7,-38.1,0.0 (cmd 0.2),0.0 (cmd 0.1)
0.48840000000000006,-37.03,0.01,0.0,0.83,0.1,0.0,0.8,-37.0,0.0 (cmd 0.0),0.0 (cmd 0.1)
0.4889,-33.69,-0.11,0.0,-0.67,0.08,0.0,-0.7,-33.7,0.0 (cmd -0.1),0.0 (cmd 0.1)
0.4894,-27.41,-0.34,0.0,-2.95,0.05,0.0,-3.0,-27.4,0.0 (cmd -0.3),0.0 (cmd 0.1)
0.48990000000000006,-21.16,-0.58,0.0,-5.69,0.01,0.0,-5.7,-21.2,0.0 (cmd -0.6),0.0 (cmd 0.0)
0.4904,-15.21,-0.6,0.0,-10.86,-0.02,0.0,-10.9,-15.2,0.0 (cmd -0.6),0.0 (cmd -0.0)
0.49090000000000006,-9.51,-0.6,0.0,-17.11,-0.08,0.0,-17.1,-9.5,0.0 (cmd -0.6),0.0 (cmd -0.1)
0.4914,-8.66,-0.6,0.0,-23.58,-0.18,0.0,-23.6,-8.7,0.0 (cmd -0.6),0.0 (cmd -0.2)
0.4919,-8.05,-0.6,0.0,-30.12,-0.29,0.0,-30.1,-8.1,0.0 (cmd -0.6),0.0 (cmd -0.3)
0.49240000000000006,-7.17,-0.6,0.0,-35.6,-0.31,0.0,-35.6,-7.2,0.0 (cmd -0.6),0.0 (cmd -0.3)
0.4929,-7.17,-0.6,0.0,-40.0,-0.28,0.0,-40.0,-7.2,0.0 (cmd -0.6),0.0 (cmd -0.3)
0.49340000000000006,-7.13,-0.6,0.0,-42.25,-0.22,0.0,-42.2,-7.1,0.0 (cmd -0.6),0.0 (cmd -0.2)
0.49389999999999995,-4.98,-0.6,0.0,-42.29,-0.12,0.0,-42.3,-5.0,0.0 (cmd -0.6),0.0 (cmd -0.1)
0.49439999999999995,-3.93,-0.6,0.0,-39.33,-0.03,0.0,-39.3,-3.9,0.0 (cmd -0.6),0.0 (cmd -0.0)
0.4949,-4.02,-0.6,0.0,-34.06,0.1,0.0,-34.1,-4.0,0.0 (cmd -0.6),0.0 (cmd 0.1)
0.49539999999999995,-4.46,-0.6,0.0,-29.91,0.19,0.0,-29.9,-4.5,0.0 (cmd -0.6),0.0 (cmd 0.2)
0.4959,-5.15,-0.5,0.0,-19.38,0.21,0.0,-19.4,-5.2,0.0 (cmd -0.5),0.0 (cmd 0.2)
0.49639999999999995,-5.9,-0.21,0.0,-10.86,0.28,0.0,-10.9,-5.9,0.0 (cmd -0.2),0.0 (cmd 0.3)
0.49689999999999995,-6.31,0.03,0.0,-5.87,0.27,0.0,-5.9,-6.3,0.0 (cmd 0.0),0.0 (cmd 0.3)
0.4974,-6.7,0.07,0.0,-4.61,0.26,0.0,-4.6,-6.7,0.0 (cmd 0.1),0.0 (cmd 0.3)
0.49789999999999995,-8.0,0.02,0.0,-4.5,0.23,0.0,-4.5,-8.0,0.0 (cmd 0.0),0.0 (cmd 0.2)
0.4984,-8.97,0.0,0.0,-4.46,0.21,0.0,-4.5,-9.0,0.0 (cmd 0.0),0.0 (cmd 0.2)
0.49889999999999995,-16.32,0.14,0.0,-4.46,0.2,0.0,-4.5,-16.3,0.0 (cmd 0.1),0.0 (cmd 0.2)
0.49939999999999996,-20.27,0.43,0.0,-3.77,0.22,0.0,-3.8,-20.3,0.0 (cmd 0.4),0.0 (cmd 0.2)
0.4999,-26.59,0.6,0.0,-3.28,0.23,0.0,-3.3,-26.6,0.0 (cmd 0.6),0.0 (cmd 0.2)
0.5004,-27.81,0.6,0.0,-2.81,0.21,0.0,-2.8,-27.8,0.0 (cmd 0.6),0.0 (cmd 0.2)
0.5009,-31.21,0.6,0.0,-2.62,0.19,0.0,-2.6,-31.2,0.0 (cmd 0.6),0.0 (cmd 0.2)
0.5014,-36.88,0.6,0.0,-2.74,0.19,0.0,-2.7,-36.9,0.0 (cmd 0.6),0.0 (cmd 0.2)
0.5019,-37.71,0.6,0.0,-3.26,0.18,0.0,-3.3,-37.7,0.0 (cmd 0.6),0.0 (cmd 0.2)
0.5024000000000001,-39.37,0.6,0.0,-3.62,0.16,0.0,-3.6,-39.4,0.0 (cmd 0.6),0.0 (cmd 0.2)
0.5029,-44.5,0.58,0.0,-4.18,0.15,0.0,-4.2,-44.5,0.0 (cmd 0.6),0.0 (cmd 0.1)
0.5034000000000001,-48.26,0.6,0.0,-5.3,0.16,0.0,-5.3,-48.3,0.0 (cmd 0.6),0.0 (cmd 0.2)
0.5039,-49.02,0.6,0.0,-6.48,0.14,0.0,-6.5,-49.0,0.0 (cmd 0.6),0.0 (cmd 0.1)
0.5044,-47.43,0.44,0.0,-9.58,0.11,0.0,-9.6,-47.4,0.0 (cmd 0.4),0.0 (cmd 0.1)
0.5049,-41.32,0.08,0.0,-13.81,0.04,0.0,-13.8,-41.3,0.0 (cmd 0.1),0.0 (cmd 0.0)
0.5054,-37.9,-0.23,0.0,-17.94,0.0,0.0,-17.9,-37.9,0.0 (cmd -0.2),0.0 (cmd 0.0)
0.5059,-34.04,-0.49,0.0,-22.46,-0.05,0.0,-22.5,-34.0,0.0 (cmd -0.5),0.0 (cmd -0.1)
0.5064,-32.59,-0.59,0.0,-26.07,-0.08,0.0,-26.1,-32.6,0.0 (cmd -0.6),0.0 (cmd -0.1)
0.5069,-26.41,-0.6,0.0,-30.83,-0.1,0.0,-30.8,-26.4,0.0 (cmd -0.6),0.0 (cmd -0.1)
0.5074000000000001,-21.94,-0.6,0.0,-34.41,-0.1,0.0,-34.4,-21.9,0.0 (cmd -0.6),0.0 (cmd -0.1)
0.5079,-17.06,-0.6,0.0,-37.93,-0.13,0.0,-37.9,-17.1,0.0 (cmd -0.6),0.0 (cmd -0.1)
0.5084000000000001,-16.43,-0.6,0.0,-39.83,-0.11,0.0,-39.8,-16.4,0.0 (cmd -0.6),0.0 (cmd -0.1)
0.5089,-16.51,-0.6,0.0,-42.6,-0.04,0.0,-42.6,-16.5,0.0 (cmd -0.6),0.0 (cmd -0.0)
0.5094,-14.7,-0.6,0.0,-43.27,0.0,0.0,-43.3,-14.7,0.0 (cmd -0.6),0.0 (cmd 0.0)
0.5099,-13.26,-0.6,0.0,-41.31,0.04,0.0,-41.3,-13.3,0.0 (cmd -0.6),0.0 (cmd 0.0)
0.5104,-12.18,-0.6,0.0,-36.15,0.1,0.0,-36.1,-12.2,0.0 (cmd -0.6),0.0 (cmd 0.1)
0.5109,-10.63,-0.6,0.0,-31.05,0.15,0.0,-31.1,-10.6,0.0 (cmd -0.6),0.0 (cmd 0.1)
0.5114,-8.78,-0.6,0.0,-21.88,0.19,0.0,-21.9,-8.8,0.0 (cmd -0.6),0.0 (cmd 0.2)
0.5119,-7.37,-0.52,0.0,-12.38,0.22,0.0,-12.4,-7.4,0.0 (cmd -0.5),0.0 (cmd 0.2)
0.5124,-6.45,-0.31,0.0,-7.27,0.22,0.0,-7.3,-6.5,0.0 (cmd -0.3),0.0 (cmd 0.2)
0.5129,-6.51,-0.18,0.0,-2.22,0.22,0.0,-2.2,-6.5,0.0 (cmd -0.2),0.0 (cmd 0.2)
0.5134000000000001,-6.56,-0.17,0.0,-1.95,0.2,0.0,-1.9,-6.6,0.0 (cmd -0.2),0.0 (cmd 0.2)
0.5139,-6.56,-0.2,0.0,-1.46,0.17,0.0,-1.5,-6.6,0.0 (cmd -0.2),0.0 (cmd 0.2)
0.5144,-6.57,-0.2,0.0,-1.34,0.16,0.0,-1.3,-6.6,0.0 (cmd -0.2),0.0 (cmd 0.2)
0.5149,-6.48,-0.21,0.0,-1.23,0.14,0.0,-1.2,-6.5,0.0 (cmd -0.2),0.0 (cmd 0.1)
0.5154,-6.73,-0.19,0.0,-0.77,0.12,0.0,-0.8,-6.7,0.0 (cmd -0.2),0.0 (cmd 0.1)
0.5159000000000001,-7.39,-0.15,0.0,0.0,0.11,0.0,0.0,-7.4,0.0 (cmd -0.1),0.0 (cmd 0.1)
0.5164,-8.84,-0.09,0.0,0.42,0.1,0.0,0.4,-8.8,0.0 (cmd -0.1),0.0 (cmd 0.1)
0.5169,-19.46,0.28,0.0,0.53,0.14,0.0,0.5,-19.5,0.0 (cmd 0.3),0.0 (cmd 0.1)
0.5174,-23.73,0.53,0.0,0.46,0.17,0.0,0.5,-23.7,0.0 (cmd 0.5),0.0 (cmd 0.2)
0.5179,-27.83,0.6,0.0,0.15,0.17,0.0,0.1,-27.8,0.0 (cmd 0.6),0.0 (cmd 0.2)
0.5184000000000001,-28.78,0.6,0.0,0.07,0.16,0.0,0.1,-28.8,0.0 (cmd 0.6),0.0 (cmd 0.2)
0.5189,-30.55,0.5,0.0,0.27,0.14,0.0,0.3,-30.6,0.0 (cmd 0.5),0.0 (cmd 0.1)
0.5194,-32.24,0.45,0.0,0.09,0.13,0.0,0.1,-32.2,0.0 (cmd 0.5),0.0 (cmd 0.1)
0.5199,-35.38,0.56,0.0,-0.05,0.14,0.0,-0.1,-35.4,0.0 (cmd 0.6),0.0 (cmd 0.1)
0.5204,-38.63,0.53,0.0,-0.12,0.14,0.0,-0.1,-38.6,0.0 (cmd 0.5),0.0 (cmd 0.1)
0.5209000000000001,-40.52,0.49,0.0,-0.43,0.14,0.0,-0.4,-40.5,0.0 (cmd 0.5),0.0 (cmd 0.1)
0.5214,-42.82,0.39,0.0,-1.13,0.12,0.0,-1.1,-42.8,0.0 (cmd 0.4),0.0 (cmd 0.1)
0.5219,-40.47,0.41,0.0,-1.87,0.13,0.0,-1.9,-40.5,0.0 (cmd 0.4),0.0 (cmd 0.1)
0.5224,-17.64,0.03,0.0,-2.86,0.08,0.0,-2.9,-17.6,0.0 (cmd 0.0),0.0 (cmd 0.1)
0.5229,-13.47,-0.6,0.0,-3.63,0.01,0.0,-3.6,-13.5,0.0 (cmd -0.6),0.0 (cmd 0.0)
0.5234000000000001,-13.51,-0.6,0.0,-3.9,0.0,0.0,-3.9,-13.5,0.0 (cmd -0.6),0.0 (cmd 0.0)
0.5239,-13.87,-0.6,0.0,-5.58,-0.01,0.0,-5.6,-13.9,0.0 (cmd -0.6),0.0 (cmd -0.0)
0.5244,-14.75,-0.6,0.0,-7.7,-0.02,0.0,-7.7,-14.8,0.0 (cmd -0.6),0.0 (cmd -0.0)
0.5248999999999999,-13.98,-0.51,0.0,-10.3,-0.03,0.0,-10.3,-14.0,0.0 (cmd -0.5),0.0 (cmd -0.0)
0.5254,-7.97,-0.6,0.0,-13.19,-0.09,0.0,-13.2,-8.0,0.0 (cmd -0.6),0.0 (cmd -0.1)
0.5259000000000001,-6.47,-0.6,0.0,-16.72,-0.11,0.0,-16.7,-6.5,0.0 (cmd -0.6),0.0 (cmd -0.1)
0.5264,-4.95,-0.6,0.0,-18.26,-0.1,0.0,-18.3,-5.0,0.0 (cmd -0.6),0.0 (cmd -0.1)
0.5268999999999999,-3.09,-0.6,0.0,-18.58,-0.08,0.0,-18.6,-3.1,0.0 (cmd -0.6),0.0 (cmd -0.1)
0.5274,-1.15,-0.6,0.0,-17.95,-0.05,0.0,-17.9,-1.1,0.0 (cmd -0.6),0.0 (cmd -0.1)
0.5278999999999999,-0.95,-0.6,0.0,-15.72,0.0,0.0,-15.7,-0.9,0.0 (cmd -0.6),0.0 (cmd 0.0)
0.5284000000000001,-0.95,-0.6,0.0,-12.75,0.05,0.0,-12.8,-0.9,0.0 (cmd -0.6),0.0 (cmd 0.1)
0.5288999999999999,-1.04,-0.49,0.0,-9.5,0.09,0.0,-9.5,-1.0,0.0 (cmd -0.5),0.0 (cmd 0.1)
0.5294,-1.47,-0.4,0.0,-7.24,0.11,0.0,-7.2,-1.5,0.0 (cmd -0.4),0.0 (cmd 0.1)
0.5298999999999999,-1.53,-0.33,0.0,-6.6,0.12,0.0,-6.6,-1.5,0.0 (cmd -0.3),0.0 (cmd 0.1)
0.5304,-1.57,-0.28,0.0,-4.79,0.12,0.0,-4.8,-1.6,0.0 (cmd -0.3),0.0 (cmd 0.1)
0.5309,-1.75,-0.24,0.0,-3.97,0.12,0.0,-4.0,-1.8,0.0 (cmd -0.2),0.0 (cmd 0.1)
0.5314,-1.93,-0.22,0.0,-3.28,0.11,0.0,-3.3,-1.9,0.0 (cmd -0.2),0.0 (cmd 0.1)
0.5318999999999999,-2.05,-0.19,0.0,-2.58,0.1,0.0,-2.6,-2.0,0.0 (cmd -0.2),0.0 (cmd 0.1)
0.5324,-2.2,-0.17,0.0,-2.0,0.1,0.0,-2.0,-2.2,0.0 (cmd -0.2),0.0 (cmd 0.1)
0.5328999999999999,-2.62,-0.15,0.0,-0.52,0.09,0.0,-0.5,-2.6,0.0 (cmd -0.1),0.0 (cmd 0.1)
0.5334000000000001,-3.45,-0.11,0.0,0.71,0.1,0.0,0.7,-3.5,0.0 (cmd -0.1),0.0 (cmd 0.1)
0.5338999999999999,-3.65,-0.06,0.0,1.86,0.1,0.0,1.9,-3.6,0.0 (cmd -0.1),0.0 (cmd 0.1)
0.5344,-4.08,-0.05,0.0,2.86,0.09,0.0,2.9,-4.1,0.0 (cmd -0.1),0.0 (cmd 0.1)
0.5348999999999999,-4.66,-0.03,0.0,3.08,0.08,0.0,3.1,-4.7,0.0 (cmd -0.0),0.0 (cmd 0.1)
0.5354,-4.9,-0.03,0.0,3.13,0.07,0.0,3.1,-4.9,0.0 (cmd -0.0),0.0 (cmd 0.1)
0.5359,-5.09,-0.04,0.0,3.13,0.06,0.0,3.1,-5.1,0.0 (cmd -0.0),0.0 (cmd 0.1)
0.5364,-5.25,-0.06,0.0,3.21,0.05,0.0,3.2,-5.2,0.0 (cmd -0.1),0.0 (cmd 0.1)
0.5368999999999999,-5.43,-0.06,0.0,3.22,0.05,0.0,3.2,-5.4,0.0 (cmd -0.1),0.0 (cmd 0.1)
0.5374,-5.5,-0.07,0.0,3.29,0.04,0.0,3.3,-5.5,0.0 (cmd -0.1),0.0 (cmd 0.0)
0.5378999999999999,-5.46,-0.08,0.0,3.21,0.04,0.0,3.2,-5.5,0.0 (cmd -0.1),0.0 (cmd 0.0)
0.5384000000000001,-5.39,-0.1,0.0,3.2,0.03,0.0,3.2,-5.4,0.0 (cmd -0.1),0.0 (cmd 0.0)
0.5388999999999999,-5.32,-0.11,0.0,3.21,0.03,0.0,3.2,-5.3,0.0 (cmd -0.1),0.0 (cmd 0.0)
0.5394,-5.28,-0.12,0.0,3.17,0.03,0.0,3.2,-5.3,0.0 (cmd -0.1),0.0 (cmd 0.0)
0.5398999999999999,-5.17,-0.13,0.0,3.14,0.02,0.0,3.1,-5.2,0.0 (cmd -0.1),0.0 (cmd 0.0)
0.5404,-5.08,-0.13,0.0,3.17,0.02,0.0,3.2,-5.1,0.0 (cmd -0.1),0.0 (cmd 0.0)
0.5409,-5.05,-0.14,0.0,3.12,0.02,0.0,3.1,-5.0,0.0 (cmd -0.1),0.0 (cmd 0.0)
0.5414,-4.85,-0.15,0.0,3.03,0.02,0.0,3.0,-4.8,0.0 (cmd -0.1),0.0 (cmd 0.0)
0.5418999999999999,-4.73,-0.15,0.0,2.66,0.01,0.0,2.7,-4.7,0.0 (cmd -0.1),0.0 (cmd 0.0)
0.5424,-4.72,-0.16,0.0,2.33,0.01,0.0,2.3,-4.7,0.0 (cmd -0.2),0.0 (cmd 0.0)
0.5428999999999999,-4.71,-0.16,0.0,2.04,0.01,0.0,2.0,-4.7,0.0 (cmd -0.2),0.0 (cmd 0.0)
0.5434000000000001,-4.69,-0.16,0.0,1.83,0.01,0.0,1.8,-4.7,0.0 (cmd -0.2),0.0 (cmd 0.0)
0.5438999999999999,-4.66,-0.16,0.0,1.57,0.01,0.0,1.6,-4.7,0.0 (cmd -0.2),0.0 (cmd 0.0)
0.5444,-4.57,-0.17,0.0,0.92,0.0,0.0,0.9,-4.6,0.0 (cmd -0.2),0.0 (cmd 0.0)
0.5448999999999999,-4.52,-0.17,0.0,0.64,0.0,0.0,0.6,-4.5,0.0 (cmd -0.2),0.0 (cmd 0.0)
0.5454,-4.55,-0.17,0.0,0.63,0.0,0.0,0.6,-4.5,0.0 (cmd -0.2),0.0 (cmd 0.0)
0.5459,-5.38,-0.16,0.0,1.1,0.01,0.0,1.1,-5.4,0.0 (cmd -0.2),0.0 (cmd 0.0)
0.5464,-8.25,-0.05,0.0,1.82,0.04,0.0,1.8,-8.2,0.0 (cmd -0.1),0.0 (cmd 0.0)
0.5468999999999999,-12.5,0.14,0.0,2.05,0.07,0.0,2.0,-12.5,0.0 (cmd 0.1),0.0 (cmd 0.1)
0.5474,-19.99,0.25,0.0,1.75,0.09,0.0,1.8,-20.0,0.0 (cmd 0.2),0.0 (cmd 0.1)
0.5478999999999999,-25.67,0.57,0.0,1.37,0.14,0.0,1.4,-25.7,0.0 (cmd 0.6),0.0 (cmd 0.1)
0.5484000000000001,-35.26,0.6,0.0,1.16,0.2,0.0,1.2,-35.3,0.0 (cmd 0.6),0.0 (cmd 0.2)
0.5488999999999999,-45.25,0.6,0.0,1.24,0.24,0.0,1.2,-45.2,0.0 (cmd 0.6),0.0 (cmd 0.2)
0.5494,-43.34,0.6,0.0,1.55,0.25,0.0,1.6,-43.3,0.0 (cmd 0.6),0.0 (cmd 0.2)
0.5498999999999999,-40.55,0.6,0.0,2.2,0.19,0.0,2.2,-40.5,0.0 (cmd 0.6),0.0 (cmd 0.2)
0.5504,-35.84,0.33,0.0,2.83,0.13,0.0,2.8,-35.8,0.0 (cmd 0.3),0.0 (cmd 0.1)
0.5509000000000001,-32.63,0.07,0.0,3.04,0.11,0.0,3.0,-32.6,0.0 (cmd 0.1),0.0 (cmd 0.1)
0.5514,-29.03,-0.19,0.0,3.38,0.08,0.0,3.4,-29.0,0.0 (cmd -0.2),0.0 (cmd 0.1)
0.5519,-22.74,-0.47,0.0,3.33,0.06,0.0,3.3,-22.7,0.0 (cmd -0.5),0.0 (cmd 0.1)
0.5524,-19.02,-0.6,0.0,3.36,0.05,0.0,3.4,-19.0,0.0 (cmd -0.6),0.0 (cmd 0.1)
0.5529,-11.58,-0.6,0.0,3.54,0.04,0.0,3.5,-11.6,0.0 (cmd -0.6),0.0 (cmd 0.0)
0.5534000000000001,-6.87,-0.6,0.0,3.6,0.04,0.0,3.6,-6.9,0.0 (cmd -0.6),0.0 (cmd 0.0)
0.5539,-3.14,-0.6,0.0,3.59,0.03,0.0,3.6,-3.1,0.0 (cmd -0.6),0.0 (cmd 0.0)
0.5544,-0.27,-0.6,0.0,3.36,0.03,0.0,3.4,-0.3,0.0 (cmd -0.6),0.0 (cmd 0.0)
0.5549,-0.09,-0.6,0.0,2.95,0.02,0.0,3.0,-0.1,0.0 (cmd -0.6),0.0 (cmd 0.0)
0.5554,-0.48,-0.6,0.0,2.58,0.0,0.0,2.6,-0.5,0.0 (cmd -0.6),0.0 (cmd 0.0)
0.5559000000000001,-0.77,-0.57,0.0,1.8,-0.01,0.0,1.8,-0.8,0.0 (cmd -0.6),0.0 (cmd -0.0)
0.5564,-0.82,-0.46,0.0,1.35,-0.02,0.0,1.4,-0.8,0.0 (cmd -0.5),0.0 (cmd -0.0)
0.5569,-0.75,-0.41,0.0,0.64,-0.03,0.0,0.6,-0.8,0.0 (cmd -0.4),0.0 (cmd -0.0)
0.5574,-1.57,-0.35,0.0,-0.36,-0.03,0.0,-0.4,-1.6,0.0 (cmd -0.3),0.0 (cmd -0.0)
0.5579,-2.61,-0.26,0.0,-1.0,-0.02,0.0,-1.0,-2.6,0.0 (cmd -0.3),0.0 (cmd -0.0)
0.5584000000000001,-3.25,-0.2,0.0,-1.26,0.0,0.0,-1.3,-3.2,0.0 (cmd -0.2),0.0 (cmd 0.0)
0.5589,-9.1,-0.01,0.0,-1.35,0.03,0.0,-1.4,-9.1,0.0 (cmd -0.0),0.0 (cmd 0.0)
0.5594,-14.09,0.17,0.0,-1.17,0.07,0.0,-1.2,-14.1,0.0 (cmd 0.2),0.0 (cmd 0.1)
0.5599,-19.7,0.41,0.0,-0.9,0.12,0.0,-0.9,-19.7,0.0 (cmd 0.4),0.0 (cmd 0.1)
0.5604,-31.14,0.6,0.0,-0.37,0.19,0.0,-0.4,-31.1,0.0 (cmd 0.6),0.0 (cmd 0.2)
0.5609000000000001,-37.15,0.6,0.0,-0.02,0.21,0.0,-0.0,-37.1,0.0 (cmd 0.6),0.0 (cmd 0.2)
0.5614,-40.62,0.6,0.0,-0.13,0.22,0.0,-0.1,-40.6,0.0 (cmd 0.6),0.0 (cmd 0.2)
0.5619,-47.67,0.6,0.0,-0.23,0.21,0.0,-0.2,-47.7,0.0 (cmd 0.6),0.0 (cmd 0.2)
0.5624,-50.15,0.6,0.0,-0.27,0.24,0.0,-0.3,-50.1,0.0 (cmd 0.6),0.0 (cmd 0.2)
0.5629,-51.68,0.6,0.0,-0.04,0.2,0.0,-0.0,-51.7,0.0 (cmd 0.6),0.0 (cmd 0.2)
0.5634000000000001,-51.91,0.6,0.0,-0.04,0.18,0.0,-0.0,-51.9,0.0 (cmd 0.6),0.0 (cmd 0.2)
0.5639,-50.8,0.47,0.0,-0.25,0.16,0.0,-0.2,-50.8,0.0 (cmd 0.5),0.0 (cmd 0.2)
0.5644,-47.74,0.24,0.0,-0.1,0.14,0.0,-0.1,-47.7,0.0 (cmd 0.2),0.0 (cmd 0.1)
0.5649,-42.04,-0.06,0.0,0.36,0.11,0.0,0.4,-42.0,0.0 (cmd -0.1),0.0 (cmd 0.1)
0.5654,-37.19,-0.44,0.0,0.66,0.07,0.0,0.7,-37.2,0.0 (cmd -0.4),0.0 (cmd 0.1)
0.5659000000000001,-29.45,-0.56,0.0,0.52,0.06,0.0,0.5,-29.4,0.0 (cmd -0.6),0.0 (cmd 0.1)
0.5664,-7.02,-0.6,0.0,0.5,0.03,0.0,0.5,-7.0,0.0 (cmd -0.6),0.0 (cmd 0.0)
0.5669,-1.71,-0.6,0.0,0.8,0.02,0.0,0.8,-1.7,0.0 (cmd -0.6),0.0 (cmd 0.0)
0.5674,0.95,-0.6,0.0,2.03,0.04,0.0,2.0,0.9,0.0 (cmd -0.6),0.0 (cmd 0.0)
0.5679,1.27,-0.6,0.0,4.19,0.04,0.0,4.2,1.3,0.0 (cmd -0.6),0.0 (cmd 0.0)
0.5684000000000001,0.15,-0.6,0.0,5.12,0.03,0.0,5.1,0.1,0.0 (cmd -0.6),0.0 (cmd 0.0)
0.5689,0.05,-0.6,0.0,4.62,0.01,0.0,4.6,0.1,0.0 (cmd -0.6),0.0 (cmd 0.0)
0.5694,0.72,-0.6,0.0,4.17,0.0,0.0,4.2,0.7,0.0 (cmd -0.6),0.0 (cmd 0.0)
0.5699,1.39,-0.6,0.0,4.28,0.0,0.0,4.3,1.4,0.0 (cmd -0.6),0.0 (cmd 0.0)
0.5704,1.33,-0.51,0.0,4.1,0.0,0.0,4.1,1.3,0.0 (cmd -0.5),0.0 (cmd 0.0)
0.5709000000000001,0.66,-0.41,0.0,3.34,-0.01,0.0,3.3,0.7,0.0 (cmd -0.4),0.0 (cmd -0.0)
0.5714,0.18,-0.32,0.0,2.25,-0.01,0.0,2.2,0.2,0.0 (cmd -0.3),0.0 (cmd -0.0)
0.5719,-0.14,-0.29,0.0,0.22,-0.02,0.0,0.2,-0.1,0.0 (cmd -0.3),0.0 (cmd -0.0)
0.5724,-0.3,-0.27,0.0,-3.41,-0.04,0.0,-3.4,-0.3,0.0 (cmd -0.3),0.0 (cmd -0.0)
0.5729,-0.93,-0.28,0.0,-9.63,-0.09,0.0,-9.6,-0.9,0.0 (cmd -0.3),0.0 (cmd -0.1)
0.5734000000000001,-2.31,-0.26,0.0,-18.12,-0.18,0.0,-18.1,-2.3,0.0 (cmd -0.3),0.0 (cmd -0.2)
0.5739,-2.48,-0.24,0.0,-26.18,-0.32,0.0,-26.2,-2.5,0.0 (cmd -0.2),0.0 (cmd -0.3)
0.5744,-3.16,-0.29,0.0,-37.58,-0.43,0.0,-37.6,-3.2,0.0 (cmd -0.3),0.0 (cmd -0.4)
0.5749,-3.83,-0.3,0.0,-47.31,-0.5,0.0,-47.3,-3.8,0.0 (cmd -0.3),0.0 (cmd -0.5)
0.5754,-4.16,-0.36,0.0,-55.9,-0.56,0.0,-55.9,-4.2,0.0 (cmd -0.4),0.0 (cmd -0.6)
0.5759000000000001,-4.04,-0.44,0.0,-61.64,-0.56,0.0,-61.6,-4.0,0.0 (cmd -0.4),0.0 (cmd -0.6)
0.5764,-3.46,-0.55,0.0,-63.43,-0.48,0.0,-63.4,-3.5,0.0 (cmd -0.6),0.0 (cmd -0.5)
0.5769,-4.35,-0.54,0.0,-60.25,-0.31,0.0,-60.2,-4.3,0.0 (cmd -0.5),0.0 (cmd -0.3)
0.5774,-5.05,-0.54,0.0,-54.86,-0.03,0.0,-54.9,-5.0,0.0 (cmd -0.5),0.0 (cmd -0.0)
0.5779,-5.65,-0.48,0.0,-44.97,0.22,0.0,-45.0,-5.7,0.0 (cmd -0.5),0.0 (cmd 0.2)
0.5784000000000001,-6.12,-0.31,0.0,-31.7,0.35,0.0,-31.7,-6.1,0.0 (cmd -0.3),0.0 (cmd 0.3)
0.5789,-5.79,-0.01,0.0,-17.82,0.39,0.0,-17.8,-5.8,0.0 (cmd -0.0),0.0 (cmd 0.4)
0.5794,-4.68,0.27,0.0,-7.42,0.35,0.0,-7.4,-4.7,0.0 (cmd 0.3),0.0 (cmd 0.3)
0.5799,-3.49,0.41,0.0,2.67,0.36,0.0,2.7,-3.5,0.0 (cmd 0.4),0.0 (cmd 0.4)
0.5804,-3.32,0.37,0.0,5.51,0.33,0.0,5.5,-3.3,0.0 (cmd 0.4),0.0 (cmd 0.3)
0.5809000000000001,-3.41,0.27,0.0,6.61,0.28,0.0,6.6,-3.4,0.0 (cmd 0.3),0.0 (cmd 0.3)
0.5814,-3.79,0.14,0.0,5.17,0.22,0.0,5.2,-3.8,0.0 (cmd 0.1),0.0 (cmd 0.2)
0.5819,-7.39,0.08,0.0,4.28,0.19,0.0,4.3,-7.4,0.0 (cmd 0.1),0.0 (cmd 0.2)
0.5824,-9.63,0.22,0.0,4.49,0.18,0.0,4.5,-9.6,0.0 (cmd 0.2),0.0 (cmd 0.2)
0.5829,-9.78,0.22,0.0,4.39,0.16,0.0,4.4,-9.8,0.0 (cmd 0.2),0.0 (cmd 0.2)
0.5834000000000001,-9.23,0.11,0.0,4.19,0.12,0.0,4.2,-9.2,0.0 (cmd 0.1),0.0 (cmd 0.1)
0.5839,-9.13,0.02,0.0,3.79,0.09,0.0,3.8,-9.1,0.0 (cmd 0.0),0.0 (cmd 0.1)
0.5844,-9.48,0.0,0.0,3.53,0.07,0.0,3.5,-9.5,0.0 (cmd 0.0),0.0 (cmd 0.1)
0.5849,-9.64,-0.02,0.0,3.46,0.06,0.0,3.5,-9.6,0.0 (cmd -0.0),0.0 (cmd 0.1)
0.5854,-10.16,-0.03,0.0,3.05,0.05,0.0,3.0,-10.2,0.0 (cmd -0.0),0.0 (cmd 0.1)
0.5859000000000001,-11.08,-0.03,0.0,2.31,0.05,0.0,2.3,-11.1,0.0 (cmd -0.0),0.0 (cmd 0.1)
0.5864,-11.19,-0.01,0.0,1.57,0.04,0.0,1.6,-11.2,0.0 (cmd -0.0),0.0 (cmd 0.0)
0.5869,-10.98,-0.06,0.0,0.89,0.03,0.0,0.9,-11.0,0.0 (cmd -0.1),0.0 (cmd 0.0)
0.5873999999999999,-14.37,-0.09,0.0,0.54,0.02,0.0,0.5,-14.4,0.0 (cmd -0.1),0.0 (cmd 0.0)
0.5879,-39.33,0.6,0.0,0.71,0.17,0.0,0.7,-39.3,0.0 (cmd 0.6),0.0 (cmd 0.2)
0.5884000000000001,-44.24,0.6,0.0,1.14,0.28,0.0,1.1,-44.2,0.0 (cmd 0.6),0.0 (cmd 0.3)
0.5889,-51.11,0.6,0.0,1.49,0.32,0.0,1.5,-51.1,0.0 (cmd 0.6),0.0 (cmd 0.3)
0.5893999999999999,-54.09,0.6,0.0,2.3,0.27,0.0,2.3,-54.1,0.0 (cmd 0.6),0.0 (cmd 0.3)
0.5899,-54.48,0.6,0.0,1.79,0.23,0.0,1.8,-54.5,0.0 (cmd 0.6),0.0 (cmd 0.2)
0.5903999999999999,-53.0,0.6,0.0,1.51,0.2,0.0,1.5,-53.0,0.0 (cmd 0.6),0.0 (cmd 0.2)
0.5909000000000001,-48.16,0.38,0.0,1.79,0.16,0.0,1.8,-48.2,0.0 (cmd 0.4),0.0 (cmd 0.2)
0.5913999999999999,-44.47,0.02,0.0,2.37,0.13,0.0,2.4,-44.5,0.0 (cmd 0.0),0.0 (cmd 0.1)
0.5919,-32.68,-0.55,0.0,2.99,0.07,0.0,3.0,-32.7,0.0 (cmd -0.6),0.0 (cmd 0.1)
0.5923999999999999,-18.14,-0.6,0.0,3.13,0.04,0.0,3.1,-18.1,0.0 (cmd -0.6),0.0 (cmd 0.0)
0.5929,-12.67,-0.6,0.0,2.92,0.04,0.0,2.9,-12.7,0.0 (cmd -0.6),0.0 (cmd 0.0)
0.5934,-8.39,-0.6,0.0,2.71,0.03,0.0,2.7,-8.4,0.0 (cmd -0.6),0.0 (cmd 0.0)
0.5939,0.68,-0.6,0.0,3.09,0.04,0.0,3.1,0.7,0.0 (cmd -0.6),0.0 (cmd 0.0)
0.5943999999999999,2.54,-0.6,0.0,4.18,0.05,0.0,4.2,2.5,0.0 (cmd -0.6),0.0 (cmd 0.1)
0.5949,2.36,-0.6,0.0,4.54,0.04,0.0,4.5,2.4,0.0 (cmd -0.6),0.0 (cmd 0.0)
0.5953999999999999,2.02,-0.6,0.0,4.44,0.02,0.0,4.4,2.0,0.0 (cmd -0.6),0.0 (cmd 0.0)
0.5959000000000001,2.27,-0.6,0.0,3.98,0.0,0.0,4.0,2.3,0.0 (cmd -0.6),0.0 (cmd 0.0)
0.5963999999999999,2.54,-0.6,0.0,3.39,-0.01,0.0,3.4,2.5,0.0 (cmd -0.6),0.0 (cmd -0.0)
0.5969,2.63,-0.53,0.0,3.21,-0.02,0.0,3.2,2.6,0.0 (cmd -0.5),0.0 (cmd -0.0)
0.5973999999999999,2.36,-0.44,0.0,3.03,-0.02,0.0,3.0,2.4,0.0 (cmd -0.4),0.0 (cmd -0.0)
0.5979,2.55,-0.37,0.0,2.75,-0.02,0.0,2.8,2.5,0.0 (cmd -0.4),0.0 (cmd -0.0)
0.5984,2.53,-0.34,0.0,2.71,-0.02,0.0,2.7,2.5,0.0 (cmd -0.3),0.0 (cmd -0.0)
0.5989,2.41,-0.29,0.0,2.7,-0.01,0.0,2.7,2.4,0.0 (cmd -0.3),0.0 (cmd -0.0)
0.5993999999999999,2.32,-0.26,0.0,2.69,-0.01,0.0,2.7,2.3,0.0 (cmd -0.3),0.0 (cmd -0.0)
0.5999,2.04,-0.23,0.0,2.56,0.0,0.0,2.6,2.0,0.0 (cmd -0.2),0.0 (cmd 0.0)
0.6003999999999999,1.87,-0.2,0.0,2.54,0.0,0.0,2.5,1.9,0.0 (cmd -0.2),0.0 (cmd 0.0)
0.6009000000000001,1.57,-0.18,0.0,2.5,0.0,0.0,2.5,1.6,0.0 (cmd -0.2),0.0 (cmd 0.0)
0.6013999999999999,1.14,-0.16,0.0,2.2,0.0,0.0,2.2,1.1,0.0 (cmd -0.2),0.0 (cmd 0.0)
0.6019,0.53,-0.14,0.0,2.25,0.01,0.0,2.2,0.5,0.0 (cmd -0.1),0.0 (cmd 0.0)
0.6023999999999999,-0.31,-0.09,0.0,2.33,0.02,0.0,2.3,-0.3,0.0 (cmd -0.1),0.0 (cmd 0.0)
0.6029,-2.5,-0.03,0.0,2.35,0.03,0.0,2.4,-2.5,0.0 (cmd -0.0),0.0 (cmd 0.0)
0.6034,-5.16,0.03,0.0,2.19,0.04,0.0,2.2,-5.2,0.0 (cmd 0.0),0.0 (cmd 0.0)
0.6039,-7.07,0.13,0.0,2.03,0.06,0.0,2.0,-7.1,0.0 (cmd 0.1),0.0 (cmd 0.1)
0.6043999999999999,-8.29,0.18,0.0,2.01,0.07,0.0,2.0,-8.3,0.0 (cmd 0.2),0.0 (cmd 0.1)
0.6049,-10.18,0.18,0.0,2.08,0.07,0.0,2.1,-10.2,0.0 (cmd 0.2),0.0 (cmd 0.1)
0.6053999999999999,-15.4,0.29,0.0,1.98,0.09,0.0,2.0,-15.4,0.0 (cmd 0.3),0.0 (cmd 0.1)
0.6059000000000001,-22.36,0.6,0.0,1.7,0.15,0.0,1.7,-22.4,0.0 (cmd 0.6),0.0 (cmd 0.1)
0.6063999999999999,-24.95,0.6,0.0,1.6,0.14,0.0,1.6,-24.9,0.0 (cmd 0.6),0.0 (cmd 0.1)
0.6069,-31.65,0.6,0.0,1.26,0.15,0.0,1.3,-31.6,0.0 (cmd 0.6),0.0 (cmd 0.1)
0.6073999999999999,-42.11,0.6,0.0,1.11,0.25,0.0,1.1,-42.1,0.0 (cmd 0.6),0.0 (cmd 0.2)
0.6079,-45.23,0.6,0.0,0.93,0.24,0.0,0.9,-45.2,0.0 (cmd 0.6),0.0 (cmd 0.2)
0.6084,-48.07,0.6,0.0,0.88,0.21,0.0,0.9,-48.1,0.0 (cmd 0.6),0.0 (cmd 0.2)
0.6089,-51.12,0.6,0.0,0.8,0.19,0.0,0.8,-51.1,0.0 (cmd 0.6),0.0 (cmd 0.2)
0.6093999999999999,-52.36,0.6,0.0,0.7,0.18,0.0,0.7,-52.4,0.0 (cmd 0.6),0.0 (cmd 0.2)
0.6099,-54.44,0.6,0.0,0.71,0.18,0.0,0.7,-54.4,0.0 (cmd 0.6),0.0 (cmd 0.2)
0.6103999999999999,-55.19,0.49,0.0,0.84,0.17,0.0,0.8,-55.2,0.0 (cmd 0.5),0.0 (cmd 0.2)
0.6109000000000001,-54.84,0.34,0.0,1.01,0.17,0.0,1.0,-54.8,0.0 (cmd 0.3),0.0 (cmd 0.2)
0.6113999999999999,-52.74,0.15,0.0,1.33,0.15,0.0,1.3,-52.7,0.0 (cmd 0.1),0.0 (cmd 0.1)
0.6119,-49.5,-0.06,0.0,1.57,0.13,0.0,1.6,-49.5,0.0 (cmd -0.1),0.0 (cmd 0.1)
0.6123999999999999,-44.48,-0.37,0.0,1.93,0.09,0.0,1.9,-44.5,0.0 (cmd -0.4),0.0 (cmd 0.1)
0.6129,-43.22,-0.39,0.0,2.07,0.09,0.0,2.1,-43.2,0.0 (cmd -0.4),0.0 (cmd 0.1)
0.6134000000000001,-25.45,-0.57,0.0,2.44,0.07,0.0,2.4,-25.4,0.0 (cmd -0.6),0.0 (cmd 0.1)
0.6139,-18.65,-0.6,0.0,2.81,0.03,0.0,2.8,-18.6,0.0 (cmd -0.6),0.0 (cmd 0.0)
0.6144,-7.91,-0.6,0.0,3.48,0.03,0.0,3.5,-7.9,0.0 (cmd -0.6),0.0 (cmd 0.0)
0.6149,-1.62,-0.6,0.0,3.74,0.04,0.0,3.7,-1.6,0.0 (cmd -0.6),0.0 (cmd 0.0)
0.6154,4.25,-0.6,0.0,4.27,0.05,0.0,4.3,4.2,0.0 (cmd -0.6),0.0 (cmd 0.1)
0.6159000000000001,4.99,-0.6,0.0,4.55,0.06,0.0,4.5,5.0,0.0 (cmd -0.6),0.0 (cmd 0.1)
0.6164,4.96,-0.6,0.0,4.15,0.05,0.0,4.2,5.0,0.0 (cmd -0.6),0.0 (cmd 0.1)
0.6169,3.63,-0.6,0.0,3.83,0.01,0.0,3.8,3.6,0.0 (cmd -0.6),0.0 (cmd 0.0)
0.6174,1.9,-0.6,0.0,3.92,0.0,0.0,3.9,1.9,0.0 (cmd -0.6),0.0 (cmd 0.0)
0.6179,1.76,-0.49,0.0,3.95,-0.01,0.0,4.0,1.8,0.0 (cmd -0.5),0.0 (cmd -0.0)
0.6184000000000001,2.64,-0.43,0.0,3.82,-0.01,0.0,3.8,2.6,0.0 (cmd -0.4),0.0 (cmd -0.0)
0.6189,2.75,-0.41,0.0,2.57,-0.02,0.0,2.6,2.8,0.0 (cmd -0.4),0.0 (cmd -0.0)
0.6194,2.11,-0.36,0.0,2.25,-0.03,0.0,2.2,2.1,0.0 (cmd -0.4),0.0 (cmd -0.0)
0.6199,1.21,-0.27,0.0,1.81,-0.02,0.0,1.8,1.2,0.0 (cmd -0.3),0.0 (cmd -0.0)
0.6204,-0.34,-0.21,0.0,1.52,0.0,0.0,1.5,-0.3,0.0 (cmd -0.2),0.0 (cmd 0.0)
0.6209000000000001,-2.16,-0.08,0.0,1.14,0.01,0.0,1.1,-2.2,0.0 (cmd -0.1),0.0 (cmd 0.0)
0.6214,-4.91,-0.03,0.0,1.33,0.02,0.0,1.3,-4.9,0.0 (cmd -0.0),0.0 (cmd 0.0)
0.6219,-11.26,0.3,0.0,1.75,0.09,0.0,1.8,-11.3,0.0 (cmd 0.3),0.0 (cmd 0.1)
0.6224,-24.32,0.51,0.0,1.74,0.13,0.0,1.7,-24.3,0.0 (cmd 0.5),0.0 (cmd 0.1)
0.6229,-31.44,0.6,0.0,1.47,0.2,0.0,1.5,-31.4,0.0 (cmd 0.6),0.0 (cmd 0.2)
0.6234000000000001,-45.16,0.6,0.0,1.69,0.26,0.0,1.7,-45.2,0.0 (cmd 0.6),0.0 (cmd 0.3)
0.6239,-48.51,0.6,0.0,1.7,0.34,0.0,1.7,-48.5,0.0 (cmd 0.6),0.0 (cmd 0.3)
0.6244,-51.79,0.6,0.0,1.79,0.27,0.0,1.8,-51.8,0.0 (cmd 0.6),0.0 (cmd 0.3)
0.6249,-53.46,0.6,0.0,1.92,0.23,0.0,1.9,-53.5,0.0 (cmd 0.6),0.0 (cmd 0.2)
0.6254,-54.69,0.6,0.0,1.7,0.21,0.0,1.7,-54.7,0.0 (cmd 0.6),0.0 (cmd 0.2)
0.6259000000000001,-54.47,0.6,0.0,1.4,0.19,0.0,1.4,-54.5,0.0 (cmd 0.6),0.0 (cmd 0.2)
0.6264,-52.07,0.41,0.0,1.46,0.17,0.0,1.5,-52.1,0.0 (cmd 0.4),0.0 (cmd 0.2)
0.6269,-49.15,0.06,0.0,1.72,0.13,0.0,1.7,-49.1,0.0 (cmd 0.1),0.0 (cmd 0.1)
0.6274,-43.53,-0.35,0.0,1.92,0.09,0.0,1.9,-43.5,0.0 (cmd -0.3),0.0 (cmd 0.1)
0.6279,-28.75,-0.51,0.0,1.86,0.07,0.0,1.9,-28.8,0.0 (cmd -0.5),0.0 (cmd 0.1)
0.6284000000000001,-14.04,-0.6,0.0,2.23,0.03,0.0,2.2,-14.0,0.0 (cmd -0.6),0.0 (cmd 0.0)
0.6289,-4.1,-0.6,0.0,2.79,0.02,0.0,2.8,-4.1,0.0 (cmd -0.6),0.0 (cmd 0.0)
0.6294,3.52,-0.6,0.0,2.99,0.04,0.0,3.0,3.5,0.0 (cmd -0.6),0.0 (cmd 0.0)
0.6299,3.21,-0.6,0.0,3.11,0.05,0.0,3.1,3.2,0.0 (cmd -0.6),0.0 (cmd 0.1)
0.6304,0.04,-0.6,0.0,3.65,0.04,0.0,3.6,0.0,0.0 (cmd -0.6),0.0 (cmd 0.0)
0.6309000000000001,-1.4,-0.6,0.0,3.62,0.01,0.0,3.6,-1.4,0.0 (cmd -0.6),0.0 (cmd 0.0)
0.6314,-2.59,-0.58,0.0,3.13,0.0,0.0,3.1,-2.6,0.0 (cmd -0.6),0.0 (cmd 0.0)
0.6319,-1.92,-0.49,0.0,2.88,0.0,0.0,2.9,-1.9,0.0 (cmd -0.5),0.0 (cmd 0.0)
0.6324,-1.37,-0.45,0.0,3.18,-0.01,0.0,3.2,-1.4,0.0 (cmd -0.5),0.0 (cmd -0.0)
0.6329,-1.88,-0.37,0.0,3.31,0.0,0.0,3.3,-1.9,0.0 (cmd -0.4),0.0 (cmd 0.0)
0.6334000000000001,-2.19,-0.3,0.0,2.84,0.0,0.0,2.8,-2.2,0.0 (cmd -0.3),0.0 (cmd 0.0)
0.6339,-2.4,-0.26,0.0,2.44,0.0,0.0,2.4,-2.4,0.0 (cmd -0.3),0.0 (cmd 0.0)
0.6344,-2.82,-0.22,0.0,2.09,0.0,0.0,2.1,-2.8,0.0 (cmd -0.2),0.0 (cmd 0.0)
0.6349,-3.56,-0.19,0.0,1.98,0.0,0.0,2.0,-3.6,0.0 (cmd -0.2),0.0 (cmd 0.0)
0.6354,-4.35,-0.15,0.0,1.83,0.01,0.0,1.8,-4.3,0.0 (cmd -0.1),0.0 (cmd 0.0)
0.6359000000000001,-8.79,-0.01,0.0,1.52,0.03,0.0,1.5,-8.8,0.0 (cmd -0.0),0.0 (cmd 0.0)
0.6364,-16.33,0.29,0.0,1.5,0.08,0.0,1.5,-16.3,0.0 (cmd 0.3),0.0 (cmd 0.1)
0.6369,-27.52,0.6,0.0,1.58,0.16,0.0,1.6,-27.5,0.0 (cmd 0.6),0.0 (cmd 0.2)
0.6374,-33.9,0.6,0.0,1.41,0.18,0.0,1.4,-33.9,0.0 (cmd 0.6),0.0 (cmd 0.2)
0.6379,-39.33,0.6,0.0,1.4,0.24,0.0,1.4,-39.3,0.0 (cmd 0.6),0.0 (cmd 0.2)
0.6384000000000001,-44.44,0.6,0.0,1.28,0.23,0.0,1.3,-44.4,0.0 (cmd 0.6),0.0 (cmd 0.2)
0.6389,-48.94,0.6,0.0,1.36,0.23,0.0,1.4,-48.9,0.0 (cmd 0.6),0.0 (cmd 0.2)
0.6394,-52.46,0.6,0.0,1.33,0.22,0.0,1.3,-52.5,0.0 (cmd 0.6),0.0 (cmd 0.2)
0.6399,-54.58,0.6,0.0,1.19,0.2,0.0,1.2,-54.6,0.0 (cmd 0.6),0.0 (cmd 0.2)
0.6404000000000001,-54.31,0.6,0.0,1.04,0.19,0.0,1.0,-54.3,0.0 (cmd 0.6),0.0 (cmd 0.2)
0.6409000000000001,-52.71,0.41,0.0,0.73,0.16,0.0,0.7,-52.7,0.0 (cmd 0.4),0.0 (cmd 0.2)
0.6414,-46.83,0.04,0.0,0.88,0.12,0.0,0.9,-46.8,0.0 (cmd 0.0),0.0 (cmd 0.1)
0.6419,-36.39,-0.28,0.0,1.53,0.09,0.0,1.5,-36.4,0.0 (cmd -0.3),0.0 (cmd 0.1)
0.6424,-24.8,-0.6,0.0,2.04,0.05,0.0,2.0,-24.8,0.0 (cmd -0.6),0.0 (cmd 0.1)
0.6429000000000001,-18.41,-0.6,0.0,2.35,0.04,0.0,2.4,-18.4,0.0 (cmd -0.6),0.0 (cmd 0.0)
0.6434000000000001,-7.77,-0.6,0.0,2.41,0.03,0.0,2.4,-7.8,0.0 (cmd -0.6),0.0 (cmd 0.0)
0.6439,-1.22,-0.6,0.0,2.26,0.03,0.0,2.3,-1.2,0.0 (cmd -0.6),0.0 (cmd 0.0)
0.6444,1.26,-0.6,0.0,2.16,0.05,0.0,2.2,1.3,0.0 (cmd -0.6),0.0 (cmd 0.1)
0.6449,1.63,-0.6,0.0,2.85,0.04,0.0,2.9,1.6,0.0 (cmd -0.6),0.0 (cmd 0.0)
0.6454000000000001,-1.18,-0.6,0.0,2.97,0.01,0.0,3.0,-1.2,0.0 (cmd -0.6),0.0 (cmd 0.0)
0.6459000000000001,-1.05,-0.6,0.0,2.67,0.0,0.0,2.7,-1.1,0.0 (cmd -0.6),0.0 (cmd 0.0)
0.6464,-0.31,-0.6,0.0,2.31,-0.01,0.0,2.3,-0.3,0.0 (cmd -0.6),0.0 (cmd -0.0)
0.6469,-0.04,-0.53,0.0,2.55,-0.01,0.0,2.5,-0.0,0.0 (cmd -0.5),0.0 (cmd -0.0)
0.6474,-0.76,-0.44,0.0,2.62,-0.01,0.0,2.6,-0.8,0.0 (cmd -0.4),0.0 (cmd -0.0)
0.6479000000000001,-1.43,-0.32,0.0,2.16,0.0,0.0,2.2,-1.4,0.0 (cmd -0.3),0.0 (cmd 0.0)
0.6484000000000001,-1.76,-0.27,0.0,1.69,0.0,0.0,1.7,-1.8,0.0 (cmd -0.3),0.0 (cmd 0.0)
0.6489,-1.83,-0.23,0.0,1.37,0.0,0.0,1.4,-1.8,0.0 (cmd -0.2),0.0 (cmd 0.0)
0.6494,-1.82,-0.22,0.0,1.4,0.0,0.0,1.4,-1.8,0.0 (cmd -0.2),0.0 (cmd 0.0)
0.6498999999999999,-1.84,-0.2,0.0,1.49,0.0,0.0,1.5,-1.8,0.0 (cmd -0.2),0.0 (cmd 0.0)
0.6504000000000001,-1.95,-0.19,0.0,1.49,0.01,0.0,1.5,-1.9,0.0 (cmd -0.2),0.0 (cmd 0.0)
0.6509000000000001,-2.21,-0.18,0.0,1.4,0.01,0.0,1.4,-2.2,0.0 (cmd -0.2),0.0 (cmd 0.0)
0.6515,-2.42,-0.16,0.0,1.35,0.01,0.0,1.4,-2.4,0.0 (cmd -0.2),0.0 (cmd 0.0)
0.652,-2.93,-0.14,0.0,1.43,0.02,0.0,1.4,-2.9,0.0 (cmd -0.1),0.0 (cmd 0.0)
0.6525,-3.35,-0.12,0.0,1.45,0.02,0.0,1.4,-3.4,0.0 (cmd -0.1),0.0 (cmd 0.0)
0.653,-3.6,-0.1,0.0,1.46,0.02,0.0,1.5,-3.6,0.0 (cmd -0.1),0.0 (cmd 0.0)
0.6535,-3.66,-0.11,0.0,1.52,0.02,0.0,1.5,-3.7,0.0 (cmd -0.1),0.0 (cmd 0.0)
0.654,-4.85,-0.11,0.0,1.53,0.02,0.0,1.5,-4.8,0.0 (cmd -0.1),0.0 (cmd 0.0)
0.6545,-6.98,0.04,0.0,1.36,0.05,0.0,1.4,-7.0,0.0 (cmd 0.0),0.0 (cmd 0.1)
0.655,-7.24,0.02,0.0,0.25,0.04,0.0,0.2,-7.2,0.0 (cmd 0.0),0.0 (cmd 0.0)
0.6555,-8.27,0.01,0.0,-1.37,0.04,0.0,-1.4,-8.3,0.0 (cmd 0.0),0.0 (cmd 0.0)
0.656,-8.21,-0.02,0.0,-6.19,0.02,0.0,-6.2,-8.2,0.0 (cmd -0.0),0.0 (cmd 0.0)
0.6565,-8.34,-0.12,0.0,-11.2,-0.02,0.0,-11.2,-8.3,0.0 (cmd -0.1),0.0 (cmd -0.0)
0.657,-10.17,-0.16,0.0,-18.98,-0.13,0.0,-19.0,-10.2,0.0 (cmd -0.2),0.0 (cmd -0.1)
0.6575,-10.74,-0.15,0.0,-27.52,-0.18,0.0,-27.5,-10.7,0.0 (cmd -0.1),0.0 (cmd -0.2)
0.658,-10.42,-0.21,0.0,-36.44,-0.29,0.0,-36.4,-10.4,0.0 (cmd -0.2),0.0 (cmd -0.3)
0.6585,-9.59,-0.3,0.0,-43.05,-0.36,0.0,-43.0,-9.6,0.0 (cmd -0.3),0.0 (cmd -0.4)
0.659,-8.61,-0.41,0.0,-52.79,-0.43,0.0,-52.8,-8.6,0.0 (cmd -0.4),0.0 (cmd -0.4)
0.6595,-7.41,-0.51,0.0,-59.27,-0.44,0.0,-59.3,-7.4,0.0 (cmd -0.5),0.0 (cmd -0.4)
0.66,-7.2,-0.58,0.0,-61.01,-0.39,0.0,-61.0,-7.2,0.0 (cmd -0.6),0.0 (cmd -0.4)
0.6605,-7.09,-0.6,0.0,-60.26,-0.25,0.0,-60.3,-7.1,0.0 (cmd -0.6),0.0 (cmd -0.2)
0.661,-7.02,-0.6,0.0,-55.86,-0.04,0.0,-55.9,-7.0,0.0 (cmd -0.6),0.0 (cmd -0.0)
0.6615,-6.68,-0.6,0.0,-48.12,0.14,0.0,-48.1,-6.7,0.0 (cmd -0.6),0.0 (cmd 0.1)
0.662,-5.89,-0.53,0.0,-40.33,0.28,0.0,-40.3,-5.9,0.0 (cmd -0.5),0.0 (cmd 0.3)
0.6625,-4.81,-0.36,0.0,-23.95,0.34,0.0,-23.9,-4.8,0.0 (cmd -0.4),0.0 (cmd 0.3)
0.663,-3.2,-0.2,0.0,-8.2,0.32,0.0,-8.2,-3.2,0.0 (cmd -0.2),0.0 (cmd 0.3)
0.6635,-3.22,0.1,0.0,0.34,0.32,0.0,0.3,-3.2,0.0 (cmd 0.1),0.0 (cmd 0.3)
0.664,-4.55,0.41,0.0,6.68,0.37,0.0,6.7,-4.5,0.0 (cmd 0.4),0.0 (cmd 0.4)
0.6645,-5.85,0.47,0.0,8.01,0.34,0.0,8.0,-5.8,0.0 (cmd 0.5),0.0 (cmd 0.3)
0.665,-6.41,0.37,0.0,7.15,0.28,0.0,7.2,-6.4,0.0 (cmd 0.4),0.0 (cmd 0.3)
0.6655,-6.58,0.21,0.0,6.12,0.22,0.0,6.1,-6.6,0.0 (cmd 0.2),0.0 (cmd 0.2)
0.666,-7.24,0.12,0.0,5.55,0.17,0.0,5.5,-7.2,0.0 (cmd 0.1),0.0 (cmd 0.2)
0.6665,-7.47,0.04,0.0,4.07,0.14,0.0,4.1,-7.5,0.0 (cmd 0.0),0.0 (cmd 0.1)
0.667,-7.61,-0.01,0.0,2.04,0.1,0.0,2.0,-7.6,0.0 (cmd -0.0),0.0 (cmd 0.1)
0.6675,-7.78,-0.07,0.0,-0.87,0.05,0.0,-0.9,-7.8,0.0 (cmd -0.1),0.0 (cmd 0.1)
0.668,-7.97,-0.11,0.0,-5.34,0.02,0.0,-5.3,-8.0,0.0 (cmd -0.1),0.0 (cmd 0.0)
0.6685,-8.73,-0.16,0.0,-12.55,-0.02,0.0,-12.6,-8.7,0.0 (cmd -0.2),0.0 (cmd -0.0)
0.669,-8.79,-0.22,0.0,-20.5,-0.12,0.0,-20.5,-8.8,0.0 (cmd -0.2),0.0 (cmd -0.1)
0.6695,-9.15,-0.25,0.0,-32.59,-0.21,0.0,-32.6,-9.2,0.0 (cmd -0.2),0.0 (cmd -0.2)
0.67,-8.93,-0.31,0.0,-42.8,-0.34,0.0,-42.8,-8.9,0.0 (cmd -0.3),0.0 (cmd -0.3)
0.6705,-8.44,-0.37,0.0,-47.51,-0.42,0.0,-47.5,-8.4,0.0 (cmd -0.4),0.0 (cmd -0.4)
0.671,-7.9,-0.45,0.0,-54.43,-0.44,0.0,-54.4,-7.9,0.0 (cmd -0.5),0.0 (cmd -0.4)
0.6715,-7.66,-0.51,0.0,-57.08,-0.38,0.0,-57.1,-7.7,0.0 (cmd -0.5),0.0 (cmd -0.4)
0.672,-7.53,-0.56,0.0,-57.09,-0.25,0.0,-57.1,-7.5,0.0 (cmd -0.6),0.0 (cmd -0.2)
0.6725,-7.5,-0.58,0.0,-54.71,-0.07,0.0,-54.7,-7.5,0.0 (cmd -0.6),0.0 (cmd -0.1)
0.673,-7.76,-0.59,0.0,-47.22,0.12,0.0,-47.2,-7.8,0.0 (cmd -0.6),0.0 (cmd 0.1)
0.6735,-7.33,-0.49,0.0,-36.42,0.26,0.0,-36.4,-7.3,0.0 (cmd -0.5),0.0 (cmd 0.3)
0.674,-6.99,-0.36,0.0,-30.55,0.33,0.0,-30.6,-7.0,0.0 (cmd -0.4),0.0 (cmd 0.3)
0.6745,-6.08,-0.15,0.0,-12.64,0.33,0.0,-12.6,-6.1,0.0 (cmd -0.1),0.0 (cmd 0.3)
0.675,-4.99,0.17,0.0,-1.66,0.33,0.0,-1.7,-5.0,0.0 (cmd 0.2),0.0 (cmd 0.3)
0.6755,-7.06,0.32,0.0,4.23,0.34,0.0,4.2,-7.1,0.0 (cmd 0.3),0.0 (cmd 0.3)
0.676,-8.14,0.48,0.0,5.66,0.33,0.0,5.7,-8.1,0.0 (cmd 0.5),0.0 (cmd 0.3)
0.6765,-9.2,0.44,0.0,6.21,0.29,0.0,6.2,-9.2,0.0 (cmd 0.4),0.0 (cmd 0.3)
0.677,-9.16,0.26,0.0,5.39,0.23,0.0,5.4,-9.2,0.0 (cmd 0.3),0.0 (cmd 0.2)
0.6775,-9.75,0.14,0.0,4.53,0.18,0.0,4.5,-9.8,0.0 (cmd 0.1),0.0 (cmd 0.2)
0.678,-9.44,0.04,0.0,4.5,0.14,0.0,4.5,-9.4,0.0 (cmd 0.0),0.0 (cmd 0.1)
0.6785,-9.29,0.0,0.0,4.54,0.12,0.0,4.5,-9.3,0.0 (cmd 0.0),0.0 (cmd 0.1)
0.679,-8.56,-0.05,0.0,4.54,0.09,0.0,4.5,-8.6,0.0 (cmd -0.1),0.0 (cmd 0.1)
0.6795,-8.51,-0.1,0.0,4.44,0.07,0.0,4.4,-8.5,0.0 (cmd -0.1),0.0 (cmd 0.1)
0.68,-8.44,-0.11,0.0,4.19,0.06,0.0,4.2,-8.4,0.0 (cmd -0.1),0.0 (cmd 0.1)
0.6805,-8.01,-0.12,0.0,3.53,0.05,0.0,3.5,-8.0,0.0 (cmd -0.1),0.0 (cmd 0.1)
0.681,-7.89,-0.15,0.0,3.44,0.03,0.0,3.4,-7.9,0.0 (cmd -0.1),0.0 (cmd 0.0)
0.6815,-7.91,-0.15,0.0,3.16,0.03,0.0,3.2,-7.9,0.0 (cmd -0.1),0.0 (cmd 0.0)
0.682,-7.67,-0.15,0.0,2.65,0.02,0.0,2.6,-7.7,0.0 (cmd -0.1),0.0 (cmd 0.0)
0.6825,-7.52,-0.16,0.0,2.19,0.02,0.0,2.2,-7.5,0.0 (cmd -0.2),0.0 (cmd 0.0)
0.683,-7.28,-0.17,0.0,2.02,0.01,0.0,2.0,-7.3,0.0 (cmd -0.2),0.0 (cmd 0.0)
0.6835,-7.05,-0.18,0.0,1.78,0.01,0.0,1.8,-7.0,0.0 (cmd -0.2),0.0 (cmd 0.0)
0.684,-6.77,-0.18,0.0,1.49,0.01,0.0,1.5,-6.8,0.0 (cmd -0.2),0.0 (cmd 0.0)
0.6845,-6.71,-0.19,0.0,1.25,0.01,0.0,1.2,-6.7,0.0 (cmd -0.2),0.0 (cmd 0.0)
0.685,-6.55,-0.19,0.0,0.93,0.01,0.0,0.9,-6.5,0.0 (cmd -0.2),0.0 (cmd 0.0)
0.6855,-6.47,-0.18,0.0,0.86,0.01,0.0,0.9,-6.5,0.0 (cmd -0.2),0.0 (cmd 0.0)
0.686,-6.26,-0.18,0.0,0.83,0.01,0.0,0.8,-6.3,0.0 (cmd -0.2),0.0 (cmd 0.0)
0.6865,-6.05,-0.19,0.0,0.72,0.01,0.0,0.7,-6.0,0.0 (cmd -0.2),0.0 (cmd 0.0)
0.687,-5.72,-0.2,0.0,0.64,0.01,0.0,0.6,-5.7,0.0 (cmd -0.2),0.0 (cmd 0.0)
0.6875,-5.46,-0.2,0.0,0.61,0.01,0.0,0.6,-5.5,0.0 (cmd -0.2),0.0 (cmd 0.0)
0.688,-5.16,-0.21,0.0,0.58,0.01,0.0,0.6,-5.2,0.0 (cmd -0.2),0.0 (cmd 0.0)
0.6885,-5.06,-0.2,0.0,0.56,0.01,0.0,0.6,-5.1,0.0 (cmd -0.2),0.0 (cmd 0.0)
0.689,-4.99,-0.19,0.0,0.54,0.01,0.0,0.5,-5.0,0.0 (cmd -0.2),0.0 (cmd 0.0)
0.6895,-4.85,-0.19,0.0,0.49,0.01,0.0,0.5,-4.8,0.0 (cmd -0.2),0.0 (cmd 0.0)
0.69,-4.75,-0.19,0.0,0.35,0.01,0.0,0.3,-4.8,0.0 (cmd -0.2),0.0 (cmd 0.0)
0.6905,-4.57,-0.19,0.0,0.25,0.01,0.0,0.2,-4.6,0.0 (cmd -0.2),0.0 (cmd 0.0)
0.691,-4.55,-0.19,0.0,0.06,0.01,0.0,0.1,-4.5,0.0 (cmd -0.2),0.0 (cmd 0.0)
0.6915,-4.57,-0.18,0.0,0.07,0.01,0.0,0.1,-4.6,0.0 (cmd -0.2),0.0 (cmd 0.0)
0.692,-4.79,-0.17,0.0,0.16,0.02,0.0,0.2,-4.8,0.0 (cmd -0.2),0.0 (cmd 0.0)
0.6925,-5.14,-0.15,0.0,0.37,0.02,0.0,0.4,-5.1,0.0 (cmd -0.1),0.0 (cmd 0.0)
0.693,-5.3,-0.13,0.0,0.7,0.03,0.0,0.7,-5.3,0.0 (cmd -0.1),0.0 (cmd 0.0)
0.6935,-5.3,-0.13,0.0,1.03,0.03,0.0,1.0,-5.3,0.0 (cmd -0.1),0.0 (cmd 0.0)
0.694,-5.29,-0.13,0.0,1.06,0.03,0.0,1.1,-5.3,0.0 (cmd -0.1),0.0 (cmd 0.0)
0.6945,-5.24,-0.14,0.0,0.97,0.03,0.0,1.0,-5.2,0.0 (cmd -0.1),0.0 (cmd 0.0)
0.695,-5.22,-0.14,0.0,0.98,0.03,0.0,1.0,-5.2,0.0 (cmd -0.1),0.0 (cmd 0.0)
0.6955,-5.31,-0.14,0.0,0.94,0.02,0.0,0.9,-5.3,0.0 (cmd -0.1),0.0 (cmd 0.0)
0.696,-7.08,-0.13,0.0,0.88,0.03,0.0,0.9,-7.1,0.0 (cmd -0.1),0.0 (cmd 0.0)
0.6965,-8.83,-0.02,0.0,0.75,0.04,0.0,0.8,-8.8,0.0 (cmd -0.0),0.0 (cmd 0.0)
0.697,-12.19,0.07,0.0,0.72,0.06,0.0,0.7,-12.2,0.0 (cmd 0.1),0.0 (cmd 0.1)
0.6975,-15.85,0.3,0.0,0.81,0.1,0.0,0.8,-15.8,0.0 (cmd 0.3),0.0 (cmd 0.1)
0.698,-20.06,0.26,0.0,1.3,0.09,0.0,1.3,-20.1,0.0 (cmd 0.3),0.0 (cmd 0.1)
0.6985,-28.29,0.49,0.0,1.71,0.13,0.0,1.7,-28.3,0.0 (cmd 0.5),0.0 (cmd 0.1)
0.699,-34.56,0.6,0.0,2.64,0.22,0.0,2.6,-34.6,0.0 (cmd 0.6),0.0 (cmd 0.2)
0.6995,-37.73,0.6,0.0,2.89,0.22,0.0,2.9,-37.7,0.0 (cmd 0.6),0.0 (cmd 0.2)
0.7,-37.75,0.6,0.0,2.66,0.19,0.0,2.7,-37.8,0.0 (cmd 0.6),0.0 (cmd 0.2)
0.7005,-37.04,0.55,0.0,2.37,0.15,0.0,2.4,-37.0,0.0 (cmd 0.6),0.0 (cmd 0.1)
0.701,-34.01,0.25,0.0,2.33,0.12,0.0,2.3,-34.0,0.0 (cmd 0.2),0.0 (cmd 0.1)
0.7015,-27.13,0.04,0.0,2.5,0.09,0.0,2.5,-27.1,0.0 (cmd 0.0),0.0 (cmd 0.1)
0.702,-24.28,-0.29,0.0,2.36,0.06,0.0,2.4,-24.3,0.0 (cmd -0.3),0.0 (cmd 0.1)
0.7025,-14.51,-0.55,0.0,1.81,0.04,0.0,1.8,-14.5,0.0 (cmd -0.6),0.0 (cmd 0.0)
0.703,-8.6,-0.6,0.0,0.25,0.03,0.0,0.2,-8.6,0.0 (cmd -0.6),0.0 (cmd 0.0)
0.7035,-4.1,-0.6,0.0,-1.5,0.01,0.0,-1.5,-4.1,0.0 (cmd -0.6),0.0 (cmd 0.0)
0.704,-3.44,-0.6,0.0,-5.97,-0.01,0.0,-6.0,-3.4,0.0 (cmd -0.6),0.0 (cmd -0.0)
0.7045,-2.49,-0.6,0.0,-11.32,-0.08,0.0,-11.3,-2.5,0.0 (cmd -0.6),0.0 (cmd -0.1)
0.705,-2.09,-0.6,0.0,-19.5,-0.15,0.0,-19.5,-2.1,0.0 (cmd -0.6),0.0 (cmd -0.1)
0.7055,-1.39,-0.6,0.0,-24.6,-0.31,0.0,-24.6,-1.4,0.0 (cmd -0.6),0.0 (cmd -0.3)
0.706,-0.06,-0.6,0.0,-29.8,-0.34,0.0,-29.8,-0.1,0.0 (cmd -0.6),0.0 (cmd -0.3)
0.7065,1.01,-0.6,0.0,-32.46,-0.3,0.0,-32.5,1.0,0.0 (cmd -0.6),0.0 (cmd -0.3)
0.707,0.99,-0.6,0.0,-33.52,-0.23,0.0,-33.5,1.0,0.0 (cmd -0.6),0.0 (cmd -0.2)
0.7075,0.93,-0.6,0.0,-32.08,-0.1,0.0,-32.1,0.9,0.0 (cmd -0.6),0.0 (cmd -0.1)
0.708,0.39,-0.6,0.0,-29.19,0.05,0.0,-29.2,0.4,0.0 (cmd -0.6),0.0 (cmd 0.1)
0.7085,-0.26,-0.55,0.0,-23.02,0.14,0.0,-23.0,-0.3,0.0 (cmd -0.6),0.0 (cmd 0.1)
0.709,-1.53,-0.38,0.0,-21.92,0.21,0.0,-21.9,-1.5,0.0 (cmd -0.4),0.0 (cmd 0.2)
0.7095,-2.55,-0.18,0.0,-10.99,0.26,0.0,-11.0,-2.5,0.0 (cmd -0.2),0.0 (cmd 0.3)
0.71,-5.34,0.0,0.0,-4.73,0.27,0.0,-4.7,-5.3,0.0 (cmd 0.0),0.0 (cmd 0.3)
0.7105,-14.12,0.27,0.0,-1.08,0.28,0.0,-1.1,-14.1,0.0 (cmd 0.3),0.0 (cmd 0.3)
0.711,-19.25,0.6,0.0,0.72,0.33,0.0,0.7,-19.2,0.0 (cmd 0.6),0.0 (cmd 0.3)
0.7115,-28.65,0.6,0.0,2.07,0.37,0.0,2.1,-28.6,0.0 (cmd 0.6),0.0 (cmd 0.4)
0.712,-35.97,0.6,0.0,5.14,0.34,0.0,5.1,-36.0,0.0 (cmd 0.6),0.0 (cmd 0.3)
0.7125,-38.12,0.6,0.0,5.76,0.34,0.0,5.8,-38.1,0.0 (cmd 0.6),0.0 (cmd 0.3)
0.713,-37.85,0.6,0.0,4.58,0.28,0.0,4.6,-37.9,0.0 (cmd 0.6),0.0 (cmd 0.3)
0.7135,-35.88,0.6,0.0,3.69,0.2,0.0,3.7,-35.9,0.0 (cmd 0.6),0.0 (cmd 0.2)
0.714,-30.51,0.35,0.0,3.26,0.14,0.0,3.3,-30.5,0.0 (cmd 0.3),0.0 (cmd 0.1)
0.7145,-23.94,-0.08,0.0,2.81,0.09,0.0,2.8,-23.9,0.0 (cmd -0.1),0.0 (cmd 0.1)
0.715,-19.43,-0.56,0.0,1.43,0.04,0.0,1.4,-19.4,0.0 (cmd -0.6),0.0 (cmd 0.0)
0.7155,-13.7,-0.52,0.0,-4.47,0.02,0.0,-4.5,-13.7,0.0 (cmd -0.5),0.0 (cmd 0.0)
0.716,-10.55,-0.6,0.0,-9.57,-0.03,0.0,-9.6,-10.6,0.0 (cmd -0.6),0.0 (cmd -0.0)
0.7165,-11.21,-0.6,0.0,-14.21,-0.12,0.0,-14.2,-11.2,0.0 (cmd -0.6),0.0 (cmd -0.1)
0.717,-10.21,-0.6,0.0,-16.93,-0.14,0.0,-16.9,-10.2,0.0 (cmd -0.6),0.0 (cmd -0.1)
0.7175,-7.96,-0.6,0.0,-17.64,-0.12,0.0,-17.6,-8.0,0.0 (cmd -0.6),0.0 (cmd -0.1)
0.718,-6.27,-0.6,0.0,-17.52,-0.09,0.0,-17.5,-6.3,0.0 (cmd -0.6),0.0 (cmd -0.1)
0.7185,-4.85,-0.6,0.0,-16.77,-0.06,0.0,-16.8,-4.8,0.0 (cmd -0.6),0.0 (cmd -0.1)
0.719,-2.95,-0.6,0.0,-15.9,-0.01,0.0,-15.9,-3.0,0.0 (cmd -0.6),0.0 (cmd -0.0)
0.7195,-1.4,-0.6,0.0,-14.71,0.01,0.0,-14.7,-1.4,0.0 (cmd -0.6),0.0 (cmd 0.0)
0.72,0.65,-0.6,0.0,-13.44,0.02,0.0,-13.4,0.7,0.0 (cmd -0.6),0.0 (cmd 0.0)
0.7205,1.39,-0.6,0.0,-12.41,0.04,0.0,-12.4,1.4,0.0 (cmd -0.6),0.0 (cmd 0.0)
0.721,2.56,-0.59,0.0,-12.1,0.05,0.0,-12.1,2.6,0.0 (cmd -0.6),0.0 (cmd 0.1)
0.7215,3.05,-0.59,0.0,-11.93,0.05,0.0,-11.9,3.0,0.0 (cmd -0.6),0.0 (cmd 0.1)
0.722,4.81,-0.56,0.0,-10.67,0.06,0.0,-10.7,4.8,0.0 (cmd -0.6),0.0 (cmd 0.1)
0.7225,5.3,-0.56,0.0,-10.52,0.07,0.0,-10.5,5.3,0.0 (cmd -0.6),0.0 (cmd 0.1)
0.723,5.44,-0.52,0.0,-8.53,0.07,0.0,-8.5,5.4,0.0 (cmd -0.5),0.0 (cmd 0.1)
0.7235,4.93,-0.43,0.0,-5.76,0.11,0.0,-5.8,4.9,0.0 (cmd -0.4),0.0 (cmd 0.1)
0.724,-2.56,-0.21,0.0,-2.92,0.15,0.0,-2.9,-2.6,0.0 (cmd -0.2),0.0 (cmd 0.1)
0.7245,-7.77,0.25,0.0,-0.62,0.22,0.0,-0.6,-7.8,0.0 (cmd 0.2),0.0 (cmd 0.2)
0.725,-12.72,0.5,0.0,2.87,0.24,0.0,2.9,-12.7,0.0 (cmd 0.5),0.0 (cmd 0.2)
0.7255,-25.01,0.6,0.0,4.95,0.29,0.0,5.0,-25.0,0.0 (cmd 0.6),0.0 (cmd 0.3)
0.726,-33.72,0.6,0.0,8.22,0.39,0.0,8.2,-33.7,0.0 (cmd 0.6),0.0 (cmd 0.4)
0.7265,-33.97,0.6,0.0,9.6,0.36,0.0,9.6,-34.0,0.0 (cmd 0.6),0.0 (cmd 0.4)
0.727,-31.96,0.6,0.0,10.63,0.27,0.0,10.6,-32.0,0.0 (cmd 0.6),0.0 (cmd 0.3)
0.7275,-30.27,0.6,0.0,11.95,0.2,0.0,11.9,-30.3,0.0 (cmd 0.6),0.0 (cmd 0.2)
0.728,-23.79,0.23,0.0,13.07,0.14,0.0,13.1,-23.8,0.0 (cmd 0.2),0.0 (cmd 0.1)
0.7285,-23.4,-0.13,0.0,13.62,0.11,0.0,13.6,-23.4,0.0 (cmd -0.1),0.0 (cmd 0.1)
0.729,-23.43,-0.13,0.0,11.75,0.11,0.0,11.8,-23.4,0.0 (cmd -0.1),0.0 (cmd 0.1)
0.7295,-23.18,-0.16,0.0,3.87,0.11,0.0,3.9,-23.2,0.0 (cmd -0.2),0.0 (cmd 0.1)
0.73,-20.24,-0.2,0.0,-3.87,0.06,0.0,-3.9,-20.2,0.0 (cmd -0.2),0.0 (cmd 0.1)
0.7305,-18.3,-0.39,0.0,-11.21,-0.09,0.0,-11.2,-18.3,0.0 (cmd -0.4),0.0 (cmd -0.1)
0.731,-13.06,-0.5,0.0,-20.91,-0.21,0.0,-20.9,-13.1,0.0 (cmd -0.5),0.0 (cmd -0.2)
0.7315,-7.83,-0.6,0.0,-29.23,-0.37,0.0,-29.2,-7.8,0.0 (cmd -0.6),0.0 (cmd -0.4)
0.732,-5.47,-0.6,0.0,-35.66,-0.5,0.0,-35.7,-5.5,0.0 (cmd -0.6),0.0 (cmd -0.5)
0.7325,-1.98,-0.6,0.0,-39.23,-0.47,0.0,-39.2,-2.0,0.0 (cmd -0.6),0.0 (cmd -0.5)
0.733,1.2,-0.6,0.0,-38.0,-0.37,0.0,-38.0,1.2,0.0 (cmd -0.6),0.0 (cmd -0.4)
0.7335,2.59,-0.6,0.0,-34.04,-0.18,0.0,-34.0,2.6,0.0 (cmd -0.6),0.0 (cmd -0.2)
0.734,4.26,-0.6,0.0,-25.84,0.04,0.0,-25.8,4.3,0.0 (cmd -0.6),0.0 (cmd 0.0)
0.7345,5.27,-0.6,0.0,-17.68,0.13,0.0,-17.7,5.3,0.0 (cmd -0.6),0.0 (cmd 0.1)
0.735,5.0,-0.6,0.0,-13.25,0.16,0.0,-13.2,5.0,0.0 (cmd -0.6),0.0 (cmd 0.2)
0.7355,1.37,-0.5,0.0,-14.08,0.19,0.0,-14.1,1.4,0.0 (cmd -0.5),0.0 (cmd 0.2)
0.736,-4.04,-0.12,0.0,-12.34,0.24,0.0,-12.3,-4.0,0.0 (cmd -0.1),0.0 (cmd 0.2)
0.7365,-10.78,0.16,0.0,-8.8,0.28,0.0,-8.8,-10.8,0.0 (cmd 0.2),0.0 (cmd 0.3)
0.737,-16.94,0.43,0.0,-6.19,0.3,0.0,-6.2,-16.9,0.0 (cmd 0.4),0.0 (cmd 0.3)
0.7375,-33.19,0.6,0.0,-2.47,0.36,0.0,-2.5,-33.2,0.0 (cmd 0.6),0.0 (cmd 0.4)
0.738,-37.88,0.6,0.0,1.72,0.38,0.0,1.7,-37.9,0.0 (cmd 0.6),0.0 (cmd 0.4)
0.7385,-45.15,0.6,0.0,5.2,0.36,0.0,5.2,-45.1,0.0 (cmd 0.6),0.0 (cmd 0.4)
0.739,-45.47,0.6,0.0,7.65,0.4,0.0,7.7,-45.5,0.0 (cmd 0.6),0.0 (cmd 0.4)
0.7395,-43.26,0.6,0.0,8.23,0.3,0.0,8.2,-43.3,0.0 (cmd 0.6),0.0 (cmd 0.3)
0.74,-34.38,0.53,0.0,10.06,0.19,0.0,10.1,-34.4,0.0 (cmd 0.5),0.0 (cmd 0.2)
0.7405,-29.08,0.04,0.0,11.25,0.13,0.0,11.2,-29.1,0.0 (cmd 0.0),0.0 (cmd 0.1)
0.741,-26.67,-0.38,0.0,11.25,0.1,0.0,11.2,-26.7,0.0 (cmd -0.4),0.0 (cmd 0.1)
0.7415,-24.48,-0.41,0.0,5.32,0.09,0.0,5.3,-24.5,0.0 (cmd -0.4),0.0 (cmd 0.1)
0.742,-22.43,-0.44,0.0,-4.43,0.04,0.0,-4.4,-22.4,0.0 (cmd -0.4),0.0 (cmd 0.0)
0.7425,-20.87,-0.52,0.0,-13.73,-0.05,0.0,-13.7,-20.9,0.0 (cmd -0.5),0.0 (cmd -0.1)
0.743,-20.18,-0.54,0.0,-21.01,-0.16,0.0,-21.0,-20.2,0.0 (cmd -0.5),0.0 (cmd -0.2)
0.7435,-17.52,-0.5,0.0,-29.3,-0.21,0.0,-29.3,-17.5,0.0 (cmd -0.5),0.0 (cmd -0.2)
0.744,-12.2,-0.6,0.0,-33.09,-0.3,0.0,-33.1,-12.2,0.0 (cmd -0.6),0.0 (cmd -0.3)
0.7445,-3.84,-0.6,0.0,-35.36,-0.32,0.0,-35.4,-3.8,0.0 (cmd -0.6),0.0 (cmd -0.3)
0.745,2.63,-0.6,0.0,-33.97,-0.31,0.0,-34.0,2.6,0.0 (cmd -0.6),0.0 (cmd -0.3)
0.7455,4.14,-0.6,0.0,-29.18,-0.17,0.0,-29.2,4.1,0.0 (cmd -0.6),0.0 (cmd -0.2)
0.746,5.13,-0.6,0.0,-22.21,-0.02,0.0,-22.2,5.1,0.0 (cmd -0.6),0.0 (cmd -0.0)
0.7465,5.75,-0.6,0.0,-14.94,0.1,0.0,-14.9,5.8,0.0 (cmd -0.6),0.0 (cmd 0.1)
0.747,6.18,-0.6,0.0,-14.72,0.11,0.0,-14.7,6.2,0.0 (cmd -0.6),0.0 (cmd 0.1)
0.7475,5.32,-0.6,0.0,-14.46,0.12,0.0,-14.5,5.3,0.0 (cmd -0.6),0.0 (cmd 0.1)
0.748,-3.88,-0.34,0.0,-10.47,0.2,0.0,-10.5,-3.9,0.0 (cmd -0.3),0.0 (cmd 0.2)
0.7485,-18.99,0.6,0.0,-5.92,0.34,0.0,-5.9,-19.0,0.0 (cmd 0.6),0.0 (cmd 0.3)
0.749,-30.8,0.6,0.0,-1.62,0.36,0.0,-1.6,-30.8,0.0 (cmd 0.6),0.0 (cmd 0.4)
0.7495,-37.04,0.6,0.0,2.04,0.4,0.0,2.0,-37.0,0.0 (cmd 0.6),0.0 (cmd 0.4)
0.75,-39.67,0.6,0.0,7.07,0.4,0.0,7.1,-39.7,0.0 (cmd 0.6),0.0 (cmd 0.4)
0.7505,-40.95,0.6,0.0,9.1,0.38,0.0,9.1,-41.0,0.0 (cmd 0.6),0.0 (cmd 0.4)
0.751,-37.34,0.6,0.0,9.23,0.29,0.0,9.2,-37.3,0.0 (cmd 0.6),0.0 (cmd 0.3)
0.7515,-33.35,0.4,0.0,9.92,0.17,0.0,9.9,-33.4,0.0 (cmd 0.4),0.0 (cmd 0.2)
0.752,-24.06,-0.14,0.0,10.49,0.11,0.0,10.5,-24.1,0.0 (cmd -0.1),0.0 (cmd 0.1)
0.7525,-21.64,-0.37,0.0,8.32,0.09,0.0,8.3,-21.6,0.0 (cmd -0.4),0.0 (cmd 0.1)
0.753,-20.75,-0.47,0.0,3.04,0.07,0.0,3.0,-20.8,0.0 (cmd -0.5),0.0 (cmd 0.1)
0.7535,-18.76,-0.5,0.0,-5.89,0.01,0.0,-5.9,-18.8,0.0 (cmd -0.5),0.0 (cmd 0.0)
0.754,-16.4,-0.55,0.0,-16.13,-0.08,0.0,-16.1,-16.4,0.0 (cmd -0.6),0.0 (cmd -0.1)
0.7545,-13.63,-0.53,0.0,-19.99,-0.2,0.0,-20.0,-13.6,0.0 (cmd -0.5),0.0 (cmd -0.2)
0.755,-11.08,-0.6,0.0,-27.21,-0.33,0.0,-27.2,-11.1,0.0 (cmd -0.6),0.0 (cmd -0.3)
0.7555,-6.89,-0.6,0.0,-31.26,-0.31,0.0,-31.3,-6.9,0.0 (cmd -0.6),0.0 (cmd -0.3)
0.756,-6.45,-0.6,0.0,-31.83,-0.28,0.0,-31.8,-6.5,0.0 (cmd -0.6),0.0 (cmd -0.3)
0.7565,-3.48,-0.6,0.0,-28.79,-0.14,0.0,-28.8,-3.5,0.0 (cmd -0.6),0.0 (cmd -0.1)
0.757,-2.39,-0.6,0.0,-21.38,0.0,0.0,-21.4,-2.4,0.0 (cmd -0.6),0.0 (cmd 0.0)
0.7575,-1.99,-0.6,0.0,-13.89,0.1,0.0,-13.9,-2.0,0.0 (cmd -0.6),0.0 (cmd 0.1)
0.758,-2.28,-0.56,0.0,-13.58,0.14,0.0,-13.6,-2.3,0.0 (cmd -0.6),0.0 (cmd 0.1)
0.7585,-3.14,-0.46,0.0,-14.45,0.14,0.0,-14.4,-3.1,0.0 (cmd -0.5),0.0 (cmd 0.1)
0.759,-4.06,-0.38,0.0,-12.34,0.14,0.0,-12.3,-4.1,0.0 (cmd -0.4),0.0 (cmd 0.1)
0.7595,-6.55,-0.28,0.0,-9.15,0.16,0.0,-9.2,-6.5,0.0 (cmd -0.3),0.0 (cmd 0.2)
0.76,-9.24,-0.08,0.0,-7.57,0.19,0.0,-7.6,-9.2,0.0 (cmd -0.1),0.0 (cmd 0.2)
0.7605,-20.26,0.21,0.0,-6.2,0.22,0.0,-6.2,-20.3,0.0 (cmd 0.2),0.0 (cmd 0.2)
0.761,-25.61,0.6,0.0,-4.8,0.27,0.0,-4.8,-25.6,0.0 (cmd 0.6),0.0 (cmd 0.3)
0.7615,-30.68,0.6,0.0,-3.92,0.24,0.0,-3.9,-30.7,0.0 (cmd 0.6),0.0 (cmd 0.2)
0.762,-31.05,0.6,0.0,-2.3,0.24,0.0,-2.3,-31.1,0.0 (cmd 0.6),0.0 (cmd 0.2)
0.7625,-30.58,0.6,0.0,-0.64,0.2,0.0,-0.6,-30.6,0.0 (cmd 0.6),0.0 (cmd 0.2)
0.763,-28.9,0.5,0.0,0.6,0.18,0.0,0.6,-28.9,0.0 (cmd 0.5),0.0 (cmd 0.2)
0.7635,-27.34,0.25,0.0,1.65,0.14,0.0,1.6,-27.3,0.0 (cmd 0.2),0.0 (cmd 0.1)
0.764,-20.88,-0.05,0.0,2.22,0.11,0.0,2.2,-20.9,0.0 (cmd -0.1),0.0 (cmd 0.1)
0.7645,-13.31,-0.44,0.0,2.37,0.06,0.0,2.4,-13.3,0.0 (cmd -0.4),0.0 (cmd 0.1)
0.765,-3.72,-0.6,0.0,3.2,0.03,0.0,3.2,-3.7,0.0 (cmd -0.6),0.0 (cmd 0.0)
0.7655,-0.83,-0.6,0.0,2.88,0.02,0.0,2.9,-0.8,0.0 (cmd -0.6),0.0 (cmd 0.0)
0.766,-1.07,-0.6,0.0,0.94,0.0,0.0,0.9,-1.1,0.0 (cmd -0.6),0.0 (cmd 0.0)
0.7665,-0.93,-0.6,0.0,-4.75,-0.03,0.0,-4.8,-0.9,0.0 (cmd -0.6),0.0 (cmd -0.0)
0.767,-0.38,-0.6,0.0,-9.38,-0.1,0.0,-9.4,-0.4,0.0 (cmd -0.6),0.0 (cmd -0.1)
0.7675,-0.33,-0.6,0.0,-14.62,-0.2,0.0,-14.6,-0.3,0.0 (cmd -0.6),0.0 (cmd -0.2)
0.768,-0.22,-0.56,0.0,-18.82,-0.2,0.0,-18.8,-0.2,0.0 (cmd -0.6),0.0 (cmd -0.2)
0.7685,0.42,-0.55,0.0,-21.19,-0.18,0.0,-21.2,0.4,0.0 (cmd -0.6),0.0 (cmd -0.2)
0.769,1.91,-0.57,0.0,-23.53,-0.18,0.0,-23.5,1.9,0.0 (cmd -0.6),0.0 (cmd -0.2)
0.7695,3.24,-0.6,0.0,-25.86,-0.15,0.0,-25.9,3.2,0.0 (cmd -0.6),0.0 (cmd -0.1)
0.77,4.4,-0.6,0.0,-26.37,-0.09,0.0,-26.4,4.4,0.0 (cmd -0.6),0.0 (cmd -0.1)
0.7705,4.7,-0.6,0.0,-25.84,-0.02,0.0,-25.8,4.7,0.0 (cmd -0.6),0.0 (cmd -0.0)
0.771,5.09,-0.6,0.0,-23.5,0.07,0.0,-23.5,5.1,0.0 (cmd -0.6),0.0 (cmd 0.1)
0.7715,5.32,-0.59,0.0,-18.24,0.12,0.0,-18.2,5.3,0.0 (cmd -0.6),0.0 (cmd 0.1)
0.772,5.53,-0.51,0.0,-14.94,0.16,0.0,-14.9,5.5,0.0 (cmd -0.5),0.0 (cmd 0.2)
0.7725,5.86,-0.43,0.0,-13.21,0.19,0.0,-13.2,5.9,0.0 (cmd -0.4),0.0 (cmd 0.2)
0.773,6.57,-0.44,0.0,-13.63,0.17,0.0,-13.6,6.6,0.0 (cmd -0.4),0.0 (cmd 0.2)
0.7735,7.18,-0.45,0.0,-12.99,0.15,0.0,-13.0,7.2,0.0 (cmd -0.5),0.0 (cmd 0.1)
0.774,7.49,-0.45,0.0,-10.61,0.15,0.0,-10.6,7.5,0.0 (cmd -0.5),0.0 (cmd 0.1)
0.7745,7.52,-0.39,0.0,-7.73,0.17,0.0,-7.7,7.5,0.0 (cmd -0.4),0.0 (cmd 0.2)
0.775,7.02,-0.33,0.0,-4.37,0.17,0.0,-4.4,7.0,0.0 (cmd -0.3),0.0 (cmd 0.2)
0.7755,6.07,-0.25,0.0,-2.81,0.17,0.0,-2.8,6.1,0.0 (cmd -0.2),0.0 (cmd 0.2)
0.776,-3.29,-0.01,0.0,-0.91,0.2,0.0,-0.9,-3.3,0.0 (cmd -0.0),0.0 (cmd 0.2)
0.7765,-12.92,0.59,0.0,1.67,0.29,0.0,1.7,-12.9,0.0 (cmd 0.6),0.0 (cmd 0.3)
0.777,-21.62,0.6,0.0,5.03,0.32,0.0,5.0,-21.6,0.0 (cmd 0.6),0.0 (cmd 0.3)
0.7775,-28.87,0.6,0.0,6.78,0.4,0.0,6.8,-28.9,0.0 (cmd 0.6),0.0 (cmd 0.4)
0.778,-26.36,0.6,0.0,9.37,0.33,0.0,9.4,-26.4,0.0 (cmd 0.6),0.0 (cmd 0.3)
0.7785,-23.87,0.6,0.0,10.09,0.24,0.0,10.1,-23.9,0.0 (cmd 0.6),0.0 (cmd 0.2)
0.779,-23.16,0.49,0.0,9.23,0.17,0.0,9.2,-23.2,0.0 (cmd 0.5),0.0 (cmd 0.2)
0.7795,-23.13,0.26,0.0,7.48,0.13,0.0,7.5,-23.1,0.0 (cmd 0.3),0.0 (cmd 0.1)
0.78,-22.16,0.12,0.0,4.66,0.1,0.0,4.7,-22.2,0.0 (cmd 0.1),0.0 (cmd 0.1)
0.7805,-18.97,-0.07,0.0,-3.32,0.06,0.0,-3.3,-19.0,0.0 (cmd -0.1),0.0 (cmd 0.1)
0.781,-16.75,-0.25,0.0,-9.71,-0.03,0.0,-9.7,-16.8,0.0 (cmd -0.2),0.0 (cmd -0.0)
0.7815,-13.63,-0.39,0.0,-16.1,-0.17,0.0,-16.1,-13.6,0.0 (cmd -0.4),0.0 (cmd -0.2)
0.782,-9.45,-0.51,0.0,-22.31,-0.22,0.0,-22.3,-9.4,0.0 (cmd -0.5),0.0 (cmd -0.2)
0.7825,-4.17,-0.6,0.0,-25.38,-0.29,0.0,-25.4,-4.2,0.0 (cmd -0.6),0.0 (cmd -0.3)
0.783,-2.35,-0.6,0.0,-27.69,-0.3,0.0,-27.7,-2.4,0.0 (cmd -0.6),0.0 (cmd -0.3)
0.7835,-0.97,-0.6,0.0,-27.89,-0.21,0.0,-27.9,-1.0,0.0 (cmd -0.6),0.0 (cmd -0.2)
0.784,-0.61,-0.6,0.0,-25.06,-0.09,0.0,-25.1,-0.6,0.0 (cmd -0.6),0.0 (cmd -0.1)
0.7845,0.66,-0.6,0.0,-20.97,0.02,0.0,-21.0,0.7,0.0 (cmd -0.6),0.0 (cmd 0.0)
0.785,4.14,-0.6,0.0,-15.31,0.09,0.0,-15.3,4.1,0.0 (cmd -0.6),0.0 (cmd 0.1)
0.7855,5.9,-0.6,0.0,-12.02,0.1,0.0,-12.0,5.9,0.0 (cmd -0.6),0.0 (cmd 0.1)
0.786,6.61,-0.6,0.0,-11.81,0.1,0.0,-11.8,6.6,0.0 (cmd -0.6),0.0 (cmd 0.1)
0.7865,6.61,-0.6,0.0,-11.44,0.1,0.0,-11.4,6.6,0.0 (cmd -0.6),0.0 (cmd 0.1)
0.787,5.39,-0.55,0.0,-11.83,0.11,0.0,-11.8,5.4,0.0 (cmd -0.6),0.0 (cmd 0.1)
0.7875,2.66,-0.41,0.0,-11.28,0.13,0.0,-11.3,2.7,0.0 (cmd -0.4),0.0 (cmd 0.1)
0.788,-2.26,-0.23,0.0,-8.9,0.16,0.0,-8.9,-2.3,0.0 (cmd -0.2),0.0 (cmd 0.2)
0.7885,-8.33,0.23,0.0,-6.31,0.25,0.0,-6.3,-8.3,0.0 (cmd 0.2),0.0 (cmd 0.2)
0.789,-16.58,0.45,0.0,-2.78,0.27,0.0,-2.8,-16.6,0.0 (cmd 0.5),0.0 (cmd 0.3)
0.7895,-21.32,0.6,0.0,-0.53,0.3,0.0,-0.5,-21.3,0.0 (cmd 0.6),0.0 (cmd 0.3)
0.79,-24.23,0.6,0.0,2.05,0.3,0.0,2.0,-24.2,0.0 (cmd 0.6),0.0 (cmd 0.3)
0.7905,-32.57,0.6,0.0,4.46,0.31,0.0,4.5,-32.6,0.0 (cmd 0.6),0.0 (cmd 0.3)
0.791,-36.01,0.6,0.0,5.66,0.32,0.0,5.7,-36.0,0.0 (cmd 0.6),0.0 (cmd 0.3)
0.7915,-34.96,0.6,0.0,6.2,0.26,0.0,6.2,-35.0,0.0 (cmd 0.6),0.0 (cmd 0.3)
0.792,-32.01,0.56,0.0,6.98,0.18,0.0,7.0,-32.0,0.0 (cmd 0.6),0.0 (cmd 0.2)
0.7925,-28.57,0.33,0.0,8.12,0.15,0.0,8.1,-28.6,0.0 (cmd 0.3),0.0 (cmd 0.1)
0.793,-19.4,-0.19,0.0,8.79,0.09,0.0,8.8,-19.4,0.0 (cmd -0.2),0.0 (cmd 0.1)
0.7935,-18.69,-0.48,0.0,9.34,0.07,0.0,9.3,-18.7,0.0 (cmd -0.5),0.0 (cmd 0.1)
0.794,-12.45,-0.6,0.0,8.66,0.07,0.0,8.7,-12.4,0.0 (cmd -0.6),0.0 (cmd 0.1)
0.7945,-12.5,-0.6,0.0,3.0,0.06,0.0,3.0,-12.5,0.0 (cmd -0.6),0.0 (cmd 0.1)
0.795,-11.73,-0.52,0.0,-2.9,0.02,0.0,-2.9,-11.7,0.0 (cmd -0.5),0.0 (cmd 0.0)
0.7955,-8.0,-0.6,0.0,-10.52,-0.08,0.0,-10.5,-8.0,0.0 (cmd -0.6),0.0 (cmd -0.1)
0.796,-5.36,-0.6,0.0,-18.07,-0.2,0.0,-18.1,-5.4,0.0 (cmd -0.6),0.0 (cmd -0.2)
0.7965,-3.21,-0.6,0.0,-22.51,-0.32,0.0,-22.5,-3.2,0.0 (cmd -0.6),0.0 (cmd -0.3)
0.797,-2.94,-0.6,0.0,-27.36,-0.36,0.0,-27.4,-2.9,0.0 (cmd -0.6),0.0 (cmd -0.4)
0.7975,-0.84,-0.6,0.0,-29.55,-0.31,0.0,-29.6,-0.8,0.0 (cmd -0.6),0.0 (cmd -0.3)
0.798,1.77,-0.6,0.0,-29.55,-0.23,0.0,-29.6,1.8,0.0 (cmd -0.6),0.0 (cmd -0.2)
0.7985,2.14,-0.6,0.0,-26.18,-0.11,0.0,-26.2,2.1,0.0 (cmd -0.6),0.0 (cmd -0.1)
0.799,3.23,-0.6,0.0,-19.4,0.04,0.0,-19.4,3.2,0.0 (cmd -0.6),0.0 (cmd 0.0)
0.7995,5.47,-0.6,0.0,-13.62,0.13,0.0,-13.6,5.5,0.0 (cmd -0.6),0.0 (cmd 0.1)
0.8,7.41,-0.6,0.0,-11.46,0.13,0.0,-11.5,7.4,0.0 (cmd -0.6),0.0 (cmd 0.1)
0.8005,7.69,-0.6,0.0,-10.71,0.13,0.0,-10.7,7.7,0.0 (cmd -0.6),0.0 (cmd 0.1)
0.801,7.07,-0.57,0.0,-11.55,0.12,0.0,-11.6,7.1,0.0 (cmd -0.6),0.0 (cmd 0.1)
0.8015,5.25,-0.43,0.0,-10.98,0.13,0.0,-11.0,5.2,0.0 (cmd -0.4),0.0 (cmd 0.1)
0.802,-4.07,-0.23,0.0,-8.55,0.17,0.0,-8.6,-4.1,0.0 (cmd -0.2),0.0 (cmd 0.2)
0.8025,-7.16,0.33,0.0,-4.25,0.28,0.0,-4.2,-7.2,0.0 (cmd 0.3),0.0 (cmd 0.3)
0.803,-18.31,0.53,0.0,-0.86,0.28,0.0,-0.9,-18.3,0.0 (cmd 0.5),0.0 (cmd 0.3)
0.8035,-22.33,0.6,0.0,1.33,0.33,0.0,1.3,-22.3,0.0 (cmd 0.6),0.0 (cmd 0.3)
0.804,-25.24,0.6,0.0,2.75,0.29,0.0,2.8,-25.2,0.0 (cmd 0.6),0.0 (cmd 0.3)
0.8045,-27.02,0.6,0.0,3.42,0.27,0.0,3.4,-27.0,0.0 (cmd 0.6),0.0 (cmd 0.3)
0.805,-26.41,0.6,0.0,4.11,0.22,0.0,4.1,-26.4,0.0 (cmd 0.6),0.0 (cmd 0.2)
0.8055,-25.07,0.52,0.0,5.16,0.18,0.0,5.2,-25.1,0.0 (cmd 0.5),0.0 (cmd 0.2)
0.806,-23.67,0.26,0.0,6.21,0.14,0.0,6.2,-23.7,0.0 (cmd 0.3),0.0 (cmd 0.1)
0.8065,-22.69,0.15,0.0,6.93,0.13,0.0,6.9,-22.7,0.0 (cmd 0.1),0.0 (cmd 0.1)
0.807,-22.11,0.02,0.0,6.96,0.1,0.0,7.0,-22.1,0.0 (cmd 0.0),0.0 (cmd 0.1)
0.8075,-21.31,-0.05,0.0,6.61,0.09,0.0,6.6,-21.3,0.0 (cmd -0.1),0.0 (cmd 0.1)
0.808,-18.7,-0.2,0.0,5.97,0.07,0.0,6.0,-18.7,0.0 (cmd -0.2),0.0 (cmd 0.1)
0.8085,-19.01,-0.22,0.0,1.7,0.06,0.0,1.7,-19.0,0.0 (cmd -0.2),0.0 (cmd 0.1)
0.809,-18.87,-0.22,0.0,-3.23,0.02,0.0,-3.2,-18.9,0.0 (cmd -0.2),0.0 (cmd 0.0)
0.8095,-17.44,-0.28,0.0,-9.89,-0.04,0.0,-9.9,-17.4,0.0 (cmd -0.3),0.0 (cmd -0.0)
0.81,-15.91,-0.38,0.0,-15.29,-0.12,0.0,-15.3,-15.9,0.0 (cmd -0.4),0.0 (cmd -0.1)
0.8105,-14.79,-0.41,0.0,-19.41,-0.15,0.0,-19.4,-14.8,0.0 (cmd -0.4),0.0 (cmd -0.1)
0.811,-14.23,-0.46,0.0,-22.47,-0.15,0.0,-22.5,-14.2,0.0 (cmd -0.5),0.0 (cmd -0.1)
0.8115,-12.06,-0.54,0.0,-24.19,-0.13,0.0,-24.2,-12.1,0.0 (cmd -0.5),0.0 (cmd -0.1)
0.812,-9.05,-0.59,0.0,-23.94,-0.07,0.0,-23.9,-9.1,0.0 (cmd -0.6),0.0 (cmd -0.1)
0.8125,-8.36,-0.6,0.0,-21.94,-0.02,0.0,-21.9,-8.4,0.0 (cmd -0.6),0.0 (cmd -0.0)
0.813,-8.36,-0.57,0.0,-17.4,0.04,0.0,-17.4,-8.4,0.0 (cmd -0.6),0.0 (cmd 0.0)
0.8135,-4.69,-0.53,0.0,-12.35,0.09,0.0,-12.3,-4.7,0.0 (cmd -0.5),0.0 (cmd 0.1)
0.814,-2.63,-0.53,0.0,-10.05,0.1,0.0,-10.1,-2.6,0.0 (cmd -0.5),0.0 (cmd 0.1)
0.8145,-0.52,-0.6,0.0,-9.38,0.08,0.0,-9.4,-0.5,0.0 (cmd -0.6),0.0 (cmd 0.1)
0.815,2.45,-0.6,0.0,-9.61,0.06,0.0,-9.6,2.5,0.0 (cmd -0.6),0.0 (cmd 0.1)
0.8155,5.23,-0.6,0.0,-9.2,0.02,0.0,-9.2,5.2,0.0 (cmd -0.6),0.0 (cmd 0.0)
0.816,6.12,-0.6,0.0,-8.3,0.03,0.0,-8.3,6.1,0.0 (cmd -0.6),0.0 (cmd 0.0)
0.8165,6.07,-0.6,0.0,-5.1,0.06,0.0,-5.1,6.1,0.0 (cmd -0.6),0.0 (cmd 0.1)
0.817,5.81,-0.5,0.0,-3.02,0.09,0.0,-3.0,5.8,0.0 (cmd -0.5),0.0 (cmd 0.1)
0.8175,4.8,-0.38,0.0,-1.3,0.1,0.0,-1.3,4.8,0.0 (cmd -0.4),0.0 (cmd 0.1)
0.818,-3.51,-0.21,0.0,-0.08,0.12,0.0,-0.1,-3.5,0.0 (cmd -0.2),0.0 (cmd 0.1)
0.8185,-9.09,0.34,0.0,0.9,0.21,0.0,0.9,-9.1,0.0 (cmd 0.3),0.0 (cmd 0.2)
0.819,-12.05,0.49,0.0,2.45,0.21,0.0,2.5,-12.1,0.0 (cmd 0.5),0.0 (cmd 0.2)
0.8195,-15.08,0.57,0.0,3.53,0.2,0.0,3.5,-15.1,0.0 (cmd 0.6),0.0 (cmd 0.2)
0.82,-18.99,0.6,0.0,4.51,0.21,0.0,4.5,-19.0,0.0 (cmd 0.6),0.0 (cmd 0.2)
0.8205,-21.27,0.6,0.0,4.92,0.2,0.0,4.9,-21.3,0.0 (cmd 0.6),0.0 (cmd 0.2)
0.821,-23.82,0.56,0.0,5.38,0.17,0.0,5.4,-23.8,0.0 (cmd 0.6),0.0 (cmd 0.2)
0.8215,-25.43,0.6,0.0,5.92,0.17,0.0,5.9,-25.4,0.0 (cmd 0.6),0.0 (cmd 0.2)
0.822,-26.63,0.51,0.0,6.55,0.16,0.0,6.5,-26.6,0.0 (cmd 0.5),0.0 (cmd 0.2)
0.8225,-26.77,0.42,0.0,6.98,0.15,0.0,7.0,-26.8,0.0 (cmd 0.4),0.0 (cmd 0.1)
0.823,-25.7,0.26,0.0,7.17,0.13,0.0,7.2,-25.7,0.0 (cmd 0.3),0.0 (cmd 0.1)
0.8235,-23.37,0.05,0.0,7.28,0.1,0.0,7.3,-23.4,0.0 (cmd 0.1),0.0 (cmd 0.1)
0.824,-20.53,-0.13,0.0,7.34,0.08,0.0,7.3,-20.5,0.0 (cmd -0.1),0.0 (cmd 0.1)
0.8245,-20.38,-0.2,0.0,5.73,0.07,0.0,5.7,-20.4,0.0 (cmd -0.2),0.0 (cmd 0.1)
0.825,-19.48,-0.21,0.0,2.13,0.06,0.0,2.1,-19.5,0.0 (cmd -0.2),0.0 (cmd 0.1)
0.8255,-17.63,-0.29,0.0,-2.03,0.02,0.0,-2.0,-17.6,0.0 (cmd -0.3),0.0 (cmd 0.0)
0.826,-16.35,-0.35,0.0,-8.21,-0.04,0.0,-8.2,-16.4,0.0 (cmd -0.3),0.0 (cmd -0.0)
0.8265,-14.89,-0.41,0.0,-12.15,-0.09,0.0,-12.2,-14.9,0.0 (cmd -0.4),0.0 (cmd -0.1)
0.827,-13.03,-0.46,0.0,-14.72,-0.12,0.0,-14.7,-13.0,0.0 (cmd -0.5),0.0 (cmd -0.1)
0.8275,-9.75,-0.52,0.0,-17.8,-0.13,0.0,-17.8,-9.8,0.0 (cmd -0.5),0.0 (cmd -0.1)
0.828,-7.72,-0.6,0.0,-18.19,-0.11,0.0,-18.2,-7.7,0.0 (cmd -0.6),0.0 (cmd -0.1)
0.8285,-6.36,-0.6,0.0,-17.02,-0.07,0.0,-17.0,-6.4,0.0 (cmd -0.6),0.0 (cmd -0.1)
0.829,-4.68,-0.6,0.0,-13.8,-0.02,0.0,-13.8,-4.7,0.0 (cmd -0.6),0.0 (cmd -0.0)
0.8295,-3.41,-0.57,0.0,-9.22,0.03,0.0,-9.2,-3.4,0.0 (cmd -0.6),0.0 (cmd 0.0)
0.83,-2.28,-0.52,0.0,-7.35,0.06,0.0,-7.3,-2.3,0.0 (cmd -0.5),0.0 (cmd 0.1)
0.8305,-1.86,-0.52,0.0,-7.05,0.06,0.0,-7.0,-1.9,0.0 (cmd -0.5),0.0 (cmd 0.1)
0.831,-2.38,-0.43,0.0,-7.13,0.07,0.0,-7.1,-2.4,0.0 (cmd -0.4),0.0 (cmd 0.1)
0.8315,-2.98,-0.38,0.0,-8.29,0.06,0.0,-8.3,-3.0,0.0 (cmd -0.4),0.0 (cmd 0.1)
0.832,-3.18,-0.33,0.0,-7.57,0.06,0.0,-7.6,-3.2,0.0 (cmd -0.3),0.0 (cmd 0.1)
0.8325,-4.84,-0.26,0.0,-6.48,0.08,0.0,-6.5,-4.8,0.0 (cmd -0.3),0.0 (cmd 0.1)
0.833,-7.64,-0.1,0.0,-5.65,0.11,0.0,-5.7,-7.6,0.0 (cmd -0.1),0.0 (cmd 0.1)
0.8335,-9.72,-0.01,0.0,-5.32,0.12,0.0,-5.3,-9.7,0.0 (cmd -0.0),0.0 (cmd 0.1)
0.834,-12.48,0.1,0.0,-4.95,0.13,0.0,-5.0,-12.5,0.0 (cmd 0.1),0.0 (cmd 0.1)
0.8345,-13.74,0.17,0.0,-3.95,0.14,0.0,-4.0,-13.7,0.0 (cmd 0.2),0.0 (cmd 0.1)
0.835,-14.43,0.16,0.0,-2.91,0.13,0.0,-2.9,-14.4,0.0 (cmd 0.2),0.0 (cmd 0.1)
0.8355,-14.34,0.14,0.0,-1.9,0.13,0.0,-1.9,-14.3,0.0 (cmd 0.1),0.0 (cmd 0.1)
0.836,-12.84,0.05,0.0,-0.19,0.11,0.0,-0.2,-12.8,0.0 (cmd 0.1),0.0 (cmd 0.1)
0.8365,-11.15,-0.05,0.0,1.72,0.09,0.0,1.7,-11.2,0.0 (cmd -0.1),0.0 (cmd 0.1)
0.837,-10.81,-0.12,0.0,2.92,0.08,0.0,2.9,-10.8,0.0 (cmd -0.1),0.0 (cmd 0.1)
0.8375,-10.6,-0.12,0.0,2.85,0.08,0.0,2.9,-10.6,0.0 (cmd -0.1),0.0 (cmd 0.1)
0.838,-10.11,-0.15,0.0,2.32,0.06,0.0,2.3,-10.1,0.0 (cmd -0.1),0.0 (cmd 0.1)
0.8385,-9.38,-0.18,0.0,2.33,0.05,0.0,2.3,-9.4,0.0 (cmd -0.2),0.0 (cmd 0.1)
0.839,-7.78,-0.21,0.0,2.5,0.04,0.0,2.5,-7.8,0.0 (cmd -0.2),0.0 (cmd 0.0)
0.8395,-6.77,-0.31,0.0,2.6,0.02,0.0,2.6,-6.8,0.0 (cmd -0.3),0.0 (cmd 0.0)
0.84,-6.33,-0.3,0.0,2.65,0.01,0.0,2.6,-6.3,0.0 (cmd -0.3),0.0 (cmd 0.0)
0.8405,-5.41,-0.27,0.0,2.72,0.02,0.0,2.7,-5.4,0.0 (cmd -0.3),0.0 (cmd 0.0)
0.841,-4.47,-0.3,0.0,2.71,0.01,0.0,2.7,-4.5,0.0 (cmd -0.3),0.0 (cmd 0.0)
0.8415,-4.03,-0.3,0.0,2.71,0.0,0.0,2.7,-4.0,0.0 (cmd -0.3),0.0 (cmd 0.0)
0.842,-3.72,-0.28,0.0,2.75,0.0,0.0,2.8,-3.7,0.0 (cmd -0.3),0.0 (cmd 0.0)
0.8425,-3.6,-0.27,0.0,2.63,0.0,0.0,2.6,-3.6,0.0 (cmd -0.3),0.0 (cmd 0.0)
0.843,-3.38,-0.25,0.0,2.67,0.0,0.0,2.7,-3.4,0.0 (cmd -0.2),0.0 (cmd 0.0)
0.8435,-3.3,-0.23,0.0,2.7,0.01,0.0,2.7,-3.3,0.0 (cmd -0.2),0.0 (cmd 0.0)
0.844,-3.28,-0.22,0.0,2.67,0.01,0.0,2.7,-3.3,0.0 (cmd -0.2),0.0 (cmd 0.0)
0.8445,-3.26,-0.2,0.0,2.68,0.01,0.0,2.7,-3.3,0.0 (cmd -0.2),0.0 (cmd 0.0)
0.845,-3.03,-0.19,0.0,2.78,0.01,0.0,2.8,-3.0,0.0 (cmd -0.2),0.0 (cmd 0.0)
0.8455,-3.01,-0.19,0.0,2.81,0.01,0.0,2.8,-3.0,0.0 (cmd -0.2),0.0 (cmd 0.0)
0.846,-3.01,-0.18,0.0,2.82,0.01,0.0,2.8,-3.0,0.0 (cmd -0.2),0.0 (cmd 0.0)
0.8465,-2.98,-0.17,0.0,2.93,0.01,0.0,2.9,-3.0,0.0 (cmd -0.2),0.0 (cmd 0.0)
0.847,-3.01,-0.16,0.0,2.93,0.01,0.0,2.9,-3.0,0.0 (cmd -0.2),0.0 (cmd 0.0)
0.8475,-3.15,-0.16,0.0,2.84,0.01,0.0,2.8,-3.1,0.0 (cmd -0.2),0.0 (cmd 0.0)
0.848,-3.23,-0.15,0.0,2.77,0.01,0.0,2.8,-3.2,0.0 (cmd -0.1),0.0 (cmd 0.0)
0.8485,-3.23,-0.14,0.0,2.77,0.01,0.0,2.8,-3.2,0.0 (cmd -0.1),0.0 (cmd 0.0)
0.849,-3.22,-0.14,0.0,2.78,0.01,0.0,2.8,-3.2,0.0 (cmd -0.1),0.0 (cmd 0.0)
0.8495,-3.24,-0.14,0.0,2.77,0.01,0.0,2.8,-3.2,0.0 (cmd -0.1),0.0 (cmd 0.0)
0.85,-3.27,-0.14,0.0,2.78,0.01,0.0,2.8,-3.3,0.0 (cmd -0.1),0.0 (cmd 0.0)
0.8505,-3.28,-0.14,0.0,2.8,0.02,0.0,2.8,-3.3,0.0 (cmd -0.1),0.0 (cmd 0.0)
0.851,-3.3,-0.14,0.0,2.81,0.02,0.0,2.8,-3.3,0.0 (cmd -0.1),0.0 (cmd 0.0)
0.8515,-3.38,-0.14,0.0,2.8,0.02,0.0,2.8,-3.4,0.0 (cmd -0.1),0.0 (cmd 0.0)
0.852,-3.44,-0.13,0.0,2.81,0.02,0.0,2.8,-3.4,0.0 (cmd -0.1),0.0 (cmd 0.0)
0.8525,-3.52,-0.13,0.0,2.81,0.02,0.0,2.8,-3.5,0.0 (cmd -0.1),0.0 (cmd 0.0)
0.853,-3.7,-0.13,0.0,2.77,0.02,0.0,2.8,-3.7,0.0 (cmd -0.1),0.0 (cmd 0.0)
0.8535,-3.93,-0.12,0.0,2.74,0.02,0.0,2.7,-3.9,0.0 (cmd -0.1),0.0 (cmd 0.0)
0.854,-3.99,-0.12,0.0,2.69,0.02,0.0,2.7,-4.0,0.0 (cmd -0.1),0.0 (cmd 0.0)
0.8545,-3.99,-0.12,0.0,2.56,0.02,0.0,2.6,-4.0,0.0 (cmd -0.1),0.0 (cmd 0.0)
0.855,-4.02,-0.13,0.0,2.44,0.02,0.0,2.4,-4.0,0.0 (cmd -0.1),0.0 (cmd 0.0)
0.8555,-4.05,-0.13,0.0,2.37,0.02,0.0,2.4,-4.0,0.0 (cmd -0.1),0.0 (cmd 0.0)
0.856,-4.18,-0.13,0.0,2.24,0.02,0.0,2.2,-4.2,0.0 (cmd -0.1),0.0 (cmd 0.0)
0.8565,-4.28,-0.13,0.0,2.19,0.02,0.0,2.2,-4.3,0.0 (cmd -0.1),0.0 (cmd 0.0)
0.857,-4.5,-0.12,0.0,2.25,0.02,0.0,2.2,-4.5,0.0 (cmd -0.1),0.0 (cmd 0.0)
0.8575,-4.57,-0.12,0.0,2.43,0.02,0.0,2.4,-4.6,0.0 (cmd -0.1),0.0 (cmd 0.0)
0.858,-4.79,-0.11,0.0,2.54,0.02,0.0,2.5,-4.8,0.0 (cmd -0.1),0.0 (cmd 0.0)
0.8585,-5.02,-0.1,0.0,2.63,0.03,0.0,2.6,-5.0,0.0 (cmd -0.1),0.0 (cmd 0.0)
0.859,-5.25,-0.1,0.0,2.64,0.03,0.0,2.6,-5.2,0.0 (cmd -0.1),0.0 (cmd 0.0)
0.8595,-5.39,-0.1,0.0,2.63,0.03,0.0,2.6,-5.4,0.0 (cmd -0.1),0.0 (cmd 0.0)
0.86,-5.5,-0.1,0.0,2.64,0.03,0.0,2.6,-5.5,0.0 (cmd -0.1),0.0 (cmd 0.0)
0.8605,-5.78,-0.1,0.0,2.58,0.03,0.0,2.6,-5.8,0.0 (cmd -0.1),0.0 (cmd 0.0)
0.861,-5.89,-0.1,0.0,2.48,0.02,0.0,2.5,-5.9,0.0 (cmd -0.1),0.0 (cmd 0.0)
0.8615,-5.93,-0.1,0.0,2.42,0.02,0.0,2.4,-5.9,0.0 (cmd -0.1),0.0 (cmd 0.0)
0.862,-5.99,-0.11,0.0,2.33,0.02,0.0,2.3,-6.0,0.0 (cmd -0.1),0.0 (cmd 0.0)
0.8625,-5.99,-0.11,0.0,2.31,0.02,0.0,2.3,-6.0,0.0 (cmd -0.1),0.0 (cmd 0.0)
0.863,-5.95,-0.12,0.0,2.29,0.02,0.0,2.3,-6.0,0.0 (cmd -0.1),0.0 (cmd 0.0)
0.8635,-5.97,-0.12,0.0,2.27,0.02,0.0,2.3,-6.0,0.0 (cmd -0.1),0.0 (cmd 0.0)
0.864,-5.99,-0.13,0.0,2.26,0.02,0.0,2.3,-6.0,0.0 (cmd -0.1),0.0 (cmd 0.0)
0.8645,-6.02,-0.13,0.0,2.24,0.02,0.0,2.2,-6.0,0.0 (cmd -0.1),0.0 (cmd 0.0)
0.865,-6.08,-0.13,0.0,2.22,0.02,0.0,2.2,-6.1,0.0 (cmd -0.1),0.0 (cmd 0.0)
0.8655,-6.12,-0.13,0.0,2.17,0.02,0.0,2.2,-6.1,0.0 (cmd -0.1),0.0 (cmd 0.0)
0.866,-6.12,-0.13,0.0,2.1,0.02,0.0,2.1,-6.1,0.0 (cmd -0.1),0.0 (cmd 0.0)
0.8665,-6.12,-0.13,0.0,2.02,0.02,0.0,2.0,-6.1,0.0 (cmd -0.1),0.0 (cmd 0.0)
0.867,-6.06,-0.13,0.0,1.97,0.02,0.0,2.0,-6.1,0.0 (cmd -0.1),0.0 (cmd 0.0)
0.8675,-6.02,-0.14,0.0,1.95,0.02,0.0,1.9,-6.0,0.0 (cmd -0.1),0.0 (cmd 0.0)
0.868,-5.97,-0.14,0.0,1.99,0.02,0.0,2.0,-6.0,0.0 (cmd -0.1),0.0 (cmd 0.0)
0.8685,-5.94,-0.14,0.0,2.02,0.02,0.0,2.0,-5.9,0.0 (cmd -0.1),0.0 (cmd 0.0)
0.869,-5.86,-0.15,0.0,2.02,0.02,0.0,2.0,-5.9,0.0 (cmd -0.1),0.0 (cmd 0.0)
0.8695,-5.84,-0.15,0.0,2.05,0.02,0.0,2.0,-5.8,0.0 (cmd -0.1),0.0 (cmd 0.0)
0.87,-5.85,-0.14,0.0,2.11,0.02,0.0,2.1,-5.8,0.0 (cmd -0.1),0.0 (cmd 0.0)
0.8705,-5.85,-0.14,0.0,2.13,0.02,0.0,2.1,-5.8,0.0 (cmd -0.1),0.0 (cmd 0.0)
0.871,-5.86,-0.14,0.0,2.13,0.02,0.0,2.1,-5.9,0.0 (cmd -0.1),0.0 (cmd 0.0)
0.8715,-5.84,-0.14,0.0,2.15,0.02,0.0,2.1,-5.8,0.0 (cmd -0.1),0.0 (cmd 0.0)
0.872,-5.86,-0.14,0.0,2.14,0.02,0.0,2.1,-5.9,0.0 (cmd -0.1),0.0 (cmd 0.0)
0.8725,-5.88,-0.14,0.0,2.13,0.02,0.0,2.1,-5.9,0.0 (cmd -0.1),0.0 (cmd 0.0)
0.873,-5.86,-0.14,0.0,2.14,0.02,0.0,2.1,-5.9,0.0 (cmd -0.1),0.0 (cmd 0.0)
0.8735,-5.8,-0.14,0.0,2.14,0.02,0.0,2.1,-5.8,0.0 (cmd -0.1),0.0 (cmd 0.0)
0.874,-5.66,-0.15,0.0,2.14,0.02,0.0,2.1,-5.7,0.0 (cmd -0.1),0.0 (cmd 0.0)
0.8745,-5.59,-0.15,0.0,2.12,0.02,0.0,2.1,-5.6,0.0 (cmd -0.1),0.0 (cmd 0.0)
0.875,-5.55,-0.15,0.0,2.09,0.02,0.0,2.1,-5.5,0.0 (cmd -0.1),0.0 (cmd 0.0)
0.8755,-5.56,-0.15,0.0,2.06,0.02,0.0,2.1,-5.6,0.0 (cmd -0.1),0.0 (cmd 0.0)
0.876,-5.62,-0.15,0.0,2.07,0.02,0.0,2.1,-5.6,0.0 (cmd -0.1),0.0 (cmd 0.0)
0.8765,-5.67,-0.14,0.0,2.15,0.02,0.0,2.1,-5.7,0.0 (cmd -0.1),0.0 (cmd 0.0)
0.877,-5.72,-0.14,0.0,2.23,0.02,0.0,2.2,-5.7,0.0 (cmd -0.1),0.0 (cmd 0.0)
0.8775,-5.82,-0.13,0.0,2.25,0.02,0.0,2.2,-5.8,0.0 (cmd -0.1),0.0 (cmd 0.0)
0.878,-5.83,-0.13,0.0,2.3,0.02,0.0,2.3,-5.8,0.0 (cmd -0.1),0.0 (cmd 0.0)
0.8785,-5.77,-0.13,0.0,2.46,0.02,0.0,2.5,-5.8,0.0 (cmd -0.1),0.0 (cmd 0.0)
0.879,-5.72,-0.13,0.0,2.55,0.02,0.0,2.5,-5.7,0.0 (cmd -0.1),0.0 (cmd 0.0)
0.8795,-5.7,-0.14,0.0,2.56,0.02,0.0,2.6,-5.7,0.0 (cmd -0.1),0.0 (cmd 0.0)
0.88,-5.65,-0.14,0.0,2.53,0.02,0.0,2.5,-5.7,0.0 (cmd -0.1),0.0 (cmd 0.0)
0.8805,-5.65,-0.14,0.0,2.53,0.02,0.0,2.5,-5.7,0.0 (cmd -0.1),0.0 (cmd 0.0)
0.881,-5.63,-0.14,0.0,2.56,0.02,0.0,2.6,-5.6,0.0 (cmd -0.1),0.0 (cmd 0.0)
0.8815,-5.58,-0.14,0.0,2.55,0.02,0.0,2.5,-5.6,0.0 (cmd -0.1),0.0 (cmd 0.0)
0.882,-5.5,-0.14,0.0,2.45,0.02,0.0,2.5,-5.5,0.0 (cmd -0.1),0.0 (cmd 0.0)
0.8825,-5.44,-0.15,0.0,2.41,0.02,0.0,2.4,-5.4,0.0 (cmd -0.1),0.0 (cmd 0.0)
0.883,-5.41,-0.15,0.0,2.41,0.02,0.0,2.4,-5.4,0.0 (cmd -0.1),0.0 (cmd 0.0)
0.8835,-5.6,-0.14,0.0,2.39,0.02,0.0,2.4,-5.6,0.0 (cmd -0.1),0.0 (cmd 0.0)
0.884,-5.49,-0.14,0.0,2.39,0.02,0.0,2.4,-5.5,0.0 (cmd -0.1),0.0 (cmd 0.0)
0.8845,-5.56,-0.14,0.0,2.39,0.02,0.0,2.4,-5.6,0.0 (cmd -0.1),0.0 (cmd 0.0)
0.885,-5.63,-0.14,0.0,2.3,0.02,0.0,2.3,-5.6,0.0 (cmd -0.1),0.0 (cmd 0.0)
0.8855,-5.73,-0.13,0.0,2.15,0.02,0.0,2.1,-5.7,0.0 (cmd -0.1),0.0 (cmd 0.0)
0.886,-5.74,-0.13,0.0,2.06,0.02,0.0,2.1,-5.7,0.0 (cmd -0.1),0.0 (cmd 0.0)
0.8865,-5.76,-0.13,0.0,1.97,0.02,0.0,2.0,-5.8,0.0 (cmd -0.1),0.0 (cmd 0.0)
0.887,-5.83,-0.13,0.0,1.88,0.02,0.0,1.9,-5.8,0.0 (cmd -0.1),0.0 (cmd 0.0)
0.8875,-5.88,-0.13,0.0,1.75,0.02,0.0,1.8,-5.9,0.0 (cmd -0.1),0.0 (cmd 0.0)
0.888,-5.91,-0.13,0.0,1.66,0.02,0.0,1.7,-5.9,0.0 (cmd -0.1),0.0 (cmd 0.0)
0.8885,-5.77,-0.14,0.0,1.55,0.02,0.0,1.6,-5.8,0.0 (cmd -0.1),0.0 (cmd 0.0)
0.889,-5.66,-0.15,0.0,1.35,0.02,0.0,1.4,-5.7,0.0 (cmd -0.1),0.0 (cmd 0.0)
0.8895,-5.62,-0.15,0.0,1.23,0.01,0.0,1.2,-5.6,0.0 (cmd -0.1),0.0 (cmd 0.0)
0.89,-5.58,-0.16,0.0,1.04,0.01,0.0,1.0,-5.6,0.0 (cmd -0.2),0.0 (cmd 0.0)
0.8905,-5.49,-0.16,0.0,0.86,0.01,0.0,0.9,-5.5,0.0 (cmd -0.2),0.0 (cmd 0.0)
0.891,-5.42,-0.16,0.0,0.69,0.01,0.0,0.7,-5.4,0.0 (cmd -0.2),0.0 (cmd 0.0)
0.8915,-5.27,-0.16,0.0,0.61,0.01,0.0,0.6,-5.3,0.0 (cmd -0.2),0.0 (cmd 0.0)
0.892,-5.17,-0.17,0.0,0.52,0.01,0.0,0.5,-5.2,0.0 (cmd -0.2),0.0 (cmd 0.0)
0.8925,-5.08,-0.17,0.0,0.37,0.01,0.0,0.4,-5.1,0.0 (cmd -0.2),0.0 (cmd 0.0)
0.893,-5.02,-0.17,0.0,0.22,0.01,0.0,0.2,-5.0,0.0 (cmd -0.2),0.0 (cmd 0.0)
0.8935,-4.98,-0.17,0.0,0.03,0.01,0.0,0.0,-5.0,0.0 (cmd -0.2),0.0 (cmd 0.0)
0.894,-4.95,-0.17,0.0,-0.07,0.01,0.0,-0.1,-5.0,0.0 (cmd -0.2),0.0 (cmd 0.0)
0.8945,-5.05,-0.17,0.0,-0.13,0.01,0.0,-0.1,-5.0,0.0 (cmd -0.2),0.0 (cmd 0.0)
0.895,-5.1,-0.16,0.0,-0.16,0.02,0.0,-0.2,-5.1,0.0 (cmd -0.2),0.0 (cmd 0.0)
0.8955,-5.1,-0.16,0.0,-0.18,0.02,0.0,-0.2,-5.1,0.0 (cmd -0.2),0.0 (cmd 0.0)
0.896,-5.18,-0.16,0.0,-0.22,0.02,0.0,-0.2,-5.2,0.0 (cmd -0.2),0.0 (cmd 0.0)
0.8965,-5.19,-0.15,0.0,-0.22,0.02,0.0,-0.2,-5.2,0.0 (cmd -0.1),0.0 (cmd 0.0)
0.897,-5.21,-0.15,0.0,-0.2,0.02,0.0,-0.2,-5.2,0.0 (cmd -0.1),0.0 (cmd 0.0)
0.8975,-5.23,-0.15,0.0,-0.25,0.02,0.0,-0.2,-5.2,0.0 (cmd -0.1),0.0 (cmd 0.0)
0.898,-5.22,-0.15,0.0,-0.23,0.02,0.0,-0.2,-5.2,0.0 (cmd -0.1),0.0 (cmd 0.0)
0.8985,-5.19,-0.15,0.0,-0.13,0.02,0.0,-0.1,-5.2,0.0 (cmd -0.1),0.0 (cmd 0.0)
0.899,-5.23,-0.15,0.0,-0.08,0.03,0.0,-0.1,-5.2,0.0 (cmd -0.1),0.0 (cmd 0.0)
0.8995,-5.41,-0.15,0.0,-0.11,0.03,0.0,-0.1,-5.4,0.0 (cmd -0.1),0.0 (cmd 0.0)
0.9,-5.52,-0.14,0.0,-0.07,0.03,0.0,-0.1,-5.5,0.0 (cmd -0.1),0.0 (cmd 0.0)
0.9005,-5.58,-0.14,0.0,-0.02,0.03,0.0,-0.0,-5.6,0.0 (cmd -0.1),0.0 (cmd 0.0)
0.901,-5.62,-0.14,0.0,0.05,0.03,0.0,0.1,-5.6,0.0 (cmd -0.1),0.0 (cmd 0.0)
0.9015,-5.69,-0.14,0.0,0.06,0.03,0.0,0.1,-5.7,0.0 (cmd -0.1),0.0 (cmd 0.0)
0.902,-5.71,-0.14,0.0,0.03,0.03,0.0,0.0,-5.7,0.0 (cmd -0.1),0.0 (cmd 0.0)
0.9025,-5.79,-0.14,0.0,-0.09,0.03,0.0,-0.1,-5.8,0.0 (cmd -0.1),0.0 (cmd 0.0)
0.903,-5.92,-0.14,0.0,-0.33,0.03,0.0,-0.3,-5.9,0.0 (cmd -0.1),0.0 (cmd 0.0)
0.9035,-6.09,-0.14,0.0,-0.57,0.02,0.0,-0.6,-6.1,0.0 (cmd -0.1),0.0 (cmd 0.0)
0.904,-6.09,-0.14,0.0,-0.91,0.02,0.0,-0.9,-6.1,0.0 (cmd -0.1),0.0 (cmd 0.0)
0.9045,-6.32,-0.13,0.0,-1.36,0.02,0.0,-1.4,-6.3,0.0 (cmd -0.1),0.0 (cmd 0.0)
0.905,-6.67,-0.14,0.0,-1.8,0.02,0.0,-1.8,-6.7,0.0 (cmd -0.1),0.0 (cmd 0.0)
0.9055,-7.05,-0.12,0.0,-2.2,0.02,0.0,-2.2,-7.0,0.0 (cmd -0.1),0.0 (cmd 0.0)
0.906,-8.54,-0.1,0.0,-2.82,0.03,0.0,-2.8,-8.5,0.0 (cmd -0.1),0.0 (cmd 0.0)
0.9065,-9.57,-0.07,0.0,-3.21,0.03,0.0,-3.2,-9.6,0.0 (cmd -0.1),0.0 (cmd 0.0)
0.907,-11.06,-0.02,0.0,-3.84,0.04,0.0,-3.8,-11.1,0.0 (cmd -0.0),0.0 (cmd 0.0)
0.9075,-12.53,0.05,0.0,-4.91,0.05,0.0,-4.9,-12.5,0.0 (cmd 0.1),0.0 (cmd 0.1)
0.908,-13.26,0.03,0.0,-5.86,0.05,0.0,-5.9,-13.3,0.0 (cmd 0.0),0.0 (cmd 0.1)
0.9085,-14.52,0.0,0.0,-6.97,0.04,0.0,-7.0,-14.5,0.0 (cmd 0.0),0.0 (cmd 0.0)
0.909,-15.3,0.02,0.0,-7.82,0.05,0.0,-7.8,-15.3,0.0 (cmd 0.0),0.0 (cmd 0.1)
0.9095,-16.1,0.02,0.0,-8.32,0.05,0.0,-8.3,-16.1,0.0 (cmd 0.0),0.0 (cmd 0.1)
0.91,-16.68,0.0,0.0,-8.73,0.05,0.0,-8.7,-16.7,0.0 (cmd 0.0),0.0 (cmd 0.1)
0.9105,-17.05,-0.01,0.0,-8.73,0.06,0.0,-8.7,-17.1,0.0 (cmd -0.0),0.0 (cmd 0.1)
0.911,-17.29,-0.02,0.0,-9.09,0.06,0.0,-9.1,-17.3,0.0 (cmd -0.0),0.0 (cmd 0.1)
0.9115,-17.52,-0.05,0.0,-9.34,0.06,0.0,-9.3,-17.5,0.0 (cmd -0.1),0.0 (cmd 0.1)
0.912,-17.64,-0.07,0.0,-9.43,0.06,0.0,-9.4,-17.6,0.0 (cmd -0.1),0.0 (cmd 0.1)
0.9125,-17.64,-0.08,0.0,-9.47,0.06,0.0,-9.5,-17.6,0.0 (cmd -0.1),0.0 (cmd 0.1)
0.913,-17.38,-0.11,0.0,-9.42,0.06,0.0,-9.4,-17.4,0.0 (cmd -0.1),0.0 (cmd 0.1)
0.9135,-17.19,-0.13,0.0,-9.26,0.06,0.0,-9.3,-17.2,0.0 (cmd -0.1),0.0 (cmd 0.1)
0.914,-17.11,-0.14,0.0,-9.05,0.06,0.0,-9.1,-17.1,0.0 (cmd -0.1),0.0 (cmd 0.1)
0.9145,-17.01,-0.15,0.0,-8.77,0.06,0.0,-8.8,-17.0,0.0 (cmd -0.1),0.0 (cmd 0.1)
0.915,-16.91,-0.16,0.0,-8.46,0.06,0.0,-8.5,-16.9,0.0 (cmd -0.2),0.0 (cmd 0.1)
0.9155,-16.87,-0.16,0.0,-7.8,0.06,0.0,-7.8,-16.9,0.0 (cmd -0.2),0.0 (cmd 0.1)
0.916,-16.83,-0.15,0.0,-7.39,0.07,0.0,-7.4,-16.8,0.0 (cmd -0.1),0.0 (cmd 0.1)
0.9165,-16.88,-0.14,0.0,-6.58,0.07,0.0,-6.6,-16.9,0.0 (cmd -0.1),0.0 (cmd 0.1)
0.917,-16.94,-0.14,0.0,-5.75,0.07,0.0,-5.8,-16.9,0.0 (cmd -0.1),0.0 (cmd 0.1)
0.9175,-17.08,-0.13,0.0,-5.31,0.07,0.0,-5.3,-17.1,0.0 (cmd -0.1),0.0 (cmd 0.1)
0.918,-17.19,-0.11,0.0,-4.92,0.07,0.0,-4.9,-17.2,0.0 (cmd -0.1),0.0 (cmd 0.1)
0.9185,-17.32,-0.11,0.0,-4.54,0.07,0.0,-4.5,-17.3,0.0 (cmd -0.1),0.0 (cmd 0.1)
0.919,-17.49,-0.11,0.0,-4.27,0.07,0.0,-4.3,-17.5,0.0 (cmd -0.1),0.0 (cmd 0.1)
0.9195,-17.63,-0.1,0.0,-4.08,0.07,0.0,-4.1,-17.6,0.0 (cmd -0.1),0.0 (cmd 0.1)
0.92,-17.63,-0.1,0.0,-3.96,0.07,0.0,-4.0,-17.6,0.0 (cmd -0.1),0.0 (cmd 0.1)
0.9205,-17.53,-0.11,0.0,-3.8,0.06,0.0,-3.8,-17.5,0.0 (cmd -0.1),0.0 (cmd 0.1)
0.921,-17.52,-0.12,0.0,-3.67,0.06,0.0,-3.7,-17.5,0.0 (cmd -0.1),0.0 (cmd 0.1)
0.9215,-17.57,-0.12,0.0,-3.5,0.06,0.0,-3.5,-17.6,0.0 (cmd -0.1),0.0 (cmd 0.1)
0.922,-17.48,-0.12,0.0,-3.42,0.06,0.0,-3.4,-17.5,0.0 (cmd -0.1),0.0 (cmd 0.1)
0.9225,-17.3,-0.13,0.0,-3.32,0.05,0.0,-3.3,-17.3,0.0 (cmd -0.1),0.0 (cmd 0.1)
0.923,-17.43,-0.14,0.0,-3.22,0.05,0.0,-3.2,-17.4,0.0 (cmd -0.1),0.0 (cmd 0.1)
0.9235,-17.65,-0.12,0.0,-3.2,0.05,0.0,-3.2,-17.6,0.0 (cmd -0.1),0.0 (cmd 0.1)
0.924,-17.9,-0.12,0.0,-3.09,0.05,0.0,-3.1,-17.9,0.0 (cmd -0.1),0.0 (cmd 0.1)
0.9245,-18.12,-0.1,0.0,-2.91,0.05,0.0,-2.9,-18.1,0.0 (cmd -0.1),0.0 (cmd 0.1)
0.925,-18.28,-0.1,0.0,-2.81,0.05,0.0,-2.8,-18.3,0.0 (cmd -0.1),0.0 (cmd 0.1)
0.9255,-18.47,-0.09,0.0,-2.65,0.05,0.0,-2.6,-18.5,0.0 (cmd -0.1),0.0 (cmd 0.1)
0.926,-18.63,-0.09,0.0,-2.54,0.05,0.0,-2.5,-18.6,0.0 (cmd -0.1),0.0 (cmd 0.1)
0.9265,-18.71,-0.09,0.0,-2.45,0.05,0.0,-2.5,-18.7,0.0 (cmd -0.1),0.0 (cmd 0.1)
0.927,-18.82,-0.09,0.0,-2.39,0.05,0.0,-2.4,-18.8,0.0 (cmd -0.1),0.0 (cmd 0.1)
0.9275,-18.94,-0.1,0.0,-2.32,0.05,0.0,-2.3,-18.9,0.0 (cmd -0.1),0.0 (cmd 0.1)
0.928,-19.04,-0.1,0.0,-2.29,0.05,0.0,-2.3,-19.0,0.0 (cmd -0.1),0.0 (cmd 0.1)
0.9285,-19.05,-0.1,0.0,-2.2,0.05,0.0,-2.2,-19.1,0.0 (cmd -0.1),0.0 (cmd 0.1)
0.929,-19.04,-0.11,0.0,-2.17,0.05,0.0,-2.2,-19.0,0.0 (cmd -0.1),0.0 (cmd 0.1)
0.9295,-19.02,-0.11,0.0,-2.12,0.05,0.0,-2.1,-19.0,0.0 (cmd -0.1),0.0 (cmd 0.1)
0.93,-19.0,-0.12,0.0,-2.11,0.05,0.0,-2.1,-19.0,0.0 (cmd -0.1),0.0 (cmd 0.1)
0.9305,-18.99,-0.12,0.0,-2.09,0.05,0.0,-2.1,-19.0,0.0 (cmd -0.1),0.0 (cmd 0.1)
0.931,-18.98,-0.12,0.0,-2.07,0.05,0.0,-2.1,-19.0,0.0 (cmd -0.1),0.0 (cmd 0.1)
0.9315,-18.97,-0.12,0.0,-2.09,0.05,0.0,-2.1,-19.0,0.0 (cmd -0.1),0.0 (cmd 0.1)
0.932,-18.99,-0.13,0.0,-2.15,0.04,0.0,-2.1,-19.0,0.0 (cmd -0.1),0.0 (cmd 0.0)
0.9325,-19.05,-0.12,0.0,-2.27,0.04,0.0,-2.3,-19.1,0.0 (cmd -0.1),0.0 (cmd 0.0)
0.933,-19.08,-0.12,0.0,-2.3,0.04,0.0,-2.3,-19.1,0.0 (cmd -0.1),0.0 (cmd 0.0)
0.9335,-19.08,-0.12,0.0,-2.31,0.04,0.0,-2.3,-19.1,0.0 (cmd -0.1),0.0 (cmd 0.0)
0.934,-19.06,-0.13,0.0,-2.35,0.04,0.0,-2.4,-19.1,0.0 (cmd -0.1),0.0 (cmd 0.0)
0.9345,-19.01,-0.13,0.0,-2.38,0.04,0.0,-2.4,-19.0,0.0 (cmd -0.1),0.0 (cmd 0.0)
0.935,-19.0,-0.13,0.0,-2.42,0.04,0.0,-2.4,-19.0,0.0 (cmd -0.1),0.0 (cmd 0.0)
0.9355,-18.99,-0.13,0.0,-2.47,0.04,0.0,-2.5,-19.0,0.0 (cmd -0.1),0.0 (cmd 0.0)
0.936,-18.98,-0.13,0.0,-2.45,0.04,0.0,-2.5,-19.0,0.0 (cmd -0.1),0.0 (cmd 0.0)
0.9365,-18.96,-0.13,0.0,-2.45,0.04,0.0,-2.5,-19.0,0.0 (cmd -0.1),0.0 (cmd 0.0)
0.937,-18.94,-0.13,0.0,-2.45,0.04,0.0,-2.5,-18.9,0.0 (cmd -0.1),0.0 (cmd 0.0)
0.9375,-18.92,-0.13,0.0,-2.41,0.04,0.0,-2.4,-18.9,0.0 (cmd -0.1),0.0 (cmd 0.0)
0.938,-18.87,-0.13,0.0,-2.39,0.04,0.0,-2.4,-18.9,0.0 (cmd -0.1),0.0 (cmd 0.0)
0.9385,-18.84,-0.13,0.0,-2.35,0.04,0.0,-2.4,-18.8,0.0 (cmd -0.1),0.0 (cmd 0.0)
0.939,-18.82,-0.13,0.0,-2.34,0.04,0.0,-2.3,-18.8,0.0 (cmd -0.1),0.0 (cmd 0.0)
0.9395,-18.82,-0.13,0.0,-2.33,0.04,0.0,-2.3,-18.8,0.0 (cmd -0.1),0.0 (cmd 0.0)
0.94,-18.8,-0.13,0.0,-2.32,0.04,0.0,-2.3,-18.8,0.0 (cmd -0.1),0.0 (cmd 0.0)
0.9405,-18.8,-0.13,0.0,-2.33,0.04,0.0,-2.3,-18.8,0.0 (cmd -0.1),0.0 (cmd 0.0)
0.941,-18.82,-0.13,0.0,-2.33,0.04,0.0,-2.3,-18.8,0.0 (cmd -0.1),0.0 (cmd 0.0)
0.9415,-18.82,-0.13,0.0,-2.34,0.04,0.0,-2.3,-18.8,0.0 (cmd -0.1),0.0 (cmd 0.0)
0.942,-18.85,-0.13,0.0,-2.35,0.04,0.0,-2.4,-18.9,0.0 (cmd -0.1),0.0 (cmd 0.0)
0.9425,-18.86,-0.13,0.0,-2.36,0.04,0.0,-2.4,-18.9,0.0 (cmd -0.1),0.0 (cmd 0.0)
0.943,-18.87,-0.13,0.0,-2.37,0.04,0.0,-2.4,-18.9,0.0 (cmd -0.1),0.0 (cmd 0.0)
0.9435,-18.89,-0.13,0.0,-2.4,0.04,0.0,-2.4,-18.9,0.0 (cmd -0.1),0.0 (cmd 0.0)
0.944,-18.91,-0.13,0.0,-2.42,0.04,0.0,-2.4,-18.9,0.0 (cmd -0.1),0.0 (cmd 0.0)
0.9445,-18.92,-0.13,0.0,-2.45,0.04,0.0,-2.5,-18.9,0.0 (cmd -0.1),0.0 (cmd 0.0)
0.945,-18.97,-0.13,0.0,-2.54,0.04,0.0,-2.5,-19.0,0.0 (cmd -0.1),0.0 (cmd 0.0)
0.9455,-19.04,-0.13,0.0,-2.59,0.04,0.0,-2.6,-19.0,0.0 (cmd -0.1),0.0 (cmd 0.0)
0.946,-19.1,-0.12,0.0,-2.63,0.04,0.0,-2.6,-19.1,0.0 (cmd -0.1),0.0 (cmd 0.0)
0.9465,-19.11,-0.12,0.0,-2.63,0.04,0.0,-2.6,-19.1,0.0 (cmd -0.1),0.0 (cmd 0.0)
0.947,-19.1,-0.12,0.0,-2.67,0.04,0.0,-2.7,-19.1,0.0 (cmd -0.1),0.0 (cmd 0.0)
0.9475,-19.1,-0.13,0.0,-2.69,0.04,0.0,-2.7,-19.1,0.0 (cmd -0.1),0.0 (cmd 0.0)
0.948,-19.1,-0.13,0.0,-2.7,0.04,0.0,-2.7,-19.1,0.0 (cmd -0.1),0.0 (cmd 0.0)
0.9485,-19.08,-0.13,0.0,-2.73,0.04,0.0,-2.7,-19.1,0.0 (cmd -0.1),0.0 (cmd 0.0)
0.949,-19.06,-0.13,0.0,-2.72,0.04,0.0,-2.7,-19.1,0.0 (cmd -0.1),0.0 (cmd 0.0)
0.9495,-19.05,-0.13,0.0,-2.75,0.04,0.0,-2.8,-19.1,0.0 (cmd -0.1),0.0 (cmd 0.0)
0.95,-19.09,-0.13,0.0,-2.79,0.04,0.0,-2.8,-19.1,0.0 (cmd -0.1),0.0 (cmd 0.0)
0.9505,-19.11,0.0,0.0,-2.79,0.0,0.0,-2.8,-19.1,0.0 (cmd 0.0),0.0 (cmd 0.0)
0.951,-19.11,0.0,0.0,-2.78,0.0,0.0,-2.8,-19.1,0.0 (cmd 0.0),0.0 (cmd 0.0)
0.9515,-19.09,0.0,0.0,-2.74,0.0,0.0,-2.7,-19.1,0.0 (cmd 0.0),0.0 (cmd 0.0)
0.952,-19.09,0.0,0.0,-2.73,0.0,0.0,-2.7,-19.1,0.0 (cmd 0.0),0.0 (cmd 0.0)
0.9525,-19.09,0.0,0.0,-2.72,0.0,0.0,-2.7,-19.1,0.0 (cmd 0.0),0.0 (cmd 0.0)
0.953,-19.09,0.0,0.0,-2.71,0.0,0.0,-2.7,-19.1,0.0 (cmd 0.0),0.0 (cmd 0.0)
0.9535,-19.08,0.0,0.0,-2.7,0.0,0.0,-2.7,-19.1,0.0 (cmd 0.0),0.0 (cmd 0.0)
0.954,-19.07,0.0,0.0,-2.68,0.0,0.0,-2.7,-19.1,0.0 (cmd 0.0),0.0 (cmd 0.0)
0.9545,-19.02,0.0,0.0,-2.67,0.0,0.0,-2.7,-19.0,0.0 (cmd 0.0),0.0 (cmd 0.0)
0.955,-18.98,0.0,0.0,-2.66,0.0,0.0,-2.7,-19.0,0.0 (cmd 0.0),0.0 (cmd 0.0)
0.9555,-18.98,0.0,0.0,-2.69,0.0,0.0,-2.7,-19.0,0.0 (cmd 0.0),0.0 (cmd 0.0)
0.956,-18.99,0.0,0.0,-2.7,0.0,0.0,-2.7,-19.0,0.0 (cmd 0.0),0.0 (cmd 0.0)
0.9565,-19.03,0.0,0.0,-2.69,0.0,0.0,-2.7,-19.0,0.0 (cmd 0.0),0.0 (cmd 0.0)
0.957,-19.05,0.0,0.0,-2.69,0.0,0.0,-2.7,-19.1,0.0 (cmd 0.0),0.0 (cmd 0.0)
0.9575,-19.05,0.0,0.0,-2.68,0.0,0.0,-2.7,-19.1,0.0 (cmd 0.0),0.0 (cmd 0.0)
0.958,-19.04,0.0,0.0,-2.68,0.0,0.0,-2.7,-19.0,0.0 (cmd 0.0),0.0 (cmd 0.0)
0.9585,-19.01,0.0,0.0,-2.66,0.0,0.0,-2.7,-19.0,0.0 (cmd 0.0),0.0 (cmd 0.0)
0.959,-18.99,0.0,0.0,-2.64,0.0,0.0,-2.6,-19.0,0.0 (cmd 0.0),0.0 (cmd 0.0)
0.9595,-18.99,0.0,0.0,-2.64,0.0,0.0,-2.6,-19.0,0.0 (cmd 0.0),0.0 (cmd 0.0)
0.96,-19.0,0.0,0.0,-2.64,0.0,0.0,-2.6,-19.0,0.0 (cmd 0.0),0.0 (cmd 0.0)
0.9605,-18.99,0.0,0.0,-2.61,0.0,0.0,-2.6,-19.0,0.0 (cmd 0.0),0.0 (cmd 0.0)
0.961,-18.96,0.0,0.0,-2.59,0.0,0.0,-2.6,-19.0,0.0 (cmd 0.0),0.0 (cmd 0.0)
0.9615,-18.95,0.0,0.0,-2.57,0.0,0.0,-2.6,-18.9,0.0 (cmd 0.0),0.0 (cmd 0.0)
0.962,-18.94,0.0,0.0,-2.56,0.0,0.0,-2.6,-18.9,0.0 (cmd 0.0),0.0 (cmd 0.0)
0.9625,-18.93,0.0,0.0,-2.54,0.0,0.0,-2.5,-18.9,0.0 (cmd 0.0),0.0 (cmd 0.0)
0.963,-18.94,0.0,0.0,-2.55,0.0,0.0,-2.5,-18.9,0.0 (cmd 0.0),0.0 (cmd 0.0)
0.9635,-18.95,0.0,0.0,-2.54,0.0,0.0,-2.5,-18.9,0.0 (cmd 0.0),0.0 (cmd 0.0)
0.964,-18.94,0.0,0.0,-2.56,0.0,0.0,-2.6,-18.9,0.0 (cmd 0.0),0.0 (cmd 0.0)
0.9645,-18.94,0.0,0.0,-2.57,0.0,0.0,-2.6,-18.9,0.0 (cmd 0.0),0.0 (cmd 0.0)
0.965,-18.94,0.0,0.0,-2.57,0.0,0.0,-2.6,-18.9,0.0 (cmd 0.0),0.0 (cmd 0.0)
0.9655,-18.95,0.0,0.0,-2.58,0.0,0.0,-2.6,-18.9,0.0 (cmd 0.0),0.0 (cmd 0.0)
0.966,-19.0,0.0,0.0,-2.63,0.0,0.0,-2.6,-19.0,0.0 (cmd 0.0),0.0 (cmd 0.0)
0.9665,-19.03,0.0,0.0,-2.67,0.0,0.0,-2.7,-19.0,0.0 (cmd 0.0),0.0 (cmd 0.0)
0.967,-19.06,0.0,0.0,-2.69,0.0,0.0,-2.7,-19.1,0.0 (cmd 0.0),0.0 (cmd 0.0)
0.9675,-19.08,0.0,0.0,-2.7,0.0,0.0,-2.7,-19.1,0.0 (cmd 0.0),0.0 (cmd 0.0)
0.968,-19.09,0.0,0.0,-2.73,0.0,0.0,-2.7,-19.1,0.0 (cmd 0.0),0.0 (cmd 0.0)
0.9685,-19.1,0.0,0.0,-2.77,0.0,0.0,-2.8,-19.1,0.0 (cmd 0.0),0.0 (cmd 0.0)
0.969,-19.1,0.0,0.0,-2.82,0.0,0.0,-2.8,-19.1,0.0 (cmd 0.0),0.0 (cmd 0.0)
0.9695,-19.13,0.0,0.0,-2.84,0.0,0.0,-2.8,-19.1,0.0 (cmd 0.0),0.0 (cmd 0.0)
0.97,-19.15,0.0,0.0,-2.85,0.0,0.0,-2.9,-19.1,0.0 (cmd 0.0),0.0 (cmd 0.0)
0.9705,-19.17,0.0,0.0,-2.89,0.0,0.0,-2.9,-19.2,0.0 (cmd 0.0),0.0 (cmd 0.0)
0.971,-19.19,0.0,0.0,-2.92,0.0,0.0,-2.9,-19.2,0.0 (cmd 0.0),0.0 (cmd 0.0)
0.9715,-19.21,0.0,0.0,-2.96,0.0,0.0,-3.0,-19.2,0.0 (cmd 0.0),0.0 (cmd 0.0)
0.972,-19.21,0.0,0.0,-2.99,0.0,0.0,-3.0,-19.2,0.0 (cmd 0.0),0.0 (cmd 0.0)
0.9725,-19.22,0.0,0.0,-3.02,0.0,0.0,-3.0,-19.2,0.0 (cmd 0.0),0.0 (cmd 0.0)
0.973,-19.26,0.0,0.0,-3.04,0.0,0.0,-3.0,-19.3,0.0 (cmd 0.0),0.0 (cmd 0.0)
0.9735,-19.27,0.0,0.0,-3.08,0.0,0.0,-3.1,-19.3,0.0 (cmd 0.0),0.0 (cmd 0.0)
0.974,-19.27,0.0,0.0,-3.1,0.0,0.0,-3.1,-19.3,0.0 (cmd 0.0),0.0 (cmd 0.0)
0.9745,-19.28,0.0,0.0,-3.13,0.0,0.0,-3.1,-19.3,0.0 (cmd 0.0),0.0 (cmd 0.0)
0.975,-19.22,0.0,0.0,-3.17,0.0,0.0,-3.2,-19.2,0.0 (cmd 0.0),0.0 (cmd 0.0)
0.9755,-19.14,0.0,0.0,-3.35,0.0,0.0,-3.4,-19.1,0.0 (cmd 0.0),0.0 (cmd 0.0)
0.976,-19.07,0.0,0.0,-3.94,0.0,0.0,-3.9,-19.1,0.0 (cmd 0.0),0.0 (cmd 0.0)
0.9765,-19.09,0.0,0.0,-4.58,0.0,0.0,-4.6,-19.1,0.0 (cmd 0.0),0.0 (cmd 0.0)
0.977,-19.5,0.0,0.0,-6.41,0.0,0.0,-6.4,-19.5,0.0 (cmd 0.0),0.0 (cmd 0.0)
0.9775,-20.24,0.0,0.0,-7.92,0.0,0.0,-7.9,-20.2,0.0 (cmd 0.0),0.0 (cmd 0.0)
0.978,-21.1,0.0,0.0,-9.3,0.0,0.0,-9.3,-21.1,0.0 (cmd 0.0),0.0 (cmd 0.0)
0.9785,-20.67,0.0,0.0,-10.94,0.0,0.0,-10.9,-20.7,0.0 (cmd 0.0),0.0 (cmd 0.0)
0.979,-19.52,0.0,0.0,-12.19,0.0,0.0,-12.2,-19.5,0.0 (cmd 0.0),0.0 (cmd 0.0)
0.9795,-18.44,0.0,0.0,-13.96,0.0,0.0,-14.0,-18.4,0.0 (cmd 0.0),0.0 (cmd 0.0)
0.98,-18.35,0.0,0.0,-14.89,0.0,0.0,-14.9,-18.4,0.0 (cmd 0.0),0.0 (cmd 0.0)
0.9805,-17.8,0.0,0.0,-15.15,0.0,0.0,-15.2,-17.8,0.0 (cmd 0.0),0.0 (cmd 0.0)
0.981,-17.44,0.0,0.0,-15.17,0.0,0.0,-15.2,-17.4,0.0 (cmd 0.0),0.0 (cmd 0.0)
0.9815,-17.07,0.0,0.0,-15.16,0.0,0.0,-15.2,-17.1,0.0 (cmd 0.0),0.0 (cmd 0.0)
0.982,-16.71,0.0,0.0,-15.94,0.0,0.0,-15.9,-16.7,0.0 (cmd 0.0),0.0 (cmd 0.0)
0.9825,-16.34,0.0,0.0,-16.33,0.0,0.0,-16.3,-16.3,0.0 (cmd 0.0),0.0 (cmd 0.0)
0.983,-15.95,0.0,0.0,-16.26,0.0,0.0,-16.3,-15.9,0.0 (cmd 0.0),0.0 (cmd 0.0)
0.9835,-14.45,0.0,0.0,-15.05,0.0,0.0,-15.1,-14.4,0.0 (cmd 0.0),0.0 (cmd 0.0)
0.984,-13.37,0.0,0.0,-14.4,0.0,0.0,-14.4,-13.4,0.0 (cmd 0.0),0.0 (cmd 0.0)
0.9845,-12.06,0.0,0.0,-11.47,0.0,0.0,-11.5,-12.1,0.0 (cmd 0.0),0.0 (cmd 0.0)
0.985,-10.3,0.0,0.0,-10.13,0.0,0.0,-10.1,-10.3,0.0 (cmd 0.0),0.0 (cmd 0.0)
0.9855,-8.52,0.0,0.0,-12.12,0.0,0.0,-12.1,-8.5,0.0 (cmd 0.0),0.0 (cmd 0.0)
0.986,-8.77,0.0,0.0,-12.84,0.0,0.0,-12.8,-8.8,0.0 (cmd 0.0),0.0 (cmd 0.0)
0.9865,-9.77,0.0,0.0,-13.27,0.0,0.0,-13.3,-9.8,0.0 (cmd 0.0),0.0 (cmd 0.0)
0.987,-10.29,0.0,0.0,-13.96,0.0,0.0,-14.0,-10.3,0.0 (cmd 0.0),0.0 (cmd 0.0)
0.9875,-10.42,0.0,0.0,-14.22,0.0,0.0,-14.2,-10.4,0.0 (cmd 0.0),0.0 (cmd 0.0)
0.988,-10.56,0.0,0.0,-14.51,0.0,0.0,-14.5,-10.6,0.0 (cmd 0.0),0.0 (cmd 0.0)
0.9885,-10.77,0.0,0.0,-14.83,0.0,0.0,-14.8,-10.8,0.0 (cmd 0.0),0.0 (cmd 0.0)
0.989,-11.16,0.0,0.0,-15.03,0.0,0.0,-15.0,-11.2,0.0 (cmd 0.0),0.0 (cmd 0.0)
0.9895,-11.29,0.0,0.0,-15.21,0.0,0.0,-15.2,-11.3,0.0 (cmd 0.0),0.0 (cmd 0.0)
0.99,-11.48,0.0,0.0,-15.27,0.0,0.0,-15.3,-11.5,0.0 (cmd 0.0),0.0 (cmd 0.0)
0.9905,-11.7,0.0,0.0,-15.35,0.0,0.0,-15.3,-11.7,0.0 (cmd 0.0),0.0 (cmd 0.0)
0.991,-11.87,0.0,0.0,-15.44,0.0,0.0,-15.4,-11.9,0.0 (cmd 0.0),0.0 (cmd 0.0)
0.9915,-12.03,0.0,0.0,-15.48,0.0,0.0,-15.5,-12.0,0.0 (cmd 0.0),0.0 (cmd 0.0)
0.992,-12.26,0.0,0.0,-15.49,0.0,0.0,-15.5,-12.3,0.0 (cmd 0.0),0.0 (cmd 0.0)
0.9925,-12.33,0.0,0.0,-15.52,0.0,0.0,-15.5,-12.3,0.0 (cmd 0.0),0.0 (cmd 0.0)
0.993,-12.35,0.0,0.0,-15.53,0.0,0.0,-15.5,-12.3,0.0 (cmd 0.0),0.0 (cmd 0.0)
0.9935,-12.4,0.0,0.0,-15.48,0.0,0.0,-15.5,-12.4,0.0 (cmd 0.0),0.0 (cmd 0.0)
0.994,-12.41,0.0,0.0,-15.37,0.0,0.0,-15.4,-12.4,0.0 (cmd 0.0),0.0 (cmd 0.0)
0.9945,-12.31,0.0,0.0,-15.29,0.0,0.0,-15.3,-12.3,0.0 (cmd 0.0),0.0 (cmd 0.0)
0.995,-12.29,0.0,0.0,-15.26,0.0,0.0,-15.3,-12.3,0.0 (cmd 0.0),0.0 (cmd 0.0)
0.9955,-12.28,0.0,0.0,-15.22,0.0,0.0,-15.2,-12.3,0.0 (cmd 0.0),0.0 (cmd 0.0)
0.996,-12.19,0.0,0.0,-15.17,0.0,0.0,-15.2,-12.2,0.0 (cmd 0.0),0.0 (cmd 0.0)
0.9965,-11.96,0.0,0.0,-15.16,0.0,0.0,-15.2,-12.0,0.0 (cmd 0.0),0.0 (cmd 0.0)
0.997,-11.89,0.0,0.0,-15.05,0.0,0.0,-15.1,-11.9,0.0 (cmd 0.0),0.0 (cmd 0.0)
0.9975,-11.8,0.0,0.0,-14.92,0.0,0.0,-14.9,-11.8,0.0 (cmd 0.0),0.0 (cmd 0.0)
0.998,-11.68,0.0,0.0,-14.85,0.0,0.0,-14.8,-11.7,0.0 (cmd 0.0),0.0 (cmd 0.0)
0.9985,-11.57,0.0,0.0,-14.73,0.0,0.0,-14.7,-11.6,0.0 (cmd 0.0),0.0 (cmd 0.0)
0.999,-11.46,0.0,0.0,-14.61,0.0,0.0,-14.6,-11.5,0.0 (cmd 0.0),0.0 (cmd 0.0)
0.9995,-11.35,0.0,0.0,-14.45,0.0,0.0,-14.4,-11.3,0.0 (cmd 0.0),0.0 (cmd 0.0)
1.0,-11.22,0.0,0.0,-14.3,0.0,0.0,-14.3,-11.2,0.0 (cmd 0.0),0.0 (cmd 0.0)
1.0005,-11.06,0.0,0.0,-14.1,0.0,0.0,-14.1,-11.1,0.0 (cmd 0.0),0.0 (cmd 0.0)
1.001,-10.97,0.0,0.0,-13.93,0.0,0.0,-13.9,-11.0,0.0 (cmd 0.0),0.0 (cmd 0.0)
1.0015,-10.76,0.0,0.0,-13.84,0.0,0.0,-13.8,-10.8,0.0 (cmd 0.0),0.0 (cmd 0.0)
1.002,-10.64,0.0,0.0,-13.63,0.0,0.0,-13.6,-10.6,0.0 (cmd 0.0),0.0 (cmd 0.0)
1.0025,-10.55,0.0,0.0,-13.44,0.0,0.0,-13.4,-10.6,0.0 (cmd 0.0),0.0 (cmd 0.0)
1.003,-10.4,0.0,0.0,-13.2,0.0,0.0,-13.2,-10.4,0.0 (cmd 0.0),0.0 (cmd 0.0)
1.0035,-10.18,0.0,0.0,-13.05,0.0,0.0,-13.1,-10.2,0.0 (cmd 0.0),0.0 (cmd 0.0)
1.004,-10.11,0.0,0.0,-12.91,0.0,0.0,-12.9,-10.1,0.0 (cmd 0.0),0.0 (cmd 0.0)
1.0045,-9.96,0.0,0.0,-12.75,0.0,0.0,-12.8,-10.0,0.0 (cmd 0.0),0.0 (cmd 0.0)
1.005,-9.91,0.0,0.0,-12.61,0.0,0.0,-12.6,-9.9,0.0 (cmd 0.0),0.0 (cmd 0.0)
1.0055,-9.81,0.0,0.0,-12.47,0.0,0.0,-12.5,-9.8,0.0 (cmd 0.0),0.0 (cmd 0.0)
1.006,-9.69,0.0,0.0,-12.29,0.0,0.0,-12.3,-9.7,0.0 (cmd 0.0),0.0 (cmd 0.0)
1.0065,-9.56,0.0,0.0,-12.11,0.0,0.0,-12.1,-9.6,0.0 (cmd 0.0),0.0 (cmd 0.0)
1.007,-9.53,0.0,0.0,-12.0,0.0,0.0,-12.0,-9.5,0.0 (cmd 0.0),0.0 (cmd 0.0)
1.0075,-9.49,0.0,0.0,-11.87,0.0,0.0,-11.9,-9.5,0.0 (cmd 0.0),0.0 (cmd 0.0)
1.008,-9.3,0.0,0.0,-11.77,0.0,0.0,-11.8,-9.3,0.0 (cmd 0.0),0.0 (cmd 0.0)
1.0085,-9.18,0.0,0.0,-11.61,0.0,0.0,-11.6,-9.2,0.0 (cmd 0.0),0.0 (cmd 0.0)
1.009,-9.09,0.0,0.0,-11.43,0.0,0.0,-11.4,-9.1,0.0 (cmd 0.0),0.0 (cmd 0.0)
1.0095,-8.97,0.0,0.0,-11.3,0.0,0.0,-11.3,-9.0,0.0 (cmd 0.0),0.0 (cmd 0.0)
1.01,-8.78,0.0,0.0,-11.19,0.0,0.0,-11.2,-8.8,0.0 (cmd 0.0),0.0 (cmd 0.0)
1.0105,-8.7,0.0,0.0,-11.14,0.0,0.0,-11.1,-8.7,0.0 (cmd 0.0),0.0 (cmd 0.0)
1.011,-8.64,0.0,0.0,-11.02,0.0,0.0,-11.0,-8.6,0.0 (cmd 0.0),0.0 (cmd 0.0)
1.0115,-8.49,0.0,0.0,-10.87,0.0,0.0,-10.9,-8.5,0.0 (cmd 0.0),0.0 (cmd 0.0)
1.012,-8.38,0.0,0.0,-10.67,0.0,0.0,-10.7,-8.4,0.0 (cmd 0.0),0.0 (cmd 0.0)
1.0125,-8.31,0.0,0.0,-10.57,0.0,0.0,-10.6,-8.3,0.0 (cmd 0.0),0.0 (cmd 0.0)
1.013,-8.27,0.0,0.0,-10.52,0.0,0.0,-10.5,-8.3,0.0 (cmd 0.0),0.0 (cmd 0.0)
1.0135,-8.24,0.0,0.0,-10.51,0.0,0.0,-10.5,-8.2,0.0 (cmd 0.0),0.0 (cmd 0.0)
1.014,-8.25,0.0,0.0,-10.51,0.0,0.0,-10.5,-8.2,0.0 (cmd 0.0),0.0 (cmd 0.0)
1.0145,-8.34,0.0,0.0,-10.49,0.0,0.0,-10.5,-8.3,0.0 (cmd 0.0),0.0 (cmd 0.0)
1.015,-8.6,0.0,0.0,-10.59,0.0,0.0,-10.6,-8.6,0.0 (cmd 0.0),0.0 (cmd 0.0)
1.0155,-9.32,0.0,0.0,-10.75,0.0,0.0,-10.8,-9.3,0.0 (cmd 0.0),0.0 (cmd 0.0)
1.016,-9.91,0.0,0.0,-10.77,0.0,0.0,-10.8,-9.9,0.0 (cmd 0.0),0.0 (cmd 0.0)
1.0165,-10.31,0.0,0.0,-10.56,0.0,0.0,-10.6,-10.3,0.0 (cmd 0.0),0.0 (cmd 0.0)
1.017,-11.0,0.0,0.0,-10.48,0.0,0.0,-10.5,-11.0,0.0 (cmd 0.0),0.0 (cmd 0.0)
1.0175,-11.63,0.0,0.0,-10.67,0.0,0.0,-10.7,-11.6,0.0 (cmd 0.0),0.0 (cmd 0.0)
1.018,-12.69,0.0,0.0,-11.56,0.0,0.0,-11.6,-12.7,0.0 (cmd 0.0),0.0 (cmd 0.0)
1.0185,-13.51,0.0,0.0,-13.43,0.0,0.0,-13.4,-13.5,0.0 (cmd 0.0),0.0 (cmd 0.0)
1.019,-14.2,0.0,0.0,-16.11,0.0,0.0,-16.1,-14.2,0.0 (cmd 0.0),0.0 (cmd 0.0)
1.0195,-15.03,0.0,0.0,-16.78,0.0,0.0,-16.8,-15.0,0.0 (cmd 0.0),0.0 (cmd 0.0)
1.02,-15.96,0.0,0.0,-17.66,0.0,0.0,-17.7,-16.0,0.0 (cmd 0.0),0.0 (cmd 0.0)
1.0205,-15.98,0.0,0.0,-16.47,0.0,0.0,-16.5,-16.0,0.0 (cmd 0.0),0.0 (cmd 0.0)
1.021,-15.44,0.0,0.0,-15.04,0.0,0.0,-15.0,-15.4,0.0 (cmd 0.0),0.0 (cmd 0.0)
1.0215,-15.09,0.0,0.0,-13.1,0.0,0.0,-13.1,-15.1,0.0 (cmd 0.0),0.0 (cmd 0.0)
1.022,-14.99,0.0,0.0,-10.95,0.0,0.0,-10.9,-15.0,0.0 (cmd 0.0),0.0 (cmd 0.0)
1.0225,-15.12,0.0,0.0,-10.21,0.0,0.0,-10.2,-15.1,0.0 (cmd 0.0),0.0 (cmd 0.0)
1.023,-14.58,0.0,0.0,-9.83,0.0,0.0,-9.8,-14.6,0.0 (cmd 0.0),0.0 (cmd 0.0)
1.0235,-14.27,0.0,0.0,-9.26,0.0,0.0,-9.3,-14.3,0.0 (cmd 0.0),0.0 (cmd 0.0)
1.024,-14.3,0.0,0.0,-8.38,0.0,0.0,-8.4,-14.3,0.0 (cmd 0.0),0.0 (cmd 0.0)
1.0245,-14.42,0.0,0.0,-8.1,0.0,0.0,-8.1,-14.4,0.0 (cmd 0.0),0.0 (cmd 0.0)
1.025,-14.04,0.0,0.0,-7.48,0.0,0.0,-7.5,-14.0,0.0 (cmd 0.0),0.0 (cmd 0.0)
1.0255,-12.25,0.0,0.0,-6.72,0.0,0.0,-6.7,-12.2,0.0 (cmd 0.0),0.0 (cmd 0.0)
1.026,-9.75,0.0,0.0,-6.1,0.0,0.0,-6.1,-9.8,0.0 (cmd 0.0),0.0 (cmd 0.0)
1.0265,-8.52,0.0,0.0,-5.36,0.0,0.0,-5.4,-8.5,0.0 (cmd 0.0),0.0 (cmd 0.0)
1.027,-7.53,0.0,0.0,-4.81,0.0,0.0,-4.8,-7.5,0.0 (cmd 0.0),0.0 (cmd 0.0)
1.0275,-6.34,0.0,0.0,-3.9,0.0,0.0,-3.9,-6.3,0.0 (cmd 0.0),0.0 (cmd 0.0)
1.028,-5.93,0.0,0.0,-3.56,0.0,0.0,-3.6,-5.9,0.0 (cmd 0.0),0.0 (cmd 0.0)
1.0285,-5.85,0.0,0.0,-3.12,0.0,0.0,-3.1,-5.8,0.0 (cmd 0.0),0.0 (cmd 0.0)
1.029,-5.86,0.0,0.0,-2.84,0.0,0.0,-2.8,-5.9,0.0 (cmd 0.0),0.0 (cmd 0.0)
1.0295,-5.88,-1.33,0.0,-2.6,0.24,0.0,-2.6,-5.9,0.0 (cmd -1.3),0.0 (cmd 0.2)
1.03,-5.89,-1.19,0.0,-2.2,0.25,0.0,-2.2,-5.9,0.0 (cmd -1.2),0.0 (cmd 0.2)
1.0305,-5.95,-1.08,0.0,-1.99,0.25,0.0,-2.0,-6.0,0.0 (cmd -1.1),0.0 (cmd 0.2)
1.031,-6.02,-0.99,0.0,-1.85,0.25,0.0,-1.9,-6.0,0.0 (cmd -1.0),0.0 (cmd 0.2)
1.0315,-6.01,-0.96,0.0,-1.86,0.23,0.0,-1.9,-6.0,0.0 (cmd -1.0),0.0 (cmd 0.2)
1.032,-6.07,-0.91,0.0,-1.93,0.22,0.0,-1.9,-6.1,0.0 (cmd -0.9),0.0 (cmd 0.2)
1.0325,-6.12,-0.89,0.0,-1.96,0.21,0.0,-2.0,-6.1,0.0 (cmd -0.9),0.0 (cmd 0.2)
1.033,-6.19,-0.86,0.0,-1.91,0.21,0.0,-1.9,-6.2,0.0 (cmd -0.9),0.0 (cmd 0.2)
1.0335,-6.19,-0.84,0.0,-1.87,0.2,0.0,-1.9,-6.2,0.0 (cmd -0.8),0.0 (cmd 0.2)
1.034,-6.19,-0.84,0.0,-1.83,0.2,0.0,-1.8,-6.2,0.0 (cmd -0.8),0.0 (cmd 0.2)
1.0345,-6.23,-0.83,0.0,-1.83,0.2,0.0,-1.8,-6.2,0.0 (cmd -0.8),0.0 (cmd 0.2)
1.035,-6.22,-0.83,0.0,-1.86,0.19,0.0,-1.9,-6.2,0.0 (cmd -0.8),0.0 (cmd 0.2)
1.0355,-6.23,-0.83,0.0,-1.89,0.19,0.0,-1.9,-6.2,0.0 (cmd -0.8),0.0 (cmd 0.2)
1.036,-6.25,-0.82,0.0,-1.83,0.19,0.0,-1.8,-6.2,0.0 (cmd -0.8),0.0 (cmd 0.2)
1.0365,-6.27,-0.81,0.0,-1.83,0.19,0.0,-1.8,-6.3,0.0 (cmd -0.8),0.0 (cmd 0.2)
1.037,-6.32,-0.81,0.0,-1.82,0.19,0.0,-1.8,-6.3,0.0 (cmd -0.8),0.0 (cmd 0.2)
1.0375,-6.4,-0.8,0.0,-1.89,0.19,0.0,-1.9,-6.4,0.0 (cmd -0.8),0.0 (cmd 0.2)
1.038,-6.71,-0.73,0.0,-2.04,0.19,0.0,-2.0,-6.7,0.0 (cmd -0.7),0.0 (cmd 0.2)
1.0385,-7.08,-0.68,0.0,-2.17,0.2,0.0,-2.2,-7.1,0.0 (cmd -0.7),0.0 (cmd 0.2)
1.039,-7.5,-0.63,0.0,-2.9,0.19,0.0,-2.9,-7.5,0.0 (cmd -0.6),0.0 (cmd 0.2)
1.0395,-8.83,-0.52,0.0,-5.46,0.13,0.0,-5.5,-8.8,0.0 (cmd -0.5),0.0 (cmd 0.1)
1.04,-12.03,-0.25,0.0,-8.46,0.14,0.0,-8.5,-12.0,0.0 (cmd -0.2),0.0 (cmd 0.1)
1.0405,-14.62,0.39,0.0,-9.62,0.27,0.0,-9.6,-14.6,0.0 (cmd 0.4),0.0 (cmd 0.3)
1.041,-17.62,0.79,0.0,-11.49,0.36,0.0,-11.5,-17.6,0.0 (cmd 0.8),0.0 (cmd 0.4)
1.0415,-18.52,0.68,0.0,-12.03,0.39,0.0,-12.0,-18.5,0.0 (cmd 0.7),0.0 (cmd 0.4)
1.042,-18.36,0.39,0.0,-11.96,0.4,0.0,-12.0,-18.4,0.0 (cmd 0.4),0.0 (cmd 0.4)
1.0425,-17.57,-0.12,0.0,-12.0,0.36,0.0,-12.0,-17.6,0.0 (cmd -0.1),0.0 (cmd 0.4)
1.043,-16.2,-0.66,0.0,-13.67,0.28,0.0,-13.7,-16.2,0.0 (cmd -0.7),0.0 (cmd 0.3)
1.0435,-15.18,-1.16,0.0,-18.87,0.15,0.0,-18.9,-15.2,0.0 (cmd -1.2),0.0 (cmd 0.1)
1.044,-13.87,-1.78,0.0,-23.26,-0.02,0.0,-23.3,-13.9,0.0 (cmd -1.8),0.0 (cmd -0.0)
1.0445,-13.03,-2.27,0.0,-29.08,-0.34,0.0,-29.1,-13.0,0.0 (cmd -2.3),0.0 (cmd -0.3)
1.045,-11.7,-2.57,0.0,-35.68,-0.46,0.0,-35.7,-11.7,0.0 (cmd -2.6),0.0 (cmd -0.5)
1.0455,-10.59,-2.83,0.0,-39.62,-0.61,0.0,-39.6,-10.6,0.0 (cmd -2.8),0.0 (cmd -0.6)
1.046,-9.05,-3.24,0.0,-42.83,-0.63,0.0,-42.8,-9.1,0.0 (cmd -3.2),0.0 (cmd -0.6)
1.0465,-7.5,-3.51,0.0,-43.35,-0.33,0.0,-43.4,-7.5,0.0 (cmd -3.5),0.0 (cmd -0.3)
1.047,-6.95,-3.45,0.0,-40.24,0.3,0.0,-40.2,-7.0,0.0 (cmd -3.5),0.0 (cmd 0.3)
1.0475,-6.97,-3.21,0.0,-36.05,0.74,0.0,-36.0,-7.0,0.0 (cmd -3.2),0.0 (cmd 0.7)
1.048,-7.04,-2.62,0.0,-28.43,1.09,0.0,-28.4,-7.0,0.0 (cmd -2.6),0.0 (cmd 1.1)
1.0485,-8.1,-1.61,0.0,-18.85,1.37,0.0,-18.9,-8.1,0.0 (cmd -1.6),0.0 (cmd 1.4)
1.049,-9.1,-0.03,0.0,-10.74,1.46,0.0,-10.7,-9.1,0.0 (cmd -0.0),0.0 (cmd 1.5)
1.0495,-10.95,1.44,0.0,-2.58,1.51,0.0,-2.6,-10.9,0.0 (cmd 1.4),0.0 (cmd 1.5)
1.05,-19.27,2.81,0.0,-2.58,1.57,0.0,-2.6,-19.3,0.0 (cmd 2.8),0.0 (cmd 1.6)
1.0505,-30.42,4.95,0.0,-2.97,1.69,0.0,-3.0,-30.4,0.0 (cmd 5.0),0.0 (cmd 1.7)
1.051,-36.89,5.58,0.0,-2.59,1.58,0.0,-2.6,-36.9,0.0 (cmd 5.6),0.0 (cmd 1.6)
1.0515,-44.15,7.73,0.0,-1.48,1.69,0.0,-1.5,-44.1,0.0 (cmd 7.7),0.0 (cmd 1.7)
1.052,-50.81,7.87,0.0,0.14,1.71,0.0,0.1,-50.8,0.0 (cmd 7.9),0.0 (cmd 1.7)
1.0525,-53.42,6.76,0.0,0.63,1.58,0.0,0.6,-53.4,0.0 (cmd 6.8),0.0 (cmd 1.6)
1.053,-53.06,5.07,0.0,0.39,1.27,0.0,0.4,-53.1,0.0 (cmd 5.1),0.0 (cmd 1.3)
1.0535,-48.64,2.97,0.0,-0.25,0.93,0.0,-0.2,-48.6,0.0 (cmd 3.0),0.0 (cmd 0.9)
1.054,-40.91,0.87,0.0,-0.75,0.67,0.0,-0.8,-40.9,0.0 (cmd 0.9),0.0 (cmd 0.7)
1.0545,-33.09,-2.05,0.0,-1.44,0.37,0.0,-1.4,-33.1,0.0 (cmd -2.0),0.0 (cmd 0.4)
1.055,-21.73,-4.66,0.0,-2.81,0.16,0.0,-2.8,-21.7,0.0 (cmd -4.7),0.0 (cmd 0.2)
1.0555,-14.86,-4.88,0.0,-7.49,0.09,0.0,-7.5,-14.9,0.0 (cmd -4.9),0.0 (cmd 0.1)
1.056,-5.86,-5.94,0.0,-12.69,-0.11,0.0,-12.7,-5.9,0.0 (cmd -5.9),0.0 (cmd -0.1)
1.0565,-6.19,-6.01,0.0,-21.11,-0.6,0.0,-21.1,-6.2,0.0 (cmd -6.0),0.0 (cmd -0.6)
1.057,-6.46,-5.2,0.0,-30.13,-1.39,0.0,-30.1,-6.5,0.0 (cmd -5.2),0.0 (cmd -1.4)
1.0575,-5.8,-4.57,0.0,-40.8,-1.98,0.0,-40.8,-5.8,0.0 (cmd -4.6),0.0 (cmd -2.0)
1.058,-5.07,-4.44,0.0,-45.58,-2.2,0.0,-45.6,-5.1,0.0 (cmd -4.4),0.0 (cmd -2.2)
1.0585,-4.27,-4.34,0.0,-49.78,-1.88,0.0,-49.8,-4.3,0.0 (cmd -4.3),0.0 (cmd -1.9)
1.059,-2.72,-4.28,0.0,-55.49,-2.02,0.0,-55.5,-2.7,0.0 (cmd -4.3),0.0 (cmd -2.0)
1.0595,-2.49,-4.32,0.0,-54.2,-1.34,0.0,-54.2,-2.5,0.0 (cmd -4.3),0.0 (cmd -1.3)
1.06,-3.34,-3.98,0.0,-49.34,-0.25,0.0,-49.3,-3.3,0.0 (cmd -4.0),0.0 (cmd -0.2)
1.0605,-3.52,-3.63,0.0,-41.52,0.71,0.0,-41.5,-3.5,0.0 (cmd -3.6),0.0 (cmd 0.7)
1.061,-3.93,-2.81,0.0,-29.4,1.34,0.0,-29.4,-3.9,0.0 (cmd -2.8),0.0 (cmd 1.3)
1.0615,-4.89,-1.71,0.0,-22.68,1.62,0.0,-22.7,-4.9,0.0 (cmd -1.7),0.0 (cmd 1.6)
1.062,-7.84,0.45,0.0,-10.98,1.69,0.0,-11.0,-7.8,0.0 (cmd 0.5),0.0 (cmd 1.7)
1.0625,-13.64,2.74,0.0,-2.84,1.79,0.0,-2.8,-13.6,0.0 (cmd 2.7),0.0 (cmd 1.8)
1.063,-23.57,4.92,0.0,-3.41,1.92,0.0,-3.4,-23.6,0.0 (cmd 4.9),0.0 (cmd 1.9)
1.0635,-34.06,5.63,0.0,-2.9,1.86,0.0,-2.9,-34.1,0.0 (cmd 5.6),0.0 (cmd 1.9)
1.064,-43.58,8.62,0.0,-1.19,2.0,0.0,-1.2,-43.6,0.0 (cmd 8.6),0.0 (cmd 2.0)
1.0645,-48.57,8.63,0.0,-0.06,1.87,0.0,-0.1,-48.6,0.0 (cmd 8.6),0.0 (cmd 1.9)
1.065,-52.43,8.44,0.0,0.21,1.85,0.0,0.2,-52.4,0.0 (cmd 8.4),0.0 (cmd 1.9)
1.0655,-53.7,6.78,0.0,0.29,1.61,0.0,0.3,-53.7,0.0 (cmd 6.8),0.0 (cmd 1.6)
1.066,-49.33,4.6,0.0,-0.25,1.2,0.0,-0.2,-49.3,0.0 (cmd 4.6),0.0 (cmd 1.2)
1.0665,-43.32,1.94,0.0,-0.62,0.81,0.0,-0.6,-43.3,0.0 (cmd 1.9),0.0 (cmd 0.8)
1.067,-38.4,-0.98,0.0,-1.24,0.48,0.0,-1.2,-38.4,0.0 (cmd -1.0),0.0 (cmd 0.5)
1.0675,-25.27,-3.89,0.0,-2.75,0.23,0.0,-2.8,-25.3,0.0 (cmd -3.9),0.0 (cmd 0.2)
1.068,-11.68,-5.64,0.0,-6.54,0.09,0.0,-6.5,-11.7,0.0 (cmd -5.6),0.0 (cmd 0.1)
1.0685,-7.89,-6.36,0.0,-11.47,-0.06,0.0,-11.5,-7.9,0.0 (cmd -6.4),0.0 (cmd -0.1)
1.069,-7.16,-5.98,0.0,-20.84,-0.56,0.0,-20.8,-7.2,0.0 (cmd -6.0),0.0 (cmd -0.6)
1.0695,-7.25,-5.26,0.0,-29.68,-1.13,0.0,-29.7,-7.2,0.0 (cmd -5.3),0.0 (cmd -1.1)
1.07,-6.98,-4.62,0.0,-36.43,-1.89,0.0,-36.4,-7.0,0.0 (cmd -4.6),0.0 (cmd -1.9)
1.0705,-6.18,-4.31,0.0,-45.46,-2.07,0.0,-45.5,-6.2,0.0 (cmd -4.3),0.0 (cmd -2.1)
1.071,-4.54,-4.28,0.0,-51.23,-2.06,0.0,-51.2,-4.5,0.0 (cmd -4.3),0.0 (cmd -2.1)
1.0715,-3.53,-4.37,0.0,-53.82,-1.74,0.0,-53.8,-3.5,0.0 (cmd -4.4),0.0 (cmd -1.7)
1.072,-3.6,-4.25,0.0,-53.34,-1.23,0.0,-53.3,-3.6,0.0 (cmd -4.2),0.0 (cmd -1.2)
1.0725,-4.09,-3.97,0.0,-49.11,-0.11,0.0,-49.1,-4.1,0.0 (cmd -4.0),0.0 (cmd -0.1)
1.073,-4.84,-3.61,0.0,-41.66,0.66,0.0,-41.7,-4.8,0.0 (cmd -3.6),0.0 (cmd 0.7)
1.0735,-5.49,-2.73,0.0,-32.17,1.3,0.0,-32.2,-5.5,0.0 (cmd -2.7),0.0 (cmd 1.3)
1.074,-5.89,-1.33,0.0,-20.78,1.66,0.0,-20.8,-5.9,0.0 (cmd -1.3),0.0 (cmd 1.7)
1.0745,-8.08,0.16,0.0,-9.61,1.65,0.0,-9.6,-8.1,0.0 (cmd 0.2),0.0 (cmd 1.6)
1.075,-15.09,2.79,0.0,-2.74,1.79,0.0,-2.7,-15.1,0.0 (cmd 2.8),0.0 (cmd 1.8)
1.0755,-23.94,4.17,0.0,-2.93,1.83,0.0,-2.9,-23.9,0.0 (cmd 4.2),0.0 (cmd 1.8)
1.076,-31.13,7.0,0.0,-2.91,1.98,0.0,-2.9,-31.1,0.0 (cmd 7.0),0.0 (cmd 2.0)
1.0765,-42.2,7.37,0.0,-1.48,1.87,0.0,-1.5,-42.2,0.0 (cmd 7.4),0.0 (cmd 1.9)
1.077,-48.71,8.21,0.0,-0.42,1.82,0.0,-0.4,-48.7,0.0 (cmd 8.2),0.0 (cmd 1.8)
1.0775,-52.28,8.45,0.0,0.76,1.86,0.0,0.8,-52.3,0.0 (cmd 8.4),0.0 (cmd 1.9)
1.078,-54.1,7.12,0.0,1.3,1.7,0.0,1.3,-54.1,0.0 (cmd 7.1),0.0 (cmd 1.7)
1.0785,-50.76,4.99,0.0,0.92,1.31,0.0,0.9,-50.8,0.0 (cmd 5.0),0.0 (cmd 1.3)
1.079,-46.31,2.22,0.0,0.29,0.86,0.0,0.3,-46.3,0.0 (cmd 2.2),0.0 (cmd 0.9)
1.0795,-38.32,-0.69,0.0,-0.35,0.53,0.0,-0.3,-38.3,0.0 (cmd -0.7),0.0 (cmd 0.5)
1.08,-24.74,-2.82,0.0,-2.06,0.31,0.0,-2.1,-24.7,0.0 (cmd -2.8),0.0 (cmd 0.3)
1.0805,-17.48,-5.33,0.0,-3.97,0.12,0.0,-4.0,-17.5,0.0 (cmd -5.3),0.0 (cmd 0.1)
1.081,-8.88,-6.63,0.0,-11.16,-0.06,0.0,-11.2,-8.9,0.0 (cmd -6.6),0.0 (cmd -0.1)
1.0815,-8.85,-5.92,0.0,-21.02,-0.42,0.0,-21.0,-8.8,0.0 (cmd -5.9),0.0 (cmd -0.4)
1.082,-9.05,-5.12,0.0,-31.47,-1.35,0.0,-31.5,-9.1,0.0 (cmd -5.1),0.0 (cmd -1.4)
1.0825,-7.95,-4.52,0.0,-36.17,-1.86,0.0,-36.2,-8.0,0.0 (cmd -4.5),0.0 (cmd -1.9)
1.083,-6.86,-4.54,0.0,-43.91,-2.02,0.0,-43.9,-6.9,0.0 (cmd -4.5),0.0 (cmd -2.0)
1.0835,-5.35,-4.46,0.0,-48.3,-1.85,0.0,-48.3,-5.3,0.0 (cmd -4.5),0.0 (cmd -1.9)
1.084,-4.46,-4.39,0.0,-49.74,-1.32,0.0,-49.7,-4.5,0.0 (cmd -4.4),0.0 (cmd -1.3)
1.0845,-4.16,-4.35,0.0,-47.86,-0.72,0.0,-47.9,-4.2,0.0 (cmd -4.3),0.0 (cmd -0.7)
1.085,-4.38,-4.06,0.0,-43.04,0.21,0.0,-43.0,-4.4,0.0 (cmd -4.1),0.0 (cmd 0.2)
1.0855,-4.56,-3.48,0.0,-33.47,0.89,0.0,-33.5,-4.6,0.0 (cmd -3.5),0.0 (cmd 0.9)
1.086,-5.21,-2.66,0.0,-27.53,1.27,0.0,-27.5,-5.2,0.0 (cmd -2.7),0.0 (cmd 1.3)
1.0865,-7.28,-0.64,0.0,-13.95,1.59,0.0,-13.9,-7.3,0.0 (cmd -0.6),0.0 (cmd 1.6)
1.087,-10.65,1.15,0.0,-2.65,1.61,0.0,-2.6,-10.7,0.0 (cmd 1.1),0.0 (cmd 1.6)
1.0875,-14.22,2.84,0.0,-0.39,1.7,0.0,-0.4,-14.2,0.0 (cmd 2.8),0.0 (cmd 1.7)
1.088,-18.59,3.37,0.0,-0.24,1.64,0.0,-0.2,-18.6,0.0 (cmd 3.4),0.0 (cmd 1.6)
1.0885,-27.18,5.13,0.0,1.4,1.71,0.0,1.4,-27.2,0.0 (cmd 5.1),0.0 (cmd 1.7)
1.089,-41.49,8.52,0.0,2.45,1.96,0.0,2.5,-41.5,0.0 (cmd 8.5),0.0 (cmd 2.0)
1.0895,-47.15,8.65,0.0,3.22,1.9,0.0,3.2,-47.1,0.0 (cmd 8.7),0.0 (cmd 1.9)
1.09,-48.59,7.23,0.0,2.67,1.69,0.0,2.7,-48.6,0.0 (cmd 7.2),0.0 (cmd 1.7)
1.0905,-47.85,5.41,0.0,2.03,1.33,0.0,2.0,-47.9,0.0 (cmd 5.4),0.0 (cmd 1.3)
1.091,-43.39,2.97,0.0,1.76,0.94,0.0,1.8,-43.4,0.0 (cmd 3.0),0.0 (cmd 0.9)
1.0915,-36.42,0.22,0.0,1.36,0.6,0.0,1.4,-36.4,0.0 (cmd 0.2),0.0 (cmd 0.6)
1.092,-26.6,-1.37,0.0,0.41,0.41,0.0,0.4,-26.6,0.0 (cmd -1.4),0.0 (cmd 0.4)
1.0925,-17.92,-4.41,0.0,-2.33,0.18,0.0,-2.3,-17.9,0.0 (cmd -4.4),0.0 (cmd 0.2)
1.093,-8.42,-5.46,0.0,-6.29,0.06,0.0,-6.3,-8.4,0.0 (cmd -5.5),0.0 (cmd 0.1)
1.0935,-7.75,-5.53,0.0,-14.16,-0.2,0.0,-14.2,-7.8,0.0 (cmd -5.5),0.0 (cmd -0.2)
1.094,-7.34,-4.9,0.0,-23.13,-0.88,0.0,-23.1,-7.3,0.0 (cmd -4.9),0.0 (cmd -0.9)
1.0945,-7.35,-4.26,0.0,-30.07,-1.73,0.0,-30.1,-7.3,0.0 (cmd -4.3),0.0 (cmd -1.7)
1.095,-7.16,-3.87,0.0,-39.46,-2.05,0.0,-39.5,-7.2,0.0 (cmd -3.9),0.0 (cmd -2.0)
1.0955,-6.27,-3.82,0.0,-43.35,-2.08,0.0,-43.4,-6.3,0.0 (cmd -3.8),0.0 (cmd -2.1)
1.096,-5.26,-3.78,0.0,-50.07,-1.93,0.0,-50.1,-5.3,0.0 (cmd -3.8),0.0 (cmd -1.9)
1.0965,-4.52,-3.88,0.0,-50.37,-1.45,0.0,-50.4,-4.5,0.0 (cmd -3.9),0.0 (cmd -1.4)
1.097,-4.21,-3.97,0.0,-47.8,-0.57,0.0,-47.8,-4.2,0.0 (cmd -4.0),0.0 (cmd -0.6)
1.0975,-4.41,-3.71,0.0,-40.65,0.4,0.0,-40.6,-4.4,0.0 (cmd -3.7),0.0 (cmd 0.4)
1.098,-4.72,-3.14,0.0,-35.62,1.03,0.0,-35.6,-4.7,0.0 (cmd -3.1),0.0 (cmd 1.0)
1.0985,-5.6,-2.38,0.0,-23.69,1.35,0.0,-23.7,-5.6,0.0 (cmd -2.4),0.0 (cmd 1.4)
1.099,-7.63,-0.5,0.0,-12.31,1.63,0.0,-12.3,-7.6,0.0 (cmd -0.5),0.0 (cmd 1.6)
1.0995,-12.58,1.53,0.0,-3.17,1.65,0.0,-3.2,-12.6,0.0 (cmd 1.5),0.0 (cmd 1.6)
1.1,-16.64,3.32,0.0,-2.13,1.74,0.0,-2.1,-16.6,0.0 (cmd 3.3),0.0 (cmd 1.7)
1.1005,-21.15,4.37,0.0,-1.26,1.74,0.0,-1.3,-21.1,0.0 (cmd 4.4),0.0 (cmd 1.7)
1.101,-35.67,5.46,0.0,-0.32,1.73,0.0,-0.3,-35.7,0.0 (cmd 5.5),0.0 (cmd 1.7)
1.1015,-42.87,7.47,0.0,0.5,1.8,0.0,0.5,-42.9,0.0 (cmd 7.5),0.0 (cmd 1.8)
1.102,-46.12,8.31,0.0,1.83,1.83,0.0,1.8,-46.1,0.0 (cmd 8.3),0.0 (cmd 1.8)
1.1025,-50.16,7.53,0.0,2.82,1.75,0.0,2.8,-50.2,0.0 (cmd 7.5),0.0 (cmd 1.8)
1.103,-49.37,5.72,0.0,3.08,1.45,0.0,3.1,-49.4,0.0 (cmd 5.7),0.0 (cmd 1.4)
1.1035,-44.31,3.43,0.0,2.69,1.03,0.0,2.7,-44.3,0.0 (cmd 3.4),0.0 (cmd 1.0)
1.104,-38.85,0.45,0.0,1.97,0.65,0.0,2.0,-38.9,0.0 (cmd 0.5),0.0 (cmd 0.7)
1.1045,-29.2,-2.19,0.0,0.41,0.37,0.0,0.4,-29.2,0.0 (cmd -2.2),0.0 (cmd 0.4)
1.105,-22.14,-4.26,0.0,-1.3,0.2,0.0,-1.3,-22.1,0.0 (cmd -4.3),0.0 (cmd 0.2)
1.1055,-17.15,-4.03,0.0,-5.44,0.07,0.0,-5.4,-17.1,0.0 (cmd -4.0),0.0 (cmd 0.1)
1.106,-6.62,-6.33,0.0,-12.88,-0.07,0.0,-12.9,-6.6,0.0 (cmd -6.3),0.0 (cmd -0.1)
1.1065,-6.97,-5.48,0.0,-22.41,-0.64,0.0,-22.4,-7.0,0.0 (cmd -5.5),0.0 (cmd -0.6)
1.107,-6.29,-4.73,0.0,-32.22,-1.72,0.0,-32.2,-6.3,0.0 (cmd -4.7),0.0 (cmd -1.7)
1.1075,-5.76,-4.43,0.0,-40.81,-2.34,0.0,-40.8,-5.8,0.0 (cmd -4.4),0.0 (cmd -2.3)
1.108,-3.59,-4.29,0.0,-48.75,-2.35,0.0,-48.8,-3.6,0.0 (cmd -4.3),0.0 (cmd -2.4)
1.1085,-1.34,-4.83,0.0,-51.72,-2.31,0.0,-51.7,-1.3,0.0 (cmd -4.8),0.0 (cmd -2.3)
1.109,-1.46,-4.63,0.0,-51.75,-1.73,0.0,-51.8,-1.5,0.0 (cmd -4.6),0.0 (cmd -1.7)
1.1095,-2.38,-4.22,0.0,-48.14,-0.71,0.0,-48.1,-2.4,0.0 (cmd -4.2),0.0 (cmd -0.7)
1.11,-3.0,-3.77,0.0,-44.08,0.22,0.0,-44.1,-3.0,0.0 (cmd -3.8),0.0 (cmd 0.2)
1.1105,-4.32,-3.0,0.0,-31.32,1.14,0.0,-31.3,-4.3,0.0 (cmd -3.0),0.0 (cmd 1.1)
1.111,-5.8,-1.11,0.0,-19.5,1.67,0.0,-19.5,-5.8,0.0 (cmd -1.1),0.0 (cmd 1.7)
1.1115,-10.11,0.88,0.0,-6.5,1.73,0.0,-6.5,-10.1,0.0 (cmd 0.9),0.0 (cmd 1.7)
1.112,-18.71,3.45,0.0,-2.61,1.85,0.0,-2.6,-18.7,0.0 (cmd 3.5),0.0 (cmd 1.9)
1.1125,-24.17,5.39,0.0,-2.23,1.93,0.0,-2.2,-24.2,0.0 (cmd 5.4),0.0 (cmd 1.9)
1.113,-35.18,6.36,0.0,-2.21,1.89,0.0,-2.2,-35.2,0.0 (cmd 6.4),0.0 (cmd 1.9)
1.1135,-44.54,7.94,0.0,-1.41,1.9,0.0,-1.4,-44.5,0.0 (cmd 7.9),0.0 (cmd 1.9)
1.114,-49.69,8.4,0.0,-0.58,1.81,0.0,-0.6,-49.7,0.0 (cmd 8.4),0.0 (cmd 1.8)
1.1145,-51.79,7.95,0.0,0.26,1.77,0.0,0.3,-51.8,0.0 (cmd 8.0),0.0 (cmd 1.8)
1.115,-50.97,6.01,0.0,0.48,1.47,0.0,0.5,-51.0,0.0 (cmd 6.0),0.0 (cmd 1.5)
1.1155,-46.53,3.69,0.0,0.15,1.05,0.0,0.1,-46.5,0.0 (cmd 3.7),0.0 (cmd 1.1)
1.116,-39.78,0.45,0.0,-0.64,0.63,0.0,-0.6,-39.8,0.0 (cmd 0.5),0.0 (cmd 0.6)
1.1165,-32.12,-2.28,0.0,-1.81,0.35,0.0,-1.8,-32.1,0.0 (cmd -2.3),0.0 (cmd 0.3)
1.117,-16.62,-4.39,0.0,-4.62,0.16,0.0,-4.6,-16.6,0.0 (cmd -4.4),0.0 (cmd 0.2)
1.1175,-11.06,-6.04,0.0,-8.72,0.01,0.0,-8.7,-11.1,0.0 (cmd -6.0),0.0 (cmd 0.0)
1.118,-9.83,-5.75,0.0,-17.9,-0.37,0.0,-17.9,-9.8,0.0 (cmd -5.8),0.0 (cmd -0.4)
1.1185,-8.57,-5.23,0.0,-25.25,-1.01,0.0,-25.2,-8.6,0.0 (cmd -5.2),0.0 (cmd -1.0)
1.119,-6.54,-4.85,0.0,-33.43,-1.57,0.0,-33.4,-6.5,0.0 (cmd -4.8),0.0 (cmd -1.6)
1.1195,-5.97,-4.79,0.0,-42.17,-1.76,0.0,-42.2,-6.0,0.0 (cmd -4.8),0.0 (cmd -1.8)
1.12,-4.35,-4.64,0.0,-47.46,-2.11,0.0,-47.5,-4.3,0.0 (cmd -4.6),0.0 (cmd -2.1)
1.1205,-3.5,-4.5,0.0,-49.8,-1.76,0.0,-49.8,-3.5,0.0 (cmd -4.5),0.0 (cmd -1.8)
1.121,-3.7,-4.34,0.0,-49.17,-1.08,0.0,-49.2,-3.7,0.0 (cmd -4.3),0.0 (cmd -1.1)
1.1215,-4.34,-3.95,0.0,-44.45,0.03,0.0,-44.5,-4.3,0.0 (cmd -4.0),0.0 (cmd 0.0)
1.122,-4.72,-3.47,0.0,-35.38,0.7,0.0,-35.4,-4.7,0.0 (cmd -3.5),0.0 (cmd 0.7)
1.1225,-5.0,-2.68,0.0,-27.58,1.23,0.0,-27.6,-5.0,0.0 (cmd -2.7),0.0 (cmd 1.2)
1.123,-6.78,-1.09,0.0,-16.21,1.57,0.0,-16.2,-6.8,0.0 (cmd -1.1),0.0 (cmd 1.6)
1.1235,-9.4,0.84,0.0,-6.2,1.62,0.0,-6.2,-9.4,0.0 (cmd 0.8),0.0 (cmd 1.6)
1.124,-15.69,2.43,0.0,-3.08,1.67,0.0,-3.1,-15.7,0.0 (cmd 2.4),0.0 (cmd 1.7)
1.1245,-23.06,3.51,0.0,-3.77,1.68,0.0,-3.8,-23.1,0.0 (cmd 3.5),0.0 (cmd 1.7)
1.125,-28.07,5.46,0.0,-2.5,1.78,0.0,-2.5,-28.1,0.0 (cmd 5.5),0.0 (cmd 1.8)
1.1255,-38.31,6.77,0.0,-1.75,1.77,0.0,-1.8,-38.3,0.0 (cmd 6.8),0.0 (cmd 1.8)
1.126,-43.73,6.9,0.0,-1.01,1.63,0.0,-1.0,-43.7,0.0 (cmd 6.9),0.0 (cmd 1.6)
1.1265,-46.15,6.85,0.0,-0.58,1.57,0.0,-0.6,-46.1,0.0 (cmd 6.8),0.0 (cmd 1.6)
1.127,-46.57,5.48,0.0,-0.66,1.33,0.0,-0.7,-46.6,0.0 (cmd 5.5),0.0 (cmd 1.3)
1.1275,-41.68,3.56,0.0,-1.28,1.0,0.0,-1.3,-41.7,0.0 (cmd 3.6),0.0 (cmd 1.0)
1.128,-35.75,1.11,0.0,-1.45,0.66,0.0,-1.4,-35.8,0.0 (cmd 1.1),0.0 (cmd 0.7)
1.1285,-30.58,-1.15,0.0,-1.4,0.42,0.0,-1.4,-30.6,0.0 (cmd -1.1),0.0 (cmd 0.4)
1.129,-20.09,-4.3,0.0,-0.87,0.18,0.0,-0.9,-20.1,0.0 (cmd -4.3),0.0 (cmd 0.2)
1.1295,-9.02,-5.64,0.0,-0.39,0.13,0.0,-0.4,-9.0,0.0 (cmd -5.6),0.0 (cmd 0.1)
1.13,-7.07,-5.68,0.0,-0.1,0.1,0.0,-0.1,-7.1,0.0 (cmd -5.7),0.0 (cmd 0.1)
1.1305,-3.72,-5.6,0.0,0.32,0.07,0.0,0.3,-3.7,0.0 (cmd -5.6),0.0 (cmd 0.1)
1.131,-0.66,-5.09,0.0,1.05,0.01,0.0,1.1,-0.7,0.0 (cmd -5.1),0.0 (cmd 0.0)
1.1315,0.64,-4.72,0.0,1.13,-0.03,0.0,1.1,0.6,0.0 (cmd -4.7),0.0 (cmd -0.0)
1.132,0.83,-4.11,0.0,1.22,-0.08,0.0,1.2,0.8,0.0 (cmd -4.1),0.0 (cmd -0.1)
1.1325,0.6,-3.36,0.0,1.58,-0.1,0.0,1.6,0.6,0.0 (cmd -3.4),0.0 (cmd -0.1)
1.133,0.41,-2.73,0.0,1.64,-0.08,0.0,1.6,0.4,0.0 (cmd -2.7),0.0 (cmd -0.1)
1.1335,0.27,-2.24,0.0,1.61,-0.04,0.0,1.6,0.3,0.0 (cmd -2.2),0.0 (cmd -0.0)
1.134,0.4,-1.93,0.0,1.64,-0.02,0.0,1.6,0.4,0.0 (cmd -1.9),0.0 (cmd -0.0)
1.1345,0.5,-1.73,0.0,1.73,-0.01,0.0,1.7,0.5,0.0 (cmd -1.7),0.0 (cmd -0.0)
1.135,0.4,-1.52,0.0,1.75,0.01,0.0,1.8,0.4,0.0 (cmd -1.5),0.0 (cmd 0.0)
1.1355,0.44,-1.34,0.0,1.89,0.03,0.0,1.9,0.4,0.0 (cmd -1.3),0.0 (cmd 0.0)
1.136,0.46,-1.23,0.0,1.99,0.04,0.0,2.0,0.5,0.0 (cmd -1.2),0.0 (cmd 0.0)
1.1365,0.33,-1.14,0.0,2.03,0.05,0.0,2.0,0.3,0.0 (cmd -1.1),0.0 (cmd 0.1)
1.137,0.23,-1.01,0.0,2.08,0.07,0.0,2.1,0.2,0.0 (cmd -1.0),0.0 (cmd 0.1)
1.1375,0.28,-0.96,0.0,2.17,0.08,0.0,2.2,0.3,0.0 (cmd -1.0),0.0 (cmd 0.1)
1.138,0.32,-0.93,0.0,2.29,0.08,0.0,2.3,0.3,0.0 (cmd -0.9),0.0 (cmd 0.1)
1.1385,0.32,-0.91,0.0,2.31,0.08,0.0,2.3,0.3,0.0 (cmd -0.9),0.0 (cmd 0.1)
1.139,0.19,-0.87,0.0,2.29,0.08,0.0,2.3,0.2,0.0 (cmd -0.9),0.0 (cmd 0.1)
1.1395,0.12,-0.83,0.0,2.23,0.08,0.0,2.2,0.1,0.0 (cmd -0.8),0.0 (cmd 0.1)
1.14,0.0,-0.8,0.0,2.25,0.08,0.0,2.2,0.0,0.0 (cmd -0.8),0.0 (cmd 0.1)
1.1405,-0.1,-0.77,0.0,2.27,0.09,0.0,2.3,-0.1,0.0 (cmd -0.8),0.0 (cmd 0.1)
1.141,-0.14,-0.76,0.0,2.17,0.09,0.0,2.2,-0.1,0.0 (cmd -0.8),0.0 (cmd 0.1)
1.1415,-0.23,-0.77,0.0,2.01,0.08,0.0,2.0,-0.2,0.0 (cmd -0.8),0.0 (cmd 0.1)
1.142,-0.29,-0.76,0.0,1.91,0.08,0.0,1.9,-0.3,0.0 (cmd -0.8),0.0 (cmd 0.1)
1.1425,-0.42,-0.75,0.0,1.85,0.08,0.0,1.9,-0.4,0.0 (cmd -0.8),0.0 (cmd 0.1)
1.143,-0.55,-0.72,0.0,1.82,0.08,0.0,1.8,-0.6,0.0 (cmd -0.7),0.0 (cmd 0.1)
1.1435,-0.68,-0.72,0.0,1.73,0.09,0.0,1.7,-0.7,0.0 (cmd -0.7),0.0 (cmd 0.1)
1.144,-0.75,-0.72,0.0,1.73,0.09,0.0,1.7,-0.8,0.0 (cmd -0.7),0.0 (cmd 0.1)
1.1445,-0.9,-0.7,0.0,1.91,0.1,0.0,1.9,-0.9,0.0 (cmd -0.7),0.0 (cmd 0.1)
1.145,-0.99,-0.69,0.0,1.98,0.11,0.0,2.0,-1.0,0.0 (cmd -0.7),0.0 (cmd 0.1)
1.1455,-1.08,-0.7,0.0,1.91,0.1,0.0,1.9,-1.1,0.0 (cmd -0.7),0.0 (cmd 0.1)
1.146,-1.2,-0.68,0.0,1.89,0.1,0.0,1.9,-1.2,0.0 (cmd -0.7),0.0 (cmd 0.1)
1.1465,-1.43,-0.66,0.0,1.99,0.11,0.0,2.0,-1.4,0.0 (cmd -0.7),0.0 (cmd 0.1)
1.147,-1.5,-0.64,0.0,2.03,0.12,0.0,2.0,-1.5,0.0 (cmd -0.6),0.0 (cmd 0.1)
1.1475,-1.53,-0.66,0.0,2.0,0.11,0.0,2.0,-1.5,0.0 (cmd -0.7),0.0 (cmd 0.1)
1.148,-1.6,-0.68,0.0,1.98,0.11,0.0,2.0,-1.6,0.0 (cmd -0.7),0.0 (cmd 0.1)
1.1485,-1.74,-0.68,0.0,1.95,0.11,0.0,1.9,-1.7,0.0 (cmd -0.7),0.0 (cmd 0.1)
1.149,-1.83,-0.68,0.0,1.88,0.1,0.0,1.9,-1.8,0.0 (cmd -0.7),0.0 (cmd 0.1)
1.1495,-1.92,-0.68,0.0,1.81,0.1,0.0,1.8,-1.9,0.0 (cmd -0.7),0.0 (cmd 0.1)
1.15,-2.02,-0.68,0.0,1.71,0.1,0.0,1.7,-2.0,0.0 (cmd -0.7),0.0 (cmd 0.1)
1.1505,-2.12,-0.69,0.0,1.73,0.1,0.0,1.7,-2.1,0.0 (cmd -0.7),0.0 (cmd 0.1)
1.151,-2.18,-0.69,0.0,1.73,0.1,0.0,1.7,-2.2,0.0 (cmd -0.7),0.0 (cmd 0.1)
1.1515,-2.28,-0.68,0.0,1.68,0.1,0.0,1.7,-2.3,0.0 (cmd -0.7),0.0 (cmd 0.1)
1.152,-2.46,-0.69,0.0,1.64,0.1,0.0,1.6,-2.5,0.0 (cmd -0.7),0.0 (cmd 0.1)
1.1525,-2.49,-0.67,0.0,1.61,0.11,0.0,1.6,-2.5,0.0 (cmd -0.7),0.0 (cmd 0.1)
1.153,-2.5,-0.7,0.0,1.53,0.1,0.0,1.5,-2.5,0.0 (cmd -0.7),0.0 (cmd 0.1)
1.1535,-2.54,-0.71,0.0,1.5,0.1,0.0,1.5,-2.5,0.0 (cmd -0.7),0.0 (cmd 0.1)
1.154,-2.44,-0.73,0.0,1.44,0.1,0.0,1.4,-2.4,0.0 (cmd -0.7),0.0 (cmd 0.1)
1.1545,-2.33,-0.79,0.0,1.32,0.09,0.0,1.3,-2.3,0.0 (cmd -0.8),0.0 (cmd 0.1)
1.155,-2.07,-0.88,0.0,1.15,0.07,0.0,1.1,-2.1,0.0 (cmd -0.9),0.0 (cmd 0.1)
1.1555,-2.29,-0.85,0.0,1.07,0.07,0.0,1.1,-2.3,0.0 (cmd -0.8),0.0 (cmd 0.1)
1.156,-2.8,-0.76,0.0,0.97,0.09,0.0,1.0,-2.8,0.0 (cmd -0.8),0.0 (cmd 0.1)
1.1565,-3.61,-0.62,0.0,0.81,0.11,0.0,0.8,-3.6,0.0 (cmd -0.6),0.0 (cmd 0.1)
1.157,-4.8,-0.34,0.0,0.66,0.17,0.0,0.7,-4.8,0.0 (cmd -0.3),0.0 (cmd 0.2)
1.1575,-5.6,-0.2,0.0,0.35,0.19,0.0,0.3,-5.6,0.0 (cmd -0.2),0.0 (cmd 0.2)
1.158,-7.12,-0.1,0.0,0.13,0.2,0.0,0.1,-7.1,0.0 (cmd -0.1),0.0 (cmd 0.2)
1.1585,-11.73,0.59,0.0,-0.24,0.32,0.0,-0.2,-11.7,0.0 (cmd 0.6),0.0 (cmd 0.3)
1.159,-16.94,1.51,0.0,-0.63,0.49,0.0,-0.6,-16.9,0.0 (cmd 1.5),0.0 (cmd 0.5)
1.1595,-25.86,2.88,0.0,-0.8,0.72,0.0,-0.8,-25.9,0.0 (cmd 2.9),0.0 (cmd 0.7)
1.16,-36.56,6.21,0.0,-0.5,1.24,0.0,-0.5,-36.6,0.0 (cmd 6.2),0.0 (cmd 1.2)
1.1605,-43.04,6.44,0.0,-0.17,1.27,0.0,-0.2,-43.0,0.0 (cmd 6.4),0.0 (cmd 1.3)
1.161,-47.87,6.02,0.0,-0.35,1.22,0.0,-0.3,-47.9,0.0 (cmd 6.0),0.0 (cmd 1.2)
1.1615,-51.16,5.97,0.0,-0.64,1.2,0.0,-0.6,-51.2,0.0 (cmd 6.0),0.0 (cmd 1.2)
1.162,-54.21,5.31,0.0,-0.76,1.09,0.0,-0.8,-54.2,0.0 (cmd 5.3),0.0 (cmd 1.1)
1.1625,-55.95,4.32,0.0,-0.52,0.98,0.0,-0.5,-56.0,0.0 (cmd 4.3),0.0 (cmd 1.0)
1.163,-55.36,3.28,0.0,-0.56,0.92,0.0,-0.6,-55.4,0.0 (cmd 3.3),0.0 (cmd 0.9)
1.1635,-52.87,1.88,0.0,-0.67,0.79,0.0,-0.7,-52.9,0.0 (cmd 1.9),0.0 (cmd 0.8)
1.164,-48.1,0.05,0.0,-0.34,0.61,0.0,-0.3,-48.1,0.0 (cmd 0.1),0.0 (cmd 0.6)
1.1645,-39.53,-1.31,0.0,0.11,0.48,0.0,0.1,-39.5,0.0 (cmd -1.3),0.0 (cmd 0.5)
1.165,-31.59,-3.13,0.0,0.52,0.32,0.0,0.5,-31.6,0.0 (cmd -3.1),0.0 (cmd 0.3)
1.1655,-20.08,-5.89,0.0,1.22,0.19,0.0,1.2,-20.1,0.0 (cmd -5.9),0.0 (cmd 0.2)
1.166,-13.62,-5.78,0.0,2.23,0.2,0.0,2.2,-13.6,0.0 (cmd -5.8),0.0 (cmd 0.2)
1.1665,-5.38,-7.5,0.0,2.47,0.19,0.0,2.5,-5.4,0.0 (cmd -7.5),0.0 (cmd 0.2)
1.167,-4.74,-6.48,0.0,2.38,0.2,0.0,2.4,-4.7,0.0 (cmd -6.5),0.0 (cmd 0.2)
1.1675,-4.41,-5.3,0.0,2.39,0.15,0.0,2.4,-4.4,0.0 (cmd -5.3),0.0 (cmd 0.1)
1.168,-3.22,-4.49,0.0,2.61,0.09,0.0,2.6,-3.2,0.0 (cmd -4.5),0.0 (cmd 0.1)
1.1685,-2.92,-3.92,0.0,2.69,0.04,0.0,2.7,-2.9,0.0 (cmd -3.9),0.0 (cmd 0.0)
1.169,-2.39,-3.42,0.0,2.52,0.0,0.0,2.5,-2.4,0.0 (cmd -3.4),0.0 (cmd 0.0)
1.1695,-1.5,-2.9,0.0,1.91,-0.04,0.0,1.9,-1.5,0.0 (cmd -2.9),0.0 (cmd -0.0)
1.17,-0.86,-2.67,0.0,1.27,-0.1,0.0,1.3,-0.9,0.0 (cmd -2.7),0.0 (cmd -0.1)
1.1705,-1.61,-2.38,0.0,-1.33,-0.2,0.0,-1.3,-1.6,0.0 (cmd -2.4),0.0 (cmd -0.2)
1.171,-1.61,-2.08,0.0,-10.32,-0.41,0.0,-10.3,-1.6,0.0 (cmd -2.1),0.0 (cmd -0.4)
1.1715,-2.32,-1.99,0.0,-15.3,-0.71,0.0,-15.3,-2.3,0.0 (cmd -2.0),0.0 (cmd -0.7)
1.172,-2.23,-1.74,0.0,-25.1,-1.82,0.0,-25.1,-2.2,0.0 (cmd -1.7),0.0 (cmd -1.8)
1.1725,-1.54,-2.04,0.0,-32.92,-2.24,0.0,-32.9,-1.5,0.0 (cmd -2.0),0.0 (cmd -2.2)
1.173,-0.89,-2.27,0.0,-42.11,-2.22,0.0,-42.1,-0.9,0.0 (cmd -2.3),0.0 (cmd -2.2)
1.1735,1.1,-2.91,0.0,-46.25,-2.24,0.0,-46.2,1.1,0.0 (cmd -2.9),0.0 (cmd -2.2)
1.174,1.47,-3.18,0.0,-51.64,-2.4,0.0,-51.6,1.5,0.0 (cmd -3.2),0.0 (cmd -2.4)
1.1745,0.91,-3.2,0.0,-52.0,-1.88,0.0,-52.0,0.9,0.0 (cmd -3.2),0.0 (cmd -1.9)
1.175,0.16,-3.14,0.0,-49.66,-0.99,0.0,-49.7,0.2,0.0 (cmd -3.1),0.0 (cmd -1.0)
1.1755,-0.02,-3.01,0.0,-43.67,0.27,0.0,-43.7,-0.0,0.0 (cmd -3.0),0.0 (cmd 0.3)
1.176,0.5,-2.64,0.0,-35.33,1.26,0.0,-35.3,0.5,0.0 (cmd -2.6),0.0 (cmd 1.3)
1.1765,1.51,-2.42,0.0,-25.04,1.46,0.0,-25.0,1.5,0.0 (cmd -2.4),0.0 (cmd 1.5)
1.177,3.23,-1.64,0.0,-13.84,1.62,0.0,-13.8,3.2,0.0 (cmd -1.6),0.0 (cmd 1.6)
1.1775,1.59,-0.5,0.0,-13.56,1.52,0.0,-13.6,1.6,0.0 (cmd -0.5),0.0 (cmd 1.5)
1.178,-0.26,-0.55,0.0,-15.59,1.56,0.0,-15.6,-0.3,0.0 (cmd -0.6),0.0 (cmd 1.6)
1.1785,-7.27,-0.46,0.0,-13.51,1.48,0.0,-13.5,-7.3,0.0 (cmd -0.5),0.0 (cmd 1.5)
1.179,-10.9,1.23,0.0,-13.05,1.63,0.0,-13.1,-10.9,0.0 (cmd 1.2),0.0 (cmd 1.6)
1.1795,-17.38,2.76,0.0,-12.27,1.71,0.0,-12.3,-17.4,0.0 (cmd 2.8),0.0 (cmd 1.7)
1.18,-20.84,2.67,0.0,-11.57,1.55,0.0,-11.6,-20.8,0.0 (cmd 2.7),0.0 (cmd 1.6)
1.1805,-22.99,2.85,0.0,-11.01,1.43,0.0,-11.0,-23.0,0.0 (cmd 2.9),0.0 (cmd 1.4)
1.181,-23.24,2.46,0.0,-10.69,1.25,0.0,-10.7,-23.2,0.0 (cmd 2.5),0.0 (cmd 1.2)
1.1815,-21.31,1.58,0.0,-10.78,1.01,0.0,-10.8,-21.3,0.0 (cmd 1.6),0.0 (cmd 1.0)
1.182,-17.94,0.47,0.0,-10.78,0.77,0.0,-10.8,-17.9,0.0 (cmd 0.5),0.0 (cmd 0.8)
1.1825,-14.89,-1.01,0.0,-10.68,0.51,0.0,-10.7,-14.9,0.0 (cmd -1.0),0.0 (cmd 0.5)
1.183,-12.02,-1.94,0.0,-10.88,0.34,0.0,-10.9,-12.0,0.0 (cmd -1.9),0.0 (cmd 0.3)
1.1835,-11.72,-2.08,0.0,-10.85,0.29,0.0,-10.8,-11.7,0.0 (cmd -2.1),0.0 (cmd 0.3)
1.184,-12.35,-1.75,0.0,-10.39,0.34,0.0,-10.4,-12.3,0.0 (cmd -1.8),0.0 (cmd 0.3)
1.1845999999999999,-12.57,-1.37,0.0,-9.88,0.41,0.0,-9.9,-12.6,0.0 (cmd -1.4),0.0 (cmd 0.4)
1.1851,-12.58,-1.27,0.0,-9.39,0.41,0.0,-9.4,-12.6,0.0 (cmd -1.3),0.0 (cmd 0.4)
1.1865999999999999,-13.14,-1.13,0.0,-8.68,0.43,0.0,-8.7,-13.1,0.0 (cmd -1.1),0.0 (cmd 0.4)
1.1870999999999998,-14.08,-0.53,0.0,-6.07,0.61,0.0,-6.1,-14.1,0.0 (cmd -0.5),0.0 (cmd 0.6)
1.1884000000000001,-14.3,-0.52,0.0,-6.3,0.56,0.0,-6.3,-14.3,0.0 (cmd -0.5),0.0 (cmd 0.6)
1.19,-13.8,-0.52,0.0,-6.81,0.54,0.0,-6.8,-13.8,0.0 (cmd -0.5),0.0 (cmd 0.5)
1.1905,-12.01,-1.15,0.0,-6.48,0.38,0.0,-6.5,-12.0,0.0 (cmd -1.1),0.0 (cmd 0.4)
1.1917,-11.89,-1.17,0.0,-6.51,0.36,0.0,-6.5,-11.9,0.0 (cmd -1.2),0.0 (cmd 0.4)
1.1931999999999998,-11.15,-1.15,0.0,-6.6,0.35,0.0,-6.6,-11.2,0.0 (cmd -1.1),0.0 (cmd 0.3)
1.1937,-10.72,-1.45,0.0,-6.59,0.27,0.0,-6.6,-10.7,0.0 (cmd -1.4),0.0 (cmd 0.3)
1.1947999999999999,-10.83,-1.36,0.0,-6.43,0.28,0.0,-6.4,-10.8,0.0 (cmd -1.4),0.0 (cmd 0.3)
1.1961,-11.02,-1.29,0.0,-6.07,0.28,0.0,-6.1,-11.0,0.0 (cmd -1.3),0.0 (cmd 0.3)
1.1965999999999999,-10.69,-1.09,0.0,-5.72,0.32,0.0,-5.7,-10.7,0.0 (cmd -1.1),0.0 (cmd 0.3)
1.1972,-10.37,-1.16,0.0,-5.57,0.3,0.0,-5.6,-10.4,0.0 (cmd -1.2),0.0 (cmd 0.3)
1.1977,-10.07,-1.18,0.0,-5.34,0.28,0.0,-5.3,-10.1,0.0 (cmd -1.2),0.0 (cmd 0.3)
1.1983,-9.84,-1.15,0.0,-5.16,0.28,0.0,-5.2,-9.8,0.0 (cmd -1.1),0.0 (cmd 0.3)
1.1987999999999999,-9.13,-1.14,0.0,-4.96,0.27,0.0,-5.0,-9.1,0.0 (cmd -1.1),0.0 (cmd 0.3)
1.1993000000000003,-8.74,-1.14,0.0,-4.78,0.27,0.0,-4.8,-8.7,0.0 (cmd -1.1),0.0 (cmd 0.3)
1.1998,-8.28,0.0,0.0,-4.62,0.0,0.0,-4.6,-8.3,0.0 (cmd 0.0),0.0 (cmd 0.0)
1.2003,-7.75,0.0,0.0,-4.49,0.0,0.0,-4.5,-7.8,0.0 (cmd 0.0),0.0 (cmd 0.0)
1.2007999999999999,-7.45,0.0,0.0,-4.35,0.0,0.0,-4.3,-7.5,0.0 (cmd 0.0),0.0 (cmd 0.0)
1.2013,-7.3,0.0,0.0,-4.27,0.0,0.0,-4.3,-7.3,0.0 (cmd 0.0),0.0 (cmd 0.0)
1.2018000000000002,-7.25,0.0,0.0,-4.07,0.0,0.0,-4.1,-7.2,0.0 (cmd 0.0),0.0 (cmd 0.0)
1.2023,-7.26,0.0,0.0,-3.92,0.0,0.0,-3.9,-7.3,0.0 (cmd 0.0),0.0 (cmd 0.0)
1.2027999999999999,-7.29,0.0,0.0,-3.87,0.0,0.0,-3.9,-7.3,0.0 (cmd 0.0),0.0 (cmd 0.0)
1.2033,-7.3,0.0,0.0,-3.85,0.0,0.0,-3.9,-7.3,0.0 (cmd 0.0),0.0 (cmd 0.0)
1.2038,-7.3,0.0,0.0,-3.84,0.0,0.0,-3.8,-7.3,0.0 (cmd 0.0),0.0 (cmd 0.0)
1.2043000000000001,-7.33,0.0,0.0,-3.81,0.0,0.0,-3.8,-7.3,0.0 (cmd 0.0),0.0 (cmd 0.0)
1.2047999999999999,-7.31,0.0,0.0,-3.82,0.0,0.0,-3.8,-7.3,0.0 (cmd 0.0),0.0 (cmd 0.0)
1.2053,-7.26,0.0,0.0,-3.79,0.0,0.0,-3.8,-7.3,0.0 (cmd 0.0),0.0 (cmd 0.0)
1.2058,-7.25,0.0,0.0,-3.76,0.0,0.0,-3.8,-7.2,0.0 (cmd 0.0),0.0 (cmd 0.0)
1.2063,-7.27,0.0,0.0,-3.74,0.0,0.0,-3.7,-7.3,0.0 (cmd 0.0),0.0 (cmd 0.0)
1.2068,-7.29,0.0,0.0,-3.74,0.0,0.0,-3.7,-7.3,0.0 (cmd 0.0),0.0 (cmd 0.0)
1.2073,-7.31,0.0,0.0,-3.73,0.0,0.0,-3.7,-7.3,0.0 (cmd 0.0),0.0 (cmd 0.0)
1.2078,-7.31,0.0,0.0,-3.75,0.0,0.0,-3.8,-7.3,0.0 (cmd 0.0),0.0 (cmd 0.0)
1.2083,-7.33,0.0,0.0,-3.77,0.0,0.0,-3.8,-7.3,0.0 (cmd 0.0),0.0 (cmd 0.0)
1.2087999999999999,-7.35,0.0,0.0,-3.81,0.0,0.0,-3.8,-7.3,0.0 (cmd 0.0),0.0 (cmd 0.0)
1.2093000000000003,-7.38,0.0,0.0,-3.83,0.0,0.0,-3.8,-7.4,0.0 (cmd 0.0),0.0 (cmd 0.0)
1.2098,-7.41,0.0,0.0,-3.85,0.0,0.0,-3.9,-7.4,0.0 (cmd 0.0),0.0 (cmd 0.0)
1.2103,-7.44,0.0,0.0,-3.82,0.0,0.0,-3.8,-7.4,0.0 (cmd 0.0),0.0 (cmd 0.0)
1.2107999999999999,-7.44,0.0,0.0,-3.82,0.0,0.0,-3.8,-7.4,0.0 (cmd 0.0),0.0 (cmd 0.0)
1.2113,-7.44,0.0,0.0,-3.84,0.0,0.0,-3.8,-7.4,0.0 (cmd 0.0),0.0 (cmd 0.0)
1.2118000000000002,-7.43,0.0,0.0,-3.84,0.0,0.0,-3.8,-7.4,0.0 (cmd 0.0),0.0 (cmd 0.0)
1.2123,-7.47,0.0,0.0,-3.84,0.0,0.0,-3.8,-7.5,0.0 (cmd 0.0),0.0 (cmd 0.0)
1.2127999999999999,-7.49,0.0,0.0,-3.86,0.0,0.0,-3.9,-7.5,0.0 (cmd 0.0),0.0 (cmd 0.0)
1.2133,-7.51,0.0,0.0,-3.88,0.0,0.0,-3.9,-7.5,0.0 (cmd 0.0),0.0 (cmd 0.0)
1.2138,-7.52,0.0,0.0,-3.87,0.0,0.0,-3.9,-7.5,0.0 (cmd 0.0),0.0 (cmd 0.0)
1.2143000000000002,-7.53,0.0,0.0,-3.86,0.0,0.0,-3.9,-7.5,0.0 (cmd 0.0),0.0 (cmd 0.0)
1.2147999999999999,-7.53,0.0,0.0,-3.86,0.0,0.0,-3.9,-7.5,0.0 (cmd 0.0),0.0 (cmd 0.0)
1.2153,-7.53,0.0,0.0,-3.87,0.0,0.0,-3.9,-7.5,0.0 (cmd 0.0),0.0 (cmd 0.0)
1.2158,-7.53,0.0,0.0,-3.87,0.0,0.0,-3.9,-7.5,0.0 (cmd 0.0),0.0 (cmd 0.0)
1.2163,-7.52,0.0,0.0,-3.86,0.0,0.0,-3.9,-7.5,0.0 (cmd 0.0),0.0 (cmd 0.0)
1.2168,-7.51,0.0,0.0,-3.85,0.0,0.0,-3.9,-7.5,0.0 (cmd 0.0),0.0 (cmd 0.0)
1.2173,-7.51,0.0,0.0,-3.84,0.0,0.0,-3.8,-7.5,0.0 (cmd 0.0),0.0 (cmd 0.0)
1.2178,-7.5,0.0,0.0,-3.82,0.0,0.0,-3.8,-7.5,0.0 (cmd 0.0),0.0 (cmd 0.0)
1.2183,-7.48,0.0,0.0,-3.81,0.0,0.0,-3.8,-7.5,0.0 (cmd 0.0),0.0 (cmd 0.0)
1.2187999999999999,-7.46,0.0,0.0,-3.81,0.0,0.0,-3.8,-7.5,0.0 (cmd 0.0),0.0 (cmd 0.0)
1.2193000000000003,-7.44,0.0,0.0,-3.79,0.0,0.0,-3.8,-7.4,0.0 (cmd 0.0),0.0 (cmd 0.0)
1.2198,-7.42,0.0,0.0,-3.76,0.0,0.0,-3.8,-7.4,0.0 (cmd 0.0),0.0 (cmd 0.0)
1.2203,-7.41,0.0,0.0,-3.75,0.0,0.0,-3.8,-7.4,0.0 (cmd 0.0),0.0 (cmd 0.0)
1.2207999999999999,-7.41,0.0,0.0,-3.74,0.0,0.0,-3.7,-7.4,0.0 (cmd 0.0),0.0 (cmd 0.0)
1.2213,-7.41,0.0,0.0,-3.72,0.0,0.0,-3.7,-7.4,0.0 (cmd 0.0),0.0 (cmd 0.0)
1.2218000000000002,-7.45,0.0,0.0,-3.7,0.0,0.0,-3.7,-7.5,0.0 (cmd 0.0),0.0 (cmd 0.0)
1.2223,-7.47,0.0,0.0,-3.67,0.0,0.0,-3.7,-7.5,0.0 (cmd 0.0),0.0 (cmd 0.0)
1.2227999999999999,-7.51,0.0,0.0,-3.65,0.0,0.0,-3.6,-7.5,0.0 (cmd 0.0),0.0 (cmd 0.0)
1.2233,-7.56,0.0,0.0,-3.64,0.0,0.0,-3.6,-7.6,0.0 (cmd 0.0),0.0 (cmd 0.0)
1.2238,-7.6,0.0,0.0,-3.63,0.0,0.0,-3.6,-7.6,0.0 (cmd 0.0),0.0 (cmd 0.0)
1.2243000000000002,-7.61,0.0,0.0,-3.64,0.0,0.0,-3.6,-7.6,0.0 (cmd 0.0),0.0 (cmd 0.0)
1.2247999999999999,-7.67,0.0,0.0,-3.64,0.0,0.0,-3.6,-7.7,0.0 (cmd 0.0),0.0 (cmd 0.0)
1.2253,-7.7,0.0,0.0,-3.67,0.0,0.0,-3.7,-7.7,0.0 (cmd 0.0),0.0 (cmd 0.0)
1.2258,-7.72,0.0,0.0,-3.69,0.0,0.0,-3.7,-7.7,0.0 (cmd 0.0),0.0 (cmd 0.0)
1.2263,-7.77,0.0,0.0,-3.7,0.0,0.0,-3.7,-7.8,0.0 (cmd 0.0),0.0 (cmd 0.0)
1.2268000000000001,-7.82,0.0,0.0,-3.71,0.0,0.0,-3.7,-7.8,0.0 (cmd 0.0),0.0 (cmd 0.0)
1.2273,-7.84,0.0,0.0,-3.76,0.0,0.0,-3.8,-7.8,0.0 (cmd 0.0),0.0 (cmd 0.0)
1.2278,-7.88,0.0,0.0,-3.79,0.0,0.0,-3.8,-7.9,0.0 (cmd 0.0),0.0 (cmd 0.0)
1.2283,-7.92,0.0,0.0,-3.82,0.0,0.0,-3.8,-7.9,0.0 (cmd 0.0),0.0 (cmd 0.0)
1.2288,-7.95,0.0,0.0,-3.84,0.0,0.0,-3.8,-8.0,0.0 (cmd 0.0),0.0 (cmd 0.0)
1.2293000000000003,-7.98,0.0,0.0,-3.85,0.0,0.0,-3.9,-8.0,0.0 (cmd 0.0),0.0 (cmd 0.0)
1.2298,-8.01,0.0,0.0,-3.91,0.0,0.0,-3.9,-8.0,0.0 (cmd 0.0),0.0 (cmd 0.0)
1.2303,-8.05,0.0,0.0,-3.91,0.0,0.0,-3.9,-8.1,0.0 (cmd 0.0),0.0 (cmd 0.0)
1.2308,-8.07,0.0,0.0,-3.92,0.0,0.0,-3.9,-8.1,0.0 (cmd 0.0),0.0 (cmd 0.0)
1.2313,-8.08,0.0,0.0,-3.96,0.0,0.0,-4.0,-8.1,0.0 (cmd 0.0),0.0 (cmd 0.0)
1.2318000000000002,-8.08,0.0,0.0,-3.98,0.0,0.0,-4.0,-8.1,0.0 (cmd 0.0),0.0 (cmd 0.0)
1.2323,-8.09,0.0,0.0,-3.97,0.0,0.0,-4.0,-8.1,0.0 (cmd 0.0),0.0 (cmd 0.0)
1.2328,-8.12,0.0,0.0,-3.96,0.0,0.0,-4.0,-8.1,0.0 (cmd 0.0),0.0 (cmd 0.0)
1.2333,-8.16,0.0,0.0,-4.0,0.0,0.0,-4.0,-8.2,0.0 (cmd 0.0),0.0 (cmd 0.0)
1.2338,-8.18,0.0,0.0,-4.01,0.0,0.0,-4.0,-8.2,0.0 (cmd 0.0),0.0 (cmd 0.0)
1.2343000000000002,-8.18,0.0,0.0,-4.02,0.0,0.0,-4.0,-8.2,0.0 (cmd 0.0),0.0 (cmd 0.0)
1.2348,-8.18,0.0,0.0,-4.01,0.0,0.0,-4.0,-8.2,0.0 (cmd 0.0),0.0 (cmd 0.0)
1.2353,-8.19,0.0,0.0,-4.0,0.0,0.0,-4.0,-8.2,0.0 (cmd 0.0),0.0 (cmd 0.0)
1.2358,-8.21,0.0,0.0,-3.99,0.0,0.0,-4.0,-8.2,0.0 (cmd 0.0),0.0 (cmd 0.0)
1.2363,-8.24,0.0,0.0,-4.01,0.0,0.0,-4.0,-8.2,0.0 (cmd 0.0),0.0 (cmd 0.0)
1.2368000000000001,-8.27,0.0,0.0,-4.01,0.0,0.0,-4.0,-8.3,0.0 (cmd 0.0),0.0 (cmd 0.0)
1.2372999999999998,-8.28,0.0,0.0,-4.0,0.0,0.0,-4.0,-8.3,0.0 (cmd 0.0),0.0 (cmd 0.0)
1.2378,-8.27,0.0,0.0,-3.99,0.0,0.0,-4.0,-8.3,0.0 (cmd 0.0),0.0 (cmd 0.0)
1.2383,-8.29,0.0,0.0,-4.0,0.0,0.0,-4.0,-8.3,0.0 (cmd 0.0),0.0 (cmd 0.0)
1.2388,-8.31,0.0,0.0,-3.99,0.0,0.0,-4.0,-8.3,0.0 (cmd 0.0),0.0 (cmd 0.0)
1.2393000000000003,-8.34,0.0,0.0,-3.99,0.0,0.0,-4.0,-8.3,0.0 (cmd 0.0),0.0 (cmd 0.0)
1.2398,-8.35,0.0,0.0,-4.0,0.0,0.0,-4.0,-8.3,0.0 (cmd 0.0),0.0 (cmd 0.0)
1.2403,-8.35,0.0,0.0,-4.02,0.0,0.0,-4.0,-8.3,0.0 (cmd 0.0),0.0 (cmd 0.0)
1.2408,-8.36,0.0,0.0,-4.0,0.0,0.0,-4.0,-8.4,0.0 (cmd 0.0),0.0 (cmd 0.0)
1.2412999999999998,-8.38,0.0,0.0,-3.98,0.0,0.0,-4.0,-8.4,0.0 (cmd 0.0),0.0 (cmd 0.0)
1.2418000000000002,-8.38,0.0,0.0,-4.01,0.0,0.0,-4.0,-8.4,0.0 (cmd 0.0),0.0 (cmd 0.0)
1.2423,-8.37,0.0,0.0,-4.0,0.0,0.0,-4.0,-8.4,0.0 (cmd 0.0),0.0 (cmd 0.0)
1.2428,-8.38,0.0,0.0,-4.0,0.0,0.0,-4.0,-8.4,0.0 (cmd 0.0),0.0 (cmd 0.0)
1.2432999999999998,-8.38,0.0,0.0,-3.98,0.0,0.0,-4.0,-8.4,0.0 (cmd 0.0),0.0 (cmd 0.0)
1.2438,-8.4,0.0,0.0,-3.97,0.0,0.0,-4.0,-8.4,0.0 (cmd 0.0),0.0 (cmd 0.0)
1.2443000000000002,-8.39,0.0,0.0,-3.98,0.0,0.0,-4.0,-8.4,0.0 (cmd 0.0),0.0 (cmd 0.0)
1.2448,-8.39,0.0,0.0,-3.96,0.0,0.0,-4.0,-8.4,0.0 (cmd 0.0),0.0 (cmd 0.0)
1.2452999999999999,-8.4,0.0,0.0,-3.95,0.0,0.0,-4.0,-8.4,0.0 (cmd 0.0),0.0 (cmd 0.0)
1.2458,-8.41,0.0,0.0,-3.96,0.0,0.0,-4.0,-8.4,0.0 (cmd 0.0),0.0 (cmd 0.0)
1.2463,-8.41,0.0,0.0,-3.95,0.0,0.0,-4.0,-8.4,0.0 (cmd 0.0),0.0 (cmd 0.0)
1.2468000000000001,-8.43,0.0,0.0,-3.93,0.0,0.0,-3.9,-8.4,0.0 (cmd 0.0),0.0 (cmd 0.0)
1.2472999999999999,-8.42,0.0,0.0,-3.95,0.0,0.0,-4.0,-8.4,0.0 (cmd 0.0),0.0 (cmd 0.0)
1.2478,-8.41,0.0,0.0,-3.94,0.0,0.0,-3.9,-8.4,0.0 (cmd 0.0),0.0 (cmd 0.0)
1.2483,-8.43,0.0,0.0,-3.94,0.0,0.0,-3.9,-8.4,0.0 (cmd 0.0),0.0 (cmd 0.0)
1.2488,-8.45,0.0,0.0,-3.93,0.0,0.0,-3.9,-8.4,0.0 (cmd 0.0),0.0 (cmd 0.0)
1.2493,-8.47,0.0,0.0,-3.94,0.0,0.0,-3.9,-8.5,0.0 (cmd 0.0),0.0 (cmd 0.0)
1.2498,-8.47,0.0,0.0,-3.96,0.0,0.0,-4.0,-8.5,0.0 (cmd 0.0),0.0 (cmd 0.0)
1.2503,-8.47,0.0,0.0,-3.95,0.0,0.0,-4.0,-8.5,0.0 (cmd 0.0),0.0 (cmd 0.0)
1.2508,-8.48,0.0,0.0,-3.97,0.0,0.0,-4.0,-8.5,0.0 (cmd 0.0),0.0 (cmd 0.0)
1.2512999999999999,-8.46,0.0,0.0,-3.98,0.0,0.0,-4.0,-8.5,0.0 (cmd 0.0),0.0 (cmd 0.0)
1.2518000000000002,-8.44,0.0,0.0,-4.0,0.0,0.0,-4.0,-8.4,0.0 (cmd 0.0),0.0 (cmd 0.0)
1.2523,-8.42,0.0,0.0,-4.02,0.0,0.0,-4.0,-8.4,0.0 (cmd 0.0),0.0 (cmd 0.0)
1.2528,-8.4,0.0,0.0,-4.04,0.0,0.0,-4.0,-8.4,0.0 (cmd 0.0),0.0 (cmd 0.0)
1.2532999999999999,-8.38,0.0,0.0,-4.06,0.0,0.0,-4.1,-8.4,0.0 (cmd 0.0),0.0 (cmd 0.0)
1.2538,-8.36,0.0,0.0,-4.08,0.0,0.0,-4.1,-8.4,0.0 (cmd 0.0),0.0 (cmd 0.0)
1.2543000000000002,-8.34,0.0,0.0,-4.08,0.0,0.0,-4.1,-8.3,0.0 (cmd 0.0),0.0 (cmd 0.0)
1.2548,-8.36,0.0,0.0,-4.09,0.0,0.0,-4.1,-8.4,0.0 (cmd 0.0),0.0 (cmd 0.0)
1.2552999999999999,-8.39,0.0,0.0,-4.1,0.0,0.0,-4.1,-8.4,0.0 (cmd 0.0),0.0 (cmd 0.0)
1.2558,-8.4,0.0,0.0,-4.12,0.0,0.0,-4.1,-8.4,0.0 (cmd 0.0),0.0 (cmd 0.0)
1.2563,-8.43,0.0,0.0,-4.13,0.0,0.0,-4.1,-8.4,0.0 (cmd 0.0),0.0 (cmd 0.0)
1.2568000000000001,-8.44,0.0,0.0,-4.14,0.0,0.0,-4.1,-8.4,0.0 (cmd 0.0),0.0 (cmd 0.0)
1.2572999999999999,-8.46,0.0,0.0,-4.15,0.0,0.0,-4.2,-8.5,0.0 (cmd 0.0),0.0 (cmd 0.0)
1.2578,-8.47,0.0,0.0,-4.16,0.0,0.0,-4.2,-8.5,0.0 (cmd 0.0),0.0 (cmd 0.0)
1.2583,-8.48,0.0,0.0,-4.16,0.0,0.0,-4.2,-8.5,0.0 (cmd 0.0),0.0 (cmd 0.0)
1.2588,-8.48,0.0,0.0,-4.17,0.0,0.0,-4.2,-8.5,0.0 (cmd 0.0),0.0 (cmd 0.0)
1.2593,-8.49,0.0,0.0,-4.17,0.0,0.0,-4.2,-8.5,0.0 (cmd 0.0),0.0 (cmd 0.0)
1.2598,-8.51,0.0,0.0,-4.17,0.0,0.0,-4.2,-8.5,0.0 (cmd 0.0),0.0 (cmd 0.0)
1.2603,-8.5,0.0,0.0,-4.15,0.0,0.0,-4.2,-8.5,0.0 (cmd 0.0),0.0 (cmd 0.0)
1.2608,-8.49,0.0,0.0,-4.16,0.0,0.0,-4.2,-8.5,0.0 (cmd 0.0),0.0 (cmd 0.0)
1.2612999999999999,-8.51,0.0,0.0,-4.15,0.0,0.0,-4.2,-8.5,0.0 (cmd 0.0),0.0 (cmd 0.0)
1.2618000000000003,-8.5,0.0,0.0,-4.17,0.0,0.0,-4.2,-8.5,0.0 (cmd 0.0),0.0 (cmd 0.0)
1.2623,-8.5,0.0,0.0,-4.15,0.0,0.0,-4.2,-8.5,0.0 (cmd 0.0),0.0 (cmd 0.0)
1.2628,-8.5,0.0,0.0,-4.16,0.0,0.0,-4.2,-8.5,0.0 (cmd 0.0),0.0 (cmd 0.0)
1.2632999999999999,-8.5,0.0,0.0,-4.15,0.0,0.0,-4.2,-8.5,0.0 (cmd 0.0),0.0 (cmd 0.0)
1.2638,-8.5,0.0,0.0,-4.15,0.0,0.0,-4.2,-8.5,0.0 (cmd 0.0),0.0 (cmd 0.0)
1.2643000000000002,-8.53,0.0,0.0,-4.17,0.0,0.0,-4.2,-8.5,0.0 (cmd 0.0),0.0 (cmd 0.0)
1.2648,-8.52,0.0,0.0,-4.16,0.0,0.0,-4.2,-8.5,0.0 (cmd 0.0),0.0 (cmd 0.0)
1.2652999999999999,-8.51,0.0,0.0,-4.14,0.0,0.0,-4.1,-8.5,0.0 (cmd 0.0),0.0 (cmd 0.0)
1.2658,-8.51,0.0,0.0,-4.13,0.0,0.0,-4.1,-8.5,0.0 (cmd 0.0),0.0 (cmd 0.0)
1.2663,-8.52,0.0,0.0,-4.13,0.0,0.0,-4.1,-8.5,0.0 (cmd 0.0),0.0 (cmd 0.0)
1.2668000000000001,-8.52,0.0,0.0,-4.14,0.0,0.0,-4.1,-8.5,0.0 (cmd 0.0),0.0 (cmd 0.0)
1.2672999999999999,-8.52,0.0,0.0,-4.13,0.0,0.0,-4.1,-8.5,0.0 (cmd 0.0),0.0 (cmd 0.0)
1.2678,-8.52,0.0,0.0,-4.13,0.0,0.0,-4.1,-8.5,0.0 (cmd 0.0),0.0 (cmd 0.0)
1.2683,-8.52,0.0,0.0,-4.11,0.0,0.0,-4.1,-8.5,0.0 (cmd 0.0),0.0 (cmd 0.0)
1.2688,-8.52,0.0,0.0,-4.12,0.0,0.0,-4.1,-8.5,0.0 (cmd 0.0),0.0 (cmd 0.0)
1.2693,-8.51,0.0,0.0,-4.1,0.0,0.0,-4.1,-8.5,0.0 (cmd 0.0),0.0 (cmd 0.0)
1.2698,-8.51,0.0,0.0,-4.08,0.0,0.0,-4.1,-8.5,0.0 (cmd 0.0),0.0 (cmd 0.0)
1.2703,-8.49,0.0,0.0,-4.08,0.0,0.0,-4.1,-8.5,0.0 (cmd 0.0),0.0 (cmd 0.0)
1.2708,-8.49,0.0,0.0,-4.07,0.0,0.0,-4.1,-8.5,0.0 (cmd 0.0),0.0 (cmd 0.0)
1.2712999999999999,-8.49,0.0,0.0,-4.05,0.0,0.0,-4.0,-8.5,0.0 (cmd 0.0),0.0 (cmd 0.0)
1.2718000000000003,-8.5,0.0,0.0,-4.06,0.0,0.0,-4.1,-8.5,0.0 (cmd 0.0),0.0 (cmd 0.0)
1.2723,-8.49,0.0,0.0,-4.07,0.0,0.0,-4.1,-8.5,0.0 (cmd 0.0),0.0 (cmd 0.0)
1.2728,-8.5,0.0,0.0,-4.07,0.0,0.0,-4.1,-8.5,0.0 (cmd 0.0),0.0 (cmd 0.0)
1.2732999999999999,-8.5,0.0,0.0,-4.04,0.0,0.0,-4.0,-8.5,0.0 (cmd 0.0),0.0 (cmd 0.0)
1.2738,-8.51,0.0,0.0,-4.02,0.0,0.0,-4.0,-8.5,0.0 (cmd 0.0),0.0 (cmd 0.0)
1.2743000000000002,-8.53,0.0,0.0,-4.0,0.0,0.0,-4.0,-8.5,0.0 (cmd 0.0),0.0 (cmd 0.0)
1.2748,-8.54,0.0,0.0,-3.99,0.0,0.0,-4.0,-8.5,0.0 (cmd 0.0),0.0 (cmd 0.0)
1.2752999999999999,-8.54,0.0,0.0,-3.96,0.0,0.0,-4.0,-8.5,0.0 (cmd 0.0),0.0 (cmd 0.0)
1.2758,-8.55,0.0,0.0,-3.95,0.0,0.0,-4.0,-8.6,0.0 (cmd 0.0),0.0 (cmd 0.0)
1.2763,-8.56,0.0,0.0,-3.92,0.0,0.0,-3.9,-8.6,0.0 (cmd 0.0),0.0 (cmd 0.0)
1.2768000000000002,-8.57,0.0,0.0,-3.9,0.0,0.0,-3.9,-8.6,0.0 (cmd 0.0),0.0 (cmd 0.0)
1.2772999999999999,-8.57,0.0,0.0,-3.91,0.0,0.0,-3.9,-8.6,0.0 (cmd 0.0),0.0 (cmd 0.0)
1.2778,-8.58,0.0,0.0,-3.9,0.0,0.0,-3.9,-8.6,0.0 (cmd 0.0),0.0 (cmd 0.0)
1.2783,-8.57,0.0,0.0,-3.92,0.0,0.0,-3.9,-8.6,0.0 (cmd 0.0),0.0 (cmd 0.0)
1.2788,-8.57,0.0,0.0,-3.95,0.0,0.0,-4.0,-8.6,0.0 (cmd 0.0),0.0 (cmd 0.0)
1.2793,-8.57,0.0,0.0,-3.95,0.0,0.0,-4.0,-8.6,0.0 (cmd 0.0),0.0 (cmd 0.0)
1.2798,-8.56,0.0,0.0,-3.97,0.0,0.0,-4.0,-8.6,0.0 (cmd 0.0),0.0 (cmd 0.0)
1.2803,-8.56,0.0,0.0,-3.98,0.0,0.0,-4.0,-8.6,0.0 (cmd 0.0),0.0 (cmd 0.0)
1.2808000000000002,-8.56,0.0,0.0,-4.0,0.0,0.0,-4.0,-8.6,0.0 (cmd 0.0),0.0 (cmd 0.0)
1.2812999999999999,-8.55,0.0,0.0,-4.01,0.0,0.0,-4.0,-8.6,0.0 (cmd 0.0),0.0 (cmd 0.0)
1.2818000000000003,-8.55,0.0,0.0,-4.03,0.0,0.0,-4.0,-8.6,0.0 (cmd 0.0),0.0 (cmd 0.0)
1.2823,-8.56,0.0,0.0,-4.02,0.0,0.0,-4.0,-8.6,0.0 (cmd 0.0),0.0 (cmd 0.0)
1.2828,-8.57,0.0,0.0,-4.03,0.0,0.0,-4.0,-8.6,0.0 (cmd 0.0),0.0 (cmd 0.0)
1.2833,-8.56,0.0,0.0,-4.03,0.0,0.0,-4.0,-8.6,0.0 (cmd 0.0),0.0 (cmd 0.0)
1.2838,-8.56,0.0,0.0,-4.04,0.0,0.0,-4.0,-8.6,0.0 (cmd 0.0),0.0 (cmd 0.0)
1.2843000000000002,-8.56,0.0,0.0,-4.04,0.0,0.0,-4.0,-8.6,0.0 (cmd 0.0),0.0 (cmd 0.0)
1.2848,-8.56,0.0,0.0,-4.04,0.0,0.0,-4.0,-8.6,0.0 (cmd 0.0),0.0 (cmd 0.0)
1.2852999999999999,-8.57,0.0,0.0,-4.04,0.0,0.0,-4.0,-8.6,0.0 (cmd 0.0),0.0 (cmd 0.0)
1.2858000000000003,-8.6,0.0,0.0,-4.04,0.0,0.0,-4.0,-8.6,0.0 (cmd 0.0),0.0 (cmd 0.0)
1.2863,-8.6,0.0,0.0,-4.03,0.0,0.0,-4.0,-8.6,0.0 (cmd 0.0),0.0 (cmd 0.0)
1.2868000000000002,-8.6,0.0,0.0,-4.03,0.0,0.0,-4.0,-8.6,0.0 (cmd 0.0),0.0 (cmd 0.0)
1.2872999999999999,-8.59,0.0,0.0,-4.02,0.0,0.0,-4.0,-8.6,0.0 (cmd 0.0),0.0 (cmd 0.0)
1.2878,-8.58,0.0,0.0,-4.02,0.0,0.0,-4.0,-8.6,0.0 (cmd 0.0),0.0 (cmd 0.0)
1.2883000000000002,-8.57,0.0,0.0,-3.98,0.0,0.0,-4.0,-8.6,0.0 (cmd 0.0),0.0 (cmd 0.0)
1.2888,-8.57,0.0,0.0,-3.98,0.0,0.0,-4.0,-8.6,0.0 (cmd 0.0),0.0 (cmd 0.0)
1.2893000000000001,-8.56,0.0,0.0,-3.96,0.0,0.0,-4.0,-8.6,0.0 (cmd 0.0),0.0 (cmd 0.0)
1.2898,-8.56,0.0,0.0,-3.95,0.0,0.0,-4.0,-8.6,0.0 (cmd 0.0),0.0 (cmd 0.0)
1.2903,-8.55,0.0,0.0,-3.92,0.0,0.0,-3.9,-8.6,0.0 (cmd 0.0),0.0 (cmd 0.0)
1.2908000000000002,-8.54,0.0,0.0,-3.91,0.0,0.0,-3.9,-8.5,0.0 (cmd 0.0),0.0 (cmd 0.0)
1.2913,-8.52,0.0,0.0,-3.9,0.0,0.0,-3.9,-8.5,0.0 (cmd 0.0),0.0 (cmd 0.0)
1.2918000000000003,-8.52,0.0,0.0,-3.89,0.0,0.0,-3.9,-8.5,0.0 (cmd 0.0),0.0 (cmd 0.0)
1.2923,-8.51,0.0,0.0,-3.86,0.0,0.0,-3.9,-8.5,0.0 (cmd 0.0),0.0 (cmd 0.0)
1.2928,-8.49,0.0,0.0,-3.85,0.0,0.0,-3.9,-8.5,0.0 (cmd 0.0),0.0 (cmd 0.0)
1.2933000000000001,-8.48,0.0,0.0,-3.83,0.0,0.0,-3.8,-8.5,0.0 (cmd 0.0),0.0 (cmd 0.0)
1.2938,-8.47,0.0,0.0,-3.8,0.0,0.0,-3.8,-8.5,0.0 (cmd 0.0),0.0 (cmd 0.0)
1.2943000000000002,-8.47,0.0,0.0,-3.8,0.0,0.0,-3.8,-8.5,0.0 (cmd 0.0),0.0 (cmd 0.0)
1.2948,-8.47,0.0,0.0,-3.78,0.0,0.0,-3.8,-8.5,0.0 (cmd 0.0),0.0 (cmd 0.0)
1.2953,-8.45,0.0,0.0,-3.76,0.0,0.0,-3.8,-8.4,0.0 (cmd 0.0),0.0 (cmd 0.0)
1.2958000000000003,-8.44,0.0,0.0,-3.75,0.0,0.0,-3.8,-8.4,0.0 (cmd 0.0),0.0 (cmd 0.0)
1.2963,-8.44,0.0,0.0,-3.74,0.0,0.0,-3.7,-8.4,0.0 (cmd 0.0),0.0 (cmd 0.0)
1.2968000000000002,-8.44,0.0,0.0,-3.74,0.0,0.0,-3.7,-8.4,0.0 (cmd 0.0),0.0 (cmd 0.0)
1.2973,-8.45,0.0,0.0,-3.74,0.0,0.0,-3.7,-8.4,0.0 (cmd 0.0),0.0 (cmd 0.0)
1.2978,-8.45,0.0,0.0,-3.75,0.0,0.0,-3.8,-8.4,0.0 (cmd 0.0),0.0 (cmd 0.0)
1.2983000000000002,-8.44,0.0,0.0,-3.73,0.0,0.0,-3.7,-8.4,0.0 (cmd 0.0),0.0 (cmd 0.0)
1.2988,-8.42,0.0,0.0,-3.74,0.0,0.0,-3.7,-8.4,0.0 (cmd 0.0),0.0 (cmd 0.0)
1.2993000000000001,-8.41,0.0,0.0,-3.74,0.0,0.0,-3.7,-8.4,0.0 (cmd 0.0),0.0 (cmd 0.0)
1.2997999999999998,-8.4,0.0,0.0,-3.75,0.0,0.0,-3.8,-8.4,0.0 (cmd 0.0),0.0 (cmd 0.0)
1.3003,-8.39,0.0,0.0,-3.79,0.0,0.0,-3.8,-8.4,0.0 (cmd 0.0),0.0 (cmd 0.0)
1.3008000000000002,-8.38,0.0,0.0,-3.81,0.0,0.0,-3.8,-8.4,0.0 (cmd 0.0),0.0 (cmd 0.0)
1.3013,-8.4,0.0,0.0,-3.84,0.0,0.0,-3.8,-8.4,0.0 (cmd 0.0),0.0 (cmd 0.0)
1.3018000000000003,-8.81,0.0,0.0,-3.83,0.0,0.0,-3.8,-8.8,0.0 (cmd 0.0),0.0 (cmd 0.0)
1.3023,-10.26,0.0,0.0,-4.11,0.0,0.0,-4.1,-10.3,0.0 (cmd 0.0),0.0 (cmd 0.0)
1.3028,-12.19,0.0,0.0,-4.26,0.0,0.0,-4.3,-12.2,0.0 (cmd 0.0),0.0 (cmd 0.0)
1.3033000000000001,-13.54,0.0,0.0,-4.52,0.0,0.0,-4.5,-13.5,0.0 (cmd 0.0),0.0 (cmd 0.0)
1.3037999999999998,-14.2,0.0,0.0,-4.79,0.0,0.0,-4.8,-14.2,0.0 (cmd 0.0),0.0 (cmd 0.0)
1.3043000000000002,-14.24,0.0,0.0,-5.17,0.0,0.0,-5.2,-14.2,0.0 (cmd 0.0),0.0 (cmd 0.0)
1.3048,-14.19,0.0,0.0,-5.32,0.0,0.0,-5.3,-14.2,0.0 (cmd 0.0),0.0 (cmd 0.0)
1.3053,-14.3,0.0,0.0,-5.54,0.0,0.0,-5.5,-14.3,0.0 (cmd 0.0),0.0 (cmd 0.0)
1.3058,-14.57,0.0,0.0,-5.96,0.0,0.0,-6.0,-14.6,0.0 (cmd 0.0),0.0 (cmd 0.0)
1.3063,-15.01,0.0,0.0,-6.29,0.0,0.0,-6.3,-15.0,0.0 (cmd 0.0),0.0 (cmd 0.0)
1.3068000000000002,-15.24,0.0,0.0,-6.64,0.0,0.0,-6.6,-15.2,0.0 (cmd 0.0),0.0 (cmd 0.0)
1.3073,-15.29,0.0,0.0,-6.99,0.0,0.0,-7.0,-15.3,0.0 (cmd 0.0),0.0 (cmd 0.0)
1.3077999999999999,-15.21,0.0,0.0,-7.24,0.0,0.0,-7.2,-15.2,0.0 (cmd 0.0),0.0 (cmd 0.0)
1.3083000000000002,-15.18,0.0,0.0,-7.53,0.0,0.0,-7.5,-15.2,0.0 (cmd 0.0),0.0 (cmd 0.0)
1.3088,-15.23,0.0,0.0,-7.85,0.0,0.0,-7.8,-15.2,0.0 (cmd 0.0),0.0 (cmd 0.0)
1.3093000000000001,-15.47,0.0,0.0,-8.05,0.0,0.0,-8.1,-15.5,0.0 (cmd 0.0),0.0 (cmd 0.0)
1.3097999999999999,-15.76,0.0,0.0,-8.24,0.0,0.0,-8.2,-15.8,0.0 (cmd 0.0),0.0 (cmd 0.0)
1.3103,-15.99,0.0,0.0,-8.46,0.0,0.0,-8.5,-16.0,0.0 (cmd 0.0),0.0 (cmd 0.0)
1.3108000000000002,-16.38,0.0,0.0,-8.73,0.0,0.0,-8.7,-16.4,0.0 (cmd 0.0),0.0 (cmd 0.0)
1.3113,-16.66,0.0,0.0,-9.16,0.0,0.0,-9.2,-16.7,0.0 (cmd 0.0),0.0 (cmd 0.0)
1.3118,-16.77,0.0,0.0,-9.32,0.0,0.0,-9.3,-16.8,0.0 (cmd 0.0),0.0 (cmd 0.0)
1.3123,-16.89,0.0,0.0,-9.38,0.0,0.0,-9.4,-16.9,0.0 (cmd 0.0),0.0 (cmd 0.0)
1.3128,-16.77,0.0,0.0,-9.43,0.0,0.0,-9.4,-16.8,0.0 (cmd 0.0),0.0 (cmd 0.0)
1.3133000000000001,-16.44,0.0,0.0,-9.53,0.0,0.0,-9.5,-16.4,0.0 (cmd 0.0),0.0 (cmd 0.0)
1.3137999999999999,-16.25,0.0,0.0,-9.69,0.0,0.0,-9.7,-16.2,0.0 (cmd 0.0),0.0 (cmd 0.0)
1.3143000000000002,-16.04,0.0,0.0,-9.89,0.0,0.0,-9.9,-16.0,0.0 (cmd 0.0),0.0 (cmd 0.0)
1.3148,-15.87,0.0,0.0,-10.2,0.0,0.0,-10.2,-15.9,0.0 (cmd 0.0),0.0 (cmd 0.0)
1.3153,-15.85,0.0,0.0,-10.33,0.0,0.0,-10.3,-15.8,0.0 (cmd 0.0),0.0 (cmd 0.0)
1.3158,-16.03,0.0,0.0,-10.49,0.0,0.0,-10.5,-16.0,0.0 (cmd 0.0),0.0 (cmd 0.0)
1.3163,-16.18,0.0,0.0,-10.55,0.0,0.0,-10.6,-16.2,0.0 (cmd 0.0),0.0 (cmd 0.0)
1.3168000000000002,-16.56,0.0,0.0,-10.03,0.0,0.0,-10.0,-16.6,0.0 (cmd 0.0),0.0 (cmd 0.0)
1.3173,-16.99,0.0,0.0,-9.46,0.0,0.0,-9.5,-17.0,0.0 (cmd 0.0),0.0 (cmd 0.0)
1.3177999999999999,-17.05,0.0,0.0,-8.89,0.0,0.0,-8.9,-17.1,0.0 (cmd 0.0),0.0 (cmd 0.0)
1.3183000000000002,-16.5,0.0,0.0,-8.07,0.0,0.0,-8.1,-16.5,0.0 (cmd 0.0),0.0 (cmd 0.0)
1.3188,-15.18,0.0,0.0,-7.73,0.0,0.0,-7.7,-15.2,0.0 (cmd 0.0),0.0 (cmd 0.0)
1.3193000000000001,-11.57,0.0,0.0,-7.82,0.0,0.0,-7.8,-11.6,0.0 (cmd 0.0),0.0 (cmd 0.0)
1.3197999999999999,-7.99,0.0,0.0,-8.08,0.0,0.0,-8.1,-8.0,0.0 (cmd 0.0),0.0 (cmd 0.0)
1.3203,-6.58,0.0,0.0,-9.08,0.0,0.0,-9.1,-6.6,0.0 (cmd 0.0),0.0 (cmd 0.0)
1.3208000000000002,-4.22,0.0,0.0,-9.99,0.0,0.0,-10.0,-4.2,0.0 (cmd 0.0),0.0 (cmd 0.0)
1.3213,-0.65,0.0,0.0,-12.08,0.0,0.0,-12.1,-0.7,0.0 (cmd 0.0),0.0 (cmd 0.0)
1.3218,-0.03,0.0,0.0,-13.87,0.0,0.0,-13.9,-0.0,0.0 (cmd 0.0),0.0 (cmd 0.0)
1.3223,-0.87,0.0,0.0,-14.68,0.0,0.0,-14.7,-0.9,0.0 (cmd 0.0),0.0 (cmd 0.0)
1.3228,-1.32,0.0,0.0,-15.05,0.0,0.0,-15.1,-1.3,0.0 (cmd 0.0),0.0 (cmd 0.0)
1.3233000000000001,-1.38,0.0,0.0,-15.39,0.0,0.0,-15.4,-1.4,0.0 (cmd 0.0),0.0 (cmd 0.0)
1.3237999999999999,-1.53,0.0,0.0,-15.58,0.0,0.0,-15.6,-1.5,0.0 (cmd 0.0),0.0 (cmd 0.0)
1.3243000000000003,-1.56,0.0,0.0,-15.59,0.0,0.0,-15.6,-1.6,0.0 (cmd 0.0),0.0 (cmd 0.0)
1.3248,-1.77,0.0,0.0,-15.54,0.0,0.0,-15.5,-1.8,0.0 (cmd 0.0),0.0 (cmd 0.0)
1.3253,-2.23,0.0,0.0,-15.51,0.0,0.0,-15.5,-2.2,0.0 (cmd 0.0),0.0 (cmd 0.0)
1.3258,-2.39,0.0,0.0,-15.48,0.0,0.0,-15.5,-2.4,0.0 (cmd 0.0),0.0 (cmd 0.0)
1.3263,-2.55,0.0,0.0,-15.44,0.0,0.0,-15.4,-2.5,0.0 (cmd 0.0),0.0 (cmd 0.0)
1.3268000000000002,-2.73,0.0,0.0,-15.39,0.0,0.0,-15.4,-2.7,0.0 (cmd 0.0),0.0 (cmd 0.0)
1.3273,-2.92,0.0,0.0,-15.32,0.0,0.0,-15.3,-2.9,0.0 (cmd 0.0),0.0 (cmd 0.0)
1.3277999999999999,-3.05,0.0,0.0,-15.25,0.0,0.0,-15.2,-3.0,0.0 (cmd 0.0),0.0 (cmd 0.0)
1.3283000000000003,-3.12,0.0,0.0,-15.17,0.0,0.0,-15.2,-3.1,0.0 (cmd 0.0),0.0 (cmd 0.0)
1.3288,-3.18,0.0,0.0,-15.12,0.0,0.0,-15.1,-3.2,0.0 (cmd 0.0),0.0 (cmd 0.0)
1.3293000000000001,-3.26,0.0,0.0,-15.11,0.0,0.0,-15.1,-3.3,0.0 (cmd 0.0),0.0 (cmd 0.0)
1.3297999999999999,-3.34,0.0,0.0,-15.17,0.0,0.0,-15.2,-3.3,0.0 (cmd 0.0),0.0 (cmd 0.0)
1.3303,-3.37,0.0,0.0,-15.2,0.0,0.0,-15.2,-3.4,0.0 (cmd 0.0),0.0 (cmd 0.0)
1.3308000000000002,-3.38,0.0,0.0,-15.21,0.0,0.0,-15.2,-3.4,0.0 (cmd 0.0),0.0 (cmd 0.0)
1.3313,-3.4,0.0,0.0,-15.18,0.0,0.0,-15.2,-3.4,0.0 (cmd 0.0),0.0 (cmd 0.0)
1.3318,-3.45,0.0,0.0,-15.16,0.0,0.0,-15.2,-3.5,0.0 (cmd 0.0),0.0 (cmd 0.0)
1.3323,-3.48,0.0,0.0,-15.19,0.0,0.0,-15.2,-3.5,0.0 (cmd 0.0),0.0 (cmd 0.0)
1.3328,-3.47,0.0,0.0,-15.18,0.0,0.0,-15.2,-3.5,0.0 (cmd 0.0),0.0 (cmd 0.0)
1.3333000000000002,-3.48,0.0,0.0,-15.17,0.0,0.0,-15.2,-3.5,0.0 (cmd 0.0),0.0 (cmd 0.0)
1.3337999999999999,-3.47,0.0,0.0,-15.18,0.0,0.0,-15.2,-3.5,0.0 (cmd 0.0),0.0 (cmd 0.0)
1.3343000000000003,-3.49,0.0,0.0,-15.18,0.0,0.0,-15.2,-3.5,0.0 (cmd 0.0),0.0 (cmd 0.0)
1.3348,-3.5,0.0,0.0,-15.17,0.0,0.0,-15.2,-3.5,0.0 (cmd 0.0),0.0 (cmd 0.0)
1.3353,-3.44,0.0,0.0,-15.18,0.0,0.0,-15.2,-3.4,0.0 (cmd 0.0),0.0 (cmd 0.0)
1.3358,-3.34,0.0,0.0,-15.17,0.0,0.0,-15.2,-3.3,0.0 (cmd 0.0),0.0 (cmd 0.0)
1.3363,-3.32,0.0,0.0,-15.18,0.0,0.0,-15.2,-3.3,0.0 (cmd 0.0),0.0 (cmd 0.0)
1.3368000000000002,-3.35,0.0,0.0,-15.16,0.0,0.0,-15.2,-3.4,0.0 (cmd 0.0),0.0 (cmd 0.0)
1.3373,-3.35,0.0,0.0,-15.15,0.0,0.0,-15.2,-3.4,0.0 (cmd 0.0),0.0 (cmd 0.0)
1.3377999999999999,-3.33,0.0,0.0,-15.12,0.0,0.0,-15.1,-3.3,0.0 (cmd 0.0),0.0 (cmd 0.0)
1.3383000000000003,-3.32,0.0,0.0,-15.1,0.0,0.0,-15.1,-3.3,0.0 (cmd 0.0),0.0 (cmd 0.0)
1.3388,-3.31,0.0,0.0,-15.1,0.0,0.0,-15.1,-3.3,0.0 (cmd 0.0),0.0 (cmd 0.0)
1.3393000000000002,-3.3,0.0,0.0,-15.09,0.0,0.0,-15.1,-3.3,0.0 (cmd 0.0),0.0 (cmd 0.0)
1.3397999999999999,-3.28,0.0,0.0,-15.07,0.0,0.0,-15.1,-3.3,0.0 (cmd 0.0),0.0 (cmd 0.0)
1.3403,-3.24,0.0,0.0,-15.04,0.0,0.0,-15.0,-3.2,0.0 (cmd 0.0),0.0 (cmd 0.0)
1.3408000000000002,-3.24,0.0,0.0,-15.02,0.0,0.0,-15.0,-3.2,0.0 (cmd 0.0),0.0 (cmd 0.0)
1.3413,-3.21,0.0,0.0,-15.0,0.0,0.0,-15.0,-3.2,0.0 (cmd 0.0),0.0 (cmd 0.0)
1.3418,-3.18,0.0,0.0,-14.95,0.0,0.0,-14.9,-3.2,0.0 (cmd 0.0),0.0 (cmd 0.0)
1.3423,-3.12,0.0,0.0,-14.9,0.0,0.0,-14.9,-3.1,0.0 (cmd 0.0),0.0 (cmd 0.0)
1.3428,-3.07,0.0,0.0,-14.89,0.0,0.0,-14.9,-3.1,0.0 (cmd 0.0),0.0 (cmd 0.0)
1.3433000000000002,-3.0,0.0,0.0,-14.88,0.0,0.0,-14.9,-3.0,0.0 (cmd 0.0),0.0 (cmd 0.0)
1.3437999999999999,-2.98,0.0,0.0,-14.84,0.0,0.0,-14.8,-3.0,0.0 (cmd 0.0),0.0 (cmd 0.0)
1.3443000000000003,-2.94,0.0,0.0,-14.81,0.0,0.0,-14.8,-2.9,0.0 (cmd 0.0),0.0 (cmd 0.0)
1.3448,-2.88,0.0,0.0,-14.78,0.0,0.0,-14.8,-2.9,0.0 (cmd 0.0),0.0 (cmd 0.0)
1.3453,-2.87,0.0,0.0,-14.76,0.0,0.0,-14.8,-2.9,0.0 (cmd 0.0),0.0 (cmd 0.0)
1.3458,-2.86,0.0,0.0,-14.76,0.0,0.0,-14.8,-2.9,0.0 (cmd 0.0),0.0 (cmd 0.0)
1.3463,-2.87,0.0,0.0,-14.76,0.0,0.0,-14.8,-2.9,0.0 (cmd 0.0),0.0 (cmd 0.0)
1.3468000000000002,-2.84,0.0,0.0,-14.76,0.0,0.0,-14.8,-2.8,0.0 (cmd 0.0),0.0 (cmd 0.0)
1.3473,-2.84,0.0,0.0,-14.77,0.0,0.0,-14.8,-2.8,0.0 (cmd 0.0),0.0 (cmd 0.0)
1.3477999999999999,-2.83,0.0,0.0,-14.79,0.0,0.0,-14.8,-2.8,0.0 (cmd 0.0),0.0 (cmd 0.0)
1.3483000000000003,-2.83,0.0,0.0,-14.79,0.0,0.0,-14.8,-2.8,0.0 (cmd 0.0),0.0 (cmd 0.0)
1.3488,-2.84,0.0,0.0,-14.82,0.0,0.0,-14.8,-2.8,0.0 (cmd 0.0),0.0 (cmd 0.0)
1.3493000000000002,-2.88,0.0,0.0,-14.87,0.0,0.0,-14.9,-2.9,0.0 (cmd 0.0),0.0 (cmd 0.0)
1.3497999999999999,-2.93,0.0,0.0,-14.92,0.0,0.0,-14.9,-2.9,0.0 (cmd 0.0),0.0 (cmd 0.0)
1.3503,-2.95,0.0,0.0,-14.95,0.0,0.0,-14.9,-3.0,0.0 (cmd 0.0),0.0 (cmd 0.0)
1.3508000000000002,-2.99,0.0,0.0,-14.98,0.0,0.0,-15.0,-3.0,0.0 (cmd 0.0),0.0 (cmd 0.0)
1.3513,-3.05,0.0,0.0,-15.01,0.0,0.0,-15.0,-3.0,0.0 (cmd 0.0),0.0 (cmd 0.0)
1.3518000000000001,-3.1,0.0,0.0,-15.04,0.0,0.0,-15.0,-3.1,0.0 (cmd 0.0),0.0 (cmd 0.0)
1.3523,-3.12,0.0,0.0,-15.09,0.0,0.0,-15.1,-3.1,0.0 (cmd 0.0),0.0 (cmd 0.0)
1.3528,-3.15,0.0,0.0,-15.12,0.0,0.0,-15.1,-3.1,0.0 (cmd 0.0),0.0 (cmd 0.0)
1.3533000000000002,-3.17,0.0,0.0,-15.17,0.0,0.0,-15.2,-3.2,0.0 (cmd 0.0),0.0 (cmd 0.0)
1.3538,-3.2,0.0,0.0,-15.18,0.0,0.0,-15.2,-3.2,0.0 (cmd 0.0),0.0 (cmd 0.0)
1.3543000000000003,-3.22,0.0,0.0,-15.18,0.0,0.0,-15.2,-3.2,0.0 (cmd 0.0),0.0 (cmd 0.0)
1.3548,-3.22,0.0,0.0,-15.17,0.0,0.0,-15.2,-3.2,0.0 (cmd 0.0),0.0 (cmd 0.0)
1.3553,-3.21,0.0,0.0,-15.17,0.0,0.0,-15.2,-3.2,0.0 (cmd 0.0),0.0 (cmd 0.0)
1.3558000000000001,-3.21,0.0,0.0,-15.17,0.0,0.0,-15.2,-3.2,0.0 (cmd 0.0),0.0 (cmd 0.0)
1.3563,-3.22,0.0,0.0,-15.17,0.0,0.0,-15.2,-3.2,0.0 (cmd 0.0),0.0 (cmd 0.0)
1.3568000000000002,-3.23,0.0,0.0,-15.15,0.0,0.0,-15.2,-3.2,0.0 (cmd 0.0),0.0 (cmd 0.0)
1.3573,-3.23,0.0,0.0,-15.12,0.0,0.0,-15.1,-3.2,0.0 (cmd 0.0),0.0 (cmd 0.0)
1.3578,-3.21,0.0,0.0,-15.07,0.0,0.0,-15.1,-3.2,0.0 (cmd 0.0),0.0 (cmd 0.0)
1.3583000000000003,-3.18,0.0,0.0,-15.03,0.0,0.0,-15.0,-3.2,0.0 (cmd 0.0),0.0 (cmd 0.0)
1.3588,-3.17,0.0,0.0,-14.98,0.0,0.0,-15.0,-3.2,0.0 (cmd 0.0),0.0 (cmd 0.0)
1.3593000000000002,-3.16,0.0,0.0,-14.93,0.0,0.0,-14.9,-3.2,0.0 (cmd 0.0),0.0 (cmd 0.0)
1.3598,-3.12,0.0,0.0,-14.84,0.0,0.0,-14.8,-3.1,0.0 (cmd 0.0),0.0 (cmd 0.0)
1.3603,-3.09,0.0,0.0,-14.81,0.0,0.0,-14.8,-3.1,0.0 (cmd 0.0),0.0 (cmd 0.0)
1.3608000000000002,-3.05,0.0,0.0,-14.77,0.0,0.0,-14.8,-3.0,0.0 (cmd 0.0),0.0 (cmd 0.0)
1.3613,-3.05,0.0,0.0,-14.72,0.0,0.0,-14.7,-3.0,0.0 (cmd 0.0),0.0 (cmd 0.0)
1.3618000000000001,-3.01,0.0,0.0,-14.73,0.0,0.0,-14.7,-3.0,0.0 (cmd 0.0),0.0 (cmd 0.0)
1.3622999999999998,-2.99,0.0,0.0,-14.74,0.0,0.0,-14.7,-3.0,0.0 (cmd 0.0),0.0 (cmd 0.0)
1.3628,-2.95,0.0,0.0,-14.75,0.0,0.0,-14.8,-3.0,0.0 (cmd 0.0),0.0 (cmd 0.0)
1.3633000000000002,-2.91,0.0,0.0,-14.76,0.0,0.0,-14.8,-2.9,0.0 (cmd 0.0),0.0 (cmd 0.0)
1.3638,-2.91,0.0,0.0,-14.76,0.0,0.0,-14.8,-2.9,0.0 (cmd 0.0),0.0 (cmd 0.0)
1.3643000000000003,-2.9,0.0,0.0,-14.76,0.0,0.0,-14.8,-2.9,0.0 (cmd 0.0),0.0 (cmd 0.0)
1.3648,-2.88,0.0,0.0,-14.76,0.0,0.0,-14.8,-2.9,0.0 (cmd 0.0),0.0 (cmd 0.0)
1.3653,-2.87,0.0,0.0,-14.75,0.0,0.0,-14.8,-2.9,0.0 (cmd 0.0),0.0 (cmd 0.0)
1.3658000000000001,-2.85,0.0,0.0,-14.72,0.0,0.0,-14.7,-2.9,0.0 (cmd 0.0),0.0 (cmd 0.0)
1.3662999999999998,-2.84,0.0,0.0,-14.7,0.0,0.0,-14.7,-2.8,0.0 (cmd 0.0),0.0 (cmd 0.0)
1.3668000000000002,-2.82,0.0,0.0,-14.67,0.0,0.0,-14.7,-2.8,0.0 (cmd 0.0),0.0 (cmd 0.0)
1.3673,-2.8,0.0,0.0,-14.66,0.0,0.0,-14.7,-2.8,0.0 (cmd 0.0),0.0 (cmd 0.0)
1.3678,-2.81,0.0,0.0,-14.67,0.0,0.0,-14.7,-2.8,0.0 (cmd 0.0),0.0 (cmd 0.0)
1.3683,-2.8,0.0,0.0,-14.65,0.0,0.0,-14.7,-2.8,0.0 (cmd 0.0),0.0 (cmd 0.0)
1.3688,-2.8,0.0,0.0,-14.62,0.0,0.0,-14.6,-2.8,0.0 (cmd 0.0),0.0 (cmd 0.0)
1.3693000000000002,-2.81,0.0,0.0,-14.61,0.0,0.0,-14.6,-2.8,0.0 (cmd 0.0),0.0 (cmd 0.0)
1.3698,-2.81,0.0,0.0,-14.61,0.0,0.0,-14.6,-2.8,0.0 (cmd 0.0),0.0 (cmd 0.0)
1.3702999999999999,-2.81,0.0,0.0,-14.62,0.0,0.0,-14.6,-2.8,0.0 (cmd 0.0),0.0 (cmd 0.0)
1.3708000000000002,-2.81,0.0,0.0,-14.64,0.0,0.0,-14.6,-2.8,0.0 (cmd 0.0),0.0 (cmd 0.0)
1.3713,-2.83,0.0,0.0,-14.65,0.0,0.0,-14.7,-2.8,0.0 (cmd 0.0),0.0 (cmd 0.0)
1.3718000000000001,-2.87,0.0,0.0,-14.66,0.0,0.0,-14.7,-2.9,0.0 (cmd 0.0),0.0 (cmd 0.0)
1.3722999999999999,-2.88,0.0,0.0,-14.68,0.0,0.0,-14.7,-2.9,0.0 (cmd 0.0),0.0 (cmd 0.0)
1.3728,-2.9,0.0,0.0,-14.68,0.0,0.0,-14.7,-2.9,0.0 (cmd 0.0),0.0 (cmd 0.0)
1.3733000000000002,-2.89,0.0,0.0,-14.68,0.0,0.0,-14.7,-2.9,0.0 (cmd 0.0),0.0 (cmd 0.0)
1.3738,-2.89,0.0,0.0,-14.7,0.0,0.0,-14.7,-2.9,0.0 (cmd 0.0),0.0 (cmd 0.0)
1.3743,-2.89,0.0,0.0,-14.72,0.0,0.0,-14.7,-2.9,0.0 (cmd 0.0),0.0 (cmd 0.0)
1.3748,-2.88,0.0,0.0,-14.73,0.0,0.0,-14.7,-2.9,0.0 (cmd 0.0),0.0 (cmd 0.0)
1.3753,-2.89,0.0,0.0,-14.76,0.0,0.0,-14.8,-2.9,0.0 (cmd 0.0),0.0 (cmd 0.0)
1.3758000000000001,-2.91,0.0,0.0,-14.76,0.0,0.0,-14.8,-2.9,0.0 (cmd 0.0),0.0 (cmd 0.0)
1.3762999999999999,-2.9,0.0,0.0,-14.76,0.0,0.0,-14.8,-2.9,0.0 (cmd 0.0),0.0 (cmd 0.0)
1.3768000000000002,-2.91,0.0,0.0,-14.75,0.0,0.0,-14.8,-2.9,0.0 (cmd 0.0),0.0 (cmd 0.0)
1.3773,-2.9,0.0,0.0,-14.76,0.0,0.0,-14.8,-2.9,0.0 (cmd 0.0),0.0 (cmd 0.0)
1.3778,-2.89,0.0,0.0,-14.77,0.0,0.0,-14.8,-2.9,0.0 (cmd 0.0),0.0 (cmd 0.0)
1.3783,-2.91,0.0,0.0,-14.77,0.0,0.0,-14.8,-2.9,0.0 (cmd 0.0),0.0 (cmd 0.0)
1.3788,-2.92,0.0,0.0,-14.77,0.0,0.0,-14.8,-2.9,0.0 (cmd 0.0),0.0 (cmd 0.0)
1.3793000000000002,-2.92,0.0,0.0,-14.77,0.0,0.0,-14.8,-2.9,0.0 (cmd 0.0),0.0 (cmd 0.0)
1.3798,-2.92,0.0,0.0,-14.77,0.0,0.0,-14.8,-2.9,0.0 (cmd 0.0),0.0 (cmd 0.0)
1.3802999999999999,-2.92,0.0,0.0,-14.77,0.0,0.0,-14.8,-2.9,0.0 (cmd 0.0),0.0 (cmd 0.0)
1.3808000000000002,-2.92,0.0,0.0,-14.81,0.0,0.0,-14.8,-2.9,0.0 (cmd 0.0),0.0 (cmd 0.0)
1.3813,-2.93,0.0,0.0,-14.84,0.0,0.0,-14.8,-2.9,0.0 (cmd 0.0),0.0 (cmd 0.0)
1.3818000000000001,-2.94,0.0,0.0,-14.86,0.0,0.0,-14.9,-2.9,0.0 (cmd 0.0),0.0 (cmd 0.0)
1.3822999999999999,-2.93,0.0,0.0,-14.89,0.0,0.0,-14.9,-2.9,0.0 (cmd 0.0),0.0 (cmd 0.0)
1.3828,-2.93,0.0,0.0,-14.92,0.0,0.0,-14.9,-2.9,0.0 (cmd 0.0),0.0 (cmd 0.0)
1.3833000000000002,-2.93,0.0,0.0,-14.94,0.0,0.0,-14.9,-2.9,0.0 (cmd 0.0),0.0 (cmd 0.0)
1.3838,-2.92,0.0,0.0,-14.96,0.0,0.0,-15.0,-2.9,0.0 (cmd 0.0),0.0 (cmd 0.0)
1.3843,-2.93,0.0,0.0,-14.98,0.0,0.0,-15.0,-2.9,0.0 (cmd 0.0),0.0 (cmd 0.0)
1.3848,-2.92,0.0,0.0,-15.0,0.0,0.0,-15.0,-2.9,0.0 (cmd 0.0),0.0 (cmd 0.0)
1.3853,-2.91,0.0,0.0,-15.01,0.0,0.0,-15.0,-2.9,0.0 (cmd 0.0),0.0 (cmd 0.0)
1.3858000000000001,-2.93,0.0,0.0,-15.03,0.0,0.0,-15.0,-2.9,0.0 (cmd 0.0),0.0 (cmd 0.0)
1.3862999999999999,-2.93,0.0,0.0,-15.04,0.0,0.0,-15.0,-2.9,0.0 (cmd 0.0),0.0 (cmd 0.0)
1.3868000000000003,-2.93,0.0,0.0,-15.05,0.0,0.0,-15.1,-2.9,0.0 (cmd 0.0),0.0 (cmd 0.0)
1.3873,-2.92,0.0,0.0,-15.04,0.0,0.0,-15.0,-2.9,0.0 (cmd 0.0),0.0 (cmd 0.0)
1.3878,-2.91,0.0,0.0,-15.03,0.0,0.0,-15.0,-2.9,0.0 (cmd 0.0),0.0 (cmd 0.0)
1.3883,-2.98,0.0,0.0,-15.06,0.0,0.0,-15.1,-3.0,0.0 (cmd 0.0),0.0 (cmd 0.0)
1.3888,-3.07,0.0,0.0,-15.04,0.0,0.0,-15.0,-3.1,0.0 (cmd 0.0),0.0 (cmd 0.0)
1.3893000000000002,-3.17,0.0,0.0,-14.9,0.0,0.0,-14.9,-3.2,0.0 (cmd 0.0),0.0 (cmd 0.0)
1.3898,-3.39,0.0,0.0,-14.76,0.0,0.0,-14.8,-3.4,0.0 (cmd 0.0),0.0 (cmd 0.0)
1.3902999999999999,-4.12,0.0,0.0,-14.68,0.0,0.0,-14.7,-4.1,0.0 (cmd 0.0),0.0 (cmd 0.0)
1.3908000000000003,-4.82,0.0,0.0,-14.61,0.0,0.0,-14.6,-4.8,0.0 (cmd 0.0),0.0 (cmd 0.0)
1.3913,-6.59,0.0,0.0,-14.32,0.0,0.0,-14.3,-6.6,0.0 (cmd 0.0),0.0 (cmd 0.0)
1.3918000000000001,-8.23,0.0,0.0,-13.74,0.0,0.0,-13.7,-8.2,0.0 (cmd 0.0),0.0 (cmd 0.0)
1.3922999999999999,-9.76,0.0,0.0,-12.81,0.0,0.0,-12.8,-9.8,0.0 (cmd 0.0),0.0 (cmd 0.0)
1.3928,-11.62,0.0,0.0,-11.61,0.0,0.0,-11.6,-11.6,0.0 (cmd 0.0),0.0 (cmd 0.0)
1.3933000000000002,-13.0,0.0,0.0,-10.56,0.0,0.0,-10.6,-13.0,0.0 (cmd 0.0),0.0 (cmd 0.0)
1.3938,-14.58,0.0,0.0,-9.87,0.0,0.0,-9.9,-14.6,0.0 (cmd 0.0),0.0 (cmd 0.0)
1.3943,-15.81,0.0,0.0,-9.11,0.0,0.0,-9.1,-15.8,0.0 (cmd 0.0),0.0 (cmd 0.0)
1.3948,-16.79,0.0,0.0,-8.44,0.0,0.0,-8.4,-16.8,0.0 (cmd 0.0),0.0 (cmd 0.0)
1.3953,-17.32,0.0,0.0,-8.03,0.0,0.0,-8.0,-17.3,0.0 (cmd 0.0),0.0 (cmd 0.0)
1.3958000000000002,-17.77,0.0,0.0,-7.87,0.0,0.0,-7.9,-17.8,0.0 (cmd 0.0),0.0 (cmd 0.0)
1.3962999999999999,-17.96,0.0,0.0,-8.07,0.0,0.0,-8.1,-18.0,0.0 (cmd 0.0),0.0 (cmd 0.0)
1.3968000000000003,-18.0,0.0,0.0,-8.22,0.0,0.0,-8.2,-18.0,0.0 (cmd 0.0),0.0 (cmd 0.0)
1.3973,-17.96,0.0,0.0,-8.28,0.0,0.0,-8.3,-18.0,0.0 (cmd 0.0),0.0 (cmd 0.0)
1.3978,-17.8,0.0,0.0,-8.24,0.0,0.0,-8.2,-17.8,0.0 (cmd 0.0),0.0 (cmd 0.0)
1.3983,-17.68,0.0,0.0,-8.14,0.0,0.0,-8.1,-17.7,0.0 (cmd 0.0),0.0 (cmd 0.0)
1.3988,-17.6,0.0,0.0,-8.11,0.0,0.0,-8.1,-17.6,0.0 (cmd 0.0),0.0 (cmd 0.0)
1.3993000000000002,-17.6,0.0,0.0,-8.09,0.0,0.0,-8.1,-17.6,0.0 (cmd 0.0),0.0 (cmd 0.0)
1.3998,-17.56,0.0,0.0,-8.03,0.0,0.0,-8.0,-17.6,0.0 (cmd 0.0),0.0 (cmd 0.0)
1.4002999999999999,-17.39,0.0,0.0,-7.86,0.0,0.0,-7.9,-17.4,0.0 (cmd 0.0),0.0 (cmd 0.0)
1.4008000000000003,-17.27,0.0,0.0,-7.74,0.0,0.0,-7.7,-17.3,0.0 (cmd 0.0),0.0 (cmd 0.0)
1.4013,-17.2,0.0,0.0,-7.71,0.0,0.0,-7.7,-17.2,0.0 (cmd 0.0),0.0 (cmd 0.0)
1.4018000000000002,-17.06,0.0,0.0,-7.67,0.0,0.0,-7.7,-17.1,0.0 (cmd 0.0),0.0 (cmd 0.0)
1.4022999999999999,-16.86,0.0,0.0,-7.55,0.0,0.0,-7.5,-16.9,0.0 (cmd 0.0),0.0 (cmd 0.0)
1.4028,-16.82,0.0,0.0,-7.58,0.0,0.0,-7.6,-16.8,0.0 (cmd 0.0),0.0 (cmd 0.0)
1.4033000000000002,-16.84,0.0,0.0,-7.71,0.0,0.0,-7.7,-16.8,0.0 (cmd 0.0),0.0 (cmd 0.0)
1.4038,-16.8,0.0,0.0,-7.68,0.0,0.0,-7.7,-16.8,0.0 (cmd 0.0),0.0 (cmd 0.0)
1.4043,-16.57,0.0,0.0,-7.64,0.0,0.0,-7.6,-16.6,0.0 (cmd 0.0),0.0 (cmd 0.0)
1.4048,-16.43,0.0,0.0,-7.63,0.0,0.0,-7.6,-16.4,0.0 (cmd 0.0),0.0 (cmd 0.0)
1.4053,-16.26,0.0,0.0,-7.68,0.0,0.0,-7.7,-16.3,0.0 (cmd 0.0),0.0 (cmd 0.0)
1.4058000000000002,-16.1,0.0,0.0,-7.72,0.0,0.0,-7.7,-16.1,0.0 (cmd 0.0),0.0 (cmd 0.0)
1.4062999999999999,-15.98,0.0,0.0,-7.72,0.0,0.0,-7.7,-16.0,0.0 (cmd 0.0),0.0 (cmd 0.0)
1.4068000000000003,-15.87,0.0,0.0,-7.7,0.0,0.0,-7.7,-15.9,0.0 (cmd 0.0),0.0 (cmd 0.0)
1.4073,-15.84,0.0,0.0,-7.66,0.0,0.0,-7.7,-15.8,0.0 (cmd 0.0),0.0 (cmd 0.0)
1.4078,-15.75,0.0,0.0,-7.62,0.0,0.0,-7.6,-15.8,0.0 (cmd 0.0),0.0 (cmd 0.0)
1.4083,-15.73,0.0,0.0,-7.63,0.0,0.0,-7.6,-15.7,0.0 (cmd 0.0),0.0 (cmd 0.0)
1.4088,-15.67,0.0,0.0,-7.58,0.0,0.0,-7.6,-15.7,0.0 (cmd 0.0),0.0 (cmd 0.0)
1.4093000000000002,-15.68,0.0,0.0,-7.6,0.0,0.0,-7.6,-15.7,0.0 (cmd 0.0),0.0 (cmd 0.0)
1.4098,-15.68,0.0,0.0,-7.61,0.0,0.0,-7.6,-15.7,0.0 (cmd 0.0),0.0 (cmd 0.0)
1.4102999999999999,-15.56,0.0,0.0,-7.62,0.0,0.0,-7.6,-15.6,0.0 (cmd 0.0),0.0 (cmd 0.0)
1.4108000000000003,-15.49,0.0,0.0,-7.6,0.0,0.0,-7.6,-15.5,0.0 (cmd 0.0),0.0 (cmd 0.0)
1.4113,-15.39,0.0,0.0,-7.6,0.0,0.0,-7.6,-15.4,0.0 (cmd 0.0),0.0 (cmd 0.0)
1.4118000000000002,-15.37,0.0,0.0,-7.61,0.0,0.0,-7.6,-15.4,0.0 (cmd 0.0),0.0 (cmd 0.0)
1.4122999999999999,-15.42,0.0,0.0,-7.6,0.0,0.0,-7.6,-15.4,0.0 (cmd 0.0),0.0 (cmd 0.0)
1.4128,-15.42,0.0,0.0,-7.6,0.0,0.0,-7.6,-15.4,0.0 (cmd 0.0),0.0 (cmd 0.0)
1.4133000000000002,-15.38,0.0,0.0,-7.58,0.0,0.0,-7.6,-15.4,0.0 (cmd 0.0),0.0 (cmd 0.0)
1.4138,-15.37,0.0,0.0,-7.57,0.0,0.0,-7.6,-15.4,0.0 (cmd 0.0),0.0 (cmd 0.0)
1.4143000000000001,-15.37,0.0,0.0,-7.58,0.0,0.0,-7.6,-15.4,0.0 (cmd 0.0),0.0 (cmd 0.0)
1.4148,-15.32,0.0,0.0,-7.59,0.0,0.0,-7.6,-15.3,0.0 (cmd 0.0),0.0 (cmd 0.0)
1.4153,-15.33,0.0,0.0,-7.6,0.0,0.0,-7.6,-15.3,0.0 (cmd 0.0),0.0 (cmd 0.0)
1.4158000000000002,-15.37,0.0,0.0,-7.6,0.0,0.0,-7.6,-15.4,0.0 (cmd 0.0),0.0 (cmd 0.0)
1.4163,-15.34,0.0,0.0,-7.61,0.0,0.0,-7.6,-15.3,0.0 (cmd 0.0),0.0 (cmd 0.0)
1.4168000000000003,-15.3,0.0,0.0,-7.62,0.0,0.0,-7.6,-15.3,0.0 (cmd 0.0),0.0 (cmd 0.0)
1.4173,-15.28,0.0,0.0,-7.63,0.0,0.0,-7.6,-15.3,0.0 (cmd 0.0),0.0 (cmd 0.0)
1.4178,-15.25,0.0,0.0,-7.63,0.0,0.0,-7.6,-15.2,0.0 (cmd 0.0),0.0 (cmd 0.0)
1.4183000000000001,-15.21,0.0,0.0,-7.62,0.0,0.0,-7.6,-15.2,0.0 (cmd 0.0),0.0 (cmd 0.0)
1.4188,-15.23,0.0,0.0,-7.62,0.0,0.0,-7.6,-15.2,0.0 (cmd 0.0),0.0 (cmd 0.0)
1.4193000000000002,-15.19,0.0,0.0,-7.6,0.0,0.0,-7.6,-15.2,0.0 (cmd 0.0),0.0 (cmd 0.0)
1.4198,-15.15,0.0,0.0,-7.58,0.0,0.0,-7.6,-15.2,0.0 (cmd 0.0),0.0 (cmd 0.0)
1.4203,-15.08,0.0,0.0,-7.58,0.0,0.0,-7.6,-15.1,0.0 (cmd 0.0),0.0 (cmd 0.0)
1.4208000000000003,-14.98,0.0,0.0,-7.55,0.0,0.0,-7.5,-15.0,0.0 (cmd 0.0),0.0 (cmd 0.0)
1.4213,-14.91,0.0,0.0,-7.52,0.0,0.0,-7.5,-14.9,0.0 (cmd 0.0),0.0 (cmd 0.0)
1.4218000000000002,-14.84,0.0,0.0,-7.5,0.0,0.0,-7.5,-14.8,0.0 (cmd 0.0),0.0 (cmd 0.0)
1.4223,-14.79,0.0,0.0,-7.47,0.0,0.0,-7.5,-14.8,0.0 (cmd 0.0),0.0 (cmd 0.0)
1.4228,-14.66,0.0,0.0,-7.43,0.0,0.0,-7.4,-14.7,0.0 (cmd 0.0),0.0 (cmd 0.0)
1.4233000000000002,-14.59,0.0,0.0,-7.41,0.0,0.0,-7.4,-14.6,0.0 (cmd 0.0),0.0 (cmd 0.0)
1.4238,-14.55,0.0,0.0,-7.4,0.0,0.0,-7.4,-14.6,0.0 (cmd 0.0),0.0 (cmd 0.0)
1.4243000000000001,-14.52,0.0,0.0,-7.38,0.0,0.0,-7.4,-14.5,0.0 (cmd 0.0),0.0 (cmd 0.0)
1.4247999999999998,-14.43,0.0,0.0,-7.32,0.0,0.0,-7.3,-14.4,0.0 (cmd 0.0),0.0 (cmd 0.0)
1.4253,-14.35,0.0,0.0,-7.29,0.0,0.0,-7.3,-14.3,0.0 (cmd 0.0),0.0 (cmd 0.0)
1.4258000000000002,-14.33,0.0,0.0,-7.27,0.0,0.0,-7.3,-14.3,0.0 (cmd 0.0),0.0 (cmd 0.0)
1.4263,-14.27,0.0,0.0,-7.26,0.0,0.0,-7.3,-14.3,0.0 (cmd 0.0),0.0 (cmd 0.0)
1.4268000000000003,-14.26,0.0,0.0,-7.22,0.0,0.0,-7.2,-14.3,0.0 (cmd 0.0),0.0 (cmd 0.0)
1.4273,-14.27,0.0,0.0,-7.2,0.0,0.0,-7.2,-14.3,0.0 (cmd 0.0),0.0 (cmd 0.0)
1.4278,-14.27,0.0,0.0,-7.2,0.0,0.0,-7.2,-14.3,0.0 (cmd 0.0),0.0 (cmd 0.0)
1.4283000000000001,-14.27,0.0,0.0,-7.19,0.0,0.0,-7.2,-14.3,0.0 (cmd 0.0),0.0 (cmd 0.0)
1.4287999999999998,-14.28,0.0,0.0,-7.2,0.0,0.0,-7.2,-14.3,0.0 (cmd 0.0),0.0 (cmd 0.0)
1.4293000000000002,-14.31,0.0,0.0,-7.2,0.0,0.0,-7.2,-14.3,0.0 (cmd 0.0),0.0 (cmd 0.0)
1.4298,-14.32,0.0,0.0,-7.21,0.0,0.0,-7.2,-14.3,0.0 (cmd 0.0),0.0 (cmd 0.0)
1.4303,-14.33,0.0,0.0,-7.21,0.0,0.0,-7.2,-14.3,0.0 (cmd 0.0),0.0 (cmd 0.0)
1.4308,-14.3,0.0,0.0,-7.2,0.0,0.0,-7.2,-14.3,0.0 (cmd 0.0),0.0 (cmd 0.0)
1.4313,-14.33,0.0,0.0,-7.2,0.0,0.0,-7.2,-14.3,0.0 (cmd 0.0),0.0 (cmd 0.0)
1.4318000000000002,-14.35,0.0,0.0,-7.22,0.0,0.0,-7.2,-14.3,0.0 (cmd 0.0),0.0 (cmd 0.0)
1.4323,-14.35,0.0,0.0,-7.23,0.0,0.0,-7.2,-14.3,0.0 (cmd 0.0),0.0 (cmd 0.0)
1.4327999999999999,-14.35,0.0,0.0,-7.24,0.0,0.0,-7.2,-14.3,0.0 (cmd 0.0),0.0 (cmd 0.0)
1.4333000000000002,-14.28,0.0,0.0,-7.23,0.0,0.0,-7.2,-14.3,0.0 (cmd 0.0),0.0 (cmd 0.0)
1.4338,-14.29,0.0,0.0,-7.22,0.0,0.0,-7.2,-14.3,0.0 (cmd 0.0),0.0 (cmd 0.0)
1.4343000000000001,-14.26,0.0,0.0,-7.24,0.0,0.0,-7.2,-14.3,0.0 (cmd 0.0),0.0 (cmd 0.0)
1.4347999999999999,-14.29,0.0,0.0,-7.27,0.0,0.0,-7.3,-14.3,0.0 (cmd 0.0),0.0 (cmd 0.0)
1.4353,-14.29,0.0,0.0,-7.3,0.0,0.0,-7.3,-14.3,0.0 (cmd 0.0),0.0 (cmd 0.0)
1.4358000000000002,-14.27,0.0,0.0,-7.29,0.0,0.0,-7.3,-14.3,0.0 (cmd 0.0),0.0 (cmd 0.0)
1.4363,-14.29,0.0,0.0,-7.27,0.0,0.0,-7.3,-14.3,0.0 (cmd 0.0),0.0 (cmd 0.0)
1.4368,-14.26,0.0,0.0,-7.29,0.0,0.0,-7.3,-14.3,0.0 (cmd 0.0),0.0 (cmd 0.0)
1.4373,-14.27,0.0,0.0,-7.3,0.0,0.0,-7.3,-14.3,0.0 (cmd 0.0),0.0 (cmd 0.0)
1.4378,-14.26,0.0,0.0,-7.3,0.0,0.0,-7.3,-14.3,0.0 (cmd 0.0),0.0 (cmd 0.0)
1.4383000000000001,-14.24,0.0,0.0,-7.29,0.0,0.0,-7.3,-14.2,0.0 (cmd 0.0),0.0 (cmd 0.0)
1.4387999999999999,-14.24,0.0,0.0,-7.3,0.0,0.0,-7.3,-14.2,0.0 (cmd 0.0),0.0 (cmd 0.0)
1.4393000000000002,-14.29,0.0,0.0,-7.31,0.0,0.0,-7.3,-14.3,0.0 (cmd 0.0),0.0 (cmd 0.0)
1.4398,-14.33,0.0,0.0,-7.32,0.0,0.0,-7.3,-14.3,0.0 (cmd 0.0),0.0 (cmd 0.0)
1.4403,-14.27,0.0,0.0,-7.32,0.0,0.0,-7.3,-14.3,0.0 (cmd 0.0),0.0 (cmd 0.0)
1.4408,-14.26,0.0,0.0,-7.3,0.0,0.0,-7.3,-14.3,0.0 (cmd 0.0),0.0 (cmd 0.0)
1.4413,-14.17,0.0,0.0,-7.3,0.0,0.0,-7.3,-14.2,0.0 (cmd 0.0),0.0 (cmd 0.0)
1.4418000000000002,-14.1,0.0,0.0,-7.32,0.0,0.0,-7.3,-14.1,0.0 (cmd 0.0),0.0 (cmd 0.0)
1.4423,-14.12,0.0,0.0,-7.32,0.0,0.0,-7.3,-14.1,0.0 (cmd 0.0),0.0 (cmd 0.0)
1.4427999999999999,-14.14,0.0,0.0,-7.31,0.0,0.0,-7.3,-14.1,0.0 (cmd 0.0),0.0 (cmd 0.0)
1.4433000000000002,-14.15,0.0,0.0,-7.3,0.0,0.0,-7.3,-14.2,0.0 (cmd 0.0),0.0 (cmd 0.0)
1.4438,-14.11,0.0,0.0,-7.3,0.0,0.0,-7.3,-14.1,0.0 (cmd 0.0),0.0 (cmd 0.0)
1.4443000000000001,-14.09,0.0,0.0,-7.29,0.0,0.0,-7.3,-14.1,0.0 (cmd 0.0),0.0 (cmd 0.0)
1.4447999999999999,-14.08,0.0,0.0,-7.29,0.0,0.0,-7.3,-14.1,0.0 (cmd 0.0),0.0 (cmd 0.0)
1.4453,-14.08,0.0,0.0,-7.29,0.0,0.0,-7.3,-14.1,0.0 (cmd 0.0),0.0 (cmd 0.0)
1.4458000000000002,-14.08,0.0,0.0,-7.29,0.0,0.0,-7.3,-14.1,0.0 (cmd 0.0),0.0 (cmd 0.0)
1.4463,-14.08,0.0,0.0,-7.3,0.0,0.0,-7.3,-14.1,0.0 (cmd 0.0),0.0 (cmd 0.0)
1.4468,-14.03,0.0,0.0,-7.28,0.0,0.0,-7.3,-14.0,0.0 (cmd 0.0),0.0 (cmd 0.0)
1.4473,-14.01,0.0,0.0,-7.27,0.0,0.0,-7.3,-14.0,0.0 (cmd 0.0),0.0 (cmd 0.0)
1.4478,-13.97,0.0,0.0,-7.27,0.0,0.0,-7.3,-14.0,0.0 (cmd 0.0),0.0 (cmd 0.0)
1.4483000000000001,-13.98,0.0,0.0,-7.27,0.0,0.0,-7.3,-14.0,0.0 (cmd 0.0),0.0 (cmd 0.0)
1.4487999999999999,-13.99,0.0,0.0,-7.29,0.0,0.0,-7.3,-14.0,0.0 (cmd 0.0),0.0 (cmd 0.0)
1.4493000000000003,-13.97,0.0,0.0,-7.28,0.0,0.0,-7.3,-14.0,0.0 (cmd 0.0),0.0 (cmd 0.0)
1.4498,-13.97,0.0,0.0,-7.27,0.0,0.0,-7.3,-14.0,0.0 (cmd 0.0),0.0 (cmd 0.0)
1.4503,-13.95,0.0,0.0,-7.28,0.0,0.0,-7.3,-13.9,0.0 (cmd 0.0),0.0 (cmd 0.0)
1.4508,-13.93,0.0,0.0,-7.3,0.0,0.0,-7.3,-13.9,0.0 (cmd 0.0),0.0 (cmd 0.0)
1.4513,-13.9,0.0,0.0,-7.34,0.0,0.0,-7.3,-13.9,0.0 (cmd 0.0),0.0 (cmd 0.0)
1.4518000000000002,-13.87,0.0,0.0,-7.35,0.0,0.0,-7.3,-13.9,0.0 (cmd 0.0),0.0 (cmd 0.0)
1.4523,-13.87,0.0,0.0,-7.33,0.0,0.0,-7.3,-13.9,0.0 (cmd 0.0),0.0 (cmd 0.0)
1.4527999999999999,-13.9,0.0,0.0,-7.4,0.0,0.0,-7.4,-13.9,0.0 (cmd 0.0),0.0 (cmd 0.0)
1.4533000000000003,-13.95,0.0,0.0,-7.44,0.0,0.0,-7.4,-13.9,0.0 (cmd 0.0),0.0 (cmd 0.0)
1.4538,-13.96,0.0,0.0,-7.45,0.0,0.0,-7.5,-14.0,0.0 (cmd 0.0),0.0 (cmd 0.0)
1.4543000000000001,-13.99,0.0,0.0,-7.46,0.0,0.0,-7.5,-14.0,0.0 (cmd 0.0),0.0 (cmd 0.0)
1.4547999999999999,-14.02,0.0,0.0,-7.5,0.0,0.0,-7.5,-14.0,0.0 (cmd 0.0),0.0 (cmd 0.0)
1.4553,-14.04,0.0,0.0,-7.52,0.0,0.0,-7.5,-14.0,0.0 (cmd 0.0),0.0 (cmd 0.0)
1.4558000000000002,-14.08,0.0,0.0,-7.54,0.0,0.0,-7.5,-14.1,0.0 (cmd 0.0),0.0 (cmd 0.0)
1.4563,-14.12,0.0,0.0,-7.58,0.0,0.0,-7.6,-14.1,0.0 (cmd 0.0),0.0 (cmd 0.0)
1.4568,-14.17,0.0,0.0,-7.6,0.0,0.0,-7.6,-14.2,0.0 (cmd 0.0),0.0 (cmd 0.0)
1.4573,-14.15,0.0,0.0,-7.6,0.0,0.0,-7.6,-14.2,0.0 (cmd 0.0),0.0 (cmd 0.0)
1.4578,-14.13,0.0,0.0,-7.6,0.0,0.0,-7.6,-14.1,0.0 (cmd 0.0),0.0 (cmd 0.0)
1.4583000000000002,-14.13,0.0,0.0,-7.59,0.0,0.0,-7.6,-14.1,0.0 (cmd 0.0),0.0 (cmd 0.0)
1.4587999999999999,-14.14,0.0,0.0,-7.59,0.0,0.0,-7.6,-14.1,0.0 (cmd 0.0),0.0 (cmd 0.0)
1.4593000000000003,-14.17,0.0,0.0,-7.6,0.0,0.0,-7.6,-14.2,0.0 (cmd 0.0),0.0 (cmd 0.0)
1.4598,-14.13,0.0,0.0,-7.59,0.0,0.0,-7.6,-14.1,0.0 (cmd 0.0),0.0 (cmd 0.0)
1.4603,-14.11,0.0,0.0,-7.58,0.0,0.0,-7.6,-14.1,0.0 (cmd 0.0),0.0 (cmd 0.0)
1.4608,-14.08,0.0,0.0,-7.56,0.0,0.0,-7.6,-14.1,0.0 (cmd 0.0),0.0 (cmd 0.0)
1.4613,-14.08,0.0,0.0,-7.54,0.0,0.0,-7.5,-14.1,0.0 (cmd 0.0),0.0 (cmd 0.0)
1.4618000000000002,-14.09,0.0,0.0,-7.55,0.0,0.0,-7.5,-14.1,0.0 (cmd 0.0),0.0 (cmd 0.0)
1.4623,-14.09,0.0,0.0,-7.55,0.0,0.0,-7.5,-14.1,0.0 (cmd 0.0),0.0 (cmd 0.0)
1.4627999999999999,-14.08,0.0,0.0,-7.55,0.0,0.0,-7.5,-14.1,0.0 (cmd 0.0),0.0 (cmd 0.0)
1.4633000000000003,-14.06,0.0,0.0,-7.54,0.0,0.0,-7.5,-14.1,0.0 (cmd 0.0),0.0 (cmd 0.0)
1.4638,-14.07,0.0,0.0,-7.52,0.0,0.0,-7.5,-14.1,0.0 (cmd 0.0),0.0 (cmd 0.0)
1.4643000000000002,-14.07,0.0,0.0,-7.53,0.0,0.0,-7.5,-14.1,0.0 (cmd 0.0),0.0 (cmd 0.0)
1.4647999999999999,-14.08,0.0,0.0,-7.53,0.0,0.0,-7.5,-14.1,0.0 (cmd 0.0),0.0 (cmd 0.0)
1.4653,-14.07,0.0,0.0,-7.53,0.0,0.0,-7.5,-14.1,0.0 (cmd 0.0),0.0 (cmd 0.0)
1.4658000000000002,-14.08,0.0,0.0,-7.53,0.0,0.0,-7.5,-14.1,0.0 (cmd 0.0),0.0 (cmd 0.0)
1.4663,-14.09,0.0,0.0,-7.52,0.0,0.0,-7.5,-14.1,0.0 (cmd 0.0),0.0 (cmd 0.0)
1.4668,-14.08,0.0,0.0,-7.52,0.0,0.0,-7.5,-14.1,0.0 (cmd 0.0),0.0 (cmd 0.0)
1.4673,-14.07,0.0,0.0,-7.53,0.0,0.0,-7.5,-14.1,0.0 (cmd 0.0),0.0 (cmd 0.0)
1.4678,-14.05,0.0,0.0,-7.52,0.0,0.0,-7.5,-14.1,0.0 (cmd 0.0),0.0 (cmd 0.0)
1.4683000000000002,-14.06,0.0,0.0,-7.52,0.0,0.0,-7.5,-14.1,0.0 (cmd 0.0),0.0 (cmd 0.0)
1.4687999999999999,-14.03,0.0,0.0,-7.51,0.0,0.0,-7.5,-14.0,0.0 (cmd 0.0),0.0 (cmd 0.0)
1.4693000000000003,-14.03,0.0,0.0,-7.5,0.0,0.0,-7.5,-14.0,0.0 (cmd 0.0),0.0 (cmd 0.0)
1.4698,-14.02,0.0,0.0,-7.49,0.0,0.0,-7.5,-14.0,0.0 (cmd 0.0),0.0 (cmd 0.0)
1.4703,-13.98,0.0,0.0,-7.48,0.0,0.0,-7.5,-14.0,0.0 (cmd 0.0),0.0 (cmd 0.0)
1.4708,-13.98,0.0,0.0,-7.48,0.0,0.0,-7.5,-14.0,0.0 (cmd 0.0),0.0 (cmd 0.0)
1.4713,-13.93,0.0,0.0,-7.46,0.0,0.0,-7.5,-13.9,0.0 (cmd 0.0),0.0 (cmd 0.0)
1.4718000000000002,-13.9,0.0,0.0,-7.43,0.0,0.0,-7.4,-13.9,0.0 (cmd 0.0),0.0 (cmd 0.0)
1.4723,-13.85,0.0,0.0,-7.41,0.0,0.0,-7.4,-13.8,0.0 (cmd 0.0),0.0 (cmd 0.0)
1.4727999999999999,-13.85,0.0,0.0,-7.39,0.0,0.0,-7.4,-13.8,0.0 (cmd 0.0),0.0 (cmd 0.0)
1.4733000000000003,-13.84,0.0,0.0,-7.37,0.0,0.0,-7.4,-13.8,0.0 (cmd 0.0),0.0 (cmd 0.0)
1.4738,-13.79,0.0,0.0,-7.35,0.0,0.0,-7.3,-13.8,0.0 (cmd 0.0),0.0 (cmd 0.0)
1.4743000000000002,-13.78,0.0,0.0,-7.32,0.0,0.0,-7.3,-13.8,0.0 (cmd 0.0),0.0 (cmd 0.0)
1.4747999999999999,-13.76,0.0,0.0,-7.32,0.0,0.0,-7.3,-13.8,0.0 (cmd 0.0),0.0 (cmd 0.0)
1.4753,-13.76,0.0,0.0,-7.32,0.0,0.0,-7.3,-13.8,0.0 (cmd 0.0),0.0 (cmd 0.0)
1.4758000000000002,-13.74,0.0,0.0,-7.3,0.0,0.0,-7.3,-13.7,0.0 (cmd 0.0),0.0 (cmd 0.0)
1.4763,-13.77,0.0,0.0,-7.31,0.0,0.0,-7.3,-13.8,0.0 (cmd 0.0),0.0 (cmd 0.0)
1.4768000000000001,-13.76,0.0,0.0,-7.33,0.0,0.0,-7.3,-13.8,0.0 (cmd 0.0),0.0 (cmd 0.0)
1.4773,-13.79,0.0,0.0,-7.33,0.0,0.0,-7.3,-13.8,0.0 (cmd 0.0),0.0 (cmd 0.0)
1.4778,-13.78,0.0,0.0,-7.35,0.0,0.0,-7.3,-13.8,0.0 (cmd 0.0),0.0 (cmd 0.0)
1.4783000000000002,-13.78,0.0,0.0,-7.35,0.0,0.0,-7.3,-13.8,0.0 (cmd 0.0),0.0 (cmd 0.0)
1.4788,-13.8,0.0,0.0,-7.35,0.0,0.0,-7.3,-13.8,0.0 (cmd 0.0),0.0 (cmd 0.0)
1.4793000000000003,-13.78,0.0,0.0,-7.35,0.0,0.0,-7.3,-13.8,0.0 (cmd 0.0),0.0 (cmd 0.0)
1.4798,-13.8,0.0,0.0,-7.35,0.0,0.0,-7.3,-13.8,0.0 (cmd 0.0),0.0 (cmd 0.0)
1.4803,-13.79,0.0,0.0,-7.36,0.0,0.0,-7.4,-13.8,0.0 (cmd 0.0),0.0 (cmd 0.0)
1.4808000000000001,-13.78,0.0,0.0,-7.32,0.0,0.0,-7.3,-13.8,0.0 (cmd 0.0),0.0 (cmd 0.0)
1.4813,-13.78,0.0,0.0,-7.33,0.0,0.0,-7.3,-13.8,0.0 (cmd 0.0),0.0 (cmd 0.0)
1.4818000000000002,-13.76,0.0,0.0,-7.32,0.0,0.0,-7.3,-13.8,0.0 (cmd 0.0),0.0 (cmd 0.0)
1.4823,-13.76,0.0,0.0,-7.3,0.0,0.0,-7.3,-13.8,0.0 (cmd 0.0),0.0 (cmd 0.0)
1.4828,-13.75,0.0,0.0,-7.3,0.0,0.0,-7.3,-13.8,0.0 (cmd 0.0),0.0 (cmd 0.0)
1.4833000000000003,-13.75,0.0,0.0,-7.31,0.0,0.0,-7.3,-13.8,0.0 (cmd 0.0),0.0 (cmd 0.0)
1.4838,-13.75,0.0,0.0,-7.34,0.0,0.0,-7.3,-13.8,0.0 (cmd 0.0),0.0 (cmd 0.0)
1.4843000000000002,-13.75,0.0,0.0,-7.36,0.0,0.0,-7.4,-13.8,0.0 (cmd 0.0),0.0 (cmd 0.0)
1.4848,-13.75,0.0,0.0,-7.36,0.0,0.0,-7.4,-13.8,0.0 (cmd 0.0),0.0 (cmd 0.0)
1.4853,-13.8,0.0,0.0,-7.38,0.0,0.0,-7.4,-13.8,0.0 (cmd 0.0),0.0 (cmd 0.0)
1.4858000000000002,-13.84,0.0,0.0,-7.51,0.0,0.0,-7.5,-13.8,0.0 (cmd 0.0),0.0 (cmd 0.0)
1.4863,-13.9,0.0,0.0,-7.7,0.0,0.0,-7.7,-13.9,0.0 (cmd 0.0),0.0 (cmd 0.0)
1.4868000000000001,-13.9,0.0,0.0,-7.97,0.0,0.0,-8.0,-13.9,0.0 (cmd 0.0),0.0 (cmd 0.0)
1.4872999999999998,-13.75,0.0,0.0,-8.65,0.0,0.0,-8.7,-13.8,0.0 (cmd 0.0),0.0 (cmd 0.0)
1.4878,-13.35,0.0,0.0,-9.75,0.0,0.0,-9.8,-13.3,0.0 (cmd 0.0),0.0 (cmd 0.0)
1.4883000000000002,-12.82,0.0,0.0,-10.46,0.0,0.0,-10.5,-12.8,0.0 (cmd 0.0),0.0 (cmd 0.0)
1.4888,-12.42,0.0,0.0,-10.71,0.0,0.0,-10.7,-12.4,0.0 (cmd 0.0),0.0 (cmd 0.0)
1.4893000000000003,-11.15,0.0,0.0,-10.7,0.0,0.0,-10.7,-11.2,0.0 (cmd 0.0),0.0 (cmd 0.0)
1.4898,-9.97,0.0,0.0,-10.66,0.0,0.0,-10.7,-10.0,0.0 (cmd 0.0),0.0 (cmd 0.0)
1.4903,-8.83,0.0,0.0,-10.78,0.0,0.0,-10.8,-8.8,0.0 (cmd 0.0),0.0 (cmd 0.0)
1.4908000000000001,-7.67,0.0,0.0,-11.05,0.0,0.0,-11.1,-7.7,0.0 (cmd 0.0),0.0 (cmd 0.0)
1.4912999999999998,-6.67,0.0,0.0,-11.41,0.0,0.0,-11.4,-6.7,0.0 (cmd 0.0),0.0 (cmd 0.0)
1.4918000000000002,-5.97,0.0,0.0,-11.76,0.0,0.0,-11.8,-6.0,0.0 (cmd 0.0),0.0 (cmd 0.0)
1.4923,-5.66,0.0,0.0,-11.91,0.0,0.0,-11.9,-5.7,0.0 (cmd 0.0),0.0 (cmd 0.0)
1.4928,-5.73,0.0,0.0,-12.2,0.0,0.0,-12.2,-5.7,0.0 (cmd 0.0),0.0 (cmd 0.0)
1.4933,-5.83,0.0,0.0,-12.3,0.0,0.0,-12.3,-5.8,0.0 (cmd 0.0),0.0 (cmd 0.0)
1.4938,-5.82,0.0,0.0,-12.35,0.0,0.0,-12.3,-5.8,0.0 (cmd 0.0),0.0 (cmd 0.0)
1.4943000000000002,-5.8,0.0,0.0,-12.45,0.0,0.0,-12.4,-5.8,0.0 (cmd 0.0),0.0 (cmd 0.0)
1.4948,-5.84,0.0,0.0,-12.66,0.0,0.0,-12.7,-5.8,0.0 (cmd 0.0),0.0 (cmd 0.0)
1.4952999999999999,-5.97,0.0,0.0,-12.84,0.0,0.0,-12.8,-6.0,0.0 (cmd 0.0),0.0 (cmd 0.0)
1.4958000000000002,-6.13,0.0,0.0,-12.94,0.0,0.0,-12.9,-6.1,0.0 (cmd 0.0),0.0 (cmd 0.0)
1.4963,-6.3,0.0,0.0,-12.99,0.0,0.0,-13.0,-6.3,0.0 (cmd 0.0),0.0 (cmd 0.0)
1.4968000000000001,-6.4,0.0,0.0,-13.05,0.0,0.0,-13.1,-6.4,0.0 (cmd 0.0),0.0 (cmd 0.0)
1.4972999999999999,-6.44,0.0,0.0,-13.1,0.0,0.0,-13.1,-6.4,0.0 (cmd 0.0),0.0 (cmd 0.0)
1.4978,-6.49,0.0,0.0,-13.22,0.0,0.0,-13.2,-6.5,0.0 (cmd 0.0),0.0 (cmd 0.0)
1.4983000000000002,-6.53,0.0,0.0,-13.34,0.0,0.0,-13.3,-6.5,0.0 (cmd 0.0),0.0 (cmd 0.0)
1.4988,-6.57,0.0,0.0,-13.49,0.0,0.0,-13.5,-6.6,0.0 (cmd 0.0),0.0 (cmd 0.0)
1.4993,-6.62,0.0,0.0,-13.54,0.0,0.0,-13.5,-6.6,0.0 (cmd 0.0),0.0 (cmd 0.0)
1.4998,-6.62,0.0,0.0,-13.55,0.0,0.0,-13.6,-6.6,0.0 (cmd 0.0),0.0 (cmd 0.0)
1.5003,-6.65,0.0,0.0,-13.5,0.0,0.0,-13.5,-6.7,0.0 (cmd 0.0),0.0 (cmd 0.0)
1.5008000000000001,-6.64,0.0,0.0,-13.42,0.0,0.0,-13.4,-6.6,0.0 (cmd 0.0),0.0 (cmd 0.0)
1.5012999999999999,-6.65,0.0,0.0,-13.36,0.0,0.0,-13.4,-6.7,0.0 (cmd 0.0),0.0 (cmd 0.0)
1.5018000000000002,-6.63,0.0,0.0,-13.34,0.0,0.0,-13.3,-6.6,0.0 (cmd 0.0),0.0 (cmd 0.0)
1.5023,-6.63,0.0,0.0,-13.34,0.0,0.0,-13.3,-6.6,0.0 (cmd 0.0),0.0 (cmd 0.0)
1.5028,-6.62,0.0,0.0,-13.33,0.0,0.0,-13.3,-6.6,0.0 (cmd 0.0),0.0 (cmd 0.0)
1.5033,-6.59,0.0,0.0,-13.28,0.0,0.0,-13.3,-6.6,0.0 (cmd 0.0),0.0 (cmd 0.0)
1.5038,-6.58,0.0,0.0,-13.23,0.0,0.0,-13.2,-6.6,0.0 (cmd 0.0),0.0 (cmd 0.0)
1.5043000000000002,-6.59,0.0,0.0,-13.2,0.0,0.0,-13.2,-6.6,0.0 (cmd 0.0),0.0 (cmd 0.0)
1.5048,-6.57,0.0,0.0,-13.17,0.0,0.0,-13.2,-6.6,0.0 (cmd 0.0),0.0 (cmd 0.0)
1.5052999999999999,-6.56,0.0,0.0,-13.17,0.0,0.0,-13.2,-6.6,0.0 (cmd 0.0),0.0 (cmd 0.0)
1.5058000000000002,-6.56,0.0,0.0,-13.17,0.0,0.0,-13.2,-6.6,0.0 (cmd 0.0),0.0 (cmd 0.0)
1.5063,-6.54,0.0,0.0,-13.16,0.0,0.0,-13.2,-6.5,0.0 (cmd 0.0),0.0 (cmd 0.0)
1.5068000000000001,-6.55,0.0,0.0,-13.16,0.0,0.0,-13.2,-6.5,0.0 (cmd 0.0),0.0 (cmd 0.0)
1.5072999999999999,-6.55,0.0,0.0,-13.15,0.0,0.0,-13.2,-6.5,0.0 (cmd 0.0),0.0 (cmd 0.0)
1.5078,-6.57,0.0,0.0,-13.15,0.0,0.0,-13.2,-6.6,0.0 (cmd 0.0),0.0 (cmd 0.0)
1.5083000000000002,-6.57,0.0,0.0,-13.16,0.0,0.0,-13.2,-6.6,0.0 (cmd 0.0),0.0 (cmd 0.0)
1.5088,-6.57,0.0,0.0,-13.17,0.0,0.0,-13.2,-6.6,0.0 (cmd 0.0),0.0 (cmd 0.0)
1.5093,-6.6,0.0,0.0,-13.17,0.0,0.0,-13.2,-6.6,0.0 (cmd 0.0),0.0 (cmd 0.0)
1.5098,-6.62,0.0,0.0,-13.19,0.0,0.0,-13.2,-6.6,0.0 (cmd 0.0),0.0 (cmd 0.0)
1.5103,-6.64,0.0,0.0,-13.22,0.0,0.0,-13.2,-6.6,0.0 (cmd 0.0),0.0 (cmd 0.0)
1.5108000000000001,-6.67,0.0,0.0,-13.23,0.0,0.0,-13.2,-6.7,0.0 (cmd 0.0),0.0 (cmd 0.0)
1.5112999999999999,-6.67,0.0,0.0,-13.24,0.0,0.0,-13.2,-6.7,0.0 (cmd 0.0),0.0 (cmd 0.0)
1.5118000000000003,-6.67,0.0,0.0,-13.25,0.0,0.0,-13.2,-6.7,0.0 (cmd 0.0),0.0 (cmd 0.0)
1.5123,-6.72,0.0,0.0,-13.31,0.0,0.0,-13.3,-6.7,0.0 (cmd 0.0),0.0 (cmd 0.0)
1.5128,-6.75,0.0,0.0,-13.4,0.0,0.0,-13.4,-6.8,0.0 (cmd 0.0),0.0 (cmd 0.0)
1.5133,-6.77,0.0,0.0,-13.5,0.0,0.0,-13.5,-6.8,0.0 (cmd 0.0),0.0 (cmd 0.0)
1.5138,-6.72,0.0,0.0,-13.52,0.0,0.0,-13.5,-6.7,0.0 (cmd 0.0),0.0 (cmd 0.0)
1.5143000000000002,-6.64,0.0,0.0,-13.53,0.0,0.0,-13.5,-6.6,0.0 (cmd 0.0),0.0 (cmd 0.0)
1.5148,-6.54,0.0,0.0,-13.55,0.0,0.0,-13.6,-6.5,0.0 (cmd 0.0),0.0 (cmd 0.0)
1.5152999999999999,-6.47,0.0,0.0,-13.59,0.0,0.0,-13.6,-6.5,0.0 (cmd 0.0),0.0 (cmd 0.0)
1.5158000000000003,-6.5,0.0,0.0,-13.61,0.0,0.0,-13.6,-6.5,0.0 (cmd 0.0),0.0 (cmd 0.0)
1.5163,-6.56,0.0,0.0,-13.62,0.0,0.0,-13.6,-6.6,0.0 (cmd 0.0),0.0 (cmd 0.0)
1.5168000000000001,-6.55,0.0,0.0,-13.63,0.0,0.0,-13.6,-6.5,0.0 (cmd 0.0),0.0 (cmd 0.0)
1.5172999999999999,-6.54,0.0,0.0,-13.62,0.0,0.0,-13.6,-6.5,0.0 (cmd 0.0),0.0 (cmd 0.0)
1.5178,-6.55,0.0,0.0,-13.66,0.0,0.0,-13.7,-6.5,0.0 (cmd 0.0),0.0 (cmd 0.0)
1.5183000000000002,-6.54,0.0,0.0,-13.72,0.0,0.0,-13.7,-6.5,0.0 (cmd 0.0),0.0 (cmd 0.0)
1.5188,-6.5,0.0,0.0,-13.77,0.0,0.0,-13.8,-6.5,0.0 (cmd 0.0),0.0 (cmd 0.0)
1.5193,-6.51,0.0,0.0,-13.79,0.0,0.0,-13.8,-6.5,0.0 (cmd 0.0),0.0 (cmd 0.0)
1.5198,-6.54,0.0,0.0,-13.75,0.0,0.0,-13.8,-6.5,0.0 (cmd 0.0),0.0 (cmd 0.0)
1.5203,-6.53,0.0,0.0,-13.71,0.0,0.0,-13.7,-6.5,0.0 (cmd 0.0),0.0 (cmd 0.0)
1.5208000000000002,-6.55,0.0,0.0,-13.72,0.0,0.0,-13.7,-6.5,0.0 (cmd 0.0),0.0 (cmd 0.0)
1.5212999999999999,-6.52,0.0,0.0,-13.68,0.0,0.0,-13.7,-6.5,0.0 (cmd 0.0),0.0 (cmd 0.0)
1.5218000000000003,-6.55,0.0,0.0,-13.64,0.0,0.0,-13.6,-6.5,0.0 (cmd 0.0),0.0 (cmd 0.0)
1.5223,-6.62,0.0,0.0,-13.6,0.0,0.0,-13.6,-6.6,0.0 (cmd 0.0),0.0 (cmd 0.0)
1.5228,-6.72,0.0,0.0,-13.6,0.0,0.0,-13.6,-6.7,0.0 (cmd 0.0),0.0 (cmd 0.0)
1.5233,-6.83,0.0,0.0,-13.64,0.0,0.0,-13.6,-6.8,0.0 (cmd 0.0),0.0 (cmd 0.0)
1.5238,-6.91,0.0,0.0,-13.69,0.0,0.0,-13.7,-6.9,0.0 (cmd 0.0),0.0 (cmd 0.0)
1.5243000000000002,-6.92,0.0,0.0,-13.8,0.0,0.0,-13.8,-6.9,0.0 (cmd 0.0),0.0 (cmd 0.0)
1.5248,-7.01,0.0,0.0,-13.85,0.0,0.0,-13.8,-7.0,0.0 (cmd 0.0),0.0 (cmd 0.0)
1.5252999999999999,-7.19,0.0,0.0,-13.87,0.0,0.0,-13.9,-7.2,0.0 (cmd 0.0),0.0 (cmd 0.0)
1.5258000000000003,-7.35,0.0,0.0,-13.94,0.0,0.0,-13.9,-7.3,0.0 (cmd 0.0),0.0 (cmd 0.0)
1.5263,-7.46,0.0,0.0,-14.09,0.0,0.0,-14.1,-7.5,0.0 (cmd 0.0),0.0 (cmd 0.0)
1.5268000000000002,-7.92,0.0,0.0,-14.37,0.0,0.0,-14.4,-7.9,0.0 (cmd 0.0),0.0 (cmd 0.0)
1.5272999999999999,-8.4,0.0,0.0,-14.6,0.0,0.0,-14.6,-8.4,0.0 (cmd 0.0),0.0 (cmd 0.0)
1.5278,-9.18,0.0,0.0,-14.93,0.0,0.0,-14.9,-9.2,0.0 (cmd 0.0),0.0 (cmd 0.0)
1.5283000000000002,-11.61,0.0,0.0,-15.53,0.0,0.0,-15.5,-11.6,0.0 (cmd 0.0),0.0 (cmd 0.0)
1.5288,-16.98,0.0,0.0,-16.04,0.0,0.0,-16.0,-17.0,0.0 (cmd 0.0),0.0 (cmd 0.0)
1.5293,-19.04,0.0,0.0,-17.54,0.0,0.0,-17.5,-19.0,0.0 (cmd 0.0),0.0 (cmd 0.0)
1.5298,-20.63,0.0,0.0,-18.65,0.0,0.0,-18.6,-20.6,0.0 (cmd 0.0),0.0 (cmd 0.0)
1.5303,-20.55,0.0,0.0,-19.31,0.0,0.0,-19.3,-20.6,0.0 (cmd 0.0),0.0 (cmd 0.0)
1.5308000000000002,-19.5,0.0,0.0,-19.52,0.0,0.0,-19.5,-19.5,0.0 (cmd 0.0),0.0 (cmd 0.0)
1.5312999999999999,-18.79,0.0,0.0,-19.88,0.0,0.0,-19.9,-18.8,0.0 (cmd 0.0),0.0 (cmd 0.0)
1.5318000000000003,-19.1,0.0,0.0,-19.66,0.0,0.0,-19.7,-19.1,0.0 (cmd 0.0),0.0 (cmd 0.0)
1.5323,-19.47,0.0,0.0,-17.94,0.0,0.0,-17.9,-19.5,0.0 (cmd 0.0),0.0 (cmd 0.0)
1.5328,-19.35,0.0,0.0,-16.67,0.0,0.0,-16.7,-19.4,0.0 (cmd 0.0),0.0 (cmd 0.0)
1.5333,-19.3,0.0,0.0,-16.18,0.0,0.0,-16.2,-19.3,0.0 (cmd 0.0),0.0 (cmd 0.0)
1.5338,-19.17,0.0,0.0,-17.43,0.0,0.0,-17.4,-19.2,0.0 (cmd 0.0),0.0 (cmd 0.0)
1.5343000000000002,-18.74,0.0,0.0,-18.93,0.0,0.0,-18.9,-18.7,0.0 (cmd 0.0),0.0 (cmd 0.0)
1.5348,-18.26,0.0,0.0,-21.33,0.0,0.0,-21.3,-18.3,0.0 (cmd 0.0),0.0 (cmd 0.0)
1.5352999999999999,-17.69,0.0,0.0,-21.91,0.0,0.0,-21.9,-17.7,0.0 (cmd 0.0),0.0 (cmd 0.0)
1.5358000000000003,-16.71,0.0,0.0,-20.92,0.0,0.0,-20.9,-16.7,0.0 (cmd 0.0),0.0 (cmd 0.0)
1.5363,-15.76,0.0,0.0,-19.13,0.0,0.0,-19.1,-15.8,0.0 (cmd 0.0),0.0 (cmd 0.0)
1.5368000000000002,-14.79,0.0,0.0,-15.65,0.0,0.0,-15.7,-14.8,0.0 (cmd 0.0),0.0 (cmd 0.0)
1.5372999999999999,-14.2,0.0,0.0,-14.61,0.0,0.0,-14.6,-14.2,0.0 (cmd 0.0),0.0 (cmd 0.0)
1.5378,-13.46,0.0,0.0,-15.24,0.0,0.0,-15.2,-13.5,0.0 (cmd 0.0),0.0 (cmd 0.0)
1.5383000000000002,-13.28,0.0,0.0,-14.09,0.0,0.0,-14.1,-13.3,0.0 (cmd 0.0),0.0 (cmd 0.0)
1.5388,-13.18,0.0,0.0,-13.47,0.0,0.0,-13.5,-13.2,0.0 (cmd 0.0),0.0 (cmd 0.0)
1.5393000000000001,-13.31,0.0,0.0,-12.81,0.0,0.0,-12.8,-13.3,0.0 (cmd 0.0),0.0 (cmd 0.0)
1.5398,-13.68,0.0,0.0,-12.29,0.0,0.0,-12.3,-13.7,0.0 (cmd 0.0),0.0 (cmd 0.0)
1.5403,-13.87,0.0,0.0,-11.62,0.0,0.0,-11.6,-13.9,0.0 (cmd 0.0),0.0 (cmd 0.0)
1.5408000000000002,-13.1,0.0,0.0,-11.35,0.0,0.0,-11.3,-13.1,0.0 (cmd 0.0),0.0 (cmd 0.0)
1.5413,-11.73,0.0,0.0,-11.38,0.0,0.0,-11.4,-11.7,0.0 (cmd 0.0),0.0 (cmd 0.0)
1.5418000000000003,-10.25,0.0,0.0,-12.09,0.0,0.0,-12.1,-10.2,0.0 (cmd 0.0),0.0 (cmd 0.0)
1.5423,-8.62,0.0,0.0,-12.8,0.0,0.0,-12.8,-8.6,0.0 (cmd 0.0),0.0 (cmd 0.0)
1.5428,-6.84,0.0,0.0,-13.67,0.0,0.0,-13.7,-6.8,0.0 (cmd 0.0),0.0 (cmd 0.0)
1.5433000000000001,-5.99,0.0,0.0,-13.67,0.0,0.0,-13.7,-6.0,0.0 (cmd 0.0),0.0 (cmd 0.0)
1.5438,-5.6,0.0,0.0,-13.47,0.0,0.0,-13.5,-5.6,0.0 (cmd 0.0),0.0 (cmd 0.0)
1.5444,-5.13,0.0,0.0,-13.43,0.0,0.0,-13.4,-5.1,0.0 (cmd 0.0),0.0 (cmd 0.0)
1.5449000000000002,-5.02,0.0,0.0,-13.21,0.0,0.0,-13.2,-5.0,0.0 (cmd 0.0),0.0 (cmd 0.0)
1.5453999999999999,-4.93,0.0,0.0,-12.98,0.0,0.0,-13.0,-4.9,0.0 (cmd 0.0),0.0 (cmd 0.0)
1.5459,-4.95,0.0,0.0,-12.82,0.0,0.0,-12.8,-5.0,0.0 (cmd 0.0),0.0 (cmd 0.0)
1.5463999999999998,-4.95,0.0,0.0,-12.8,0.0,0.0,-12.8,-5.0,0.0 (cmd 0.0),0.0 (cmd 0.0)
1.5469000000000002,-4.91,0.0,0.0,-12.79,0.0,0.0,-12.8,-4.9,0.0 (cmd 0.0),0.0 (cmd 0.0)
1.5474,-4.87,0.0,0.0,-12.69,0.0,0.0,-12.7,-4.9,0.0 (cmd 0.0),0.0 (cmd 0.0)
1.5478999999999998,-4.77,0.0,0.0,-12.51,0.0,0.0,-12.5,-4.8,0.0 (cmd 0.0),0.0 (cmd 0.0)
1.5484,-4.55,0.0,0.0,-12.43,0.0,0.0,-12.4,-4.5,0.0 (cmd 0.0),0.0 (cmd 0.0)
1.5489,-4.39,0.0,0.0,-12.33,0.0,0.0,-12.3,-4.4,0.0 (cmd 0.0),0.0 (cmd 0.0)
1.5494,-4.26,0.0,0.0,-12.28,0.0,0.0,-12.3,-4.3,0.0 (cmd 0.0),0.0 (cmd 0.0)
1.5499,-4.18,0.0,0.0,-12.24,0.0,0.0,-12.2,-4.2,0.0 (cmd 0.0),0.0 (cmd 0.0)
1.5503999999999998,-4.12,0.0,0.0,-12.23,0.0,0.0,-12.2,-4.1,0.0 (cmd 0.0),0.0 (cmd 0.0)
1.5509000000000002,-3.98,0.0,0.0,-12.33,0.0,0.0,-12.3,-4.0,0.0 (cmd 0.0),0.0 (cmd 0.0)
1.5514,-3.85,0.0,0.0,-12.44,0.0,0.0,-12.4,-3.9,0.0 (cmd 0.0),0.0 (cmd 0.0)
1.5519,-3.76,0.0,0.0,-12.49,0.0,0.0,-12.5,-3.8,0.0 (cmd 0.0),0.0 (cmd 0.0)
1.5524,-3.76,0.0,0.0,-12.51,0.0,0.0,-12.5,-3.8,0.0 (cmd 0.0),0.0 (cmd 0.0)
1.5529,-3.78,0.0,0.0,-12.51,0.0,0.0,-12.5,-3.8,0.0 (cmd 0.0),0.0 (cmd 0.0)
1.5534000000000001,-3.82,0.0,0.0,-12.44,0.0,0.0,-12.4,-3.8,0.0 (cmd 0.0),0.0 (cmd 0.0)
1.5538999999999998,-3.76,0.0,0.0,-12.37,0.0,0.0,-12.4,-3.8,0.0 (cmd 0.0),0.0 (cmd 0.0)
1.5544,-3.64,0.0,0.0,-12.31,0.0,0.0,-12.3,-3.6,0.0 (cmd 0.0),0.0 (cmd 0.0)
1.5549000000000002,-3.63,0.0,0.0,-12.36,0.0,0.0,-12.4,-3.6,0.0 (cmd 0.0),0.0 (cmd 0.0)
1.5554,-3.68,0.0,0.0,-12.38,0.0,0.0,-12.4,-3.7,0.0 (cmd 0.0),0.0 (cmd 0.0)
1.5559,-3.67,0.0,0.0,-12.44,0.0,0.0,-12.4,-3.7,0.0 (cmd 0.0),0.0 (cmd 0.0)
1.5563999999999998,-3.63,0.0,0.0,-12.41,0.0,0.0,-12.4,-3.6,0.0 (cmd 0.0),0.0 (cmd 0.0)
1.5569000000000002,-3.55,0.0,0.0,-12.44,0.0,0.0,-12.4,-3.5,0.0 (cmd 0.0),0.0 (cmd 0.0)
1.5574000000000001,-3.5,0.0,0.0,-12.51,0.0,0.0,-12.5,-3.5,0.0 (cmd 0.0),0.0 (cmd 0.0)
1.5578999999999998,-3.46,0.0,0.0,-12.53,0.0,0.0,-12.5,-3.5,0.0 (cmd 0.0),0.0 (cmd 0.0)
1.5584,-3.52,0.0,0.0,-12.49,0.0,0.0,-12.5,-3.5,0.0 (cmd 0.0),0.0 (cmd 0.0)
1.5589,-3.56,0.0,0.0,-12.49,0.0,0.0,-12.5,-3.6,0.0 (cmd 0.0),0.0 (cmd 0.0)
1.5594000000000001,-3.63,0.0,0.0,-12.47,0.0,0.0,-12.5,-3.6,0.0 (cmd 0.0),0.0 (cmd 0.0)
1.5599,-3.67,0.0,0.0,-12.44,0.0,0.0,-12.4,-3.7,0.0 (cmd 0.0),0.0 (cmd 0.0)
1.5603999999999998,-3.72,0.0,0.0,-12.47,0.0,0.0,-12.5,-3.7,0.0 (cmd 0.0),0.0 (cmd 0.0)
1.5609000000000002,-3.77,0.0,0.0,-12.48,0.0,0.0,-12.5,-3.8,0.0 (cmd 0.0),0.0 (cmd 0.0)
1.5614,-3.82,0.0,0.0,-12.58,0.0,0.0,-12.6,-3.8,0.0 (cmd 0.0),0.0 (cmd 0.0)
1.5619,-3.82,0.0,0.0,-12.59,0.0,0.0,-12.6,-3.8,0.0 (cmd 0.0),0.0 (cmd 0.0)
1.5624,-3.77,0.0,0.0,-12.56,0.0,0.0,-12.6,-3.8,0.0 (cmd 0.0),0.0 (cmd 0.0)
1.5629,-3.82,0.0,0.0,-12.53,0.0,0.0,-12.5,-3.8,0.0 (cmd 0.0),0.0 (cmd 0.0)
1.5634000000000001,-3.93,0.0,0.0,-12.5,0.0,0.0,-12.5,-3.9,0.0 (cmd 0.0),0.0 (cmd 0.0)
1.5638999999999998,-3.97,0.0,0.0,-12.54,0.0,0.0,-12.5,-4.0,0.0 (cmd 0.0),0.0 (cmd 0.0)
1.5644,-4.07,0.0,0.0,-12.5,0.0,0.0,-12.5,-4.1,0.0 (cmd 0.0),0.0 (cmd 0.0)
1.5649000000000002,-4.22,0.0,0.0,-12.39,0.0,0.0,-12.4,-4.2,0.0 (cmd 0.0),0.0 (cmd 0.0)
1.5654,-4.29,0.0,0.0,-12.34,0.0,0.0,-12.3,-4.3,0.0 (cmd 0.0),0.0 (cmd 0.0)
1.5659,-4.35,0.0,0.0,-12.3,0.0,0.0,-12.3,-4.3,0.0 (cmd 0.0),0.0 (cmd 0.0)
1.5663999999999998,-4.36,0.0,0.0,-12.28,0.0,0.0,-12.3,-4.4,0.0 (cmd 0.0),0.0 (cmd 0.0)
1.5669000000000002,-4.33,0.0,0.0,-12.28,0.0,0.0,-12.3,-4.3,0.0 (cmd 0.0),0.0 (cmd 0.0)
1.5674000000000001,-4.3,0.0,0.0,-12.29,0.0,0.0,-12.3,-4.3,0.0 (cmd 0.0),0.0 (cmd 0.0)
1.5678999999999998,-4.28,0.0,0.0,-12.27,0.0,0.0,-12.3,-4.3,0.0 (cmd 0.0),0.0 (cmd 0.0)
1.5684,-4.29,0.0,0.0,-12.2,0.0,0.0,-12.2,-4.3,0.0 (cmd 0.0),0.0 (cmd 0.0)
1.5689,-4.34,0.0,0.0,-12.13,0.0,0.0,-12.1,-4.3,0.0 (cmd 0.0),0.0 (cmd 0.0)
1.5694000000000001,-4.32,0.0,0.0,-12.1,0.0,0.0,-12.1,-4.3,0.0 (cmd 0.0),0.0 (cmd 0.0)
1.5699,-4.24,0.0,0.0,-12.08,0.0,0.0,-12.1,-4.2,0.0 (cmd 0.0),0.0 (cmd 0.0)
1.5703999999999998,-4.2,0.0,0.0,-12.02,0.0,0.0,-12.0,-4.2,0.0 (cmd 0.0),0.0 (cmd 0.0)
1.5709000000000002,-4.13,0.0,0.0,-11.97,0.0,0.0,-12.0,-4.1,0.0 (cmd 0.0),0.0 (cmd 0.0)
1.5714,-4.11,0.0,0.0,-11.92,0.0,0.0,-11.9,-4.1,0.0 (cmd 0.0),0.0 (cmd 0.0)
1.5719,-4.1,1.37,0.0,-11.89,0.52,0.0,-11.9,-4.1,0.0 (cmd 1.4),0.0 (cmd 0.5)
1.5724,-4.09,1.37,0.0,-11.88,0.52,0.0,-11.9,-4.1,0.0 (cmd 1.4),0.0 (cmd 0.5)
1.5729,-4.05,1.37,0.0,-11.86,0.51,0.0,-11.9,-4.0,0.0 (cmd 1.4),0.0 (cmd 0.5)
1.5734000000000001,-4.01,1.38,0.0,-11.81,0.51,0.0,-11.8,-4.0,0.0 (cmd 1.4),0.0 (cmd 0.5)
1.5738999999999999,-3.98,1.38,0.0,-11.75,0.51,0.0,-11.8,-4.0,0.0 (cmd 1.4),0.0 (cmd 0.5)
1.5744,-3.95,1.38,0.0,-11.71,0.51,0.0,-11.7,-4.0,0.0 (cmd 1.4),0.0 (cmd 0.5)
1.5749000000000002,-3.96,1.37,0.0,-11.73,0.51,0.0,-11.7,-4.0,0.0 (cmd 1.4),0.0 (cmd 0.5)
1.5754,-3.99,1.36,0.0,-11.73,0.51,0.0,-11.7,-4.0,0.0 (cmd 1.4),0.0 (cmd 0.5)
1.5759,-4.04,1.35,0.0,-11.71,0.51,0.0,-11.7,-4.0,0.0 (cmd 1.4),0.0 (cmd 0.5)
1.5763999999999998,-4.03,1.34,0.0,-11.7,0.51,0.0,-11.7,-4.0,0.0 (cmd 1.3),0.0 (cmd 0.5)
1.5769000000000002,-4.07,1.34,0.0,-11.73,0.51,0.0,-11.7,-4.1,0.0 (cmd 1.3),0.0 (cmd 0.5)
1.5774000000000001,-4.17,1.33,0.0,-11.75,0.51,0.0,-11.8,-4.2,0.0 (cmd 1.3),0.0 (cmd 0.5)
1.5778999999999999,-4.23,1.31,0.0,-11.77,0.51,0.0,-11.8,-4.2,0.0 (cmd 1.3),0.0 (cmd 0.5)
1.5784,-4.26,1.31,0.0,-11.79,0.51,0.0,-11.8,-4.3,0.0 (cmd 1.3),0.0 (cmd 0.5)
1.5789,-4.32,1.31,0.0,-11.86,0.51,0.0,-11.9,-4.3,0.0 (cmd 1.3),0.0 (cmd 0.5)
1.5794000000000001,-4.39,1.31,0.0,-11.92,0.51,0.0,-11.9,-4.4,0.0 (cmd 1.3),0.0 (cmd 0.5)
1.5799,-4.48,1.3,0.0,-12.0,0.51,0.0,-12.0,-4.5,0.0 (cmd 1.3),0.0 (cmd 0.5)
1.5803999999999998,-4.63,1.28,0.0,-12.34,0.51,0.0,-12.3,-4.6,0.0 (cmd 1.3),0.0 (cmd 0.5)
1.5809000000000002,-5.67,1.18,0.0,-12.85,0.53,0.0,-12.8,-5.7,0.0 (cmd 1.2),0.0 (cmd 0.5)
1.5814,-6.62,0.96,0.0,-13.31,0.56,0.0,-13.3,-6.6,0.0 (cmd 1.0),0.0 (cmd 0.6)
1.5819,-9.08,0.65,0.0,-13.49,0.62,0.0,-13.5,-9.1,0.0 (cmd 0.7),0.0 (cmd 0.6)
1.5824,-11.18,0.17,0.0,-13.73,0.7,0.0,-13.7,-11.2,0.0 (cmd 0.2),0.0 (cmd 0.7)
1.5829,-13.91,-0.01,0.0,-14.17,0.72,0.0,-14.2,-13.9,0.0 (cmd -0.0),0.0 (cmd 0.7)
1.5834000000000001,-15.91,-0.45,0.0,-13.78,0.79,0.0,-13.8,-15.9,0.0 (cmd -0.5),0.0 (cmd 0.8)
1.5838999999999999,-19.02,-0.92,0.0,-12.59,0.86,0.0,-12.6,-19.0,0.0 (cmd -0.9),0.0 (cmd 0.9)
1.5844,-23.49,-1.53,0.0,-11.28,0.93,0.0,-11.3,-23.5,0.0 (cmd -1.5),0.0 (cmd 0.9)
1.5849000000000002,-27.47,-2.22,0.0,-10.15,1.0,0.0,-10.2,-27.5,0.0 (cmd -2.2),0.0 (cmd 1.0)
1.5854,-30.64,-2.88,0.0,-8.77,1.03,0.0,-8.8,-30.6,0.0 (cmd -2.9),0.0 (cmd 1.0)
1.5859,-35.54,-3.41,0.0,-6.92,1.03,0.0,-6.9,-35.5,0.0 (cmd -3.4),0.0 (cmd 1.0)
1.5863999999999998,-39.44,-3.64,0.0,-4.98,1.01,0.0,-5.0,-39.4,0.0 (cmd -3.6),0.0 (cmd 1.0)
1.5869000000000002,-43.11,-4.25,0.0,-3.57,1.1,0.0,-3.6,-43.1,0.0 (cmd -4.2),0.0 (cmd 1.1)
1.5874000000000001,-45.56,-4.22,0.0,-2.08,1.1,0.0,-2.1,-45.6,0.0 (cmd -4.2),0.0 (cmd 1.1)
1.5878999999999999,-46.64,-3.57,0.0,-1.23,1.01,0.0,-1.2,-46.6,0.0 (cmd -3.6),0.0 (cmd 1.0)
1.5884,-45.79,-2.78,0.0,-0.77,0.9,0.0,-0.8,-45.8,0.0 (cmd -2.8),0.0 (cmd 0.9)
1.5888999999999998,-42.14,-1.17,0.0,-0.59,0.7,0.0,-0.6,-42.1,0.0 (cmd -1.2),0.0 (cmd 0.7)
1.5894000000000001,-38.34,0.31,0.0,-0.46,0.54,0.0,-0.5,-38.3,0.0 (cmd 0.3),0.0 (cmd 0.5)
1.5899,-30.06,2.03,0.0,-0.44,0.37,0.0,-0.4,-30.1,0.0 (cmd 2.0),0.0 (cmd 0.4)
1.5903999999999998,-22.15,3.73,0.0,-0.59,0.24,0.0,-0.6,-22.1,0.0 (cmd 3.7),0.0 (cmd 0.2)
1.5909,-15.77,4.65,0.0,-1.25,0.17,0.0,-1.2,-15.8,0.0 (cmd 4.7),0.0 (cmd 0.2)
1.5914,-9.91,5.64,0.0,-3.32,0.1,0.0,-3.3,-9.9,0.0 (cmd 5.6),0.0 (cmd 0.1)
1.5919,-6.9,5.45,0.0,-7.16,-0.04,0.0,-7.2,-6.9,0.0 (cmd 5.5),0.0 (cmd -0.0)
1.5924,-5.57,5.06,0.0,-12.27,-0.32,0.0,-12.3,-5.6,0.0 (cmd 5.1),0.0 (cmd -0.3)
1.5928999999999998,-5.83,4.48,0.0,-19.5,-0.77,0.0,-19.5,-5.8,0.0 (cmd 4.5),0.0 (cmd -0.8)
1.5934000000000001,-5.86,3.9,0.0,-27.84,-1.28,0.0,-27.8,-5.9,0.0 (cmd 3.9),0.0 (cmd -1.3)
1.5938999999999999,-6.35,3.49,0.0,-35.97,-1.84,0.0,-36.0,-6.3,0.0 (cmd 3.5),0.0 (cmd -1.8)
1.5944,-5.44,3.34,0.0,-44.84,-2.03,0.0,-44.8,-5.4,0.0 (cmd 3.3),0.0 (cmd -2.0)
1.5949,-4.74,3.46,0.0,-50.79,-1.91,0.0,-50.8,-4.7,0.0 (cmd 3.5),0.0 (cmd -1.9)
1.5954,-4.82,3.48,0.0,-53.76,-1.87,0.0,-53.8,-4.8,0.0 (cmd 3.5),0.0 (cmd -1.9)
1.5959,-5.18,3.39,0.0,-53.42,-1.24,0.0,-53.4,-5.2,0.0 (cmd 3.4),0.0 (cmd -1.2)
1.5963999999999998,-6.12,3.17,0.0,-49.16,-0.17,0.0,-49.2,-6.1,0.0 (cmd 3.2),0.0 (cmd -0.2)
1.5969,-6.62,2.96,0.0,-42.33,0.68,0.0,-42.3,-6.6,0.0 (cmd 3.0),0.0 (cmd 0.7)
1.5974000000000002,-7.14,2.26,0.0,-35.43,1.34,0.0,-35.4,-7.1,0.0 (cmd 2.3),0.0 (cmd 1.3)
1.5978999999999999,-7.64,1.38,0.0,-23.16,1.64,0.0,-23.2,-7.6,0.0 (cmd 1.4),0.0 (cmd 1.6)
1.5984,-8.96,0.24,0.0,-12.25,1.71,0.0,-12.2,-9.0,0.0 (cmd 0.2),0.0 (cmd 1.7)
1.5988999999999998,-11.72,-1.81,0.0,-5.02,1.7,0.0,-5.0,-11.7,0.0 (cmd -1.8),0.0 (cmd 1.7)
1.5994000000000002,-17.57,-2.63,0.0,-2.36,1.69,0.0,-2.4,-17.6,0.0 (cmd -2.6),0.0 (cmd 1.7)
1.5999,-26.78,-5.43,0.0,-3.26,1.87,0.0,-3.3,-26.8,0.0 (cmd -5.4),0.0 (cmd 1.9)
1.6003999999999998,-33.01,-5.95,0.0,-1.93,1.78,0.0,-1.9,-33.0,0.0 (cmd -6.0),0.0 (cmd 1.8)
1.6009,-43.18,-7.08,0.0,-1.01,1.76,0.0,-1.0,-43.2,0.0 (cmd -7.1),0.0 (cmd 1.8)
1.6014,-49.09,-8.01,0.0,-0.19,1.76,0.0,-0.2,-49.1,0.0 (cmd -8.0),0.0 (cmd 1.8)
1.6019,-53.39,-7.57,0.0,0.54,1.7,0.0,0.5,-53.4,0.0 (cmd -7.6),0.0 (cmd 1.7)
1.6024,-55.11,-6.44,0.0,0.63,1.55,0.0,0.6,-55.1,0.0 (cmd -6.4),0.0 (cmd 1.6)
1.6028999999999998,-54.09,-4.65,0.0,0.17,1.21,0.0,0.2,-54.1,0.0 (cmd -4.7),0.0 (cmd 1.2)
1.6034000000000002,-49.54,-2.41,0.0,-0.27,0.86,0.0,-0.3,-49.5,0.0 (cmd -2.4),0.0 (cmd 0.9)
1.6038999999999999,-43.82,-0.92,0.0,-0.18,0.71,0.0,-0.2,-43.8,0.0 (cmd -0.9),0.0 (cmd 0.7)
1.6044,-35.11,1.82,0.0,-0.3,0.43,0.0,-0.3,-35.1,0.0 (cmd 1.8),0.0 (cmd 0.4)
1.6049,-24.8,4.05,0.0,-1.49,0.24,0.0,-1.5,-24.8,0.0 (cmd 4.0),0.0 (cmd 0.2)
1.6054,-14.19,5.97,0.0,-3.73,0.13,0.0,-3.7,-14.2,0.0 (cmd 6.0),0.0 (cmd 0.1)
1.6059,-8.07,6.49,0.0,-7.9,0.02,0.0,-7.9,-8.1,0.0 (cmd 6.5),0.0 (cmd 0.0)
1.6063999999999998,-7.75,6.15,0.0,-13.43,-0.19,0.0,-13.4,-7.8,0.0 (cmd 6.2),0.0 (cmd -0.2)
1.6069,-8.45,5.18,0.0,-23.23,-0.83,0.0,-23.2,-8.4,0.0 (cmd 5.2),0.0 (cmd -0.8)
1.6074000000000002,-9.18,4.32,0.0,-29.87,-1.34,0.0,-29.9,-9.2,0.0 (cmd 4.3),0.0 (cmd -1.3)
1.6078999999999999,-9.53,3.79,0.0,-37.9,-1.83,0.0,-37.9,-9.5,0.0 (cmd 3.8),0.0 (cmd -1.8)
1.6084,-8.47,3.57,0.0,-46.32,-1.9,0.0,-46.3,-8.5,0.0 (cmd 3.6),0.0 (cmd -1.9)
1.6088999999999998,-7.32,3.7,0.0,-51.66,-1.73,0.0,-51.7,-7.3,0.0 (cmd 3.7),0.0 (cmd -1.7)
1.6094000000000002,-6.87,3.78,0.0,-54.08,-1.63,0.0,-54.1,-6.9,0.0 (cmd 3.8),0.0 (cmd -1.6)
1.6099,-7.26,3.7,0.0,-53.46,-0.97,0.0,-53.5,-7.3,0.0 (cmd 3.7),0.0 (cmd -1.0)
1.6103999999999998,-7.54,3.5,0.0,-48.76,0.02,0.0,-48.8,-7.5,0.0 (cmd 3.5),0.0 (cmd 0.0)
1.6109,-8.11,3.17,0.0,-41.35,0.78,0.0,-41.4,-8.1,0.0 (cmd 3.2),0.0 (cmd 0.8)
1.6114,-8.82,2.41,0.0,-33.76,1.29,0.0,-33.8,-8.8,0.0 (cmd 2.4),0.0 (cmd 1.3)
1.6119,-9.7,1.22,0.0,-19.89,1.64,0.0,-19.9,-9.7,0.0 (cmd 1.2),0.0 (cmd 1.6)
1.6124,-12.32,-0.16,0.0,-8.87,1.7,0.0,-8.9,-12.3,0.0 (cmd -0.2),0.0 (cmd 1.7)
1.6128999999999998,-19.47,-3.53,0.0,-2.79,1.87,0.0,-2.8,-19.5,0.0 (cmd -3.5),0.0 (cmd 1.9)
1.6134000000000002,-25.7,-4.5,0.0,-3.02,1.85,0.0,-3.0,-25.7,0.0 (cmd -4.5),0.0 (cmd 1.9)
1.6139,-35.96,-5.85,0.0,-2.92,1.83,0.0,-2.9,-36.0,0.0 (cmd -5.8),0.0 (cmd 1.8)
1.6144,-43.77,-7.5,0.0,-1.88,1.85,0.0,-1.9,-43.8,0.0 (cmd -7.5),0.0 (cmd 1.9)
1.6149,-49.38,-8.17,0.0,-1.49,1.79,0.0,-1.5,-49.4,0.0 (cmd -8.2),0.0 (cmd 1.8)
1.6154,-56.11,-8.09,0.0,-1.55,1.76,0.0,-1.6,-56.1,0.0 (cmd -8.1),0.0 (cmd 1.8)
1.6159000000000001,-58.69,-7.14,0.0,-1.97,1.63,0.0,-2.0,-58.7,0.0 (cmd -7.1),0.0 (cmd 1.6)
1.6163999999999998,-58.7,-5.38,0.0,-2.26,1.29,0.0,-2.3,-58.7,0.0 (cmd -5.4),0.0 (cmd 1.3)
1.6169,-54.19,-3.28,0.0,-2.23,0.96,0.0,-2.2,-54.2,0.0 (cmd -3.3),0.0 (cmd 1.0)
1.6174000000000002,-49.39,-0.86,0.0,-2.08,0.7,0.0,-2.1,-49.4,0.0 (cmd -0.9),0.0 (cmd 0.7)
1.6179,-38.82,1.52,0.0,-2.52,0.46,0.0,-2.5,-38.8,0.0 (cmd 1.5),0.0 (cmd 0.5)
1.6184,-30.28,4.01,0.0,-3.45,0.24,0.0,-3.5,-30.3,0.0 (cmd 4.0),0.0 (cmd 0.2)
1.6188999999999998,-18.78,5.54,0.0,-6.23,0.1,0.0,-6.2,-18.8,0.0 (cmd 5.5),0.0 (cmd 0.1)
1.6194000000000002,-9.8,7.43,0.0,-11.26,0.0,0.0,-11.3,-9.8,0.0 (cmd 7.4),0.0 (cmd 0.0)
1.6199000000000001,-7.88,6.77,0.0,-19.81,-0.28,0.0,-19.8,-7.9,0.0 (cmd 6.8),0.0 (cmd -0.3)
1.6203999999999998,-8.74,5.83,0.0,-26.39,-1.01,0.0,-26.4,-8.7,0.0 (cmd 5.8),0.0 (cmd -1.0)
1.6209,-8.5,4.93,0.0,-35.67,-1.68,0.0,-35.7,-8.5,0.0 (cmd 4.9),0.0 (cmd -1.7)
1.6214,-8.17,4.57,0.0,-42.64,-1.66,0.0,-42.6,-8.2,0.0 (cmd 4.6),0.0 (cmd -1.7)
1.6219000000000001,-6.68,4.32,0.0,-47.49,-1.82,0.0,-47.5,-6.7,0.0 (cmd 4.3),0.0 (cmd -1.8)
1.6224,-6.23,4.33,0.0,-52.14,-1.68,0.0,-52.1,-6.2,0.0 (cmd 4.3),0.0 (cmd -1.7)
1.6228999999999998,-5.17,4.28,0.0,-52.51,-1.18,0.0,-52.5,-5.2,0.0 (cmd 4.3),0.0 (cmd -1.2)
1.6234000000000002,-5.22,4.17,0.0,-49.48,-0.4,0.0,-49.5,-5.2,0.0 (cmd 4.2),0.0 (cmd -0.4)
1.6239,-5.72,3.81,0.0,-44.61,0.58,0.0,-44.6,-5.7,0.0 (cmd 3.8),0.0 (cmd 0.6)
1.6244,-5.84,3.06,0.0,-34.61,1.15,0.0,-34.6,-5.8,0.0 (cmd 3.1),0.0 (cmd 1.1)
1.6249,-6.13,2.43,0.0,-24.45,1.41,0.0,-24.4,-6.1,0.0 (cmd 2.4),0.0 (cmd 1.4)
1.6254,-6.48,0.87,0.0,-15.26,1.58,0.0,-15.3,-6.5,0.0 (cmd 0.9),0.0 (cmd 1.6)
1.6259000000000001,-7.69,-0.98,0.0,-4.62,1.6,0.0,-4.6,-7.7,0.0 (cmd -1.0),0.0 (cmd 1.6)
1.6263999999999998,-14.32,-2.62,0.0,-3.37,1.7,0.0,-3.4,-14.3,0.0 (cmd -2.6),0.0 (cmd 1.7)
1.6269,-30.01,-6.25,0.0,-3.32,1.98,0.0,-3.3,-30.0,0.0 (cmd -6.2),0.0 (cmd 2.0)
1.6274000000000002,-38.01,-7.44,0.0,-1.86,1.94,0.0,-1.9,-38.0,0.0 (cmd -7.4),0.0 (cmd 1.9)
1.6279,-44.38,-8.4,0.0,-0.3,1.91,0.0,-0.3,-44.4,0.0 (cmd -8.4),0.0 (cmd 1.9)
1.6284,-51.57,-8.65,0.0,0.41,1.85,0.0,0.4,-51.6,0.0 (cmd -8.7),0.0 (cmd 1.9)
1.6288999999999998,-55.48,-7.64,0.0,0.61,1.76,0.0,0.6,-55.5,0.0 (cmd -7.6),0.0 (cmd 1.8)
1.6294000000000002,-56.64,-6.48,0.0,0.07,1.56,0.0,0.1,-56.6,0.0 (cmd -6.5),0.0 (cmd 1.6)
1.6299000000000001,-53.95,-4.4,0.0,-0.72,1.15,0.0,-0.7,-54.0,0.0 (cmd -4.4),0.0 (cmd 1.1)
1.6303999999999998,-49.84,-1.83,0.0,-1.19,0.79,0.0,-1.2,-49.8,0.0 (cmd -1.8),0.0 (cmd 0.8)
1.6309,-40.81,0.44,0.0,-1.56,0.55,0.0,-1.6,-40.8,0.0 (cmd 0.4),0.0 (cmd 0.6)
1.6314,-32.66,2.93,0.0,-2.47,0.29,0.0,-2.5,-32.7,0.0 (cmd 2.9),0.0 (cmd 0.3)
1.6319000000000001,-21.5,3.46,0.0,-4.14,0.21,0.0,-4.1,-21.5,0.0 (cmd 3.5),0.0 (cmd 0.2)
1.6324,-11.73,6.42,0.0,-6.47,0.04,0.0,-6.5,-11.7,0.0 (cmd 6.4),0.0 (cmd 0.0)
1.6328999999999998,-8.6,6.69,0.0,-12.09,-0.11,0.0,-12.1,-8.6,0.0 (cmd 6.7),0.0 (cmd -0.1)
1.6334000000000002,-8.06,5.78,0.0,-19.73,-0.48,0.0,-19.7,-8.1,0.0 (cmd 5.8),0.0 (cmd -0.5)
1.6339,-7.49,5.19,0.0,-28.29,-1.11,0.0,-28.3,-7.5,0.0 (cmd 5.2),0.0 (cmd -1.1)
1.6344,-6.9,4.72,0.0,-33.7,-1.48,0.0,-33.7,-6.9,0.0 (cmd 4.7),0.0 (cmd -1.5)
1.6349,-6.82,4.28,0.0,-39.51,-1.71,0.0,-39.5,-6.8,0.0 (cmd 4.3),0.0 (cmd -1.7)
1.6354,-6.38,4.03,0.0,-44.09,-1.26,0.0,-44.1,-6.4,0.0 (cmd 4.0),0.0 (cmd -1.3)
1.6359000000000001,-6.2,3.9,0.0,-46.44,-1.0,0.0,-46.4,-6.2,0.0 (cmd 3.9),0.0 (cmd -1.0)
1.6363999999999999,-6.36,3.7,0.0,-45.9,-0.64,0.0,-45.9,-6.4,0.0 (cmd 3.7),0.0 (cmd -0.6)
1.6369,-6.6,3.5,0.0,-41.9,0.15,0.0,-41.9,-6.6,0.0 (cmd 3.5),0.0 (cmd 0.1)
1.6374000000000002,-7.18,3.09,0.0,-35.39,0.77,0.0,-35.4,-7.2,0.0 (cmd 3.1),0.0 (cmd 0.8)
1.6379,-7.73,2.41,0.0,-28.62,1.17,0.0,-28.6,-7.7,0.0 (cmd 2.4),0.0 (cmd 1.2)
1.6384,-8.24,1.23,0.0,-16.12,1.5,0.0,-16.1,-8.2,0.0 (cmd 1.2),0.0 (cmd 1.5)
1.6388999999999998,-8.56,0.1,0.0,-7.08,1.5,0.0,-7.1,-8.6,0.0 (cmd 0.1),0.0 (cmd 1.5)
1.6394000000000002,-10.09,-1.04,0.0,-4.25,1.48,0.0,-4.2,-10.1,0.0 (cmd -1.0),0.0 (cmd 1.5)
1.6399000000000001,-20.1,-0.87,0.0,-4.57,1.34,0.0,-4.6,-20.1,0.0 (cmd -0.9),0.0 (cmd 1.3)
1.6403999999999999,-27.0,-4.2,0.0,-3.32,1.66,0.0,-3.3,-27.0,0.0 (cmd -4.2),0.0 (cmd 1.7)
1.6409,-34.16,-5.51,0.0,-2.43,1.65,0.0,-2.4,-34.2,0.0 (cmd -5.5),0.0 (cmd 1.6)
1.6414,-40.13,-5.93,0.0,-1.4,1.55,0.0,-1.4,-40.1,0.0 (cmd -5.9),0.0 (cmd 1.6)
1.6419000000000001,-45.22,-6.78,0.0,-0.08,1.57,0.0,-0.1,-45.2,0.0 (cmd -6.8),0.0 (cmd 1.6)
1.6424,-49.03,-6.41,0.0,0.15,1.5,0.0,0.1,-49.0,0.0 (cmd -6.4),0.0 (cmd 1.5)
1.6428999999999998,-50.9,-5.51,0.0,0.05,1.32,0.0,0.1,-50.9,0.0 (cmd -5.5),0.0 (cmd 1.3)
1.6434000000000002,-50.65,-4.16,0.0,-0.23,1.07,0.0,-0.2,-50.6,0.0 (cmd -4.2),0.0 (cmd 1.1)
1.6439,-47.51,-2.55,0.0,-0.33,0.86,0.0,-0.3,-47.5,0.0 (cmd -2.5),0.0 (cmd 0.9)
1.6444,-42.87,-1.12,0.0,-0.61,0.7,0.0,-0.6,-42.9,0.0 (cmd -1.1),0.0 (cmd 0.7)
1.6449,-33.39,1.26,0.0,-0.82,0.43,0.0,-0.8,-33.4,0.0 (cmd 1.3),0.0 (cmd 0.4)
1.6454,-23.42,3.41,0.0,-1.79,0.24,0.0,-1.8,-23.4,0.0 (cmd 3.4),0.0 (cmd 0.2)
1.6459000000000001,-16.25,5.72,0.0,-3.14,0.12,0.0,-3.1,-16.2,0.0 (cmd 5.7),0.0 (cmd 0.1)
1.6463999999999999,-11.24,5.97,0.0,-4.75,0.05,0.0,-4.8,-11.2,0.0 (cmd 6.0),0.0 (cmd 0.1)
1.6469,-10.08,5.5,0.0,-6.88,-0.07,0.0,-6.9,-10.1,0.0 (cmd 5.5),0.0 (cmd -0.1)
1.6474000000000002,-9.34,4.87,0.0,-11.45,-0.22,0.0,-11.4,-9.3,0.0 (cmd 4.9),0.0 (cmd -0.2)
1.6479,-8.84,4.3,0.0,-18.67,-0.53,0.0,-18.7,-8.8,0.0 (cmd 4.3),0.0 (cmd -0.5)
1.6484,-9.25,3.83,0.0,-24.69,-1.09,0.0,-24.7,-9.2,0.0 (cmd 3.8),0.0 (cmd -1.1)
1.6488999999999998,-9.59,3.34,0.0,-34.14,-1.37,0.0,-34.1,-9.6,0.0 (cmd 3.3),0.0 (cmd -1.4)
1.6494000000000002,-9.55,3.11,0.0,-43.19,-1.43,0.0,-43.2,-9.6,0.0 (cmd 3.1),0.0 (cmd -1.4)
1.6499000000000001,-8.86,3.06,0.0,-50.87,-2.07,0.0,-50.9,-8.9,0.0 (cmd 3.1),0.0 (cmd -2.1)
1.6503999999999999,-8.17,3.25,0.0,-59.27,-2.16,0.0,-59.3,-8.2,0.0 (cmd 3.2),0.0 (cmd -2.2)
1.6509,-6.8,3.57,0.0,-64.52,-2.22,0.0,-64.5,-6.8,0.0 (cmd 3.6),0.0 (cmd -2.2)
1.6513999999999998,-8.31,3.45,0.0,-63.14,-1.69,0.0,-63.1,-8.3,0.0 (cmd 3.5),0.0 (cmd -1.7)
1.6519000000000001,-8.95,3.18,0.0,-59.23,-0.4,0.0,-59.2,-8.9,0.0 (cmd 3.2),0.0 (cmd -0.4)
1.6524,-8.07,3.08,0.0,-48.95,0.87,0.0,-49.0,-8.1,0.0 (cmd 3.1),0.0 (cmd 0.9)
1.6528999999999998,-7.52,2.87,0.0,-39.99,1.37,0.0,-40.0,-7.5,0.0 (cmd 2.9),0.0 (cmd 1.4)
1.6534,-7.39,2.26,0.0,-27.75,1.63,0.0,-27.8,-7.4,0.0 (cmd 2.3),0.0 (cmd 1.6)
1.6539,-7.91,-0.22,0.0,-14.54,1.74,0.0,-14.5,-7.9,0.0 (cmd -0.2),0.0 (cmd 1.7)
1.6544,-9.78,-1.84,0.0,-5.46,1.81,0.0,-5.5,-9.8,0.0 (cmd -1.8),0.0 (cmd 1.8)
1.6549,-11.62,-2.27,0.0,-2.29,1.74,0.0,-2.3,-11.6,0.0 (cmd -2.3),0.0 (cmd 1.7)
1.6553999999999998,-11.09,-2.11,0.0,-1.08,1.58,0.0,-1.1,-11.1,0.0 (cmd -2.1),0.0 (cmd 1.6)
1.6559000000000001,-10.22,-1.27,0.0,0.09,1.34,0.0,0.1,-10.2,0.0 (cmd -1.3),0.0 (cmd 1.3)
1.6563999999999999,-9.98,-0.44,0.0,-0.33,1.09,0.0,-0.3,-10.0,0.0 (cmd -0.4),0.0 (cmd 1.1)
1.6569,-10.44,0.04,0.0,-0.46,0.91,0.0,-0.5,-10.4,0.0 (cmd 0.0),0.0 (cmd 0.9)
1.6574,-10.53,0.1,0.0,-0.35,0.8,0.0,-0.3,-10.5,0.0 (cmd 0.1),0.0 (cmd 0.8)
1.6579,-9.99,0.36,0.0,-0.39,0.66,0.0,-0.4,-10.0,0.0 (cmd 0.4),0.0 (cmd 0.7)
1.6584,-9.74,0.61,0.0,-0.44,0.52,0.0,-0.4,-9.7,0.0 (cmd 0.6),0.0 (cmd 0.5)
1.6588999999999998,-9.73,0.66,0.0,-0.4,0.42,0.0,-0.4,-9.7,0.0 (cmd 0.7),0.0 (cmd 0.4)
1.6594,-9.77,0.66,0.0,-0.26,0.37,0.0,-0.3,-9.8,0.0 (cmd 0.7),0.0 (cmd 0.4)
1.6599000000000002,-9.72,0.67,0.0,-0.23,0.33,0.0,-0.2,-9.7,0.0 (cmd 0.7),0.0 (cmd 0.3)
1.6603999999999999,-9.57,0.71,0.0,-0.25,0.29,0.0,-0.2,-9.6,0.0 (cmd 0.7),0.0 (cmd 0.3)
1.6609,-9.5,0.75,0.0,-0.27,0.26,0.0,-0.3,-9.5,0.0 (cmd 0.8),0.0 (cmd 0.3)
1.6613999999999998,-9.56,0.74,0.0,-0.24,0.24,0.0,-0.2,-9.6,0.0 (cmd 0.7),0.0 (cmd 0.2)
1.6619000000000002,-9.5,0.73,0.0,-0.25,0.22,0.0,-0.2,-9.5,0.0 (cmd 0.7),0.0 (cmd 0.2)
1.6624,-9.26,0.77,0.0,-0.28,0.21,0.0,-0.3,-9.3,0.0 (cmd 0.8),0.0 (cmd 0.2)
1.6628999999999998,-9.09,0.83,0.0,-0.17,0.19,0.0,-0.2,-9.1,0.0 (cmd 0.8),0.0 (cmd 0.2)
1.6634,-9.04,0.83,0.0,-0.08,0.18,0.0,-0.1,-9.0,0.0 (cmd 0.8),0.0 (cmd 0.2)
1.6639,-8.92,0.82,0.0,-0.13,0.18,0.0,-0.1,-8.9,0.0 (cmd 0.8),0.0 (cmd 0.2)
1.6644,-8.82,0.83,0.0,-0.2,0.17,0.0,-0.2,-8.8,0.0 (cmd 0.8),0.0 (cmd 0.2)
1.6649,-8.73,0.84,0.0,-0.34,0.16,0.0,-0.3,-8.7,0.0 (cmd 0.8),0.0 (cmd 0.2)
1.6653999999999998,-8.56,0.86,0.0,-0.35,0.15,0.0,-0.3,-8.6,0.0 (cmd 0.9),0.0 (cmd 0.1)
1.6659000000000002,-8.32,0.88,0.0,-0.25,0.15,0.0,-0.2,-8.3,0.0 (cmd 0.9),0.0 (cmd 0.1)
1.6663999999999999,-7.95,0.92,0.0,-0.02,0.15,0.0,-0.0,-8.0,0.0 (cmd 0.9),0.0 (cmd 0.1)
1.6669,-7.73,0.95,0.0,0.11,0.14,0.0,0.1,-7.7,0.0 (cmd 0.9),0.0 (cmd 0.1)
1.6674,-7.27,1.0,0.0,0.17,0.14,0.0,0.2,-7.3,0.0 (cmd 1.0),0.0 (cmd 0.1)
1.6679,-7.13,1.03,0.0,0.16,0.13,0.0,0.2,-7.1,0.0 (cmd 1.0),0.0 (cmd 0.1)
1.6684,-7.22,0.98,0.0,0.04,0.13,0.0,0.0,-7.2,0.0 (cmd 1.0),0.0 (cmd 0.1)
1.6688999999999998,-7.24,0.9,0.0,-0.09,0.13,0.0,-0.1,-7.2,0.0 (cmd 0.9),0.0 (cmd 0.1)
1.6694,-7.3,0.88,0.0,-0.16,0.13,0.0,-0.2,-7.3,0.0 (cmd 0.9),0.0 (cmd 0.1)
1.6699000000000002,-7.39,0.83,0.0,-0.19,0.14,0.0,-0.2,-7.4,0.0 (cmd 0.8),0.0 (cmd 0.1)
1.6703999999999999,-7.51,0.78,0.0,-0.3,0.14,0.0,-0.3,-7.5,0.0 (cmd 0.8),0.0 (cmd 0.1)
1.6709,-7.6,0.75,0.0,-0.45,0.14,0.0,-0.5,-7.6,0.0 (cmd 0.8),0.0 (cmd 0.1)
1.6713999999999998,-7.6,0.75,0.0,-0.5,0.14,0.0,-0.5,-7.6,0.0 (cmd 0.8),0.0 (cmd 0.1)
1.6719000000000002,-7.71,0.74,0.0,-0.44,0.15,0.0,-0.4,-7.7,0.0 (cmd 0.7),0.0 (cmd 0.1)
1.6724,-7.81,0.71,0.0,-0.41,0.16,0.0,-0.4,-7.8,0.0 (cmd 0.7),0.0 (cmd 0.2)
1.6728999999999998,-7.82,0.7,0.0,-0.45,0.16,0.0,-0.5,-7.8,0.0 (cmd 0.7),0.0 (cmd 0.2)
1.6734,-7.68,0.72,0.0,-0.5,0.16,0.0,-0.5,-7.7,0.0 (cmd 0.7),0.0 (cmd 0.2)
1.6739,-7.64,0.78,0.0,-0.53,0.15,0.0,-0.5,-7.6,0.0 (cmd 0.8),0.0 (cmd 0.1)
1.6744,-7.58,0.78,0.0,-0.58,0.15,0.0,-0.6,-7.6,0.0 (cmd 0.8),0.0 (cmd 0.1)
1.6749,-7.55,0.8,0.0,-0.66,0.15,0.0,-0.7,-7.5,0.0 (cmd 0.8),0.0 (cmd 0.1)
1.6753999999999998,-7.6,0.79,0.0,-0.79,0.14,0.0,-0.8,-7.6,0.0 (cmd 0.8),0.0 (cmd 0.1)
1.6759000000000002,-7.53,0.79,0.0,-0.87,0.15,0.0,-0.9,-7.5,0.0 (cmd 0.8),0.0 (cmd 0.1)
1.6764,-7.34,0.83,0.0,-0.9,0.14,0.0,-0.9,-7.3,0.0 (cmd 0.8),0.0 (cmd 0.1)
1.6769,-7.14,0.87,0.0,-0.86,0.14,0.0,-0.9,-7.1,0.0 (cmd 0.9),0.0 (cmd 0.1)
1.6774,-7.01,0.9,0.0,-0.91,0.14,0.0,-0.9,-7.0,0.0 (cmd 0.9),0.0 (cmd 0.1)
1.6779,-7.07,0.9,0.0,-1.02,0.13,0.0,-1.0,-7.1,0.0 (cmd 0.9),0.0 (cmd 0.1)
1.6784000000000001,-7.08,0.85,0.0,-1.0,0.14,0.0,-1.0,-7.1,0.0 (cmd 0.8),0.0 (cmd 0.1)
1.6788999999999998,-6.99,0.85,0.0,-1.07,0.14,0.0,-1.1,-7.0,0.0 (cmd 0.8),0.0 (cmd 0.1)
1.6794,-6.88,0.86,0.0,-1.09,0.14,0.0,-1.1,-6.9,0.0 (cmd 0.9),0.0 (cmd 0.1)
1.6799000000000002,-6.5,0.93,0.0,-1.2,0.13,0.0,-1.2,-6.5,0.0 (cmd 0.9),0.0 (cmd 0.1)
1.6804,-6.18,0.99,0.0,-1.26,0.12,0.0,-1.3,-6.2,0.0 (cmd 1.0),0.0 (cmd 0.1)
1.6809,-5.98,1.03,0.0,-1.22,0.12,0.0,-1.2,-6.0,0.0 (cmd 1.0),0.0 (cmd 0.1)
1.6813999999999998,-6.08,1.0,0.0,-1.08,0.13,0.0,-1.1,-6.1,0.0 (cmd 1.0),0.0 (cmd 0.1)
1.6819000000000002,-6.32,0.91,0.0,-1.05,0.15,0.0,-1.1,-6.3,0.0 (cmd 0.9),0.0 (cmd 0.1)
1.6824000000000001,-6.63,0.79,0.0,-1.08,0.17,0.0,-1.1,-6.6,0.0 (cmd 0.8),0.0 (cmd 0.2)
1.6828999999999998,-6.86,0.74,0.0,-1.2,0.17,0.0,-1.2,-6.9,0.0 (cmd 0.7),0.0 (cmd 0.2)
1.6834,-7.44,0.67,0.0,-1.38,0.18,0.0,-1.4,-7.4,0.0 (cmd 0.7),0.0 (cmd 0.2)
1.6839,-7.99,0.54,0.0,-2.28,0.19,0.0,-2.3,-8.0,0.0 (cmd 0.5),0.0 (cmd 0.2)
1.6844000000000001,-8.6,0.49,0.0,-3.34,0.18,0.0,-3.3,-8.6,0.0 (cmd 0.5),0.0 (cmd 0.2)
1.6849,-9.38,0.43,0.0,-4.79,0.16,0.0,-4.8,-9.4,0.0 (cmd 0.4),0.0 (cmd 0.2)
1.6853999999999998,-9.55,0.53,0.0,-6.27,0.1,0.0,-6.3,-9.6,0.0 (cmd 0.5),0.0 (cmd 0.1)
1.6859000000000002,-9.74,0.7,0.0,-9.54,0.04,0.0,-9.5,-9.7,0.0 (cmd 0.7),0.0 (cmd 0.0)
1.6864,-9.84,0.88,0.0,-13.5,0.0,0.0,-13.5,-9.8,0.0 (cmd 0.9),0.0 (cmd 0.0)
1.6869,-10.08,1.19,0.0,-18.3,-0.15,0.0,-18.3,-10.1,0.0 (cmd 1.2),0.0 (cmd -0.1)
1.6874,-10.2,1.4,0.0,-26.3,-0.52,0.0,-26.3,-10.2,0.0 (cmd 1.4),0.0 (cmd -0.5)
1.6879,-10.32,1.6,0.0,-32.46,-0.65,0.0,-32.5,-10.3,0.0 (cmd 1.6),0.0 (cmd -0.7)
1.6884000000000001,-9.73,1.82,0.0,-37.16,-0.81,0.0,-37.2,-9.7,0.0 (cmd 1.8),0.0 (cmd -0.8)
1.6888999999999998,-9.24,2.15,0.0,-42.37,-1.14,0.0,-42.4,-9.2,0.0 (cmd 2.1),0.0 (cmd -1.1)
1.6894,-8.8,2.37,0.0,-46.75,-1.06,0.0,-46.8,-8.8,0.0 (cmd 2.4),0.0 (cmd -1.1)
1.6899000000000002,-8.22,2.62,0.0,-48.06,-0.71,0.0,-48.1,-8.2,0.0 (cmd 2.6),0.0 (cmd -0.7)
1.6904,-8.19,2.83,0.0,-47.33,-0.21,0.0,-47.3,-8.2,0.0 (cmd 2.8),0.0 (cmd -0.2)
1.6909,-8.16,2.83,0.0,-43.2,0.54,0.0,-43.2,-8.2,0.0 (cmd 2.8),0.0 (cmd 0.5)
1.6913999999999998,-8.08,2.64,0.0,-36.62,0.97,0.0,-36.6,-8.1,0.0 (cmd 2.6),0.0 (cmd 1.0)
1.6919000000000002,-8.24,2.07,0.0,-27.48,1.35,0.0,-27.5,-8.2,0.0 (cmd 2.1),0.0 (cmd 1.4)
1.6924000000000001,-8.45,1.36,0.0,-18.67,1.52,0.0,-18.7,-8.4,0.0 (cmd 1.4),0.0 (cmd 1.5)
1.6928999999999998,-10.05,-0.18,0.0,-8.32,1.57,0.0,-8.3,-10.1,0.0 (cmd -0.2),0.0 (cmd 1.6)
1.6934,-12.42,-1.53,0.0,-6.16,1.58,0.0,-6.2,-12.4,0.0 (cmd -1.5),0.0 (cmd 1.6)
1.6939,-17.16,-1.86,0.0,-6.27,1.52,0.0,-6.3,-17.2,0.0 (cmd -1.9),0.0 (cmd 1.5)
1.6944000000000001,-21.02,-2.44,0.0,-4.71,1.48,0.0,-4.7,-21.0,0.0 (cmd -2.4),0.0 (cmd 1.5)
1.6949,-26.55,-3.04,0.0,-3.41,1.42,0.0,-3.4,-26.6,0.0 (cmd -3.0),0.0 (cmd 1.4)
1.6953999999999998,-33.84,-4.71,0.0,-2.4,1.48,0.0,-2.4,-33.8,0.0 (cmd -4.7),0.0 (cmd 1.5)
1.6959000000000002,-38.26,-5.58,0.0,-1.48,1.45,0.0,-1.5,-38.3,0.0 (cmd -5.6),0.0 (cmd 1.4)
1.6964,-43.93,-5.89,0.0,-0.42,1.42,0.0,-0.4,-43.9,0.0 (cmd -5.9),0.0 (cmd 1.4)
1.6969,-46.44,-5.32,0.0,0.02,1.31,0.0,0.0,-46.4,0.0 (cmd -5.3),0.0 (cmd 1.3)
1.6974,-47.71,-4.54,0.0,0.09,1.16,0.0,0.1,-47.7,0.0 (cmd -4.5),0.0 (cmd 1.2)
1.6979,-46.3,-3.28,0.0,-0.05,0.95,0.0,-0.1,-46.3,0.0 (cmd -3.3),0.0 (cmd 0.9)
1.6984000000000001,-41.36,-1.32,0.0,-0.34,0.7,0.0,-0.3,-41.4,0.0 (cmd -1.3),0.0 (cmd 0.7)
1.6988999999999999,-34.62,0.59,0.0,-0.75,0.49,0.0,-0.8,-34.6,0.0 (cmd 0.6),0.0 (cmd 0.5)
1.6994,-26.98,2.31,0.0,-1.18,0.31,0.0,-1.2,-27.0,0.0 (cmd 2.3),0.0 (cmd 0.3)
1.6999000000000002,-18.6,4.55,0.0,-2.41,0.15,0.0,-2.4,-18.6,0.0 (cmd 4.5),0.0 (cmd 0.1)
1.7004,-12.74,5.71,0.0,-4.65,0.08,0.0,-4.7,-12.7,0.0 (cmd 5.7),0.0 (cmd 0.1)
1.7009,-7.78,5.48,0.0,-7.09,-0.06,0.0,-7.1,-7.8,0.0 (cmd 5.5),0.0 (cmd -0.1)
1.7013999999999998,-7.44,5.28,0.0,-12.04,-0.27,0.0,-12.0,-7.4,0.0 (cmd 5.3),0.0 (cmd -0.3)
1.7019000000000002,-7.7,4.33,0.0,-17.2,-0.58,0.0,-17.2,-7.7,0.0 (cmd 4.3),0.0 (cmd -0.6)
1.7024000000000001,-7.28,3.96,0.0,-23.64,-0.93,0.0,-23.6,-7.3,0.0 (cmd 4.0),0.0 (cmd -0.9)
1.7028999999999999,-8.22,3.56,0.0,-28.51,-0.99,0.0,-28.5,-8.2,0.0 (cmd 3.6),0.0 (cmd -1.0)
1.7034,-9.85,3.08,0.0,-36.31,-1.03,0.0,-36.3,-9.8,0.0 (cmd 3.1),0.0 (cmd -1.0)
1.7039,-9.04,2.86,0.0,-42.54,-1.11,0.0,-42.5,-9.0,0.0 (cmd 2.9),0.0 (cmd -1.1)
1.7044000000000001,-8.77,2.88,0.0,-47.02,-1.35,0.0,-47.0,-8.8,0.0 (cmd 2.9),0.0 (cmd -1.4)
1.7049,-8.19,2.99,0.0,-52.21,-1.31,0.0,-52.2,-8.2,0.0 (cmd 3.0),0.0 (cmd -1.3)
1.7053999999999998,-7.8,3.14,0.0,-54.13,-0.97,0.0,-54.1,-7.8,0.0 (cmd 3.1),0.0 (cmd -1.0)
1.7059000000000002,-7.63,3.25,0.0,-53.1,-0.51,0.0,-53.1,-7.6,0.0 (cmd 3.2),0.0 (cmd -0.5)
1.7064,-7.62,3.26,0.0,-51.43,0.17,0.0,-51.4,-7.6,0.0 (cmd 3.3),0.0 (cmd 0.2)
1.7069,-7.55,3.01,0.0,-45.37,0.95,0.0,-45.4,-7.5,0.0 (cmd 3.0),0.0 (cmd 0.9)
1.7074,-7.3,2.75,0.0,-37.78,1.21,0.0,-37.8,-7.3,0.0 (cmd 2.8),0.0 (cmd 1.2)
1.7079,-7.34,2.12,0.0,-28.42,1.55,0.0,-28.4,-7.3,0.0 (cmd 2.1),0.0 (cmd 1.6)
1.7084000000000001,-8.29,0.61,0.0,-15.48,1.68,0.0,-15.5,-8.3,0.0 (cmd 0.6),0.0 (cmd 1.7)
1.7088999999999999,-9.53,-0.71,0.0,-6.43,1.64,0.0,-6.4,-9.5,0.0 (cmd -0.7),0.0 (cmd 1.6)
1.7094,-11.34,-2.19,0.0,-3.07,1.69,0.0,-3.1,-11.3,0.0 (cmd -2.2),0.0 (cmd 1.7)
1.7099000000000002,-13.96,-2.11,0.0,-3.85,1.55,0.0,-3.9,-14.0,0.0 (cmd -2.1),0.0 (cmd 1.6)
1.7104,-19.19,-2.47,0.0,-2.96,1.48,0.0,-3.0,-19.2,0.0 (cmd -2.5),0.0 (cmd 1.5)
1.7109,-26.48,-3.3,0.0,-2.48,1.45,0.0,-2.5,-26.5,0.0 (cmd -3.3),0.0 (cmd 1.4)
1.7113999999999998,-32.96,-4.37,0.0,-2.18,1.43,0.0,-2.2,-33.0,0.0 (cmd -4.4),0.0 (cmd 1.4)
1.7119000000000002,-39.37,-5.7,0.0,-1.03,1.45,0.0,-1.0,-39.4,0.0 (cmd -5.7),0.0 (cmd 1.4)
1.7124000000000001,-45.39,-6.37,0.0,-0.46,1.46,0.0,-0.5,-45.4,0.0 (cmd -6.4),0.0 (cmd 1.5)
1.7128999999999999,-49.77,-6.3,0.0,-0.31,1.44,0.0,-0.3,-49.8,0.0 (cmd -6.3),0.0 (cmd 1.4)
1.7134,-52.17,-5.62,0.0,-0.16,1.3,0.0,-0.2,-52.2,0.0 (cmd -5.6),0.0 (cmd 1.3)
1.7138999999999998,-52.3,-4.38,0.0,-0.17,1.08,0.0,-0.2,-52.3,0.0 (cmd -4.4),0.0 (cmd 1.1)
1.7144000000000001,-47.99,-2.68,0.0,-0.63,0.87,0.0,-0.6,-48.0,0.0 (cmd -2.7),0.0 (cmd 0.9)
1.7149,-42.55,-0.45,0.0,-1.03,0.62,0.0,-1.0,-42.5,0.0 (cmd -0.5),0.0 (cmd 0.6)
1.7153999999999998,-39.62,1.14,0.0,-1.48,0.43,0.0,-1.5,-39.6,0.0 (cmd 1.1),0.0 (cmd 0.4)
1.7159,-26.16,2.42,0.0,-2.53,0.3,0.0,-2.5,-26.2,0.0 (cmd 2.4),0.0 (cmd 0.3)
1.7164,-16.15,6.06,0.0,-4.56,0.1,0.0,-4.6,-16.1,0.0 (cmd 6.1),0.0 (cmd 0.1)
1.7169,-11.26,6.1,0.0,-7.29,0.0,0.0,-7.3,-11.3,0.0 (cmd 6.1),0.0 (cmd 0.0)
1.7174,-10.34,5.82,0.0,-13.77,-0.2,0.0,-13.8,-10.3,0.0 (cmd 5.8),0.0 (cmd -0.2)
1.7178999999999998,-9.97,4.97,0.0,-20.14,-0.55,0.0,-20.1,-10.0,0.0 (cmd 5.0),0.0 (cmd -0.6)
1.7184000000000001,-10.17,4.38,0.0,-25.72,-1.11,0.0,-25.7,-10.2,0.0 (cmd 4.4),0.0 (cmd -1.1)
1.7188999999999999,-10.86,3.83,0.0,-33.43,-1.28,0.0,-33.4,-10.9,0.0 (cmd 3.8),0.0 (cmd -1.3)
1.7194,-10.29,3.51,0.0,-39.61,-1.16,0.0,-39.6,-10.3,0.0 (cmd 3.5),0.0 (cmd -1.2)
1.7199,-9.21,3.49,0.0,-45.54,-1.2,0.0,-45.5,-9.2,0.0 (cmd 3.5),0.0 (cmd -1.2)
1.7204,-8.23,3.69,0.0,-49.31,-1.4,0.0,-49.3,-8.2,0.0 (cmd 3.7),0.0 (cmd -1.4)
1.7209,-7.97,3.64,0.0,-52.13,-1.06,0.0,-52.1,-8.0,0.0 (cmd 3.6),0.0 (cmd -1.1)
1.7213999999999998,-7.67,3.62,0.0,-52.13,-0.63,0.0,-52.1,-7.7,0.0 (cmd 3.6),0.0 (cmd -0.6)
1.7219,-7.41,3.56,0.0,-49.74,0.12,0.0,-49.7,-7.4,0.0 (cmd 3.6),0.0 (cmd 0.1)
1.7224000000000002,-7.44,3.32,0.0,-43.42,0.79,0.0,-43.4,-7.4,0.0 (cmd 3.3),0.0 (cmd 0.8)
1.7228999999999999,-8.4,2.75,0.0,-35.12,1.18,0.0,-35.1,-8.4,0.0 (cmd 2.8),0.0 (cmd 1.2)
1.7234,-9.44,1.92,0.0,-27.87,1.5,0.0,-27.9,-9.4,0.0 (cmd 1.9),0.0 (cmd 1.5)
1.7238999999999998,-10.22,0.37,0.0,-17.38,1.68,0.0,-17.4,-10.2,0.0 (cmd 0.4),0.0 (cmd 1.7)
1.7244000000000002,-13.35,-1.36,0.0,-8.27,1.68,0.0,-8.3,-13.3,0.0 (cmd -1.4),0.0 (cmd 1.7)
1.7249,-15.09,-2.49,0.0,-4.07,1.69,0.0,-4.1,-15.1,0.0 (cmd -2.5),0.0 (cmd 1.7)
1.7253999999999998,-19.71,-2.46,0.0,-4.29,1.57,0.0,-4.3,-19.7,0.0 (cmd -2.5),0.0 (cmd 1.6)
1.7259,-24.79,-3.09,0.0,-3.32,1.51,0.0,-3.3,-24.8,0.0 (cmd -3.1),0.0 (cmd 1.5)
1.7264,-35.91,-4.73,0.0,-2.29,1.57,0.0,-2.3,-35.9,0.0 (cmd -4.7),0.0 (cmd 1.6)
1.7269,-39.91,-6.34,0.0,-1.93,1.61,0.0,-1.9,-39.9,0.0 (cmd -6.3),0.0 (cmd 1.6)
1.7274,-42.2,-5.78,0.0,-1.89,1.42,0.0,-1.9,-42.2,0.0 (cmd -5.8),0.0 (cmd 1.4)
1.7278999999999998,-42.82,-4.62,0.0,-1.98,1.19,0.0,-2.0,-42.8,0.0 (cmd -4.6),0.0 (cmd 1.2)
1.7284000000000002,-41.49,-3.24,0.0,-2.23,0.95,0.0,-2.2,-41.5,0.0 (cmd -3.2),0.0 (cmd 0.9)
1.7288999999999999,-39.29,-1.88,0.0,-2.45,0.75,0.0,-2.5,-39.3,0.0 (cmd -1.9),0.0 (cmd 0.8)
1.7294,-35.01,-0.61,0.0,-2.67,0.58,0.0,-2.7,-35.0,0.0 (cmd -0.6),0.0 (cmd 0.6)
1.7299,-30.61,1.12,0.0,-2.52,0.39,0.0,-2.5,-30.6,0.0 (cmd 1.1),0.0 (cmd 0.4)
1.7304,-27.22,1.94,0.0,-2.51,0.31,0.0,-2.5,-27.2,0.0 (cmd 1.9),0.0 (cmd 0.3)
1.7309,-22.49,2.71,0.0,-2.27,0.22,0.0,-2.3,-22.5,0.0 (cmd 2.7),0.0 (cmd 0.2)
1.7313999999999998,-20.75,3.37,0.0,-2.79,0.15,0.0,-2.8,-20.8,0.0 (cmd 3.4),0.0 (cmd 0.1)
1.7319,-21.52,2.74,0.0,-4.4,0.12,0.0,-4.4,-21.5,0.0 (cmd 2.7),0.0 (cmd 0.1)
1.7324000000000002,-21.98,2.25,0.0,-6.73,0.03,0.0,-6.7,-22.0,0.0 (cmd 2.2),0.0 (cmd 0.0)
1.7328999999999999,-22.56,1.88,0.0,-11.27,-0.07,0.0,-11.3,-22.6,0.0 (cmd 1.9),0.0 (cmd -0.1)
1.7334,-23.1,1.62,0.0,-14.84,-0.13,0.0,-14.8,-23.1,0.0 (cmd 1.6),0.0 (cmd -0.1)
1.7338999999999998,-23.5,1.48,0.0,-16.96,-0.15,0.0,-17.0,-23.5,0.0 (cmd 1.5),0.0 (cmd -0.1)
1.7344000000000002,-23.76,1.34,0.0,-17.58,-0.07,0.0,-17.6,-23.8,0.0 (cmd 1.3),0.0 (cmd -0.1)
1.7349,-23.69,1.24,0.0,-16.88,0.05,0.0,-16.9,-23.7,0.0 (cmd 1.2),0.0 (cmd 0.1)
1.7353999999999998,-23.53,1.19,0.0,-15.37,0.18,0.0,-15.4,-23.5,0.0 (cmd 1.2),0.0 (cmd 0.2)
1.7359,-23.27,1.06,0.0,-13.93,0.31,0.0,-13.9,-23.3,0.0 (cmd 1.1),0.0 (cmd 0.3)
1.7364,-22.95,1.0,0.0,-12.1,0.4,0.0,-12.1,-22.9,0.0 (cmd 1.0),0.0 (cmd 0.4)
1.7369,-22.72,0.97,0.0,-10.78,0.44,0.0,-10.8,-22.7,0.0 (cmd 1.0),0.0 (cmd 0.4)
1.7374,-21.93,1.0,0.0,-9.91,0.45,0.0,-9.9,-21.9,0.0 (cmd 1.0),0.0 (cmd 0.5)
1.7378999999999998,-21.0,1.14,0.0,-9.6,0.41,0.0,-9.6,-21.0,0.0 (cmd 1.1),0.0 (cmd 0.4)
1.7384000000000002,-20.24,1.28,0.0,-8.85,0.38,0.0,-8.8,-20.2,0.0 (cmd 1.3),0.0 (cmd 0.4)
1.7389,-19.79,1.27,0.0,-8.04,0.38,0.0,-8.0,-19.8,0.0 (cmd 1.3),0.0 (cmd 0.4)
1.7394,-19.49,1.25,0.0,-7.75,0.37,0.0,-7.8,-19.5,0.0 (cmd 1.2),0.0 (cmd 0.4)
1.7399,-19.31,1.18,0.0,-7.14,0.37,0.0,-7.1,-19.3,0.0 (cmd 1.2),0.0 (cmd 0.4)
1.7404,-19.03,1.11,0.0,-6.8,0.36,0.0,-6.8,-19.0,0.0 (cmd 1.1),0.0 (cmd 0.4)
1.7409000000000001,-18.28,1.14,0.0,-6.34,0.34,0.0,-6.3,-18.3,0.0 (cmd 1.1),0.0 (cmd 0.3)
1.7413999999999998,-17.18,1.26,0.0,-5.79,0.32,0.0,-5.8,-17.2,0.0 (cmd 1.3),0.0 (cmd 0.3)
1.7419,-15.73,1.46,0.0,-4.98,0.3,0.0,-5.0,-15.7,0.0 (cmd 1.5),0.0 (cmd 0.3)
1.7424000000000002,-14.03,1.69,0.0,-4.58,0.26,0.0,-4.6,-14.0,0.0 (cmd 1.7),0.0 (cmd 0.3)
1.7429,-12.3,1.94,0.0,-3.08,0.21,0.0,-3.1,-12.3,0.0 (cmd 1.9),0.0 (cmd 0.2)
1.7434,-11.15,2.05,0.0,-2.3,0.23,0.0,-2.3,-11.2,0.0 (cmd 2.0),0.0 (cmd 0.2)
1.7438999999999998,-9.89,2.08,0.0,-1.96,0.19,0.0,-2.0,-9.9,0.0 (cmd 2.1),0.0 (cmd 0.2)
1.7444000000000002,-9.5,1.95,0.0,-1.34,0.19,0.0,-1.3,-9.5,0.0 (cmd 1.9),0.0 (cmd 0.2)
1.7449000000000001,-9.54,1.71,0.0,-0.89,0.2,0.0,-0.9,-9.5,0.0 (cmd 1.7),0.0 (cmd 0.2)
1.7453999999999998,-9.76,1.42,0.0,-0.43,0.23,0.0,-0.4,-9.8,0.0 (cmd 1.4),0.0 (cmd 0.2)
1.7459,-9.94,1.18,0.0,-0.4,0.24,0.0,-0.4,-9.9,0.0 (cmd 1.2),0.0 (cmd 0.2)
1.7464,-9.91,1.05,0.0,-0.5,0.23,0.0,-0.5,-9.9,0.0 (cmd 1.1),0.0 (cmd 0.2)
1.7469000000000001,-9.52,1.08,0.0,-0.63,0.19,0.0,-0.6,-9.5,0.0 (cmd 1.1),0.0 (cmd 0.2)
1.7474,-9.24,1.08,0.0,-0.57,0.17,0.0,-0.6,-9.2,0.0 (cmd 1.1),0.0 (cmd 0.2)
1.7478999999999998,-9.13,1.06,0.0,-0.39,0.17,0.0,-0.4,-9.1,0.0 (cmd 1.1),0.0 (cmd 0.2)
1.7484000000000002,-9.09,1.06,0.0,-0.31,0.17,0.0,-0.3,-9.1,0.0 (cmd 1.1),0.0 (cmd 0.2)
1.7489,-9.08,0.0,0.0,-0.29,0.0,0.0,-0.3,-9.1,0.0 (cmd 0.0),0.0 (cmd 0.0)
1.7494,-9.07,0.0,0.0,-0.26,0.0,0.0,-0.3,-9.1,0.0 (cmd 0.0),0.0 (cmd 0.0)
1.7499,-9.14,0.0,0.0,-0.28,0.0,0.0,-0.3,-9.1,0.0 (cmd 0.0),0.0 (cmd 0.0)
1.7504,-9.18,0.0,0.0,-0.31,0.0,0.0,-0.3,-9.2,0.0 (cmd 0.0),0.0 (cmd 0.0)
1.7509000000000001,-9.19,0.0,0.0,-0.26,0.0,0.0,-0.3,-9.2,0.0 (cmd 0.0),0.0 (cmd 0.0)
1.7513999999999998,-9.1,0.0,0.0,-0.25,0.0,0.0,-0.2,-9.1,0.0 (cmd 0.0),0.0 (cmd 0.0)
1.7519,-9.05,0.0,0.0,-0.2,0.0,0.0,-0.2,-9.1,0.0 (cmd 0.0),0.0 (cmd 0.0)
1.7524000000000002,-9.06,0.0,0.0,-0.18,0.0,0.0,-0.2,-9.1,0.0 (cmd 0.0),0.0 (cmd 0.0)
1.7529,-9.13,0.0,0.0,-0.13,0.0,0.0,-0.1,-9.1,0.0 (cmd 0.0),0.0 (cmd 0.0)
1.7534,-9.12,0.0,0.0,-0.06,0.0,0.0,-0.1,-9.1,0.0 (cmd 0.0),0.0 (cmd 0.0)
1.7538999999999998,-9.09,0.0,0.0,0.06,0.0,0.0,0.1,-9.1,0.0 (cmd 0.0),0.0 (cmd 0.0)
1.7544000000000002,-9.0,0.0,0.0,0.1,0.0,0.0,0.1,-9.0,0.0 (cmd 0.0),0.0 (cmd 0.0)
1.7549000000000001,-8.93,0.0,0.0,0.18,0.0,0.0,0.2,-8.9,0.0 (cmd 0.0),0.0 (cmd 0.0)
1.7553999999999998,-8.89,0.0,0.0,0.24,0.0,0.0,0.2,-8.9,0.0 (cmd 0.0),0.0 (cmd 0.0)
1.7559,-8.89,0.0,0.0,0.31,0.0,0.0,0.3,-8.9,0.0 (cmd 0.0),0.0 (cmd 0.0)
1.7564,-8.89,0.0,0.0,0.36,0.0,0.0,0.4,-8.9,0.0 (cmd 0.0),0.0 (cmd 0.0)
1.7569000000000001,-8.84,0.0,0.0,0.41,0.0,0.0,0.4,-8.8,0.0 (cmd 0.0),0.0 (cmd 0.0)
1.7574,-8.79,0.0,0.0,0.47,0.0,0.0,0.5,-8.8,0.0 (cmd 0.0),0.0 (cmd 0.0)
1.7578999999999998,-8.7,0.0,0.0,0.5,0.0,0.0,0.5,-8.7,0.0 (cmd 0.0),0.0 (cmd 0.0)
1.7584000000000002,-8.61,0.0,0.0,0.55,0.0,0.0,0.6,-8.6,0.0 (cmd 0.0),0.0 (cmd 0.0)
1.7589,-8.53,0.0,0.0,0.54,0.0,0.0,0.5,-8.5,0.0 (cmd 0.0),0.0 (cmd 0.0)
1.7594,-8.51,0.0,0.0,0.5,0.0,0.0,0.5,-8.5,0.0 (cmd 0.0),0.0 (cmd 0.0)
1.7599,-8.53,0.0,0.0,0.52,0.0,0.0,0.5,-8.5,0.0 (cmd 0.0),0.0 (cmd 0.0)
1.7604,-8.53,0.0,0.0,0.54,0.0,0.0,0.5,-8.5,0.0 (cmd 0.0),0.0 (cmd 0.0)
1.7609000000000001,-8.49,0.0,0.0,0.55,0.0,0.0,0.6,-8.5,0.0 (cmd 0.0),0.0 (cmd 0.0)
1.7613999999999999,-8.45,0.0,0.0,0.57,0.0,0.0,0.6,-8.4,0.0 (cmd 0.0),0.0 (cmd 0.0)
1.7619,-8.46,0.0,0.0,0.55,0.0,0.0,0.6,-8.5,0.0 (cmd 0.0),0.0 (cmd 0.0)
1.7624000000000002,-8.5,0.0,0.0,0.57,0.0,0.0,0.6,-8.5,0.0 (cmd 0.0),0.0 (cmd 0.0)
1.7629,-8.51,0.0,0.0,0.54,0.0,0.0,0.5,-8.5,0.0 (cmd 0.0),0.0 (cmd 0.0)
1.7634,-8.47,0.0,0.0,0.54,0.0,0.0,0.5,-8.5,0.0 (cmd 0.0),0.0 (cmd 0.0)
1.7638999999999998,-8.47,0.0,0.0,0.55,0.0,0.0,0.6,-8.5,0.0 (cmd 0.0),0.0 (cmd 0.0)
1.7644000000000002,-8.45,0.0,0.0,0.54,0.0,0.0,0.5,-8.4,0.0 (cmd 0.0),0.0 (cmd 0.0)
1.7649000000000001,-8.44,0.0,0.0,0.56,0.0,0.0,0.6,-8.4,0.0 (cmd 0.0),0.0 (cmd 0.0)
1.7653999999999999,-8.44,0.0,0.0,0.56,0.0,0.0,0.6,-8.4,0.0 (cmd 0.0),0.0 (cmd 0.0)
1.7659,-8.42,0.0,0.0,0.57,0.0,0.0,0.6,-8.4,0.0 (cmd 0.0),0.0 (cmd 0.0)
1.7664,-8.39,0.0,0.0,0.61,0.0,0.0,0.6,-8.4,0.0 (cmd 0.0),0.0 (cmd 0.0)
1.7669000000000001,-8.38,0.0,0.0,0.61,0.0,0.0,0.6,-8.4,0.0 (cmd 0.0),0.0 (cmd 0.0)
1.7674,-8.38,0.0,0.0,0.63,0.0,0.0,0.6,-8.4,0.0 (cmd 0.0),0.0 (cmd 0.0)
1.7678999999999998,-8.39,0.0,0.0,0.63,0.0,0.0,0.6,-8.4,0.0 (cmd 0.0),0.0 (cmd 0.0)
1.7684000000000002,-8.36,0.0,0.0,0.65,0.0,0.0,0.7,-8.4,0.0 (cmd 0.0),0.0 (cmd 0.0)
1.7689,-8.35,0.0,0.0,0.67,0.0,0.0,0.7,-8.3,0.0 (cmd 0.0),0.0 (cmd 0.0)
1.7694,-8.34,0.0,0.0,0.68,0.0,0.0,0.7,-8.3,0.0 (cmd 0.0),0.0 (cmd 0.0)
1.7699,-8.34,0.0,0.0,0.66,0.0,0.0,0.7,-8.3,0.0 (cmd 0.0),0.0 (cmd 0.0)
1.7704,-8.34,0.0,0.0,0.65,0.0,0.0,0.7,-8.3,0.0 (cmd 0.0),0.0 (cmd 0.0)
1.7709000000000001,-8.38,0.0,0.0,0.64,0.0,0.0,0.6,-8.4,0.0 (cmd 0.0),0.0 (cmd 0.0)
1.7713999999999999,-8.35,0.0,0.0,0.62,0.0,0.0,0.6,-8.3,0.0 (cmd 0.0),0.0 (cmd 0.0)
1.7719,-8.35,0.0,0.0,0.61,0.0,0.0,0.6,-8.3,0.0 (cmd 0.0),0.0 (cmd 0.0)
1.7724000000000002,-8.36,0.0,0.0,0.61,0.0,0.0,0.6,-8.4,0.0 (cmd 0.0),0.0 (cmd 0.0)
1.7729,-8.37,0.0,0.0,0.59,0.0,0.0,0.6,-8.4,0.0 (cmd 0.0),0.0 (cmd 0.0)
1.7734,-8.4,0.0,0.0,0.58,0.0,0.0,0.6,-8.4,0.0 (cmd 0.0),0.0 (cmd 0.0)
1.7738999999999998,-8.39,0.0,0.0,0.58,0.0,0.0,0.6,-8.4,0.0 (cmd 0.0),0.0 (cmd 0.0)
1.7744000000000002,-8.38,0.0,0.0,0.6,0.0,0.0,0.6,-8.4,0.0 (cmd 0.0),0.0 (cmd 0.0)
1.7749000000000001,-8.38,0.0,0.0,0.6,0.0,0.0,0.6,-8.4,0.0 (cmd 0.0),0.0 (cmd 0.0)
1.7753999999999999,-8.38,0.0,0.0,0.59,0.0,0.0,0.6,-8.4,0.0 (cmd 0.0),0.0 (cmd 0.0)
1.7759,-8.39,0.0,0.0,0.59,0.0,0.0,0.6,-8.4,0.0 (cmd 0.0),0.0 (cmd 0.0)
1.7763999999999998,-8.39,0.0,0.0,0.59,0.0,0.0,0.6,-8.4,0.0 (cmd 0.0),0.0 (cmd 0.0)
1.7769000000000001,-8.39,0.0,0.0,0.6,0.0,0.0,0.6,-8.4,0.0 (cmd 0.0),0.0 (cmd 0.0)
1.7774,-8.37,0.0,0.0,0.6,0.0,0.0,0.6,-8.4,0.0 (cmd 0.0),0.0 (cmd 0.0)
1.7778999999999998,-8.37,0.0,0.0,0.61,0.0,0.0,0.6,-8.4,0.0 (cmd 0.0),0.0 (cmd 0.0)
1.7784,-8.36,0.0,0.0,0.65,0.0,0.0,0.7,-8.4,0.0 (cmd 0.0),0.0 (cmd 0.0)
1.7789,-8.36,0.0,0.0,0.67,0.0,0.0,0.7,-8.4,0.0 (cmd 0.0),0.0 (cmd 0.0)
1.7794,-8.34,0.0,0.0,0.66,0.0,0.0,0.7,-8.3,0.0 (cmd 0.0),0.0 (cmd 0.0)
1.7799,-8.35,0.0,0.0,0.65,0.0,0.0,0.7,-8.3,0.0 (cmd 0.0),0.0 (cmd 0.0)
1.7803999999999998,-8.34,0.0,0.0,0.67,0.0,0.0,0.7,-8.3,0.0 (cmd 0.0),0.0 (cmd 0.0)
1.7809000000000001,-8.34,0.0,0.0,0.7,0.0,0.0,0.7,-8.3,0.0 (cmd 0.0),0.0 (cmd 0.0)
1.7813999999999999,-8.33,0.0,0.0,0.69,0.0,0.0,0.7,-8.3,0.0 (cmd 0.0),0.0 (cmd 0.0)
1.7819,-8.33,0.0,0.0,0.71,0.0,0.0,0.7,-8.3,0.0 (cmd 0.0),0.0 (cmd 0.0)
1.7824,-8.32,0.0,0.0,0.72,0.0,0.0,0.7,-8.3,0.0 (cmd 0.0),0.0 (cmd 0.0)
1.7829,-8.31,0.0,0.0,0.72,0.0,0.0,0.7,-8.3,0.0 (cmd 0.0),0.0 (cmd 0.0)
1.7834,-8.31,0.0,0.0,0.74,0.0,0.0,0.7,-8.3,0.0 (cmd 0.0),0.0 (cmd 0.0)
1.7838999999999998,-8.3,0.0,0.0,0.75,0.0,0.0,0.8,-8.3,0.0 (cmd 0.0),0.0 (cmd 0.0)
1.7844,-8.3,0.0,0.0,0.75,0.0,0.0,0.8,-8.3,0.0 (cmd 0.0),0.0 (cmd 0.0)
1.7849000000000002,-8.29,0.0,0.0,0.76,0.0,0.0,0.8,-8.3,0.0 (cmd 0.0),0.0 (cmd 0.0)
1.7853999999999999,-8.29,0.0,0.0,0.76,0.0,0.0,0.8,-8.3,0.0 (cmd 0.0),0.0 (cmd 0.0)
1.7859,-8.29,0.0,0.0,0.76,0.0,0.0,0.8,-8.3,0.0 (cmd 0.0),0.0 (cmd 0.0)
1.7863999999999998,-8.28,0.0,0.0,0.77,0.0,0.0,0.8,-8.3,0.0 (cmd 0.0),0.0 (cmd 0.0)
1.7869000000000002,-8.28,0.0,0.0,0.77,0.0,0.0,0.8,-8.3,0.0 (cmd 0.0),0.0 (cmd 0.0)
1.7874,-8.28,0.0,0.0,0.78,0.0,0.0,0.8,-8.3,0.0 (cmd 0.0),0.0 (cmd 0.0)
1.7878999999999998,-8.27,0.0,0.0,0.79,0.0,0.0,0.8,-8.3,0.0 (cmd 0.0),0.0 (cmd 0.0)
1.7884,-8.27,0.0,0.0,0.78,0.0,0.0,0.8,-8.3,0.0 (cmd 0.0),0.0 (cmd 0.0)
1.7889,-8.27,0.0,0.0,0.8,0.0,0.0,0.8,-8.3,0.0 (cmd 0.0),0.0 (cmd 0.0)
1.7894,-8.27,0.0,0.0,0.8,0.0,0.0,0.8,-8.3,0.0 (cmd 0.0),0.0 (cmd 0.0)
1.7899,-8.27,0.0,0.0,0.81,0.0,0.0,0.8,-8.3,0.0 (cmd 0.0),0.0 (cmd 0.0)
1.7903999999999998,-8.27,0.0,0.0,0.82,0.0,0.0,0.8,-8.3,0.0 (cmd 0.0),0.0 (cmd 0.0)
1.7909000000000002,-8.26,0.0,0.0,0.84,0.0,0.0,0.8,-8.3,0.0 (cmd 0.0),0.0 (cmd 0.0)
1.7913999999999999,-8.24,0.0,0.0,0.85,0.0,0.0,0.8,-8.2,0.0 (cmd 0.0),0.0 (cmd 0.0)
1.7919,-8.26,0.0,0.0,0.83,0.0,0.0,0.8,-8.3,0.0 (cmd 0.0),0.0 (cmd 0.0)
1.7924,-8.27,0.0,0.0,0.84,0.0,0.0,0.8,-8.3,0.0 (cmd 0.0),0.0 (cmd 0.0)
1.7929,-8.24,0.0,0.0,0.86,0.0,0.0,0.9,-8.2,0.0 (cmd 0.0),0.0 (cmd 0.0)
1.7934,-8.24,0.0,0.0,0.86,0.0,0.0,0.9,-8.2,0.0 (cmd 0.0),0.0 (cmd 0.0)
1.7938999999999998,-8.24,0.0,0.0,0.85,0.0,0.0,0.8,-8.2,0.0 (cmd 0.0),0.0 (cmd 0.0)
1.7944,-8.24,0.0,0.0,0.88,0.0,0.0,0.9,-8.2,0.0 (cmd 0.0),0.0 (cmd 0.0)
1.7949000000000002,-8.23,0.0,0.0,0.89,0.0,0.0,0.9,-8.2,0.0 (cmd 0.0),0.0 (cmd 0.0)
1.7953999999999999,-8.21,0.0,0.0,0.88,0.0,0.0,0.9,-8.2,0.0 (cmd 0.0),0.0 (cmd 0.0)
1.7959,-8.22,0.0,0.0,0.86,0.0,0.0,0.9,-8.2,0.0 (cmd 0.0),0.0 (cmd 0.0)
1.7963999999999998,-8.23,0.0,0.0,0.84,0.0,0.0,0.8,-8.2,0.0 (cmd 0.0),0.0 (cmd 0.0)
1.7969000000000002,-8.22,0.0,0.0,0.82,0.0,0.0,0.8,-8.2,0.0 (cmd 0.0),0.0 (cmd 0.0)
1.7974,-8.21,0.0,0.0,0.81,0.0,0.0,0.8,-8.2,0.0 (cmd 0.0),0.0 (cmd 0.0)
1.7978999999999998,-8.21,0.0,0.0,0.8,0.0,0.0,0.8,-8.2,0.0 (cmd 0.0),0.0 (cmd 0.0)
1.7984,-8.2,0.0,0.0,0.78,0.0,0.0,0.8,-8.2,0.0 (cmd 0.0),0.0 (cmd 0.0)
1.7989,-8.21,0.0,0.0,0.77,0.0,0.0,0.8,-8.2,0.0 (cmd 0.0),0.0 (cmd 0.0)
1.7994,-8.2,0.0,0.0,0.76,0.0,0.0,0.8,-8.2,0.0 (cmd 0.0),0.0 (cmd 0.0)
1.7999,-8.21,0.0,0.0,0.75,0.0,0.0,0.8,-8.2,0.0 (cmd 0.0),0.0 (cmd 0.0)
1.8003999999999998,-8.21,0.0,0.0,0.75,0.0,0.0,0.8,-8.2,0.0 (cmd 0.0),0.0 (cmd 0.0)
1.8009000000000002,-8.21,0.0,0.0,0.74,0.0,0.0,0.7,-8.2,0.0 (cmd 0.0),0.0 (cmd 0.0)
1.8014,-8.2,0.0,0.0,0.74,0.0,0.0,0.7,-8.2,0.0 (cmd 0.0),0.0 (cmd 0.0)
1.8019,-8.19,0.0,0.0,0.71,0.0,0.0,0.7,-8.2,0.0 (cmd 0.0),0.0 (cmd 0.0)
1.8024,-8.2,0.0,0.0,0.7,0.0,0.0,0.7,-8.2,0.0 (cmd 0.0),0.0 (cmd 0.0)
1.8029,-8.21,0.0,0.0,0.7,0.0,0.0,0.7,-8.2,0.0 (cmd 0.0),0.0 (cmd 0.0)
1.8034000000000001,-8.19,0.0,0.0,0.71,0.0,0.0,0.7,-8.2,0.0 (cmd 0.0),0.0 (cmd 0.0)
1.8038999999999998,-8.18,0.0,0.0,0.71,0.0,0.0,0.7,-8.2,0.0 (cmd 0.0),0.0 (cmd 0.0)
1.8044,-8.18,0.0,0.0,0.71,0.0,0.0,0.7,-8.2,0.0 (cmd 0.0),0.0 (cmd 0.0)
1.8049000000000002,-8.17,0.0,0.0,0.76,0.0,0.0,0.8,-8.2,0.0 (cmd 0.0),0.0 (cmd 0.0)
1.8054,-8.16,0.0,0.0,0.76,0.0,0.0,0.8,-8.2,0.0 (cmd 0.0),0.0 (cmd 0.0)
1.8059,-8.16,0.0,0.0,0.74,0.0,0.0,0.7,-8.2,0.0 (cmd 0.0),0.0 (cmd 0.0)
1.8063999999999998,-8.16,0.0,0.0,0.75,0.0,0.0,0.8,-8.2,0.0 (cmd 0.0),0.0 (cmd 0.0)
1.8069000000000002,-8.16,0.0,0.0,0.76,0.0,0.0,0.8,-8.2,0.0 (cmd 0.0),0.0 (cmd 0.0)
1.8074000000000001,-8.14,0.0,0.0,0.75,0.0,0.0,0.8,-8.1,0.0 (cmd 0.0),0.0 (cmd 0.0)
1.8078999999999998,-8.14,0.0,0.0,0.76,0.0,0.0,0.8,-8.1,0.0 (cmd 0.0),0.0 (cmd 0.0)
1.8084,-8.16,0.0,0.0,0.75,0.0,0.0,0.8,-8.2,0.0 (cmd 0.0),0.0 (cmd 0.0)
1.8089,-8.12,0.0,0.0,0.75,0.0,0.0,0.8,-8.1,0.0 (cmd 0.0),0.0 (cmd 0.0)
1.8094000000000001,-8.12,0.0,0.0,0.77,0.0,0.0,0.8,-8.1,0.0 (cmd 0.0),0.0 (cmd 0.0)
1.8099,-8.12,0.0,0.0,0.77,0.0,0.0,0.8,-8.1,0.0 (cmd 0.0),0.0 (cmd 0.0)
1.8103999999999998,-8.12,0.0,0.0,0.77,0.0,0.0,0.8,-8.1,0.0 (cmd 0.0),0.0 (cmd 0.0)
1.8109000000000002,-8.13,0.0,0.0,0.77,0.0,0.0,0.8,-8.1,0.0 (cmd 0.0),0.0 (cmd 0.0)
1.8114,-8.11,0.0,0.0,0.78,0.0,0.0,0.8,-8.1,0.0 (cmd 0.0),0.0 (cmd 0.0)
1.8119,-8.1,0.0,0.0,0.77,0.0,0.0,0.8,-8.1,0.0 (cmd 0.0),0.0 (cmd 0.0)
1.8124,-8.12,0.0,0.0,0.78,0.0,0.0,0.8,-8.1,0.0 (cmd 0.0),0.0 (cmd 0.0)
1.8129,-8.12,0.0,0.0,0.77,0.0,0.0,0.8,-8.1,0.0 (cmd 0.0),0.0 (cmd 0.0)
1.8134000000000001,-8.12,0.0,0.0,0.78,0.0,0.0,0.8,-8.1,0.0 (cmd 0.0),0.0 (cmd 0.0)
1.8138999999999998,-8.13,0.0,0.0,0.77,0.0,0.0,0.8,-8.1,0.0 (cmd 0.0),0.0 (cmd 0.0)
1.8144,-8.13,0.0,0.0,0.77,0.0,0.0,0.8,-8.1,0.0 (cmd 0.0),0.0 (cmd 0.0)
1.8149000000000002,-8.13,0.0,0.0,0.78,0.0,0.0,0.8,-8.1,0.0 (cmd 0.0),0.0 (cmd 0.0)
1.8154,-8.13,0.0,0.0,0.78,0.0,0.0,0.8,-8.1,0.0 (cmd 0.0),0.0 (cmd 0.0)
1.8159,-8.14,0.0,0.0,0.78,0.0,0.0,0.8,-8.1,0.0 (cmd 0.0),0.0 (cmd 0.0)
1.8163999999999998,-8.17,0.0,0.0,0.76,0.0,0.0,0.8,-8.2,0.0 (cmd 0.0),0.0 (cmd 0.0)
1.8169000000000002,-8.17,0.0,0.0,0.76,0.0,0.0,0.8,-8.2,0.0 (cmd 0.0),0.0 (cmd 0.0)
1.8174000000000001,-8.16,0.0,0.0,0.77,0.0,0.0,0.8,-8.2,0.0 (cmd 0.0),0.0 (cmd 0.0)
1.8178999999999998,-8.14,0.0,0.0,0.77,0.0,0.0,0.8,-8.1,0.0 (cmd 0.0),0.0 (cmd 0.0)
1.8184,-8.12,0.0,0.0,0.79,0.0,0.0,0.8,-8.1,0.0 (cmd 0.0),0.0 (cmd 0.0)
1.8189,-8.14,0.0,0.0,0.76,0.0,0.0,0.8,-8.1,0.0 (cmd 0.0),0.0 (cmd 0.0)
1.8194000000000001,-8.17,0.0,0.0,0.75,0.0,0.0,0.8,-8.2,0.0 (cmd 0.0),0.0 (cmd 0.0)
1.8199,-8.18,0.0,0.0,0.76,0.0,0.0,0.8,-8.2,0.0 (cmd 0.0),0.0 (cmd 0.0)
1.8203999999999998,-8.16,0.0,0.0,0.77,0.0,0.0,0.8,-8.2,0.0 (cmd 0.0),0.0 (cmd 0.0)
1.8209000000000002,-8.12,0.0,0.0,0.78,0.0,0.0,0.8,-8.1,0.0 (cmd 0.0),0.0 (cmd 0.0)
1.8214,-8.13,0.0,0.0,0.76,0.0,0.0,0.8,-8.1,0.0 (cmd 0.0),0.0 (cmd 0.0)
1.8219,-8.16,0.0,0.0,0.74,0.0,0.0,0.7,-8.2,0.0 (cmd 0.0),0.0 (cmd 0.0)
1.8224,-8.14,0.0,0.0,0.75,0.0,0.0,0.8,-8.1,0.0 (cmd 0.0),0.0 (cmd 0.0)
1.8229,-8.14,0.0,0.0,0.72,0.0,0.0,0.7,-8.1,0.0 (cmd 0.0),0.0 (cmd 0.0)
1.8234000000000001,-8.14,0.0,0.0,0.71,0.0,0.0,0.7,-8.1,0.0 (cmd 0.0),0.0 (cmd 0.0)
1.8238999999999999,-8.14,0.0,0.0,0.71,0.0,0.0,0.7,-8.1,0.0 (cmd 0.0),0.0 (cmd 0.0)
1.8244,-8.16,0.0,0.0,0.7,0.0,0.0,0.7,-8.2,0.0 (cmd 0.0),0.0 (cmd 0.0)
1.8249000000000002,-8.15,0.0,0.0,0.7,0.0,0.0,0.7,-8.2,0.0 (cmd 0.0),0.0 (cmd 0.0)
1.8254,-8.17,0.0,0.0,0.69,0.0,0.0,0.7,-8.2,0.0 (cmd 0.0),0.0 (cmd 0.0)
1.8259,-8.17,0.0,0.0,0.67,0.0,0.0,0.7,-8.2,0.0 (cmd 0.0),0.0 (cmd 0.0)
1.8263999999999998,-8.16,0.0,0.0,0.67,0.0,0.0,0.7,-8.2,0.0 (cmd 0.0),0.0 (cmd 0.0)
1.8269000000000002,-8.17,0.0,0.0,0.67,0.0,0.0,0.7,-8.2,0.0 (cmd 0.0),0.0 (cmd 0.0)
1.8274000000000001,-8.16,0.0,0.0,0.68,0.0,0.0,0.7,-8.2,0.0 (cmd 0.0),0.0 (cmd 0.0)
1.8278999999999999,-8.16,0.0,0.0,0.68,0.0,0.0,0.7,-8.2,0.0 (cmd 0.0),0.0 (cmd 0.0)
1.8284,-8.16,0.0,0.0,0.67,0.0,0.0,0.7,-8.2,0.0 (cmd 0.0),0.0 (cmd 0.0)
1.8289,-8.17,0.0,0.0,0.68,0.0,0.0,0.7,-8.2,0.0 (cmd 0.0),0.0 (cmd 0.0)
1.8294000000000001,-8.17,0.0,0.0,0.69,0.0,0.0,0.7,-8.2,0.0 (cmd 0.0),0.0 (cmd 0.0)
1.8299,-8.18,0.0,0.0,0.68,0.0,0.0,0.7,-8.2,0.0 (cmd 0.0),0.0 (cmd 0.0)
1.8303999999999998,-8.18,0.0,0.0,0.68,0.0,0.0,0.7,-8.2,0.0 (cmd 0.0),0.0 (cmd 0.0)
1.8309000000000002,-8.19,0.0,0.0,0.68,0.0,0.0,0.7,-8.2,0.0 (cmd 0.0),0.0 (cmd 0.0)
1.8314,-8.21,0.0,0.0,0.65,0.0,0.0,0.7,-8.2,0.0 (cmd 0.0),0.0 (cmd 0.0)
1.8319,-8.2,0.0,0.0,0.65,0.0,0.0,0.7,-8.2,0.0 (cmd 0.0),0.0 (cmd 0.0)
1.8324,-8.21,0.0,0.0,0.64,0.0,0.0,0.6,-8.2,0.0 (cmd 0.0),0.0 (cmd 0.0)
1.8329,-8.23,0.0,0.0,0.61,0.0,0.0,0.6,-8.2,0.0 (cmd 0.0),0.0 (cmd 0.0)
1.8334000000000001,-8.23,0.0,0.0,0.63,0.0,0.0,0.6,-8.2,0.0 (cmd 0.0),0.0 (cmd 0.0)
1.8338999999999999,-8.22,0.0,0.0,0.64,0.0,0.0,0.6,-8.2,0.0 (cmd 0.0),0.0 (cmd 0.0)
1.8344,-8.2,0.0,0.0,0.64,0.0,0.0,0.6,-8.2,0.0 (cmd 0.0),0.0 (cmd 0.0)
1.8349000000000002,-8.22,0.0,0.0,0.64,0.0,0.0,0.6,-8.2,0.0 (cmd 0.0),0.0 (cmd 0.0)
1.8354,-8.22,0.0,0.0,0.64,0.0,0.0,0.6,-8.2,0.0 (cmd 0.0),0.0 (cmd 0.0)
1.8359,-8.21,0.0,0.0,0.64,0.0,0.0,0.6,-8.2,0.0 (cmd 0.0),0.0 (cmd 0.0)
1.8363999999999998,-8.21,0.0,0.0,0.64,0.0,0.0,0.6,-8.2,0.0 (cmd 0.0),0.0 (cmd 0.0)
1.8369000000000002,-8.19,0.0,0.0,0.68,0.0,0.0,0.7,-8.2,0.0 (cmd 0.0),0.0 (cmd 0.0)
1.8374000000000001,-8.18,0.0,0.0,0.67,0.0,0.0,0.7,-8.2,0.0 (cmd 0.0),0.0 (cmd 0.0)
1.8378999999999999,-8.18,0.0,0.0,0.65,0.0,0.0,0.7,-8.2,0.0 (cmd 0.0),0.0 (cmd 0.0)
1.8384,-8.18,0.0,0.0,0.67,0.0,0.0,0.7,-8.2,0.0 (cmd 0.0),0.0 (cmd 0.0)
1.8388999999999998,-8.17,0.0,0.0,0.69,0.0,0.0,0.7,-8.2,0.0 (cmd 0.0),0.0 (cmd 0.0)
1.8394000000000001,-8.16,0.0,0.0,0.7,0.0,0.0,0.7,-8.2,0.0 (cmd 0.0),0.0 (cmd 0.0)
1.8399,-8.17,0.0,0.0,0.71,0.0,0.0,0.7,-8.2,0.0 (cmd 0.0),0.0 (cmd 0.0)
1.8403999999999998,-8.17,0.0,0.0,0.71,0.0,0.0,0.7,-8.2,0.0 (cmd 0.0),0.0 (cmd 0.0)
1.8409,-8.16,0.0,0.0,0.71,0.0,0.0,0.7,-8.2,0.0 (cmd 0.0),0.0 (cmd 0.0)
1.8414,-8.17,0.0,0.0,0.71,0.0,0.0,0.7,-8.2,0.0 (cmd 0.0),0.0 (cmd 0.0)
1.8419,-8.17,0.0,0.0,0.69,0.0,0.0,0.7,-8.2,0.0 (cmd 0.0),0.0 (cmd 0.0)
1.8424,-8.17,0.0,0.0,0.67,0.0,0.0,0.7,-8.2,0.0 (cmd 0.0),0.0 (cmd 0.0)
1.8428999999999998,-8.16,0.0,0.0,0.66,0.0,0.0,0.7,-8.2,0.0 (cmd 0.0),0.0 (cmd 0.0)
1.8434000000000001,-8.16,0.0,0.0,0.65,0.0,0.0,0.7,-8.2,0.0 (cmd 0.0),0.0 (cmd 0.0)
1.8438999999999999,-8.15,0.0,0.0,0.63,0.0,0.0,0.6,-8.2,0.0 (cmd 0.0),0.0 (cmd 0.0)
1.8444,-8.17,0.0,0.0,0.57,0.0,0.0,0.6,-8.2,0.0 (cmd 0.0),0.0 (cmd 0.0)
1.8449,-8.17,0.0,0.0,0.5,0.0,0.0,0.5,-8.2,0.0 (cmd 0.0),0.0 (cmd 0.0)
1.8454,-8.19,0.0,0.0,0.43,0.0,0.0,0.4,-8.2,0.0 (cmd 0.0),0.0 (cmd 0.0)
1.8459,-8.19,0.0,0.0,0.37,0.0,0.0,0.4,-8.2,0.0 (cmd 0.0),0.0 (cmd 0.0)
1.8463999999999998,-8.22,0.0,0.0,0.35,0.0,0.0,0.3,-8.2,0.0 (cmd 0.0),0.0 (cmd 0.0)
1.8469,-8.23,0.0,0.0,0.37,0.0,0.0,0.4,-8.2,0.0 (cmd 0.0),0.0 (cmd 0.0)
1.8474000000000002,-8.23,0.0,0.0,0.35,0.0,0.0,0.3,-8.2,0.0 (cmd 0.0),0.0 (cmd 0.0)
1.8478999999999999,-8.23,0.0,0.0,0.36,0.0,0.0,0.4,-8.2,0.0 (cmd 0.0),0.0 (cmd 0.0)
1.8484,-8.23,0.0,0.0,0.35,0.0,0.0,0.3,-8.2,0.0 (cmd 0.0),0.0 (cmd 0.0)
1.8488999999999998,-8.24,0.0,0.0,0.33,0.0,0.0,0.3,-8.2,0.0 (cmd 0.0),0.0 (cmd 0.0)
1.8494000000000002,-8.25,0.0,0.0,0.3,0.0,0.0,0.3,-8.2,0.0 (cmd 0.0),0.0 (cmd 0.0)
1.8499,-8.24,0.0,0.0,0.3,0.0,0.0,0.3,-8.2,0.0 (cmd 0.0),0.0 (cmd 0.0)
1.8503999999999998,-8.25,0.0,0.0,0.3,0.0,0.0,0.3,-8.2,0.0 (cmd 0.0),0.0 (cmd 0.0)
1.8509,-8.24,0.0,0.0,0.3,0.0,0.0,0.3,-8.2,0.0 (cmd 0.0),0.0 (cmd 0.0)
1.8514,-8.25,0.0,0.0,0.28,0.0,0.0,0.3,-8.2,0.0 (cmd 0.0),0.0 (cmd 0.0)
1.8519,-8.25,0.0,0.0,0.26,0.0,0.0,0.3,-8.2,0.0 (cmd 0.0),0.0 (cmd 0.0)
1.8524,-8.25,0.0,0.0,0.26,0.0,0.0,0.3,-8.2,0.0 (cmd 0.0),0.0 (cmd 0.0)
1.8528999999999998,-8.25,0.0,0.0,0.26,0.0,0.0,0.3,-8.2,0.0 (cmd 0.0),0.0 (cmd 0.0)
1.8534000000000002,-8.24,0.0,0.0,0.26,0.0,0.0,0.3,-8.2,0.0 (cmd 0.0),0.0 (cmd 0.0)
1.8538999999999999,-8.25,0.0,0.0,0.25,0.0,0.0,0.2,-8.2,0.0 (cmd 0.0),0.0 (cmd 0.0)
1.8544,-8.24,0.0,0.0,0.25,0.0,0.0,0.2,-8.2,0.0 (cmd 0.0),0.0 (cmd 0.0)
1.8549,-8.25,0.0,0.0,0.25,0.0,0.0,0.2,-8.2,0.0 (cmd 0.0),0.0 (cmd 0.0)
1.8554,-8.26,0.0,0.0,0.26,0.0,0.0,0.3,-8.3,0.0 (cmd 0.0),0.0 (cmd 0.0)
1.8559,-8.26,0.0,0.0,0.26,0.0,0.0,0.3,-8.3,0.0 (cmd 0.0),0.0 (cmd 0.0)
1.8563999999999998,-8.26,0.0,0.0,0.25,0.0,0.0,0.2,-8.3,0.0 (cmd 0.0),0.0 (cmd 0.0)
1.8569,-8.27,0.0,0.0,0.25,0.0,0.0,0.2,-8.3,0.0 (cmd 0.0),0.0 (cmd 0.0)
1.8574000000000002,-8.27,0.0,0.0,0.25,0.0,0.0,0.2,-8.3,0.0 (cmd 0.0),0.0 (cmd 0.0)
1.8578999999999999,-8.27,0.0,0.0,0.24,0.0,0.0,0.2,-8.3,0.0 (cmd 0.0),0.0 (cmd 0.0)
1.8584,-8.27,0.0,0.0,0.24,0.0,0.0,0.2,-8.3,0.0 (cmd 0.0),0.0 (cmd 0.0)
1.8588999999999998,-8.28,0.0,0.0,0.21,0.0,0.0,0.2,-8.3,0.0 (cmd 0.0),0.0 (cmd 0.0)
1.8594000000000002,-8.29,0.0,0.0,0.19,0.0,0.0,0.2,-8.3,0.0 (cmd 0.0),0.0 (cmd 0.0)
1.8599,-8.3,0.0,0.0,0.18,0.0,0.0,0.2,-8.3,0.0 (cmd 0.0),0.0 (cmd 0.0)
1.8603999999999998,-8.31,0.0,0.0,0.15,0.0,0.0,0.1,-8.3,0.0 (cmd 0.0),0.0 (cmd 0.0)
1.8609,-8.31,0.0,0.0,0.07,0.0,0.0,0.1,-8.3,0.0 (cmd 0.0),0.0 (cmd 0.0)
1.8614,-8.33,0.0,0.0,-0.35,0.0,0.0,-0.3,-8.3,0.0 (cmd 0.0),0.0 (cmd 0.0)
1.8619,-8.64,0.0,0.0,-1.41,0.0,0.0,-1.4,-8.6,0.0 (cmd 0.0),0.0 (cmd 0.0)
1.8624,-9.94,0.0,0.0,-2.78,0.0,0.0,-2.8,-9.9,0.0 (cmd 0.0),0.0 (cmd 0.0)
1.8628999999999998,-12.9,0.0,0.0,-5.48,0.0,0.0,-5.5,-12.9,0.0 (cmd 0.0),0.0 (cmd 0.0)
1.8634000000000002,-17.69,0.0,0.0,-8.82,0.0,0.0,-8.8,-17.7,0.0 (cmd 0.0),0.0 (cmd 0.0)
1.8639,-23.23,0.0,0.0,-12.56,0.0,0.0,-12.6,-23.2,0.0 (cmd 0.0),0.0 (cmd 0.0)
1.8644,-28.93,0.0,0.0,-18.67,0.0,0.0,-18.7,-28.9,0.0 (cmd 0.0),0.0 (cmd 0.0)
1.8649,-32.91,0.0,0.0,-23.87,0.0,0.0,-23.9,-32.9,0.0 (cmd 0.0),0.0 (cmd 0.0)
1.8654,-38.19,0.0,0.0,-28.29,0.0,0.0,-28.3,-38.2,0.0 (cmd 0.0),0.0 (cmd 0.0)
1.8659000000000001,-41.14,0.0,0.0,-31.34,0.0,0.0,-31.3,-41.1,0.0 (cmd 0.0),0.0 (cmd 0.0)
1.8663999999999998,-44.27,0.0,0.0,-36.08,0.0,0.0,-36.1,-44.3,0.0 (cmd 0.0),0.0 (cmd 0.0)
1.8669,-47.69,0.0,0.0,-39.38,0.0,0.0,-39.4,-47.7,0.0 (cmd 0.0),0.0 (cmd 0.0)
1.8674000000000002,-51.11,0.0,0.0,-42.88,0.0,0.0,-42.9,-51.1,0.0 (cmd 0.0),0.0 (cmd 0.0)
1.8679,-54.87,0.0,0.0,-46.3,0.0,0.0,-46.3,-54.9,0.0 (cmd 0.0),0.0 (cmd 0.0)
1.8684,-57.74,0.0,0.0,-49.45,0.0,0.0,-49.5,-57.7,0.0 (cmd 0.0),0.0 (cmd 0.0)
1.8688999999999998,-60.47,0.0,0.0,-51.45,0.0,0.0,-51.5,-60.5,0.0 (cmd 0.0),0.0 (cmd 0.0)
1.8694000000000002,-63.51,0.0,0.0,-54.06,0.0,0.0,-54.1,-63.5,0.0 (cmd 0.0),0.0 (cmd 0.0)
1.8699000000000001,-66.05,0.0,0.0,-56.41,0.0,0.0,-56.4,-66.0,0.0 (cmd 0.0),0.0 (cmd 0.0)
1.8703999999999998,-67.58,0.0,0.0,-58.36,0.0,0.0,-58.4,-67.6,0.0 (cmd 0.0),0.0 (cmd 0.0)
1.8709,-68.89,0.0,0.0,-59.32,0.0,0.0,-59.3,-68.9,0.0 (cmd 0.0),0.0 (cmd 0.0)
1.8714,-69.39,0.0,0.0,-60.05,0.0,0.0,-60.0,-69.4,0.0 (cmd 0.0),0.0 (cmd 0.0)
1.8719000000000001,-69.44,0.0,0.0,-60.46,0.0,0.0,-60.5,-69.4,0.0 (cmd 0.0),0.0 (cmd 0.0)
1.8724,-69.31,0.0,0.0,-60.58,0.0,0.0,-60.6,-69.3,0.0 (cmd 0.0),0.0 (cmd 0.0)
1.8728999999999998,-69.15,0.0,0.0,-60.56,0.0,0.0,-60.6,-69.2,0.0 (cmd 0.0),0.0 (cmd 0.0)
1.8734000000000002,-69.04,0.0,0.0,-60.68,0.0,0.0,-60.7,-69.0,0.0 (cmd 0.0),0.0 (cmd 0.0)
1.8739,-69.07,0.0,0.0,-61.01,0.0,0.0,-61.0,-69.1,0.0 (cmd 0.0),0.0 (cmd 0.0)
1.8744,-69.56,0.0,0.0,-61.44,0.0,0.0,-61.4,-69.6,0.0 (cmd 0.0),0.0 (cmd 0.0)
1.8749,-70.13,0.0,0.0,-62.37,0.0,0.0,-62.4,-70.1,0.0 (cmd 0.0),0.0 (cmd 0.0)
1.8754,-70.84,0.0,0.0,-63.1,0.0,0.0,-63.1,-70.8,0.0 (cmd 0.0),0.0 (cmd 0.0)
1.8759000000000001,-71.47,0.0,0.0,-63.73,0.0,0.0,-63.7,-71.5,0.0 (cmd 0.0),0.0 (cmd 0.0)
1.8763999999999998,-71.86,0.0,0.0,-64.02,0.0,0.0,-64.0,-71.9,0.0 (cmd 0.0),0.0 (cmd 0.0)
1.8769,-72.15,0.0,0.0,-64.23,0.0,0.0,-64.2,-72.2,0.0 (cmd 0.0),0.0 (cmd 0.0)
1.8774000000000002,-72.39,0.0,0.0,-64.36,0.0,0.0,-64.4,-72.4,0.0 (cmd 0.0),0.0 (cmd 0.0)
1.8779,-72.61,0.0,0.0,-64.48,0.0,0.0,-64.5,-72.6,0.0 (cmd 0.0),0.0 (cmd 0.0)
1.8784,-72.93,0.0,0.0,-64.74,0.0,0.0,-64.7,-72.9,0.0 (cmd 0.0),0.0 (cmd 0.0)
1.8788999999999998,-73.24,0.0,0.0,-65.0,0.0,0.0,-65.0,-73.2,0.0 (cmd 0.0),0.0 (cmd 0.0)
1.8794000000000002,-73.52,0.0,0.0,-65.22,0.0,0.0,-65.2,-73.5,0.0 (cmd 0.0),0.0 (cmd 0.0)
1.8799000000000001,-73.72,0.0,0.0,-65.31,0.0,0.0,-65.3,-73.7,0.0 (cmd 0.0),0.0 (cmd 0.0)
1.8803999999999998,-73.77,0.0,0.0,-65.4,0.0,0.0,-65.4,-73.8,0.0 (cmd 0.0),0.0 (cmd 0.0)
1.8809,-73.73,0.0,0.0,-65.45,0.0,0.0,-65.5,-73.7,0.0 (cmd 0.0),0.0 (cmd 0.0)
1.8814,-73.74,0.0,0.0,-65.46,0.0,0.0,-65.5,-73.7,0.0 (cmd 0.0),0.0 (cmd 0.0)
1.8819000000000001,-73.69,0.0,0.0,-65.5,0.0,0.0,-65.5,-73.7,0.0 (cmd 0.0),0.0 (cmd 0.0)
1.8824,-73.65,0.0,0.0,-65.62,0.0,0.0,-65.6,-73.7,0.0 (cmd 0.0),0.0 (cmd 0.0)
1.8828999999999998,-73.65,0.0,0.0,-65.71,0.0,0.0,-65.7,-73.7,0.0 (cmd 0.0),0.0 (cmd 0.0)
1.8834000000000002,-73.65,0.0,0.0,-65.78,0.0,0.0,-65.8,-73.7,0.0 (cmd 0.0),0.0 (cmd 0.0)
1.8839,-73.61,0.0,0.0,-65.86,0.0,0.0,-65.9,-73.6,0.0 (cmd 0.0),0.0 (cmd 0.0)
1.8844,-73.52,0.0,0.0,-65.88,0.0,0.0,-65.9,-73.5,0.0 (cmd 0.0),0.0 (cmd 0.0)
1.8849,-73.5,0.0,0.0,-65.88,0.0,0.0,-65.9,-73.5,0.0 (cmd 0.0),0.0 (cmd 0.0)
1.8854,-73.46,0.0,0.0,-65.91,0.0,0.0,-65.9,-73.5,0.0 (cmd 0.0),0.0 (cmd 0.0)
1.8859000000000001,-73.46,0.0,0.0,-65.93,0.0,0.0,-65.9,-73.5,0.0 (cmd 0.0),0.0 (cmd 0.0)
1.8863999999999999,-73.51,0.0,0.0,-65.93,0.0,0.0,-65.9,-73.5,0.0 (cmd 0.0),0.0 (cmd 0.0)
1.8869,-73.52,0.0,0.0,-65.96,0.0,0.0,-66.0,-73.5,0.0 (cmd 0.0),0.0 (cmd 0.0)
1.8874000000000002,-73.54,0.0,0.0,-65.92,0.0,0.0,-65.9,-73.5,0.0 (cmd 0.0),0.0 (cmd 0.0)
1.8879,-73.46,0.0,0.0,-65.8,0.0,0.0,-65.8,-73.5,0.0 (cmd 0.0),0.0 (cmd 0.0)
1.8884,-73.46,0.0,0.0,-65.79,0.0,0.0,-65.8,-73.5,0.0 (cmd 0.0),0.0 (cmd 0.0)
1.8888999999999998,-73.51,0.0,0.0,-65.86,0.0,0.0,-65.9,-73.5,0.0 (cmd 0.0),0.0 (cmd 0.0)
1.8894000000000002,-73.57,0.0,0.0,-65.89,0.0,0.0,-65.9,-73.6,0.0 (cmd 0.0),0.0 (cmd 0.0)
1.8899000000000001,-73.61,0.0,0.0,-65.95,0.0,0.0,-66.0,-73.6,0.0 (cmd 0.0),0.0 (cmd 0.0)
1.8903999999999999,-73.71,0.0,0.0,-66.05,0.0,0.0,-66.0,-73.7,0.0 (cmd 0.0),0.0 (cmd 0.0)
1.8909,-73.83,0.0,0.0,-66.13,0.0,0.0,-66.1,-73.8,0.0 (cmd 0.0),0.0 (cmd 0.0)
1.8914,-73.88,0.0,0.0,-66.16,0.0,0.0,-66.2,-73.9,0.0 (cmd 0.0),0.0 (cmd 0.0)
1.8919000000000001,-73.91,0.0,0.0,-66.21,0.0,0.0,-66.2,-73.9,0.0 (cmd 0.0),0.0 (cmd 0.0)
1.8924,-73.95,0.0,0.0,-66.27,0.0,0.0,-66.3,-74.0,0.0 (cmd 0.0),0.0 (cmd 0.0)
1.8928999999999998,-73.96,0.0,0.0,-66.3,0.0,0.0,-66.3,-74.0,0.0 (cmd 0.0),0.0 (cmd 0.0)
1.8934000000000002,-74.0,0.0,0.0,-66.34,0.0,0.0,-66.3,-74.0,0.0 (cmd 0.0),0.0 (cmd 0.0)
1.8939,-74.04,0.0,0.0,-66.39,0.0,0.0,-66.4,-74.0,0.0 (cmd 0.0),0.0 (cmd 0.0)
1.8944,-74.06,0.0,0.0,-66.44,0.0,0.0,-66.4,-74.1,0.0 (cmd 0.0),0.0 (cmd 0.0)
1.8949,-74.08,0.0,0.0,-66.5,0.0,0.0,-66.5,-74.1,0.0 (cmd 0.0),0.0 (cmd 0.0)
1.8954,-74.12,0.0,0.0,-66.52,0.0,0.0,-66.5,-74.1,0.0 (cmd 0.0),0.0 (cmd 0.0)
1.8959000000000001,-74.13,0.0,0.0,-66.55,0.0,0.0,-66.5,-74.1,0.0 (cmd 0.0),0.0 (cmd 0.0)
1.8963999999999999,-74.13,0.0,0.0,-66.55,0.0,0.0,-66.5,-74.1,0.0 (cmd 0.0),0.0 (cmd 0.0)
1.8969,-74.16,0.0,0.0,-66.55,0.0,0.0,-66.5,-74.2,0.0 (cmd 0.0),0.0 (cmd 0.0)
1.8974000000000002,-74.18,0.0,0.0,-66.57,0.0,0.0,-66.6,-74.2,0.0 (cmd 0.0),0.0 (cmd 0.0)
1.8979,-74.19,0.0,0.0,-66.58,0.0,0.0,-66.6,-74.2,0.0 (cmd 0.0),0.0 (cmd 0.0)
1.8984,-74.19,0.0,0.0,-66.6,0.0,0.0,-66.6,-74.2,0.0 (cmd 0.0),0.0 (cmd 0.0)
1.8988999999999998,-74.22,0.0,0.0,-66.61,0.0,0.0,-66.6,-74.2,0.0 (cmd 0.0),0.0 (cmd 0.0)
1.8994000000000002,-74.19,0.0,0.0,-66.63,0.0,0.0,-66.6,-74.2,0.0 (cmd 0.0),0.0 (cmd 0.0)
1.8999000000000001,-74.17,0.0,0.0,-66.62,0.0,0.0,-66.6,-74.2,0.0 (cmd 0.0),0.0 (cmd 0.0)
1.9003999999999999,-74.16,0.0,0.0,-66.62,0.0,0.0,-66.6,-74.2,0.0 (cmd 0.0),0.0 (cmd 0.0)
1.9009,-74.14,0.0,0.0,-66.63,0.0,0.0,-66.6,-74.1,0.0 (cmd 0.0),0.0 (cmd 0.0)
1.9013999999999998,-74.15,0.0,0.0,-66.62,0.0,0.0,-66.6,-74.2,0.0 (cmd 0.0),0.0 (cmd 0.0)
1.9019000000000001,-74.16,0.0,0.0,-66.63,0.0,0.0,-66.6,-74.2,0.0 (cmd 0.0),0.0 (cmd 0.0)
1.9024,-74.16,0.0,0.0,-66.62,0.0,0.0,-66.6,-74.2,0.0 (cmd 0.0),0.0 (cmd 0.0)
1.9028999999999998,-74.17,0.0,0.0,-66.6,0.0,0.0,-66.6,-74.2,0.0 (cmd 0.0),0.0 (cmd 0.0)
1.9034,-74.16,0.0,0.0,-66.6,0.0,0.0,-66.6,-74.2,0.0 (cmd 0.0),0.0 (cmd 0.0)
1.9039,-74.17,0.0,0.0,-66.58,0.0,0.0,-66.6,-74.2,0.0 (cmd 0.0),0.0 (cmd 0.0)
1.9044,-74.17,0.0,0.0,-66.6,0.0,0.0,-66.6,-74.2,0.0 (cmd 0.0),0.0 (cmd 0.0)
1.9049,-74.18,0.0,0.0,-66.63,0.0,0.0,-66.6,-74.2,0.0 (cmd 0.0),0.0 (cmd 0.0)
1.9053999999999998,-74.18,0.0,0.0,-66.64,0.0,0.0,-66.6,-74.2,0.0 (cmd 0.0),0.0 (cmd 0.0)
1.9059000000000001,-74.19,0.0,0.0,-66.66,0.0,0.0,-66.7,-74.2,0.0 (cmd 0.0),0.0 (cmd 0.0)
1.9063999999999999,-74.19,0.0,0.0,-66.66,0.0,0.0,-66.7,-74.2,0.0 (cmd 0.0),0.0 (cmd 0.0)
1.9069,-74.19,0.0,0.0,-66.69,0.0,0.0,-66.7,-74.2,0.0 (cmd 0.0),0.0 (cmd 0.0)
1.9074,-74.2,0.0,0.0,-66.69,0.0,0.0,-66.7,-74.2,0.0 (cmd 0.0),0.0 (cmd 0.0)
1.9079,-74.2,0.0,0.0,-66.67,0.0,0.0,-66.7,-74.2,0.0 (cmd 0.0),0.0 (cmd 0.0)
1.9084,-74.21,0.0,0.0,-66.71,0.0,0.0,-66.7,-74.2,0.0 (cmd 0.0),0.0 (cmd 0.0)
1.9088999999999998,-74.21,0.0,0.0,-66.71,0.0,0.0,-66.7,-74.2,0.0 (cmd 0.0),0.0 (cmd 0.0)
1.9094,-74.21,0.0,0.0,-66.73,0.0,0.0,-66.7,-74.2,0.0 (cmd 0.0),0.0 (cmd 0.0)
1.9099000000000002,-74.22,0.0,0.0,-66.75,0.0,0.0,-66.8,-74.2,0.0 (cmd 0.0),0.0 (cmd 0.0)
1.9103999999999999,-74.24,0.0,0.0,-66.78,0.0,0.0,-66.8,-74.2,0.0 (cmd 0.0),0.0 (cmd 0.0)
1.9109,-74.27,0.0,0.0,-66.75,0.0,0.0,-66.8,-74.3,0.0 (cmd 0.0),0.0 (cmd 0.0)
1.9113999999999998,-74.17,0.0,0.0,-66.71,0.0,0.0,-66.7,-74.2,0.0 (cmd 0.0),0.0 (cmd 0.0)
1.9119000000000002,-74.05,0.0,0.0,-66.66,0.0,0.0,-66.7,-74.0,0.0 (cmd 0.0),0.0 (cmd 0.0)
1.9124,-73.96,0.0,0.0,-66.63,0.0,0.0,-66.6,-74.0,0.0 (cmd 0.0),0.0 (cmd 0.0)
1.9128999999999998,-73.82,0.0,0.0,-66.65,0.0,0.0,-66.7,-73.8,0.0 (cmd 0.0),0.0 (cmd 0.0)
1.9134,-73.77,0.0,0.0,-66.66,0.0,0.0,-66.7,-73.8,0.0 (cmd 0.0),0.0 (cmd 0.0)
1.9139,-73.74,0.0,0.0,-66.64,0.0,0.0,-66.6,-73.7,0.0 (cmd 0.0),0.0 (cmd 0.0)
1.9144,-73.72,0.0,0.0,-66.6,0.0,0.0,-66.6,-73.7,0.0 (cmd 0.0),0.0 (cmd 0.0)
1.9149,-73.64,0.0,0.0,-66.54,0.0,0.0,-66.5,-73.6,0.0 (cmd 0.0),0.0 (cmd 0.0)
1.9153999999999998,-73.56,0.0,0.0,-66.51,0.0,0.0,-66.5,-73.6,0.0 (cmd 0.0),0.0 (cmd 0.0)
1.9159000000000002,-73.48,0.0,0.0,-66.5,0.0,0.0,-66.5,-73.5,0.0 (cmd 0.0),0.0 (cmd 0.0)
1.9163999999999999,-73.45,0.0,0.0,-66.51,0.0,0.0,-66.5,-73.5,0.0 (cmd 0.0),0.0 (cmd 0.0)
1.9169,-73.45,0.0,0.0,-66.55,0.0,0.0,-66.5,-73.5,0.0 (cmd 0.0),0.0 (cmd 0.0)
1.9174,-73.49,0.0,0.0,-66.55,0.0,0.0,-66.5,-73.5,0.0 (cmd 0.0),0.0 (cmd 0.0)
1.9179,-73.49,0.0,0.0,-66.55,0.0,0.0,-66.5,-73.5,0.0 (cmd 0.0),0.0 (cmd 0.0)
1.9184,-73.49,0.0,0.0,-66.55,0.0,0.0,-66.5,-73.5,0.0 (cmd 0.0),0.0 (cmd 0.0)
1.9188999999999998,-73.48,0.0,0.0,-66.56,0.0,0.0,-66.6,-73.5,0.0 (cmd 0.0),0.0 (cmd 0.0)
1.9194,-73.46,0.0,0.0,-66.55,0.0,0.0,-66.5,-73.5,0.0 (cmd 0.0),0.0 (cmd 0.0)
1.9199000000000002,-73.45,0.0,0.0,-66.52,0.0,0.0,-66.5,-73.5,0.0 (cmd 0.0),0.0 (cmd 0.0)
1.9203999999999999,-73.46,0.0,0.0,-66.62,0.0,0.0,-66.6,-73.5,0.0 (cmd 0.0),0.0 (cmd 0.0)
1.9209,-73.47,0.0,0.0,-66.75,0.0,0.0,-66.8,-73.5,0.0 (cmd 0.0),0.0 (cmd 0.0)
1.9213999999999998,-73.51,0.0,0.0,-66.82,0.0,0.0,-66.8,-73.5,0.0 (cmd 0.0),0.0 (cmd 0.0)
1.9219000000000002,-73.51,0.0,0.0,-66.84,0.0,0.0,-66.8,-73.5,0.0 (cmd 0.0),0.0 (cmd 0.0)
1.9224,-73.51,0.0,0.0,-66.74,0.0,0.0,-66.7,-73.5,0.0 (cmd 0.0),0.0 (cmd 0.0)
1.9228999999999998,-73.52,0.0,0.0,-66.65,0.0,0.0,-66.7,-73.5,0.0 (cmd 0.0),0.0 (cmd 0.0)
1.9234,-73.55,0.0,0.0,-66.61,0.0,0.0,-66.6,-73.5,0.0 (cmd 0.0),0.0 (cmd 0.0)
1.9239,-73.6,0.0,0.0,-66.58,0.0,0.0,-66.6,-73.6,0.0 (cmd 0.0),0.0 (cmd 0.0)
1.9244,-73.66,0.0,0.0,-66.61,0.0,0.0,-66.6,-73.7,0.0 (cmd 0.0),0.0 (cmd 0.0)
1.9249,-73.69,0.0,0.0,-66.62,0.0,0.0,-66.6,-73.7,0.0 (cmd 0.0),0.0 (cmd 0.0)
1.9253999999999998,-73.71,0.0,0.0,-66.62,0.0,0.0,-66.6,-73.7,0.0 (cmd 0.0),0.0 (cmd 0.0)
1.9259000000000002,-73.73,0.0,0.0,-66.61,0.0,0.0,-66.6,-73.7,0.0 (cmd 0.0),0.0 (cmd 0.0)
1.9264,-73.75,0.0,0.0,-66.61,0.0,0.0,-66.6,-73.8,0.0 (cmd 0.0),0.0 (cmd 0.0)
1.9269,-73.79,0.0,0.0,-66.63,0.0,0.0,-66.6,-73.8,0.0 (cmd 0.0),0.0 (cmd 0.0)
1.9274,-73.81,0.0,0.0,-66.69,0.0,0.0,-66.7,-73.8,0.0 (cmd 0.0),0.0 (cmd 0.0)
1.9279,-73.82,0.0,0.0,-66.74,0.0,0.0,-66.7,-73.8,0.0 (cmd 0.0),0.0 (cmd 0.0)
1.9284000000000001,-73.82,0.0,0.0,-66.78,0.0,0.0,-66.8,-73.8,0.0 (cmd 0.0),0.0 (cmd 0.0)
1.9288999999999998,-73.78,0.0,0.0,-66.79,0.0,0.0,-66.8,-73.8,0.0 (cmd 0.0),0.0 (cmd 0.0)
1.9294,-73.76,0.0,0.0,-66.77,0.0,0.0,-66.8,-73.8,0.0 (cmd 0.0),0.0 (cmd 0.0)
1.9299000000000002,-73.83,0.0,0.0,-66.74,0.0,0.0,-66.7,-73.8,0.0 (cmd 0.0),0.0 (cmd 0.0)
1.9304,-73.9,0.0,0.0,-66.74,0.0,0.0,-66.7,-73.9,0.0 (cmd 0.0),0.0 (cmd 0.0)
1.9309,-73.91,0.0,0.0,-66.81,0.0,0.0,-66.8,-73.9,0.0 (cmd 0.0),0.0 (cmd 0.0)
1.9313999999999998,-73.86,0.0,0.0,-66.91,0.0,0.0,-66.9,-73.9,0.0 (cmd 0.0),0.0 (cmd 0.0)
1.9319000000000002,-73.85,0.0,0.0,-67.0,0.0,0.0,-67.0,-73.8,0.0 (cmd 0.0),0.0 (cmd 0.0)
1.9324000000000001,-73.84,0.0,0.0,-67.04,0.0,0.0,-67.0,-73.8,0.0 (cmd 0.0),0.0 (cmd 0.0)
1.9328999999999998,-73.83,0.0,0.0,-67.03,0.0,0.0,-67.0,-73.8,0.0 (cmd 0.0),0.0 (cmd 0.0)
1.9334,-73.84,0.0,0.0,-67.02,0.0,0.0,-67.0,-73.8,0.0 (cmd 0.0),0.0 (cmd 0.0)
1.9339,-73.87,0.0,0.0,-67.01,0.0,0.0,-67.0,-73.9,0.0 (cmd 0.0),0.0 (cmd 0.0)
1.9344000000000001,-73.94,0.0,0.0,-67.0,0.0,0.0,-67.0,-73.9,0.0 (cmd 0.0),0.0 (cmd 0.0)
1.9349,-73.95,0.0,0.0,-67.0,0.0,0.0,-67.0,-74.0,0.0 (cmd 0.0),0.0 (cmd 0.0)
1.9353999999999998,-73.98,0.0,0.0,-66.98,0.0,0.0,-67.0,-74.0,0.0 (cmd 0.0),0.0 (cmd 0.0)
1.9359000000000002,-74.05,0.0,0.0,-66.98,0.0,0.0,-67.0,-74.0,0.0 (cmd 0.0),0.0 (cmd 0.0)
1.9364,-74.11,0.0,0.0,-67.0,0.0,0.0,-67.0,-74.1,0.0 (cmd 0.0),0.0 (cmd 0.0)
1.9369,-74.19,0.0,0.0,-67.05,0.0,0.0,-67.0,-74.2,0.0 (cmd 0.0),0.0 (cmd 0.0)
1.9374,-74.27,0.0,0.0,-67.08,0.0,0.0,-67.1,-74.3,0.0 (cmd 0.0),0.0 (cmd 0.0)
1.9379,-74.31,0.0,0.0,-67.11,0.0,0.0,-67.1,-74.3,0.0 (cmd 0.0),0.0 (cmd 0.0)
1.9384000000000001,-74.35,0.0,0.0,-67.18,0.0,0.0,-67.2,-74.3,0.0 (cmd 0.0),0.0 (cmd 0.0)
1.9388999999999998,-74.48,0.0,0.0,-67.22,0.0,0.0,-67.2,-74.5,0.0 (cmd 0.0),0.0 (cmd 0.0)
1.9394,-74.51,0.0,0.0,-67.24,0.0,0.0,-67.2,-74.5,0.0 (cmd 0.0),0.0 (cmd 0.0)
1.9399000000000002,-74.56,0.0,0.0,-67.29,0.0,0.0,-67.3,-74.6,0.0 (cmd 0.0),0.0 (cmd 0.0)
1.9404,-74.58,0.0,0.0,-67.3,0.0,0.0,-67.3,-74.6,0.0 (cmd 0.0),0.0 (cmd 0.0)
1.9409,-74.58,0.0,0.0,-67.32,0.0,0.0,-67.3,-74.6,0.0 (cmd 0.0),0.0 (cmd 0.0)
1.9413999999999998,-74.58,0.0,0.0,-67.3,0.0,0.0,-67.3,-74.6,0.0 (cmd 0.0),0.0 (cmd 0.0)
1.9419000000000002,-74.58,0.0,0.0,-67.31,0.0,0.0,-67.3,-74.6,0.0 (cmd 0.0),0.0 (cmd 0.0)
1.9424000000000001,-74.58,0.0,0.0,-67.31,0.0,0.0,-67.3,-74.6,0.0 (cmd 0.0),0.0 (cmd 0.0)
1.9428999999999998,-74.59,0.0,0.0,-67.33,0.0,0.0,-67.3,-74.6,0.0 (cmd 0.0),0.0 (cmd 0.0)
1.9434,-74.6,0.0,0.0,-67.33,0.0,0.0,-67.3,-74.6,0.0 (cmd 0.0),0.0 (cmd 0.0)
1.9439,-74.6,0.0,0.0,-67.32,0.0,0.0,-67.3,-74.6,0.0 (cmd 0.0),0.0 (cmd 0.0)
1.9444000000000001,-74.6,0.0,0.0,-67.31,0.0,0.0,-67.3,-74.6,0.0 (cmd 0.0),0.0 (cmd 0.0)
1.9449,-74.6,0.0,0.0,-67.31,0.0,0.0,-67.3,-74.6,0.0 (cmd 0.0),0.0 (cmd 0.0)
1.9453999999999998,-74.62,0.0,0.0,-67.33,0.0,0.0,-67.3,-74.6,0.0 (cmd 0.0),0.0 (cmd 0.0)
1.9459000000000002,-74.64,0.0,0.0,-67.33,0.0,0.0,-67.3,-74.6,0.0 (cmd 0.0),0.0 (cmd 0.0)
1.9464,-74.67,0.0,0.0,-67.33,0.0,0.0,-67.3,-74.7,0.0 (cmd 0.0),0.0 (cmd 0.0)
1.9469,-74.67,0.0,0.0,-67.34,0.0,0.0,-67.3,-74.7,0.0 (cmd 0.0),0.0 (cmd 0.0)
1.9474,-74.68,0.0,0.0,-67.31,0.0,0.0,-67.3,-74.7,0.0 (cmd 0.0),0.0 (cmd 0.0)
1.9479,-74.53,0.0,0.0,-67.06,0.0,0.0,-67.1,-74.5,0.0 (cmd 0.0),0.0 (cmd 0.0)
1.9484000000000001,-73.94,0.0,0.0,-66.13,0.0,0.0,-66.1,-73.9,0.0 (cmd 0.0),0.0 (cmd 0.0)
1.9488999999999999,-71.53,0.0,0.0,-64.3,0.0,0.0,-64.3,-71.5,0.0 (cmd 0.0),0.0 (cmd 0.0)
1.9494,-68.67,0.0,0.0,-62.0,0.0,0.0,-62.0,-68.7,0.0 (cmd 0.0),0.0 (cmd 0.0)
1.9499000000000002,-64.93,0.0,0.0,-59.78,0.0,0.0,-59.8,-64.9,0.0 (cmd 0.0),0.0 (cmd 0.0)
1.9504,-61.08,0.0,0.0,-55.15,0.0,0.0,-55.1,-61.1,0.0 (cmd 0.0),0.0 (cmd 0.0)
1.9509,-58.23,3.67,0.0,-51.16,0.86,0.0,-51.2,-58.2,0.0 (cmd 3.7),0.0 (cmd 0.9)
1.9513999999999998,-53.79,3.94,0.0,-47.42,0.87,0.0,-47.4,-53.8,0.0 (cmd 3.9),0.0 (cmd 0.9)
1.9519000000000002,-49.63,4.23,0.0,-43.4,0.87,0.0,-43.4,-49.6,0.0 (cmd 4.2),0.0 (cmd 0.9)
1.9524000000000001,-45.56,4.47,0.0,-39.8,0.86,0.0,-39.8,-45.6,0.0 (cmd 4.5),0.0 (cmd 0.9)
1.9528999999999999,-41.84,4.58,0.0,-36.28,0.83,0.0,-36.3,-41.8,0.0 (cmd 4.6),0.0 (cmd 0.8)
1.9534,-37.77,4.37,0.0,-31.49,0.86,0.0,-31.5,-37.8,0.0 (cmd 4.4),0.0 (cmd 0.9)
1.9539,-33.55,4.81,0.0,-26.86,0.79,0.0,-26.9,-33.5,0.0 (cmd 4.8),0.0 (cmd 0.8)
1.9544000000000001,-29.45,4.9,0.0,-22.71,0.75,0.0,-22.7,-29.4,0.0 (cmd 4.9),0.0 (cmd 0.8)
1.9549,-25.78,4.67,0.0,-19.27,0.74,0.0,-19.3,-25.8,0.0 (cmd 4.7),0.0 (cmd 0.7)
1.9553999999999998,-22.51,4.8,0.0,-16.18,0.67,0.0,-16.2,-22.5,0.0 (cmd 4.8),0.0 (cmd 0.7)
1.9559000000000002,-20.24,4.45,0.0,-13.73,0.65,0.0,-13.7,-20.2,0.0 (cmd 4.5),0.0 (cmd 0.7)
1.9564,-18.47,4.1,0.0,-11.7,0.6,0.0,-11.7,-18.5,0.0 (cmd 4.1),0.0 (cmd 0.6)
1.9569,-16.73,3.74,0.0,-10.55,0.6,0.0,-10.6,-16.7,0.0 (cmd 3.7),0.0 (cmd 0.6)
1.9574,-16.27,3.45,0.0,-9.34,0.56,0.0,-9.3,-16.3,0.0 (cmd 3.5),0.0 (cmd 0.6)
1.9579,-15.81,3.02,0.0,-8.79,0.53,0.0,-8.8,-15.8,0.0 (cmd 3.0),0.0 (cmd 0.5)
1.9584000000000001,-15.58,2.55,0.0,-8.41,0.51,0.0,-8.4,-15.6,0.0 (cmd 2.5),0.0 (cmd 0.5)
1.9588999999999999,-15.52,2.19,0.0,-8.29,0.47,0.0,-8.3,-15.5,0.0 (cmd 2.2),0.0 (cmd 0.5)
1.9594,-15.6,1.87,0.0,-8.3,0.44,0.0,-8.3,-15.6,0.0 (cmd 1.9),0.0 (cmd 0.4)
1.9599000000000002,-15.77,1.59,0.0,-8.04,0.42,0.0,-8.0,-15.8,0.0 (cmd 1.6),0.0 (cmd 0.4)
1.9604,-15.86,1.37,0.0,-7.35,0.42,0.0,-7.3,-15.9,0.0 (cmd 1.4),0.0 (cmd 0.4)
1.9609,-16.07,1.13,0.0,-5.89,0.44,0.0,-5.9,-16.1,0.0 (cmd 1.1),0.0 (cmd 0.4)
1.9613999999999998,-16.2,0.93,0.0,-4.21,0.46,0.0,-4.2,-16.2,0.0 (cmd 0.9),0.0 (cmd 0.5)
1.9619000000000002,-14.13,0.74,0.0,-3.05,0.5,0.0,-3.0,-14.1,0.0 (cmd 0.7),0.0 (cmd 0.5)
1.9624000000000001,-11.76,1.38,0.0,-2.38,0.39,0.0,-2.4,-11.8,0.0 (cmd 1.4),0.0 (cmd 0.4)
1.9628999999999999,-8.35,2.49,0.0,-2.62,0.2,0.0,-2.6,-8.3,0.0 (cmd 2.5),0.0 (cmd 0.2)
1.9634,-7.9,2.46,0.0,-2.78,0.13,0.0,-2.8,-7.9,0.0 (cmd 2.5),0.0 (cmd 0.1)
1.9638999999999998,-8.13,2.01,0.0,-2.74,0.14,0.0,-2.7,-8.1,0.0 (cmd 2.0),0.0 (cmd 0.1)
1.9644000000000001,-8.05,1.78,0.0,-2.94,0.15,0.0,-2.9,-8.1,0.0 (cmd 1.8),0.0 (cmd 0.1)
1.9649,-8.09,1.55,0.0,-3.19,0.15,0.0,-3.2,-8.1,0.0 (cmd 1.6),0.0 (cmd 0.1)
1.9653999999999998,-8.1,1.4,0.0,-3.42,0.15,0.0,-3.4,-8.1,0.0 (cmd 1.4),0.0 (cmd 0.1)
1.9659,-8.1,1.28,0.0,-3.56,0.15,0.0,-3.6,-8.1,0.0 (cmd 1.3),0.0 (cmd 0.1)
1.9664,-8.06,1.19,0.0,-3.36,0.17,0.0,-3.4,-8.1,0.0 (cmd 1.2),0.0 (cmd 0.2)
1.9669,-7.9,1.11,0.0,-3.04,0.19,0.0,-3.0,-7.9,0.0 (cmd 1.1),0.0 (cmd 0.2)
1.9674,-7.86,1.06,0.0,-2.83,0.2,0.0,-2.8,-7.9,0.0 (cmd 1.1),0.0 (cmd 0.2)
1.9678999999999998,-7.8,1.01,0.0,-2.53,0.21,0.0,-2.5,-7.8,0.0 (cmd 1.0),0.0 (cmd 0.2)
1.9684000000000001,-7.8,0.96,0.0,-2.29,0.22,0.0,-2.3,-7.8,0.0 (cmd 1.0),0.0 (cmd 0.2)
1.9688999999999999,-7.75,0.91,0.0,-2.12,0.22,0.0,-2.1,-7.8,0.0 (cmd 0.9),0.0 (cmd 0.2)
1.9694,-7.44,0.93,0.0,-1.9,0.22,0.0,-1.9,-7.4,0.0 (cmd 0.9),0.0 (cmd 0.2)
1.9699,-7.38,0.96,0.0,-2.17,0.2,0.0,-2.2,-7.4,0.0 (cmd 1.0),0.0 (cmd 0.2)
1.9704,-7.18,0.96,0.0,-2.46,0.18,0.0,-2.5,-7.2,0.0 (cmd 1.0),0.0 (cmd 0.2)
1.9709,-7.06,0.96,0.0,-2.17,0.18,0.0,-2.2,-7.1,0.0 (cmd 1.0),0.0 (cmd 0.2)
1.9713999999999998,-7.02,0.97,0.0,-2.09,0.18,0.0,-2.1,-7.0,0.0 (cmd 1.0),0.0 (cmd 0.2)
1.9719,-7.01,0.93,0.0,-1.58,0.19,0.0,-1.6,-7.0,0.0 (cmd 0.9),0.0 (cmd 0.2)
1.9724000000000002,-6.8,0.88,0.0,-1.11,0.21,0.0,-1.1,-6.8,0.0 (cmd 0.9),0.0 (cmd 0.2)
1.9728999999999999,-6.58,0.88,0.0,-0.83,0.22,0.0,-0.8,-6.6,0.0 (cmd 0.9),0.0 (cmd 0.2)
1.9734,-5.94,0.95,0.0,-0.45,0.2,0.0,-0.5,-5.9,0.0 (cmd 0.9),0.0 (cmd 0.2)
1.9738999999999998,-5.08,1.15,0.0,0.05,0.17,0.0,0.1,-5.1,0.0 (cmd 1.1),0.0 (cmd 0.2)
1.9744000000000002,-4.59,1.18,0.0,0.3,0.16,0.0,0.3,-4.6,0.0 (cmd 1.2),0.0 (cmd 0.2)
1.9749,-4.22,1.19,0.0,0.77,0.15,0.0,0.8,-4.2,0.0 (cmd 1.2),0.0 (cmd 0.1)
1.9753999999999998,-3.3,1.25,0.0,1.65,0.15,0.0,1.6,-3.3,0.0 (cmd 1.2),0.0 (cmd 0.1)
1.9759,-3.05,1.28,0.0,2.02,0.15,0.0,2.0,-3.0,0.0 (cmd 1.3),0.0 (cmd 0.1)
1.9764,-2.85,1.18,0.0,2.38,0.15,0.0,2.4,-2.9,0.0 (cmd 1.2),0.0 (cmd 0.1)
1.9769,-2.66,1.11,0.0,2.56,0.15,0.0,2.6,-2.7,0.0 (cmd 1.1),0.0 (cmd 0.1)
1.9774,-2.42,1.09,0.0,2.67,0.13,0.0,2.7,-2.4,0.0 (cmd 1.1),0.0 (cmd 0.1)
1.9778999999999998,-2.22,1.07,0.0,2.64,0.11,0.0,2.6,-2.2,0.0 (cmd 1.1),0.0 (cmd 0.1)
1.9784000000000002,-2.16,1.05,0.0,2.24,0.09,0.0,2.2,-2.2,0.0 (cmd 1.1),0.0 (cmd 0.1)
1.9788999999999999,-2.2,1.03,0.0,1.85,0.07,0.0,1.9,-2.2,0.0 (cmd 1.0),0.0 (cmd 0.1)
1.9794,-2.61,0.93,0.0,1.36,0.06,0.0,1.4,-2.6,0.0 (cmd 0.9),0.0 (cmd 0.1)
1.9799,-3.69,0.72,0.0,0.96,0.07,0.0,1.0,-3.7,0.0 (cmd 0.7),0.0 (cmd 0.1)
1.9804,-4.91,0.48,0.0,0.43,0.11,0.0,0.4,-4.9,0.0 (cmd 0.5),0.0 (cmd 0.1)
1.9809,-6.5,0.17,0.0,-0.25,0.15,0.0,-0.2,-6.5,0.0 (cmd 0.2),0.0 (cmd 0.1)
1.9813999999999998,-9.46,-0.34,0.0,-0.95,0.24,0.0,-0.9,-9.5,0.0 (cmd -0.3),0.0 (cmd 0.2)
1.9819,-11.53,-0.53,0.0,-2.28,0.25,0.0,-2.3,-11.5,0.0 (cmd -0.5),0.0 (cmd 0.2)
1.9824000000000002,-16.11,-1.02,0.0,-3.54,0.34,0.0,-3.5,-16.1,0.0 (cmd -1.0),0.0 (cmd 0.3)
1.9828999999999999,-22.9,-1.86,0.0,-4.68,0.48,0.0,-4.7,-22.9,0.0 (cmd -1.9),0.0 (cmd 0.5)
1.9834,-31.36,-3.81,0.0,-4.92,0.81,0.0,-4.9,-31.4,0.0 (cmd -3.8),0.0 (cmd 0.8)
1.9838999999999998,-35.84,-4.18,0.0,-4.45,0.85,0.0,-4.5,-35.8,0.0 (cmd -4.2),0.0 (cmd 0.8)
1.9844000000000002,-42.53,-5.15,0.0,-4.06,0.99,0.0,-4.1,-42.5,0.0 (cmd -5.2),0.0 (cmd 1.0)
1.9849,-47.35,-5.43,0.0,-3.78,1.05,0.0,-3.8,-47.4,0.0 (cmd -5.4),0.0 (cmd 1.1)
1.9853999999999998,-51.9,-5.4,0.0,-3.74,1.07,0.0,-3.7,-51.9,0.0 (cmd -5.4),0.0 (cmd 1.1)
1.9859,-55.81,-5.22,0.0,-3.61,1.05,0.0,-3.6,-55.8,0.0 (cmd -5.2),0.0 (cmd 1.1)
1.9864,-58.52,-4.58,0.0,-3.37,0.98,0.0,-3.4,-58.5,0.0 (cmd -4.6),0.0 (cmd 1.0)
1.9869,-59.52,-3.89,0.0,-2.92,0.94,0.0,-2.9,-59.5,0.0 (cmd -3.9),0.0 (cmd 0.9)
1.9874,-58.54,-2.88,0.0,-2.8,0.88,0.0,-2.8,-58.5,0.0 (cmd -2.9),0.0 (cmd 0.9)
1.9878999999999998,-53.73,-1.08,0.0,-2.77,0.71,0.0,-2.8,-53.7,0.0 (cmd -1.1),0.0 (cmd 0.7)
1.9884000000000002,-45.48,0.97,0.0,-2.83,0.5,0.0,-2.8,-45.5,0.0 (cmd 1.0),0.0 (cmd 0.5)
1.9889,-37.68,3.11,0.0,-3.3,0.3,0.0,-3.3,-37.7,0.0 (cmd 3.1),0.0 (cmd 0.3)
1.9894,-30.53,5.59,0.0,-3.71,0.15,0.0,-3.7,-30.5,0.0 (cmd 5.6),0.0 (cmd 0.1)
1.9899,-20.89,6.47,0.0,-4.16,0.1,0.0,-4.2,-20.9,0.0 (cmd 6.5),0.0 (cmd 0.1)
1.9904,-11.59,7.75,0.0,-4.65,0.06,0.0,-4.7,-11.6,0.0 (cmd 7.8),0.0 (cmd 0.1)
1.9909000000000001,-11.81,6.39,0.0,-4.04,0.03,0.0,-4.0,-11.8,0.0 (cmd 6.4),0.0 (cmd 0.0)
1.9913999999999998,-10.8,5.23,0.0,-3.01,0.0,0.0,-3.0,-10.8,0.0 (cmd 5.2),0.0 (cmd 0.0)
1.9919,-9.27,4.66,0.0,-3.04,-0.02,0.0,-3.0,-9.3,0.0 (cmd 4.7),0.0 (cmd -0.0)
1.9924000000000002,-9.22,4.03,0.0,-3.7,-0.06,0.0,-3.7,-9.2,0.0 (cmd 4.0),0.0 (cmd -0.1)
1.9929,-9.23,3.29,0.0,-4.03,-0.07,0.0,-4.0,-9.2,0.0 (cmd 3.3),0.0 (cmd -0.1)
1.9934,-8.44,2.76,0.0,-4.49,-0.05,0.0,-4.5,-8.4,0.0 (cmd 2.8),0.0 (cmd -0.1)
1.9938999999999998,-8.0,2.65,0.0,-5.92,-0.11,0.0,-5.9,-8.0,0.0 (cmd 2.6),0.0 (cmd -0.1)
1.9944000000000002,-8.6,2.5,0.0,-15.14,-0.36,0.0,-15.1,-8.6,0.0 (cmd 2.5),0.0 (cmd -0.4)
1.9949000000000001,-8.63,2.33,0.0,-19.74,-0.64,0.0,-19.7,-8.6,0.0 (cmd 2.3),0.0 (cmd -0.6)
1.9953999999999998,-8.6,2.32,0.0,-28.87,-1.11,0.0,-28.9,-8.6,0.0 (cmd 2.3),0.0 (cmd -1.1)
1.9959,-8.64,2.37,0.0,-34.94,-0.99,0.0,-34.9,-8.6,0.0 (cmd 2.4),0.0 (cmd -1.0)
1.9964,-8.44,2.43,0.0,-43.86,-1.55,0.0,-43.9,-8.4,0.0 (cmd 2.4),0.0 (cmd -1.6)
1.9969000000000001,-8.16,2.56,0.0,-51.97,-1.89,0.0,-52.0,-8.2,0.0 (cmd 2.6),0.0 (cmd -1.9)
1.9974,-7.95,2.76,0.0,-56.97,-1.88,0.0,-57.0,-8.0,0.0 (cmd 2.8),0.0 (cmd -1.9)
1.9978999999999998,-7.86,2.91,0.0,-59.96,-1.62,0.0,-60.0,-7.9,0.0 (cmd 2.9),0.0 (cmd -1.6)
1.9984000000000002,-8.22,2.99,0.0,-60.56,-1.11,0.0,-60.6,-8.2,0.0 (cmd 3.0),0.0 (cmd -1.1)
1.9989,-8.84,2.96,0.0,-59.26,-0.34,0.0,-59.3,-8.8,0.0 (cmd 3.0),0.0 (cmd -0.3)
1.9994,-9.03,2.94,0.0,-55.39,0.48,0.0,-55.4,-9.0,0.0 (cmd 2.9),0.0 (cmd 0.5)
1.9999,-9.09,2.7,0.0,-48.29,1.08,0.0,-48.3,-9.1,0.0 (cmd 2.7),0.0 (cmd 1.1)
2.0004,-9.05,2.22,0.0,-39.76,1.53,0.0,-39.8,-9.1,0.0 (cmd 2.2),0.0 (cmd 1.5)
2.0009,-8.69,1.58,0.0,-29.56,1.76,0.0,-29.6,-8.7,0.0 (cmd 1.6),0.0 (cmd 1.8)
2.0014,-8.47,0.39,0.0,-17.48,1.78,0.0,-17.5,-8.5,0.0 (cmd 0.4),0.0 (cmd 1.8)
2.0019,-8.29,-1.04,0.0,-12.59,1.72,0.0,-12.6,-8.3,0.0 (cmd -1.0),0.0 (cmd 1.7)
2.0024,-8.19,-0.27,0.0,-12.59,1.54,0.0,-12.6,-8.2,0.0 (cmd -0.3),0.0 (cmd 1.5)
2.0029,-8.1,0.33,0.0,-10.31,1.39,0.0,-10.3,-8.1,0.0 (cmd 0.3),0.0 (cmd 1.4)
2.0034,-6.95,0.43,0.0,2.26,1.27,0.0,2.3,-7.0,0.0 (cmd 0.4),0.0 (cmd 1.3)
2.0039,-6.01,-0.57,0.0,0.64,1.28,0.0,0.6,-6.0,0.0 (cmd -0.6),0.0 (cmd 1.3)
2.0044,-5.99,0.33,0.0,0.0,1.0,0.0,0.0,-6.0,0.0 (cmd 0.3),0.0 (cmd 1.0)
2.0049,-6.39,0.49,0.0,-0.04,0.88,0.0,-0.0,-6.4,0.0 (cmd 0.5),0.0 (cmd 0.9)
2.0054,-6.6,0.56,0.0,-0.32,0.78,0.0,-0.3,-6.6,0.0 (cmd 0.6),0.0 (cmd 0.8)
2.0059,-6.79,0.63,0.0,-0.83,0.64,0.0,-0.8,-6.8,0.0 (cmd 0.6),0.0 (cmd 0.6)
2.0063999999999997,-6.97,0.67,0.0,-1.3,0.51,0.0,-1.3,-7.0,0.0 (cmd 0.7),0.0 (cmd 0.5)
2.0069,-7.45,0.64,0.0,-1.74,0.42,0.0,-1.7,-7.5,0.0 (cmd 0.6),0.0 (cmd 0.4)
2.0074,-7.96,0.54,0.0,-1.98,0.37,0.0,-2.0,-8.0,0.0 (cmd 0.5),0.0 (cmd 0.4)
2.0079,-8.89,0.35,0.0,-2.23,0.36,0.0,-2.2,-8.9,0.0 (cmd 0.3),0.0 (cmd 0.4)
2.0084,-11.47,0.17,0.0,-2.63,0.36,0.0,-2.6,-11.5,0.0 (cmd 0.2),0.0 (cmd 0.4)
2.0088999999999997,-13.29,-0.13,0.0,-3.15,0.37,0.0,-3.1,-13.3,0.0 (cmd -0.1),0.0 (cmd 0.4)
2.0094000000000003,-20.71,-0.98,0.0,-3.52,0.49,0.0,-3.5,-20.7,0.0 (cmd -1.0),0.0 (cmd 0.5)
2.0099,-33.93,-4.34,0.0,-3.37,1.0,0.0,-3.4,-33.9,0.0 (cmd -4.3),0.0 (cmd 1.0)
2.0103999999999997,-40.6,-5.34,0.0,-3.24,1.09,0.0,-3.2,-40.6,0.0 (cmd -5.3),0.0 (cmd 1.1)
2.0109,-45.64,-5.93,0.0,-3.2,1.17,0.0,-3.2,-45.6,0.0 (cmd -5.9),0.0 (cmd 1.2)
2.0114,-51.01,-6.48,0.0,-3.59,1.25,0.0,-3.6,-51.0,0.0 (cmd -6.5),0.0 (cmd 1.2)
2.0119000000000002,-55.72,-5.89,0.0,-4.63,1.15,0.0,-4.6,-55.7,0.0 (cmd -5.9),0.0 (cmd 1.1)
2.0124,-57.03,-4.98,0.0,-5.52,0.98,0.0,-5.5,-57.0,0.0 (cmd -5.0),0.0 (cmd 1.0)
2.0128999999999997,-56.51,-3.91,0.0,-6.47,0.82,0.0,-6.5,-56.5,0.0 (cmd -3.9),0.0 (cmd 0.8)
2.0134000000000003,-53.79,-2.47,0.0,-7.41,0.67,0.0,-7.4,-53.8,0.0 (cmd -2.5),0.0 (cmd 0.7)
2.0139,-43.58,0.05,0.0,-7.64,0.42,0.0,-7.6,-43.6,0.0 (cmd 0.1),0.0 (cmd 0.4)
2.0144,-35.76,2.71,0.0,-8.36,0.16,0.0,-8.4,-35.8,0.0 (cmd 2.7),0.0 (cmd 0.2)
2.0149,-24.7,5.16,0.0,-9.47,0.03,0.0,-9.5,-24.7,0.0 (cmd 5.2),0.0 (cmd 0.0)
2.0154,-19.14,6.15,0.0,-12.56,-0.05,0.0,-12.6,-19.1,0.0 (cmd 6.2),0.0 (cmd -0.1)
2.0159000000000002,-19.58,5.6,0.0,-16.09,-0.27,0.0,-16.1,-19.6,0.0 (cmd 5.6),0.0 (cmd -0.3)
2.0164,-20.61,4.2,0.0,-18.15,-0.41,0.0,-18.1,-20.6,0.0 (cmd 4.2),0.0 (cmd -0.4)
2.0169,-21.01,3.49,0.0,-23.55,-0.28,0.0,-23.6,-21.0,0.0 (cmd 3.5),0.0 (cmd -0.3)
2.0174000000000003,-20.97,3.13,0.0,-29.66,-0.43,0.0,-29.7,-21.0,0.0 (cmd 3.1),0.0 (cmd -0.4)
2.0179,-20.19,3.12,0.0,-36.43,-0.48,0.0,-36.4,-20.2,0.0 (cmd 3.1),0.0 (cmd -0.5)
2.0184,-19.44,3.22,0.0,-42.14,-0.72,0.0,-42.1,-19.4,0.0 (cmd 3.2),0.0 (cmd -0.7)
2.0189,-18.46,3.27,0.0,-50.49,-0.87,0.0,-50.5,-18.5,0.0 (cmd 3.3),0.0 (cmd -0.9)
2.0194,-17.96,3.37,0.0,-53.45,-0.83,0.0,-53.5,-18.0,0.0 (cmd 3.4),0.0 (cmd -0.8)
2.0199000000000003,-17.79,3.38,0.0,-54.97,-0.57,0.0,-55.0,-17.8,0.0 (cmd 3.4),0.0 (cmd -0.6)
2.0204,-17.97,3.29,0.0,-54.14,0.0,0.0,-54.1,-18.0,0.0 (cmd 3.3),0.0 (cmd 0.0)
2.0209,-18.19,3.05,0.0,-50.22,0.56,0.0,-50.2,-18.2,0.0 (cmd 3.0),0.0 (cmd 0.6)
2.0214,-18.33,2.67,0.0,-44.58,0.97,0.0,-44.6,-18.3,0.0 (cmd 2.7),0.0 (cmd 1.0)
2.0219,-18.28,2.2,0.0,-37.65,1.24,0.0,-37.6,-18.3,0.0 (cmd 2.2),0.0 (cmd 1.2)
2.0224,-18.16,1.72,0.0,-28.34,1.42,0.0,-28.3,-18.2,0.0 (cmd 1.7),0.0 (cmd 1.4)
2.0229,-18.38,0.97,0.0,-22.03,1.5,0.0,-22.0,-18.4,0.0 (cmd 1.0),0.0 (cmd 1.5)
2.0234,-18.83,-0.12,0.0,-15.73,1.51,0.0,-15.7,-18.8,0.0 (cmd -0.1),0.0 (cmd 1.5)
2.0239,-19.99,-0.4,0.0,-12.43,1.44,0.0,-12.4,-20.0,0.0 (cmd -0.4),0.0 (cmd 1.4)
2.0244,-21.39,-0.52,0.0,-13.17,1.35,0.0,-13.2,-21.4,0.0 (cmd -0.5),0.0 (cmd 1.4)
2.0249,-24.95,-0.62,0.0,-12.77,1.24,0.0,-12.8,-24.9,0.0 (cmd -0.6),0.0 (cmd 1.2)
2.0254,-30.75,-2.07,0.0,-13.01,1.29,0.0,-13.0,-30.8,0.0 (cmd -2.1),0.0 (cmd 1.3)
2.0259,-37.94,-2.36,0.0,-12.97,1.17,0.0,-13.0,-37.9,0.0 (cmd -2.4),0.0 (cmd 1.2)
2.0263999999999998,-42.59,-3.71,0.0,-12.49,1.19,0.0,-12.5,-42.6,0.0 (cmd -3.7),0.0 (cmd 1.2)
2.0269,-47.35,-4.62,0.0,-11.43,1.2,0.0,-11.4,-47.4,0.0 (cmd -4.6),0.0 (cmd 1.2)
2.0274,-53.6,-5.29,0.0,-10.41,1.2,0.0,-10.4,-53.6,0.0 (cmd -5.3),0.0 (cmd 1.2)
2.0279,-56.95,-4.99,0.0,-9.58,1.14,0.0,-9.6,-57.0,0.0 (cmd -5.0),0.0 (cmd 1.1)
2.0284,-57.9,-4.68,0.0,-9.14,1.1,0.0,-9.1,-57.9,0.0 (cmd -4.7),0.0 (cmd 1.1)
2.0288999999999997,-55.16,-3.2,0.0,-9.33,0.9,0.0,-9.3,-55.2,0.0 (cmd -3.2),0.0 (cmd 0.9)
2.0294,-47.62,-1.33,0.0,-9.88,0.67,0.0,-9.9,-47.6,0.0 (cmd -1.3),0.0 (cmd 0.7)
2.0299,-38.39,1.2,0.0,-10.22,0.41,0.0,-10.2,-38.4,0.0 (cmd 1.2),0.0 (cmd 0.4)
2.0303999999999998,-31.78,4.28,0.0,-10.66,0.15,0.0,-10.7,-31.8,0.0 (cmd 4.3),0.0 (cmd 0.1)
2.0309,-21.42,5.33,0.0,-11.52,0.03,0.0,-11.5,-21.4,0.0 (cmd 5.3),0.0 (cmd 0.0)
2.0313999999999997,-18.98,6.37,0.0,-14.83,-0.1,0.0,-14.8,-19.0,0.0 (cmd 6.4),0.0 (cmd -0.1)
2.0319000000000003,-20.54,4.93,0.0,-17.0,-0.23,0.0,-17.0,-20.5,0.0 (cmd 4.9),0.0 (cmd -0.2)
2.0324,-20.47,4.03,0.0,-21.99,-0.29,0.0,-22.0,-20.5,0.0 (cmd 4.0),0.0 (cmd -0.3)
2.0328999999999997,-21.28,3.5,0.0,-29.21,-0.38,0.0,-29.2,-21.3,0.0 (cmd 3.5),0.0 (cmd -0.4)
2.0334,-20.66,3.04,0.0,-34.25,-0.3,0.0,-34.2,-20.7,0.0 (cmd 3.0),0.0 (cmd -0.3)
2.0339,-19.8,3.24,0.0,-41.05,-0.65,0.0,-41.0,-19.8,0.0 (cmd 3.2),0.0 (cmd -0.7)
2.0344,-18.43,3.44,0.0,-47.89,-0.57,0.0,-47.9,-18.4,0.0 (cmd 3.4),0.0 (cmd -0.6)
2.0349,-17.52,3.57,0.0,-52.3,-0.9,0.0,-52.3,-17.5,0.0 (cmd 3.6),0.0 (cmd -0.9)
2.0353999999999997,-16.11,3.73,0.0,-55.65,-0.77,0.0,-55.6,-16.1,0.0 (cmd 3.7),0.0 (cmd -0.8)
2.0359000000000003,-15.51,3.78,0.0,-54.79,-0.31,0.0,-54.8,-15.5,0.0 (cmd 3.8),0.0 (cmd -0.3)
2.0364,-15.78,3.61,0.0,-50.38,0.42,0.0,-50.4,-15.8,0.0 (cmd 3.6),0.0 (cmd 0.4)
2.0369,-16.25,3.03,0.0,-42.83,0.94,0.0,-42.8,-16.2,0.0 (cmd 3.0),0.0 (cmd 0.9)
2.0374,-16.5,2.11,0.0,-35.22,1.38,0.0,-35.2,-16.5,0.0 (cmd 2.1),0.0 (cmd 1.4)
2.0379,-17.29,1.2,0.0,-22.7,1.53,0.0,-22.7,-17.3,0.0 (cmd 1.2),0.0 (cmd 1.5)
2.0384,-18.83,0.43,0.0,-20.57,1.54,0.0,-20.6,-18.8,0.0 (cmd 0.4),0.0 (cmd 1.5)
2.0389,-20.98,-1.55,0.0,-13.02,1.64,0.0,-13.0,-21.0,0.0 (cmd -1.6),0.0 (cmd 1.6)
2.0394,-23.03,-1.13,0.0,-14.99,1.48,0.0,-15.0,-23.0,0.0 (cmd -1.1),0.0 (cmd 1.5)
2.0399000000000003,-28.55,-1.23,0.0,-14.21,1.37,0.0,-14.2,-28.6,0.0 (cmd -1.2),0.0 (cmd 1.4)
2.0404,-34.61,-2.23,0.0,-14.41,1.34,0.0,-14.4,-34.6,0.0 (cmd -2.2),0.0 (cmd 1.3)
2.0409,-38.23,-3.67,0.0,-14.04,1.35,0.0,-14.0,-38.2,0.0 (cmd -3.7),0.0 (cmd 1.4)
2.0414,-47.72,-4.37,0.0,-12.53,1.29,0.0,-12.5,-47.7,0.0 (cmd -4.4),0.0 (cmd 1.3)
2.0419,-51.75,-5.48,0.0,-11.34,1.3,0.0,-11.3,-51.8,0.0 (cmd -5.5),0.0 (cmd 1.3)
2.0424,-58.35,-6.54,0.0,-9.67,1.38,0.0,-9.7,-58.4,0.0 (cmd -6.5),0.0 (cmd 1.4)
2.0429,-61.51,-6.24,0.0,-8.36,1.35,0.0,-8.4,-61.5,0.0 (cmd -6.2),0.0 (cmd 1.4)
2.0434,-61.19,-4.95,0.0,-7.64,1.19,0.0,-7.6,-61.2,0.0 (cmd -5.0),0.0 (cmd 1.2)
2.0439,-55.64,-3.11,0.0,-7.66,0.94,0.0,-7.7,-55.6,0.0 (cmd -3.1),0.0 (cmd 0.9)
2.0444,-49.41,-0.06,0.0,-7.97,0.6,0.0,-8.0,-49.4,0.0 (cmd -0.1),0.0 (cmd 0.6)
2.0449,-39.45,2.7,0.0,-8.48,0.35,0.0,-8.5,-39.5,0.0 (cmd 2.7),0.0 (cmd 0.3)
2.0454,-26.28,3.95,0.0,-9.46,0.21,0.0,-9.5,-26.3,0.0 (cmd 4.0),0.0 (cmd 0.2)
2.0459,-20.05,6.79,0.0,-11.08,0.02,0.0,-11.1,-20.1,0.0 (cmd 6.8),0.0 (cmd 0.0)
2.0463999999999998,-17.47,6.66,0.0,-12.73,-0.08,0.0,-12.7,-17.5,0.0 (cmd 6.7),0.0 (cmd -0.1)
2.0469,-18.58,5.43,0.0,-17.89,-0.22,0.0,-17.9,-18.6,0.0 (cmd 5.4),0.0 (cmd -0.2)
2.0474,-18.35,4.41,0.0,-22.37,-0.34,0.0,-22.4,-18.4,0.0 (cmd 4.4),0.0 (cmd -0.3)
2.0479,-17.86,4.12,0.0,-29.13,-0.65,0.0,-29.1,-17.9,0.0 (cmd 4.1),0.0 (cmd -0.7)
2.0484,-16.92,3.72,0.0,-36.45,-0.44,0.0,-36.5,-16.9,0.0 (cmd 3.7),0.0 (cmd -0.4)
2.0488999999999997,-15.78,3.74,0.0,-42.88,-0.93,0.0,-42.9,-15.8,0.0 (cmd 3.7),0.0 (cmd -0.9)
2.0494,-14.84,3.85,0.0,-51.94,-1.23,0.0,-51.9,-14.8,0.0 (cmd 3.9),0.0 (cmd -1.2)
2.0499,-14.16,3.89,0.0,-56.09,-1.31,0.0,-56.1,-14.2,0.0 (cmd 3.9),0.0 (cmd -1.3)
2.0504000000000002,-14.6,3.73,0.0,-57.63,-0.97,0.0,-57.6,-14.6,0.0 (cmd 3.7),0.0 (cmd -1.0)
2.0509,-15.51,3.47,0.0,-54.91,-0.19,0.0,-54.9,-15.5,0.0 (cmd 3.5),0.0 (cmd -0.2)
2.0513999999999997,-15.86,3.02,0.0,-49.93,0.68,0.0,-49.9,-15.9,0.0 (cmd 3.0),0.0 (cmd 0.7)
2.0519000000000003,-16.88,2.31,0.0,-42.82,1.23,0.0,-42.8,-16.9,0.0 (cmd 2.3),0.0 (cmd 1.2)
2.0524,-17.65,1.4,0.0,-31.92,1.57,0.0,-31.9,-17.6,0.0 (cmd 1.4),0.0 (cmd 1.6)
2.0529,-18.76,-0.31,0.0,-15.56,1.68,0.0,-15.6,-18.8,0.0 (cmd -0.3),0.0 (cmd 1.7)
2.0534,-21.17,-2.07,0.0,-10.93,1.74,0.0,-10.9,-21.2,0.0 (cmd -2.1),0.0 (cmd 1.7)
2.0538999999999996,-20.9,-1.63,0.0,-12.7,1.57,0.0,-12.7,-20.9,0.0 (cmd -1.6),0.0 (cmd 1.6)
2.0544000000000002,-19.06,-0.32,0.0,-11.0,1.29,0.0,-11.0,-19.1,0.0 (cmd -0.3),0.0 (cmd 1.3)
2.0549,-17.32,0.18,0.0,-9.13,1.12,0.0,-9.1,-17.3,0.0 (cmd 0.2),0.0 (cmd 1.1)
2.0554,-16.32,0.75,0.0,-7.05,0.97,0.0,-7.0,-16.3,0.0 (cmd 0.8),0.0 (cmd 1.0)
2.0559000000000003,-14.54,0.99,0.0,-5.52,0.87,0.0,-5.5,-14.5,0.0 (cmd 1.0),0.0 (cmd 0.9)
2.0563999999999996,-14.0,1.32,0.0,-4.76,0.75,0.0,-4.8,-14.0,0.0 (cmd 1.3),0.0 (cmd 0.8)
2.0569,-13.69,1.31,0.0,-4.41,0.67,0.0,-4.4,-13.7,0.0 (cmd 1.3),0.0 (cmd 0.7)
2.0574,-14.03,1.21,0.0,-4.76,0.57,0.0,-4.8,-14.0,0.0 (cmd 1.2),0.0 (cmd 0.6)
2.0579,-14.28,1.04,0.0,-4.91,0.49,0.0,-4.9,-14.3,0.0 (cmd 1.0),0.0 (cmd 0.5)
2.0584000000000002,-14.38,0.93,0.0,-5.12,0.43,0.0,-5.1,-14.4,0.0 (cmd 0.9),0.0 (cmd 0.4)
2.0588999999999995,-14.45,0.87,0.0,-5.48,0.38,0.0,-5.5,-14.4,0.0 (cmd 0.9),0.0 (cmd 0.4)
2.0594,-14.49,0.86,0.0,-5.65,0.34,0.0,-5.7,-14.5,0.0 (cmd 0.9),0.0 (cmd 0.3)
2.0599000000000003,-14.51,0.84,0.0,-6.16,0.32,0.0,-6.2,-14.5,0.0 (cmd 0.8),0.0 (cmd 0.3)
2.0604,-14.4,0.86,0.0,-6.19,0.29,0.0,-6.2,-14.4,0.0 (cmd 0.9),0.0 (cmd 0.3)
2.0609,-14.05,0.9,0.0,-6.05,0.28,0.0,-6.0,-14.1,0.0 (cmd 0.9),0.0 (cmd 0.3)
2.0613999999999995,-13.71,0.96,0.0,-5.98,0.27,0.0,-6.0,-13.7,0.0 (cmd 1.0),0.0 (cmd 0.3)
2.0619,-13.28,1.01,0.0,-5.69,0.26,0.0,-5.7,-13.3,0.0 (cmd 1.0),0.0 (cmd 0.3)
2.0624000000000002,-12.94,1.01,0.0,-5.62,0.26,0.0,-5.6,-12.9,0.0 (cmd 1.0),0.0 (cmd 0.3)
2.0629,-12.75,0.0,0.0,-5.59,0.0,0.0,-5.6,-12.8,0.0 (cmd 0.0),0.0 (cmd 0.0)
2.0634,-12.47,0.0,0.0,-5.53,0.0,0.0,-5.5,-12.5,0.0 (cmd 0.0),0.0 (cmd 0.0)
2.0639,-11.77,0.0,0.0,-5.44,0.0,0.0,-5.4,-11.8,0.0 (cmd 0.0),0.0 (cmd 0.0)
2.0644,-10.98,0.0,0.0,-5.03,0.0,0.0,-5.0,-11.0,0.0 (cmd 0.0),0.0 (cmd 0.0)
2.0649,-10.31,0.0,0.0,-4.6,0.0,0.0,-4.6,-10.3,0.0 (cmd 0.0),0.0 (cmd 0.0)
2.0654,-9.94,0.0,0.0,-4.08,0.0,0.0,-4.1,-9.9,0.0 (cmd 0.0),0.0 (cmd 0.0)
2.0659,-9.17,0.0,0.0,-3.47,0.0,0.0,-3.5,-9.2,0.0 (cmd 0.0),0.0 (cmd 0.0)
2.0664,-8.68,0.0,0.0,-2.91,0.0,0.0,-2.9,-8.7,0.0 (cmd 0.0),0.0 (cmd 0.0)
2.0669,-8.41,0.0,0.0,-2.43,0.0,0.0,-2.4,-8.4,0.0 (cmd 0.0),0.0 (cmd 0.0)
2.0674,-8.21,0.0,0.0,-2.11,0.0,0.0,-2.1,-8.2,0.0 (cmd 0.0),0.0 (cmd 0.0)
2.0679000000000003,-8.07,0.0,0.0,-1.75,0.0,0.0,-1.8,-8.1,0.0 (cmd 0.0),0.0 (cmd 0.0)
2.0684,-7.96,0.0,0.0,-1.58,0.0,0.0,-1.6,-8.0,0.0 (cmd 0.0),0.0 (cmd 0.0)
2.0688999999999997,-7.71,0.0,0.0,-1.43,0.0,0.0,-1.4,-7.7,0.0 (cmd 0.0),0.0 (cmd 0.0)
2.0694,-7.3,0.0,0.0,-1.09,0.0,0.0,-1.1,-7.3,0.0 (cmd 0.0),0.0 (cmd 0.0)
2.0699,-6.95,0.0,0.0,-0.95,0.0,0.0,-0.9,-7.0,0.0 (cmd 0.0),0.0 (cmd 0.0)
2.0704000000000002,-6.87,0.0,0.0,-0.9,0.0,0.0,-0.9,-6.9,0.0 (cmd 0.0),0.0 (cmd 0.0)
2.0709,-6.9,0.0,0.0,-0.87,0.0,0.0,-0.9,-6.9,0.0 (cmd 0.0),0.0 (cmd 0.0)
2.0713999999999997,-6.84,0.0,0.0,-0.78,0.0,0.0,-0.8,-6.8,0.0 (cmd 0.0),0.0 (cmd 0.0)
2.0719000000000003,-6.77,0.0,0.0,-0.72,0.0,0.0,-0.7,-6.8,0.0 (cmd 0.0),0.0 (cmd 0.0)
2.0724,-6.69,0.0,0.0,-0.68,0.0,0.0,-0.7,-6.7,0.0 (cmd 0.0),0.0 (cmd 0.0)
2.0729,-6.64,0.0,0.0,-0.57,0.0,0.0,-0.6,-6.6,0.0 (cmd 0.0),0.0 (cmd 0.0)
2.0734,-6.58,0.0,0.0,-0.53,0.0,0.0,-0.5,-6.6,0.0 (cmd 0.0),0.0 (cmd 0.0)
2.0738999999999996,-6.55,0.0,0.0,-0.51,0.0,0.0,-0.5,-6.5,0.0 (cmd 0.0),0.0 (cmd 0.0)
2.0744000000000002,-6.52,0.0,0.0,-0.52,0.0,0.0,-0.5,-6.5,0.0 (cmd 0.0),0.0 (cmd 0.0)
2.0749,-6.5,0.0,0.0,-0.53,0.0,0.0,-0.5,-6.5,0.0 (cmd 0.0),0.0 (cmd 0.0)
2.0754,-6.49,0.0,0.0,-0.53,0.0,0.0,-0.5,-6.5,0.0 (cmd 0.0),0.0 (cmd 0.0)
2.0759000000000003,-6.47,0.0,0.0,-0.5,0.0,0.0,-0.5,-6.5,0.0 (cmd 0.0),0.0 (cmd 0.0)
2.0763999999999996,-6.49,0.0,0.0,-0.5,0.0,0.0,-0.5,-6.5,0.0 (cmd 0.0),0.0 (cmd 0.0)
2.0769,-6.51,0.0,0.0,-0.55,0.0,0.0,-0.6,-6.5,0.0 (cmd 0.0),0.0 (cmd 0.0)
2.0774,-6.54,0.0,0.0,-0.61,0.0,0.0,-0.6,-6.5,0.0 (cmd 0.0),0.0 (cmd 0.0)
2.0779,-6.58,0.0,0.0,-0.67,0.0,0.0,-0.7,-6.6,0.0 (cmd 0.0),0.0 (cmd 0.0)
2.0784000000000002,-6.56,0.0,0.0,-0.67,0.0,0.0,-0.7,-6.6,0.0 (cmd 0.0),0.0 (cmd 0.0)
2.0788999999999995,-6.54,0.0,0.0,-0.68,0.0,0.0,-0.7,-6.5,0.0 (cmd 0.0),0.0 (cmd 0.0)
2.0794,-6.52,0.0,0.0,-0.69,0.0,0.0,-0.7,-6.5,0.0 (cmd 0.0),0.0 (cmd 0.0)
2.0799000000000003,-6.52,0.0,0.0,-0.71,0.0,0.0,-0.7,-6.5,0.0 (cmd 0.0),0.0 (cmd 0.0)
2.0804,-6.54,0.0,0.0,-0.76,0.0,0.0,-0.8,-6.5,0.0 (cmd 0.0),0.0 (cmd 0.0)
2.0809,-6.54,0.0,0.0,-0.78,0.0,0.0,-0.8,-6.5,0.0 (cmd 0.0),0.0 (cmd 0.0)
2.0813999999999995,-6.54,0.0,0.0,-0.8,0.0,0.0,-0.8,-6.5,0.0 (cmd 0.0),0.0 (cmd 0.0)
2.0819,-6.52,0.0,0.0,-0.8,0.0,0.0,-0.8,-6.5,0.0 (cmd 0.0),0.0 (cmd 0.0)
2.0824000000000003,-6.53,0.0,0.0,-0.81,0.0,0.0,-0.8,-6.5,0.0 (cmd 0.0),0.0 (cmd 0.0)
2.0829,-6.54,0.0,0.0,-0.81,0.0,0.0,-0.8,-6.5,0.0 (cmd 0.0),0.0 (cmd 0.0)
2.0834,-6.52,0.0,0.0,-0.81,0.0,0.0,-0.8,-6.5,0.0 (cmd 0.0),0.0 (cmd 0.0)
2.0838999999999994,-6.52,0.0,0.0,-0.81,0.0,0.0,-0.8,-6.5,0.0 (cmd 0.0),0.0 (cmd 0.0)
2.0844,-6.52,0.0,0.0,-0.83,0.0,0.0,-0.8,-6.5,0.0 (cmd 0.0),0.0 (cmd 0.0)
2.0849,-6.52,0.0,0.0,-0.83,0.0,0.0,-0.8,-6.5,0.0 (cmd 0.0),0.0 (cmd 0.0)
2.0854,-6.52,0.0,0.0,-0.81,0.0,0.0,-0.8,-6.5,0.0 (cmd 0.0),0.0 (cmd 0.0)
2.0859,-6.51,0.0,0.0,-0.81,0.0,0.0,-0.8,-6.5,0.0 (cmd 0.0),0.0 (cmd 0.0)
2.0864,-6.5,0.0,0.0,-0.8,0.0,0.0,-0.8,-6.5,0.0 (cmd 0.0),0.0 (cmd 0.0)
2.0869,-6.52,0.0,0.0,-0.8,0.0,0.0,-0.8,-6.5,0.0 (cmd 0.0),0.0 (cmd 0.0)
2.0874,-6.52,0.0,0.0,-0.8,0.0,0.0,-0.8,-6.5,0.0 (cmd 0.0),0.0 (cmd 0.0)
2.0879000000000003,-6.54,0.0,0.0,-0.8,0.0,0.0,-0.8,-6.5,0.0 (cmd 0.0),0.0 (cmd 0.0)
2.0884,-6.54,0.0,0.0,-0.8,0.0,0.0,-0.8,-6.5,0.0 (cmd 0.0),0.0 (cmd 0.0)
2.0888999999999998,-6.52,0.0,0.0,-0.79,0.0,0.0,-0.8,-6.5,0.0 (cmd 0.0),0.0 (cmd 0.0)
2.0894,-6.51,0.0,0.0,-0.79,0.0,0.0,-0.8,-6.5,0.0 (cmd 0.0),0.0 (cmd 0.0)
2.0899,-6.5,0.0,0.0,-0.81,0.0,0.0,-0.8,-6.5,0.0 (cmd 0.0),0.0 (cmd 0.0)
2.0904000000000003,-6.52,0.0,0.0,-0.8,0.0,0.0,-0.8,-6.5,0.0 (cmd 0.0),0.0 (cmd 0.0)
2.0909,-6.5,0.0,0.0,-0.81,0.0,0.0,-0.8,-6.5,0.0 (cmd 0.0),0.0 (cmd 0.0)
2.0913999999999997,-6.49,0.0,0.0,-0.8,0.0,0.0,-0.8,-6.5,0.0 (cmd 0.0),0.0 (cmd 0.0)
2.0919,-6.49,0.0,0.0,-0.8,0.0,0.0,-0.8,-6.5,0.0 (cmd 0.0),0.0 (cmd 0.0)
2.0924,-6.47,0.0,0.0,-0.8,0.0,0.0,-0.8,-6.5,0.0 (cmd 0.0),0.0 (cmd 0.0)
2.0929,-6.48,0.0,0.0,-0.81,0.0,0.0,-0.8,-6.5,0.0 (cmd 0.0),0.0 (cmd 0.0)
2.0934,-6.46,0.0,0.0,-0.8,0.0,0.0,-0.8,-6.5,0.0 (cmd 0.0),0.0 (cmd 0.0)
2.0938999999999997,-6.44,0.0,0.0,-0.8,0.0,0.0,-0.8,-6.4,0.0 (cmd 0.0),0.0 (cmd 0.0)
2.0944000000000003,-6.44,0.0,0.0,-0.8,0.0,0.0,-0.8,-6.4,0.0 (cmd 0.0),0.0 (cmd 0.0)
2.0949,-6.44,0.0,0.0,-0.8,0.0,0.0,-0.8,-6.4,0.0 (cmd 0.0),0.0 (cmd 0.0)
2.0954,-6.42,0.0,0.0,-0.8,0.0,0.0,-0.8,-6.4,0.0 (cmd 0.0),0.0 (cmd 0.0)
2.096,-6.39,0.0,0.0,-0.8,0.0,0.0,-0.8,-6.4,0.0 (cmd 0.0),0.0 (cmd 0.0)
2.0963999999999996,-6.37,0.0,0.0,-0.81,0.0,0.0,-0.8,-6.4,0.0 (cmd 0.0),0.0 (cmd 0.0)
2.0969,-6.36,0.0,0.0,-0.81,0.0,0.0,-0.8,-6.4,0.0 (cmd 0.0),0.0 (cmd 0.0)
2.0975,-6.34,0.0,0.0,-0.81,0.0,0.0,-0.8,-6.3,0.0 (cmd 0.0),0.0 (cmd 0.0)
2.098,-6.32,0.0,0.0,-0.81,0.0,0.0,-0.8,-6.3,0.0 (cmd 0.0),0.0 (cmd 0.0)
2.0985,-6.3,0.0,0.0,-0.82,0.0,0.0,-0.8,-6.3,0.0 (cmd 0.0),0.0 (cmd 0.0)
2.099,-6.3,0.0,0.0,-0.82,0.0,0.0,-0.8,-6.3,0.0 (cmd 0.0),0.0 (cmd 0.0)
2.0995,-6.29,0.0,0.0,-0.83,0.0,0.0,-0.8,-6.3,0.0 (cmd 0.0),0.0 (cmd 0.0)
2.1,-6.3,0.0,0.0,-0.83,0.0,0.0,-0.8,-6.3,0.0 (cmd 0.0),0.0 (cmd 0.0)
2.1005,-6.29,0.0,0.0,-0.82,0.0,0.0,-0.8,-6.3,0.0 (cmd 0.0),0.0 (cmd 0.0)
2.101,-6.29,0.0,0.0,-0.83,0.0,0.0,-0.8,-6.3,0.0 (cmd 0.0),0.0 (cmd 0.0)
2.1015,-6.32,0.0,0.0,-0.86,0.0,0.0,-0.9,-6.3,0.0 (cmd 0.0),0.0 (cmd 0.0)
2.102,-6.35,0.0,0.0,-0.89,0.0,0.0,-0.9,-6.3,0.0 (cmd 0.0),0.0 (cmd 0.0)
2.1025,-6.37,0.0,0.0,-0.92,0.0,0.0,-0.9,-6.4,0.0 (cmd 0.0),0.0 (cmd 0.0)
2.103,-6.38,0.0,0.0,-0.94,0.0,0.0,-0.9,-6.4,0.0 (cmd 0.0),0.0 (cmd 0.0)
2.1035,-6.4,0.0,0.0,-0.95,0.0,0.0,-0.9,-6.4,0.0 (cmd 0.0),0.0 (cmd 0.0)
2.104,-6.43,0.0,0.0,-1.0,0.0,0.0,-1.0,-6.4,0.0 (cmd 0.0),0.0 (cmd 0.0)
2.1045,-6.47,0.0,0.0,-1.07,0.0,0.0,-1.1,-6.5,0.0 (cmd 0.0),0.0 (cmd 0.0)
2.105,-6.5,0.0,0.0,-1.09,0.0,0.0,-1.1,-6.5,0.0 (cmd 0.0),0.0 (cmd 0.0)
2.1055,-6.52,0.0,0.0,-1.13,0.0,0.0,-1.1,-6.5,0.0 (cmd 0.0),0.0 (cmd 0.0)
2.106,-6.53,0.0,0.0,-1.2,0.0,0.0,-1.2,-6.5,0.0 (cmd 0.0),0.0 (cmd 0.0)
2.1065,-6.54,0.0,0.0,-1.22,0.0,0.0,-1.2,-6.5,0.0 (cmd 0.0),0.0 (cmd 0.0)
2.107,-6.57,0.0,0.0,-1.24,0.0,0.0,-1.2,-6.6,0.0 (cmd 0.0),0.0 (cmd 0.0)
2.1075,-6.6,0.0,0.0,-1.26,0.0,0.0,-1.3,-6.6,0.0 (cmd 0.0),0.0 (cmd 0.0)
2.108,-6.63,0.0,0.0,-1.28,0.0,0.0,-1.3,-6.6,0.0 (cmd 0.0),0.0 (cmd 0.0)
2.1085,-6.63,0.0,0.0,-1.28,0.0,0.0,-1.3,-6.6,0.0 (cmd 0.0),0.0 (cmd 0.0)
2.109,-6.62,0.0,0.0,-1.28,0.0,0.0,-1.3,-6.6,0.0 (cmd 0.0),0.0 (cmd 0.0)
2.1095,-6.62,0.0,0.0,-1.29,0.0,0.0,-1.3,-6.6,0.0 (cmd 0.0),0.0 (cmd 0.0)
2.11,-6.63,0.0,0.0,-1.31,0.0,0.0,-1.3,-6.6,0.0 (cmd 0.0),0.0 (cmd 0.0)
2.1105,-6.64,0.0,0.0,-1.31,0.0,0.0,-1.3,-6.6,0.0 (cmd 0.0),0.0 (cmd 0.0)
2.111,-6.63,0.0,0.0,-1.32,0.0,0.0,-1.3,-6.6,0.0 (cmd 0.0),0.0 (cmd 0.0)
2.1115,-6.64,0.0,0.0,-1.33,0.0,0.0,-1.3,-6.6,0.0 (cmd 0.0),0.0 (cmd 0.0)
2.112,-6.64,0.0,0.0,-1.31,0.0,0.0,-1.3,-6.6,0.0 (cmd 0.0),0.0 (cmd 0.0)
2.1125,-6.66,0.0,0.0,-1.33,0.0,0.0,-1.3,-6.7,0.0 (cmd 0.0),0.0 (cmd 0.0)
2.113,-6.68,0.0,0.0,-1.33,0.0,0.0,-1.3,-6.7,0.0 (cmd 0.0),0.0 (cmd 0.0)
2.1135,-6.71,0.0,0.0,-1.35,0.0,0.0,-1.4,-6.7,0.0 (cmd 0.0),0.0 (cmd 0.0)
2.114,-6.72,0.0,0.0,-1.35,0.0,0.0,-1.4,-6.7,0.0 (cmd 0.0),0.0 (cmd 0.0)
2.1145,-6.73,0.0,0.0,-1.36,0.0,0.0,-1.4,-6.7,0.0 (cmd 0.0),0.0 (cmd 0.0)
2.115,-6.74,0.0,0.0,-1.35,0.0,0.0,-1.4,-6.7,0.0 (cmd 0.0),0.0 (cmd 0.0)
2.1155,-6.75,0.0,0.0,-1.35,0.0,0.0,-1.4,-6.8,0.0 (cmd 0.0),0.0 (cmd 0.0)
2.116,-6.77,0.0,0.0,-1.34,0.0,0.0,-1.3,-6.8,0.0 (cmd 0.0),0.0 (cmd 0.0)
2.1165,-6.77,0.0,0.0,-1.34,0.0,0.0,-1.3,-6.8,0.0 (cmd 0.0),0.0 (cmd 0.0)
2.117,-6.78,0.0,0.0,-1.36,0.0,0.0,-1.4,-6.8,0.0 (cmd 0.0),0.0 (cmd 0.0)
2.1175,-6.79,0.0,0.0,-1.37,0.0,0.0,-1.4,-6.8,0.0 (cmd 0.0),0.0 (cmd 0.0)
2.118,-6.79,0.0,0.0,-1.38,0.0,0.0,-1.4,-6.8,0.0 (cmd 0.0),0.0 (cmd 0.0)
2.1185,-6.79,0.0,0.0,-1.36,0.0,0.0,-1.4,-6.8,0.0 (cmd 0.0),0.0 (cmd 0.0)
2.119,-6.8,0.0,0.0,-1.35,0.0,0.0,-1.4,-6.8,0.0 (cmd 0.0),0.0 (cmd 0.0)
2.1195,-6.8,0.0,0.0,-1.35,0.0,0.0,-1.4,-6.8,0.0 (cmd 0.0),0.0 (cmd 0.0)
2.12,-6.8,0.0,0.0,-1.36,0.0,0.0,-1.4,-6.8,0.0 (cmd 0.0),0.0 (cmd 0.0)
2.1205,-6.8,0.0,0.0,-1.37,0.0,0.0,-1.4,-6.8,0.0 (cmd 0.0),0.0 (cmd 0.0)
2.121,-6.8,0.0,0.0,-1.37,0.0,0.0,-1.4,-6.8,0.0 (cmd 0.0),0.0 (cmd 0.0)
2.1215,-6.8,0.0,0.0,-1.36,0.0,0.0,-1.4,-6.8,0.0 (cmd 0.0),0.0 (cmd 0.0)
2.122,-6.8,0.0,0.0,-1.36,0.0,0.0,-1.4,-6.8,0.0 (cmd 0.0),0.0 (cmd 0.0)
2.1225,-6.8,0.0,0.0,-1.37,0.0,0.0,-1.4,-6.8,0.0 (cmd 0.0),0.0 (cmd 0.0)
2.123,-6.8,0.0,0.0,-1.4,0.0,0.0,-1.4,-6.8,0.0 (cmd 0.0),0.0 (cmd 0.0)
2.1235,-6.79,0.0,0.0,-1.44,0.0,0.0,-1.4,-6.8,0.0 (cmd 0.0),0.0 (cmd 0.0)
2.124,-6.79,0.0,0.0,-1.48,0.0,0.0,-1.5,-6.8,0.0 (cmd 0.0),0.0 (cmd 0.0)
2.1245,-6.78,0.0,0.0,-1.59,0.0,0.0,-1.6,-6.8,0.0 (cmd 0.0),0.0 (cmd 0.0)
2.125,-6.8,0.0,0.0,-1.73,0.0,0.0,-1.7,-6.8,0.0 (cmd 0.0),0.0 (cmd 0.0)
2.1255,-7.07,0.0,0.0,-2.57,0.0,0.0,-2.6,-7.1,0.0 (cmd 0.0),0.0 (cmd 0.0)
2.126,-7.47,0.0,0.0,-3.63,0.0,0.0,-3.6,-7.5,0.0 (cmd 0.0),0.0 (cmd 0.0)
2.1265,-8.01,0.0,0.0,-4.19,0.0,0.0,-4.2,-8.0,0.0 (cmd 0.0),0.0 (cmd 0.0)
2.127,-8.58,0.0,0.0,-5.19,0.0,0.0,-5.2,-8.6,0.0 (cmd 0.0),0.0 (cmd 0.0)
2.1275,-9.01,0.0,0.0,-5.83,0.0,0.0,-5.8,-9.0,0.0 (cmd 0.0),0.0 (cmd 0.0)
2.128,-9.21,0.0,0.0,-6.12,0.0,0.0,-6.1,-9.2,0.0 (cmd 0.0),0.0 (cmd 0.0)
2.1285,-9.45,0.0,0.0,-6.55,0.0,0.0,-6.5,-9.4,0.0 (cmd 0.0),0.0 (cmd 0.0)
2.129,-9.57,0.0,0.0,-6.72,0.0,0.0,-6.7,-9.6,0.0 (cmd 0.0),0.0 (cmd 0.0)
2.1295,-9.67,0.0,0.0,-6.85,0.0,0.0,-6.8,-9.7,0.0 (cmd 0.0),0.0 (cmd 0.0)
2.13,-9.76,0.0,0.0,-6.99,0.0,0.0,-7.0,-9.8,0.0 (cmd 0.0),0.0 (cmd 0.0)
2.1305,-9.95,0.0,0.0,-7.1,0.0,0.0,-7.1,-9.9,0.0 (cmd 0.0),0.0 (cmd 0.0)
2.131,-10.23,0.0,0.0,-7.09,0.0,0.0,-7.1,-10.2,0.0 (cmd 0.0),0.0 (cmd 0.0)
2.1315,-10.38,0.0,0.0,-7.09,0.0,0.0,-7.1,-10.4,0.0 (cmd 0.0),0.0 (cmd 0.0)
2.132,-10.42,0.0,0.0,-7.36,0.0,0.0,-7.4,-10.4,0.0 (cmd 0.0),0.0 (cmd 0.0)
2.1325,-10.48,0.0,0.0,-7.55,0.0,0.0,-7.5,-10.5,0.0 (cmd 0.0),0.0 (cmd 0.0)
2.133,-10.6,0.0,0.0,-7.64,0.0,0.0,-7.6,-10.6,0.0 (cmd 0.0),0.0 (cmd 0.0)
2.1335,-10.64,0.0,0.0,-7.63,0.0,0.0,-7.6,-10.6,0.0 (cmd 0.0),0.0 (cmd 0.0)
2.134,-10.7,0.0,0.0,-7.7,0.0,0.0,-7.7,-10.7,0.0 (cmd 0.0),0.0 (cmd 0.0)
2.1345,-10.99,0.0,0.0,-7.75,0.0,0.0,-7.8,-11.0,0.0 (cmd 0.0),0.0 (cmd 0.0)
2.135,-11.2,0.0,0.0,-7.75,0.0,0.0,-7.8,-11.2,0.0 (cmd 0.0),0.0 (cmd 0.0)
2.1355,-11.28,0.0,0.0,-7.7,0.0,0.0,-7.7,-11.3,0.0 (cmd 0.0),0.0 (cmd 0.0)
2.136,-11.3,0.0,0.0,-7.66,0.0,0.0,-7.7,-11.3,0.0 (cmd 0.0),0.0 (cmd 0.0)
2.1365,-11.33,0.0,0.0,-7.71,0.0,0.0,-7.7,-11.3,0.0 (cmd 0.0),0.0 (cmd 0.0)
2.137,-11.3,0.0,0.0,-7.75,0.0,0.0,-7.8,-11.3,0.0 (cmd 0.0),0.0 (cmd 0.0)
2.1375,-11.49,0.0,0.0,-7.8,0.0,0.0,-7.8,-11.5,0.0 (cmd 0.0),0.0 (cmd 0.0)
2.138,-12.19,0.0,0.0,-7.63,0.0,0.0,-7.6,-12.2,0.0 (cmd 0.0),0.0 (cmd 0.0)
2.1385,-12.87,0.0,0.0,-7.53,0.0,0.0,-7.5,-12.9,0.0 (cmd 0.0),0.0 (cmd 0.0)
2.139,-13.43,0.0,0.0,-7.34,0.0,0.0,-7.3,-13.4,0.0 (cmd 0.0),0.0 (cmd 0.0)
2.1395,-13.84,0.0,0.0,-7.13,0.0,0.0,-7.1,-13.8,0.0 (cmd 0.0),0.0 (cmd 0.0)
2.14,-13.74,0.0,0.0,-7.05,0.0,0.0,-7.0,-13.7,0.0 (cmd 0.0),0.0 (cmd 0.0)
2.1405,-13.51,0.0,0.0,-7.0,0.0,0.0,-7.0,-13.5,0.0 (cmd 0.0),0.0 (cmd 0.0)
2.141,-12.98,0.0,0.0,-6.9,0.0,0.0,-6.9,-13.0,0.0 (cmd 0.0),0.0 (cmd 0.0)
2.1415,-12.4,0.0,0.0,-6.51,0.0,0.0,-6.5,-12.4,0.0 (cmd 0.0),0.0 (cmd 0.0)
2.142,-12.08,0.0,0.0,-6.18,0.0,0.0,-6.2,-12.1,0.0 (cmd 0.0),0.0 (cmd 0.0)
2.1425,-11.98,0.0,0.0,-5.93,0.0,0.0,-5.9,-12.0,0.0 (cmd 0.0),0.0 (cmd 0.0)
2.143,-12.02,0.0,0.0,-5.71,0.0,0.0,-5.7,-12.0,0.0 (cmd 0.0),0.0 (cmd 0.0)
2.1435,-12.14,0.0,0.0,-5.66,0.0,0.0,-5.7,-12.1,0.0 (cmd 0.0),0.0 (cmd 0.0)
2.144,-12.38,0.0,0.0,-5.65,0.0,0.0,-5.7,-12.4,0.0 (cmd 0.0),0.0 (cmd 0.0)
2.1445,-12.52,0.0,0.0,-5.68,0.0,0.0,-5.7,-12.5,0.0 (cmd 0.0),0.0 (cmd 0.0)
2.145,-12.56,0.0,0.0,-5.9,0.0,0.0,-5.9,-12.6,0.0 (cmd 0.0),0.0 (cmd 0.0)
2.1455,-12.53,0.0,0.0,-6.02,0.0,0.0,-6.0,-12.5,0.0 (cmd 0.0),0.0 (cmd 0.0)
2.146,-12.45,0.0,0.0,-6.08,0.0,0.0,-6.1,-12.4,0.0 (cmd 0.0),0.0 (cmd 0.0)
2.1465,-12.39,0.0,0.0,-6.11,0.0,0.0,-6.1,-12.4,0.0 (cmd 0.0),0.0 (cmd 0.0)
2.147,-12.05,0.0,0.0,-6.13,0.0,0.0,-6.1,-12.1,0.0 (cmd 0.0),0.0 (cmd 0.0)
2.1475,-12.09,0.0,0.0,-6.06,0.0,0.0,-6.1,-12.1,0.0 (cmd 0.0),0.0 (cmd 0.0)
2.148,-12.71,0.0,0.0,-6.1,0.0,0.0,-6.1,-12.7,0.0 (cmd 0.0),0.0 (cmd 0.0)
2.1485,-13.51,0.0,0.0,-6.31,0.0,0.0,-6.3,-13.5,0.0 (cmd 0.0),0.0 (cmd 0.0)
2.149,-13.95,0.0,0.0,-6.47,0.0,0.0,-6.5,-13.9,0.0 (cmd 0.0),0.0 (cmd 0.0)
2.1495,-14.34,0.0,0.0,-6.45,0.0,0.0,-6.5,-14.3,0.0 (cmd 0.0),0.0 (cmd 0.0)
2.15,-14.66,0.0,0.0,-6.36,0.0,0.0,-6.4,-14.7,0.0 (cmd 0.0),0.0 (cmd 0.0)
2.1505,-15.44,0.0,0.0,-6.39,0.0,0.0,-6.4,-15.4,0.0 (cmd 0.0),0.0 (cmd 0.0)
2.151,-15.92,0.0,0.0,-6.67,0.0,0.0,-6.7,-15.9,0.0 (cmd 0.0),0.0 (cmd 0.0)
2.1515,-16.36,0.0,0.0,-7.46,0.0,0.0,-7.5,-16.4,0.0 (cmd 0.0),0.0 (cmd 0.0)
2.152,-16.72,0.0,0.0,-8.48,0.0,0.0,-8.5,-16.7,0.0 (cmd 0.0),0.0 (cmd 0.0)
2.1525,-16.82,0.0,0.0,-8.93,0.0,0.0,-8.9,-16.8,0.0 (cmd 0.0),0.0 (cmd 0.0)
2.153,-16.59,0.0,0.0,-9.41,0.0,0.0,-9.4,-16.6,0.0 (cmd 0.0),0.0 (cmd 0.0)
2.1535,-16.15,0.0,0.0,-9.55,0.0,0.0,-9.6,-16.1,0.0 (cmd 0.0),0.0 (cmd 0.0)
2.154,-15.99,0.0,0.0,-9.66,0.0,0.0,-9.7,-16.0,0.0 (cmd 0.0),0.0 (cmd 0.0)
2.1545,-16.02,0.0,0.0,-9.82,0.0,0.0,-9.8,-16.0,0.0 (cmd 0.0),0.0 (cmd 0.0)
2.155,-16.37,0.0,0.0,-10.05,0.0,0.0,-10.1,-16.4,0.0 (cmd 0.0),0.0 (cmd 0.0)
2.1555,-16.7,0.0,0.0,-10.04,0.0,0.0,-10.0,-16.7,0.0 (cmd 0.0),0.0 (cmd 0.0)
2.156,-16.6,0.0,0.0,-9.98,0.0,0.0,-10.0,-16.6,0.0 (cmd 0.0),0.0 (cmd 0.0)
2.1565,-16.46,0.0,0.0,-9.78,0.0,0.0,-9.8,-16.5,0.0 (cmd 0.0),0.0 (cmd 0.0)
2.157,-16.38,0.0,0.0,-9.66,0.0,0.0,-9.7,-16.4,0.0 (cmd 0.0),0.0 (cmd 0.0)
2.1575,-16.24,0.0,0.0,-9.48,0.0,0.0,-9.5,-16.2,0.0 (cmd 0.0),0.0 (cmd 0.0)
2.158,-16.29,0.0,0.0,-9.39,0.0,0.0,-9.4,-16.3,0.0 (cmd 0.0),0.0 (cmd 0.0)
2.1585,-16.29,0.0,0.0,-9.27,0.0,0.0,-9.3,-16.3,0.0 (cmd 0.0),0.0 (cmd 0.0)
2.159,-16.08,0.0,0.0,-9.19,0.0,0.0,-9.2,-16.1,0.0 (cmd 0.0),0.0 (cmd 0.0)
2.1595,-15.88,0.0,0.0,-9.08,0.0,0.0,-9.1,-15.9,0.0 (cmd 0.0),0.0 (cmd 0.0)
2.16,-15.77,0.0,0.0,-8.92,0.0,0.0,-8.9,-15.8,0.0 (cmd 0.0),0.0 (cmd 0.0)
2.1605,-15.69,0.0,0.0,-8.85,0.0,0.0,-8.8,-15.7,0.0 (cmd 0.0),0.0 (cmd 0.0)
2.161,-15.49,0.0,0.0,-8.87,0.0,0.0,-8.9,-15.5,0.0 (cmd 0.0),0.0 (cmd 0.0)
2.1615,-15.35,0.0,0.0,-8.82,0.0,0.0,-8.8,-15.3,0.0 (cmd 0.0),0.0 (cmd 0.0)
2.162,-15.35,0.0,0.0,-8.71,0.0,0.0,-8.7,-15.3,0.0 (cmd 0.0),0.0 (cmd 0.0)
2.1625,-15.48,0.0,0.0,-8.72,0.0,0.0,-8.7,-15.5,0.0 (cmd 0.0),0.0 (cmd 0.0)
2.163,-15.74,0.0,0.0,-8.78,0.0,0.0,-8.8,-15.7,0.0 (cmd 0.0),0.0 (cmd 0.0)
2.1635,-15.88,0.0,0.0,-8.76,0.0,0.0,-8.8,-15.9,0.0 (cmd 0.0),0.0 (cmd 0.0)
2.164,-15.94,0.0,0.0,-8.63,0.0,0.0,-8.6,-15.9,0.0 (cmd 0.0),0.0 (cmd 0.0)
2.1645,-15.72,0.0,0.0,-8.49,0.0,0.0,-8.5,-15.7,0.0 (cmd 0.0),0.0 (cmd 0.0)
2.165,-15.01,0.0,0.0,-8.33,0.0,0.0,-8.3,-15.0,0.0 (cmd 0.0),0.0 (cmd 0.0)
2.1655,-14.31,0.0,0.0,-7.99,0.0,0.0,-8.0,-14.3,0.0 (cmd 0.0),0.0 (cmd 0.0)
2.166,-13.04,0.0,0.0,-7.39,0.0,0.0,-7.4,-13.0,0.0 (cmd 0.0),0.0 (cmd 0.0)
2.1665,-11.9,0.0,0.0,-7.29,0.0,0.0,-7.3,-11.9,0.0 (cmd 0.0),0.0 (cmd 0.0)
2.167,-11.04,0.0,0.0,-6.63,0.0,0.0,-6.6,-11.0,0.0 (cmd 0.0),0.0 (cmd 0.0)
2.1675,-10.19,0.0,0.0,-6.11,0.0,0.0,-6.1,-10.2,0.0 (cmd 0.0),0.0 (cmd 0.0)
2.168,-9.7,0.0,0.0,-5.73,0.0,0.0,-5.7,-9.7,0.0 (cmd 0.0),0.0 (cmd 0.0)
2.1685,-9.57,0.0,0.0,-5.58,0.0,0.0,-5.6,-9.6,0.0 (cmd 0.0),0.0 (cmd 0.0)
2.169,-9.61,0.0,0.0,-5.43,0.0,0.0,-5.4,-9.6,0.0 (cmd 0.0),0.0 (cmd 0.0)
2.1695,-9.68,0.0,0.0,-5.32,0.0,0.0,-5.3,-9.7,0.0 (cmd 0.0),0.0 (cmd 0.0)
2.17,-9.56,0.0,0.0,-5.13,0.0,0.0,-5.1,-9.6,0.0 (cmd 0.0),0.0 (cmd 0.0)
2.1705,-9.31,0.0,0.0,-4.88,0.0,0.0,-4.9,-9.3,0.0 (cmd 0.0),0.0 (cmd 0.0)
2.171,-9.0,0.0,0.0,-4.62,0.0,0.0,-4.6,-9.0,0.0 (cmd 0.0),0.0 (cmd 0.0)
2.1715,-8.78,0.0,0.0,-4.37,0.0,0.0,-4.4,-8.8,0.0 (cmd 0.0),0.0 (cmd 0.0)
2.172,-8.71,0.0,0.0,-4.23,0.0,0.0,-4.2,-8.7,0.0 (cmd 0.0),0.0 (cmd 0.0)
2.1725,-8.69,0.0,0.0,-4.05,0.0,0.0,-4.0,-8.7,0.0 (cmd 0.0),0.0 (cmd 0.0)
2.173,-8.61,0.0,0.0,-3.92,0.0,0.0,-3.9,-8.6,0.0 (cmd 0.0),0.0 (cmd 0.0)
2.1735,-8.52,0.0,0.0,-3.86,0.0,0.0,-3.9,-8.5,0.0 (cmd 0.0),0.0 (cmd 0.0)
2.174,-8.53,0.0,0.0,-3.85,0.0,0.0,-3.9,-8.5,0.0 (cmd 0.0),0.0 (cmd 0.0)
2.1745,-8.53,0.0,0.0,-3.86,0.0,0.0,-3.9,-8.5,0.0 (cmd 0.0),0.0 (cmd 0.0)
2.175,-8.52,-0.92,0.0,-3.89,0.23,0.0,-3.9,-8.5,0.0 (cmd -0.9),0.0 (cmd 0.2)
2.1755,-8.55,-0.9,0.0,-3.91,0.23,0.0,-3.9,-8.6,0.0 (cmd -0.9),0.0 (cmd 0.2)
2.176,-8.58,-0.87,0.0,-3.9,0.23,0.0,-3.9,-8.6,0.0 (cmd -0.9),0.0 (cmd 0.2)
2.1765,-8.69,-0.85,0.0,-3.92,0.23,0.0,-3.9,-8.7,0.0 (cmd -0.8),0.0 (cmd 0.2)
2.177,-8.8,-0.84,0.0,-3.97,0.23,0.0,-4.0,-8.8,0.0 (cmd -0.8),0.0 (cmd 0.2)
2.1775,-8.91,-0.8,0.0,-3.97,0.24,0.0,-4.0,-8.9,0.0 (cmd -0.8),0.0 (cmd 0.2)
2.178,-9.19,-0.73,0.0,-3.88,0.25,0.0,-3.9,-9.2,0.0 (cmd -0.7),0.0 (cmd 0.2)
2.1785,-9.87,-0.62,0.0,-3.78,0.27,0.0,-3.8,-9.9,0.0 (cmd -0.6),0.0 (cmd 0.3)
2.179,-10.91,-0.55,0.0,-3.89,0.28,0.0,-3.9,-10.9,0.0 (cmd -0.6),0.0 (cmd 0.3)
2.1795,-11.67,-0.27,0.0,-4.59,0.29,0.0,-4.6,-11.7,0.0 (cmd -0.3),0.0 (cmd 0.3)
2.18,-12.45,-0.25,0.0,-7.36,0.26,0.0,-7.4,-12.4,0.0 (cmd -0.2),0.0 (cmd 0.3)
2.1805,-13.3,-0.4,0.0,-10.48,0.19,0.0,-10.5,-13.3,0.0 (cmd -0.4),0.0 (cmd 0.2)
2.181,-13.78,-0.65,0.0,-16.77,0.01,0.0,-16.8,-13.8,0.0 (cmd -0.7),0.0 (cmd 0.0)
2.1815,-13.9,-1.06,0.0,-24.64,-0.51,0.0,-24.6,-13.9,0.0 (cmd -1.1),0.0 (cmd -0.5)
2.182,-13.62,-1.41,0.0,-34.32,-0.78,0.0,-34.3,-13.6,0.0 (cmd -1.4),0.0 (cmd -0.8)
2.1825,-13.21,-1.72,0.0,-40.84,-0.93,0.0,-40.8,-13.2,0.0 (cmd -1.7),0.0 (cmd -0.9)
2.183,-12.56,-2.08,0.0,-48.37,-1.73,0.0,-48.4,-12.6,0.0 (cmd -2.1),0.0 (cmd -1.7)
2.1835,-11.83,-2.49,0.0,-55.82,-1.66,0.0,-55.8,-11.8,0.0 (cmd -2.5),0.0 (cmd -1.7)
2.184,-11.61,-2.72,0.0,-58.74,-1.51,0.0,-58.7,-11.6,0.0 (cmd -2.7),0.0 (cmd -1.5)
2.1845,-11.75,-2.84,0.0,-59.33,-0.97,0.0,-59.3,-11.8,0.0 (cmd -2.8),0.0 (cmd -1.0)
2.185,-12.71,-2.74,0.0,-56.53,0.04,0.0,-56.5,-12.7,0.0 (cmd -2.7),0.0 (cmd 0.0)
2.1855,-13.2,-2.55,0.0,-49.52,0.82,0.0,-49.5,-13.2,0.0 (cmd -2.5),0.0 (cmd 0.8)
2.186,-13.1,-2.13,0.0,-42.56,1.33,0.0,-42.6,-13.1,0.0 (cmd -2.1),0.0 (cmd 1.3)
2.1865,-12.79,-1.42,0.0,-32.82,1.67,0.0,-32.8,-12.8,0.0 (cmd -1.4),0.0 (cmd 1.7)
2.187,-12.48,-1.07,0.0,-19.89,1.66,0.0,-19.9,-12.5,0.0 (cmd -1.1),0.0 (cmd 1.7)
2.1875,-13.31,0.61,0.0,-13.86,1.65,0.0,-13.9,-13.3,0.0 (cmd 0.6),0.0 (cmd 1.6)
2.188,-15.01,1.61,0.0,-7.63,1.65,0.0,-7.6,-15.0,0.0 (cmd 1.6),0.0 (cmd 1.6)
2.1885,-17.19,1.79,0.0,-7.57,1.55,0.0,-7.6,-17.2,0.0 (cmd 1.8),0.0 (cmd 1.6)
2.189,-22.95,2.5,0.0,-5.38,1.52,0.0,-5.4,-22.9,0.0 (cmd 2.5),0.0 (cmd 1.5)
2.1895,-29.91,3.5,0.0,-4.41,1.51,0.0,-4.4,-29.9,0.0 (cmd 3.5),0.0 (cmd 1.5)
2.19,-35.46,4.83,0.0,-2.73,1.52,0.0,-2.7,-35.5,0.0 (cmd 4.8),0.0 (cmd 1.5)
2.1905,-43.76,6.44,0.0,-1.53,1.6,0.0,-1.5,-43.8,0.0 (cmd 6.4),0.0 (cmd 1.6)
2.191,-49.1,6.32,0.0,-1.2,1.51,0.0,-1.2,-49.1,0.0 (cmd 6.3),0.0 (cmd 1.5)
2.1915,-52.1,5.94,0.0,-1.61,1.4,0.0,-1.6,-52.1,0.0 (cmd 5.9),0.0 (cmd 1.4)
2.192,-53.51,4.84,0.0,-2.33,1.16,0.0,-2.3,-53.5,0.0 (cmd 4.8),0.0 (cmd 1.2)
2.1925,-49.39,3.03,0.0,-3.03,0.89,0.0,-3.0,-49.4,0.0 (cmd 3.0),0.0 (cmd 0.9)
2.193,-43.5,0.82,0.0,-3.63,0.61,0.0,-3.6,-43.5,0.0 (cmd 0.8),0.0 (cmd 0.6)
2.1935,-36.28,-1.44,0.0,-3.85,0.37,0.0,-3.9,-36.3,0.0 (cmd -1.4),0.0 (cmd 0.4)
2.194,-22.92,-4.69,0.0,-3.0,0.16,0.0,-3.0,-22.9,0.0 (cmd -4.7),0.0 (cmd 0.2)
2.1945,-15.82,-5.86,0.0,-2.2,0.12,0.0,-2.2,-15.8,0.0 (cmd -5.9),0.0 (cmd 0.1)
2.195,-11.96,-6.1,0.0,-1.81,0.11,0.0,-1.8,-12.0,0.0 (cmd -6.1),0.0 (cmd 0.1)
2.1955,-9.92,-5.57,0.0,-1.87,0.06,0.0,-1.9,-9.9,0.0 (cmd -5.6),0.0 (cmd 0.1)
2.196,-5.22,-5.43,0.0,-2.39,0.0,0.0,-2.4,-5.2,0.0 (cmd -5.4),0.0 (cmd 0.0)
2.1965,-3.49,-5.15,0.0,-3.47,-0.1,0.0,-3.5,-3.5,0.0 (cmd -5.2),0.0 (cmd -0.1)
2.197,-4.12,-4.21,0.0,-4.39,-0.21,0.0,-4.4,-4.1,0.0 (cmd -4.2),0.0 (cmd -0.2)
2.1975,-6.29,-3.08,0.0,-5.21,-0.17,0.0,-5.2,-6.3,0.0 (cmd -3.1),0.0 (cmd -0.2)
2.198,-7.84,-2.29,0.0,-5.85,-0.08,0.0,-5.8,-7.8,0.0 (cmd -2.3),0.0 (cmd -0.1)
2.1985,-8.28,-1.72,0.0,-6.27,0.0,0.0,-6.3,-8.3,0.0 (cmd -1.7),0.0 (cmd 0.0)
2.199,-8.12,-1.54,0.0,-6.22,0.06,0.0,-6.2,-8.1,0.0 (cmd -1.5),0.0 (cmd 0.1)
2.1995,-7.46,-1.51,0.0,-5.76,0.09,0.0,-5.8,-7.5,0.0 (cmd -1.5),0.0 (cmd 0.1)
2.2,-7.0,-1.51,0.0,-5.41,0.09,0.0,-5.4,-7.0,0.0 (cmd -1.5),0.0 (cmd 0.1)
2.2005,-6.96,0.0,0.0,-5.12,0.0,0.0,-5.1,-7.0,0.0 (cmd 0.0),0.0 (cmd 0.0)
2.201,-6.85,0.0,0.0,-5.1,0.0,0.0,-5.1,-6.8,0.0 (cmd 0.0),0.0 (cmd 0.0)
2.2015,-6.78,0.0,0.0,-5.09,0.0,0.0,-5.1,-6.8,0.0 (cmd 0.0),0.0 (cmd 0.0)
2.202,-6.69,0.0,0.0,-4.92,0.0,0.0,-4.9,-6.7,0.0 (cmd 0.0),0.0 (cmd 0.0)
2.2025,-6.08,0.0,0.0,-4.68,0.0,0.0,-4.7,-6.1,0.0 (cmd 0.0),0.0 (cmd 0.0)
2.203,-5.71,0.0,0.0,-4.37,0.0,0.0,-4.4,-5.7,0.0 (cmd 0.0),0.0 (cmd 0.0)
2.2035,-5.55,0.0,0.0,-4.13,0.0,0.0,-4.1,-5.5,0.0 (cmd 0.0),0.0 (cmd 0.0)
2.204,-5.52,0.0,0.0,-3.78,0.0,0.0,-3.8,-5.5,0.0 (cmd 0.0),0.0 (cmd 0.0)
2.2045,-5.37,0.0,0.0,-3.34,0.0,0.0,-3.3,-5.4,0.0 (cmd 0.0),0.0 (cmd 0.0)
2.205,-5.19,0.0,0.0,-2.92,0.0,0.0,-2.9,-5.2,0.0 (cmd 0.0),0.0 (cmd 0.0)
2.2055,-5.12,0.0,0.0,-2.56,0.0,0.0,-2.6,-5.1,0.0 (cmd 0.0),0.0 (cmd 0.0)
2.206,-4.89,0.0,0.0,-1.69,0.0,0.0,-1.7,-4.9,0.0 (cmd 0.0),0.0 (cmd 0.0)
2.2065,-4.6,0.0,0.0,-0.97,0.0,0.0,-1.0,-4.6,0.0 (cmd 0.0),0.0 (cmd 0.0)
2.207,-4.5,0.0,0.0,-0.75,0.0,0.0,-0.8,-4.5,0.0 (cmd 0.0),0.0 (cmd 0.0)
2.2075,-4.3,0.0,0.0,-0.47,0.0,0.0,-0.5,-4.3,0.0 (cmd 0.0),0.0 (cmd 0.0)
2.208,-4.14,0.0,0.0,-0.13,0.0,0.0,-0.1,-4.1,0.0 (cmd 0.0),0.0 (cmd 0.0)
2.2085,-3.93,0.0,0.0,0.14,0.0,0.0,0.1,-3.9,0.0 (cmd 0.0),0.0 (cmd 0.0)
2.209,-3.67,0.0,0.0,0.51,0.0,0.0,0.5,-3.7,0.0 (cmd 0.0),0.0 (cmd 0.0)
2.2095,-3.38,0.0,0.0,0.78,0.0,0.0,0.8,-3.4,0.0 (cmd 0.0),0.0 (cmd 0.0)
2.21,-3.22,0.0,0.0,1.0,0.0,0.0,1.0,-3.2,0.0 (cmd 0.0),0.0 (cmd 0.0)
2.2105,-3.24,0.0,0.0,1.04,0.0,0.0,1.0,-3.2,0.0 (cmd 0.0),0.0 (cmd 0.0)
2.211,-3.35,0.0,0.0,1.04,0.0,0.0,1.0,-3.4,0.0 (cmd 0.0),0.0 (cmd 0.0)
2.2115,-3.54,0.0,0.0,0.96,0.0,0.0,1.0,-3.5,0.0 (cmd 0.0),0.0 (cmd 0.0)
2.212,-3.75,0.0,0.0,0.87,0.0,0.0,0.9,-3.8,0.0 (cmd 0.0),0.0 (cmd 0.0)
2.2125,-3.91,0.0,0.0,0.8,0.0,0.0,0.8,-3.9,0.0 (cmd 0.0),0.0 (cmd 0.0)
2.213,-4.0,0.0,0.0,0.57,0.0,0.0,0.6,-4.0,0.0 (cmd 0.0),0.0 (cmd 0.0)
2.2135,-4.11,0.0,0.0,0.39,0.0,0.0,0.4,-4.1,0.0 (cmd 0.0),0.0 (cmd 0.0)
2.214,-4.22,0.0,0.0,0.24,0.0,0.0,0.2,-4.2,0.0 (cmd 0.0),0.0 (cmd 0.0)
2.2145,-4.34,0.0,0.0,0.05,0.0,0.0,0.1,-4.3,0.0 (cmd 0.0),0.0 (cmd 0.0)
2.215,-4.46,0.0,0.0,-0.13,0.0,0.0,-0.1,-4.5,0.0 (cmd 0.0),0.0 (cmd 0.0)
2.2155,-4.51,0.0,0.0,-0.23,0.0,0.0,-0.2,-4.5,0.0 (cmd 0.0),0.0 (cmd 0.0)
2.216,-4.55,0.0,0.0,-0.29,0.0,0.0,-0.3,-4.5,0.0 (cmd 0.0),0.0 (cmd 0.0)
2.2165,-4.62,0.0,0.0,-0.39,0.0,0.0,-0.4,-4.6,0.0 (cmd 0.0),0.0 (cmd 0.0)
2.217,-4.67,0.0,0.0,-0.5,0.0,0.0,-0.5,-4.7,0.0 (cmd 0.0),0.0 (cmd 0.0)
2.2175,-4.69,0.0,0.0,-0.53,0.0,0.0,-0.5,-4.7,0.0 (cmd 0.0),0.0 (cmd 0.0)
2.218,-4.73,0.0,0.0,-0.6,0.0,0.0,-0.6,-4.7,0.0 (cmd 0.0),0.0 (cmd 0.0)
2.2185,-4.74,0.0,0.0,-0.69,0.0,0.0,-0.7,-4.7,0.0 (cmd 0.0),0.0 (cmd 0.0)
2.219,-4.78,0.0,0.0,-0.73,0.0,0.0,-0.7,-4.8,0.0 (cmd 0.0),0.0 (cmd 0.0)
2.2195,-4.85,0.0,0.0,-0.74,0.0,0.0,-0.7,-4.8,0.0 (cmd 0.0),0.0 (cmd 0.0)
2.22,-4.85,0.0,0.0,-0.7,0.0,0.0,-0.7,-4.8,0.0 (cmd 0.0),0.0 (cmd 0.0)
2.2205,-4.81,0.0,0.0,-0.69,0.0,0.0,-0.7,-4.8,0.0 (cmd 0.0),0.0 (cmd 0.0)
2.221,-4.77,0.0,0.0,-0.66,0.0,0.0,-0.7,-4.8,0.0 (cmd 0.0),0.0 (cmd 0.0)
2.2215,-4.74,0.0,0.0,-0.62,0.0,0.0,-0.6,-4.7,0.0 (cmd 0.0),0.0 (cmd 0.0)
2.222,-4.77,0.0,0.0,-0.59,0.0,0.0,-0.6,-4.8,0.0 (cmd 0.0),0.0 (cmd 0.0)
2.2225,-4.79,0.0,0.0,-0.59,0.0,0.0,-0.6,-4.8,0.0 (cmd 0.0),0.0 (cmd 0.0)
2.223,-4.77,0.0,0.0,-0.59,0.0,0.0,-0.6,-4.8,0.0 (cmd 0.0),0.0 (cmd 0.0)
2.2235,-4.76,0.0,0.0,-0.57,0.0,0.0,-0.6,-4.8,0.0 (cmd 0.0),0.0 (cmd 0.0)
2.224,-4.76,0.0,0.0,-0.55,0.0,0.0,-0.6,-4.8,0.0 (cmd 0.0),0.0 (cmd 0.0)
2.2245,-4.74,0.0,0.0,-0.57,0.0,0.0,-0.6,-4.7,0.0 (cmd 0.0),0.0 (cmd 0.0)
2.225,-4.75,0.0,0.0,-0.59,0.0,0.0,-0.6,-4.8,0.0 (cmd 0.0),0.0 (cmd 0.0)
2.2255,-4.76,0.0,0.0,-0.62,0.0,0.0,-0.6,-4.8,0.0 (cmd 0.0),0.0 (cmd 0.0)
2.226,-4.76,0.0,0.0,-0.63,0.0,0.0,-0.6,-4.8,0.0 (cmd 0.0),0.0 (cmd 0.0)
2.2265,-4.73,0.0,0.0,-0.63,0.0,0.0,-0.6,-4.7,0.0 (cmd 0.0),0.0 (cmd 0.0)
2.227,-4.72,0.0,0.0,-0.66,0.0,0.0,-0.7,-4.7,0.0 (cmd 0.0),0.0 (cmd 0.0)
2.2275,-4.72,0.0,0.0,-0.68,0.0,0.0,-0.7,-4.7,0.0 (cmd 0.0),0.0 (cmd 0.0)
2.228,-4.73,0.0,0.0,-0.71,0.0,0.0,-0.7,-4.7,0.0 (cmd 0.0),0.0 (cmd 0.0)
2.2285,-4.73,0.0,0.0,-0.74,0.0,0.0,-0.7,-4.7,0.0 (cmd 0.0),0.0 (cmd 0.0)
2.229,-4.74,0.0,0.0,-0.77,0.0,0.0,-0.8,-4.7,0.0 (cmd 0.0),0.0 (cmd 0.0)
2.2295,-4.74,0.0,0.0,-0.81,0.0,0.0,-0.8,-4.7,0.0 (cmd 0.0),0.0 (cmd 0.0)
2.23,-4.77,0.0,0.0,-0.81,0.0,0.0,-0.8,-4.8,0.0 (cmd 0.0),0.0 (cmd 0.0)
2.2305,-4.8,0.0,0.0,-0.79,0.0,0.0,-0.8,-4.8,0.0 (cmd 0.0),0.0 (cmd 0.0)
2.231,-4.79,0.0,0.0,-0.81,0.0,0.0,-0.8,-4.8,0.0 (cmd 0.0),0.0 (cmd 0.0)
2.2315,-4.81,0.0,0.0,-0.81,0.0,0.0,-0.8,-4.8,0.0 (cmd 0.0),0.0 (cmd 0.0)
2.232,-4.87,0.0,0.0,-0.79,0.0,0.0,-0.8,-4.9,0.0 (cmd 0.0),0.0 (cmd 0.0)
2.2325,-4.87,0.0,0.0,-0.79,0.0,0.0,-0.8,-4.9,0.0 (cmd 0.0),0.0 (cmd 0.0)
2.233,-4.88,0.0,0.0,-0.83,0.0,0.0,-0.8,-4.9,0.0 (cmd 0.0),0.0 (cmd 0.0)
2.2335,-4.85,0.0,0.0,-0.81,0.0,0.0,-0.8,-4.8,0.0 (cmd 0.0),0.0 (cmd 0.0)
2.234,-4.84,0.0,0.0,-0.79,0.0,0.0,-0.8,-4.8,0.0 (cmd 0.0),0.0 (cmd 0.0)
2.2345,-4.85,0.0,0.0,-0.83,0.0,0.0,-0.8,-4.8,0.0 (cmd 0.0),0.0 (cmd 0.0)
2.235,-4.86,0.0,0.0,-0.85,0.0,0.0,-0.8,-4.9,0.0 (cmd 0.0),0.0 (cmd 0.0)
2.2355,-4.88,0.0,0.0,-0.86,0.0,0.0,-0.9,-4.9,0.0 (cmd 0.0),0.0 (cmd 0.0)
2.236,-4.88,0.0,0.0,-0.94,0.0,0.0,-0.9,-4.9,0.0 (cmd 0.0),0.0 (cmd 0.0)
2.2365,-4.84,0.0,0.0,-0.96,0.0,0.0,-1.0,-4.8,0.0 (cmd 0.0),0.0 (cmd 0.0)
2.237,-4.77,0.0,0.0,-0.92,0.0,0.0,-0.9,-4.8,0.0 (cmd 0.0),0.0 (cmd 0.0)
2.2375,-4.77,0.0,0.0,-0.98,0.0,0.0,-1.0,-4.8,0.0 (cmd 0.0),0.0 (cmd 0.0)
2.238,-4.84,0.0,0.0,-1.11,0.0,0.0,-1.1,-4.8,0.0 (cmd 0.0),0.0 (cmd 0.0)
2.2385,-4.89,0.0,0.0,-1.23,0.0,0.0,-1.2,-4.9,0.0 (cmd 0.0),0.0 (cmd 0.0)
2.239,-4.92,0.0,0.0,-1.26,0.0,0.0,-1.3,-4.9,0.0 (cmd 0.0),0.0 (cmd 0.0)
2.2395,-4.88,0.0,0.0,-1.22,0.0,0.0,-1.2,-4.9,0.0 (cmd 0.0),0.0 (cmd 0.0)
2.24,-4.82,0.0,0.0,-1.2,0.0,0.0,-1.2,-4.8,0.0 (cmd 0.0),0.0 (cmd 0.0)
2.2405,-4.8,0.0,0.0,-1.19,0.0,0.0,-1.2,-4.8,0.0 (cmd 0.0),0.0 (cmd 0.0)
2.241,-4.77,0.0,0.0,-1.2,0.0,0.0,-1.2,-4.8,0.0 (cmd 0.0),0.0 (cmd 0.0)
2.2415,-4.78,0.0,0.0,-1.24,0.0,0.0,-1.2,-4.8,0.0 (cmd 0.0),0.0 (cmd 0.0)
2.242,-4.83,0.0,0.0,-1.25,0.0,0.0,-1.2,-4.8,0.0 (cmd 0.0),0.0 (cmd 0.0)
2.2425,-4.85,0.0,0.0,-1.28,0.0,0.0,-1.3,-4.8,0.0 (cmd 0.0),0.0 (cmd 0.0)
2.243,-4.88,0.0,0.0,-1.3,0.0,0.0,-1.3,-4.9,0.0 (cmd 0.0),0.0 (cmd 0.0)
2.2435,-4.89,0.0,0.0,-1.29,0.0,0.0,-1.3,-4.9,0.0 (cmd 0.0),0.0 (cmd 0.0)
2.244,-4.89,0.0,0.0,-1.3,0.0,0.0,-1.3,-4.9,0.0 (cmd 0.0),0.0 (cmd 0.0)
2.2445,-4.9,0.0,0.0,-1.3,0.0,0.0,-1.3,-4.9,0.0 (cmd 0.0),0.0 (cmd 0.0)
2.245,-4.9,0.0,0.0,-1.31,0.0,0.0,-1.3,-4.9,0.0 (cmd 0.0),0.0 (cmd 0.0)
2.2455,-4.91,0.0,0.0,-1.3,0.0,0.0,-1.3,-4.9,0.0 (cmd 0.0),0.0 (cmd 0.0)
2.246,-4.91,0.0,0.0,-1.31,0.0,0.0,-1.3,-4.9,0.0 (cmd 0.0),0.0 (cmd 0.0)
2.2465,-4.9,0.0,0.0,-1.33,0.0,0.0,-1.3,-4.9,0.0 (cmd 0.0),0.0 (cmd 0.0)
2.247,-4.9,0.0,0.0,-1.33,0.0,0.0,-1.3,-4.9,0.0 (cmd 0.0),0.0 (cmd 0.0)
2.2475,-4.88,0.0,0.0,-1.33,0.0,0.0,-1.3,-4.9,0.0 (cmd 0.0),0.0 (cmd 0.0)
2.248,-4.88,0.0,0.0,-1.3,0.0,0.0,-1.3,-4.9,0.0 (cmd 0.0),0.0 (cmd 0.0)
2.2485,-4.87,0.0,0.0,-1.3,0.0,0.0,-1.3,-4.9,0.0 (cmd 0.0),0.0 (cmd 0.0)
2.249,-4.87,0.0,0.0,-1.29,0.0,0.0,-1.3,-4.9,0.0 (cmd 0.0),0.0 (cmd 0.0)
2.2495,-4.88,0.0,0.0,-1.26,0.0,0.0,-1.3,-4.9,0.0 (cmd 0.0),0.0 (cmd 0.0)
2.25,-4.93,0.0,0.0,-1.2,0.0,0.0,-1.2,-4.9,0.0 (cmd 0.0),0.0 (cmd 0.0)
2.2505,-4.95,0.0,0.0,-1.11,0.0,0.0,-1.1,-5.0,0.0 (cmd 0.0),0.0 (cmd 0.0)
2.251,-4.93,0.0,0.0,-1.04,0.0,0.0,-1.0,-4.9,0.0 (cmd 0.0),0.0 (cmd 0.0)
2.2515,-4.95,0.0,0.0,-1.01,0.0,0.0,-1.0,-5.0,0.0 (cmd 0.0),0.0 (cmd 0.0)
2.252,-4.96,0.0,0.0,-0.99,0.0,0.0,-1.0,-5.0,0.0 (cmd 0.0),0.0 (cmd 0.0)
2.2525,-4.94,0.0,0.0,-1.02,0.0,0.0,-1.0,-4.9,0.0 (cmd 0.0),0.0 (cmd 0.0)
2.253,-4.94,0.0,0.0,-1.05,0.0,0.0,-1.1,-4.9,0.0 (cmd 0.0),0.0 (cmd 0.0)
2.2535,-4.91,0.0,0.0,-1.09,0.0,0.0,-1.1,-4.9,0.0 (cmd 0.0),0.0 (cmd 0.0)
2.254,-4.87,0.0,0.0,-1.12,0.0,0.0,-1.1,-4.9,0.0 (cmd 0.0),0.0 (cmd 0.0)
2.2545,-4.85,0.0,0.0,-1.16,0.0,0.0,-1.2,-4.8,0.0 (cmd 0.0),0.0 (cmd 0.0)
2.255,-4.87,0.0,0.0,-1.22,0.0,0.0,-1.2,-4.9,0.0 (cmd 0.0),0.0 (cmd 0.0)
2.2555,-4.89,0.0,0.0,-1.28,0.0,0.0,-1.3,-4.9,0.0 (cmd 0.0),0.0 (cmd 0.0)
2.256,-4.89,0.0,0.0,-1.3,0.0,0.0,-1.3,-4.9,0.0 (cmd 0.0),0.0 (cmd 0.0)
2.2565,-4.9,0.0,0.0,-1.34,0.0,0.0,-1.3,-4.9,0.0 (cmd 0.0),0.0 (cmd 0.0)
2.257,-4.92,0.0,0.0,-1.38,0.0,0.0,-1.4,-4.9,0.0 (cmd 0.0),0.0 (cmd 0.0)
2.2575,-4.93,0.0,0.0,-1.41,0.0,0.0,-1.4,-4.9,0.0 (cmd 0.0),0.0 (cmd 0.0)
2.258,-4.94,0.0,0.0,-1.45,0.0,0.0,-1.4,-4.9,0.0 (cmd 0.0),0.0 (cmd 0.0)
2.2585,-4.98,0.0,0.0,-1.47,0.0,0.0,-1.5,-5.0,0.0 (cmd 0.0),0.0 (cmd 0.0)
2.259,-4.99,0.0,0.0,-1.49,0.0,0.0,-1.5,-5.0,0.0 (cmd 0.0),0.0 (cmd 0.0)
2.2595,-5.02,0.0,0.0,-1.5,0.0,0.0,-1.5,-5.0,0.0 (cmd 0.0),0.0 (cmd 0.0)
2.26,-5.02,0.0,0.0,-1.52,0.0,0.0,-1.5,-5.0,0.0 (cmd 0.0),0.0 (cmd 0.0)
2.2605,-5.04,0.0,0.0,-1.52,0.0,0.0,-1.5,-5.0,0.0 (cmd 0.0),0.0 (cmd 0.0)
2.261,-5.05,0.0,0.0,-1.53,0.0,0.0,-1.5,-5.0,0.0 (cmd 0.0),0.0 (cmd 0.0)
2.2615,-5.06,0.0,0.0,-1.55,0.0,0.0,-1.6,-5.1,0.0 (cmd 0.0),0.0 (cmd 0.0)
2.262,-5.08,0.0,0.0,-1.56,0.0,0.0,-1.6,-5.1,0.0 (cmd 0.0),0.0 (cmd 0.0)
2.2625,-5.09,0.0,0.0,-1.58,0.0,0.0,-1.6,-5.1,0.0 (cmd 0.0),0.0 (cmd 0.0)
2.263,-5.1,0.0,0.0,-1.57,0.0,0.0,-1.6,-5.1,0.0 (cmd 0.0),0.0 (cmd 0.0)
2.2635,-5.09,0.0,0.0,-1.57,0.0,0.0,-1.6,-5.1,0.0 (cmd 0.0),0.0 (cmd 0.0)
2.264,-5.08,0.0,0.0,-1.57,0.0,0.0,-1.6,-5.1,0.0 (cmd 0.0),0.0 (cmd 0.0)
2.2645,-5.09,0.0,0.0,-1.57,0.0,0.0,-1.6,-5.1,0.0 (cmd 0.0),0.0 (cmd 0.0)
2.265,-5.1,0.0,0.0,-1.58,0.0,0.0,-1.6,-5.1,0.0 (cmd 0.0),0.0 (cmd 0.0)
2.2655,-5.1,0.0,0.0,-1.58,0.0,0.0,-1.6,-5.1,0.0 (cmd 0.0),0.0 (cmd 0.0)
2.266,-5.09,0.0,0.0,-1.58,0.0,0.0,-1.6,-5.1,0.0 (cmd 0.0),0.0 (cmd 0.0)
2.2665,-5.08,0.0,0.0,-1.58,0.0,0.0,-1.6,-5.1,0.0 (cmd 0.0),0.0 (cmd 0.0)
2.267,-5.07,0.0,0.0,-1.58,0.0,0.0,-1.6,-5.1,0.0 (cmd 0.0),0.0 (cmd 0.0)
2.2675,-5.07,0.0,0.0,-1.58,0.0,0.0,-1.6,-5.1,0.0 (cmd 0.0),0.0 (cmd 0.0)
2.268,-5.07,0.0,0.0,-1.58,0.0,0.0,-1.6,-5.1,0.0 (cmd 0.0),0.0 (cmd 0.0)
2.2685,-5.08,0.0,0.0,-1.57,0.0,0.0,-1.6,-5.1,0.0 (cmd 0.0),0.0 (cmd 0.0)
2.269,-5.1,0.0,0.0,-1.58,0.0,0.0,-1.6,-5.1,0.0 (cmd 0.0),0.0 (cmd 0.0)
2.2695,-5.11,0.0,0.0,-1.57,0.0,0.0,-1.6,-5.1,0.0 (cmd 0.0),0.0 (cmd 0.0)
2.27,-5.11,0.0,0.0,-1.55,0.0,0.0,-1.6,-5.1,0.0 (cmd 0.0),0.0 (cmd 0.0)
2.2705,-5.12,0.0,0.0,-1.52,0.0,0.0,-1.5,-5.1,0.0 (cmd 0.0),0.0 (cmd 0.0)
2.271,-5.12,0.0,0.0,-1.51,0.0,0.0,-1.5,-5.1,0.0 (cmd 0.0),0.0 (cmd 0.0)
2.2715,-5.13,0.0,0.0,-1.51,0.0,0.0,-1.5,-5.1,0.0 (cmd 0.0),0.0 (cmd 0.0)
2.272,-5.13,0.0,0.0,-1.5,0.0,0.0,-1.5,-5.1,0.0 (cmd 0.0),0.0 (cmd 0.0)
2.2725,-5.13,0.0,0.0,-1.47,0.0,0.0,-1.5,-5.1,0.0 (cmd 0.0),0.0 (cmd 0.0)
2.273,-5.14,0.0,0.0,-1.46,0.0,0.0,-1.5,-5.1,0.0 (cmd 0.0),0.0 (cmd 0.0)
2.2735,-5.14,0.0,0.0,-1.48,0.0,0.0,-1.5,-5.1,0.0 (cmd 0.0),0.0 (cmd 0.0)
2.274,-5.15,0.0,0.0,-1.5,0.0,0.0,-1.5,-5.2,0.0 (cmd 0.0),0.0 (cmd 0.0)
2.2745,-5.15,0.0,0.0,-1.51,0.0,0.0,-1.5,-5.2,0.0 (cmd 0.0),0.0 (cmd 0.0)
2.275,-5.15,0.0,0.0,-1.53,0.0,0.0,-1.5,-5.2,0.0 (cmd 0.0),0.0 (cmd 0.0)
2.2755,-5.15,0.0,0.0,-1.55,0.0,0.0,-1.6,-5.2,0.0 (cmd 0.0),0.0 (cmd 0.0)
2.276,-5.15,0.0,0.0,-1.56,0.0,0.0,-1.6,-5.2,0.0 (cmd 0.0),0.0 (cmd 0.0)
2.2765,-5.15,0.0,0.0,-1.57,0.0,0.0,-1.6,-5.2,0.0 (cmd 0.0),0.0 (cmd 0.0)
2.277,-5.15,0.0,0.0,-1.58,0.0,0.0,-1.6,-5.2,0.0 (cmd 0.0),0.0 (cmd 0.0)
2.2775,-5.15,0.0,0.0,-1.59,0.0,0.0,-1.6,-5.2,0.0 (cmd 0.0),0.0 (cmd 0.0)
2.278,-5.15,0.0,0.0,-1.59,0.0,0.0,-1.6,-5.2,0.0 (cmd 0.0),0.0 (cmd 0.0)
2.2785,-5.15,0.0,0.0,-1.6,0.0,0.0,-1.6,-5.2,0.0 (cmd 0.0),0.0 (cmd 0.0)
2.279,-5.14,0.0,0.0,-1.6,0.0,0.0,-1.6,-5.1,0.0 (cmd 0.0),0.0 (cmd 0.0)
2.2795,-5.14,0.0,0.0,-1.61,0.0,0.0,-1.6,-5.1,0.0 (cmd 0.0),0.0 (cmd 0.0)
2.28,-5.13,0.0,0.0,-1.61,0.0,0.0,-1.6,-5.1,0.0 (cmd 0.0),0.0 (cmd 0.0)
2.2805,-5.13,0.0,0.0,-1.61,0.0,0.0,-1.6,-5.1,0.0 (cmd 0.0),0.0 (cmd 0.0)
2.281,-5.13,0.0,0.0,-1.61,0.0,0.0,-1.6,-5.1,0.0 (cmd 0.0),0.0 (cmd 0.0)
2.2815,-5.13,0.0,0.0,-1.62,0.0,0.0,-1.6,-5.1,0.0 (cmd 0.0),0.0 (cmd 0.0)
2.282,-5.12,0.0,0.0,-1.62,0.0,0.0,-1.6,-5.1,0.0 (cmd 0.0),0.0 (cmd 0.0)
2.2825,-5.12,0.0,0.0,-1.62,0.0,0.0,-1.6,-5.1,0.0 (cmd 0.0),0.0 (cmd 0.0)
2.283,-5.12,0.0,0.0,-1.62,0.0,0.0,-1.6,-5.1,0.0 (cmd 0.0),0.0 (cmd 0.0)
2.2835,-5.12,0.0,0.0,-1.62,0.0,0.0,-1.6,-5.1,0.0 (cmd 0.0),0.0 (cmd 0.0)
2.284,-5.12,0.0,0.0,-1.62,0.0,0.0,-1.6,-5.1,0.0 (cmd 0.0),0.0 (cmd 0.0)
2.2845,-5.12,0.0,0.0,-1.62,0.0,0.0,-1.6,-5.1,0.0 (cmd 0.0),0.0 (cmd 0.0)
2.285,-5.12,0.0,0.0,-1.62,0.0,0.0,-1.6,-5.1,0.0 (cmd 0.0),0.0 (cmd 0.0)
2.2855,-5.11,0.0,0.0,-1.62,0.0,0.0,-1.6,-5.1,0.0 (cmd 0.0),0.0 (cmd 0.0)
2.286,-5.11,0.0,0.0,-1.62,0.0,0.0,-1.6,-5.1,0.0 (cmd 0.0),0.0 (cmd 0.0)
2.2865,-5.11,0.0,0.0,-1.61,0.0,0.0,-1.6,-5.1,0.0 (cmd 0.0),0.0 (cmd 0.0)
2.287,-5.11,0.0,0.0,-1.61,0.0,0.0,-1.6,-5.1,0.0 (cmd 0.0),0.0 (cmd 0.0)
2.2875,-5.11,0.0,0.0,-1.61,0.0,0.0,-1.6,-5.1,0.0 (cmd 0.0),0.0 (cmd 0.0)
2.288,-5.11,0.0,0.0,-1.63,0.0,0.0,-1.6,-5.1,0.0 (cmd 0.0),0.0 (cmd 0.0)
2.2885,-5.11,0.0,0.0,-1.65,0.0,0.0,-1.6,-5.1,0.0 (cmd 0.0),0.0 (cmd 0.0)
2.289,-5.1,0.0,0.0,-1.67,0.0,0.0,-1.7,-5.1,0.0 (cmd 0.0),0.0 (cmd 0.0)
2.2895,-5.1,0.0,0.0,-1.67,0.0,0.0,-1.7,-5.1,0.0 (cmd 0.0),0.0 (cmd 0.0)
2.29,-5.1,0.0,0.0,-1.64,0.0,0.0,-1.6,-5.1,0.0 (cmd 0.0),0.0 (cmd 0.0)
2.2905,-5.06,0.0,0.0,-1.58,0.0,0.0,-1.6,-5.1,0.0 (cmd 0.0),0.0 (cmd 0.0)
2.291,-5.04,0.0,0.0,-1.62,0.0,0.0,-1.6,-5.0,0.0 (cmd 0.0),0.0 (cmd 0.0)
2.2915,-5.07,0.0,0.0,-1.64,0.0,0.0,-1.6,-5.1,0.0 (cmd 0.0),0.0 (cmd 0.0)
2.292,-5.08,0.0,0.0,-1.63,0.0,0.0,-1.6,-5.1,0.0 (cmd 0.0),0.0 (cmd 0.0)
2.2925,-5.06,0.0,0.0,-1.61,0.0,0.0,-1.6,-5.1,0.0 (cmd 0.0),0.0 (cmd 0.0)
2.293,-5.06,0.0,0.0,-1.61,0.0,0.0,-1.6,-5.1,0.0 (cmd 0.0),0.0 (cmd 0.0)
2.2935,-5.06,0.0,0.0,-1.61,0.0,0.0,-1.6,-5.1,0.0 (cmd 0.0),0.0 (cmd 0.0)
2.294,-5.05,0.0,0.0,-1.6,0.0,0.0,-1.6,-5.0,0.0 (cmd 0.0),0.0 (cmd 0.0)
2.2945,-5.04,0.0,0.0,-1.58,0.0,0.0,-1.6,-5.0,0.0 (cmd 0.0),0.0 (cmd 0.0)
2.295,-5.04,0.0,0.0,-1.58,0.0,0.0,-1.6,-5.0,0.0 (cmd 0.0),0.0 (cmd 0.0)
2.2955,-5.05,0.0,0.0,-1.59,0.0,0.0,-1.6,-5.0,0.0 (cmd 0.0),0.0 (cmd 0.0)
2.296,-5.06,0.0,0.0,-1.59,0.0,0.0,-1.6,-5.1,0.0 (cmd 0.0),0.0 (cmd 0.0)
2.2965,-5.06,0.0,0.0,-1.6,0.0,0.0,-1.6,-5.1,0.0 (cmd 0.0),0.0 (cmd 0.0)
2.297,-5.06,0.0,0.0,-1.61,0.0,0.0,-1.6,-5.1,0.0 (cmd 0.0),0.0 (cmd 0.0)
2.2975,-5.06,0.0,0.0,-1.61,0.0,0.0,-1.6,-5.1,0.0 (cmd 0.0),0.0 (cmd 0.0)
2.298,-5.05,0.0,0.0,-1.61,0.0,0.0,-1.6,-5.0,0.0 (cmd 0.0),0.0 (cmd 0.0)
2.2985,-5.05,0.0,0.0,-1.59,0.0,0.0,-1.6,-5.0,0.0 (cmd 0.0),0.0 (cmd 0.0)
2.299,-5.05,0.0,0.0,-1.58,0.0,0.0,-1.6,-5.0,0.0 (cmd 0.0),0.0 (cmd 0.0)
2.2995,-5.04,0.0,0.0,-1.59,0.0,0.0,-1.6,-5.0,0.0 (cmd 0.0),0.0 (cmd 0.0)
2.3,-5.04,0.0,0.0,-1.6,0.0,0.0,-1.6,-5.0,0.0 (cmd 0.0),0.0 (cmd 0.0)
2.3005,-5.04,0.0,0.0,-1.62,0.0,0.0,-1.6,-5.0,0.0 (cmd 0.0),0.0 (cmd 0.0)
2.301,-5.04,0.0,0.0,-1.63,0.0,0.0,-1.6,-5.0,0.0 (cmd 0.0),0.0 (cmd 0.0)
2.3015,-5.04,0.0,0.0,-1.64,0.0,0.0,-1.6,-5.0,0.0 (cmd 0.0),0.0 (cmd 0.0)
2.302,-5.04,0.0,0.0,-1.65,0.0,0.0,-1.6,-5.0,0.0 (cmd 0.0),0.0 (cmd 0.0)
2.3025,-5.04,0.0,0.0,-1.66,0.0,0.0,-1.7,-5.0,0.0 (cmd 0.0),0.0 (cmd 0.0)
2.303,-5.04,0.0,0.0,-1.67,0.0,0.0,-1.7,-5.0,0.0 (cmd 0.0),0.0 (cmd 0.0)
2.3035,-5.04,0.0,0.0,-1.67,0.0,0.0,-1.7,-5.0,0.0 (cmd 0.0),0.0 (cmd 0.0)
2.304,-5.03,0.0,0.0,-1.68,0.0,0.0,-1.7,-5.0,0.0 (cmd 0.0),0.0 (cmd 0.0)
2.3045,-5.03,0.0,0.0,-1.68,0.0,0.0,-1.7,-5.0,0.0 (cmd 0.0),0.0 (cmd 0.0)
2.305,-5.03,0.0,0.0,-1.69,0.0,0.0,-1.7,-5.0,0.0 (cmd 0.0),0.0 (cmd 0.0)
2.3055,-5.03,0.0,0.0,-1.69,0.0,0.0,-1.7,-5.0,0.0 (cmd 0.0),0.0 (cmd 0.0)
2.306,-5.02,0.0,0.0,-1.69,0.0,0.0,-1.7,-5.0,0.0 (cmd 0.0),0.0 (cmd 0.0)
2.3065,-5.02,0.0,0.0,-1.69,0.0,0.0,-1.7,-5.0,0.0 (cmd 0.0),0.0 (cmd 0.0)
2.307,-5.02,0.0,0.0,-1.69,0.0,0.0,-1.7,-5.0,0.0 (cmd 0.0),0.0 (cmd 0.0)
2.3075,-5.04,0.0,0.0,-1.69,0.0,0.0,-1.7,-5.0,0.0 (cmd 0.0),0.0 (cmd 0.0)
2.308,-5.05,0.0,0.0,-1.69,0.0,0.0,-1.7,-5.0,0.0 (cmd 0.0),0.0 (cmd 0.0)
2.3085,-5.05,0.0,0.0,-1.69,0.0,0.0,-1.7,-5.0,0.0 (cmd 0.0),0.0 (cmd 0.0)
2.309,-5.05,0.0,0.0,-1.69,0.0,0.0,-1.7,-5.0,0.0 (cmd 0.0),0.0 (cmd 0.0)
2.3095,-5.07,0.0,0.0,-1.69,0.0,0.0,-1.7,-5.1,0.0 (cmd 0.0),0.0 (cmd 0.0)
2.31,-5.1,0.0,0.0,-1.69,0.0,0.0,-1.7,-5.1,0.0 (cmd 0.0),0.0 (cmd 0.0)
2.3105,-5.11,0.0,0.0,-1.69,0.0,0.0,-1.7,-5.1,0.0 (cmd 0.0),0.0 (cmd 0.0)
2.311,-5.11,0.0,0.0,-1.69,0.0,0.0,-1.7,-5.1,0.0 (cmd 0.0),0.0 (cmd 0.0)
2.3115,-5.1,0.0,0.0,-1.69,0.0,0.0,-1.7,-5.1,0.0 (cmd 0.0),0.0 (cmd 0.0)
2.312,-5.11,0.0,0.0,-1.69,0.0,0.0,-1.7,-5.1,0.0 (cmd 0.0),0.0 (cmd 0.0)
2.3125,-5.11,0.0,0.0,-1.69,0.0,0.0,-1.7,-5.1,0.0 (cmd 0.0),0.0 (cmd 0.0)
2.313,-5.11,0.0,0.0,-1.69,0.0,0.0,-1.7,-5.1,0.0 (cmd 0.0),0.0 (cmd 0.0)
2.3135,-5.11,0.0,0.0,-1.69,0.0,0.0,-1.7,-5.1,0.0 (cmd 0.0),0.0 (cmd 0.0)
2.314,-5.11,0.0,0.0,-1.69,0.0,0.0,-1.7,-5.1,0.0 (cmd 0.0),0.0 (cmd 0.0)
2.3145,-5.11,0.0,0.0,-1.69,0.0,0.0,-1.7,-5.1,0.0 (cmd 0.0),0.0 (cmd 0.0)
2.315,-5.12,0.0,0.0,-1.69,0.0,0.0,-1.7,-5.1,0.0 (cmd 0.0),0.0 (cmd 0.0)
2.3155,-5.12,0.0,0.0,-1.69,0.0,0.0,-1.7,-5.1,0.0 (cmd 0.0),0.0 (cmd 0.0)
2.316,-5.13,0.0,0.0,-1.69,0.0,0.0,-1.7,-5.1,0.0 (cmd 0.0),0.0 (cmd 0.0)
2.3165,-5.13,0.0,0.0,-1.69,0.0,0.0,-1.7,-5.1,0.0 (cmd 0.0),0.0 (cmd 0.0)
2.317,-5.13,0.0,0.0,-1.69,0.0,0.0,-1.7,-5.1,0.0 (cmd 0.0),0.0 (cmd 0.0)
2.3175,-5.12,0.0,0.0,-1.69,0.0,0.0,-1.7,-5.1,0.0 (cmd 0.0),0.0 (cmd 0.0)
2.318,-5.1,0.0,0.0,-1.69,0.0,0.0,-1.7,-5.1,0.0 (cmd 0.0),0.0 (cmd 0.0)
2.3185,-5.1,0.0,0.0,-1.69,0.0,0.0,-1.7,-5.1,0.0 (cmd 0.0),0.0 (cmd 0.0)
2.319,-5.08,0.0,0.0,-1.69,0.0,0.0,-1.7,-5.1,0.0 (cmd 0.0),0.0 (cmd 0.0)
2.3195,-5.07,0.0,0.0,-1.69,0.0,0.0,-1.7,-5.1,0.0 (cmd 0.0),0.0 (cmd 0.0)
2.32,-5.07,0.0,0.0,-1.69,0.0,0.0,-1.7,-5.1,0.0 (cmd 0.0),0.0 (cmd 0.0)
2.3205,-5.06,0.0,0.0,-1.69,0.0,0.0,-1.7,-5.1,0.0 (cmd 0.0),0.0 (cmd 0.0)
2.321,-5.06,0.0,0.0,-1.69,0.0,0.0,-1.7,-5.1,0.0 (cmd 0.0),0.0 (cmd 0.0)
2.3215,-5.05,0.0,0.0,-1.7,0.0,0.0,-1.7,-5.0,0.0 (cmd 0.0),0.0 (cmd 0.0)
2.322,-5.05,0.0,0.0,-1.7,0.0,0.0,-1.7,-5.0,0.0 (cmd 0.0),0.0 (cmd 0.0)
2.3225,-5.05,0.0,0.0,-1.7,0.0,0.0,-1.7,-5.0,0.0 (cmd 0.0),0.0 (cmd 0.0)
2.323,-5.05,0.0,0.0,-1.7,0.0,0.0,-1.7,-5.0,0.0 (cmd 0.0),0.0 (cmd 0.0)
2.3235,-5.05,0.0,0.0,-1.71,0.0,0.0,-1.7,-5.0,0.0 (cmd 0.0),0.0 (cmd 0.0)
2.324,-5.05,0.0,0.0,-1.72,0.0,0.0,-1.7,-5.0,0.0 (cmd 0.0),0.0 (cmd 0.0)
2.3245,-5.05,0.0,0.0,-1.72,0.0,0.0,-1.7,-5.0,0.0 (cmd 0.0),0.0 (cmd 0.0)
2.325,-5.05,0.0,0.0,-1.72,0.0,0.0,-1.7,-5.0,0.0 (cmd 0.0),0.0 (cmd 0.0)
2.3255,-5.05,0.0,0.0,-1.72,0.0,0.0,-1.7,-5.0,0.0 (cmd 0.0),0.0 (cmd 0.0)
2.326,-5.12,0.0,0.0,-1.76,0.0,0.0,-1.8,-5.1,0.0 (cmd 0.0),0.0 (cmd 0.0)
2.3265,-5.15,0.0,0.0,-1.82,0.0,0.0,-1.8,-5.2,0.0 (cmd 0.0),0.0 (cmd 0.0)
2.327,-5.18,0.0,0.0,-1.89,0.0,0.0,-1.9,-5.2,0.0 (cmd 0.0),0.0 (cmd 0.0)
2.3275,-5.45,0.0,0.0,-1.91,0.0,0.0,-1.9,-5.5,0.0 (cmd 0.0),0.0 (cmd 0.0)
2.328,-5.47,0.0,0.0,-2.0,0.0,0.0,-2.0,-5.5,0.0 (cmd 0.0),0.0 (cmd 0.0)
2.3285,-5.41,0.0,0.0,-2.3,0.0,0.0,-2.3,-5.4,0.0 (cmd 0.0),0.0 (cmd 0.0)
2.329,-5.54,0.0,0.0,-3.08,0.0,0.0,-3.1,-5.5,0.0 (cmd 0.0),0.0 (cmd 0.0)
2.3295,-5.71,0.0,0.0,-3.67,0.0,0.0,-3.7,-5.7,0.0 (cmd 0.0),0.0 (cmd 0.0)
2.33,-5.91,0.0,0.0,-4.13,0.0,0.0,-4.1,-5.9,0.0 (cmd 0.0),0.0 (cmd 0.0)
2.3305,-6.13,0.0,0.0,-4.3,0.0,0.0,-4.3,-6.1,0.0 (cmd 0.0),0.0 (cmd 0.0)
2.331,-6.31,0.0,0.0,-4.23,0.0,0.0,-4.2,-6.3,0.0 (cmd 0.0),0.0 (cmd 0.0)
2.3315,-6.45,0.0,0.0,-4.06,0.0,0.0,-4.1,-6.5,0.0 (cmd 0.0),0.0 (cmd 0.0)
2.332,-6.6,0.0,0.0,-3.78,0.0,0.0,-3.8,-6.6,0.0 (cmd 0.0),0.0 (cmd 0.0)
2.3325,-6.82,0.0,0.0,-3.68,0.0,0.0,-3.7,-6.8,0.0 (cmd 0.0),0.0 (cmd 0.0)
2.333,-7.0,0.0,0.0,-3.71,0.0,0.0,-3.7,-7.0,0.0 (cmd 0.0),0.0 (cmd 0.0)
2.3335,-7.06,0.0,0.0,-3.71,0.0,0.0,-3.7,-7.1,0.0 (cmd 0.0),0.0 (cmd 0.0)
2.334,-7.16,0.0,0.0,-3.67,0.0,0.0,-3.7,-7.2,0.0 (cmd 0.0),0.0 (cmd 0.0)
2.3345,-7.26,0.0,0.0,-3.63,0.0,0.0,-3.6,-7.3,0.0 (cmd 0.0),0.0 (cmd 0.0)
2.335,-7.38,0.0,0.0,-3.64,0.0,0.0,-3.6,-7.4,0.0 (cmd 0.0),0.0 (cmd 0.0)
2.3355,-7.41,0.0,0.0,-3.62,0.0,0.0,-3.6,-7.4,0.0 (cmd 0.0),0.0 (cmd 0.0)
2.336,-7.42,0.0,0.0,-3.56,0.0,0.0,-3.6,-7.4,0.0 (cmd 0.0),0.0 (cmd 0.0)
2.3365,-7.39,0.0,0.0,-3.5,0.0,0.0,-3.5,-7.4,0.0 (cmd 0.0),0.0 (cmd 0.0)
2.337,-7.35,0.0,0.0,-3.42,0.0,0.0,-3.4,-7.3,0.0 (cmd 0.0),0.0 (cmd 0.0)
2.3375,-7.32,0.0,0.0,-3.39,0.0,0.0,-3.4,-7.3,0.0 (cmd 0.0),0.0 (cmd 0.0)
2.338,-7.31,0.0,0.0,-3.34,0.0,0.0,-3.3,-7.3,0.0 (cmd 0.0),0.0 (cmd 0.0)
2.3385,-7.24,0.0,0.0,-3.28,0.0,0.0,-3.3,-7.2,0.0 (cmd 0.0),0.0 (cmd 0.0)
2.339,-7.18,0.0,0.0,-3.23,0.0,0.0,-3.2,-7.2,0.0 (cmd 0.0),0.0 (cmd 0.0)
2.3395,-7.1,0.0,0.0,-3.14,0.0,0.0,-3.1,-7.1,0.0 (cmd 0.0),0.0 (cmd 0.0)
2.34,-7.05,0.0,0.0,-3.04,0.0,0.0,-3.0,-7.0,0.0 (cmd 0.0),0.0 (cmd 0.0)
2.3405,-7.01,0.0,0.0,-2.89,0.0,0.0,-2.9,-7.0,0.0 (cmd 0.0),0.0 (cmd 0.0)
2.341,-6.9,0.0,0.0,-2.79,0.0,0.0,-2.8,-6.9,0.0 (cmd 0.0),0.0 (cmd 0.0)
2.3415,-6.79,0.0,0.0,-2.68,0.0,0.0,-2.7,-6.8,0.0 (cmd 0.0),0.0 (cmd 0.0)
2.342,-6.71,0.0,0.0,-2.53,0.0,0.0,-2.5,-6.7,0.0 (cmd 0.0),0.0 (cmd 0.0)
2.3425,-6.67,0.0,0.0,-2.41,0.0,0.0,-2.4,-6.7,0.0 (cmd 0.0),0.0 (cmd 0.0)
2.343,-6.6,0.0,0.0,-2.27,0.0,0.0,-2.3,-6.6,0.0 (cmd 0.0),0.0 (cmd 0.0)
2.3435,-6.52,0.0,0.0,-2.18,0.0,0.0,-2.2,-6.5,0.0 (cmd 0.0),0.0 (cmd 0.0)
2.344,-6.47,0.0,0.0,-2.13,0.0,0.0,-2.1,-6.5,0.0 (cmd 0.0),0.0 (cmd 0.0)
2.3445,-6.44,0.0,0.0,-2.03,0.0,0.0,-2.0,-6.4,0.0 (cmd 0.0),0.0 (cmd 0.0)
2.345,-6.41,0.0,0.0,-1.91,0.0,0.0,-1.9,-6.4,0.0 (cmd 0.0),0.0 (cmd 0.0)
2.3455,-6.38,0.0,0.0,-1.86,0.0,0.0,-1.9,-6.4,0.0 (cmd 0.0),0.0 (cmd 0.0)
2.346,-6.3,0.0,0.0,-1.79,0.0,0.0,-1.8,-6.3,0.0 (cmd 0.0),0.0 (cmd 0.0)
2.3465,-6.21,0.0,0.0,-1.69,0.0,0.0,-1.7,-6.2,0.0 (cmd 0.0),0.0 (cmd 0.0)
2.347,-6.16,0.0,0.0,-1.65,0.0,0.0,-1.6,-6.2,0.0 (cmd 0.0),0.0 (cmd 0.0)
2.3475,-6.1,0.0,0.0,-1.62,0.0,0.0,-1.6,-6.1,0.0 (cmd 0.0),0.0 (cmd 0.0)
2.348,-6.07,0.0,0.0,-1.63,0.0,0.0,-1.6,-6.1,0.0 (cmd 0.0),0.0 (cmd 0.0)
2.3485,-6.05,0.0,0.0,-1.63,0.0,0.0,-1.6,-6.0,0.0 (cmd 0.0),0.0 (cmd 0.0)
2.349,-6.03,0.0,0.0,-1.6,0.0,0.0,-1.6,-6.0,0.0 (cmd 0.0),0.0 (cmd 0.0)
2.3495,-5.98,0.0,0.0,-1.54,0.0,0.0,-1.5,-6.0,0.0 (cmd 0.0),0.0 (cmd 0.0)
2.35,-5.95,0.0,0.0,-1.54,0.0,0.0,-1.5,-6.0,0.0 (cmd 0.0),0.0 (cmd 0.0)
2.3505,-5.94,0.0,0.0,-1.53,0.0,0.0,-1.5,-5.9,0.0 (cmd 0.0),0.0 (cmd 0.0)
2.351,-5.93,0.0,0.0,-1.55,0.0,0.0,-1.6,-5.9,0.0 (cmd 0.0),0.0 (cmd 0.0)
2.3515,-5.95,0.0,0.0,-1.55,0.0,0.0,-1.6,-6.0,0.0 (cmd 0.0),0.0 (cmd 0.0)
2.352,-5.93,0.0,0.0,-1.55,0.0,0.0,-1.6,-5.9,0.0 (cmd 0.0),0.0 (cmd 0.0)
2.3525,-5.89,0.0,0.0,-1.55,0.0,0.0,-1.6,-5.9,0.0 (cmd 0.0),0.0 (cmd 0.0)
2.353,-5.88,0.0,0.0,-1.51,0.0,0.0,-1.5,-5.9,0.0 (cmd 0.0),0.0 (cmd 0.0)
2.3535,-5.89,0.0,0.0,-1.52,0.0,0.0,-1.5,-5.9,0.0 (cmd 0.0),0.0 (cmd 0.0)
2.354,-5.91,0.0,0.0,-1.54,0.0,0.0,-1.5,-5.9,0.0 (cmd 0.0),0.0 (cmd 0.0)
2.3545,-5.93,0.0,0.0,-1.55,0.0,0.0,-1.6,-5.9,0.0 (cmd 0.0),0.0 (cmd 0.0)
2.355,-5.9,0.0,0.0,-1.53,0.0,0.0,-1.5,-5.9,0.0 (cmd 0.0),0.0 (cmd 0.0)
2.3555,-5.87,0.0,0.0,-1.53,0.0,0.0,-1.5,-5.9,0.0 (cmd 0.0),0.0 (cmd 0.0)
2.356,-5.86,0.0,0.0,-1.55,0.0,0.0,-1.6,-5.9,0.0 (cmd 0.0),0.0 (cmd 0.0)
2.3565,-5.88,0.0,0.0,-1.57,0.0,0.0,-1.6,-5.9,0.0 (cmd 0.0),0.0 (cmd 0.0)
2.357,-5.89,0.0,0.0,-1.58,0.0,0.0,-1.6,-5.9,0.0 (cmd 0.0),0.0 (cmd 0.0)
2.3575,-5.9,0.0,0.0,-1.59,0.0,0.0,-1.6,-5.9,0.0 (cmd 0.0),0.0 (cmd 0.0)
2.358,-5.9,0.0,0.0,-1.59,0.0,0.0,-1.6,-5.9,0.0 (cmd 0.0),0.0 (cmd 0.0)
2.3585,-5.91,0.0,0.0,-1.61,0.0,0.0,-1.6,-5.9,0.0 (cmd 0.0),0.0 (cmd 0.0)
2.359,-5.94,0.0,0.0,-1.63,0.0,0.0,-1.6,-5.9,0.0 (cmd 0.0),0.0 (cmd 0.0)
2.3595,-5.93,0.0,0.0,-1.62,0.0,0.0,-1.6,-5.9,0.0 (cmd 0.0),0.0 (cmd 0.0)
2.36,-5.91,0.0,0.0,-1.61,0.0,0.0,-1.6,-5.9,0.0 (cmd 0.0),0.0 (cmd 0.0)
2.3605,-5.89,0.0,0.0,-1.59,0.0,0.0,-1.6,-5.9,0.0 (cmd 0.0),0.0 (cmd 0.0)
2.361,-5.89,0.0,0.0,-1.59,0.0,0.0,-1.6,-5.9,0.0 (cmd 0.0),0.0 (cmd 0.0)
2.3615,-5.88,0.0,0.0,-1.58,0.0,0.0,-1.6,-5.9,0.0 (cmd 0.0),0.0 (cmd 0.0)
2.362,-5.86,0.0,0.0,-1.57,0.0,0.0,-1.6,-5.9,0.0 (cmd 0.0),0.0 (cmd 0.0)
2.3625,-5.87,0.0,0.0,-1.57,0.0,0.0,-1.6,-5.9,0.0 (cmd 0.0),0.0 (cmd 0.0)
2.363,-5.83,0.0,0.0,-1.57,0.0,0.0,-1.6,-5.8,0.0 (cmd 0.0),0.0 (cmd 0.0)
2.3635,-5.84,0.0,0.0,-1.57,0.0,0.0,-1.6,-5.8,0.0 (cmd 0.0),0.0 (cmd 0.0)
2.364,-5.87,0.0,0.0,-1.58,0.0,0.0,-1.6,-5.9,0.0 (cmd 0.0),0.0 (cmd 0.0)
2.3645,-5.86,0.0,0.0,-1.58,0.0,0.0,-1.6,-5.9,0.0 (cmd 0.0),0.0 (cmd 0.0)
2.365,-5.86,0.0,0.0,-1.56,0.0,0.0,-1.6,-5.9,0.0 (cmd 0.0),0.0 (cmd 0.0)
2.3655,-5.88,0.0,0.0,-1.59,0.0,0.0,-1.6,-5.9,0.0 (cmd 0.0),0.0 (cmd 0.0)
2.366,-5.92,0.0,0.0,-1.6,0.0,0.0,-1.6,-5.9,0.0 (cmd 0.0),0.0 (cmd 0.0)
2.3665,-5.93,0.0,0.0,-1.59,0.0,0.0,-1.6,-5.9,0.0 (cmd 0.0),0.0 (cmd 0.0)
2.367,-5.92,0.0,0.0,-1.58,0.0,0.0,-1.6,-5.9,0.0 (cmd 0.0),0.0 (cmd 0.0)
2.3675,-5.93,0.0,0.0,-1.6,0.0,0.0,-1.6,-5.9,0.0 (cmd 0.0),0.0 (cmd 0.0)
2.368,-5.95,0.0,0.0,-1.62,0.0,0.0,-1.6,-6.0,0.0 (cmd 0.0),0.0 (cmd 0.0)
2.3685,-5.96,0.0,0.0,-1.63,0.0,0.0,-1.6,-6.0,0.0 (cmd 0.0),0.0 (cmd 0.0)
2.369,-5.96,0.0,0.0,-1.62,0.0,0.0,-1.6,-6.0,0.0 (cmd 0.0),0.0 (cmd 0.0)
2.3695,-5.96,0.0,0.0,-1.61,0.0,0.0,-1.6,-6.0,0.0 (cmd 0.0),0.0 (cmd 0.0)
2.37,-5.97,0.0,0.0,-1.62,0.0,0.0,-1.6,-6.0,0.0 (cmd 0.0),0.0 (cmd 0.0)
2.3705,-5.97,0.0,0.0,-1.61,0.0,0.0,-1.6,-6.0,0.0 (cmd 0.0),0.0 (cmd 0.0)
2.371,-5.97,0.0,0.0,-1.61,0.0,0.0,-1.6,-6.0,0.0 (cmd 0.0),0.0 (cmd 0.0)
2.3715,-5.97,0.0,0.0,-1.59,0.0,0.0,-1.6,-6.0,0.0 (cmd 0.0),0.0 (cmd 0.0)
2.372,-5.97,0.0,0.0,-1.6,0.0,0.0,-1.6,-6.0,0.0 (cmd 0.0),0.0 (cmd 0.0)
2.3725,-5.98,0.0,0.0,-1.58,0.0,0.0,-1.6,-6.0,0.0 (cmd 0.0),0.0 (cmd 0.0)
2.373,-5.96,0.0,0.0,-1.58,0.0,0.0,-1.6,-6.0,0.0 (cmd 0.0),0.0 (cmd 0.0)
2.3735,-5.95,0.0,0.0,-1.58,0.0,0.0,-1.6,-6.0,0.0 (cmd 0.0),0.0 (cmd 0.0)
2.374,-5.95,0.0,0.0,-1.57,0.0,0.0,-1.6,-6.0,0.0 (cmd 0.0),0.0 (cmd 0.0)
2.3745,-5.96,0.0,0.0,-1.57,0.0,0.0,-1.6,-6.0,0.0 (cmd 0.0),0.0 (cmd 0.0)
2.375,-5.95,0.0,0.0,-1.57,0.0,0.0,-1.6,-6.0,0.0 (cmd 0.0),0.0 (cmd 0.0)
2.3755,-5.96,0.0,0.0,-1.57,0.0,0.0,-1.6,-6.0,0.0 (cmd 0.0),0.0 (cmd 0.0)
2.376,-5.97,0.0,0.0,-1.57,0.0,0.0,-1.6,-6.0,0.0 (cmd 0.0),0.0 (cmd 0.0)
2.3765,-5.96,0.0,0.0,-1.56,0.0,0.0,-1.6,-6.0,0.0 (cmd 0.0),0.0 (cmd 0.0)
2.377,-5.96,0.0,0.0,-1.58,0.0,0.0,-1.6,-6.0,0.0 (cmd 0.0),0.0 (cmd 0.0)
2.3775,-5.97,0.0,0.0,-1.59,0.0,0.0,-1.6,-6.0,0.0 (cmd 0.0),0.0 (cmd 0.0)
2.378,-5.97,0.0,0.0,-1.6,0.0,0.0,-1.6,-6.0,0.0 (cmd 0.0),0.0 (cmd 0.0)
2.3785,-5.97,0.0,0.0,-1.62,0.0,0.0,-1.6,-6.0,0.0 (cmd 0.0),0.0 (cmd 0.0)
2.379,-5.96,0.0,0.0,-1.62,0.0,0.0,-1.6,-6.0,0.0 (cmd 0.0),0.0 (cmd 0.0)
2.3795,-5.96,0.0,0.0,-1.61,0.0,0.0,-1.6,-6.0,0.0 (cmd 0.0),0.0 (cmd 0.0)
2.38,-5.94,0.0,0.0,-1.61,0.0,0.0,-1.6,-5.9,0.0 (cmd 0.0),0.0 (cmd 0.0)
2.3805,-5.94,0.0,0.0,-1.61,0.0,0.0,-1.6,-5.9,0.0 (cmd 0.0),0.0 (cmd 0.0)
2.381,-5.93,0.0,0.0,-1.61,0.0,0.0,-1.6,-5.9,0.0 (cmd 0.0),0.0 (cmd 0.0)
2.3815,-5.93,0.0,0.0,-1.61,0.0,0.0,-1.6,-5.9,0.0 (cmd 0.0),0.0 (cmd 0.0)
2.382,-5.94,0.0,0.0,-1.62,0.0,0.0,-1.6,-5.9,0.0 (cmd 0.0),0.0 (cmd 0.0)
2.3825,-5.94,0.0,0.0,-1.62,0.0,0.0,-1.6,-5.9,0.0 (cmd 0.0),0.0 (cmd 0.0)
2.383,-5.95,0.0,0.0,-1.62,0.0,0.0,-1.6,-6.0,0.0 (cmd 0.0),0.0 (cmd 0.0)
2.3835,-5.95,0.0,0.0,-1.64,0.0,0.0,-1.6,-6.0,0.0 (cmd 0.0),0.0 (cmd 0.0)
2.384,-5.96,0.0,0.0,-1.67,0.0,0.0,-1.7,-6.0,0.0 (cmd 0.0),0.0 (cmd 0.0)
2.3845,-5.96,0.0,0.0,-1.66,0.0,0.0,-1.7,-6.0,0.0 (cmd 0.0),0.0 (cmd 0.0)
2.385,-5.96,0.0,0.0,-1.65,0.0,0.0,-1.6,-6.0,0.0 (cmd 0.0),0.0 (cmd 0.0)
2.3855,-5.97,0.0,0.0,-1.68,0.0,0.0,-1.7,-6.0,0.0 (cmd 0.0),0.0 (cmd 0.0)
2.386,-5.99,0.0,0.0,-1.69,0.0,0.0,-1.7,-6.0,0.0 (cmd 0.0),0.0 (cmd 0.0)
2.3865,-6.0,0.0,0.0,-1.7,0.0,0.0,-1.7,-6.0,0.0 (cmd 0.0),0.0 (cmd 0.0)
2.387,-6.02,0.0,0.0,-1.7,0.0,0.0,-1.7,-6.0,0.0 (cmd 0.0),0.0 (cmd 0.0)
2.3875,-6.02,0.0,0.0,-1.7,0.0,0.0,-1.7,-6.0,0.0 (cmd 0.0),0.0 (cmd 0.0)
2.388,-6.02,0.0,0.0,-1.73,0.0,0.0,-1.7,-6.0,0.0 (cmd 0.0),0.0 (cmd 0.0)
2.3885,-6.04,0.0,0.0,-1.75,0.0,0.0,-1.8,-6.0,0.0 (cmd 0.0),0.0 (cmd 0.0)
2.389,-6.06,0.0,0.0,-1.76,0.0,0.0,-1.8,-6.1,0.0 (cmd 0.0),0.0 (cmd 0.0)
2.3895,-6.06,0.0,0.0,-1.76,0.0,0.0,-1.8,-6.1,0.0 (cmd 0.0),0.0 (cmd 0.0)
2.39,-6.08,0.0,0.0,-1.76,0.0,0.0,-1.8,-6.1,0.0 (cmd 0.0),0.0 (cmd 0.0)
2.3905,-6.08,0.0,0.0,-1.77,0.0,0.0,-1.8,-6.1,0.0 (cmd 0.0),0.0 (cmd 0.0)
2.391,-6.08,0.0,0.0,-1.78,0.0,0.0,-1.8,-6.1,0.0 (cmd 0.0),0.0 (cmd 0.0)
2.3915,-6.08,0.0,0.0,-1.78,0.0,0.0,-1.8,-6.1,0.0 (cmd 0.0),0.0 (cmd 0.0)
2.392,-6.09,0.0,0.0,-1.79,0.0,0.0,-1.8,-6.1,0.0 (cmd 0.0),0.0 (cmd 0.0)
2.3925,-6.08,0.0,0.0,-1.84,0.0,0.0,-1.8,-6.1,0.0 (cmd 0.0),0.0 (cmd 0.0)
2.393,-6.07,0.0,0.0,-1.96,0.0,0.0,-2.0,-6.1,0.0 (cmd 0.0),0.0 (cmd 0.0)
2.3935,-6.16,0.0,0.0,-2.31,0.0,0.0,-2.3,-6.2,0.0 (cmd 0.0),0.0 (cmd 0.0)
2.394,-6.29,0.0,0.0,-2.96,0.0,0.0,-3.0,-6.3,0.0 (cmd 0.0),0.0 (cmd 0.0)
2.3945,-6.51,0.0,0.0,-3.52,0.0,0.0,-3.5,-6.5,0.0 (cmd 0.0),0.0 (cmd 0.0)
2.395,-6.74,0.0,0.0,-4.59,0.0,0.0,-4.6,-6.7,0.0 (cmd 0.0),0.0 (cmd 0.0)
2.3955,-7.02,0.0,0.0,-5.58,0.0,0.0,-5.6,-7.0,0.0 (cmd 0.0),0.0 (cmd 0.0)
2.396,-7.1,0.0,0.0,-5.95,0.0,0.0,-6.0,-7.1,0.0 (cmd 0.0),0.0 (cmd 0.0)
2.3965,-7.11,0.0,0.0,-6.6,0.0,0.0,-6.6,-7.1,0.0 (cmd 0.0),0.0 (cmd 0.0)
2.397,-7.1,0.0,0.0,-6.96,0.0,0.0,-7.0,-7.1,0.0 (cmd 0.0),0.0 (cmd 0.0)
2.3975,-7.07,0.0,0.0,-7.26,0.0,0.0,-7.3,-7.1,0.0 (cmd 0.0),0.0 (cmd 0.0)
2.398,-7.1,0.0,0.0,-7.48,0.0,0.0,-7.5,-7.1,0.0 (cmd 0.0),0.0 (cmd 0.0)
2.3985,-7.16,0.0,0.0,-7.65,0.0,0.0,-7.7,-7.2,0.0 (cmd 0.0),0.0 (cmd 0.0)
2.399,-7.25,0.0,0.0,-7.87,0.0,0.0,-7.9,-7.2,0.0 (cmd 0.0),0.0 (cmd 0.0)
2.3995,-7.35,0.0,0.0,-8.01,0.0,0.0,-8.0,-7.3,0.0 (cmd 0.0),0.0 (cmd 0.0)
2.4,-7.41,0.0,0.0,-8.19,0.0,0.0,-8.2,-7.4,0.0 (cmd 0.0),0.0 (cmd 0.0)
2.4005,-7.47,0.0,0.0,-8.37,0.0,0.0,-8.4,-7.5,0.0 (cmd 0.0),0.0 (cmd 0.0)
2.401,-7.51,0.0,0.0,-8.54,0.0,0.0,-8.5,-7.5,0.0 (cmd 0.0),0.0 (cmd 0.0)
2.4015,-7.49,0.0,0.0,-8.6,0.0,0.0,-8.6,-7.5,0.0 (cmd 0.0),0.0 (cmd 0.0)
2.402,-7.47,0.0,0.0,-8.66,0.0,0.0,-8.7,-7.5,0.0 (cmd 0.0),0.0 (cmd 0.0)
2.4025,-7.47,0.0,0.0,-8.64,0.0,0.0,-8.6,-7.5,0.0 (cmd 0.0),0.0 (cmd 0.0)
2.403,-7.52,0.0,0.0,-8.63,0.0,0.0,-8.6,-7.5,0.0 (cmd 0.0),0.0 (cmd 0.0)
2.4035,-7.55,0.0,0.0,-8.65,0.0,0.0,-8.7,-7.5,0.0 (cmd 0.0),0.0 (cmd 0.0)
2.404,-7.58,0.0,0.0,-8.73,0.0,0.0,-8.7,-7.6,0.0 (cmd 0.0),0.0 (cmd 0.0)
2.4045,-7.77,0.0,0.0,-8.79,0.0,0.0,-8.8,-7.8,0.0 (cmd 0.0),0.0 (cmd 0.0)
2.405,-8.23,0.0,0.0,-8.86,0.0,0.0,-8.9,-8.2,0.0 (cmd 0.0),0.0 (cmd 0.0)
2.4055,-8.49,0.0,0.0,-9.0,0.0,0.0,-9.0,-8.5,0.0 (cmd 0.0),0.0 (cmd 0.0)
2.406,-8.84,0.0,0.0,-9.1,0.0,0.0,-9.1,-8.8,0.0 (cmd 0.0),0.0 (cmd 0.0)
2.4065,-9.55,0.0,0.0,-9.17,0.0,0.0,-9.2,-9.6,0.0 (cmd 0.0),0.0 (cmd 0.0)
2.407,-10.03,0.0,0.0,-9.22,0.0,0.0,-9.2,-10.0,0.0 (cmd 0.0),0.0 (cmd 0.0)
2.4082,-9.98,0.0,0.0,-9.18,0.0,0.0,-9.2,-10.0,0.0 (cmd 0.0),0.0 (cmd 0.0)
2.4095999999999997,-9.92,0.0,0.0,-9.03,0.0,0.0,-9.0,-9.9,0.0 (cmd 0.0),0.0 (cmd 0.0)
2.4101,-10.22,0.0,0.0,-8.31,0.0,0.0,-8.3,-10.2,0.0 (cmd 0.0),0.0 (cmd 0.0)
2.4113,-10.33,0.0,0.0,-7.93,0.0,0.0,-7.9,-10.3,0.0 (cmd 0.0),0.0 (cmd 0.0)
2.4118000000000004,-10.09,0.0,0.0,-6.98,0.0,0.0,-7.0,-10.1,0.0 (cmd 0.0),0.0 (cmd 0.0)
2.4122999999999997,-9.72,0.0,0.0,-6.1,0.0,0.0,-6.1,-9.7,0.0 (cmd 0.0),0.0 (cmd 0.0)
2.4128000000000003,-9.45,0.0,0.0,-5.56,0.0,0.0,-5.6,-9.4,0.0 (cmd 0.0),0.0 (cmd 0.0)
2.4133,-9.17,0.0,0.0,-5.07,0.0,0.0,-5.1,-9.2,0.0 (cmd 0.0),0.0 (cmd 0.0)
2.4138,-8.78,0.0,0.0,-4.72,0.0,0.0,-4.7,-8.8,0.0 (cmd 0.0),0.0 (cmd 0.0)
2.4143000000000003,-8.5,0.0,0.0,-4.37,0.0,0.0,-4.4,-8.5,0.0 (cmd 0.0),0.0 (cmd 0.0)
2.4147999999999996,-8.25,0.0,0.0,-4.17,0.0,0.0,-4.2,-8.2,0.0 (cmd 0.0),0.0 (cmd 0.0)
2.4153000000000002,-8.02,0.0,0.0,-3.93,0.0,0.0,-3.9,-8.0,0.0 (cmd 0.0),0.0 (cmd 0.0)
2.4158000000000004,-7.93,0.0,0.0,-3.73,0.0,0.0,-3.7,-7.9,0.0 (cmd 0.0),0.0 (cmd 0.0)
2.4163,-7.84,0.0,0.0,-3.19,0.0,0.0,-3.2,-7.8,0.0 (cmd 0.0),0.0 (cmd 0.0)
2.4168000000000003,-7.84,0.0,0.0,-3.01,0.0,0.0,-3.0,-7.8,0.0 (cmd 0.0),0.0 (cmd 0.0)
2.4172999999999996,-7.86,0.0,0.0,-2.86,0.0,0.0,-2.9,-7.9,0.0 (cmd 0.0),0.0 (cmd 0.0)
2.4178,-7.88,0.0,0.0,-2.75,0.0,0.0,-2.8,-7.9,0.0 (cmd 0.0),0.0 (cmd 0.0)
2.4183000000000003,-7.91,0.0,0.0,-2.81,0.0,0.0,-2.8,-7.9,0.0 (cmd 0.0),0.0 (cmd 0.0)
2.4188,-7.94,0.0,0.0,-2.82,0.0,0.0,-2.8,-7.9,0.0 (cmd 0.0),0.0 (cmd 0.0)
2.4193000000000002,-7.98,0.0,0.0,-2.81,0.0,0.0,-2.8,-8.0,0.0 (cmd 0.0),0.0 (cmd 0.0)
2.4197999999999995,-7.98,0.0,0.0,-2.8,0.0,0.0,-2.8,-8.0,0.0 (cmd 0.0),0.0 (cmd 0.0)
2.4203,-7.95,0.0,0.0,-2.77,0.0,0.0,-2.8,-8.0,0.0 (cmd 0.0),0.0 (cmd 0.0)
2.4208000000000003,-7.91,0.0,0.0,-2.76,0.0,0.0,-2.8,-7.9,0.0 (cmd 0.0),0.0 (cmd 0.0)
2.4213,-7.91,0.0,0.0,-2.75,0.0,0.0,-2.8,-7.9,0.0 (cmd 0.0),0.0 (cmd 0.0)
2.4218,-7.91,0.0,0.0,-2.77,0.0,0.0,-2.8,-7.9,0.0 (cmd 0.0),0.0 (cmd 0.0)
2.4223,-7.94,0.0,0.0,-2.85,0.0,0.0,-2.9,-7.9,0.0 (cmd 0.0),0.0 (cmd 0.0)
2.4228,-7.98,0.0,0.0,-3.01,0.0,0.0,-3.0,-8.0,0.0 (cmd 0.0),0.0 (cmd 0.0)
2.4233000000000002,-8.01,0.0,0.0,-3.13,0.0,0.0,-3.1,-8.0,0.0 (cmd 0.0),0.0 (cmd 0.0)
2.4238000000000004,-8.06,0.0,0.0,-3.28,0.0,0.0,-3.3,-8.1,0.0 (cmd 0.0),0.0 (cmd 0.0)
2.4243,-8.11,0.0,0.0,-3.32,0.0,0.0,-3.3,-8.1,0.0 (cmd 0.0),0.0 (cmd 0.0)
2.4248,-8.17,0.0,0.0,-3.41,0.0,0.0,-3.4,-8.2,0.0 (cmd 0.0),0.0 (cmd 0.0)
2.4253,-8.21,0.0,0.0,-3.57,0.0,0.0,-3.6,-8.2,0.0 (cmd 0.0),0.0 (cmd 0.0)
2.4258,-8.25,0.0,0.0,-3.59,0.0,0.0,-3.6,-8.2,0.0 (cmd 0.0),0.0 (cmd 0.0)
2.4263000000000003,-8.32,0.0,0.0,-3.64,0.0,0.0,-3.6,-8.3,0.0 (cmd 0.0),0.0 (cmd 0.0)
2.4268,-8.38,0.0,0.0,-3.61,0.0,0.0,-3.6,-8.4,0.0 (cmd 0.0),0.0 (cmd 0.0)
2.4273,-8.47,0.0,0.0,-3.59,0.0,0.0,-3.6,-8.5,0.0 (cmd 0.0),0.0 (cmd 0.0)
2.4278000000000004,-8.53,0.0,0.0,-3.61,0.0,0.0,-3.6,-8.5,0.0 (cmd 0.0),0.0 (cmd 0.0)
2.4283,-8.69,0.0,0.0,-3.56,0.0,0.0,-3.6,-8.7,0.0 (cmd 0.0),0.0 (cmd 0.0)
2.4288000000000003,-8.76,0.0,0.0,-3.49,0.0,0.0,-3.5,-8.8,0.0 (cmd 0.0),0.0 (cmd 0.0)
2.4293,-8.8,0.0,0.0,-3.44,0.0,0.0,-3.4,-8.8,0.0 (cmd 0.0),0.0 (cmd 0.0)
2.4297999999999997,-8.85,0.0,0.0,-3.47,0.0,0.0,-3.5,-8.8,0.0 (cmd 0.0),0.0 (cmd 0.0)
2.4303000000000003,-8.89,0.0,0.0,-3.49,0.0,0.0,-3.5,-8.9,0.0 (cmd 0.0),0.0 (cmd 0.0)
2.4308,-8.91,0.0,0.0,-3.51,0.0,0.0,-3.5,-8.9,0.0 (cmd 0.0),0.0 (cmd 0.0)
2.4313000000000002,-8.95,0.0,0.0,-3.47,0.0,0.0,-3.5,-8.9,0.0 (cmd 0.0),0.0 (cmd 0.0)
2.4318,-8.99,0.0,0.0,-3.52,0.0,0.0,-3.5,-9.0,0.0 (cmd 0.0),0.0 (cmd 0.0)
2.4322999999999997,-9.02,0.0,0.0,-3.53,0.0,0.0,-3.5,-9.0,0.0 (cmd 0.0),0.0 (cmd 0.0)
2.4328000000000003,-9.01,0.0,0.0,-3.54,0.0,0.0,-3.5,-9.0,0.0 (cmd 0.0),0.0 (cmd 0.0)
2.4333,-9.0,0.0,0.0,-3.53,0.0,0.0,-3.5,-9.0,0.0 (cmd 0.0),0.0 (cmd 0.0)
2.4338,-8.99,0.0,0.0,-3.52,0.0,0.0,-3.5,-9.0,0.0 (cmd 0.0),0.0 (cmd 0.0)
2.4343000000000004,-8.94,0.0,0.0,-3.46,0.0,0.0,-3.5,-8.9,0.0 (cmd 0.0),0.0 (cmd 0.0)
2.4347999999999996,-8.9,0.0,0.0,-3.45,0.0,0.0,-3.5,-8.9,0.0 (cmd 0.0),0.0 (cmd 0.0)
2.4353000000000002,-8.86,0.0,0.0,-3.46,0.0,0.0,-3.5,-8.9,0.0 (cmd 0.0),0.0 (cmd 0.0)
2.4358,-8.85,0.0,0.0,-3.5,0.0,0.0,-3.5,-8.8,0.0 (cmd 0.0),0.0 (cmd 0.0)
2.4363,-8.82,0.0,0.0,-3.48,0.0,0.0,-3.5,-8.8,0.0 (cmd 0.0),0.0 (cmd 0.0)
2.4368000000000003,-8.77,0.0,0.0,-3.44,0.0,0.0,-3.4,-8.8,0.0 (cmd 0.0),0.0 (cmd 0.0)
2.4372999999999996,-8.74,0.0,0.0,-3.42,0.0,0.0,-3.4,-8.7,0.0 (cmd 0.0),0.0 (cmd 0.0)
2.4378,-8.73,0.0,0.0,-3.41,0.0,0.0,-3.4,-8.7,0.0 (cmd 0.0),0.0 (cmd 0.0)
2.4383000000000004,-8.71,0.0,0.0,-3.42,0.0,0.0,-3.4,-8.7,0.0 (cmd 0.0),0.0 (cmd 0.0)
2.4388,-8.71,0.0,0.0,-3.42,0.0,0.0,-3.4,-8.7,0.0 (cmd 0.0),0.0 (cmd 0.0)
2.4393000000000002,-8.68,0.0,0.0,-3.42,0.0,0.0,-3.4,-8.7,0.0 (cmd 0.0),0.0 (cmd 0.0)
2.4397999999999995,-8.67,0.0,0.0,-3.41,0.0,0.0,-3.4,-8.7,0.0 (cmd 0.0),0.0 (cmd 0.0)
2.4403,-8.67,0.0,0.0,-3.41,0.0,0.0,-3.4,-8.7,0.0 (cmd 0.0),0.0 (cmd 0.0)
2.4408000000000003,-8.64,0.0,0.0,-3.43,0.0,0.0,-3.4,-8.6,0.0 (cmd 0.0),0.0 (cmd 0.0)
2.4413,-8.64,0.0,0.0,-3.43,0.0,0.0,-3.4,-8.6,0.0 (cmd 0.0),0.0 (cmd 0.0)
2.4418,-8.62,0.0,0.0,-3.43,0.0,0.0,-3.4,-8.6,0.0 (cmd 0.0),0.0 (cmd 0.0)
2.4423,-8.62,0.0,0.0,-3.43,0.0,0.0,-3.4,-8.6,0.0 (cmd 0.0),0.0 (cmd 0.0)
2.4428,-8.62,0.0,0.0,-3.43,0.0,0.0,-3.4,-8.6,0.0 (cmd 0.0),0.0 (cmd 0.0)
2.4433000000000002,-8.61,0.0,0.0,-3.43,0.0,0.0,-3.4,-8.6,0.0 (cmd 0.0),0.0 (cmd 0.0)
2.4438,-8.61,0.0,0.0,-3.45,0.0,0.0,-3.5,-8.6,0.0 (cmd 0.0),0.0 (cmd 0.0)
2.4443,-8.61,0.0,0.0,-3.47,0.0,0.0,-3.5,-8.6,0.0 (cmd 0.0),0.0 (cmd 0.0)
2.4448,-8.61,0.0,0.0,-3.49,0.0,0.0,-3.5,-8.6,0.0 (cmd 0.0),0.0 (cmd 0.0)
2.4453,-8.6,0.0,0.0,-3.5,0.0,0.0,-3.5,-8.6,0.0 (cmd 0.0),0.0 (cmd 0.0)
2.4458,-8.6,0.0,0.0,-3.52,0.0,0.0,-3.5,-8.6,0.0 (cmd 0.0),0.0 (cmd 0.0)
2.4463000000000004,-8.6,0.0,0.0,-3.53,0.0,0.0,-3.5,-8.6,0.0 (cmd 0.0),0.0 (cmd 0.0)
2.4468,-8.58,0.0,0.0,-3.54,0.0,0.0,-3.5,-8.6,0.0 (cmd 0.0),0.0 (cmd 0.0)
2.4473,-8.6,0.0,0.0,-3.54,0.0,0.0,-3.5,-8.6,0.0 (cmd 0.0),0.0 (cmd 0.0)
2.4478,-8.61,0.0,0.0,-3.56,0.0,0.0,-3.6,-8.6,0.0 (cmd 0.0),0.0 (cmd 0.0)
2.4483,-8.61,0.0,0.0,-3.56,0.0,0.0,-3.6,-8.6,0.0 (cmd 0.0),0.0 (cmd 0.0)
2.4488000000000003,-8.61,0.0,0.0,-3.56,0.0,0.0,-3.6,-8.6,0.0 (cmd 0.0),0.0 (cmd 0.0)
2.4493,-8.6,0.0,0.0,-3.57,0.0,0.0,-3.6,-8.6,0.0 (cmd 0.0),0.0 (cmd 0.0)
2.4497999999999998,-8.62,0.0,0.0,-3.58,0.0,0.0,-3.6,-8.6,0.0 (cmd 0.0),0.0 (cmd 0.0)
2.4503000000000004,-8.61,0.0,0.0,-3.59,0.0,0.0,-3.6,-8.6,0.0 (cmd 0.0),0.0 (cmd 0.0)
2.4508,-8.61,0.0,0.0,-3.6,0.0,0.0,-3.6,-8.6,0.0 (cmd 0.0),0.0 (cmd 0.0)
2.4513000000000003,-8.62,0.0,0.0,-3.61,0.0,0.0,-3.6,-8.6,0.0 (cmd 0.0),0.0 (cmd 0.0)
2.4518,-8.63,0.0,0.0,-3.61,0.0,0.0,-3.6,-8.6,0.0 (cmd 0.0),0.0 (cmd 0.0)
2.4522999999999997,-8.61,0.0,0.0,-3.61,0.0,0.0,-3.6,-8.6,0.0 (cmd 0.0),0.0 (cmd 0.0)
2.4528000000000003,-8.62,0.0,0.0,-3.61,0.0,0.0,-3.6,-8.6,0.0 (cmd 0.0),0.0 (cmd 0.0)
2.4533,-8.63,0.0,0.0,-3.62,0.0,0.0,-3.6,-8.6,0.0 (cmd 0.0),0.0 (cmd 0.0)
2.4538,-8.62,0.0,0.0,-3.62,0.0,0.0,-3.6,-8.6,0.0 (cmd 0.0),0.0 (cmd 0.0)
2.4543000000000004,-8.64,0.0,0.0,-3.62,0.0,0.0,-3.6,-8.6,0.0 (cmd 0.0),0.0 (cmd 0.0)
2.4547999999999996,-8.64,0.0,0.0,-3.62,0.0,0.0,-3.6,-8.6,0.0 (cmd 0.0),0.0 (cmd 0.0)
2.4553000000000003,-8.64,0.0,0.0,-3.63,0.0,0.0,-3.6,-8.6,0.0 (cmd 0.0),0.0 (cmd 0.0)
2.4558,-8.66,0.0,0.0,-3.65,0.0,0.0,-3.6,-8.7,0.0 (cmd 0.0),0.0 (cmd 0.0)
2.4563,-8.66,0.0,0.0,-3.65,0.0,0.0,-3.6,-8.7,0.0 (cmd 0.0),0.0 (cmd 0.0)
2.4568000000000003,-8.66,0.0,0.0,-3.67,0.0,0.0,-3.7,-8.7,0.0 (cmd 0.0),0.0 (cmd 0.0)
2.4572999999999996,-8.65,0.0,0.0,-3.67,0.0,0.0,-3.7,-8.7,0.0 (cmd 0.0),0.0 (cmd 0.0)
2.4578,-8.65,0.0,0.0,-3.67,0.0,0.0,-3.7,-8.7,0.0 (cmd 0.0),0.0 (cmd 0.0)
2.4583000000000004,-8.64,0.0,0.0,-3.68,0.0,0.0,-3.7,-8.6,0.0 (cmd 0.0),0.0 (cmd 0.0)
2.4588,-8.64,0.0,0.0,-3.68,0.0,0.0,-3.7,-8.6,0.0 (cmd 0.0),0.0 (cmd 0.0)
2.4593000000000003,-8.66,0.0,0.0,-3.69,0.0,0.0,-3.7,-8.7,0.0 (cmd 0.0),0.0 (cmd 0.0)
2.4597999999999995,-8.66,0.0,0.0,-3.71,0.0,0.0,-3.7,-8.7,0.0 (cmd 0.0),0.0 (cmd 0.0)
2.4603,-8.64,0.0,0.0,-3.69,0.0,0.0,-3.7,-8.6,0.0 (cmd 0.0),0.0 (cmd 0.0)
2.4608000000000003,-8.63,0.0,0.0,-3.67,0.0,0.0,-3.7,-8.6,0.0 (cmd 0.0),0.0 (cmd 0.0)
2.4613,-8.63,0.0,0.0,-3.64,0.0,0.0,-3.6,-8.6,0.0 (cmd 0.0),0.0 (cmd 0.0)
2.4618,-8.62,0.0,0.0,-3.63,0.0,0.0,-3.6,-8.6,0.0 (cmd 0.0),0.0 (cmd 0.0)
2.4623,-8.61,0.0,0.0,-3.62,0.0,0.0,-3.6,-8.6,0.0 (cmd 0.0),0.0 (cmd 0.0)
2.4628,-8.6,0.0,0.0,-3.6,0.0,0.0,-3.6,-8.6,0.0 (cmd 0.0),0.0 (cmd 0.0)
2.4633000000000003,-8.6,0.0,0.0,-3.59,0.0,0.0,-3.6,-8.6,0.0 (cmd 0.0),0.0 (cmd 0.0)
2.4638,-8.6,0.0,0.0,-3.58,0.0,0.0,-3.6,-8.6,0.0 (cmd 0.0),0.0 (cmd 0.0)
2.4643,-8.59,0.0,0.0,-3.57,0.0,0.0,-3.6,-8.6,0.0 (cmd 0.0),0.0 (cmd 0.0)
2.4648,-8.57,0.0,0.0,-3.57,0.0,0.0,-3.6,-8.6,0.0 (cmd 0.0),0.0 (cmd 0.0)
2.4653,-8.56,0.0,0.0,-3.56,0.0,0.0,-3.6,-8.6,0.0 (cmd 0.0),0.0 (cmd 0.0)
2.4658,-8.58,0.0,0.0,-3.56,0.0,0.0,-3.6,-8.6,0.0 (cmd 0.0),0.0 (cmd 0.0)
2.4663000000000004,-8.57,0.0,0.0,-3.63,0.0,0.0,-3.6,-8.6,0.0 (cmd 0.0),0.0 (cmd 0.0)
2.4668,-8.54,0.0,0.0,-3.71,0.0,0.0,-3.7,-8.5,0.0 (cmd 0.0),0.0 (cmd 0.0)
2.4673,-8.6,0.0,0.0,-3.92,0.0,0.0,-3.9,-8.6,0.0 (cmd 0.0),0.0 (cmd 0.0)
2.4678,-8.7,0.0,0.0,-4.26,0.0,0.0,-4.3,-8.7,0.0 (cmd 0.0),0.0 (cmd 0.0)
2.4683,-8.89,0.0,0.0,-4.99,0.0,0.0,-5.0,-8.9,0.0 (cmd 0.0),0.0 (cmd 0.0)
2.4688000000000003,-9.39,0.0,0.0,-5.84,0.0,0.0,-5.8,-9.4,0.0 (cmd 0.0),0.0 (cmd 0.0)
2.4693,-9.66,0.0,0.0,-7.05,0.0,0.0,-7.0,-9.7,0.0 (cmd 0.0),0.0 (cmd 0.0)
2.4697999999999998,-9.73,0.0,0.0,-7.69,0.0,0.0,-7.7,-9.7,0.0 (cmd 0.0),0.0 (cmd 0.0)
2.4703000000000004,-9.72,0.0,0.0,-8.26,0.0,0.0,-8.3,-9.7,0.0 (cmd 0.0),0.0 (cmd 0.0)
2.4708,-9.76,0.0,0.0,-8.4,0.0,0.0,-8.4,-9.8,0.0 (cmd 0.0),0.0 (cmd 0.0)
2.4713000000000003,-9.79,0.0,0.0,-8.43,0.0,0.0,-8.4,-9.8,0.0 (cmd 0.0),0.0 (cmd 0.0)
2.4718,-9.97,0.0,0.0,-8.66,0.0,0.0,-8.7,-10.0,0.0 (cmd 0.0),0.0 (cmd 0.0)
2.4722999999999997,-10.15,0.0,0.0,-8.82,0.0,0.0,-8.8,-10.2,0.0 (cmd 0.0),0.0 (cmd 0.0)
2.4728000000000003,-10.28,0.0,0.0,-8.97,0.0,0.0,-9.0,-10.3,0.0 (cmd 0.0),0.0 (cmd 0.0)
2.4733,-10.47,0.0,0.0,-9.14,0.0,0.0,-9.1,-10.5,0.0 (cmd 0.0),0.0 (cmd 0.0)
2.4738,-10.58,0.0,0.0,-9.35,0.0,0.0,-9.3,-10.6,0.0 (cmd 0.0),0.0 (cmd 0.0)
2.4743000000000004,-10.63,0.0,0.0,-9.4,0.0,0.0,-9.4,-10.6,0.0 (cmd 0.0),0.0 (cmd 0.0)
2.4747999999999997,-10.73,0.0,0.0,-9.5,0.0,0.0,-9.5,-10.7,0.0 (cmd 0.0),0.0 (cmd 0.0)
2.4753000000000003,-10.76,0.0,0.0,-9.61,0.0,0.0,-9.6,-10.8,0.0 (cmd 0.0),0.0 (cmd 0.0)
2.4758,-10.79,0.0,0.0,-9.68,0.0,0.0,-9.7,-10.8,0.0 (cmd 0.0),0.0 (cmd 0.0)
2.4763,-10.79,0.0,0.0,-9.6,0.0,0.0,-9.6,-10.8,0.0 (cmd 0.0),0.0 (cmd 0.0)
2.4768000000000003,-10.76,0.0,0.0,-9.47,0.0,0.0,-9.5,-10.8,0.0 (cmd 0.0),0.0 (cmd 0.0)
2.4772999999999996,-10.69,0.0,0.0,-9.31,0.0,0.0,-9.3,-10.7,0.0 (cmd 0.0),0.0 (cmd 0.0)
2.4778000000000002,-10.57,0.0,0.0,-9.21,0.0,0.0,-9.2,-10.6,0.0 (cmd 0.0),0.0 (cmd 0.0)
2.4783000000000004,-10.45,0.0,0.0,-9.08,0.0,0.0,-9.1,-10.4,0.0 (cmd 0.0),0.0 (cmd 0.0)
2.4788,-10.27,0.0,0.0,-8.86,0.0,0.0,-8.9,-10.3,0.0 (cmd 0.0),0.0 (cmd 0.0)
2.4793000000000003,-10.14,0.0,0.0,-8.6,0.0,0.0,-8.6,-10.1,0.0 (cmd 0.0),0.0 (cmd 0.0)
2.4797999999999996,-10.01,0.0,0.0,-8.37,0.0,0.0,-8.4,-10.0,0.0 (cmd 0.0),0.0 (cmd 0.0)
2.4803,-9.87,0.0,0.0,-8.25,0.0,0.0,-8.2,-9.9,0.0 (cmd 0.0),0.0 (cmd 0.0)
2.4808000000000003,-9.74,0.0,0.0,-7.9,0.0,0.0,-7.9,-9.7,0.0 (cmd 0.0),0.0 (cmd 0.0)
2.4813,-9.57,0.0,0.0,-7.44,0.0,0.0,-7.4,-9.6,0.0 (cmd 0.0),0.0 (cmd 0.0)
2.4818000000000002,-9.34,0.0,0.0,-6.81,0.0,0.0,-6.8,-9.3,0.0 (cmd 0.0),0.0 (cmd 0.0)
2.4822999999999995,-9.02,0.0,0.0,-5.77,0.0,0.0,-5.8,-9.0,0.0 (cmd 0.0),0.0 (cmd 0.0)
2.4828,-8.7,0.0,0.0,-4.19,0.0,0.0,-4.2,-8.7,0.0 (cmd 0.0),0.0 (cmd 0.0)
2.4833000000000003,-8.42,0.0,0.0,-3.32,0.0,0.0,-3.3,-8.4,0.0 (cmd 0.0),0.0 (cmd 0.0)
2.4838,-8.3,0.0,0.0,-1.75,0.0,0.0,-1.8,-8.3,0.0 (cmd 0.0),0.0 (cmd 0.0)
2.4843,-8.27,0.0,0.0,-0.75,0.0,0.0,-0.8,-8.3,0.0 (cmd 0.0),0.0 (cmd 0.0)
2.4848,-8.21,0.0,0.0,-0.68,0.0,0.0,-0.7,-8.2,0.0 (cmd 0.0),0.0 (cmd 0.0)
2.4853,-8.23,0.0,0.0,-0.85,0.0,0.0,-0.8,-8.2,0.0 (cmd 0.0),0.0 (cmd 0.0)
2.4858000000000002,-8.4,0.0,0.0,-1.07,0.0,0.0,-1.1,-8.4,0.0 (cmd 0.0),0.0 (cmd 0.0)
2.4863000000000004,-8.57,0.0,0.0,-1.07,0.0,0.0,-1.1,-8.6,0.0 (cmd 0.0),0.0 (cmd 0.0)
2.4868,-8.64,0.0,0.0,-1.0,0.0,0.0,-1.0,-8.6,0.0 (cmd 0.0),0.0 (cmd 0.0)
2.4873,-8.61,0.0,0.0,-0.94,0.0,0.0,-0.9,-8.6,0.0 (cmd 0.0),0.0 (cmd 0.0)
2.4878,-8.57,0.0,0.0,-0.81,0.0,0.0,-0.8,-8.6,0.0 (cmd 0.0),0.0 (cmd 0.0)
2.4883,-8.45,0.0,0.0,-0.74,0.0,0.0,-0.7,-8.4,0.0 (cmd 0.0),0.0 (cmd 0.0)
2.4888000000000003,-8.36,0.0,0.0,-0.71,0.0,0.0,-0.7,-8.4,0.0 (cmd 0.0),0.0 (cmd 0.0)
2.4893,-8.32,-0.79,0.0,-0.72,-0.19,0.0,-0.7,-8.3,0.0 (cmd -0.8),0.0 (cmd -0.2)
2.4898,-8.3,-0.79,0.0,-0.79,-0.18,0.0,-0.8,-8.3,0.0 (cmd -0.8),0.0 (cmd -0.2)
2.4903000000000004,-8.34,-0.78,0.0,-0.83,-0.18,0.0,-0.8,-8.3,0.0 (cmd -0.8),0.0 (cmd -0.2)
2.4908,-8.42,-0.77,0.0,-0.9,-0.17,0.0,-0.9,-8.4,0.0 (cmd -0.8),0.0 (cmd -0.2)
2.4913000000000003,-8.53,-0.74,0.0,-0.95,-0.17,0.0,-0.9,-8.5,0.0 (cmd -0.7),0.0 (cmd -0.2)
2.4918,-8.63,-0.71,0.0,-1.0,-0.18,0.0,-1.0,-8.6,0.0 (cmd -0.7),0.0 (cmd -0.2)
2.4922999999999997,-8.68,-0.71,0.0,-1.06,-0.17,0.0,-1.1,-8.7,0.0 (cmd -0.7),0.0 (cmd -0.2)
2.4928000000000003,-8.74,-0.71,0.0,-1.17,-0.17,0.0,-1.2,-8.7,0.0 (cmd -0.7),0.0 (cmd -0.2)
2.4933,-8.9,-0.7,0.0,-1.33,-0.17,0.0,-1.3,-8.9,0.0 (cmd -0.7),0.0 (cmd -0.2)
2.4938000000000002,-9.22,-0.67,0.0,-1.51,-0.17,0.0,-1.5,-9.2,0.0 (cmd -0.7),0.0 (cmd -0.2)
2.4943,-9.93,-0.55,0.0,-1.58,-0.19,0.0,-1.6,-9.9,0.0 (cmd -0.6),0.0 (cmd -0.2)
2.4947999999999997,-11.48,-0.37,0.0,-1.65,-0.22,0.0,-1.6,-11.5,0.0 (cmd -0.4),0.0 (cmd -0.2)
2.4953000000000003,-14.33,0.27,0.0,-1.61,-0.33,0.0,-1.6,-14.3,0.0 (cmd 0.3),0.0 (cmd -0.3)
2.4958,-17.96,0.82,0.0,-1.45,-0.42,0.0,-1.4,-18.0,0.0 (cmd 0.8),0.0 (cmd -0.4)
2.4963,-22.05,1.58,0.0,-1.29,-0.55,0.0,-1.3,-22.1,0.0 (cmd 1.6),0.0 (cmd -0.6)
2.4968000000000004,-26.42,2.3,0.0,-1.03,-0.66,0.0,-1.0,-26.4,0.0 (cmd 2.3),0.0 (cmd -0.7)
2.4972999999999996,-30.92,2.96,0.0,-0.67,-0.75,0.0,-0.7,-30.9,0.0 (cmd 3.0),0.0 (cmd -0.8)
2.4978000000000002,-35.5,3.51,0.0,-0.39,-0.83,0.0,-0.4,-35.5,0.0 (cmd 3.5),0.0 (cmd -0.8)
2.4983,-40.0,3.89,0.0,-0.31,-0.9,0.0,-0.3,-40.0,0.0 (cmd 3.9),0.0 (cmd -0.9)
2.4988,-44.03,4.1,0.0,-0.43,-0.94,0.0,-0.4,-44.0,0.0 (cmd 4.1),0.0 (cmd -0.9)
2.4993000000000003,-47.32,4.01,0.0,-0.47,-0.92,0.0,-0.5,-47.3,0.0 (cmd 4.0),0.0 (cmd -0.9)
2.4997999999999996,-49.84,3.53,0.0,-0.42,-0.88,0.0,-0.4,-49.8,0.0 (cmd 3.5),0.0 (cmd -0.9)
2.5003,-51.35,3.19,0.0,-0.4,-0.86,0.0,-0.4,-51.4,0.0 (cmd 3.2),0.0 (cmd -0.9)
2.5008000000000004,-51.82,2.52,0.0,-0.38,-0.81,0.0,-0.4,-51.8,0.0 (cmd 2.5),0.0 (cmd -0.8)
2.5013,-51.11,1.71,0.0,-0.46,-0.76,0.0,-0.5,-51.1,0.0 (cmd 1.7),0.0 (cmd -0.8)
2.5018000000000002,-49.07,0.9,0.0,-0.51,-0.68,0.0,-0.5,-49.1,0.0 (cmd 0.9),0.0 (cmd -0.7)
2.5022999999999995,-45.1,-0.48,0.0,-0.48,-0.54,0.0,-0.5,-45.1,0.0 (cmd -0.5),0.0 (cmd -0.5)
2.5028,-40.43,-1.5,0.0,-0.33,-0.44,0.0,-0.3,-40.4,0.0 (cmd -1.5),0.0 (cmd -0.4)
2.5033000000000003,-34.13,-2.73,0.0,-0.08,-0.32,0.0,-0.1,-34.1,0.0 (cmd -2.7),0.0 (cmd -0.3)
2.5038,-25.83,-4.07,0.0,0.11,-0.24,0.0,0.1,-25.8,0.0 (cmd -4.1),0.0 (cmd -0.2)
2.5043,-17.94,-5.47,0.0,0.64,-0.18,0.0,0.6,-17.9,0.0 (cmd -5.5),0.0 (cmd -0.2)
2.5048,-13.0,-6.04,0.0,0.93,-0.16,0.0,0.9,-13.0,0.0 (cmd -6.0),0.0 (cmd -0.2)
2.5053,-13.18,-5.51,0.0,0.97,-0.16,0.0,1.0,-13.2,0.0 (cmd -5.5),0.0 (cmd -0.2)
2.5058000000000002,-13.99,-4.16,0.0,0.74,-0.14,0.0,0.7,-14.0,0.0 (cmd -4.2),0.0 (cmd -0.1)
2.5063,-13.38,-3.42,0.0,0.39,-0.1,0.0,0.4,-13.4,0.0 (cmd -3.4),0.0 (cmd -0.1)
2.5068,-13.7,-2.9,0.0,0.3,-0.08,0.0,0.3,-13.7,0.0 (cmd -2.9),0.0 (cmd -0.1)
2.5073,-15.65,-2.14,0.0,0.55,-0.09,0.0,0.6,-15.7,0.0 (cmd -2.1),0.0 (cmd -0.1)
2.5078,-19.26,-1.11,0.0,0.6,-0.19,0.0,0.6,-19.3,0.0 (cmd -1.1),0.0 (cmd -0.2)
2.5083,-24.06,0.18,0.0,0.61,-0.35,0.0,0.6,-24.1,0.0 (cmd 0.2),0.0 (cmd -0.3)
2.5088000000000004,-29.37,1.4,0.0,0.68,-0.52,0.0,0.7,-29.4,0.0 (cmd 1.4),0.0 (cmd -0.5)
2.5093,-35.02,2.51,0.0,0.66,-0.68,0.0,0.7,-35.0,0.0 (cmd 2.5),0.0 (cmd -0.7)
2.5098,-40.69,3.4,0.0,0.51,-0.82,0.0,0.5,-40.7,0.0 (cmd 3.4),0.0 (cmd -0.8)
2.5103,-45.67,3.93,0.0,0.3,-0.9,0.0,0.3,-45.7,0.0 (cmd 3.9),0.0 (cmd -0.9)
2.5108,-50.23,3.87,0.0,0.15,-0.91,0.0,0.1,-50.2,0.0 (cmd 3.9),0.0 (cmd -0.9)
2.5113000000000003,-53.96,4.13,0.0,0.0,-0.96,0.0,0.0,-54.0,0.0 (cmd 4.1),0.0 (cmd -1.0)
2.5118,-56.45,3.76,0.0,-0.18,-0.95,0.0,-0.2,-56.5,0.0 (cmd 3.8),0.0 (cmd -0.9)
2.5122999999999998,-57.24,3.03,0.0,-0.68,-0.92,0.0,-0.7,-57.2,0.0 (cmd 3.0),0.0 (cmd -0.9)
2.5128000000000004,-55.73,2.11,0.0,-1.23,-0.85,0.0,-1.2,-55.7,0.0 (cmd 2.1),0.0 (cmd -0.8)
2.5133,-51.66,0.54,0.0,-1.36,-0.66,0.0,-1.4,-51.7,0.0 (cmd 0.5),0.0 (cmd -0.7)
2.5138000000000003,-47.26,-0.84,0.0,-1.22,-0.52,0.0,-1.2,-47.3,0.0 (cmd -0.8),0.0 (cmd -0.5)
2.5143,-39.85,-2.52,0.0,-0.97,-0.35,0.0,-1.0,-39.9,0.0 (cmd -2.5),0.0 (cmd -0.3)
2.5147999999999997,-30.03,-4.46,0.0,-0.84,-0.22,0.0,-0.8,-30.0,0.0 (cmd -4.5),0.0 (cmd -0.2)
2.5153000000000003,-17.47,-6.25,0.0,-0.9,-0.15,0.0,-0.9,-17.5,0.0 (cmd -6.2),0.0 (cmd -0.1)
2.5158,-11.19,-7.18,0.0,-1.51,-0.1,0.0,-1.5,-11.2,0.0 (cmd -7.2),0.0 (cmd -0.1)
2.5163,-9.22,-6.66,0.0,-2.94,-0.1,0.0,-2.9,-9.2,0.0 (cmd -6.7),0.0 (cmd -0.1)
2.5168000000000004,-7.95,-5.55,0.0,-5.63,-0.01,0.0,-5.6,-8.0,0.0 (cmd -5.5),0.0 (cmd -0.0)
2.5172999999999996,-6.23,-5.05,0.0,-9.57,0.21,0.0,-9.6,-6.2,0.0 (cmd -5.0),0.0 (cmd 0.2)
2.5178000000000003,-6.14,-4.58,0.0,-17.29,0.63,0.0,-17.3,-6.1,0.0 (cmd -4.6),0.0 (cmd 0.6)
2.5183,-6.16,-3.9,0.0,-23.83,0.98,0.0,-23.8,-6.2,0.0 (cmd -3.9),0.0 (cmd 1.0)
2.5188,-5.69,-3.6,0.0,-29.04,1.4,0.0,-29.0,-5.7,0.0 (cmd -3.6),0.0 (cmd 1.4)
2.5193000000000003,-5.1,-3.4,0.0,-36.83,1.53,0.0,-36.8,-5.1,0.0 (cmd -3.4),0.0 (cmd 1.5)
2.5197999999999996,-4.61,-3.43,0.0,-42.38,1.43,0.0,-42.4,-4.6,0.0 (cmd -3.4),0.0 (cmd 1.4)
2.5203,-4.69,-3.38,0.0,-45.88,1.53,0.0,-45.9,-4.7,0.0 (cmd -3.4),0.0 (cmd 1.5)
2.5208000000000004,-5.04,-3.23,0.0,-48.53,1.24,0.0,-48.5,-5.0,0.0 (cmd -3.2),0.0 (cmd 1.2)
2.5213,-5.6,-3.14,0.0,-48.53,0.69,0.0,-48.5,-5.6,0.0 (cmd -3.1),0.0 (cmd 0.7)
2.5218000000000003,-6.06,-3.0,0.0,-46.33,-0.01,0.0,-46.3,-6.1,0.0 (cmd -3.0),0.0 (cmd -0.0)
2.5222999999999995,-6.32,-2.76,0.0,-42.82,-0.82,0.0,-42.8,-6.3,0.0 (cmd -2.8),0.0 (cmd -0.8)
2.5228,-6.47,-2.31,0.0,-32.33,-1.27,0.0,-32.3,-6.5,0.0 (cmd -2.3),0.0 (cmd -1.3)
2.5233000000000003,-6.52,-1.94,0.0,-22.44,-1.41,0.0,-22.4,-6.5,0.0 (cmd -1.9),0.0 (cmd -1.4)
2.5238,-6.73,-0.35,0.0,-11.3,-1.62,0.0,-11.3,-6.7,0.0 (cmd -0.3),0.0 (cmd -1.6)
2.5243,-7.19,0.79,0.0,-4.4,-1.56,0.0,-4.4,-7.2,0.0 (cmd 0.8),0.0 (cmd -1.6)
2.5248,-6.91,1.57,0.0,0.09,-1.54,0.0,0.1,-6.9,0.0 (cmd 1.6),0.0 (cmd -1.5)
2.5253,-6.3,0.96,0.0,2.06,-1.32,0.0,2.1,-6.3,0.0 (cmd 1.0),0.0 (cmd -1.3)
2.5258000000000003,-8.35,0.67,0.0,3.97,-1.17,0.0,4.0,-8.3,0.0 (cmd 0.7),0.0 (cmd -1.2)
2.5263,-13.86,1.39,0.0,3.45,-1.15,0.0,3.5,-13.9,0.0 (cmd 1.4),0.0 (cmd -1.1)
2.5268,-20.27,2.94,0.0,2.43,-1.21,0.0,2.4,-20.3,0.0 (cmd 2.9),0.0 (cmd -1.2)
2.5273,-27.03,3.98,0.0,2.47,-1.19,0.0,2.5,-27.0,0.0 (cmd 4.0),0.0 (cmd -1.2)
2.5278,-32.77,5.18,0.0,3.25,-1.29,0.0,3.2,-32.8,0.0 (cmd 5.2),0.0 (cmd -1.3)
2.5283,-41.1,6.15,0.0,3.89,-1.43,0.0,3.9,-41.1,0.0 (cmd 6.2),0.0 (cmd -1.4)
2.5288000000000004,-46.62,6.37,0.0,3.8,-1.46,0.0,3.8,-46.6,0.0 (cmd 6.4),0.0 (cmd -1.5)
2.5293,-49.75,5.95,0.0,3.77,-1.36,0.0,3.8,-49.8,0.0 (cmd 6.0),0.0 (cmd -1.4)
2.5298,-51.51,4.84,0.0,2.95,-1.16,0.0,3.0,-51.5,0.0 (cmd 4.8),0.0 (cmd -1.2)
2.5303,-50.31,3.42,0.0,2.79,-0.98,0.0,2.8,-50.3,0.0 (cmd 3.4),0.0 (cmd -1.0)
2.5308,-44.11,1.22,0.0,2.74,-0.75,0.0,2.7,-44.1,0.0 (cmd 1.2),0.0 (cmd -0.8)
2.5313000000000003,-38.16,-0.75,0.0,2.78,-0.54,0.0,2.8,-38.2,0.0 (cmd -0.8),0.0 (cmd -0.5)
2.5318,-25.88,-3.06,0.0,2.93,-0.33,0.0,2.9,-25.9,0.0 (cmd -3.1),0.0 (cmd -0.3)
2.5322999999999998,-15.38,-4.68,0.0,3.37,-0.25,0.0,3.4,-15.4,0.0 (cmd -4.7),0.0 (cmd -0.2)
2.5328000000000004,-8.8,-6.43,0.0,3.46,-0.2,0.0,3.5,-8.8,0.0 (cmd -6.4),0.0 (cmd -0.2)
2.5333,-7.48,-5.93,0.0,3.31,-0.21,0.0,3.3,-7.5,0.0 (cmd -5.9),0.0 (cmd -0.2)
2.5338000000000003,-5.53,-5.15,0.0,3.02,-0.22,0.0,3.0,-5.5,0.0 (cmd -5.2),0.0 (cmd -0.2)
2.5343,-1.34,-4.72,0.0,2.78,-0.17,0.0,2.8,-1.3,0.0 (cmd -4.7),0.0 (cmd -0.2)
2.5347999999999997,-0.26,-4.53,0.0,2.76,-0.12,0.0,2.8,-0.3,0.0 (cmd -4.5),0.0 (cmd -0.1)
2.5353000000000003,-1.39,-3.83,0.0,2.76,-0.02,0.0,2.8,-1.4,0.0 (cmd -3.8),0.0 (cmd -0.0)
2.5358,-3.31,-2.85,0.0,2.77,0.02,0.0,2.8,-3.3,0.0 (cmd -2.9),0.0 (cmd 0.0)
2.5363,-3.77,-2.01,0.0,2.58,0.02,0.0,2.6,-3.8,0.0 (cmd -2.0),0.0 (cmd 0.0)
2.5368000000000004,-4.0,-1.68,0.0,2.1,0.02,0.0,2.1,-4.0,0.0 (cmd -1.7),0.0 (cmd 0.0)
2.5372999999999997,-4.13,-1.42,0.0,1.88,0.01,0.0,1.9,-4.1,0.0 (cmd -1.4),0.0 (cmd 0.0)
2.5378000000000003,-4.17,-1.24,0.0,1.97,0.0,0.0,2.0,-4.2,0.0 (cmd -1.2),0.0 (cmd 0.0)
2.5383,-4.01,-1.13,0.0,2.07,-0.03,0.0,2.1,-4.0,0.0 (cmd -1.1),0.0 (cmd -0.0)
2.5388,-3.75,-1.1,0.0,2.2,-0.04,0.0,2.2,-3.8,0.0 (cmd -1.1),0.0 (cmd -0.0)
2.5393000000000003,-3.76,-1.06,0.0,2.24,-0.05,0.0,2.2,-3.8,0.0 (cmd -1.1),0.0 (cmd -0.1)
2.5397999999999996,-3.83,-0.97,0.0,2.24,-0.07,0.0,2.2,-3.8,0.0 (cmd -1.0),0.0 (cmd -0.1)
2.5403000000000002,-3.84,-0.91,0.0,2.29,-0.08,0.0,2.3,-3.8,0.0 (cmd -0.9),0.0 (cmd -0.1)
2.5408000000000004,-3.99,-0.85,0.0,2.36,-0.09,0.0,2.4,-4.0,0.0 (cmd -0.8),0.0 (cmd -0.1)
2.5413,-4.12,-0.78,0.0,2.31,-0.1,0.0,2.3,-4.1,0.0 (cmd -0.8),0.0 (cmd -0.1)
2.5418000000000003,-4.2,-0.74,0.0,2.29,-0.1,0.0,2.3,-4.2,0.0 (cmd -0.7),0.0 (cmd -0.1)
2.5422999999999996,-4.26,-0.72,0.0,2.33,-0.11,0.0,2.3,-4.3,0.0 (cmd -0.7),0.0 (cmd -0.1)
2.5428,-4.29,-0.71,0.0,2.3,-0.11,0.0,2.3,-4.3,0.0 (cmd -0.7),0.0 (cmd -0.1)
2.5433000000000003,-4.34,-0.71,0.0,2.26,-0.11,0.0,2.3,-4.3,0.0 (cmd -0.7),0.0 (cmd -0.1)
2.5438,-4.39,-0.7,0.0,2.24,-0.11,0.0,2.2,-4.4,0.0 (cmd -0.7),0.0 (cmd -0.1)
2.5443000000000002,-4.4,-0.7,0.0,2.2,-0.11,0.0,2.2,-4.4,0.0 (cmd -0.7),0.0 (cmd -0.1)
2.5447999999999995,-4.43,-0.7,0.0,2.17,-0.11,0.0,2.2,-4.4,0.0 (cmd -0.7),0.0 (cmd -0.1)
2.5453,-4.45,-0.7,0.0,2.14,-0.11,0.0,2.1,-4.5,0.0 (cmd -0.7),0.0 (cmd -0.1)
2.5458000000000003,-4.44,-0.71,0.0,2.09,-0.1,0.0,2.1,-4.4,0.0 (cmd -0.7),0.0 (cmd -0.1)
2.5463,-4.4,-0.72,0.0,2.13,-0.11,0.0,2.1,-4.4,0.0 (cmd -0.7),0.0 (cmd -0.1)
2.5468,-4.4,-0.73,0.0,2.12,-0.11,0.0,2.1,-4.4,0.0 (cmd -0.7),0.0 (cmd -0.1)
2.5473,-4.38,-0.74,0.0,2.1,-0.1,0.0,2.1,-4.4,0.0 (cmd -0.7),0.0 (cmd -0.1)
2.5478,-4.34,-0.74,0.0,2.15,-0.1,0.0,2.1,-4.3,0.0 (cmd -0.7),0.0 (cmd -0.1)
2.5483000000000002,-4.2,-0.78,0.0,2.17,-0.1,0.0,2.2,-4.2,0.0 (cmd -0.8),0.0 (cmd -0.1)
2.5488000000000004,-4.19,-0.78,0.0,2.14,-0.1,0.0,2.1,-4.2,0.0 (cmd -0.8),0.0 (cmd -0.1)
2.5493,-4.29,-0.76,0.0,2.06,-0.1,0.0,2.1,-4.3,0.0 (cmd -0.8),0.0 (cmd -0.1)
2.5498,-4.35,-0.73,0.0,2.08,-0.1,0.0,2.1,-4.3,0.0 (cmd -0.7),0.0 (cmd -0.1)
2.5503,-4.37,-0.72,0.0,2.08,-0.11,0.0,2.1,-4.4,0.0 (cmd -0.7),0.0 (cmd -0.1)
2.5508,-4.35,-0.73,0.0,2.07,-0.11,0.0,2.1,-4.3,0.0 (cmd -0.7),0.0 (cmd -0.1)
2.5513000000000003,-4.35,-0.73,0.0,2.09,-0.11,0.0,2.1,-4.3,0.0 (cmd -0.7),0.0 (cmd -0.1)
2.5518,-4.32,-0.73,0.0,2.1,-0.11,0.0,2.1,-4.3,0.0 (cmd -0.7),0.0 (cmd -0.1)
2.5523,-4.28,-0.75,0.0,2.11,-0.11,0.0,2.1,-4.3,0.0 (cmd -0.8),0.0 (cmd -0.1)
2.5528000000000004,-4.27,-0.75,0.0,2.11,-0.11,0.0,2.1,-4.3,0.0 (cmd -0.8),0.0 (cmd -0.1)
2.5533,-4.25,-0.75,0.0,2.08,-0.11,0.0,2.1,-4.2,0.0 (cmd -0.8),0.0 (cmd -0.1)
2.5538000000000003,-4.27,-0.75,0.0,2.05,-0.1,0.0,2.0,-4.3,0.0 (cmd -0.8),0.0 (cmd -0.1)
2.5543,-4.27,-0.74,0.0,2.04,-0.11,0.0,2.0,-4.3,0.0 (cmd -0.7),0.0 (cmd -0.1)
2.5547999999999997,-4.25,-0.74,0.0,2.05,-0.11,0.0,2.0,-4.2,0.0 (cmd -0.7),0.0 (cmd -0.1)
2.5553000000000003,-4.24,-0.75,0.0,2.03,-0.11,0.0,2.0,-4.2,0.0 (cmd -0.8),0.0 (cmd -0.1)
2.5558,-4.25,-0.75,0.0,2.02,-0.1,0.0,2.0,-4.2,0.0 (cmd -0.8),0.0 (cmd -0.1)
2.5563000000000002,-4.27,-0.74,0.0,2.0,-0.1,0.0,2.0,-4.3,0.0 (cmd -0.7),0.0 (cmd -0.1)
2.5568,-4.3,-0.74,0.0,1.98,-0.11,0.0,2.0,-4.3,0.0 (cmd -0.7),0.0 (cmd -0.1)
2.5572999999999997,-4.32,-0.73,0.0,1.97,-0.11,0.0,2.0,-4.3,0.0 (cmd -0.7),0.0 (cmd -0.1)
2.5578000000000003,-4.32,-0.73,0.0,1.98,-0.11,0.0,2.0,-4.3,0.0 (cmd -0.7),0.0 (cmd -0.1)
2.5583,-4.32,-0.73,0.0,1.97,-0.11,0.0,2.0,-4.3,0.0 (cmd -0.7),0.0 (cmd -0.1)
2.5588,-4.32,-0.74,0.0,1.95,-0.11,0.0,1.9,-4.3,0.0 (cmd -0.7),0.0 (cmd -0.1)
2.5593000000000004,-4.34,-0.73,0.0,1.97,-0.11,0.0,2.0,-4.3,0.0 (cmd -0.7),0.0 (cmd -0.1)
2.5597999999999996,-4.33,-0.73,0.0,1.94,-0.11,0.0,1.9,-4.3,0.0 (cmd -0.7),0.0 (cmd -0.1)
2.5603,-4.37,-0.73,0.0,1.91,-0.11,0.0,1.9,-4.4,0.0 (cmd -0.7),0.0 (cmd -0.1)
2.5607999999999995,-4.44,-0.72,0.0,1.89,-0.11,0.0,1.9,-4.4,0.0 (cmd -0.7),0.0 (cmd -0.1)
2.5613,-4.47,-0.72,0.0,1.8,-0.11,0.0,1.8,-4.5,0.0 (cmd -0.7),0.0 (cmd -0.1)
2.5618000000000003,-4.52,-0.72,0.0,1.78,-0.11,0.0,1.8,-4.5,0.0 (cmd -0.7),0.0 (cmd -0.1)
2.5623,-4.6,-0.71,0.0,1.79,-0.11,0.0,1.8,-4.6,0.0 (cmd -0.7),0.0 (cmd -0.1)
2.5627999999999997,-4.68,-0.69,0.0,1.68,-0.11,0.0,1.7,-4.7,0.0 (cmd -0.7),0.0 (cmd -0.1)
2.5633,-4.84,-0.69,0.0,1.43,-0.11,0.0,1.4,-4.8,0.0 (cmd -0.7),0.0 (cmd -0.1)
2.5638,-5.06,-0.67,0.0,1.24,-0.11,0.0,1.2,-5.1,0.0 (cmd -0.7),0.0 (cmd -0.1)
2.5643000000000002,-5.17,-0.64,0.0,1.15,-0.11,0.0,1.1,-5.2,0.0 (cmd -0.6),0.0 (cmd -0.1)
2.5648,-5.29,-0.64,0.0,0.97,-0.11,0.0,1.0,-5.3,0.0 (cmd -0.6),0.0 (cmd -0.1)
2.5652999999999997,-5.34,-0.65,0.0,0.88,-0.11,0.0,0.9,-5.3,0.0 (cmd -0.7),0.0 (cmd -0.1)
2.5658,-5.34,-0.68,0.0,0.77,-0.11,0.0,0.8,-5.3,0.0 (cmd -0.7),0.0 (cmd -0.1)
2.5663,-5.34,-0.7,0.0,0.72,-0.11,0.0,0.7,-5.3,0.0 (cmd -0.7),0.0 (cmd -0.1)
2.5668,-5.34,-0.71,0.0,0.68,-0.11,0.0,0.7,-5.3,0.0 (cmd -0.7),0.0 (cmd -0.1)
2.5673000000000004,-5.34,-0.71,0.0,0.64,-0.11,0.0,0.6,-5.3,0.0 (cmd -0.7),0.0 (cmd -0.1)
2.5677999999999996,-5.38,0.0,0.0,0.6,0.0,0.0,0.6,-5.4,0.0 (cmd 0.0),0.0 (cmd 0.0)
2.5683,-5.43,0.0,0.0,0.54,0.0,0.0,0.5,-5.4,0.0 (cmd 0.0),0.0 (cmd 0.0)
2.5688,-5.44,0.0,0.0,0.54,0.0,0.0,0.5,-5.4,0.0 (cmd 0.0),0.0 (cmd 0.0)
2.5693,-5.46,0.0,0.0,0.55,0.0,0.0,0.6,-5.5,0.0 (cmd 0.0),0.0 (cmd 0.0)
2.5698000000000003,-5.44,0.0,0.0,0.55,0.0,0.0,0.6,-5.4,0.0 (cmd 0.0),0.0 (cmd 0.0)
2.5702999999999996,-5.42,0.0,0.0,0.55,0.0,0.0,0.6,-5.4,0.0 (cmd 0.0),0.0 (cmd 0.0)
2.5707999999999998,-5.43,0.0,0.0,0.54,0.0,0.0,0.5,-5.4,0.0 (cmd 0.0),0.0 (cmd 0.0)
2.5713000000000004,-5.44,0.0,0.0,0.48,0.0,0.0,0.5,-5.4,0.0 (cmd 0.0),0.0 (cmd 0.0)
2.5718,-5.38,0.0,0.0,0.2,0.0,0.0,0.2,-5.4,0.0 (cmd 0.0),0.0 (cmd 0.0)
2.5723000000000003,-5.31,0.0,0.0,-0.28,0.0,0.0,-0.3,-5.3,0.0 (cmd 0.0),0.0 (cmd 0.0)
2.5727999999999995,-5.49,0.0,0.0,-0.68,0.0,0.0,-0.7,-5.5,0.0 (cmd 0.0),0.0 (cmd 0.0)
2.5732999999999997,-5.9,0.0,0.0,-1.19,0.0,0.0,-1.2,-5.9,0.0 (cmd 0.0),0.0 (cmd 0.0)
2.5738000000000003,-6.18,0.0,0.0,-1.69,0.0,0.0,-1.7,-6.2,0.0 (cmd 0.0),0.0 (cmd 0.0)
2.5743,-7.59,0.0,0.0,-2.11,0.0,0.0,-2.1,-7.6,0.0 (cmd 0.0),0.0 (cmd 0.0)
2.5748,-8.55,0.0,0.0,-2.39,0.0,0.0,-2.4,-8.6,0.0 (cmd 0.0),0.0 (cmd 0.0)
2.5753,-8.96,0.0,0.0,-2.58,0.0,0.0,-2.6,-9.0,0.0 (cmd 0.0),0.0 (cmd 0.0)
2.5757999999999996,-8.77,0.0,0.0,-2.68,0.0,0.0,-2.7,-8.8,0.0 (cmd 0.0),0.0 (cmd 0.0)
2.5763000000000003,-8.6,0.0,0.0,-2.46,0.0,0.0,-2.5,-8.6,0.0 (cmd 0.0),0.0 (cmd 0.0)
2.5768,-8.53,0.0,0.0,-2.04,0.0,0.0,-2.0,-8.5,0.0 (cmd 0.0),0.0 (cmd 0.0)
2.5773,-8.07,0.0,0.0,-1.39,0.0,0.0,-1.4,-8.1,0.0 (cmd 0.0),0.0 (cmd 0.0)
2.5778,-7.29,0.0,0.0,-1.03,0.0,0.0,-1.0,-7.3,0.0 (cmd 0.0),0.0 (cmd 0.0)
2.5782999999999996,-6.15,0.0,0.0,-0.71,0.0,0.0,-0.7,-6.2,0.0 (cmd 0.0),0.0 (cmd 0.0)
2.5788,-5.49,0.0,0.0,-0.1,0.0,0.0,-0.1,-5.5,0.0 (cmd 0.0),0.0 (cmd 0.0)
2.5793000000000004,-4.75,0.0,0.0,0.31,0.0,0.0,0.3,-4.8,0.0 (cmd 0.0),0.0 (cmd 0.0)
2.5798,-4.2,0.0,0.0,0.51,0.0,0.0,0.5,-4.2,0.0 (cmd 0.0),0.0 (cmd 0.0)
2.5803,-3.75,0.0,0.0,0.81,0.0,0.0,0.8,-3.8,0.0 (cmd 0.0),0.0 (cmd 0.0)
2.5807999999999995,-3.6,0.0,0.0,1.07,0.0,0.0,1.1,-3.6,0.0 (cmd 0.0),0.0 (cmd 0.0)
2.5813,-3.41,0.0,0.0,1.22,0.0,0.0,1.2,-3.4,0.0 (cmd 0.0),0.0 (cmd 0.0)
2.5818000000000003,-3.06,0.0,0.0,1.2,0.0,0.0,1.2,-3.1,0.0 (cmd 0.0),0.0 (cmd 0.0)
2.5823,-2.96,0.0,0.0,1.13,0.0,0.0,1.1,-3.0,0.0 (cmd 0.0),0.0 (cmd 0.0)
2.5827999999999998,-2.65,0.0,0.0,1.33,0.0,0.0,1.3,-2.6,0.0 (cmd 0.0),0.0 (cmd 0.0)
2.5833,-2.55,0.0,0.0,1.61,0.0,0.0,1.6,-2.5,0.0 (cmd 0.0),0.0 (cmd 0.0)
2.5838,-2.11,0.0,0.0,1.87,0.0,0.0,1.9,-2.1,0.0 (cmd 0.0),0.0 (cmd 0.0)
2.5843000000000003,-1.96,0.0,0.0,2.3,0.0,0.0,2.3,-2.0,0.0 (cmd 0.0),0.0 (cmd 0.0)
2.5848,-2.03,0.0,0.0,2.54,0.0,0.0,2.5,-2.0,0.0 (cmd 0.0),0.0 (cmd 0.0)
2.5852999999999997,-2.1,0.0,0.0,2.56,0.0,0.0,2.6,-2.1,0.0 (cmd 0.0),0.0 (cmd 0.0)
2.5858,-2.27,0.0,0.0,2.48,0.0,0.0,2.5,-2.3,0.0 (cmd 0.0),0.0 (cmd 0.0)
2.5863,-2.37,0.0,0.0,2.53,0.0,0.0,2.5,-2.4,0.0 (cmd 0.0),0.0 (cmd 0.0)
2.5868,-2.38,0.0,0.0,2.56,0.0,0.0,2.6,-2.4,0.0 (cmd 0.0),0.0 (cmd 0.0)
2.5873000000000004,-2.17,0.0,0.0,2.76,0.0,0.0,2.8,-2.2,0.0 (cmd 0.0),0.0 (cmd 0.0)
2.5877999999999997,-2.0,0.0,0.0,2.94,0.0,0.0,2.9,-2.0,0.0 (cmd 0.0),0.0 (cmd 0.0)
2.5883,-1.83,0.0,0.0,3.0,0.0,0.0,3.0,-1.8,0.0 (cmd 0.0),0.0 (cmd 0.0)
2.5888,-1.78,0.0,0.0,3.05,0.0,0.0,3.0,-1.8,0.0 (cmd 0.0),0.0 (cmd 0.0)
2.5893,-1.68,0.0,0.0,3.14,0.0,0.0,3.1,-1.7,0.0 (cmd 0.0),0.0 (cmd 0.0)
2.5898000000000003,-1.56,0.0,0.0,3.25,0.0,0.0,3.2,-1.6,0.0 (cmd 0.0),0.0 (cmd 0.0)
2.5902999999999996,-1.51,0.0,0.0,3.36,0.0,0.0,3.4,-1.5,0.0 (cmd 0.0),0.0 (cmd 0.0)
2.5907999999999998,-1.43,0.0,0.0,3.42,0.0,0.0,3.4,-1.4,0.0 (cmd 0.0),0.0 (cmd 0.0)
2.5913000000000004,-1.35,0.0,0.0,3.48,0.0,0.0,3.5,-1.4,0.0 (cmd 0.0),0.0 (cmd 0.0)
2.5918,-1.21,0.0,0.0,3.5,0.0,0.0,3.5,-1.2,0.0 (cmd 0.0),0.0 (cmd 0.0)
2.5923000000000003,-1.07,0.0,0.0,3.55,0.0,0.0,3.5,-1.1,0.0 (cmd 0.0),0.0 (cmd 0.0)
2.5927999999999995,-0.93,0.0,0.0,3.76,0.0,0.0,3.8,-0.9,0.0 (cmd 0.0),0.0 (cmd 0.0)
2.5932999999999997,-0.73,0.0,0.0,3.84,0.0,0.0,3.8,-0.7,0.0 (cmd 0.0),0.0 (cmd 0.0)
2.5938000000000003,-0.59,0.0,0.0,3.82,0.0,0.0,3.8,-0.6,0.0 (cmd 0.0),0.0 (cmd 0.0)
2.5943,-0.48,0.0,0.0,3.82,0.0,0.0,3.8,-0.5,0.0 (cmd 0.0),0.0 (cmd 0.0)
2.5948,-0.33,0.0,0.0,3.94,0.0,0.0,3.9,-0.3,0.0 (cmd 0.0),0.0 (cmd 0.0)
2.5953,-0.24,0.0,0.0,3.95,0.0,0.0,4.0,-0.2,0.0 (cmd 0.0),0.0 (cmd 0.0)
2.5957999999999997,-0.04,0.0,0.0,3.93,0.0,0.0,3.9,-0.0,0.0 (cmd 0.0),0.0 (cmd 0.0)
2.5963000000000003,-0.02,0.0,0.0,3.87,0.0,0.0,3.9,-0.0,0.0 (cmd 0.0),0.0 (cmd 0.0)
2.5968,-0.03,0.0,0.0,3.87,0.0,0.0,3.9,-0.0,0.0 (cmd 0.0),0.0 (cmd 0.0)
2.5973,-0.03,0.0,0.0,3.87,0.0,0.0,3.9,-0.0,0.0 (cmd 0.0),0.0 (cmd 0.0)
2.5978,-0.06,0.0,0.0,3.84,0.0,0.0,3.8,-0.1,0.0 (cmd 0.0),0.0 (cmd 0.0)
2.5982999999999996,-0.05,0.0,0.0,3.77,0.0,0.0,3.8,-0.1,0.0 (cmd 0.0),0.0 (cmd 0.0)
2.5988,-0.07,0.0,0.0,3.8,0.0,0.0,3.8,-0.1,0.0 (cmd 0.0),0.0 (cmd 0.0)
2.5993000000000004,-0.14,0.0,0.0,3.85,0.0,0.0,3.9,-0.1,0.0 (cmd 0.0),0.0 (cmd 0.0)
2.5998,-0.2,0.0,0.0,3.86,0.0,0.0,3.9,-0.2,0.0 (cmd 0.0),0.0 (cmd 0.0)
2.6003,-0.25,0.0,0.0,3.89,0.0,0.0,3.9,-0.2,0.0 (cmd 0.0),0.0 (cmd 0.0)
2.6007999999999996,-0.37,0.0,0.0,3.91,0.0,0.0,3.9,-0.4,0.0 (cmd 0.0),0.0 (cmd 0.0)
2.6013,-0.53,0.0,0.0,3.95,0.0,0.0,4.0,-0.5,0.0 (cmd 0.0),0.0 (cmd 0.0)
2.6018000000000003,-0.59,0.0,0.0,3.94,0.0,0.0,3.9,-0.6,0.0 (cmd 0.0),0.0 (cmd 0.0)
2.6023,-0.66,0.0,0.0,3.9,0.0,0.0,3.9,-0.7,0.0 (cmd 0.0),0.0 (cmd 0.0)
2.6028,-0.75,0.0,0.0,3.87,0.0,0.0,3.9,-0.8,0.0 (cmd 0.0),0.0 (cmd 0.0)
2.6033,-0.82,0.0,0.0,3.78,0.0,0.0,3.8,-0.8,0.0 (cmd 0.0),0.0 (cmd 0.0)
2.6038,-0.85,0.0,0.0,3.77,0.0,0.0,3.8,-0.8,0.0 (cmd 0.0),0.0 (cmd 0.0)
2.6043000000000003,-0.92,0.0,0.0,3.76,0.0,0.0,3.8,-0.9,0.0 (cmd 0.0),0.0 (cmd 0.0)
2.6048,-0.94,0.0,0.0,3.7,0.0,0.0,3.7,-0.9,0.0 (cmd 0.0),0.0 (cmd 0.0)
2.6052999999999997,-0.98,0.0,0.0,3.64,0.0,0.0,3.6,-1.0,0.0 (cmd 0.0),0.0 (cmd 0.0)
2.6058,-1.07,0.0,0.0,3.49,0.0,0.0,3.5,-1.1,0.0 (cmd 0.0),0.0 (cmd 0.0)
2.6063,-1.15,0.0,0.0,3.39,0.0,0.0,3.4,-1.1,0.0 (cmd 0.0),0.0 (cmd 0.0)
2.6068000000000002,-1.27,0.0,0.0,3.27,0.0,0.0,3.3,-1.3,0.0 (cmd 0.0),0.0 (cmd 0.0)
2.6073000000000004,-1.26,0.0,0.0,3.19,0.0,0.0,3.2,-1.3,0.0 (cmd 0.0),0.0 (cmd 0.0)
2.6077999999999997,-1.25,0.0,0.0,3.13,0.0,0.0,3.1,-1.2,0.0 (cmd 0.0),0.0 (cmd 0.0)
2.6083,-1.31,0.0,0.0,3.09,0.0,0.0,3.1,-1.3,0.0 (cmd 0.0),0.0 (cmd 0.0)
2.6088,-1.37,0.0,0.0,2.93,0.0,0.0,2.9,-1.4,0.0 (cmd 0.0),0.0 (cmd 0.0)
2.6093,-1.46,0.0,0.0,2.87,0.0,0.0,2.9,-1.5,0.0 (cmd 0.0),0.0 (cmd 0.0)
2.6098000000000003,-1.53,0.0,0.0,2.73,0.0,0.0,2.7,-1.5,0.0 (cmd 0.0),0.0 (cmd 0.0)
2.6102999999999996,-1.7,0.0,0.0,2.61,0.0,0.0,2.6,-1.7,0.0 (cmd 0.0),0.0 (cmd 0.0)
2.6108,-1.84,0.0,0.0,2.5,0.0,0.0,2.5,-1.8,0.0 (cmd 0.0),0.0 (cmd 0.0)
2.6113000000000004,-2.01,0.0,0.0,2.39,0.0,0.0,2.4,-2.0,0.0 (cmd 0.0),0.0 (cmd 0.0)
2.6118,-2.14,0.0,0.0,2.33,0.0,0.0,2.3,-2.1,0.0 (cmd 0.0),0.0 (cmd 0.0)
2.6123000000000003,-2.4,0.0,0.0,2.08,0.0,0.0,2.1,-2.4,0.0 (cmd 0.0),0.0 (cmd 0.0)
2.6127999999999996,-2.69,0.0,0.0,1.54,0.0,0.0,1.5,-2.7,0.0 (cmd 0.0),0.0 (cmd 0.0)
2.6132999999999997,-3.16,0.0,0.0,1.26,0.0,0.0,1.3,-3.2,0.0 (cmd 0.0),0.0 (cmd 0.0)
2.6138000000000003,-3.45,0.0,0.0,0.88,0.0,0.0,0.9,-3.5,0.0 (cmd 0.0),0.0 (cmd 0.0)
2.6143,-4.27,0.0,0.0,0.56,0.0,0.0,0.6,-4.3,0.0 (cmd 0.0),0.0 (cmd 0.0)
2.6148000000000002,-5.49,0.0,0.0,0.42,0.0,0.0,0.4,-5.5,0.0 (cmd 0.0),0.0 (cmd 0.0)
2.6152999999999995,-6.51,0.0,0.0,0.34,0.0,0.0,0.3,-6.5,0.0 (cmd 0.0),0.0 (cmd 0.0)
2.6157999999999997,-7.7,0.0,0.0,0.42,0.0,0.0,0.4,-7.7,0.0 (cmd 0.0),0.0 (cmd 0.0)
2.6163000000000003,-9.82,0.0,0.0,0.67,0.0,0.0,0.7,-9.8,0.0 (cmd 0.0),0.0 (cmd 0.0)
2.6168,-11.0,0.0,0.0,0.89,0.0,0.0,0.9,-11.0,0.0 (cmd 0.0),0.0 (cmd 0.0)
2.6173,-11.71,0.0,0.0,1.01,0.0,0.0,1.0,-11.7,0.0 (cmd 0.0),0.0 (cmd 0.0)
2.6178,-12.31,0.0,0.0,1.14,0.0,0.0,1.1,-12.3,0.0 (cmd 0.0),0.0 (cmd 0.0)
2.6182999999999996,-13.0,0.0,0.0,1.2,0.0,0.0,1.2,-13.0,0.0 (cmd 0.0),0.0 (cmd 0.0)
2.6188000000000002,-13.29,0.0,0.0,1.45,0.0,0.0,1.4,-13.3,0.0 (cmd 0.0),0.0 (cmd 0.0)
2.6193,-13.18,0.0,0.0,1.58,0.0,0.0,1.6,-13.2,0.0 (cmd 0.0),0.0 (cmd 0.0)
2.6198,-12.61,0.0,0.0,1.63,0.0,0.0,1.6,-12.6,0.0 (cmd 0.0),0.0 (cmd 0.0)
2.6203,-11.54,0.0,0.0,1.34,0.0,0.0,1.3,-11.5,0.0 (cmd 0.0),0.0 (cmd 0.0)
2.6207999999999996,-11.13,0.0,0.0,0.42,0.0,0.0,0.4,-11.1,0.0 (cmd 0.0),0.0 (cmd 0.0)
2.6213,-10.19,0.0,0.0,-1.28,0.0,0.0,-1.3,-10.2,0.0 (cmd 0.0),0.0 (cmd 0.0)
2.6218000000000004,-9.12,0.0,0.0,-4.11,0.0,0.0,-4.1,-9.1,0.0 (cmd 0.0),0.0 (cmd 0.0)
2.6223,-8.6,0.0,0.0,-6.69,0.0,0.0,-6.7,-8.6,0.0 (cmd 0.0),0.0 (cmd 0.0)
2.6228,-8.38,0.0,0.0,-11.19,0.0,0.0,-11.2,-8.4,0.0 (cmd 0.0),0.0 (cmd 0.0)
2.6232999999999995,-7.96,0.0,0.0,-14.55,0.0,0.0,-14.6,-8.0,0.0 (cmd 0.0),0.0 (cmd 0.0)
2.6238,-7.19,0.0,0.0,-16.27,0.0,0.0,-16.3,-7.2,0.0 (cmd 0.0),0.0 (cmd 0.0)
2.6243000000000003,-6.24,0.0,0.0,-17.45,0.0,0.0,-17.4,-6.2,0.0 (cmd 0.0),0.0 (cmd 0.0)
2.6248,-5.34,0.0,0.0,-17.24,0.0,0.0,-17.2,-5.3,0.0 (cmd 0.0),0.0 (cmd 0.0)
2.6252999999999997,-4.35,0.0,0.0,-16.62,0.0,0.0,-16.6,-4.3,0.0 (cmd 0.0),0.0 (cmd 0.0)
2.6258,-3.28,0.0,0.0,-15.95,0.0,0.0,-15.9,-3.3,0.0 (cmd 0.0),0.0 (cmd 0.0)
2.6263,-2.04,0.0,0.0,-15.12,0.0,0.0,-15.1,-2.0,0.0 (cmd 0.0),0.0 (cmd 0.0)
2.6268000000000002,-1.5,0.0,0.0,-15.0,0.0,0.0,-15.0,-1.5,0.0 (cmd 0.0),0.0 (cmd 0.0)
2.6273,-1.21,0.0,0.0,-14.84,0.0,0.0,-14.8,-1.2,0.0 (cmd 0.0),0.0 (cmd 0.0)
2.6277999999999997,-1.06,0.0,0.0,-13.94,0.0,0.0,-13.9,-1.1,0.0 (cmd 0.0),0.0 (cmd 0.0)
2.6283,-0.91,0.0,0.0,-12.82,0.0,0.0,-12.8,-0.9,0.0 (cmd 0.0),0.0 (cmd 0.0)
2.6288,-0.99,0.0,0.0,-12.17,0.0,0.0,-12.2,-1.0,0.0 (cmd 0.0),0.0 (cmd 0.0)
2.6293,-1.03,0.0,0.0,-12.02,0.0,0.0,-12.0,-1.0,0.0 (cmd 0.0),0.0 (cmd 0.0)
2.6298000000000004,-0.99,0.0,0.0,-12.02,0.0,0.0,-12.0,-1.0,0.0 (cmd 0.0),0.0 (cmd 0.0)
2.6302999999999996,-1.0,0.0,0.0,-12.34,0.0,0.0,-12.3,-1.0,0.0 (cmd 0.0),0.0 (cmd 0.0)
2.6308,-0.97,0.0,0.0,-12.52,0.0,0.0,-12.5,-1.0,0.0 (cmd 0.0),0.0 (cmd 0.0)
2.6313,-0.99,0.0,0.0,-12.36,0.0,0.0,-12.4,-1.0,0.0 (cmd 0.0),0.0 (cmd 0.0)
2.6318,-0.94,0.0,0.0,-12.34,0.0,0.0,-12.3,-0.9,0.0 (cmd 0.0),0.0 (cmd 0.0)
2.6323000000000003,-0.87,0.0,0.0,-12.7,0.0,0.0,-12.7,-0.9,0.0 (cmd 0.0),0.0 (cmd 0.0)
2.6327999999999996,-0.88,0.0,0.0,-13.08,0.0,0.0,-13.1,-0.9,0.0 (cmd 0.0),0.0 (cmd 0.0)
2.6332999999999998,-0.87,0.0,0.0,-13.6,0.0,0.0,-13.6,-0.9,0.0 (cmd 0.0),0.0 (cmd 0.0)
2.6338000000000004,-0.82,0.0,0.0,-14.13,0.0,0.0,-14.1,-0.8,0.0 (cmd 0.0),0.0 (cmd 0.0)
2.6343,-0.79,0.0,0.0,-14.85,0.0,0.0,-14.8,-0.8,0.0 (cmd 0.0),0.0 (cmd 0.0)
2.6348000000000003,-0.81,0.0,0.0,-15.31,0.0,0.0,-15.3,-0.8,0.0 (cmd 0.0),0.0 (cmd 0.0)
2.6352999999999995,-0.83,0.0,0.0,-15.8,0.0,0.0,-15.8,-0.8,0.0 (cmd 0.0),0.0 (cmd 0.0)
2.6357999999999997,-0.73,0.0,0.0,-15.88,0.0,0.0,-15.9,-0.7,0.0 (cmd 0.0),0.0 (cmd 0.0)
2.6363000000000003,-0.64,0.0,0.0,-15.78,0.0,0.0,-15.8,-0.6,0.0 (cmd 0.0),0.0 (cmd 0.0)
2.6368,-0.55,0.0,0.0,-15.57,0.0,0.0,-15.6,-0.6,0.0 (cmd 0.0),0.0 (cmd 0.0)
2.6373,-0.56,0.0,0.0,-15.53,0.0,0.0,-15.5,-0.6,0.0 (cmd 0.0),0.0 (cmd 0.0)
2.6378,-0.55,0.0,0.0,-15.53,0.0,0.0,-15.5,-0.6,0.0 (cmd 0.0),0.0 (cmd 0.0)
2.6382999999999996,-0.56,0.0,0.0,-15.56,0.0,0.0,-15.6,-0.6,0.0 (cmd 0.0),0.0 (cmd 0.0)
2.6388000000000003,-0.54,0.0,0.0,-15.54,0.0,0.0,-15.5,-0.5,0.0 (cmd 0.0),0.0 (cmd 0.0)
2.6393,-0.54,0.0,0.0,-15.51,0.0,0.0,-15.5,-0.5,0.0 (cmd 0.0),0.0 (cmd 0.0)
2.6398,-0.52,0.0,0.0,-15.48,0.0,0.0,-15.5,-0.5,0.0 (cmd 0.0),0.0 (cmd 0.0)
2.6403,-0.5,0.0,0.0,-15.38,0.0,0.0,-15.4,-0.5,0.0 (cmd 0.0),0.0 (cmd 0.0)
2.6407999999999996,-0.51,0.0,0.0,-15.33,0.0,0.0,-15.3,-0.5,0.0 (cmd 0.0),0.0 (cmd 0.0)
2.6413,-0.55,0.0,0.0,-15.31,0.0,0.0,-15.3,-0.6,0.0 (cmd 0.0),0.0 (cmd 0.0)
2.6418000000000004,-0.59,0.0,0.0,-15.31,0.0,0.0,-15.3,-0.6,0.0 (cmd 0.0),0.0 (cmd 0.0)
2.6423,-0.66,0.0,0.0,-15.32,0.0,0.0,-15.3,-0.7,0.0 (cmd 0.0),0.0 (cmd 0.0)
2.6428,-0.77,0.0,0.0,-15.37,0.0,0.0,-15.4,-0.8,0.0 (cmd 0.0),0.0 (cmd 0.0)
2.6432999999999995,-0.84,0.0,0.0,-15.44,0.0,0.0,-15.4,-0.8,0.0 (cmd 0.0),0.0 (cmd 0.0)
2.6438,-0.89,0.0,0.0,-15.61,0.0,0.0,-15.6,-0.9,0.0 (cmd 0.0),0.0 (cmd 0.0)
2.6443000000000003,-0.97,0.0,0.0,-15.68,0.0,0.0,-15.7,-1.0,0.0 (cmd 0.0),0.0 (cmd 0.0)
2.6448,-1.09,0.0,0.0,-15.67,0.0,0.0,-15.7,-1.1,0.0 (cmd 0.0),0.0 (cmd 0.0)
2.6452999999999998,-1.11,0.0,0.0,-15.59,0.0,0.0,-15.6,-1.1,0.0 (cmd 0.0),0.0 (cmd 0.0)
2.6458,-1.14,0.0,0.0,-15.55,0.0,0.0,-15.6,-1.1,0.0 (cmd 0.0),0.0 (cmd 0.0)
2.6463,-1.2,0.0,0.0,-15.56,0.0,0.0,-15.6,-1.2,0.0 (cmd 0.0),0.0 (cmd 0.0)
2.6468000000000003,-1.28,0.0,0.0,-15.61,0.0,0.0,-15.6,-1.3,0.0 (cmd 0.0),0.0 (cmd 0.0)
2.6473,-1.34,0.0,0.0,-15.61,0.0,0.0,-15.6,-1.3,0.0 (cmd 0.0),0.0 (cmd 0.0)
2.6477999999999997,-1.4,0.0,0.0,-15.57,0.0,0.0,-15.6,-1.4,0.0 (cmd 0.0),0.0 (cmd 0.0)
2.6483,-1.45,0.0,0.0,-15.56,0.0,0.0,-15.6,-1.4,0.0 (cmd 0.0),0.0 (cmd 0.0)
2.6488,-1.49,0.0,0.0,-15.6,0.0,0.0,-15.6,-1.5,0.0 (cmd 0.0),0.0 (cmd 0.0)
2.6493,-1.52,0.0,0.0,-15.64,0.0,0.0,-15.6,-1.5,0.0 (cmd 0.0),0.0 (cmd 0.0)
2.6498000000000004,-1.59,0.0,0.0,-15.65,0.0,0.0,-15.7,-1.6,0.0 (cmd 0.0),0.0 (cmd 0.0)
2.6502999999999997,-1.61,0.0,0.0,-15.67,0.0,0.0,-15.7,-1.6,0.0 (cmd 0.0),0.0 (cmd 0.0)
2.6508,-1.62,0.0,0.0,-15.68,0.0,0.0,-15.7,-1.6,0.0 (cmd 0.0),0.0 (cmd 0.0)
2.6513,-1.62,0.0,0.0,-15.68,0.0,0.0,-15.7,-1.6,0.0 (cmd 0.0),0.0 (cmd 0.0)
2.6518,-1.6,0.0,0.0,-15.67,0.0,0.0,-15.7,-1.6,0.0 (cmd 0.0),0.0 (cmd 0.0)
2.6523000000000003,-1.6,0.0,0.0,-15.64,0.0,0.0,-15.6,-1.6,0.0 (cmd 0.0),0.0 (cmd 0.0)
2.6527999999999996,-1.6,0.0,0.0,-15.67,0.0,0.0,-15.7,-1.6,0.0 (cmd 0.0),0.0 (cmd 0.0)
2.6532999999999998,-1.61,0.0,0.0,-15.7,0.0,0.0,-15.7,-1.6,0.0 (cmd 0.0),0.0 (cmd 0.0)
2.6538000000000004,-1.62,0.0,0.0,-15.72,0.0,0.0,-15.7,-1.6,0.0 (cmd 0.0),0.0 (cmd 0.0)
2.6543,-1.66,0.0,0.0,-15.74,0.0,0.0,-15.7,-1.7,0.0 (cmd 0.0),0.0 (cmd 0.0)
2.6548000000000003,-1.69,0.0,0.0,-15.79,0.0,0.0,-15.8,-1.7,0.0 (cmd 0.0),0.0 (cmd 0.0)
2.6552999999999995,-1.72,0.0,0.0,-15.83,0.0,0.0,-15.8,-1.7,0.0 (cmd 0.0),0.0 (cmd 0.0)
2.6557999999999997,-1.76,0.0,0.0,-15.85,0.0,0.0,-15.8,-1.8,0.0 (cmd 0.0),0.0 (cmd 0.0)
2.6563000000000003,-1.84,0.0,0.0,-15.9,0.0,0.0,-15.9,-1.8,0.0 (cmd 0.0),0.0 (cmd 0.0)
2.6568,-1.84,0.0,0.0,-15.94,0.0,0.0,-15.9,-1.8,0.0 (cmd 0.0),0.0 (cmd 0.0)
2.6573,-1.89,0.0,0.0,-15.95,0.0,0.0,-15.9,-1.9,0.0 (cmd 0.0),0.0 (cmd 0.0)
2.6578,-1.95,0.0,0.0,-15.98,0.0,0.0,-16.0,-1.9,0.0 (cmd 0.0),0.0 (cmd 0.0)
2.6582999999999997,-1.96,0.0,0.0,-16.08,0.0,0.0,-16.1,-2.0,0.0 (cmd 0.0),0.0 (cmd 0.0)
2.6588000000000003,-2.0,0.0,0.0,-16.48,0.0,0.0,-16.5,-2.0,0.0 (cmd 0.0),0.0 (cmd 0.0)
2.6593,-1.93,0.0,0.0,-17.3,0.0,0.0,-17.3,-1.9,0.0 (cmd 0.0),0.0 (cmd 0.0)
2.6598,-1.58,0.0,0.0,-17.01,0.0,0.0,-17.0,-1.6,0.0 (cmd 0.0),0.0 (cmd 0.0)
2.6603,-1.48,0.0,0.0,-15.92,0.0,0.0,-15.9,-1.5,0.0 (cmd 0.0),0.0 (cmd 0.0)
2.6607999999999996,-1.41,0.0,0.0,-14.63,0.0,0.0,-14.6,-1.4,0.0 (cmd 0.0),0.0 (cmd 0.0)
2.6613,-1.31,0.0,0.0,-11.24,0.0,0.0,-11.2,-1.3,0.0 (cmd 0.0),0.0 (cmd 0.0)
2.6618000000000004,-1.21,0.0,0.0,-7.08,0.0,0.0,-7.1,-1.2,0.0 (cmd 0.0),0.0 (cmd 0.0)
2.6623,-1.06,0.0,0.0,-5.03,0.0,0.0,-5.0,-1.1,0.0 (cmd 0.0),0.0 (cmd 0.0)
2.6628,-1.45,0.0,0.0,-3.0,0.0,0.0,-3.0,-1.4,0.0 (cmd 0.0),0.0 (cmd 0.0)
2.6632999999999996,-1.49,0.0,0.0,-0.83,0.0,0.0,-0.8,-1.5,0.0 (cmd 0.0),0.0 (cmd 0.0)
2.6638,-1.54,0.0,0.0,1.65,0.0,0.0,1.6,-1.5,0.0 (cmd 0.0),0.0 (cmd 0.0)
2.6643000000000003,-1.46,0.0,0.0,2.12,0.0,0.0,2.1,-1.5,0.0 (cmd 0.0),0.0 (cmd 0.0)
2.6648,-1.28,0.0,0.0,1.59,0.0,0.0,1.6,-1.3,0.0 (cmd 0.0),0.0 (cmd 0.0)
2.6653,-1.06,0.0,0.0,1.28,0.0,0.0,1.3,-1.1,0.0 (cmd 0.0),0.0 (cmd 0.0)
2.6658,-1.24,0.0,0.0,1.08,0.0,0.0,1.1,-1.2,0.0 (cmd 0.0),0.0 (cmd 0.0)
2.6663,-1.75,0.0,0.0,1.08,0.0,0.0,1.1,-1.8,0.0 (cmd 0.0),0.0 (cmd 0.0)
2.6668000000000003,-2.34,0.0,0.0,1.18,0.0,0.0,1.2,-2.3,0.0 (cmd 0.0),0.0 (cmd 0.0)
2.6673,-1.99,0.0,0.0,1.27,0.0,0.0,1.3,-2.0,0.0 (cmd 0.0),0.0 (cmd 0.0)
2.6677999999999997,-1.97,0.0,0.0,1.26,0.0,0.0,1.3,-2.0,0.0 (cmd 0.0),0.0 (cmd 0.0)
2.6683,-2.2,0.0,0.0,1.2,0.0,0.0,1.2,-2.2,0.0 (cmd 0.0),0.0 (cmd 0.0)
2.6688,-2.28,0.0,0.0,1.24,0.0,0.0,1.2,-2.3,0.0 (cmd 0.0),0.0 (cmd 0.0)
2.6693000000000002,-2.35,0.0,0.0,1.26,0.0,0.0,1.3,-2.4,0.0 (cmd 0.0),0.0 (cmd 0.0)
2.6698000000000004,-2.34,0.0,0.0,1.27,0.0,0.0,1.3,-2.3,0.0 (cmd 0.0),0.0 (cmd 0.0)
2.6702999999999997,-2.37,0.0,0.0,1.31,0.0,0.0,1.3,-2.4,0.0 (cmd 0.0),0.0 (cmd 0.0)
2.6708,-2.39,0.0,0.0,1.31,0.0,0.0,1.3,-2.4,0.0 (cmd 0.0),0.0 (cmd 0.0)
2.6713,-2.42,0.0,0.0,1.3,0.0,0.0,1.3,-2.4,0.0 (cmd 0.0),0.0 (cmd 0.0)
2.6718,-2.43,0.0,0.0,1.26,0.0,0.0,1.3,-2.4,0.0 (cmd 0.0),0.0 (cmd 0.0)
2.6723000000000003,-2.44,0.0,0.0,1.27,0.0,0.0,1.3,-2.4,0.0 (cmd 0.0),0.0 (cmd 0.0)
2.6727999999999996,-2.4,0.0,0.0,1.33,0.0,0.0,1.3,-2.4,0.0 (cmd 0.0),0.0 (cmd 0.0)
2.6733,-2.38,0.0,0.0,1.35,0.0,0.0,1.4,-2.4,0.0 (cmd 0.0),0.0 (cmd 0.0)
2.6738000000000004,-2.37,0.0,0.0,1.39,0.0,0.0,1.4,-2.4,0.0 (cmd 0.0),0.0 (cmd 0.0)
2.6743,-2.32,0.0,0.0,1.43,0.0,0.0,1.4,-2.3,0.0 (cmd 0.0),0.0 (cmd 0.0)
2.6748000000000003,-2.33,0.0,0.0,1.43,0.0,0.0,1.4,-2.3,0.0 (cmd 0.0),0.0 (cmd 0.0)
2.6752999999999996,-2.3,0.0,0.0,1.49,0.0,0.0,1.5,-2.3,0.0 (cmd 0.0),0.0 (cmd 0.0)
2.6757999999999997,-2.28,0.0,0.0,1.54,0.0,0.0,1.5,-2.3,0.0 (cmd 0.0),0.0 (cmd 0.0)
2.6763000000000003,-2.25,0.0,0.0,1.57,0.0,0.0,1.6,-2.2,0.0 (cmd 0.0),0.0 (cmd 0.0)
2.6768,-2.16,0.0,0.0,1.56,0.0,0.0,1.6,-2.2,0.0 (cmd 0.0),0.0 (cmd 0.0)
2.6773000000000002,-2.24,0.0,0.0,1.43,0.0,0.0,1.4,-2.2,0.0 (cmd 0.0),0.0 (cmd 0.0)
2.6777999999999995,-2.28,0.0,0.0,1.47,0.0,0.0,1.5,-2.3,0.0 (cmd 0.0),0.0 (cmd 0.0)
2.6782999999999997,-2.21,0.0,0.0,1.5,0.0,0.0,1.5,-2.2,0.0 (cmd 0.0),0.0 (cmd 0.0)
2.6788000000000003,-2.18,0.0,0.0,1.5,0.0,0.0,1.5,-2.2,0.0 (cmd 0.0),0.0 (cmd 0.0)
2.6793,-2.2,0.0,0.0,1.54,0.0,0.0,1.5,-2.2,0.0 (cmd 0.0),0.0 (cmd 0.0)
2.6798,-2.2,0.0,0.0,1.55,0.0,0.0,1.6,-2.2,0.0 (cmd 0.0),0.0 (cmd 0.0)
2.6803,-2.19,0.0,0.0,1.52,0.0,0.0,1.5,-2.2,0.0 (cmd 0.0),0.0 (cmd 0.0)
2.6807999999999996,-2.23,0.0,0.0,1.5,0.0,0.0,1.5,-2.2,0.0 (cmd 0.0),0.0 (cmd 0.0)
2.6813000000000002,-2.26,0.0,0.0,1.46,0.0,0.0,1.5,-2.3,0.0 (cmd 0.0),0.0 (cmd 0.0)
2.6818,-2.24,0.0,0.0,1.47,0.0,0.0,1.5,-2.2,0.0 (cmd 0.0),0.0 (cmd 0.0)
2.6823,-2.23,0.0,0.0,1.5,0.0,0.0,1.5,-2.2,0.0 (cmd 0.0),0.0 (cmd 0.0)
2.6828,-2.21,0.0,0.0,1.5,0.0,0.0,1.5,-2.2,0.0 (cmd 0.0),0.0 (cmd 0.0)
2.6832999999999996,-2.23,0.0,0.0,1.54,0.0,0.0,1.5,-2.2,0.0 (cmd 0.0),0.0 (cmd 0.0)
2.6838,-2.24,0.0,0.0,1.54,0.0,0.0,1.5,-2.2,0.0 (cmd 0.0),0.0 (cmd 0.0)
2.6843000000000004,-2.23,0.0,0.0,1.5,0.0,0.0,1.5,-2.2,0.0 (cmd 0.0),0.0 (cmd 0.0)
2.6848,-2.26,0.0,0.0,1.54,0.0,0.0,1.5,-2.3,0.0 (cmd 0.0),0.0 (cmd 0.0)
2.6853,-2.31,0.0,0.0,1.55,0.0,0.0,1.6,-2.3,0.0 (cmd 0.0),0.0 (cmd 0.0)
2.6857999999999995,-2.33,0.0,0.0,1.56,0.0,0.0,1.6,-2.3,0.0 (cmd 0.0),0.0 (cmd 0.0)
2.6863,-2.33,0.0,0.0,1.57,0.0,0.0,1.6,-2.3,0.0 (cmd 0.0),0.0 (cmd 0.0)
2.6868000000000003,-2.31,0.0,0.0,1.58,0.0,0.0,1.6,-2.3,0.0 (cmd 0.0),0.0 (cmd 0.0)
2.6873,-2.27,0.0,0.0,1.6,0.0,0.0,1.6,-2.3,0.0 (cmd 0.0),0.0 (cmd 0.0)
2.6877999999999997,-2.27,0.0,0.0,1.59,0.0,0.0,1.6,-2.3,0.0 (cmd 0.0),0.0 (cmd 0.0)
2.6883,-2.27,0.0,0.0,1.55,0.0,0.0,1.6,-2.3,0.0 (cmd 0.0),0.0 (cmd 0.0)
2.6888,-2.27,0.0,0.0,1.54,0.0,0.0,1.5,-2.3,0.0 (cmd 0.0),0.0 (cmd 0.0)
2.6893000000000002,-2.25,0.0,0.0,1.54,0.0,0.0,1.5,-2.2,0.0 (cmd 0.0),0.0 (cmd 0.0)
2.6898,-2.22,0.0,0.0,1.56,0.0,0.0,1.6,-2.2,0.0 (cmd 0.0),0.0 (cmd 0.0)
2.6902999999999997,-2.21,0.0,0.0,1.58,0.0,0.0,1.6,-2.2,0.0 (cmd 0.0),0.0 (cmd 0.0)
2.6908,-2.17,0.0,0.0,1.6,0.0,0.0,1.6,-2.2,0.0 (cmd 0.0),0.0 (cmd 0.0)
2.6913,-2.17,0.0,0.0,1.6,0.0,0.0,1.6,-2.2,0.0 (cmd 0.0),0.0 (cmd 0.0)
2.6918,-2.16,0.0,0.0,1.62,0.0,0.0,1.6,-2.2,0.0 (cmd 0.0),0.0 (cmd 0.0)
2.6923000000000004,-2.16,0.0,0.0,1.65,0.0,0.0,1.6,-2.2,0.0 (cmd 0.0),0.0 (cmd 0.0)
2.6927999999999996,-2.15,0.0,0.0,1.64,0.0,0.0,1.6,-2.1,0.0 (cmd 0.0),0.0 (cmd 0.0)
2.6933,-2.15,0.0,0.0,1.67,0.0,0.0,1.7,-2.1,0.0 (cmd 0.0),0.0 (cmd 0.0)
2.6938,-2.14,0.0,0.0,1.67,0.0,0.0,1.7,-2.1,0.0 (cmd 0.0),0.0 (cmd 0.0)
2.6943,-2.14,0.0,0.0,1.67,0.0,0.0,1.7,-2.1,0.0 (cmd 0.0),0.0 (cmd 0.0)
2.6948000000000003,-2.15,0.0,0.0,1.72,0.0,0.0,1.7,-2.1,0.0 (cmd 0.0),0.0 (cmd 0.0)
2.6952999999999996,-2.12,0.0,0.0,1.72,0.0,0.0,1.7,-2.1,0.0 (cmd 0.0),0.0 (cmd 0.0)
2.6957999999999998,-2.12,0.0,0.0,1.73,0.0,0.0,1.7,-2.1,0.0 (cmd 0.0),0.0 (cmd 0.0)
2.6963000000000004,-2.15,0.0,0.0,1.73,0.0,0.0,1.7,-2.1,0.0 (cmd 0.0),0.0 (cmd 0.0)
2.6968,-2.14,0.0,0.0,1.75,0.0,0.0,1.8,-2.1,0.0 (cmd 0.0),0.0 (cmd 0.0)
2.6973000000000003,-2.14,0.0,0.0,1.76,0.0,0.0,1.8,-2.1,0.0 (cmd 0.0),0.0 (cmd 0.0)
2.6977999999999995,-2.14,0.0,0.0,1.78,0.0,0.0,1.8,-2.1,0.0 (cmd 0.0),0.0 (cmd 0.0)
2.6982999999999997,-2.12,0.0,0.0,1.8,0.0,0.0,1.8,-2.1,0.0 (cmd 0.0),0.0 (cmd 0.0)
2.6988000000000003,-2.13,0.0,0.0,1.82,0.0,0.0,1.8,-2.1,0.0 (cmd 0.0),0.0 (cmd 0.0)
2.6993,-2.12,0.0,0.0,1.83,0.0,0.0,1.8,-2.1,0.0 (cmd 0.0),0.0 (cmd 0.0)
2.6998,-2.12,0.0,0.0,1.9,0.0,0.0,1.9,-2.1,0.0 (cmd 0.0),0.0 (cmd 0.0)
2.7003,-2.12,0.0,0.0,1.95,0.0,0.0,1.9,-2.1,0.0 (cmd 0.0),0.0 (cmd 0.0)
2.7007999999999996,-2.1,0.0,0.0,1.97,0.0,0.0,2.0,-2.1,0.0 (cmd 0.0),0.0 (cmd 0.0)
2.7013000000000003,-2.11,0.0,0.0,1.97,0.0,0.0,2.0,-2.1,0.0 (cmd 0.0),0.0 (cmd 0.0)
2.7018,-2.13,0.0,0.0,1.99,0.0,0.0,2.0,-2.1,0.0 (cmd 0.0),0.0 (cmd 0.0)
2.7023,-2.12,0.0,0.0,1.98,0.0,0.0,2.0,-2.1,0.0 (cmd 0.0),0.0 (cmd 0.0)
2.7028,-2.09,0.0,0.0,2.02,0.0,0.0,2.0,-2.1,0.0 (cmd 0.0),0.0 (cmd 0.0)
2.7032999999999996,-2.1,0.0,0.0,2.06,0.0,0.0,2.1,-2.1,0.0 (cmd 0.0),0.0 (cmd 0.0)
2.7038,-2.07,0.0,0.0,2.09,0.0,0.0,2.1,-2.1,0.0 (cmd 0.0),0.0 (cmd 0.0)
2.7043000000000004,-2.07,0.0,0.0,2.17,0.0,0.0,2.2,-2.1,0.0 (cmd 0.0),0.0 (cmd 0.0)
2.7048,-2.06,0.0,0.0,2.15,0.0,0.0,2.1,-2.1,0.0 (cmd 0.0),0.0 (cmd 0.0)
2.7053,-2.05,0.0,0.0,2.17,0.0,0.0,2.2,-2.0,0.0 (cmd 0.0),0.0 (cmd 0.0)
2.7057999999999995,-2.07,0.0,0.0,2.21,0.0,0.0,2.2,-2.1,0.0 (cmd 0.0),0.0 (cmd 0.0)
2.7063,-2.09,0.0,0.0,2.19,0.0,0.0,2.2,-2.1,0.0 (cmd 0.0),0.0 (cmd 0.0)
2.7068000000000003,-2.1,0.0,0.0,2.19,0.0,0.0,2.2,-2.1,0.0 (cmd 0.0),0.0 (cmd 0.0)
2.7073,-2.12,0.0,0.0,2.19,0.0,0.0,2.2,-2.1,0.0 (cmd 0.0),0.0 (cmd 0.0)
2.7077999999999998,-2.11,0.0,0.0,2.19,0.0,0.0,2.2,-2.1,0.0 (cmd 0.0),0.0 (cmd 0.0)
2.7083,-2.12,0.0,0.0,2.21,0.0,0.0,2.2,-2.1,0.0 (cmd 0.0),0.0 (cmd 0.0)
2.7088,-2.12,0.0,0.0,2.19,0.0,0.0,2.2,-2.1,0.0 (cmd 0.0),0.0 (cmd 0.0)
2.7093000000000003,-2.13,0.0,0.0,2.2,0.0,0.0,2.2,-2.1,0.0 (cmd 0.0),0.0 (cmd 0.0)
2.7098,-2.14,0.0,0.0,2.2,0.0,0.0,2.2,-2.1,0.0 (cmd 0.0),0.0 (cmd 0.0)
2.7102999999999997,-2.15,0.0,0.0,2.19,0.0,0.0,2.2,-2.1,0.0 (cmd 0.0),0.0 (cmd 0.0)
2.7108,-2.18,0.0,0.0,2.16,0.0,0.0,2.2,-2.2,0.0 (cmd 0.0),0.0 (cmd 0.0)
2.7113,-2.17,0.0,0.0,2.17,0.0,0.0,2.2,-2.2,0.0 (cmd 0.0),0.0 (cmd 0.0)
2.7118,-2.17,0.0,0.0,2.16,0.0,0.0,2.2,-2.2,0.0 (cmd 0.0),0.0 (cmd 0.0)
2.7123000000000004,-2.17,0.0,0.0,2.14,0.0,0.0,2.1,-2.2,0.0 (cmd 0.0),0.0 (cmd 0.0)
2.7127999999999997,-2.21,0.0,0.0,2.14,0.0,0.0,2.1,-2.2,0.0 (cmd 0.0),0.0 (cmd 0.0)
2.7133,-2.21,0.0,0.0,2.12,0.0,0.0,2.1,-2.2,0.0 (cmd 0.0),0.0 (cmd 0.0)
2.7138,-2.22,0.0,0.0,2.13,0.0,0.0,2.1,-2.2,0.0 (cmd 0.0),0.0 (cmd 0.0)
2.7143,-2.23,0.0,0.0,2.12,0.0,0.0,2.1,-2.2,0.0 (cmd 0.0),0.0 (cmd 0.0)
2.7148000000000003,-2.24,0.0,0.0,2.09,0.0,0.0,2.1,-2.2,0.0 (cmd 0.0),0.0 (cmd 0.0)
2.7152999999999996,-2.25,0.0,0.0,2.1,0.0,0.0,2.1,-2.2,0.0 (cmd 0.0),0.0 (cmd 0.0)
2.7157999999999998,-2.26,0.0,0.0,2.1,0.0,0.0,2.1,-2.3,0.0 (cmd 0.0),0.0 (cmd 0.0)
2.7163000000000004,-2.27,0.0,0.0,2.1,0.0,0.0,2.1,-2.3,0.0 (cmd 0.0),0.0 (cmd 0.0)
2.7168,-2.29,0.0,0.0,2.1,0.0,0.0,2.1,-2.3,0.0 (cmd 0.0),0.0 (cmd 0.0)
2.7173000000000003,-2.28,0.0,0.0,2.11,0.0,0.0,2.1,-2.3,0.0 (cmd 0.0),0.0 (cmd 0.0)
2.7177999999999995,-2.3,0.0,0.0,2.09,0.0,0.0,2.1,-2.3,0.0 (cmd 0.0),0.0 (cmd 0.0)
2.7182999999999997,-2.33,0.0,0.0,2.05,0.0,0.0,2.0,-2.3,0.0 (cmd 0.0),0.0 (cmd 0.0)
2.7188000000000003,-2.33,0.0,0.0,2.05,0.0,0.0,2.0,-2.3,0.0 (cmd 0.0),0.0 (cmd 0.0)
2.7193,-2.37,0.0,0.0,2.06,0.0,0.0,2.1,-2.4,0.0 (cmd 0.0),0.0 (cmd 0.0)
2.7198,-2.38,0.0,0.0,2.05,0.0,0.0,2.0,-2.4,0.0 (cmd 0.0),0.0 (cmd 0.0)
2.7203,-2.38,0.0,0.0,2.05,0.0,0.0,2.0,-2.4,0.0 (cmd 0.0),0.0 (cmd 0.0)
2.7207999999999997,-2.35,0.0,0.0,2.09,0.0,0.0,2.1,-2.4,0.0 (cmd 0.0),0.0 (cmd 0.0)
2.7213000000000003,-2.33,0.0,0.0,2.13,0.0,0.0,2.1,-2.3,0.0 (cmd 0.0),0.0 (cmd 0.0)
2.7218,-2.32,0.0,0.0,2.14,0.0,0.0,2.1,-2.3,0.0 (cmd 0.0),0.0 (cmd 0.0)
2.7223,-2.32,0.0,0.0,2.13,0.0,0.0,2.1,-2.3,0.0 (cmd 0.0),0.0 (cmd 0.0)
2.7228,-2.33,0.0,0.0,2.14,0.0,0.0,2.1,-2.3,0.0 (cmd 0.0),0.0 (cmd 0.0)
2.7232999999999996,-2.34,0.0,0.0,2.13,0.0,0.0,2.1,-2.3,0.0 (cmd 0.0),0.0 (cmd 0.0)
2.7238,-2.33,0.0,0.0,2.14,0.0,0.0,2.1,-2.3,0.0 (cmd 0.0),0.0 (cmd 0.0)
2.7243000000000004,-2.33,0.0,0.0,2.16,0.0,0.0,2.2,-2.3,0.0 (cmd 0.0),0.0 (cmd 0.0)
2.7248,-2.34,0.0,0.0,2.17,0.0,0.0,2.2,-2.3,0.0 (cmd 0.0),0.0 (cmd 0.0)
2.7253,-2.36,0.0,0.0,2.22,0.0,0.0,2.2,-2.4,0.0 (cmd 0.0),0.0 (cmd 0.0)
2.7257999999999996,-2.37,0.0,0.0,2.22,0.0,0.0,2.2,-2.4,0.0 (cmd 0.0),0.0 (cmd 0.0)
2.7263,-2.37,0.0,0.0,2.21,0.0,0.0,2.2,-2.4,0.0 (cmd 0.0),0.0 (cmd 0.0)
2.7268000000000003,-2.36,0.0,0.0,2.24,0.0,0.0,2.2,-2.4,0.0 (cmd 0.0),0.0 (cmd 0.0)
2.7273,-2.36,0.0,0.0,2.22,0.0,0.0,2.2,-2.4,0.0 (cmd 0.0),0.0 (cmd 0.0)
2.7278,-2.37,0.0,0.0,2.24,0.0,0.0,2.2,-2.4,0.0 (cmd 0.0),0.0 (cmd 0.0)
2.7283,-2.36,0.0,0.0,2.24,0.0,0.0,2.2,-2.4,0.0 (cmd 0.0),0.0 (cmd 0.0)
2.7288,-2.42,0.0,0.0,2.2,0.0,0.0,2.2,-2.4,0.0 (cmd 0.0),0.0 (cmd 0.0)
2.7293000000000003,-2.48,0.0,0.0,2.24,0.0,0.0,2.2,-2.5,0.0 (cmd 0.0),0.0 (cmd 0.0)
2.7298,-2.5,0.0,0.0,2.22,0.0,0.0,2.2,-2.5,0.0 (cmd 0.0),0.0 (cmd 0.0)
2.7302999999999997,-2.46,0.0,0.0,2.2,0.0,0.0,2.2,-2.5,0.0 (cmd 0.0),0.0 (cmd 0.0)
2.7308,-2.46,0.0,0.0,2.25,0.0,0.0,2.2,-2.5,0.0 (cmd 0.0),0.0 (cmd 0.0)
2.7313,-2.48,0.0,0.0,2.25,0.0,0.0,2.2,-2.5,0.0 (cmd 0.0),0.0 (cmd 0.0)
2.7318000000000002,-2.51,0.0,0.0,2.24,0.0,0.0,2.2,-2.5,0.0 (cmd 0.0),0.0 (cmd 0.0)
2.7323000000000004,-2.55,0.0,0.0,2.2,0.0,0.0,2.2,-2.5,0.0 (cmd 0.0),0.0 (cmd 0.0)
2.7327999999999997,-2.56,0.0,0.0,2.16,0.0,0.0,2.2,-2.6,0.0 (cmd 0.0),0.0 (cmd 0.0)
2.7333,-2.54,0.0,0.0,2.15,0.0,0.0,2.1,-2.5,0.0 (cmd 0.0),0.0 (cmd 0.0)
2.7338,-2.42,0.0,0.0,2.16,0.0,0.0,2.2,-2.4,0.0 (cmd 0.0),0.0 (cmd 0.0)
2.7343,-2.43,0.0,0.0,2.13,0.0,0.0,2.1,-2.4,0.0 (cmd 0.0),0.0 (cmd 0.0)
2.7348000000000003,-2.44,0.0,0.0,2.05,0.0,0.0,2.0,-2.4,0.0 (cmd 0.0),0.0 (cmd 0.0)
2.7352999999999996,-2.95,0.0,0.0,1.89,0.0,0.0,1.9,-3.0,0.0 (cmd 0.0),0.0 (cmd 0.0)
2.7358,-3.94,0.0,0.0,1.7,0.0,0.0,1.7,-3.9,0.0 (cmd 0.0),0.0 (cmd 0.0)
2.7363000000000004,-5.65,0.0,0.0,1.61,0.0,0.0,1.6,-5.7,0.0 (cmd 0.0),0.0 (cmd 0.0)
2.7368,-7.56,0.0,0.0,1.61,0.0,0.0,1.6,-7.6,0.0 (cmd 0.0),0.0 (cmd 0.0)
2.7373000000000003,-9.27,0.0,0.0,1.73,0.0,0.0,1.7,-9.3,0.0 (cmd 0.0),0.0 (cmd 0.0)
2.7377999999999996,-11.59,0.0,0.0,1.84,0.0,0.0,1.8,-11.6,0.0 (cmd 0.0),0.0 (cmd 0.0)
2.7382999999999997,-12.38,0.0,0.0,1.91,0.0,0.0,1.9,-12.4,0.0 (cmd 0.0),0.0 (cmd 0.0)
2.7388000000000003,-12.48,0.0,0.0,1.92,0.0,0.0,1.9,-12.5,0.0 (cmd 0.0),0.0 (cmd 0.0)
2.7393,-11.93,0.0,0.0,2.02,0.0,0.0,2.0,-11.9,0.0 (cmd 0.0),0.0 (cmd 0.0)
2.7398000000000002,-12.14,0.0,0.0,2.0,0.0,0.0,2.0,-12.1,0.0 (cmd 0.0),0.0 (cmd 0.0)
2.7402999999999995,-12.34,0.0,0.0,1.86,0.0,0.0,1.9,-12.3,0.0 (cmd 0.0),0.0 (cmd 0.0)
2.7407999999999997,-12.35,0.0,0.0,1.78,0.0,0.0,1.8,-12.3,0.0 (cmd 0.0),0.0 (cmd 0.0)
2.7413000000000003,-12.42,0.0,0.0,1.82,0.0,0.0,1.8,-12.4,0.0 (cmd 0.0),0.0 (cmd 0.0)
2.7418,-12.4,0.0,0.0,1.9,0.0,0.0,1.9,-12.4,0.0 (cmd 0.0),0.0 (cmd 0.0)
2.7423,-12.24,0.0,0.0,1.95,0.0,0.0,1.9,-12.2,0.0 (cmd 0.0),0.0 (cmd 0.0)
2.7428,-12.23,0.0,0.0,1.94,0.0,0.0,1.9,-12.2,0.0 (cmd 0.0),0.0 (cmd 0.0)
2.7432999999999996,-12.12,0.0,0.0,1.93,0.0,0.0,1.9,-12.1,0.0 (cmd 0.0),0.0 (cmd 0.0)
2.7438000000000002,-12.13,0.0,0.0,1.93,0.0,0.0,1.9,-12.1,0.0 (cmd 0.0),0.0 (cmd 0.0)
2.7443,-12.14,0.0,0.0,1.87,0.0,0.0,1.9,-12.1,0.0 (cmd 0.0),0.0 (cmd 0.0)
2.7448,-12.18,0.0,0.0,1.83,0.0,0.0,1.8,-12.2,0.0 (cmd 0.0),0.0 (cmd 0.0)
2.7453,-12.22,0.0,0.0,1.81,0.0,0.0,1.8,-12.2,0.0 (cmd 0.0),0.0 (cmd 0.0)
2.7457999999999996,-12.24,0.0,0.0,1.8,0.0,0.0,1.8,-12.2,0.0 (cmd 0.0),0.0 (cmd 0.0)
2.7463,-12.3,0.0,0.0,1.8,0.0,0.0,1.8,-12.3,0.0 (cmd 0.0),0.0 (cmd 0.0)
2.7468000000000004,-12.38,0.0,0.0,1.77,0.0,0.0,1.8,-12.4,0.0 (cmd 0.0),0.0 (cmd 0.0)
2.7473,-12.37,0.0,0.0,1.74,0.0,0.0,1.7,-12.4,0.0 (cmd 0.0),0.0 (cmd 0.0)
2.7478,-12.36,0.0,0.0,1.74,0.0,0.0,1.7,-12.4,0.0 (cmd 0.0),0.0 (cmd 0.0)
2.7482999999999995,-12.34,0.0,0.0,1.7,0.0,0.0,1.7,-12.3,0.0 (cmd 0.0),0.0 (cmd 0.0)
2.7488,-12.23,0.0,0.0,1.68,0.0,0.0,1.7,-12.2,0.0 (cmd 0.0),0.0 (cmd 0.0)
2.7493000000000003,-12.11,0.0,0.0,1.63,0.0,0.0,1.6,-12.1,0.0 (cmd 0.0),0.0 (cmd 0.0)
2.7498,-12.19,0.0,0.0,1.39,0.0,0.0,1.4,-12.2,0.0 (cmd 0.0),0.0 (cmd 0.0)
2.7502999999999997,-13.35,0.0,0.0,0.99,0.0,0.0,1.0,-13.3,0.0 (cmd 0.0),0.0 (cmd 0.0)
2.7508,-17.84,0.0,0.0,0.0,0.0,0.0,0.0,-17.8,0.0 (cmd 0.0),0.0 (cmd 0.0)
2.7513,-22.36,0.0,0.0,-1.13,0.0,0.0,-1.1,-22.4,0.0 (cmd 0.0),0.0 (cmd 0.0)
2.7518000000000002,-28.82,0.0,0.0,-2.18,0.0,0.0,-2.2,-28.8,0.0 (cmd 0.0),0.0 (cmd 0.0)
2.7523,-35.9,0.0,0.0,-2.48,0.0,0.0,-2.5,-35.9,0.0 (cmd 0.0),0.0 (cmd 0.0)
2.7527999999999997,-41.05,0.0,0.0,-2.14,0.0,0.0,-2.1,-41.0,0.0 (cmd 0.0),0.0 (cmd 0.0)
2.7533,-45.49,0.0,0.0,-1.33,0.0,0.0,-1.3,-45.5,0.0 (cmd 0.0),0.0 (cmd 0.0)
2.7538,-48.62,0.0,0.0,-1.12,0.0,0.0,-1.1,-48.6,0.0 (cmd 0.0),0.0 (cmd 0.0)
2.7543,-50.1,0.0,0.0,-1.44,0.0,0.0,-1.4,-50.1,0.0 (cmd 0.0),0.0 (cmd 0.0)
2.7548000000000004,-49.92,0.0,0.0,-1.75,0.0,0.0,-1.8,-49.9,0.0 (cmd 0.0),0.0 (cmd 0.0)
2.7552999999999996,-47.67,0.0,0.0,-1.95,0.0,0.0,-1.9,-47.7,0.0 (cmd 0.0),0.0 (cmd 0.0)
2.7558,-43.06,0.0,0.0,-1.67,0.0,0.0,-1.7,-43.1,0.0 (cmd 0.0),0.0 (cmd 0.0)
2.7563,-38.55,0.0,0.0,-1.36,0.0,0.0,-1.4,-38.5,0.0 (cmd 0.0),0.0 (cmd 0.0)
2.7568,-29.75,0.0,0.0,-0.91,0.0,0.0,-0.9,-29.8,0.0 (cmd 0.0),0.0 (cmd 0.0)
2.7573000000000003,-21.34,0.0,0.0,-0.47,0.0,0.0,-0.5,-21.3,0.0 (cmd 0.0),0.0 (cmd 0.0)
2.7577999999999996,-12.67,0.0,0.0,0.18,0.0,0.0,0.2,-12.7,0.0 (cmd 0.0),0.0 (cmd 0.0)
2.7582999999999998,-5.94,0.0,0.0,0.99,0.0,0.0,1.0,-5.9,0.0 (cmd 0.0),0.0 (cmd 0.0)
2.7588000000000004,-4.67,0.0,0.0,1.4,0.0,0.0,1.4,-4.7,0.0 (cmd 0.0),0.0 (cmd 0.0)
2.7593,-4.41,0.0,0.0,2.05,0.0,0.0,2.0,-4.4,0.0 (cmd 0.0),0.0 (cmd 0.0)
2.7598000000000003,-6.65,0.0,0.0,2.18,0.0,0.0,2.2,-6.7,0.0 (cmd 0.0),0.0 (cmd 0.0)
2.7602999999999995,-7.66,0.0,0.0,1.76,0.0,0.0,1.8,-7.7,0.0 (cmd 0.0),0.0 (cmd 0.0)
2.7607999999999997,-8.83,0.0,0.0,1.32,0.0,0.0,1.3,-8.8,0.0 (cmd 0.0),0.0 (cmd 0.0)
2.7613000000000003,-9.03,0.0,0.0,1.38,0.0,0.0,1.4,-9.0,0.0 (cmd 0.0),0.0 (cmd 0.0)
2.7618,-8.96,0.0,0.0,1.55,0.0,0.0,1.6,-9.0,0.0 (cmd 0.0),0.0 (cmd 0.0)
2.7623,-9.14,0.0,0.0,1.66,0.0,0.0,1.7,-9.1,0.0 (cmd 0.0),0.0 (cmd 0.0)
2.7628,-9.27,0.0,0.0,1.61,0.0,0.0,1.6,-9.3,0.0 (cmd 0.0),0.0 (cmd 0.0)
2.7632999999999996,-9.2,0.0,0.0,1.49,0.0,0.0,1.5,-9.2,0.0 (cmd 0.0),0.0 (cmd 0.0)
2.7638000000000003,-9.04,0.0,0.0,1.48,0.0,0.0,1.5,-9.0,0.0 (cmd 0.0),0.0 (cmd 0.0)
2.7643,-9.01,0.0,0.0,1.49,0.0,0.0,1.5,-9.0,0.0 (cmd 0.0),0.0 (cmd 0.0)
2.7648,-9.29,0.0,0.0,1.55,0.0,0.0,1.6,-9.3,0.0 (cmd 0.0),0.0 (cmd 0.0)
2.7653,-9.55,0.0,0.0,1.66,0.0,0.0,1.7,-9.6,0.0 (cmd 0.0),0.0 (cmd 0.0)
2.7657999999999996,-10.15,0.0,0.0,1.81,0.0,0.0,1.8,-10.2,0.0 (cmd 0.0),0.0 (cmd 0.0)
2.7663,-10.24,0.0,0.0,1.87,0.0,0.0,1.9,-10.2,0.0 (cmd 0.0),0.0 (cmd 0.0)
2.7668000000000004,-10.31,0.0,0.0,1.88,0.0,0.0,1.9,-10.3,0.0 (cmd 0.0),0.0 (cmd 0.0)
2.7673,-10.44,0.0,0.0,1.82,0.0,0.0,1.8,-10.4,0.0 (cmd 0.0),0.0 (cmd 0.0)
2.7678,-10.67,0.0,0.0,1.77,0.0,0.0,1.8,-10.7,0.0 (cmd 0.0),0.0 (cmd 0.0)
2.7682999999999995,-10.7,0.0,0.0,1.65,0.0,0.0,1.6,-10.7,0.0 (cmd 0.0),0.0 (cmd 0.0)
2.7688,-10.87,0.0,0.0,1.51,0.0,0.0,1.5,-10.9,0.0 (cmd 0.0),0.0 (cmd 0.0)
2.7693000000000003,-10.86,0.0,0.0,1.42,0.0,0.0,1.4,-10.9,0.0 (cmd 0.0),0.0 (cmd 0.0)
2.7698,-10.91,0.0,0.0,1.37,0.0,0.0,1.4,-10.9,0.0 (cmd 0.0),0.0 (cmd 0.0)
2.7702999999999998,-10.89,0.0,0.0,1.33,0.0,0.0,1.3,-10.9,0.0 (cmd 0.0),0.0 (cmd 0.0)
2.7708,-10.78,0.0,0.0,1.31,0.0,0.0,1.3,-10.8,0.0 (cmd 0.0),0.0 (cmd 0.0)
2.7713,-10.63,0.0,0.0,1.33,0.0,0.0,1.3,-10.6,0.0 (cmd 0.0),0.0 (cmd 0.0)
2.7718000000000003,-10.57,0.0,0.0,1.3,0.0,0.0,1.3,-10.6,0.0 (cmd 0.0),0.0 (cmd 0.0)
2.7723,-10.55,0.0,0.0,1.26,0.0,0.0,1.3,-10.6,0.0 (cmd 0.0),0.0 (cmd 0.0)
2.7727999999999997,-10.52,0.0,0.0,1.21,0.0,0.0,1.2,-10.5,0.0 (cmd 0.0),0.0 (cmd 0.0)
2.7733,-10.5,0.0,0.0,1.07,0.0,0.0,1.1,-10.5,0.0 (cmd 0.0),0.0 (cmd 0.0)
2.7738,-10.46,0.0,0.0,0.98,0.0,0.0,1.0,-10.5,0.0 (cmd 0.0),0.0 (cmd 0.0)
2.7743,-10.58,0.0,0.0,0.87,0.0,0.0,0.9,-10.6,0.0 (cmd 0.0),0.0 (cmd 0.0)
2.7748000000000004,-10.73,0.0,0.0,0.83,0.0,0.0,0.8,-10.7,0.0 (cmd 0.0),0.0 (cmd 0.0)
2.7752999999999997,-10.8,0.0,0.0,0.83,0.0,0.0,0.8,-10.8,0.0 (cmd 0.0),0.0 (cmd 0.0)
2.7758,-10.74,0.0,0.0,0.8,0.0,0.0,0.8,-10.7,0.0 (cmd 0.0),0.0 (cmd 0.0)
2.7763,-10.71,0.0,0.0,0.72,0.0,0.0,0.7,-10.7,0.0 (cmd 0.0),0.0 (cmd 0.0)
2.7768,-10.7,0.0,0.0,0.66,0.0,0.0,0.7,-10.7,0.0 (cmd 0.0),0.0 (cmd 0.0)
2.7773000000000003,-10.73,0.0,0.0,0.62,0.0,0.0,0.6,-10.7,0.0 (cmd 0.0),0.0 (cmd 0.0)
2.7777999999999996,-10.69,0.0,0.0,0.54,0.0,0.0,0.5,-10.7,0.0 (cmd 0.0),0.0 (cmd 0.0)
2.7782999999999998,-10.67,0.0,0.0,0.51,0.0,0.0,0.5,-10.7,0.0 (cmd 0.0),0.0 (cmd 0.0)
2.7788000000000004,-10.74,0.0,0.0,0.44,0.0,0.0,0.4,-10.7,0.0 (cmd 0.0),0.0 (cmd 0.0)
2.7793,-10.67,0.0,0.0,0.39,0.0,0.0,0.4,-10.7,0.0 (cmd 0.0),0.0 (cmd 0.0)
2.7798000000000003,-10.68,0.0,0.0,0.32,0.0,0.0,0.3,-10.7,0.0 (cmd 0.0),0.0 (cmd 0.0)
2.7802999999999995,-10.75,0.0,0.0,0.24,0.0,0.0,0.2,-10.8,0.0 (cmd 0.0),0.0 (cmd 0.0)
2.7807999999999997,-10.72,0.0,0.0,0.11,0.0,0.0,0.1,-10.7,0.0 (cmd 0.0),0.0 (cmd 0.0)
2.7813000000000003,-10.68,0.0,0.0,-0.15,0.0,0.0,-0.1,-10.7,0.0 (cmd 0.0),0.0 (cmd 0.0)
2.7818,-10.53,0.0,0.0,-0.35,0.0,0.0,-0.3,-10.5,0.0 (cmd 0.0),0.0 (cmd 0.0)
2.7823,-10.54,0.0,0.0,-0.63,0.0,0.0,-0.6,-10.5,0.0 (cmd 0.0),0.0 (cmd 0.0)
2.7828,-10.66,0.0,0.0,-0.78,0.0,0.0,-0.8,-10.7,0.0 (cmd 0.0),0.0 (cmd 0.0)
2.7832999999999997,-10.67,0.0,0.0,-0.85,0.0,0.0,-0.8,-10.7,0.0 (cmd 0.0),0.0 (cmd 0.0)
2.7838000000000003,-10.67,0.0,0.0,-0.88,0.0,0.0,-0.9,-10.7,0.0 (cmd 0.0),0.0 (cmd 0.0)
2.7843,-10.71,0.0,0.0,-0.86,0.0,0.0,-0.9,-10.7,0.0 (cmd 0.0),0.0 (cmd 0.0)
2.7848,-10.81,0.0,0.0,-0.86,0.0,0.0,-0.9,-10.8,0.0 (cmd 0.0),0.0 (cmd 0.0)
2.7853,-10.84,0.0,0.0,-0.83,0.0,0.0,-0.8,-10.8,0.0 (cmd 0.0),0.0 (cmd 0.0)
2.7857999999999996,-10.96,0.0,0.0,-0.75,0.0,0.0,-0.8,-11.0,0.0 (cmd 0.0),0.0 (cmd 0.0)
2.7863,-11.06,0.0,0.0,-0.72,0.0,0.0,-0.7,-11.1,0.0 (cmd 0.0),0.0 (cmd 0.0)
2.7868000000000004,-11.04,0.0,0.0,-0.63,0.0,0.0,-0.6,-11.0,0.0 (cmd 0.0),0.0 (cmd 0.0)
2.7873,-10.97,0.0,0.0,-0.57,0.0,0.0,-0.6,-11.0,0.0 (cmd 0.0),0.0 (cmd 0.0)
2.7878,-10.99,0.0,0.0,-0.46,0.0,0.0,-0.5,-11.0,0.0 (cmd 0.0),0.0 (cmd 0.0)
2.7882999999999996,-11.0,0.0,0.0,-0.37,0.0,0.0,-0.4,-11.0,0.0 (cmd 0.0),0.0 (cmd 0.0)
2.7888,-10.8,0.0,0.0,-0.28,0.0,0.0,-0.3,-10.8,0.0 (cmd 0.0),0.0 (cmd 0.0)
2.7893000000000003,-10.54,0.0,0.0,-0.16,0.0,0.0,-0.2,-10.5,0.0 (cmd 0.0),0.0 (cmd 0.0)
2.7898,-10.47,0.0,0.0,-0.03,0.0,0.0,-0.0,-10.5,0.0 (cmd 0.0),0.0 (cmd 0.0)
2.7903,-10.27,0.0,0.0,0.03,0.0,0.0,0.0,-10.3,0.0 (cmd 0.0),0.0 (cmd 0.0)
2.7908,-10.12,0.0,0.0,0.04,0.0,0.0,0.0,-10.1,0.0 (cmd 0.0),0.0 (cmd 0.0)
2.7913,-9.86,0.0,0.0,0.06,0.0,0.0,0.1,-9.9,0.0 (cmd 0.0),0.0 (cmd 0.0)
2.7918000000000003,-9.78,0.0,0.0,0.05,0.0,0.0,0.1,-9.8,0.0 (cmd 0.0),0.0 (cmd 0.0)
2.7923,-9.68,0.0,0.0,0.06,0.0,0.0,0.1,-9.7,0.0 (cmd 0.0),0.0 (cmd 0.0)
2.7927999999999997,-9.55,0.0,0.0,0.11,0.0,0.0,0.1,-9.6,0.0 (cmd 0.0),0.0 (cmd 0.0)
2.7933,-9.27,0.0,0.0,0.13,0.0,0.0,0.1,-9.3,0.0 (cmd 0.0),0.0 (cmd 0.0)
2.7938,-9.17,0.0,0.0,0.2,0.0,0.0,0.2,-9.2,0.0 (cmd 0.0),0.0 (cmd 0.0)
2.7943000000000002,-9.15,0.0,0.0,0.23,0.0,0.0,0.2,-9.2,0.0 (cmd 0.0),0.0 (cmd 0.0)
2.7948000000000004,-9.08,0.0,0.0,0.2,0.0,0.0,0.2,-9.1,0.0 (cmd 0.0),0.0 (cmd 0.0)
2.7952999999999997,-9.1,0.0,0.0,0.22,0.0,0.0,0.2,-9.1,0.0 (cmd 0.0),0.0 (cmd 0.0)
2.7958,-9.14,0.0,0.0,0.26,0.0,0.0,0.3,-9.1,0.0 (cmd 0.0),0.0 (cmd 0.0)
2.7963,-9.24,0.0,0.0,0.3,0.0,0.0,0.3,-9.2,0.0 (cmd 0.0),0.0 (cmd 0.0)
2.7968,-9.25,0.0,0.0,0.36,0.0,0.0,0.4,-9.2,0.0 (cmd 0.0),0.0 (cmd 0.0)
2.7973000000000003,-9.29,0.0,0.0,0.33,0.0,0.0,0.3,-9.3,0.0 (cmd 0.0),0.0 (cmd 0.0)
2.7977999999999996,-9.3,0.0,0.0,0.32,0.0,0.0,0.3,-9.3,0.0 (cmd 0.0),0.0 (cmd 0.0)
2.7983,-9.31,0.0,0.0,0.31,0.0,0.0,0.3,-9.3,0.0 (cmd 0.0),0.0 (cmd 0.0)
2.7988000000000004,-9.31,0.0,0.0,0.25,0.0,0.0,0.2,-9.3,0.0 (cmd 0.0),0.0 (cmd 0.0)
2.7993,-9.35,0.0,0.0,0.26,0.0,0.0,0.3,-9.3,0.0 (cmd 0.0),0.0 (cmd 0.0)
2.7998000000000003,-9.37,0.0,0.0,0.26,0.0,0.0,0.3,-9.4,0.0 (cmd 0.0),0.0 (cmd 0.0)
2.8002999999999996,-9.38,0.0,0.0,0.24,0.0,0.0,0.2,-9.4,0.0 (cmd 0.0),0.0 (cmd 0.0)
2.8007999999999997,-9.4,0.0,0.0,0.22,0.0,0.0,0.2,-9.4,0.0 (cmd 0.0),0.0 (cmd 0.0)
2.8013000000000003,-9.42,0.0,0.0,0.21,0.0,0.0,0.2,-9.4,0.0 (cmd 0.0),0.0 (cmd 0.0)
2.8018,-9.42,0.0,0.0,0.2,0.0,0.0,0.2,-9.4,0.0 (cmd 0.0),0.0 (cmd 0.0)
2.8023000000000002,-9.44,0.0,0.0,0.07,0.0,0.0,0.1,-9.4,0.0 (cmd 0.0),0.0 (cmd 0.0)
2.8027999999999995,-9.44,0.0,0.0,0.1,0.0,0.0,0.1,-9.4,0.0 (cmd 0.0),0.0 (cmd 0.0)
2.8032999999999997,-9.36,0.0,0.0,0.08,0.0,0.0,0.1,-9.4,0.0 (cmd 0.0),0.0 (cmd 0.0)
2.8038000000000003,-9.37,0.0,0.0,0.09,0.0,0.0,0.1,-9.4,0.0 (cmd 0.0),0.0 (cmd 0.0)
2.8043,-9.36,0.0,0.0,0.06,0.0,0.0,0.1,-9.4,0.0 (cmd 0.0),0.0 (cmd 0.0)
2.8048,-9.38,0.0,0.0,0.05,0.0,0.0,0.1,-9.4,0.0 (cmd 0.0),0.0 (cmd 0.0)
2.8053,-9.38,0.0,0.0,0.0,0.0,0.0,0.0,-9.4,0.0 (cmd 0.0),0.0 (cmd 0.0)
2.8057999999999996,-9.4,0.0,0.0,-0.01,0.0,0.0,-0.0,-9.4,0.0 (cmd 0.0),0.0 (cmd 0.0)
2.8063000000000002,-9.51,0.0,0.0,-0.01,0.0,0.0,-0.0,-9.5,0.0 (cmd 0.0),0.0 (cmd 0.0)
2.8068,-9.53,0.0,0.0,-0.03,0.0,0.0,-0.0,-9.5,0.0 (cmd 0.0),0.0 (cmd 0.0)
2.8073,-9.53,0.0,0.0,-0.06,0.0,0.0,-0.1,-9.5,0.0 (cmd 0.0),0.0 (cmd 0.0)
2.8078,-9.5,0.0,0.0,-0.04,0.0,0.0,-0.0,-9.5,0.0 (cmd 0.0),0.0 (cmd 0.0)
2.8082999999999996,-9.44,0.0,0.0,-0.02,0.0,0.0,-0.0,-9.4,0.0 (cmd 0.0),0.0 (cmd 0.0)
2.8088,-9.51,0.0,0.0,-0.02,0.0,0.0,-0.0,-9.5,0.0 (cmd 0.0),0.0 (cmd 0.0)
2.8093000000000004,-9.52,0.0,0.0,-0.02,0.0,0.0,-0.0,-9.5,0.0 (cmd 0.0),0.0 (cmd 0.0)
2.8098,-9.52,0.0,0.0,-0.02,0.0,0.0,-0.0,-9.5,0.0 (cmd 0.0),0.0 (cmd 0.0)
0.0005,1.22,3.49,0.0,0.66,-2.1,0.0,0.7,1.2,0.0 (cmd 3.5),0.0 (cmd -2.1)
0.001,-0.55,4.19,0.0,-4.83,-2.54,0.0,-4.8,-0.6,0.0 (cmd 4.2),0.0 (cmd -2.5)
0.0015,-0.75,5.33,0.0,-9.39,-3.0,0.0,-9.4,-0.8,0.0 (cmd 5.3),0.0 (cmd -3.0)
0.002,1.35,2.59,0.0,-1.55,-1.31,0.0,-1.6,1.4,0.0 (cmd 2.6),0.0 (cmd -1.3)
0.0025,0.83,2.36,0.0,-0.61,-1.25,0.0,-0.6,0.8,0.0 (cmd 2.4),0.0 (cmd -1.2)
0.003,0.77,2.11,0.0,-0.06,-1.0,0.0,-0.1,0.8,0.0 (cmd 2.1),0.0 (cmd -1.0)
0.0035,1.21,2.35,0.0,0.0,-1.22,0.0,0.0,1.2,0.0 (cmd 2.4),0.0 (cmd -1.2)
0.004,1.1,2.58,0.0,-0.22,-1.34,0.0,-0.2,1.1,0.0 (cmd 2.6),0.0 (cmd -1.3)
0.0045,1.41,2.88,0.0,-0.68,-1.52,0.0,-0.7,1.4,0.0 (cmd 2.9),0.0 (cmd -1.5)
0.005,1.13,3.0,0.0,-0.56,-1.64,0.0,-0.6,1.1,0.0 (cmd 3.0),0.0 (cmd -1.6)
0.0055,0.68,2.93,0.0,-0.51,-1.54,0.0,-0.5,0.7,0.0 (cmd 2.9),0.0 (cmd -1.5)
0.006,0.68,3.07,0.0,-0.83,-1.62,0.0,-0.8,0.7,0.0 (cmd 3.1),0.0 (cmd -1.6)
0.0065,0.6,3.26,0.0,-1.24,-1.75,0.0,-1.2,0.6,0.0 (cmd 3.3),0.0 (cmd -1.8)
0.007,0.21,3.3,0.0,-1.42,-1.74,0.0,-1.4,0.2,0.0 (cmd 3.3),0.0 (cmd -1.7)
0.0075,-0.39,3.23,0.0,-1.62,-1.65,0.0,-1.6,-0.4,0.0 (cmd 3.2),0.0 (cmd -1.6)
0.008,-0.51,3.26,0.0,-1.77,-1.66,0.0,-1.8,-0.5,0.0 (cmd 3.3),0.0 (cmd -1.7)
0.0085,-0.61,3.23,0.0,-1.71,-1.64,0.0,-1.7,-0.6,0.0 (cmd 3.2),0.0 (cmd -1.6)
0.009,-0.83,3.19,0.0,-1.68,-1.61,0.0,-1.7,-0.8,0.0 (cmd 3.2),0.0 (cmd -1.6)
0.0095,-1.07,3.23,0.0,-2.01,-1.64,0.0,-2.0,-1.1,0.0 (cmd 3.2),0.0 (cmd -1.6)
0.01,-1.21,3.36,0.0,-2.36,-1.72,0.0,-2.4,-1.2,0.0 (cmd 3.4),0.0 (cmd -1.7)
0.0105,-1.57,3.43,0.0,-2.58,-1.75,0.0,-2.6,-1.6,0.0 (cmd 3.4),0.0 (cmd -1.8)
0.011,-1.75,3.38,0.0,-2.66,-1.7,0.0,-2.7,-1.8,0.0 (cmd 3.4),0.0 (cmd -1.7)
0.0115,-1.72,3.33,0.0,-2.75,-1.68,0.0,-2.8,-1.7,0.0 (cmd 3.3),0.0 (cmd -1.7)
0.012,-1.67,3.36,0.0,-2.92,-1.71,0.0,-2.9,-1.7,0.0 (cmd 3.4),0.0 (cmd -1.7)
0.0125,-1.78,3.33,0.0,-2.96,-1.69,0.0,-3.0,-1.8,0.0 (cmd 3.3),0.0 (cmd -1.7)
0.013,-1.93,3.27,0.0,-2.93,-1.65,0.0,-2.9,-1.9,0.0 (cmd 3.3),0.0 (cmd -1.6)
0.0135,-1.98,3.19,0.0,-2.86,-1.59,0.0,-2.9,-2.0,0.0 (cmd 3.2),0.0 (cmd -1.6)
0.014,-1.95,3.15,0.0,-2.83,-1.57,0.0,-2.8,-1.9,0.0 (cmd 3.1),0.0 (cmd -1.6)
0.0145,-1.92,3.13,0.0,-2.64,-1.57,0.0,-2.6,-1.9,0.0 (cmd 3.1),0.0 (cmd -1.6)
0.015,-1.96,3.09,0.0,-2.49,-1.55,0.0,-2.5,-2.0,0.0 (cmd 3.1),0.0 (cmd -1.6)
0.0155,-2.0,3.04,0.0,-2.37,-1.52,0.0,-2.4,-2.0,0.0 (cmd 3.0),0.0 (cmd -1.5)
0.016,-2.03,3.06,0.0,-2.3,-1.54,0.0,-2.3,-2.0,0.0 (cmd 3.1),0.0 (cmd -1.5)
0.0165,-2.05,3.11,0.0,-2.31,-1.58,0.0,-2.3,-2.0,0.0 (cmd 3.1),0.0 (cmd -1.6)
0.017,-2.06,3.18,0.0,-2.34,-1.63,0.0,-2.3,-2.1,0.0 (cmd 3.2),0.0 (cmd -1.6)
0.0175,-2.04,3.22,0.0,-2.3,-1.66,0.0,-2.3,-2.0,0.0 (cmd 3.2),0.0 (cmd -1.7)
0.018,-1.9,3.21,0.0,-2.15,-1.67,0.0,-2.1,-1.9,0.0 (cmd 3.2),0.0 (cmd -1.7)
0.0185,-1.82,3.23,0.0,-2.16,-1.69,0.0,-2.2,-1.8,0.0 (cmd 3.2),0.0 (cmd -1.7)
0.019,-1.79,3.29,0.0,-2.32,-1.74,0.0,-2.3,-1.8,0.0 (cmd 3.3),0.0 (cmd -1.7)
0.0195,-1.7,3.36,0.0,-2.46,-1.79,0.0,-2.5,-1.7,0.0 (cmd 3.4),0.0 (cmd -1.8)
0.02,-1.64,3.4,0.0,-2.66,-1.81,0.0,-2.7,-1.6,0.0 (cmd 3.4),0.0 (cmd -1.8)
0.0205,-1.54,3.41,0.0,-2.71,-1.82,0.0,-2.7,-1.5,0.0 (cmd 3.4),0.0 (cmd -1.8)
0.021,-1.38,3.32,0.0,-2.56,-1.77,0.0,-2.6,-1.4,0.0 (cmd 3.3),0.0 (cmd -1.8)
0.0215,-1.24,3.24,0.0,-2.31,-1.73,0.0,-2.3,-1.2,0.0 (cmd 3.2),0.0 (cmd -1.7)
0.022,-1.37,3.12,0.0,-2.24,-1.64,0.0,-2.2,-1.4,0.0 (cmd 3.1),0.0 (cmd -1.6)
0.0225,-1.4,3.12,0.0,-2.4,-1.62,0.0,-2.4,-1.4,0.0 (cmd 3.1),0.0 (cmd -1.6)
0.023,-1.31,3.26,0.0,-2.64,-1.71,0.0,-2.6,-1.3,0.0 (cmd 3.3),0.0 (cmd -1.7)
0.0235,-1.19,3.23,0.0,-2.61,-1.7,0.0,-2.6,-1.2,0.0 (cmd 3.2),0.0 (cmd -1.7)
0.024,-1.12,3.21,0.0,-2.94,-1.69,0.0,-2.9,-1.1,0.0 (cmd 3.2),0.0 (cmd -1.7)
0.0245,-1.37,3.3,0.0,-3.13,-1.73,0.0,-3.1,-1.4,0.0 (cmd 3.3),0.0 (cmd -1.7)
0.025,-1.79,3.17,0.0,-2.95,-1.61,0.0,-3.0,-1.8,0.0 (cmd 3.2),0.0 (cmd -1.6)
0.0255,-2.03,3.07,0.0,-3.06,-1.5,0.0,-3.1,-2.0,0.0 (cmd 3.1),0.0 (cmd -1.5)
0.026,-2.04,3.14,0.0,-3.32,-1.54,0.0,-3.3,-2.0,0.0 (cmd 3.1),0.0 (cmd -1.5)
0.0265,-1.98,3.2,0.0,-3.47,-1.6,0.0,-3.5,-2.0,0.0 (cmd 3.2),0.0 (cmd -1.6)
0.027,-2.06,3.19,0.0,-3.61,-1.59,0.0,-3.6,-2.1,0.0 (cmd 3.2),0.0 (cmd -1.6)
0.0275,-2.18,3.16,0.0,-3.71,-1.56,0.0,-3.7,-2.2,0.0 (cmd 3.2),0.0 (cmd -1.6)
0.028,-2.34,3.18,0.0,-3.96,-1.55,0.0,-4.0,-2.3,0.0 (cmd 3.2),0.0 (cmd -1.6)
0.0285,-2.62,3.15,0.0,-4.23,-1.52,0.0,-4.2,-2.6,0.0 (cmd 3.1),0.0 (cmd -1.5)
0.029,-2.8,3.14,0.0,-4.23,-1.5,0.0,-4.2,-2.8,0.0 (cmd 3.1),0.0 (cmd -1.5)
0.0295,-3.0,3.05,0.0,-4.22,-1.42,0.0,-4.2,-3.0,0.0 (cmd 3.0),0.0 (cmd -1.4)
0.03,-3.17,3.0,0.0,-4.2,-1.39,0.0,-4.2,-3.2,0.0 (cmd 3.0),0.0 (cmd -1.4)
0.0305,-3.3,2.98,0.0,-4.11,-1.38,0.0,-4.1,-3.3,0.0 (cmd 3.0),0.0 (cmd -1.4)
0.031,-3.52,2.93,0.0,-4.04,-1.34,0.0,-4.0,-3.5,0.0 (cmd 2.9),0.0 (cmd -1.3)
0.0315,-3.7,2.9,0.0,-3.96,-1.31,0.0,-4.0,-3.7,0.0 (cmd 2.9),0.0 (cmd -1.3)
0.032,-3.95,2.94,0.0,-3.97,-1.34,0.0,-4.0,-4.0,0.0 (cmd 2.9),0.0 (cmd -1.3)
0.0325,-4.21,3.03,0.0,-4.05,-1.39,0.0,-4.0,-4.2,0.0 (cmd 3.0),0.0 (cmd -1.4)
0.033,-4.45,3.08,0.0,-4.14,-1.42,0.0,-4.1,-4.5,0.0 (cmd 3.1),0.0 (cmd -1.4)
0.0335,-4.79,3.14,0.0,-4.15,-1.45,0.0,-4.2,-4.8,0.0 (cmd 3.1),0.0 (cmd -1.4)
0.034,-5.16,3.17,0.0,-4.15,-1.47,0.0,-4.2,-5.2,0.0 (cmd 3.2),0.0 (cmd -1.5)
0.0345,-5.45,3.21,0.0,-4.06,-1.48,0.0,-4.1,-5.5,0.0 (cmd 3.2),0.0 (cmd -1.5)
0.035,-5.73,3.21,0.0,-3.94,-1.48,0.0,-3.9,-5.7,0.0 (cmd 3.2),0.0 (cmd -1.5)
0.0355,-5.86,3.28,0.0,-3.9,-1.53,0.0,-3.9,-5.9,0.0 (cmd 3.3),0.0 (cmd -1.5)
0.036,-6.07,3.31,0.0,-3.72,-1.56,0.0,-3.7,-6.1,0.0 (cmd 3.3),0.0 (cmd -1.6)
0.0365,-6.16,3.36,0.0,-3.57,-1.61,0.0,-3.6,-6.2,0.0 (cmd 3.4),0.0 (cmd -1.6)
0.037,-6.15,3.47,0.0,-3.48,-1.7,0.0,-3.5,-6.2,0.0 (cmd 3.5),0.0 (cmd -1.7)
0.0375,-6.06,3.56,0.0,-3.4,-1.79,0.0,-3.4,-6.1,0.0 (cmd 3.6),0.0 (cmd -1.8)
0.038,-6.03,3.65,0.0,-3.38,-1.88,0.0,-3.4,-6.0,0.0 (cmd 3.6),0.0 (cmd -1.9)
0.0385,-5.92,3.74,0.0,-3.42,-1.96,0.0,-3.4,-5.9,0.0 (cmd 3.7),0.0 (cmd -2.0)
0.039,-5.99,3.83,0.0,-3.47,-2.03,0.0,-3.5,-6.0,0.0 (cmd 3.8),0.0 (cmd -2.0)
0.0395,-6.13,3.86,0.0,-3.48,-2.04,0.0,-3.5,-6.1,0.0 (cmd 3.9),0.0 (cmd -2.0)
0.04,-6.19,3.86,0.0,-3.39,-2.04,0.0,-3.4,-6.2,0.0 (cmd 3.9),0.0 (cmd -2.0)
0.0405,-6.26,3.87,0.0,-3.28,-2.05,0.0,-3.3,-6.3,0.0 (cmd 3.9),0.0 (cmd -2.0)
0.041,-6.19,3.88,0.0,-3.21,-2.06,0.0,-3.2,-6.2,0.0 (cmd 3.9),0.0 (cmd -2.1)
0.0415,-6.22,3.95,0.0,-3.34,-2.12,0.0,-3.3,-6.2,0.0 (cmd 4.0),0.0 (cmd -2.1)
0.042,-6.35,4.06,0.0,-3.59,-2.19,0.0,-3.6,-6.3,0.0 (cmd 4.1),0.0 (cmd -2.2)
0.0425,-6.46,4.12,0.0,-3.81,-2.22,0.0,-3.8,-6.5,0.0 (cmd 4.1),0.0 (cmd -2.2)
0.043,-6.52,4.14,0.0,-3.93,-2.23,0.0,-3.9,-6.5,0.0 (cmd 4.1),0.0 (cmd -2.2)
0.0435,-6.5,4.19,0.0,-4.2,-2.26,0.0,-4.2,-6.5,0.0 (cmd 4.2),0.0 (cmd -2.3)
0.044,-6.35,4.2,0.0,-4.42,-2.27,0.0,-4.4,-6.3,0.0 (cmd 4.2),0.0 (cmd -2.3)
0.0445,-6.49,4.2,0.0,-4.61,-2.28,0.0,-4.6,-6.5,0.0 (cmd 4.2),0.0 (cmd -2.3)
0.045,-7.05,4.09,0.0,-4.53,-2.16,0.0,-4.5,-7.0,0.0 (cmd 4.1),0.0 (cmd -2.2)
0.0455,-8.24,3.89,0.0,-4.49,-1.93,0.0,-4.5,-8.2,0.0 (cmd 3.9),0.0 (cmd -1.9)
0.046,-9.46,3.92,0.0,-5.37,-1.86,0.0,-5.4,-9.5,0.0 (cmd 3.9),0.0 (cmd -1.9)
0.0465,-9.74,4.26,0.0,-6.33,-2.07,0.0,-6.3,-9.7,0.0 (cmd 4.3),0.0 (cmd -2.1)
0.047,-9.39,4.94,0.0,-8.41,-2.57,0.0,-8.4,-9.4,0.0 (cmd 4.9),0.0 (cmd -2.6)
0.0475,-8.51,5.45,0.0,-12.18,-2.91,0.0,-12.2,-8.5,0.0 (cmd 5.5),0.0 (cmd -2.9)
0.048,-8.39,6.12,0.0,-18.36,-3.18,0.0,-18.4,-8.4,0.0 (cmd 6.1),0.0 (cmd -3.2)
0.0485,-8.02,6.53,0.0,-22.86,-3.24,0.0,-22.9,-8.0,0.0 (cmd 6.5),0.0 (cmd -3.2)
0.049,-7.67,6.85,0.0,-27.79,-3.16,0.0,-27.8,-7.7,0.0 (cmd 6.8),0.0 (cmd -3.2)
0.0495,-6.82,5.68,0.0,-32.77,-2.26,0.0,-32.8,-6.8,0.0 (cmd 5.7),0.0 (cmd -2.3)
0.05,-6.1,4.34,0.0,-34.54,-1.38,0.0,-34.5,-6.1,0.0 (cmd 4.3),0.0 (cmd -1.4)
0.0505,-5.8,2.99,0.0,-35.73,-0.72,0.0,-35.7,-5.8,0.0 (cmd 3.0),0.0 (cmd -0.7)
0.051,-5.56,1.15,0.0,-34.66,-0.02,0.0,-34.7,-5.6,0.0 (cmd 1.1),0.0 (cmd -0.0)
0.0515,-5.37,-0.69,0.0,-30.53,0.69,0.0,-30.5,-5.4,0.0 (cmd -0.7),0.0 (cmd 0.7)
0.052,-4.62,-1.64,0.0,-27.61,1.13,0.0,-27.6,-4.6,0.0 (cmd -1.6),0.0 (cmd 1.1)
0.0525,-4.21,-2.28,0.0,-21.06,1.52,0.0,-21.1,-4.2,0.0 (cmd -2.3),0.0 (cmd 1.5)
0.053,-4.08,-3.04,0.0,-12.5,2.23,0.0,-12.5,-4.1,0.0 (cmd -3.0),0.0 (cmd 2.2)
0.0535,-5.02,-3.1,0.0,-10.91,2.51,0.0,-10.9,-5.0,0.0 (cmd -3.1),0.0 (cmd 2.5)
0.054,-5.54,-2.38,0.0,-11.69,2.15,0.0,-11.7,-5.5,0.0 (cmd -2.4),0.0 (cmd 2.1)
0.0545,-5.86,-2.01,0.0,-10.0,1.92,0.0,-10.0,-5.9,0.0 (cmd -2.0),0.0 (cmd 1.9)
0.055,-6.23,-1.78,0.0,-8.78,1.73,0.0,-8.8,-6.2,0.0 (cmd -1.8),0.0 (cmd 1.7)
0.0555,-6.55,-1.46,0.0,-8.09,1.52,0.0,-8.1,-6.5,0.0 (cmd -1.5),0.0 (cmd 1.5)
0.056,-6.64,-1.14,0.0,-7.5,1.31,0.0,-7.5,-6.6,0.0 (cmd -1.1),0.0 (cmd 1.3)
0.0565,-6.66,-0.68,0.0,-7.14,0.97,0.0,-7.1,-6.7,0.0 (cmd -0.7),0.0 (cmd 1.0)
0.057,-6.57,-0.07,0.0,-7.17,0.6,0.0,-7.2,-6.6,0.0 (cmd -0.1),0.0 (cmd 0.6)
0.0575,-6.5,0.52,0.0,-7.16,0.24,0.0,-7.2,-6.5,0.0 (cmd 0.5),0.0 (cmd 0.2)
0.058,-6.46,0.97,0.0,-6.95,-0.03,0.0,-7.0,-6.5,0.0 (cmd 1.0),0.0 (cmd -0.0)
0.0585,-6.51,1.32,0.0,-6.77,-0.25,0.0,-6.8,-6.5,0.0 (cmd 1.3),0.0 (cmd -0.2)
0.059,-6.5,1.6,0.0,-6.7,-0.43,0.0,-6.7,-6.5,0.0 (cmd 1.6),0.0 (cmd -0.4)
0.0595,-6.49,1.84,0.0,-6.61,-0.59,0.0,-6.6,-6.5,0.0 (cmd 1.8),0.0 (cmd -0.6)
0.06,-6.53,2.09,0.0,-6.59,-0.75,0.0,-6.6,-6.5,0.0 (cmd 2.1),0.0 (cmd -0.8)
0.0605,-6.52,2.28,0.0,-6.56,-0.87,0.0,-6.6,-6.5,0.0 (cmd 2.3),0.0 (cmd -0.9)
0.061,-6.45,2.46,0.0,-6.61,-0.99,0.0,-6.6,-6.5,0.0 (cmd 2.5),0.0 (cmd -1.0)
0.0615,-6.31,2.61,0.0,-6.63,-1.11,0.0,-6.6,-6.3,0.0 (cmd 2.6),0.0 (cmd -1.1)
0.062,-6.27,2.69,0.0,-6.66,-1.16,0.0,-6.7,-6.3,0.0 (cmd 2.7),0.0 (cmd -1.2)
0.0625,-6.27,2.76,0.0,-6.7,-1.21,0.0,-6.7,-6.3,0.0 (cmd 2.8),0.0 (cmd -1.2)
0.063,-6.26,2.81,0.0,-6.72,-1.24,0.0,-6.7,-6.3,0.0 (cmd 2.8),0.0 (cmd -1.2)
0.0635,-6.32,2.84,0.0,-6.67,-1.25,0.0,-6.7,-6.3,0.0 (cmd 2.8),0.0 (cmd -1.2)
0.064,-6.34,2.83,0.0,-6.65,-1.24,0.0,-6.7,-6.3,0.0 (cmd 2.8),0.0 (cmd -1.2)
0.0645,-6.31,2.83,0.0,-6.62,-1.24,0.0,-6.6,-6.3,0.0 (cmd 2.8),0.0 (cmd -1.2)
0.065,-6.28,2.86,0.0,-6.56,-1.27,0.0,-6.6,-6.3,0.0 (cmd 2.9),0.0 (cmd -1.3)
0.0655,-6.28,2.84,0.0,-6.45,-1.26,0.0,-6.5,-6.3,0.0 (cmd 2.8),0.0 (cmd -1.3)
0.066,-6.28,2.83,0.0,-6.29,-1.25,0.0,-6.3,-6.3,0.0 (cmd 2.8),0.0 (cmd -1.2)
0.0665,-6.29,2.79,0.0,-6.13,-1.23,0.0,-6.1,-6.3,0.0 (cmd 2.8),0.0 (cmd -1.2)
0.067,-6.29,2.83,0.0,-6.05,-1.26,0.0,-6.0,-6.3,0.0 (cmd 2.8),0.0 (cmd -1.3)
0.0675,-6.29,2.88,0.0,-6.0,-1.29,0.0,-6.0,-6.3,0.0 (cmd 2.9),0.0 (cmd -1.3)
0.068,-6.32,2.89,0.0,-5.91,-1.3,0.0,-5.9,-6.3,0.0 (cmd 2.9),0.0 (cmd -1.3)
0.0685,-6.33,2.94,0.0,-5.83,-1.33,0.0,-5.8,-6.3,0.0 (cmd 2.9),0.0 (cmd -1.3)
0.069,-6.34,2.98,0.0,-5.81,-1.36,0.0,-5.8,-6.3,0.0 (cmd 3.0),0.0 (cmd -1.4)
0.0695,-6.27,3.03,0.0,-5.74,-1.39,0.0,-5.7,-6.3,0.0 (cmd 3.0),0.0 (cmd -1.4)
0.07,-6.25,3.06,0.0,-5.73,-1.43,0.0,-5.7,-6.2,0.0 (cmd 3.1),0.0 (cmd -1.4)
0.0705,-6.24,3.09,0.0,-5.64,-1.45,0.0,-5.6,-6.2,0.0 (cmd 3.1),0.0 (cmd -1.4)
0.071,-6.18,3.1,0.0,-5.66,-1.46,0.0,-5.7,-6.2,0.0 (cmd 3.1),0.0 (cmd -1.5)
0.0715,-6.18,3.17,0.0,-5.71,-1.51,0.0,-5.7,-6.2,0.0 (cmd 3.2),0.0 (cmd -1.5)
0.072,-6.17,3.24,0.0,-5.84,-1.55,0.0,-5.8,-6.2,0.0 (cmd 3.2),0.0 (cmd -1.6)
0.0725,-6.15,3.23,0.0,-5.91,-1.55,0.0,-5.9,-6.2,0.0 (cmd 3.2),0.0 (cmd -1.6)
0.073,-6.11,3.24,0.0,-5.88,-1.55,0.0,-5.9,-6.1,0.0 (cmd 3.2),0.0 (cmd -1.6)
0.0735,-5.99,3.19,0.0,-5.8,-1.53,0.0,-5.8,-6.0,0.0 (cmd 3.2),0.0 (cmd -1.5)
0.074,-5.56,3.16,0.0,-5.59,-1.52,0.0,-5.6,-5.6,0.0 (cmd 3.2),0.0 (cmd -1.5)
0.0745,-5.68,3.12,0.0,-5.51,-1.54,0.0,-5.5,-5.7,0.0 (cmd 3.1),0.0 (cmd -1.5)
0.075,-5.73,3.05,0.0,-5.43,-1.45,0.0,-5.4,-5.7,0.0 (cmd 3.0),0.0 (cmd -1.4)
0.0755,-5.65,3.05,0.0,-5.2,-1.45,0.0,-5.2,-5.7,0.0 (cmd 3.0),0.0 (cmd -1.4)
0.076,-5.97,2.99,0.0,-4.83,-1.41,0.0,-4.8,-6.0,0.0 (cmd 3.0),0.0 (cmd -1.4)
0.0765,-6.28,2.96,0.0,-4.69,-1.37,0.0,-4.7,-6.3,0.0 (cmd 3.0),0.0 (cmd -1.4)
0.077,-6.61,3.02,0.0,-4.7,-1.36,0.0,-4.7,-6.6,0.0 (cmd 3.0),0.0 (cmd -1.4)
0.0775,-7.0,3.16,0.0,-5.04,-1.42,0.0,-5.0,-7.0,0.0 (cmd 3.2),0.0 (cmd -1.4)
0.078,-7.02,3.43,0.0,-5.65,-1.63,0.0,-5.7,-7.0,0.0 (cmd 3.4),0.0 (cmd -1.6)
0.0785,-7.11,3.77,0.0,-6.12,-1.86,0.0,-6.1,-7.1,0.0 (cmd 3.8),0.0 (cmd -1.9)
0.079,-8.95,3.87,0.0,-7.27,-1.88,0.0,-7.3,-8.9,0.0 (cmd 3.9),0.0 (cmd -1.9)
0.0795,-10.68,3.97,0.0,-8.86,-1.79,0.0,-8.9,-10.7,0.0 (cmd 4.0),0.0 (cmd -1.8)
0.08,-12.36,4.26,0.0,-10.58,-1.86,0.0,-10.6,-12.4,0.0 (cmd 4.3),0.0 (cmd -1.9)
0.0805,-14.03,4.7,0.0,-12.06,-2.01,0.0,-12.1,-14.0,0.0 (cmd 4.7),0.0 (cmd -2.0)
0.081,-15.66,4.59,0.0,-13.62,-1.86,0.0,-13.6,-15.7,0.0 (cmd 4.6),0.0 (cmd -1.9)
0.0815,-16.89,4.47,0.0,-14.24,-1.71,0.0,-14.2,-16.9,0.0 (cmd 4.5),0.0 (cmd -1.7)
0.082,-17.97,4.24,0.0,-14.38,-1.5,0.0,-14.4,-18.0,0.0 (cmd 4.2),0.0 (cmd -1.5)
0.0825,-17.83,3.95,0.0,-14.04,-1.29,0.0,-14.0,-17.8,0.0 (cmd 4.0),0.0 (cmd -1.3)
0.083,-15.85,3.62,0.0,-12.96,-1.23,0.0,-13.0,-15.8,0.0 (cmd 3.6),0.0 (cmd -1.2)
0.0835,-14.17,3.27,0.0,-12.19,-1.27,0.0,-12.2,-14.2,0.0 (cmd 3.3),0.0 (cmd -1.3)
0.084,-13.43,2.92,0.0,-11.48,-1.29,0.0,-11.5,-13.4,0.0 (cmd 2.9),0.0 (cmd -1.3)
0.0845,-13.14,2.96,0.0,-12.44,-1.34,0.0,-12.4,-13.1,0.0 (cmd 3.0),0.0 (cmd -1.3)
0.085,-12.31,3.34,0.0,-15.62,-1.6,0.0,-15.6,-12.3,0.0 (cmd 3.3),0.0 (cmd -1.6)
0.0855,-12.2,5.37,0.0,-21.81,-2.62,0.0,-21.8,-12.2,0.0 (cmd 5.4),0.0 (cmd -2.6)
0.086,-12.06,6.48,0.0,-27.34,-2.98,0.0,-27.3,-12.1,0.0 (cmd 6.5),0.0 (cmd -3.0)
0.0865,-11.62,5.85,0.0,-35.63,-2.4,0.0,-35.6,-11.6,0.0 (cmd 5.8),0.0 (cmd -2.4)
0.087,-11.18,5.58,0.0,-39.65,-1.93,0.0,-39.6,-11.2,0.0 (cmd 5.6),0.0 (cmd -1.9)
0.0875,-10.01,4.73,0.0,-43.97,-1.25,0.0,-44.0,-10.0,0.0 (cmd 4.7),0.0 (cmd -1.2)
0.088,-9.5,3.06,0.0,-47.93,-0.54,0.0,-47.9,-9.5,0.0 (cmd 3.1),0.0 (cmd -0.5)
0.0885,-9.14,1.53,0.0,-50.07,0.03,0.0,-50.1,-9.1,0.0 (cmd 1.5),0.0 (cmd 0.0)
0.089,-9.4,0.09,0.0,-50.81,0.55,0.0,-50.8,-9.4,0.0 (cmd 0.1),0.0 (cmd 0.6)
0.0895,-9.92,-0.87,0.0,-50.19,0.96,0.0,-50.2,-9.9,0.0 (cmd -0.9),0.0 (cmd 1.0)
0.09,-10.19,-1.34,0.0,-46.92,1.28,0.0,-46.9,-10.2,0.0 (cmd -1.3),0.0 (cmd 1.3)
0.0905,-10.9,-1.82,0.0,-43.15,1.74,0.0,-43.1,-10.9,0.0 (cmd -1.8),0.0 (cmd 1.7)
0.091,-11.0,-2.27,0.0,-38.23,2.28,0.0,-38.2,-11.0,0.0 (cmd -2.3),0.0 (cmd 2.3)
0.0915,-10.91,-2.77,0.0,-27.91,2.79,0.0,-27.9,-10.9,0.0 (cmd -2.8),0.0 (cmd 2.8)
0.092,-10.61,-3.26,0.0,-23.18,3.21,0.0,-23.2,-10.6,0.0 (cmd -3.3),0.0 (cmd 3.2)
0.0925,-10.47,-3.75,0.0,-15.4,3.57,0.0,-15.4,-10.5,0.0 (cmd -3.8),0.0 (cmd 3.6)
0.093,-9.86,-3.78,0.0,-11.2,3.43,0.0,-11.2,-9.9,0.0 (cmd -3.8),0.0 (cmd 3.4)
0.0935,-9.74,-3.49,0.0,-9.57,3.0,0.0,-9.6,-9.7,0.0 (cmd -3.5),0.0 (cmd 3.0)
0.094,-10.72,-2.86,0.0,-10.82,2.47,0.0,-10.8,-10.7,0.0 (cmd -2.9),0.0 (cmd 2.5)
0.0945,-13.62,-1.77,0.0,-11.36,2.11,0.0,-11.4,-13.6,0.0 (cmd -1.8),0.0 (cmd 2.1)
0.095,-16.91,-0.89,0.0,-11.84,2.18,0.0,-11.8,-16.9,0.0 (cmd -0.9),0.0 (cmd 2.2)
0.0955,-25.49,-0.27,0.0,-11.98,1.77,0.0,-12.0,-25.5,0.0 (cmd -0.3),0.0 (cmd 1.8)
0.096,-30.37,0.45,0.0,-10.92,2.61,0.0,-10.9,-30.4,0.0 (cmd 0.5),0.0 (cmd 2.6)
0.0965,-36.08,0.65,0.0,-9.53,2.6,0.0,-9.5,-36.1,0.0 (cmd 0.7),0.0 (cmd 2.6)
0.097,-41.48,0.81,0.0,-8.07,2.68,0.0,-8.1,-41.5,0.0 (cmd 0.8),0.0 (cmd 2.7)
0.0975,-46.92,1.42,0.0,-7.46,1.59,0.0,-7.5,-46.9,0.0 (cmd 1.4),0.0 (cmd 1.6)
0.098,-49.55,2.01,0.0,-7.29,0.85,0.0,-7.3,-49.5,0.0 (cmd 2.0),0.0 (cmd 0.8)
0.0985,-51.73,4.04,0.0,-7.55,-1.25,0.0,-7.5,-51.7,0.0 (cmd 4.0),0.0 (cmd -1.2)
0.099,-51.62,6.52,0.0,-7.57,-3.4,0.0,-7.6,-51.6,0.0 (cmd 6.5),0.0 (cmd -3.4)
0.0995,-48.7,8.7,0.0,-7.4,-5.0,0.0,-7.4,-48.7,0.0 (cmd 8.7),0.0 (cmd -5.0)
0.1,-43.38,9.92,0.0,-7.31,-6.0,0.0,-7.3,-43.4,0.0 (cmd 9.9),0.0 (cmd -6.0)
0.1005,-35.8,10.11,0.0,-7.43,-6.49,0.0,-7.4,-35.8,0.0 (cmd 10.1),0.0 (cmd -6.5)
0.101,-26.04,9.69,0.0,-7.66,-6.87,0.0,-7.7,-26.0,0.0 (cmd 9.7),0.0 (cmd -6.9)
0.1015,-17.19,8.61,0.0,-8.32,-7.19,0.0,-8.3,-17.2,0.0 (cmd 8.6),0.0 (cmd -7.2)
0.102,-13.29,8.05,0.0,-9.63,-6.86,0.0,-9.6,-13.3,0.0 (cmd 8.1),0.0 (cmd -6.9)
0.1025,-12.36,7.64,0.0,-10.32,-6.25,0.0,-10.3,-12.4,0.0 (cmd 7.6),0.0 (cmd -6.2)
0.103,-13.4,7.39,0.0,-10.83,-5.49,0.0,-10.8,-13.4,0.0 (cmd 7.4),0.0 (cmd -5.5)
0.1035,-12.96,7.03,0.0,-12.16,-4.83,0.0,-12.2,-13.0,0.0 (cmd 7.0),0.0 (cmd -4.8)
0.104,-13.14,6.47,0.0,-14.09,-4.21,0.0,-14.1,-13.1,0.0 (cmd 6.5),0.0 (cmd -4.2)
0.1045,-13.71,6.28,0.0,-14.85,-3.79,0.0,-14.8,-13.7,0.0 (cmd 6.3),0.0 (cmd -3.8)
0.105,-14.88,6.04,0.0,-16.86,-3.34,0.0,-16.9,-14.9,0.0 (cmd 6.0),0.0 (cmd -3.3)
0.1055,-17.11,5.31,0.0,-18.2,-2.6,0.0,-18.2,-17.1,0.0 (cmd 5.3),0.0 (cmd -2.6)
0.106,-18.42,4.88,0.0,-19.3,-2.15,0.0,-19.3,-18.4,0.0 (cmd 4.9),0.0 (cmd -2.1)
0.1065,-19.42,4.53,0.0,-19.65,-1.76,0.0,-19.6,-19.4,0.0 (cmd 4.5),0.0 (cmd -1.8)
0.107,-20.12,4.07,0.0,-20.32,-1.38,0.0,-20.3,-20.1,0.0 (cmd 4.1),0.0 (cmd -1.4)
0.1075,-20.36,3.54,0.0,-20.31,-1.06,0.0,-20.3,-20.4,0.0 (cmd 3.5),0.0 (cmd -1.1)
0.108,-20.54,3.11,0.0,-20.31,-0.83,0.0,-20.3,-20.5,0.0 (cmd 3.1),0.0 (cmd -0.8)
0.1085,-21.0,2.85,0.0,-20.45,-0.7,0.0,-20.4,-21.0,0.0 (cmd 2.9),0.0 (cmd -0.7)
0.109,-21.26,2.66,0.0,-20.69,-0.57,0.0,-20.7,-21.3,0.0 (cmd 2.7),0.0 (cmd -0.6)
0.1095,-21.76,2.6,0.0,-21.14,-0.57,0.0,-21.1,-21.8,0.0 (cmd 2.6),0.0 (cmd -0.6)
0.11,-21.99,2.58,0.0,-21.43,-0.52,0.0,-21.4,-22.0,0.0 (cmd 2.6),0.0 (cmd -0.5)
0.1105,-22.11,2.5,0.0,-21.61,-0.49,0.0,-21.6,-22.1,0.0 (cmd 2.5),0.0 (cmd -0.5)
0.111,-22.03,2.39,0.0,-21.59,-0.47,0.0,-21.6,-22.0,0.0 (cmd 2.4),0.0 (cmd -0.5)
0.1115,-21.86,2.25,0.0,-21.5,-0.44,0.0,-21.5,-21.9,0.0 (cmd 2.2),0.0 (cmd -0.4)
0.112,-21.76,2.14,0.0,-21.45,-0.43,0.0,-21.4,-21.8,0.0 (cmd 2.1),0.0 (cmd -0.4)
0.1125,-21.77,2.06,0.0,-21.49,-0.41,0.0,-21.5,-21.8,0.0 (cmd 2.1),0.0 (cmd -0.4)
0.113,-21.7,2.02,0.0,-21.48,-0.4,0.0,-21.5,-21.7,0.0 (cmd 2.0),0.0 (cmd -0.4)
0.1135,-21.57,1.96,0.0,-21.41,-0.4,0.0,-21.4,-21.6,0.0 (cmd 2.0),0.0 (cmd -0.4)
0.114,-21.43,1.88,0.0,-21.23,-0.38,0.0,-21.2,-21.4,0.0 (cmd 1.9),0.0 (cmd -0.4)
0.1145,-21.28,1.83,0.0,-21.1,-0.37,0.0,-21.1,-21.3,0.0 (cmd 1.8),0.0 (cmd -0.4)
0.115,-21.08,1.8,0.0,-21.04,-0.37,0.0,-21.0,-21.1,0.0 (cmd 1.8),0.0 (cmd -0.4)
0.1155,-20.99,1.79,0.0,-20.99,-0.37,0.0,-21.0,-21.0,0.0 (cmd 1.8),0.0 (cmd -0.4)
0.116,-20.9,1.78,0.0,-20.92,-0.37,0.0,-20.9,-20.9,0.0 (cmd 1.8),0.0 (cmd -0.4)
0.1165,-20.8,1.76,0.0,-20.83,-0.36,0.0,-20.8,-20.8,0.0 (cmd 1.8),0.0 (cmd -0.4)
0.117,-20.74,1.73,0.0,-20.75,-0.35,0.0,-20.8,-20.7,0.0 (cmd 1.7),0.0 (cmd -0.3)
0.1175,-20.65,1.72,0.0,-20.67,-0.35,0.0,-20.7,-20.6,0.0 (cmd 1.7),0.0 (cmd -0.3)
0.118,-20.61,1.73,0.0,-20.64,-0.35,0.0,-20.6,-20.6,0.0 (cmd 1.7),0.0 (cmd -0.3)
0.1185,-20.54,1.75,0.0,-20.63,-0.35,0.0,-20.6,-20.5,0.0 (cmd 1.8),0.0 (cmd -0.3)
0.119,-20.5,1.75,0.0,-20.6,-0.35,0.0,-20.6,-20.5,0.0 (cmd 1.8),0.0 (cmd -0.3)
0.1195,-20.43,1.76,0.0,-20.54,-0.36,0.0,-20.5,-20.4,0.0 (cmd 1.8),0.0 (cmd -0.4)
0.12,-20.42,1.75,0.0,-20.52,-0.34,0.0,-20.5,-20.4,0.0 (cmd 1.8),0.0 (cmd -0.3)
0.1205,-20.41,1.76,0.0,-20.53,-0.34,0.0,-20.5,-20.4,0.0 (cmd 1.8),0.0 (cmd -0.3)
0.121,-20.37,1.78,0.0,-20.57,-0.35,0.0,-20.6,-20.4,0.0 (cmd 1.8),0.0 (cmd -0.3)
0.1215,-20.3,1.79,0.0,-20.54,-0.36,0.0,-20.5,-20.3,0.0 (cmd 1.8),0.0 (cmd -0.4)
0.122,-20.28,1.78,0.0,-20.53,-0.35,0.0,-20.5,-20.3,0.0 (cmd 1.8),0.0 (cmd -0.3)
0.1225,-20.28,1.78,0.0,-20.56,-0.35,0.0,-20.6,-20.3,0.0 (cmd 1.8),0.0 (cmd -0.3)
0.123,-20.28,1.79,0.0,-20.59,-0.35,0.0,-20.6,-20.3,0.0 (cmd 1.8),0.0 (cmd -0.3)
0.1235,-20.27,1.78,0.0,-20.61,-0.34,0.0,-20.6,-20.3,0.0 (cmd 1.8),0.0 (cmd -0.3)
0.124,-20.28,1.78,0.0,-20.63,-0.34,0.0,-20.6,-20.3,0.0 (cmd 1.8),0.0 (cmd -0.3)
0.1245,-20.4,1.78,0.0,-20.72,-0.33,0.0,-20.7,-20.4,0.0 (cmd 1.8),0.0 (cmd -0.3)
0.125,-20.43,1.82,0.0,-21.18,-0.33,0.0,-21.2,-20.4,0.0 (cmd 1.8),0.0 (cmd -0.3)
0.1255,-20.45,1.96,0.0,-21.75,-0.4,0.0,-21.8,-20.4,0.0 (cmd 2.0),0.0 (cmd -0.4)
0.126,-20.42,2.15,0.0,-22.35,-0.49,0.0,-22.4,-20.4,0.0 (cmd 2.1),0.0 (cmd -0.5)
0.1265,-20.67,2.07,0.0,-22.47,-0.43,0.0,-22.5,-20.7,0.0 (cmd 2.1),0.0 (cmd -0.4)
0.127,-20.9,1.83,0.0,-22.01,-0.28,0.0,-22.0,-20.9,0.0 (cmd 1.8),0.0 (cmd -0.3)
0.1275,-20.95,1.43,0.0,-21.3,-0.07,0.0,-21.3,-20.9,0.0 (cmd 1.4),0.0 (cmd -0.1)
0.128,-20.82,1.11,0.0,-19.78,0.06,0.0,-19.8,-20.8,0.0 (cmd 1.1),0.0 (cmd 0.1)
0.1285,-19.91,1.03,0.0,-19.31,0.02,0.0,-19.3,-19.9,0.0 (cmd 1.0),0.0 (cmd 0.0)
0.129,-18.56,1.12,0.0,-17.95,-0.15,0.0,-17.9,-18.6,0.0 (cmd 1.1),0.0 (cmd -0.1)
0.1295,-17.55,0.64,0.0,-16.58,-0.08,0.0,-16.6,-17.6,0.0 (cmd 0.6),0.0 (cmd -0.1)
0.13,-16.15,0.97,0.0,-16.1,-0.38,0.0,-16.1,-16.1,0.0 (cmd 1.0),0.0 (cmd -0.4)
0.1305,-15.43,1.16,0.0,-15.53,-0.52,0.0,-15.5,-15.4,0.0 (cmd 1.2),0.0 (cmd -0.5)
0.131,-15.14,1.02,0.0,-14.67,-0.42,0.0,-14.7,-15.1,0.0 (cmd 1.0),0.0 (cmd -0.4)
0.1315,-15.22,1.05,0.0,-13.85,-0.41,0.0,-13.8,-15.2,0.0 (cmd 1.1),0.0 (cmd -0.4)
0.132,-17.9,1.06,0.0,-12.67,-0.16,0.0,-12.7,-17.9,0.0 (cmd 1.1),0.0 (cmd -0.2)
0.1325,-19.64,1.08,0.0,-11.57,0.11,0.0,-11.6,-19.6,0.0 (cmd 1.1),0.0 (cmd 0.1)
0.133,-27.55,1.29,0.0,-10.96,0.18,0.0,-11.0,-27.6,0.0 (cmd 1.3),0.0 (cmd 0.2)
0.1335,-34.2,1.1,0.0,-10.58,1.83,0.0,-10.6,-34.2,0.0 (cmd 1.1),0.0 (cmd 1.8)
0.134,-42.67,1.56,0.0,-10.4,1.54,0.0,-10.4,-42.7,0.0 (cmd 1.6),0.0 (cmd 1.5)
0.1345,-49.21,1.72,0.0,-10.29,1.47,0.0,-10.3,-49.2,0.0 (cmd 1.7),0.0 (cmd 1.5)
0.135,-54.12,2.2,0.0,-9.58,0.75,0.0,-9.6,-54.1,0.0 (cmd 2.2),0.0 (cmd 0.8)
0.1355,-58.83,3.21,0.0,-8.85,-0.52,0.0,-8.8,-58.8,0.0 (cmd 3.2),0.0 (cmd -0.5)
0.136,-59.51,5.33,0.0,-8.61,-2.56,0.0,-8.6,-59.5,0.0 (cmd 5.3),0.0 (cmd -2.6)
0.1365,-57.02,8.13,0.0,-8.45,-4.74,0.0,-8.4,-57.0,0.0 (cmd 8.1),0.0 (cmd -4.7)
0.137,-49.82,10.32,0.0,-8.12,-6.13,0.0,-8.1,-49.8,0.0 (cmd 10.3),0.0 (cmd -6.1)
0.1375,-45.09,10.66,0.0,-7.69,-6.58,0.0,-7.7,-45.1,0.0 (cmd 10.7),0.0 (cmd -6.6)
0.138,-32.56,10.09,0.0,-7.27,-7.36,0.0,-7.3,-32.6,0.0 (cmd 10.1),0.0 (cmd -7.4)
0.1385,-21.22,8.86,0.0,-7.1,-7.58,0.0,-7.1,-21.2,0.0 (cmd 8.9),0.0 (cmd -7.6)
0.139,-11.36,7.89,0.0,-7.78,-7.37,0.0,-7.8,-11.4,0.0 (cmd 7.9),0.0 (cmd -7.4)
0.1395,-7.75,7.14,0.0,-8.23,-6.98,0.0,-8.2,-7.8,0.0 (cmd 7.1),0.0 (cmd -7.0)
0.14,-5.43,6.66,0.0,-7.78,-6.26,0.0,-7.8,-5.4,0.0 (cmd 6.7),0.0 (cmd -6.3)
0.1405,-1.23,5.58,0.0,-7.05,-5.54,0.0,-7.0,-1.2,0.0 (cmd 5.6),0.0 (cmd -5.5)
0.141,0.32,4.91,0.0,-7.66,-4.74,0.0,-7.7,0.3,0.0 (cmd 4.9),0.0 (cmd -4.7)
0.1415,0.01,4.58,0.0,-7.95,-4.03,0.0,-8.0,0.0,0.0 (cmd 4.6),0.0 (cmd -4.0)
0.142,0.27,3.91,0.0,-7.29,-3.21,0.0,-7.3,0.3,0.0 (cmd 3.9),0.0 (cmd -3.2)
0.1425,0.63,3.1,0.0,-6.74,-2.48,0.0,-6.7,0.6,0.0 (cmd 3.1),0.0 (cmd -2.5)
0.143,1.1,2.65,0.0,-6.54,-2.06,0.0,-6.5,1.1,0.0 (cmd 2.6),0.0 (cmd -2.1)
0.1435,1.1,2.23,0.0,-6.2,-1.68,0.0,-6.2,1.1,0.0 (cmd 2.2),0.0 (cmd -1.7)
0.144,1.07,1.94,0.0,-5.88,-1.32,0.0,-5.9,1.1,0.0 (cmd 1.9),0.0 (cmd -1.3)
0.1445,1.19,1.71,0.0,-5.78,-1.06,0.0,-5.8,1.2,0.0 (cmd 1.7),0.0 (cmd -1.1)
0.145,1.26,1.57,0.0,-5.7,-0.89,0.0,-5.7,1.3,0.0 (cmd 1.6),0.0 (cmd -0.9)
0.1455,1.32,1.46,0.0,-5.46,-0.75,0.0,-5.5,1.3,0.0 (cmd 1.5),0.0 (cmd -0.8)
0.146,1.24,1.44,0.0,-5.23,-0.66,0.0,-5.2,1.2,0.0 (cmd 1.4),0.0 (cmd -0.7)
0.1465,1.17,1.37,0.0,-5.33,-0.55,0.0,-5.3,1.2,0.0 (cmd 1.4),0.0 (cmd -0.6)
0.147,1.18,1.54,0.0,-5.75,-0.61,0.0,-5.8,1.2,0.0 (cmd 1.5),0.0 (cmd -0.6)
0.1475,0.98,1.76,0.0,-7.21,-0.68,0.0,-7.2,1.0,0.0 (cmd 1.8),0.0 (cmd -0.7)
0.148,0.93,2.01,0.0,-10.07,-0.79,0.0,-10.1,0.9,0.0 (cmd 2.0),0.0 (cmd -0.8)
0.1485,0.89,2.75,0.0,-13.23,-1.16,0.0,-13.2,0.9,0.0 (cmd 2.8),0.0 (cmd -1.2)
0.149,0.22,3.59,0.0,-18.79,-1.54,0.0,-18.8,0.2,0.0 (cmd 3.6),0.0 (cmd -1.5)
0.1495,0.02,4.13,0.0,-26.67,-1.58,0.0,-26.7,0.0,0.0 (cmd 4.1),0.0 (cmd -1.6)
0.15,-0.15,4.37,0.0,-31.91,-1.46,0.0,-31.9,-0.1,0.0 (cmd 4.4),0.0 (cmd -1.5)
0.1505,-0.54,4.27,0.0,-36.59,-1.08,0.0,-36.6,-0.5,0.0 (cmd 4.3),0.0 (cmd -1.1)
0.151,-0.94,2.95,0.0,-43.64,-0.31,0.0,-43.6,-0.9,0.0 (cmd 3.0),0.0 (cmd -0.3)
0.1515,-1.52,1.79,0.0,-47.88,0.2,0.0,-47.9,-1.5,0.0 (cmd 1.8),0.0 (cmd 0.2)
0.152,-1.71,0.84,0.0,-50.03,0.62,0.0,-50.0,-1.7,0.0 (cmd 0.8),0.0 (cmd 0.6)
0.1525,-1.87,-0.01,0.0,-53.32,0.95,0.0,-53.3,-1.9,0.0 (cmd -0.0),0.0 (cmd 0.9)
0.153,-1.91,-0.55,0.0,-55.83,1.18,0.0,-55.8,-1.9,0.0 (cmd -0.6),0.0 (cmd 1.2)
0.1535,-1.92,-0.95,0.0,-57.08,1.36,0.0,-57.1,-1.9,0.0 (cmd -0.9),0.0 (cmd 1.4)
0.154,-2.15,-1.28,0.0,-56.94,1.55,0.0,-56.9,-2.1,0.0 (cmd -1.3),0.0 (cmd 1.6)
0.1545,-2.51,-1.56,0.0,-54.73,1.86,0.0,-54.7,-2.5,0.0 (cmd -1.6),0.0 (cmd 1.9)
0.155,-2.55,-1.86,0.0,-50.72,2.15,0.0,-50.7,-2.5,0.0 (cmd -1.9),0.0 (cmd 2.1)
0.1555,-2.44,-2.5,0.0,-47.4,2.69,0.0,-47.4,-2.4,0.0 (cmd -2.5),0.0 (cmd 2.7)
0.156,-2.29,-2.76,0.0,-39.59,2.93,0.0,-39.6,-2.3,0.0 (cmd -2.8),0.0 (cmd 2.9)
0.1565,-2.12,-3.25,0.0,-30.03,3.45,0.0,-30.0,-2.1,0.0 (cmd -3.2),0.0 (cmd 3.5)
0.157,-1.89,-3.69,0.0,-22.06,3.85,0.0,-22.1,-1.9,0.0 (cmd -3.7),0.0 (cmd 3.9)
0.1575,-1.46,-4.35,0.0,-14.04,4.4,0.0,-14.0,-1.5,0.0 (cmd -4.3),0.0 (cmd 4.4)
0.158,-1.29,-4.14,0.0,-6.86,3.87,0.0,-6.9,-1.3,0.0 (cmd -4.1),0.0 (cmd 3.9)
0.1585,-1.9,-4.17,0.0,-8.0,3.93,0.0,-8.0,-1.9,0.0 (cmd -4.2),0.0 (cmd 3.9)
0.159,-2.21,-3.27,0.0,-7.6,3.15,0.0,-7.6,-2.2,0.0 (cmd -3.3),0.0 (cmd 3.1)
0.1595,-2.01,-3.02,0.0,-6.01,2.88,0.0,-6.0,-2.0,0.0 (cmd -3.0),0.0 (cmd 2.9)
0.16,-1.79,-2.59,0.0,-5.81,2.3,0.0,-5.8,-1.8,0.0 (cmd -2.6),0.0 (cmd 2.3)
0.1605,-1.74,-2.14,0.0,-5.66,1.84,0.0,-5.7,-1.7,0.0 (cmd -2.1),0.0 (cmd 1.8)
0.161,-1.6,-1.7,0.0,-5.42,1.47,0.0,-5.4,-1.6,0.0 (cmd -1.7),0.0 (cmd 1.5)
0.1615,-1.47,-1.23,0.0,-5.39,1.09,0.0,-5.4,-1.5,0.0 (cmd -1.2),0.0 (cmd 1.1)
0.162,-1.49,-0.63,0.0,-5.44,0.74,0.0,-5.4,-1.5,0.0 (cmd -0.6),0.0 (cmd 0.7)
0.1625,-1.44,-0.08,0.0,-5.32,0.46,0.0,-5.3,-1.4,0.0 (cmd -0.1),0.0 (cmd 0.5)
0.163,-1.38,0.3,0.0,-5.11,0.24,0.0,-5.1,-1.4,0.0 (cmd 0.3),0.0 (cmd 0.2)
0.1635,-1.28,0.68,0.0,-5.19,0.02,0.0,-5.2,-1.3,0.0 (cmd 0.7),0.0 (cmd 0.0)
0.164,-1.19,1.04,0.0,-5.22,-0.2,0.0,-5.2,-1.2,0.0 (cmd 1.0),0.0 (cmd -0.2)
0.1645,-1.17,1.29,0.0,-5.24,-0.35,0.0,-5.2,-1.2,0.0 (cmd 1.3),0.0 (cmd -0.3)
0.165,-1.15,1.49,0.0,-5.35,-0.47,0.0,-5.3,-1.1,0.0 (cmd 1.5),0.0 (cmd -0.5)
0.1655,-1.32,1.64,0.0,-5.39,-0.56,0.0,-5.4,-1.3,0.0 (cmd 1.6),0.0 (cmd -0.6)
0.166,-2.35,1.74,0.0,-5.44,-0.58,0.0,-5.4,-2.4,0.0 (cmd 1.7),0.0 (cmd -0.6)
0.1665,-6.69,1.57,0.0,-5.45,-0.05,0.0,-5.5,-6.7,0.0 (cmd 1.6),0.0 (cmd -0.1)
0.167,-10.04,1.61,0.0,-5.71,0.23,0.0,-5.7,-10.0,0.0 (cmd 1.6),0.0 (cmd 0.2)
0.1675,-12.6,1.91,0.0,-5.85,0.08,0.0,-5.8,-12.6,0.0 (cmd 1.9),0.0 (cmd 0.1)
0.168,-16.25,2.15,0.0,-6.05,0.03,0.0,-6.0,-16.2,0.0 (cmd 2.1),0.0 (cmd 0.0)
0.1685,-21.81,2.17,0.0,-6.35,0.18,0.0,-6.3,-21.8,0.0 (cmd 2.2),0.0 (cmd 0.2)
0.169,-25.38,2.93,0.0,-6.67,-0.5,0.0,-6.7,-25.4,0.0 (cmd 2.9),0.0 (cmd -0.5)
0.1695,-36.36,3.06,0.0,-7.05,-0.56,0.0,-7.0,-36.4,0.0 (cmd 3.1),0.0 (cmd -0.6)
0.17,-41.59,2.8,0.0,-7.46,-0.4,0.0,-7.5,-41.6,0.0 (cmd 2.8),0.0 (cmd -0.4)
0.1705,-47.14,3.14,0.0,-7.69,-0.92,0.0,-7.7,-47.1,0.0 (cmd 3.1),0.0 (cmd -0.9)
0.171,-50.96,4.59,0.0,-7.74,-2.38,0.0,-7.7,-51.0,0.0 (cmd 4.6),0.0 (cmd -2.4)
0.1715,-53.2,5.72,0.0,-7.8,-3.42,0.0,-7.8,-53.2,0.0 (cmd 5.7),0.0 (cmd -3.4)
0.172,-54.56,7.39,0.0,-7.79,-4.7,0.0,-7.8,-54.6,0.0 (cmd 7.4),0.0 (cmd -4.7)
0.1725,-53.55,9.08,0.0,-7.94,-5.72,0.0,-7.9,-53.5,0.0 (cmd 9.1),0.0 (cmd -5.7)
0.173,-51.43,10.56,0.0,-8.07,-6.43,0.0,-8.1,-51.4,0.0 (cmd 10.6),0.0 (cmd -6.4)
0.1735,-45.91,11.24,0.0,-8.17,-6.97,0.0,-8.2,-45.9,0.0 (cmd 11.2),0.0 (cmd -7.0)
0.174,-35.94,10.93,0.0,-8.26,-7.34,0.0,-8.3,-35.9,0.0 (cmd 10.9),0.0 (cmd -7.3)
0.1745,-22.37,10.22,0.0,-8.43,-7.43,0.0,-8.4,-22.4,0.0 (cmd 10.2),0.0 (cmd -7.4)
0.175,-13.56,8.81,0.0,-8.49,-7.46,0.0,-8.5,-13.6,0.0 (cmd 8.8),0.0 (cmd -7.5)
0.1755,-7.49,7.6,0.0,-8.59,-7.07,0.0,-8.6,-7.5,0.0 (cmd 7.6),0.0 (cmd -7.1)
0.176,-5.99,6.74,0.0,-8.05,-6.37,0.0,-8.1,-6.0,0.0 (cmd 6.7),0.0 (cmd -6.4)
0.1765,-5.06,5.93,0.0,-7.58,-5.38,0.0,-7.6,-5.1,0.0 (cmd 5.9),0.0 (cmd -5.4)
0.177,-4.8,5.4,0.0,-7.51,-4.56,0.0,-7.5,-4.8,0.0 (cmd 5.4),0.0 (cmd -4.6)
0.1775,-0.92,4.91,0.0,-7.89,-3.96,0.0,-7.9,-0.9,0.0 (cmd 4.9),0.0 (cmd -4.0)
0.178,-0.39,4.28,0.0,-7.86,-3.56,0.0,-7.9,-0.4,0.0 (cmd 4.3),0.0 (cmd -3.6)
0.1785,-0.67,3.68,0.0,-7.84,-2.89,0.0,-7.8,-0.7,0.0 (cmd 3.7),0.0 (cmd -2.9)
0.179,-1.0,3.2,0.0,-7.97,-2.3,0.0,-8.0,-1.0,0.0 (cmd 3.2),0.0 (cmd -2.3)
0.1795,-1.17,2.91,0.0,-8.71,-1.93,0.0,-8.7,-1.2,0.0 (cmd 2.9),0.0 (cmd -1.9)
0.18,-1.16,2.87,0.0,-9.7,-1.72,0.0,-9.7,-1.2,0.0 (cmd 2.9),0.0 (cmd -1.7)
0.1805,-1.23,3.03,0.0,-11.85,-1.66,0.0,-11.8,-1.2,0.0 (cmd 3.0),0.0 (cmd -1.7)
0.181,-1.56,3.26,0.0,-18.23,-1.61,0.0,-18.2,-1.6,0.0 (cmd 3.3),0.0 (cmd -1.6)
0.1815,-1.54,4.34,0.0,-24.43,-1.92,0.0,-24.4,-1.5,0.0 (cmd 4.3),0.0 (cmd -1.9)
0.182,-1.42,4.95,0.0,-31.13,-1.94,0.0,-31.1,-1.4,0.0 (cmd 5.0),0.0 (cmd -1.9)
0.1825,-1.96,4.04,0.0,-37.78,-1.19,0.0,-37.8,-2.0,0.0 (cmd 4.0),0.0 (cmd -1.2)
0.183,-2.27,3.4,0.0,-42.64,-0.63,0.0,-42.6,-2.3,0.0 (cmd 3.4),0.0 (cmd -0.6)
0.1835,-2.56,2.46,0.0,-45.23,-0.09,0.0,-45.2,-2.6,0.0 (cmd 2.5),0.0 (cmd -0.1)
0.184,-2.8,1.26,0.0,-49.73,0.37,0.0,-49.7,-2.8,0.0 (cmd 1.3),0.0 (cmd 0.4)
0.1845,-3.04,-0.01,0.0,-52.33,0.85,0.0,-52.3,-3.0,0.0 (cmd -0.0),0.0 (cmd 0.8)
0.185,-3.29,-0.61,0.0,-52.78,1.11,0.0,-52.8,-3.3,0.0 (cmd -0.6),0.0 (cmd 1.1)
0.1855,-3.64,-1.12,0.0,-51.77,1.4,0.0,-51.8,-3.6,0.0 (cmd -1.1),0.0 (cmd 1.4)
0.186,-3.64,-1.52,0.0,-48.51,1.72,0.0,-48.5,-3.6,0.0 (cmd -1.5),0.0 (cmd 1.7)
0.1865,-3.87,-1.9,0.0,-43.87,2.02,0.0,-43.9,-3.9,0.0 (cmd -1.9),0.0 (cmd 2.0)
0.187,-3.31,-2.34,0.0,-39.0,2.43,0.0,-39.0,-3.3,0.0 (cmd -2.3),0.0 (cmd 2.4)
0.1875,-2.76,-3.06,0.0,-32.69,2.98,0.0,-32.7,-2.8,0.0 (cmd -3.1),0.0 (cmd 3.0)
0.188,-2.45,-3.54,0.0,-18.37,3.33,0.0,-18.4,-2.5,0.0 (cmd -3.5),0.0 (cmd 3.3)
0.1885,-2.17,-4.2,0.0,-10.74,4.02,0.0,-10.7,-2.2,0.0 (cmd -4.2),0.0 (cmd 4.0)
0.189,-1.98,-4.43,0.0,-8.54,4.1,0.0,-8.5,-2.0,0.0 (cmd -4.4),0.0 (cmd 4.1)
0.1895,-1.8,-3.88,0.0,-8.43,3.4,0.0,-8.4,-1.8,0.0 (cmd -3.9),0.0 (cmd 3.4)
0.19,-2.4,-3.24,0.0,-5.29,2.85,0.0,-5.3,-2.4,0.0 (cmd -3.2),0.0 (cmd 2.9)
0.1905,-3.58,-2.96,0.0,-4.4,2.91,0.0,-4.4,-3.6,0.0 (cmd -3.0),0.0 (cmd 2.9)
0.191,-4.06,-2.31,0.0,-4.59,2.49,0.0,-4.6,-4.1,0.0 (cmd -2.3),0.0 (cmd 2.5)
0.1915,-3.81,-1.78,0.0,-5.11,1.82,0.0,-5.1,-3.8,0.0 (cmd -1.8),0.0 (cmd 1.8)
0.192,-3.58,-1.22,0.0,-5.32,1.29,0.0,-5.3,-3.6,0.0 (cmd -1.2),0.0 (cmd 1.3)
0.1925,-3.58,-0.57,0.0,-5.33,0.81,0.0,-5.3,-3.6,0.0 (cmd -0.6),0.0 (cmd 0.8)
0.193,-3.44,0.08,0.0,-5.42,0.43,0.0,-5.4,-3.4,0.0 (cmd 0.1),0.0 (cmd 0.4)
0.1935,-3.51,0.7,0.0,-5.65,0.08,0.0,-5.7,-3.5,0.0 (cmd 0.7),0.0 (cmd 0.1)
0.194,-3.65,1.13,0.0,-5.75,-0.17,0.0,-5.8,-3.6,0.0 (cmd 1.1),0.0 (cmd -0.2)
0.1945,-3.73,1.46,0.0,-5.9,-0.37,0.0,-5.9,-3.7,0.0 (cmd 1.5),0.0 (cmd -0.4)
0.195,-4.01,1.72,0.0,-5.99,-0.5,0.0,-6.0,-4.0,0.0 (cmd 1.7),0.0 (cmd -0.5)
0.1955,-4.11,1.91,0.0,-6.0,-0.61,0.0,-6.0,-4.1,0.0 (cmd 1.9),0.0 (cmd -0.6)
0.196,-4.21,2.06,0.0,-6.02,-0.71,0.0,-6.0,-4.2,0.0 (cmd 2.1),0.0 (cmd -0.7)
0.1965,-4.25,2.19,0.0,-6.0,-0.79,0.0,-6.0,-4.2,0.0 (cmd 2.2),0.0 (cmd -0.8)
0.197,-4.23,2.26,0.0,-5.82,-0.86,0.0,-5.8,-4.2,0.0 (cmd 2.3),0.0 (cmd -0.9)
0.1975,-4.23,2.29,0.0,-5.75,-0.89,0.0,-5.8,-4.2,0.0 (cmd 2.3),0.0 (cmd -0.9)
0.198,-4.25,2.34,0.0,-5.62,-0.93,0.0,-5.6,-4.2,0.0 (cmd 2.3),0.0 (cmd -0.9)
0.1985,-4.29,2.39,0.0,-5.58,-0.97,0.0,-5.6,-4.3,0.0 (cmd 2.4),0.0 (cmd -1.0)
0.199,-4.35,2.48,0.0,-5.59,-1.03,0.0,-5.6,-4.3,0.0 (cmd 2.5),0.0 (cmd -1.0)
0.1995,-4.43,2.53,0.0,-5.49,-1.06,0.0,-5.5,-4.4,0.0 (cmd 2.5),0.0 (cmd -1.1)
0.2,-4.43,2.54,0.0,-5.38,-1.07,0.0,-5.4,-4.4,0.0 (cmd 2.5),0.0 (cmd -1.1)
0.2005,-4.39,2.59,0.0,-5.26,-1.12,0.0,-5.3,-4.4,0.0 (cmd 2.6),0.0 (cmd -1.1)
0.201,-4.35,2.63,0.0,-5.22,-1.15,0.0,-5.2,-4.3,0.0 (cmd 2.6),0.0 (cmd -1.1)
0.2015,-4.28,2.7,0.0,-5.29,-1.21,0.0,-5.3,-4.3,0.0 (cmd 2.7),0.0 (cmd -1.2)
0.202,-4.09,2.8,0.0,-5.42,-1.29,0.0,-5.4,-4.1,0.0 (cmd 2.8),0.0 (cmd -1.3)
0.2025,-3.77,2.91,0.0,-5.84,-1.38,0.0,-5.8,-3.8,0.0 (cmd 2.9),0.0 (cmd -1.4)
0.203,-3.71,3.02,0.0,-6.15,-1.46,0.0,-6.2,-3.7,0.0 (cmd 3.0),0.0 (cmd -1.5)
0.2035,-3.72,3.01,0.0,-6.39,-1.43,0.0,-6.4,-3.7,0.0 (cmd 3.0),0.0 (cmd -1.4)
0.204,-3.51,2.95,0.0,-6.68,-1.38,0.0,-6.7,-3.5,0.0 (cmd 3.0),0.0 (cmd -1.4)
0.2045,-3.83,2.88,0.0,-6.62,-1.36,0.0,-6.6,-3.8,0.0 (cmd 2.9),0.0 (cmd -1.4)
0.205,-7.47,2.56,0.0,-6.09,-1.02,0.0,-6.1,-7.5,0.0 (cmd 2.6),0.0 (cmd -1.0)
0.2055,-31.2,1.81,0.0,-5.12,0.13,0.0,-5.1,-31.2,0.0 (cmd 1.8),0.0 (cmd 0.1)
0.206,-48.69,0.34,0.0,-4.32,3.96,0.0,-4.3,-48.7,0.0 (cmd 0.3),0.0 (cmd 4.0)
0.2065,-52.15,-0.21,0.0,-3.95,4.26,0.0,-4.0,-52.1,0.0 (cmd -0.2),0.0 (cmd 4.3)
0.207,-55.19,0.61,0.0,-3.71,1.73,0.0,-3.7,-55.2,0.0 (cmd 0.6),0.0 (cmd 1.7)
0.2075,-55.3,2.95,0.0,-3.89,-1.43,0.0,-3.9,-55.3,0.0 (cmd 3.0),0.0 (cmd -1.4)
0.208,-50.95,6.73,0.0,-4.06,-4.58,0.0,-4.1,-51.0,0.0 (cmd 6.7),0.0 (cmd -4.6)
0.2085,-46.4,9.87,0.0,-4.3,-6.31,0.0,-4.3,-46.4,0.0 (cmd 9.9),0.0 (cmd -6.3)
0.209,-37.85,11.03,0.0,-4.89,-7.0,0.0,-4.9,-37.9,0.0 (cmd 11.0),0.0 (cmd -7.0)
0.2095,-24.48,10.8,0.0,-6.2,-7.5,0.0,-6.2,-24.5,0.0 (cmd 10.8),0.0 (cmd -7.5)
0.21,-15.09,10.09,0.0,-7.74,-7.8,0.0,-7.7,-15.1,0.0 (cmd 10.1),0.0 (cmd -7.8)
0.2105,-8.48,8.98,0.0,-16.1,-7.7,0.0,-16.1,-8.5,0.0 (cmd 9.0),0.0 (cmd -7.7)
0.211,-7.69,9.94,0.0,-24.86,-7.51,0.0,-24.9,-7.7,0.0 (cmd 9.9),0.0 (cmd -7.5)
0.2115,-6.71,10.84,0.0,-30.97,-6.97,0.0,-31.0,-6.7,0.0 (cmd 10.8),0.0 (cmd -7.0)
0.212,-6.28,9.52,0.0,-38.07,-5.64,0.0,-38.1,-6.3,0.0 (cmd 9.5),0.0 (cmd -5.6)
0.2125,-5.67,8.74,0.0,-45.26,-4.46,0.0,-45.3,-5.7,0.0 (cmd 8.7),0.0 (cmd -4.5)
0.213,-4.2,6.6,0.0,-49.72,-2.72,0.0,-49.7,-4.2,0.0 (cmd 6.6),0.0 (cmd -2.7)
0.2135,-3.61,4.18,0.0,-51.29,-1.33,0.0,-51.3,-3.6,0.0 (cmd 4.2),0.0 (cmd -1.3)
0.214,-3.82,1.05,0.0,-50.51,-0.11,0.0,-50.5,-3.8,0.0 (cmd 1.1),0.0 (cmd -0.1)
0.2145,-4.4,-1.33,0.0,-45.67,0.66,0.0,-45.7,-4.4,0.0 (cmd -1.3),0.0 (cmd 0.7)
0.215,-4.9,-2.22,0.0,-40.24,1.16,0.0,-40.2,-4.9,0.0 (cmd -2.2),0.0 (cmd 1.2)
0.2155,-5.03,-3.05,0.0,-31.75,2.17,0.0,-31.8,-5.0,0.0 (cmd -3.0),0.0 (cmd 2.2)
0.216,-5.8,-3.19,0.0,-27.73,2.65,0.0,-27.7,-5.8,0.0 (cmd -3.2),0.0 (cmd 2.6)
0.2165,-8.95,-3.05,0.0,-9.96,2.94,0.0,-10.0,-8.9,0.0 (cmd -3.0),0.0 (cmd 2.9)
0.217,-12.65,-3.64,0.0,-8.65,4.56,0.0,-8.7,-12.7,0.0 (cmd -3.6),0.0 (cmd 4.6)
0.2175,-19.98,-2.05,0.0,-10.15,4.66,0.0,-10.2,-20.0,0.0 (cmd -2.0),0.0 (cmd 4.7)
0.218,-30.04,-1.27,0.0,-9.34,4.04,0.0,-9.3,-30.0,0.0 (cmd -1.3),0.0 (cmd 4.0)
0.2185,-39.81,0.0,0.0,-8.69,5.49,0.0,-8.7,-39.8,0.0 (cmd 0.0),0.0 (cmd 5.5)
0.219,-45.87,0.18,0.0,-8.0,5.38,0.0,-8.0,-45.9,0.0 (cmd 0.2),0.0 (cmd 5.4)
0.2195,-52.27,0.2,0.0,-7.01,4.72,0.0,-7.0,-52.3,0.0 (cmd 0.2),0.0 (cmd 4.7)
0.22,-57.5,0.39,0.0,-6.41,3.35,0.0,-6.4,-57.5,0.0 (cmd 0.4),0.0 (cmd 3.4)
0.2205,-58.66,1.61,0.0,-6.35,1.21,0.0,-6.3,-58.7,0.0 (cmd 1.6),0.0 (cmd 1.2)
0.221,-56.64,5.35,0.0,-6.82,-2.49,0.0,-6.8,-56.6,0.0 (cmd 5.3),0.0 (cmd -2.5)
0.2215,-50.51,9.1,0.0,-6.91,-5.28,0.0,-6.9,-50.5,0.0 (cmd 9.1),0.0 (cmd -5.3)
0.222,-39.85,10.26,0.0,-6.93,-6.45,0.0,-6.9,-39.9,0.0 (cmd 10.3),0.0 (cmd -6.5)
0.2225,-30.14,9.91,0.0,-7.7,-7.14,0.0,-7.7,-30.1,0.0 (cmd 9.9),0.0 (cmd -7.1)
0.223,-19.67,8.8,0.0,-9.38,-7.58,0.0,-9.4,-19.7,0.0 (cmd 8.8),0.0 (cmd -7.6)
0.2235,-9.72,8.17,0.0,-13.37,-7.31,0.0,-13.4,-9.7,0.0 (cmd 8.2),0.0 (cmd -7.3)
0.224,-7.81,8.58,0.0,-18.16,-7.25,0.0,-18.2,-7.8,0.0 (cmd 8.6),0.0 (cmd -7.2)
0.2245,-6.31,9.58,0.0,-27.79,-6.84,0.0,-27.8,-6.3,0.0 (cmd 9.6),0.0 (cmd -6.8)
0.225,-5.6,9.33,0.0,-35.41,-5.97,0.0,-35.4,-5.6,0.0 (cmd 9.3),0.0 (cmd -6.0)
0.2255,-4.78,8.62,0.0,-40.79,-4.82,0.0,-40.8,-4.8,0.0 (cmd 8.6),0.0 (cmd -4.8)
0.226,-4.76,7.38,0.0,-45.13,-3.42,0.0,-45.1,-4.8,0.0 (cmd 7.4),0.0 (cmd -3.4)
0.2265,-4.71,4.23,0.0,-51.07,-1.5,0.0,-51.1,-4.7,0.0 (cmd 4.2),0.0 (cmd -1.5)
0.227,-4.39,2.56,0.0,-52.74,-0.53,0.0,-52.7,-4.4,0.0 (cmd 2.6),0.0 (cmd -0.5)
0.2275,-4.41,0.19,0.0,-52.45,0.26,0.0,-52.5,-4.4,0.0 (cmd 0.2),0.0 (cmd 0.3)
0.228,-4.83,-1.62,0.0,-49.39,0.88,0.0,-49.4,-4.8,0.0 (cmd -1.6),0.0 (cmd 0.9)
0.2285,-5.13,-2.3,0.0,-42.05,1.36,0.0,-42.0,-5.1,0.0 (cmd -2.3),0.0 (cmd 1.4)
0.229,-5.58,-2.76,0.0,-35.64,2.01,0.0,-35.6,-5.6,0.0 (cmd -2.8),0.0 (cmd 2.0)
0.2295,-6.12,-3.41,0.0,-28.07,3.03,0.0,-28.1,-6.1,0.0 (cmd -3.4),0.0 (cmd 3.0)
0.23,-8.79,-3.18,0.0,-15.18,3.24,0.0,-15.2,-8.8,0.0 (cmd -3.2),0.0 (cmd 3.2)
0.2305,-13.7,-3.33,0.0,-11.5,4.09,0.0,-11.5,-13.7,0.0 (cmd -3.3),0.0 (cmd 4.1)
0.231,-19.14,-2.38,0.0,-12.09,4.48,0.0,-12.1,-19.1,0.0 (cmd -2.4),0.0 (cmd 4.5)
0.2315,-23.16,-1.47,0.0,-11.46,4.12,0.0,-11.5,-23.2,0.0 (cmd -1.5),0.0 (cmd 4.1)
0.232,-33.73,-0.61,0.0,-11.18,4.32,0.0,-11.2,-33.7,0.0 (cmd -0.6),0.0 (cmd 4.3)
0.2325,-39.41,0.2,0.0,-11.15,4.77,0.0,-11.2,-39.4,0.0 (cmd 0.2),0.0 (cmd 4.8)
0.233,-43.77,0.56,0.0,-11.35,4.19,0.0,-11.3,-43.8,0.0 (cmd 0.6),0.0 (cmd 4.2)
0.2335,-49.34,0.83,0.0,-11.4,3.33,0.0,-11.4,-49.3,0.0 (cmd 0.8),0.0 (cmd 3.3)
0.234,-52.12,1.57,0.0,-11.2,1.85,0.0,-11.2,-52.1,0.0 (cmd 1.6),0.0 (cmd 1.9)
0.2345,-52.77,3.17,0.0,-10.92,0.0,0.0,-10.9,-52.8,0.0 (cmd 3.2),0.0 (cmd 0.0)
0.235,-50.64,5.81,0.0,-10.83,-2.35,0.0,-10.8,-50.6,0.0 (cmd 5.8),0.0 (cmd -2.4)
0.2355,-45.21,8.19,0.0,-11.1,-4.3,0.0,-11.1,-45.2,0.0 (cmd 8.2),0.0 (cmd -4.3)
0.236,-37.53,9.12,0.0,-11.12,-5.47,0.0,-11.1,-37.5,0.0 (cmd 9.1),0.0 (cmd -5.5)
0.2365,-33.71,9.02,0.0,-11.2,-5.97,0.0,-11.2,-33.7,0.0 (cmd 9.0),0.0 (cmd -6.0)
0.237,-29.4,8.61,0.0,-12.66,-6.16,0.0,-12.7,-29.4,0.0 (cmd 8.6),0.0 (cmd -6.2)
0.2375,-12.47,8.73,0.0,-13.12,-6.1,0.0,-13.1,-12.5,0.0 (cmd 8.7),0.0 (cmd -6.1)
0.238,-8.76,6.84,0.0,-18.85,-6.39,0.0,-18.9,-8.8,0.0 (cmd 6.8),0.0 (cmd -6.4)
0.2385,-8.41,8.14,0.0,-24.08,-6.26,0.0,-24.1,-8.4,0.0 (cmd 8.1),0.0 (cmd -6.3)
0.239,-8.81,7.77,0.0,-28.78,-5.21,0.0,-28.8,-8.8,0.0 (cmd 7.8),0.0 (cmd -5.2)
0.2395,-8.29,7.57,0.0,-33.85,-4.3,0.0,-33.9,-8.3,0.0 (cmd 7.6),0.0 (cmd -4.3)
0.24,-8.05,6.4,0.0,-41.28,-3.16,0.0,-41.3,-8.1,0.0 (cmd 6.4),0.0 (cmd -3.2)
0.2405,-7.95,5.18,0.0,-45.64,-2.03,0.0,-45.6,-8.0,0.0 (cmd 5.2),0.0 (cmd -2.0)
0.241,-6.66,3.12,0.0,-48.48,-0.96,0.0,-48.5,-6.7,0.0 (cmd 3.1),0.0 (cmd -1.0)
0.2415,-5.96,1.15,0.0,-48.4,-0.17,0.0,-48.4,-6.0,0.0 (cmd 1.1),0.0 (cmd -0.2)
0.242,-5.76,-1.14,0.0,-46.03,0.53,0.0,-46.0,-5.8,0.0 (cmd -1.1),0.0 (cmd 0.5)
0.2425,-5.3,-2.22,0.0,-39.97,0.97,0.0,-40.0,-5.3,0.0 (cmd -2.2),0.0 (cmd 1.0)
0.243,-5.73,-2.88,0.0,-34.06,1.57,0.0,-34.1,-5.7,0.0 (cmd -2.9),0.0 (cmd 1.6)
0.2435,-6.05,-3.08,0.0,-24.98,2.22,0.0,-25.0,-6.0,0.0 (cmd -3.1),0.0 (cmd 2.2)
0.244,-9.89,-3.67,0.0,-14.26,3.24,0.0,-14.3,-9.9,0.0 (cmd -3.7),0.0 (cmd 3.2)
0.2445,-14.09,-3.11,0.0,-10.94,4.24,0.0,-10.9,-14.1,0.0 (cmd -3.1),0.0 (cmd 4.2)
0.245,-23.16,-2.04,0.0,-11.63,4.36,0.0,-11.6,-23.2,0.0 (cmd -2.0),0.0 (cmd 4.4)
0.2455,-27.83,-0.72,0.0,-9.99,4.87,0.0,-10.0,-27.8,0.0 (cmd -0.7),0.0 (cmd 4.9)
0.246,-33.62,-0.5,0.0,-8.8,4.31,0.0,-8.8,-33.6,0.0 (cmd -0.5),0.0 (cmd 4.3)
0.2465,-45.71,0.16,0.0,-8.28,5.4,0.0,-8.3,-45.7,0.0 (cmd 0.2),0.0 (cmd 5.4)
0.247,-50.33,0.2,0.0,-7.46,4.78,0.0,-7.5,-50.3,0.0 (cmd 0.2),0.0 (cmd 4.8)
0.2475,-54.75,0.42,0.0,-6.72,3.44,0.0,-6.7,-54.8,0.0 (cmd 0.4),0.0 (cmd 3.4)
0.248,-56.54,1.59,0.0,-6.76,1.36,0.0,-6.8,-56.5,0.0 (cmd 1.6),0.0 (cmd 1.4)
0.2485,-55.34,4.88,0.0,-7.14,-1.96,0.0,-7.1,-55.3,0.0 (cmd 4.9),0.0 (cmd -2.0)
0.249,-48.74,8.76,0.0,-7.26,-4.97,0.0,-7.3,-48.7,0.0 (cmd 8.8),0.0 (cmd -5.0)
0.2495,-40.65,9.9,0.0,-7.45,-5.99,0.0,-7.5,-40.6,0.0 (cmd 9.9),0.0 (cmd -6.0)
0.25,-31.94,9.97,0.0,-7.95,-6.7,0.0,-8.0,-31.9,0.0 (cmd 10.0),0.0 (cmd -6.7)
0.2505,-19.67,9.03,0.0,-9.05,-7.33,0.0,-9.1,-19.7,0.0 (cmd 9.0),0.0 (cmd -7.3)
0.251,-11.67,8.02,0.0,-11.07,-7.23,0.0,-11.1,-11.7,0.0 (cmd 8.0),0.0 (cmd -7.2)
0.2515,-7.39,7.62,0.0,-15.78,-6.98,0.0,-15.8,-7.4,0.0 (cmd 7.6),0.0 (cmd -7.0)
0.252,-6.93,8.52,0.0,-20.82,-6.51,0.0,-20.8,-6.9,0.0 (cmd 8.5),0.0 (cmd -6.5)
0.2525,-5.7,8.82,0.0,-27.51,-5.93,0.0,-27.5,-5.7,0.0 (cmd 8.8),0.0 (cmd -5.9)
0.253,-5.21,8.11,0.0,-31.35,-4.84,0.0,-31.4,-5.2,0.0 (cmd 8.1),0.0 (cmd -4.8)
0.2535,-4.1,6.91,0.0,-39.59,-3.62,0.0,-39.6,-4.1,0.0 (cmd 6.9),0.0 (cmd -3.6)
0.254,-3.9,6.22,0.0,-44.1,-2.69,0.0,-44.1,-3.9,0.0 (cmd 6.2),0.0 (cmd -2.7)
0.2545,-3.16,4.03,0.0,-49.97,-1.31,0.0,-50.0,-3.2,0.0 (cmd 4.0),0.0 (cmd -1.3)
0.255,-3.01,1.82,0.0,-51.41,-0.29,0.0,-51.4,-3.0,0.0 (cmd 1.8),0.0 (cmd -0.3)
0.2555,-3.35,-0.39,0.0,-50.74,0.44,0.0,-50.7,-3.4,0.0 (cmd -0.4),0.0 (cmd 0.4)
0.256,-3.93,-1.75,0.0,-47.56,1.0,0.0,-47.6,-3.9,0.0 (cmd -1.8),0.0 (cmd 1.0)
0.2565,-4.55,-2.07,0.0,-41.58,1.45,0.0,-41.6,-4.5,0.0 (cmd -2.1),0.0 (cmd 1.4)
0.257,-4.89,-2.74,0.0,-33.6,2.18,0.0,-33.6,-4.9,0.0 (cmd -2.7),0.0 (cmd 2.2)
0.2575,-6.55,-3.3,0.0,-23.7,3.31,0.0,-23.7,-6.5,0.0 (cmd -3.3),0.0 (cmd 3.3)
0.258,-8.48,-3.35,0.0,-14.26,3.99,0.0,-14.3,-8.5,0.0 (cmd -3.4),0.0 (cmd 4.0)
0.2585,-12.13,-3.4,0.0,-10.21,4.26,0.0,-10.2,-12.1,0.0 (cmd -3.4),0.0 (cmd 4.3)
0.259,-22.06,-1.72,0.0,-9.36,5.2,0.0,-9.4,-22.1,0.0 (cmd -1.7),0.0 (cmd 5.2)
0.2595,-27.92,-1.06,0.0,-7.87,5.18,0.0,-7.9,-27.9,0.0 (cmd -1.1),0.0 (cmd 5.2)
0.26,-37.58,-0.45,0.0,-6.81,5.27,0.0,-6.8,-37.6,0.0 (cmd -0.5),0.0 (cmd 5.3)
0.2605,-43.85,-0.05,0.0,-6.44,5.12,0.0,-6.4,-43.9,0.0 (cmd -0.1),0.0 (cmd 5.1)
0.261,-47.89,0.09,0.0,-6.02,4.37,0.0,-6.0,-47.9,0.0 (cmd 0.1),0.0 (cmd 4.4)
0.2615,-51.79,0.46,0.0,-5.98,3.03,0.0,-6.0,-51.8,0.0 (cmd 0.5),0.0 (cmd 3.0)
0.262,-51.75,2.53,0.0,-6.21,0.24,0.0,-6.2,-51.8,0.0 (cmd 2.5),0.0 (cmd 0.2)
0.2625,-47.93,6.06,0.0,-6.55,-2.94,0.0,-6.5,-47.9,0.0 (cmd 6.1),0.0 (cmd -2.9)
0.263,-43.31,8.9,0.0,-6.87,-5.15,0.0,-6.9,-43.3,0.0 (cmd 8.9),0.0 (cmd -5.2)
0.2635,-35.14,9.63,0.0,-7.2,-6.2,0.0,-7.2,-35.1,0.0 (cmd 9.6),0.0 (cmd -6.2)
0.264,-30.97,9.62,0.0,-8.26,-6.39,0.0,-8.3,-31.0,0.0 (cmd 9.6),0.0 (cmd -6.4)
0.2645,-22.06,9.41,0.0,-10.2,-6.83,0.0,-10.2,-22.1,0.0 (cmd 9.4),0.0 (cmd -6.8)
0.265,-17.8,8.91,0.0,-15.0,-7.02,0.0,-15.0,-17.8,0.0 (cmd 8.9),0.0 (cmd -7.0)
0.2655,-9.74,9.52,0.0,-21.14,-6.63,0.0,-21.1,-9.7,0.0 (cmd 9.5),0.0 (cmd -6.6)
0.266,-8.79,10.05,0.0,-25.79,-6.9,0.0,-25.8,-8.8,0.0 (cmd 10.1),0.0 (cmd -6.9)
0.2665,-8.9,8.95,0.0,-36.54,-5.59,0.0,-36.5,-8.9,0.0 (cmd 8.9),0.0 (cmd -5.6)
0.267,-9.4,9.06,0.0,-43.8,-4.7,0.0,-43.8,-9.4,0.0 (cmd 9.1),0.0 (cmd -4.7)
0.2675,-8.51,7.13,0.0,-47.85,-3.1,0.0,-47.9,-8.5,0.0 (cmd 7.1),0.0 (cmd -3.1)
0.268,-7.51,5.15,0.0,-50.91,-1.71,0.0,-50.9,-7.5,0.0 (cmd 5.2),0.0 (cmd -1.7)
0.2685,-7.09,2.46,0.0,-53.32,-0.52,0.0,-53.3,-7.1,0.0 (cmd 2.5),0.0 (cmd -0.5)
0.269,-7.23,0.1,0.0,-52.13,0.27,0.0,-52.1,-7.2,0.0 (cmd 0.1),0.0 (cmd 0.3)
0.2695,-7.38,-1.66,0.0,-49.65,0.87,0.0,-49.6,-7.4,0.0 (cmd -1.7),0.0 (cmd 0.9)
0.27,-7.33,-2.44,0.0,-44.03,1.4,0.0,-44.0,-7.3,0.0 (cmd -2.4),0.0 (cmd 1.4)
0.2705,-7.17,-2.86,0.0,-35.06,1.9,0.0,-35.1,-7.2,0.0 (cmd -2.9),0.0 (cmd 1.9)
0.271,-7.36,-3.34,0.0,-27.5,2.56,0.0,-27.5,-7.4,0.0 (cmd -3.3),0.0 (cmd 2.6)
0.2715,-8.55,-3.87,0.0,-18.13,3.56,0.0,-18.1,-8.6,0.0 (cmd -3.9),0.0 (cmd 3.6)
0.272,-12.76,-3.63,0.0,-11.1,4.03,0.0,-11.1,-12.8,0.0 (cmd -3.6),0.0 (cmd 4.0)
0.2725,-18.92,-2.89,0.0,-11.51,4.22,0.0,-11.5,-18.9,0.0 (cmd -2.9),0.0 (cmd 4.2)
0.273,-23.15,-1.36,0.0,-11.38,4.46,0.0,-11.4,-23.1,0.0 (cmd -1.4),0.0 (cmd 4.5)
0.2735,-32.55,-1.07,0.0,-10.46,3.76,0.0,-10.5,-32.5,0.0 (cmd -1.1),0.0 (cmd 3.8)
0.274,-38.46,0.0,0.0,-9.49,4.68,0.0,-9.5,-38.5,0.0 (cmd 0.0),0.0 (cmd 4.7)
0.2745,-42.73,0.25,0.0,-8.73,4.08,0.0,-8.7,-42.7,0.0 (cmd 0.2),0.0 (cmd 4.1)
0.275,-46.89,0.44,0.0,-7.77,3.33,0.0,-7.8,-46.9,0.0 (cmd 0.4),0.0 (cmd 3.3)
0.2755,-48.88,0.97,0.0,-7.35,2.28,0.0,-7.3,-48.9,0.0 (cmd 1.0),0.0 (cmd 2.3)
0.276,-48.01,3.38,0.0,-7.41,-0.37,0.0,-7.4,-48.0,0.0 (cmd 3.4),0.0 (cmd -0.4)
0.2765,-44.65,6.42,0.0,-7.4,-3.05,0.0,-7.4,-44.6,0.0 (cmd 6.4),0.0 (cmd -3.0)
0.277,-37.23,8.4,0.0,-7.38,-5.01,0.0,-7.4,-37.2,0.0 (cmd 8.4),0.0 (cmd -5.0)
0.2782,-33.9,8.51,0.0,-7.51,-5.21,0.0,-7.5,-33.9,0.0 (cmd 8.5),0.0 (cmd -5.2)
0.2787,-10.69,10.4,0.0,-16.12,-6.58,0.0,-16.1,-10.7,0.0 (cmd 10.4),0.0 (cmd -6.6)
0.2797,-10.31,10.55,0.0,-18.38,-6.61,0.0,-18.4,-10.3,0.0 (cmd 10.6),0.0 (cmd -6.6)
0.2816,-9.68,8.82,0.0,-35.01,-7.44,0.0,-35.0,-9.7,0.0 (cmd 8.8),0.0 (cmd -7.4)
0.2821,-8.01,15.0,0.0,-52.93,-8.34,0.0,-52.9,-8.0,0.0 (cmd 15.0),0.0 (cmd -8.3)
0.2834,-7.06,12.53,0.0,-52.74,-6.71,0.0,-52.7,-7.1,0.0 (cmd 12.5),0.0 (cmd -6.7)
0.2847,-6.61,11.75,0.0,-45.33,-6.19,0.0,-45.3,-6.6,0.0 (cmd 11.8),0.0 (cmd -6.2)
0.2852,-7.02,-2.84,0.0,-19.04,-0.36,0.0,-19.0,-7.0,0.0 (cmd -2.8),0.0 (cmd -0.4)
0.2865,-6.86,-4.3,0.0,-10.45,0.62,0.0,-10.4,-6.9,0.0 (cmd -4.3),0.0 (cmd 0.6)
0.2874,-16.83,-4.42,0.0,-10.55,0.79,0.0,-10.6,-16.8,0.0 (cmd -4.4),0.0 (cmd 0.8)
0.2879,-36.45,-0.6,0.0,-9.61,5.29,0.0,-9.6,-36.5,0.0 (cmd -0.6),0.0 (cmd 5.3)
0.2886,-40.44,-0.13,0.0,-8.79,4.84,0.0,-8.8,-40.4,0.0 (cmd -0.1),0.0 (cmd 4.8)
0.2891,-43.01,0.04,0.0,-7.84,3.87,0.0,-7.8,-43.0,0.0 (cmd 0.0),0.0 (cmd 3.9)
0.2896,-42.66,0.59,0.0,-7.83,2.69,0.0,-7.8,-42.7,0.0 (cmd 0.6),0.0 (cmd 2.7)
0.2901,-38.66,2.92,0.0,-7.9,0.02,0.0,-7.9,-38.7,0.0 (cmd 2.9),0.0 (cmd 0.0)
0.29059999999999997,-34.6,5.45,0.0,-7.9,-2.47,0.0,-7.9,-34.6,0.0 (cmd 5.5),0.0 (cmd -2.5)
0.2911,-26.93,6.8,0.0,-8.04,-4.25,0.0,-8.0,-26.9,0.0 (cmd 6.8),0.0 (cmd -4.2)
0.2916,-21.22,6.93,0.0,-8.39,-4.96,0.0,-8.4,-21.2,0.0 (cmd 6.9),0.0 (cmd -5.0)
0.2921,-14.04,6.91,0.0,-9.05,-4.85,0.0,-9.1,-14.0,0.0 (cmd 6.9),0.0 (cmd -4.8)
0.2926,-9.39,6.48,0.0,-9.88,-5.2,0.0,-9.9,-9.4,0.0 (cmd 6.5),0.0 (cmd -5.2)
0.29309999999999997,-8.53,6.09,0.0,-10.81,-4.87,0.0,-10.8,-8.5,0.0 (cmd 6.1),0.0 (cmd -4.9)
0.2936,-7.95,5.69,0.0,-12.77,-4.25,0.0,-12.8,-8.0,0.0 (cmd 5.7),0.0 (cmd -4.2)
0.29410000000000003,-6.35,5.55,0.0,-15.09,-3.77,0.0,-15.1,-6.3,0.0 (cmd 5.5),0.0 (cmd -3.8)
0.29460000000000003,-4.73,5.69,0.0,-18.08,-3.73,0.0,-18.1,-4.7,0.0 (cmd 5.7),0.0 (cmd -3.7)
0.29510000000000003,-3.45,5.01,0.0,-21.0,-3.0,0.0,-21.0,-3.5,0.0 (cmd 5.0),0.0 (cmd -3.0)
0.2956,-2.48,4.04,0.0,-22.27,-2.33,0.0,-22.3,-2.5,0.0 (cmd 4.0),0.0 (cmd -2.3)
0.29610000000000003,-2.52,3.05,0.0,-22.37,-1.62,0.0,-22.4,-2.5,0.0 (cmd 3.0),0.0 (cmd -1.6)
0.29660000000000003,-2.6,1.32,0.0,-20.32,-0.76,0.0,-20.3,-2.6,0.0 (cmd 1.3),0.0 (cmd -0.8)
0.29710000000000003,-2.66,-0.13,0.0,-17.85,0.01,0.0,-17.9,-2.7,0.0 (cmd -0.1),0.0 (cmd 0.0)
0.29760000000000003,-2.68,-0.8,0.0,-18.29,0.42,0.0,-18.3,-2.7,0.0 (cmd -0.8),0.0 (cmd 0.4)
0.2981,-2.61,-0.38,0.0,-19.82,0.34,0.0,-19.8,-2.6,0.0 (cmd -0.4),0.0 (cmd 0.3)
0.29860000000000003,-2.39,-0.45,0.0,-19.99,0.42,0.0,-20.0,-2.4,0.0 (cmd -0.5),0.0 (cmd 0.4)
0.29910000000000003,-2.38,-0.72,0.0,-19.66,0.59,0.0,-19.7,-2.4,0.0 (cmd -0.7),0.0 (cmd 0.6)
0.29960000000000003,-2.4,-0.93,0.0,-19.57,0.76,0.0,-19.6,-2.4,0.0 (cmd -0.9),0.0 (cmd 0.8)
0.30010000000000003,-2.42,-0.99,0.0,-19.64,0.83,0.0,-19.6,-2.4,0.0 (cmd -1.0),0.0 (cmd 0.8)
0.3006,-2.6,-1.01,0.0,-19.6,0.89,0.0,-19.6,-2.6,0.0 (cmd -1.0),0.0 (cmd 0.9)
0.30110000000000003,-2.76,-1.03,0.0,-19.6,0.97,0.0,-19.6,-2.8,0.0 (cmd -1.0),0.0 (cmd 1.0)
0.30160000000000003,-2.83,-1.02,0.0,-19.7,1.0,0.0,-19.7,-2.8,0.0 (cmd -1.0),0.0 (cmd 1.0)
0.30210000000000004,-2.92,-1.01,0.0,-19.72,1.02,0.0,-19.7,-2.9,0.0 (cmd -1.0),0.0 (cmd 1.0)
0.30260000000000004,-2.98,-1.03,0.0,-19.63,1.04,0.0,-19.6,-3.0,0.0 (cmd -1.0),0.0 (cmd 1.0)
0.3031,-3.03,-1.05,0.0,-19.63,1.06,0.0,-19.6,-3.0,0.0 (cmd -1.1),0.0 (cmd 1.1)
0.30360000000000004,-3.1,-1.03,0.0,-19.72,1.05,0.0,-19.7,-3.1,0.0 (cmd -1.0),0.0 (cmd 1.1)
0.30410000000000004,-3.18,-1.03,0.0,-19.69,1.06,0.0,-19.7,-3.2,0.0 (cmd -1.0),0.0 (cmd 1.1)
0.30460000000000004,-3.22,-1.04,0.0,-19.61,1.07,0.0,-19.6,-3.2,0.0 (cmd -1.0),0.0 (cmd 1.1)
0.30510000000000004,-3.25,-1.05,0.0,-19.59,1.07,0.0,-19.6,-3.2,0.0 (cmd -1.1),0.0 (cmd 1.1)
0.3056,-3.28,-1.04,0.0,-19.59,1.07,0.0,-19.6,-3.3,0.0 (cmd -1.0),0.0 (cmd 1.1)
0.30610000000000004,-3.28,-1.04,0.0,-19.58,1.06,0.0,-19.6,-3.3,0.0 (cmd -1.0),0.0 (cmd 1.1)
0.30660000000000004,-3.24,-1.04,0.0,-19.56,1.06,0.0,-19.6,-3.2,0.0 (cmd -1.0),0.0 (cmd 1.1)
0.30710000000000004,-3.22,-1.05,0.0,-19.53,1.05,0.0,-19.5,-3.2,0.0 (cmd -1.1),0.0 (cmd 1.1)
0.30760000000000004,-3.2,-1.05,0.0,-19.51,1.05,0.0,-19.5,-3.2,0.0 (cmd -1.1),0.0 (cmd 1.1)
0.3081,-3.2,-1.05,0.0,-19.51,1.04,0.0,-19.5,-3.2,0.0 (cmd -1.1),0.0 (cmd 1.0)
0.30860000000000004,-3.23,-1.05,0.0,-19.51,1.04,0.0,-19.5,-3.2,0.0 (cmd -1.1),0.0 (cmd 1.0)
0.30910000000000004,-3.24,-1.04,0.0,-19.55,1.04,0.0,-19.6,-3.2,0.0 (cmd -1.0),0.0 (cmd 1.0)
0.30960000000000004,-3.27,-1.03,0.0,-19.58,1.04,0.0,-19.6,-3.3,0.0 (cmd -1.0),0.0 (cmd 1.0)
0.31010000000000004,-3.32,-1.05,0.0,-19.32,1.05,0.0,-19.3,-3.3,0.0 (cmd -1.1),0.0 (cmd 1.1)
0.3106,-3.39,-1.08,0.0,-18.87,1.08,0.0,-18.9,-3.4,0.0 (cmd -1.1),0.0 (cmd 1.1)
0.31110000000000004,-3.46,-1.12,0.0,-18.38,1.12,0.0,-18.4,-3.5,0.0 (cmd -1.1),0.0 (cmd 1.1)
0.31160000000000004,-3.48,-1.12,0.0,-18.22,1.12,0.0,-18.2,-3.5,0.0 (cmd -1.1),0.0 (cmd 1.1)
0.31210000000000004,-3.54,-1.08,0.0,-18.21,1.09,0.0,-18.2,-3.5,0.0 (cmd -1.1),0.0 (cmd 1.1)
0.31260000000000004,-3.6,-1.03,0.0,-18.14,1.06,0.0,-18.1,-3.6,0.0 (cmd -1.0),0.0 (cmd 1.1)
0.3131,-3.73,-0.98,0.0,-18.1,1.05,0.0,-18.1,-3.7,0.0 (cmd -1.0),0.0 (cmd 1.1)
0.31360000000000005,-3.78,-0.94,0.0,-18.08,1.03,0.0,-18.1,-3.8,0.0 (cmd -0.9),0.0 (cmd 1.0)
0.31410000000000005,-3.77,-0.9,0.0,-18.11,1.0,0.0,-18.1,-3.8,0.0 (cmd -0.9),0.0 (cmd 1.0)
0.31460000000000005,-3.79,-0.87,0.0,-18.14,0.97,0.0,-18.1,-3.8,0.0 (cmd -0.9),0.0 (cmd 1.0)
0.31510000000000005,-3.79,-0.85,0.0,-18.06,0.96,0.0,-18.1,-3.8,0.0 (cmd -0.8),0.0 (cmd 1.0)
0.3156,-3.8,-0.86,0.0,-18.01,0.95,0.0,-18.0,-3.8,0.0 (cmd -0.9),0.0 (cmd 0.9)
0.31610000000000005,-3.77,-0.84,0.0,-17.97,0.94,0.0,-18.0,-3.8,0.0 (cmd -0.8),0.0 (cmd 0.9)
0.31660000000000005,-3.79,-0.84,0.0,-17.91,0.93,0.0,-17.9,-3.8,0.0 (cmd -0.8),0.0 (cmd 0.9)
0.31710000000000005,-3.77,-0.83,0.0,-17.88,0.92,0.0,-17.9,-3.8,0.0 (cmd -0.8),0.0 (cmd 0.9)
0.31760000000000005,-3.72,-0.82,0.0,-17.84,0.91,0.0,-17.8,-3.7,0.0 (cmd -0.8),0.0 (cmd 0.9)
0.31809999999999994,-3.65,-0.82,0.0,-17.81,0.9,0.0,-17.8,-3.6,0.0 (cmd -0.8),0.0 (cmd 0.9)
0.31860000000000005,-3.6,-0.81,0.0,-17.8,0.89,0.0,-17.8,-3.6,0.0 (cmd -0.8),0.0 (cmd 0.9)
0.31910000000000005,-3.55,-0.81,0.0,-17.77,0.88,0.0,-17.8,-3.5,0.0 (cmd -0.8),0.0 (cmd 0.9)
0.3196,-3.49,-0.81,0.0,-17.74,0.88,0.0,-17.7,-3.5,0.0 (cmd -0.8),0.0 (cmd 0.9)
0.32009999999999994,-3.44,-0.8,0.0,-17.73,0.87,0.0,-17.7,-3.4,0.0 (cmd -0.8),0.0 (cmd 0.9)
0.3206,-3.38,-0.8,0.0,-17.7,0.87,0.0,-17.7,-3.4,0.0 (cmd -0.8),0.0 (cmd 0.9)
0.3211,-3.34,-0.81,0.0,-17.65,0.87,0.0,-17.6,-3.3,0.0 (cmd -0.8),0.0 (cmd 0.9)
0.32159999999999994,-3.28,-0.81,0.0,-17.6,0.87,0.0,-17.6,-3.3,0.0 (cmd -0.8),0.0 (cmd 0.9)
0.3221,-3.2,-0.81,0.0,-17.54,0.87,0.0,-17.5,-3.2,0.0 (cmd -0.8),0.0 (cmd 0.9)
0.32259999999999994,-3.13,-0.82,0.0,-17.52,0.86,0.0,-17.5,-3.1,0.0 (cmd -0.8),0.0 (cmd 0.9)
0.3231,-3.04,-0.82,0.0,-17.47,0.86,0.0,-17.5,-3.0,0.0 (cmd -0.8),0.0 (cmd 0.9)
0.3236,-2.99,-0.83,0.0,-17.42,0.86,0.0,-17.4,-3.0,0.0 (cmd -0.8),0.0 (cmd 0.9)
0.32409999999999994,-2.88,-0.83,0.0,-17.4,0.86,0.0,-17.4,-2.9,0.0 (cmd -0.8),0.0 (cmd 0.9)
0.3246,-2.82,-0.83,0.0,-17.37,0.86,0.0,-17.4,-2.8,0.0 (cmd -0.8),0.0 (cmd 0.9)
0.32509999999999994,-2.75,-0.83,0.0,-17.3,0.86,0.0,-17.3,-2.8,0.0 (cmd -0.8),0.0 (cmd 0.9)
0.3256,-2.48,-0.84,0.0,-17.24,0.87,0.0,-17.2,-2.5,0.0 (cmd -0.8),0.0 (cmd 0.9)
0.3261,-2.43,-0.87,0.0,-17.15,0.85,0.0,-17.1,-2.4,0.0 (cmd -0.9),0.0 (cmd 0.8)
0.32659999999999995,-2.37,-0.88,0.0,-17.05,0.86,0.0,-17.1,-2.4,0.0 (cmd -0.9),0.0 (cmd 0.9)
0.3271,-2.3,-0.87,0.0,-17.01,0.87,0.0,-17.0,-2.3,0.0 (cmd -0.9),0.0 (cmd 0.9)
0.32759999999999995,-2.26,-0.87,0.0,-16.98,0.87,0.0,-17.0,-2.3,0.0 (cmd -0.9),0.0 (cmd 0.9)
0.3281,-2.24,-0.86,0.0,-16.96,0.88,0.0,-17.0,-2.2,0.0 (cmd -0.9),0.0 (cmd 0.9)
0.3286,-2.21,-0.85,0.0,-16.94,0.88,0.0,-16.9,-2.2,0.0 (cmd -0.8),0.0 (cmd 0.9)
0.32909999999999995,-2.18,-0.85,0.0,-16.9,0.88,0.0,-16.9,-2.2,0.0 (cmd -0.8),0.0 (cmd 0.9)
0.3296,-2.16,-0.84,0.0,-16.91,0.88,0.0,-16.9,-2.2,0.0 (cmd -0.8),0.0 (cmd 0.9)
0.33009999999999995,-2.22,-0.82,0.0,-17.12,0.88,0.0,-17.1,-2.2,0.0 (cmd -0.8),0.0 (cmd 0.9)
0.3306,-2.28,-0.77,0.0,-17.63,0.87,0.0,-17.6,-2.3,0.0 (cmd -0.8),0.0 (cmd 0.9)
0.3311,-2.36,-0.6,0.0,-18.75,0.78,0.0,-18.8,-2.4,0.0 (cmd -0.6),0.0 (cmd 0.8)
0.33159999999999995,-2.42,-0.29,0.0,-21.74,0.64,0.0,-21.7,-2.4,0.0 (cmd -0.3),0.0 (cmd 0.6)
0.3321,-2.52,0.4,0.0,-26.59,0.34,0.0,-26.6,-2.5,0.0 (cmd 0.4),0.0 (cmd 0.3)
0.33259999999999995,-2.66,1.09,0.0,-33.07,0.1,0.0,-33.1,-2.7,0.0 (cmd 1.1),0.0 (cmd 0.1)
0.3331,-2.7,1.7,0.0,-37.29,-0.03,0.0,-37.3,-2.7,0.0 (cmd 1.7),0.0 (cmd -0.0)
0.3336,-1.93,1.13,0.0,-42.24,0.21,0.0,-42.2,-1.9,0.0 (cmd 1.1),0.0 (cmd 0.2)
0.33409999999999995,-1.86,0.61,0.0,-47.86,0.43,0.0,-47.9,-1.9,0.0 (cmd 0.6),0.0 (cmd 0.4)
0.3346,-1.95,-0.02,0.0,-51.16,0.74,0.0,-51.2,-1.9,0.0 (cmd -0.0),0.0 (cmd 0.7)
0.33509999999999995,-2.23,-0.39,0.0,-54.26,0.94,0.0,-54.3,-2.2,0.0 (cmd -0.4),0.0 (cmd 0.9)
0.3356,-2.73,-0.82,0.0,-56.16,1.18,0.0,-56.2,-2.7,0.0 (cmd -0.8),0.0 (cmd 1.2)
0.3361,-3.26,-1.12,0.0,-55.8,1.43,0.0,-55.8,-3.3,0.0 (cmd -1.1),0.0 (cmd 1.4)
0.33659999999999995,-3.71,-1.45,0.0,-54.17,1.78,0.0,-54.2,-3.7,0.0 (cmd -1.4),0.0 (cmd 1.8)
0.3371,-3.74,-1.83,0.0,-49.22,2.12,0.0,-49.2,-3.7,0.0 (cmd -1.8),0.0 (cmd 2.1)
0.33759999999999996,-2.87,-2.44,0.0,-43.69,2.46,0.0,-43.7,-2.9,0.0 (cmd -2.4),0.0 (cmd 2.5)
0.3381,-2.13,-2.93,0.0,-38.67,2.83,0.0,-38.7,-2.1,0.0 (cmd -2.9),0.0 (cmd 2.8)
0.3386,-1.44,-3.59,0.0,-30.86,3.27,0.0,-30.9,-1.4,0.0 (cmd -3.6),0.0 (cmd 3.3)
0.33909999999999996,-1.28,-3.59,0.0,-23.13,3.22,0.0,-23.1,-1.3,0.0 (cmd -3.6),0.0 (cmd 3.2)
0.3396,-1.15,-4.31,0.0,-13.22,4.09,0.0,-13.2,-1.1,0.0 (cmd -4.3),0.0 (cmd 4.1)
0.34009999999999996,-1.19,-4.4,0.0,-10.68,4.12,0.0,-10.7,-1.2,0.0 (cmd -4.4),0.0 (cmd 4.1)
0.3406,-1.32,-3.83,0.0,-10.96,3.53,0.0,-11.0,-1.3,0.0 (cmd -3.8),0.0 (cmd 3.5)
0.3411,-0.9,-3.29,0.0,-9.88,2.95,0.0,-9.9,-0.9,0.0 (cmd -3.3),0.0 (cmd 3.0)
0.34159999999999996,-0.13,-3.14,0.0,-8.88,2.46,0.0,-8.9,-0.1,0.0 (cmd -3.1),0.0 (cmd 2.5)
0.3421,-0.29,-2.67,0.0,-9.08,2.05,0.0,-9.1,-0.3,0.0 (cmd -2.7),0.0 (cmd 2.0)
0.34259999999999996,-0.59,-2.18,0.0,-8.6,1.76,0.0,-8.6,-0.6,0.0 (cmd -2.2),0.0 (cmd 1.8)
0.3431,-0.63,-1.86,0.0,-7.65,1.56,0.0,-7.7,-0.6,0.0 (cmd -1.9),0.0 (cmd 1.6)
0.3436,-0.67,-1.62,0.0,-7.11,1.39,0.0,-7.1,-0.7,0.0 (cmd -1.6),0.0 (cmd 1.4)
0.34409999999999996,-0.93,-1.34,0.0,-6.37,1.22,0.0,-6.4,-0.9,0.0 (cmd -1.3),0.0 (cmd 1.2)
0.3446,-1.14,-1.04,0.0,-5.56,1.05,0.0,-5.6,-1.1,0.0 (cmd -1.0),0.0 (cmd 1.1)
0.34509999999999996,-1.29,-0.65,0.0,-5.34,0.83,0.0,-5.3,-1.3,0.0 (cmd -0.7),0.0 (cmd 0.8)
0.3456,-1.46,-0.39,0.0,-4.46,0.69,0.0,-4.5,-1.5,0.0 (cmd -0.4),0.0 (cmd 0.7)
0.3461,-1.65,0.06,0.0,-3.69,0.48,0.0,-3.7,-1.6,0.0 (cmd 0.1),0.0 (cmd 0.5)
0.34659999999999996,-1.61,0.22,0.0,-3.03,0.38,0.0,-3.0,-1.6,0.0 (cmd 0.2),0.0 (cmd 0.4)
0.3471,-1.18,0.57,0.0,-2.63,0.1,0.0,-2.6,-1.2,0.0 (cmd 0.6),0.0 (cmd 0.1)
0.34759999999999996,-1.12,1.01,0.0,-2.45,-0.19,0.0,-2.5,-1.1,0.0 (cmd 1.0),0.0 (cmd -0.2)
0.3481,-2.35,1.39,0.0,-2.12,-0.43,0.0,-2.1,-2.4,0.0 (cmd 1.4),0.0 (cmd -0.4)
0.3486,-3.6,1.49,0.0,-1.93,-0.25,0.0,-1.9,-3.6,0.0 (cmd 1.5),0.0 (cmd -0.2)
0.34909999999999997,-5.38,1.93,0.0,-1.92,-0.56,0.0,-1.9,-5.4,0.0 (cmd 1.9),0.0 (cmd -0.6)
0.3496,-11.09,2.0,0.0,-2.12,-0.25,0.0,-2.1,-11.1,0.0 (cmd 2.0),0.0 (cmd -0.2)
0.35009999999999997,-13.68,2.24,0.0,-2.34,-0.25,0.0,-2.3,-13.7,0.0 (cmd 2.2),0.0 (cmd -0.2)
0.3506,-14.3,3.02,0.0,-2.57,-0.9,0.0,-2.6,-14.3,0.0 (cmd 3.0),0.0 (cmd -0.9)
0.3511,-13.81,3.93,0.0,-2.76,-1.7,0.0,-2.8,-13.8,0.0 (cmd 3.9),0.0 (cmd -1.7)
0.35159999999999997,-12.63,4.65,0.0,-2.73,-2.35,0.0,-2.7,-12.6,0.0 (cmd 4.7),0.0 (cmd -2.4)
0.3521,-12.11,5.14,0.0,-2.76,-2.86,0.0,-2.8,-12.1,0.0 (cmd 5.1),0.0 (cmd -2.9)
0.35259999999999997,-9.22,5.48,0.0,-3.23,-3.21,0.0,-3.2,-9.2,0.0 (cmd 5.5),0.0 (cmd -3.2)
0.3531,-7.2,5.7,0.0,-4.16,-3.56,0.0,-4.2,-7.2,0.0 (cmd 5.7),0.0 (cmd -3.6)
0.3536,-5.49,5.84,0.0,-6.89,-3.69,0.0,-6.9,-5.5,0.0 (cmd 5.8),0.0 (cmd -3.7)
0.35409999999999997,-5.23,6.5,0.0,-9.33,-3.96,0.0,-9.3,-5.2,0.0 (cmd 6.5),0.0 (cmd -4.0)
0.3546,-5.11,7.01,0.0,-15.29,-4.04,0.0,-15.3,-5.1,0.0 (cmd 7.0),0.0 (cmd -4.0)
0.35509999999999997,-4.62,6.49,0.0,-18.25,-3.54,0.0,-18.2,-4.6,0.0 (cmd 6.5),0.0 (cmd -3.5)
0.3556,-4.13,5.85,0.0,-19.58,-2.97,0.0,-19.6,-4.1,0.0 (cmd 5.8),0.0 (cmd -3.0)
0.3561,-0.67,4.53,0.0,-20.37,-2.1,0.0,-20.4,-0.7,0.0 (cmd 4.5),0.0 (cmd -2.1)
0.3566,1.0,3.19,0.0,-20.55,-1.63,0.0,-20.6,1.0,0.0 (cmd 3.2),0.0 (cmd -1.6)
0.35710000000000003,2.28,1.86,0.0,-20.25,-1.04,0.0,-20.2,2.3,0.0 (cmd 1.9),0.0 (cmd -1.0)
0.3576,3.2,0.59,0.0,-19.87,-0.48,0.0,-19.9,3.2,0.0 (cmd 0.6),0.0 (cmd -0.5)
0.35810000000000003,4.05,-0.29,0.0,-19.72,-0.09,0.0,-19.7,4.0,0.0 (cmd -0.3),0.0 (cmd -0.1)
0.35860000000000003,4.33,-0.89,0.0,-19.48,0.21,0.0,-19.5,4.3,0.0 (cmd -0.9),0.0 (cmd 0.2)
0.3591,3.78,-1.32,0.0,-19.47,0.61,0.0,-19.5,3.8,0.0 (cmd -1.3),0.0 (cmd 0.6)
0.35960000000000003,3.78,-1.37,0.0,-19.85,0.79,0.0,-19.9,3.8,0.0 (cmd -1.4),0.0 (cmd 0.8)
0.3601,-1.95,-1.35,0.0,-18.4,1.15,0.0,-18.4,-1.9,0.0 (cmd -1.4),0.0 (cmd 1.1)
0.36060000000000003,-6.18,-0.84,0.0,-16.04,1.94,0.0,-16.0,-6.2,0.0 (cmd -0.8),0.0 (cmd 1.9)
0.36110000000000003,-11.91,-0.45,0.0,-14.33,2.79,0.0,-14.3,-11.9,0.0 (cmd -0.5),0.0 (cmd 2.8)
0.3616,-16.94,-0.17,0.0,-11.66,3.32,0.0,-11.7,-16.9,0.0 (cmd -0.2),0.0 (cmd 3.3)
0.36210000000000003,-21.93,0.02,0.0,-9.25,3.55,0.0,-9.2,-21.9,0.0 (cmd 0.0),0.0 (cmd 3.5)
0.3626,-22.81,-0.1,0.0,-7.38,3.44,0.0,-7.4,-22.8,0.0 (cmd -0.1),0.0 (cmd 3.4)
0.36310000000000003,-25.3,-0.1,0.0,-5.34,2.98,0.0,-5.3,-25.3,0.0 (cmd -0.1),0.0 (cmd 3.0)
0.36360000000000003,-29.41,0.26,0.0,-3.56,2.97,0.0,-3.6,-29.4,0.0 (cmd 0.3),0.0 (cmd 3.0)
0.3641,-27.52,0.59,0.0,-2.03,1.81,0.0,-2.0,-27.5,0.0 (cmd 0.6),0.0 (cmd 1.8)
0.36460000000000004,-21.88,2.58,0.0,-1.36,-0.35,0.0,-1.4,-21.9,0.0 (cmd 2.6),0.0 (cmd -0.3)
0.3651,-17.65,4.49,0.0,-0.66,-2.68,0.0,-0.7,-17.6,0.0 (cmd 4.5),0.0 (cmd -2.7)
0.36560000000000004,-15.27,5.23,0.0,-0.44,-3.5,0.0,-0.4,-15.3,0.0 (cmd 5.2),0.0 (cmd -3.5)
0.36610000000000004,-15.55,5.73,0.0,-0.74,-3.88,0.0,-0.7,-15.6,0.0 (cmd 5.7),0.0 (cmd -3.9)
0.3666,-14.45,6.35,0.0,-1.69,-4.19,0.0,-1.7,-14.4,0.0 (cmd 6.3),0.0 (cmd -4.2)
0.36710000000000004,-13.7,6.82,0.0,-4.49,-4.48,0.0,-4.5,-13.7,0.0 (cmd 6.8),0.0 (cmd -4.5)
0.3676,-12.46,7.98,0.0,-12.39,-5.02,0.0,-12.4,-12.5,0.0 (cmd 8.0),0.0 (cmd -5.0)
0.36810000000000004,-10.33,9.6,0.0,-18.11,-5.7,0.0,-18.1,-10.3,0.0 (cmd 9.6),0.0 (cmd -5.7)
0.36860000000000004,-9.29,9.64,0.0,-24.31,-5.51,0.0,-24.3,-9.3,0.0 (cmd 9.6),0.0 (cmd -5.5)
0.3691,-6.97,8.52,0.0,-28.71,-4.63,0.0,-28.7,-7.0,0.0 (cmd 8.5),0.0 (cmd -4.6)
0.36960000000000004,-3.43,7.59,0.0,-31.92,-3.95,0.0,-31.9,-3.4,0.0 (cmd 7.6),0.0 (cmd -4.0)
0.3701,-0.31,5.77,0.0,-34.4,-2.64,0.0,-34.4,-0.3,0.0 (cmd 5.8),0.0 (cmd -2.6)
0.37060000000000004,2.54,3.28,0.0,-34.45,-1.58,0.0,-34.5,2.5,0.0 (cmd 3.3),0.0 (cmd -1.6)
0.37110000000000004,5.05,0.77,0.0,-31.34,-0.72,0.0,-31.3,5.0,0.0 (cmd 0.8),0.0 (cmd -0.7)
0.3716,6.94,-2.16,0.0,-27.27,0.13,0.0,-27.3,6.9,0.0 (cmd -2.2),0.0 (cmd 0.1)
0.37210000000000004,8.11,-3.82,0.0,-20.93,0.8,0.0,-20.9,8.1,0.0 (cmd -3.8),0.0 (cmd 0.8)
0.3726,8.68,-4.04,0.0,-15.95,1.28,0.0,-15.9,8.7,0.0 (cmd -4.0),0.0 (cmd 1.3)
0.37310000000000004,8.33,-3.82,0.0,-14.67,1.62,0.0,-14.7,8.3,0.0 (cmd -3.8),0.0 (cmd 1.6)
0.37360000000000004,4.94,-2.89,0.0,-14.43,2.07,0.0,-14.4,4.9,0.0 (cmd -2.9),0.0 (cmd 2.1)
0.3741,-1.38,-1.99,0.0,-13.38,2.35,0.0,-13.4,-1.4,0.0 (cmd -2.0),0.0 (cmd 2.4)
0.37460000000000004,-4.11,-1.17,0.0,-11.34,3.14,0.0,-11.3,-4.1,0.0 (cmd -1.2),0.0 (cmd 3.1)
0.3751,-8.19,-1.4,0.0,-8.47,2.86,0.0,-8.5,-8.2,0.0 (cmd -1.4),0.0 (cmd 2.9)
0.37560000000000004,-10.61,-0.8,0.0,-7.23,3.53,0.0,-7.2,-10.6,0.0 (cmd -0.8),0.0 (cmd 3.5)
0.37610000000000005,-17.0,-0.52,0.0,-6.07,3.1,0.0,-6.1,-17.0,0.0 (cmd -0.5),0.0 (cmd 3.1)
0.3766,-22.17,-0.24,0.0,-4.62,3.33,0.0,-4.6,-22.2,0.0 (cmd -0.2),0.0 (cmd 3.3)
0.37710000000000005,-26.37,-0.03,0.0,-3.27,3.24,0.0,-3.3,-26.4,0.0 (cmd -0.0),0.0 (cmd 3.2)
0.3776,-28.69,0.25,0.0,-2.16,2.69,0.0,-2.2,-28.7,0.0 (cmd 0.2),0.0 (cmd 2.7)
0.37810000000000005,-26.87,1.0,0.0,-1.38,1.39,0.0,-1.4,-26.9,0.0 (cmd 1.0),0.0 (cmd 1.4)
0.37860000000000005,-21.54,3.52,0.0,-1.04,-1.22,0.0,-1.0,-21.5,0.0 (cmd 3.5),0.0 (cmd -1.2)
0.3791,-19.75,5.08,0.0,-0.53,-2.87,0.0,-0.5,-19.8,0.0 (cmd 5.1),0.0 (cmd -2.9)
0.37960000000000005,-14.6,5.98,0.0,-0.92,-3.88,0.0,-0.9,-14.6,0.0 (cmd 6.0),0.0 (cmd -3.9)
0.3801,-12.52,6.43,0.0,-1.82,-4.37,0.0,-1.8,-12.5,0.0 (cmd 6.4),0.0 (cmd -4.4)
0.38060000000000005,-12.75,7.41,0.0,-6.13,-4.89,0.0,-6.1,-12.8,0.0 (cmd 7.4),0.0 (cmd -4.9)
0.38110000000000005,-10.49,8.43,0.0,-13.84,-5.29,0.0,-13.8,-10.5,0.0 (cmd 8.4),0.0 (cmd -5.3)
0.38159999999999994,-8.81,9.6,0.0,-22.55,-5.72,0.0,-22.6,-8.8,0.0 (cmd 9.6),0.0 (cmd -5.7)
0.3821,-5.53,9.86,0.0,-26.96,-5.6,0.0,-27.0,-5.5,0.0 (cmd 9.9),0.0 (cmd -5.6)
0.38259999999999994,-3.69,8.73,0.0,-32.76,-4.67,0.0,-32.8,-3.7,0.0 (cmd 8.7),0.0 (cmd -4.7)
0.3831,-3.03,6.42,0.0,-36.0,-3.04,0.0,-36.0,-3.0,0.0 (cmd 6.4),0.0 (cmd -3.0)
0.3836,-0.93,4.69,0.0,-37.13,-1.83,0.0,-37.1,-0.9,0.0 (cmd 4.7),0.0 (cmd -1.8)
0.38409999999999994,-0.19,2.07,0.0,-36.23,-0.8,0.0,-36.2,-0.2,0.0 (cmd 2.1),0.0 (cmd -0.8)
0.3846,1.72,-0.4,0.0,-32.24,0.0,0.0,-32.2,1.7,0.0 (cmd -0.4),0.0 (cmd 0.0)
0.38509999999999994,4.05,-2.32,0.0,-27.54,0.63,0.0,-27.5,4.0,0.0 (cmd -2.3),0.0 (cmd 0.6)
0.3856,5.21,-3.48,0.0,-22.55,0.98,0.0,-22.6,5.2,0.0 (cmd -3.5),0.0 (cmd 1.0)
0.3861,5.31,-3.87,0.0,-17.23,1.68,0.0,-17.2,5.3,0.0 (cmd -3.9),0.0 (cmd 1.7)
0.38659999999999994,5.27,-3.64,0.0,-17.2,1.8,0.0,-17.2,5.3,0.0 (cmd -3.6),0.0 (cmd 1.8)
0.3871,3.77,-3.02,0.0,-17.68,1.69,0.0,-17.7,3.8,0.0 (cmd -3.0),0.0 (cmd 1.7)
0.38759999999999994,2.3,-2.22,0.0,-17.91,1.77,0.0,-17.9,2.3,0.0 (cmd -2.2),0.0 (cmd 1.8)
0.3881,-3.53,-1.46,0.0,-15.45,2.38,0.0,-15.4,-3.5,0.0 (cmd -1.5),0.0 (cmd 2.4)
0.3886,-12.17,-1.46,0.0,-10.98,2.73,0.0,-11.0,-12.2,0.0 (cmd -1.5),0.0 (cmd 2.7)
0.38909999999999995,-16.96,-0.57,0.0,-8.96,4.22,0.0,-9.0,-17.0,0.0 (cmd -0.6),0.0 (cmd 4.2)
0.3896,-20.64,-0.52,0.0,-6.72,4.06,0.0,-6.7,-20.6,0.0 (cmd -0.5),0.0 (cmd 4.1)
0.39009999999999995,-23.44,-0.28,0.0,-6.59,3.68,0.0,-6.6,-23.4,0.0 (cmd -0.3),0.0 (cmd 3.7)
0.3906,-24.65,0.06,0.0,-6.4,3.02,0.0,-6.4,-24.6,0.0 (cmd 0.1),0.0 (cmd 3.0)
0.3911,-25.4,0.42,0.0,-5.43,2.11,0.0,-5.4,-25.4,0.0 (cmd 0.4),0.0 (cmd 2.1)
0.39159999999999995,-24.57,1.43,0.0,-4.51,0.87,0.0,-4.5,-24.6,0.0 (cmd 1.4),0.0 (cmd 0.9)
0.3921,-22.7,2.72,0.0,-3.7,-0.43,0.0,-3.7,-22.7,0.0 (cmd 2.7),0.0 (cmd -0.4)
0.39259999999999995,-21.49,3.95,0.0,-3.01,-1.73,0.0,-3.0,-21.5,0.0 (cmd 4.0),0.0 (cmd -1.7)
0.3931,-21.27,4.68,0.0,-1.97,-2.46,0.0,-2.0,-21.3,0.0 (cmd 4.7),0.0 (cmd -2.5)
0.3936,-21.48,5.19,0.0,-1.0,-2.92,0.0,-1.0,-21.5,0.0 (cmd 5.2),0.0 (cmd -2.9)
0.39409999999999995,-21.57,5.56,0.0,-0.27,-3.25,0.0,-0.3,-21.6,0.0 (cmd 5.6),0.0 (cmd -3.2)
0.3946,-21.34,6.0,0.0,0.37,-3.64,0.0,0.4,-21.3,0.0 (cmd 6.0),0.0 (cmd -3.6)
0.39509999999999995,-18.89,6.62,0.0,0.56,-4.18,0.0,0.6,-18.9,0.0 (cmd 6.6),0.0 (cmd -4.2)
0.3956,-18.37,7.03,0.0,0.84,-4.61,0.0,0.8,-18.4,0.0 (cmd 7.0),0.0 (cmd -4.6)
0.3961,-14.05,7.36,0.0,0.36,-4.95,0.0,0.4,-14.1,0.0 (cmd 7.4),0.0 (cmd -5.0)
0.39659999999999995,-13.71,7.69,0.0,-2.49,-5.32,0.0,-2.5,-13.7,0.0 (cmd 7.7),0.0 (cmd -5.3)
0.3971,-11.62,8.28,0.0,-6.94,-5.54,0.0,-6.9,-11.6,0.0 (cmd 8.3),0.0 (cmd -5.5)
0.39759999999999995,-9.69,9.01,0.0,-11.02,-5.81,0.0,-11.0,-9.7,0.0 (cmd 9.0),0.0 (cmd -5.8)
0.3981,-8.75,9.79,0.0,-17.37,-5.97,0.0,-17.4,-8.8,0.0 (cmd 9.8),0.0 (cmd -6.0)
0.3986,-7.74,9.17,0.0,-21.64,-5.33,0.0,-21.6,-7.7,0.0 (cmd 9.2),0.0 (cmd -5.3)
0.39909999999999995,-6.19,8.15,0.0,-25.39,-4.47,0.0,-25.4,-6.2,0.0 (cmd 8.2),0.0 (cmd -4.5)
0.3996,-3.79,7.16,0.0,-28.68,-3.7,0.0,-28.7,-3.8,0.0 (cmd 7.2),0.0 (cmd -3.7)
0.40009999999999996,-2.37,5.5,0.0,-31.26,-2.59,0.0,-31.3,-2.4,0.0 (cmd 5.5),0.0 (cmd -2.6)
0.4006,-1.1,3.41,0.0,-31.73,-1.47,0.0,-31.7,-1.1,0.0 (cmd 3.4),0.0 (cmd -1.5)
0.4011,0.01,1.39,0.0,-30.84,-0.59,0.0,-30.8,0.0,0.0 (cmd 1.4),0.0 (cmd -0.6)
0.40159999999999996,2.11,-0.77,0.0,-27.95,0.03,0.0,-27.9,2.1,0.0 (cmd -0.8),0.0 (cmd 0.0)
0.4021,4.28,-1.97,0.0,-23.1,0.47,0.0,-23.1,4.3,0.0 (cmd -2.0),0.0 (cmd 0.5)
0.40259999999999996,6.15,-3.12,0.0,-19.26,0.91,0.0,-19.3,6.2,0.0 (cmd -3.1),0.0 (cmd 0.9)
0.4031,7.32,-3.64,0.0,-17.43,1.15,0.0,-17.4,7.3,0.0 (cmd -3.6),0.0 (cmd 1.1)
0.4036,7.39,-3.49,0.0,-15.74,1.26,0.0,-15.7,7.4,0.0 (cmd -3.5),0.0 (cmd 1.3)
0.40409999999999996,6.69,-3.05,0.0,-15.59,1.43,0.0,-15.6,6.7,0.0 (cmd -3.0),0.0 (cmd 1.4)
0.4046,5.43,-2.62,0.0,-14.81,1.52,0.0,-14.8,5.4,0.0 (cmd -2.6),0.0 (cmd 1.5)
0.40509999999999996,4.81,-2.27,0.0,-12.85,1.82,0.0,-12.8,4.8,0.0 (cmd -2.3),0.0 (cmd 1.8)
0.4056,-2.1,-1.86,0.0,-10.94,2.1,0.0,-10.9,-2.1,0.0 (cmd -1.9),0.0 (cmd 2.1)
0.4061,-7.8,-0.98,0.0,-8.52,3.09,0.0,-8.5,-7.8,0.0 (cmd -1.0),0.0 (cmd 3.1)
0.40659999999999996,-17.1,-0.08,0.0,-7.3,4.4,0.0,-7.3,-17.1,0.0 (cmd -0.1),0.0 (cmd 4.4)
0.4071,-20.5,-0.11,0.0,-6.26,3.88,0.0,-6.3,-20.5,0.0 (cmd -0.1),0.0 (cmd 3.9)
0.40759999999999996,-23.48,0.14,0.0,-5.61,3.51,0.0,-5.6,-23.5,0.0 (cmd 0.1),0.0 (cmd 3.5)
0.4081,-27.53,0.32,0.0,-5.11,3.11,0.0,-5.1,-27.5,0.0 (cmd 0.3),0.0 (cmd 3.1)
0.4086,-28.37,0.71,0.0,-4.72,2.07,0.0,-4.7,-28.4,0.0 (cmd 0.7),0.0 (cmd 2.1)
0.40909999999999996,-27.09,2.11,0.0,-4.25,0.35,0.0,-4.2,-27.1,0.0 (cmd 2.1),0.0 (cmd 0.3)
0.4096,-23.78,3.91,0.0,-3.66,-1.35,0.0,-3.7,-23.8,0.0 (cmd 3.9),0.0 (cmd -1.4)
0.41009999999999996,-20.12,5.24,0.0,-3.27,-2.8,0.0,-3.3,-20.1,0.0 (cmd 5.2),0.0 (cmd -2.8)
0.4106,-16.14,5.79,0.0,-2.25,-3.69,0.0,-2.2,-16.1,0.0 (cmd 5.8),0.0 (cmd -3.7)
0.4111,-14.7,5.82,0.0,-1.03,-3.99,0.0,-1.0,-14.7,0.0 (cmd 5.8),0.0 (cmd -4.0)
0.41159999999999997,-14.37,5.74,0.0,-0.67,-3.9,0.0,-0.7,-14.4,0.0 (cmd 5.7),0.0 (cmd -3.9)
0.4121,-13.8,5.93,0.0,-0.58,-3.96,0.0,-0.6,-13.8,0.0 (cmd 5.9),0.0 (cmd -4.0)
0.41259999999999997,-14.09,6.3,0.0,-1.55,-4.15,0.0,-1.6,-14.1,0.0 (cmd 6.3),0.0 (cmd -4.2)
0.4131,-14.29,6.7,0.0,-3.0,-4.29,0.0,-3.0,-14.3,0.0 (cmd 6.7),0.0 (cmd -4.3)
0.4136,-13.77,7.28,0.0,-5.07,-4.57,0.0,-5.1,-13.8,0.0 (cmd 7.3),0.0 (cmd -4.6)
0.41409999999999997,-11.18,7.85,0.0,-10.77,-4.84,0.0,-10.8,-11.2,0.0 (cmd 7.8),0.0 (cmd -4.8)
0.4146,-9.96,8.63,0.0,-16.71,-5.25,0.0,-16.7,-10.0,0.0 (cmd 8.6),0.0 (cmd -5.2)
0.41509999999999997,-8.54,9.17,0.0,-20.93,-5.27,0.0,-20.9,-8.5,0.0 (cmd 9.2),0.0 (cmd -5.3)
0.4156,-7.43,8.56,0.0,-24.96,-4.66,0.0,-25.0,-7.4,0.0 (cmd 8.6),0.0 (cmd -4.7)
0.4161,-5.75,7.12,0.0,-28.67,-3.63,0.0,-28.7,-5.8,0.0 (cmd 7.1),0.0 (cmd -3.6)
0.41659999999999997,-3.82,5.52,0.0,-31.12,-2.52,0.0,-31.1,-3.8,0.0 (cmd 5.5),0.0 (cmd -2.5)
0.4171,-2.32,4.01,0.0,-32.35,-1.63,0.0,-32.4,-2.3,0.0 (cmd 4.0),0.0 (cmd -1.6)
0.41759999999999997,-1.04,2.19,0.0,-32.99,-0.86,0.0,-33.0,-1.0,0.0 (cmd 2.2),0.0 (cmd -0.9)
0.4181,-0.39,0.48,0.0,-32.36,-0.24,0.0,-32.4,-0.4,0.0 (cmd 0.5),0.0 (cmd -0.2)
0.4186,-0.15,-1.23,0.0,-30.71,0.46,0.0,-30.7,-0.1,0.0 (cmd -1.2),0.0 (cmd 0.5)
0.4191,0.1,-2.16,0.0,-27.21,0.96,0.0,-27.2,0.1,0.0 (cmd -2.2),0.0 (cmd 1.0)
0.41960000000000003,0.74,-2.49,0.0,-23.83,1.26,0.0,-23.8,0.7,0.0 (cmd -2.5),0.0 (cmd 1.3)
0.4201,1.23,-2.76,0.0,-20.83,1.55,0.0,-20.8,1.2,0.0 (cmd -2.8),0.0 (cmd 1.6)
0.42060000000000003,1.82,-2.86,0.0,-18.51,1.62,0.0,-18.5,1.8,0.0 (cmd -2.9),0.0 (cmd 1.6)
0.42110000000000003,2.65,-2.88,0.0,-17.14,1.71,0.0,-17.1,2.6,0.0 (cmd -2.9),0.0 (cmd 1.7)
0.4216,2.9,-2.72,0.0,-17.02,1.59,0.0,-17.0,2.9,0.0 (cmd -2.7),0.0 (cmd 1.6)
0.42210000000000003,3.12,-2.43,0.0,-17.43,1.46,0.0,-17.4,3.1,0.0 (cmd -2.4),0.0 (cmd 1.5)
0.4226,3.27,-2.19,0.0,-17.41,1.38,0.0,-17.4,3.3,0.0 (cmd -2.2),0.0 (cmd 1.4)
0.42310000000000003,2.65,-1.98,0.0,-16.92,1.37,0.0,-16.9,2.6,0.0 (cmd -2.0),0.0 (cmd 1.4)
0.42360000000000003,1.55,-1.83,0.0,-15.95,1.46,0.0,-15.9,1.6,0.0 (cmd -1.8),0.0 (cmd 1.5)
0.4241,-1.77,-1.57,0.0,-14.93,1.7,0.0,-14.9,-1.8,0.0 (cmd -1.6),0.0 (cmd 1.7)
0.42460000000000003,-4.6,-1.06,0.0,-13.2,2.19,0.0,-13.2,-4.6,0.0 (cmd -1.1),0.0 (cmd 2.2)
0.4251,-7.73,-0.81,0.0,-12.31,2.4,0.0,-12.3,-7.7,0.0 (cmd -0.8),0.0 (cmd 2.4)
0.42560000000000003,-8.19,-0.67,0.0,-11.95,2.27,0.0,-11.9,-8.2,0.0 (cmd -0.7),0.0 (cmd 2.3)
0.42610000000000003,-9.49,-0.43,0.0,-12.07,2.03,0.0,-12.1,-9.5,0.0 (cmd -0.4),0.0 (cmd 2.0)
0.4266,-9.05,-0.27,0.0,-12.44,1.5,0.0,-12.4,-9.1,0.0 (cmd -0.3),0.0 (cmd 1.5)
0.42710000000000004,-8.55,-0.01,0.0,-13.02,1.02,0.0,-13.0,-8.6,0.0 (cmd -0.0),0.0 (cmd 1.0)
0.4276,-7.91,0.48,0.0,-13.89,0.57,0.0,-13.9,-7.9,0.0 (cmd 0.5),0.0 (cmd 0.6)
0.42810000000000004,-7.16,1.36,0.0,-17.97,-0.04,0.0,-18.0,-7.2,0.0 (cmd 1.4),0.0 (cmd -0.0)
0.42860000000000004,-6.8,1.95,0.0,-20.89,-0.44,0.0,-20.9,-6.8,0.0 (cmd 1.9),0.0 (cmd -0.4)
0.4291,-6.49,2.96,0.0,-24.21,-0.94,0.0,-24.2,-6.5,0.0 (cmd 3.0),0.0 (cmd -0.9)
0.42960000000000004,-5.96,2.62,0.0,-25.98,-0.77,0.0,-26.0,-6.0,0.0 (cmd 2.6),0.0 (cmd -0.8)
0.4301,-5.11,1.95,0.0,-28.24,-0.49,0.0,-28.2,-5.1,0.0 (cmd 1.9),0.0 (cmd -0.5)
0.43060000000000004,-5.28,1.27,0.0,-29.48,-0.13,0.0,-29.5,-5.3,0.0 (cmd 1.3),0.0 (cmd -0.1)
0.43110000000000004,-5.85,0.52,0.0,-29.92,0.25,0.0,-29.9,-5.8,0.0 (cmd 0.5),0.0 (cmd 0.2)
0.4316,-6.82,-0.21,0.0,-30.3,0.64,0.0,-30.3,-6.8,0.0 (cmd -0.2),0.0 (cmd 0.6)
0.43210000000000004,-8.15,-0.47,0.0,-30.34,1.02,0.0,-30.3,-8.2,0.0 (cmd -0.5),0.0 (cmd 1.0)
0.4326,-9.76,-0.64,0.0,-29.14,1.27,0.0,-29.1,-9.8,0.0 (cmd -0.6),0.0 (cmd 1.3)
0.43310000000000004,-11.11,-0.79,0.0,-27.79,1.5,0.0,-27.8,-11.1,0.0 (cmd -0.8),0.0 (cmd 1.5)
0.43360000000000004,-12.6,-0.87,0.0,-26.12,1.91,0.0,-26.1,-12.6,0.0 (cmd -0.9),0.0 (cmd 1.9)
0.4341,-15.57,-0.86,0.0,-25.51,1.94,0.0,-25.5,-15.6,0.0 (cmd -0.9),0.0 (cmd 1.9)
0.43460000000000004,-18.0,0.02,0.0,-30.67,1.88,0.0,-30.7,-18.0,0.0 (cmd 0.0),0.0 (cmd 1.9)
0.4351,-23.82,0.87,0.0,-34.47,1.63,0.0,-34.5,-23.8,0.0 (cmd 0.9),0.0 (cmd 1.6)
0.43560000000000004,-30.19,1.33,0.0,-36.8,1.8,0.0,-36.8,-30.2,0.0 (cmd 1.3),0.0 (cmd 1.8)
0.43610000000000004,-34.12,1.69,0.0,-38.68,1.97,0.0,-38.7,-34.1,0.0 (cmd 1.7),0.0 (cmd 2.0)
0.4366,-37.3,2.13,0.0,-40.37,2.11,0.0,-40.4,-37.3,0.0 (cmd 2.1),0.0 (cmd 2.1)
0.43710000000000004,-39.31,2.27,0.0,-44.25,1.81,0.0,-44.2,-39.3,0.0 (cmd 2.3),0.0 (cmd 1.8)
0.4376,-40.24,2.16,0.0,-47.9,1.4,0.0,-47.9,-40.2,0.0 (cmd 2.2),0.0 (cmd 1.4)
0.43810000000000004,-42.0,2.43,0.0,-50.31,1.08,0.0,-50.3,-42.0,0.0 (cmd 2.4),0.0 (cmd 1.1)
0.43860000000000005,-46.84,2.65,0.0,-54.58,1.06,0.0,-54.6,-46.8,0.0 (cmd 2.6),0.0 (cmd 1.1)
0.4391,-48.33,2.37,0.0,-55.81,1.3,0.0,-55.8,-48.3,0.0 (cmd 2.4),0.0 (cmd 1.3)
0.43960000000000005,-50.32,2.03,0.0,-56.48,1.41,0.0,-56.5,-50.3,0.0 (cmd 2.0),0.0 (cmd 1.4)
0.4401,-51.43,1.74,0.0,-57.16,1.43,0.0,-57.2,-51.4,0.0 (cmd 1.7),0.0 (cmd 1.4)
0.44060000000000005,-52.0,1.33,0.0,-57.48,1.36,0.0,-57.5,-52.0,0.0 (cmd 1.3),0.0 (cmd 1.4)
0.44110000000000005,-53.89,1.06,0.0,-57.7,1.39,0.0,-57.7,-53.9,0.0 (cmd 1.1),0.0 (cmd 1.4)
0.4416,-55.42,0.87,0.0,-57.86,1.39,0.0,-57.9,-55.4,0.0 (cmd 0.9),0.0 (cmd 1.4)
0.44210000000000005,-55.8,0.75,0.0,-58.19,1.39,0.0,-58.2,-55.8,0.0 (cmd 0.8),0.0 (cmd 1.4)
0.4426,-55.93,0.54,0.0,-58.62,1.28,0.0,-58.6,-55.9,0.0 (cmd 0.5),0.0 (cmd 1.3)
0.44310000000000005,-56.18,0.37,0.0,-59.02,1.18,0.0,-59.0,-56.2,0.0 (cmd 0.4),0.0 (cmd 1.2)
0.44360000000000005,-56.26,0.28,0.0,-59.31,1.1,0.0,-59.3,-56.3,0.0 (cmd 0.3),0.0 (cmd 1.1)
0.44409999999999994,-56.37,0.17,0.0,-59.68,1.04,0.0,-59.7,-56.4,0.0 (cmd 0.2),0.0 (cmd 1.0)
0.4446,-56.54,0.07,0.0,-60.0,0.99,0.0,-60.0,-56.5,0.0 (cmd 0.1),0.0 (cmd 1.0)
0.44509999999999994,-56.89,0.03,0.0,-60.29,0.97,0.0,-60.3,-56.9,0.0 (cmd 0.0),0.0 (cmd 1.0)
0.4456,-57.02,0.0,0.0,-60.75,0.97,0.0,-60.8,-57.0,0.0 (cmd 0.0),0.0 (cmd 1.0)
0.4461,-57.02,-0.03,0.0,-61.01,0.92,0.0,-61.0,-57.0,0.0 (cmd -0.0),0.0 (cmd 0.9)
0.44659999999999994,-56.62,-0.19,0.0,-61.06,0.89,0.0,-61.1,-56.6,0.0 (cmd -0.2),0.0 (cmd 0.9)
0.4471,-56.35,-0.29,0.0,-61.15,0.89,0.0,-61.1,-56.4,0.0 (cmd -0.3),0.0 (cmd 0.9)
0.44759999999999994,-56.26,-0.4,0.0,-61.18,0.88,0.0,-61.2,-56.3,0.0 (cmd -0.4),0.0 (cmd 0.9)
0.4481,-56.32,-0.47,0.0,-61.32,0.9,0.0,-61.3,-56.3,0.0 (cmd -0.5),0.0 (cmd 0.9)
0.4486,-56.37,-0.49,0.0,-61.41,0.91,0.0,-61.4,-56.4,0.0 (cmd -0.5),0.0 (cmd 0.9)
0.44909999999999994,-56.32,-0.54,0.0,-61.44,0.93,0.0,-61.4,-56.3,0.0 (cmd -0.5),0.0 (cmd 0.9)
0.4496,-56.38,-0.59,0.0,-61.52,0.94,0.0,-61.5,-56.4,0.0 (cmd -0.6),0.0 (cmd 0.9)
0.45009999999999994,-56.48,-0.6,0.0,-61.62,0.96,0.0,-61.6,-56.5,0.0 (cmd -0.6),0.0 (cmd 1.0)
0.4506,-56.5,-0.61,0.0,-61.69,0.97,0.0,-61.7,-56.5,0.0 (cmd -0.6),0.0 (cmd 1.0)
0.4511,-56.47,-0.63,0.0,-61.83,0.97,0.0,-61.8,-56.5,0.0 (cmd -0.6),0.0 (cmd 1.0)
0.45159999999999995,-56.42,-0.65,0.0,-61.9,0.97,0.0,-61.9,-56.4,0.0 (cmd -0.7),0.0 (cmd 1.0)
0.4521,-56.35,-0.68,0.0,-61.94,0.97,0.0,-61.9,-56.4,0.0 (cmd -0.7),0.0 (cmd 1.0)
0.45259999999999995,-56.28,-0.7,0.0,-62.06,0.97,0.0,-62.1,-56.3,0.0 (cmd -0.7),0.0 (cmd 1.0)
0.4531,-56.2,-0.73,0.0,-62.12,0.97,0.0,-62.1,-56.2,0.0 (cmd -0.7),0.0 (cmd 1.0)
0.4536,-56.11,-0.76,0.0,-62.15,0.98,0.0,-62.1,-56.1,0.0 (cmd -0.8),0.0 (cmd 1.0)
0.45409999999999995,-56.03,-0.78,0.0,-62.19,0.98,0.0,-62.2,-56.0,0.0 (cmd -0.8),0.0 (cmd 1.0)
0.4546,-55.97,-0.8,0.0,-62.21,0.99,0.0,-62.2,-56.0,0.0 (cmd -0.8),0.0 (cmd 1.0)
0.45509999999999995,-55.95,-0.82,0.0,-62.23,1.0,0.0,-62.2,-56.0,0.0 (cmd -0.8),0.0 (cmd 1.0)
0.4556,-55.95,-0.82,0.0,-62.23,1.0,0.0,-62.2,-56.0,0.0 (cmd -0.8),0.0 (cmd 1.0)
0.4561,-55.95,-0.82,0.0,-62.23,1.0,0.0,-62.2,-56.0,0.0 (cmd -0.8),0.0 (cmd 1.0)
0.45659999999999995,-55.97,0.0,0.0,-62.26,0.0,0.0,-62.3,-56.0,0.0 (cmd 0.0),0.0 (cmd 0.0)
0.4571,-56.0,0.0,0.0,-62.29,0.0,0.0,-62.3,-56.0,0.0 (cmd 0.0),0.0 (cmd 0.0)
0.45759999999999995,-56.01,0.0,0.0,-62.32,0.0,0.0,-62.3,-56.0,0.0 (cmd 0.0),0.0 (cmd 0.0)
0.4581,-56.01,0.0,0.0,-62.35,0.0,0.0,-62.4,-56.0,0.0 (cmd 0.0),0.0 (cmd 0.0)
0.4586,-56.01,0.0,0.0,-62.36,0.0,0.0,-62.4,-56.0,0.0 (cmd 0.0),0.0 (cmd 0.0)
0.45909999999999995,-56.05,0.0,0.0,-62.37,0.0,0.0,-62.4,-56.0,0.0 (cmd 0.0),0.0 (cmd 0.0)
0.4596,-56.06,0.0,0.0,-62.38,0.0,0.0,-62.4,-56.1,0.0 (cmd 0.0),0.0 (cmd 0.0)
0.46009999999999995,-56.06,0.0,0.0,-62.41,0.0,0.0,-62.4,-56.1,0.0 (cmd 0.0),0.0 (cmd 0.0)
0.4606,-56.08,0.0,0.0,-62.42,0.0,0.0,-62.4,-56.1,0.0 (cmd 0.0),0.0 (cmd 0.0)
0.4611,-56.08,0.0,0.0,-62.42,0.0,0.0,-62.4,-56.1,0.0 (cmd 0.0),0.0 (cmd 0.0)
0.46159999999999995,-56.09,0.0,0.0,-62.41,0.0,0.0,-62.4,-56.1,0.0 (cmd 0.0),0.0 (cmd 0.0)
0.4621,-56.08,0.0,0.0,-62.43,0.0,0.0,-62.4,-56.1,0.0 (cmd 0.0),0.0 (cmd 0.0)
0.46259999999999996,-56.07,0.0,0.0,-62.44,0.0,0.0,-62.4,-56.1,0.0 (cmd 0.0),0.0 (cmd 0.0)
0.4631,-56.07,0.0,0.0,-62.45,0.0,0.0,-62.5,-56.1,0.0 (cmd 0.0),0.0 (cmd 0.0)
0.4636,-56.08,0.0,0.0,-62.47,0.0,0.0,-62.5,-56.1,0.0 (cmd 0.0),0.0 (cmd 0.0)
0.46409999999999996,-56.09,0.0,0.0,-62.48,0.0,0.0,-62.5,-56.1,0.0 (cmd 0.0),0.0 (cmd 0.0)
0.4646,-56.09,0.0,0.0,-62.5,0.0,0.0,-62.5,-56.1,0.0 (cmd 0.0),0.0 (cmd 0.0)
0.46509999999999996,-56.09,0.0,0.0,-62.52,0.0,0.0,-62.5,-56.1,0.0 (cmd 0.0),0.0 (cmd 0.0)
0.4656,-56.1,0.0,0.0,-62.52,0.0,0.0,-62.5,-56.1,0.0 (cmd 0.0),0.0 (cmd 0.0)
0.4661,-56.1,0.0,0.0,-62.53,0.0,0.0,-62.5,-56.1,0.0 (cmd 0.0),0.0 (cmd 0.0)
0.46659999999999996,-56.11,0.0,0.0,-62.54,0.0,0.0,-62.5,-56.1,0.0 (cmd 0.0),0.0 (cmd 0.0)
0.4671,-56.11,0.0,0.0,-62.56,0.0,0.0,-62.6,-56.1,0.0 (cmd 0.0),0.0 (cmd 0.0)
0.46759999999999996,-56.11,0.0,0.0,-62.57,0.0,0.0,-62.6,-56.1,0.0 (cmd 0.0),0.0 (cmd 0.0)
0.4681,-56.12,0.0,0.0,-62.57,0.0,0.0,-62.6,-56.1,0.0 (cmd 0.0),0.0 (cmd 0.0)
0.4686,-56.12,0.0,0.0,-62.59,0.0,0.0,-62.6,-56.1,0.0 (cmd 0.0),0.0 (cmd 0.0)
0.46909999999999996,-56.12,0.0,0.0,-62.6,0.0,0.0,-62.6,-56.1,0.0 (cmd 0.0),0.0 (cmd 0.0)
0.4696,-56.14,0.0,0.0,-62.61,0.0,0.0,-62.6,-56.1,0.0 (cmd 0.0),0.0 (cmd 0.0)
0.47009999999999996,-56.14,0.0,0.0,-62.62,0.0,0.0,-62.6,-56.1,0.0 (cmd 0.0),0.0 (cmd 0.0)
0.4706,-56.13,0.0,0.0,-62.64,0.0,0.0,-62.6,-56.1,0.0 (cmd 0.0),0.0 (cmd 0.0)
0.4711,-56.12,0.0,0.0,-62.65,0.0,0.0,-62.6,-56.1,0.0 (cmd 0.0),0.0 (cmd 0.0)
0.47159999999999996,-56.08,0.0,0.0,-62.66,0.0,0.0,-62.7,-56.1,0.0 (cmd 0.0),0.0 (cmd 0.0)
0.4721,-56.08,0.0,0.0,-62.67,0.0,0.0,-62.7,-56.1,0.0 (cmd 0.0),0.0 (cmd 0.0)
0.47259999999999996,-56.08,0.0,0.0,-62.69,0.0,0.0,-62.7,-56.1,0.0 (cmd 0.0),0.0 (cmd 0.0)
0.4731,-56.08,0.0,0.0,-62.69,0.0,0.0,-62.7,-56.1,0.0 (cmd 0.0),0.0 (cmd 0.0)
0.4736,-56.06,0.0,0.0,-62.7,0.0,0.0,-62.7,-56.1,0.0 (cmd 0.0),0.0 (cmd 0.0)
0.47409999999999997,-56.05,0.0,0.0,-62.68,0.0,0.0,-62.7,-56.0,0.0 (cmd 0.0),0.0 (cmd 0.0)
0.4746,-56.07,0.0,0.0,-62.68,0.0,0.0,-62.7,-56.1,0.0 (cmd 0.0),0.0 (cmd 0.0)
0.47509999999999997,-56.07,0.0,0.0,-62.68,0.0,0.0,-62.7,-56.1,0.0 (cmd 0.0),0.0 (cmd 0.0)
0.4756,-56.08,0.0,0.0,-62.69,0.0,0.0,-62.7,-56.1,0.0 (cmd 0.0),0.0 (cmd 0.0)
0.4761,-56.11,0.0,0.0,-62.69,0.0,0.0,-62.7,-56.1,0.0 (cmd 0.0),0.0 (cmd 0.0)
0.47659999999999997,-56.12,0.0,0.0,-62.7,0.0,0.0,-62.7,-56.1,0.0 (cmd 0.0),0.0 (cmd 0.0)
0.4771,-56.14,0.0,0.0,-62.7,0.0,0.0,-62.7,-56.1,0.0 (cmd 0.0),0.0 (cmd 0.0)
0.47759999999999997,-56.15,0.0,0.0,-62.7,0.0,0.0,-62.7,-56.1,0.0 (cmd 0.0),0.0 (cmd 0.0)
0.4781,-56.13,0.0,0.0,-62.76,0.0,0.0,-62.8,-56.1,0.0 (cmd 0.0),0.0 (cmd 0.0)
0.4786,-56.13,0.0,0.0,-62.79,0.0,0.0,-62.8,-56.1,0.0 (cmd 0.0),0.0 (cmd 0.0)
0.47909999999999997,-56.28,0.0,0.0,-62.76,0.0,0.0,-62.8,-56.3,0.0 (cmd 0.0),0.0 (cmd 0.0)
0.4796,-56.45,0.0,0.0,-62.76,0.0,0.0,-62.8,-56.5,0.0 (cmd 0.0),0.0 (cmd 0.0)
0.48009999999999997,-56.5,0.0,0.0,-62.76,0.0,0.0,-62.8,-56.5,0.0 (cmd 0.0),0.0 (cmd 0.0)
0.4806,-56.5,0.0,0.0,-62.75,0.0,0.0,-62.8,-56.5,0.0 (cmd 0.0),0.0 (cmd 0.0)
0.4811,-56.54,0.0,0.0,-62.76,0.0,0.0,-62.8,-56.5,0.0 (cmd 0.0),0.0 (cmd 0.0)
0.4816,-56.46,0.0,0.0,-62.75,0.0,0.0,-62.8,-56.5,0.0 (cmd 0.0),0.0 (cmd 0.0)
0.48210000000000003,-56.35,0.0,0.0,-62.72,0.0,0.0,-62.7,-56.4,0.0 (cmd 0.0),0.0 (cmd 0.0)
0.4826,-56.26,0.0,0.0,-62.68,0.0,0.0,-62.7,-56.3,0.0 (cmd 0.0),0.0 (cmd 0.0)
0.48310000000000003,-56.22,0.0,0.0,-62.66,0.0,0.0,-62.7,-56.2,0.0 (cmd 0.0),0.0 (cmd 0.0)
0.48360000000000003,-56.13,0.0,0.0,-62.63,0.0,0.0,-62.6,-56.1,0.0 (cmd 0.0),0.0 (cmd 0.0)
0.4841,-56.06,0.0,0.0,-62.62,0.0,0.0,-62.6,-56.1,0.0 (cmd 0.0),0.0 (cmd 0.0)
0.48460000000000003,-56.04,0.0,0.0,-62.62,0.0,0.0,-62.6,-56.0,0.0 (cmd 0.0),0.0 (cmd 0.0)
0.4851,-56.04,0.0,0.0,-62.65,0.0,0.0,-62.6,-56.0,0.0 (cmd 0.0),0.0 (cmd 0.0)
0.48560000000000003,-56.04,0.0,0.0,-62.69,0.0,0.0,-62.7,-56.0,0.0 (cmd 0.0),0.0 (cmd 0.0)
0.48610000000000003,-56.01,0.0,0.0,-62.73,0.0,0.0,-62.7,-56.0,0.0 (cmd 0.0),0.0 (cmd 0.0)
0.4866,-55.97,0.0,0.0,-62.76,0.0,0.0,-62.8,-56.0,0.0 (cmd 0.0),0.0 (cmd 0.0)
0.48710000000000003,-55.94,0.0,0.0,-62.79,0.0,0.0,-62.8,-55.9,0.0 (cmd 0.0),0.0 (cmd 0.0)
0.4876,-55.91,0.0,0.0,-62.79,0.0,0.0,-62.8,-55.9,0.0 (cmd 0.0),0.0 (cmd 0.0)
0.48810000000000003,-55.93,0.0,0.0,-62.79,0.0,0.0,-62.8,-55.9,0.0 (cmd 0.0),0.0 (cmd 0.0)
0.48860000000000003,-55.98,0.0,0.0,-62.81,0.0,0.0,-62.8,-56.0,0.0 (cmd 0.0),0.0 (cmd 0.0)
0.4891,-56.02,0.0,0.0,-62.82,0.0,0.0,-62.8,-56.0,0.0 (cmd 0.0),0.0 (cmd 0.0)
0.48960000000000004,-56.14,0.0,0.0,-62.84,0.0,0.0,-62.8,-56.1,0.0 (cmd 0.0),0.0 (cmd 0.0)
0.4901,-56.29,0.0,0.0,-62.86,0.0,0.0,-62.9,-56.3,0.0 (cmd 0.0),0.0 (cmd 0.0)
0.49060000000000004,-56.37,0.0,0.0,-62.88,0.0,0.0,-62.9,-56.4,0.0 (cmd 0.0),0.0 (cmd 0.0)
0.49110000000000004,-56.37,0.0,0.0,-62.88,0.0,0.0,-62.9,-56.4,0.0 (cmd 0.0),0.0 (cmd 0.0)
0.4916,-56.39,0.0,0.0,-62.85,0.0,0.0,-62.9,-56.4,0.0 (cmd 0.0),0.0 (cmd 0.0)
0.49210000000000004,-56.42,0.0,0.0,-62.82,0.0,0.0,-62.8,-56.4,0.0 (cmd 0.0),0.0 (cmd 0.0)
0.4926,-56.45,0.0,0.0,-62.84,0.0,0.0,-62.8,-56.5,0.0 (cmd 0.0),0.0 (cmd 0.0)
0.49310000000000004,-56.46,0.0,0.0,-62.84,0.0,0.0,-62.8,-56.5,0.0 (cmd 0.0),0.0 (cmd 0.0)
0.49360000000000004,-56.45,0.0,0.0,-62.82,0.0,0.0,-62.8,-56.5,0.0 (cmd 0.0),0.0 (cmd 0.0)
0.4941,-56.43,0.0,0.0,-62.81,0.0,0.0,-62.8,-56.4,0.0 (cmd 0.0),0.0 (cmd 0.0)
0.49460000000000004,-56.41,0.0,0.0,-62.79,0.0,0.0,-62.8,-56.4,0.0 (cmd 0.0),0.0 (cmd 0.0)
0.4951,-56.4,0.0,0.0,-62.79,0.0,0.0,-62.8,-56.4,0.0 (cmd 0.0),0.0 (cmd 0.0)
0.49560000000000004,-56.36,0.0,0.0,-62.79,0.0,0.0,-62.8,-56.4,0.0 (cmd 0.0),0.0 (cmd 0.0)
0.49610000000000004,-56.32,0.0,0.0,-62.79,0.0,0.0,-62.8,-56.3,0.0 (cmd 0.0),0.0 (cmd 0.0)
0.4966,-56.3,0.0,0.0,-62.79,0.0,0.0,-62.8,-56.3,0.0 (cmd 0.0),0.0 (cmd 0.0)
0.49710000000000004,-56.26,0.0,0.0,-62.8,0.0,0.0,-62.8,-56.3,0.0 (cmd 0.0),0.0 (cmd 0.0)
0.4976,-56.26,0.0,0.0,-62.81,0.0,0.0,-62.8,-56.3,0.0 (cmd 0.0),0.0 (cmd 0.0)
0.49810000000000004,-56.26,0.0,0.0,-62.85,0.0,0.0,-62.9,-56.3,0.0 (cmd 0.0),0.0 (cmd 0.0)
0.49860000000000004,-56.23,0.0,0.0,-62.91,0.0,0.0,-62.9,-56.2,0.0 (cmd 0.0),0.0 (cmd 0.0)
0.4991,-56.23,0.0,0.0,-62.93,0.0,0.0,-62.9,-56.2,0.0 (cmd 0.0),0.0 (cmd 0.0)
0.49960000000000004,-56.24,0.0,0.0,-62.93,0.0,0.0,-62.9,-56.2,0.0 (cmd 0.0),0.0 (cmd 0.0)
0.5001,-56.24,0.0,0.0,-62.93,0.0,0.0,-62.9,-56.2,0.0 (cmd 0.0),0.0 (cmd 0.0)
0.5006,-56.28,0.0,0.0,-62.96,0.0,0.0,-63.0,-56.3,0.0 (cmd 0.0),0.0 (cmd 0.0)
0.5011,-56.32,0.0,0.0,-62.97,0.0,0.0,-63.0,-56.3,0.0 (cmd 0.0),0.0 (cmd 0.0)
0.5015999999999999,-56.28,0.0,0.0,-62.97,0.0,0.0,-63.0,-56.3,0.0 (cmd 0.0),0.0 (cmd 0.0)
0.5021,-56.2,0.0,0.0,-62.93,0.0,0.0,-62.9,-56.2,0.0 (cmd 0.0),0.0 (cmd 0.0)
0.5025999999999999,-56.17,0.0,0.0,-62.92,0.0,0.0,-62.9,-56.2,0.0 (cmd 0.0),0.0 (cmd 0.0)
0.5031,-56.17,0.0,0.0,-62.91,0.0,0.0,-62.9,-56.2,0.0 (cmd 0.0),0.0 (cmd 0.0)
0.5036,-56.2,0.0,0.0,-62.91,0.0,0.0,-62.9,-56.2,0.0 (cmd 0.0),0.0 (cmd 0.0)
0.5041,-56.25,0.0,0.0,-62.92,0.0,0.0,-62.9,-56.2,0.0 (cmd 0.0),0.0 (cmd 0.0)
0.5046,-56.28,0.0,0.0,-62.93,0.0,0.0,-62.9,-56.3,0.0 (cmd 0.0),0.0 (cmd 0.0)
0.5051,-56.28,0.0,0.0,-62.93,0.0,0.0,-62.9,-56.3,0.0 (cmd 0.0),0.0 (cmd 0.0)
0.5056,-56.3,0.0,0.0,-62.9,0.0,0.0,-62.9,-56.3,0.0 (cmd 0.0),0.0 (cmd 0.0)
0.5061,-56.3,0.0,0.0,-62.85,0.0,0.0,-62.9,-56.3,0.0 (cmd 0.0),0.0 (cmd 0.0)
0.5065999999999999,-56.29,0.0,0.0,-62.83,0.0,0.0,-62.8,-56.3,0.0 (cmd 0.0),0.0 (cmd 0.0)
0.5071,-56.26,0.0,0.0,-62.83,0.0,0.0,-62.8,-56.3,0.0 (cmd 0.0),0.0 (cmd 0.0)
0.5075999999999999,-56.24,0.0,0.0,-62.82,0.0,0.0,-62.8,-56.2,0.0 (cmd 0.0),0.0 (cmd 0.0)
0.5081,-56.23,0.0,0.0,-62.79,0.0,0.0,-62.8,-56.2,0.0 (cmd 0.0),0.0 (cmd 0.0)
0.5086,-56.23,0.0,0.0,-62.78,0.0,0.0,-62.8,-56.2,0.0 (cmd 0.0),0.0 (cmd 0.0)
0.5091,-56.28,0.0,0.0,-62.81,0.0,0.0,-62.8,-56.3,0.0 (cmd 0.0),0.0 (cmd 0.0)
0.5096,-56.28,0.0,0.0,-62.84,0.0,0.0,-62.8,-56.3,0.0 (cmd 0.0),0.0 (cmd 0.0)
0.5101,-56.29,0.0,0.0,-62.84,0.0,0.0,-62.8,-56.3,0.0 (cmd 0.0),0.0 (cmd 0.0)
0.5106,-56.29,0.0,0.0,-62.86,0.0,0.0,-62.9,-56.3,0.0 (cmd 0.0),0.0 (cmd 0.0)
0.5111,-56.3,0.0,0.0,-62.86,0.0,0.0,-62.9,-56.3,0.0 (cmd 0.0),0.0 (cmd 0.0)
0.5115999999999999,-56.29,0.0,0.0,-62.84,0.0,0.0,-62.8,-56.3,0.0 (cmd 0.0),0.0 (cmd 0.0)
0.5121,-56.29,0.0,0.0,-62.84,0.0,0.0,-62.8,-56.3,0.0 (cmd 0.0),0.0 (cmd 0.0)
0.5126000000000001,-56.27,0.0,0.0,-62.82,0.0,0.0,-62.8,-56.3,0.0 (cmd 0.0),0.0 (cmd 0.0)
0.5131,-56.26,0.0,0.0,-62.81,0.0,0.0,-62.8,-56.3,0.0 (cmd 0.0),0.0 (cmd 0.0)
0.5136000000000001,-56.25,0.0,0.0,-62.81,0.0,0.0,-62.8,-56.2,0.0 (cmd 0.0),0.0 (cmd 0.0)
0.5140999999999999,-56.24,0.0,0.0,-62.8,0.0,0.0,-62.8,-56.2,0.0 (cmd 0.0),0.0 (cmd 0.0)
0.5146000000000001,-56.24,0.0,0.0,-62.81,0.0,0.0,-62.8,-56.2,0.0 (cmd 0.0),0.0 (cmd 0.0)
0.5151,-56.24,0.0,0.0,-62.81,0.0,0.0,-62.8,-56.2,0.0 (cmd 0.0),0.0 (cmd 0.0)
0.5156000000000001,-56.24,0.0,0.0,-62.82,0.0,0.0,-62.8,-56.2,0.0 (cmd 0.0),0.0 (cmd 0.0)
0.5161,-56.25,0.0,0.0,-62.82,0.0,0.0,-62.8,-56.2,0.0 (cmd 0.0),0.0 (cmd 0.0)
0.5166,-56.25,0.0,0.0,-62.85,0.0,0.0,-62.9,-56.2,0.0 (cmd 0.0),0.0 (cmd 0.0)
0.5171,-56.24,0.0,0.0,-62.88,0.0,0.0,-62.9,-56.2,0.0 (cmd 0.0),0.0 (cmd 0.0)
0.5176000000000001,-56.24,0.0,0.0,-62.93,0.0,0.0,-62.9,-56.2,0.0 (cmd 0.0),0.0 (cmd 0.0)
0.5181,-56.24,0.0,0.0,-62.97,0.0,0.0,-63.0,-56.2,0.0 (cmd 0.0),0.0 (cmd 0.0)
0.5186000000000001,-56.24,0.89,0.0,-63.0,0.67,0.0,-63.0,-56.2,0.0 (cmd 0.9),0.0 (cmd 0.7)
0.5190999999999999,-56.24,0.89,0.0,-63.03,0.67,0.0,-63.0,-56.2,0.0 (cmd 0.9),0.0 (cmd 0.7)
0.5196000000000001,-56.24,0.89,0.0,-63.06,0.67,0.0,-63.1,-56.2,0.0 (cmd 0.9),0.0 (cmd 0.7)
0.5201,-56.25,0.89,0.0,-63.09,0.67,0.0,-63.1,-56.2,0.0 (cmd 0.9),0.0 (cmd 0.7)
0.5206000000000001,-56.27,0.9,0.0,-63.1,0.67,0.0,-63.1,-56.3,0.0 (cmd 0.9),0.0 (cmd 0.7)
0.5211,-56.28,0.9,0.0,-63.13,0.67,0.0,-63.1,-56.3,0.0 (cmd 0.9),0.0 (cmd 0.7)
0.5216,-56.29,0.9,0.0,-63.15,0.67,0.0,-63.1,-56.3,0.0 (cmd 0.9),0.0 (cmd 0.7)
0.5221,-56.3,0.9,0.0,-63.16,0.67,0.0,-63.2,-56.3,0.0 (cmd 0.9),0.0 (cmd 0.7)
0.5226000000000001,-56.31,0.9,0.0,-63.18,0.67,0.0,-63.2,-56.3,0.0 (cmd 0.9),0.0 (cmd 0.7)
0.5231,-56.32,0.9,0.0,-63.19,0.67,0.0,-63.2,-56.3,0.0 (cmd 0.9),0.0 (cmd 0.7)
0.5236000000000001,-56.32,0.9,0.0,-63.2,0.67,0.0,-63.2,-56.3,0.0 (cmd 0.9),0.0 (cmd 0.7)
0.5240999999999999,-56.33,0.9,0.0,-63.21,0.67,0.0,-63.2,-56.3,0.0 (cmd 0.9),0.0 (cmd 0.7)
0.5246000000000001,-56.34,0.9,0.0,-63.22,0.67,0.0,-63.2,-56.3,0.0 (cmd 0.9),0.0 (cmd 0.7)
0.5251,-56.34,0.9,0.0,-63.23,0.67,0.0,-63.2,-56.3,0.0 (cmd 0.9),0.0 (cmd 0.7)
0.5256000000000001,-56.35,0.9,0.0,-63.23,0.67,0.0,-63.2,-56.4,0.0 (cmd 0.9),0.0 (cmd 0.7)
0.5261,-56.35,0.9,0.0,-63.24,0.67,0.0,-63.2,-56.4,0.0 (cmd 0.9),0.0 (cmd 0.7)
0.5266,-56.36,0.89,0.0,-63.24,0.67,0.0,-63.2,-56.4,0.0 (cmd 0.9),0.0 (cmd 0.7)
0.5271,-56.36,0.89,0.0,-63.25,0.67,0.0,-63.2,-56.4,0.0 (cmd 0.9),0.0 (cmd 0.7)
0.5276000000000001,-56.36,0.89,0.0,-63.25,0.67,0.0,-63.2,-56.4,0.0 (cmd 0.9),0.0 (cmd 0.7)
0.5281,-56.36,0.89,0.0,-63.25,0.67,0.0,-63.2,-56.4,0.0 (cmd 0.9),0.0 (cmd 0.7)
0.5286000000000001,-56.37,0.89,0.0,-63.26,0.67,0.0,-63.3,-56.4,0.0 (cmd 0.9),0.0 (cmd 0.7)
0.5290999999999999,-56.37,0.89,0.0,-63.26,0.67,0.0,-63.3,-56.4,0.0 (cmd 0.9),0.0 (cmd 0.7)
0.5296000000000001,-56.37,0.89,0.0,-63.26,0.67,0.0,-63.3,-56.4,0.0 (cmd 0.9),0.0 (cmd 0.7)
0.5301,-56.37,0.89,0.0,-63.26,0.67,0.0,-63.3,-56.4,0.0 (cmd 0.9),0.0 (cmd 0.7)
0.5306000000000001,-56.37,0.89,0.0,-63.26,0.67,0.0,-63.3,-56.4,0.0 (cmd 0.9),0.0 (cmd 0.7)
0.5311,-56.37,0.89,0.0,-63.26,0.67,0.0,-63.3,-56.4,0.0 (cmd 0.9),0.0 (cmd 0.7)
0.5316,-56.37,0.89,0.0,-63.26,0.67,0.0,-63.3,-56.4,0.0 (cmd 0.9),0.0 (cmd 0.7)
0.5321,-56.37,0.89,0.0,-63.26,0.67,0.0,-63.3,-56.4,0.0 (cmd 0.9),0.0 (cmd 0.7)
0.5326000000000001,-56.38,0.89,0.0,-63.26,0.67,0.0,-63.3,-56.4,0.0 (cmd 0.9),0.0 (cmd 0.7)
0.5331,-56.38,0.89,0.0,-63.26,0.67,0.0,-63.3,-56.4,0.0 (cmd 0.9),0.0 (cmd 0.7)
0.5336000000000001,-56.38,0.89,0.0,-63.26,0.67,0.0,-63.3,-56.4,0.0 (cmd 0.9),0.0 (cmd 0.7)
0.5340999999999999,-56.38,0.89,0.0,-63.26,0.67,0.0,-63.3,-56.4,0.0 (cmd 0.9),0.0 (cmd 0.7)
0.5346000000000001,-56.38,0.89,0.0,-63.26,0.67,0.0,-63.3,-56.4,0.0 (cmd 0.9),0.0 (cmd 0.7)
0.5351,-56.37,0.89,0.0,-63.26,0.67,0.0,-63.3,-56.4,0.0 (cmd 0.9),0.0 (cmd 0.7)
0.5356000000000001,-56.37,0.89,0.0,-63.26,0.67,0.0,-63.3,-56.4,0.0 (cmd 0.9),0.0 (cmd 0.7)
0.5361,-56.39,0.89,0.0,-63.26,0.67,0.0,-63.3,-56.4,0.0 (cmd 0.9),0.0 (cmd 0.7)
0.5365999999999999,-56.4,0.89,0.0,-63.26,0.67,0.0,-63.3,-56.4,0.0 (cmd 0.9),0.0 (cmd 0.7)
0.5371,-56.42,0.89,0.0,-63.26,0.67,0.0,-63.3,-56.4,0.0 (cmd 0.9),0.0 (cmd 0.7)
0.5376000000000001,-56.45,0.9,0.0,-63.25,0.67,0.0,-63.2,-56.5,0.0 (cmd 0.9),0.0 (cmd 0.7)
0.5381,-56.46,0.9,0.0,-63.25,0.67,0.0,-63.2,-56.5,0.0 (cmd 0.9),0.0 (cmd 0.7)
0.5386,-56.47,0.9,0.0,-63.25,0.67,0.0,-63.2,-56.5,0.0 (cmd 0.9),0.0 (cmd 0.7)
0.5390999999999999,-56.47,0.9,0.0,-63.25,0.67,0.0,-63.2,-56.5,0.0 (cmd 0.9),0.0 (cmd 0.7)
0.5396,-56.47,0.9,0.0,-63.25,0.67,0.0,-63.2,-56.5,0.0 (cmd 0.9),0.0 (cmd 0.7)
0.5401,-56.48,0.9,0.0,-63.24,0.67,0.0,-63.2,-56.5,0.0 (cmd 0.9),0.0 (cmd 0.7)
0.5406,-56.46,0.9,0.0,-63.22,0.67,0.0,-63.2,-56.5,0.0 (cmd 0.9),0.0 (cmd 0.7)
0.5411,-56.45,0.89,0.0,-63.21,0.67,0.0,-63.2,-56.5,0.0 (cmd 0.9),0.0 (cmd 0.7)
0.5415999999999999,-56.45,0.89,0.0,-63.21,0.67,0.0,-63.2,-56.5,0.0 (cmd 0.9),0.0 (cmd 0.7)
0.5421,-56.45,0.89,0.0,-63.21,0.67,0.0,-63.2,-56.5,0.0 (cmd 0.9),0.0 (cmd 0.7)
0.5426,-56.48,0.89,0.0,-63.23,0.67,0.0,-63.2,-56.5,0.0 (cmd 0.9),0.0 (cmd 0.7)
0.5431,-56.49,0.9,0.0,-63.23,0.67,0.0,-63.2,-56.5,0.0 (cmd 0.9),0.0 (cmd 0.7)
0.5436,-56.49,0.9,0.0,-63.23,0.67,0.0,-63.2,-56.5,0.0 (cmd 0.9),0.0 (cmd 0.7)
0.5440999999999999,-56.48,0.9,0.0,-63.22,0.67,0.0,-63.2,-56.5,0.0 (cmd 0.9),0.0 (cmd 0.7)
0.5446,-56.38,0.89,0.0,-63.19,0.67,0.0,-63.2,-56.4,0.0 (cmd 0.9),0.0 (cmd 0.7)
0.5451,-56.21,0.85,0.0,-63.1,0.67,0.0,-63.1,-56.2,0.0 (cmd 0.8),0.0 (cmd 0.7)
0.5456,-56.02,0.81,0.0,-62.94,0.66,0.0,-62.9,-56.0,0.0 (cmd 0.8),0.0 (cmd 0.7)
0.5461,-55.75,0.78,0.0,-62.75,0.66,0.0,-62.8,-55.8,0.0 (cmd 0.8),0.0 (cmd 0.7)
0.5465999999999999,-55.44,0.72,0.0,-62.59,0.66,0.0,-62.6,-55.4,0.0 (cmd 0.7),0.0 (cmd 0.7)
0.5471,-54.76,0.62,0.0,-62.32,0.65,0.0,-62.3,-54.8,0.0 (cmd 0.6),0.0 (cmd 0.7)
0.5476,-53.14,0.43,0.0,-61.63,0.63,0.0,-61.6,-53.1,0.0 (cmd 0.4),0.0 (cmd 0.6)
0.5481,-51.58,0.22,0.0,-60.62,0.62,0.0,-60.6,-51.6,0.0 (cmd 0.2),0.0 (cmd 0.6)
0.5486,-49.66,-0.15,0.0,-59.0,0.59,0.0,-59.0,-49.7,0.0 (cmd -0.1),0.0 (cmd 0.6)
0.5490999999999999,-47.62,-0.47,0.0,-56.1,0.57,0.0,-56.1,-47.6,0.0 (cmd -0.5),0.0 (cmd 0.6)
0.5496,-45.3,-0.76,0.0,-53.51,0.54,0.0,-53.5,-45.3,0.0 (cmd -0.8),0.0 (cmd 0.5)
0.5501,-42.87,-0.91,0.0,-50.98,0.53,0.0,-51.0,-42.9,0.0 (cmd -0.9),0.0 (cmd 0.5)
0.5506,-40.5,-1.34,0.0,-47.28,0.48,0.0,-47.3,-40.5,0.0 (cmd -1.3),0.0 (cmd 0.5)
0.5511,-36.34,-1.72,0.0,-42.14,0.44,0.0,-42.1,-36.3,0.0 (cmd -1.7),0.0 (cmd 0.4)
0.5515999999999999,-33.52,-1.92,0.0,-37.57,0.4,0.0,-37.6,-33.5,0.0 (cmd -1.9),0.0 (cmd 0.4)
0.5521,-30.16,-2.42,0.0,-34.09,0.33,0.0,-34.1,-30.2,0.0 (cmd -2.4),0.0 (cmd 0.3)
0.5526,-25.9,-2.64,0.0,-29.93,0.28,0.0,-29.9,-25.9,0.0 (cmd -2.6),0.0 (cmd 0.3)
0.5531,-22.73,-2.58,0.0,-30.26,0.26,0.0,-30.3,-22.7,0.0 (cmd -2.6),0.0 (cmd 0.3)
0.5536,-20.15,-2.72,0.0,-34.72,0.2,0.0,-34.7,-20.1,0.0 (cmd -2.7),0.0 (cmd 0.2)
0.5540999999999999,-17.12,-2.56,0.0,-39.55,0.23,0.0,-39.5,-17.1,0.0 (cmd -2.6),0.0 (cmd 0.2)
0.5546,-14.04,-2.42,0.0,-46.73,0.34,0.0,-46.7,-14.0,0.0 (cmd -2.4),0.0 (cmd 0.3)
0.5551,-12.25,-2.31,0.0,-51.71,0.49,0.0,-51.7,-12.2,0.0 (cmd -2.3),0.0 (cmd 0.5)
0.5556,-10.06,-2.29,0.0,-55.02,0.66,0.0,-55.0,-10.1,0.0 (cmd -2.3),0.0 (cmd 0.7)
0.5561,-8.52,-2.05,0.0,-57.35,0.83,0.0,-57.4,-8.5,0.0 (cmd -2.0),0.0 (cmd 0.8)
0.5565999999999999,-7.23,-1.99,0.0,-55.76,0.94,0.0,-55.8,-7.2,0.0 (cmd -2.0),0.0 (cmd 0.9)
0.5571,-6.11,-1.98,0.0,-51.0,0.98,0.0,-51.0,-6.1,0.0 (cmd -2.0),0.0 (cmd 1.0)
0.5576,-4.88,-2.0,0.0,-44.87,0.94,0.0,-44.9,-4.9,0.0 (cmd -2.0),0.0 (cmd 0.9)
0.5581,-3.54,-1.92,0.0,-33.79,0.83,0.0,-33.8,-3.5,0.0 (cmd -1.9),0.0 (cmd 0.8)
0.5586,-2.55,-1.78,0.0,-24.1,0.64,0.0,-24.1,-2.5,0.0 (cmd -1.8),0.0 (cmd 0.6)
0.5590999999999999,-1.18,-1.79,0.0,-17.43,0.4,0.0,-17.4,-1.2,0.0 (cmd -1.8),0.0 (cmd 0.4)
0.5596,-1.41,-1.57,0.0,-12.92,0.35,0.0,-12.9,-1.4,0.0 (cmd -1.6),0.0 (cmd 0.3)
0.5601,-3.23,-1.04,0.0,-13.26,0.42,0.0,-13.3,-3.2,0.0 (cmd -1.0),0.0 (cmd 0.4)
0.5606,-11.51,0.6,0.0,-11.92,0.55,0.0,-11.9,-11.5,0.0 (cmd 0.6),0.0 (cmd 0.6)
0.5611,-16.17,2.26,0.0,-10.6,0.63,0.0,-10.6,-16.2,0.0 (cmd 2.3),0.0 (cmd 0.6)
0.5615999999999999,-25.55,3.68,0.0,-9.01,0.69,0.0,-9.0,-25.6,0.0 (cmd 3.7),0.0 (cmd 0.7)
0.5621,-31.69,4.19,0.0,-7.87,0.68,0.0,-7.9,-31.7,0.0 (cmd 4.2),0.0 (cmd 0.7)
0.5626,-37.7,5.23,0.0,-7.32,0.65,0.0,-7.3,-37.7,0.0 (cmd 5.2),0.0 (cmd 0.7)
0.5631,-43.36,5.81,0.0,-7.02,0.57,0.0,-7.0,-43.4,0.0 (cmd 5.8),0.0 (cmd 0.6)
0.5636,-45.3,5.87,0.0,-7.05,0.44,0.0,-7.0,-45.3,0.0 (cmd 5.9),0.0 (cmd 0.4)
0.5640999999999999,-49.63,5.09,0.0,-7.1,0.26,0.0,-7.1,-49.6,0.0 (cmd 5.1),0.0 (cmd 0.3)
0.5646,-50.43,5.5,0.0,-7.18,0.18,0.0,-7.2,-50.4,0.0 (cmd 5.5),0.0 (cmd 0.2)
0.5651,-47.67,4.55,0.0,-7.18,0.0,0.0,-7.2,-47.7,0.0 (cmd 4.5),0.0 (cmd 0.0)
0.5656,-42.76,3.03,0.0,-7.3,-0.22,0.0,-7.3,-42.8,0.0 (cmd 3.0),0.0 (cmd -0.2)
0.5661,-36.12,1.06,0.0,-7.18,-0.43,0.0,-7.2,-36.1,0.0 (cmd 1.1),0.0 (cmd -0.4)
0.5665999999999999,-27.49,-0.86,0.0,-6.76,-0.63,0.0,-6.8,-27.5,0.0 (cmd -0.9),0.0 (cmd -0.6)
0.5671,-19.65,-2.84,0.0,-6.84,-0.81,0.0,-6.8,-19.6,0.0 (cmd -2.8),0.0 (cmd -0.8)
0.5676,-14.45,-3.93,0.0,-7.85,-0.87,0.0,-7.8,-14.4,0.0 (cmd -3.9),0.0 (cmd -0.9)
0.5681,-13.09,-3.24,0.0,-9.35,-0.68,0.0,-9.3,-13.1,0.0 (cmd -3.2),0.0 (cmd -0.7)
0.5686,-10.12,-3.05,0.0,-12.5,-0.54,0.0,-12.5,-10.1,0.0 (cmd -3.0),0.0 (cmd -0.5)
0.5690999999999999,-8.94,-2.56,0.0,-13.81,-0.37,0.0,-13.8,-8.9,0.0 (cmd -2.6),0.0 (cmd -0.4)
0.5696,-8.28,-2.08,0.0,-18.5,-0.2,0.0,-18.5,-8.3,0.0 (cmd -2.1),0.0 (cmd -0.2)
0.5701,-8.24,-1.57,0.0,-24.37,0.05,0.0,-24.4,-8.2,0.0 (cmd -1.6),0.0 (cmd 0.1)
0.5706,-9.16,-0.92,0.0,-32.27,0.36,0.0,-32.3,-9.2,0.0 (cmd -0.9),0.0 (cmd 0.4)
0.5711,-9.75,-0.42,0.0,-38.43,0.66,0.0,-38.4,-9.8,0.0 (cmd -0.4),0.0 (cmd 0.7)
0.5715999999999999,-8.82,-0.17,0.0,-43.36,0.87,0.0,-43.4,-8.8,0.0 (cmd -0.2),0.0 (cmd 0.9)
0.5721,-7.41,-0.38,0.0,-50.01,1.01,0.0,-50.0,-7.4,0.0 (cmd -0.4),0.0 (cmd 1.0)
0.5726,-6.43,-0.56,0.0,-53.88,1.1,0.0,-53.9,-6.4,0.0 (cmd -0.6),0.0 (cmd 1.1)
0.5731,-5.9,-0.61,0.0,-55.1,1.21,0.0,-55.1,-5.9,0.0 (cmd -0.6),0.0 (cmd 1.2)
0.5736,-5.95,-0.61,0.0,-53.2,1.25,0.0,-53.2,-6.0,0.0 (cmd -0.6),0.0 (cmd 1.2)
0.5740999999999999,-6.08,-0.55,0.0,-48.77,1.25,0.0,-48.8,-6.1,0.0 (cmd -0.6),0.0 (cmd 1.2)
0.5746,-6.15,-0.54,0.0,-41.27,1.13,0.0,-41.3,-6.2,0.0 (cmd -0.5),0.0 (cmd 1.1)
0.5751000000000001,-6.07,-0.55,0.0,-33.52,0.91,0.0,-33.5,-6.1,0.0 (cmd -0.6),0.0 (cmd 0.9)
0.5756,-6.02,-0.48,0.0,-20.16,0.64,0.0,-20.2,-6.0,0.0 (cmd -0.5),0.0 (cmd 0.6)
0.5761000000000001,-5.66,-0.4,0.0,-12.35,0.52,0.0,-12.3,-5.7,0.0 (cmd -0.4),0.0 (cmd 0.5)
0.5765999999999999,-5.82,-0.34,0.0,-6.33,0.26,0.0,-6.3,-5.8,0.0 (cmd -0.3),0.0 (cmd 0.3)
0.5771000000000001,-5.67,-0.2,0.0,-4.31,0.29,0.0,-4.3,-5.7,0.0 (cmd -0.2),0.0 (cmd 0.3)
0.5776,-5.38,-0.23,0.0,-3.3,0.35,0.0,-3.3,-5.4,0.0 (cmd -0.2),0.0 (cmd 0.3)
0.5781000000000001,-5.73,-0.16,0.0,-3.35,0.35,0.0,-3.4,-5.7,0.0 (cmd -0.2),0.0 (cmd 0.3)
0.5786,-6.1,0.13,0.0,-3.51,0.36,0.0,-3.5,-6.1,0.0 (cmd 0.1),0.0 (cmd 0.4)
0.5791,-8.23,0.5,0.0,-3.33,0.36,0.0,-3.3,-8.2,0.0 (cmd 0.5),0.0 (cmd 0.4)
0.5796,-9.96,0.79,0.0,-3.05,0.35,0.0,-3.0,-10.0,0.0 (cmd 0.8),0.0 (cmd 0.3)
0.5801000000000001,-11.35,1.14,0.0,-3.09,0.34,0.0,-3.1,-11.3,0.0 (cmd 1.1),0.0 (cmd 0.3)
0.5806,-13.01,1.43,0.0,-2.93,0.33,0.0,-2.9,-13.0,0.0 (cmd 1.4),0.0 (cmd 0.3)
0.5811000000000001,-13.6,1.57,0.0,-2.72,0.3,0.0,-2.7,-13.6,0.0 (cmd 1.6),0.0 (cmd 0.3)
0.5815999999999999,-13.18,1.42,0.0,-2.33,0.24,0.0,-2.3,-13.2,0.0 (cmd 1.4),0.0 (cmd 0.2)
0.5821000000000001,-11.65,1.07,0.0,-2.22,0.17,0.0,-2.2,-11.7,0.0 (cmd 1.1),0.0 (cmd 0.2)
0.5826,-8.04,0.11,0.0,-2.13,0.03,0.0,-2.1,-8.0,0.0 (cmd 0.1),0.0 (cmd 0.0)
0.5831000000000001,-6.65,-0.22,0.0,-2.33,0.0,0.0,-2.3,-6.7,0.0 (cmd -0.2),0.0 (cmd 0.0)
0.5836,-4.89,-0.49,0.0,-2.5,-0.01,0.0,-2.5,-4.9,0.0 (cmd -0.5),0.0 (cmd -0.0)
0.5841,-3.82,-0.56,0.0,-2.29,0.0,0.0,-2.3,-3.8,0.0 (cmd -0.6),0.0 (cmd 0.0)
0.5846,-3.08,-0.64,0.0,-2.11,0.01,0.0,-2.1,-3.1,0.0 (cmd -0.6),0.0 (cmd 0.0)
0.5851000000000001,-2.32,-0.57,0.0,-2.16,0.05,0.0,-2.2,-2.3,0.0 (cmd -0.6),0.0 (cmd 0.1)
0.5856,-1.98,-0.52,0.0,-2.31,0.08,0.0,-2.3,-2.0,0.0 (cmd -0.5),0.0 (cmd 0.1)
0.5861000000000001,-1.74,-0.36,0.0,-2.45,0.13,0.0,-2.5,-1.7,0.0 (cmd -0.4),0.0 (cmd 0.1)
0.5865999999999999,-1.49,-0.29,0.0,-2.44,0.16,0.0,-2.4,-1.5,0.0 (cmd -0.3),0.0 (cmd 0.2)
0.5871000000000001,-1.26,-0.23,0.0,-2.44,0.18,0.0,-2.4,-1.3,0.0 (cmd -0.2),0.0 (cmd 0.2)
0.5876,-1.14,-0.14,0.0,-2.48,0.21,0.0,-2.5,-1.1,0.0 (cmd -0.1),0.0 (cmd 0.2)
0.5881000000000001,-1.12,-0.06,0.0,-2.54,0.23,0.0,-2.5,-1.1,0.0 (cmd -0.1),0.0 (cmd 0.2)
0.5886,-1.35,0.04,0.0,-2.61,0.26,0.0,-2.6,-1.4,0.0 (cmd 0.0),0.0 (cmd 0.3)
0.5891,-1.92,0.21,0.0,-2.77,0.29,0.0,-2.8,-1.9,0.0 (cmd 0.2),0.0 (cmd 0.3)
0.5896,-2.77,0.39,0.0,-3.26,0.32,0.0,-3.3,-2.8,0.0 (cmd 0.4),0.0 (cmd 0.3)
0.5901000000000001,-3.48,0.52,0.0,-4.09,0.34,0.0,-4.1,-3.5,0.0 (cmd 0.5),0.0 (cmd 0.3)
0.5906,-4.19,0.7,0.0,-5.26,0.38,0.0,-5.3,-4.2,0.0 (cmd 0.7),0.0 (cmd 0.4)
0.5911000000000001,-5.35,0.83,0.0,-8.34,0.43,0.0,-8.3,-5.3,0.0 (cmd 0.8),0.0 (cmd 0.4)
0.5915999999999999,-6.25,1.06,0.0,-11.41,0.5,0.0,-11.4,-6.2,0.0 (cmd 1.1),0.0 (cmd 0.5)
0.5921000000000001,-12.41,1.35,0.0,-13.34,0.59,0.0,-13.3,-12.4,0.0 (cmd 1.4),0.0 (cmd 0.6)
0.5926,-15.89,2.86,0.0,-14.9,0.77,0.0,-14.9,-15.9,0.0 (cmd 2.9),0.0 (cmd 0.8)
0.5931000000000001,-18.02,2.96,0.0,-18.13,0.78,0.0,-18.1,-18.0,0.0 (cmd 3.0),0.0 (cmd 0.8)
0.5936,-18.59,2.78,0.0,-21.37,0.76,0.0,-21.4,-18.6,0.0 (cmd 2.8),0.0 (cmd 0.8)
0.5941,-17.58,2.33,0.0,-22.35,0.74,0.0,-22.4,-17.6,0.0 (cmd 2.3),0.0 (cmd 0.7)
0.5946,-16.5,1.62,0.0,-22.41,0.64,0.0,-22.4,-16.5,0.0 (cmd 1.6),0.0 (cmd 0.6)
0.5951000000000001,-15.4,1.06,0.0,-22.27,0.56,0.0,-22.3,-15.4,0.0 (cmd 1.1),0.0 (cmd 0.6)
0.5956,-14.45,0.65,0.0,-22.13,0.51,0.0,-22.1,-14.4,0.0 (cmd 0.7),0.0 (cmd 0.5)
0.5961000000000001,-14.35,0.49,0.0,-22.02,0.5,0.0,-22.0,-14.3,0.0 (cmd 0.5),0.0 (cmd 0.5)
0.5965999999999999,-14.27,0.43,0.0,-22.05,0.5,0.0,-22.1,-14.3,0.0 (cmd 0.4),0.0 (cmd 0.5)
0.5971000000000001,-14.19,0.43,0.0,-22.09,0.51,0.0,-22.1,-14.2,0.0 (cmd 0.4),0.0 (cmd 0.5)
0.5976,-13.46,0.34,0.0,-22.01,0.5,0.0,-22.0,-13.5,0.0 (cmd 0.3),0.0 (cmd 0.5)
0.5981000000000001,-12.98,0.15,0.0,-21.73,0.49,0.0,-21.7,-13.0,0.0 (cmd 0.1),0.0 (cmd 0.5)
0.5986,-12.27,0.08,0.0,-21.29,0.49,0.0,-21.3,-12.3,0.0 (cmd 0.1),0.0 (cmd 0.5)
0.5990999999999999,-11.66,-0.06,0.0,-20.94,0.47,0.0,-20.9,-11.7,0.0 (cmd -0.1),0.0 (cmd 0.5)
0.5996,-11.31,-0.02,0.0,-20.64,0.48,0.0,-20.6,-11.3,0.0 (cmd -0.0),0.0 (cmd 0.5)
0.6001000000000001,-11.14,-0.03,0.0,-20.31,0.48,0.0,-20.3,-11.1,0.0 (cmd -0.0),0.0 (cmd 0.5)
0.6006,-10.93,0.0,0.0,-19.87,0.49,0.0,-19.9,-10.9,0.0 (cmd 0.0),0.0 (cmd 0.5)
0.6011,-10.88,0.03,0.0,-19.64,0.5,0.0,-19.6,-10.9,0.0 (cmd 0.0),0.0 (cmd 0.5)
0.6015999999999999,-10.74,0.06,0.0,-19.15,0.5,0.0,-19.1,-10.7,0.0 (cmd 0.1),0.0 (cmd 0.5)
0.6021,-10.26,0.06,0.0,-18.99,0.5,0.0,-19.0,-10.3,0.0 (cmd 0.1),0.0 (cmd 0.5)
0.6026,-10.09,0.03,0.0,-18.88,0.5,0.0,-18.9,-10.1,0.0 (cmd 0.0),0.0 (cmd 0.5)
0.6031,-9.72,0.04,0.0,-18.81,0.5,0.0,-18.8,-9.7,0.0 (cmd 0.0),0.0 (cmd 0.5)
0.6036,-9.61,0.02,0.0,-19.0,0.5,0.0,-19.0,-9.6,0.0 (cmd 0.0),0.0 (cmd 0.5)
0.6040999999999999,-9.68,0.09,0.0,-19.24,0.52,0.0,-19.2,-9.7,0.0 (cmd 0.1),0.0 (cmd 0.5)
0.6046,-9.76,0.16,0.0,-19.53,0.54,0.0,-19.5,-9.8,0.0 (cmd 0.2),0.0 (cmd 0.5)
0.6051,-9.8,0.21,0.0,-19.86,0.55,0.0,-19.9,-9.8,0.0 (cmd 0.2),0.0 (cmd 0.6)
0.6056,-9.92,0.26,0.0,-20.0,0.57,0.0,-20.0,-9.9,0.0 (cmd 0.3),0.0 (cmd 0.6)
0.6061,-9.81,0.28,0.0,-20.01,0.57,0.0,-20.0,-9.8,0.0 (cmd 0.3),0.0 (cmd 0.6)
0.6065999999999999,-9.68,0.24,0.0,-20.0,0.57,0.0,-20.0,-9.7,0.0 (cmd 0.2),0.0 (cmd 0.6)
0.6071,-9.69,0.23,0.0,-20.01,0.57,0.0,-20.0,-9.7,0.0 (cmd 0.2),0.0 (cmd 0.6)
0.6076,-9.72,0.26,0.0,-19.99,0.58,0.0,-20.0,-9.7,0.0 (cmd 0.3),0.0 (cmd 0.6)
0.6081,-9.74,0.27,0.0,-20.0,0.58,0.0,-20.0,-9.7,0.0 (cmd 0.3),0.0 (cmd 0.6)
0.6086,-9.78,0.28,0.0,-20.05,0.58,0.0,-20.1,-9.8,0.0 (cmd 0.3),0.0 (cmd 0.6)
0.6090999999999999,-10.19,0.32,0.0,-20.24,0.59,0.0,-20.2,-10.2,0.0 (cmd 0.3),0.0 (cmd 0.6)
0.6096,-10.87,0.45,0.0,-20.52,0.61,0.0,-20.5,-10.9,0.0 (cmd 0.5),0.0 (cmd 0.6)
0.6101,-11.86,0.62,0.0,-20.86,0.63,0.0,-20.9,-11.9,0.0 (cmd 0.6),0.0 (cmd 0.6)
0.6106,-13.47,0.84,0.0,-21.55,0.65,0.0,-21.6,-13.5,0.0 (cmd 0.8),0.0 (cmd 0.7)
0.6111,-14.3,1.09,0.0,-22.61,0.68,0.0,-22.6,-14.3,0.0 (cmd 1.1),0.0 (cmd 0.7)
0.6115999999999999,-18.08,1.29,0.0,-23.96,0.71,0.0,-24.0,-18.1,0.0 (cmd 1.3),0.0 (cmd 0.7)
0.6121,-21.93,2.07,0.0,-26.25,0.8,0.0,-26.2,-21.9,0.0 (cmd 2.1),0.0 (cmd 0.8)
0.6126,-25.07,2.67,0.0,-29.63,0.85,0.0,-29.6,-25.1,0.0 (cmd 2.7),0.0 (cmd 0.8)
0.6131,-28.15,2.99,0.0,-31.85,0.91,0.0,-31.9,-28.1,0.0 (cmd 3.0),0.0 (cmd 0.9)
0.6136,-31.17,3.25,0.0,-34.45,0.93,0.0,-34.5,-31.2,0.0 (cmd 3.2),0.0 (cmd 0.9)
0.6140999999999999,-34.13,3.41,0.0,-37.48,0.94,0.0,-37.5,-34.1,0.0 (cmd 3.4),0.0 (cmd 0.9)
0.6146,-37.35,3.23,0.0,-40.11,0.91,0.0,-40.1,-37.4,0.0 (cmd 3.2),0.0 (cmd 0.9)
0.6151,-40.01,3.6,0.0,-42.24,0.95,0.0,-42.2,-40.0,0.0 (cmd 3.6),0.0 (cmd 0.9)
0.6156,-44.04,3.99,0.0,-45.4,0.98,0.0,-45.4,-44.0,0.0 (cmd 4.0),0.0 (cmd 1.0)
0.6161,-47.09,3.78,0.0,-48.2,0.93,0.0,-48.2,-47.1,0.0 (cmd 3.8),0.0 (cmd 0.9)
0.6165999999999999,-49.79,4.25,0.0,-51.18,0.99,0.0,-51.2,-49.8,0.0 (cmd 4.2),0.0 (cmd 1.0)
0.6171,-54.19,4.4,0.0,-53.43,0.99,0.0,-53.4,-54.2,0.0 (cmd 4.4),0.0 (cmd 1.0)
0.6176,-57.91,4.6,0.0,-57.4,0.99,0.0,-57.4,-57.9,0.0 (cmd 4.6),0.0 (cmd 1.0)
0.6181,-61.51,4.53,0.0,-60.28,0.97,0.0,-60.3,-61.5,0.0 (cmd 4.5),0.0 (cmd 1.0)
0.6186,-64.6,4.76,0.0,-62.3,0.99,0.0,-62.3,-64.6,0.0 (cmd 4.8),0.0 (cmd 1.0)
0.6190999999999999,-67.08,4.67,0.0,-64.65,0.96,0.0,-64.7,-67.1,0.0 (cmd 4.7),0.0 (cmd 1.0)
0.6196,-68.76,4.43,0.0,-66.33,0.91,0.0,-66.3,-68.8,0.0 (cmd 4.4),0.0 (cmd 0.9)
0.6201,-70.11,4.06,0.0,-67.55,0.86,0.0,-67.5,-70.1,0.0 (cmd 4.1),0.0 (cmd 0.9)
0.6206,-70.93,3.73,0.0,-68.35,0.81,0.0,-68.3,-70.9,0.0 (cmd 3.7),0.0 (cmd 0.8)
0.6211,-71.53,3.35,0.0,-68.98,0.76,0.0,-69.0,-71.5,0.0 (cmd 3.4),0.0 (cmd 0.8)
0.6215999999999999,-71.76,2.94,0.0,-69.07,0.72,0.0,-69.1,-71.8,0.0 (cmd 2.9),0.0 (cmd 0.7)
0.6221,-72.04,2.56,0.0,-69.08,0.68,0.0,-69.1,-72.0,0.0 (cmd 2.6),0.0 (cmd 0.7)
0.6226,-72.22,2.33,0.0,-69.45,0.65,0.0,-69.5,-72.2,0.0 (cmd 2.3),0.0 (cmd 0.7)
0.6231,-72.61,2.15,0.0,-69.88,0.64,0.0,-69.9,-72.6,0.0 (cmd 2.1),0.0 (cmd 0.6)
0.6236,-73.89,2.15,0.0,-70.17,0.64,0.0,-70.2,-73.9,0.0 (cmd 2.1),0.0 (cmd 0.6)
0.6240999999999999,-74.58,2.15,0.0,-70.4,0.64,0.0,-70.4,-74.6,0.0 (cmd 2.1),0.0 (cmd 0.6)
0.6246,-76.02,2.2,0.0,-70.65,0.64,0.0,-70.7,-76.0,0.0 (cmd 2.2),0.0 (cmd 0.6)
0.6251,-77.14,2.21,0.0,-71.27,0.64,0.0,-71.3,-77.1,0.0 (cmd 2.2),0.0 (cmd 0.6)
0.6256,-78.06,2.3,0.0,-71.5,0.64,0.0,-71.5,-78.1,0.0 (cmd 2.3),0.0 (cmd 0.6)
0.6261,-78.29,2.22,0.0,-71.82,0.63,0.0,-71.8,-78.3,0.0 (cmd 2.2),0.0 (cmd 0.6)
0.6265999999999999,-78.07,1.99,0.0,-71.94,0.6,0.0,-71.9,-78.1,0.0 (cmd 2.0),0.0 (cmd 0.6)
0.6271,-77.8,1.74,0.0,-71.93,0.58,0.0,-71.9,-77.8,0.0 (cmd 1.7),0.0 (cmd 0.6)
0.6276,-77.69,1.58,0.0,-71.79,0.57,0.0,-71.8,-77.7,0.0 (cmd 1.6),0.0 (cmd 0.6)
0.6281,-77.64,1.48,0.0,-71.5,0.56,0.0,-71.5,-77.6,0.0 (cmd 1.5),0.0 (cmd 0.6)
0.6286,-77.59,1.4,0.0,-71.29,0.55,0.0,-71.3,-77.6,0.0 (cmd 1.4),0.0 (cmd 0.6)
0.6290999999999999,-77.3,1.3,0.0,-70.98,0.54,0.0,-71.0,-77.3,0.0 (cmd 1.3),0.0 (cmd 0.5)
0.6296,-77.19,1.24,0.0,-70.73,0.54,0.0,-70.7,-77.2,0.0 (cmd 1.2),0.0 (cmd 0.5)
0.6301,-77.03,1.21,0.0,-70.54,0.53,0.0,-70.5,-77.0,0.0 (cmd 1.2),0.0 (cmd 0.5)
0.6306,-76.89,1.16,0.0,-70.42,0.53,0.0,-70.4,-76.9,0.0 (cmd 1.2),0.0 (cmd 0.5)
0.6311,-76.78,1.13,0.0,-70.33,0.52,0.0,-70.3,-76.8,0.0 (cmd 1.1),0.0 (cmd 0.5)
0.6315999999999999,-76.56,1.12,0.0,-70.27,0.52,0.0,-70.3,-76.6,0.0 (cmd 1.1),0.0 (cmd 0.5)
0.6321,-76.53,1.11,0.0,-70.23,0.52,0.0,-70.2,-76.5,0.0 (cmd 1.1),0.0 (cmd 0.5)
0.6326,-76.26,1.08,0.0,-70.19,0.51,0.0,-70.2,-76.3,0.0 (cmd 1.1),0.0 (cmd 0.5)
0.6331,-76.14,1.09,0.0,-70.06,0.51,0.0,-70.1,-76.1,0.0 (cmd 1.1),0.0 (cmd 0.5)
0.6336,-75.9,1.08,0.0,-69.92,0.51,0.0,-69.9,-75.9,0.0 (cmd 1.1),0.0 (cmd 0.5)
0.6340999999999999,-75.74,1.04,0.0,-69.79,0.51,0.0,-69.8,-75.7,0.0 (cmd 1.0),0.0 (cmd 0.5)
0.6346,-75.66,1.04,0.0,-69.73,0.51,0.0,-69.7,-75.7,0.0 (cmd 1.0),0.0 (cmd 0.5)
0.6351,-75.41,1.04,0.0,-69.67,0.51,0.0,-69.7,-75.4,0.0 (cmd 1.0),0.0 (cmd 0.5)
0.6356,-75.19,1.02,0.0,-69.53,0.51,0.0,-69.5,-75.2,0.0 (cmd 1.0),0.0 (cmd 0.5)
0.6361,-74.94,1.01,0.0,-69.43,0.51,0.0,-69.4,-74.9,0.0 (cmd 1.0),0.0 (cmd 0.5)
0.6365999999999999,-74.68,0.98,0.0,-69.3,0.5,0.0,-69.3,-74.7,0.0 (cmd 1.0),0.0 (cmd 0.5)
0.6371,-74.48,0.97,0.0,-69.12,0.5,0.0,-69.1,-74.5,0.0 (cmd 1.0),0.0 (cmd 0.5)
0.6376000000000001,-74.22,0.97,0.0,-68.96,0.5,0.0,-69.0,-74.2,0.0 (cmd 1.0),0.0 (cmd 0.5)
0.6381,-74.05,0.96,0.0,-68.85,0.5,0.0,-68.8,-74.0,0.0 (cmd 1.0),0.0 (cmd 0.5)
0.6386000000000001,-73.79,0.94,0.0,-68.73,0.5,0.0,-68.7,-73.8,0.0 (cmd 0.9),0.0 (cmd 0.5)
0.6390999999999999,-73.68,0.96,0.0,-68.67,0.5,0.0,-68.7,-73.7,0.0 (cmd 1.0),0.0 (cmd 0.5)
0.6396000000000001,-73.61,0.98,0.0,-68.66,0.5,0.0,-68.7,-73.6,0.0 (cmd 1.0),0.0 (cmd 0.5)
0.6401,-73.57,1.01,0.0,-68.71,0.51,0.0,-68.7,-73.6,0.0 (cmd 1.0),0.0 (cmd 0.5)
0.6406000000000001,-73.57,1.04,0.0,-68.78,0.51,0.0,-68.8,-73.6,0.0 (cmd 1.0),0.0 (cmd 0.5)
0.6411,-73.65,1.08,0.0,-68.85,0.51,0.0,-68.8,-73.7,0.0 (cmd 1.1),0.0 (cmd 0.5)
0.6416,-73.73,1.12,0.0,-68.91,0.52,0.0,-68.9,-73.7,0.0 (cmd 1.1),0.0 (cmd 0.5)
0.6420999999999999,-73.79,1.15,0.0,-69.02,0.52,0.0,-69.0,-73.8,0.0 (cmd 1.1),0.0 (cmd 0.5)
0.6426000000000001,-73.82,1.17,0.0,-69.04,0.52,0.0,-69.0,-73.8,0.0 (cmd 1.2),0.0 (cmd 0.5)
0.6431,-73.83,1.17,0.0,-69.11,0.52,0.0,-69.1,-73.8,0.0 (cmd 1.2),0.0 (cmd 0.5)
0.6436000000000001,-73.85,1.18,0.0,-69.15,0.52,0.0,-69.2,-73.8,0.0 (cmd 1.2),0.0 (cmd 0.5)
0.6440999999999999,-73.89,1.18,0.0,-69.17,0.53,0.0,-69.2,-73.9,0.0 (cmd 1.2),0.0 (cmd 0.5)
0.6446,-73.92,1.19,0.0,-69.19,0.53,0.0,-69.2,-73.9,0.0 (cmd 1.2),0.0 (cmd 0.5)
0.6451,-73.99,1.2,0.0,-69.23,0.53,0.0,-69.2,-74.0,0.0 (cmd 1.2),0.0 (cmd 0.5)
0.6456000000000001,-74.07,1.21,0.0,-69.33,0.53,0.0,-69.3,-74.1,0.0 (cmd 1.2),0.0 (cmd 0.5)
0.6461,-74.11,1.22,0.0,-69.36,0.53,0.0,-69.4,-74.1,0.0 (cmd 1.2),0.0 (cmd 0.5)
0.6466,-74.12,1.22,0.0,-69.36,0.53,0.0,-69.4,-74.1,0.0 (cmd 1.2),0.0 (cmd 0.5)
0.6470999999999999,-74.12,1.21,0.0,-69.36,0.53,0.0,-69.4,-74.1,0.0 (cmd 1.2),0.0 (cmd 0.5)
0.6476000000000001,-74.13,1.2,0.0,-69.39,0.53,0.0,-69.4,-74.1,0.0 (cmd 1.2),0.0 (cmd 0.5)
0.6481,-74.14,1.2,0.0,-69.39,0.53,0.0,-69.4,-74.1,0.0 (cmd 1.2),0.0 (cmd 0.5)
0.6486000000000001,-74.13,1.2,0.0,-69.38,0.53,0.0,-69.4,-74.1,0.0 (cmd 1.2),0.0 (cmd 0.5)
0.6490999999999999,-74.12,0.0,0.0,-69.36,0.0,0.0,-69.4,-74.1,0.0 (cmd 0.0),0.0 (cmd 0.0)
0.6496,-74.1,0.0,0.0,-69.34,0.0,0.0,-69.3,-74.1,0.0 (cmd 0.0),0.0 (cmd 0.0)
0.6501,-74.07,0.0,0.0,-69.32,0.0,0.0,-69.3,-74.1,0.0 (cmd 0.0),0.0 (cmd 0.0)
0.6506000000000001,-74.08,0.0,0.0,-69.32,0.0,0.0,-69.3,-74.1,0.0 (cmd 0.0),0.0 (cmd 0.0)
0.6511,-74.1,0.0,0.0,-69.35,0.0,0.0,-69.3,-74.1,0.0 (cmd 0.0),0.0 (cmd 0.0)
0.6516,-74.11,0.0,0.0,-69.36,0.0,0.0,-69.4,-74.1,0.0 (cmd 0.0),0.0 (cmd 0.0)
0.6520999999999999,-74.08,0.0,0.0,-69.34,0.0,0.0,-69.3,-74.1,0.0 (cmd 0.0),0.0 (cmd 0.0)
0.6526000000000001,-74.05,0.0,0.0,-69.3,0.0,0.0,-69.3,-74.0,0.0 (cmd 0.0),0.0 (cmd 0.0)
0.6531,-74.05,0.0,0.0,-69.3,0.0,0.0,-69.3,-74.0,0.0 (cmd 0.0),0.0 (cmd 0.0)
0.6536000000000001,-74.08,0.0,0.0,-69.31,0.0,0.0,-69.3,-74.1,0.0 (cmd 0.0),0.0 (cmd 0.0)
0.6540999999999999,-74.11,0.0,0.0,-69.35,0.0,0.0,-69.3,-74.1,0.0 (cmd 0.0),0.0 (cmd 0.0)
0.6546,-74.12,0.0,0.0,-69.38,0.0,0.0,-69.4,-74.1,0.0 (cmd 0.0),0.0 (cmd 0.0)
0.6551,-74.12,0.0,0.0,-69.39,0.0,0.0,-69.4,-74.1,0.0 (cmd 0.0),0.0 (cmd 0.0)
0.6556000000000001,-74.13,0.0,0.0,-69.4,0.0,0.0,-69.4,-74.1,0.0 (cmd 0.0),0.0 (cmd 0.0)
0.6561,-74.15,0.0,0.0,-69.43,0.0,0.0,-69.4,-74.2,0.0 (cmd 0.0),0.0 (cmd 0.0)
0.6566,-74.15,0.0,0.0,-69.43,0.0,0.0,-69.4,-74.2,0.0 (cmd 0.0),0.0 (cmd 0.0)
0.6570999999999999,-74.15,0.0,0.0,-69.43,0.0,0.0,-69.4,-74.2,0.0 (cmd 0.0),0.0 (cmd 0.0)
0.6576000000000001,-74.16,0.0,0.0,-69.43,0.0,0.0,-69.4,-74.2,0.0 (cmd 0.0),0.0 (cmd 0.0)
0.6581,-74.17,0.0,0.0,-69.45,0.0,0.0,-69.5,-74.2,0.0 (cmd 0.0),0.0 (cmd 0.0)
0.6586000000000001,-74.16,0.0,0.0,-69.45,0.0,0.0,-69.5,-74.2,0.0 (cmd 0.0),0.0 (cmd 0.0)
0.6590999999999999,-74.15,0.0,0.0,-69.44,0.0,0.0,-69.4,-74.2,0.0 (cmd 0.0),0.0 (cmd 0.0)
0.6596,-74.16,0.0,0.0,-69.45,0.0,0.0,-69.5,-74.2,0.0 (cmd 0.0),0.0 (cmd 0.0)
0.6601,-74.16,0.0,0.0,-69.46,0.0,0.0,-69.5,-74.2,0.0 (cmd 0.0),0.0 (cmd 0.0)
0.6606000000000001,-74.16,0.0,0.0,-69.47,0.0,0.0,-69.5,-74.2,0.0 (cmd 0.0),0.0 (cmd 0.0)
0.6611,-74.17,0.0,0.0,-69.48,0.0,0.0,-69.5,-74.2,0.0 (cmd 0.0),0.0 (cmd 0.0)
0.6615999999999999,-74.17,0.0,0.0,-69.48,0.0,0.0,-69.5,-74.2,0.0 (cmd 0.0),0.0 (cmd 0.0)
0.6620999999999999,-74.16,0.0,0.0,-69.49,0.0,0.0,-69.5,-74.2,0.0 (cmd 0.0),0.0 (cmd 0.0)
0.6626000000000001,-74.16,0.0,0.0,-69.5,0.0,0.0,-69.5,-74.2,0.0 (cmd 0.0),0.0 (cmd 0.0)
0.6631,-74.15,0.0,0.0,-69.51,0.0,0.0,-69.5,-74.2,0.0 (cmd 0.0),0.0 (cmd 0.0)
0.6636,-74.14,0.0,0.0,-69.51,0.0,0.0,-69.5,-74.1,0.0 (cmd 0.0),0.0 (cmd 0.0)
0.6640999999999999,-74.14,0.0,0.0,-69.51,0.0,0.0,-69.5,-74.1,0.0 (cmd 0.0),0.0 (cmd 0.0)
0.6645999999999999,-74.14,0.0,0.0,-69.53,0.0,0.0,-69.5,-74.1,0.0 (cmd 0.0),0.0 (cmd 0.0)
0.6651,-74.14,0.0,0.0,-69.54,0.0,0.0,-69.5,-74.1,0.0 (cmd 0.0),0.0 (cmd 0.0)
0.6656,-74.13,0.0,0.0,-69.55,0.0,0.0,-69.5,-74.1,0.0 (cmd 0.0),0.0 (cmd 0.0)
0.6661,-74.13,0.0,0.0,-69.55,0.0,0.0,-69.5,-74.1,0.0 (cmd 0.0),0.0 (cmd 0.0)
0.6665999999999999,-74.13,0.0,0.0,-69.56,0.0,0.0,-69.6,-74.1,0.0 (cmd 0.0),0.0 (cmd 0.0)
0.6670999999999999,-74.13,0.0,0.0,-69.57,0.0,0.0,-69.6,-74.1,0.0 (cmd 0.0),0.0 (cmd 0.0)
0.6676,-74.12,0.0,0.0,-69.58,0.0,0.0,-69.6,-74.1,0.0 (cmd 0.0),0.0 (cmd 0.0)
0.6681,-74.12,0.0,0.0,-69.58,0.0,0.0,-69.6,-74.1,0.0 (cmd 0.0),0.0 (cmd 0.0)
0.6686,-74.12,0.0,0.0,-69.56,0.0,0.0,-69.6,-74.1,0.0 (cmd 0.0),0.0 (cmd 0.0)
0.6690999999999999,-74.12,0.0,0.0,-69.53,0.0,0.0,-69.5,-74.1,0.0 (cmd 0.0),0.0 (cmd 0.0)
0.6695999999999999,-74.12,0.0,0.0,-69.52,0.0,0.0,-69.5,-74.1,0.0 (cmd 0.0),0.0 (cmd 0.0)
0.6701,-74.12,0.0,0.0,-69.51,0.0,0.0,-69.5,-74.1,0.0 (cmd 0.0),0.0 (cmd 0.0)
0.6706,-74.11,0.0,0.0,-69.5,0.0,0.0,-69.5,-74.1,0.0 (cmd 0.0),0.0 (cmd 0.0)
0.6711,-74.11,0.0,0.0,-69.51,0.0,0.0,-69.5,-74.1,0.0 (cmd 0.0),0.0 (cmd 0.0)
0.6715999999999999,-74.11,0.0,0.0,-69.5,0.0,0.0,-69.5,-74.1,0.0 (cmd 0.0),0.0 (cmd 0.0)
0.6720999999999999,-74.11,0.0,0.0,-69.5,0.0,0.0,-69.5,-74.1,0.0 (cmd 0.0),0.0 (cmd 0.0)
0.6726,-74.12,0.0,0.0,-69.51,0.0,0.0,-69.5,-74.1,0.0 (cmd 0.0),0.0 (cmd 0.0)
0.6731,-74.12,0.0,0.0,-69.52,0.0,0.0,-69.5,-74.1,0.0 (cmd 0.0),0.0 (cmd 0.0)
0.6736,-74.12,0.0,0.0,-69.53,0.0,0.0,-69.5,-74.1,0.0 (cmd 0.0),0.0 (cmd 0.0)
0.6740999999999999,-74.12,0.0,0.0,-69.54,0.0,0.0,-69.5,-74.1,0.0 (cmd 0.0),0.0 (cmd 0.0)
0.6745999999999999,-74.13,0.0,0.0,-69.55,0.0,0.0,-69.5,-74.1,0.0 (cmd 0.0),0.0 (cmd 0.0)
0.6751,-74.13,0.0,0.0,-69.58,0.0,0.0,-69.6,-74.1,0.0 (cmd 0.0),0.0 (cmd 0.0)
0.6756,-74.13,0.0,0.0,-69.6,0.0,0.0,-69.6,-74.1,0.0 (cmd 0.0),0.0 (cmd 0.0)
0.6761,-74.13,0.0,0.0,-69.6,0.0,0.0,-69.6,-74.1,0.0 (cmd 0.0),0.0 (cmd 0.0)
0.6765999999999999,-74.13,0.0,0.0,-69.61,0.0,0.0,-69.6,-74.1,0.0 (cmd 0.0),0.0 (cmd 0.0)
0.6770999999999999,-74.12,0.0,0.0,-69.6,0.0,0.0,-69.6,-74.1,0.0 (cmd 0.0),0.0 (cmd 0.0)
0.6776,-74.12,0.0,0.0,-69.6,0.0,0.0,-69.6,-74.1,0.0 (cmd 0.0),0.0 (cmd 0.0)
0.6781,-74.12,0.0,0.0,-69.61,0.0,0.0,-69.6,-74.1,0.0 (cmd 0.0),0.0 (cmd 0.0)
0.6786,-74.12,0.0,0.0,-69.61,0.0,0.0,-69.6,-74.1,0.0 (cmd 0.0),0.0 (cmd 0.0)
0.6790999999999999,-74.12,0.0,0.0,-69.6,0.0,0.0,-69.6,-74.1,0.0 (cmd 0.0),0.0 (cmd 0.0)
0.6795999999999999,-74.11,0.0,0.0,-69.59,0.0,0.0,-69.6,-74.1,0.0 (cmd 0.0),0.0 (cmd 0.0)
0.6801,-74.11,0.0,0.0,-69.58,0.0,0.0,-69.6,-74.1,0.0 (cmd 0.0),0.0 (cmd 0.0)
0.6806,-74.11,0.0,0.0,-69.58,0.0,0.0,-69.6,-74.1,0.0 (cmd 0.0),0.0 (cmd 0.0)
0.6811,-74.11,0.0,0.0,-69.58,0.0,0.0,-69.6,-74.1,0.0 (cmd 0.0),0.0 (cmd 0.0)
0.6815999999999999,-74.11,0.0,0.0,-69.58,0.0,0.0,-69.6,-74.1,0.0 (cmd 0.0),0.0 (cmd 0.0)
0.6820999999999999,-74.11,0.0,0.0,-69.59,0.0,0.0,-69.6,-74.1,0.0 (cmd 0.0),0.0 (cmd 0.0)
0.6826,-74.11,0.0,0.0,-69.59,0.0,0.0,-69.6,-74.1,0.0 (cmd 0.0),0.0 (cmd 0.0)
0.6831,-74.11,0.0,0.0,-69.58,0.0,0.0,-69.6,-74.1,0.0 (cmd 0.0),0.0 (cmd 0.0)
0.6836,-74.11,0.0,0.0,-69.56,0.0,0.0,-69.6,-74.1,0.0 (cmd 0.0),0.0 (cmd 0.0)
0.6840999999999999,-74.11,0.0,0.0,-69.55,0.0,0.0,-69.5,-74.1,0.0 (cmd 0.0),0.0 (cmd 0.0)
0.6845999999999999,-74.11,0.0,0.0,-69.54,0.0,0.0,-69.5,-74.1,0.0 (cmd 0.0),0.0 (cmd 0.0)
0.6851,-74.11,0.0,0.0,-69.54,0.0,0.0,-69.5,-74.1,0.0 (cmd 0.0),0.0 (cmd 0.0)
0.6856,-74.11,0.0,0.0,-69.53,0.0,0.0,-69.5,-74.1,0.0 (cmd 0.0),0.0 (cmd 0.0)
0.6861,-74.11,0.0,0.0,-69.54,0.0,0.0,-69.5,-74.1,0.0 (cmd 0.0),0.0 (cmd 0.0)
0.6865999999999999,-74.11,0.0,0.0,-69.54,0.0,0.0,-69.5,-74.1,0.0 (cmd 0.0),0.0 (cmd 0.0)
0.6870999999999999,-74.11,0.0,0.0,-69.55,0.0,0.0,-69.5,-74.1,0.0 (cmd 0.0),0.0 (cmd 0.0)
0.6876,-74.11,0.0,0.0,-69.55,0.0,0.0,-69.5,-74.1,0.0 (cmd 0.0),0.0 (cmd 0.0)
0.6881,-74.11,0.0,0.0,-69.55,0.0,0.0,-69.5,-74.1,0.0 (cmd 0.0),0.0 (cmd 0.0)
0.6886,-74.11,0.0,0.0,-69.55,0.0,0.0,-69.5,-74.1,0.0 (cmd 0.0),0.0 (cmd 0.0)
0.6890999999999999,-74.11,0.0,0.0,-69.56,0.0,0.0,-69.6,-74.1,0.0 (cmd 0.0),0.0 (cmd 0.0)
0.6895999999999999,-74.11,0.0,0.0,-69.55,0.0,0.0,-69.5,-74.1,0.0 (cmd 0.0),0.0 (cmd 0.0)
0.6901,-74.11,0.0,0.0,-69.55,0.0,0.0,-69.5,-74.1,0.0 (cmd 0.0),0.0 (cmd 0.0)
0.6906,-74.11,0.0,0.0,-69.55,0.0,0.0,-69.5,-74.1,0.0 (cmd 0.0),0.0 (cmd 0.0)
0.6911,-74.12,0.0,0.0,-69.58,0.0,0.0,-69.6,-74.1,0.0 (cmd 0.0),0.0 (cmd 0.0)
0.6915999999999999,-74.12,0.0,0.0,-69.59,0.0,0.0,-69.6,-74.1,0.0 (cmd 0.0),0.0 (cmd 0.0)
0.6920999999999999,-74.12,0.0,0.0,-69.61,0.0,0.0,-69.6,-74.1,0.0 (cmd 0.0),0.0 (cmd 0.0)
0.6926,-74.12,0.0,0.0,-69.62,0.0,0.0,-69.6,-74.1,0.0 (cmd 0.0),0.0 (cmd 0.0)
0.6931,-74.12,0.0,0.0,-69.64,0.0,0.0,-69.6,-74.1,0.0 (cmd 0.0),0.0 (cmd 0.0)
0.6936,-74.12,0.0,0.0,-69.65,0.0,0.0,-69.7,-74.1,0.0 (cmd 0.0),0.0 (cmd 0.0)
0.6940999999999999,-74.12,0.0,0.0,-69.65,0.0,0.0,-69.7,-74.1,0.0 (cmd 0.0),0.0 (cmd 0.0)
0.6945999999999999,-74.12,0.0,0.0,-69.67,0.0,0.0,-69.7,-74.1,0.0 (cmd 0.0),0.0 (cmd 0.0)
0.6951,-74.12,0.0,0.0,-69.68,0.0,0.0,-69.7,-74.1,0.0 (cmd 0.0),0.0 (cmd 0.0)
0.6956,-74.13,0.0,0.0,-69.69,0.0,0.0,-69.7,-74.1,0.0 (cmd 0.0),0.0 (cmd 0.0)
0.6961,-74.13,0.0,0.0,-69.69,0.0,0.0,-69.7,-74.1,0.0 (cmd 0.0),0.0 (cmd 0.0)
0.6965999999999999,-74.13,0.0,0.0,-69.7,0.0,0.0,-69.7,-74.1,0.0 (cmd 0.0),0.0 (cmd 0.0)
0.6970999999999999,-74.13,0.0,0.0,-69.71,0.0,0.0,-69.7,-74.1,0.0 (cmd 0.0),0.0 (cmd 0.0)
0.6976,-74.13,0.0,0.0,-69.71,0.0,0.0,-69.7,-74.1,0.0 (cmd 0.0),0.0 (cmd 0.0)
0.6981,-74.13,0.0,0.0,-69.72,0.0,0.0,-69.7,-74.1,0.0 (cmd 0.0),0.0 (cmd 0.0)
0.6986,-74.13,0.0,0.0,-69.72,0.0,0.0,-69.7,-74.1,0.0 (cmd 0.0),0.0 (cmd 0.0)
0.6990999999999999,-74.12,0.0,0.0,-69.73,0.0,0.0,-69.7,-74.1,0.0 (cmd 0.0),0.0 (cmd 0.0)
0.6995999999999999,-74.12,0.0,0.0,-69.73,0.0,0.0,-69.7,-74.1,0.0 (cmd 0.0),0.0 (cmd 0.0)
0.7001000000000001,-74.12,0.0,0.0,-69.73,0.0,0.0,-69.7,-74.1,0.0 (cmd 0.0),0.0 (cmd 0.0)
0.7006,-74.12,0.0,0.0,-69.73,0.0,0.0,-69.7,-74.1,0.0 (cmd 0.0),0.0 (cmd 0.0)
0.7011000000000001,-74.12,0.0,0.0,-69.74,0.0,0.0,-69.7,-74.1,0.0 (cmd 0.0),0.0 (cmd 0.0)
0.7015999999999999,-74.13,0.0,0.0,-69.74,0.0,0.0,-69.7,-74.1,0.0 (cmd 0.0),0.0 (cmd 0.0)
0.7021,-74.13,0.0,0.0,-69.75,0.0,0.0,-69.8,-74.1,0.0 (cmd 0.0),0.0 (cmd 0.0)
0.7026,-74.14,0.0,0.0,-69.75,0.0,0.0,-69.8,-74.1,0.0 (cmd 0.0),0.0 (cmd 0.0)
0.7031000000000001,-74.14,0.0,0.0,-69.75,0.0,0.0,-69.8,-74.1,0.0 (cmd 0.0),0.0 (cmd 0.0)
0.7036,-74.15,0.0,0.0,-69.75,0.0,0.0,-69.8,-74.2,0.0 (cmd 0.0),0.0 (cmd 0.0)
0.7041,-74.16,0.0,0.0,-69.75,0.0,0.0,-69.8,-74.2,0.0 (cmd 0.0),0.0 (cmd 0.0)
0.7045999999999999,-74.17,0.0,0.0,-69.76,0.0,0.0,-69.8,-74.2,0.0 (cmd 0.0),0.0 (cmd 0.0)
0.7051000000000001,-74.17,0.0,0.0,-69.76,0.0,0.0,-69.8,-74.2,0.0 (cmd 0.0),0.0 (cmd 0.0)
0.7056,-74.17,0.0,0.0,-69.76,0.0,0.0,-69.8,-74.2,0.0 (cmd 0.0),0.0 (cmd 0.0)
0.7061000000000001,-74.18,0.0,0.0,-69.76,0.0,0.0,-69.8,-74.2,0.0 (cmd 0.0),0.0 (cmd 0.0)
0.7065999999999999,-74.18,0.0,0.0,-69.76,0.0,0.0,-69.8,-74.2,0.0 (cmd 0.0),0.0 (cmd 0.0)
0.7071,-74.19,0.0,0.0,-69.76,0.0,0.0,-69.8,-74.2,0.0 (cmd 0.0),0.0 (cmd 0.0)
0.7076,-74.19,0.0,0.0,-69.76,0.0,0.0,-69.8,-74.2,0.0 (cmd 0.0),0.0 (cmd 0.0)
0.7081000000000001,-74.19,0.0,0.0,-69.76,0.0,0.0,-69.8,-74.2,0.0 (cmd 0.0),0.0 (cmd 0.0)
0.7086,-74.2,0.0,0.0,-69.76,0.0,0.0,-69.8,-74.2,0.0 (cmd 0.0),0.0 (cmd 0.0)
0.7091,-74.2,0.0,0.0,-69.76,0.0,0.0,-69.8,-74.2,0.0 (cmd 0.0),0.0 (cmd 0.0)
0.7095999999999999,-74.21,0.0,0.0,-69.76,0.0,0.0,-69.8,-74.2,0.0 (cmd 0.0),0.0 (cmd 0.0)
0.7101000000000001,-74.21,0.0,0.0,-69.76,0.0,0.0,-69.8,-74.2,0.0 (cmd 0.0),0.0 (cmd 0.0)
0.7106,-74.21,0.0,0.0,-69.76,0.0,0.0,-69.8,-74.2,0.0 (cmd 0.0),0.0 (cmd 0.0)
0.7111000000000001,-74.21,0.0,0.0,-69.76,0.0,0.0,-69.8,-74.2,0.0 (cmd 0.0),0.0 (cmd 0.0)
0.7115999999999999,-74.21,0.0,0.0,-69.76,0.0,0.0,-69.8,-74.2,0.0 (cmd 0.0),0.0 (cmd 0.0)
0.7121,-74.21,0.0,0.0,-69.76,0.0,0.0,-69.8,-74.2,0.0 (cmd 0.0),0.0 (cmd 0.0)
0.7126,-74.22,0.0,0.0,-69.76,0.0,0.0,-69.8,-74.2,0.0 (cmd 0.0),0.0 (cmd 0.0)
0.7131000000000001,-74.22,0.0,0.0,-69.76,0.0,0.0,-69.8,-74.2,0.0 (cmd 0.0),0.0 (cmd 0.0)
0.7136,-74.22,0.0,0.0,-69.76,0.0,0.0,-69.8,-74.2,0.0 (cmd 0.0),0.0 (cmd 0.0)
0.7141,-74.22,0.0,0.0,-69.76,0.0,0.0,-69.8,-74.2,0.0 (cmd 0.0),0.0 (cmd 0.0)
0.7145999999999999,-74.22,0.0,0.0,-69.76,0.0,0.0,-69.8,-74.2,0.0 (cmd 0.0),0.0 (cmd 0.0)
0.7151000000000001,-74.22,0.0,0.0,-69.76,0.0,0.0,-69.8,-74.2,0.0 (cmd 0.0),0.0 (cmd 0.0)
0.7156,-74.22,0.0,0.0,-69.76,0.0,0.0,-69.8,-74.2,0.0 (cmd 0.0),0.0 (cmd 0.0)
0.7161000000000001,-74.22,0.0,0.0,-69.76,0.0,0.0,-69.8,-74.2,0.0 (cmd 0.0),0.0 (cmd 0.0)
0.7165999999999999,-74.23,0.0,0.0,-69.76,0.0,0.0,-69.8,-74.2,0.0 (cmd 0.0),0.0 (cmd 0.0)
0.7171,-74.23,0.0,0.0,-69.76,0.0,0.0,-69.8,-74.2,0.0 (cmd 0.0),0.0 (cmd 0.0)
0.7176,-74.23,0.0,0.0,-69.76,0.0,0.0,-69.8,-74.2,0.0 (cmd 0.0),0.0 (cmd 0.0)
0.7181000000000001,-74.23,0.0,0.0,-69.76,0.0,0.0,-69.8,-74.2,0.0 (cmd 0.0),0.0 (cmd 0.0)
0.7186,-74.23,0.0,0.0,-69.76,0.0,0.0,-69.8,-74.2,0.0 (cmd 0.0),0.0 (cmd 0.0)
0.7191,-74.23,0.0,0.0,-69.76,0.0,0.0,-69.8,-74.2,0.0 (cmd 0.0),0.0 (cmd 0.0)
0.7195999999999999,-74.23,0.0,0.0,-69.76,0.0,0.0,-69.8,-74.2,0.0 (cmd 0.0),0.0 (cmd 0.0)
0.7201000000000001,-74.23,0.0,0.0,-69.76,0.0,0.0,-69.8,-74.2,0.0 (cmd 0.0),0.0 (cmd 0.0)
0.7206,-74.24,0.0,0.0,-69.77,0.0,0.0,-69.8,-74.2,0.0 (cmd 0.0),0.0 (cmd 0.0)
0.7211000000000001,-74.24,0.0,0.0,-69.77,0.0,0.0,-69.8,-74.2,0.0 (cmd 0.0),0.0 (cmd 0.0)
0.7215999999999999,-74.24,0.0,0.0,-69.77,0.0,0.0,-69.8,-74.2,0.0 (cmd 0.0),0.0 (cmd 0.0)
0.7221,-74.24,0.0,0.0,-69.77,0.0,0.0,-69.8,-74.2,0.0 (cmd 0.0),0.0 (cmd 0.0)
0.7226,-74.24,0.0,0.0,-69.77,0.0,0.0,-69.8,-74.2,0.0 (cmd 0.0),0.0 (cmd 0.0)
0.7231000000000001,-74.24,0.0,0.0,-69.77,0.0,0.0,-69.8,-74.2,0.0 (cmd 0.0),0.0 (cmd 0.0)
0.7236,-74.24,0.0,0.0,-69.77,0.0,0.0,-69.8,-74.2,0.0 (cmd 0.0),0.0 (cmd 0.0)
0.7240999999999999,-74.25,0.0,0.0,-69.77,0.0,0.0,-69.8,-74.2,0.0 (cmd 0.0),0.0 (cmd 0.0)
0.7245999999999999,-74.25,0.0,0.0,-69.77,0.0,0.0,-69.8,-74.2,0.0 (cmd 0.0),0.0 (cmd 0.0)
0.7251000000000001,-74.25,0.0,0.0,-69.77,0.0,0.0,-69.8,-74.2,0.0 (cmd 0.0),0.0 (cmd 0.0)
0.7256,-74.25,0.0,0.0,-69.77,0.0,0.0,-69.8,-74.2,0.0 (cmd 0.0),0.0 (cmd 0.0)
0.7261,-74.25,0.0,0.0,-69.77,0.0,0.0,-69.8,-74.2,0.0 (cmd 0.0),0.0 (cmd 0.0)
0.7265999999999999,-74.25,0.0,0.0,-69.77,0.0,0.0,-69.8,-74.2,0.0 (cmd 0.0),0.0 (cmd 0.0)
0.7270999999999999,-74.25,0.0,0.0,-69.77,0.0,0.0,-69.8,-74.2,0.0 (cmd 0.0),0.0 (cmd 0.0)
0.7276,-74.25,0.0,0.0,-69.77,0.0,0.0,-69.8,-74.2,0.0 (cmd 0.0),0.0 (cmd 0.0)
0.7281,-74.26,0.0,0.0,-69.77,0.0,0.0,-69.8,-74.3,0.0 (cmd 0.0),0.0 (cmd 0.0)
0.7286,-74.26,0.0,0.0,-69.77,0.0,0.0,-69.8,-74.3,0.0 (cmd 0.0),0.0 (cmd 0.0)
0.7290999999999999,-74.26,0.0,0.0,-69.77,0.0,0.0,-69.8,-74.3,0.0 (cmd 0.0),0.0 (cmd 0.0)
0.7295999999999999,-74.26,0.0,0.0,-69.77,0.0,0.0,-69.8,-74.3,0.0 (cmd 0.0),0.0 (cmd 0.0)
0.7301,-74.26,0.0,0.0,-69.77,0.0,0.0,-69.8,-74.3,0.0 (cmd 0.0),0.0 (cmd 0.0)
0.7306,-74.27,0.0,0.0,-69.77,0.0,0.0,-69.8,-74.3,0.0 (cmd 0.0),0.0 (cmd 0.0)
0.7311,-74.27,0.0,0.0,-69.77,0.0,0.0,-69.8,-74.3,0.0 (cmd 0.0),0.0 (cmd 0.0)
0.7315999999999999,-74.27,0.0,0.0,-69.77,0.0,0.0,-69.8,-74.3,0.0 (cmd 0.0),0.0 (cmd 0.0)
0.7320999999999999,-74.27,0.0,0.0,-69.77,0.0,0.0,-69.8,-74.3,0.0 (cmd 0.0),0.0 (cmd 0.0)
0.7326,-74.27,0.0,0.0,-69.77,0.0,0.0,-69.8,-74.3,0.0 (cmd 0.0),0.0 (cmd 0.0)
0.7331,-74.27,0.0,0.0,-69.77,0.0,0.0,-69.8,-74.3,0.0 (cmd 0.0),0.0 (cmd 0.0)
0.7336,-74.27,0.0,0.0,-69.77,0.0,0.0,-69.8,-74.3,0.0 (cmd 0.0),0.0 (cmd 0.0)
0.7340999999999999,-74.27,0.0,0.0,-69.77,0.0,0.0,-69.8,-74.3,0.0 (cmd 0.0),0.0 (cmd 0.0)
0.7345999999999999,-74.27,0.0,0.0,-69.77,0.0,0.0,-69.8,-74.3,0.0 (cmd 0.0),0.0 (cmd 0.0)
0.7351,-74.27,0.0,0.0,-69.78,0.0,0.0,-69.8,-74.3,0.0 (cmd 0.0),0.0 (cmd 0.0)
0.7356,-74.27,0.0,0.0,-69.78,0.0,0.0,-69.8,-74.3,0.0 (cmd 0.0),0.0 (cmd 0.0)
0.7361,-74.28,0.0,0.0,-69.78,0.0,0.0,-69.8,-74.3,0.0 (cmd 0.0),0.0 (cmd 0.0)
0.7365999999999999,-74.28,0.0,0.0,-69.78,0.0,0.0,-69.8,-74.3,0.0 (cmd 0.0),0.0 (cmd 0.0)
0.7370999999999999,-74.28,0.0,0.0,-69.78,0.0,0.0,-69.8,-74.3,0.0 (cmd 0.0),0.0 (cmd 0.0)
0.7376,-74.27,0.0,0.0,-69.77,0.0,0.0,-69.8,-74.3,0.0 (cmd 0.0),0.0 (cmd 0.0)
0.7381,-74.27,0.0,0.0,-69.77,0.0,0.0,-69.8,-74.3,0.0 (cmd 0.0),0.0 (cmd 0.0)
0.7386,-74.27,0.0,0.0,-69.77,0.0,0.0,-69.8,-74.3,0.0 (cmd 0.0),0.0 (cmd 0.0)
0.7390999999999999,-74.27,0.0,0.0,-69.77,0.0,0.0,-69.8,-74.3,0.0 (cmd 0.0),0.0 (cmd 0.0)
0.7395999999999999,-74.27,0.0,0.0,-69.77,0.0,0.0,-69.8,-74.3,0.0 (cmd 0.0),0.0 (cmd 0.0)
0.7401,-74.27,0.0,0.0,-69.77,0.0,0.0,-69.8,-74.3,0.0 (cmd 0.0),0.0 (cmd 0.0)
0.7406,-74.27,0.0,0.0,-69.77,0.0,0.0,-69.8,-74.3,0.0 (cmd 0.0),0.0 (cmd 0.0)
0.7411,-74.27,0.0,0.0,-69.77,0.0,0.0,-69.8,-74.3,0.0 (cmd 0.0),0.0 (cmd 0.0)
0.7415999999999999,-74.27,0.0,0.0,-69.77,0.0,0.0,-69.8,-74.3,0.0 (cmd 0.0),0.0 (cmd 0.0)
0.7420999999999999,-74.27,0.0,0.0,-69.77,0.0,0.0,-69.8,-74.3,0.0 (cmd 0.0),0.0 (cmd 0.0)
0.7426,-74.28,0.0,0.0,-69.77,0.0,0.0,-69.8,-74.3,0.0 (cmd 0.0),0.0 (cmd 0.0)
0.7431,-74.28,0.0,0.0,-69.77,0.0,0.0,-69.8,-74.3,0.0 (cmd 0.0),0.0 (cmd 0.0)
0.7436,-74.28,0.0,0.0,-69.77,0.0,0.0,-69.8,-74.3,0.0 (cmd 0.0),0.0 (cmd 0.0)
0.7440999999999999,-74.28,0.0,0.0,-69.77,0.0,0.0,-69.8,-74.3,0.0 (cmd 0.0),0.0 (cmd 0.0)
0.7445999999999999,-74.28,0.0,0.0,-69.77,0.0,0.0,-69.8,-74.3,0.0 (cmd 0.0),0.0 (cmd 0.0)
0.7451,-74.28,0.0,0.0,-69.77,0.0,0.0,-69.8,-74.3,0.0 (cmd 0.0),0.0 (cmd 0.0)
0.7456,-74.28,0.0,0.0,-69.77,0.0,0.0,-69.8,-74.3,0.0 (cmd 0.0),0.0 (cmd 0.0)
0.7461,-74.28,0.0,0.0,-69.77,0.0,0.0,-69.8,-74.3,0.0 (cmd 0.0),0.0 (cmd 0.0)
0.7465999999999999,-74.28,0.0,0.0,-69.77,0.0,0.0,-69.8,-74.3,0.0 (cmd 0.0),0.0 (cmd 0.0)
0.7470999999999999,-74.28,0.0,0.0,-69.77,0.0,0.0,-69.8,-74.3,0.0 (cmd 0.0),0.0 (cmd 0.0)
0.7476,-74.29,0.0,0.0,-69.78,0.0,0.0,-69.8,-74.3,0.0 (cmd 0.0),0.0 (cmd 0.0)
0.7481,-74.29,0.0,0.0,-69.78,0.0,0.0,-69.8,-74.3,0.0 (cmd 0.0),0.0 (cmd 0.0)
0.7486,-74.29,0.0,0.0,-69.78,0.0,0.0,-69.8,-74.3,0.0 (cmd 0.0),0.0 (cmd 0.0)
0.7490999999999999,-74.29,0.0,0.0,-69.78,0.0,0.0,-69.8,-74.3,0.0 (cmd 0.0),0.0 (cmd 0.0)
0.7495999999999999,-74.29,0.0,0.0,-69.78,0.0,0.0,-69.8,-74.3,0.0 (cmd 0.0),0.0 (cmd 0.0)
0.7501,-74.29,0.0,0.0,-69.78,0.0,0.0,-69.8,-74.3,0.0 (cmd 0.0),0.0 (cmd 0.0)
0.7506,-74.29,0.0,0.0,-69.78,0.0,0.0,-69.8,-74.3,0.0 (cmd 0.0),0.0 (cmd 0.0)
0.7511,-74.29,0.0,0.0,-69.78,0.0,0.0,-69.8,-74.3,0.0 (cmd 0.0),0.0 (cmd 0.0)
0.7515999999999999,-74.29,0.0,0.0,-69.78,0.0,0.0,-69.8,-74.3,0.0 (cmd 0.0),0.0 (cmd 0.0)
0.7520999999999999,-74.29,0.0,0.0,-69.78,0.0,0.0,-69.8,-74.3,0.0 (cmd 0.0),0.0 (cmd 0.0)
0.7526,-74.3,0.0,0.0,-69.78,0.0,0.0,-69.8,-74.3,0.0 (cmd 0.0),0.0 (cmd 0.0)
0.7531,-74.3,0.0,0.0,-69.78,0.0,0.0,-69.8,-74.3,0.0 (cmd 0.0),0.0 (cmd 0.0)
0.7536,-74.3,0.0,0.0,-69.78,0.0,0.0,-69.8,-74.3,0.0 (cmd 0.0),0.0 (cmd 0.0)
0.7540999999999999,-74.3,0.0,0.0,-69.78,0.0,0.0,-69.8,-74.3,0.0 (cmd 0.0),0.0 (cmd 0.0)
0.7545999999999999,-74.3,0.0,0.0,-69.78,0.0,0.0,-69.8,-74.3,0.0 (cmd 0.0),0.0 (cmd 0.0)
0.7551,-74.3,0.0,0.0,-69.79,0.0,0.0,-69.8,-74.3,0.0 (cmd 0.0),0.0 (cmd 0.0)
0.7556,-74.3,0.0,0.0,-69.79,0.0,0.0,-69.8,-74.3,0.0 (cmd 0.0),0.0 (cmd 0.0)
0.7561,-74.3,0.0,0.0,-69.79,0.0,0.0,-69.8,-74.3,0.0 (cmd 0.0),0.0 (cmd 0.0)
0.7565999999999999,-74.31,0.0,0.0,-69.79,0.0,0.0,-69.8,-74.3,0.0 (cmd 0.0),0.0 (cmd 0.0)
0.7570999999999999,-74.31,0.0,0.0,-69.79,0.0,0.0,-69.8,-74.3,0.0 (cmd 0.0),0.0 (cmd 0.0)
0.7576,-74.31,0.0,0.0,-69.79,0.0,0.0,-69.8,-74.3,0.0 (cmd 0.0),0.0 (cmd 0.0)
0.7581,-74.31,0.0,0.0,-69.79,0.0,0.0,-69.8,-74.3,0.0 (cmd 0.0),0.0 (cmd 0.0)
0.7586,-74.32,0.0,0.0,-69.79,0.0,0.0,-69.8,-74.3,0.0 (cmd 0.0),0.0 (cmd 0.0)
0.7590999999999999,-74.32,0.0,0.0,-69.79,0.0,0.0,-69.8,-74.3,0.0 (cmd 0.0),0.0 (cmd 0.0)
0.7595999999999999,-74.32,0.0,0.0,-69.79,0.0,0.0,-69.8,-74.3,0.0 (cmd 0.0),0.0 (cmd 0.0)
0.7601,-74.32,0.0,0.0,-69.8,0.0,0.0,-69.8,-74.3,0.0 (cmd 0.0),0.0 (cmd 0.0)
0.7606,-74.32,0.0,0.0,-69.8,0.0,0.0,-69.8,-74.3,0.0 (cmd 0.0),0.0 (cmd 0.0)
0.7611,-74.32,0.0,0.0,-69.8,0.0,0.0,-69.8,-74.3,0.0 (cmd 0.0),0.0 (cmd 0.0)
0.7615999999999999,-74.32,0.0,0.0,-69.8,0.0,0.0,-69.8,-74.3,0.0 (cmd 0.0),0.0 (cmd 0.0)
0.7620999999999999,-74.33,0.0,0.0,-69.8,0.0,0.0,-69.8,-74.3,0.0 (cmd 0.0),0.0 (cmd 0.0)
0.7626000000000001,-74.33,0.0,0.0,-69.8,0.0,0.0,-69.8,-74.3,0.0 (cmd 0.0),0.0 (cmd 0.0)
0.7631,-74.33,0.0,0.0,-69.81,0.0,0.0,-69.8,-74.3,0.0 (cmd 0.0),0.0 (cmd 0.0)
0.7636000000000001,-74.33,0.0,0.0,-69.81,0.0,0.0,-69.8,-74.3,0.0 (cmd 0.0),0.0 (cmd 0.0)
0.7640999999999999,-74.33,0.0,0.0,-69.81,0.0,0.0,-69.8,-74.3,0.0 (cmd 0.0),0.0 (cmd 0.0)
0.7646,-74.33,0.0,0.0,-69.81,0.0,0.0,-69.8,-74.3,0.0 (cmd 0.0),0.0 (cmd 0.0)
0.7651,-74.33,0.0,0.0,-69.81,0.0,0.0,-69.8,-74.3,0.0 (cmd 0.0),0.0 (cmd 0.0)
0.7656000000000001,-74.33,0.0,0.0,-69.81,0.0,0.0,-69.8,-74.3,0.0 (cmd 0.0),0.0 (cmd 0.0)
0.7661,-74.34,0.0,0.0,-69.81,0.0,0.0,-69.8,-74.3,0.0 (cmd 0.0),0.0 (cmd 0.0)
0.7666,-74.34,0.0,0.0,-69.81,0.0,0.0,-69.8,-74.3,0.0 (cmd 0.0),0.0 (cmd 0.0)
0.7670999999999999,-74.34,0.0,0.0,-69.81,0.0,0.0,-69.8,-74.3,0.0 (cmd 0.0),0.0 (cmd 0.0)
0.7676000000000001,-74.34,0.0,0.0,-69.81,0.0,0.0,-69.8,-74.3,0.0 (cmd 0.0),0.0 (cmd 0.0)
0.7681,-74.34,0.0,0.0,-69.81,0.0,0.0,-69.8,-74.3,0.0 (cmd 0.0),0.0 (cmd 0.0)
0.7686000000000001,-74.34,0.0,0.0,-69.81,0.0,0.0,-69.8,-74.3,0.0 (cmd 0.0),0.0 (cmd 0.0)
0.7690999999999999,-74.34,0.0,0.0,-69.81,0.0,0.0,-69.8,-74.3,0.0 (cmd 0.0),0.0 (cmd 0.0)
0.7696,-74.34,0.0,0.0,-69.81,0.0,0.0,-69.8,-74.3,0.0 (cmd 0.0),0.0 (cmd 0.0)
0.7701,-74.34,0.0,0.0,-69.82,0.0,0.0,-69.8,-74.3,0.0 (cmd 0.0),0.0 (cmd 0.0)
0.7706000000000001,-74.34,0.0,0.0,-69.82,0.0,0.0,-69.8,-74.3,0.0 (cmd 0.0),0.0 (cmd 0.0)
0.7711,-74.34,0.0,0.0,-69.82,0.0,0.0,-69.8,-74.3,0.0 (cmd 0.0),0.0 (cmd 0.0)
0.7716,-74.35,0.0,0.0,-69.82,0.0,0.0,-69.8,-74.3,0.0 (cmd 0.0),0.0 (cmd 0.0)
0.7720999999999999,-74.35,0.0,0.0,-69.82,0.0,0.0,-69.8,-74.3,0.0 (cmd 0.0),0.0 (cmd 0.0)
0.7726000000000001,-74.35,0.0,0.0,-69.82,0.0,0.0,-69.8,-74.3,0.0 (cmd 0.0),0.0 (cmd 0.0)
0.7731,-74.35,0.0,0.0,-69.82,0.0,0.0,-69.8,-74.3,0.0 (cmd 0.0),0.0 (cmd 0.0)
0.7736000000000001,-74.35,0.0,0.0,-69.82,0.0,0.0,-69.8,-74.3,0.0 (cmd 0.0),0.0 (cmd 0.0)
0.7740999999999999,-74.35,0.0,0.0,-69.82,0.0,0.0,-69.8,-74.3,0.0 (cmd 0.0),0.0 (cmd 0.0)
0.7746,-74.35,0.0,0.0,-69.82,0.0,0.0,-69.8,-74.3,0.0 (cmd 0.0),0.0 (cmd 0.0)
0.7751,-74.35,0.0,0.0,-69.82,0.0,0.0,-69.8,-74.3,0.0 (cmd 0.0),0.0 (cmd 0.0)
0.7756000000000001,-74.35,0.0,0.0,-69.82,0.0,0.0,-69.8,-74.3,0.0 (cmd 0.0),0.0 (cmd 0.0)
0.7761,-74.35,0.0,0.0,-69.82,0.0,0.0,-69.8,-74.3,0.0 (cmd 0.0),0.0 (cmd 0.0)
0.7766,-74.35,0.0,0.0,-69.82,0.0,0.0,-69.8,-74.3,0.0 (cmd 0.0),0.0 (cmd 0.0)
0.7770999999999999,-74.35,0.0,0.0,-69.82,0.0,0.0,-69.8,-74.3,0.0 (cmd 0.0),0.0 (cmd 0.0)
0.7776000000000001,-74.35,0.0,0.0,-69.82,0.0,0.0,-69.8,-74.3,0.0 (cmd 0.0),0.0 (cmd 0.0)
0.7781,-74.35,0.0,0.0,-69.82,0.0,0.0,-69.8,-74.3,0.0 (cmd 0.0),0.0 (cmd 0.0)
0.7786000000000001,-74.36,0.0,0.0,-69.82,0.0,0.0,-69.8,-74.4,0.0 (cmd 0.0),0.0 (cmd 0.0)
0.7790999999999999,-74.36,0.0,0.0,-69.82,0.0,0.0,-69.8,-74.4,0.0 (cmd 0.0),0.0 (cmd 0.0)
0.7796,-74.36,0.0,0.0,-69.82,0.0,0.0,-69.8,-74.4,0.0 (cmd 0.0),0.0 (cmd 0.0)
0.7801,-74.36,0.0,0.0,-69.82,0.0,0.0,-69.8,-74.4,0.0 (cmd 0.0),0.0 (cmd 0.0)
0.7806000000000001,-74.36,0.0,0.0,-69.83,0.0,0.0,-69.8,-74.4,0.0 (cmd 0.0),0.0 (cmd 0.0)
0.7811,-74.36,0.0,0.0,-69.83,0.0,0.0,-69.8,-74.4,0.0 (cmd 0.0),0.0 (cmd 0.0)
0.7816,-74.36,0.0,0.0,-69.83,0.0,0.0,-69.8,-74.4,0.0 (cmd 0.0),0.0 (cmd 0.0)
0.7820999999999999,-74.36,0.0,0.0,-69.83,0.0,0.0,-69.8,-74.4,0.0 (cmd 0.0),0.0 (cmd 0.0)
0.7826000000000001,-74.37,0.0,0.0,-69.83,0.0,0.0,-69.8,-74.4,0.0 (cmd 0.0),0.0 (cmd 0.0)
0.7831,-74.37,0.0,0.0,-69.83,0.0,0.0,-69.8,-74.4,0.0 (cmd 0.0),0.0 (cmd 0.0)
0.7836000000000001,-74.37,0.0,0.0,-69.83,0.0,0.0,-69.8,-74.4,0.0 (cmd 0.0),0.0 (cmd 0.0)
0.7840999999999999,-74.37,0.0,0.0,-69.83,0.0,0.0,-69.8,-74.4,0.0 (cmd 0.0),0.0 (cmd 0.0)
0.7846,-74.38,0.0,0.0,-69.83,0.0,0.0,-69.8,-74.4,0.0 (cmd 0.0),0.0 (cmd 0.0)
0.7851,-74.38,0.0,0.0,-69.83,0.0,0.0,-69.8,-74.4,0.0 (cmd 0.0),0.0 (cmd 0.0)
0.7856000000000001,-74.38,0.0,0.0,-69.83,0.0,0.0,-69.8,-74.4,0.0 (cmd 0.0),0.0 (cmd 0.0)
0.7861,-74.38,0.0,0.0,-69.83,0.0,0.0,-69.8,-74.4,0.0 (cmd 0.0),0.0 (cmd 0.0)
0.7865999999999999,-74.38,0.0,0.0,-69.84,0.0,0.0,-69.8,-74.4,0.0 (cmd 0.0),0.0 (cmd 0.0)
0.7870999999999999,-74.38,0.0,0.0,-69.84,0.0,0.0,-69.8,-74.4,0.0 (cmd 0.0),0.0 (cmd 0.0)
0.7876000000000001,-74.38,0.0,0.0,-69.84,0.0,0.0,-69.8,-74.4,0.0 (cmd 0.0),0.0 (cmd 0.0)
0.7881,-74.38,0.0,0.0,-69.84,0.0,0.0,-69.8,-74.4,0.0 (cmd 0.0),0.0 (cmd 0.0)
0.7886,-74.39,0.0,0.0,-69.84,0.0,0.0,-69.8,-74.4,0.0 (cmd 0.0),0.0 (cmd 0.0)
0.7890999999999999,-74.39,0.0,0.0,-69.84,0.0,0.0,-69.8,-74.4,0.0 (cmd 0.0),0.0 (cmd 0.0)
0.7895999999999999,-74.39,0.0,0.0,-69.84,0.0,0.0,-69.8,-74.4,0.0 (cmd 0.0),0.0 (cmd 0.0)
0.7901,-74.39,0.0,0.0,-69.84,0.0,0.0,-69.8,-74.4,0.0 (cmd 0.0),0.0 (cmd 0.0)
0.7906,-74.39,0.0,0.0,-69.84,0.0,0.0,-69.8,-74.4,0.0 (cmd 0.0),0.0 (cmd 0.0)
0.7911,-74.39,0.0,0.0,-69.84,0.0,0.0,-69.8,-74.4,0.0 (cmd 0.0),0.0 (cmd 0.0)
0.7915999999999999,-74.39,0.0,0.0,-69.84,0.0,0.0,-69.8,-74.4,0.0 (cmd 0.0),0.0 (cmd 0.0)
0.7920999999999999,-74.39,0.0,0.0,-69.85,0.0,0.0,-69.8,-74.4,0.0 (cmd 0.0),0.0 (cmd 0.0)
0.7926,-74.39,0.0,0.0,-69.85,0.0,0.0,-69.8,-74.4,0.0 (cmd 0.0),0.0 (cmd 0.0)
0.7931,-74.4,0.0,0.0,-69.85,0.0,0.0,-69.8,-74.4,0.0 (cmd 0.0),0.0 (cmd 0.0)
0.7936,-74.4,0.0,0.0,-69.85,0.0,0.0,-69.8,-74.4,0.0 (cmd 0.0),0.0 (cmd 0.0)
0.7940999999999999,-74.4,0.0,0.0,-69.85,0.0,0.0,-69.8,-74.4,0.0 (cmd 0.0),0.0 (cmd 0.0)
0.7945999999999999,-74.4,0.0,0.0,-69.85,0.0,0.0,-69.8,-74.4,0.0 (cmd 0.0),0.0 (cmd 0.0)
0.7951,-74.4,0.0,0.0,-69.85,0.0,0.0,-69.8,-74.4,0.0 (cmd 0.0),0.0 (cmd 0.0)
0.7956,-74.4,0.0,0.0,-69.85,0.0,0.0,-69.8,-74.4,0.0 (cmd 0.0),0.0 (cmd 0.0)
0.7961,-74.4,0.0,0.0,-69.85,0.0,0.0,-69.8,-74.4,0.0 (cmd 0.0),0.0 (cmd 0.0)
0.7965999999999999,-74.4,0.0,0.0,-69.85,0.0,0.0,-69.8,-74.4,0.0 (cmd 0.0),0.0 (cmd 0.0)
0.7970999999999999,-74.4,0.0,0.0,-69.85,0.0,0.0,-69.8,-74.4,0.0 (cmd 0.0),0.0 (cmd 0.0)
0.7976,-74.4,0.0,0.0,-69.85,0.0,0.0,-69.8,-74.4,0.0 (cmd 0.0),0.0 (cmd 0.0)
0.7981,-74.4,0.0,0.0,-69.85,0.0,0.0,-69.8,-74.4,0.0 (cmd 0.0),0.0 (cmd 0.0)
0.7986,-74.4,0.0,0.0,-69.85,0.0,0.0,-69.8,-74.4,0.0 (cmd 0.0),0.0 (cmd 0.0)
0.7990999999999999,-74.38,0.0,0.0,-69.82,0.0,0.0,-69.8,-74.4,0.0 (cmd 0.0),0.0 (cmd 0.0)
0.7995999999999999,-74.31,0.0,0.0,-69.67,0.0,0.0,-69.7,-74.3,0.0 (cmd 0.0),0.0 (cmd 0.0)
0.8001,-74.16,0.0,0.0,-69.55,0.0,0.0,-69.5,-74.2,0.0 (cmd 0.0),0.0 (cmd 0.0)
0.8006,-74.07,0.0,0.0,-69.48,0.0,0.0,-69.5,-74.1,0.0 (cmd 0.0),0.0 (cmd 0.0)
0.8011,-74.08,0.0,0.0,-69.48,0.0,0.0,-69.5,-74.1,0.0 (cmd 0.0),0.0 (cmd 0.0)
0.8015999999999999,-74.16,0.0,0.0,-69.58,0.0,0.0,-69.6,-74.2,0.0 (cmd 0.0),0.0 (cmd 0.0)
0.8020999999999999,-74.2,0.0,0.0,-69.64,0.0,0.0,-69.6,-74.2,0.0 (cmd 0.0),0.0 (cmd 0.0)
0.8026,-74.19,0.0,0.0,-69.64,0.0,0.0,-69.6,-74.2,0.0 (cmd 0.0),0.0 (cmd 0.0)
0.8031,-74.18,0.0,0.0,-69.59,0.0,0.0,-69.6,-74.2,0.0 (cmd 0.0),0.0 (cmd 0.0)
0.8036,-74.19,0.0,0.0,-69.56,0.0,0.0,-69.6,-74.2,0.0 (cmd 0.0),0.0 (cmd 0.0)
0.8040999999999999,-74.24,0.0,0.0,-69.56,0.0,0.0,-69.6,-74.2,0.0 (cmd 0.0),0.0 (cmd 0.0)
0.8045999999999999,-74.27,0.0,0.0,-69.58,0.0,0.0,-69.6,-74.3,0.0 (cmd 0.0),0.0 (cmd 0.0)
0.8051,-74.27,0.0,0.0,-69.6,0.0,0.0,-69.6,-74.3,0.0 (cmd 0.0),0.0 (cmd 0.0)
0.8056,-74.27,0.0,0.0,-69.59,0.0,0.0,-69.6,-74.3,0.0 (cmd 0.0),0.0 (cmd 0.0)
0.8061,-74.3,0.0,0.0,-69.6,0.0,0.0,-69.6,-74.3,0.0 (cmd 0.0),0.0 (cmd 0.0)
0.8065999999999999,-74.29,0.0,0.0,-69.59,0.0,0.0,-69.6,-74.3,0.0 (cmd 0.0),0.0 (cmd 0.0)
0.8070999999999999,-74.27,0.0,0.0,-69.55,0.0,0.0,-69.5,-74.3,0.0 (cmd 0.0),0.0 (cmd 0.0)
0.8076,-74.26,0.0,0.0,-69.54,0.0,0.0,-69.5,-74.3,0.0 (cmd 0.0),0.0 (cmd 0.0)
0.8081,-74.27,0.0,0.0,-69.53,0.0,0.0,-69.5,-74.3,0.0 (cmd 0.0),0.0 (cmd 0.0)
0.8086,-74.28,0.0,0.0,-69.53,0.0,0.0,-69.5,-74.3,0.0 (cmd 0.0),0.0 (cmd 0.0)
0.8090999999999999,-74.29,0.0,0.0,-69.54,0.0,0.0,-69.5,-74.3,0.0 (cmd 0.0),0.0 (cmd 0.0)
0.8095999999999999,-74.28,0.0,0.0,-69.54,0.0,0.0,-69.5,-74.3,0.0 (cmd 0.0),0.0 (cmd 0.0)
0.8101,-74.28,0.0,0.0,-69.53,0.0,0.0,-69.5,-74.3,0.0 (cmd 0.0),0.0 (cmd 0.0)
0.8106,-74.29,0.0,0.0,-69.54,0.0,0.0,-69.5,-74.3,0.0 (cmd 0.0),0.0 (cmd 0.0)
0.8111,-74.28,0.0,0.0,-69.53,0.0,0.0,-69.5,-74.3,0.0 (cmd 0.0),0.0 (cmd 0.0)
0.8115999999999999,-74.27,0.0,0.0,-69.51,0.0,0.0,-69.5,-74.3,0.0 (cmd 0.0),0.0 (cmd 0.0)
0.8120999999999999,-74.27,0.0,0.0,-69.52,0.0,0.0,-69.5,-74.3,0.0 (cmd 0.0),0.0 (cmd 0.0)
0.8126,-74.27,0.0,0.0,-69.51,0.0,0.0,-69.5,-74.3,0.0 (cmd 0.0),0.0 (cmd 0.0)
0.8131,-74.27,0.0,0.0,-69.51,0.0,0.0,-69.5,-74.3,0.0 (cmd 0.0),0.0 (cmd 0.0)
0.8136,-74.28,0.0,0.0,-69.51,0.0,0.0,-69.5,-74.3,0.0 (cmd 0.0),0.0 (cmd 0.0)
0.8140999999999999,-74.28,0.0,0.0,-69.5,0.0,0.0,-69.5,-74.3,0.0 (cmd 0.0),0.0 (cmd 0.0)
0.8145999999999999,-74.28,0.0,0.0,-69.5,0.0,0.0,-69.5,-74.3,0.0 (cmd 0.0),0.0 (cmd 0.0)
0.8151,-74.27,0.0,0.0,-69.5,0.0,0.0,-69.5,-74.3,0.0 (cmd 0.0),0.0 (cmd 0.0)
0.8156,-74.25,0.0,0.0,-69.5,0.0,0.0,-69.5,-74.2,0.0 (cmd 0.0),0.0 (cmd 0.0)
0.8161,-74.25,0.0,0.0,-69.49,0.0,0.0,-69.5,-74.2,0.0 (cmd 0.0),0.0 (cmd 0.0)
0.8165999999999999,-74.24,0.0,0.0,-69.49,0.0,0.0,-69.5,-74.2,0.0 (cmd 0.0),0.0 (cmd 0.0)
0.8170999999999999,-74.24,0.0,0.0,-69.49,0.0,0.0,-69.5,-74.2,0.0 (cmd 0.0),0.0 (cmd 0.0)
0.8176,-74.23,0.0,0.0,-69.49,0.0,0.0,-69.5,-74.2,0.0 (cmd 0.0),0.0 (cmd 0.0)
0.8181,-74.23,0.0,0.0,-69.49,0.0,0.0,-69.5,-74.2,0.0 (cmd 0.0),0.0 (cmd 0.0)
0.8186,-74.22,0.0,0.0,-69.49,0.0,0.0,-69.5,-74.2,0.0 (cmd 0.0),0.0 (cmd 0.0)
0.8190999999999999,-74.22,0.0,0.0,-69.49,0.0,0.0,-69.5,-74.2,0.0 (cmd 0.0),0.0 (cmd 0.0)
0.8195999999999999,-74.22,0.0,0.0,-69.49,0.0,0.0,-69.5,-74.2,0.0 (cmd 0.0),0.0 (cmd 0.0)
0.8201,-74.23,0.0,0.0,-69.49,0.0,0.0,-69.5,-74.2,0.0 (cmd 0.0),0.0 (cmd 0.0)
0.8207,-74.23,0.0,0.0,-69.49,0.0,0.0,-69.5,-74.2,0.0 (cmd 0.0),0.0 (cmd 0.0)
0.8212,-74.24,0.0,0.0,-69.49,0.0,0.0,-69.5,-74.2,0.0 (cmd 0.0),0.0 (cmd 0.0)
0.8217000000000001,-74.24,0.0,0.0,-69.49,0.0,0.0,-69.5,-74.2,0.0 (cmd 0.0),0.0 (cmd 0.0)
0.8222,-74.24,0.0,0.0,-69.49,0.0,0.0,-69.5,-74.2,0.0 (cmd 0.0),0.0 (cmd 0.0)
0.8227,-74.24,0.0,0.0,-69.49,0.0,0.0,-69.5,-74.2,0.0 (cmd 0.0),0.0 (cmd 0.0)
0.8231999999999999,-74.24,0.0,0.0,-69.49,0.0,0.0,-69.5,-74.2,0.0 (cmd 0.0),0.0 (cmd 0.0)
0.8237000000000001,-74.25,0.0,0.0,-69.49,0.0,0.0,-69.5,-74.2,0.0 (cmd 0.0),0.0 (cmd 0.0)
0.8242,-74.25,0.0,0.0,-69.49,0.0,0.0,-69.5,-74.2,0.0 (cmd 0.0),0.0 (cmd 0.0)
0.8247000000000001,-74.25,0.0,0.0,-69.49,0.0,0.0,-69.5,-74.2,0.0 (cmd 0.0),0.0 (cmd 0.0)
0.8251999999999999,-74.24,0.0,0.0,-69.49,0.0,0.0,-69.5,-74.2,0.0 (cmd 0.0),0.0 (cmd 0.0)
0.8256999999999999,-74.24,0.0,0.0,-69.49,0.0,0.0,-69.5,-74.2,0.0 (cmd 0.0),0.0 (cmd 0.0)
0.8262,-74.24,0.0,0.0,-69.49,0.0,0.0,-69.5,-74.2,0.0 (cmd 0.0),0.0 (cmd 0.0)
0.8267,-74.24,0.0,0.0,-69.5,0.0,0.0,-69.5,-74.2,0.0 (cmd 0.0),0.0 (cmd 0.0)
0.8272,-74.24,0.0,0.0,-69.5,0.0,0.0,-69.5,-74.2,0.0 (cmd 0.0),0.0 (cmd 0.0)
0.8276999999999999,-74.24,0.0,0.0,-69.5,0.0,0.0,-69.5,-74.2,0.0 (cmd 0.0),0.0 (cmd 0.0)
0.8281999999999999,-74.24,0.0,0.0,-69.5,0.0,0.0,-69.5,-74.2,0.0 (cmd 0.0),0.0 (cmd 0.0)
0.8287,-74.24,0.0,0.0,-69.5,0.0,0.0,-69.5,-74.2,0.0 (cmd 0.0),0.0 (cmd 0.0)
0.8292,-74.24,0.0,0.0,-69.5,0.0,0.0,-69.5,-74.2,0.0 (cmd 0.0),0.0 (cmd 0.0)
0.8297,-74.24,0.0,0.0,-69.5,0.0,0.0,-69.5,-74.2,0.0 (cmd 0.0),0.0 (cmd 0.0)
0.8301999999999999,-74.24,0.0,0.0,-69.51,0.0,0.0,-69.5,-74.2,0.0 (cmd 0.0),0.0 (cmd 0.0)
0.8306999999999999,-74.24,0.0,0.0,-69.51,0.0,0.0,-69.5,-74.2,0.0 (cmd 0.0),0.0 (cmd 0.0)
0.8312,-74.24,0.0,0.0,-69.51,0.0,0.0,-69.5,-74.2,0.0 (cmd 0.0),0.0 (cmd 0.0)
0.8317,-74.23,0.0,0.0,-69.5,0.0,0.0,-69.5,-74.2,0.0 (cmd 0.0),0.0 (cmd 0.0)
0.8322,-74.22,0.0,0.0,-69.51,0.0,0.0,-69.5,-74.2,0.0 (cmd 0.0),0.0 (cmd 0.0)
0.8326999999999999,-74.21,0.0,0.0,-69.51,0.0,0.0,-69.5,-74.2,0.0 (cmd 0.0),0.0 (cmd 0.0)
0.8331999999999999,-74.18,0.0,0.0,-69.5,0.0,0.0,-69.5,-74.2,0.0 (cmd 0.0),0.0 (cmd 0.0)
0.8337,-74.18,0.0,0.0,-69.5,0.0,0.0,-69.5,-74.2,0.0 (cmd 0.0),0.0 (cmd 0.0)
0.8342,-74.17,0.0,0.0,-69.49,0.0,0.0,-69.5,-74.2,0.0 (cmd 0.0),0.0 (cmd 0.0)
0.8347,-74.21,0.0,0.0,-69.52,0.0,0.0,-69.5,-74.2,0.0 (cmd 0.0),0.0 (cmd 0.0)
0.8351999999999999,-74.27,0.0,0.0,-69.58,0.0,0.0,-69.6,-74.3,0.0 (cmd 0.0),0.0 (cmd 0.0)
0.8356999999999999,-74.3,0.0,0.0,-69.64,0.0,0.0,-69.6,-74.3,0.0 (cmd 0.0),0.0 (cmd 0.0)
0.8362,-74.39,0.0,0.0,-69.76,0.0,0.0,-69.8,-74.4,0.0 (cmd 0.0),0.0 (cmd 0.0)
0.8367,-74.5,0.0,0.0,-69.86,0.0,0.0,-69.9,-74.5,0.0 (cmd 0.0),0.0 (cmd 0.0)
0.8372,-74.58,0.0,0.0,-69.93,0.0,0.0,-69.9,-74.6,0.0 (cmd 0.0),0.0 (cmd 0.0)
0.8376999999999999,-74.62,0.0,0.0,-70.03,0.0,0.0,-70.0,-74.6,0.0 (cmd 0.0),0.0 (cmd 0.0)
0.8382,-74.68,0.0,0.0,-70.11,0.0,0.0,-70.1,-74.7,0.0 (cmd 0.0),0.0 (cmd 0.0)
0.8387,-74.72,0.0,0.0,-70.21,0.0,0.0,-70.2,-74.7,0.0 (cmd 0.0),0.0 (cmd 0.0)
0.8392000000000001,-74.72,0.0,0.0,-70.22,0.0,0.0,-70.2,-74.7,0.0 (cmd 0.0),0.0 (cmd 0.0)
0.8397,-74.72,0.0,0.0,-70.22,0.0,0.0,-70.2,-74.7,0.0 (cmd 0.0),0.0 (cmd 0.0)
0.8402,-74.71,0.0,0.0,-70.22,0.0,0.0,-70.2,-74.7,0.0 (cmd 0.0),0.0 (cmd 0.0)
0.8406999999999999,-74.69,0.0,0.0,-70.22,0.0,0.0,-70.2,-74.7,0.0 (cmd 0.0),0.0 (cmd 0.0)
0.8412000000000001,-74.68,0.0,0.0,-70.21,0.0,0.0,-70.2,-74.7,0.0 (cmd 0.0),0.0 (cmd 0.0)
0.8417,-74.68,0.0,0.0,-70.22,0.0,0.0,-70.2,-74.7,0.0 (cmd 0.0),0.0 (cmd 0.0)
0.8422000000000001,-74.68,0.0,0.0,-70.23,0.0,0.0,-70.2,-74.7,0.0 (cmd 0.0),0.0 (cmd 0.0)
0.8426999999999999,-74.68,0.0,0.0,-70.23,0.0,0.0,-70.2,-74.7,0.0 (cmd 0.0),0.0 (cmd 0.0)
0.8432,-74.67,0.0,0.0,-70.23,0.0,0.0,-70.2,-74.7,0.0 (cmd 0.0),0.0 (cmd 0.0)
0.8437,-74.66,0.0,0.0,-70.23,0.0,0.0,-70.2,-74.7,0.0 (cmd 0.0),0.0 (cmd 0.0)
0.8442000000000001,-74.66,0.0,0.0,-70.22,0.0,0.0,-70.2,-74.7,0.0 (cmd 0.0),0.0 (cmd 0.0)
0.8447,-74.66,0.0,0.0,-70.23,0.0,0.0,-70.2,-74.7,0.0 (cmd 0.0),0.0 (cmd 0.0)
0.8452,-74.66,0.0,0.0,-70.23,0.0,0.0,-70.2,-74.7,0.0 (cmd 0.0),0.0 (cmd 0.0)
0.8456999999999999,-74.66,0.0,0.0,-70.23,0.0,0.0,-70.2,-74.7,0.0 (cmd 0.0),0.0 (cmd 0.0)
0.8462000000000001,-74.67,0.0,0.0,-70.24,0.0,0.0,-70.2,-74.7,0.0 (cmd 0.0),0.0 (cmd 0.0)
0.8467,-74.67,0.0,0.0,-70.25,0.0,0.0,-70.2,-74.7,0.0 (cmd 0.0),0.0 (cmd 0.0)
0.8472000000000001,-74.67,0.0,0.0,-70.27,0.0,0.0,-70.3,-74.7,0.0 (cmd 0.0),0.0 (cmd 0.0)
0.8476999999999999,-74.67,0.0,0.0,-70.28,0.0,0.0,-70.3,-74.7,0.0 (cmd 0.0),0.0 (cmd 0.0)
0.8482,-74.68,0.0,0.0,-70.3,0.0,0.0,-70.3,-74.7,0.0 (cmd 0.0),0.0 (cmd 0.0)
0.8487,-74.68,0.0,0.0,-70.31,0.0,0.0,-70.3,-74.7,0.0 (cmd 0.0),0.0 (cmd 0.0)
0.8492000000000001,-74.68,0.0,0.0,-70.33,0.0,0.0,-70.3,-74.7,0.0 (cmd 0.0),0.0 (cmd 0.0)
0.8497,-74.68,0.0,0.0,-70.33,0.0,0.0,-70.3,-74.7,0.0 (cmd 0.0),0.0 (cmd 0.0)
0.8502,-74.69,0.0,0.0,-70.34,0.0,0.0,-70.3,-74.7,0.0 (cmd 0.0),0.0 (cmd 0.0)
0.8506999999999999,-74.69,0.0,0.0,-70.36,0.0,0.0,-70.4,-74.7,0.0 (cmd 0.0),0.0 (cmd 0.0)
0.8512000000000001,-74.69,0.0,0.0,-70.36,0.0,0.0,-70.4,-74.7,0.0 (cmd 0.0),0.0 (cmd 0.0)
0.8517,-74.69,0.0,0.0,-70.37,0.0,0.0,-70.4,-74.7,0.0 (cmd 0.0),0.0 (cmd 0.0)
0.8522000000000001,-74.69,0.0,0.0,-70.37,0.0,0.0,-70.4,-74.7,0.0 (cmd 0.0),0.0 (cmd 0.0)
0.8526999999999999,-74.69,0.0,0.0,-70.38,0.0,0.0,-70.4,-74.7,0.0 (cmd 0.0),0.0 (cmd 0.0)
0.8532,-74.69,0.0,0.0,-70.38,0.0,0.0,-70.4,-74.7,0.0 (cmd 0.0),0.0 (cmd 0.0)
0.8537,-74.7,0.0,0.0,-70.38,0.0,0.0,-70.4,-74.7,0.0 (cmd 0.0),0.0 (cmd 0.0)
0.8542000000000001,-74.7,0.0,0.0,-70.39,0.0,0.0,-70.4,-74.7,0.0 (cmd 0.0),0.0 (cmd 0.0)
0.8547,-74.7,0.0,0.0,-70.39,0.0,0.0,-70.4,-74.7,0.0 (cmd 0.0),0.0 (cmd 0.0)
0.8552,-74.7,0.0,0.0,-70.39,0.0,0.0,-70.4,-74.7,0.0 (cmd 0.0),0.0 (cmd 0.0)
0.8556999999999999,-74.7,0.0,0.0,-70.39,0.0,0.0,-70.4,-74.7,0.0 (cmd 0.0),0.0 (cmd 0.0)
0.8562000000000001,-74.7,0.0,0.0,-70.39,0.0,0.0,-70.4,-74.7,0.0 (cmd 0.0),0.0 (cmd 0.0)
0.8567,-74.7,0.0,0.0,-70.39,0.0,0.0,-70.4,-74.7,0.0 (cmd 0.0),0.0 (cmd 0.0)
0.8572000000000001,-74.71,0.0,0.0,-70.4,0.0,0.0,-70.4,-74.7,0.0 (cmd 0.0),0.0 (cmd 0.0)
0.8576999999999999,-74.71,0.0,0.0,-70.4,0.0,0.0,-70.4,-74.7,0.0 (cmd 0.0),0.0 (cmd 0.0)
0.8582,-74.71,0.0,0.0,-70.4,0.0,0.0,-70.4,-74.7,0.0 (cmd 0.0),0.0 (cmd 0.0)
0.8587,-74.71,0.0,0.0,-70.4,0.0,0.0,-70.4,-74.7,0.0 (cmd 0.0),0.0 (cmd 0.0)
0.8592000000000001,-74.71,0.0,0.0,-70.4,0.0,0.0,-70.4,-74.7,0.0 (cmd 0.0),0.0 (cmd 0.0)
0.8597,-74.71,0.0,0.0,-70.4,0.0,0.0,-70.4,-74.7,0.0 (cmd 0.0),0.0 (cmd 0.0)
0.8602,-74.71,0.0,0.0,-70.39,0.0,0.0,-70.4,-74.7,0.0 (cmd 0.0),0.0 (cmd 0.0)
0.8606999999999999,-74.71,0.0,0.0,-70.39,0.0,0.0,-70.4,-74.7,0.0 (cmd 0.0),0.0 (cmd 0.0)
0.8612000000000001,-74.71,0.0,0.0,-70.39,0.0,0.0,-70.4,-74.7,0.0 (cmd 0.0),0.0 (cmd 0.0)
0.8617,-74.71,0.0,0.0,-70.39,0.0,0.0,-70.4,-74.7,0.0 (cmd 0.0),0.0 (cmd 0.0)
0.8622000000000001,-74.71,0.0,0.0,-70.39,0.0,0.0,-70.4,-74.7,0.0 (cmd 0.0),0.0 (cmd 0.0)
0.8626999999999999,-74.71,0.0,0.0,-70.39,0.0,0.0,-70.4,-74.7,0.0 (cmd 0.0),0.0 (cmd 0.0)
0.8632,-74.71,0.0,0.0,-70.39,0.0,0.0,-70.4,-74.7,0.0 (cmd 0.0),0.0 (cmd 0.0)
0.8637,-74.71,0.0,0.0,-70.39,0.0,0.0,-70.4,-74.7,0.0 (cmd 0.0),0.0 (cmd 0.0)
0.8642000000000001,-74.71,0.0,0.0,-70.39,0.0,0.0,-70.4,-74.7,0.0 (cmd 0.0),0.0 (cmd 0.0)
0.8647,-74.71,0.0,0.0,-70.38,0.0,0.0,-70.4,-74.7,0.0 (cmd 0.0),0.0 (cmd 0.0)
0.8652,-74.7,0.0,0.0,-70.38,0.0,0.0,-70.4,-74.7,0.0 (cmd 0.0),0.0 (cmd 0.0)
0.8656999999999999,-74.7,0.0,0.0,-70.38,0.0,0.0,-70.4,-74.7,0.0 (cmd 0.0),0.0 (cmd 0.0)
0.8662000000000001,-74.7,0.0,0.0,-70.38,0.0,0.0,-70.4,-74.7,0.0 (cmd 0.0),0.0 (cmd 0.0)
0.8667,-74.7,0.0,0.0,-70.38,0.0,0.0,-70.4,-74.7,0.0 (cmd 0.0),0.0 (cmd 0.0)
0.8672000000000001,-74.7,0.0,0.0,-70.38,0.0,0.0,-70.4,-74.7,0.0 (cmd 0.0),0.0 (cmd 0.0)
0.8676999999999999,-74.7,0.0,0.0,-70.37,0.0,0.0,-70.4,-74.7,0.0 (cmd 0.0),0.0 (cmd 0.0)
0.8682,-74.69,0.0,0.0,-70.37,0.0,0.0,-70.4,-74.7,0.0 (cmd 0.0),0.0 (cmd 0.0)
0.8687,-74.69,0.0,0.0,-70.37,0.0,0.0,-70.4,-74.7,0.0 (cmd 0.0),0.0 (cmd 0.0)
0.8692000000000001,-74.69,0.0,0.0,-70.37,0.0,0.0,-70.4,-74.7,0.0 (cmd 0.0),0.0 (cmd 0.0)
0.8697,-74.69,0.0,0.0,-70.37,0.0,0.0,-70.4,-74.7,0.0 (cmd 0.0),0.0 (cmd 0.0)
0.8702,-74.69,0.0,0.0,-70.37,0.0,0.0,-70.4,-74.7,0.0 (cmd 0.0),0.0 (cmd 0.0)
0.8706999999999999,-74.69,0.0,0.0,-70.37,0.0,0.0,-70.4,-74.7,0.0 (cmd 0.0),0.0 (cmd 0.0)
0.8712000000000001,-74.69,0.0,0.0,-70.36,0.0,0.0,-70.4,-74.7,0.0 (cmd 0.0),0.0 (cmd 0.0)
0.8717,-74.69,0.0,0.0,-70.36,0.0,0.0,-70.4,-74.7,0.0 (cmd 0.0),0.0 (cmd 0.0)
0.8722000000000001,-74.69,0.0,0.0,-70.36,0.0,0.0,-70.4,-74.7,0.0 (cmd 0.0),0.0 (cmd 0.0)
0.8726999999999999,-74.69,0.0,0.0,-70.36,0.0,0.0,-70.4,-74.7,0.0 (cmd 0.0),0.0 (cmd 0.0)
0.8732,-74.69,0.0,0.0,-70.36,0.0,0.0,-70.4,-74.7,0.0 (cmd 0.0),0.0 (cmd 0.0)
0.8737,-74.69,0.0,0.0,-70.36,0.0,0.0,-70.4,-74.7,0.0 (cmd 0.0),0.0 (cmd 0.0)
0.8742000000000001,-74.69,0.0,0.0,-70.36,0.0,0.0,-70.4,-74.7,0.0 (cmd 0.0),0.0 (cmd 0.0)
0.8747,-74.69,0.0,0.0,-70.36,0.0,0.0,-70.4,-74.7,0.0 (cmd 0.0),0.0 (cmd 0.0)
0.8752,-74.69,0.0,0.0,-70.36,0.0,0.0,-70.4,-74.7,0.0 (cmd 0.0),0.0 (cmd 0.0)
0.8756999999999999,-74.69,0.0,0.0,-70.36,0.0,0.0,-70.4,-74.7,0.0 (cmd 0.0),0.0 (cmd 0.0)
0.8762000000000001,-74.69,0.0,0.0,-70.36,0.0,0.0,-70.4,-74.7,0.0 (cmd 0.0),0.0 (cmd 0.0)
0.8767,-74.69,0.0,0.0,-70.35,0.0,0.0,-70.3,-74.7,0.0 (cmd 0.0),0.0 (cmd 0.0)
0.8772000000000001,-74.69,0.0,0.0,-70.35,0.0,0.0,-70.3,-74.7,0.0 (cmd 0.0),0.0 (cmd 0.0)
0.8776999999999999,-74.69,0.0,0.0,-70.35,0.0,0.0,-70.3,-74.7,0.0 (cmd 0.0),0.0 (cmd 0.0)
0.8782,-74.69,0.0,0.0,-70.35,0.0,0.0,-70.3,-74.7,0.0 (cmd 0.0),0.0 (cmd 0.0)
0.8787,-74.69,0.0,0.0,-70.35,0.0,0.0,-70.3,-74.7,0.0 (cmd 0.0),0.0 (cmd 0.0)
0.8792000000000001,-74.69,0.0,0.0,-70.35,0.0,0.0,-70.3,-74.7,0.0 (cmd 0.0),0.0 (cmd 0.0)
0.8797,-74.69,0.0,0.0,-70.34,0.0,0.0,-70.3,-74.7,0.0 (cmd 0.0),0.0 (cmd 0.0)
0.8802,-74.69,0.0,0.0,-70.34,0.0,0.0,-70.3,-74.7,0.0 (cmd 0.0),0.0 (cmd 0.0)
0.8806999999999999,-74.69,0.0,0.0,-70.34,0.0,0.0,-70.3,-74.7,0.0 (cmd 0.0),0.0 (cmd 0.0)
0.8812000000000001,-74.69,0.0,0.0,-70.34,0.0,0.0,-70.3,-74.7,0.0 (cmd 0.0),0.0 (cmd 0.0)
0.8817,-74.69,0.0,0.0,-70.34,0.0,0.0,-70.3,-74.7,0.0 (cmd 0.0),0.0 (cmd 0.0)
0.8822000000000001,-74.69,0.0,0.0,-70.34,0.0,0.0,-70.3,-74.7,0.0 (cmd 0.0),0.0 (cmd 0.0)
0.8826999999999999,-74.69,0.0,0.0,-70.34,0.0,0.0,-70.3,-74.7,0.0 (cmd 0.0),0.0 (cmd 0.0)
0.8832,-74.69,0.0,0.0,-70.34,0.0,0.0,-70.3,-74.7,0.0 (cmd 0.0),0.0 (cmd 0.0)
0.8837,-74.69,0.0,0.0,-70.34,0.0,0.0,-70.3,-74.7,0.0 (cmd 0.0),0.0 (cmd 0.0)
0.8842000000000001,-74.69,0.0,0.0,-70.34,0.0,0.0,-70.3,-74.7,0.0 (cmd 0.0),0.0 (cmd 0.0)
0.8847,-74.69,0.0,0.0,-70.34,0.0,0.0,-70.3,-74.7,0.0 (cmd 0.0),0.0 (cmd 0.0)
0.8852,-74.69,0.0,0.0,-70.34,0.0,0.0,-70.3,-74.7,0.0 (cmd 0.0),0.0 (cmd 0.0)
0.8856999999999999,-74.69,0.0,0.0,-70.34,0.0,0.0,-70.3,-74.7,0.0 (cmd 0.0),0.0 (cmd 0.0)
0.8862000000000001,-74.69,0.0,0.0,-70.34,0.0,0.0,-70.3,-74.7,0.0 (cmd 0.0),0.0 (cmd 0.0)
0.8867,-74.69,0.0,0.0,-70.34,0.0,0.0,-70.3,-74.7,0.0 (cmd 0.0),0.0 (cmd 0.0)
0.8872000000000001,-74.69,0.0,0.0,-70.34,0.0,0.0,-70.3,-74.7,0.0 (cmd 0.0),0.0 (cmd 0.0)
0.8876999999999999,-74.69,0.0,0.0,-70.34,0.0,0.0,-70.3,-74.7,0.0 (cmd 0.0),0.0 (cmd 0.0)
0.8881999999999999,-74.69,0.0,0.0,-70.34,0.0,0.0,-70.3,-74.7,0.0 (cmd 0.0),0.0 (cmd 0.0)
0.8887,-74.69,0.0,0.0,-70.34,0.0,0.0,-70.3,-74.7,0.0 (cmd 0.0),0.0 (cmd 0.0)
0.8892,-74.69,0.0,0.0,-70.34,0.0,0.0,-70.3,-74.7,0.0 (cmd 0.0),0.0 (cmd 0.0)
0.8897,-74.69,0.0,0.0,-70.34,0.0,0.0,-70.3,-74.7,0.0 (cmd 0.0),0.0 (cmd 0.0)
0.8901999999999999,-74.69,0.0,0.0,-70.34,0.0,0.0,-70.3,-74.7,0.0 (cmd 0.0),0.0 (cmd 0.0)
0.8906999999999999,-74.69,0.0,0.0,-70.34,0.0,0.0,-70.3,-74.7,0.0 (cmd 0.0),0.0 (cmd 0.0)
0.8912,-74.69,0.0,0.0,-70.34,0.0,0.0,-70.3,-74.7,0.0 (cmd 0.0),0.0 (cmd 0.0)
0.8917,-74.69,0.0,0.0,-70.34,0.0,0.0,-70.3,-74.7,0.0 (cmd 0.0),0.0 (cmd 0.0)
0.8922,-74.69,0.0,0.0,-70.34,0.0,0.0,-70.3,-74.7,0.0 (cmd 0.0),0.0 (cmd 0.0)
0.8926999999999999,-74.69,0.0,0.0,-70.34,0.0,0.0,-70.3,-74.7,0.0 (cmd 0.0),0.0 (cmd 0.0)
0.8931999999999999,-74.69,0.0,0.0,-70.34,0.0,0.0,-70.3,-74.7,0.0 (cmd 0.0),0.0 (cmd 0.0)
0.8937,-74.69,0.0,0.0,-70.34,0.0,0.0,-70.3,-74.7,0.0 (cmd 0.0),0.0 (cmd 0.0)
0.8942,-74.69,0.0,0.0,-70.34,0.0,0.0,-70.3,-74.7,0.0 (cmd 0.0),0.0 (cmd 0.0)
0.8947,-74.69,0.0,0.0,-70.34,0.0,0.0,-70.3,-74.7,0.0 (cmd 0.0),0.0 (cmd 0.0)
0.8951999999999999,-74.69,0.0,0.0,-70.34,0.0,0.0,-70.3,-74.7,0.0 (cmd 0.0),0.0 (cmd 0.0)
0.8956999999999999,-74.69,0.0,0.0,-70.34,0.0,0.0,-70.3,-74.7,0.0 (cmd 0.0),0.0 (cmd 0.0)
0.8962,-74.69,0.0,0.0,-70.34,0.0,0.0,-70.3,-74.7,0.0 (cmd 0.0),0.0 (cmd 0.0)
0.8967,-74.69,0.0,0.0,-70.34,0.0,0.0,-70.3,-74.7,0.0 (cmd 0.0),0.0 (cmd 0.0)
0.8972,-74.69,0.0,0.0,-70.34,0.0,0.0,-70.3,-74.7,0.0 (cmd 0.0),0.0 (cmd 0.0)
0.8976999999999999,-74.7,0.0,0.0,-70.34,0.0,0.0,-70.3,-74.7,0.0 (cmd 0.0),0.0 (cmd 0.0)
0.8981999999999999,-74.7,0.0,0.0,-70.34,0.0,0.0,-70.3,-74.7,0.0 (cmd 0.0),0.0 (cmd 0.0)
0.8987,-74.7,0.0,0.0,-70.34,0.0,0.0,-70.3,-74.7,0.0 (cmd 0.0),0.0 (cmd 0.0)
0.8992,-74.7,0.0,0.0,-70.34,0.0,0.0,-70.3,-74.7,0.0 (cmd 0.0),0.0 (cmd 0.0)
0.8997,-74.71,0.0,0.0,-70.34,0.0,0.0,-70.3,-74.7,0.0 (cmd 0.0),0.0 (cmd 0.0)
0.9001999999999999,-74.71,0.0,0.0,-70.34,0.0,0.0,-70.3,-74.7,0.0 (cmd 0.0),0.0 (cmd 0.0)
0.9007,-74.71,0.0,0.0,-70.34,0.0,0.0,-70.3,-74.7,0.0 (cmd 0.0),0.0 (cmd 0.0)
0.9012,-74.71,0.0,0.0,-70.34,0.0,0.0,-70.3,-74.7,0.0 (cmd 0.0),0.0 (cmd 0.0)
0.9017000000000001,-74.71,0.0,0.0,-70.34,0.0,0.0,-70.3,-74.7,0.0 (cmd 0.0),0.0 (cmd 0.0)
0.9022,-74.71,0.0,0.0,-70.34,0.0,0.0,-70.3,-74.7,0.0 (cmd 0.0),0.0 (cmd 0.0)
0.9027,-74.71,0.0,0.0,-70.35,0.0,0.0,-70.3,-74.7,0.0 (cmd 0.0),0.0 (cmd 0.0)
0.9031999999999999,-74.71,0.0,0.0,-70.35,0.0,0.0,-70.3,-74.7,0.0 (cmd 0.0),0.0 (cmd 0.0)
0.9037000000000001,-74.71,0.0,0.0,-70.35,0.0,0.0,-70.3,-74.7,0.0 (cmd 0.0),0.0 (cmd 0.0)
0.9042,-74.72,0.0,0.0,-70.35,0.0,0.0,-70.3,-74.7,0.0 (cmd 0.0),0.0 (cmd 0.0)
0.9047000000000001,-74.72,0.0,0.0,-70.35,0.0,0.0,-70.3,-74.7,0.0 (cmd 0.0),0.0 (cmd 0.0)
0.9051999999999999,-74.72,0.0,0.0,-70.35,0.0,0.0,-70.3,-74.7,0.0 (cmd 0.0),0.0 (cmd 0.0)
0.9057,-74.72,0.0,0.0,-70.35,0.0,0.0,-70.3,-74.7,0.0 (cmd 0.0),0.0 (cmd 0.0)
0.9062,-74.72,0.0,0.0,-70.36,0.0,0.0,-70.4,-74.7,0.0 (cmd 0.0),0.0 (cmd 0.0)
0.9067000000000001,-74.72,0.0,0.0,-70.36,0.0,0.0,-70.4,-74.7,0.0 (cmd 0.0),0.0 (cmd 0.0)
0.9072,-74.72,0.0,0.0,-70.36,0.0,0.0,-70.4,-74.7,0.0 (cmd 0.0),0.0 (cmd 0.0)
0.9077,-74.72,0.0,0.0,-70.36,0.0,0.0,-70.4,-74.7,0.0 (cmd 0.0),0.0 (cmd 0.0)
0.9081999999999999,-74.72,0.0,0.0,-70.36,0.0,0.0,-70.4,-74.7,0.0 (cmd 0.0),0.0 (cmd 0.0)
0.9087000000000001,-74.73,0.0,0.0,-70.36,0.0,0.0,-70.4,-74.7,0.0 (cmd 0.0),0.0 (cmd 0.0)
0.9092,-74.73,0.0,0.0,-70.36,0.0,0.0,-70.4,-74.7,0.0 (cmd 0.0),0.0 (cmd 0.0)
0.9097000000000001,-74.73,0.0,0.0,-70.36,0.0,0.0,-70.4,-74.7,0.0 (cmd 0.0),0.0 (cmd 0.0)
0.9101999999999999,-74.73,0.0,0.0,-70.36,0.0,0.0,-70.4,-74.7,0.0 (cmd 0.0),0.0 (cmd 0.0)
0.9107,-74.73,0.0,0.0,-70.36,0.0,0.0,-70.4,-74.7,0.0 (cmd 0.0),0.0 (cmd 0.0)
0.9112,-74.73,0.0,0.0,-70.36,0.0,0.0,-70.4,-74.7,0.0 (cmd 0.0),0.0 (cmd 0.0)
0.9117000000000001,-74.73,0.0,0.0,-70.36,0.0,0.0,-70.4,-74.7,0.0 (cmd 0.0),0.0 (cmd 0.0)
0.9122,-74.73,0.0,0.0,-70.36,0.0,0.0,-70.4,-74.7,0.0 (cmd 0.0),0.0 (cmd 0.0)
0.9127,-74.73,0.0,0.0,-70.36,0.0,0.0,-70.4,-74.7,0.0 (cmd 0.0),0.0 (cmd 0.0)
0.9131999999999999,-74.73,0.0,0.0,-70.36,0.0,0.0,-70.4,-74.7,0.0 (cmd 0.0),0.0 (cmd 0.0)
0.9137000000000001,-74.71,0.0,0.0,-70.35,0.0,0.0,-70.3,-74.7,0.0 (cmd 0.0),0.0 (cmd 0.0)
0.9142,-74.66,0.0,0.0,-70.28,0.0,0.0,-70.3,-74.7,0.0 (cmd 0.0),0.0 (cmd 0.0)
0.9147000000000001,-74.6,0.0,0.0,-70.25,0.0,0.0,-70.2,-74.6,0.0 (cmd 0.0),0.0 (cmd 0.0)
0.9151999999999999,-74.56,0.0,0.0,-70.22,0.0,0.0,-70.2,-74.6,0.0 (cmd 0.0),0.0 (cmd 0.0)
0.9157,-74.56,0.0,0.0,-70.2,0.0,0.0,-70.2,-74.6,0.0 (cmd 0.0),0.0 (cmd 0.0)
0.9162,-74.57,0.0,0.0,-70.23,0.0,0.0,-70.2,-74.6,0.0 (cmd 0.0),0.0 (cmd 0.0)
0.9167000000000001,-74.64,0.0,0.0,-70.29,0.0,0.0,-70.3,-74.6,0.0 (cmd 0.0),0.0 (cmd 0.0)
0.9172,-74.75,0.0,0.0,-70.34,0.0,0.0,-70.3,-74.8,0.0 (cmd 0.0),0.0 (cmd 0.0)
0.9177,-74.8,0.0,0.0,-70.38,0.0,0.0,-70.4,-74.8,0.0 (cmd 0.0),0.0 (cmd 0.0)
0.9181999999999999,-74.83,0.0,0.0,-70.39,0.0,0.0,-70.4,-74.8,0.0 (cmd 0.0),0.0 (cmd 0.0)
0.9187000000000001,-74.88,0.0,0.0,-70.44,0.0,0.0,-70.4,-74.9,0.0 (cmd 0.0),0.0 (cmd 0.0)
0.9192,-74.91,0.0,0.0,-70.47,0.0,0.0,-70.5,-74.9,0.0 (cmd 0.0),0.0 (cmd 0.0)
0.9197000000000001,-74.96,0.0,0.0,-70.5,0.0,0.0,-70.5,-75.0,0.0 (cmd 0.0),0.0 (cmd 0.0)
0.9201999999999999,-74.99,0.0,0.0,-70.55,0.0,0.0,-70.5,-75.0,0.0 (cmd 0.0),0.0 (cmd 0.0)
0.9207,-75.0,0.0,0.0,-70.58,0.0,0.0,-70.6,-75.0,0.0 (cmd 0.0),0.0 (cmd 0.0)
0.9212,-75.01,0.0,0.0,-70.55,0.0,0.0,-70.5,-75.0,0.0 (cmd 0.0),0.0 (cmd 0.0)
0.9217000000000001,-75.01,0.0,0.0,-70.55,0.0,0.0,-70.5,-75.0,0.0 (cmd 0.0),0.0 (cmd 0.0)
0.9222,-75.02,0.0,0.0,-70.53,0.0,0.0,-70.5,-75.0,0.0 (cmd 0.0),0.0 (cmd 0.0)
0.9227,-75.02,0.0,0.0,-70.5,0.0,0.0,-70.5,-75.0,0.0 (cmd 0.0),0.0 (cmd 0.0)
0.9231999999999999,-74.99,0.0,0.0,-70.43,0.0,0.0,-70.4,-75.0,0.0 (cmd 0.0),0.0 (cmd 0.0)
0.9237000000000001,-74.98,0.0,0.0,-70.54,0.0,0.0,-70.5,-75.0,0.0 (cmd 0.0),0.0 (cmd 0.0)
0.9242,-74.86,0.0,0.0,-70.93,0.0,0.0,-70.9,-74.9,0.0 (cmd 0.0),0.0 (cmd 0.0)
0.9247000000000001,-74.84,0.0,0.0,-71.31,0.0,0.0,-71.3,-74.8,0.0 (cmd 0.0),0.0 (cmd 0.0)
0.9251999999999999,-74.82,0.0,0.0,-71.82,0.0,0.0,-71.8,-74.8,0.0 (cmd 0.0),0.0 (cmd 0.0)
0.9257,-74.81,0.0,0.0,-71.9,0.0,0.0,-71.9,-74.8,0.0 (cmd 0.0),0.0 (cmd 0.0)
0.9262,-74.84,0.0,0.0,-71.7,0.0,0.0,-71.7,-74.8,0.0 (cmd 0.0),0.0 (cmd 0.0)
0.9267000000000001,-74.86,0.0,0.0,-71.47,0.0,0.0,-71.5,-74.9,0.0 (cmd 0.0),0.0 (cmd 0.0)
0.9272,-74.89,0.0,0.0,-71.41,0.0,0.0,-71.4,-74.9,0.0 (cmd 0.0),0.0 (cmd 0.0)
0.9277,-74.92,0.0,0.0,-71.1,0.0,0.0,-71.1,-74.9,0.0 (cmd 0.0),0.0 (cmd 0.0)
0.9281999999999999,-74.96,0.0,0.0,-71.09,0.0,0.0,-71.1,-75.0,0.0 (cmd 0.0),0.0 (cmd 0.0)
0.9287000000000001,-75.03,0.0,0.0,-71.16,0.0,0.0,-71.2,-75.0,0.0 (cmd 0.0),0.0 (cmd 0.0)
0.9292,-75.1,0.0,0.0,-71.19,0.0,0.0,-71.2,-75.1,0.0 (cmd 0.0),0.0 (cmd 0.0)
0.9297000000000001,-75.13,0.0,0.0,-72.89,0.0,0.0,-72.9,-75.1,0.0 (cmd 0.0),0.0 (cmd 0.0)
0.9301999999999999,-75.14,0.0,0.0,-75.85,0.0,0.0,-75.8,-75.1,0.0 (cmd 0.0),0.0 (cmd 0.0)
0.9307,-75.2,0.0,0.0,-75.08,0.0,0.0,-75.1,-75.2,0.0 (cmd 0.0),0.0 (cmd 0.0)
0.9312,-75.23,0.0,0.0,-72.85,0.0,0.0,-72.8,-75.2,0.0 (cmd 0.0),0.0 (cmd 0.0)
0.9317000000000001,-75.29,0.0,0.0,-72.32,0.0,0.0,-72.3,-75.3,0.0 (cmd 0.0),0.0 (cmd 0.0)
0.9322,-75.31,0.0,0.0,-71.68,0.0,0.0,-71.7,-75.3,0.0 (cmd 0.0),0.0 (cmd 0.0)
0.9327,-75.31,0.0,0.0,-71.56,0.0,0.0,-71.6,-75.3,0.0 (cmd 0.0),0.0 (cmd 0.0)
0.9331999999999999,-75.28,0.0,0.0,-71.44,0.0,0.0,-71.4,-75.3,0.0 (cmd 0.0),0.0 (cmd 0.0)
0.9337000000000001,-75.24,0.0,0.0,-71.4,0.0,0.0,-71.4,-75.2,0.0 (cmd 0.0),0.0 (cmd 0.0)
0.9342,-75.19,0.0,0.0,-71.37,0.0,0.0,-71.4,-75.2,0.0 (cmd 0.0),0.0 (cmd 0.0)
0.9347000000000001,-75.15,0.0,0.0,-71.33,0.0,0.0,-71.3,-75.2,0.0 (cmd 0.0),0.0 (cmd 0.0)
0.9351999999999999,-75.11,0.0,0.0,-71.32,0.0,0.0,-71.3,-75.1,0.0 (cmd 0.0),0.0 (cmd 0.0)
0.9357,-75.08,0.0,0.0,-71.32,0.0,0.0,-71.3,-75.1,0.0 (cmd 0.0),0.0 (cmd 0.0)
0.9362,-75.06,0.0,0.0,-71.4,0.0,0.0,-71.4,-75.1,0.0 (cmd 0.0),0.0 (cmd 0.0)
0.9367000000000001,-75.07,0.0,0.0,-71.48,0.0,0.0,-71.5,-75.1,0.0 (cmd 0.0),0.0 (cmd 0.0)
0.9372,-75.08,0.0,0.0,-71.47,0.0,0.0,-71.5,-75.1,0.0 (cmd 0.0),0.0 (cmd 0.0)
0.9377,-75.06,0.0,0.0,-71.44,0.0,0.0,-71.4,-75.1,0.0 (cmd 0.0),0.0 (cmd 0.0)
0.9381999999999999,-75.0,0.0,0.0,-71.44,0.0,0.0,-71.4,-75.0,0.0 (cmd 0.0),0.0 (cmd 0.0)
0.9387000000000001,-74.96,0.0,0.0,-71.39,0.0,0.0,-71.4,-75.0,0.0 (cmd 0.0),0.0 (cmd 0.0)
0.9392,-74.95,0.0,0.0,-71.36,0.0,0.0,-71.4,-75.0,0.0 (cmd 0.0),0.0 (cmd 0.0)
0.9397000000000001,-74.96,0.0,0.0,-71.4,0.0,0.0,-71.4,-75.0,0.0 (cmd 0.0),0.0 (cmd 0.0)
0.9401999999999999,-74.98,0.0,0.0,-71.4,0.0,0.0,-71.4,-75.0,0.0 (cmd 0.0),0.0 (cmd 0.0)
0.9407,-75.0,0.0,0.0,-71.47,0.0,0.0,-71.5,-75.0,0.0 (cmd 0.0),0.0 (cmd 0.0)
0.9412,-75.03,0.0,0.0,-71.55,0.0,0.0,-71.5,-75.0,0.0 (cmd 0.0),0.0 (cmd 0.0)
0.9417000000000001,-75.05,0.0,0.0,-71.64,0.0,0.0,-71.6,-75.0,0.0 (cmd 0.0),0.0 (cmd 0.0)
0.9422,-75.05,0.0,0.0,-71.65,0.0,0.0,-71.7,-75.0,0.0 (cmd 0.0),0.0 (cmd 0.0)
0.9427,-75.04,0.0,0.0,-71.57,0.0,0.0,-71.6,-75.0,0.0 (cmd 0.0),0.0 (cmd 0.0)
0.9431999999999999,-75.01,0.0,0.0,-71.53,0.0,0.0,-71.5,-75.0,0.0 (cmd 0.0),0.0 (cmd 0.0)
0.9437000000000001,-75.02,0.0,0.0,-71.41,0.0,0.0,-71.4,-75.0,0.0 (cmd 0.0),0.0 (cmd 0.0)
0.9442,-75.02,0.0,0.0,-71.36,0.0,0.0,-71.4,-75.0,0.0 (cmd 0.0),0.0 (cmd 0.0)
0.9447000000000001,-75.02,0.0,0.0,-71.31,0.0,0.0,-71.3,-75.0,0.0 (cmd 0.0),0.0 (cmd 0.0)
0.9451999999999999,-75.05,0.0,0.0,-71.37,0.0,0.0,-71.4,-75.0,0.0 (cmd 0.0),0.0 (cmd 0.0)
0.9457,-75.11,0.0,0.0,-71.45,0.0,0.0,-71.5,-75.1,0.0 (cmd 0.0),0.0 (cmd 0.0)
0.9462,-75.14,0.0,0.0,-71.51,0.0,0.0,-71.5,-75.1,0.0 (cmd 0.0),0.0 (cmd 0.0)
0.9467000000000001,-75.15,0.0,0.0,-71.51,0.0,0.0,-71.5,-75.2,0.0 (cmd 0.0),0.0 (cmd 0.0)
0.9472,-75.11,0.0,0.0,-71.47,0.0,0.0,-71.5,-75.1,0.0 (cmd 0.0),0.0 (cmd 0.0)
0.9477,-75.08,0.0,0.0,-71.44,0.0,0.0,-71.4,-75.1,0.0 (cmd 0.0),0.0 (cmd 0.0)
0.9481999999999999,-75.07,0.0,0.0,-71.37,0.0,0.0,-71.4,-75.1,0.0 (cmd 0.0),0.0 (cmd 0.0)
0.9487000000000001,-75.05,0.0,0.0,-71.44,0.0,0.0,-71.4,-75.0,0.0 (cmd 0.0),0.0 (cmd 0.0)
0.9492,-75.05,0.0,0.0,-71.43,0.0,0.0,-71.4,-75.0,0.0 (cmd 0.0),0.0 (cmd 0.0)
0.9497000000000001,-75.03,0.0,0.0,-71.43,0.0,0.0,-71.4,-75.0,0.0 (cmd 0.0),0.0 (cmd 0.0)
0.9501999999999999,-75.01,0.0,0.0,-71.4,0.0,0.0,-71.4,-75.0,0.0 (cmd 0.0),0.0 (cmd 0.0)
0.9506999999999999,-75.02,0.0,0.0,-71.38,0.0,0.0,-71.4,-75.0,0.0 (cmd 0.0),0.0 (cmd 0.0)
0.9512,-75.05,0.0,0.0,-71.37,0.0,0.0,-71.4,-75.0,0.0 (cmd 0.0),0.0 (cmd 0.0)
0.9517,-75.06,0.0,0.0,-71.37,0.0,0.0,-71.4,-75.1,0.0 (cmd 0.0),0.0 (cmd 0.0)
0.9522,-75.06,0.0,0.0,-71.39,0.0,0.0,-71.4,-75.1,0.0 (cmd 0.0),0.0 (cmd 0.0)
0.9526999999999999,-75.06,0.0,0.0,-71.4,0.0,0.0,-71.4,-75.1,0.0 (cmd 0.0),0.0 (cmd 0.0)
0.9531999999999999,-75.08,0.0,0.0,-71.42,0.0,0.0,-71.4,-75.1,0.0 (cmd 0.0),0.0 (cmd 0.0)
0.9537,-75.11,0.0,0.0,-71.45,0.0,0.0,-71.5,-75.1,0.0 (cmd 0.0),0.0 (cmd 0.0)
0.9542,-75.13,0.0,0.0,-71.44,0.0,0.0,-71.4,-75.1,0.0 (cmd 0.0),0.0 (cmd 0.0)
0.9547,-75.16,0.0,0.0,-71.44,0.0,0.0,-71.4,-75.2,0.0 (cmd 0.0),0.0 (cmd 0.0)
0.9551999999999999,-75.16,0.0,0.0,-71.47,0.0,0.0,-71.5,-75.2,0.0 (cmd 0.0),0.0 (cmd 0.0)
0.9556999999999999,-75.14,0.0,0.0,-71.5,0.0,0.0,-71.5,-75.1,0.0 (cmd 0.0),0.0 (cmd 0.0)
0.9562,-75.14,0.0,0.0,-71.54,0.0,0.0,-71.5,-75.1,0.0 (cmd 0.0),0.0 (cmd 0.0)
0.9567,-75.16,0.0,0.0,-71.57,0.0,0.0,-71.6,-75.2,0.0 (cmd 0.0),0.0 (cmd 0.0)
0.9572,-75.18,0.0,0.0,-71.59,0.0,0.0,-71.6,-75.2,0.0 (cmd 0.0),0.0 (cmd 0.0)
0.9576999999999999,-75.23,0.0,0.0,-71.59,0.0,0.0,-71.6,-75.2,0.0 (cmd 0.0),0.0 (cmd 0.0)
0.9581999999999999,-75.25,0.0,0.0,-71.56,0.0,0.0,-71.6,-75.2,0.0 (cmd 0.0),0.0 (cmd 0.0)
0.9587,-75.26,0.0,0.0,-71.52,0.0,0.0,-71.5,-75.3,0.0 (cmd 0.0),0.0 (cmd 0.0)
0.9592,-75.25,0.0,0.0,-71.61,0.0,0.0,-71.6,-75.2,0.0 (cmd 0.0),0.0 (cmd 0.0)
0.9597,-75.26,0.0,0.0,-71.62,0.0,0.0,-71.6,-75.3,0.0 (cmd 0.0),0.0 (cmd 0.0)
0.9601999999999999,-75.27,0.0,0.0,-71.54,0.0,0.0,-71.5,-75.3,0.0 (cmd 0.0),0.0 (cmd 0.0)
0.9606999999999999,-75.23,0.0,0.0,-71.51,0.0,0.0,-71.5,-75.2,0.0 (cmd 0.0),0.0 (cmd 0.0)
0.9612,-75.2,0.0,0.0,-71.49,0.0,0.0,-71.5,-75.2,0.0 (cmd 0.0),0.0 (cmd 0.0)
0.9617,-75.2,0.0,0.0,-71.48,0.0,0.0,-71.5,-75.2,0.0 (cmd 0.0),0.0 (cmd 0.0)
0.9622,-75.22,0.0,0.0,-71.49,0.0,0.0,-71.5,-75.2,0.0 (cmd 0.0),0.0 (cmd 0.0)
0.9626999999999999,-75.22,0.0,0.0,-71.45,0.0,0.0,-71.5,-75.2,0.0 (cmd 0.0),0.0 (cmd 0.0)
0.9632,-75.2,0.0,0.0,-71.45,0.0,0.0,-71.5,-75.2,0.0 (cmd 0.0),0.0 (cmd 0.0)
0.9637,-75.2,0.0,0.0,-71.46,0.0,0.0,-71.5,-75.2,0.0 (cmd 0.0),0.0 (cmd 0.0)
0.9642000000000001,-75.22,0.0,0.0,-71.51,0.0,0.0,-71.5,-75.2,0.0 (cmd 0.0),0.0 (cmd 0.0)
0.9647,-75.23,0.0,0.0,-71.6,0.0,0.0,-71.6,-75.2,0.0 (cmd 0.0),0.0 (cmd 0.0)
0.9652,-75.25,0.0,0.0,-71.6,0.0,0.0,-71.6,-75.2,0.0 (cmd 0.0),0.0 (cmd 0.0)
0.9656999999999999,-75.23,0.0,0.0,-71.6,0.0,0.0,-71.6,-75.2,0.0 (cmd 0.0),0.0 (cmd 0.0)
0.9662000000000001,-75.18,0.0,0.0,-71.66,0.0,0.0,-71.7,-75.2,0.0 (cmd 0.0),0.0 (cmd 0.0)
0.9667,-75.14,0.0,0.0,-71.71,0.0,0.0,-71.7,-75.1,0.0 (cmd 0.0),0.0 (cmd 0.0)
0.9672000000000001,-75.1,0.0,0.0,-71.79,0.0,0.0,-71.8,-75.1,0.0 (cmd 0.0),0.0 (cmd 0.0)
0.9676999999999999,-75.04,0.0,0.0,-72.0,0.0,0.0,-72.0,-75.0,0.0 (cmd 0.0),0.0 (cmd 0.0)
0.9682,-75.02,0.0,0.0,-72.17,0.0,0.0,-72.2,-75.0,0.0 (cmd 0.0),0.0 (cmd 0.0)
0.9687,-75.04,0.0,0.0,-72.27,0.0,0.0,-72.3,-75.0,0.0 (cmd 0.0),0.0 (cmd 0.0)
0.9692000000000001,-75.05,0.0,0.0,-72.22,0.0,0.0,-72.2,-75.0,0.0 (cmd 0.0),0.0 (cmd 0.0)
0.9697,-75.06,0.0,0.0,-72.16,0.0,0.0,-72.2,-75.1,0.0 (cmd 0.0),0.0 (cmd 0.0)
0.9702,-75.09,0.0,0.0,-72.11,0.0,0.0,-72.1,-75.1,0.0 (cmd 0.0),0.0 (cmd 0.0)
0.9706999999999999,-75.12,0.0,0.0,-71.94,0.0,0.0,-71.9,-75.1,0.0 (cmd 0.0),0.0 (cmd 0.0)
0.9712000000000001,-75.08,0.0,0.0,-71.79,0.0,0.0,-71.8,-75.1,0.0 (cmd 0.0),0.0 (cmd 0.0)
0.9717,-75.02,0.0,0.0,-71.67,0.0,0.0,-71.7,-75.0,0.0 (cmd 0.0),0.0 (cmd 0.0)
0.9722000000000001,-74.94,0.0,0.0,-71.55,0.0,0.0,-71.5,-74.9,0.0 (cmd 0.0),0.0 (cmd 0.0)
0.9726999999999999,-74.88,0.0,0.0,-71.36,0.0,0.0,-71.4,-74.9,0.0 (cmd 0.0),0.0 (cmd 0.0)
0.9732,-74.84,0.0,0.0,-71.33,0.0,0.0,-71.3,-74.8,0.0 (cmd 0.0),0.0 (cmd 0.0)
0.9737,-75.07,0.0,0.0,-71.41,0.0,0.0,-71.4,-75.1,0.0 (cmd 0.0),0.0 (cmd 0.0)
0.9742000000000001,-75.18,0.0,0.0,-71.46,0.0,0.0,-71.5,-75.2,0.0 (cmd 0.0),0.0 (cmd 0.0)
0.9747,-75.38,0.0,0.0,-71.54,0.0,0.0,-71.5,-75.4,0.0 (cmd 0.0),0.0 (cmd 0.0)
0.9752,-74.46,0.0,0.0,-71.46,0.0,0.0,-71.5,-74.5,0.0 (cmd 0.0),0.0 (cmd 0.0)
0.9756999999999999,-72.49,0.0,0.0,-71.34,0.0,0.0,-71.3,-72.5,0.0 (cmd 0.0),0.0 (cmd 0.0)
0.9762000000000001,-71.36,0.0,0.0,-71.1,0.0,0.0,-71.1,-71.4,0.0 (cmd 0.0),0.0 (cmd 0.0)
0.9767,-71.41,0.0,0.0,-70.83,0.0,0.0,-70.8,-71.4,0.0 (cmd 0.0),0.0 (cmd 0.0)
0.9772000000000001,-71.06,0.0,0.0,-70.67,0.0,0.0,-70.7,-71.1,0.0 (cmd 0.0),0.0 (cmd 0.0)
0.9776999999999999,-70.8,0.0,0.0,-70.5,0.0,0.0,-70.5,-70.8,0.0 (cmd 0.0),0.0 (cmd 0.0)
0.9782,-70.7,0.0,0.0,-70.4,0.0,0.0,-70.4,-70.7,0.0 (cmd 0.0),0.0 (cmd 0.0)
0.9787,-70.62,0.0,0.0,-70.35,0.0,0.0,-70.3,-70.6,0.0 (cmd 0.0),0.0 (cmd 0.0)
0.9792000000000001,-70.77,0.0,0.0,-70.42,0.0,0.0,-70.4,-70.8,0.0 (cmd 0.0),0.0 (cmd 0.0)
0.9797,-70.95,0.0,0.0,-70.56,0.0,0.0,-70.6,-71.0,0.0 (cmd 0.0),0.0 (cmd 0.0)
0.9802,-71.19,0.0,0.0,-70.71,0.0,0.0,-70.7,-71.2,0.0 (cmd 0.0),0.0 (cmd 0.0)
0.9806999999999999,-71.43,0.0,0.0,-70.94,0.0,0.0,-70.9,-71.4,0.0 (cmd 0.0),0.0 (cmd 0.0)
0.9812000000000001,-71.52,0.0,0.0,-71.06,0.0,0.0,-71.1,-71.5,0.0 (cmd 0.0),0.0 (cmd 0.0)
0.9817,-71.6,0.0,0.0,-71.15,0.0,0.0,-71.2,-71.6,0.0 (cmd 0.0),0.0 (cmd 0.0)
0.9822000000000001,-71.68,0.0,0.0,-71.2,0.0,0.0,-71.2,-71.7,0.0 (cmd 0.0),0.0 (cmd 0.0)
0.9826999999999999,-71.76,0.0,0.0,-71.23,0.0,0.0,-71.2,-71.8,0.0 (cmd 0.0),0.0 (cmd 0.0)
0.9832,-71.83,0.0,0.0,-71.32,0.0,0.0,-71.3,-71.8,0.0 (cmd 0.0),0.0 (cmd 0.0)
0.9837,-71.89,0.0,0.0,-71.38,0.0,0.0,-71.4,-71.9,0.0 (cmd 0.0),0.0 (cmd 0.0)
0.9842000000000001,-71.92,0.0,0.0,-71.4,0.0,0.0,-71.4,-71.9,0.0 (cmd 0.0),0.0 (cmd 0.0)
0.9847,-71.95,0.0,0.0,-71.43,0.0,0.0,-71.4,-72.0,0.0 (cmd 0.0),0.0 (cmd 0.0)
0.9852,-71.97,0.0,0.0,-71.45,0.0,0.0,-71.5,-72.0,0.0 (cmd 0.0),0.0 (cmd 0.0)
0.9856999999999999,-72.05,0.0,0.0,-71.52,0.0,0.0,-71.5,-72.0,0.0 (cmd 0.0),0.0 (cmd 0.0)
0.9862000000000001,-72.1,0.0,0.0,-71.55,0.0,0.0,-71.5,-72.1,0.0 (cmd 0.0),0.0 (cmd 0.0)
0.9867,-72.12,0.0,0.0,-71.57,0.0,0.0,-71.6,-72.1,0.0 (cmd 0.0),0.0 (cmd 0.0)
0.9872000000000001,-72.15,0.0,0.0,-71.57,0.0,0.0,-71.6,-72.2,0.0 (cmd 0.0),0.0 (cmd 0.0)
0.9876999999999999,-72.16,0.0,0.0,-71.57,0.0,0.0,-71.6,-72.2,0.0 (cmd 0.0),0.0 (cmd 0.0)
0.9882,-72.17,0.0,0.0,-71.58,0.0,0.0,-71.6,-72.2,0.0 (cmd 0.0),0.0 (cmd 0.0)
0.9887,-72.2,0.0,0.0,-71.6,0.0,0.0,-71.6,-72.2,0.0 (cmd 0.0),0.0 (cmd 0.0)
0.9892000000000001,-72.22,0.0,0.0,-71.62,0.0,0.0,-71.6,-72.2,0.0 (cmd 0.0),0.0 (cmd 0.0)
0.9897,-72.25,0.0,0.0,-71.63,0.0,0.0,-71.6,-72.2,0.0 (cmd 0.0),0.0 (cmd 0.0)
0.9902,-72.26,0.0,0.0,-71.62,0.0,0.0,-71.6,-72.3,0.0 (cmd 0.0),0.0 (cmd 0.0)
0.9906999999999999,-72.26,0.0,0.0,-71.61,0.0,0.0,-71.6,-72.3,0.0 (cmd 0.0),0.0 (cmd 0.0)
0.9912000000000001,-72.27,0.0,0.0,-71.61,0.0,0.0,-71.6,-72.3,0.0 (cmd 0.0),0.0 (cmd 0.0)
0.9917,-72.29,0.0,0.0,-71.62,0.0,0.0,-71.6,-72.3,0.0 (cmd 0.0),0.0 (cmd 0.0)
0.9922000000000001,-72.3,0.0,0.0,-71.62,0.0,0.0,-71.6,-72.3,0.0 (cmd 0.0),0.0 (cmd 0.0)
0.9926999999999999,-72.3,0.0,0.0,-71.62,0.0,0.0,-71.6,-72.3,0.0 (cmd 0.0),0.0 (cmd 0.0)
0.9932,-72.3,0.0,0.0,-71.63,0.0,0.0,-71.6,-72.3,0.0 (cmd 0.0),0.0 (cmd 0.0)
0.9937,-72.3,0.0,0.0,-71.65,0.0,0.0,-71.7,-72.3,0.0 (cmd 0.0),0.0 (cmd 0.0)
0.9942000000000001,-72.31,0.0,0.0,-71.64,0.0,0.0,-71.6,-72.3,0.0 (cmd 0.0),0.0 (cmd 0.0)
0.9947,-72.33,0.0,0.0,-71.64,0.0,0.0,-71.6,-72.3,0.0 (cmd 0.0),0.0 (cmd 0.0)
0.9952,-72.35,0.0,0.0,-71.64,0.0,0.0,-71.6,-72.3,0.0 (cmd 0.0),0.0 (cmd 0.0)
0.9956999999999999,-72.35,0.0,0.0,-71.65,0.0,0.0,-71.7,-72.3,0.0 (cmd 0.0),0.0 (cmd 0.0)
0.9962000000000001,-72.37,0.0,0.0,-71.65,0.0,0.0,-71.7,-72.4,0.0 (cmd 0.0),0.0 (cmd 0.0)
0.9967,-72.38,0.0,0.0,-71.65,0.0,0.0,-71.7,-72.4,0.0 (cmd 0.0),0.0 (cmd 0.0)
0.9972000000000001,-72.38,0.0,0.0,-71.65,0.0,0.0,-71.7,-72.4,0.0 (cmd 0.0),0.0 (cmd 0.0)
0.9976999999999999,-72.39,0.0,0.0,-71.66,0.0,0.0,-71.7,-72.4,0.0 (cmd 0.0),0.0 (cmd 0.0)
0.9982,-72.4,0.0,0.0,-71.66,0.0,0.0,-71.7,-72.4,0.0 (cmd 0.0),0.0 (cmd 0.0)
0.9987,-72.41,0.0,0.0,-71.66,0.0,0.0,-71.7,-72.4,0.0 (cmd 0.0),0.0 (cmd 0.0)
0.9992000000000001,-72.41,0.0,0.0,-71.67,0.0,0.0,-71.7,-72.4,0.0 (cmd 0.0),0.0 (cmd 0.0)
0.9997,-72.42,0.0,0.0,-71.67,0.0,0.0,-71.7,-72.4,0.0 (cmd 0.0),0.0 (cmd 0.0)
1.0002,-72.43,0.0,0.0,-71.67,0.0,0.0,-71.7,-72.4,0.0 (cmd 0.0),0.0 (cmd 0.0)
1.0007,-72.43,0.0,0.0,-71.67,0.0,0.0,-71.7,-72.4,0.0 (cmd 0.0),0.0 (cmd 0.0)
1.0012,-72.43,0.0,0.0,-71.67,0.0,0.0,-71.7,-72.4,0.0 (cmd 0.0),0.0 (cmd 0.0)
1.0017,-72.44,0.0,0.0,-71.68,0.0,0.0,-71.7,-72.4,0.0 (cmd 0.0),0.0 (cmd 0.0)
1.0022,-72.44,0.0,0.0,-71.68,0.0,0.0,-71.7,-72.4,0.0 (cmd 0.0),0.0 (cmd 0.0)
1.0027,-72.44,0.0,0.0,-71.68,0.0,0.0,-71.7,-72.4,0.0 (cmd 0.0),0.0 (cmd 0.0)
1.0031999999999999,-72.44,0.0,0.0,-71.68,0.0,0.0,-71.7,-72.4,0.0 (cmd 0.0),0.0 (cmd 0.0)
1.0037,-72.45,0.0,0.0,-71.68,0.0,0.0,-71.7,-72.5,0.0 (cmd 0.0),0.0 (cmd 0.0)
1.0042,-72.45,0.0,0.0,-71.68,0.0,0.0,-71.7,-72.5,0.0 (cmd 0.0),0.0 (cmd 0.0)
1.0047000000000001,-72.45,0.0,0.0,-71.68,0.0,0.0,-71.7,-72.5,0.0 (cmd 0.0),0.0 (cmd 0.0)
1.0051999999999999,-72.45,0.0,0.0,-71.68,0.0,0.0,-71.7,-72.5,0.0 (cmd 0.0),0.0 (cmd 0.0)
1.0057,-72.45,0.0,0.0,-71.68,0.0,0.0,-71.7,-72.5,0.0 (cmd 0.0),0.0 (cmd 0.0)
1.0062,-72.45,0.0,0.0,-71.68,0.0,0.0,-71.7,-72.5,0.0 (cmd 0.0),0.0 (cmd 0.0)
1.0067000000000002,-72.45,0.0,0.0,-71.68,0.0,0.0,-71.7,-72.5,0.0 (cmd 0.0),0.0 (cmd 0.0)
1.0072,-72.45,0.0,0.0,-71.68,0.0,0.0,-71.7,-72.5,0.0 (cmd 0.0),0.0 (cmd 0.0)
1.0077,-72.45,0.0,0.0,-71.68,0.0,0.0,-71.7,-72.5,0.0 (cmd 0.0),0.0 (cmd 0.0)
1.0082,-72.45,0.0,0.0,-71.68,0.0,0.0,-71.7,-72.5,0.0 (cmd 0.0),0.0 (cmd 0.0)
1.0087000000000002,-72.45,0.0,0.0,-71.67,0.0,0.0,-71.7,-72.5,0.0 (cmd 0.0),0.0 (cmd 0.0)
1.0092,-72.45,0.0,0.0,-71.67,0.0,0.0,-71.7,-72.5,0.0 (cmd 0.0),0.0 (cmd 0.0)
1.0097,-72.45,0.0,0.0,-71.67,0.0,0.0,-71.7,-72.5,0.0 (cmd 0.0),0.0 (cmd 0.0)
1.0102,-72.45,0.0,0.0,-71.67,0.0,0.0,-71.7,-72.5,0.0 (cmd 0.0),0.0 (cmd 0.0)
1.0107,-72.45,0.0,0.0,-71.67,0.0,0.0,-71.7,-72.5,0.0 (cmd 0.0),0.0 (cmd 0.0)
1.0112,-72.45,0.0,0.0,-71.67,0.0,0.0,-71.7,-72.5,0.0 (cmd 0.0),0.0 (cmd 0.0)
1.0117,-72.45,0.0,0.0,-71.67,0.0,0.0,-71.7,-72.5,0.0 (cmd 0.0),0.0 (cmd 0.0)
1.0122,-72.45,0.0,0.0,-71.67,0.0,0.0,-71.7,-72.5,0.0 (cmd 0.0),0.0 (cmd 0.0)
1.0127,-72.45,0.0,0.0,-71.67,0.0,0.0,-71.7,-72.5,0.0 (cmd 0.0),0.0 (cmd 0.0)
1.0131999999999999,-72.45,0.0,0.0,-71.67,0.0,0.0,-71.7,-72.5,0.0 (cmd 0.0),0.0 (cmd 0.0)
1.0137,-72.45,0.0,0.0,-71.67,0.0,0.0,-71.7,-72.5,0.0 (cmd 0.0),0.0 (cmd 0.0)
1.0142,-72.45,0.0,0.0,-71.67,0.0,0.0,-71.7,-72.5,0.0 (cmd 0.0),0.0 (cmd 0.0)
1.0147,-72.45,0.0,0.0,-71.67,0.0,0.0,-71.7,-72.5,0.0 (cmd 0.0),0.0 (cmd 0.0)
1.0151999999999999,-72.45,0.0,0.0,-71.67,0.0,0.0,-71.7,-72.5,0.0 (cmd 0.0),0.0 (cmd 0.0)
1.0156999999999998,-72.45,0.0,0.0,-71.67,0.0,0.0,-71.7,-72.5,0.0 (cmd 0.0),0.0 (cmd 0.0)
1.0162,-72.45,0.0,0.0,-71.67,0.0,0.0,-71.7,-72.5,0.0 (cmd 0.0),0.0 (cmd 0.0)
1.0167,-72.45,0.0,0.0,-71.67,0.0,0.0,-71.7,-72.5,0.0 (cmd 0.0),0.0 (cmd 0.0)
1.0172,-72.46,0.0,0.0,-71.67,0.0,0.0,-71.7,-72.5,0.0 (cmd 0.0),0.0 (cmd 0.0)
1.0176999999999998,-72.46,0.0,0.0,-71.67,0.0,0.0,-71.7,-72.5,0.0 (cmd 0.0),0.0 (cmd 0.0)
1.0182,-72.46,0.0,0.0,-71.67,0.0,0.0,-71.7,-72.5,0.0 (cmd 0.0),0.0 (cmd 0.0)
1.0187,-72.46,0.0,0.0,-71.67,0.0,0.0,-71.7,-72.5,0.0 (cmd 0.0),0.0 (cmd 0.0)
1.0192,-72.46,0.0,0.0,-71.67,0.0,0.0,-71.7,-72.5,0.0 (cmd 0.0),0.0 (cmd 0.0)
1.0197,-72.46,0.0,0.0,-71.67,0.0,0.0,-71.7,-72.5,0.0 (cmd 0.0),0.0 (cmd 0.0)
1.0202,-72.46,0.0,0.0,-71.67,0.0,0.0,-71.7,-72.5,0.0 (cmd 0.0),0.0 (cmd 0.0)
1.0207,-72.46,0.0,0.0,-71.67,0.0,0.0,-71.7,-72.5,0.0 (cmd 0.0),0.0 (cmd 0.0)
1.0212,-72.46,0.0,0.0,-71.67,0.0,0.0,-71.7,-72.5,0.0 (cmd 0.0),0.0 (cmd 0.0)
1.0217,-72.46,0.0,0.0,-71.67,0.0,0.0,-71.7,-72.5,0.0 (cmd 0.0),0.0 (cmd 0.0)
1.0222,-72.46,0.0,0.0,-71.67,0.0,0.0,-71.7,-72.5,0.0 (cmd 0.0),0.0 (cmd 0.0)
1.0227,-72.46,0.0,0.0,-71.67,0.0,0.0,-71.7,-72.5,0.0 (cmd 0.0),0.0 (cmd 0.0)
1.0231999999999999,-72.46,0.0,0.0,-71.67,0.0,0.0,-71.7,-72.5,0.0 (cmd 0.0),0.0 (cmd 0.0)
1.0237,-72.46,0.0,0.0,-71.67,0.0,0.0,-71.7,-72.5,0.0 (cmd 0.0),0.0 (cmd 0.0)
1.0242,-72.46,0.0,0.0,-71.67,0.0,0.0,-71.7,-72.5,0.0 (cmd 0.0),0.0 (cmd 0.0)
1.0247,-72.46,0.0,0.0,-71.68,0.0,0.0,-71.7,-72.5,0.0 (cmd 0.0),0.0 (cmd 0.0)
1.0252000000000001,-72.46,0.0,0.0,-71.68,0.0,0.0,-71.7,-72.5,0.0 (cmd 0.0),0.0 (cmd 0.0)
1.0256999999999998,-72.46,0.0,0.0,-71.68,0.0,0.0,-71.7,-72.5,0.0 (cmd 0.0),0.0 (cmd 0.0)
1.0262,-72.46,0.0,0.0,-71.68,0.0,0.0,-71.7,-72.5,0.0 (cmd 0.0),0.0 (cmd 0.0)
1.0267,-72.46,0.0,0.0,-71.68,0.0,0.0,-71.7,-72.5,0.0 (cmd 0.0),0.0 (cmd 0.0)
1.0272000000000001,-72.46,0.0,0.0,-71.68,0.0,0.0,-71.7,-72.5,0.0 (cmd 0.0),0.0 (cmd 0.0)
1.0277,-72.46,0.0,0.0,-71.68,0.0,0.0,-71.7,-72.5,0.0 (cmd 0.0),0.0 (cmd 0.0)
1.0281999999999998,-72.46,0.0,0.0,-71.68,0.0,0.0,-71.7,-72.5,0.0 (cmd 0.0),0.0 (cmd 0.0)
1.0287,-72.46,0.0,0.0,-71.68,0.0,0.0,-71.7,-72.5,0.0 (cmd 0.0),0.0 (cmd 0.0)
1.0292000000000001,-72.46,0.0,0.0,-71.68,0.0,0.0,-71.7,-72.5,0.0 (cmd 0.0),0.0 (cmd 0.0)
1.0297,-72.46,0.0,0.0,-71.68,0.0,0.0,-71.7,-72.5,0.0 (cmd 0.0),0.0 (cmd 0.0)
1.0302,-72.46,0.0,0.0,-71.68,0.0,0.0,-71.7,-72.5,0.0 (cmd 0.0),0.0 (cmd 0.0)
1.0306999999999997,-72.46,0.0,0.0,-71.68,0.0,0.0,-71.7,-72.5,0.0 (cmd 0.0),0.0 (cmd 0.0)
1.0312000000000001,-72.46,0.0,0.0,-71.68,0.0,0.0,-71.7,-72.5,0.0 (cmd 0.0),0.0 (cmd 0.0)
1.0317,-72.46,0.0,0.0,-71.68,0.0,0.0,-71.7,-72.5,0.0 (cmd 0.0),0.0 (cmd 0.0)
1.0322,-72.46,0.0,0.0,-71.68,0.0,0.0,-71.7,-72.5,0.0 (cmd 0.0),0.0 (cmd 0.0)
1.0327,-72.46,0.0,0.0,-71.68,0.0,0.0,-71.7,-72.5,0.0 (cmd 0.0),0.0 (cmd 0.0)
1.0332,-72.46,0.0,0.0,-71.68,0.0,0.0,-71.7,-72.5,0.0 (cmd 0.0),0.0 (cmd 0.0)
1.0337,-72.46,0.0,0.0,-71.68,0.0,0.0,-71.7,-72.5,0.0 (cmd 0.0),0.0 (cmd 0.0)
1.0342,-72.46,0.0,0.0,-71.68,0.0,0.0,-71.7,-72.5,0.0 (cmd 0.0),0.0 (cmd 0.0)
1.0347,-72.46,0.0,0.0,-71.68,0.0,0.0,-71.7,-72.5,0.0 (cmd 0.0),0.0 (cmd 0.0)
1.0352000000000001,-72.47,0.0,0.0,-71.68,0.0,0.0,-71.7,-72.5,0.0 (cmd 0.0),0.0 (cmd 0.0)
1.0356999999999998,-72.44,0.0,0.0,-71.62,0.0,0.0,-71.6,-72.4,0.0 (cmd 0.0),0.0 (cmd 0.0)
1.0362,-72.38,0.0,0.0,-71.54,0.0,0.0,-71.5,-72.4,0.0 (cmd 0.0),0.0 (cmd 0.0)
1.0367,-72.29,0.0,0.0,-71.45,0.0,0.0,-71.5,-72.3,0.0 (cmd 0.0),0.0 (cmd 0.0)
1.0372000000000001,-72.26,0.0,0.0,-71.4,0.0,0.0,-71.4,-72.3,0.0 (cmd 0.0),0.0 (cmd 0.0)
1.0377,-72.25,0.0,0.0,-71.39,0.0,0.0,-71.4,-72.2,0.0 (cmd 0.0),0.0 (cmd 0.0)
1.0381999999999998,-72.28,0.0,0.0,-71.46,0.0,0.0,-71.5,-72.3,0.0 (cmd 0.0),0.0 (cmd 0.0)
1.0387,-72.33,0.0,0.0,-71.47,0.0,0.0,-71.5,-72.3,0.0 (cmd 0.0),0.0 (cmd 0.0)
1.0392000000000001,-72.35,0.0,0.0,-71.48,0.0,0.0,-71.5,-72.3,0.0 (cmd 0.0),0.0 (cmd 0.0)
1.0397,-72.34,0.0,0.0,-71.48,0.0,0.0,-71.5,-72.3,0.0 (cmd 0.0),0.0 (cmd 0.0)
1.0402,-72.35,0.0,0.0,-71.49,0.0,0.0,-71.5,-72.3,0.0 (cmd 0.0),0.0 (cmd 0.0)
1.0406999999999997,-72.36,0.0,0.0,-71.5,0.0,0.0,-71.5,-72.4,0.0 (cmd 0.0),0.0 (cmd 0.0)
1.0412000000000001,-72.36,0.0,0.0,-71.5,0.0,0.0,-71.5,-72.4,0.0 (cmd 0.0),0.0 (cmd 0.0)
1.0417,-72.35,0.0,0.0,-71.49,0.0,0.0,-71.5,-72.3,0.0 (cmd 0.0),0.0 (cmd 0.0)
1.0422,-72.36,0.0,0.0,-71.49,0.0,0.0,-71.5,-72.4,0.0 (cmd 0.0),0.0 (cmd 0.0)
1.0427,-72.36,0.0,0.0,-71.5,0.0,0.0,-71.5,-72.4,0.0 (cmd 0.0),0.0 (cmd 0.0)
1.0432,-72.37,0.0,0.0,-71.5,0.0,0.0,-71.5,-72.4,0.0 (cmd 0.0),0.0 (cmd 0.0)
1.0437,-72.37,0.0,0.0,-71.51,0.0,0.0,-71.5,-72.4,0.0 (cmd 0.0),0.0 (cmd 0.0)
1.0442,-72.37,0.0,0.0,-71.52,0.0,0.0,-71.5,-72.4,0.0 (cmd 0.0),0.0 (cmd 0.0)
1.0447,-72.38,0.0,0.0,-71.55,0.0,0.0,-71.5,-72.4,0.0 (cmd 0.0),0.0 (cmd 0.0)
1.0452000000000001,-72.4,0.0,0.0,-71.58,0.0,0.0,-71.6,-72.4,0.0 (cmd 0.0),0.0 (cmd 0.0)
1.0456999999999999,-72.4,0.0,0.0,-71.59,0.0,0.0,-71.6,-72.4,0.0 (cmd 0.0),0.0 (cmd 0.0)
1.0462,-72.41,0.0,0.0,-71.58,0.0,0.0,-71.6,-72.4,0.0 (cmd 0.0),0.0 (cmd 0.0)
1.0467,-72.41,0.0,0.0,-71.57,0.0,0.0,-71.6,-72.4,0.0 (cmd 0.0),0.0 (cmd 0.0)
1.0472000000000001,-72.43,0.0,0.0,-71.57,0.0,0.0,-71.6,-72.4,0.0 (cmd 0.0),0.0 (cmd 0.0)
1.0477,-72.43,0.0,0.0,-71.57,0.0,0.0,-71.6,-72.4,0.0 (cmd 0.0),0.0 (cmd 0.0)
1.0481999999999998,-72.42,0.0,0.0,-71.57,0.0,0.0,-71.6,-72.4,0.0 (cmd 0.0),0.0 (cmd 0.0)
1.0487,-72.4,0.0,0.0,-71.58,0.0,0.0,-71.6,-72.4,0.0 (cmd 0.0),0.0 (cmd 0.0)
1.0492000000000001,-72.36,0.0,0.0,-71.58,0.0,0.0,-71.6,-72.4,0.0 (cmd 0.0),0.0 (cmd 0.0)
1.0497,-72.35,0.0,0.0,-71.56,0.0,0.0,-71.6,-72.3,0.0 (cmd 0.0),0.0 (cmd 0.0)
1.0502,-72.33,0.0,0.0,-71.55,0.0,0.0,-71.5,-72.3,0.0 (cmd 0.0),0.0 (cmd 0.0)
1.0506999999999997,-72.34,0.0,0.0,-71.57,0.0,0.0,-71.6,-72.3,0.0 (cmd 0.0),0.0 (cmd 0.0)
1.0512000000000001,-72.36,0.0,0.0,-71.59,0.0,0.0,-71.6,-72.4,0.0 (cmd 0.0),0.0 (cmd 0.0)
1.0517,-72.39,0.0,0.0,-71.63,0.0,0.0,-71.6,-72.4,0.0 (cmd 0.0),0.0 (cmd 0.0)
1.0522,-72.43,0.0,0.0,-71.66,0.0,0.0,-71.7,-72.4,0.0 (cmd 0.0),0.0 (cmd 0.0)
1.0527,-72.44,0.0,0.0,-71.68,0.0,0.0,-71.7,-72.4,0.0 (cmd 0.0),0.0 (cmd 0.0)
1.0532,-72.44,0.0,0.0,-71.68,0.0,0.0,-71.7,-72.4,0.0 (cmd 0.0),0.0 (cmd 0.0)
1.0537,-72.43,0.0,0.0,-71.68,0.0,0.0,-71.7,-72.4,0.0 (cmd 0.0),0.0 (cmd 0.0)
1.0542,-72.42,0.0,0.0,-71.68,0.0,0.0,-71.7,-72.4,0.0 (cmd 0.0),0.0 (cmd 0.0)
1.0547,-72.41,0.0,0.0,-71.67,0.0,0.0,-71.7,-72.4,0.0 (cmd 0.0),0.0 (cmd 0.0)
1.0552000000000001,-72.41,0.0,0.0,-71.66,0.0,0.0,-71.7,-72.4,0.0 (cmd 0.0),0.0 (cmd 0.0)
1.0556999999999999,-72.41,0.0,0.0,-71.66,0.0,0.0,-71.7,-72.4,0.0 (cmd 0.0),0.0 (cmd 0.0)
1.0562,-72.43,0.0,0.0,-71.68,0.0,0.0,-71.7,-72.4,0.0 (cmd 0.0),0.0 (cmd 0.0)
1.0567,-72.43,0.0,0.0,-71.71,0.0,0.0,-71.7,-72.4,0.0 (cmd 0.0),0.0 (cmd 0.0)
1.0572000000000001,-72.46,0.0,0.0,-71.74,0.0,0.0,-71.7,-72.5,0.0 (cmd 0.0),0.0 (cmd 0.0)
1.0577,-72.5,0.0,0.0,-71.78,0.0,0.0,-71.8,-72.5,0.0 (cmd 0.0),0.0 (cmd 0.0)
1.0581999999999998,-72.52,0.0,0.0,-71.81,0.0,0.0,-71.8,-72.5,0.0 (cmd 0.0),0.0 (cmd 0.0)
1.0587,-72.52,0.0,0.0,-71.84,0.0,0.0,-71.8,-72.5,0.0 (cmd 0.0),0.0 (cmd 0.0)
1.0592000000000001,-72.53,0.0,0.0,-71.85,0.0,0.0,-71.8,-72.5,0.0 (cmd 0.0),0.0 (cmd 0.0)
1.0597,-72.54,0.0,0.0,-71.85,0.0,0.0,-71.8,-72.5,0.0 (cmd 0.0),0.0 (cmd 0.0)
1.0602,-72.54,0.0,0.0,-71.85,0.0,0.0,-71.8,-72.5,0.0 (cmd 0.0),0.0 (cmd 0.0)
1.0606999999999998,-72.55,0.0,0.0,-71.86,0.0,0.0,-71.9,-72.5,0.0 (cmd 0.0),0.0 (cmd 0.0)
1.0612000000000001,-72.56,0.0,0.0,-71.87,0.0,0.0,-71.9,-72.6,0.0 (cmd 0.0),0.0 (cmd 0.0)
1.0617,-72.56,0.0,0.0,-71.87,0.0,0.0,-71.9,-72.6,0.0 (cmd 0.0),0.0 (cmd 0.0)
1.0622,-72.56,0.0,0.0,-71.87,0.0,0.0,-71.9,-72.6,0.0 (cmd 0.0),0.0 (cmd 0.0)
1.0627,-72.57,0.0,0.0,-71.87,0.0,0.0,-71.9,-72.6,0.0 (cmd 0.0),0.0 (cmd 0.0)
1.0632,-72.57,0.0,0.0,-71.88,0.0,0.0,-71.9,-72.6,0.0 (cmd 0.0),0.0 (cmd 0.0)
1.0637,-72.57,0.0,0.0,-71.88,0.0,0.0,-71.9,-72.6,0.0 (cmd 0.0),0.0 (cmd 0.0)
1.0642,-72.58,0.0,0.0,-71.88,0.0,0.0,-71.9,-72.6,0.0 (cmd 0.0),0.0 (cmd 0.0)
1.0647,-72.58,0.0,0.0,-71.88,0.0,0.0,-71.9,-72.6,0.0 (cmd 0.0),0.0 (cmd 0.0)
1.0652000000000001,-72.58,0.0,0.0,-71.88,0.0,0.0,-71.9,-72.6,0.0 (cmd 0.0),0.0 (cmd 0.0)
1.0656999999999999,-72.58,0.0,0.0,-71.89,0.0,0.0,-71.9,-72.6,0.0 (cmd 0.0),0.0 (cmd 0.0)
1.0662,-72.59,0.0,0.0,-71.89,0.0,0.0,-71.9,-72.6,0.0 (cmd 0.0),0.0 (cmd 0.0)
1.0667,-72.59,0.0,0.0,-71.89,0.0,0.0,-71.9,-72.6,0.0 (cmd 0.0),0.0 (cmd 0.0)
1.0672000000000001,-72.59,0.0,0.0,-71.89,0.0,0.0,-71.9,-72.6,0.0 (cmd 0.0),0.0 (cmd 0.0)
1.0677,-72.6,0.0,0.0,-71.89,0.0,0.0,-71.9,-72.6,0.0 (cmd 0.0),0.0 (cmd 0.0)
1.0681999999999998,-72.6,0.0,0.0,-71.89,0.0,0.0,-71.9,-72.6,0.0 (cmd 0.0),0.0 (cmd 0.0)
1.0687,-72.6,0.0,0.0,-71.9,0.0,0.0,-71.9,-72.6,0.0 (cmd 0.0),0.0 (cmd 0.0)
1.0692000000000002,-72.6,0.0,0.0,-71.9,0.0,0.0,-71.9,-72.6,0.0 (cmd 0.0),0.0 (cmd 0.0)
1.0697,-72.6,0.0,0.0,-71.9,0.0,0.0,-71.9,-72.6,0.0 (cmd 0.0),0.0 (cmd 0.0)
1.0702,-72.6,0.0,0.0,-71.9,0.0,0.0,-71.9,-72.6,0.0 (cmd 0.0),0.0 (cmd 0.0)
1.0706999999999998,-72.6,0.0,0.0,-71.9,0.0,0.0,-71.9,-72.6,0.0 (cmd 0.0),0.0 (cmd 0.0)
1.0712000000000002,-72.6,0.0,0.0,-71.9,0.0,0.0,-71.9,-72.6,0.0 (cmd 0.0),0.0 (cmd 0.0)
1.0717,-72.61,0.0,0.0,-71.9,0.0,0.0,-71.9,-72.6,0.0 (cmd 0.0),0.0 (cmd 0.0)
1.0722,-72.61,0.0,0.0,-71.9,0.0,0.0,-71.9,-72.6,0.0 (cmd 0.0),0.0 (cmd 0.0)
1.0727,-72.61,0.0,0.0,-71.9,0.0,0.0,-71.9,-72.6,0.0 (cmd 0.0),0.0 (cmd 0.0)
1.0731999999999997,-72.61,0.0,0.0,-71.9,0.0,0.0,-71.9,-72.6,0.0 (cmd 0.0),0.0 (cmd 0.0)
1.0737,-72.61,0.0,0.0,-71.9,0.0,0.0,-71.9,-72.6,0.0 (cmd 0.0),0.0 (cmd 0.0)
1.0742,-72.61,0.0,0.0,-71.9,0.0,0.0,-71.9,-72.6,0.0 (cmd 0.0),0.0 (cmd 0.0)
1.0747,-72.61,0.0,0.0,-71.9,0.0,0.0,-71.9,-72.6,0.0 (cmd 0.0),0.0 (cmd 0.0)
1.0752000000000002,-72.61,0.0,0.0,-71.9,0.0,0.0,-71.9,-72.6,0.0 (cmd 0.0),0.0 (cmd 0.0)
1.0756999999999999,-72.61,0.0,0.0,-71.9,0.0,0.0,-71.9,-72.6,0.0 (cmd 0.0),0.0 (cmd 0.0)
1.0762,-72.61,0.0,0.0,-71.9,0.0,0.0,-71.9,-72.6,0.0 (cmd 0.0),0.0 (cmd 0.0)
1.0767,-72.61,0.0,0.0,-71.9,0.0,0.0,-71.9,-72.6,0.0 (cmd 0.0),0.0 (cmd 0.0)
1.0772,-72.61,0.0,0.0,-71.9,0.0,0.0,-71.9,-72.6,0.0 (cmd 0.0),0.0 (cmd 0.0)
1.0777,-72.61,0.0,0.0,-71.9,0.0,0.0,-71.9,-72.6,0.0 (cmd 0.0),0.0 (cmd 0.0)
1.0781999999999998,-72.61,0.0,0.0,-71.9,0.0,0.0,-71.9,-72.6,0.0 (cmd 0.0),0.0 (cmd 0.0)
1.0787,-72.6,0.0,0.0,-71.9,0.0,0.0,-71.9,-72.6,0.0 (cmd 0.0),0.0 (cmd 0.0)
1.0792,-72.6,0.0,0.0,-71.9,0.0,0.0,-71.9,-72.6,0.0 (cmd 0.0),0.0 (cmd 0.0)
1.0797,-72.6,0.0,0.0,-71.9,0.0,0.0,-71.9,-72.6,0.0 (cmd 0.0),0.0 (cmd 0.0)
1.0802,-72.6,0.0,0.0,-71.9,0.0,0.0,-71.9,-72.6,0.0 (cmd 0.0),0.0 (cmd 0.0)
1.0806999999999998,-72.6,0.0,0.0,-71.9,0.0,0.0,-71.9,-72.6,0.0 (cmd 0.0),0.0 (cmd 0.0)
1.0812,-72.6,0.0,0.0,-71.9,0.0,0.0,-71.9,-72.6,0.0 (cmd 0.0),0.0 (cmd 0.0)
1.0817,-72.6,0.0,0.0,-71.9,0.0,0.0,-71.9,-72.6,0.0 (cmd 0.0),0.0 (cmd 0.0)
1.0822,-72.6,0.0,0.0,-71.9,0.0,0.0,-71.9,-72.6,0.0 (cmd 0.0),0.0 (cmd 0.0)
1.0827,-72.6,0.0,0.0,-71.89,0.0,0.0,-71.9,-72.6,0.0 (cmd 0.0),0.0 (cmd 0.0)
1.0831999999999997,-72.6,0.0,0.0,-71.89,0.0,0.0,-71.9,-72.6,0.0 (cmd 0.0),0.0 (cmd 0.0)
1.0837,-72.6,0.0,0.0,-71.89,0.0,0.0,-71.9,-72.6,0.0 (cmd 0.0),0.0 (cmd 0.0)
1.0842,-72.6,0.0,0.0,-71.89,0.0,0.0,-71.9,-72.6,0.0 (cmd 0.0),0.0 (cmd 0.0)
1.0847,-72.6,0.0,0.0,-71.89,0.0,0.0,-71.9,-72.6,0.0 (cmd 0.0),0.0 (cmd 0.0)
1.0852,-72.6,0.0,0.0,-71.89,0.0,0.0,-71.9,-72.6,0.0 (cmd 0.0),0.0 (cmd 0.0)
1.0856999999999999,-72.6,0.0,0.0,-71.89,0.0,0.0,-71.9,-72.6,0.0 (cmd 0.0),0.0 (cmd 0.0)
1.0862,-72.6,0.0,0.0,-71.89,0.0,0.0,-71.9,-72.6,0.0 (cmd 0.0),0.0 (cmd 0.0)
1.0867,-72.6,0.0,0.0,-71.89,0.0,0.0,-71.9,-72.6,0.0 (cmd 0.0),0.0 (cmd 0.0)
1.0872,-72.6,0.0,0.0,-71.89,0.0,0.0,-71.9,-72.6,0.0 (cmd 0.0),0.0 (cmd 0.0)
1.0877000000000001,-72.6,0.0,0.0,-71.89,0.0,0.0,-71.9,-72.6,0.0 (cmd 0.0),0.0 (cmd 0.0)
1.0881999999999998,-72.6,0.0,0.0,-71.89,0.0,0.0,-71.9,-72.6,0.0 (cmd 0.0),0.0 (cmd 0.0)
1.0887,-72.6,0.0,0.0,-71.89,0.0,0.0,-71.9,-72.6,0.0 (cmd 0.0),0.0 (cmd 0.0)
1.0892,-72.6,0.0,0.0,-71.89,0.0,0.0,-71.9,-72.6,0.0 (cmd 0.0),0.0 (cmd 0.0)
1.0897000000000001,-72.6,0.0,0.0,-71.89,0.0,0.0,-71.9,-72.6,0.0 (cmd 0.0),0.0 (cmd 0.0)
1.0902,-72.59,0.0,0.0,-71.89,0.0,0.0,-71.9,-72.6,0.0 (cmd 0.0),0.0 (cmd 0.0)
1.0906999999999998,-72.59,0.0,0.0,-71.89,0.0,0.0,-71.9,-72.6,0.0 (cmd 0.0),0.0 (cmd 0.0)
1.0912,-72.59,0.0,0.0,-71.89,0.0,0.0,-71.9,-72.6,0.0 (cmd 0.0),0.0 (cmd 0.0)
1.0917000000000001,-72.59,0.0,0.0,-71.88,0.0,0.0,-71.9,-72.6,0.0 (cmd 0.0),0.0 (cmd 0.0)
1.0922,-72.59,0.0,0.0,-71.88,0.0,0.0,-71.9,-72.6,0.0 (cmd 0.0),0.0 (cmd 0.0)
1.0927,-72.59,0.0,0.0,-71.88,0.0,0.0,-71.9,-72.6,0.0 (cmd 0.0),0.0 (cmd 0.0)
1.0931999999999997,-72.58,0.0,0.0,-71.88,0.0,0.0,-71.9,-72.6,0.0 (cmd 0.0),0.0 (cmd 0.0)
1.0937000000000001,-72.58,0.0,0.0,-71.88,0.0,0.0,-71.9,-72.6,0.0 (cmd 0.0),0.0 (cmd 0.0)
1.0942,-72.58,0.0,0.0,-71.87,0.0,0.0,-71.9,-72.6,0.0 (cmd 0.0),0.0 (cmd 0.0)
1.0947,-72.58,0.0,0.0,-71.87,0.0,0.0,-71.9,-72.6,0.0 (cmd 0.0),0.0 (cmd 0.0)
1.0952,-72.58,0.0,0.0,-71.87,0.0,0.0,-71.9,-72.6,0.0 (cmd 0.0),0.0 (cmd 0.0)
1.0957,-72.58,0.0,0.0,-71.87,0.0,0.0,-71.9,-72.6,0.0 (cmd 0.0),0.0 (cmd 0.0)
1.0962,-72.58,0.0,0.0,-71.87,0.0,0.0,-71.9,-72.6,0.0 (cmd 0.0),0.0 (cmd 0.0)
1.0967,-72.58,0.0,0.0,-71.87,0.0,0.0,-71.9,-72.6,0.0 (cmd 0.0),0.0 (cmd 0.0)
1.0972,-72.58,0.0,0.0,-71.87,0.0,0.0,-71.9,-72.6,0.0 (cmd 0.0),0.0 (cmd 0.0)
1.0977000000000001,-72.58,0.0,0.0,-71.86,0.0,0.0,-71.9,-72.6,0.0 (cmd 0.0),0.0 (cmd 0.0)
1.0981999999999998,-72.57,0.0,0.0,-71.86,0.0,0.0,-71.9,-72.6,0.0 (cmd 0.0),0.0 (cmd 0.0)
1.0987,-72.57,0.0,0.0,-71.86,0.0,0.0,-71.9,-72.6,0.0 (cmd 0.0),0.0 (cmd 0.0)
1.0992,-72.57,0.0,0.0,-71.86,0.0,0.0,-71.9,-72.6,0.0 (cmd 0.0),0.0 (cmd 0.0)
1.0997000000000001,-72.57,0.0,0.0,-71.86,0.0,0.0,-71.9,-72.6,0.0 (cmd 0.0),0.0 (cmd 0.0)
1.1002,-72.57,0.0,0.0,-71.86,0.0,0.0,-71.9,-72.6,0.0 (cmd 0.0),0.0 (cmd 0.0)
1.1006999999999998,-72.57,0.0,0.0,-71.86,0.0,0.0,-71.9,-72.6,0.0 (cmd 0.0),0.0 (cmd 0.0)
1.1012,-72.57,0.0,0.0,-71.86,0.0,0.0,-71.9,-72.6,0.0 (cmd 0.0),0.0 (cmd 0.0)
1.1017000000000001,-72.57,0.0,0.0,-71.86,0.0,0.0,-71.9,-72.6,0.0 (cmd 0.0),0.0 (cmd 0.0)
1.1022,-72.57,0.0,0.0,-71.86,0.0,0.0,-71.9,-72.6,0.0 (cmd 0.0),0.0 (cmd 0.0)
1.1027,-72.57,0.0,0.0,-71.86,0.0,0.0,-71.9,-72.6,0.0 (cmd 0.0),0.0 (cmd 0.0)
1.1031999999999997,-72.57,0.0,0.0,-71.85,0.0,0.0,-71.8,-72.6,0.0 (cmd 0.0),0.0 (cmd 0.0)
1.1037000000000001,-72.57,0.0,0.0,-71.85,0.0,0.0,-71.8,-72.6,0.0 (cmd 0.0),0.0 (cmd 0.0)
1.1042,-72.57,0.0,0.0,-71.85,0.0,0.0,-71.8,-72.6,0.0 (cmd 0.0),0.0 (cmd 0.0)
1.1047,-72.57,0.0,0.0,-71.85,0.0,0.0,-71.8,-72.6,0.0 (cmd 0.0),0.0 (cmd 0.0)
1.1052,-72.57,0.0,0.0,-71.85,0.0,0.0,-71.8,-72.6,0.0 (cmd 0.0),0.0 (cmd 0.0)
1.1057,-72.57,0.0,0.0,-71.85,0.0,0.0,-71.8,-72.6,0.0 (cmd 0.0),0.0 (cmd 0.0)
1.1062,-72.57,0.0,0.0,-71.85,0.0,0.0,-71.8,-72.6,0.0 (cmd 0.0),0.0 (cmd 0.0)
1.1067,-72.57,0.0,0.0,-71.84,0.0,0.0,-71.8,-72.6,0.0 (cmd 0.0),0.0 (cmd 0.0)
1.1072,-72.56,0.0,0.0,-71.84,0.0,0.0,-71.8,-72.6,0.0 (cmd 0.0),0.0 (cmd 0.0)
1.1077000000000001,-72.56,0.0,0.0,-71.84,0.0,0.0,-71.8,-72.6,0.0 (cmd 0.0),0.0 (cmd 0.0)
1.1081999999999999,-72.56,0.0,0.0,-71.84,0.0,0.0,-71.8,-72.6,0.0 (cmd 0.0),0.0 (cmd 0.0)
1.1087,-72.56,0.0,0.0,-71.84,0.0,0.0,-71.8,-72.6,0.0 (cmd 0.0),0.0 (cmd 0.0)
1.1092,-72.56,0.0,0.0,-71.84,0.0,0.0,-71.8,-72.6,0.0 (cmd 0.0),0.0 (cmd 0.0)
1.1097000000000001,-72.56,0.0,0.0,-71.83,0.0,0.0,-71.8,-72.6,0.0 (cmd 0.0),0.0 (cmd 0.0)
1.1102,-72.56,0.0,0.0,-71.83,0.0,0.0,-71.8,-72.6,0.0 (cmd 0.0),0.0 (cmd 0.0)
1.1106999999999998,-72.56,0.0,0.0,-71.83,0.0,0.0,-71.8,-72.6,0.0 (cmd 0.0),0.0 (cmd 0.0)
1.1112,-72.56,0.0,0.0,-71.83,0.0,0.0,-71.8,-72.6,0.0 (cmd 0.0),0.0 (cmd 0.0)
1.1117000000000001,-72.56,0.0,0.0,-71.83,0.0,0.0,-71.8,-72.6,0.0 (cmd 0.0),0.0 (cmd 0.0)
1.1122,-72.56,0.0,0.0,-71.83,0.0,0.0,-71.8,-72.6,0.0 (cmd 0.0),0.0 (cmd 0.0)
1.1127,-72.55,0.0,0.0,-71.83,0.0,0.0,-71.8,-72.5,0.0 (cmd 0.0),0.0 (cmd 0.0)
1.1131999999999997,-72.55,0.0,0.0,-71.83,0.0,0.0,-71.8,-72.5,0.0 (cmd 0.0),0.0 (cmd 0.0)
1.1137000000000001,-72.55,0.0,0.0,-71.83,0.0,0.0,-71.8,-72.5,0.0 (cmd 0.0),0.0 (cmd 0.0)
1.1142,-72.56,0.0,0.0,-71.83,0.0,0.0,-71.8,-72.6,0.0 (cmd 0.0),0.0 (cmd 0.0)
1.1147,-72.56,0.0,0.0,-71.83,0.0,0.0,-71.8,-72.6,0.0 (cmd 0.0),0.0 (cmd 0.0)
1.1152,-72.56,0.0,0.0,-71.83,0.0,0.0,-71.8,-72.6,0.0 (cmd 0.0),0.0 (cmd 0.0)
1.1157,-72.56,0.0,0.0,-71.83,0.0,0.0,-71.8,-72.6,0.0 (cmd 0.0),0.0 (cmd 0.0)
1.1162,-72.56,0.0,0.0,-71.83,0.0,0.0,-71.8,-72.6,0.0 (cmd 0.0),0.0 (cmd 0.0)
1.1167,-72.54,0.0,0.0,-71.78,0.0,0.0,-71.8,-72.5,0.0 (cmd 0.0),0.0 (cmd 0.0)
1.1172,-72.45,0.0,0.0,-71.7,0.0,0.0,-71.7,-72.5,0.0 (cmd 0.0),0.0 (cmd 0.0)
1.1177000000000001,-72.43,0.0,0.0,-71.68,0.0,0.0,-71.7,-72.4,0.0 (cmd 0.0),0.0 (cmd 0.0)
1.1181999999999999,-72.44,0.0,0.0,-71.7,0.0,0.0,-71.7,-72.4,0.0 (cmd 0.0),0.0 (cmd 0.0)
1.1187,-72.46,0.0,0.0,-71.72,0.0,0.0,-71.7,-72.5,0.0 (cmd 0.0),0.0 (cmd 0.0)
1.1192,-72.48,0.0,0.0,-71.75,0.0,0.0,-71.8,-72.5,0.0 (cmd 0.0),0.0 (cmd 0.0)
1.1197000000000001,-72.49,0.0,0.0,-71.77,0.0,0.0,-71.8,-72.5,0.0 (cmd 0.0),0.0 (cmd 0.0)
1.1202,-72.48,0.0,0.0,-71.77,0.0,0.0,-71.8,-72.5,0.0 (cmd 0.0),0.0 (cmd 0.0)
1.1206999999999998,-72.47,0.0,0.0,-71.77,0.0,0.0,-71.8,-72.5,0.0 (cmd 0.0),0.0 (cmd 0.0)
1.1212,-72.49,0.0,0.0,-71.77,0.0,0.0,-71.8,-72.5,0.0 (cmd 0.0),0.0 (cmd 0.0)
1.1217000000000001,-72.5,0.0,0.0,-71.77,0.0,0.0,-71.8,-72.5,0.0 (cmd 0.0),0.0 (cmd 0.0)
1.1222,-72.51,0.0,0.0,-71.78,0.0,0.0,-71.8,-72.5,0.0 (cmd 0.0),0.0 (cmd 0.0)
1.1227,-72.51,0.0,0.0,-71.77,0.0,0.0,-71.8,-72.5,0.0 (cmd 0.0),0.0 (cmd 0.0)
1.1231999999999998,-72.5,0.0,0.0,-71.78,0.0,0.0,-71.8,-72.5,0.0 (cmd 0.0),0.0 (cmd 0.0)
1.1237000000000001,-72.51,0.0,0.0,-71.79,0.0,0.0,-71.8,-72.5,0.0 (cmd 0.0),0.0 (cmd 0.0)
1.1242,-72.53,0.0,0.0,-71.78,0.0,0.0,-71.8,-72.5,0.0 (cmd 0.0),0.0 (cmd 0.0)
1.1247,-72.55,0.0,0.0,-71.78,0.0,0.0,-71.8,-72.5,0.0 (cmd 0.0),0.0 (cmd 0.0)
1.1252,-72.55,0.0,0.0,-71.78,0.0,0.0,-71.8,-72.5,0.0 (cmd 0.0),0.0 (cmd 0.0)
1.1257,-72.56,0.0,0.0,-71.79,0.0,0.0,-71.8,-72.6,0.0 (cmd 0.0),0.0 (cmd 0.0)
1.1262,-72.56,0.0,0.0,-71.79,0.0,0.0,-71.8,-72.6,0.0 (cmd 0.0),0.0 (cmd 0.0)
1.1267,-72.57,0.0,0.0,-71.8,0.0,0.0,-71.8,-72.6,0.0 (cmd 0.0),0.0 (cmd 0.0)
1.1272,-72.58,0.0,0.0,-71.81,0.0,0.0,-71.8,-72.6,0.0 (cmd 0.0),0.0 (cmd 0.0)
1.1277000000000001,-72.56,0.0,0.0,-71.8,0.0,0.0,-71.8,-72.6,0.0 (cmd 0.0),0.0 (cmd 0.0)
1.1281999999999999,-72.55,0.0,0.0,-71.79,0.0,0.0,-71.8,-72.5,0.0 (cmd 0.0),0.0 (cmd 0.0)
1.1287,-72.55,0.0,0.0,-71.78,0.0,0.0,-71.8,-72.5,0.0 (cmd 0.0),0.0 (cmd 0.0)
1.1292,-72.56,0.0,0.0,-71.77,0.0,0.0,-71.8,-72.6,0.0 (cmd 0.0),0.0 (cmd 0.0)
1.1297000000000001,-72.56,0.0,0.0,-71.78,0.0,0.0,-71.8,-72.6,0.0 (cmd 0.0),0.0 (cmd 0.0)
1.1302,-72.57,0.0,0.0,-71.79,0.0,0.0,-71.8,-72.6,0.0 (cmd 0.0),0.0 (cmd 0.0)
1.1306999999999998,-72.57,0.0,0.0,-71.82,0.0,0.0,-71.8,-72.6,0.0 (cmd 0.0),0.0 (cmd 0.0)
1.1312,-72.58,0.0,0.0,-71.83,0.0,0.0,-71.8,-72.6,0.0 (cmd 0.0),0.0 (cmd 0.0)
1.1317000000000002,-72.58,0.0,0.0,-71.84,0.0,0.0,-71.8,-72.6,0.0 (cmd 0.0),0.0 (cmd 0.0)
1.1322,-72.59,0.0,0.0,-71.84,0.0,0.0,-71.8,-72.6,0.0 (cmd 0.0),0.0 (cmd 0.0)
1.1327,-72.59,0.0,0.0,-71.84,0.0,0.0,-71.8,-72.6,0.0 (cmd 0.0),0.0 (cmd 0.0)
1.1331999999999998,-72.6,0.0,0.0,-71.85,0.0,0.0,-71.8,-72.6,0.0 (cmd 0.0),0.0 (cmd 0.0)
1.1337000000000002,-72.61,0.0,0.0,-71.86,0.0,0.0,-71.9,-72.6,0.0 (cmd 0.0),0.0 (cmd 0.0)
1.1342,-72.62,0.0,0.0,-71.84,0.0,0.0,-71.8,-72.6,0.0 (cmd 0.0),0.0 (cmd 0.0)
1.1347,-72.59,0.0,0.0,-71.82,0.0,0.0,-71.8,-72.6,0.0 (cmd 0.0),0.0 (cmd 0.0)
1.1352,-72.57,0.0,0.0,-71.82,0.0,0.0,-71.8,-72.6,0.0 (cmd 0.0),0.0 (cmd 0.0)
1.1356999999999997,-72.58,0.0,0.0,-71.81,0.0,0.0,-71.8,-72.6,0.0 (cmd 0.0),0.0 (cmd 0.0)
1.1362,-72.58,0.0,0.0,-71.81,0.0,0.0,-71.8,-72.6,0.0 (cmd 0.0),0.0 (cmd 0.0)
1.1367,-72.6,0.0,0.0,-71.82,0.0,0.0,-71.8,-72.6,0.0 (cmd 0.0),0.0 (cmd 0.0)
1.1372,-72.6,0.0,0.0,-71.83,0.0,0.0,-71.8,-72.6,0.0 (cmd 0.0),0.0 (cmd 0.0)
1.1377000000000002,-72.59,0.0,0.0,-71.83,0.0,0.0,-71.8,-72.6,0.0 (cmd 0.0),0.0 (cmd 0.0)
1.1381999999999999,-72.59,0.0,0.0,-71.83,0.0,0.0,-71.8,-72.6,0.0 (cmd 0.0),0.0 (cmd 0.0)
1.1387,-72.6,0.0,0.0,-71.84,0.0,0.0,-71.8,-72.6,0.0 (cmd 0.0),0.0 (cmd 0.0)
1.1392,-72.61,0.0,0.0,-71.87,0.0,0.0,-71.9,-72.6,0.0 (cmd 0.0),0.0 (cmd 0.0)
1.1397,-72.62,0.0,0.0,-71.87,0.0,0.0,-71.9,-72.6,0.0 (cmd 0.0),0.0 (cmd 0.0)
1.1402,-72.62,0.0,0.0,-71.87,0.0,0.0,-71.9,-72.6,0.0 (cmd 0.0),0.0 (cmd 0.0)
1.1406999999999998,-72.62,0.0,0.0,-71.87,0.0,0.0,-71.9,-72.6,0.0 (cmd 0.0),0.0 (cmd 0.0)
1.1412,-72.62,0.0,0.0,-71.87,0.0,0.0,-71.9,-72.6,0.0 (cmd 0.0),0.0 (cmd 0.0)
1.1417,-72.63,0.0,0.0,-71.86,0.0,0.0,-71.9,-72.6,0.0 (cmd 0.0),0.0 (cmd 0.0)
1.1422,-72.63,0.0,0.0,-71.85,0.0,0.0,-71.8,-72.6,0.0 (cmd 0.0),0.0 (cmd 0.0)
1.1427,-72.63,0.0,0.0,-71.85,0.0,0.0,-71.8,-72.6,0.0 (cmd 0.0),0.0 (cmd 0.0)
1.1431999999999998,-72.63,0.0,0.0,-71.84,0.0,0.0,-71.8,-72.6,0.0 (cmd 0.0),0.0 (cmd 0.0)
1.1437,-72.63,0.0,0.0,-71.84,0.0,0.0,-71.8,-72.6,0.0 (cmd 0.0),0.0 (cmd 0.0)
1.1442,-72.63,0.0,0.0,-71.84,0.0,0.0,-71.8,-72.6,0.0 (cmd 0.0),0.0 (cmd 0.0)
1.1447,-72.63,0.0,0.0,-71.84,0.0,0.0,-71.8,-72.6,0.0 (cmd 0.0),0.0 (cmd 0.0)
1.1452,-72.63,0.0,0.0,-71.83,0.0,0.0,-71.8,-72.6,0.0 (cmd 0.0),0.0 (cmd 0.0)
1.1456999999999997,-72.63,0.0,0.0,-71.83,0.0,0.0,-71.8,-72.6,0.0 (cmd 0.0),0.0 (cmd 0.0)
1.1462,-72.63,0.0,0.0,-71.83,0.0,0.0,-71.8,-72.6,0.0 (cmd 0.0),0.0 (cmd 0.0)
1.1467,-72.64,0.0,0.0,-71.83,0.0,0.0,-71.8,-72.6,0.0 (cmd 0.0),0.0 (cmd 0.0)
1.1472,-72.64,0.0,0.0,-71.83,0.0,0.0,-71.8,-72.6,0.0 (cmd 0.0),0.0 (cmd 0.0)
1.1477,-72.64,0.0,0.0,-71.83,0.0,0.0,-71.8,-72.6,0.0 (cmd 0.0),0.0 (cmd 0.0)
1.1481999999999999,-72.64,0.0,0.0,-71.83,0.0,0.0,-71.8,-72.6,0.0 (cmd 0.0),0.0 (cmd 0.0)
1.1487,-72.64,0.0,0.0,-71.83,0.0,0.0,-71.8,-72.6,0.0 (cmd 0.0),0.0 (cmd 0.0)
1.1492,-72.64,0.0,0.0,-71.83,0.0,0.0,-71.8,-72.6,0.0 (cmd 0.0),0.0 (cmd 0.0)
1.1497,-72.64,0.0,0.0,-71.83,0.0,0.0,-71.8,-72.6,0.0 (cmd 0.0),0.0 (cmd 0.0)
1.1502000000000001,-72.64,0.0,0.0,-71.83,0.0,0.0,-71.8,-72.6,0.0 (cmd 0.0),0.0 (cmd 0.0)
1.1506999999999998,-72.64,0.0,0.0,-71.83,0.0,0.0,-71.8,-72.6,0.0 (cmd 0.0),0.0 (cmd 0.0)
1.1512,-72.64,0.0,0.0,-71.83,0.0,0.0,-71.8,-72.6,0.0 (cmd 0.0),0.0 (cmd 0.0)
1.1517,-72.64,0.0,0.0,-71.83,0.0,0.0,-71.8,-72.6,0.0 (cmd 0.0),0.0 (cmd 0.0)
1.1522000000000001,-72.64,0.0,0.0,-71.83,0.0,0.0,-71.8,-72.6,0.0 (cmd 0.0),0.0 (cmd 0.0)
1.1527,-72.64,0.0,0.0,-71.84,0.0,0.0,-71.8,-72.6,0.0 (cmd 0.0),0.0 (cmd 0.0)
1.1531999999999998,-72.64,0.0,0.0,-71.84,0.0,0.0,-71.8,-72.6,0.0 (cmd 0.0),0.0 (cmd 0.0)
1.1537,-72.64,0.0,0.0,-71.84,0.0,0.0,-71.8,-72.6,0.0 (cmd 0.0),0.0 (cmd 0.0)
1.1542000000000001,-72.65,0.0,0.0,-71.84,0.0,0.0,-71.8,-72.7,0.0 (cmd 0.0),0.0 (cmd 0.0)
1.1547,-72.65,0.0,0.0,-71.84,0.0,0.0,-71.8,-72.7,0.0 (cmd 0.0),0.0 (cmd 0.0)
1.1552,-72.65,0.0,0.0,-71.85,0.0,0.0,-71.8,-72.7,0.0 (cmd 0.0),0.0 (cmd 0.0)
1.1556999999999997,-72.65,0.0,0.0,-71.85,0.0,0.0,-71.8,-72.7,0.0 (cmd 0.0),0.0 (cmd 0.0)
1.1562000000000001,-72.65,0.0,0.0,-71.85,0.0,0.0,-71.8,-72.7,0.0 (cmd 0.0),0.0 (cmd 0.0)
1.1567,-72.65,0.0,0.0,-71.85,0.0,0.0,-71.8,-72.7,0.0 (cmd 0.0),0.0 (cmd 0.0)
1.1572,-72.65,0.0,0.0,-71.85,0.0,0.0,-71.8,-72.7,0.0 (cmd 0.0),0.0 (cmd 0.0)
1.1577,-72.65,0.0,0.0,-71.86,0.0,0.0,-71.9,-72.7,0.0 (cmd 0.0),0.0 (cmd 0.0)
1.1582,-72.65,0.0,0.0,-71.86,0.0,0.0,-71.9,-72.7,0.0 (cmd 0.0),0.0 (cmd 0.0)
1.1587,-72.65,0.0,0.0,-71.87,0.0,0.0,-71.9,-72.7,0.0 (cmd 0.0),0.0 (cmd 0.0)
1.1592,-72.65,0.0,0.0,-71.87,0.0,0.0,-71.9,-72.7,0.0 (cmd 0.0),0.0 (cmd 0.0)
1.1597,-72.65,0.0,0.0,-71.87,0.0,0.0,-71.9,-72.7,0.0 (cmd 0.0),0.0 (cmd 0.0)
1.1602000000000001,-72.65,0.0,0.0,-71.87,0.0,0.0,-71.9,-72.7,0.0 (cmd 0.0),0.0 (cmd 0.0)
1.1606999999999998,-72.65,0.0,0.0,-71.87,0.0,0.0,-71.9,-72.7,0.0 (cmd 0.0),0.0 (cmd 0.0)
1.1612,-72.65,0.0,0.0,-71.88,0.0,0.0,-71.9,-72.7,0.0 (cmd 0.0),0.0 (cmd 0.0)
1.1617,-72.65,0.0,0.0,-71.88,0.0,0.0,-71.9,-72.7,0.0 (cmd 0.0),0.0 (cmd 0.0)
1.1622000000000001,-72.65,0.0,0.0,-71.88,0.0,0.0,-71.9,-72.7,0.0 (cmd 0.0),0.0 (cmd 0.0)
1.1627,-72.66,0.0,0.0,-71.88,0.0,0.0,-71.9,-72.7,0.0 (cmd 0.0),0.0 (cmd 0.0)
1.1631999999999998,-72.66,0.0,0.0,-71.89,0.0,0.0,-71.9,-72.7,0.0 (cmd 0.0),0.0 (cmd 0.0)
1.1637,-72.66,0.0,0.0,-71.89,0.0,0.0,-71.9,-72.7,0.0 (cmd 0.0),0.0 (cmd 0.0)
1.1642000000000001,-72.66,0.0,0.0,-71.89,0.0,0.0,-71.9,-72.7,0.0 (cmd 0.0),0.0 (cmd 0.0)
1.1647,-72.66,0.0,0.0,-71.89,0.0,0.0,-71.9,-72.7,0.0 (cmd 0.0),0.0 (cmd 0.0)
1.1652,-72.66,0.0,0.0,-71.89,0.0,0.0,-71.9,-72.7,0.0 (cmd 0.0),0.0 (cmd 0.0)
1.1656999999999997,-72.66,0.0,0.0,-71.9,0.0,0.0,-71.9,-72.7,0.0 (cmd 0.0),0.0 (cmd 0.0)
1.1662000000000001,-72.66,0.0,0.0,-71.9,0.0,0.0,-71.9,-72.7,0.0 (cmd 0.0),0.0 (cmd 0.0)
1.1667,-72.66,0.0,0.0,-71.9,0.0,0.0,-71.9,-72.7,0.0 (cmd 0.0),0.0 (cmd 0.0)
1.1672,-72.66,0.0,0.0,-71.9,0.0,0.0,-71.9,-72.7,0.0 (cmd 0.0),0.0 (cmd 0.0)
1.1677,-72.66,0.0,0.0,-71.9,0.0,0.0,-71.9,-72.7,0.0 (cmd 0.0),0.0 (cmd 0.0)
1.1682,-72.66,0.0,0.0,-71.91,0.0,0.0,-71.9,-72.7,0.0 (cmd 0.0),0.0 (cmd 0.0)
1.1687,-72.66,0.0,0.0,-71.91,0.0,0.0,-71.9,-72.7,0.0 (cmd 0.0),0.0 (cmd 0.0)
1.1692,-72.66,0.0,0.0,-71.91,0.0,0.0,-71.9,-72.7,0.0 (cmd 0.0),0.0 (cmd 0.0)
1.1697,-72.66,0.0,0.0,-71.92,0.0,0.0,-71.9,-72.7,0.0 (cmd 0.0),0.0 (cmd 0.0)
1.1702000000000001,-72.67,0.0,0.0,-71.92,0.0,0.0,-71.9,-72.7,0.0 (cmd 0.0),0.0 (cmd 0.0)
1.1706999999999999,-72.67,0.0,0.0,-71.92,0.0,0.0,-71.9,-72.7,0.0 (cmd 0.0),0.0 (cmd 0.0)
1.1712,-72.67,0.0,0.0,-71.92,0.0,0.0,-71.9,-72.7,0.0 (cmd 0.0),0.0 (cmd 0.0)
1.1717,-72.67,0.0,0.0,-71.92,0.0,0.0,-71.9,-72.7,0.0 (cmd 0.0),0.0 (cmd 0.0)
1.1722000000000001,-72.67,0.0,0.0,-71.92,0.0,0.0,-71.9,-72.7,0.0 (cmd 0.0),0.0 (cmd 0.0)
1.1727,-72.67,0.0,0.0,-71.92,0.0,0.0,-71.9,-72.7,0.0 (cmd 0.0),0.0 (cmd 0.0)
1.1731999999999998,-72.67,0.0,0.0,-71.92,0.0,0.0,-71.9,-72.7,0.0 (cmd 0.0),0.0 (cmd 0.0)
1.1737,-72.67,0.0,0.0,-71.93,0.0,0.0,-71.9,-72.7,0.0 (cmd 0.0),0.0 (cmd 0.0)
1.1742000000000001,-72.67,0.0,0.0,-71.93,0.0,0.0,-71.9,-72.7,0.0 (cmd 0.0),0.0 (cmd 0.0)
1.1747,-72.67,0.0,0.0,-71.93,0.0,0.0,-71.9,-72.7,0.0 (cmd 0.0),0.0 (cmd 0.0)
1.1752,-72.67,0.0,0.0,-71.93,0.0,0.0,-71.9,-72.7,0.0 (cmd 0.0),0.0 (cmd 0.0)
1.1756999999999997,-72.67,0.0,0.0,-71.93,0.0,0.0,-71.9,-72.7,0.0 (cmd 0.0),0.0 (cmd 0.0)
1.1762000000000001,-72.67,0.0,0.0,-71.93,0.0,0.0,-71.9,-72.7,0.0 (cmd 0.0),0.0 (cmd 0.0)
1.1767,-72.67,0.0,0.0,-71.93,0.0,0.0,-71.9,-72.7,0.0 (cmd 0.0),0.0 (cmd 0.0)
1.1772,-72.67,0.0,0.0,-71.93,0.0,0.0,-71.9,-72.7,0.0 (cmd 0.0),0.0 (cmd 0.0)
1.1777,-72.67,0.0,0.0,-71.93,0.0,0.0,-71.9,-72.7,0.0 (cmd 0.0),0.0 (cmd 0.0)
1.1782,-72.67,0.0,0.0,-71.93,0.0,0.0,-71.9,-72.7,0.0 (cmd 0.0),0.0 (cmd 0.0)
1.1787,-72.67,0.0,0.0,-71.93,0.0,0.0,-71.9,-72.7,0.0 (cmd 0.0),0.0 (cmd 0.0)
1.1792,-72.67,0.0,0.0,-71.93,0.0,0.0,-71.9,-72.7,0.0 (cmd 0.0),0.0 (cmd 0.0)
1.1797,-72.67,0.0,0.0,-71.93,0.0,0.0,-71.9,-72.7,0.0 (cmd 0.0),0.0 (cmd 0.0)
1.1802000000000001,-72.67,0.0,0.0,-71.93,0.0,0.0,-71.9,-72.7,0.0 (cmd 0.0),0.0 (cmd 0.0)
1.1806999999999999,-72.67,0.0,0.0,-71.93,0.0,0.0,-71.9,-72.7,0.0 (cmd 0.0),0.0 (cmd 0.0)
1.1812,-72.66,0.0,0.0,-71.93,0.0,0.0,-71.9,-72.7,0.0 (cmd 0.0),0.0 (cmd 0.0)
1.1817,-72.66,0.0,0.0,-71.93,0.0,0.0,-71.9,-72.7,0.0 (cmd 0.0),0.0 (cmd 0.0)
1.1822000000000001,-72.66,0.0,0.0,-71.93,0.0,0.0,-71.9,-72.7,0.0 (cmd 0.0),0.0 (cmd 0.0)
1.1827,-72.66,0.0,0.0,-71.93,0.0,0.0,-71.9,-72.7,0.0 (cmd 0.0),0.0 (cmd 0.0)
1.1831999999999998,-72.66,0.0,0.0,-71.93,0.0,0.0,-71.9,-72.7,0.0 (cmd 0.0),0.0 (cmd 0.0)
1.1837,-72.66,0.0,0.0,-71.93,0.0,0.0,-71.9,-72.7,0.0 (cmd 0.0),0.0 (cmd 0.0)
1.1842000000000001,-72.66,0.0,0.0,-71.94,0.0,0.0,-71.9,-72.7,0.0 (cmd 0.0),0.0 (cmd 0.0)
1.1847,-72.66,0.0,0.0,-71.94,0.0,0.0,-71.9,-72.7,0.0 (cmd 0.0),0.0 (cmd 0.0)
1.1852,-72.66,0.0,0.0,-71.94,0.0,0.0,-71.9,-72.7,0.0 (cmd 0.0),0.0 (cmd 0.0)
1.1856999999999998,-72.66,0.0,0.0,-71.94,0.0,0.0,-71.9,-72.7,0.0 (cmd 0.0),0.0 (cmd 0.0)
1.1862000000000001,-72.66,0.0,0.0,-71.94,0.0,0.0,-71.9,-72.7,0.0 (cmd 0.0),0.0 (cmd 0.0)
1.1867,-72.66,0.0,0.0,-71.94,0.0,0.0,-71.9,-72.7,0.0 (cmd 0.0),0.0 (cmd 0.0)
1.1872,-72.66,0.0,0.0,-71.94,0.0,0.0,-71.9,-72.7,0.0 (cmd 0.0),0.0 (cmd 0.0)
1.1877,-72.66,0.0,0.0,-71.94,0.0,0.0,-71.9,-72.7,0.0 (cmd 0.0),0.0 (cmd 0.0)
1.1882,-72.66,0.0,0.0,-71.94,0.0,0.0,-71.9,-72.7,0.0 (cmd 0.0),0.0 (cmd 0.0)
1.1887,-72.66,0.0,0.0,-71.94,0.0,0.0,-71.9,-72.7,0.0 (cmd 0.0),0.0 (cmd 0.0)
1.1892,-72.66,0.0,0.0,-71.94,0.0,0.0,-71.9,-72.7,0.0 (cmd 0.0),0.0 (cmd 0.0)
1.1897,-72.66,0.0,0.0,-71.94,0.0,0.0,-71.9,-72.7,0.0 (cmd 0.0),0.0 (cmd 0.0)
1.1902000000000001,-72.67,0.0,0.0,-71.94,0.0,0.0,-71.9,-72.7,0.0 (cmd 0.0),0.0 (cmd 0.0)
1.1906999999999999,-72.64,0.0,0.0,-71.92,0.0,0.0,-71.9,-72.6,0.0 (cmd 0.0),0.0 (cmd 0.0)
1.1912,-72.56,0.0,0.0,-71.84,0.0,0.0,-71.8,-72.6,0.0 (cmd 0.0),0.0 (cmd 0.0)
1.1917,-72.47,0.0,0.0,-71.73,0.0,0.0,-71.7,-72.5,0.0 (cmd 0.0),0.0 (cmd 0.0)
1.1922000000000001,-72.41,0.0,0.0,-71.63,0.0,0.0,-71.6,-72.4,0.0 (cmd 0.0),0.0 (cmd 0.0)
1.1927,-72.39,0.0,0.0,-71.59,0.0,0.0,-71.6,-72.4,0.0 (cmd 0.0),0.0 (cmd 0.0)
1.1931999999999998,-72.39,0.0,0.0,-71.57,0.0,0.0,-71.6,-72.4,0.0 (cmd 0.0),0.0 (cmd 0.0)
1.1937,-72.38,0.0,0.0,-71.56,0.0,0.0,-71.6,-72.4,0.0 (cmd 0.0),0.0 (cmd 0.0)
1.1942000000000002,-72.42,0.0,0.0,-71.59,0.0,0.0,-71.6,-72.4,0.0 (cmd 0.0),0.0 (cmd 0.0)
1.1947,-72.49,0.0,0.0,-71.61,0.0,0.0,-71.6,-72.5,0.0 (cmd 0.0),0.0 (cmd 0.0)
1.1952,-72.5,0.0,0.0,-71.64,0.0,0.0,-71.6,-72.5,0.0 (cmd 0.0),0.0 (cmd 0.0)
1.1956999999999998,-72.49,0.0,0.0,-71.91,0.0,0.0,-71.9,-72.5,0.0 (cmd 0.0),0.0 (cmd 0.0)
1.1962000000000002,-72.48,0.0,0.0,-71.84,0.0,0.0,-71.8,-72.5,0.0 (cmd 0.0),0.0 (cmd 0.0)
1.1967,-72.54,0.0,0.0,-71.65,0.0,0.0,-71.7,-72.5,0.0 (cmd 0.0),0.0 (cmd 0.0)
1.1972,-72.55,0.0,0.0,-71.21,0.0,0.0,-71.2,-72.5,0.0 (cmd 0.0),0.0 (cmd 0.0)
1.1977,-72.61,0.0,0.0,-71.14,0.0,0.0,-71.1,-72.6,0.0 (cmd 0.0),0.0 (cmd 0.0)
1.1981999999999997,-72.69,0.0,0.0,-71.43,0.0,0.0,-71.4,-72.7,0.0 (cmd 0.0),0.0 (cmd 0.0)
1.1987,-72.73,0.0,0.0,-71.75,0.0,0.0,-71.8,-72.7,0.0 (cmd 0.0),0.0 (cmd 0.0)
1.1992,-72.81,0.0,0.0,-71.97,0.0,0.0,-72.0,-72.8,0.0 (cmd 0.0),0.0 (cmd 0.0)
1.1997,-72.93,0.0,0.0,-72.23,0.0,0.0,-72.2,-72.9,0.0 (cmd 0.0),0.0 (cmd 0.0)
1.2002000000000002,-73.04,0.0,0.0,-72.44,0.0,0.0,-72.4,-73.0,0.0 (cmd 0.0),0.0 (cmd 0.0)
1.2006999999999999,-73.15,0.0,0.0,-72.63,0.0,0.0,-72.6,-73.2,0.0 (cmd 0.0),0.0 (cmd 0.0)
1.2012,-73.3,0.0,0.0,-72.65,0.0,0.0,-72.7,-73.3,0.0 (cmd 0.0),0.0 (cmd 0.0)
1.2017,-73.38,0.0,0.0,-72.54,0.0,0.0,-72.5,-73.4,0.0 (cmd 0.0),0.0 (cmd 0.0)
1.2022,-73.44,0.0,0.0,-72.22,0.0,0.0,-72.2,-73.4,0.0 (cmd 0.0),0.0 (cmd 0.0)
1.2027,-73.48,0.0,0.0,-72.09,0.0,0.0,-72.1,-73.5,0.0 (cmd 0.0),0.0 (cmd 0.0)
1.2031999999999998,-73.53,0.0,0.0,-72.25,0.0,0.0,-72.2,-73.5,0.0 (cmd 0.0),0.0 (cmd 0.0)
1.2037,-73.59,0.0,0.0,-72.33,0.0,0.0,-72.3,-73.6,0.0 (cmd 0.0),0.0 (cmd 0.0)
1.2042,-73.61,0.0,0.0,-72.29,0.0,0.0,-72.3,-73.6,0.0 (cmd 0.0),0.0 (cmd 0.0)
1.2047,-73.61,0.0,0.0,-72.25,0.0,0.0,-72.2,-73.6,0.0 (cmd 0.0),0.0 (cmd 0.0)
1.2052,-73.6,0.0,0.0,-72.23,0.0,0.0,-72.2,-73.6,0.0 (cmd 0.0),0.0 (cmd 0.0)
1.2056999999999998,-73.58,0.0,0.0,-72.12,0.0,0.0,-72.1,-73.6,0.0 (cmd 0.0),0.0 (cmd 0.0)
1.2062,-73.47,0.0,0.0,-71.96,0.0,0.0,-72.0,-73.5,0.0 (cmd 0.0),0.0 (cmd 0.0)
1.2067,-73.35,0.0,0.0,-71.82,0.0,0.0,-71.8,-73.3,0.0 (cmd 0.0),0.0 (cmd 0.0)
1.2072,-73.25,0.0,0.0,-71.79,0.0,0.0,-71.8,-73.2,0.0 (cmd 0.0),0.0 (cmd 0.0)
1.2077,-73.23,0.0,0.0,-71.75,0.0,0.0,-71.8,-73.2,0.0 (cmd 0.0),0.0 (cmd 0.0)
1.2081999999999997,-73.27,0.0,0.0,-71.66,0.0,0.0,-71.7,-73.3,0.0 (cmd 0.0),0.0 (cmd 0.0)
1.2087,-73.29,0.0,0.0,-71.68,0.0,0.0,-71.7,-73.3,0.0 (cmd 0.0),0.0 (cmd 0.0)
1.2092,-73.35,0.0,0.0,-71.77,0.0,0.0,-71.8,-73.3,0.0 (cmd 0.0),0.0 (cmd 0.0)
1.2097,-73.43,0.0,0.0,-71.87,0.0,0.0,-71.9,-73.4,0.0 (cmd 0.0),0.0 (cmd 0.0)
1.2102,-73.44,0.0,0.0,-72.02,0.0,0.0,-72.0,-73.4,0.0 (cmd 0.0),0.0 (cmd 0.0)
1.2106999999999999,-73.36,0.0,0.0,-72.44,0.0,0.0,-72.4,-73.4,0.0 (cmd 0.0),0.0 (cmd 0.0)
1.2112,-73.33,0.0,0.0,-73.28,0.0,0.0,-73.3,-73.3,0.0 (cmd 0.0),0.0 (cmd 0.0)
1.2117,-73.29,0.0,0.0,-74.34,0.0,0.0,-74.3,-73.3,0.0 (cmd 0.0),0.0 (cmd 0.0)
1.2122,-73.26,0.0,0.0,-74.37,0.0,0.0,-74.4,-73.3,0.0 (cmd 0.0),0.0 (cmd 0.0)
1.2127000000000001,-73.3,0.0,0.0,-74.11,0.0,0.0,-74.1,-73.3,0.0 (cmd 0.0),0.0 (cmd 0.0)
1.2131999999999998,-73.37,0.0,0.0,-73.32,0.0,0.0,-73.3,-73.4,0.0 (cmd 0.0),0.0 (cmd 0.0)
1.2137,-73.26,0.0,0.0,-72.45,0.0,0.0,-72.5,-73.3,0.0 (cmd 0.0),0.0 (cmd 0.0)
1.2142,-73.18,0.0,0.0,-72.24,0.0,0.0,-72.2,-73.2,0.0 (cmd 0.0),0.0 (cmd 0.0)
1.2147000000000001,-73.4,0.0,0.0,-72.17,0.0,0.0,-72.2,-73.4,0.0 (cmd 0.0),0.0 (cmd 0.0)
1.2152,-74.33,0.0,0.0,-72.37,0.0,0.0,-72.4,-74.3,0.0 (cmd 0.0),0.0 (cmd 0.0)
1.2156999999999998,-75.61,0.0,0.0,-72.64,0.0,0.0,-72.6,-75.6,0.0 (cmd 0.0),0.0 (cmd 0.0)
1.2162,-76.95,0.0,0.0,-72.49,0.0,0.0,-72.5,-77.0,0.0 (cmd 0.0),0.0 (cmd 0.0)
1.2167000000000001,-79.15,0.0,0.0,-72.04,0.0,0.0,-72.0,-79.2,0.0 (cmd 0.0),0.0 (cmd 0.0)
1.2172,-82.24,0.0,0.0,-71.76,0.0,0.0,-71.8,-82.2,0.0 (cmd 0.0),0.0 (cmd 0.0)
1.2177,-84.47,0.0,0.0,-71.6,0.0,0.0,-71.6,-84.5,0.0 (cmd 0.0),0.0 (cmd 0.0)
1.2181999999999997,-85.16,0.0,0.0,-71.2,0.0,0.0,-71.2,-85.2,0.0 (cmd 0.0),0.0 (cmd 0.0)
1.2187000000000001,-83.54,0.0,0.0,-70.97,0.0,0.0,-71.0,-83.5,0.0 (cmd 0.0),0.0 (cmd 0.0)
1.2192,-79.39,0.0,0.0,-70.92,0.0,0.0,-70.9,-79.4,0.0 (cmd 0.0),0.0 (cmd 0.0)
1.2197,-74.02,0.0,0.0,-70.96,0.0,0.0,-71.0,-74.0,0.0 (cmd 0.0),0.0 (cmd 0.0)
1.2202,-71.82,0.0,0.0,-71.18,0.0,0.0,-71.2,-71.8,0.0 (cmd 0.0),0.0 (cmd 0.0)
1.2207,-70.35,0.0,0.0,-71.21,0.0,0.0,-71.2,-70.3,0.0 (cmd 0.0),0.0 (cmd 0.0)
1.2212,-70.06,0.0,0.0,-70.86,0.0,0.0,-70.9,-70.1,0.0 (cmd 0.0),0.0 (cmd 0.0)
1.2217,-70.05,0.0,0.0,-70.75,0.0,0.0,-70.8,-70.0,0.0 (cmd 0.0),0.0 (cmd 0.0)
1.2222,-69.73,0.0,0.0,-70.72,0.0,0.0,-70.7,-69.7,0.0 (cmd 0.0),0.0 (cmd 0.0)
1.2227000000000001,-69.73,0.0,0.0,-70.89,0.0,0.0,-70.9,-69.7,0.0 (cmd 0.0),0.0 (cmd 0.0)
1.2231999999999998,-69.66,0.0,0.0,-70.96,0.0,0.0,-71.0,-69.7,0.0 (cmd 0.0),0.0 (cmd 0.0)
1.2237,-69.47,0.0,0.0,-71.04,0.0,0.0,-71.0,-69.5,0.0 (cmd 0.0),0.0 (cmd 0.0)
1.2242,-69.29,0.0,0.0,-71.06,0.0,0.0,-71.1,-69.3,0.0 (cmd 0.0),0.0 (cmd 0.0)
1.2247000000000001,-69.18,0.0,0.0,-71.08,0.0,0.0,-71.1,-69.2,0.0 (cmd 0.0),0.0 (cmd 0.0)
1.2252,-69.11,0.0,0.0,-71.14,0.0,0.0,-71.1,-69.1,0.0 (cmd 0.0),0.0 (cmd 0.0)
1.2268000000000001,-69.05,0.0,0.0,-71.13,0.0,0.0,-71.1,-69.0,0.0 (cmd 0.0),0.0 (cmd 0.0)
1.2273,-69.09,0.0,0.0,-71.1,0.0,0.0,-71.1,-69.1,0.0 (cmd 0.0),0.0 (cmd 0.0)
1.23,-69.22,0.0,0.0,-71.07,0.0,0.0,-71.1,-69.2,0.0 (cmd 0.0),0.0 (cmd 0.0)
1.2305,-69.22,0.0,0.0,-69.2,0.0,0.0,-69.2,-69.2,0.0 (cmd 0.0),0.0 (cmd 0.0)
1.231,-68.9,0.0,0.0,-67.83,0.0,0.0,-67.8,-68.9,0.0 (cmd 0.0),0.0 (cmd 0.0)
1.2315,-68.74,0.0,0.0,-68.02,0.0,0.0,-68.0,-68.7,0.0 (cmd 0.0),0.0 (cmd 0.0)
1.232,-68.57,0.0,0.0,-68.24,0.0,0.0,-68.2,-68.6,0.0 (cmd 0.0),0.0 (cmd 0.0)
1.2325,-68.64,0.0,0.0,-68.15,0.0,0.0,-68.2,-68.6,0.0 (cmd 0.0),0.0 (cmd 0.0)
1.233,-68.79,0.0,0.0,-68.28,0.0,0.0,-68.3,-68.8,0.0 (cmd 0.0),0.0 (cmd 0.0)
1.2335,-68.87,0.0,0.0,-68.09,0.0,0.0,-68.1,-68.9,0.0 (cmd 0.0),0.0 (cmd 0.0)
1.234,-68.84,0.0,0.0,-68.31,0.0,0.0,-68.3,-68.8,0.0 (cmd 0.0),0.0 (cmd 0.0)
1.2345,-68.79,0.0,0.0,-68.35,0.0,0.0,-68.3,-68.8,0.0 (cmd 0.0),0.0 (cmd 0.0)
1.235,-68.74,0.0,0.0,-68.41,0.0,0.0,-68.4,-68.7,0.0 (cmd 0.0),0.0 (cmd 0.0)
1.2355,-68.85,0.0,0.0,-68.53,0.0,0.0,-68.5,-68.8,0.0 (cmd 0.0),0.0 (cmd 0.0)
1.236,-69.15,0.0,0.0,-68.82,0.0,0.0,-68.8,-69.2,0.0 (cmd 0.0),0.0 (cmd 0.0)
1.2365,-69.61,0.0,0.0,-69.32,0.0,0.0,-69.3,-69.6,0.0 (cmd 0.0),0.0 (cmd 0.0)
1.237,-70.0,0.0,0.0,-69.78,0.0,0.0,-69.8,-70.0,0.0 (cmd 0.0),0.0 (cmd 0.0)
1.2375,-70.15,0.0,0.0,-70.22,0.0,0.0,-70.2,-70.2,0.0 (cmd 0.0),0.0 (cmd 0.0)
1.238,-70.17,0.0,0.0,-70.6,0.0,0.0,-70.6,-70.2,0.0 (cmd 0.0),0.0 (cmd 0.0)
1.2385,-70.22,0.0,0.0,-70.83,0.0,0.0,-70.8,-70.2,0.0 (cmd 0.0),0.0 (cmd 0.0)
1.239,-70.1,0.0,0.0,-70.83,0.0,0.0,-70.8,-70.1,0.0 (cmd 0.0),0.0 (cmd 0.0)
1.2395,-69.98,0.0,0.0,-70.55,0.0,0.0,-70.5,-70.0,0.0 (cmd 0.0),0.0 (cmd 0.0)
1.24,-69.83,0.0,0.0,-70.28,0.0,0.0,-70.3,-69.8,0.0 (cmd 0.0),0.0 (cmd 0.0)
1.2405,-69.52,0.0,0.0,-70.21,0.0,0.0,-70.2,-69.5,0.0 (cmd 0.0),0.0 (cmd 0.0)
1.241,-69.28,0.0,0.0,-70.01,0.0,0.0,-70.0,-69.3,0.0 (cmd 0.0),0.0 (cmd 0.0)
1.2415,-69.15,0.0,0.0,-69.88,0.0,0.0,-69.9,-69.2,0.0 (cmd 0.0),0.0 (cmd 0.0)
1.242,-69.08,0.0,0.0,-69.95,0.0,0.0,-70.0,-69.1,0.0 (cmd 0.0),0.0 (cmd 0.0)
1.2425,-69.05,0.0,0.0,-70.09,0.0,0.0,-70.1,-69.0,0.0 (cmd 0.0),0.0 (cmd 0.0)
1.243,-69.03,0.0,0.0,-70.08,0.0,0.0,-70.1,-69.0,0.0 (cmd 0.0),0.0 (cmd 0.0)
1.2435,-69.05,0.0,0.0,-70.07,0.0,0.0,-70.1,-69.0,0.0 (cmd 0.0),0.0 (cmd 0.0)
1.244,-69.09,0.0,0.0,-70.15,0.0,0.0,-70.2,-69.1,0.0 (cmd 0.0),0.0 (cmd 0.0)
1.2445,-69.11,0.0,0.0,-70.17,0.0,0.0,-70.2,-69.1,0.0 (cmd 0.0),0.0 (cmd 0.0)
1.245,-69.11,0.0,0.0,-70.14,0.0,0.0,-70.1,-69.1,0.0 (cmd 0.0),0.0 (cmd 0.0)
1.2455,-69.07,0.0,0.0,-70.09,0.0,0.0,-70.1,-69.1,0.0 (cmd 0.0),0.0 (cmd 0.0)
1.246,-69.03,0.0,0.0,-70.09,0.0,0.0,-70.1,-69.0,0.0 (cmd 0.0),0.0 (cmd 0.0)
1.2465,-68.98,0.0,0.0,-70.05,0.0,0.0,-70.0,-69.0,0.0 (cmd 0.0),0.0 (cmd 0.0)
1.247,-68.92,0.0,0.0,-70.0,0.0,0.0,-70.0,-68.9,0.0 (cmd 0.0),0.0 (cmd 0.0)
1.2475,-68.89,0.0,0.0,-70.01,0.0,0.0,-70.0,-68.9,0.0 (cmd 0.0),0.0 (cmd 0.0)
1.248,-68.92,0.0,0.0,-70.05,0.0,0.0,-70.0,-68.9,0.0 (cmd 0.0),0.0 (cmd 0.0)
1.2485,-68.93,0.0,0.0,-70.08,0.0,0.0,-70.1,-68.9,0.0 (cmd 0.0),0.0 (cmd 0.0)
1.249,-68.94,0.0,0.0,-70.11,0.0,0.0,-70.1,-68.9,0.0 (cmd 0.0),0.0 (cmd 0.0)
1.2495,-68.95,0.0,0.0,-70.18,0.0,0.0,-70.2,-69.0,0.0 (cmd 0.0),0.0 (cmd 0.0)
1.25,-68.99,0.0,0.0,-70.21,0.0,0.0,-70.2,-69.0,0.0 (cmd 0.0),0.0 (cmd 0.0)
1.2505,-69.05,0.0,0.0,-70.28,0.0,0.0,-70.3,-69.0,0.0 (cmd 0.0),0.0 (cmd 0.0)
1.251,-69.13,0.0,0.0,-70.41,0.0,0.0,-70.4,-69.1,0.0 (cmd 0.0),0.0 (cmd 0.0)
1.2515,-69.17,0.0,0.0,-70.54,0.0,0.0,-70.5,-69.2,0.0 (cmd 0.0),0.0 (cmd 0.0)
1.252,-69.18,0.0,0.0,-70.55,0.0,0.0,-70.5,-69.2,0.0 (cmd 0.0),0.0 (cmd 0.0)
1.2525,-69.13,0.0,0.0,-70.42,0.0,0.0,-70.4,-69.1,0.0 (cmd 0.0),0.0 (cmd 0.0)
1.253,-69.04,0.0,0.0,-70.35,0.0,0.0,-70.3,-69.0,0.0 (cmd 0.0),0.0 (cmd 0.0)
1.2535,-68.97,0.0,0.0,-70.31,0.0,0.0,-70.3,-69.0,0.0 (cmd 0.0),0.0 (cmd 0.0)
1.254,-68.91,0.0,0.0,-70.27,0.0,0.0,-70.3,-68.9,0.0 (cmd 0.0),0.0 (cmd 0.0)
1.2545,-68.89,0.0,0.0,-70.28,0.0,0.0,-70.3,-68.9,0.0 (cmd 0.0),0.0 (cmd 0.0)
1.255,-68.92,0.0,0.0,-70.33,0.0,0.0,-70.3,-68.9,0.0 (cmd 0.0),0.0 (cmd 0.0)
1.2555,-68.99,0.0,0.0,-70.32,0.0,0.0,-70.3,-69.0,0.0 (cmd 0.0),0.0 (cmd 0.0)
1.256,-69.03,0.0,0.0,-70.28,0.0,0.0,-70.3,-69.0,0.0 (cmd 0.0),0.0 (cmd 0.0)
1.2565,-69.04,0.0,0.0,-70.28,0.0,0.0,-70.3,-69.0,0.0 (cmd 0.0),0.0 (cmd 0.0)
1.257,-69.03,0.0,0.0,-70.31,0.0,0.0,-70.3,-69.0,0.0 (cmd 0.0),0.0 (cmd 0.0)
1.2575,-69.04,0.0,0.0,-70.41,0.0,0.0,-70.4,-69.0,0.0 (cmd 0.0),0.0 (cmd 0.0)
1.258,-69.02,0.0,0.0,-70.51,0.0,0.0,-70.5,-69.0,0.0 (cmd 0.0),0.0 (cmd 0.0)
1.2585,-69.02,0.0,0.0,-70.61,0.0,0.0,-70.6,-69.0,0.0 (cmd 0.0),0.0 (cmd 0.0)
1.259,-69.08,0.0,0.0,-70.73,0.0,0.0,-70.7,-69.1,0.0 (cmd 0.0),0.0 (cmd 0.0)
1.2595,-69.16,0.0,0.0,-70.77,0.0,0.0,-70.8,-69.2,0.0 (cmd 0.0),0.0 (cmd 0.0)
1.26,-69.2,0.0,0.0,-70.75,0.0,0.0,-70.8,-69.2,0.0 (cmd 0.0),0.0 (cmd 0.0)
1.2605,-69.21,0.0,0.0,-70.77,0.0,0.0,-70.8,-69.2,0.0 (cmd 0.0),0.0 (cmd 0.0)
1.261,-69.18,0.0,0.0,-70.86,0.0,0.0,-70.9,-69.2,0.0 (cmd 0.0),0.0 (cmd 0.0)
1.2615,-69.17,0.0,0.0,-70.93,0.0,0.0,-70.9,-69.2,0.0 (cmd 0.0),0.0 (cmd 0.0)
1.262,-69.2,0.0,0.0,-71.04,0.0,0.0,-71.0,-69.2,0.0 (cmd 0.0),0.0 (cmd 0.0)
1.2625,-69.25,0.0,0.0,-71.28,0.0,0.0,-71.3,-69.2,0.0 (cmd 0.0),0.0 (cmd 0.0)
1.263,-69.33,0.0,0.0,-71.56,0.0,0.0,-71.6,-69.3,0.0 (cmd 0.0),0.0 (cmd 0.0)
1.2635,-69.37,0.0,0.0,-71.82,0.0,0.0,-71.8,-69.4,0.0 (cmd 0.0),0.0 (cmd 0.0)
1.264,-69.39,0.0,0.0,-72.0,0.0,0.0,-72.0,-69.4,0.0 (cmd 0.0),0.0 (cmd 0.0)
1.2645,-69.44,0.0,0.0,-72.05,0.0,0.0,-72.0,-69.4,0.0 (cmd 0.0),0.0 (cmd 0.0)
1.265,-69.51,0.0,0.0,-71.99,0.0,0.0,-72.0,-69.5,0.0 (cmd 0.0),0.0 (cmd 0.0)
1.2655,-69.54,0.0,0.0,-72.01,0.0,0.0,-72.0,-69.5,0.0 (cmd 0.0),0.0 (cmd 0.0)
1.266,-69.57,0.0,0.0,-72.07,0.0,0.0,-72.1,-69.6,0.0 (cmd 0.0),0.0 (cmd 0.0)
1.2665,-69.55,0.0,0.0,-72.17,0.0,0.0,-72.2,-69.5,0.0 (cmd 0.0),0.0 (cmd 0.0)
1.267,-69.47,0.0,0.0,-72.17,0.0,0.0,-72.2,-69.5,0.0 (cmd 0.0),0.0 (cmd 0.0)
1.2675,-69.44,0.0,0.0,-72.14,0.0,0.0,-72.1,-69.4,0.0 (cmd 0.0),0.0 (cmd 0.0)
1.268,-69.4,0.0,0.0,-72.15,0.0,0.0,-72.2,-69.4,0.0 (cmd 0.0),0.0 (cmd 0.0)
1.2685,-69.37,0.0,0.0,-72.21,0.0,0.0,-72.2,-69.4,0.0 (cmd 0.0),0.0 (cmd 0.0)
1.269,-69.35,0.0,0.0,-72.24,0.0,0.0,-72.2,-69.3,0.0 (cmd 0.0),0.0 (cmd 0.0)
1.2695,-69.36,0.0,0.0,-72.26,0.0,0.0,-72.3,-69.4,0.0 (cmd 0.0),0.0 (cmd 0.0)
1.27,-69.36,0.0,0.0,-72.24,0.0,0.0,-72.2,-69.4,0.0 (cmd 0.0),0.0 (cmd 0.0)
1.2705,-69.32,0.0,0.0,-72.23,0.0,0.0,-72.2,-69.3,0.0 (cmd 0.0),0.0 (cmd 0.0)
1.271,-69.3,0.0,0.0,-72.23,0.0,0.0,-72.2,-69.3,0.0 (cmd 0.0),0.0 (cmd 0.0)
1.2715,-69.28,0.0,0.0,-72.23,0.0,0.0,-72.2,-69.3,0.0 (cmd 0.0),0.0 (cmd 0.0)
1.272,-69.27,0.0,0.0,-72.23,0.0,0.0,-72.2,-69.3,0.0 (cmd 0.0),0.0 (cmd 0.0)
1.2725,-69.27,0.0,0.0,-72.24,0.0,0.0,-72.2,-69.3,0.0 (cmd 0.0),0.0 (cmd 0.0)
1.273,-69.26,0.0,0.0,-72.26,0.0,0.0,-72.3,-69.3,0.0 (cmd 0.0),0.0 (cmd 0.0)
1.2735,-69.27,0.0,0.0,-72.28,0.0,0.0,-72.3,-69.3,0.0 (cmd 0.0),0.0 (cmd 0.0)
1.274,-69.27,0.0,0.0,-72.29,0.0,0.0,-72.3,-69.3,0.0 (cmd 0.0),0.0 (cmd 0.0)
1.2745,-69.27,0.0,0.0,-72.29,0.0,0.0,-72.3,-69.3,0.0 (cmd 0.0),0.0 (cmd 0.0)
1.275,-69.26,0.0,0.0,-72.29,0.0,0.0,-72.3,-69.3,0.0 (cmd 0.0),0.0 (cmd 0.0)
1.2755,-69.25,0.0,0.0,-72.29,0.0,0.0,-72.3,-69.2,0.0 (cmd 0.0),0.0 (cmd 0.0)
1.276,-69.24,0.0,0.0,-72.29,0.0,0.0,-72.3,-69.2,0.0 (cmd 0.0),0.0 (cmd 0.0)
1.2765,-69.23,0.0,0.0,-72.29,0.0,0.0,-72.3,-69.2,0.0 (cmd 0.0),0.0 (cmd 0.0)
1.277,-69.23,0.0,0.0,-72.29,0.0,0.0,-72.3,-69.2,0.0 (cmd 0.0),0.0 (cmd 0.0)
1.2775,-69.23,0.0,0.0,-72.29,0.0,0.0,-72.3,-69.2,0.0 (cmd 0.0),0.0 (cmd 0.0)
1.278,-69.23,0.0,0.0,-72.29,0.0,0.0,-72.3,-69.2,0.0 (cmd 0.0),0.0 (cmd 0.0)
1.2785,-69.23,0.0,0.0,-72.29,0.0,0.0,-72.3,-69.2,0.0 (cmd 0.0),0.0 (cmd 0.0)
1.279,-69.23,0.0,0.0,-72.3,0.0,0.0,-72.3,-69.2,0.0 (cmd 0.0),0.0 (cmd 0.0)
1.2795,-69.22,0.0,0.0,-72.31,0.0,0.0,-72.3,-69.2,0.0 (cmd 0.0),0.0 (cmd 0.0)
1.28,-69.22,0.0,0.0,-72.31,0.0,0.0,-72.3,-69.2,0.0 (cmd 0.0),0.0 (cmd 0.0)
1.2805,-69.22,0.0,0.0,-72.31,0.0,0.0,-72.3,-69.2,0.0 (cmd 0.0),0.0 (cmd 0.0)
1.281,-69.22,0.0,0.0,-72.32,0.0,0.0,-72.3,-69.2,0.0 (cmd 0.0),0.0 (cmd 0.0)
1.2815,-69.22,0.0,0.0,-72.32,0.0,0.0,-72.3,-69.2,0.0 (cmd 0.0),0.0 (cmd 0.0)
1.282,-69.22,0.0,0.0,-72.32,0.0,0.0,-72.3,-69.2,0.0 (cmd 0.0),0.0 (cmd 0.0)
1.2825,-69.22,0.0,0.0,-72.33,0.0,0.0,-72.3,-69.2,0.0 (cmd 0.0),0.0 (cmd 0.0)
1.283,-69.22,0.0,0.0,-72.33,0.0,0.0,-72.3,-69.2,0.0 (cmd 0.0),0.0 (cmd 0.0)
1.2835,-69.22,0.0,0.0,-72.33,0.0,0.0,-72.3,-69.2,0.0 (cmd 0.0),0.0 (cmd 0.0)
1.284,-69.22,0.0,0.0,-72.33,0.0,0.0,-72.3,-69.2,0.0 (cmd 0.0),0.0 (cmd 0.0)
1.2845,-69.21,0.0,0.0,-72.33,0.0,0.0,-72.3,-69.2,0.0 (cmd 0.0),0.0 (cmd 0.0)
1.285,-69.21,0.0,0.0,-72.33,0.0,0.0,-72.3,-69.2,0.0 (cmd 0.0),0.0 (cmd 0.0)
1.2855,-69.21,0.0,0.0,-72.33,0.0,0.0,-72.3,-69.2,0.0 (cmd 0.0),0.0 (cmd 0.0)
1.286,-69.21,0.0,0.0,-72.33,0.0,0.0,-72.3,-69.2,0.0 (cmd 0.0),0.0 (cmd 0.0)
1.2865,-69.21,0.0,0.0,-72.33,0.0,0.0,-72.3,-69.2,0.0 (cmd 0.0),0.0 (cmd 0.0)
1.287,-69.21,0.0,0.0,-72.34,0.0,0.0,-72.3,-69.2,0.0 (cmd 0.0),0.0 (cmd 0.0)
1.2875,-69.21,0.0,0.0,-72.34,0.0,0.0,-72.3,-69.2,0.0 (cmd 0.0),0.0 (cmd 0.0)
1.288,-69.21,0.0,0.0,-72.34,0.0,0.0,-72.3,-69.2,0.0 (cmd 0.0),0.0 (cmd 0.0)
1.2885,-69.21,0.0,0.0,-72.34,0.0,0.0,-72.3,-69.2,0.0 (cmd 0.0),0.0 (cmd 0.0)
1.289,-69.21,0.0,0.0,-72.34,0.0,0.0,-72.3,-69.2,0.0 (cmd 0.0),0.0 (cmd 0.0)
1.2895,-69.21,0.0,0.0,-72.34,0.0,0.0,-72.3,-69.2,0.0 (cmd 0.0),0.0 (cmd 0.0)
1.29,-69.21,0.0,0.0,-72.34,0.0,0.0,-72.3,-69.2,0.0 (cmd 0.0),0.0 (cmd 0.0)
1.2905,-69.21,0.0,0.0,-72.34,0.0,0.0,-72.3,-69.2,0.0 (cmd 0.0),0.0 (cmd 0.0)
1.291,-69.21,0.0,0.0,-72.34,0.0,0.0,-72.3,-69.2,0.0 (cmd 0.0),0.0 (cmd 0.0)
1.2915,-69.21,0.0,0.0,-72.34,0.0,0.0,-72.3,-69.2,0.0 (cmd 0.0),0.0 (cmd 0.0)
1.292,-69.21,0.0,0.0,-72.33,0.0,0.0,-72.3,-69.2,0.0 (cmd 0.0),0.0 (cmd 0.0)
1.2925,-69.21,0.0,0.0,-72.33,0.0,0.0,-72.3,-69.2,0.0 (cmd 0.0),0.0 (cmd 0.0)
1.293,-69.21,0.0,0.0,-72.33,0.0,0.0,-72.3,-69.2,0.0 (cmd 0.0),0.0 (cmd 0.0)
1.2935,-69.21,0.0,0.0,-72.33,0.0,0.0,-72.3,-69.2,0.0 (cmd 0.0),0.0 (cmd 0.0)
1.294,-69.21,0.0,0.0,-72.33,0.0,0.0,-72.3,-69.2,0.0 (cmd 0.0),0.0 (cmd 0.0)
1.2945,-69.21,0.0,0.0,-72.33,0.0,0.0,-72.3,-69.2,0.0 (cmd 0.0),0.0 (cmd 0.0)
1.295,-69.21,0.0,0.0,-72.33,0.0,0.0,-72.3,-69.2,0.0 (cmd 0.0),0.0 (cmd 0.0)
1.2955,-69.21,0.0,0.0,-72.33,0.0,0.0,-72.3,-69.2,0.0 (cmd 0.0),0.0 (cmd 0.0)
1.296,-69.21,0.0,0.0,-72.33,0.0,0.0,-72.3,-69.2,0.0 (cmd 0.0),0.0 (cmd 0.0)
1.2965,-69.21,0.0,0.0,-72.33,0.0,0.0,-72.3,-69.2,0.0 (cmd 0.0),0.0 (cmd 0.0)
1.297,-69.21,0.0,0.0,-72.33,0.0,0.0,-72.3,-69.2,0.0 (cmd 0.0),0.0 (cmd 0.0)
1.2975,-69.21,0.0,0.0,-72.33,0.0,0.0,-72.3,-69.2,0.0 (cmd 0.0),0.0 (cmd 0.0)
1.298,-69.21,0.0,0.0,-72.33,0.0,0.0,-72.3,-69.2,0.0 (cmd 0.0),0.0 (cmd 0.0)
1.2985,-69.21,0.0,0.0,-72.33,0.0,0.0,-72.3,-69.2,0.0 (cmd 0.0),0.0 (cmd 0.0)
1.299,-69.21,0.0,0.0,-72.33,0.0,0.0,-72.3,-69.2,0.0 (cmd 0.0),0.0 (cmd 0.0)
1.2995,-69.21,0.0,0.0,-72.33,0.0,0.0,-72.3,-69.2,0.0 (cmd 0.0),0.0 (cmd 0.0)
1.3,-69.21,0.0,0.0,-72.33,0.0,0.0,-72.3,-69.2,0.0 (cmd 0.0),0.0 (cmd 0.0)
1.3005,-69.21,0.0,0.0,-72.33,0.0,0.0,-72.3,-69.2,0.0 (cmd 0.0),0.0 (cmd 0.0)
1.301,-69.21,0.0,0.0,-72.33,0.0,0.0,-72.3,-69.2,0.0 (cmd 0.0),0.0 (cmd 0.0)
1.3015,-69.21,0.0,0.0,-72.33,0.0,0.0,-72.3,-69.2,0.0 (cmd 0.0),0.0 (cmd 0.0)
1.302,-69.21,0.0,0.0,-72.33,0.0,0.0,-72.3,-69.2,0.0 (cmd 0.0),0.0 (cmd 0.0)
1.3025,-69.21,0.0,0.0,-72.33,0.0,0.0,-72.3,-69.2,0.0 (cmd 0.0),0.0 (cmd 0.0)
1.303,-69.21,0.0,0.0,-72.33,0.0,0.0,-72.3,-69.2,0.0 (cmd 0.0),0.0 (cmd 0.0)
1.3035,-69.21,0.0,0.0,-72.33,0.0,0.0,-72.3,-69.2,0.0 (cmd 0.0),0.0 (cmd 0.0)
1.304,-69.21,0.0,0.0,-72.33,0.0,0.0,-72.3,-69.2,0.0 (cmd 0.0),0.0 (cmd 0.0)
1.3045,-69.21,0.0,0.0,-72.33,0.0,0.0,-72.3,-69.2,0.0 (cmd 0.0),0.0 (cmd 0.0)
1.305,-69.21,0.0,0.0,-72.34,0.0,0.0,-72.3,-69.2,0.0 (cmd 0.0),0.0 (cmd 0.0)
1.3055,-69.21,0.0,0.0,-72.34,0.0,0.0,-72.3,-69.2,0.0 (cmd 0.0),0.0 (cmd 0.0)
1.306,-69.21,0.0,0.0,-72.34,0.0,0.0,-72.3,-69.2,0.0 (cmd 0.0),0.0 (cmd 0.0)
1.3065,-69.21,0.0,0.0,-72.34,0.0,0.0,-72.3,-69.2,0.0 (cmd 0.0),0.0 (cmd 0.0)
1.307,-69.21,0.0,0.0,-72.34,0.0,0.0,-72.3,-69.2,0.0 (cmd 0.0),0.0 (cmd 0.0)
1.3075,-69.21,0.0,0.0,-72.34,0.0,0.0,-72.3,-69.2,0.0 (cmd 0.0),0.0 (cmd 0.0)
1.308,-69.21,0.0,0.0,-72.34,0.0,0.0,-72.3,-69.2,0.0 (cmd 0.0),0.0 (cmd 0.0)
1.3085,-69.21,0.0,0.0,-72.34,0.0,0.0,-72.3,-69.2,0.0 (cmd 0.0),0.0 (cmd 0.0)
1.309,-69.21,0.0,0.0,-72.34,0.0,0.0,-72.3,-69.2,0.0 (cmd 0.0),0.0 (cmd 0.0)
1.3095,-69.22,0.0,0.0,-72.34,0.0,0.0,-72.3,-69.2,0.0 (cmd 0.0),0.0 (cmd 0.0)
1.31,-69.22,0.0,0.0,-72.34,0.0,0.0,-72.3,-69.2,0.0 (cmd 0.0),0.0 (cmd 0.0)
1.3105,-69.22,0.0,0.0,-72.34,0.0,0.0,-72.3,-69.2,0.0 (cmd 0.0),0.0 (cmd 0.0)
1.311,-69.22,0.0,0.0,-72.35,0.0,0.0,-72.3,-69.2,0.0 (cmd 0.0),0.0 (cmd 0.0)
1.3115,-69.22,0.0,0.0,-72.35,0.0,0.0,-72.3,-69.2,0.0 (cmd 0.0),0.0 (cmd 0.0)
1.312,-69.22,0.0,0.0,-72.35,0.0,0.0,-72.3,-69.2,0.0 (cmd 0.0),0.0 (cmd 0.0)
1.3125,-69.22,0.0,0.0,-72.35,0.0,0.0,-72.3,-69.2,0.0 (cmd 0.0),0.0 (cmd 0.0)
1.313,-69.22,0.0,0.0,-72.35,0.0,0.0,-72.3,-69.2,0.0 (cmd 0.0),0.0 (cmd 0.0)
1.3135,-69.22,0.0,0.0,-72.35,0.0,0.0,-72.3,-69.2,0.0 (cmd 0.0),0.0 (cmd 0.0)
1.314,-69.22,0.0,0.0,-72.35,0.0,0.0,-72.3,-69.2,0.0 (cmd 0.0),0.0 (cmd 0.0)
1.3145,-69.22,0.0,0.0,-72.35,0.0,0.0,-72.3,-69.2,0.0 (cmd 0.0),0.0 (cmd 0.0)
1.315,-69.22,0.0,0.0,-72.34,0.0,0.0,-72.3,-69.2,0.0 (cmd 0.0),0.0 (cmd 0.0)
1.3155,-69.22,0.0,0.0,-72.34,0.0,0.0,-72.3,-69.2,0.0 (cmd 0.0),0.0 (cmd 0.0)
1.316,-69.22,0.0,0.0,-72.34,0.0,0.0,-72.3,-69.2,0.0 (cmd 0.0),0.0 (cmd 0.0)
1.3165,-69.21,0.0,0.0,-72.34,0.0,0.0,-72.3,-69.2,0.0 (cmd 0.0),0.0 (cmd 0.0)
1.317,-69.21,0.0,0.0,-72.34,0.0,0.0,-72.3,-69.2,0.0 (cmd 0.0),0.0 (cmd 0.0)
1.3175,-69.21,0.0,0.0,-72.34,0.0,0.0,-72.3,-69.2,0.0 (cmd 0.0),0.0 (cmd 0.0)
1.318,-69.21,0.0,0.0,-72.34,0.0,0.0,-72.3,-69.2,0.0 (cmd 0.0),0.0 (cmd 0.0)
1.3185,-69.21,0.0,0.0,-72.34,0.0,0.0,-72.3,-69.2,0.0 (cmd 0.0),0.0 (cmd 0.0)
1.319,-69.18,0.0,0.0,-72.33,0.0,0.0,-72.3,-69.2,0.0 (cmd 0.0),0.0 (cmd 0.0)
1.3195,-69.16,0.0,0.0,-72.33,0.0,0.0,-72.3,-69.2,0.0 (cmd 0.0),0.0 (cmd 0.0)
1.32,-69.19,0.0,0.0,-72.36,0.0,0.0,-72.4,-69.2,0.0 (cmd 0.0),0.0 (cmd 0.0)
1.3205,-69.25,0.0,0.0,-72.38,0.0,0.0,-72.4,-69.2,0.0 (cmd 0.0),0.0 (cmd 0.0)
1.321,-69.3,0.0,0.0,-72.42,0.0,0.0,-72.4,-69.3,0.0 (cmd 0.0),0.0 (cmd 0.0)
1.3215,-69.32,0.0,0.0,-72.43,0.0,0.0,-72.4,-69.3,0.0 (cmd 0.0),0.0 (cmd 0.0)
1.322,-69.33,0.0,0.0,-72.42,0.0,0.0,-72.4,-69.3,0.0 (cmd 0.0),0.0 (cmd 0.0)
1.3225,-69.32,0.0,0.0,-72.4,0.0,0.0,-72.4,-69.3,0.0 (cmd 0.0),0.0 (cmd 0.0)
1.323,-69.32,0.0,0.0,-72.37,0.0,0.0,-72.4,-69.3,0.0 (cmd 0.0),0.0 (cmd 0.0)
1.3235,-69.3,0.0,0.0,-72.36,0.0,0.0,-72.4,-69.3,0.0 (cmd 0.0),0.0 (cmd 0.0)
1.324,-69.29,0.0,0.0,-72.38,0.0,0.0,-72.4,-69.3,0.0 (cmd 0.0),0.0 (cmd 0.0)
1.3245,-69.24,0.0,0.0,-72.39,0.0,0.0,-72.4,-69.2,0.0 (cmd 0.0),0.0 (cmd 0.0)
1.325,-69.29,0.0,0.0,-72.32,0.0,0.0,-72.3,-69.3,0.0 (cmd 0.0),0.0 (cmd 0.0)
1.3255,-69.35,0.0,0.0,-72.23,0.0,0.0,-72.2,-69.3,0.0 (cmd 0.0),0.0 (cmd 0.0)
1.326,-69.39,0.0,0.0,-72.17,0.0,0.0,-72.2,-69.4,0.0 (cmd 0.0),0.0 (cmd 0.0)
1.3265,-69.39,0.0,0.0,-72.14,0.0,0.0,-72.1,-69.4,0.0 (cmd 0.0),0.0 (cmd 0.0)
1.327,-69.37,0.0,0.0,-71.99,0.0,0.0,-72.0,-69.4,0.0 (cmd 0.0),0.0 (cmd 0.0)
1.3275,-69.33,0.0,0.0,-71.84,0.0,0.0,-71.8,-69.3,0.0 (cmd 0.0),0.0 (cmd 0.0)
1.328,-69.27,0.0,0.0,-71.68,0.0,0.0,-71.7,-69.3,0.0 (cmd 0.0),0.0 (cmd 0.0)
1.3285,-69.22,0.0,0.0,-71.51,0.0,0.0,-71.5,-69.2,0.0 (cmd 0.0),0.0 (cmd 0.0)
1.329,-69.17,0.0,0.0,-71.44,0.0,0.0,-71.4,-69.2,0.0 (cmd 0.0),0.0 (cmd 0.0)
1.3295,-69.13,0.0,0.0,-71.38,0.0,0.0,-71.4,-69.1,0.0 (cmd 0.0),0.0 (cmd 0.0)
1.33,-69.1,0.0,0.0,-71.31,0.0,0.0,-71.3,-69.1,0.0 (cmd 0.0),0.0 (cmd 0.0)
1.3305,-69.09,0.0,0.0,-71.24,0.0,0.0,-71.2,-69.1,0.0 (cmd 0.0),0.0 (cmd 0.0)
1.331,-69.1,0.0,0.0,-71.23,0.0,0.0,-71.2,-69.1,0.0 (cmd 0.0),0.0 (cmd 0.0)
1.3315,-69.12,0.0,0.0,-71.23,0.0,0.0,-71.2,-69.1,0.0 (cmd 0.0),0.0 (cmd 0.0)
1.332,-69.15,0.0,0.0,-71.21,0.0,0.0,-71.2,-69.2,0.0 (cmd 0.0),0.0 (cmd 0.0)
1.3325,-69.16,0.0,0.0,-71.23,0.0,0.0,-71.2,-69.2,0.0 (cmd 0.0),0.0 (cmd 0.0)
1.333,-69.18,0.0,0.0,-71.25,0.0,0.0,-71.2,-69.2,0.0 (cmd 0.0),0.0 (cmd 0.0)
1.3335,-69.21,0.0,0.0,-71.29,0.0,0.0,-71.3,-69.2,0.0 (cmd 0.0),0.0 (cmd 0.0)
1.334,-69.26,0.0,0.0,-71.32,0.0,0.0,-71.3,-69.3,0.0 (cmd 0.0),0.0 (cmd 0.0)
1.3345,-69.28,0.0,0.0,-71.31,0.0,0.0,-71.3,-69.3,0.0 (cmd 0.0),0.0 (cmd 0.0)
1.335,-69.29,0.0,0.0,-71.29,0.0,0.0,-71.3,-69.3,0.0 (cmd 0.0),0.0 (cmd 0.0)
1.3355,-69.23,0.0,0.0,-71.25,0.0,0.0,-71.2,-69.2,0.0 (cmd 0.0),0.0 (cmd 0.0)
1.336,-69.2,0.0,0.0,-71.18,0.0,0.0,-71.2,-69.2,0.0 (cmd 0.0),0.0 (cmd 0.0)
1.3365,-69.13,0.0,0.0,-71.15,0.0,0.0,-71.2,-69.1,0.0 (cmd 0.0),0.0 (cmd 0.0)
1.337,-69.06,0.0,0.0,-71.06,0.0,0.0,-71.1,-69.1,0.0 (cmd 0.0),0.0 (cmd 0.0)
1.3375,-69.0,0.0,0.0,-70.99,0.0,0.0,-71.0,-69.0,0.0 (cmd 0.0),0.0 (cmd 0.0)
1.338,-68.92,0.0,0.0,-70.89,0.0,0.0,-70.9,-68.9,0.0 (cmd 0.0),0.0 (cmd 0.0)
1.3385,-68.83,0.0,0.0,-70.81,0.0,0.0,-70.8,-68.8,0.0 (cmd 0.0),0.0 (cmd 0.0)
1.339,-68.74,0.0,0.0,-70.76,0.0,0.0,-70.8,-68.7,0.0 (cmd 0.0),0.0 (cmd 0.0)
1.3395,-68.71,0.0,0.0,-70.78,0.0,0.0,-70.8,-68.7,0.0 (cmd 0.0),0.0 (cmd 0.0)
1.34,-68.71,0.0,0.0,-70.82,0.0,0.0,-70.8,-68.7,0.0 (cmd 0.0),0.0 (cmd 0.0)
1.3405,-68.76,0.0,0.0,-70.86,0.0,0.0,-70.9,-68.8,0.0 (cmd 0.0),0.0 (cmd 0.0)
1.341,-68.81,0.0,0.0,-70.89,0.0,0.0,-70.9,-68.8,0.0 (cmd 0.0),0.0 (cmd 0.0)
1.3415,-68.85,0.0,0.0,-70.93,0.0,0.0,-70.9,-68.8,0.0 (cmd 0.0),0.0 (cmd 0.0)
1.342,-68.88,0.0,0.0,-70.97,0.0,0.0,-71.0,-68.9,0.0 (cmd 0.0),0.0 (cmd 0.0)
1.3425,-68.88,0.0,0.0,-70.99,0.0,0.0,-71.0,-68.9,0.0 (cmd 0.0),0.0 (cmd 0.0)
1.343,-68.88,0.0,0.0,-71.01,0.0,0.0,-71.0,-68.9,0.0 (cmd 0.0),0.0 (cmd 0.0)
1.3435,-68.89,0.0,0.0,-71.03,0.0,0.0,-71.0,-68.9,0.0 (cmd 0.0),0.0 (cmd 0.0)
1.344,-68.9,0.0,0.0,-71.04,0.0,0.0,-71.0,-68.9,0.0 (cmd 0.0),0.0 (cmd 0.0)
1.3445,-68.92,0.0,0.0,-71.06,0.0,0.0,-71.1,-68.9,0.0 (cmd 0.0),0.0 (cmd 0.0)
1.345,-68.93,0.0,0.0,-71.07,0.0,0.0,-71.1,-68.9,0.0 (cmd 0.0),0.0 (cmd 0.0)
1.3455,-68.93,0.0,0.0,-71.08,0.0,0.0,-71.1,-68.9,0.0 (cmd 0.0),0.0 (cmd 0.0)
1.346,-68.94,0.0,0.0,-71.07,0.0,0.0,-71.1,-68.9,0.0 (cmd 0.0),0.0 (cmd 0.0)
1.3465,-68.94,0.0,0.0,-71.06,0.0,0.0,-71.1,-68.9,0.0 (cmd 0.0),0.0 (cmd 0.0)
1.347,-68.94,0.0,0.0,-71.05,0.0,0.0,-71.0,-68.9,0.0 (cmd 0.0),0.0 (cmd 0.0)
1.3475,-68.94,0.0,0.0,-71.04,0.0,0.0,-71.0,-68.9,0.0 (cmd 0.0),0.0 (cmd 0.0)
1.348,-68.94,0.0,0.0,-71.04,0.0,0.0,-71.0,-68.9,0.0 (cmd 0.0),0.0 (cmd 0.0)
1.3485,-68.93,0.0,0.0,-71.03,0.0,0.0,-71.0,-68.9,0.0 (cmd 0.0),0.0 (cmd 0.0)
1.349,-68.93,0.0,0.0,-71.03,0.0,0.0,-71.0,-68.9,0.0 (cmd 0.0),0.0 (cmd 0.0)
1.3495,-68.93,0.0,0.0,-71.02,0.0,0.0,-71.0,-68.9,0.0 (cmd 0.0),0.0 (cmd 0.0)
1.35,-68.92,0.0,0.0,-71.01,0.0,0.0,-71.0,-68.9,0.0 (cmd 0.0),0.0 (cmd 0.0)
1.3505,-68.92,0.0,0.0,-71.01,0.0,0.0,-71.0,-68.9,0.0 (cmd 0.0),0.0 (cmd 0.0)
1.351,-68.92,0.0,0.0,-71.01,0.0,0.0,-71.0,-68.9,0.0 (cmd 0.0),0.0 (cmd 0.0)
1.3515,-68.91,0.0,0.0,-71.01,0.0,0.0,-71.0,-68.9,0.0 (cmd 0.0),0.0 (cmd 0.0)
1.352,-68.91,0.0,0.0,-71.01,0.0,0.0,-71.0,-68.9,0.0 (cmd 0.0),0.0 (cmd 0.0)
1.3525,-68.91,0.0,0.0,-71.01,0.0,0.0,-71.0,-68.9,0.0 (cmd 0.0),0.0 (cmd 0.0)
1.353,-68.9,0.0,0.0,-71.0,0.0,0.0,-71.0,-68.9,0.0 (cmd 0.0),0.0 (cmd 0.0)
1.3535,-68.9,0.0,0.0,-71.01,0.0,0.0,-71.0,-68.9,0.0 (cmd 0.0),0.0 (cmd 0.0)
1.354,-68.9,0.0,0.0,-71.01,0.0,0.0,-71.0,-68.9,0.0 (cmd 0.0),0.0 (cmd 0.0)
1.3545,-68.9,0.0,0.0,-71.01,0.0,0.0,-71.0,-68.9,0.0 (cmd 0.0),0.0 (cmd 0.0)
1.355,-68.9,0.0,0.0,-71.01,0.0,0.0,-71.0,-68.9,0.0 (cmd 0.0),0.0 (cmd 0.0)
1.3555,-68.9,0.0,0.0,-71.01,0.0,0.0,-71.0,-68.9,0.0 (cmd 0.0),0.0 (cmd 0.0)
1.356,-68.89,0.0,0.0,-71.01,0.0,0.0,-71.0,-68.9,0.0 (cmd 0.0),0.0 (cmd 0.0)
1.3565,-68.89,0.0,0.0,-71.01,0.0,0.0,-71.0,-68.9,0.0 (cmd 0.0),0.0 (cmd 0.0)
1.357,-68.89,0.0,0.0,-71.01,0.0,0.0,-71.0,-68.9,0.0 (cmd 0.0),0.0 (cmd 0.0)
1.3575,-68.89,0.0,0.0,-71.01,0.0,0.0,-71.0,-68.9,0.0 (cmd 0.0),0.0 (cmd 0.0)
1.358,-68.89,0.0,0.0,-71.02,0.0,0.0,-71.0,-68.9,0.0 (cmd 0.0),0.0 (cmd 0.0)
1.3585,-68.89,0.0,0.0,-71.02,0.0,0.0,-71.0,-68.9,0.0 (cmd 0.0),0.0 (cmd 0.0)
1.359,-68.89,0.0,0.0,-71.02,0.0,0.0,-71.0,-68.9,0.0 (cmd 0.0),0.0 (cmd 0.0)
1.3595,-68.89,0.0,0.0,-71.03,0.0,0.0,-71.0,-68.9,0.0 (cmd 0.0),0.0 (cmd 0.0)
1.36,-68.89,0.0,0.0,-71.03,0.0,0.0,-71.0,-68.9,0.0 (cmd 0.0),0.0 (cmd 0.0)
1.3605,-68.88,0.0,0.0,-71.03,0.0,0.0,-71.0,-68.9,0.0 (cmd 0.0),0.0 (cmd 0.0)
1.361,-68.88,0.0,0.0,-71.03,0.0,0.0,-71.0,-68.9,0.0 (cmd 0.0),0.0 (cmd 0.0)
1.3615,-68.88,0.0,0.0,-71.03,0.0,0.0,-71.0,-68.9,0.0 (cmd 0.0),0.0 (cmd 0.0)
1.362,-68.88,0.0,0.0,-71.03,0.0,0.0,-71.0,-68.9,0.0 (cmd 0.0),0.0 (cmd 0.0)
1.3625,-68.88,0.0,0.0,-71.04,0.0,0.0,-71.0,-68.9,0.0 (cmd 0.0),0.0 (cmd 0.0)
1.363,-68.88,0.0,0.0,-71.04,0.0,0.0,-71.0,-68.9,0.0 (cmd 0.0),0.0 (cmd 0.0)
1.3635,-68.88,0.0,0.0,-71.04,0.0,0.0,-71.0,-68.9,0.0 (cmd 0.0),0.0 (cmd 0.0)
1.364,-68.88,0.0,0.0,-71.04,0.0,0.0,-71.0,-68.9,0.0 (cmd 0.0),0.0 (cmd 0.0)
1.3645,-68.88,0.0,0.0,-71.05,0.0,0.0,-71.0,-68.9,0.0 (cmd 0.0),0.0 (cmd 0.0)
1.365,-68.88,0.0,0.0,-71.05,0.0,0.0,-71.0,-68.9,0.0 (cmd 0.0),0.0 (cmd 0.0)
1.3655,-68.88,0.0,0.0,-71.05,0.0,0.0,-71.0,-68.9,0.0 (cmd 0.0),0.0 (cmd 0.0)
1.366,-68.88,0.0,0.0,-71.05,0.0,0.0,-71.0,-68.9,0.0 (cmd 0.0),0.0 (cmd 0.0)
1.3665,-68.88,0.0,0.0,-71.05,0.0,0.0,-71.0,-68.9,0.0 (cmd 0.0),0.0 (cmd 0.0)
1.367,-68.88,0.0,0.0,-71.05,0.0,0.0,-71.0,-68.9,0.0 (cmd 0.0),0.0 (cmd 0.0)
1.3675,-68.88,0.0,0.0,-71.05,0.0,0.0,-71.0,-68.9,0.0 (cmd 0.0),0.0 (cmd 0.0)
1.368,-68.88,0.0,0.0,-71.05,0.0,0.0,-71.0,-68.9,0.0 (cmd 0.0),0.0 (cmd 0.0)
1.3685,-68.88,0.0,0.0,-71.06,0.0,0.0,-71.1,-68.9,0.0 (cmd 0.0),0.0 (cmd 0.0)
1.369,-68.88,0.0,0.0,-71.06,0.0,0.0,-71.1,-68.9,0.0 (cmd 0.0),0.0 (cmd 0.0)
1.3695,-68.88,0.0,0.0,-71.06,0.0,0.0,-71.1,-68.9,0.0 (cmd 0.0),0.0 (cmd 0.0)
1.37,-68.88,0.0,0.0,-71.06,0.0,0.0,-71.1,-68.9,0.0 (cmd 0.0),0.0 (cmd 0.0)
1.3705,-68.88,0.0,0.0,-71.06,0.0,0.0,-71.1,-68.9,0.0 (cmd 0.0),0.0 (cmd 0.0)
1.371,-68.88,0.0,0.0,-71.06,0.0,0.0,-71.1,-68.9,0.0 (cmd 0.0),0.0 (cmd 0.0)
1.3715,-68.87,0.0,0.0,-71.06,0.0,0.0,-71.1,-68.9,0.0 (cmd 0.0),0.0 (cmd 0.0)
1.372,-68.87,0.0,0.0,-71.06,0.0,0.0,-71.1,-68.9,0.0 (cmd 0.0),0.0 (cmd 0.0)
1.3725,-68.87,0.0,0.0,-71.06,0.0,0.0,-71.1,-68.9,0.0 (cmd 0.0),0.0 (cmd 0.0)
1.373,-68.87,0.0,0.0,-71.06,0.0,0.0,-71.1,-68.9,0.0 (cmd 0.0),0.0 (cmd 0.0)
1.3735,-68.87,0.0,0.0,-71.06,0.0,0.0,-71.1,-68.9,0.0 (cmd 0.0),0.0 (cmd 0.0)
1.374,-68.87,0.0,0.0,-71.06,0.0,0.0,-71.1,-68.9,0.0 (cmd 0.0),0.0 (cmd 0.0)
1.3745,-68.87,0.0,0.0,-71.06,0.0,0.0,-71.1,-68.9,0.0 (cmd 0.0),0.0 (cmd 0.0)
1.375,-68.87,0.0,0.0,-71.06,0.0,0.0,-71.1,-68.9,0.0 (cmd 0.0),0.0 (cmd 0.0)
1.3755,-68.87,0.0,0.0,-71.06,0.0,0.0,-71.1,-68.9,0.0 (cmd 0.0),0.0 (cmd 0.0)
1.376,-68.87,0.0,0.0,-71.06,0.0,0.0,-71.1,-68.9,0.0 (cmd 0.0),0.0 (cmd 0.0)
1.3765,-68.87,0.0,0.0,-71.06,0.0,0.0,-71.1,-68.9,0.0 (cmd 0.0),0.0 (cmd 0.0)
1.377,-68.87,0.0,0.0,-71.06,0.0,0.0,-71.1,-68.9,0.0 (cmd 0.0),0.0 (cmd 0.0)
1.3775,-68.87,0.0,0.0,-71.06,0.0,0.0,-71.1,-68.9,0.0 (cmd 0.0),0.0 (cmd 0.0)
1.378,-68.87,0.0,0.0,-71.07,0.0,0.0,-71.1,-68.9,0.0 (cmd 0.0),0.0 (cmd 0.0)
1.3785,-68.87,0.0,0.0,-71.07,0.0,0.0,-71.1,-68.9,0.0 (cmd 0.0),0.0 (cmd 0.0)
1.379,-68.87,0.0,0.0,-71.07,0.0,0.0,-71.1,-68.9,0.0 (cmd 0.0),0.0 (cmd 0.0)
1.3795,-68.87,0.0,0.0,-71.07,0.0,0.0,-71.1,-68.9,0.0 (cmd 0.0),0.0 (cmd 0.0)
1.38,-68.87,0.0,0.0,-71.07,0.0,0.0,-71.1,-68.9,0.0 (cmd 0.0),0.0 (cmd 0.0)
1.3805,-68.87,0.0,0.0,-71.07,0.0,0.0,-71.1,-68.9,0.0 (cmd 0.0),0.0 (cmd 0.0)
1.381,-68.87,0.0,0.0,-71.07,0.0,0.0,-71.1,-68.9,0.0 (cmd 0.0),0.0 (cmd 0.0)
1.3815,-68.87,0.0,0.0,-71.07,0.0,0.0,-71.1,-68.9,0.0 (cmd 0.0),0.0 (cmd 0.0)
1.382,-68.87,0.0,0.0,-71.07,0.0,0.0,-71.1,-68.9,0.0 (cmd 0.0),0.0 (cmd 0.0)
1.3825,-68.87,0.0,0.0,-71.07,0.0,0.0,-71.1,-68.9,0.0 (cmd 0.0),0.0 (cmd 0.0)
1.383,-68.87,0.0,0.0,-71.07,0.0,0.0,-71.1,-68.9,0.0 (cmd 0.0),0.0 (cmd 0.0)
1.3835,-68.87,0.0,0.0,-71.07,0.0,0.0,-71.1,-68.9,0.0 (cmd 0.0),0.0 (cmd 0.0)
1.384,-68.87,0.0,0.0,-71.08,0.0,0.0,-71.1,-68.9,0.0 (cmd 0.0),0.0 (cmd 0.0)
1.3845,-68.87,0.0,0.0,-71.08,0.0,0.0,-71.1,-68.9,0.0 (cmd 0.0),0.0 (cmd 0.0)
1.385,-68.87,0.0,0.0,-71.08,0.0,0.0,-71.1,-68.9,0.0 (cmd 0.0),0.0 (cmd 0.0)
1.3855,-68.87,0.0,0.0,-71.08,0.0,0.0,-71.1,-68.9,0.0 (cmd 0.0),0.0 (cmd 0.0)
1.386,-68.87,0.0,0.0,-71.08,0.0,0.0,-71.1,-68.9,0.0 (cmd 0.0),0.0 (cmd 0.0)
1.3865,-68.87,0.0,0.0,-71.08,0.0,0.0,-71.1,-68.9,0.0 (cmd 0.0),0.0 (cmd 0.0)
1.387,-68.87,0.0,0.0,-71.08,0.0,0.0,-71.1,-68.9,0.0 (cmd 0.0),0.0 (cmd 0.0)
1.3875,-68.87,0.0,0.0,-71.09,0.0,0.0,-71.1,-68.9,0.0 (cmd 0.0),0.0 (cmd 0.0)
1.388,-68.87,0.0,0.0,-71.09,0.0,0.0,-71.1,-68.9,0.0 (cmd 0.0),0.0 (cmd 0.0)
1.3885,-68.87,0.0,0.0,-71.09,0.0,0.0,-71.1,-68.9,0.0 (cmd 0.0),0.0 (cmd 0.0)
1.389,-68.87,0.0,0.0,-71.09,0.0,0.0,-71.1,-68.9,0.0 (cmd 0.0),0.0 (cmd 0.0)
1.3895,-68.87,0.0,0.0,-71.09,0.0,0.0,-71.1,-68.9,0.0 (cmd 0.0),0.0 (cmd 0.0)
1.39,-68.87,0.0,0.0,-71.09,0.0,0.0,-71.1,-68.9,0.0 (cmd 0.0),0.0 (cmd 0.0)
1.3905,-68.87,0.0,0.0,-71.09,0.0,0.0,-71.1,-68.9,0.0 (cmd 0.0),0.0 (cmd 0.0)
1.391,-68.87,0.0,0.0,-71.09,0.0,0.0,-71.1,-68.9,0.0 (cmd 0.0),0.0 (cmd 0.0)
1.3915,-68.87,0.0,0.0,-71.09,0.0,0.0,-71.1,-68.9,0.0 (cmd 0.0),0.0 (cmd 0.0)
1.392,-68.87,0.0,0.0,-71.09,0.0,0.0,-71.1,-68.9,0.0 (cmd 0.0),0.0 (cmd 0.0)
1.3925,-68.87,0.0,0.0,-71.09,0.0,0.0,-71.1,-68.9,0.0 (cmd 0.0),0.0 (cmd 0.0)
1.393,-68.87,0.0,0.0,-71.09,0.0,0.0,-71.1,-68.9,0.0 (cmd 0.0),0.0 (cmd 0.0)
1.3935,-68.87,0.0,0.0,-71.09,0.0,0.0,-71.1,-68.9,0.0 (cmd 0.0),0.0 (cmd 0.0)
1.394,-68.87,0.0,0.0,-71.09,0.0,0.0,-71.1,-68.9,0.0 (cmd 0.0),0.0 (cmd 0.0)
1.3945,-68.87,0.0,0.0,-71.09,0.0,0.0,-71.1,-68.9,0.0 (cmd 0.0),0.0 (cmd 0.0)
1.395,-68.87,0.0,0.0,-71.09,0.0,0.0,-71.1,-68.9,0.0 (cmd 0.0),0.0 (cmd 0.0)
1.3955,-68.87,0.0,0.0,-71.09,0.0,0.0,-71.1,-68.9,0.0 (cmd 0.0),0.0 (cmd 0.0)
1.396,-68.87,0.0,0.0,-71.09,0.0,0.0,-71.1,-68.9,0.0 (cmd 0.0),0.0 (cmd 0.0)
1.3965,-68.87,0.0,0.0,-71.09,0.0,0.0,-71.1,-68.9,0.0 (cmd 0.0),0.0 (cmd 0.0)
1.397,-68.87,0.0,0.0,-71.09,0.0,0.0,-71.1,-68.9,0.0 (cmd 0.0),0.0 (cmd 0.0)
1.3975,-68.87,0.0,0.0,-71.09,0.0,0.0,-71.1,-68.9,0.0 (cmd 0.0),0.0 (cmd 0.0)
1.398,-68.87,0.0,0.0,-71.09,0.0,0.0,-71.1,-68.9,0.0 (cmd 0.0),0.0 (cmd 0.0)
1.3985,-68.87,0.0,0.0,-71.09,0.0,0.0,-71.1,-68.9,0.0 (cmd 0.0),0.0 (cmd 0.0)
1.399,-68.87,0.0,0.0,-71.09,0.0,0.0,-71.1,-68.9,0.0 (cmd 0.0),0.0 (cmd 0.0)
1.3995,-68.87,0.0,0.0,-71.09,0.0,0.0,-71.1,-68.9,0.0 (cmd 0.0),0.0 (cmd 0.0)
1.4,-68.87,0.0,0.0,-71.09,0.0,0.0,-71.1,-68.9,0.0 (cmd 0.0),0.0 (cmd 0.0)
1.4005,-68.87,0.0,0.0,-71.09,0.0,0.0,-71.1,-68.9,0.0 (cmd 0.0),0.0 (cmd 0.0)
1.401,-68.87,0.0,0.0,-71.09,0.0,0.0,-71.1,-68.9,0.0 (cmd 0.0),0.0 (cmd 0.0)
1.4015,-68.87,0.0,0.0,-71.09,0.0,0.0,-71.1,-68.9,0.0 (cmd 0.0),0.0 (cmd 0.0)
1.402,-68.87,0.0,0.0,-71.08,0.0,0.0,-71.1,-68.9,0.0 (cmd 0.0),0.0 (cmd 0.0)
1.4025,-68.87,0.0,0.0,-71.08,0.0,0.0,-71.1,-68.9,0.0 (cmd 0.0),0.0 (cmd 0.0)
1.403,-68.87,0.0,0.0,-71.08,0.0,0.0,-71.1,-68.9,0.0 (cmd 0.0),0.0 (cmd 0.0)
1.4035,-68.87,0.0,0.0,-71.08,0.0,0.0,-71.1,-68.9,0.0 (cmd 0.0),0.0 (cmd 0.0)
1.404,-68.87,0.0,0.0,-71.08,0.0,0.0,-71.1,-68.9,0.0 (cmd 0.0),0.0 (cmd 0.0)
1.4045,-68.87,0.0,0.0,-71.08,0.0,0.0,-71.1,-68.9,0.0 (cmd 0.0),0.0 (cmd 0.0)
1.405,-68.87,0.0,0.0,-71.08,0.0,0.0,-71.1,-68.9,0.0 (cmd 0.0),0.0 (cmd 0.0)
1.4055,-68.87,0.0,0.0,-71.08,0.0,0.0,-71.1,-68.9,0.0 (cmd 0.0),0.0 (cmd 0.0)
1.406,-68.87,0.0,0.0,-71.08,0.0,0.0,-71.1,-68.9,0.0 (cmd 0.0),0.0 (cmd 0.0)
1.4065,-68.87,0.0,0.0,-71.09,0.0,0.0,-71.1,-68.9,0.0 (cmd 0.0),0.0 (cmd 0.0)
1.407,-68.87,0.0,0.0,-71.09,0.0,0.0,-71.1,-68.9,0.0 (cmd 0.0),0.0 (cmd 0.0)
1.4075,-68.87,0.0,0.0,-71.09,0.0,0.0,-71.1,-68.9,0.0 (cmd 0.0),0.0 (cmd 0.0)
1.408,-68.87,0.0,0.0,-71.09,0.0,0.0,-71.1,-68.9,0.0 (cmd 0.0),0.0 (cmd 0.0)
1.4085,-68.87,0.0,0.0,-71.09,0.0,0.0,-71.1,-68.9,0.0 (cmd 0.0),0.0 (cmd 0.0)
1.409,-68.87,0.0,0.0,-71.09,0.0,0.0,-71.1,-68.9,0.0 (cmd 0.0),0.0 (cmd 0.0)
1.4095,-68.87,0.0,0.0,-71.09,0.0,0.0,-71.1,-68.9,0.0 (cmd 0.0),0.0 (cmd 0.0)
1.41,-68.87,0.0,0.0,-71.09,0.0,0.0,-71.1,-68.9,0.0 (cmd 0.0),0.0 (cmd 0.0)
1.4105,-68.87,0.0,0.0,-71.09,0.0,0.0,-71.1,-68.9,0.0 (cmd 0.0),0.0 (cmd 0.0)
1.411,-68.87,0.0,0.0,-71.09,0.0,0.0,-71.1,-68.9,0.0 (cmd 0.0),0.0 (cmd 0.0)
1.4115,-68.87,0.0,0.0,-71.09,0.0,0.0,-71.1,-68.9,0.0 (cmd 0.0),0.0 (cmd 0.0)
1.412,-68.87,0.0,0.0,-71.09,0.0,0.0,-71.1,-68.9,0.0 (cmd 0.0),0.0 (cmd 0.0)
1.4125,-68.87,0.0,0.0,-71.09,0.0,0.0,-71.1,-68.9,0.0 (cmd 0.0),0.0 (cmd 0.0)
1.413,-68.87,0.0,0.0,-71.09,0.0,0.0,-71.1,-68.9,0.0 (cmd 0.0),0.0 (cmd 0.0)
1.4135,-68.87,0.0,0.0,-71.09,0.0,0.0,-71.1,-68.9,0.0 (cmd 0.0),0.0 (cmd 0.0)
1.414,-68.87,0.0,0.0,-71.09,0.0,0.0,-71.1,-68.9,0.0 (cmd 0.0),0.0 (cmd 0.0)
1.4145,-68.87,0.0,0.0,-71.09,0.0,0.0,-71.1,-68.9,0.0 (cmd 0.0),0.0 (cmd 0.0)
1.415,-68.87,0.0,0.0,-71.09,0.0,0.0,-71.1,-68.9,0.0 (cmd 0.0),0.0 (cmd 0.0)
1.4155,-68.88,0.0,0.0,-71.09,0.0,0.0,-71.1,-68.9,0.0 (cmd 0.0),0.0 (cmd 0.0)
1.416,-68.88,0.0,0.0,-71.09,0.0,0.0,-71.1,-68.9,0.0 (cmd 0.0),0.0 (cmd 0.0)
1.4165,-68.88,0.0,0.0,-71.09,0.0,0.0,-71.1,-68.9,0.0 (cmd 0.0),0.0 (cmd 0.0)
1.417,-68.88,0.0,0.0,-71.09,0.0,0.0,-71.1,-68.9,0.0 (cmd 0.0),0.0 (cmd 0.0)
1.4175,-68.88,0.0,0.0,-71.09,0.0,0.0,-71.1,-68.9,0.0 (cmd 0.0),0.0 (cmd 0.0)
1.418,-68.88,0.0,0.0,-71.09,0.0,0.0,-71.1,-68.9,0.0 (cmd 0.0),0.0 (cmd 0.0)
1.4185,-68.88,0.0,0.0,-71.09,0.0,0.0,-71.1,-68.9,0.0 (cmd 0.0),0.0 (cmd 0.0)
1.419,-68.88,0.0,0.0,-71.09,0.0,0.0,-71.1,-68.9,0.0 (cmd 0.0),0.0 (cmd 0.0)
1.4195,-68.88,0.0,0.0,-71.09,0.0,0.0,-71.1,-68.9,0.0 (cmd 0.0),0.0 (cmd 0.0)
1.42,-68.88,0.0,0.0,-71.09,0.0,0.0,-71.1,-68.9,0.0 (cmd 0.0),0.0 (cmd 0.0)
1.4205,-68.88,0.0,0.0,-71.09,0.0,0.0,-71.1,-68.9,0.0 (cmd 0.0),0.0 (cmd 0.0)
1.421,-68.88,0.0,0.0,-71.09,0.0,0.0,-71.1,-68.9,0.0 (cmd 0.0),0.0 (cmd 0.0)
1.4215,-68.88,0.0,0.0,-71.09,0.0,0.0,-71.1,-68.9,0.0 (cmd 0.0),0.0 (cmd 0.0)
1.422,-68.88,0.0,0.0,-71.09,0.0,0.0,-71.1,-68.9,0.0 (cmd 0.0),0.0 (cmd 0.0)
1.4225,-68.88,0.0,0.0,-71.09,0.0,0.0,-71.1,-68.9,0.0 (cmd 0.0),0.0 (cmd 0.0)
1.423,-68.88,0.0,0.0,-71.09,0.0,0.0,-71.1,-68.9,0.0 (cmd 0.0),0.0 (cmd 0.0)
1.4235,-68.88,0.0,0.0,-71.09,0.0,0.0,-71.1,-68.9,0.0 (cmd 0.0),0.0 (cmd 0.0)
1.424,-68.88,0.0,0.0,-71.09,0.0,0.0,-71.1,-68.9,0.0 (cmd 0.0),0.0 (cmd 0.0)
1.4245,-68.88,0.0,0.0,-71.09,0.0,0.0,-71.1,-68.9,0.0 (cmd 0.0),0.0 (cmd 0.0)
1.425,-68.88,0.0,0.0,-71.09,0.0,0.0,-71.1,-68.9,0.0 (cmd 0.0),0.0 (cmd 0.0)
1.4255,-68.88,0.0,0.0,-71.09,0.0,0.0,-71.1,-68.9,0.0 (cmd 0.0),0.0 (cmd 0.0)
1.426,-68.88,0.0,0.0,-71.09,0.0,0.0,-71.1,-68.9,0.0 (cmd 0.0),0.0 (cmd 0.0)
1.4265,-68.88,0.0,0.0,-71.09,0.0,0.0,-71.1,-68.9,0.0 (cmd 0.0),0.0 (cmd 0.0)
1.427,-68.88,0.0,0.0,-71.09,0.0,0.0,-71.1,-68.9,0.0 (cmd 0.0),0.0 (cmd 0.0)
1.4275,-68.88,0.0,0.0,-71.09,0.0,0.0,-71.1,-68.9,0.0 (cmd 0.0),0.0 (cmd 0.0)
1.428,-68.88,0.0,0.0,-71.09,0.0,0.0,-71.1,-68.9,0.0 (cmd 0.0),0.0 (cmd 0.0)
1.4285,-68.88,0.0,0.0,-71.09,0.0,0.0,-71.1,-68.9,0.0 (cmd 0.0),0.0 (cmd 0.0)
1.429,-68.88,0.0,0.0,-71.09,0.0,0.0,-71.1,-68.9,0.0 (cmd 0.0),0.0 (cmd 0.0)
1.4295,-68.88,0.0,0.0,-71.09,0.0,0.0,-71.1,-68.9,0.0 (cmd 0.0),0.0 (cmd 0.0)
1.43,-68.88,0.0,0.0,-71.09,0.0,0.0,-71.1,-68.9,0.0 (cmd 0.0),0.0 (cmd 0.0)
1.4305,-68.88,0.0,0.0,-71.09,0.0,0.0,-71.1,-68.9,0.0 (cmd 0.0),0.0 (cmd 0.0)
1.431,-68.88,0.0,0.0,-71.09,0.0,0.0,-71.1,-68.9,0.0 (cmd 0.0),0.0 (cmd 0.0)
1.4315,-68.88,0.0,0.0,-71.09,0.0,0.0,-71.1,-68.9,0.0 (cmd 0.0),0.0 (cmd 0.0)
1.432,-68.88,0.0,0.0,-71.09,0.0,0.0,-71.1,-68.9,0.0 (cmd 0.0),0.0 (cmd 0.0)
1.4325,-68.88,0.0,0.0,-71.09,0.0,0.0,-71.1,-68.9,0.0 (cmd 0.0),0.0 (cmd 0.0)
1.433,-68.88,0.0,0.0,-71.09,0.0,0.0,-71.1,-68.9,0.0 (cmd 0.0),0.0 (cmd 0.0)
1.4335,-68.88,0.0,0.0,-71.09,0.0,0.0,-71.1,-68.9,0.0 (cmd 0.0),0.0 (cmd 0.0)
1.434,-68.88,0.0,0.0,-71.09,0.0,0.0,-71.1,-68.9,0.0 (cmd 0.0),0.0 (cmd 0.0)
1.4345,-68.88,0.0,0.0,-71.09,0.0,0.0,-71.1,-68.9,0.0 (cmd 0.0),0.0 (cmd 0.0)
1.435,-68.88,0.0,0.0,-71.09,0.0,0.0,-71.1,-68.9,0.0 (cmd 0.0),0.0 (cmd 0.0)
1.4355,-68.88,0.0,0.0,-71.09,0.0,0.0,-71.1,-68.9,0.0 (cmd 0.0),0.0 (cmd 0.0)
1.436,-68.88,0.0,0.0,-71.09,0.0,0.0,-71.1,-68.9,0.0 (cmd 0.0),0.0 (cmd 0.0)
1.4365,-68.88,0.0,0.0,-71.09,0.0,0.0,-71.1,-68.9,0.0 (cmd 0.0),0.0 (cmd 0.0)
1.437,-68.88,0.0,0.0,-71.09,0.0,0.0,-71.1,-68.9,0.0 (cmd 0.0),0.0 (cmd 0.0)
1.4375,-68.88,0.0,0.0,-71.09,0.0,0.0,-71.1,-68.9,0.0 (cmd 0.0),0.0 (cmd 0.0)
1.438,-68.88,0.0,0.0,-71.09,0.0,0.0,-71.1,-68.9,0.0 (cmd 0.0),0.0 (cmd 0.0)
1.4385,-68.88,0.0,0.0,-71.09,0.0,0.0,-71.1,-68.9,0.0 (cmd 0.0),0.0 (cmd 0.0)
1.439,-68.88,0.0,0.0,-71.09,0.0,0.0,-71.1,-68.9,0.0 (cmd 0.0),0.0 (cmd 0.0)
1.4395,-68.88,0.0,0.0,-71.09,0.0,0.0,-71.1,-68.9,0.0 (cmd 0.0),0.0 (cmd 0.0)
1.44,-68.88,0.0,0.0,-71.09,0.0,0.0,-71.1,-68.9,0.0 (cmd 0.0),0.0 (cmd 0.0)
1.4405,-68.88,0.0,0.0,-71.09,0.0,0.0,-71.1,-68.9,0.0 (cmd 0.0),0.0 (cmd 0.0)
1.441,-68.88,0.0,0.0,-71.09,0.0,0.0,-71.1,-68.9,0.0 (cmd 0.0),0.0 (cmd 0.0)
1.4415,-68.88,0.0,0.0,-71.09,0.0,0.0,-71.1,-68.9,0.0 (cmd 0.0),0.0 (cmd 0.0)
1.442,-68.88,0.0,0.0,-71.09,0.0,0.0,-71.1,-68.9,0.0 (cmd 0.0),0.0 (cmd 0.0)
1.4425,-68.88,0.0,0.0,-71.1,0.0,0.0,-71.1,-68.9,0.0 (cmd 0.0),0.0 (cmd 0.0)
1.443,-68.88,0.0,0.0,-71.1,0.0,0.0,-71.1,-68.9,0.0 (cmd 0.0),0.0 (cmd 0.0)
1.4435,-68.88,0.0,0.0,-71.09,0.0,0.0,-71.1,-68.9,0.0 (cmd 0.0),0.0 (cmd 0.0)
1.444,-68.88,0.0,0.0,-71.09,0.0,0.0,-71.1,-68.9,0.0 (cmd 0.0),0.0 (cmd 0.0)
1.4445,-68.88,0.0,0.0,-71.09,0.0,0.0,-71.1,-68.9,0.0 (cmd 0.0),0.0 (cmd 0.0)
1.445,-68.88,0.0,0.0,-71.09,0.0,0.0,-71.1,-68.9,0.0 (cmd 0.0),0.0 (cmd 0.0)
1.4455,-68.88,0.0,0.0,-71.09,0.0,0.0,-71.1,-68.9,0.0 (cmd 0.0),0.0 (cmd 0.0)
1.446,-68.88,0.0,0.0,-71.09,0.0,0.0,-71.1,-68.9,0.0 (cmd 0.0),0.0 (cmd 0.0)
1.4465,-68.88,0.0,0.0,-71.09,0.0,0.0,-71.1,-68.9,0.0 (cmd 0.0),0.0 (cmd 0.0)
1.447,-68.88,0.0,0.0,-71.09,0.0,0.0,-71.1,-68.9,0.0 (cmd 0.0),0.0 (cmd 0.0)
1.4475,-68.88,0.0,0.0,-71.09,0.0,0.0,-71.1,-68.9,0.0 (cmd 0.0),0.0 (cmd 0.0)
1.448,-68.88,0.0,0.0,-71.09,0.0,0.0,-71.1,-68.9,0.0 (cmd 0.0),0.0 (cmd 0.0)
1.4485,-68.88,0.0,0.0,-71.09,0.0,0.0,-71.1,-68.9,0.0 (cmd 0.0),0.0 (cmd 0.0)
1.449,-68.88,0.0,0.0,-71.09,0.0,0.0,-71.1,-68.9,0.0 (cmd 0.0),0.0 (cmd 0.0)
1.4495,-68.88,0.0,0.0,-71.09,0.0,0.0,-71.1,-68.9,0.0 (cmd 0.0),0.0 (cmd 0.0)
1.45,-68.89,0.0,0.0,-71.09,0.0,0.0,-71.1,-68.9,0.0 (cmd 0.0),0.0 (cmd 0.0)
1.4505,-68.89,0.0,0.0,-71.09,0.0,0.0,-71.1,-68.9,0.0 (cmd 0.0),0.0 (cmd 0.0)
1.451,-68.89,0.0,0.0,-71.09,0.0,0.0,-71.1,-68.9,0.0 (cmd 0.0),0.0 (cmd 0.0)
1.4515,-68.89,0.0,0.0,-71.09,0.0,0.0,-71.1,-68.9,0.0 (cmd 0.0),0.0 (cmd 0.0)
1.452,-68.89,0.0,0.0,-71.09,0.0,0.0,-71.1,-68.9,0.0 (cmd 0.0),0.0 (cmd 0.0)
1.4525,-68.89,0.0,0.0,-71.09,0.0,0.0,-71.1,-68.9,0.0 (cmd 0.0),0.0 (cmd 0.0)
1.453,-68.89,0.0,0.0,-71.09,0.0,0.0,-71.1,-68.9,0.0 (cmd 0.0),0.0 (cmd 0.0)
1.4535,-68.89,0.0,0.0,-71.09,0.0,0.0,-71.1,-68.9,0.0 (cmd 0.0),0.0 (cmd 0.0)
1.454,-68.89,0.0,0.0,-71.09,0.0,0.0,-71.1,-68.9,0.0 (cmd 0.0),0.0 (cmd 0.0)
1.4545,-68.89,0.0,0.0,-71.09,0.0,0.0,-71.1,-68.9,0.0 (cmd 0.0),0.0 (cmd 0.0)
1.455,-68.89,0.0,0.0,-71.09,0.0,0.0,-71.1,-68.9,0.0 (cmd 0.0),0.0 (cmd 0.0)
1.4555,-68.89,0.0,0.0,-71.09,0.0,0.0,-71.1,-68.9,0.0 (cmd 0.0),0.0 (cmd 0.0)
1.456,-68.89,0.0,0.0,-71.09,0.0,0.0,-71.1,-68.9,0.0 (cmd 0.0),0.0 (cmd 0.0)
1.4565,-68.89,0.0,0.0,-71.09,0.0,0.0,-71.1,-68.9,0.0 (cmd 0.0),0.0 (cmd 0.0)
1.457,-68.89,0.0,0.0,-71.09,0.0,0.0,-71.1,-68.9,0.0 (cmd 0.0),0.0 (cmd 0.0)
1.4575,-68.89,0.0,0.0,-71.09,0.0,0.0,-71.1,-68.9,0.0 (cmd 0.0),0.0 (cmd 0.0)
1.458,-68.89,0.0,0.0,-71.09,0.0,0.0,-71.1,-68.9,0.0 (cmd 0.0),0.0 (cmd 0.0)
1.4585,-68.89,0.0,0.0,-71.09,0.0,0.0,-71.1,-68.9,0.0 (cmd 0.0),0.0 (cmd 0.0)
1.459,-68.89,0.0,0.0,-71.09,0.0,0.0,-71.1,-68.9,0.0 (cmd 0.0),0.0 (cmd 0.0)
1.4595,-68.89,0.0,0.0,-71.09,0.0,0.0,-71.1,-68.9,0.0 (cmd 0.0),0.0 (cmd 0.0)
1.46,-68.89,0.0,0.0,-71.09,0.0,0.0,-71.1,-68.9,0.0 (cmd 0.0),0.0 (cmd 0.0)
1.4605,-68.89,0.0,0.0,-71.09,0.0,0.0,-71.1,-68.9,0.0 (cmd 0.0),0.0 (cmd 0.0)
1.461,-68.89,0.0,0.0,-71.09,0.0,0.0,-71.1,-68.9,0.0 (cmd 0.0),0.0 (cmd 0.0)
1.4615,-68.89,0.0,0.0,-71.09,0.0,0.0,-71.1,-68.9,0.0 (cmd 0.0),0.0 (cmd 0.0)
1.462,-68.89,0.0,0.0,-71.09,0.0,0.0,-71.1,-68.9,0.0 (cmd 0.0),0.0 (cmd 0.0)
1.4625,-68.89,0.0,0.0,-71.09,0.0,0.0,-71.1,-68.9,0.0 (cmd 0.0),0.0 (cmd 0.0)
1.463,-68.89,0.0,0.0,-71.09,0.0,0.0,-71.1,-68.9,0.0 (cmd 0.0),0.0 (cmd 0.0)
1.4635,-68.89,0.0,0.0,-71.09,0.0,0.0,-71.1,-68.9,0.0 (cmd 0.0),0.0 (cmd 0.0)
1.464,-68.89,0.0,0.0,-71.09,0.0,0.0,-71.1,-68.9,0.0 (cmd 0.0),0.0 (cmd 0.0)
1.4645,-68.89,0.0,0.0,-71.09,0.0,0.0,-71.1,-68.9,0.0 (cmd 0.0),0.0 (cmd 0.0)
1.465,-68.89,0.0,0.0,-71.09,0.0,0.0,-71.1,-68.9,0.0 (cmd 0.0),0.0 (cmd 0.0)
1.4655,-68.89,0.0,0.0,-71.09,0.0,0.0,-71.1,-68.9,0.0 (cmd 0.0),0.0 (cmd 0.0)
1.466,-68.89,0.0,0.0,-71.09,0.0,0.0,-71.1,-68.9,0.0 (cmd 0.0),0.0 (cmd 0.0)
1.4665,-68.89,0.0,0.0,-71.08,0.0,0.0,-71.1,-68.9,0.0 (cmd 0.0),0.0 (cmd 0.0)
1.467,-68.89,0.0,0.0,-71.08,0.0,0.0,-71.1,-68.9,0.0 (cmd 0.0),0.0 (cmd 0.0)
1.4675,-68.89,0.0,0.0,-71.08,0.0,0.0,-71.1,-68.9,0.0 (cmd 0.0),0.0 (cmd 0.0)
1.468,-68.89,0.0,0.0,-71.08,0.0,0.0,-71.1,-68.9,0.0 (cmd 0.0),0.0 (cmd 0.0)
1.4685,-68.89,0.0,0.0,-71.08,0.0,0.0,-71.1,-68.9,0.0 (cmd 0.0),0.0 (cmd 0.0)
1.469,-68.89,0.0,0.0,-71.08,0.0,0.0,-71.1,-68.9,0.0 (cmd 0.0),0.0 (cmd 0.0)
1.4695,-68.89,0.0,0.0,-71.08,0.0,0.0,-71.1,-68.9,0.0 (cmd 0.0),0.0 (cmd 0.0)
1.47,-68.89,0.0,0.0,-71.08,0.0,0.0,-71.1,-68.9,0.0 (cmd 0.0),0.0 (cmd 0.0)
1.4705,-68.89,0.0,0.0,-71.07,0.0,0.0,-71.1,-68.9,0.0 (cmd 0.0),0.0 (cmd 0.0)
1.471,-68.89,0.0,0.0,-71.07,0.0,0.0,-71.1,-68.9,0.0 (cmd 0.0),0.0 (cmd 0.0)
1.4715,-68.89,0.0,0.0,-71.07,0.0,0.0,-71.1,-68.9,0.0 (cmd 0.0),0.0 (cmd 0.0)
1.472,-68.89,0.0,0.0,-71.07,0.0,0.0,-71.1,-68.9,0.0 (cmd 0.0),0.0 (cmd 0.0)
1.4725,-68.89,0.0,0.0,-71.07,0.0,0.0,-71.1,-68.9,0.0 (cmd 0.0),0.0 (cmd 0.0)
1.473,-68.89,0.0,0.0,-71.07,0.0,0.0,-71.1,-68.9,0.0 (cmd 0.0),0.0 (cmd 0.0)
1.4735,-68.89,0.0,0.0,-71.07,0.0,0.0,-71.1,-68.9,0.0 (cmd 0.0),0.0 (cmd 0.0)
1.474,-68.89,0.0,0.0,-71.07,0.0,0.0,-71.1,-68.9,0.0 (cmd 0.0),0.0 (cmd 0.0)
1.4745,-68.89,0.0,0.0,-71.07,0.0,0.0,-71.1,-68.9,0.0 (cmd 0.0),0.0 (cmd 0.0)
1.475,-68.89,0.0,0.0,-71.07,0.0,0.0,-71.1,-68.9,0.0 (cmd 0.0),0.0 (cmd 0.0)
1.4755,-68.89,0.0,0.0,-71.07,0.0,0.0,-71.1,-68.9,0.0 (cmd 0.0),0.0 (cmd 0.0)
1.476,-68.89,0.0,0.0,-71.07,0.0,0.0,-71.1,-68.9,0.0 (cmd 0.0),0.0 (cmd 0.0)
1.4765,-68.89,0.0,0.0,-71.08,0.0,0.0,-71.1,-68.9,0.0 (cmd 0.0),0.0 (cmd 0.0)
1.477,-68.89,0.0,0.0,-71.08,0.0,0.0,-71.1,-68.9,0.0 (cmd 0.0),0.0 (cmd 0.0)
1.4775,-68.89,0.0,0.0,-71.08,0.0,0.0,-71.1,-68.9,0.0 (cmd 0.0),0.0 (cmd 0.0)
1.478,-68.89,0.0,0.0,-71.08,0.0,0.0,-71.1,-68.9,0.0 (cmd 0.0),0.0 (cmd 0.0)
1.4785,-68.89,0.0,0.0,-71.08,0.0,0.0,-71.1,-68.9,0.0 (cmd 0.0),0.0 (cmd 0.0)
1.479,-68.89,0.0,0.0,-71.08,0.0,0.0,-71.1,-68.9,0.0 (cmd 0.0),0.0 (cmd 0.0)
1.4795,-68.89,0.0,0.0,-71.08,0.0,0.0,-71.1,-68.9,0.0 (cmd 0.0),0.0 (cmd 0.0)
1.48,-68.89,0.0,0.0,-71.08,0.0,0.0,-71.1,-68.9,0.0 (cmd 0.0),0.0 (cmd 0.0)
1.4805,-68.89,0.0,0.0,-71.08,0.0,0.0,-71.1,-68.9,0.0 (cmd 0.0),0.0 (cmd 0.0)
1.481,-68.89,0.0,0.0,-71.09,0.0,0.0,-71.1,-68.9,0.0 (cmd 0.0),0.0 (cmd 0.0)
1.4815,-68.89,0.0,0.0,-71.09,0.0,0.0,-71.1,-68.9,0.0 (cmd 0.0),0.0 (cmd 0.0)
1.482,-68.89,0.0,0.0,-71.09,0.0,0.0,-71.1,-68.9,0.0 (cmd 0.0),0.0 (cmd 0.0)
1.4825,-68.89,0.0,0.0,-71.09,0.0,0.0,-71.1,-68.9,0.0 (cmd 0.0),0.0 (cmd 0.0)
1.483,-68.89,0.0,0.0,-71.09,0.0,0.0,-71.1,-68.9,0.0 (cmd 0.0),0.0 (cmd 0.0)
1.4835,-68.89,0.0,0.0,-71.09,0.0,0.0,-71.1,-68.9,0.0 (cmd 0.0),0.0 (cmd 0.0)
1.484,-68.89,0.0,0.0,-71.09,0.0,0.0,-71.1,-68.9,0.0 (cmd 0.0),0.0 (cmd 0.0)
1.4845,-68.89,0.0,0.0,-71.09,0.0,0.0,-71.1,-68.9,0.0 (cmd 0.0),0.0 (cmd 0.0)
1.485,-68.89,0.0,0.0,-71.09,0.0,0.0,-71.1,-68.9,0.0 (cmd 0.0),0.0 (cmd 0.0)
1.4855,-68.89,0.0,0.0,-71.09,0.0,0.0,-71.1,-68.9,0.0 (cmd 0.0),0.0 (cmd 0.0)
1.486,-68.89,0.0,0.0,-71.09,0.0,0.0,-71.1,-68.9,0.0 (cmd 0.0),0.0 (cmd 0.0)
1.4865,-68.89,0.0,0.0,-71.09,0.0,0.0,-71.1,-68.9,0.0 (cmd 0.0),0.0 (cmd 0.0)
1.487,-68.89,0.0,0.0,-71.09,0.0,0.0,-71.1,-68.9,0.0 (cmd 0.0),0.0 (cmd 0.0)
1.4875,-68.89,0.0,0.0,-71.09,0.0,0.0,-71.1,-68.9,0.0 (cmd 0.0),0.0 (cmd 0.0)
1.488,-68.89,0.0,0.0,-71.09,0.0,0.0,-71.1,-68.9,0.0 (cmd 0.0),0.0 (cmd 0.0)
1.4885,-68.89,0.0,0.0,-71.09,0.0,0.0,-71.1,-68.9,0.0 (cmd 0.0),0.0 (cmd 0.0)
1.489,-68.89,0.0,0.0,-71.1,0.0,0.0,-71.1,-68.9,0.0 (cmd 0.0),0.0 (cmd 0.0)
1.4895,-68.9,0.0,0.0,-71.1,0.0,0.0,-71.1,-68.9,0.0 (cmd 0.0),0.0 (cmd 0.0)
1.49,-68.9,0.0,0.0,-71.1,0.0,0.0,-71.1,-68.9,0.0 (cmd 0.0),0.0 (cmd 0.0)
1.4905,-68.89,0.0,0.0,-71.1,0.0,0.0,-71.1,-68.9,0.0 (cmd 0.0),0.0 (cmd 0.0)
1.491,-68.89,0.0,0.0,-71.1,0.0,0.0,-71.1,-68.9,0.0 (cmd 0.0),0.0 (cmd 0.0)
1.4915,-68.89,0.0,0.0,-71.1,0.0,0.0,-71.1,-68.9,0.0 (cmd 0.0),0.0 (cmd 0.0)
1.492,-68.89,0.0,0.0,-71.1,0.0,0.0,-71.1,-68.9,0.0 (cmd 0.0),0.0 (cmd 0.0)
1.4925,-68.89,0.0,0.0,-71.1,0.0,0.0,-71.1,-68.9,0.0 (cmd 0.0),0.0 (cmd 0.0)
1.493,-68.89,0.0,0.0,-71.1,0.0,0.0,-71.1,-68.9,0.0 (cmd 0.0),0.0 (cmd 0.0)
1.4935,-68.89,0.0,0.0,-71.1,0.0,0.0,-71.1,-68.9,0.0 (cmd 0.0),0.0 (cmd 0.0)
1.494,-68.89,0.0,0.0,-71.1,0.0,0.0,-71.1,-68.9,0.0 (cmd 0.0),0.0 (cmd 0.0)
1.4945,-68.89,0.0,0.0,-71.1,0.0,0.0,-71.1,-68.9,0.0 (cmd 0.0),0.0 (cmd 0.0)
1.495,-68.89,0.0,0.0,-71.1,0.0,0.0,-71.1,-68.9,0.0 (cmd 0.0),0.0 (cmd 0.0)
1.4955,-68.89,0.0,0.0,-71.1,0.0,0.0,-71.1,-68.9,0.0 (cmd 0.0),0.0 (cmd 0.0)
1.496,-68.89,0.0,0.0,-71.1,0.0,0.0,-71.1,-68.9,0.0 (cmd 0.0),0.0 (cmd 0.0)
1.4965,-68.89,0.0,0.0,-71.1,0.0,0.0,-71.1,-68.9,0.0 (cmd 0.0),0.0 (cmd 0.0)
1.497,-68.89,0.0,0.0,-71.1,0.0,0.0,-71.1,-68.9,0.0 (cmd 0.0),0.0 (cmd 0.0)
1.4975,-68.89,0.0,0.0,-71.1,0.0,0.0,-71.1,-68.9,0.0 (cmd 0.0),0.0 (cmd 0.0)
1.498,-68.89,0.0,0.0,-71.1,0.0,0.0,-71.1,-68.9,0.0 (cmd 0.0),0.0 (cmd 0.0)
1.4985,-68.89,0.0,0.0,-71.1,0.0,0.0,-71.1,-68.9,0.0 (cmd 0.0),0.0 (cmd 0.0)
1.499,-68.89,0.0,0.0,-71.1,0.0,0.0,-71.1,-68.9,0.0 (cmd 0.0),0.0 (cmd 0.0)
1.4995,-68.89,0.0,0.0,-71.1,0.0,0.0,-71.1,-68.9,0.0 (cmd 0.0),0.0 (cmd 0.0)
1.5,-68.89,0.0,0.0,-71.1,0.0,0.0,-71.1,-68.9,0.0 (cmd 0.0),0.0 (cmd 0.0)
1.5005,-68.89,0.0,0.0,-71.1,0.0,0.0,-71.1,-68.9,0.0 (cmd 0.0),0.0 (cmd 0.0)
1.501,-68.89,0.0,0.0,-71.1,0.0,0.0,-71.1,-68.9,0.0 (cmd 0.0),0.0 (cmd 0.0)
1.5015,-68.89,0.0,0.0,-71.1,0.0,0.0,-71.1,-68.9,0.0 (cmd 0.0),0.0 (cmd 0.0)
1.502,-68.89,0.0,0.0,-71.1,0.0,0.0,-71.1,-68.9,0.0 (cmd 0.0),0.0 (cmd 0.0)
1.5025,-68.89,0.0,0.0,-71.1,0.0,0.0,-71.1,-68.9,0.0 (cmd 0.0),0.0 (cmd 0.0)
1.503,-68.89,0.0,0.0,-71.1,0.0,0.0,-71.1,-68.9,0.0 (cmd 0.0),0.0 (cmd 0.0)
1.5035,-68.89,0.0,0.0,-71.1,0.0,0.0,-71.1,-68.9,0.0 (cmd 0.0),0.0 (cmd 0.0)
1.504,-68.89,0.0,0.0,-71.1,0.0,0.0,-71.1,-68.9,0.0 (cmd 0.0),0.0 (cmd 0.0)
1.5045,-68.89,0.0,0.0,-71.1,0.0,0.0,-71.1,-68.9,0.0 (cmd 0.0),0.0 (cmd 0.0)
1.505,-68.89,0.0,0.0,-71.11,0.0,0.0,-71.1,-68.9,0.0 (cmd 0.0),0.0 (cmd 0.0)
1.5055,-68.89,0.0,0.0,-71.11,0.0,0.0,-71.1,-68.9,0.0 (cmd 0.0),0.0 (cmd 0.0)
1.506,-68.89,0.0,0.0,-71.11,0.0,0.0,-71.1,-68.9,0.0 (cmd 0.0),0.0 (cmd 0.0)
1.5065,-68.89,0.0,0.0,-71.11,0.0,0.0,-71.1,-68.9,0.0 (cmd 0.0),0.0 (cmd 0.0)
1.507,-68.89,0.0,0.0,-71.11,0.0,0.0,-71.1,-68.9,0.0 (cmd 0.0),0.0 (cmd 0.0)
1.5075,-68.89,0.0,0.0,-71.11,0.0,0.0,-71.1,-68.9,0.0 (cmd 0.0),0.0 (cmd 0.0)
1.508,-68.89,0.0,0.0,-71.11,0.0,0.0,-71.1,-68.9,0.0 (cmd 0.0),0.0 (cmd 0.0)
1.5085,-68.89,0.0,0.0,-71.11,0.0,0.0,-71.1,-68.9,0.0 (cmd 0.0),0.0 (cmd 0.0)
1.509,-68.89,0.0,0.0,-71.11,0.0,0.0,-71.1,-68.9,0.0 (cmd 0.0),0.0 (cmd 0.0)
1.5095,-68.88,0.0,0.0,-71.11,0.0,0.0,-71.1,-68.9,0.0 (cmd 0.0),0.0 (cmd 0.0)
1.51,-68.88,0.0,0.0,-71.11,0.0,0.0,-71.1,-68.9,0.0 (cmd 0.0),0.0 (cmd 0.0)
1.5105,-68.88,0.0,0.0,-71.11,0.0,0.0,-71.1,-68.9,0.0 (cmd 0.0),0.0 (cmd 0.0)
1.511,-68.88,0.0,0.0,-71.11,0.0,0.0,-71.1,-68.9,0.0 (cmd 0.0),0.0 (cmd 0.0)
1.5115,-68.88,0.0,0.0,-71.11,0.0,0.0,-71.1,-68.9,0.0 (cmd 0.0),0.0 (cmd 0.0)
1.512,-68.88,0.0,0.0,-71.11,0.0,0.0,-71.1,-68.9,0.0 (cmd 0.0),0.0 (cmd 0.0)
1.5125,-68.88,0.0,0.0,-71.11,0.0,0.0,-71.1,-68.9,0.0 (cmd 0.0),0.0 (cmd 0.0)
1.513,-68.88,0.0,0.0,-71.11,0.0,0.0,-71.1,-68.9,0.0 (cmd 0.0),0.0 (cmd 0.0)
1.5135,-68.88,0.0,0.0,-71.11,0.0,0.0,-71.1,-68.9,0.0 (cmd 0.0),0.0 (cmd 0.0)
1.514,-68.88,0.0,0.0,-71.11,0.0,0.0,-71.1,-68.9,0.0 (cmd 0.0),0.0 (cmd 0.0)
1.5145,-68.88,0.0,0.0,-71.11,0.0,0.0,-71.1,-68.9,0.0 (cmd 0.0),0.0 (cmd 0.0)
1.515,-68.88,0.0,0.0,-71.11,0.0,0.0,-71.1,-68.9,0.0 (cmd 0.0),0.0 (cmd 0.0)
1.5155,-68.88,0.0,0.0,-71.11,0.0,0.0,-71.1,-68.9,0.0 (cmd 0.0),0.0 (cmd 0.0)
1.516,-68.88,0.0,0.0,-71.11,0.0,0.0,-71.1,-68.9,0.0 (cmd 0.0),0.0 (cmd 0.0)
1.5165,-68.88,0.0,0.0,-71.11,0.0,0.0,-71.1,-68.9,0.0 (cmd 0.0),0.0 (cmd 0.0)
1.517,-68.88,0.0,0.0,-71.11,0.0,0.0,-71.1,-68.9,0.0 (cmd 0.0),0.0 (cmd 0.0)
1.5175,-68.88,0.0,0.0,-71.11,0.0,0.0,-71.1,-68.9,0.0 (cmd 0.0),0.0 (cmd 0.0)
1.518,-68.88,0.0,0.0,-71.11,0.0,0.0,-71.1,-68.9,0.0 (cmd 0.0),0.0 (cmd 0.0)
1.5185,-68.88,0.0,0.0,-71.11,0.0,0.0,-71.1,-68.9,0.0 (cmd 0.0),0.0 (cmd 0.0)
1.519,-68.88,0.0,0.0,-71.11,0.0,0.0,-71.1,-68.9,0.0 (cmd 0.0),0.0 (cmd 0.0)
1.5195,-68.88,0.0,0.0,-71.11,0.0,0.0,-71.1,-68.9,0.0 (cmd 0.0),0.0 (cmd 0.0)
1.52,-68.88,0.0,0.0,-71.11,0.0,0.0,-71.1,-68.9,0.0 (cmd 0.0),0.0 (cmd 0.0)
1.5205,-68.88,0.0,0.0,-71.11,0.0,0.0,-71.1,-68.9,0.0 (cmd 0.0),0.0 (cmd 0.0)
1.521,-68.88,0.0,0.0,-71.11,0.0,0.0,-71.1,-68.9,0.0 (cmd 0.0),0.0 (cmd 0.0)
1.5215,-68.88,0.0,0.0,-71.11,0.0,0.0,-71.1,-68.9,0.0 (cmd 0.0),0.0 (cmd 0.0)
1.522,-68.87,0.0,0.0,-71.11,0.0,0.0,-71.1,-68.9,0.0 (cmd 0.0),0.0 (cmd 0.0)
1.5225,-68.87,0.0,0.0,-71.11,0.0,0.0,-71.1,-68.9,0.0 (cmd 0.0),0.0 (cmd 0.0)
1.523,-68.87,0.0,0.0,-71.11,0.0,0.0,-71.1,-68.9,0.0 (cmd 0.0),0.0 (cmd 0.0)
1.5235,-68.87,0.0,0.0,-71.11,0.0,0.0,-71.1,-68.9,0.0 (cmd 0.0),0.0 (cmd 0.0)
1.524,-68.87,0.0,0.0,-71.11,0.0,0.0,-71.1,-68.9,0.0 (cmd 0.0),0.0 (cmd 0.0)
1.5245,-68.87,0.0,0.0,-71.1,0.0,0.0,-71.1,-68.9,0.0 (cmd 0.0),0.0 (cmd 0.0)
1.525,-68.87,0.0,0.0,-71.1,0.0,0.0,-71.1,-68.9,0.0 (cmd 0.0),0.0 (cmd 0.0)
1.5255,-68.87,0.0,0.0,-71.1,0.0,0.0,-71.1,-68.9,0.0 (cmd 0.0),0.0 (cmd 0.0)
1.526,-68.87,0.0,0.0,-71.1,0.0,0.0,-71.1,-68.9,0.0 (cmd 0.0),0.0 (cmd 0.0)
1.5265,-68.87,0.0,0.0,-71.1,0.0,0.0,-71.1,-68.9,0.0 (cmd 0.0),0.0 (cmd 0.0)
1.527,-68.87,0.0,0.0,-71.1,0.0,0.0,-71.1,-68.9,0.0 (cmd 0.0),0.0 (cmd 0.0)
1.5275,-68.87,0.0,0.0,-71.11,0.0,0.0,-71.1,-68.9,0.0 (cmd 0.0),0.0 (cmd 0.0)
1.528,-68.87,0.0,0.0,-71.11,0.0,0.0,-71.1,-68.9,0.0 (cmd 0.0),0.0 (cmd 0.0)
1.5285,-68.87,0.0,0.0,-71.11,0.0,0.0,-71.1,-68.9,0.0 (cmd 0.0),0.0 (cmd 0.0)
1.529,-68.87,0.0,0.0,-71.1,0.0,0.0,-71.1,-68.9,0.0 (cmd 0.0),0.0 (cmd 0.0)
1.5295,-68.87,0.0,0.0,-71.1,0.0,0.0,-71.1,-68.9,0.0 (cmd 0.0),0.0 (cmd 0.0)
1.53,-68.87,0.0,0.0,-71.11,0.0,0.0,-71.1,-68.9,0.0 (cmd 0.0),0.0 (cmd 0.0)
1.5305,-68.87,0.0,0.0,-71.11,0.0,0.0,-71.1,-68.9,0.0 (cmd 0.0),0.0 (cmd 0.0)
1.531,-68.87,0.0,0.0,-71.11,0.0,0.0,-71.1,-68.9,0.0 (cmd 0.0),0.0 (cmd 0.0)
1.5315,-68.87,0.0,0.0,-71.11,0.0,0.0,-71.1,-68.9,0.0 (cmd 0.0),0.0 (cmd 0.0)
1.532,-68.87,0.0,0.0,-71.11,0.0,0.0,-71.1,-68.9,0.0 (cmd 0.0),0.0 (cmd 0.0)
1.5325,-68.87,0.0,0.0,-71.11,0.0,0.0,-71.1,-68.9,0.0 (cmd 0.0),0.0 (cmd 0.0)
1.533,-68.87,0.0,0.0,-71.11,0.0,0.0,-71.1,-68.9,0.0 (cmd 0.0),0.0 (cmd 0.0)
1.5335,-68.87,0.0,0.0,-71.11,0.0,0.0,-71.1,-68.9,0.0 (cmd 0.0),0.0 (cmd 0.0)
1.534,-68.87,0.0,0.0,-71.11,0.0,0.0,-71.1,-68.9,0.0 (cmd 0.0),0.0 (cmd 0.0)
1.5345,-68.87,0.0,0.0,-71.11,0.0,0.0,-71.1,-68.9,0.0 (cmd 0.0),0.0 (cmd 0.0)
1.535,-68.87,0.0,0.0,-71.11,0.0,0.0,-71.1,-68.9,0.0 (cmd 0.0),0.0 (cmd 0.0)
1.5355,-68.87,0.0,0.0,-71.11,0.0,0.0,-71.1,-68.9,0.0 (cmd 0.0),0.0 (cmd 0.0)
1.536,-68.87,0.0,0.0,-71.11,0.0,0.0,-71.1,-68.9,0.0 (cmd 0.0),0.0 (cmd 0.0)
1.5365,-68.87,0.0,0.0,-71.11,0.0,0.0,-71.1,-68.9,0.0 (cmd 0.0),0.0 (cmd 0.0)
1.537,-68.87,0.0,0.0,-71.11,0.0,0.0,-71.1,-68.9,0.0 (cmd 0.0),0.0 (cmd 0.0)
1.5375,-68.87,0.0,0.0,-71.11,0.0,0.0,-71.1,-68.9,0.0 (cmd 0.0),0.0 (cmd 0.0)
1.538,-68.87,0.0,0.0,-71.11,0.0,0.0,-71.1,-68.9,0.0 (cmd 0.0),0.0 (cmd 0.0)
1.5385,-68.85,0.0,0.0,-71.11,0.0,0.0,-71.1,-68.8,0.0 (cmd 0.0),0.0 (cmd 0.0)
1.539,-68.87,0.0,0.0,-71.1,0.0,0.0,-71.1,-68.9,0.0 (cmd 0.0),0.0 (cmd 0.0)
1.5395,-68.87,0.0,0.0,-71.07,0.0,0.0,-71.1,-68.9,0.0 (cmd 0.0),0.0 (cmd 0.0)
1.54,-68.84,0.0,0.0,-71.05,0.0,0.0,-71.0,-68.8,0.0 (cmd 0.0),0.0 (cmd 0.0)
1.5405,-68.83,0.0,0.0,-71.0,0.0,0.0,-71.0,-68.8,0.0 (cmd 0.0),0.0 (cmd 0.0)
1.541,-68.88,0.0,0.0,-70.98,0.0,0.0,-71.0,-68.9,0.0 (cmd 0.0),0.0 (cmd 0.0)
1.5415,-68.91,0.0,0.0,-71.0,0.0,0.0,-71.0,-68.9,0.0 (cmd 0.0),0.0 (cmd 0.0)
1.542,-68.94,0.0,0.0,-71.02,0.0,0.0,-71.0,-68.9,0.0 (cmd 0.0),0.0 (cmd 0.0)
1.5425,-68.94,0.0,0.0,-71.0,0.0,0.0,-71.0,-68.9,0.0 (cmd 0.0),0.0 (cmd 0.0)
1.543,-68.92,0.0,0.0,-70.99,0.0,0.0,-71.0,-68.9,0.0 (cmd 0.0),0.0 (cmd 0.0)
1.5435,-68.89,0.0,0.0,-70.98,0.0,0.0,-71.0,-68.9,0.0 (cmd 0.0),0.0 (cmd 0.0)
1.544,-68.85,0.0,0.0,-70.97,0.0,0.0,-71.0,-68.8,0.0 (cmd 0.0),0.0 (cmd 0.0)
1.5445,-68.84,0.0,0.0,-70.98,0.0,0.0,-71.0,-68.8,0.0 (cmd 0.0),0.0 (cmd 0.0)
1.545,-68.88,0.0,0.0,-70.98,0.0,0.0,-71.0,-68.9,0.0 (cmd 0.0),0.0 (cmd 0.0)
1.5455,-68.9,0.0,0.0,-70.99,0.0,0.0,-71.0,-68.9,0.0 (cmd 0.0),0.0 (cmd 0.0)
1.546,-68.9,0.0,0.0,-71.0,0.0,0.0,-71.0,-68.9,0.0 (cmd 0.0),0.0 (cmd 0.0)
1.5465,-68.88,0.0,0.0,-71.0,0.0,0.0,-71.0,-68.9,0.0 (cmd 0.0),0.0 (cmd 0.0)
1.547,-68.84,0.0,0.0,-70.98,0.0,0.0,-71.0,-68.8,0.0 (cmd 0.0),0.0 (cmd 0.0)
1.5475,-68.8,0.0,0.0,-70.97,0.0,0.0,-71.0,-68.8,0.0 (cmd 0.0),0.0 (cmd 0.0)
1.548,-68.8,0.0,0.0,-71.0,0.0,0.0,-71.0,-68.8,0.0 (cmd 0.0),0.0 (cmd 0.0)
1.5485,-68.81,0.0,0.0,-71.07,0.0,0.0,-71.1,-68.8,0.0 (cmd 0.0),0.0 (cmd 0.0)
1.549,-68.82,0.0,0.0,-71.1,0.0,0.0,-71.1,-68.8,0.0 (cmd 0.0),0.0 (cmd 0.0)
1.5495,-68.78,0.0,0.0,-71.08,0.0,0.0,-71.1,-68.8,0.0 (cmd 0.0),0.0 (cmd 0.0)
1.55,-68.76,0.0,0.0,-71.07,0.0,0.0,-71.1,-68.8,0.0 (cmd 0.0),0.0 (cmd 0.0)
1.5505,-68.76,0.0,0.0,-71.07,0.0,0.0,-71.1,-68.8,0.0 (cmd 0.0),0.0 (cmd 0.0)
1.551,-68.78,0.0,0.0,-71.09,0.0,0.0,-71.1,-68.8,0.0 (cmd 0.0),0.0 (cmd 0.0)
1.5515,-68.82,0.0,0.0,-71.12,0.0,0.0,-71.1,-68.8,0.0 (cmd 0.0),0.0 (cmd 0.0)
1.552,-68.84,0.0,0.0,-71.15,0.0,0.0,-71.2,-68.8,0.0 (cmd 0.0),0.0 (cmd 0.0)
1.5525,-68.87,0.0,0.0,-71.14,0.0,0.0,-71.1,-68.9,0.0 (cmd 0.0),0.0 (cmd 0.0)
1.553,-68.87,0.0,0.0,-71.12,0.0,0.0,-71.1,-68.9,0.0 (cmd 0.0),0.0 (cmd 0.0)
1.5535,-68.87,0.0,0.0,-71.11,0.0,0.0,-71.1,-68.9,0.0 (cmd 0.0),0.0 (cmd 0.0)
1.554,-68.84,0.0,0.0,-71.1,0.0,0.0,-71.1,-68.8,0.0 (cmd 0.0),0.0 (cmd 0.0)
1.5545,-68.83,0.0,0.0,-71.1,0.0,0.0,-71.1,-68.8,0.0 (cmd 0.0),0.0 (cmd 0.0)
1.555,-68.83,0.0,0.0,-71.09,0.0,0.0,-71.1,-68.8,0.0 (cmd 0.0),0.0 (cmd 0.0)
1.5555,-68.83,0.0,0.0,-71.08,0.0,0.0,-71.1,-68.8,0.0 (cmd 0.0),0.0 (cmd 0.0)
1.556,-68.82,0.0,0.0,-71.08,0.0,0.0,-71.1,-68.8,0.0 (cmd 0.0),0.0 (cmd 0.0)
1.5565,-68.82,0.0,0.0,-71.06,0.0,0.0,-71.1,-68.8,0.0 (cmd 0.0),0.0 (cmd 0.0)
1.557,-68.82,0.0,0.0,-71.06,0.0,0.0,-71.1,-68.8,0.0 (cmd 0.0),0.0 (cmd 0.0)
1.5575,-68.82,0.0,0.0,-71.06,0.0,0.0,-71.1,-68.8,0.0 (cmd 0.0),0.0 (cmd 0.0)
1.558,-68.82,0.0,0.0,-71.07,0.0,0.0,-71.1,-68.8,0.0 (cmd 0.0),0.0 (cmd 0.0)
1.5585,-68.82,0.0,0.0,-71.08,0.0,0.0,-71.1,-68.8,0.0 (cmd 0.0),0.0 (cmd 0.0)
1.559,-68.82,0.0,0.0,-71.08,0.0,0.0,-71.1,-68.8,0.0 (cmd 0.0),0.0 (cmd 0.0)
1.5595,-68.82,0.0,0.0,-71.06,0.0,0.0,-71.1,-68.8,0.0 (cmd 0.0),0.0 (cmd 0.0)
1.56,-68.82,0.0,0.0,-71.05,0.0,0.0,-71.0,-68.8,0.0 (cmd 0.0),0.0 (cmd 0.0)
1.5605,-68.82,0.0,0.0,-71.03,0.0,0.0,-71.0,-68.8,0.0 (cmd 0.0),0.0 (cmd 0.0)
1.561,-68.82,0.0,0.0,-71.01,0.0,0.0,-71.0,-68.8,0.0 (cmd 0.0),0.0 (cmd 0.0)
1.5615,-68.82,0.0,0.0,-70.99,0.0,0.0,-71.0,-68.8,0.0 (cmd 0.0),0.0 (cmd 0.0)
1.562,-68.82,0.0,0.0,-70.98,0.0,0.0,-71.0,-68.8,0.0 (cmd 0.0),0.0 (cmd 0.0)
1.5625,-68.82,0.0,0.0,-70.97,0.0,0.0,-71.0,-68.8,0.0 (cmd 0.0),0.0 (cmd 0.0)
1.563,-68.82,0.0,0.0,-70.97,0.0,0.0,-71.0,-68.8,0.0 (cmd 0.0),0.0 (cmd 0.0)
1.5635,-68.81,0.0,0.0,-70.97,0.0,0.0,-71.0,-68.8,0.0 (cmd 0.0),0.0 (cmd 0.0)
1.564,-68.81,0.0,0.0,-70.98,0.0,0.0,-71.0,-68.8,0.0 (cmd 0.0),0.0 (cmd 0.0)
1.5645,-68.81,0.0,0.0,-70.99,0.0,0.0,-71.0,-68.8,0.0 (cmd 0.0),0.0 (cmd 0.0)
1.565,-68.8,0.0,0.0,-70.98,0.0,0.0,-71.0,-68.8,0.0 (cmd 0.0),0.0 (cmd 0.0)
1.5655,-68.78,0.0,0.0,-70.95,0.0,0.0,-71.0,-68.8,0.0 (cmd 0.0),0.0 (cmd 0.0)
1.566,-68.76,0.0,0.0,-70.93,0.0,0.0,-70.9,-68.8,0.0 (cmd 0.0),0.0 (cmd 0.0)
1.5665,-68.73,0.0,0.0,-70.92,0.0,0.0,-70.9,-68.7,0.0 (cmd 0.0),0.0 (cmd 0.0)
1.567,-68.72,0.0,0.0,-70.92,0.0,0.0,-70.9,-68.7,0.0 (cmd 0.0),0.0 (cmd 0.0)
1.5675,-68.74,0.0,0.0,-70.9,0.0,0.0,-70.9,-68.7,0.0 (cmd 0.0),0.0 (cmd 0.0)
1.568,-68.74,0.0,0.0,-70.88,0.0,0.0,-70.9,-68.7,0.0 (cmd 0.0),0.0 (cmd 0.0)
1.5685,-68.73,0.0,0.0,-70.87,0.0,0.0,-70.9,-68.7,0.0 (cmd 0.0),0.0 (cmd 0.0)
1.569,-68.72,0.0,0.0,-70.84,0.0,0.0,-70.8,-68.7,0.0 (cmd 0.0),0.0 (cmd 0.0)
1.5695,-68.71,0.0,0.0,-70.82,0.0,0.0,-70.8,-68.7,0.0 (cmd 0.0),0.0 (cmd 0.0)
1.57,-68.71,0.0,0.0,-70.81,0.0,0.0,-70.8,-68.7,0.0 (cmd 0.0),0.0 (cmd 0.0)
1.5705,-68.73,0.0,0.0,-70.83,0.0,0.0,-70.8,-68.7,0.0 (cmd 0.0),0.0 (cmd 0.0)
1.571,-68.75,0.0,0.0,-70.86,0.0,0.0,-70.9,-68.8,0.0 (cmd 0.0),0.0 (cmd 0.0)
1.5715,-68.76,0.0,0.0,-70.87,0.0,0.0,-70.9,-68.8,0.0 (cmd 0.0),0.0 (cmd 0.0)
1.572,-68.76,0.0,0.0,-70.84,0.0,0.0,-70.8,-68.8,0.0 (cmd 0.0),0.0 (cmd 0.0)
1.5725,-68.76,0.0,0.0,-70.83,0.0,0.0,-70.8,-68.8,0.0 (cmd 0.0),0.0 (cmd 0.0)
1.573,-68.75,0.0,0.0,-70.82,0.0,0.0,-70.8,-68.8,0.0 (cmd 0.0),0.0 (cmd 0.0)
1.5735,-68.73,0.0,0.0,-70.85,0.0,0.0,-70.8,-68.7,0.0 (cmd 0.0),0.0 (cmd 0.0)
1.574,-68.71,0.0,0.0,-70.87,0.0,0.0,-70.9,-68.7,0.0 (cmd 0.0),0.0 (cmd 0.0)
1.5745,-68.72,0.0,0.0,-70.88,0.0,0.0,-70.9,-68.7,0.0 (cmd 0.0),0.0 (cmd 0.0)
1.575,-68.75,0.0,0.0,-70.88,0.0,0.0,-70.9,-68.8,0.0 (cmd 0.0),0.0 (cmd 0.0)
1.5755,-68.76,0.0,0.0,-70.88,0.0,0.0,-70.9,-68.8,0.0 (cmd 0.0),0.0 (cmd 0.0)
1.576,-68.76,0.0,0.0,-70.88,0.0,0.0,-70.9,-68.8,0.0 (cmd 0.0),0.0 (cmd 0.0)
1.5765,-68.76,0.0,0.0,-70.88,0.0,0.0,-70.9,-68.8,0.0 (cmd 0.0),0.0 (cmd 0.0)
1.577,-68.75,0.0,0.0,-70.88,0.0,0.0,-70.9,-68.8,0.0 (cmd 0.0),0.0 (cmd 0.0)
1.5775,-68.74,0.0,0.0,-70.88,0.0,0.0,-70.9,-68.7,0.0 (cmd 0.0),0.0 (cmd 0.0)
1.578,-68.73,0.0,0.0,-70.88,0.0,0.0,-70.9,-68.7,0.0 (cmd 0.0),0.0 (cmd 0.0)
1.5785,-68.73,0.0,0.0,-70.88,0.0,0.0,-70.9,-68.7,0.0 (cmd 0.0),0.0 (cmd 0.0)
1.579,-68.73,0.0,0.0,-70.89,0.0,0.0,-70.9,-68.7,0.0 (cmd 0.0),0.0 (cmd 0.0)
1.5795,-68.73,0.0,0.0,-70.88,0.0,0.0,-70.9,-68.7,0.0 (cmd 0.0),0.0 (cmd 0.0)
1.58,-68.72,0.0,0.0,-70.88,0.0,0.0,-70.9,-68.7,0.0 (cmd 0.0),0.0 (cmd 0.0)
1.5805,-68.72,0.0,0.0,-70.88,0.0,0.0,-70.9,-68.7,0.0 (cmd 0.0),0.0 (cmd 0.0)
1.581,-68.71,0.0,0.0,-70.87,0.0,0.0,-70.9,-68.7,0.0 (cmd 0.0),0.0 (cmd 0.0)
1.5815,-68.7,0.0,0.0,-70.87,0.0,0.0,-70.9,-68.7,0.0 (cmd 0.0),0.0 (cmd 0.0)
1.582,-68.7,0.0,0.0,-70.87,0.0,0.0,-70.9,-68.7,0.0 (cmd 0.0),0.0 (cmd 0.0)
1.5825,-68.68,0.0,0.0,-70.87,0.0,0.0,-70.9,-68.7,0.0 (cmd 0.0),0.0 (cmd 0.0)
1.583,-68.68,0.0,0.0,-70.87,0.0,0.0,-70.9,-68.7,0.0 (cmd 0.0),0.0 (cmd 0.0)
1.5835,-68.68,0.0,0.0,-70.87,0.0,0.0,-70.9,-68.7,0.0 (cmd 0.0),0.0 (cmd 0.0)
1.584,-68.68,0.0,0.0,-70.87,0.0,0.0,-70.9,-68.7,0.0 (cmd 0.0),0.0 (cmd 0.0)
1.5845,-68.67,0.0,0.0,-70.87,0.0,0.0,-70.9,-68.7,0.0 (cmd 0.0),0.0 (cmd 0.0)
1.585,-68.67,0.0,0.0,-70.87,0.0,0.0,-70.9,-68.7,0.0 (cmd 0.0),0.0 (cmd 0.0)
1.5855,-68.67,0.0,0.0,-70.86,0.0,0.0,-70.9,-68.7,0.0 (cmd 0.0),0.0 (cmd 0.0)
1.586,-68.66,0.0,0.0,-70.86,0.0,0.0,-70.9,-68.7,0.0 (cmd 0.0),0.0 (cmd 0.0)
1.5865,-68.66,0.0,0.0,-70.87,0.0,0.0,-70.9,-68.7,0.0 (cmd 0.0),0.0 (cmd 0.0)
1.587,-68.66,0.0,0.0,-70.87,0.0,0.0,-70.9,-68.7,0.0 (cmd 0.0),0.0 (cmd 0.0)
1.5875,-68.66,0.0,0.0,-70.87,0.0,0.0,-70.9,-68.7,0.0 (cmd 0.0),0.0 (cmd 0.0)
1.588,-68.66,0.0,0.0,-70.87,0.0,0.0,-70.9,-68.7,0.0 (cmd 0.0),0.0 (cmd 0.0)
1.5885,-68.66,0.0,0.0,-70.87,0.0,0.0,-70.9,-68.7,0.0 (cmd 0.0),0.0 (cmd 0.0)
1.589,-68.66,0.0,0.0,-70.87,0.0,0.0,-70.9,-68.7,0.0 (cmd 0.0),0.0 (cmd 0.0)
1.5895,-68.66,0.0,0.0,-70.87,0.0,0.0,-70.9,-68.7,0.0 (cmd 0.0),0.0 (cmd 0.0)
1.59,-68.66,0.0,0.0,-70.87,0.0,0.0,-70.9,-68.7,0.0 (cmd 0.0),0.0 (cmd 0.0)
1.5905,-68.66,0.0,0.0,-70.87,0.0,0.0,-70.9,-68.7,0.0 (cmd 0.0),0.0 (cmd 0.0)
1.591,-68.66,0.0,0.0,-70.87,0.0,0.0,-70.9,-68.7,0.0 (cmd 0.0),0.0 (cmd 0.0)
1.5915,-68.66,0.0,0.0,-70.87,0.0,0.0,-70.9,-68.7,0.0 (cmd 0.0),0.0 (cmd 0.0)
1.592,-68.66,0.0,0.0,-70.87,0.0,0.0,-70.9,-68.7,0.0 (cmd 0.0),0.0 (cmd 0.0)
1.5925,-68.66,0.0,0.0,-70.87,0.0,0.0,-70.9,-68.7,0.0 (cmd 0.0),0.0 (cmd 0.0)
1.593,-68.65,0.0,0.0,-70.88,0.0,0.0,-70.9,-68.7,0.0 (cmd 0.0),0.0 (cmd 0.0)
1.5935,-68.67,0.0,0.0,-70.88,0.0,0.0,-70.9,-68.7,0.0 (cmd 0.0),0.0 (cmd 0.0)
1.594,-68.71,0.0,0.0,-70.88,0.0,0.0,-70.9,-68.7,0.0 (cmd 0.0),0.0 (cmd 0.0)
1.5945,-68.73,0.0,0.0,-70.86,0.0,0.0,-70.9,-68.7,0.0 (cmd 0.0),0.0 (cmd 0.0)
1.595,-68.71,0.0,0.0,-70.83,0.0,0.0,-70.8,-68.7,0.0 (cmd 0.0),0.0 (cmd 0.0)
1.5955,-68.7,0.0,0.0,-70.79,0.0,0.0,-70.8,-68.7,0.0 (cmd 0.0),0.0 (cmd 0.0)
1.596,-68.67,0.0,0.0,-70.75,0.0,0.0,-70.8,-68.7,0.0 (cmd 0.0),0.0 (cmd 0.0)
1.5965,-68.6,0.0,0.0,-70.69,0.0,0.0,-70.7,-68.6,0.0 (cmd 0.0),0.0 (cmd 0.0)
1.597,-68.57,0.0,0.0,-70.61,0.0,0.0,-70.6,-68.6,0.0 (cmd 0.0),0.0 (cmd 0.0)
1.5975,-68.52,0.0,0.0,-70.53,0.0,0.0,-70.5,-68.5,0.0 (cmd 0.0),0.0 (cmd 0.0)
1.598,-68.47,0.0,0.0,-70.49,0.0,0.0,-70.5,-68.5,0.0 (cmd 0.0),0.0 (cmd 0.0)
1.5985,-68.42,0.0,0.0,-70.37,0.0,0.0,-70.4,-68.4,0.0 (cmd 0.0),0.0 (cmd 0.0)
1.599,-68.36,0.0,0.0,-70.28,0.0,0.0,-70.3,-68.4,0.0 (cmd 0.0),0.0 (cmd 0.0)
1.5995,-68.28,0.0,0.0,-70.23,0.0,0.0,-70.2,-68.3,0.0 (cmd 0.0),0.0 (cmd 0.0)
1.6,-68.22,0.0,0.0,-70.12,0.0,0.0,-70.1,-68.2,0.0 (cmd 0.0),0.0 (cmd 0.0)
1.6005,-68.2,0.0,0.0,-70.03,0.0,0.0,-70.0,-68.2,0.0 (cmd 0.0),0.0 (cmd 0.0)
1.601,-68.08,0.0,0.0,-69.97,0.0,0.0,-70.0,-68.1,0.0 (cmd 0.0),0.0 (cmd 0.0)
1.6015,-68.05,0.0,0.0,-69.94,0.0,0.0,-69.9,-68.0,0.0 (cmd 0.0),0.0 (cmd 0.0)
1.602,-68.0,0.0,0.0,-69.87,0.0,0.0,-69.9,-68.0,0.0 (cmd 0.0),0.0 (cmd 0.0)
1.6025,-67.96,0.0,0.0,-69.77,0.0,0.0,-69.8,-68.0,0.0 (cmd 0.0),0.0 (cmd 0.0)
1.603,-67.92,0.0,0.0,-69.68,0.0,0.0,-69.7,-67.9,0.0 (cmd 0.0),0.0 (cmd 0.0)
1.6035,-67.88,0.0,0.0,-69.64,0.0,0.0,-69.6,-67.9,0.0 (cmd 0.0),0.0 (cmd 0.0)
1.604,-67.87,0.0,0.0,-69.6,0.0,0.0,-69.6,-67.9,0.0 (cmd 0.0),0.0 (cmd 0.0)
1.6045,-67.87,0.0,0.0,-69.6,0.0,0.0,-69.6,-67.9,0.0 (cmd 0.0),0.0 (cmd 0.0)
1.605,-67.86,0.0,0.0,-69.59,0.0,0.0,-69.6,-67.9,0.0 (cmd 0.0),0.0 (cmd 0.0)
1.6055,-67.86,0.0,0.0,-69.57,0.0,0.0,-69.6,-67.9,0.0 (cmd 0.0),0.0 (cmd 0.0)
1.606,-67.87,0.0,0.0,-69.58,0.0,0.0,-69.6,-67.9,0.0 (cmd 0.0),0.0 (cmd 0.0)
1.6065,-67.86,0.0,0.0,-69.58,0.0,0.0,-69.6,-67.9,0.0 (cmd 0.0),0.0 (cmd 0.0)
1.607,-67.87,0.0,0.0,-69.6,0.0,0.0,-69.6,-67.9,0.0 (cmd 0.0),0.0 (cmd 0.0)
1.6075,-67.86,0.0,0.0,-69.59,0.0,0.0,-69.6,-67.9,0.0 (cmd 0.0),0.0 (cmd 0.0)
1.608,-67.87,0.0,0.0,-69.61,0.0,0.0,-69.6,-67.9,0.0 (cmd 0.0),0.0 (cmd 0.0)
1.6085,-67.88,0.0,0.0,-69.64,0.0,0.0,-69.6,-67.9,0.0 (cmd 0.0),0.0 (cmd 0.0)
1.609,-67.9,0.0,0.0,-69.67,0.0,0.0,-69.7,-67.9,0.0 (cmd 0.0),0.0 (cmd 0.0)
1.6095,-67.89,0.0,0.0,-69.7,0.0,0.0,-69.7,-67.9,0.0 (cmd 0.0),0.0 (cmd 0.0)
1.61,-67.88,0.0,0.0,-69.71,0.0,0.0,-69.7,-67.9,0.0 (cmd 0.0),0.0 (cmd 0.0)
1.6105,-67.86,0.0,0.0,-69.72,0.0,0.0,-69.7,-67.9,0.0 (cmd 0.0),0.0 (cmd 0.0)
1.611,-67.84,0.0,0.0,-69.73,0.0,0.0,-69.7,-67.8,0.0 (cmd 0.0),0.0 (cmd 0.0)
1.6115,-67.83,0.0,0.0,-69.74,0.0,0.0,-69.7,-67.8,0.0 (cmd 0.0),0.0 (cmd 0.0)
1.612,-67.83,0.0,0.0,-69.75,0.0,0.0,-69.8,-67.8,0.0 (cmd 0.0),0.0 (cmd 0.0)
1.6125,-67.82,0.0,0.0,-69.76,0.0,0.0,-69.8,-67.8,0.0 (cmd 0.0),0.0 (cmd 0.0)
1.613,-67.81,0.0,0.0,-69.77,0.0,0.0,-69.8,-67.8,0.0 (cmd 0.0),0.0 (cmd 0.0)
1.6135,-67.81,0.0,0.0,-69.78,0.0,0.0,-69.8,-67.8,0.0 (cmd 0.0),0.0 (cmd 0.0)
1.614,-67.79,0.0,0.0,-69.79,0.0,0.0,-69.8,-67.8,0.0 (cmd 0.0),0.0 (cmd 0.0)
1.6145,-67.79,0.0,0.0,-69.79,0.0,0.0,-69.8,-67.8,0.0 (cmd 0.0),0.0 (cmd 0.0)
1.615,-67.79,0.0,0.0,-69.79,0.0,0.0,-69.8,-67.8,0.0 (cmd 0.0),0.0 (cmd 0.0)
1.6155,-67.78,0.0,0.0,-69.79,0.0,0.0,-69.8,-67.8,0.0 (cmd 0.0),0.0 (cmd 0.0)
1.616,-67.79,0.0,0.0,-69.8,0.0,0.0,-69.8,-67.8,0.0 (cmd 0.0),0.0 (cmd 0.0)
1.6165,-67.78,0.0,0.0,-69.8,0.0,0.0,-69.8,-67.8,0.0 (cmd 0.0),0.0 (cmd 0.0)
1.617,-67.78,0.0,0.0,-69.8,0.0,0.0,-69.8,-67.8,0.0 (cmd 0.0),0.0 (cmd 0.0)
1.6175,-67.74,0.0,0.0,-69.81,0.0,0.0,-69.8,-67.7,0.0 (cmd 0.0),0.0 (cmd 0.0)
1.618,-67.73,0.0,0.0,-69.8,0.0,0.0,-69.8,-67.7,0.0 (cmd 0.0),0.0 (cmd 0.0)
1.6185,-67.74,0.0,0.0,-69.79,0.0,0.0,-69.8,-67.7,0.0 (cmd 0.0),0.0 (cmd 0.0)
1.619,-67.72,0.0,0.0,-69.72,0.0,0.0,-69.7,-67.7,0.0 (cmd 0.0),0.0 (cmd 0.0)
1.6195,-67.62,0.0,0.0,-69.66,0.0,0.0,-69.7,-67.6,0.0 (cmd 0.0),0.0 (cmd 0.0)
1.62,-67.58,0.0,0.0,-69.66,0.0,0.0,-69.7,-67.6,0.0 (cmd 0.0),0.0 (cmd 0.0)
1.6205,-67.6,0.0,0.0,-69.66,0.0,0.0,-69.7,-67.6,0.0 (cmd 0.0),0.0 (cmd 0.0)
1.621,-67.61,0.0,0.0,-69.62,0.0,0.0,-69.6,-67.6,0.0 (cmd 0.0),0.0 (cmd 0.0)
1.6215,-67.6,0.0,0.0,-69.55,0.0,0.0,-69.5,-67.6,0.0 (cmd 0.0),0.0 (cmd 0.0)
1.622,-67.6,0.0,0.0,-69.6,0.0,0.0,-69.6,-67.6,0.0 (cmd 0.0),0.0 (cmd 0.0)
1.6225,-67.68,0.0,0.0,-69.69,0.0,0.0,-69.7,-67.7,0.0 (cmd 0.0),0.0 (cmd 0.0)
1.623,-67.7,0.0,0.0,-69.67,0.0,0.0,-69.7,-67.7,0.0 (cmd 0.0),0.0 (cmd 0.0)
1.6235,-67.71,0.0,0.0,-69.7,0.0,0.0,-69.7,-67.7,0.0 (cmd 0.0),0.0 (cmd 0.0)
1.624,-67.77,0.0,0.0,-69.89,0.0,0.0,-69.9,-67.8,0.0 (cmd 0.0),0.0 (cmd 0.0)
1.6245,-67.67,0.0,0.0,-70.03,0.0,0.0,-70.0,-67.7,0.0 (cmd 0.0),0.0 (cmd 0.0)
1.625,-67.76,0.0,0.0,-70.08,0.0,0.0,-70.1,-67.8,0.0 (cmd 0.0),0.0 (cmd 0.0)
1.6255,-67.92,0.0,0.0,-70.21,0.0,0.0,-70.2,-67.9,0.0 (cmd 0.0),0.0 (cmd 0.0)
1.626,-67.95,0.0,0.0,-70.25,0.0,0.0,-70.2,-68.0,0.0 (cmd 0.0),0.0 (cmd 0.0)
1.6265,-68.12,0.0,0.0,-70.37,0.0,0.0,-70.4,-68.1,0.0 (cmd 0.0),0.0 (cmd 0.0)
1.627,-68.15,0.0,0.0,-70.43,0.0,0.0,-70.4,-68.2,0.0 (cmd 0.0),0.0 (cmd 0.0)
1.6275,-68.11,0.0,0.0,-70.44,0.0,0.0,-70.4,-68.1,0.0 (cmd 0.0),0.0 (cmd 0.0)
1.628,-68.06,0.0,0.0,-70.51,0.0,0.0,-70.5,-68.1,0.0 (cmd 0.0),0.0 (cmd 0.0)
1.6285,-68.01,0.0,0.0,-70.45,0.0,0.0,-70.5,-68.0,0.0 (cmd 0.0),0.0 (cmd 0.0)
1.629,-67.89,0.0,0.0,-70.32,0.0,0.0,-70.3,-67.9,0.0 (cmd 0.0),0.0 (cmd 0.0)
1.6295,-67.74,0.0,0.0,-70.18,0.0,0.0,-70.2,-67.7,0.0 (cmd 0.0),0.0 (cmd 0.0)
1.63,-67.58,0.0,0.0,-70.05,0.0,0.0,-70.0,-67.6,0.0 (cmd 0.0),0.0 (cmd 0.0)
1.6305,-67.41,0.0,0.0,-70.0,0.0,0.0,-70.0,-67.4,0.0 (cmd 0.0),0.0 (cmd 0.0)
1.631,-67.28,0.0,0.0,-69.93,0.0,0.0,-69.9,-67.3,0.0 (cmd 0.0),0.0 (cmd 0.0)
1.6315,-67.23,0.0,0.0,-69.97,0.0,0.0,-70.0,-67.2,0.0 (cmd 0.0),0.0 (cmd 0.0)
1.632,-67.23,0.0,0.0,-70.02,0.0,0.0,-70.0,-67.2,0.0 (cmd 0.0),0.0 (cmd 0.0)
1.6325,-67.26,0.0,0.0,-70.07,0.0,0.0,-70.1,-67.3,0.0 (cmd 0.0),0.0 (cmd 0.0)
1.633,-67.26,0.0,0.0,-70.05,0.0,0.0,-70.0,-67.3,0.0 (cmd 0.0),0.0 (cmd 0.0)
1.6335,-67.31,0.0,0.0,-70.06,0.0,0.0,-70.1,-67.3,0.0 (cmd 0.0),0.0 (cmd 0.0)
1.634,-67.33,0.0,0.0,-70.14,0.0,0.0,-70.1,-67.3,0.0 (cmd 0.0),0.0 (cmd 0.0)
1.6345,-67.44,0.0,0.0,-70.19,0.0,0.0,-70.2,-67.4,0.0 (cmd 0.0),0.0 (cmd 0.0)
1.635,-67.69,0.0,0.0,-70.42,0.0,0.0,-70.4,-67.7,0.0 (cmd 0.0),0.0 (cmd 0.0)
1.6355,-68.0,0.0,0.0,-70.51,0.0,0.0,-70.5,-68.0,0.0 (cmd 0.0),0.0 (cmd 0.0)
1.636,-68.33,0.0,0.0,-70.71,0.0,0.0,-70.7,-68.3,0.0 (cmd 0.0),0.0 (cmd 0.0)
1.6365,-68.68,0.0,0.0,-70.99,0.0,0.0,-71.0,-68.7,0.0 (cmd 0.0),0.0 (cmd 0.0)
1.637,-69.06,0.0,0.0,-71.25,0.0,0.0,-71.2,-69.1,0.0 (cmd 0.0),0.0 (cmd 0.0)
1.6375,-69.24,0.0,0.0,-71.57,0.0,0.0,-71.6,-69.2,0.0 (cmd 0.0),0.0 (cmd 0.0)
1.638,-69.59,0.0,0.0,-71.9,0.0,0.0,-71.9,-69.6,0.0 (cmd 0.0),0.0 (cmd 0.0)
1.6385,-69.96,0.0,0.0,-72.22,0.0,0.0,-72.2,-70.0,0.0 (cmd 0.0),0.0 (cmd 0.0)
1.639,-70.2,0.0,0.0,-72.41,0.0,0.0,-72.4,-70.2,0.0 (cmd 0.0),0.0 (cmd 0.0)
1.6395,-70.4,0.0,0.0,-72.63,0.0,0.0,-72.6,-70.4,0.0 (cmd 0.0),0.0 (cmd 0.0)
1.64,-70.84,0.0,0.0,-72.82,0.0,0.0,-72.8,-70.8,0.0 (cmd 0.0),0.0 (cmd 0.0)
1.6405,-71.08,0.0,0.0,-72.98,0.0,0.0,-73.0,-71.1,0.0 (cmd 0.0),0.0 (cmd 0.0)
1.641,-71.21,0.0,0.0,-73.16,0.0,0.0,-73.2,-71.2,0.0 (cmd 0.0),0.0 (cmd 0.0)
1.6415,-71.29,0.0,0.0,-73.3,0.0,0.0,-73.3,-71.3,0.0 (cmd 0.0),0.0 (cmd 0.0)
1.642,-71.38,0.0,0.0,-73.35,0.0,0.0,-73.3,-71.4,0.0 (cmd 0.0),0.0 (cmd 0.0)
1.6425,-71.43,0.0,0.0,-73.41,0.0,0.0,-73.4,-71.4,0.0 (cmd 0.0),0.0 (cmd 0.0)
1.643,-71.6,0.0,0.0,-73.56,0.0,0.0,-73.6,-71.6,0.0 (cmd 0.0),0.0 (cmd 0.0)
1.6435,-71.73,0.0,0.0,-73.72,0.0,0.0,-73.7,-71.7,0.0 (cmd 0.0),0.0 (cmd 0.0)
1.644,-71.97,0.0,0.0,-73.78,0.0,0.0,-73.8,-72.0,0.0 (cmd 0.0),0.0 (cmd 0.0)
1.6445,-72.04,0.0,0.0,-73.85,0.0,0.0,-73.8,-72.0,0.0 (cmd 0.0),0.0 (cmd 0.0)
1.645,-72.12,0.0,0.0,-73.95,0.0,0.0,-74.0,-72.1,0.0 (cmd 0.0),0.0 (cmd 0.0)
1.6455,-72.24,0.0,0.0,-74.09,0.0,0.0,-74.1,-72.2,0.0 (cmd 0.0),0.0 (cmd 0.0)
1.646,-72.32,0.0,0.0,-74.16,0.0,0.0,-74.2,-72.3,0.0 (cmd 0.0),0.0 (cmd 0.0)
1.6465,-72.46,0.0,0.0,-74.22,0.0,0.0,-74.2,-72.5,0.0 (cmd 0.0),0.0 (cmd 0.0)
1.647,-72.64,0.0,0.0,-74.33,0.0,0.0,-74.3,-72.6,0.0 (cmd 0.0),0.0 (cmd 0.0)
1.6475,-72.85,0.0,0.0,-74.5,0.0,0.0,-74.5,-72.8,0.0 (cmd 0.0),0.0 (cmd 0.0)
1.648,-72.97,0.0,0.0,-74.65,0.0,0.0,-74.7,-73.0,0.0 (cmd 0.0),0.0 (cmd 0.0)
1.6485,-73.1,0.0,0.0,-74.76,0.0,0.0,-74.8,-73.1,0.0 (cmd 0.0),0.0 (cmd 0.0)
1.649,-73.25,0.0,0.0,-74.88,0.0,0.0,-74.9,-73.2,0.0 (cmd 0.0),0.0 (cmd 0.0)
1.6495,-73.33,0.0,0.0,-74.95,0.0,0.0,-75.0,-73.3,0.0 (cmd 0.0),0.0 (cmd 0.0)
1.65,-73.36,0.0,0.0,-75.01,0.0,0.0,-75.0,-73.4,0.0 (cmd 0.0),0.0 (cmd 0.0)
1.6505,-73.4,0.0,0.0,-75.04,0.0,0.0,-75.0,-73.4,0.0 (cmd 0.0),0.0 (cmd 0.0)
1.651,-73.52,0.0,0.0,-75.08,0.0,0.0,-75.1,-73.5,0.0 (cmd 0.0),0.0 (cmd 0.0)
1.6515,-73.64,0.0,0.0,-75.15,0.0,0.0,-75.2,-73.6,0.0 (cmd 0.0),0.0 (cmd 0.0)
1.652,-73.77,0.0,0.0,-75.23,0.0,0.0,-75.2,-73.8,0.0 (cmd 0.0),0.0 (cmd 0.0)
1.6525,-73.9,0.0,0.0,-75.28,0.0,0.0,-75.3,-73.9,0.0 (cmd 0.0),0.0 (cmd 0.0)
1.653,-74.08,0.0,0.0,-75.27,0.0,0.0,-75.3,-74.1,0.0 (cmd 0.0),0.0 (cmd 0.0)
1.6535,-74.14,0.0,0.0,-75.22,0.0,0.0,-75.2,-74.1,0.0 (cmd 0.0),0.0 (cmd 0.0)
1.654,-74.11,0.0,0.0,-75.17,0.0,0.0,-75.2,-74.1,0.0 (cmd 0.0),0.0 (cmd 0.0)
1.6545,-74.05,0.0,0.0,-75.07,0.0,0.0,-75.1,-74.0,0.0 (cmd 0.0),0.0 (cmd 0.0)
1.655,-74.01,0.0,0.0,-75.02,0.0,0.0,-75.0,-74.0,0.0 (cmd 0.0),0.0 (cmd 0.0)
1.6555,-74.02,0.0,0.0,-74.98,0.0,0.0,-75.0,-74.0,0.0 (cmd 0.0),0.0 (cmd 0.0)
1.656,-74.08,0.0,0.0,-75.06,0.0,0.0,-75.1,-74.1,0.0 (cmd 0.0),0.0 (cmd 0.0)
1.6565,-74.12,0.0,0.0,-75.1,0.0,0.0,-75.1,-74.1,0.0 (cmd 0.0),0.0 (cmd 0.0)
1.657,-74.15,0.0,0.0,-75.11,0.0,0.0,-75.1,-74.2,0.0 (cmd 0.0),0.0 (cmd 0.0)
1.6575,-74.21,0.0,0.0,-75.13,0.0,0.0,-75.1,-74.2,0.0 (cmd 0.0),0.0 (cmd 0.0)
1.658,-74.3,0.0,0.0,-75.3,0.0,0.0,-75.3,-74.3,0.0 (cmd 0.0),0.0 (cmd 0.0)
1.6585,-74.4,0.0,0.0,-75.52,0.0,0.0,-75.5,-74.4,0.0 (cmd 0.0),0.0 (cmd 0.0)
1.659,-74.53,0.0,0.0,-75.84,0.0,0.0,-75.8,-74.5,0.0 (cmd 0.0),0.0 (cmd 0.0)
1.6595,-74.71,0.0,0.0,-76.19,0.0,0.0,-76.2,-74.7,0.0 (cmd 0.0),0.0 (cmd 0.0)
1.66,-74.83,0.0,0.0,-76.38,0.0,0.0,-76.4,-74.8,0.0 (cmd 0.0),0.0 (cmd 0.0)
1.6605,-74.92,0.0,0.0,-76.48,0.0,0.0,-76.5,-74.9,0.0 (cmd 0.0),0.0 (cmd 0.0)
1.661,-74.98,0.0,0.0,-76.51,0.0,0.0,-76.5,-75.0,0.0 (cmd 0.0),0.0 (cmd 0.0)
1.6615,-75.07,0.0,0.0,-76.61,0.0,0.0,-76.6,-75.1,0.0 (cmd 0.0),0.0 (cmd 0.0)
1.662,-75.14,0.0,0.0,-76.66,0.0,0.0,-76.7,-75.1,0.0 (cmd 0.0),0.0 (cmd 0.0)
1.6625,-75.25,0.0,0.0,-76.76,0.0,0.0,-76.8,-75.2,0.0 (cmd 0.0),0.0 (cmd 0.0)
1.663,-75.37,0.0,0.0,-76.8,0.0,0.0,-76.8,-75.4,0.0 (cmd 0.0),0.0 (cmd 0.0)
1.6635,-75.38,0.0,0.0,-76.85,0.0,0.0,-76.8,-75.4,0.0 (cmd 0.0),0.0 (cmd 0.0)
1.664,-75.41,0.0,0.0,-76.75,0.0,0.0,-76.8,-75.4,0.0 (cmd 0.0),0.0 (cmd 0.0)
1.6645,-75.4,0.0,0.0,-76.39,0.0,0.0,-76.4,-75.4,0.0 (cmd 0.0),0.0 (cmd 0.0)
1.665,-75.31,0.0,0.0,-76.01,0.0,0.0,-76.0,-75.3,0.0 (cmd 0.0),0.0 (cmd 0.0)
1.6655,-75.18,0.0,0.0,-75.63,0.0,0.0,-75.6,-75.2,0.0 (cmd 0.0),0.0 (cmd 0.0)
1.666,-75.13,0.0,0.0,-75.24,0.0,0.0,-75.2,-75.1,0.0 (cmd 0.0),0.0 (cmd 0.0)
1.6665,-74.91,0.0,0.0,-74.99,0.0,0.0,-75.0,-74.9,0.0 (cmd 0.0),0.0 (cmd 0.0)
1.667,-74.72,0.0,0.0,-74.99,0.0,0.0,-75.0,-74.7,0.0 (cmd 0.0),0.0 (cmd 0.0)
1.6675,-74.63,0.0,0.0,-74.94,0.0,0.0,-74.9,-74.6,0.0 (cmd 0.0),0.0 (cmd 0.0)
1.668,-74.56,0.0,0.0,-75.17,0.0,0.0,-75.2,-74.6,0.0 (cmd 0.0),0.0 (cmd 0.0)
1.6685,-74.45,0.0,0.0,-75.19,0.0,0.0,-75.2,-74.5,0.0 (cmd 0.0),0.0 (cmd 0.0)
1.669,-74.23,0.0,0.0,-75.17,0.0,0.0,-75.2,-74.2,0.0 (cmd 0.0),0.0 (cmd 0.0)
1.6695,-74.01,0.0,0.0,-75.06,0.0,0.0,-75.1,-74.0,0.0 (cmd 0.0),0.0 (cmd 0.0)
1.67,-73.83,0.0,0.0,-74.85,0.0,0.0,-74.8,-73.8,0.0 (cmd 0.0),0.0 (cmd 0.0)
1.6705,-73.71,0.0,0.0,-74.71,0.0,0.0,-74.7,-73.7,0.0 (cmd 0.0),0.0 (cmd 0.0)
1.671,-73.48,0.0,0.0,-74.65,0.0,0.0,-74.7,-73.5,0.0 (cmd 0.0),0.0 (cmd 0.0)
1.6715,-73.32,0.0,0.0,-74.67,0.0,0.0,-74.7,-73.3,0.0 (cmd 0.0),0.0 (cmd 0.0)
1.672,-73.17,0.0,0.0,-74.72,0.0,0.0,-74.7,-73.2,0.0 (cmd 0.0),0.0 (cmd 0.0)
1.6725,-73.0,0.0,0.0,-74.73,0.0,0.0,-74.7,-73.0,0.0 (cmd 0.0),0.0 (cmd 0.0)
1.673,-72.79,0.0,0.0,-74.71,0.0,0.0,-74.7,-72.8,0.0 (cmd 0.0),0.0 (cmd 0.0)
1.6735,-72.41,0.0,0.0,-74.74,0.0,0.0,-74.7,-72.4,0.0 (cmd 0.0),0.0 (cmd 0.0)
1.674,-72.19,0.0,0.0,-74.73,0.0,0.0,-74.7,-72.2,0.0 (cmd 0.0),0.0 (cmd 0.0)
1.6745,-72.11,0.0,0.0,-74.72,0.0,0.0,-74.7,-72.1,0.0 (cmd 0.0),0.0 (cmd 0.0)
1.675,-72.01,0.0,0.0,-74.73,0.0,0.0,-74.7,-72.0,0.0 (cmd 0.0),0.0 (cmd 0.0)
1.6755,-71.88,0.0,0.0,-74.74,0.0,0.0,-74.7,-71.9,0.0 (cmd 0.0),0.0 (cmd 0.0)
1.676,-71.77,0.0,0.0,-74.74,0.0,0.0,-74.7,-71.8,0.0 (cmd 0.0),0.0 (cmd 0.0)
1.6765,-71.54,0.0,0.0,-74.72,0.0,0.0,-74.7,-71.5,0.0 (cmd 0.0),0.0 (cmd 0.0)
1.677,-71.36,0.0,0.0,-74.67,0.0,0.0,-74.7,-71.4,0.0 (cmd 0.0),0.0 (cmd 0.0)
1.6775,-70.84,0.0,0.0,-74.56,0.0,0.0,-74.6,-70.8,0.0 (cmd 0.0),0.0 (cmd 0.0)
1.678,-70.61,0.0,0.0,-74.45,0.0,0.0,-74.5,-70.6,0.0 (cmd 0.0),0.0 (cmd 0.0)
1.6785,-70.37,0.0,0.0,-74.35,0.0,0.0,-74.3,-70.4,0.0 (cmd 0.0),0.0 (cmd 0.0)
1.679,-70.11,0.0,0.0,-74.22,0.0,0.0,-74.2,-70.1,0.0 (cmd 0.0),0.0 (cmd 0.0)
1.6795,-70.05,0.0,0.0,-74.12,0.0,0.0,-74.1,-70.0,0.0 (cmd 0.0),0.0 (cmd 0.0)
1.68,-69.94,0.0,0.0,-74.05,0.0,0.0,-74.0,-69.9,0.0 (cmd 0.0),0.0 (cmd 0.0)
1.6805,-69.87,0.0,0.0,-74.0,0.0,0.0,-74.0,-69.9,0.0 (cmd 0.0),0.0 (cmd 0.0)
1.681,-69.78,0.0,0.0,-73.98,0.0,0.0,-74.0,-69.8,0.0 (cmd 0.0),0.0 (cmd 0.0)
1.6815,-69.75,0.0,0.0,-73.96,0.0,0.0,-74.0,-69.8,0.0 (cmd 0.0),0.0 (cmd 0.0)
1.682,-69.73,0.0,0.0,-74.0,0.0,0.0,-74.0,-69.7,0.0 (cmd 0.0),0.0 (cmd 0.0)
1.6825,-69.74,0.0,0.0,-74.0,0.0,0.0,-74.0,-69.7,0.0 (cmd 0.0),0.0 (cmd 0.0)
1.683,-69.78,0.0,0.0,-73.98,0.0,0.0,-74.0,-69.8,0.0 (cmd 0.0),0.0 (cmd 0.0)
1.6835,-69.77,0.0,0.0,-73.98,0.0,0.0,-74.0,-69.8,0.0 (cmd 0.0),0.0 (cmd 0.0)
1.684,-69.73,0.0,0.0,-73.95,0.0,0.0,-74.0,-69.7,0.0 (cmd 0.0),0.0 (cmd 0.0)
1.6845,-69.72,0.0,0.0,-73.93,0.0,0.0,-73.9,-69.7,0.0 (cmd 0.0),0.0 (cmd 0.0)
1.685,-69.69,0.0,0.0,-73.95,0.0,0.0,-74.0,-69.7,0.0 (cmd 0.0),0.0 (cmd 0.0)
1.6855,-69.67,0.0,0.0,-73.96,0.0,0.0,-74.0,-69.7,0.0 (cmd 0.0),0.0 (cmd 0.0)
1.686,-69.7,0.0,0.0,-73.97,0.0,0.0,-74.0,-69.7,0.0 (cmd 0.0),0.0 (cmd 0.0)
1.6865,-69.72,0.0,0.0,-73.96,0.0,0.0,-74.0,-69.7,0.0 (cmd 0.0),0.0 (cmd 0.0)
1.687,-69.74,0.0,0.0,-73.96,0.0,0.0,-74.0,-69.7,0.0 (cmd 0.0),0.0 (cmd 0.0)
1.6875,-69.77,0.0,0.0,-73.96,0.0,0.0,-74.0,-69.8,0.0 (cmd 0.0),0.0 (cmd 0.0)
1.688,-69.78,0.0,0.0,-73.98,0.0,0.0,-74.0,-69.8,0.0 (cmd 0.0),0.0 (cmd 0.0)
1.6885,-69.79,0.0,0.0,-73.97,0.0,0.0,-74.0,-69.8,0.0 (cmd 0.0),0.0 (cmd 0.0)
1.689,-69.78,0.0,0.0,-73.99,0.0,0.0,-74.0,-69.8,0.0 (cmd 0.0),0.0 (cmd 0.0)
1.6895,-69.8,0.0,0.0,-73.99,0.0,0.0,-74.0,-69.8,0.0 (cmd 0.0),0.0 (cmd 0.0)
1.69,-69.82,0.0,0.0,-74.0,0.0,0.0,-74.0,-69.8,0.0 (cmd 0.0),0.0 (cmd 0.0)
1.6905,-69.84,0.0,0.0,-74.0,0.0,0.0,-74.0,-69.8,0.0 (cmd 0.0),0.0 (cmd 0.0)
1.691,-69.84,0.0,0.0,-73.98,0.0,0.0,-74.0,-69.8,0.0 (cmd 0.0),0.0 (cmd 0.0)
1.6915,-69.84,0.0,0.0,-73.97,0.0,0.0,-74.0,-69.8,0.0 (cmd 0.0),0.0 (cmd 0.0)
1.692,-69.84,0.0,0.0,-74.0,0.0,0.0,-74.0,-69.8,0.0 (cmd 0.0),0.0 (cmd 0.0)
1.6925,-69.85,0.0,0.0,-73.95,0.0,0.0,-74.0,-69.8,0.0 (cmd 0.0),0.0 (cmd 0.0)
1.693,-69.86,0.0,0.0,-73.94,0.0,0.0,-73.9,-69.9,0.0 (cmd 0.0),0.0 (cmd 0.0)
1.6935,-69.86,0.0,0.0,-73.94,0.0,0.0,-73.9,-69.9,0.0 (cmd 0.0),0.0 (cmd 0.0)
1.694,-69.88,0.0,0.0,-73.94,0.0,0.0,-73.9,-69.9,0.0 (cmd 0.0),0.0 (cmd 0.0)
1.6945,-69.87,0.0,0.0,-73.92,0.0,0.0,-73.9,-69.9,0.0 (cmd 0.0),0.0 (cmd 0.0)
1.695,-69.84,0.0,0.0,-73.84,0.0,0.0,-73.8,-69.8,0.0 (cmd 0.0),0.0 (cmd 0.0)
1.6955,-69.83,0.0,0.0,-73.72,0.0,0.0,-73.7,-69.8,0.0 (cmd 0.0),0.0 (cmd 0.0)
1.696,-69.82,0.0,0.0,-73.52,0.0,0.0,-73.5,-69.8,0.0 (cmd 0.0),0.0 (cmd 0.0)
1.6965,-71.18,0.0,0.0,-73.5,0.0,0.0,-73.5,-71.2,0.0 (cmd 0.0),0.0 (cmd 0.0)
1.697,-71.05,0.0,0.0,-73.57,0.0,0.0,-73.6,-71.0,0.0 (cmd 0.0),0.0 (cmd 0.0)
1.6975,-70.77,0.0,0.0,-73.59,0.0,0.0,-73.6,-70.8,0.0 (cmd 0.0),0.0 (cmd 0.0)
1.698,-70.51,0.0,0.0,-73.33,0.0,0.0,-73.3,-70.5,0.0 (cmd 0.0),0.0 (cmd 0.0)
1.6985,-70.24,0.0,0.0,-73.15,0.0,0.0,-73.2,-70.2,0.0 (cmd 0.0),0.0 (cmd 0.0)
1.699,-70.17,0.0,0.0,-73.11,0.0,0.0,-73.1,-70.2,0.0 (cmd 0.0),0.0 (cmd 0.0)
1.6995,-69.95,0.0,0.0,-73.23,0.0,0.0,-73.2,-70.0,0.0 (cmd 0.0),0.0 (cmd 0.0)
1.7,-69.9,0.0,0.0,-73.1,0.0,0.0,-73.1,-69.9,0.0 (cmd 0.0),0.0 (cmd 0.0)
1.7005,-70.08,0.0,0.0,-73.22,0.0,0.0,-73.2,-70.1,0.0 (cmd 0.0),0.0 (cmd 0.0)
1.701,-70.71,0.0,0.0,-73.41,0.0,0.0,-73.4,-70.7,0.0 (cmd 0.0),0.0 (cmd 0.0)
1.7015,-71.83,0.0,0.0,-73.61,0.0,0.0,-73.6,-71.8,0.0 (cmd 0.0),0.0 (cmd 0.0)
1.702,-72.52,0.0,0.0,-73.8,0.0,0.0,-73.8,-72.5,0.0 (cmd 0.0),0.0 (cmd 0.0)
1.7025,-73.65,0.0,0.0,-73.97,0.0,0.0,-74.0,-73.7,0.0 (cmd 0.0),0.0 (cmd 0.0)
1.703,-75.39,0.0,0.0,-74.83,0.0,0.0,-74.8,-75.4,0.0 (cmd 0.0),0.0 (cmd 0.0)
1.7035,-77.58,0.0,0.0,-75.33,0.0,0.0,-75.3,-77.6,0.0 (cmd 0.0),0.0 (cmd 0.0)
1.704,-79.26,0.0,0.0,-75.32,0.0,0.0,-75.3,-79.3,0.0 (cmd 0.0),0.0 (cmd 0.0)
1.7045,-81.0,0.0,0.0,-75.32,0.0,0.0,-75.3,-81.0,0.0 (cmd 0.0),0.0 (cmd 0.0)
1.705,-82.81,0.0,0.0,-75.49,0.0,0.0,-75.5,-82.8,0.0 (cmd 0.0),0.0 (cmd 0.0)
1.7055,-83.35,0.0,0.0,-75.4,0.0,0.0,-75.4,-83.3,0.0 (cmd 0.0),0.0 (cmd 0.0)
1.706,-83.49,0.0,0.0,-75.12,0.0,0.0,-75.1,-83.5,0.0 (cmd 0.0),0.0 (cmd 0.0)
1.7065,-82.41,0.0,0.0,-75.0,0.0,0.0,-75.0,-82.4,0.0 (cmd 0.0),0.0 (cmd 0.0)
1.707,-79.38,0.0,0.0,-76.22,0.0,0.0,-76.2,-79.4,0.0 (cmd 0.0),0.0 (cmd 0.0)
1.7075,-79.4,0.0,0.0,-78.34,0.0,0.0,-78.3,-79.4,0.0 (cmd 0.0),0.0 (cmd 0.0)
1.708,-79.62,0.0,0.0,-80.62,0.0,0.0,-80.6,-79.6,0.0 (cmd 0.0),0.0 (cmd 0.0)
1.7085,-79.28,0.0,0.0,-82.2,0.0,0.0,-82.2,-79.3,0.0 (cmd 0.0),0.0 (cmd 0.0)
1.709,-79.42,0.0,0.0,-82.43,0.0,0.0,-82.4,-79.4,0.0 (cmd 0.0),0.0 (cmd 0.0)
1.7095,-79.51,0.0,0.0,-80.26,0.0,0.0,-80.3,-79.5,0.0 (cmd 0.0),0.0 (cmd 0.0)
1.71,-79.42,0.0,0.0,-79.36,0.0,0.0,-79.4,-79.4,0.0 (cmd 0.0),0.0 (cmd 0.0)
1.7105,-79.13,0.0,0.0,-78.7,0.0,0.0,-78.7,-79.1,0.0 (cmd 0.0),0.0 (cmd 0.0)
1.711,-78.67,0.0,0.0,-78.05,0.0,0.0,-78.0,-78.7,0.0 (cmd 0.0),0.0 (cmd 0.0)
1.7115,-78.04,0.0,0.0,-77.5,0.0,0.0,-77.5,-78.0,0.0 (cmd 0.0),0.0 (cmd 0.0)
1.712,-77.93,0.0,0.0,-77.24,0.0,0.0,-77.2,-77.9,0.0 (cmd 0.0),0.0 (cmd 0.0)
1.7125,-78.05,0.0,0.0,-77.03,0.0,0.0,-77.0,-78.0,0.0 (cmd 0.0),0.0 (cmd 0.0)
1.713,-77.9,0.0,0.0,-76.91,0.0,0.0,-76.9,-77.9,0.0 (cmd 0.0),0.0 (cmd 0.0)
1.7135,-77.85,0.0,0.0,-76.73,0.0,0.0,-76.7,-77.8,0.0 (cmd 0.0),0.0 (cmd 0.0)
1.714,-77.78,0.0,0.0,-76.54,0.0,0.0,-76.5,-77.8,0.0 (cmd 0.0),0.0 (cmd 0.0)
1.7145,-77.66,0.0,0.0,-76.24,0.0,0.0,-76.2,-77.7,0.0 (cmd 0.0),0.0 (cmd 0.0)
1.715,-77.55,0.0,0.0,-75.95,0.0,0.0,-76.0,-77.5,0.0 (cmd 0.0),0.0 (cmd 0.0)
1.7155,-77.45,0.0,0.0,-75.73,0.0,0.0,-75.7,-77.5,0.0 (cmd 0.0),0.0 (cmd 0.0)
1.716,-77.41,0.0,0.0,-75.62,0.0,0.0,-75.6,-77.4,0.0 (cmd 0.0),0.0 (cmd 0.0)
1.7165,-77.41,0.0,0.0,-75.55,0.0,0.0,-75.5,-77.4,0.0 (cmd 0.0),0.0 (cmd 0.0)
1.717,-77.39,0.0,0.0,-75.47,0.0,0.0,-75.5,-77.4,0.0 (cmd 0.0),0.0 (cmd 0.0)
1.7175,-77.26,0.0,0.0,-75.4,0.0,0.0,-75.4,-77.3,0.0 (cmd 0.0),0.0 (cmd 0.0)
1.718,-77.09,0.0,0.0,-75.44,0.0,0.0,-75.4,-77.1,0.0 (cmd 0.0),0.0 (cmd 0.0)
1.7185,-77.02,0.0,0.0,-75.51,0.0,0.0,-75.5,-77.0,0.0 (cmd 0.0),0.0 (cmd 0.0)
1.719,-76.86,0.0,0.0,-75.48,0.0,0.0,-75.5,-76.9,0.0 (cmd 0.0),0.0 (cmd 0.0)
1.7195,-76.74,0.0,0.0,-75.39,0.0,0.0,-75.4,-76.7,0.0 (cmd 0.0),0.0 (cmd 0.0)
1.72,-76.62,0.0,0.0,-75.24,0.0,0.0,-75.2,-76.6,0.0 (cmd 0.0),0.0 (cmd 0.0)
1.7205,-76.57,0.0,0.0,-75.17,0.0,0.0,-75.2,-76.6,0.0 (cmd 0.0),0.0 (cmd 0.0)
1.721,-76.5,0.0,0.0,-75.1,0.0,0.0,-75.1,-76.5,0.0 (cmd 0.0),0.0 (cmd 0.0)
1.7215,-76.46,0.0,0.0,-75.04,0.0,0.0,-75.0,-76.5,0.0 (cmd 0.0),0.0 (cmd 0.0)
1.722,-76.44,0.0,0.0,-75.02,0.0,0.0,-75.0,-76.4,0.0 (cmd 0.0),0.0 (cmd 0.0)
1.7225,-76.28,0.0,0.0,-74.92,0.0,0.0,-74.9,-76.3,0.0 (cmd 0.0),0.0 (cmd 0.0)
1.723,-76.23,0.0,0.0,-74.85,0.0,0.0,-74.8,-76.2,0.0 (cmd 0.0),0.0 (cmd 0.0)
1.7235,-76.21,0.0,0.0,-74.87,0.0,0.0,-74.9,-76.2,0.0 (cmd 0.0),0.0 (cmd 0.0)
1.724,-76.22,0.0,0.0,-74.89,0.0,0.0,-74.9,-76.2,0.0 (cmd 0.0),0.0 (cmd 0.0)
1.7245,-76.17,0.0,0.0,-74.85,0.0,0.0,-74.8,-76.2,0.0 (cmd 0.0),0.0 (cmd 0.0)
1.725,-76.15,0.0,0.0,-74.81,0.0,0.0,-74.8,-76.2,0.0 (cmd 0.0),0.0 (cmd 0.0)
1.7255,-76.18,0.0,0.0,-74.83,0.0,0.0,-74.8,-76.2,0.0 (cmd 0.0),0.0 (cmd 0.0)
1.726,-76.24,0.0,0.0,-74.9,0.0,0.0,-74.9,-76.2,0.0 (cmd 0.0),0.0 (cmd 0.0)
1.7265,-76.27,0.0,0.0,-74.89,0.0,0.0,-74.9,-76.3,0.0 (cmd 0.0),0.0 (cmd 0.0)
1.727,-76.27,0.0,0.0,-74.84,0.0,0.0,-74.8,-76.3,0.0 (cmd 0.0),0.0 (cmd 0.0)
1.7275,-76.24,0.0,0.0,-74.8,0.0,0.0,-74.8,-76.2,0.0 (cmd 0.0),0.0 (cmd 0.0)
1.728,-76.29,0.0,0.0,-74.86,0.0,0.0,-74.9,-76.3,0.0 (cmd 0.0),0.0 (cmd 0.0)
1.7285,-76.31,0.0,0.0,-74.9,0.0,0.0,-74.9,-76.3,0.0 (cmd 0.0),0.0 (cmd 0.0)
1.729,-76.35,0.0,0.0,-74.91,0.0,0.0,-74.9,-76.3,0.0 (cmd 0.0),0.0 (cmd 0.0)
1.7295,-76.36,0.0,0.0,-74.91,0.0,0.0,-74.9,-76.4,0.0 (cmd 0.0),0.0 (cmd 0.0)
1.73,-76.36,0.0,0.0,-74.93,0.0,0.0,-74.9,-76.4,0.0 (cmd 0.0),0.0 (cmd 0.0)
1.7305,-76.38,0.0,0.0,-74.95,0.0,0.0,-75.0,-76.4,0.0 (cmd 0.0),0.0 (cmd 0.0)
1.731,-76.42,0.0,0.0,-74.99,0.0,0.0,-75.0,-76.4,0.0 (cmd 0.0),0.0 (cmd 0.0)
1.7315,-76.42,0.0,0.0,-74.96,0.0,0.0,-75.0,-76.4,0.0 (cmd 0.0),0.0 (cmd 0.0)
1.732,-76.41,0.0,0.0,-74.95,0.0,0.0,-75.0,-76.4,0.0 (cmd 0.0),0.0 (cmd 0.0)
1.7325,-76.42,0.0,0.0,-74.95,0.0,0.0,-75.0,-76.4,0.0 (cmd 0.0),0.0 (cmd 0.0)
1.733,-76.37,0.0,0.0,-74.9,0.0,0.0,-74.9,-76.4,0.0 (cmd 0.0),0.0 (cmd 0.0)
1.7335,-76.35,0.0,0.0,-74.88,0.0,0.0,-74.9,-76.3,0.0 (cmd 0.0),0.0 (cmd 0.0)
1.734,-76.3,0.0,0.0,-74.85,0.0,0.0,-74.8,-76.3,0.0 (cmd 0.0),0.0 (cmd 0.0)
1.7345,-76.31,0.0,0.0,-74.88,0.0,0.0,-74.9,-76.3,0.0 (cmd 0.0),0.0 (cmd 0.0)
1.735,-76.29,0.0,0.0,-74.87,0.0,0.0,-74.9,-76.3,0.0 (cmd 0.0),0.0 (cmd 0.0)
1.7355,-76.28,0.0,0.0,-74.89,0.0,0.0,-74.9,-76.3,0.0 (cmd 0.0),0.0 (cmd 0.0)
1.736,-76.29,0.0,0.0,-75.02,0.0,0.0,-75.0,-76.3,0.0 (cmd 0.0),0.0 (cmd 0.0)
1.7365,-76.27,0.0,0.0,-75.07,0.0,0.0,-75.1,-76.3,0.0 (cmd 0.0),0.0 (cmd 0.0)
1.737,-76.14,0.0,0.0,-74.96,0.0,0.0,-75.0,-76.1,0.0 (cmd 0.0),0.0 (cmd 0.0)
1.7375,-76.08,0.0,0.0,-74.95,0.0,0.0,-75.0,-76.1,0.0 (cmd 0.0),0.0 (cmd 0.0)
1.738,-76.33,0.0,0.0,-75.27,0.0,0.0,-75.3,-76.3,0.0 (cmd 0.0),0.0 (cmd 0.0)
1.7385,-76.44,0.0,0.0,-75.42,0.0,0.0,-75.4,-76.4,0.0 (cmd 0.0),0.0 (cmd 0.0)
1.739,-76.35,0.0,0.0,-75.29,0.0,0.0,-75.3,-76.3,0.0 (cmd 0.0),0.0 (cmd 0.0)
1.7395,-76.18,0.0,0.0,-75.27,0.0,0.0,-75.3,-76.2,0.0 (cmd 0.0),0.0 (cmd 0.0)
1.74,-76.29,0.0,0.0,-75.45,0.0,0.0,-75.5,-76.3,0.0 (cmd 0.0),0.0 (cmd 0.0)
1.7405,-76.37,0.0,0.0,-75.52,0.0,0.0,-75.5,-76.4,0.0 (cmd 0.0),0.0 (cmd 0.0)
1.741,-76.39,0.0,0.0,-75.55,0.0,0.0,-75.5,-76.4,0.0 (cmd 0.0),0.0 (cmd 0.0)
1.7415,-76.37,0.0,0.0,-75.55,0.0,0.0,-75.5,-76.4,0.0 (cmd 0.0),0.0 (cmd 0.0)
1.742,-76.39,0.0,0.0,-75.63,0.0,0.0,-75.6,-76.4,0.0 (cmd 0.0),0.0 (cmd 0.0)
1.7425,-76.45,0.0,0.0,-75.71,0.0,0.0,-75.7,-76.5,0.0 (cmd 0.0),0.0 (cmd 0.0)
1.743,-76.47,0.0,0.0,-75.72,0.0,0.0,-75.7,-76.5,0.0 (cmd 0.0),0.0 (cmd 0.0)
1.7435,-76.48,0.0,0.0,-75.74,0.0,0.0,-75.7,-76.5,0.0 (cmd 0.0),0.0 (cmd 0.0)
1.744,-76.56,0.0,0.0,-75.83,0.0,0.0,-75.8,-76.6,0.0 (cmd 0.0),0.0 (cmd 0.0)
1.7445,-76.61,0.0,0.0,-75.93,0.0,0.0,-75.9,-76.6,0.0 (cmd 0.0),0.0 (cmd 0.0)
1.745,-76.55,0.0,0.0,-75.86,0.0,0.0,-75.9,-76.5,0.0 (cmd 0.0),0.0 (cmd 0.0)
1.7455,-76.41,0.0,0.0,-75.73,0.0,0.0,-75.7,-76.4,0.0 (cmd 0.0),0.0 (cmd 0.0)
1.746,-76.53,0.0,0.0,-75.72,0.0,0.0,-75.7,-76.5,0.0 (cmd 0.0),0.0 (cmd 0.0)
1.7465,-76.68,0.0,0.0,-75.82,0.0,0.0,-75.8,-76.7,0.0 (cmd 0.0),0.0 (cmd 0.0)
1.747,-76.7,0.0,0.0,-75.72,0.0,0.0,-75.7,-76.7,0.0 (cmd 0.0),0.0 (cmd 0.0)
1.7475,-76.6,0.0,0.0,-75.41,0.0,0.0,-75.4,-76.6,0.0 (cmd 0.0),0.0 (cmd 0.0)
1.748,-76.52,0.0,0.0,-75.24,0.0,0.0,-75.2,-76.5,0.0 (cmd 0.0),0.0 (cmd 0.0)
1.7485,-76.73,0.0,0.0,-75.32,0.0,0.0,-75.3,-76.7,0.0 (cmd 0.0),0.0 (cmd 0.0)
1.749,-76.93,0.0,0.0,-75.58,0.0,0.0,-75.6,-76.9,0.0 (cmd 0.0),0.0 (cmd 0.0)
1.7495,-77.06,0.0,0.0,-75.71,0.0,0.0,-75.7,-77.1,0.0 (cmd 0.0),0.0 (cmd 0.0)
1.75,-77.2,0.0,0.0,-76.0,0.0,0.0,-76.0,-77.2,0.0 (cmd 0.0),0.0 (cmd 0.0)
1.7505,-77.85,0.0,0.0,-76.54,0.0,0.0,-76.5,-77.8,0.0 (cmd 0.0),0.0 (cmd 0.0)
1.751,-78.28,0.0,0.0,-77.02,0.0,0.0,-77.0,-78.3,0.0 (cmd 0.0),0.0 (cmd 0.0)
1.7515,-78.29,0.0,0.0,-77.18,0.0,0.0,-77.2,-78.3,0.0 (cmd 0.0),0.0 (cmd 0.0)
1.752,-78.37,0.0,0.0,-77.27,0.0,0.0,-77.3,-78.4,0.0 (cmd 0.0),0.0 (cmd 0.0)
1.7525,-78.48,0.0,0.0,-77.46,0.0,0.0,-77.5,-78.5,0.0 (cmd 0.0),0.0 (cmd 0.0)
1.753,-78.62,0.0,0.0,-77.62,0.0,0.0,-77.6,-78.6,0.0 (cmd 0.0),0.0 (cmd 0.0)
1.7535,-78.85,0.0,0.0,-77.81,0.0,0.0,-77.8,-78.8,0.0 (cmd 0.0),0.0 (cmd 0.0)
1.754,-78.9,0.0,0.0,-77.89,0.0,0.0,-77.9,-78.9,0.0 (cmd 0.0),0.0 (cmd 0.0)
1.7545,-78.95,0.0,0.0,-77.91,0.0,0.0,-77.9,-79.0,0.0 (cmd 0.0),0.0 (cmd 0.0)
1.755,-79.02,1.27,0.0,-77.92,0.76,0.0,-77.9,-79.0,0.0 (cmd 1.3),0.0 (cmd 0.8)
1.7555,-78.97,1.26,0.0,-78.12,0.77,0.0,-78.1,-79.0,0.0 (cmd 1.3),0.0 (cmd 0.8)
1.756,-78.86,1.21,0.0,-78.22,0.76,0.0,-78.2,-78.9,0.0 (cmd 1.2),0.0 (cmd 0.8)
1.7565,-78.65,1.15,0.0,-78.25,0.75,0.0,-78.2,-78.7,0.0 (cmd 1.1),0.0 (cmd 0.8)
1.757,-78.42,1.09,0.0,-78.22,0.72,0.0,-78.2,-78.4,0.0 (cmd 1.1),0.0 (cmd 0.7)
1.7575,-78.3,1.05,0.0,-78.27,0.7,0.0,-78.3,-78.3,0.0 (cmd 1.1),0.0 (cmd 0.7)
1.758,-78.57,1.09,0.0,-78.44,0.72,0.0,-78.4,-78.6,0.0 (cmd 1.1),0.0 (cmd 0.7)
1.7585,-79.54,1.26,0.0,-79.08,0.8,0.0,-79.1,-79.5,0.0 (cmd 1.3),0.0 (cmd 0.8)
1.759,-81.14,1.72,0.0,-80.36,1.16,0.0,-80.4,-81.1,0.0 (cmd 1.7),0.0 (cmd 1.2)
1.7595,-81.93,1.82,0.0,-79.89,1.15,0.0,-79.9,-81.9,0.0 (cmd 1.8),0.0 (cmd 1.1)
1.76,-81.13,1.67,0.0,-77.8,0.67,0.0,-77.8,-81.1,0.0 (cmd 1.7),0.0 (cmd 0.7)
1.7605,-79.12,0.98,0.0,-74.35,0.01,0.0,-74.3,-79.1,0.0 (cmd 1.0),0.0 (cmd 0.0)
1.761,-75.4,0.55,0.0,-74.05,-0.4,0.0,-74.0,-75.4,0.0 (cmd 0.6),0.0 (cmd -0.4)
1.7615,-73.59,-0.2,0.0,-72.96,-0.34,0.0,-73.0,-73.6,0.0 (cmd -0.2),0.0 (cmd -0.3)
1.762,-72.61,-0.15,0.0,-72.14,-0.44,0.0,-72.1,-72.6,0.0 (cmd -0.1),0.0 (cmd -0.4)
1.7625,-71.11,-0.34,0.0,-71.09,-0.41,0.0,-71.1,-71.1,0.0 (cmd -0.3),0.0 (cmd -0.4)
1.763,-69.46,-0.29,0.0,-69.45,-0.55,0.0,-69.5,-69.5,0.0 (cmd -0.3),0.0 (cmd -0.6)
1.7635,-68.17,-0.42,0.0,-67.54,-0.69,0.0,-67.5,-68.2,0.0 (cmd -0.4),0.0 (cmd -0.7)
1.764,-64.23,-1.07,0.0,-64.35,-1.2,0.0,-64.3,-64.2,0.0 (cmd -1.1),0.0 (cmd -1.2)
1.7645,-59.25,-1.58,0.0,-60.88,-1.58,0.0,-60.9,-59.2,0.0 (cmd -1.6),0.0 (cmd -1.6)
1.765,-53.31,-2.28,0.0,-56.19,-2.04,0.0,-56.2,-53.3,0.0 (cmd -2.3),0.0 (cmd -2.0)
1.7655,-49.23,-2.83,0.0,-50.95,-2.69,0.0,-51.0,-49.2,0.0 (cmd -2.8),0.0 (cmd -2.7)
1.766,-45.14,-3.64,0.0,-45.49,-3.33,0.0,-45.5,-45.1,0.0 (cmd -3.6),0.0 (cmd -3.3)
1.7665,-39.32,-3.76,0.0,-41.63,-3.77,0.0,-41.6,-39.3,0.0 (cmd -3.8),0.0 (cmd -3.8)
1.767,-35.04,-3.85,0.0,-44.02,-3.26,0.0,-44.0,-35.0,0.0 (cmd -3.9),0.0 (cmd -3.3)
1.7675,-31.27,-3.83,0.0,-48.81,-1.47,0.0,-48.8,-31.3,0.0 (cmd -3.8),0.0 (cmd -1.5)
1.768,-27.74,-3.39,0.0,-55.83,0.14,0.0,-55.8,-27.7,0.0 (cmd -3.4),0.0 (cmd 0.1)
1.7685,-24.43,-3.18,0.0,-62.93,2.02,0.0,-62.9,-24.4,0.0 (cmd -3.2),0.0 (cmd 2.0)
1.769,-23.21,-2.73,0.0,-68.41,3.41,0.0,-68.4,-23.2,0.0 (cmd -2.7),0.0 (cmd 3.4)
1.7695,-20.86,-2.41,0.0,-70.88,3.99,0.0,-70.9,-20.9,0.0 (cmd -2.4),0.0 (cmd 4.0)
1.77,-19.52,-2.32,0.0,-69.21,3.62,0.0,-69.2,-19.5,0.0 (cmd -2.3),0.0 (cmd 3.6)
1.7705,-18.66,-2.2,0.0,-65.29,2.7,0.0,-65.3,-18.7,0.0 (cmd -2.2),0.0 (cmd 2.7)
1.771,-18.15,-2.03,0.0,-57.97,0.35,0.0,-58.0,-18.1,0.0 (cmd -2.0),0.0 (cmd 0.3)
1.7715,-17.99,-1.71,0.0,-48.62,-1.25,0.0,-48.6,-18.0,0.0 (cmd -1.7),0.0 (cmd -1.2)
1.772,-18.36,-1.37,0.0,-39.53,-3.2,0.0,-39.5,-18.4,0.0 (cmd -1.4),0.0 (cmd -3.2)
1.7725,-18.55,-0.94,0.0,-30.91,-4.58,0.0,-30.9,-18.6,0.0 (cmd -0.9),0.0 (cmd -4.6)
1.773,-18.56,-0.67,0.0,-23.16,-5.52,0.0,-23.2,-18.6,0.0 (cmd -0.7),0.0 (cmd -5.5)
1.7735,-19.2,-0.42,0.0,-18.57,-5.94,0.0,-18.6,-19.2,0.0 (cmd -0.4),0.0 (cmd -5.9)
1.774,-19.69,-0.14,0.0,-18.11,-4.91,0.0,-18.1,-19.7,0.0 (cmd -0.1),0.0 (cmd -4.9)
1.7745,-21.89,0.09,0.0,-18.86,-3.4,0.0,-18.9,-21.9,0.0 (cmd 0.1),0.0 (cmd -3.4)
1.775,-28.98,1.14,0.0,-17.53,-2.77,0.0,-17.5,-29.0,0.0 (cmd 1.1),0.0 (cmd -2.8)
1.7755,-37.62,2.96,0.0,-17.15,-2.12,0.0,-17.1,-37.6,0.0 (cmd 3.0),0.0 (cmd -2.1)
1.776,-43.3,4.16,0.0,-16.3,-1.61,0.0,-16.3,-43.3,0.0 (cmd 4.2),0.0 (cmd -1.6)
1.7765,-47.73,5.25,0.0,-15.31,-1.4,0.0,-15.3,-47.7,0.0 (cmd 5.2),0.0 (cmd -1.4)
1.777,-59.09,5.09,0.0,-13.99,-1.37,0.0,-14.0,-59.1,0.0 (cmd 5.1),0.0 (cmd -1.4)
1.7775,-63.5,6.89,0.0,-13.62,-1.17,0.0,-13.6,-63.5,0.0 (cmd 6.9),0.0 (cmd -1.2)
1.778,-64.61,6.68,0.0,-13.47,-1.05,0.0,-13.5,-64.6,0.0 (cmd 6.7),0.0 (cmd -1.1)
1.7785,-63.83,5.67,0.0,-13.6,-0.92,0.0,-13.6,-63.8,0.0 (cmd 5.7),0.0 (cmd -0.9)
1.779,-55.8,3.51,0.0,-13.98,-0.89,0.0,-14.0,-55.8,0.0 (cmd 3.5),0.0 (cmd -0.9)
1.7795,-52.7,1.76,0.0,-14.45,-0.8,0.0,-14.4,-52.7,0.0 (cmd 1.8),0.0 (cmd -0.8)
1.78,-37.51,-0.72,0.0,-15.07,-0.84,0.0,-15.1,-37.5,0.0 (cmd -0.7),0.0 (cmd -0.8)
1.7805,-26.85,-3.36,0.0,-17.19,-0.77,0.0,-17.2,-26.9,0.0 (cmd -3.4),0.0 (cmd -0.8)
1.781,-18.83,-4.41,0.0,-19.88,-0.48,0.0,-19.9,-18.8,0.0 (cmd -4.4),0.0 (cmd -0.5)
1.7815,-18.1,-4.8,0.0,-23.27,0.64,0.0,-23.3,-18.1,0.0 (cmd -4.8),0.0 (cmd 0.6)
1.782,-18.83,-3.37,0.0,-28.24,1.41,0.0,-28.2,-18.8,0.0 (cmd -3.4),0.0 (cmd 1.4)
1.7825,-18.47,-2.25,0.0,-35.67,2.39,0.0,-35.7,-18.5,0.0 (cmd -2.2),0.0 (cmd 2.4)
1.783,-17.6,-1.69,0.0,-42.89,4.28,0.0,-42.9,-17.6,0.0 (cmd -1.7),0.0 (cmd 4.3)
1.7835,-16.36,-1.32,0.0,-49.86,5.34,0.0,-49.9,-16.4,0.0 (cmd -1.3),0.0 (cmd 5.3)
1.784,-15.01,-1.13,0.0,-57.26,6.11,0.0,-57.3,-15.0,0.0 (cmd -1.1),0.0 (cmd 6.1)
1.7845,-14.6,-1.08,0.0,-59.9,6.13,0.0,-59.9,-14.6,0.0 (cmd -1.1),0.0 (cmd 6.1)
1.785,-13.79,-1.03,0.0,-61.89,5.98,0.0,-61.9,-13.8,0.0 (cmd -1.0),0.0 (cmd 6.0)
1.7855,-14.25,-0.8,0.0,-60.03,5.05,0.0,-60.0,-14.2,0.0 (cmd -0.8),0.0 (cmd 5.0)
1.786,-14.97,-0.61,0.0,-54.77,3.66,0.0,-54.8,-15.0,0.0 (cmd -0.6),0.0 (cmd 3.7)
1.7865,-15.69,-0.45,0.0,-46.19,1.2,0.0,-46.2,-15.7,0.0 (cmd -0.5),0.0 (cmd 1.2)
1.787,-16.07,-0.26,0.0,-35.23,-1.31,0.0,-35.2,-16.1,0.0 (cmd -0.3),0.0 (cmd -1.3)
1.7875,-18.05,0.0,0.0,-22.86,-3.97,0.0,-22.9,-18.1,0.0 (cmd 0.0),0.0 (cmd -4.0)
1.788,-20.46,0.69,0.0,-16.53,-5.76,0.0,-16.5,-20.5,0.0 (cmd 0.7),0.0 (cmd -5.8)
1.7885,-19.8,0.8,0.0,-17.85,-4.86,0.0,-17.9,-19.8,0.0 (cmd 0.8),0.0 (cmd -4.9)
1.789,-16.84,0.08,0.0,-17.31,-3.21,0.0,-17.3,-16.8,0.0 (cmd 0.1),0.0 (cmd -3.2)
1.7895,-15.93,-0.17,0.0,-15.76,-2.74,0.0,-15.8,-15.9,0.0 (cmd -0.2),0.0 (cmd -2.7)
1.79,-15.36,-0.11,0.0,-15.17,-2.42,0.0,-15.2,-15.4,0.0 (cmd -0.1),0.0 (cmd -2.4)
1.7905,-14.61,-0.25,0.0,-15.73,-1.84,0.0,-15.7,-14.6,0.0 (cmd -0.2),0.0 (cmd -1.8)
1.791,-14.26,-0.18,0.0,-15.96,-1.25,0.0,-16.0,-14.3,0.0 (cmd -0.2),0.0 (cmd -1.2)
1.7915,-14.68,-0.04,0.0,-15.79,-0.85,0.0,-15.8,-14.7,0.0 (cmd -0.0),0.0 (cmd -0.8)
1.792,-14.99,0.19,0.0,-15.73,-0.62,0.0,-15.7,-15.0,0.0 (cmd 0.2),0.0 (cmd -0.6)
1.7925,-15.29,0.3,0.0,-15.13,-0.43,0.0,-15.1,-15.3,0.0 (cmd 0.3),0.0 (cmd -0.4)
1.793,-15.36,0.42,0.0,-14.64,-0.42,0.0,-14.6,-15.4,0.0 (cmd 0.4),0.0 (cmd -0.4)
1.7935,-15.37,0.44,0.0,-14.13,-0.41,0.0,-14.1,-15.4,0.0 (cmd 0.4),0.0 (cmd -0.4)
1.794,-15.21,0.43,0.0,-13.86,-0.33,0.0,-13.9,-15.2,0.0 (cmd 0.4),0.0 (cmd -0.3)
1.7945,-15.23,0.44,0.0,-13.51,-0.27,0.0,-13.5,-15.2,0.0 (cmd 0.4),0.0 (cmd -0.3)
1.795,-14.99,0.45,0.0,-13.28,-0.22,0.0,-13.3,-15.0,0.0 (cmd 0.5),0.0 (cmd -0.2)
1.7955,-14.93,0.41,0.0,-13.19,-0.15,0.0,-13.2,-14.9,0.0 (cmd 0.4),0.0 (cmd -0.1)
1.796,-14.95,0.44,0.0,-12.98,-0.1,0.0,-13.0,-14.9,0.0 (cmd 0.4),0.0 (cmd -0.1)
1.7965,-14.9,0.46,0.0,-12.91,-0.05,0.0,-12.9,-14.9,0.0 (cmd 0.5),0.0 (cmd -0.1)
1.797,-14.9,0.47,0.0,-12.83,0.0,0.0,-12.8,-14.9,0.0 (cmd 0.5),0.0 (cmd 0.0)
1.7975,-14.93,0.49,0.0,-12.78,0.05,0.0,-12.8,-14.9,0.0 (cmd 0.5),0.0 (cmd 0.1)
1.798,-14.91,0.51,0.0,-12.74,0.09,0.0,-12.7,-14.9,0.0 (cmd 0.5),0.0 (cmd 0.1)
1.7985,-14.82,0.5,0.0,-12.69,0.11,0.0,-12.7,-14.8,0.0 (cmd 0.5),0.0 (cmd 0.1)
1.799,-14.79,0.5,0.0,-12.63,0.13,0.0,-12.6,-14.8,0.0 (cmd 0.5),0.0 (cmd 0.1)
1.7995,-14.72,0.49,0.0,-12.6,0.14,0.0,-12.6,-14.7,0.0 (cmd 0.5),0.0 (cmd 0.1)
1.8,-14.71,0.5,0.0,-12.57,0.17,0.0,-12.6,-14.7,0.0 (cmd 0.5),0.0 (cmd 0.2)
1.8005,-14.66,0.5,0.0,-12.51,0.18,0.0,-12.5,-14.7,0.0 (cmd 0.5),0.0 (cmd 0.2)
1.801,-14.57,0.48,0.0,-12.38,0.16,0.0,-12.4,-14.6,0.0 (cmd 0.5),0.0 (cmd 0.2)
1.8015,-14.68,0.5,0.0,-12.46,0.17,0.0,-12.5,-14.7,0.0 (cmd 0.5),0.0 (cmd 0.2)
1.802,-14.74,0.53,0.0,-12.5,0.22,0.0,-12.5,-14.7,0.0 (cmd 0.5),0.0 (cmd 0.2)
1.8025,-14.77,0.56,0.0,-12.55,0.25,0.0,-12.6,-14.8,0.0 (cmd 0.6),0.0 (cmd 0.2)
1.803,-14.76,0.55,0.0,-12.44,0.24,0.0,-12.4,-14.8,0.0 (cmd 0.6),0.0 (cmd 0.2)
1.8035,-14.76,0.55,0.0,-12.44,0.23,0.0,-12.4,-14.8,0.0 (cmd 0.6),0.0 (cmd 0.2)
1.804,-14.77,0.55,0.0,-12.52,0.24,0.0,-12.5,-14.8,0.0 (cmd 0.6),0.0 (cmd 0.2)
1.8045,-14.84,0.56,0.0,-12.5,0.26,0.0,-12.5,-14.8,0.0 (cmd 0.6),0.0 (cmd 0.3)
1.805,-14.92,0.58,0.0,-12.51,0.25,0.0,-12.5,-14.9,0.0 (cmd 0.6),0.0 (cmd 0.2)
1.8055,-14.94,0.58,0.0,-12.54,0.26,0.0,-12.5,-14.9,0.0 (cmd 0.6),0.0 (cmd 0.3)
1.806,-14.97,0.58,0.0,-12.53,0.27,0.0,-12.5,-15.0,0.0 (cmd 0.6),0.0 (cmd 0.3)
1.8065,-15.1,0.6,0.0,-12.5,0.26,0.0,-12.5,-15.1,0.0 (cmd 0.6),0.0 (cmd 0.3)
1.807,-15.12,0.61,0.0,-12.48,0.26,0.0,-12.5,-15.1,0.0 (cmd 0.6),0.0 (cmd 0.3)
1.8075,-15.06,0.59,0.0,-12.5,0.26,0.0,-12.5,-15.1,0.0 (cmd 0.6),0.0 (cmd 0.3)
1.808,-15.09,0.58,0.0,-12.47,0.25,0.0,-12.5,-15.1,0.0 (cmd 0.6),0.0 (cmd 0.2)
1.8085,-15.08,0.58,0.0,-12.45,0.24,0.0,-12.4,-15.1,0.0 (cmd 0.6),0.0 (cmd 0.2)
1.809,-15.08,0.57,0.0,-12.44,0.24,0.0,-12.4,-15.1,0.0 (cmd 0.6),0.0 (cmd 0.2)
1.8095,-15.04,0.56,0.0,-12.4,0.24,0.0,-12.4,-15.0,0.0 (cmd 0.6),0.0 (cmd 0.2)
1.81,-14.98,0.55,0.0,-12.39,0.23,0.0,-12.4,-15.0,0.0 (cmd 0.6),0.0 (cmd 0.2)
1.8105,-14.94,0.54,0.0,-12.38,0.23,0.0,-12.4,-14.9,0.0 (cmd 0.5),0.0 (cmd 0.2)
1.811,-14.94,0.54,0.0,-12.35,0.23,0.0,-12.3,-14.9,0.0 (cmd 0.5),0.0 (cmd 0.2)
1.8115,-14.91,0.53,0.0,-12.34,0.23,0.0,-12.3,-14.9,0.0 (cmd 0.5),0.0 (cmd 0.2)
1.812,-14.84,0.52,0.0,-12.31,0.23,0.0,-12.3,-14.8,0.0 (cmd 0.5),0.0 (cmd 0.2)
1.8125,-14.77,0.52,0.0,-12.28,0.23,0.0,-12.3,-14.8,0.0 (cmd 0.5),0.0 (cmd 0.2)
1.813,-14.7,0.51,0.0,-12.24,0.22,0.0,-12.2,-14.7,0.0 (cmd 0.5),0.0 (cmd 0.2)
1.8135,-14.77,0.51,0.0,-12.38,0.23,0.0,-12.4,-14.8,0.0 (cmd 0.5),0.0 (cmd 0.2)
1.814,-15.08,0.57,0.0,-12.58,0.29,0.0,-12.6,-15.1,0.0 (cmd 0.6),0.0 (cmd 0.3)
1.8145,-15.55,0.66,0.0,-13.05,0.37,0.0,-13.1,-15.6,0.0 (cmd 0.7),0.0 (cmd 0.4)
1.815,-16.03,0.74,0.0,-13.72,0.55,0.0,-13.7,-16.0,0.0 (cmd 0.7),0.0 (cmd 0.6)
1.8155,-16.29,0.84,0.0,-14.81,0.67,0.0,-14.8,-16.3,0.0 (cmd 0.8),0.0 (cmd 0.7)
1.816,-15.9,0.77,0.0,-16.21,0.87,0.0,-16.2,-15.9,0.0 (cmd 0.8),0.0 (cmd 0.9)
1.8165,-15.51,0.7,0.0,-17.34,1.21,0.0,-17.3,-15.5,0.0 (cmd 0.7),0.0 (cmd 1.2)
1.817,-14.08,0.25,0.0,-18.46,1.23,0.0,-18.5,-14.1,0.0 (cmd 0.2),0.0 (cmd 1.2)
1.8175,-14.04,0.26,0.0,-17.63,1.13,0.0,-17.6,-14.0,0.0 (cmd 0.3),0.0 (cmd 1.1)
1.818,-15.2,0.34,0.0,-15.5,0.53,0.0,-15.5,-15.2,0.0 (cmd 0.3),0.0 (cmd 0.5)
1.8185,-21.08,1.69,0.0,-13.37,0.05,0.0,-13.4,-21.1,0.0 (cmd 1.7),0.0 (cmd 0.1)
1.819,-32.01,2.55,0.0,-11.66,-0.17,0.0,-11.7,-32.0,0.0 (cmd 2.5),0.0 (cmd -0.2)
1.8195,-37.96,4.36,0.0,-10.69,-0.22,0.0,-10.7,-38.0,0.0 (cmd 4.4),0.0 (cmd -0.2)
1.82,-45.44,5.84,0.0,-9.46,-0.45,0.0,-9.5,-45.4,0.0 (cmd 5.8),0.0 (cmd -0.5)
1.8205,-53.22,6.82,0.0,-7.76,-0.6,0.0,-7.8,-53.2,0.0 (cmd 6.8),0.0 (cmd -0.6)
1.821,-60.26,6.68,0.0,-6.72,-0.9,0.0,-6.7,-60.3,0.0 (cmd 6.7),0.0 (cmd -0.9)
1.8215,-62.31,7.16,0.0,-5.78,-0.98,0.0,-5.8,-62.3,0.0 (cmd 7.2),0.0 (cmd -1.0)
1.822,-62.58,6.51,0.0,-5.19,-1.07,0.0,-5.2,-62.6,0.0 (cmd 6.5),0.0 (cmd -1.1)
1.8225,-57.12,4.96,0.0,-5.63,-1.06,0.0,-5.6,-57.1,0.0 (cmd 5.0),0.0 (cmd -1.1)
1.823,-49.12,3.19,0.0,-5.43,-1.0,0.0,-5.4,-49.1,0.0 (cmd 3.2),0.0 (cmd -1.0)
1.8235,-43.26,-0.25,0.0,-4.77,-1.35,0.0,-4.8,-43.3,0.0 (cmd -0.2),0.0 (cmd -1.4)
1.824,-33.68,-3.12,0.0,-4.79,-1.62,0.0,-4.8,-33.7,0.0 (cmd -3.1),0.0 (cmd -1.6)
1.8245,-13.45,-5.31,0.0,-6.07,-1.59,0.0,-6.1,-13.4,0.0 (cmd -5.3),0.0 (cmd -1.6)
1.825,-7.92,-6.7,0.0,-9.93,-1.21,0.0,-9.9,-7.9,0.0 (cmd -6.7),0.0 (cmd -1.2)
1.8255,-9.11,-5.86,0.0,-14.87,0.0,0.0,-14.9,-9.1,0.0 (cmd -5.9),0.0 (cmd 0.0)
1.826,-9.87,-3.7,0.0,-22.96,1.82,0.0,-23.0,-9.9,0.0 (cmd -3.7),0.0 (cmd 1.8)
1.8265,-10.52,-2.55,0.0,-27.92,2.93,0.0,-27.9,-10.5,0.0 (cmd -2.5),0.0 (cmd 2.9)
1.827,-10.59,-1.57,0.0,-36.45,4.91,0.0,-36.5,-10.6,0.0 (cmd -1.6),0.0 (cmd 4.9)
1.8275,-9.11,-1.32,0.0,-42.79,5.7,0.0,-42.8,-9.1,0.0 (cmd -1.3),0.0 (cmd 5.7)
1.828,-7.38,-1.15,0.0,-48.81,6.25,0.0,-48.8,-7.4,0.0 (cmd -1.1),0.0 (cmd 6.2)
1.8285,-6.13,-1.29,0.0,-53.41,6.47,0.0,-53.4,-6.1,0.0 (cmd -1.3),0.0 (cmd 6.5)
1.829,-5.54,-1.25,0.0,-55.98,6.26,0.0,-56.0,-5.5,0.0 (cmd -1.2),0.0 (cmd 6.3)
1.8295,-4.89,-1.11,0.0,-55.51,5.56,0.0,-55.5,-4.9,0.0 (cmd -1.1),0.0 (cmd 5.6)
1.83,-4.58,-1.09,0.0,-52.8,4.42,0.0,-52.8,-4.6,0.0 (cmd -1.1),0.0 (cmd 4.4)
1.8305,-4.6,-1.06,0.0,-47.61,2.05,0.0,-47.6,-4.6,0.0 (cmd -1.1),0.0 (cmd 2.0)
1.831,-4.82,-0.93,0.0,-37.04,0.1,0.0,-37.0,-4.8,0.0 (cmd -0.9),0.0 (cmd 0.1)
1.8315,-6.65,-0.73,0.0,-25.94,-2.23,0.0,-25.9,-6.7,0.0 (cmd -0.7),0.0 (cmd -2.2)
1.832,-8.24,-0.09,0.0,-14.95,-3.92,0.0,-14.9,-8.2,0.0 (cmd -0.1),0.0 (cmd -3.9)
1.8325,-11.85,0.59,0.0,-9.13,-5.91,0.0,-9.1,-11.8,0.0 (cmd 0.6),0.0 (cmd -5.9)
1.833,-20.56,1.33,0.0,-8.78,-5.16,0.0,-8.8,-20.6,0.0 (cmd 1.3),0.0 (cmd -5.2)
1.8335,-32.79,2.75,0.0,-7.95,-3.73,0.0,-8.0,-32.8,0.0 (cmd 2.8),0.0 (cmd -3.7)
1.834,-37.51,6.14,0.0,-6.81,-2.89,0.0,-6.8,-37.5,0.0 (cmd 6.1),0.0 (cmd -2.9)
1.8345,-46.79,6.61,0.0,-5.7,-2.42,0.0,-5.7,-46.8,0.0 (cmd 6.6),0.0 (cmd -2.4)
1.835,-53.93,7.28,0.0,-5.04,-2.01,0.0,-5.0,-53.9,0.0 (cmd 7.3),0.0 (cmd -2.0)
1.8355,-58.96,7.59,0.0,-4.65,-1.73,0.0,-4.7,-59.0,0.0 (cmd 7.6),0.0 (cmd -1.7)
1.836,-61.16,7.41,0.0,-4.94,-1.44,0.0,-4.9,-61.2,0.0 (cmd 7.4),0.0 (cmd -1.4)
1.8365,-60.31,6.37,0.0,-5.5,-1.16,0.0,-5.5,-60.3,0.0 (cmd 6.4),0.0 (cmd -1.2)
1.837,-55.44,4.86,0.0,-5.52,-1.02,0.0,-5.5,-55.4,0.0 (cmd 4.9),0.0 (cmd -1.0)
1.8375,-50.0,2.45,0.0,-5.54,-1.1,0.0,-5.5,-50.0,0.0 (cmd 2.5),0.0 (cmd -1.1)
1.838,-40.71,0.0,0.0,-5.77,-1.17,0.0,-5.8,-40.7,0.0 (cmd 0.0),0.0 (cmd -1.2)
1.8385,-29.21,-1.98,0.0,-6.4,-1.16,0.0,-6.4,-29.2,0.0 (cmd -2.0),0.0 (cmd -1.2)
1.839,-21.89,-4.35,0.0,-7.96,-1.09,0.0,-8.0,-21.9,0.0 (cmd -4.3),0.0 (cmd -1.1)
1.8395,-17.74,-4.28,0.0,-10.61,-0.47,0.0,-10.6,-17.7,0.0 (cmd -4.3),0.0 (cmd -0.5)
1.84,-20.5,-3.85,0.0,-18.01,0.68,0.0,-18.0,-20.5,0.0 (cmd -3.9),0.0 (cmd 0.7)
1.8405,-16.92,-2.1,0.0,-22.81,2.14,0.0,-22.8,-16.9,0.0 (cmd -2.1),0.0 (cmd 2.1)
1.841,-16.25,-1.81,0.0,-29.62,3.68,0.0,-29.6,-16.2,0.0 (cmd -1.8),0.0 (cmd 3.7)
1.8415,-15.23,-1.53,0.0,-36.25,4.41,0.0,-36.2,-15.2,0.0 (cmd -1.5),0.0 (cmd 4.4)
1.842,-13.6,-1.21,0.0,-43.59,5.37,0.0,-43.6,-13.6,0.0 (cmd -1.2),0.0 (cmd 5.4)
1.8425,-12.56,-1.18,0.0,-50.93,5.84,0.0,-50.9,-12.6,0.0 (cmd -1.2),0.0 (cmd 5.8)
1.843,-11.67,-1.1,0.0,-56.67,6.86,0.0,-56.7,-11.7,0.0 (cmd -1.1),0.0 (cmd 6.9)
1.8435,-11.3,-0.91,0.0,-59.58,6.78,0.0,-59.6,-11.3,0.0 (cmd -0.9),0.0 (cmd 6.8)
1.844,-11.12,-0.76,0.0,-58.42,5.89,0.0,-58.4,-11.1,0.0 (cmd -0.8),0.0 (cmd 5.9)
1.8445,-11.13,-0.73,0.0,-53.13,3.85,0.0,-53.1,-11.1,0.0 (cmd -0.7),0.0 (cmd 3.9)
1.845,-11.87,-0.63,0.0,-46.23,1.7,0.0,-46.2,-11.9,0.0 (cmd -0.6),0.0 (cmd 1.7)
1.8455,-13.86,-0.28,0.0,-33.07,-0.98,0.0,-33.1,-13.9,0.0 (cmd -0.3),0.0 (cmd -1.0)
1.846,-14.54,0.09,0.0,-20.73,-3.66,0.0,-20.7,-14.5,0.0 (cmd 0.1),0.0 (cmd -3.7)
1.8465,-18.46,0.98,0.0,-11.05,-5.83,0.0,-11.1,-18.5,0.0 (cmd 1.0),0.0 (cmd -5.8)
1.847,-24.6,1.94,0.0,-10.03,-5.93,0.0,-10.0,-24.6,0.0 (cmd 1.9),0.0 (cmd -5.9)
1.8475,-30.53,3.01,0.0,-10.95,-4.29,0.0,-10.9,-30.5,0.0 (cmd 3.0),0.0 (cmd -4.3)
1.848,-39.7,5.18,0.0,-10.05,-2.99,0.0,-10.1,-39.7,0.0 (cmd 5.2),0.0 (cmd -3.0)
1.8485,-47.79,5.94,0.0,-9.17,-2.4,0.0,-9.2,-47.8,0.0 (cmd 5.9),0.0 (cmd -2.4)
1.849,-56.68,6.85,0.0,-8.68,-1.95,0.0,-8.7,-56.7,0.0 (cmd 6.8),0.0 (cmd -1.9)
1.8495,-62.78,7.08,0.0,-8.56,-1.61,0.0,-8.6,-62.8,0.0 (cmd 7.1),0.0 (cmd -1.6)
1.85,-66.15,7.27,0.0,-8.77,-1.3,0.0,-8.8,-66.2,0.0 (cmd 7.3),0.0 (cmd -1.3)
1.8505,-66.3,6.82,0.0,-9.75,-0.98,0.0,-9.8,-66.3,0.0 (cmd 6.8),0.0 (cmd -1.0)
1.851,-62.16,5.53,0.0,-9.95,-0.74,0.0,-9.9,-62.2,0.0 (cmd 5.5),0.0 (cmd -0.7)
1.8515,-56.86,3.1,0.0,-9.85,-0.84,0.0,-9.8,-56.9,0.0 (cmd 3.1),0.0 (cmd -0.8)
1.852,-48.17,1.07,0.0,-10.05,-0.93,0.0,-10.1,-48.2,0.0 (cmd 1.1),0.0 (cmd -0.9)
1.8525,-39.23,-0.23,0.0,-10.42,-0.9,0.0,-10.4,-39.2,0.0 (cmd -0.2),0.0 (cmd -0.9)
1.853,-32.1,-2.77,0.0,-10.76,-0.98,0.0,-10.8,-32.1,0.0 (cmd -2.8),0.0 (cmd -1.0)
1.8535,-15.12,-6.4,0.0,-10.87,-1.27,0.0,-10.9,-15.1,0.0 (cmd -6.4),0.0 (cmd -1.3)
1.854,-10.54,-6.45,0.0,-12.49,-1.1,0.0,-12.5,-10.5,0.0 (cmd -6.5),0.0 (cmd -1.1)
1.8545,-10.47,-5.6,0.0,-15.98,-0.57,0.0,-16.0,-10.5,0.0 (cmd -5.6),0.0 (cmd -0.6)
1.855,-14.1,-3.89,0.0,-22.54,1.57,0.0,-22.5,-14.1,0.0 (cmd -3.9),0.0 (cmd 1.6)
1.8555,-15.79,-1.7,0.0,-30.74,2.93,0.0,-30.7,-15.8,0.0 (cmd -1.7),0.0 (cmd 2.9)
1.856,-16.1,-0.79,0.0,-39.24,4.77,0.0,-39.2,-16.1,0.0 (cmd -0.8),0.0 (cmd 4.8)
1.8565,-14.71,-0.57,0.0,-46.16,5.89,0.0,-46.2,-14.7,0.0 (cmd -0.6),0.0 (cmd 5.9)
1.857,-13.4,-0.78,0.0,-52.14,6.77,0.0,-52.1,-13.4,0.0 (cmd -0.8),0.0 (cmd 6.8)
1.8575,-12.79,-0.65,0.0,-56.46,6.57,0.0,-56.5,-12.8,0.0 (cmd -0.7),0.0 (cmd 6.6)
1.858,-11.65,-0.64,0.0,-58.33,6.23,0.0,-58.3,-11.7,0.0 (cmd -0.6),0.0 (cmd 6.2)
1.8585,-11.12,-0.8,0.0,-57.23,5.18,0.0,-57.2,-11.1,0.0 (cmd -0.8),0.0 (cmd 5.2)
1.859,-9.95,-0.9,0.0,-52.97,3.95,0.0,-53.0,-9.9,0.0 (cmd -0.9),0.0 (cmd 4.0)
1.8595,-8.89,-1.07,0.0,-44.72,1.77,0.0,-44.7,-8.9,0.0 (cmd -1.1),0.0 (cmd 1.8)
1.86,-7.9,-1.17,0.0,-37.6,-0.23,0.0,-37.6,-7.9,0.0 (cmd -1.2),0.0 (cmd -0.2)
1.8605,-7.36,-1.19,0.0,-26.65,-3.19,0.0,-26.6,-7.4,0.0 (cmd -1.2),0.0 (cmd -3.2)
1.861,-7.49,-1.04,0.0,-14.76,-4.66,0.0,-14.8,-7.5,0.0 (cmd -1.0),0.0 (cmd -4.7)
1.8615,-10.86,-0.51,0.0,-12.8,-5.65,0.0,-12.8,-10.9,0.0 (cmd -0.5),0.0 (cmd -5.7)
1.862,-14.45,0.44,0.0,-12.9,-4.28,0.0,-12.9,-14.4,0.0 (cmd 0.4),0.0 (cmd -4.3)
1.8625,-20.31,1.9,0.0,-10.9,-3.35,0.0,-10.9,-20.3,0.0 (cmd 1.9),0.0 (cmd -3.4)
1.863,-28.56,2.83,0.0,-10.64,-2.75,0.0,-10.6,-28.6,0.0 (cmd 2.8),0.0 (cmd -2.8)
1.8635,-33.58,4.0,0.0,-10.81,-1.92,0.0,-10.8,-33.6,0.0 (cmd 4.0),0.0 (cmd -1.9)
1.864,-39.58,5.13,0.0,-10.54,-1.32,0.0,-10.5,-39.6,0.0 (cmd 5.1),0.0 (cmd -1.3)
1.8645,-45.3,5.11,0.0,-9.35,-1.16,0.0,-9.3,-45.3,0.0 (cmd 5.1),0.0 (cmd -1.2)
1.865,-49.86,5.85,0.0,-8.73,-1.09,0.0,-8.7,-49.9,0.0 (cmd 5.8),0.0 (cmd -1.1)
1.8655,-51.62,5.46,0.0,-8.0,-1.13,0.0,-8.0,-51.6,0.0 (cmd 5.5),0.0 (cmd -1.1)
1.866,-51.63,5.17,0.0,-7.62,-1.08,0.0,-7.6,-51.6,0.0 (cmd 5.2),0.0 (cmd -1.1)
1.8665,-49.24,4.04,0.0,-7.47,-1.05,0.0,-7.5,-49.2,0.0 (cmd 4.0),0.0 (cmd -1.1)
1.867,-41.28,2.0,0.0,-7.37,-1.1,0.0,-7.4,-41.3,0.0 (cmd 2.0),0.0 (cmd -1.1)
1.8675,-33.72,-0.07,0.0,-6.85,-1.25,0.0,-6.8,-33.7,0.0 (cmd -0.1),0.0 (cmd -1.2)
1.868,-19.27,-2.03,0.0,-6.33,-1.38,0.0,-6.3,-19.3,0.0 (cmd -2.0),0.0 (cmd -1.4)
1.8685,-12.76,-4.38,0.0,-6.27,-1.56,0.0,-6.3,-12.8,0.0 (cmd -4.4),0.0 (cmd -1.6)
1.869,-9.93,-4.84,0.0,-6.94,-1.28,0.0,-6.9,-9.9,0.0 (cmd -4.8),0.0 (cmd -1.3)
1.8695,-10.81,-3.57,0.0,-7.67,-0.76,0.0,-7.7,-10.8,0.0 (cmd -3.6),0.0 (cmd -0.8)
1.87,-9.97,-2.54,0.0,-8.23,-0.44,0.0,-8.2,-10.0,0.0 (cmd -2.5),0.0 (cmd -0.4)
1.8705,-10.18,-1.92,0.0,-8.58,-0.17,0.0,-8.6,-10.2,0.0 (cmd -1.9),0.0 (cmd -0.2)
1.871,-11.43,-1.03,0.0,-9.75,0.09,0.0,-9.8,-11.4,0.0 (cmd -1.0),0.0 (cmd 0.1)
1.8715,-13.81,-0.5,0.0,-10.81,0.51,0.0,-10.8,-13.8,0.0 (cmd -0.5),0.0 (cmd 0.5)
1.872,-15.27,0.3,0.0,-12.12,0.85,0.0,-12.1,-15.3,0.0 (cmd 0.3),0.0 (cmd 0.8)
1.8725,-15.64,0.68,0.0,-12.7,0.97,0.0,-12.7,-15.6,0.0 (cmd 0.7),0.0 (cmd 1.0)
1.873,-16.71,0.88,0.0,-13.18,0.93,0.0,-13.2,-16.7,0.0 (cmd 0.9),0.0 (cmd 0.9)
1.8735,-17.41,0.97,0.0,-13.37,0.93,0.0,-13.4,-17.4,0.0 (cmd 1.0),0.0 (cmd 0.9)
1.874,-17.53,1.01,0.0,-13.05,0.77,0.0,-13.1,-17.5,0.0 (cmd 1.0),0.0 (cmd 0.8)
1.8745,-17.43,0.9,0.0,-12.55,0.49,0.0,-12.6,-17.4,0.0 (cmd 0.9),0.0 (cmd 0.5)
1.875,-17.51,0.84,0.0,-12.55,0.37,0.0,-12.6,-17.5,0.0 (cmd 0.8),0.0 (cmd 0.4)
1.8755,-17.24,0.79,0.0,-12.56,0.35,0.0,-12.6,-17.2,0.0 (cmd 0.8),0.0 (cmd 0.3)
1.876,-16.93,0.67,0.0,-12.46,0.3,0.0,-12.5,-16.9,0.0 (cmd 0.7),0.0 (cmd 0.3)
1.8765,-16.8,0.58,0.0,-12.23,0.22,0.0,-12.2,-16.8,0.0 (cmd 0.6),0.0 (cmd 0.2)
1.877,-16.86,0.58,0.0,-11.93,0.15,0.0,-11.9,-16.9,0.0 (cmd 0.6),0.0 (cmd 0.1)
1.8775,-16.66,0.59,0.0,-11.63,0.08,0.0,-11.6,-16.7,0.0 (cmd 0.6),0.0 (cmd 0.1)
1.878,-16.48,0.54,0.0,-11.23,-0.02,0.0,-11.2,-16.5,0.0 (cmd 0.5),0.0 (cmd -0.0)
1.8785,-16.53,0.52,0.0,-10.75,-0.06,0.0,-10.8,-16.5,0.0 (cmd 0.5),0.0 (cmd -0.1)
1.879,-16.6,0.56,0.0,-10.46,-0.1,0.0,-10.5,-16.6,0.0 (cmd 0.6),0.0 (cmd -0.1)
1.8795,-16.47,0.58,0.0,-10.17,-0.11,0.0,-10.2,-16.5,0.0 (cmd 0.6),0.0 (cmd -0.1)
1.88,-16.12,0.54,0.0,-9.72,-0.09,0.0,-9.7,-16.1,0.0 (cmd 0.5),0.0 (cmd -0.1)
1.8805,-15.54,0.47,0.0,-8.84,-0.22,0.0,-8.8,-15.5,0.0 (cmd 0.5),0.0 (cmd -0.2)
1.881,-15.32,0.37,0.0,-8.33,-0.33,0.0,-8.3,-15.3,0.0 (cmd 0.4),0.0 (cmd -0.3)
1.8815,-15.14,0.35,0.0,-7.99,-0.4,0.0,-8.0,-15.1,0.0 (cmd 0.3),0.0 (cmd -0.4)
1.882,-15.14,0.39,0.0,-8.04,-0.29,0.0,-8.0,-15.1,0.0 (cmd 0.4),0.0 (cmd -0.3)
1.8825,-15.21,0.46,0.0,-8.03,-0.18,0.0,-8.0,-15.2,0.0 (cmd 0.5),0.0 (cmd -0.2)
1.883,-15.24,0.51,0.0,-8.0,-0.11,0.0,-8.0,-15.2,0.0 (cmd 0.5),0.0 (cmd -0.1)
1.8835,-15.24,0.54,0.0,-7.8,-0.09,0.0,-7.8,-15.2,0.0 (cmd 0.5),0.0 (cmd -0.1)
1.884,-15.15,0.55,0.0,-7.62,-0.09,0.0,-7.6,-15.2,0.0 (cmd 0.6),0.0 (cmd -0.1)
1.8845,-14.93,0.55,0.0,-7.49,-0.08,0.0,-7.5,-14.9,0.0 (cmd 0.6),0.0 (cmd -0.1)
1.885,-14.54,0.52,0.0,-7.39,-0.07,0.0,-7.4,-14.5,0.0 (cmd 0.5),0.0 (cmd -0.1)
1.8855,-14.18,0.43,0.0,-7.22,-0.07,0.0,-7.2,-14.2,0.0 (cmd 0.4),0.0 (cmd -0.1)
1.886,-14.08,0.41,0.0,-7.12,-0.08,0.0,-7.1,-14.1,0.0 (cmd 0.4),0.0 (cmd -0.1)
1.8865,-13.86,0.43,0.0,-6.84,-0.08,0.0,-6.8,-13.9,0.0 (cmd 0.4),0.0 (cmd -0.1)
1.887,-13.43,0.33,0.0,-6.67,-0.09,0.0,-6.7,-13.4,0.0 (cmd 0.3),0.0 (cmd -0.1)
1.8875,-12.88,0.36,0.0,-6.49,-0.09,0.0,-6.5,-12.9,0.0 (cmd 0.4),0.0 (cmd -0.1)
1.888,-12.04,0.36,0.0,-6.23,-0.09,0.0,-6.2,-12.0,0.0 (cmd 0.4),0.0 (cmd -0.1)
1.8886,-10.43,0.0,0.0,-5.93,0.0,0.0,-5.9,-10.4,0.0 (cmd 0.0),0.0 (cmd 0.0)
1.8891,-8.59,0.0,0.0,-5.79,0.0,0.0,-5.8,-8.6,0.0 (cmd 0.0),0.0 (cmd 0.0)
1.8896000000000002,-7.76,0.0,0.0,-5.69,0.0,0.0,-5.7,-7.8,0.0 (cmd 0.0),0.0 (cmd 0.0)
1.8901,-8.05,0.0,0.0,-5.54,0.0,0.0,-5.5,-8.1,0.0 (cmd 0.0),0.0 (cmd 0.0)
1.8905999999999998,-8.48,0.0,0.0,-5.57,0.0,0.0,-5.6,-8.5,0.0 (cmd 0.0),0.0 (cmd 0.0)
1.8911000000000002,-8.59,0.0,0.0,-5.58,0.0,0.0,-5.6,-8.6,0.0 (cmd 0.0),0.0 (cmd 0.0)
1.8916,-8.61,0.0,0.0,-5.55,0.0,0.0,-5.5,-8.6,0.0 (cmd 0.0),0.0 (cmd 0.0)
1.8921000000000001,-8.62,0.0,0.0,-5.51,0.0,0.0,-5.5,-8.6,0.0 (cmd 0.0),0.0 (cmd 0.0)
1.8925999999999998,-8.71,0.0,0.0,-5.51,0.0,0.0,-5.5,-8.7,0.0 (cmd 0.0),0.0 (cmd 0.0)
1.8931,-8.79,0.0,0.0,-5.52,0.0,0.0,-5.5,-8.8,0.0 (cmd 0.0),0.0 (cmd 0.0)
1.8936000000000002,-8.8,0.0,0.0,-5.6,0.0,0.0,-5.6,-8.8,0.0 (cmd 0.0),0.0 (cmd 0.0)
1.8941,-8.84,0.0,0.0,-5.59,0.0,0.0,-5.6,-8.8,0.0 (cmd 0.0),0.0 (cmd 0.0)
1.8946,-8.83,0.0,0.0,-5.58,0.0,0.0,-5.6,-8.8,0.0 (cmd 0.0),0.0 (cmd 0.0)
1.8951,-8.8,0.0,0.0,-5.57,0.0,0.0,-5.6,-8.8,0.0 (cmd 0.0),0.0 (cmd 0.0)
1.8956,-8.8,0.0,0.0,-5.54,0.0,0.0,-5.5,-8.8,0.0 (cmd 0.0),0.0 (cmd 0.0)
1.8961000000000001,-8.84,0.0,0.0,-5.53,0.0,0.0,-5.5,-8.8,0.0 (cmd 0.0),0.0 (cmd 0.0)
1.8965999999999998,-8.89,0.0,0.0,-5.51,0.0,0.0,-5.5,-8.9,0.0 (cmd 0.0),0.0 (cmd 0.0)
1.8971000000000002,-8.86,0.0,0.0,-5.49,0.0,0.0,-5.5,-8.9,0.0 (cmd 0.0),0.0 (cmd 0.0)
1.8976,-8.84,0.0,0.0,-5.45,0.0,0.0,-5.5,-8.8,0.0 (cmd 0.0),0.0 (cmd 0.0)
1.8981,-8.8,0.0,0.0,-5.4,0.0,0.0,-5.4,-8.8,0.0 (cmd 0.0),0.0 (cmd 0.0)
1.8986,-8.79,0.0,0.0,-5.37,0.0,0.0,-5.4,-8.8,0.0 (cmd 0.0),0.0 (cmd 0.0)
1.8991,-8.79,0.0,0.0,-5.36,0.0,0.0,-5.4,-8.8,0.0 (cmd 0.0),0.0 (cmd 0.0)
1.8996000000000002,-8.79,0.0,0.0,-5.34,0.0,0.0,-5.3,-8.8,0.0 (cmd 0.0),0.0 (cmd 0.0)
1.9001,-8.81,0.0,0.0,-5.32,0.0,0.0,-5.3,-8.8,0.0 (cmd 0.0),0.0 (cmd 0.0)
1.9005999999999998,-8.8,0.0,0.0,-5.31,0.0,0.0,-5.3,-8.8,0.0 (cmd 0.0),0.0 (cmd 0.0)
1.9011000000000002,-8.8,0.0,0.0,-5.31,0.0,0.0,-5.3,-8.8,0.0 (cmd 0.0),0.0 (cmd 0.0)
1.9016,-8.81,0.0,0.0,-5.29,0.0,0.0,-5.3,-8.8,0.0 (cmd 0.0),0.0 (cmd 0.0)
1.9021000000000001,-8.78,0.0,0.0,-5.27,0.0,0.0,-5.3,-8.8,0.0 (cmd 0.0),0.0 (cmd 0.0)
1.9025999999999998,-8.79,0.0,0.0,-5.25,0.0,0.0,-5.2,-8.8,0.0 (cmd 0.0),0.0 (cmd 0.0)
1.9031,-8.78,0.0,0.0,-5.25,0.0,0.0,-5.2,-8.8,0.0 (cmd 0.0),0.0 (cmd 0.0)
1.9036000000000002,-8.77,0.0,0.0,-5.22,0.0,0.0,-5.2,-8.8,0.0 (cmd 0.0),0.0 (cmd 0.0)
1.9041,-8.76,0.0,0.0,-5.22,0.0,0.0,-5.2,-8.8,0.0 (cmd 0.0),0.0 (cmd 0.0)
1.9046,-8.77,0.0,0.0,-5.23,0.0,0.0,-5.2,-8.8,0.0 (cmd 0.0),0.0 (cmd 0.0)
1.9051,-8.78,0.0,0.0,-5.23,0.0,0.0,-5.2,-8.8,0.0 (cmd 0.0),0.0 (cmd 0.0)
1.9056,-8.78,0.0,0.0,-5.21,0.0,0.0,-5.2,-8.8,0.0 (cmd 0.0),0.0 (cmd 0.0)
1.9061000000000001,-8.8,0.0,0.0,-5.18,0.0,0.0,-5.2,-8.8,0.0 (cmd 0.0),0.0 (cmd 0.0)
1.9065999999999999,-8.81,0.0,0.0,-5.15,0.0,0.0,-5.2,-8.8,0.0 (cmd 0.0),0.0 (cmd 0.0)
1.9071000000000002,-8.79,0.0,0.0,-5.12,0.0,0.0,-5.1,-8.8,0.0 (cmd 0.0),0.0 (cmd 0.0)
1.9076,-8.79,0.0,0.0,-5.1,0.0,0.0,-5.1,-8.8,0.0 (cmd 0.0),0.0 (cmd 0.0)
1.9081,-8.77,0.0,0.0,-5.06,0.0,0.0,-5.1,-8.8,0.0 (cmd 0.0),0.0 (cmd 0.0)
1.9086,-8.77,0.0,0.0,-5.04,0.0,0.0,-5.0,-8.8,0.0 (cmd 0.0),0.0 (cmd 0.0)
1.9091,-8.78,0.0,0.0,-5.03,0.0,0.0,-5.0,-8.8,0.0 (cmd 0.0),0.0 (cmd 0.0)
1.9096000000000002,-8.79,0.0,0.0,-5.01,0.0,0.0,-5.0,-8.8,0.0 (cmd 0.0),0.0 (cmd 0.0)
1.9101,-8.8,0.0,0.0,-4.99,0.0,0.0,-5.0,-8.8,0.0 (cmd 0.0),0.0 (cmd 0.0)
1.9105999999999999,-8.82,0.0,0.0,-4.98,0.0,0.0,-5.0,-8.8,0.0 (cmd 0.0),0.0 (cmd 0.0)
1.9111000000000002,-8.85,0.0,0.0,-4.96,0.0,0.0,-5.0,-8.8,0.0 (cmd 0.0),0.0 (cmd 0.0)
1.9116,-8.89,0.0,0.0,-4.95,0.0,0.0,-5.0,-8.9,0.0 (cmd 0.0),0.0 (cmd 0.0)
1.9121000000000001,-8.87,0.0,0.0,-4.93,0.0,0.0,-4.9,-8.9,0.0 (cmd 0.0),0.0 (cmd 0.0)
1.9125999999999999,-8.86,0.0,0.0,-4.93,0.0,0.0,-4.9,-8.9,0.0 (cmd 0.0),0.0 (cmd 0.0)
1.9130999999999998,-8.87,0.0,0.0,-4.92,0.0,0.0,-4.9,-8.9,0.0 (cmd 0.0),0.0 (cmd 0.0)
1.9136000000000002,-8.89,0.0,0.0,-4.92,0.0,0.0,-4.9,-8.9,0.0 (cmd 0.0),0.0 (cmd 0.0)
1.9141,-8.91,0.0,0.0,-4.93,0.0,0.0,-4.9,-8.9,0.0 (cmd 0.0),0.0 (cmd 0.0)
1.9146,-8.94,0.0,0.0,-4.98,0.0,0.0,-5.0,-8.9,0.0 (cmd 0.0),0.0 (cmd 0.0)
1.9150999999999998,-8.98,0.0,0.0,-4.99,0.0,0.0,-5.0,-9.0,0.0 (cmd 0.0),0.0 (cmd 0.0)
1.9156,-9.03,0.0,0.0,-5.03,0.0,0.0,-5.0,-9.0,0.0 (cmd 0.0),0.0 (cmd 0.0)
1.9161000000000001,-9.16,0.0,0.0,-5.21,0.0,0.0,-5.2,-9.2,0.0 (cmd 0.0),0.0 (cmd 0.0)
1.9165999999999999,-9.63,0.0,0.0,-6.0,0.0,0.0,-6.0,-9.6,0.0 (cmd 0.0),0.0 (cmd 0.0)
1.9171,-10.45,0.0,0.0,-8.3,0.0,0.0,-8.3,-10.4,0.0 (cmd 0.0),0.0 (cmd 0.0)
1.9176,-11.56,0.0,0.0,-10.71,0.0,0.0,-10.7,-11.6,0.0 (cmd 0.0),0.0 (cmd 0.0)
1.9181,-12.08,0.0,0.0,-12.11,0.0,0.0,-12.1,-12.1,0.0 (cmd 0.0),0.0 (cmd 0.0)
1.9186,-12.48,0.0,0.0,-12.72,0.0,0.0,-12.7,-12.5,0.0 (cmd 0.0),0.0 (cmd 0.0)
1.9190999999999998,-12.42,0.0,0.0,-12.92,0.0,0.0,-12.9,-12.4,0.0 (cmd 0.0),0.0 (cmd 0.0)
1.9196000000000002,-12.09,0.0,0.0,-12.83,0.0,0.0,-12.8,-12.1,0.0 (cmd 0.0),0.0 (cmd 0.0)
1.9201,-11.85,0.0,0.0,-12.38,0.0,0.0,-12.4,-11.8,0.0 (cmd 0.0),0.0 (cmd 0.0)
1.9205999999999999,-11.76,0.0,0.0,-11.34,0.0,0.0,-11.3,-11.8,0.0 (cmd 0.0),0.0 (cmd 0.0)
1.9211,-11.96,0.0,0.0,-10.61,0.0,0.0,-10.6,-12.0,0.0 (cmd 0.0),0.0 (cmd 0.0)
1.9216,-12.22,0.0,0.0,-9.1,0.0,0.0,-9.1,-12.2,0.0 (cmd 0.0),0.0 (cmd 0.0)
1.9221000000000001,-12.39,0.0,0.0,-7.68,0.0,0.0,-7.7,-12.4,0.0 (cmd 0.0),0.0 (cmd 0.0)
1.9225999999999999,-12.94,0.0,0.0,-6.98,0.0,0.0,-7.0,-12.9,0.0 (cmd 0.0),0.0 (cmd 0.0)
1.9230999999999998,-13.31,0.0,0.0,-6.52,0.0,0.0,-6.5,-13.3,0.0 (cmd 0.0),0.0 (cmd 0.0)
1.9236000000000002,-13.59,0.0,0.0,-5.95,0.0,0.0,-6.0,-13.6,0.0 (cmd 0.0),0.0 (cmd 0.0)
1.9241,-13.64,0.0,0.0,-5.95,0.0,0.0,-6.0,-13.6,0.0 (cmd 0.0),0.0 (cmd 0.0)
1.9246,-13.51,0.0,0.0,-6.32,0.0,0.0,-6.3,-13.5,0.0 (cmd 0.0),0.0 (cmd 0.0)
1.9250999999999998,-13.55,0.0,0.0,-6.91,0.0,0.0,-6.9,-13.6,0.0 (cmd 0.0),0.0 (cmd 0.0)
1.9256,-13.74,0.0,0.0,-7.31,0.0,0.0,-7.3,-13.7,0.0 (cmd 0.0),0.0 (cmd 0.0)
1.9261000000000001,-14.18,0.0,0.0,-7.75,0.0,0.0,-7.8,-14.2,0.0 (cmd 0.0),0.0 (cmd 0.0)
1.9265999999999999,-14.51,0.0,0.0,-8.25,0.0,0.0,-8.2,-14.5,0.0 (cmd 0.0),0.0 (cmd 0.0)
1.9271,-14.85,0.0,0.0,-8.59,0.0,0.0,-8.6,-14.8,0.0 (cmd 0.0),0.0 (cmd 0.0)
1.9276,-15.01,0.0,0.0,-8.6,0.0,0.0,-8.6,-15.0,0.0 (cmd 0.0),0.0 (cmd 0.0)
1.9281,-14.93,0.0,0.0,-8.32,0.0,0.0,-8.3,-14.9,0.0 (cmd 0.0),0.0 (cmd 0.0)
1.9286,-14.72,0.0,0.0,-7.83,0.0,0.0,-7.8,-14.7,0.0 (cmd 0.0),0.0 (cmd 0.0)
1.9290999999999998,-14.38,0.0,0.0,-7.56,0.0,0.0,-7.6,-14.4,0.0 (cmd 0.0),0.0 (cmd 0.0)
1.9296000000000002,-14.22,0.0,0.0,-7.46,0.0,0.0,-7.5,-14.2,0.0 (cmd 0.0),0.0 (cmd 0.0)
1.9301,-14.25,0.0,0.0,-7.49,0.0,0.0,-7.5,-14.2,0.0 (cmd 0.0),0.0 (cmd 0.0)
1.9305999999999999,-14.27,0.0,0.0,-7.61,0.0,0.0,-7.6,-14.3,0.0 (cmd 0.0),0.0 (cmd 0.0)
1.9311,-14.2,0.0,0.0,-7.27,0.0,0.0,-7.3,-14.2,0.0 (cmd 0.0),0.0 (cmd 0.0)
1.9316,-14.13,0.0,0.0,-6.94,0.0,0.0,-6.9,-14.1,0.0 (cmd 0.0),0.0 (cmd 0.0)
1.9321000000000002,-13.9,0.0,0.0,-6.59,0.0,0.0,-6.6,-13.9,0.0 (cmd 0.0),0.0 (cmd 0.0)
1.9325999999999999,-13.65,0.0,0.0,-6.27,0.0,0.0,-6.3,-13.7,0.0 (cmd 0.0),0.0 (cmd 0.0)
1.9330999999999998,-13.18,0.0,0.0,-5.89,0.0,0.0,-5.9,-13.2,0.0 (cmd 0.0),0.0 (cmd 0.0)
1.9336000000000002,-12.81,0.0,0.0,-5.8,0.0,0.0,-5.8,-12.8,0.0 (cmd 0.0),0.0 (cmd 0.0)
1.9341,-12.58,0.0,0.0,-5.71,0.0,0.0,-5.7,-12.6,0.0 (cmd 0.0),0.0 (cmd 0.0)
1.9346,-12.54,0.0,0.0,-5.74,0.0,0.0,-5.7,-12.5,0.0 (cmd 0.0),0.0 (cmd 0.0)
1.9350999999999998,-12.64,0.0,0.0,-5.79,0.0,0.0,-5.8,-12.6,0.0 (cmd 0.0),0.0 (cmd 0.0)
1.9356,-12.68,0.0,0.0,-5.61,0.0,0.0,-5.6,-12.7,0.0 (cmd 0.0),0.0 (cmd 0.0)
1.9361000000000002,-12.66,0.0,0.0,-5.48,0.0,0.0,-5.5,-12.7,0.0 (cmd 0.0),0.0 (cmd 0.0)
1.9365999999999999,-12.6,0.0,0.0,-5.29,0.0,0.0,-5.3,-12.6,0.0 (cmd 0.0),0.0 (cmd 0.0)
1.9371,-12.31,0.0,0.0,-5.24,0.0,0.0,-5.2,-12.3,0.0 (cmd 0.0),0.0 (cmd 0.0)
1.9376,-12.2,0.0,0.0,-5.28,0.0,0.0,-5.3,-12.2,0.0 (cmd 0.0),0.0 (cmd 0.0)
1.9381,-12.14,0.0,0.0,-5.22,0.0,0.0,-5.2,-12.1,0.0 (cmd 0.0),0.0 (cmd 0.0)
1.9386,-12.15,0.0,0.0,-5.21,0.0,0.0,-5.2,-12.2,0.0 (cmd 0.0),0.0 (cmd 0.0)
1.9390999999999998,-12.13,0.0,0.0,-5.22,0.0,0.0,-5.2,-12.1,0.0 (cmd 0.0),0.0 (cmd 0.0)
1.9396000000000002,-12.12,0.0,0.0,-5.17,0.0,0.0,-5.2,-12.1,0.0 (cmd 0.0),0.0 (cmd 0.0)
1.9401,-12.01,0.0,0.0,-5.06,0.0,0.0,-5.1,-12.0,0.0 (cmd 0.0),0.0 (cmd 0.0)
1.9405999999999999,-11.9,0.0,0.0,-4.92,0.0,0.0,-4.9,-11.9,0.0 (cmd 0.0),0.0 (cmd 0.0)
1.9411,-11.88,0.0,0.0,-4.86,0.0,0.0,-4.9,-11.9,0.0 (cmd 0.0),0.0 (cmd 0.0)
1.9416,-11.9,0.0,0.0,-4.89,0.0,0.0,-4.9,-11.9,0.0 (cmd 0.0),0.0 (cmd 0.0)
1.9421000000000002,-11.87,0.0,0.0,-4.94,0.0,0.0,-4.9,-11.9,0.0 (cmd 0.0),0.0 (cmd 0.0)
1.9425999999999999,-11.86,0.0,0.0,-4.85,0.0,0.0,-4.8,-11.9,0.0 (cmd 0.0),0.0 (cmd 0.0)
1.9430999999999998,-11.85,0.0,0.0,-4.73,0.0,0.0,-4.7,-11.8,0.0 (cmd 0.0),0.0 (cmd 0.0)
1.9436000000000002,-11.68,0.0,0.0,-4.68,0.0,0.0,-4.7,-11.7,0.0 (cmd 0.0),0.0 (cmd 0.0)
1.9441,-11.6,0.0,0.0,-4.67,0.0,0.0,-4.7,-11.6,0.0 (cmd 0.0),0.0 (cmd 0.0)
1.9446,-11.54,0.0,0.0,-4.6,0.0,0.0,-4.6,-11.5,0.0 (cmd 0.0),0.0 (cmd 0.0)
1.9450999999999998,-11.52,0.0,0.0,-4.66,0.0,0.0,-4.7,-11.5,0.0 (cmd 0.0),0.0 (cmd 0.0)
1.9456,-11.55,0.0,0.0,-4.67,0.0,0.0,-4.7,-11.6,0.0 (cmd 0.0),0.0 (cmd 0.0)
1.9461000000000002,-11.59,0.0,0.0,-4.71,0.0,0.0,-4.7,-11.6,0.0 (cmd 0.0),0.0 (cmd 0.0)
1.9465999999999999,-11.67,0.0,0.0,-4.74,0.0,0.0,-4.7,-11.7,0.0 (cmd 0.0),0.0 (cmd 0.0)
1.9471,-11.7,0.0,0.0,-4.66,0.0,0.0,-4.7,-11.7,0.0 (cmd 0.0),0.0 (cmd 0.0)
1.9476,-11.71,0.0,0.0,-4.66,0.0,0.0,-4.7,-11.7,0.0 (cmd 0.0),0.0 (cmd 0.0)
1.9481,-11.69,0.0,0.0,-4.61,0.0,0.0,-4.6,-11.7,0.0 (cmd 0.0),0.0 (cmd 0.0)
1.9486,-11.64,0.0,0.0,-4.65,0.0,0.0,-4.7,-11.6,0.0 (cmd 0.0),0.0 (cmd 0.0)
1.9490999999999998,-11.67,0.0,0.0,-4.68,0.0,0.0,-4.7,-11.7,0.0 (cmd 0.0),0.0 (cmd 0.0)
1.9496000000000002,-11.7,0.0,0.0,-4.71,0.0,0.0,-4.7,-11.7,0.0 (cmd 0.0),0.0 (cmd 0.0)
1.9501,-11.77,0.0,0.0,-4.73,0.0,0.0,-4.7,-11.8,0.0 (cmd 0.0),0.0 (cmd 0.0)
1.9506,-11.83,0.0,0.0,-4.71,0.0,0.0,-4.7,-11.8,0.0 (cmd 0.0),0.0 (cmd 0.0)
1.9511,-11.85,0.0,0.0,-4.73,0.0,0.0,-4.7,-11.8,0.0 (cmd 0.0),0.0 (cmd 0.0)
1.9516,-11.8,0.0,0.0,-4.72,0.0,0.0,-4.7,-11.8,0.0 (cmd 0.0),0.0 (cmd 0.0)
1.9521000000000002,-11.77,0.0,0.0,-4.73,0.0,0.0,-4.7,-11.8,0.0 (cmd 0.0),0.0 (cmd 0.0)
1.9526,-11.79,0.0,0.0,-4.78,0.0,0.0,-4.8,-11.8,0.0 (cmd 0.0),0.0 (cmd 0.0)
1.9530999999999998,-11.82,0.0,0.0,-4.76,0.0,0.0,-4.8,-11.8,0.0 (cmd 0.0),0.0 (cmd 0.0)
1.9536000000000002,-11.83,0.0,0.0,-4.77,0.0,0.0,-4.8,-11.8,0.0 (cmd 0.0),0.0 (cmd 0.0)
1.9541,-11.82,0.0,0.0,-4.74,0.0,0.0,-4.7,-11.8,0.0 (cmd 0.0),0.0 (cmd 0.0)
1.9546000000000001,-11.81,0.0,0.0,-4.76,0.0,0.0,-4.8,-11.8,0.0 (cmd 0.0),0.0 (cmd 0.0)
1.9550999999999998,-11.8,0.0,0.0,-4.77,0.0,0.0,-4.8,-11.8,0.0 (cmd 0.0),0.0 (cmd 0.0)
1.9556,-11.81,0.0,0.0,-4.79,0.0,0.0,-4.8,-11.8,0.0 (cmd 0.0),0.0 (cmd 0.0)
1.9561000000000002,-11.85,0.0,0.0,-4.83,0.0,0.0,-4.8,-11.8,0.0 (cmd 0.0),0.0 (cmd 0.0)
1.9566,-11.88,0.0,0.0,-4.83,0.0,0.0,-4.8,-11.9,0.0 (cmd 0.0),0.0 (cmd 0.0)
1.9571,-11.92,0.0,0.0,-4.85,0.0,0.0,-4.8,-11.9,0.0 (cmd 0.0),0.0 (cmd 0.0)
1.9576,-11.91,0.0,0.0,-4.88,0.0,0.0,-4.9,-11.9,0.0 (cmd 0.0),0.0 (cmd 0.0)
1.9581,-11.92,0.0,0.0,-4.89,0.0,0.0,-4.9,-11.9,0.0 (cmd 0.0),0.0 (cmd 0.0)
1.9586000000000001,-11.95,0.0,0.0,-4.9,0.0,0.0,-4.9,-11.9,0.0 (cmd 0.0),0.0 (cmd 0.0)
1.9590999999999998,-11.93,0.0,0.0,-4.89,0.0,0.0,-4.9,-11.9,0.0 (cmd 0.0),0.0 (cmd 0.0)
1.9596000000000002,-11.92,0.0,0.0,-4.91,0.0,0.0,-4.9,-11.9,0.0 (cmd 0.0),0.0 (cmd 0.0)
1.9601,-11.93,0.0,0.0,-4.92,0.0,0.0,-4.9,-11.9,0.0 (cmd 0.0),0.0 (cmd 0.0)
1.9606,-11.95,0.0,0.0,-4.92,0.0,0.0,-4.9,-11.9,0.0 (cmd 0.0),0.0 (cmd 0.0)
1.9611,-11.97,0.0,0.0,-4.95,0.0,0.0,-5.0,-12.0,0.0 (cmd 0.0),0.0 (cmd 0.0)
1.9616,-11.98,0.0,0.0,-4.95,0.0,0.0,-5.0,-12.0,0.0 (cmd 0.0),0.0 (cmd 0.0)
1.9621000000000002,-11.98,0.0,0.0,-5.0,0.0,0.0,-5.0,-12.0,0.0 (cmd 0.0),0.0 (cmd 0.0)
1.9626,-12.0,0.0,0.0,-5.02,0.0,0.0,-5.0,-12.0,0.0 (cmd 0.0),0.0 (cmd 0.0)
1.9630999999999998,-12.05,0.0,0.0,-5.05,0.0,0.0,-5.0,-12.1,0.0 (cmd 0.0),0.0 (cmd 0.0)
1.9636000000000002,-12.16,0.0,0.0,-5.18,0.0,0.0,-5.2,-12.2,0.0 (cmd 0.0),0.0 (cmd 0.0)
1.9641,-12.94,0.0,0.0,-5.79,0.0,0.0,-5.8,-12.9,0.0 (cmd 0.0),0.0 (cmd 0.0)
1.9646000000000001,-15.08,0.0,0.0,-7.22,0.0,0.0,-7.2,-15.1,0.0 (cmd 0.0),0.0 (cmd 0.0)
1.9650999999999998,-17.27,0.0,0.0,-9.43,0.0,0.0,-9.4,-17.3,0.0 (cmd 0.0),0.0 (cmd 0.0)
1.9656,-19.27,0.0,0.0,-12.78,0.0,0.0,-12.8,-19.3,0.0 (cmd 0.0),0.0 (cmd 0.0)
1.9661000000000002,-23.75,0.0,0.0,-16.45,0.0,0.0,-16.4,-23.8,0.0 (cmd 0.0),0.0 (cmd 0.0)
1.9666,-27.43,0.0,0.0,-19.71,0.0,0.0,-19.7,-27.4,0.0 (cmd 0.0),0.0 (cmd 0.0)
1.9671,-29.16,0.0,0.0,-22.92,0.0,0.0,-22.9,-29.2,0.0 (cmd 0.0),0.0 (cmd 0.0)
1.9676,-31.69,0.0,0.0,-26.35,0.0,0.0,-26.4,-31.7,0.0 (cmd 0.0),0.0 (cmd 0.0)
1.9681,-35.14,0.0,0.0,-29.9,0.0,0.0,-29.9,-35.1,0.0 (cmd 0.0),0.0 (cmd 0.0)
1.9686000000000001,-38.63,0.0,0.0,-32.34,0.0,0.0,-32.3,-38.6,0.0 (cmd 0.0),0.0 (cmd 0.0)
1.9690999999999999,-41.46,0.0,0.0,-35.51,0.0,0.0,-35.5,-41.5,0.0 (cmd 0.0),0.0 (cmd 0.0)
1.9696000000000002,-44.44,0.0,0.0,-38.54,0.0,0.0,-38.5,-44.4,0.0 (cmd 0.0),0.0 (cmd 0.0)
1.9701,-48.52,0.0,0.0,-41.12,0.0,0.0,-41.1,-48.5,0.0 (cmd 0.0),0.0 (cmd 0.0)
1.9706,-50.54,0.0,0.0,-45.42,0.0,0.0,-45.4,-50.5,0.0 (cmd 0.0),0.0 (cmd 0.0)
1.9711,-53.77,0.0,0.0,-49.18,0.0,0.0,-49.2,-53.8,0.0 (cmd 0.0),0.0 (cmd 0.0)
1.9716,-54.72,0.0,0.0,-53.05,0.0,0.0,-53.0,-54.7,0.0 (cmd 0.0),0.0 (cmd 0.0)
1.9721000000000002,-60.08,0.0,0.0,-55.0,0.0,0.0,-55.0,-60.1,0.0 (cmd 0.0),0.0 (cmd 0.0)
1.9726,-62.25,0.0,0.0,-58.07,0.0,0.0,-58.1,-62.2,0.0 (cmd 0.0),0.0 (cmd 0.0)
1.9730999999999999,-63.64,0.0,0.0,-59.81,0.0,0.0,-59.8,-63.6,0.0 (cmd 0.0),0.0 (cmd 0.0)
1.9736000000000002,-65.44,0.0,0.0,-61.46,0.0,0.0,-61.5,-65.4,0.0 (cmd 0.0),0.0 (cmd 0.0)
1.9741,-65.84,0.0,0.0,-62.65,0.0,0.0,-62.6,-65.8,0.0 (cmd 0.0),0.0 (cmd 0.0)
1.9746000000000001,-66.97,0.0,0.0,-63.85,0.0,0.0,-63.9,-67.0,0.0 (cmd 0.0),0.0 (cmd 0.0)
1.9750999999999999,-67.84,0.0,0.0,-65.27,0.0,0.0,-65.3,-67.8,0.0 (cmd 0.0),0.0 (cmd 0.0)
1.9755999999999998,-68.54,0.0,0.0,-66.27,0.0,0.0,-66.3,-68.5,0.0 (cmd 0.0),0.0 (cmd 0.0)
1.9761000000000002,-69.04,0.0,0.0,-67.61,0.0,0.0,-67.6,-69.0,0.0 (cmd 0.0),0.0 (cmd 0.0)
1.9766,-69.59,0.0,0.0,-69.75,0.0,0.0,-69.8,-69.6,0.0 (cmd 0.0),0.0 (cmd 0.0)
1.9771,-70.2,0.0,0.0,-72.33,0.0,0.0,-72.3,-70.2,0.0 (cmd 0.0),0.0 (cmd 0.0)
1.9775999999999998,-70.23,0.0,0.0,-74.58,0.0,0.0,-74.6,-70.2,0.0 (cmd 0.0),0.0 (cmd 0.0)
1.9781,-70.24,0.0,0.0,-76.49,0.0,0.0,-76.5,-70.2,0.0 (cmd 0.0),0.0 (cmd 0.0)
1.9786000000000001,-70.58,0.0,0.0,-77.86,0.0,0.0,-77.9,-70.6,0.0 (cmd 0.0),0.0 (cmd 0.0)
1.9790999999999999,-71.04,0.0,0.0,-78.48,0.0,0.0,-78.5,-71.0,0.0 (cmd 0.0),0.0 (cmd 0.0)
1.9796,-71.46,0.0,0.0,-77.95,0.0,0.0,-78.0,-71.5,0.0 (cmd 0.0),0.0 (cmd 0.0)
1.9801,-72.57,0.0,0.0,-77.68,0.0,0.0,-77.7,-72.6,0.0 (cmd 0.0),0.0 (cmd 0.0)
1.9806,-74.05,0.0,0.0,-77.45,0.0,0.0,-77.5,-74.0,0.0 (cmd 0.0),0.0 (cmd 0.0)
1.9811,-75.52,0.0,0.0,-77.38,0.0,0.0,-77.4,-75.5,0.0 (cmd 0.0),0.0 (cmd 0.0)
1.9815999999999998,-77.44,0.0,0.0,-77.56,0.0,0.0,-77.6,-77.4,0.0 (cmd 0.0),0.0 (cmd 0.0)
1.9821000000000002,-79.05,0.0,0.0,-77.54,0.0,0.0,-77.5,-79.0,0.0 (cmd 0.0),0.0 (cmd 0.0)
1.9826,-79.53,0.0,0.0,-77.24,0.0,0.0,-77.2,-79.5,0.0 (cmd 0.0),0.0 (cmd 0.0)
1.9830999999999999,-78.85,0.0,0.0,-76.88,0.0,0.0,-76.9,-78.8,0.0 (cmd 0.0),0.0 (cmd 0.0)
1.9836,-77.54,0.0,0.0,-76.46,0.0,0.0,-76.5,-77.5,0.0 (cmd 0.0),0.0 (cmd 0.0)
1.9841,-77.85,0.0,0.0,-76.08,0.0,0.0,-76.1,-77.8,0.0 (cmd 0.0),0.0 (cmd 0.0)
1.9846000000000001,-77.86,0.0,0.0,-75.72,0.0,0.0,-75.7,-77.9,0.0 (cmd 0.0),0.0 (cmd 0.0)
1.9850999999999999,-77.81,0.0,0.0,-75.31,0.0,0.0,-75.3,-77.8,0.0 (cmd 0.0),0.0 (cmd 0.0)
1.9855999999999998,-77.99,0.0,0.0,-75.1,0.0,0.0,-75.1,-78.0,0.0 (cmd 0.0),0.0 (cmd 0.0)
1.9861000000000002,-77.72,0.0,0.0,-74.71,0.0,0.0,-74.7,-77.7,0.0 (cmd 0.0),0.0 (cmd 0.0)
1.9866,-77.58,0.0,0.0,-74.23,0.0,0.0,-74.2,-77.6,0.0 (cmd 0.0),0.0 (cmd 0.0)
1.9871,-77.38,0.0,0.0,-73.72,0.0,0.0,-73.7,-77.4,0.0 (cmd 0.0),0.0 (cmd 0.0)
1.9875999999999998,-77.25,0.0,0.0,-73.38,0.0,0.0,-73.4,-77.2,0.0 (cmd 0.0),0.0 (cmd 0.0)
1.9881,-77.25,0.0,0.0,-73.78,0.0,0.0,-73.8,-77.2,0.0 (cmd 0.0),0.0 (cmd 0.0)
1.9886000000000001,-77.17,0.0,0.0,-75.15,0.0,0.0,-75.2,-77.2,0.0 (cmd 0.0),0.0 (cmd 0.0)
1.9890999999999999,-76.81,0.0,0.0,-75.88,0.0,0.0,-75.9,-76.8,0.0 (cmd 0.0),0.0 (cmd 0.0)
1.9896,-76.61,0.0,0.0,-75.75,0.0,0.0,-75.8,-76.6,0.0 (cmd 0.0),0.0 (cmd 0.0)
1.9901,-76.59,0.0,0.0,-74.87,0.0,0.0,-74.9,-76.6,0.0 (cmd 0.0),0.0 (cmd 0.0)
1.9906,-76.62,0.0,0.0,-74.76,0.0,0.0,-74.8,-76.6,0.0 (cmd 0.0),0.0 (cmd 0.0)
1.9911,-76.3,0.0,0.0,-74.47,0.0,0.0,-74.5,-76.3,0.0 (cmd 0.0),0.0 (cmd 0.0)
1.9915999999999998,-76.03,0.0,0.0,-74.16,0.0,0.0,-74.2,-76.0,0.0 (cmd 0.0),0.0 (cmd 0.0)
1.9921000000000002,-75.77,0.0,0.0,-73.77,0.0,0.0,-73.8,-75.8,0.0 (cmd 0.0),0.0 (cmd 0.0)
1.9926,-75.49,0.0,0.0,-73.53,0.0,0.0,-73.5,-75.5,0.0 (cmd 0.0),0.0 (cmd 0.0)
1.9930999999999999,-75.28,0.0,0.0,-73.33,0.0,0.0,-73.3,-75.3,0.0 (cmd 0.0),0.0 (cmd 0.0)
1.9936,-75.07,0.0,0.0,-73.04,0.0,0.0,-73.0,-75.1,0.0 (cmd 0.0),0.0 (cmd 0.0)
1.9941,-74.56,0.0,0.0,-72.73,0.0,0.0,-72.7,-74.6,0.0 (cmd 0.0),0.0 (cmd 0.0)
1.9946000000000002,-73.99,0.0,0.0,-72.29,0.0,0.0,-72.3,-74.0,0.0 (cmd 0.0),0.0 (cmd 0.0)
1.9950999999999999,-73.63,0.0,0.0,-72.02,0.0,0.0,-72.0,-73.6,0.0 (cmd 0.0),0.0 (cmd 0.0)
1.9955999999999998,-73.26,0.0,0.0,-71.79,0.0,0.0,-71.8,-73.3,0.0 (cmd 0.0),0.0 (cmd 0.0)
1.9961000000000002,-72.82,0.0,0.0,-71.27,0.0,0.0,-71.3,-72.8,0.0 (cmd 0.0),0.0 (cmd 0.0)
1.9966,-72.45,0.0,0.0,-71.06,0.0,0.0,-71.1,-72.5,0.0 (cmd 0.0),0.0 (cmd 0.0)
1.9971,-72.17,0.0,0.0,-70.86,0.0,0.0,-70.9,-72.2,0.0 (cmd 0.0),0.0 (cmd 0.0)
1.9975999999999998,-71.81,0.0,0.0,-70.59,0.0,0.0,-70.6,-71.8,0.0 (cmd 0.0),0.0 (cmd 0.0)
1.9981,-71.5,0.0,0.0,-70.2,0.0,0.0,-70.2,-71.5,0.0 (cmd 0.0),0.0 (cmd 0.0)
1.9986000000000002,-71.27,0.0,0.0,-70.02,0.0,0.0,-70.0,-71.3,0.0 (cmd 0.0),0.0 (cmd 0.0)
1.9990999999999999,-70.98,0.0,0.0,-69.86,0.0,0.0,-69.9,-71.0,0.0 (cmd 0.0),0.0 (cmd 0.0)
1.9996,-70.81,0.0,0.0,-69.72,0.0,0.0,-69.7,-70.8,0.0 (cmd 0.0),0.0 (cmd 0.0)
2.0000999999999998,-70.7,0.0,0.0,-69.67,0.0,0.0,-69.7,-70.7,0.0 (cmd 0.0),0.0 (cmd 0.0)
2.0006,-70.61,0.0,0.0,-69.61,0.0,0.0,-69.6,-70.6,0.0 (cmd 0.0),0.0 (cmd 0.0)
2.0011,-70.46,0.0,0.0,-69.53,0.0,0.0,-69.5,-70.5,0.0 (cmd 0.0),0.0 (cmd 0.0)
2.0016,-70.27,0.0,0.0,-69.43,0.0,0.0,-69.4,-70.3,0.0 (cmd 0.0),0.0 (cmd 0.0)
2.0021,-70.2,0.0,0.0,-69.4,0.0,0.0,-69.4,-70.2,0.0 (cmd 0.0),0.0 (cmd 0.0)
2.0025999999999997,-70.15,0.0,0.0,-69.39,0.0,0.0,-69.4,-70.2,0.0 (cmd 0.0),0.0 (cmd 0.0)
2.0031,-70.12,0.0,0.0,-69.39,0.0,0.0,-69.4,-70.1,0.0 (cmd 0.0),0.0 (cmd 0.0)
2.0036,-70.12,0.0,0.0,-69.39,0.0,0.0,-69.4,-70.1,0.0 (cmd 0.0),0.0 (cmd 0.0)
2.0040999999999998,-70.1,0.0,0.0,-69.37,0.0,0.0,-69.4,-70.1,0.0 (cmd 0.0),0.0 (cmd 0.0)
2.0046,-70.09,0.0,0.0,-69.38,0.0,0.0,-69.4,-70.1,0.0 (cmd 0.0),0.0 (cmd 0.0)
2.0051,-70.11,0.0,0.0,-69.41,0.0,0.0,-69.4,-70.1,0.0 (cmd 0.0),0.0 (cmd 0.0)
2.0056,-70.14,0.0,0.0,-69.44,0.0,0.0,-69.4,-70.1,0.0 (cmd 0.0),0.0 (cmd 0.0)
2.0061,-70.16,0.0,0.0,-69.46,0.0,0.0,-69.5,-70.2,0.0 (cmd 0.0),0.0 (cmd 0.0)
2.0065999999999997,-70.15,0.0,0.0,-69.45,0.0,0.0,-69.5,-70.2,0.0 (cmd 0.0),0.0 (cmd 0.0)
2.0071000000000003,-70.16,0.0,0.0,-69.45,0.0,0.0,-69.5,-70.2,0.0 (cmd 0.0),0.0 (cmd 0.0)
2.0076,-70.16,0.0,0.0,-69.47,0.0,0.0,-69.5,-70.2,0.0 (cmd 0.0),0.0 (cmd 0.0)
2.0080999999999998,-70.16,0.0,0.0,-69.48,0.0,0.0,-69.5,-70.2,0.0 (cmd 0.0),0.0 (cmd 0.0)
2.0086,-70.16,0.0,0.0,-69.49,0.0,0.0,-69.5,-70.2,0.0 (cmd 0.0),0.0 (cmd 0.0)
2.0091,-70.17,0.0,0.0,-69.5,0.0,0.0,-69.5,-70.2,0.0 (cmd 0.0),0.0 (cmd 0.0)
2.0096000000000003,-70.18,0.0,0.0,-69.52,0.0,0.0,-69.5,-70.2,0.0 (cmd 0.0),0.0 (cmd 0.0)
2.0101,-70.21,0.0,0.0,-69.56,0.0,0.0,-69.6,-70.2,0.0 (cmd 0.0),0.0 (cmd 0.0)
2.0105999999999997,-70.23,0.0,0.0,-69.58,0.0,0.0,-69.6,-70.2,0.0 (cmd 0.0),0.0 (cmd 0.0)
2.0111000000000003,-70.24,0.0,0.0,-69.57,0.0,0.0,-69.6,-70.2,0.0 (cmd 0.0),0.0 (cmd 0.0)
2.0116,-70.24,0.0,0.0,-69.57,0.0,0.0,-69.6,-70.2,0.0 (cmd 0.0),0.0 (cmd 0.0)
2.0121,-70.24,0.0,0.0,-69.57,0.0,0.0,-69.6,-70.2,0.0 (cmd 0.0),0.0 (cmd 0.0)
2.0126,-70.24,0.0,0.0,-69.58,0.0,0.0,-69.6,-70.2,0.0 (cmd 0.0),0.0 (cmd 0.0)
2.0131,-70.24,0.0,0.0,-69.58,0.0,0.0,-69.6,-70.2,0.0 (cmd 0.0),0.0 (cmd 0.0)
2.0136000000000003,-70.23,0.0,0.0,-69.59,0.0,0.0,-69.6,-70.2,0.0 (cmd 0.0),0.0 (cmd 0.0)
2.0141,-70.22,0.0,0.0,-69.59,0.0,0.0,-69.6,-70.2,0.0 (cmd 0.0),0.0 (cmd 0.0)
2.0146,-70.22,0.0,0.0,-69.59,0.0,0.0,-69.6,-70.2,0.0 (cmd 0.0),0.0 (cmd 0.0)
2.0151,-70.22,0.0,0.0,-69.59,0.0,0.0,-69.6,-70.2,0.0 (cmd 0.0),0.0 (cmd 0.0)
2.0156,-70.22,0.0,0.0,-69.59,0.0,0.0,-69.6,-70.2,0.0 (cmd 0.0),0.0 (cmd 0.0)
2.0161000000000002,-70.22,0.0,0.0,-69.59,0.0,0.0,-69.6,-70.2,0.0 (cmd 0.0),0.0 (cmd 0.0)
2.0166,-70.21,0.0,0.0,-69.58,0.0,0.0,-69.6,-70.2,0.0 (cmd 0.0),0.0 (cmd 0.0)
2.0171,-70.21,0.0,0.0,-69.58,0.0,0.0,-69.6,-70.2,0.0 (cmd 0.0),0.0 (cmd 0.0)
2.0176,-70.22,0.0,0.0,-69.58,0.0,0.0,-69.6,-70.2,0.0 (cmd 0.0),0.0 (cmd 0.0)
2.0181,-70.22,0.0,0.0,-69.61,0.0,0.0,-69.6,-70.2,0.0 (cmd 0.0),0.0 (cmd 0.0)
2.0186,-70.22,0.0,0.0,-69.64,0.0,0.0,-69.6,-70.2,0.0 (cmd 0.0),0.0 (cmd 0.0)
2.0191,-70.22,0.0,0.0,-69.67,0.0,0.0,-69.7,-70.2,0.0 (cmd 0.0),0.0 (cmd 0.0)
2.0196,-70.23,0.0,0.0,-69.69,0.0,0.0,-69.7,-70.2,0.0 (cmd 0.0),0.0 (cmd 0.0)
2.0201,-70.23,0.0,0.0,-69.71,0.0,0.0,-69.7,-70.2,0.0 (cmd 0.0),0.0 (cmd 0.0)
2.0206,-70.24,0.0,0.0,-69.73,0.0,0.0,-69.7,-70.2,0.0 (cmd 0.0),0.0 (cmd 0.0)
2.0211,-70.24,0.0,0.0,-69.75,0.0,0.0,-69.8,-70.2,0.0 (cmd 0.0),0.0 (cmd 0.0)
2.0216,-70.25,0.0,0.0,-69.77,0.0,0.0,-69.8,-70.2,0.0 (cmd 0.0),0.0 (cmd 0.0)
2.0221,-70.26,0.0,0.0,-69.78,0.0,0.0,-69.8,-70.3,0.0 (cmd 0.0),0.0 (cmd 0.0)
2.0225999999999997,-70.27,0.0,0.0,-69.81,0.0,0.0,-69.8,-70.3,0.0 (cmd 0.0),0.0 (cmd 0.0)
2.0231,-70.26,0.0,0.0,-69.81,0.0,0.0,-69.8,-70.3,0.0 (cmd 0.0),0.0 (cmd 0.0)
2.0236,-70.27,0.0,0.0,-69.83,0.0,0.0,-69.8,-70.3,0.0 (cmd 0.0),0.0 (cmd 0.0)
2.0241,-70.28,0.0,0.0,-69.84,0.0,0.0,-69.8,-70.3,0.0 (cmd 0.0),0.0 (cmd 0.0)
2.0246,-70.29,0.0,0.0,-69.85,0.0,0.0,-69.8,-70.3,0.0 (cmd 0.0),0.0 (cmd 0.0)
2.0251,-70.3,0.0,0.0,-69.86,0.0,0.0,-69.9,-70.3,0.0 (cmd 0.0),0.0 (cmd 0.0)
2.0256,-70.31,0.0,0.0,-69.87,0.0,0.0,-69.9,-70.3,0.0 (cmd 0.0),0.0 (cmd 0.0)
2.0261,-70.32,0.0,0.0,-69.88,0.0,0.0,-69.9,-70.3,0.0 (cmd 0.0),0.0 (cmd 0.0)
2.0265999999999997,-70.31,0.0,0.0,-69.88,0.0,0.0,-69.9,-70.3,0.0 (cmd 0.0),0.0 (cmd 0.0)
2.0271000000000003,-70.28,0.0,0.0,-69.84,0.0,0.0,-69.8,-70.3,0.0 (cmd 0.0),0.0 (cmd 0.0)
2.0276,-70.26,0.0,0.0,-69.82,0.0,0.0,-69.8,-70.3,0.0 (cmd 0.0),0.0 (cmd 0.0)
2.0281,-70.25,0.0,0.0,-69.82,0.0,0.0,-69.8,-70.2,0.0 (cmd 0.0),0.0 (cmd 0.0)
2.0286,-70.23,0.0,0.0,-69.79,0.0,0.0,-69.8,-70.2,0.0 (cmd 0.0),0.0 (cmd 0.0)
2.0291,-70.22,0.0,0.0,-69.78,0.0,0.0,-69.8,-70.2,0.0 (cmd 0.0),0.0 (cmd 0.0)
2.0296000000000003,-70.17,0.0,0.0,-69.76,0.0,0.0,-69.8,-70.2,0.0 (cmd 0.0),0.0 (cmd 0.0)
2.0301,-70.11,0.0,0.0,-69.72,0.0,0.0,-69.7,-70.1,0.0 (cmd 0.0),0.0 (cmd 0.0)
2.0305999999999997,-70.07,0.0,0.0,-69.72,0.0,0.0,-69.7,-70.1,0.0 (cmd 0.0),0.0 (cmd 0.0)
2.0311000000000003,-70.02,0.0,0.0,-69.7,0.0,0.0,-69.7,-70.0,0.0 (cmd 0.0),0.0 (cmd 0.0)
2.0316,-70.04,0.0,0.0,-69.7,0.0,0.0,-69.7,-70.0,0.0 (cmd 0.0),0.0 (cmd 0.0)
2.0321000000000002,-70.06,0.0,0.0,-69.72,0.0,0.0,-69.7,-70.1,0.0 (cmd 0.0),0.0 (cmd 0.0)
2.0326,-70.13,0.0,0.0,-69.76,0.0,0.0,-69.8,-70.1,0.0 (cmd 0.0),0.0 (cmd 0.0)
2.0331,-70.18,0.0,0.0,-69.78,0.0,0.0,-69.8,-70.2,0.0 (cmd 0.0),0.0 (cmd 0.0)
2.0336000000000003,-70.18,0.0,0.0,-69.81,0.0,0.0,-69.8,-70.2,0.0 (cmd 0.0),0.0 (cmd 0.0)
2.0341,-70.17,0.0,0.0,-69.86,0.0,0.0,-69.9,-70.2,0.0 (cmd 0.0),0.0 (cmd 0.0)
2.0346,-70.13,0.0,0.0,-69.88,0.0,0.0,-69.9,-70.1,0.0 (cmd 0.0),0.0 (cmd 0.0)
2.0351,-70.1,0.0,0.0,-69.88,0.0,0.0,-69.9,-70.1,0.0 (cmd 0.0),0.0 (cmd 0.0)
2.0356,-70.1,0.0,0.0,-69.86,0.0,0.0,-69.9,-70.1,0.0 (cmd 0.0),0.0 (cmd 0.0)
2.0361000000000002,-70.1,0.0,0.0,-69.86,0.0,0.0,-69.9,-70.1,0.0 (cmd 0.0),0.0 (cmd 0.0)
2.0366,-70.11,0.0,0.0,-69.86,0.0,0.0,-69.9,-70.1,0.0 (cmd 0.0),0.0 (cmd 0.0)
2.0399000000000003,-70.08,0.0,0.0,-69.86,0.0,0.0,-69.9,-70.1,0.0 (cmd 0.0),0.0 (cmd 0.0)
2.0404,-70.08,0.0,0.0,-69.95,0.0,0.0,-70.0,-70.1,0.0 (cmd 0.0),0.0 (cmd 0.0)
2.0415,-70.18,0.0,0.0,-69.95,0.0,0.0,-70.0,-70.2,0.0 (cmd 0.0),0.0 (cmd 0.0)
2.0431999999999997,-70.19,0.0,0.0,-69.97,0.0,0.0,-70.0,-70.2,0.0 (cmd 0.0),0.0 (cmd 0.0)
2.0437,-70.16,0.0,0.0,-69.92,0.0,0.0,-69.9,-70.2,0.0 (cmd 0.0),0.0 (cmd 0.0)
2.0448,-70.16,0.0,0.0,-69.92,0.0,0.0,-69.9,-70.2,0.0 (cmd 0.0),0.0 (cmd 0.0)
2.0486000000000004,-70.19,0.0,0.0,-69.94,0.0,0.0,-69.9,-70.2,0.0 (cmd 0.0),0.0 (cmd 0.0)
2.0490999999999997,-70.23,0.0,0.0,-70.0,0.0,0.0,-70.0,-70.2,0.0 (cmd 0.0),0.0 (cmd 0.0)
2.0496999999999996,-70.24,0.0,0.0,-70.03,0.0,0.0,-70.0,-70.2,0.0 (cmd 0.0),0.0 (cmd 0.0)
2.0502000000000002,-70.2,0.0,0.0,-70.03,0.0,0.0,-70.0,-70.2,0.0 (cmd 0.0),0.0 (cmd 0.0)
2.0509,-70.16,0.0,0.0,-70.01,0.0,0.0,-70.0,-70.2,0.0 (cmd 0.0),0.0 (cmd 0.0)
2.0513999999999997,-70.15,0.0,0.0,-70.03,0.0,0.0,-70.0,-70.2,0.0 (cmd 0.0),0.0 (cmd 0.0)
2.052,-70.16,0.0,0.0,-70.03,0.0,0.0,-70.0,-70.2,0.0 (cmd 0.0),0.0 (cmd 0.0)
2.0525,-70.15,0.0,0.0,-70.0,0.0,0.0,-70.0,-70.2,0.0 (cmd 0.0),0.0 (cmd 0.0)
2.053,-70.13,0.0,0.0,-69.96,0.0,0.0,-70.0,-70.1,0.0 (cmd 0.0),0.0 (cmd 0.0)
2.0535,-70.09,0.0,0.0,-69.88,0.0,0.0,-69.9,-70.1,0.0 (cmd 0.0),0.0 (cmd 0.0)
2.054,-70.1,0.0,0.0,-69.87,0.0,0.0,-69.9,-70.1,0.0 (cmd 0.0),0.0 (cmd 0.0)
2.0545,-70.11,0.0,0.0,-69.87,0.0,0.0,-69.9,-70.1,0.0 (cmd 0.0),0.0 (cmd 0.0)
2.055,-70.14,0.0,0.0,-69.85,0.0,0.0,-69.8,-70.1,0.0 (cmd 0.0),0.0 (cmd 0.0)
2.0555,-70.24,0.0,0.0,-69.82,0.0,0.0,-69.8,-70.2,0.0 (cmd 0.0),0.0 (cmd 0.0)
2.056,-70.27,0.0,0.0,-69.8,0.0,0.0,-69.8,-70.3,0.0 (cmd 0.0),0.0 (cmd 0.0)
2.0565,-70.28,0.0,0.0,-69.78,0.0,0.0,-69.8,-70.3,0.0 (cmd 0.0),0.0 (cmd 0.0)
2.057,-70.3,0.0,0.0,-69.77,0.0,0.0,-69.8,-70.3,0.0 (cmd 0.0),0.0 (cmd 0.0)
2.0575,-70.31,0.0,0.0,-69.77,0.0,0.0,-69.8,-70.3,0.0 (cmd 0.0),0.0 (cmd 0.0)
2.058,-70.32,0.0,0.0,-69.78,0.0,0.0,-69.8,-70.3,0.0 (cmd 0.0),0.0 (cmd 0.0)
2.0585,-70.33,0.0,0.0,-69.8,0.0,0.0,-69.8,-70.3,0.0 (cmd 0.0),0.0 (cmd 0.0)
2.059,-70.35,0.0,0.0,-69.81,0.0,0.0,-69.8,-70.3,0.0 (cmd 0.0),0.0 (cmd 0.0)
2.0595,-70.34,0.0,0.0,-69.82,0.0,0.0,-69.8,-70.3,0.0 (cmd 0.0),0.0 (cmd 0.0)
2.06,-70.34,0.0,0.0,-69.82,0.0,0.0,-69.8,-70.3,0.0 (cmd 0.0),0.0 (cmd 0.0)
2.0605,-70.34,0.0,0.0,-69.82,0.0,0.0,-69.8,-70.3,0.0 (cmd 0.0),0.0 (cmd 0.0)
2.061,-70.35,0.0,0.0,-69.83,0.0,0.0,-69.8,-70.3,0.0 (cmd 0.0),0.0 (cmd 0.0)
2.0615,-70.37,0.0,0.0,-69.84,0.0,0.0,-69.8,-70.4,0.0 (cmd 0.0),0.0 (cmd 0.0)
2.062,-70.37,0.0,0.0,-69.84,0.0,0.0,-69.8,-70.4,0.0 (cmd 0.0),0.0 (cmd 0.0)
2.0625,-70.38,0.0,0.0,-69.86,0.0,0.0,-69.9,-70.4,0.0 (cmd 0.0),0.0 (cmd 0.0)
2.063,-70.38,0.0,0.0,-69.87,0.0,0.0,-69.9,-70.4,0.0 (cmd 0.0),0.0 (cmd 0.0)
2.0635,-70.37,0.0,0.0,-69.88,0.0,0.0,-69.9,-70.4,0.0 (cmd 0.0),0.0 (cmd 0.0)
2.064,-70.36,0.0,0.0,-69.88,0.0,0.0,-69.9,-70.4,0.0 (cmd 0.0),0.0 (cmd 0.0)
2.0645,-70.34,0.0,0.0,-69.89,0.0,0.0,-69.9,-70.3,0.0 (cmd 0.0),0.0 (cmd 0.0)
2.065,-70.35,0.0,0.0,-69.89,0.0,0.0,-69.9,-70.3,0.0 (cmd 0.0),0.0 (cmd 0.0)
2.0655,-70.35,0.0,0.0,-69.89,0.0,0.0,-69.9,-70.3,0.0 (cmd 0.0),0.0 (cmd 0.0)
2.066,-70.35,0.0,0.0,-69.88,0.0,0.0,-69.9,-70.3,0.0 (cmd 0.0),0.0 (cmd 0.0)
2.0665,-70.33,0.0,0.0,-69.87,0.0,0.0,-69.9,-70.3,0.0 (cmd 0.0),0.0 (cmd 0.0)
2.067,-70.33,0.0,0.0,-69.85,0.0,0.0,-69.8,-70.3,0.0 (cmd 0.0),0.0 (cmd 0.0)
2.0675,-70.32,0.0,0.0,-69.83,0.0,0.0,-69.8,-70.3,0.0 (cmd 0.0),0.0 (cmd 0.0)
2.068,-70.33,0.0,0.0,-69.83,0.0,0.0,-69.8,-70.3,0.0 (cmd 0.0),0.0 (cmd 0.0)
2.0685,-70.32,0.0,0.0,-69.82,0.0,0.0,-69.8,-70.3,0.0 (cmd 0.0),0.0 (cmd 0.0)
2.069,-70.31,0.0,0.0,-69.81,0.0,0.0,-69.8,-70.3,0.0 (cmd 0.0),0.0 (cmd 0.0)
2.0695,-70.28,0.0,0.0,-69.79,0.0,0.0,-69.8,-70.3,0.0 (cmd 0.0),0.0 (cmd 0.0)
2.07,-70.26,0.0,0.0,-69.81,0.0,0.0,-69.8,-70.3,0.0 (cmd 0.0),0.0 (cmd 0.0)
2.0705,-70.24,0.0,0.0,-69.83,0.0,0.0,-69.8,-70.2,0.0 (cmd 0.0),0.0 (cmd 0.0)
2.071,-70.22,0.0,0.0,-69.85,0.0,0.0,-69.8,-70.2,0.0 (cmd 0.0),0.0 (cmd 0.0)
2.0715,-70.2,0.0,0.0,-69.86,0.0,0.0,-69.9,-70.2,0.0 (cmd 0.0),0.0 (cmd 0.0)
2.072,-70.2,0.0,0.0,-69.87,0.0,0.0,-69.9,-70.2,0.0 (cmd 0.0),0.0 (cmd 0.0)
2.0725,-70.2,0.0,0.0,-69.88,0.0,0.0,-69.9,-70.2,0.0 (cmd 0.0),0.0 (cmd 0.0)
2.073,-70.22,0.0,0.0,-69.89,0.0,0.0,-69.9,-70.2,0.0 (cmd 0.0),0.0 (cmd 0.0)
2.0735,-70.22,0.0,0.0,-69.89,0.0,0.0,-69.9,-70.2,0.0 (cmd 0.0),0.0 (cmd 0.0)
2.074,-70.23,0.0,0.0,-69.91,0.0,0.0,-69.9,-70.2,0.0 (cmd 0.0),0.0 (cmd 0.0)
2.0745,-70.24,0.0,0.0,-69.95,0.0,0.0,-70.0,-70.2,0.0 (cmd 0.0),0.0 (cmd 0.0)
2.075,-70.26,0.0,0.0,-69.98,0.0,0.0,-70.0,-70.3,0.0 (cmd 0.0),0.0 (cmd 0.0)
2.0755,-70.24,0.0,0.0,-69.98,0.0,0.0,-70.0,-70.2,0.0 (cmd 0.0),0.0 (cmd 0.0)
2.076,-70.24,0.0,0.0,-69.98,0.0,0.0,-70.0,-70.2,0.0 (cmd 0.0),0.0 (cmd 0.0)
2.0765,-70.25,0.0,0.0,-69.98,0.0,0.0,-70.0,-70.2,0.0 (cmd 0.0),0.0 (cmd 0.0)
2.077,-70.29,0.0,0.0,-70.0,0.0,0.0,-70.0,-70.3,0.0 (cmd 0.0),0.0 (cmd 0.0)
2.0775,-70.31,0.0,0.0,-70.03,0.0,0.0,-70.0,-70.3,0.0 (cmd 0.0),0.0 (cmd 0.0)
2.078,-70.31,0.0,0.0,-70.03,0.0,0.0,-70.0,-70.3,0.0 (cmd 0.0),0.0 (cmd 0.0)
2.0785,-70.3,0.0,0.0,-70.02,0.0,0.0,-70.0,-70.3,0.0 (cmd 0.0),0.0 (cmd 0.0)
2.079,-70.28,0.0,0.0,-70.01,0.0,0.0,-70.0,-70.3,0.0 (cmd 0.0),0.0 (cmd 0.0)
2.0795,-70.29,0.0,0.0,-69.98,0.0,0.0,-70.0,-70.3,0.0 (cmd 0.0),0.0 (cmd 0.0)
2.08,-70.31,0.0,0.0,-69.96,0.0,0.0,-70.0,-70.3,0.0 (cmd 0.0),0.0 (cmd 0.0)
2.0805,-70.34,0.0,0.0,-69.98,0.0,0.0,-70.0,-70.3,0.0 (cmd 0.0),0.0 (cmd 0.0)
2.081,-70.35,0.0,0.0,-70.0,0.0,0.0,-70.0,-70.3,0.0 (cmd 0.0),0.0 (cmd 0.0)
2.0815,-70.32,0.0,0.0,-70.01,0.0,0.0,-70.0,-70.3,0.0 (cmd 0.0),0.0 (cmd 0.0)
2.082,-70.27,0.0,0.0,-70.0,0.0,0.0,-70.0,-70.3,0.0 (cmd 0.0),0.0 (cmd 0.0)
2.0825,-70.21,0.0,0.0,-69.99,0.0,0.0,-70.0,-70.2,0.0 (cmd 0.0),0.0 (cmd 0.0)
2.083,-70.21,0.0,0.0,-69.97,0.0,0.0,-70.0,-70.2,0.0 (cmd 0.0),0.0 (cmd 0.0)
2.0835,-70.2,0.0,0.0,-69.93,0.0,0.0,-69.9,-70.2,0.0 (cmd 0.0),0.0 (cmd 0.0)
2.084,-70.17,0.0,0.0,-69.91,0.0,0.0,-69.9,-70.2,0.0 (cmd 0.0),0.0 (cmd 0.0)
2.0845,-70.16,0.0,0.0,-69.88,0.0,0.0,-69.9,-70.2,0.0 (cmd 0.0),0.0 (cmd 0.0)
2.085,-70.13,0.0,0.0,-69.86,0.0,0.0,-69.9,-70.1,0.0 (cmd 0.0),0.0 (cmd 0.0)
2.0855,-70.13,0.0,0.0,-69.84,0.0,0.0,-69.8,-70.1,0.0 (cmd 0.0),0.0 (cmd 0.0)
2.086,-70.14,0.0,0.0,-69.84,0.0,0.0,-69.8,-70.1,0.0 (cmd 0.0),0.0 (cmd 0.0)
2.0865,-70.16,0.0,0.0,-69.86,0.0,0.0,-69.9,-70.2,0.0 (cmd 0.0),0.0 (cmd 0.0)
2.087,-70.21,0.0,0.0,-69.88,0.0,0.0,-69.9,-70.2,0.0 (cmd 0.0),0.0 (cmd 0.0)
2.0875,-70.22,0.0,0.0,-69.86,0.0,0.0,-69.9,-70.2,0.0 (cmd 0.0),0.0 (cmd 0.0)
2.088,-70.22,0.0,0.0,-69.86,0.0,0.0,-69.9,-70.2,0.0 (cmd 0.0),0.0 (cmd 0.0)
2.0885,-70.24,0.0,0.0,-69.89,0.0,0.0,-69.9,-70.2,0.0 (cmd 0.0),0.0 (cmd 0.0)
2.089,-70.28,0.0,0.0,-69.94,0.0,0.0,-69.9,-70.3,0.0 (cmd 0.0),0.0 (cmd 0.0)
2.0895,-70.3,0.0,0.0,-69.94,0.0,0.0,-69.9,-70.3,0.0 (cmd 0.0),0.0 (cmd 0.0)
2.09,-70.29,0.0,0.0,-69.93,0.0,0.0,-69.9,-70.3,0.0 (cmd 0.0),0.0 (cmd 0.0)
2.0905,-70.28,0.0,0.0,-69.93,0.0,0.0,-69.9,-70.3,0.0 (cmd 0.0),0.0 (cmd 0.0)
2.091,-70.28,0.0,0.0,-69.93,0.0,0.0,-69.9,-70.3,0.0 (cmd 0.0),0.0 (cmd 0.0)
2.0915,-70.28,0.0,0.0,-69.92,0.0,0.0,-69.9,-70.3,0.0 (cmd 0.0),0.0 (cmd 0.0)
2.092,-70.27,0.0,0.0,-69.92,0.0,0.0,-69.9,-70.3,0.0 (cmd 0.0),0.0 (cmd 0.0)
2.0925,-70.27,0.0,0.0,-69.91,0.0,0.0,-69.9,-70.3,0.0 (cmd 0.0),0.0 (cmd 0.0)
2.093,-70.28,0.0,0.0,-69.92,0.0,0.0,-69.9,-70.3,0.0 (cmd 0.0),0.0 (cmd 0.0)
2.0935,-70.29,0.0,0.0,-69.93,0.0,0.0,-69.9,-70.3,0.0 (cmd 0.0),0.0 (cmd 0.0)
2.094,-70.26,0.0,0.0,-69.93,0.0,0.0,-69.9,-70.3,0.0 (cmd 0.0),0.0 (cmd 0.0)
2.0945,-70.18,0.0,0.0,-69.88,0.0,0.0,-69.9,-70.2,0.0 (cmd 0.0),0.0 (cmd 0.0)
2.095,-70.14,0.0,0.0,-69.78,0.0,0.0,-69.8,-70.1,0.0 (cmd 0.0),0.0 (cmd 0.0)
2.0955,-70.1,0.0,0.0,-69.75,0.0,0.0,-69.8,-70.1,0.0 (cmd 0.0),0.0 (cmd 0.0)
2.096,-70.06,0.0,0.0,-69.73,0.0,0.0,-69.7,-70.1,0.0 (cmd 0.0),0.0 (cmd 0.0)
2.0965,-70.04,0.0,0.0,-69.73,0.0,0.0,-69.7,-70.0,0.0 (cmd 0.0),0.0 (cmd 0.0)
2.097,-70.05,0.0,0.0,-69.76,0.0,0.0,-69.8,-70.0,0.0 (cmd 0.0),0.0 (cmd 0.0)
2.0975,-70.09,0.0,0.0,-69.82,0.0,0.0,-69.8,-70.1,0.0 (cmd 0.0),0.0 (cmd 0.0)
2.098,-70.12,0.0,0.0,-69.87,0.0,0.0,-69.9,-70.1,0.0 (cmd 0.0),0.0 (cmd 0.0)
2.0985,-70.15,0.0,0.0,-69.9,0.0,0.0,-69.9,-70.2,0.0 (cmd 0.0),0.0 (cmd 0.0)
2.099,-70.19,0.0,0.0,-69.94,0.0,0.0,-69.9,-70.2,0.0 (cmd 0.0),0.0 (cmd 0.0)
2.0995,-70.21,0.0,0.0,-70.0,0.0,0.0,-70.0,-70.2,0.0 (cmd 0.0),0.0 (cmd 0.0)
2.1,-70.2,0.0,0.0,-70.05,0.0,0.0,-70.0,-70.2,0.0 (cmd 0.0),0.0 (cmd 0.0)
2.1005,-70.25,0.0,0.0,-70.14,0.0,0.0,-70.1,-70.2,0.0 (cmd 0.0),0.0 (cmd 0.0)
2.101,-70.32,0.0,0.0,-70.19,0.0,0.0,-70.2,-70.3,0.0 (cmd 0.0),0.0 (cmd 0.0)
2.1015,-70.33,0.0,0.0,-70.21,0.0,0.0,-70.2,-70.3,0.0 (cmd 0.0),0.0 (cmd 0.0)
2.102,-70.33,0.0,0.0,-70.23,0.0,0.0,-70.2,-70.3,0.0 (cmd 0.0),0.0 (cmd 0.0)
2.1025,-70.34,0.0,0.0,-70.28,0.0,0.0,-70.3,-70.3,0.0 (cmd 0.0),0.0 (cmd 0.0)
2.103,-70.37,0.0,0.0,-70.33,0.0,0.0,-70.3,-70.4,0.0 (cmd 0.0),0.0 (cmd 0.0)
2.1035,-70.38,0.0,0.0,-70.36,0.0,0.0,-70.4,-70.4,0.0 (cmd 0.0),0.0 (cmd 0.0)
2.104,-70.37,0.0,0.0,-70.36,0.0,0.0,-70.4,-70.4,0.0 (cmd 0.0),0.0 (cmd 0.0)
2.1045,-70.37,0.0,0.0,-70.37,0.0,0.0,-70.4,-70.4,0.0 (cmd 0.0),0.0 (cmd 0.0)
2.105,-70.38,0.0,0.0,-70.39,0.0,0.0,-70.4,-70.4,0.0 (cmd 0.0),0.0 (cmd 0.0)
2.1055,-70.39,0.0,0.0,-70.42,0.0,0.0,-70.4,-70.4,0.0 (cmd 0.0),0.0 (cmd 0.0)
2.106,-70.38,0.0,0.0,-70.4,0.0,0.0,-70.4,-70.4,0.0 (cmd 0.0),0.0 (cmd 0.0)
2.1065,-70.38,0.0,0.0,-70.4,0.0,0.0,-70.4,-70.4,0.0 (cmd 0.0),0.0 (cmd 0.0)
2.107,-70.41,0.0,0.0,-70.44,0.0,0.0,-70.4,-70.4,0.0 (cmd 0.0),0.0 (cmd 0.0)
2.1075,-70.43,0.0,0.0,-70.47,0.0,0.0,-70.5,-70.4,0.0 (cmd 0.0),0.0 (cmd 0.0)
2.108,-70.44,0.0,0.0,-70.49,0.0,0.0,-70.5,-70.4,0.0 (cmd 0.0),0.0 (cmd 0.0)
2.1085,-70.44,0.0,0.0,-70.49,0.0,0.0,-70.5,-70.4,0.0 (cmd 0.0),0.0 (cmd 0.0)
2.109,-70.41,0.0,0.0,-70.48,0.0,0.0,-70.5,-70.4,0.0 (cmd 0.0),0.0 (cmd 0.0)
2.1095,-70.37,0.0,0.0,-70.49,0.0,0.0,-70.5,-70.4,0.0 (cmd 0.0),0.0 (cmd 0.0)
2.11,-70.35,0.0,0.0,-70.49,0.0,0.0,-70.5,-70.3,0.0 (cmd 0.0),0.0 (cmd 0.0)
2.1105,-70.32,0.0,0.0,-70.48,0.0,0.0,-70.5,-70.3,0.0 (cmd 0.0),0.0 (cmd 0.0)
2.111,-70.31,0.0,0.0,-70.46,0.0,0.0,-70.5,-70.3,0.0 (cmd 0.0),0.0 (cmd 0.0)
2.1115,-70.28,0.0,0.0,-70.49,0.0,0.0,-70.5,-70.3,0.0 (cmd 0.0),0.0 (cmd 0.0)
2.112,-70.26,0.0,0.0,-70.48,0.0,0.0,-70.5,-70.3,0.0 (cmd 0.0),0.0 (cmd 0.0)
2.1125,-70.25,0.0,0.0,-70.48,0.0,0.0,-70.5,-70.2,0.0 (cmd 0.0),0.0 (cmd 0.0)
2.113,-70.24,0.0,0.0,-70.48,0.0,0.0,-70.5,-70.2,0.0 (cmd 0.0),0.0 (cmd 0.0)
2.1135,-70.23,0.0,0.0,-70.48,0.0,0.0,-70.5,-70.2,0.0 (cmd 0.0),0.0 (cmd 0.0)
2.114,-70.19,0.0,0.0,-70.45,0.0,0.0,-70.5,-70.2,0.0 (cmd 0.0),0.0 (cmd 0.0)
2.1145,-70.18,0.0,0.0,-70.44,0.0,0.0,-70.4,-70.2,0.0 (cmd 0.0),0.0 (cmd 0.0)
2.115,-70.21,0.0,0.0,-70.44,0.0,0.0,-70.4,-70.2,0.0 (cmd 0.0),0.0 (cmd 0.0)
2.1155,-70.22,0.0,0.0,-70.44,0.0,0.0,-70.4,-70.2,0.0 (cmd 0.0),0.0 (cmd 0.0)
2.116,-70.2,0.0,0.0,-70.43,0.0,0.0,-70.4,-70.2,0.0 (cmd 0.0),0.0 (cmd 0.0)
2.1165,-70.14,0.0,0.0,-70.4,0.0,0.0,-70.4,-70.1,0.0 (cmd 0.0),0.0 (cmd 0.0)
2.117,-70.13,0.0,0.0,-70.39,0.0,0.0,-70.4,-70.1,0.0 (cmd 0.0),0.0 (cmd 0.0)
2.1175,-70.17,0.0,0.0,-70.38,0.0,0.0,-70.4,-70.2,0.0 (cmd 0.0),0.0 (cmd 0.0)
2.118,-70.22,0.0,0.0,-70.32,0.0,0.0,-70.3,-70.2,0.0 (cmd 0.0),0.0 (cmd 0.0)
2.1185,-70.16,0.0,0.0,-70.32,0.0,0.0,-70.3,-70.2,0.0 (cmd 0.0),0.0 (cmd 0.0)
2.119,-70.05,0.0,0.0,-70.22,0.0,0.0,-70.2,-70.0,0.0 (cmd 0.0),0.0 (cmd 0.0)
2.1195,-70.01,0.0,0.0,-70.18,0.0,0.0,-70.2,-70.0,0.0 (cmd 0.0),0.0 (cmd 0.0)
2.12,-70.09,0.0,0.0,-70.26,0.0,0.0,-70.3,-70.1,0.0 (cmd 0.0),0.0 (cmd 0.0)
2.1205,-70.35,0.0,0.0,-70.5,0.0,0.0,-70.5,-70.3,0.0 (cmd 0.0),0.0 (cmd 0.0)
2.121,-71.01,0.0,0.0,-71.01,0.0,0.0,-71.0,-71.0,0.0 (cmd 0.0),0.0 (cmd 0.0)
2.1215,-71.67,0.0,0.0,-71.85,0.0,0.0,-71.8,-71.7,0.0 (cmd 0.0),0.0 (cmd 0.0)
2.122,-72.72,0.0,0.0,-72.82,0.0,0.0,-72.8,-72.7,0.0 (cmd 0.0),0.0 (cmd 0.0)
2.1225,-73.4,0.0,0.0,-73.44,0.0,0.0,-73.4,-73.4,0.0 (cmd 0.0),0.0 (cmd 0.0)
2.123,-74.32,0.0,0.0,-74.02,0.0,0.0,-74.0,-74.3,0.0 (cmd 0.0),0.0 (cmd 0.0)
2.1235,-74.88,0.0,0.0,-74.58,0.0,0.0,-74.6,-74.9,0.0 (cmd 0.0),0.0 (cmd 0.0)
2.124,-75.62,0.0,0.0,-75.2,0.0,0.0,-75.2,-75.6,0.0 (cmd 0.0),0.0 (cmd 0.0)
2.1245,-75.99,0.0,0.0,-75.34,0.0,0.0,-75.3,-76.0,0.0 (cmd 0.0),0.0 (cmd 0.0)
2.125,-76.42,0.0,0.0,-75.68,0.0,0.0,-75.7,-76.4,0.0 (cmd 0.0),0.0 (cmd 0.0)
2.1255,-77.01,0.0,0.0,-76.17,0.0,0.0,-76.2,-77.0,0.0 (cmd 0.0),0.0 (cmd 0.0)
2.126,-77.29,0.0,0.0,-76.44,0.0,0.0,-76.4,-77.3,0.0 (cmd 0.0),0.0 (cmd 0.0)
2.1265,-77.29,0.0,0.0,-76.6,0.0,0.0,-76.6,-77.3,0.0 (cmd 0.0),0.0 (cmd 0.0)
2.127,-77.36,0.0,0.0,-76.73,0.0,0.0,-76.7,-77.4,0.0 (cmd 0.0),0.0 (cmd 0.0)
2.1275,-77.42,0.0,0.0,-76.82,0.0,0.0,-76.8,-77.4,0.0 (cmd 0.0),0.0 (cmd 0.0)
2.128,-77.59,0.0,0.0,-77.74,0.0,0.0,-77.7,-77.6,0.0 (cmd 0.0),0.0 (cmd 0.0)
2.1285,-77.67,0.0,0.0,-77.94,0.0,0.0,-77.9,-77.7,0.0 (cmd 0.0),0.0 (cmd 0.0)
2.129,-77.42,0.0,0.0,-78.13,0.0,0.0,-78.1,-77.4,0.0 (cmd 0.0),0.0 (cmd 0.0)
2.1295,-77.41,0.0,0.0,-78.57,0.0,0.0,-78.6,-77.4,0.0 (cmd 0.0),0.0 (cmd 0.0)
2.13,-77.25,0.0,0.0,-78.61,0.0,0.0,-78.6,-77.2,0.0 (cmd 0.0),0.0 (cmd 0.0)
2.1305,-77.28,-1.15,0.0,-78.55,-0.88,0.0,-78.5,-77.3,0.0 (cmd -1.1),0.0 (cmd -0.9)
2.131,-77.09,-1.12,0.0,-78.51,-0.82,0.0,-78.5,-77.1,0.0 (cmd -1.1),0.0 (cmd -0.8)
2.1315,-77.07,-1.08,0.0,-78.5,-0.78,0.0,-78.5,-77.1,0.0 (cmd -1.1),0.0 (cmd -0.8)
2.132,-77.35,-1.09,0.0,-78.38,-0.72,0.0,-78.4,-77.3,0.0 (cmd -1.1),0.0 (cmd -0.7)
2.1325,-77.71,-1.22,0.0,-78.53,-0.74,0.0,-78.5,-77.7,0.0 (cmd -1.2),0.0 (cmd -0.7)
2.133,-77.87,-1.25,0.0,-78.63,-0.75,0.0,-78.6,-77.9,0.0 (cmd -1.2),0.0 (cmd -0.8)
2.1335,-78.13,-1.24,0.0,-78.55,-0.75,0.0,-78.5,-78.1,0.0 (cmd -1.2),0.0 (cmd -0.8)
2.134,-78.53,-1.36,0.0,-78.47,-0.71,0.0,-78.5,-78.5,0.0 (cmd -1.4),0.0 (cmd -0.7)
2.1345,-79.03,-1.41,0.0,-78.19,-0.67,0.0,-78.2,-79.0,0.0 (cmd -1.4),0.0 (cmd -0.7)
2.135,-79.38,-1.41,0.0,-78.17,-0.63,0.0,-78.2,-79.4,0.0 (cmd -1.4),0.0 (cmd -0.6)
2.1355,-79.78,-1.48,0.0,-78.1,-0.63,0.0,-78.1,-79.8,0.0 (cmd -1.5),0.0 (cmd -0.6)
2.136,-79.91,-1.44,0.0,-78.02,-0.62,0.0,-78.0,-79.9,0.0 (cmd -1.4),0.0 (cmd -0.6)
2.1365,-80.13,-1.38,0.0,-78.05,-0.61,0.0,-78.0,-80.1,0.0 (cmd -1.4),0.0 (cmd -0.6)
2.137,-80.4,-1.44,0.0,-78.18,-0.66,0.0,-78.2,-80.4,0.0 (cmd -1.4),0.0 (cmd -0.7)
2.1375,-80.83,-1.47,0.0,-78.08,-0.65,0.0,-78.1,-80.8,0.0 (cmd -1.5),0.0 (cmd -0.7)
2.138,-80.95,-1.46,0.0,-78.05,-0.62,0.0,-78.0,-81.0,0.0 (cmd -1.5),0.0 (cmd -0.6)
2.1385,-81.23,-1.46,0.0,-78.14,-0.64,0.0,-78.1,-81.2,0.0 (cmd -1.5),0.0 (cmd -0.6)
2.139,-81.39,-1.45,0.0,-78.28,-0.68,0.0,-78.3,-81.4,0.0 (cmd -1.4),0.0 (cmd -0.7)
2.1395,-81.54,-1.42,0.0,-78.47,-0.7,0.0,-78.5,-81.5,0.0 (cmd -1.4),0.0 (cmd -0.7)
2.14,-81.57,-1.42,0.0,-78.64,-0.72,0.0,-78.6,-81.6,0.0 (cmd -1.4),0.0 (cmd -0.7)
2.1405,-81.47,-1.34,0.0,-78.93,-0.77,0.0,-78.9,-81.5,0.0 (cmd -1.3),0.0 (cmd -0.8)
2.141,-81.62,-1.33,0.0,-79.4,-0.8,0.0,-79.4,-81.6,0.0 (cmd -1.3),0.0 (cmd -0.8)
2.1415,-82.33,-1.32,0.0,-80.28,-0.91,0.0,-80.3,-82.3,0.0 (cmd -1.3),0.0 (cmd -0.9)
2.142,-82.87,-1.54,0.0,-80.41,-1.03,0.0,-80.4,-82.9,0.0 (cmd -1.5),0.0 (cmd -1.0)
2.1425,-82.56,-1.47,0.0,-79.76,-0.84,0.0,-79.8,-82.6,0.0 (cmd -1.5),0.0 (cmd -0.8)
2.143,-81.03,-1.21,0.0,-76.63,-0.45,0.0,-76.6,-81.0,0.0 (cmd -1.2),0.0 (cmd -0.5)
2.1435,-79.11,-0.68,0.0,-74.37,0.13,0.0,-74.4,-79.1,0.0 (cmd -0.7),0.0 (cmd 0.1)
2.144,-75.66,-0.5,0.0,-72.16,0.71,0.0,-72.2,-75.7,0.0 (cmd -0.5),0.0 (cmd 0.7)
2.1445,-71.58,0.79,0.0,-70.76,0.83,0.0,-70.8,-71.6,0.0 (cmd 0.8),0.0 (cmd 0.8)
2.145,-69.46,0.93,0.0,-68.81,0.88,0.0,-68.8,-69.5,0.0 (cmd 0.9),0.0 (cmd 0.9)
2.1455,-67.78,1.01,0.0,-67.08,1.01,0.0,-67.1,-67.8,0.0 (cmd 1.0),0.0 (cmd 1.0)
2.146,-65.68,1.14,0.0,-64.94,1.31,0.0,-64.9,-65.7,0.0 (cmd 1.1),0.0 (cmd 1.3)
2.1465,-62.89,1.34,0.0,-62.19,1.35,0.0,-62.2,-62.9,0.0 (cmd 1.3),0.0 (cmd 1.4)
2.147,-60.9,1.22,0.0,-60.1,1.48,0.0,-60.1,-60.9,0.0 (cmd 1.2),0.0 (cmd 1.5)
2.1475,-58.81,1.41,0.0,-58.05,1.58,0.0,-58.0,-58.8,0.0 (cmd 1.4),0.0 (cmd 1.6)
2.148,-54.92,1.64,0.0,-54.66,2.02,0.0,-54.7,-54.9,0.0 (cmd 1.6),0.0 (cmd 2.0)
2.1485,-50.42,1.81,0.0,-52.65,1.99,0.0,-52.6,-50.4,0.0 (cmd 1.8),0.0 (cmd 2.0)
2.149,-45.05,2.63,0.0,-47.8,2.03,0.0,-47.8,-45.0,0.0 (cmd 2.6),0.0 (cmd 2.0)
2.1495,-42.87,2.81,0.0,-40.67,3.52,0.0,-40.7,-42.9,0.0 (cmd 2.8),0.0 (cmd 3.5)
2.15,-34.5,3.45,0.0,-33.28,4.01,0.0,-33.3,-34.5,0.0 (cmd 3.5),0.0 (cmd 4.0)
2.1505,-29.69,4.06,0.0,-28.6,4.51,0.0,-28.6,-29.7,0.0 (cmd 4.1),0.0 (cmd 4.5)
2.151,-26.46,4.42,0.0,-24.05,4.81,0.0,-24.1,-26.5,0.0 (cmd 4.4),0.0 (cmd 4.8)
2.1515,-23.34,4.23,0.0,-19.62,5.1,0.0,-19.6,-23.3,0.0 (cmd 4.2),0.0 (cmd 5.1)
2.152,-20.92,3.63,0.0,-15.99,4.49,0.0,-16.0,-20.9,0.0 (cmd 3.6),0.0 (cmd 4.5)
2.1525,-20.23,3.1,0.0,-14.16,4.29,0.0,-14.2,-20.2,0.0 (cmd 3.1),0.0 (cmd 4.3)
2.153,-19.54,2.5,0.0,-12.29,3.84,0.0,-12.3,-19.5,0.0 (cmd 2.5),0.0 (cmd 3.8)
2.1535,-19.12,1.84,0.0,-10.55,3.21,0.0,-10.6,-19.1,0.0 (cmd 1.8),0.0 (cmd 3.2)
2.154,-18.69,1.32,0.0,-9.01,2.97,0.0,-9.0,-18.7,0.0 (cmd 1.3),0.0 (cmd 3.0)
2.1545,-18.6,0.99,0.0,-7.94,2.77,0.0,-7.9,-18.6,0.0 (cmd 1.0),0.0 (cmd 2.8)
2.155,-18.16,0.65,0.0,-7.54,2.27,0.0,-7.5,-18.2,0.0 (cmd 0.7),0.0 (cmd 2.3)
2.1555,-17.39,0.38,0.0,-7.34,1.85,0.0,-7.3,-17.4,0.0 (cmd 0.4),0.0 (cmd 1.9)
2.156,-16.89,0.3,0.0,-7.4,1.48,0.0,-7.4,-16.9,0.0 (cmd 0.3),0.0 (cmd 1.5)
2.1565,-16.59,0.24,0.0,-7.42,1.14,0.0,-7.4,-16.6,0.0 (cmd 0.2),0.0 (cmd 1.1)
2.157,-16.1,0.08,0.0,-7.27,0.88,0.0,-7.3,-16.1,0.0 (cmd 0.1),0.0 (cmd 0.9)
2.1575,-15.27,0.18,0.0,-7.34,0.73,0.0,-7.3,-15.3,0.0 (cmd 0.2),0.0 (cmd 0.7)
2.158,-14.25,0.18,0.0,-7.34,0.54,0.0,-7.3,-14.2,0.0 (cmd 0.2),0.0 (cmd 0.5)
2.1585,-13.97,0.14,0.0,-7.38,0.4,0.0,-7.4,-14.0,0.0 (cmd 0.1),0.0 (cmd 0.4)
2.159,-13.72,0.03,0.0,-7.28,0.29,0.0,-7.3,-13.7,0.0 (cmd 0.0),0.0 (cmd 0.3)
2.1595,-13.59,-0.06,0.0,-7.19,0.22,0.0,-7.2,-13.6,0.0 (cmd -0.1),0.0 (cmd 0.2)
2.16,-13.61,-0.17,0.0,-6.93,0.21,0.0,-6.9,-13.6,0.0 (cmd -0.2),0.0 (cmd 0.2)
2.1605,-14.15,-0.3,0.0,-6.35,0.2,0.0,-6.3,-14.2,0.0 (cmd -0.3),0.0 (cmd 0.2)
2.161,-14.9,-0.5,0.0,-6.27,0.22,0.0,-6.3,-14.9,0.0 (cmd -0.5),0.0 (cmd 0.2)
2.1615,-15.31,-0.66,0.0,-6.59,0.1,0.0,-6.6,-15.3,0.0 (cmd -0.7),0.0 (cmd 0.1)
2.162,-16.53,-1.02,0.0,-7.28,-0.15,0.0,-7.3,-16.5,0.0 (cmd -1.0),0.0 (cmd -0.1)
2.1625,-16.73,-1.04,0.0,-8.06,-0.27,0.0,-8.1,-16.7,0.0 (cmd -1.0),0.0 (cmd -0.3)
2.163,-16.53,-0.98,0.0,-8.82,-0.4,0.0,-8.8,-16.5,0.0 (cmd -1.0),0.0 (cmd -0.4)
2.1635,-14.53,-0.65,0.0,-10.32,-0.69,0.0,-10.3,-14.5,0.0 (cmd -0.7),0.0 (cmd -0.7)
2.164,-12.35,-0.17,0.0,-13.31,-0.87,0.0,-13.3,-12.3,0.0 (cmd -0.2),0.0 (cmd -0.9)
2.1645,-12.13,0.05,0.0,-17.59,-1.47,0.0,-17.6,-12.1,0.0 (cmd 0.1),0.0 (cmd -1.5)
2.165,-12.87,-0.12,0.0,-22.43,-2.74,0.0,-22.4,-12.9,0.0 (cmd -0.1),0.0 (cmd -2.7)
2.1655,-13.55,-0.59,0.0,-30.08,-4.22,0.0,-30.1,-13.6,0.0 (cmd -0.6),0.0 (cmd -4.2)
2.166,-13.28,-0.65,0.0,-38.7,-5.05,0.0,-38.7,-13.3,0.0 (cmd -0.7),0.0 (cmd -5.0)
2.1665,-12.49,-0.47,0.0,-44.11,-5.86,0.0,-44.1,-12.5,0.0 (cmd -0.5),0.0 (cmd -5.9)
2.167,-11.35,-0.21,0.0,-50.38,-6.83,0.0,-50.4,-11.3,0.0 (cmd -0.2),0.0 (cmd -6.8)
2.1675,-10.27,-0.02,0.0,-55.66,-6.7,0.0,-55.7,-10.3,0.0 (cmd -0.0),0.0 (cmd -6.7)
2.168,-9.81,0.15,0.0,-57.14,-6.22,0.0,-57.1,-9.8,0.0 (cmd 0.1),0.0 (cmd -6.2)
2.1685,-9.4,0.28,0.0,-56.48,-5.43,0.0,-56.5,-9.4,0.0 (cmd 0.3),0.0 (cmd -5.4)
2.169,-9.41,0.37,0.0,-53.44,-3.95,0.0,-53.4,-9.4,0.0 (cmd 0.4),0.0 (cmd -4.0)
2.1695,-9.49,0.38,0.0,-46.06,-2.41,0.0,-46.1,-9.5,0.0 (cmd 0.4),0.0 (cmd -2.4)
2.17,-9.48,0.39,0.0,-39.73,-0.39,0.0,-39.7,-9.5,0.0 (cmd 0.4),0.0 (cmd -0.4)
2.1705,-9.51,0.36,0.0,-30.56,2.23,0.0,-30.6,-9.5,0.0 (cmd 0.4),0.0 (cmd 2.2)
2.171,-9.63,0.28,0.0,-20.37,3.51,0.0,-20.4,-9.6,0.0 (cmd 0.3),0.0 (cmd 3.5)
2.1715,-10.22,0.17,0.0,-15.98,4.44,0.0,-16.0,-10.2,0.0 (cmd 0.2),0.0 (cmd 4.4)
2.172,-15.44,-0.09,0.0,-16.43,4.06,0.0,-16.4,-15.4,0.0 (cmd -0.1),0.0 (cmd 4.1)
2.1725,-26.45,-1.47,0.0,-16.36,2.58,0.0,-16.4,-26.4,0.0 (cmd -1.5),0.0 (cmd 2.6)
2.173,-31.66,-4.38,0.0,-15.69,2.04,0.0,-15.7,-31.7,0.0 (cmd -4.4),0.0 (cmd 2.0)
2.1735,-41.18,-4.86,0.0,-14.75,1.49,0.0,-14.8,-41.2,0.0 (cmd -4.9),0.0 (cmd 1.5)
2.174,-45.22,-6.32,0.0,-13.75,1.36,0.0,-13.8,-45.2,0.0 (cmd -6.3),0.0 (cmd 1.4)
2.1745,-54.08,-6.16,0.0,-13.45,1.1,0.0,-13.4,-54.1,0.0 (cmd -6.2),0.0 (cmd 1.1)
2.175,-57.03,-6.63,0.0,-12.58,0.93,0.0,-12.6,-57.0,0.0 (cmd -6.6),0.0 (cmd 0.9)
2.1755,-58.65,-6.19,0.0,-11.83,1.04,0.0,-11.8,-58.6,0.0 (cmd -6.2),0.0 (cmd 1.0)
2.176,-58.27,-5.75,0.0,-11.53,1.03,0.0,-11.5,-58.3,0.0 (cmd -5.8),0.0 (cmd 1.0)
2.1765,-53.09,-3.91,0.0,-11.52,1.01,0.0,-11.5,-53.1,0.0 (cmd -3.9),0.0 (cmd 1.0)
2.177,-45.13,-2.01,0.0,-11.92,0.97,0.0,-11.9,-45.1,0.0 (cmd -2.0),0.0 (cmd 1.0)
2.1775,-34.03,1.15,0.0,-12.82,0.97,0.0,-12.8,-34.0,0.0 (cmd 1.1),0.0 (cmd 1.0)
2.178,-22.75,3.86,0.0,-15.88,0.89,0.0,-15.9,-22.8,0.0 (cmd 3.9),0.0 (cmd 0.9)
2.1785,-17.32,4.46,0.0,-20.19,0.31,0.0,-20.2,-17.3,0.0 (cmd 4.5),0.0 (cmd 0.3)
2.179,-17.93,3.71,0.0,-25.96,-1.7,0.0,-26.0,-17.9,0.0 (cmd 3.7),0.0 (cmd -1.7)
2.1795,-17.31,2.45,0.0,-32.66,-3.15,0.0,-32.7,-17.3,0.0 (cmd 2.5),0.0 (cmd -3.1)
2.18,-16.34,1.98,0.0,-40.97,-4.01,0.0,-41.0,-16.3,0.0 (cmd 2.0),0.0 (cmd -4.0)
2.1805,-15.43,1.45,0.0,-46.06,-4.98,0.0,-46.1,-15.4,0.0 (cmd 1.4),0.0 (cmd -5.0)
2.181,-12.82,1.33,0.0,-51.88,-5.97,0.0,-51.9,-12.8,0.0 (cmd 1.3),0.0 (cmd -6.0)
2.1815,-11.79,1.45,0.0,-57.59,-5.97,0.0,-57.6,-11.8,0.0 (cmd 1.4),0.0 (cmd -6.0)
2.182,-11.6,1.24,0.0,-60.47,-5.97,0.0,-60.5,-11.6,0.0 (cmd 1.2),0.0 (cmd -6.0)
2.1825,-12.1,0.96,0.0,-61.43,-5.66,0.0,-61.4,-12.1,0.0 (cmd 1.0),0.0 (cmd -5.7)
2.183,-13.7,0.56,0.0,-60.4,-4.73,0.0,-60.4,-13.7,0.0 (cmd 0.6),0.0 (cmd -4.7)
2.1835,-16.47,0.11,0.0,-55.6,-3.51,0.0,-55.6,-16.5,0.0 (cmd 0.1),0.0 (cmd -3.5)
2.184,-18.89,-0.36,0.0,-50.59,-1.84,0.0,-50.6,-18.9,0.0 (cmd -0.4),0.0 (cmd -1.8)
2.1845,-20.49,-0.76,0.0,-42.23,0.64,0.0,-42.2,-20.5,0.0 (cmd -0.8),0.0 (cmd 0.6)
2.185,-22.81,-1.11,0.0,-32.92,2.21,0.0,-32.9,-22.8,0.0 (cmd -1.1),0.0 (cmd 2.2)
2.1855,-24.71,-1.2,0.0,-23.48,3.91,0.0,-23.5,-24.7,0.0 (cmd -1.2),0.0 (cmd 3.9)
2.186,-25.52,-1.58,0.0,-20.9,4.6,0.0,-20.9,-25.5,0.0 (cmd -1.6),0.0 (cmd 4.6)
2.1865,-24.72,-1.29,0.0,-22.58,3.39,0.0,-22.6,-24.7,0.0 (cmd -1.3),0.0 (cmd 3.4)
2.187,-24.25,-0.99,0.0,-20.36,2.49,0.0,-20.4,-24.2,0.0 (cmd -1.0),0.0 (cmd 2.5)
2.1875,-23.96,-0.81,0.0,-19.48,2.35,0.0,-19.5,-24.0,0.0 (cmd -0.8),0.0 (cmd 2.4)
2.188,-23.57,-0.67,0.0,-18.76,2.01,0.0,-18.8,-23.6,0.0 (cmd -0.7),0.0 (cmd 2.0)
2.1885,-23.42,-0.57,0.0,-18.18,1.58,0.0,-18.2,-23.4,0.0 (cmd -0.6),0.0 (cmd 1.6)
2.189,-23.46,-0.64,0.0,-17.88,1.31,0.0,-17.9,-23.5,0.0 (cmd -0.6),0.0 (cmd 1.3)
2.1895,-23.25,-0.62,0.0,-17.81,1.03,0.0,-17.8,-23.2,0.0 (cmd -0.6),0.0 (cmd 1.0)
2.19,-23.27,-0.61,0.0,-17.74,0.77,0.0,-17.7,-23.3,0.0 (cmd -0.6),0.0 (cmd 0.8)
2.1905,-23.22,-0.65,0.0,-17.77,0.55,0.0,-17.8,-23.2,0.0 (cmd -0.7),0.0 (cmd 0.6)
2.191,-23.1,-0.64,0.0,-17.8,0.37,0.0,-17.8,-23.1,0.0 (cmd -0.6),0.0 (cmd 0.4)
2.1915,-22.94,-0.62,0.0,-17.7,0.25,0.0,-17.7,-22.9,0.0 (cmd -0.6),0.0 (cmd 0.2)
2.192,-22.73,-0.59,0.0,-17.48,0.18,0.0,-17.5,-22.7,0.0 (cmd -0.6),0.0 (cmd 0.2)
2.1925,-22.57,-0.58,0.0,-17.35,0.13,0.0,-17.4,-22.6,0.0 (cmd -0.6),0.0 (cmd 0.1)
2.193,-22.47,-0.56,0.0,-17.22,0.09,0.0,-17.2,-22.5,0.0 (cmd -0.6),0.0 (cmd 0.1)
2.1935,-22.4,-0.58,0.0,-17.18,0.06,0.0,-17.2,-22.4,0.0 (cmd -0.6),0.0 (cmd 0.1)
2.194,-22.33,-0.59,0.0,-17.11,0.01,0.0,-17.1,-22.3,0.0 (cmd -0.6),0.0 (cmd 0.0)
2.1945,-22.31,-0.6,0.0,-17.04,-0.01,0.0,-17.0,-22.3,0.0 (cmd -0.6),0.0 (cmd -0.0)
2.195,-22.19,-0.6,0.0,-17.02,-0.04,0.0,-17.0,-22.2,0.0 (cmd -0.6),0.0 (cmd -0.0)
2.1955,-22.14,-0.61,0.0,-17.01,-0.08,0.0,-17.0,-22.1,0.0 (cmd -0.6),0.0 (cmd -0.1)
2.196,-22.11,-0.62,0.0,-16.99,-0.1,0.0,-17.0,-22.1,0.0 (cmd -0.6),0.0 (cmd -0.1)
2.1965,-22.06,-0.63,0.0,-16.94,-0.12,0.0,-16.9,-22.1,0.0 (cmd -0.6),0.0 (cmd -0.1)
2.197,-22.07,-0.64,0.0,-16.88,-0.12,0.0,-16.9,-22.1,0.0 (cmd -0.6),0.0 (cmd -0.1)
2.1975,-22.1,-0.65,0.0,-16.83,-0.13,0.0,-16.8,-22.1,0.0 (cmd -0.7),0.0 (cmd -0.1)
2.198,-22.12,-0.67,0.0,-16.84,-0.14,0.0,-16.8,-22.1,0.0 (cmd -0.7),0.0 (cmd -0.1)
2.1985,-22.12,-0.68,0.0,-16.94,-0.18,0.0,-16.9,-22.1,0.0 (cmd -0.7),0.0 (cmd -0.2)
2.199,-22.1,-0.68,0.0,-16.98,-0.2,0.0,-17.0,-22.1,0.0 (cmd -0.7),0.0 (cmd -0.2)
2.1995,-22.04,-0.68,0.0,-16.96,-0.2,0.0,-17.0,-22.0,0.0 (cmd -0.7),0.0 (cmd -0.2)
2.2,-22.03,-0.67,0.0,-16.94,-0.2,0.0,-16.9,-22.0,0.0 (cmd -0.7),0.0 (cmd -0.2)
2.2005,-22.02,-0.68,0.0,-16.9,-0.19,0.0,-16.9,-22.0,0.0 (cmd -0.7),0.0 (cmd -0.2)
2.201,-22.05,-0.68,0.0,-16.93,-0.19,0.0,-16.9,-22.1,0.0 (cmd -0.7),0.0 (cmd -0.2)
2.2015,-22.08,-0.69,0.0,-16.96,-0.21,0.0,-17.0,-22.1,0.0 (cmd -0.7),0.0 (cmd -0.2)
2.202,-22.09,-0.7,0.0,-16.99,-0.22,0.0,-17.0,-22.1,0.0 (cmd -0.7),0.0 (cmd -0.2)
2.2025,-22.08,-0.7,0.0,-16.98,-0.22,0.0,-17.0,-22.1,0.0 (cmd -0.7),0.0 (cmd -0.2)
2.203,-22.06,-0.7,0.0,-16.97,-0.22,0.0,-17.0,-22.1,0.0 (cmd -0.7),0.0 (cmd -0.2)
2.2035,-22.05,-0.69,0.0,-16.96,-0.21,0.0,-17.0,-22.1,0.0 (cmd -0.7),0.0 (cmd -0.2)
2.204,-22.08,-0.7,0.0,-16.96,-0.21,0.0,-17.0,-22.1,0.0 (cmd -0.7),0.0 (cmd -0.2)
2.2045,-22.06,-0.7,0.0,-16.94,-0.21,0.0,-16.9,-22.1,0.0 (cmd -0.7),0.0 (cmd -0.2)
2.205,-22.04,-0.69,0.0,-16.92,-0.2,0.0,-16.9,-22.0,0.0 (cmd -0.7),0.0 (cmd -0.2)
2.2055,-22.04,-0.69,0.0,-16.92,-0.2,0.0,-16.9,-22.0,0.0 (cmd -0.7),0.0 (cmd -0.2)
2.206,-22.05,-0.69,0.0,-16.94,-0.21,0.0,-16.9,-22.1,0.0 (cmd -0.7),0.0 (cmd -0.2)
2.2065,-22.05,-0.7,0.0,-16.93,-0.21,0.0,-16.9,-22.1,0.0 (cmd -0.7),0.0 (cmd -0.2)
2.207,-22.02,-0.69,0.0,-16.91,-0.21,0.0,-16.9,-22.0,0.0 (cmd -0.7),0.0 (cmd -0.2)
2.2075,-22.01,-0.69,0.0,-16.86,-0.2,0.0,-16.9,-22.0,0.0 (cmd -0.7),0.0 (cmd -0.2)
2.208,-22.03,-0.69,0.0,-16.85,-0.19,0.0,-16.9,-22.0,0.0 (cmd -0.7),0.0 (cmd -0.2)
2.2085,-22.0,-0.7,0.0,-16.86,-0.2,0.0,-16.9,-22.0,0.0 (cmd -0.7),0.0 (cmd -0.2)
2.209,-21.99,-0.69,0.0,-16.83,-0.2,0.0,-16.8,-22.0,0.0 (cmd -0.7),0.0 (cmd -0.2)
2.2095,-21.97,-0.69,0.0,-16.82,-0.19,0.0,-16.8,-22.0,0.0 (cmd -0.7),0.0 (cmd -0.2)
2.21,-21.97,-0.68,0.0,-16.81,-0.2,0.0,-16.8,-22.0,0.0 (cmd -0.7),0.0 (cmd -0.2)
2.2105,-21.95,-0.68,0.0,-16.8,-0.19,0.0,-16.8,-21.9,0.0 (cmd -0.7),0.0 (cmd -0.2)
2.211,-21.97,-0.69,0.0,-16.8,-0.2,0.0,-16.8,-22.0,0.0 (cmd -0.7),0.0 (cmd -0.2)
2.2115,-21.94,-0.69,0.0,-16.75,-0.2,0.0,-16.8,-21.9,0.0 (cmd -0.7),0.0 (cmd -0.2)
2.212,-21.92,-0.68,0.0,-16.75,-0.19,0.0,-16.8,-21.9,0.0 (cmd -0.7),0.0 (cmd -0.2)
2.2125,-21.92,-0.68,0.0,-16.81,-0.21,0.0,-16.8,-21.9,0.0 (cmd -0.7),0.0 (cmd -0.2)
2.213,-21.84,-0.68,0.0,-16.81,-0.21,0.0,-16.8,-21.8,0.0 (cmd -0.7),0.0 (cmd -0.2)
2.2135,-21.67,-0.66,0.0,-16.92,-0.21,0.0,-16.9,-21.7,0.0 (cmd -0.7),0.0 (cmd -0.2)
2.214,-21.42,-0.63,0.0,-17.25,-0.29,0.0,-17.2,-21.4,0.0 (cmd -0.6),0.0 (cmd -0.3)
2.2145,-20.98,-0.56,0.0,-17.32,-0.31,0.0,-17.3,-21.0,0.0 (cmd -0.6),0.0 (cmd -0.3)
2.215,-19.92,-0.4,0.0,-16.96,-0.26,0.0,-17.0,-19.9,0.0 (cmd -0.4),0.0 (cmd -0.3)
2.2155,-18.46,-0.24,0.0,-16.38,-0.12,0.0,-16.4,-18.5,0.0 (cmd -0.2),0.0 (cmd -0.1)
2.216,-17.17,0.11,0.0,-15.72,0.1,0.0,-15.7,-17.2,0.0 (cmd 0.1),0.0 (cmd 0.1)
2.2165,-15.6,0.35,0.0,-15.16,0.18,0.0,-15.2,-15.6,0.0 (cmd 0.3),0.0 (cmd 0.2)
2.217,-14.15,0.44,0.0,-14.96,0.18,0.0,-15.0,-14.2,0.0 (cmd 0.4),0.0 (cmd 0.2)
2.2175,-13.01,0.49,0.0,-14.63,0.22,0.0,-14.6,-13.0,0.0 (cmd 0.5),0.0 (cmd 0.2)
2.218,-11.87,0.59,0.0,-14.04,0.25,0.0,-14.0,-11.9,0.0 (cmd 0.6),0.0 (cmd 0.2)
2.2185,-11.04,0.57,0.0,-13.43,0.26,0.0,-13.4,-11.0,0.0 (cmd 0.6),0.0 (cmd 0.3)
2.219,-10.12,0.5,0.0,-12.41,0.32,0.0,-12.4,-10.1,0.0 (cmd 0.5),0.0 (cmd 0.3)
2.2195,-9.59,0.63,0.0,-11.56,0.53,0.0,-11.6,-9.6,0.0 (cmd 0.6),0.0 (cmd 0.5)
2.22,-9.14,0.5,0.0,-10.28,0.54,0.0,-10.3,-9.1,0.0 (cmd 0.5),0.0 (cmd 0.5)
2.2205,-9.11,0.34,0.0,-9.45,0.56,0.0,-9.4,-9.1,0.0 (cmd 0.3),0.0 (cmd 0.6)
2.221,-9.19,0.18,0.0,-8.89,0.6,0.0,-8.9,-9.2,0.0 (cmd 0.2),0.0 (cmd 0.6)
2.2215,-9.26,0.03,0.0,-8.06,0.6,0.0,-8.1,-9.3,0.0 (cmd 0.0),0.0 (cmd 0.6)
2.222,-9.37,-0.11,0.0,-7.33,0.54,0.0,-7.3,-9.4,0.0 (cmd -0.1),0.0 (cmd 0.5)
2.2225,-9.29,-0.16,0.0,-6.91,0.51,0.0,-6.9,-9.3,0.0 (cmd -0.2),0.0 (cmd 0.5)
2.223,-9.27,-0.21,0.0,-6.51,0.48,0.0,-6.5,-9.3,0.0 (cmd -0.2),0.0 (cmd 0.5)
2.2235,-9.18,-0.25,0.0,-6.39,0.37,0.0,-6.4,-9.2,0.0 (cmd -0.2),0.0 (cmd 0.4)
2.224,-9.08,-0.28,0.0,-6.39,0.25,0.0,-6.4,-9.1,0.0 (cmd -0.3),0.0 (cmd 0.2)
2.2245,-9.01,-0.31,0.0,-6.4,0.14,0.0,-6.4,-9.0,0.0 (cmd -0.3),0.0 (cmd 0.1)
2.225,-8.91,-0.32,0.0,-6.53,0.04,0.0,-6.5,-8.9,0.0 (cmd -0.3),0.0 (cmd 0.0)
2.2255,-9.17,-0.34,0.0,-6.57,-0.05,0.0,-6.6,-9.2,0.0 (cmd -0.3),0.0 (cmd -0.1)
2.226,-9.64,-0.46,0.0,-6.62,-0.1,0.0,-6.6,-9.6,0.0 (cmd -0.5),0.0 (cmd -0.1)
2.2265,-9.88,-0.58,0.0,-6.82,-0.18,0.0,-6.8,-9.9,0.0 (cmd -0.6),0.0 (cmd -0.2)
2.227,-10.08,-0.6,0.0,-7.0,-0.24,0.0,-7.0,-10.1,0.0 (cmd -0.6),0.0 (cmd -0.2)
2.2275,-10.44,-0.63,0.0,-7.22,-0.28,0.0,-7.2,-10.4,0.0 (cmd -0.6),0.0 (cmd -0.3)
2.228,-10.69,-0.7,0.0,-7.23,-0.33,0.0,-7.2,-10.7,0.0 (cmd -0.7),0.0 (cmd -0.3)
2.2285,-11.06,-0.7,0.0,-7.75,-0.37,0.0,-7.8,-11.1,0.0 (cmd -0.7),0.0 (cmd -0.4)
2.229,-11.68,-0.81,0.0,-7.91,-0.48,0.0,-7.9,-11.7,0.0 (cmd -0.8),0.0 (cmd -0.5)
2.2295,-11.84,-0.82,0.0,-7.7,-0.4,0.0,-7.7,-11.8,0.0 (cmd -0.8),0.0 (cmd -0.4)
2.23,-12.2,-0.78,0.0,-7.42,-0.29,0.0,-7.4,-12.2,0.0 (cmd -0.8),0.0 (cmd -0.3)
2.2305,-12.42,-0.85,0.0,-7.57,-0.21,0.0,-7.6,-12.4,0.0 (cmd -0.8),0.0 (cmd -0.2)
2.231,-12.43,-0.8,0.0,-8.17,-0.31,0.0,-8.2,-12.4,0.0 (cmd -0.8),0.0 (cmd -0.3)
2.2315,-12.71,-0.76,0.0,-8.04,-0.38,0.0,-8.0,-12.7,0.0 (cmd -0.8),0.0 (cmd -0.4)
2.232,-12.98,-0.81,0.0,-8.0,-0.3,0.0,-8.0,-13.0,0.0 (cmd -0.8),0.0 (cmd -0.3)
2.2325,-13.19,-0.8,0.0,-8.8,-0.3,0.0,-8.8,-13.2,0.0 (cmd -0.8),0.0 (cmd -0.3)
2.233,-13.64,-0.79,0.0,-9.78,-0.52,0.0,-9.8,-13.6,0.0 (cmd -0.8),0.0 (cmd -0.5)
2.2335,-13.84,-0.96,0.0,-11.63,-0.97,0.0,-11.6,-13.8,0.0 (cmd -1.0),0.0 (cmd -1.0)
2.234,-13.38,-0.74,0.0,-13.37,-1.16,0.0,-13.4,-13.4,0.0 (cmd -0.7),0.0 (cmd -1.2)
2.2345,-13.46,-0.7,0.0,-14.45,-1.23,0.0,-14.4,-13.5,0.0 (cmd -0.7),0.0 (cmd -1.2)
2.235,-13.3,-0.67,0.0,-14.47,-1.31,0.0,-14.5,-13.3,0.0 (cmd -0.7),0.0 (cmd -1.3)
2.2355,-13.3,-0.59,0.0,-13.25,-0.85,0.0,-13.2,-13.3,0.0 (cmd -0.6),0.0 (cmd -0.8)
2.236,-13.3,-0.56,0.0,-12.49,-0.58,0.0,-12.5,-13.3,0.0 (cmd -0.6),0.0 (cmd -0.6)
2.2365,-27.03,-1.75,0.0,-13.06,-0.52,0.0,-13.1,-27.0,0.0 (cmd -1.8),0.0 (cmd -0.5)
2.237,-33.77,-4.07,0.0,-12.83,-0.82,0.0,-12.8,-33.8,0.0 (cmd -4.1),0.0 (cmd -0.8)
2.2375,-40.2,-5.38,0.0,-11.89,-0.74,0.0,-11.9,-40.2,0.0 (cmd -5.4),0.0 (cmd -0.7)
2.238,-51.34,-6.02,0.0,-10.87,-0.29,0.0,-10.9,-51.3,0.0 (cmd -6.0),0.0 (cmd -0.3)
2.2385,-58.32,-7.69,0.0,-9.71,-0.03,0.0,-9.7,-58.3,0.0 (cmd -7.7),0.0 (cmd -0.0)
2.239,-62.38,-7.6,0.0,-9.37,0.19,0.0,-9.4,-62.4,0.0 (cmd -7.6),0.0 (cmd 0.2)
2.2395,-65.04,-7.52,0.0,-9.38,0.22,0.0,-9.4,-65.0,0.0 (cmd -7.5),0.0 (cmd 0.2)
2.24,-62.7,-6.42,0.0,-9.44,0.32,0.0,-9.4,-62.7,0.0 (cmd -6.4),0.0 (cmd 0.3)
2.2405,-59.49,-4.2,0.0,-9.41,0.5,0.0,-9.4,-59.5,0.0 (cmd -4.2),0.0 (cmd 0.5)
2.241,-50.62,-2.36,0.0,-8.74,0.65,0.0,-8.7,-50.6,0.0 (cmd -2.4),0.0 (cmd 0.7)
2.2415,-39.98,0.2,0.0,-8.5,1.04,0.0,-8.5,-40.0,0.0 (cmd 0.2),0.0 (cmd 1.0)
2.242,-25.23,2.11,0.0,-9.2,1.01,0.0,-9.2,-25.2,0.0 (cmd 2.1),0.0 (cmd 1.0)
2.2425,-22.71,5.16,0.0,-10.08,1.11,0.0,-10.1,-22.7,0.0 (cmd 5.2),0.0 (cmd 1.1)
2.243,-14.19,5.01,0.0,-12.6,0.7,0.0,-12.6,-14.2,0.0 (cmd 5.0),0.0 (cmd 0.7)
2.2435,-8.96,5.42,0.0,-15.68,-0.23,0.0,-15.7,-9.0,0.0 (cmd 5.4),0.0 (cmd -0.2)
2.244,-10.22,4.27,0.0,-23.79,-2.3,0.0,-23.8,-10.2,0.0 (cmd 4.3),0.0 (cmd -2.3)
2.2445,-10.57,2.76,0.0,-31.82,-2.77,0.0,-31.8,-10.6,0.0 (cmd 2.8),0.0 (cmd -2.8)
2.245,-11.04,1.64,0.0,-40.46,-5.19,0.0,-40.5,-11.0,0.0 (cmd 1.6),0.0 (cmd -5.2)
2.2455,-10.29,1.28,0.0,-46.89,-6.39,0.0,-46.9,-10.3,0.0 (cmd 1.3),0.0 (cmd -6.4)
2.246,-9.04,1.33,0.0,-52.55,-6.77,0.0,-52.5,-9.0,0.0 (cmd 1.3),0.0 (cmd -6.8)
2.2465,-6.5,1.17,0.0,-57.33,-6.54,0.0,-57.3,-6.5,0.0 (cmd 1.2),0.0 (cmd -6.5)
2.247,-5.67,1.33,0.0,-59.15,-6.19,0.0,-59.1,-5.7,0.0 (cmd 1.3),0.0 (cmd -6.2)
2.2475,-5.53,1.26,0.0,-59.15,-5.5,0.0,-59.1,-5.5,0.0 (cmd 1.3),0.0 (cmd -5.5)
2.248,-4.89,1.25,0.0,-55.68,-4.31,0.0,-55.7,-4.9,0.0 (cmd 1.2),0.0 (cmd -4.3)
2.2485,-4.61,1.18,0.0,-49.18,-2.98,0.0,-49.2,-4.6,0.0 (cmd 1.2),0.0 (cmd -3.0)
2.249,-4.74,1.07,0.0,-42.53,-0.06,0.0,-42.5,-4.7,0.0 (cmd 1.1),0.0 (cmd -0.1)
2.2495,-4.74,0.91,0.0,-33.11,1.08,0.0,-33.1,-4.7,0.0 (cmd 0.9),0.0 (cmd 1.1)
2.25,-4.82,0.74,0.0,-24.62,3.77,0.0,-24.6,-4.8,0.0 (cmd 0.7),0.0 (cmd 3.8)
2.2505,-5.46,0.57,0.0,-15.41,5.55,0.0,-15.4,-5.5,0.0 (cmd 0.6),0.0 (cmd 5.5)
2.251,-6.24,0.3,0.0,-11.28,5.67,0.0,-11.3,-6.2,0.0 (cmd 0.3),0.0 (cmd 5.7)
2.2515,-12.24,-0.74,0.0,-12.33,4.38,0.0,-12.3,-12.2,0.0 (cmd -0.7),0.0 (cmd 4.4)
2.252,-29.68,-4.17,0.0,-11.41,3.09,0.0,-11.4,-29.7,0.0 (cmd -4.2),0.0 (cmd 3.1)
2.2525,-36.04,-5.4,0.0,-11.38,2.3,0.0,-11.4,-36.0,0.0 (cmd -5.4),0.0 (cmd 2.3)
2.253,-43.33,-6.26,0.0,-10.15,1.67,0.0,-10.2,-43.3,0.0 (cmd -6.3),0.0 (cmd 1.7)
2.2535,-51.25,-6.89,0.0,-8.32,1.49,0.0,-8.3,-51.2,0.0 (cmd -6.9),0.0 (cmd 1.5)
2.254,-55.87,-7.13,0.0,-7.56,1.58,0.0,-7.6,-55.9,0.0 (cmd -7.1),0.0 (cmd 1.6)
2.2545,-57.51,-7.0,0.0,-6.75,1.52,0.0,-6.8,-57.5,0.0 (cmd -7.0),0.0 (cmd 1.5)
2.255,-55.71,-5.91,0.0,-6.96,1.39,0.0,-7.0,-55.7,0.0 (cmd -5.9),0.0 (cmd 1.4)
2.2555,-50.71,-4.3,0.0,-7.4,1.17,0.0,-7.4,-50.7,0.0 (cmd -4.3),0.0 (cmd 1.2)
2.256,-46.65,-2.46,0.0,-7.39,1.09,0.0,-7.4,-46.6,0.0 (cmd -2.5),0.0 (cmd 1.1)
2.2565,-32.03,1.25,0.0,-7.21,1.35,0.0,-7.2,-32.0,0.0 (cmd 1.2),0.0 (cmd 1.4)
2.257,-24.62,3.19,0.0,-8.26,1.36,0.0,-8.3,-24.6,0.0 (cmd 3.2),0.0 (cmd 1.4)
2.2575,-19.59,3.58,0.0,-9.71,0.92,0.0,-9.7,-19.6,0.0 (cmd 3.6),0.0 (cmd 0.9)
2.258,-17.2,3.05,0.0,-14.87,-0.26,0.0,-14.9,-17.2,0.0 (cmd 3.0),0.0 (cmd -0.3)
2.2585,-5.41,5.36,0.0,-22.21,-0.78,0.0,-22.2,-5.4,0.0 (cmd 5.4),0.0 (cmd -0.8)
2.259,-5.23,4.22,0.0,-31.45,-2.94,0.0,-31.4,-5.2,0.0 (cmd 4.2),0.0 (cmd -2.9)
2.2595,-4.74,3.21,0.0,-35.83,-4.44,0.0,-35.8,-4.7,0.0 (cmd 3.2),0.0 (cmd -4.4)
2.26,-3.76,2.53,0.0,-43.28,-5.77,0.0,-43.3,-3.8,0.0 (cmd 2.5),0.0 (cmd -5.8)
2.2605,-3.38,2.07,0.0,-49.64,-5.95,0.0,-49.6,-3.4,0.0 (cmd 2.1),0.0 (cmd -6.0)
2.261,-3.24,1.64,0.0,-52.6,-6.15,0.0,-52.6,-3.2,0.0 (cmd 1.6),0.0 (cmd -6.2)
2.2615,-3.26,1.3,0.0,-54.21,-5.96,0.0,-54.2,-3.3,0.0 (cmd 1.3),0.0 (cmd -6.0)
2.262,-3.33,1.07,0.0,-52.61,-4.99,0.0,-52.6,-3.3,0.0 (cmd 1.1),0.0 (cmd -5.0)
2.2625,-3.67,0.93,0.0,-47.99,-3.65,0.0,-48.0,-3.7,0.0 (cmd 0.9),0.0 (cmd -3.6)
2.263,-3.9,0.84,0.0,-42.08,-1.34,0.0,-42.1,-3.9,0.0 (cmd 0.8),0.0 (cmd -1.3)
2.2635,-5.65,0.38,0.0,-34.86,0.97,0.0,-34.9,-5.7,0.0 (cmd 0.4),0.0 (cmd 1.0)
2.264,-7.53,0.0,0.0,-21.6,1.58,0.0,-21.6,-7.5,0.0 (cmd 0.0),0.0 (cmd 1.6)
2.2645,-13.43,-0.54,0.0,-13.7,4.98,0.0,-13.7,-13.4,0.0 (cmd -0.5),0.0 (cmd 5.0)
2.265,-17.71,-1.83,0.0,-14.89,4.79,0.0,-14.9,-17.7,0.0 (cmd -1.8),0.0 (cmd 4.8)
2.2655,-25.51,-3.36,0.0,-14.7,2.93,0.0,-14.7,-25.5,0.0 (cmd -3.4),0.0 (cmd 2.9)
2.266,-36.38,-4.26,0.0,-13.77,2.29,0.0,-13.8,-36.4,0.0 (cmd -4.3),0.0 (cmd 2.3)
2.2665,-42.19,-5.68,0.0,-13.06,1.81,0.0,-13.1,-42.2,0.0 (cmd -5.7),0.0 (cmd 1.8)
2.267,-48.99,-6.76,0.0,-12.3,1.46,0.0,-12.3,-49.0,0.0 (cmd -6.8),0.0 (cmd 1.5)
2.2675,-55.8,-7.19,0.0,-11.39,1.22,0.0,-11.4,-55.8,0.0 (cmd -7.2),0.0 (cmd 1.2)
2.268,-59.45,-6.87,0.0,-11.0,1.14,0.0,-11.0,-59.5,0.0 (cmd -6.9),0.0 (cmd 1.1)
2.2685,-60.3,-6.55,0.0,-10.82,1.06,0.0,-10.8,-60.3,0.0 (cmd -6.5),0.0 (cmd 1.1)
2.269,-58.85,-5.4,0.0,-10.92,0.96,0.0,-10.9,-58.9,0.0 (cmd -5.4),0.0 (cmd 1.0)
2.2695,-51.61,-3.85,0.0,-11.03,0.92,0.0,-11.0,-51.6,0.0 (cmd -3.9),0.0 (cmd 0.9)
2.27,-45.0,-1.24,0.0,-11.5,0.94,0.0,-11.5,-45.0,0.0 (cmd -1.2),0.0 (cmd 0.9)
2.2705,-33.63,-0.37,0.0,-12.49,0.7,0.0,-12.5,-33.6,0.0 (cmd -0.4),0.0 (cmd 0.7)
2.271,-17.63,3.61,0.0,-13.62,0.84,0.0,-13.6,-17.6,0.0 (cmd 3.6),0.0 (cmd 0.8)
2.2715,-9.61,5.85,0.0,-14.82,0.77,0.0,-14.8,-9.6,0.0 (cmd 5.8),0.0 (cmd 0.8)
2.272,-9.48,5.9,0.0,-15.92,0.28,0.0,-15.9,-9.5,0.0 (cmd 5.9),0.0 (cmd 0.3)
2.2725,-12.93,3.61,0.0,-15.57,-0.04,0.0,-15.6,-12.9,0.0 (cmd 3.6),0.0 (cmd -0.0)
2.273,-12.93,2.3,0.0,-15.38,-0.04,0.0,-15.4,-12.9,0.0 (cmd 2.3),0.0 (cmd -0.0)
2.2735,-13.02,1.65,0.0,-15.87,-0.15,0.0,-15.9,-13.0,0.0 (cmd 1.6),0.0 (cmd -0.1)
2.274,-15.86,0.7,0.0,-16.39,-0.45,0.0,-16.4,-15.9,0.0 (cmd 0.7),0.0 (cmd -0.5)
2.2745,-16.65,0.03,0.0,-16.26,-0.48,0.0,-16.3,-16.6,0.0 (cmd 0.0),0.0 (cmd -0.5)
2.275,-17.52,-0.23,0.0,-16.38,-0.45,0.0,-16.4,-17.5,0.0 (cmd -0.2),0.0 (cmd -0.5)
2.2755,-18.7,-0.54,0.0,-16.76,-0.52,0.0,-16.8,-18.7,0.0 (cmd -0.5),0.0 (cmd -0.5)
2.276,-19.75,-0.94,0.0,-17.35,-0.67,0.0,-17.4,-19.8,0.0 (cmd -0.9),0.0 (cmd -0.7)
2.2765,-19.6,-0.96,0.0,-17.31,-0.66,0.0,-17.3,-19.6,0.0 (cmd -1.0),0.0 (cmd -0.7)
2.277,-19.41,-0.82,0.0,-16.87,-0.46,0.0,-16.9,-19.4,0.0 (cmd -0.8),0.0 (cmd -0.5)
2.2775,-19.15,-0.71,0.0,-16.63,-0.33,0.0,-16.6,-19.1,0.0 (cmd -0.7),0.0 (cmd -0.3)
2.278,-18.63,-0.58,0.0,-16.39,-0.26,0.0,-16.4,-18.6,0.0 (cmd -0.6),0.0 (cmd -0.3)
2.2785,-18.12,-0.51,0.0,-16.33,-0.21,0.0,-16.3,-18.1,0.0 (cmd -0.5),0.0 (cmd -0.2)
2.279,-17.77,-0.39,0.0,-16.36,-0.2,0.0,-16.4,-17.8,0.0 (cmd -0.4),0.0 (cmd -0.2)
2.2795,-17.87,-0.38,0.0,-16.76,-0.22,0.0,-16.8,-17.9,0.0 (cmd -0.4),0.0 (cmd -0.2)
2.28,-19.84,-0.56,0.0,-18.43,-0.45,0.0,-18.4,-19.8,0.0 (cmd -0.6),0.0 (cmd -0.5)
2.2805,-23.73,-1.27,0.0,-21.22,-1.14,0.0,-21.2,-23.7,0.0 (cmd -1.3),0.0 (cmd -1.1)
2.281,-28.45,-2.43,0.0,-26.83,-2.37,0.0,-26.8,-28.4,0.0 (cmd -2.4),0.0 (cmd -2.4)
2.2815,-34.64,-3.68,0.0,-34.68,-3.37,0.0,-34.7,-34.6,0.0 (cmd -3.7),0.0 (cmd -3.4)
2.282,-41.54,-4.27,0.0,-40.89,-4.48,0.0,-40.9,-41.5,0.0 (cmd -4.3),0.0 (cmd -4.5)
2.2825,-45.66,-5.25,0.0,-45.19,-5.56,0.0,-45.2,-45.7,0.0 (cmd -5.2),0.0 (cmd -5.6)
2.283,-50.86,-5.47,0.0,-50.87,-5.85,0.0,-50.9,-50.9,0.0 (cmd -5.5),0.0 (cmd -5.8)
2.2835,-54.92,-5.31,0.0,-54.74,-5.57,0.0,-54.7,-54.9,0.0 (cmd -5.3),0.0 (cmd -5.6)
2.284,-58.47,-5.5,0.0,-57.6,-5.45,0.0,-57.6,-58.5,0.0 (cmd -5.5),0.0 (cmd -5.5)
2.2845,-60.93,-5.37,0.0,-60.92,-5.46,0.0,-60.9,-60.9,0.0 (cmd -5.4),0.0 (cmd -5.5)
2.285,-63.91,-5.12,0.0,-63.86,-4.85,0.0,-63.9,-63.9,0.0 (cmd -5.1),0.0 (cmd -4.8)
2.2855,-64.61,-4.64,0.0,-65.01,-4.54,0.0,-65.0,-64.6,0.0 (cmd -4.6),0.0 (cmd -4.5)
2.286,-65.44,-3.92,0.0,-65.55,-3.8,0.0,-65.5,-65.4,0.0 (cmd -3.9),0.0 (cmd -3.8)
2.2865,-66.14,-3.63,0.0,-66.09,-3.3,0.0,-66.1,-66.1,0.0 (cmd -3.6),0.0 (cmd -3.3)
2.287,-66.64,-3.19,0.0,-66.63,-2.79,0.0,-66.6,-66.6,0.0 (cmd -3.2),0.0 (cmd -2.8)
2.2875,-67.16,-2.85,0.0,-66.96,-2.41,0.0,-67.0,-67.2,0.0 (cmd -2.9),0.0 (cmd -2.4)
2.288,-67.54,-2.52,0.0,-67.41,-2.11,0.0,-67.4,-67.5,0.0 (cmd -2.5),0.0 (cmd -2.1)
2.2885,-68.01,-2.33,0.0,-67.82,-1.86,0.0,-67.8,-68.0,0.0 (cmd -2.3),0.0 (cmd -1.9)
2.289,-68.27,-2.12,0.0,-67.99,-1.64,0.0,-68.0,-68.3,0.0 (cmd -2.1),0.0 (cmd -1.6)
2.2895,-68.45,-1.96,0.0,-68.11,-1.45,0.0,-68.1,-68.5,0.0 (cmd -2.0),0.0 (cmd -1.4)
2.29,-68.59,-1.8,0.0,-68.21,-1.29,0.0,-68.2,-68.6,0.0 (cmd -1.8),0.0 (cmd -1.3)
2.2905,-68.65,-1.65,0.0,-68.22,-1.14,0.0,-68.2,-68.7,0.0 (cmd -1.6),0.0 (cmd -1.1)
2.291,-68.7,-1.54,0.0,-68.24,-1.01,0.0,-68.2,-68.7,0.0 (cmd -1.5),0.0 (cmd -1.0)
2.2915,-68.71,-1.45,0.0,-68.24,-0.92,0.0,-68.2,-68.7,0.0 (cmd -1.4),0.0 (cmd -0.9)
2.292,-68.71,-1.37,0.0,-68.23,-0.84,0.0,-68.2,-68.7,0.0 (cmd -1.4),0.0 (cmd -0.8)
2.2925,-68.7,-1.3,0.0,-68.2,-0.78,0.0,-68.2,-68.7,0.0 (cmd -1.3),0.0 (cmd -0.8)
2.293,-68.72,-1.25,0.0,-68.21,-0.73,0.0,-68.2,-68.7,0.0 (cmd -1.2),0.0 (cmd -0.7)
2.2935,-68.77,-1.22,0.0,-68.22,-0.7,0.0,-68.2,-68.8,0.0 (cmd -1.2),0.0 (cmd -0.7)
2.294,-68.81,-1.2,0.0,-68.25,-0.68,0.0,-68.2,-68.8,0.0 (cmd -1.2),0.0 (cmd -0.7)
2.2945,-68.82,-1.18,0.0,-68.25,-0.66,0.0,-68.2,-68.8,0.0 (cmd -1.2),0.0 (cmd -0.7)
2.295,-68.83,-1.16,0.0,-68.25,-0.64,0.0,-68.2,-68.8,0.0 (cmd -1.2),0.0 (cmd -0.6)
2.2955,-68.88,-1.15,0.0,-68.24,-0.63,0.0,-68.2,-68.9,0.0 (cmd -1.1),0.0 (cmd -0.6)
2.296,-68.85,-1.14,0.0,-68.23,-0.62,0.0,-68.2,-68.8,0.0 (cmd -1.1),0.0 (cmd -0.6)
2.2965,-68.83,-1.12,0.0,-68.21,-0.6,0.0,-68.2,-68.8,0.0 (cmd -1.1),0.0 (cmd -0.6)
2.297,-68.83,-1.11,0.0,-68.17,-0.59,0.0,-68.2,-68.8,0.0 (cmd -1.1),0.0 (cmd -0.6)
2.2975,-68.83,-1.1,0.0,-68.16,-0.58,0.0,-68.2,-68.8,0.0 (cmd -1.1),0.0 (cmd -0.6)
2.298,-68.79,-1.09,0.0,-68.14,-0.58,0.0,-68.1,-68.8,0.0 (cmd -1.1),0.0 (cmd -0.6)
2.2985,-68.79,-1.08,0.0,-68.13,-0.57,0.0,-68.1,-68.8,0.0 (cmd -1.1),0.0 (cmd -0.6)
2.299,-68.79,-1.08,0.0,-68.11,-0.57,0.0,-68.1,-68.8,0.0 (cmd -1.1),0.0 (cmd -0.6)
2.2995,-68.78,-1.08,0.0,-68.1,-0.57,0.0,-68.1,-68.8,0.0 (cmd -1.1),0.0 (cmd -0.6)
2.3,-68.76,-1.08,0.0,-68.09,-0.57,0.0,-68.1,-68.8,0.0 (cmd -1.1),0.0 (cmd -0.6)
2.3005,-68.75,-1.07,0.0,-68.09,-0.57,0.0,-68.1,-68.8,0.0 (cmd -1.1),0.0 (cmd -0.6)
