timestamp,R_angle(θ),R_Torque Cmd,R_Torque Est,L_angle(θ),L_Torque Cmd,L_Torque Est,Lθ Display,Rθ Display,Lτ Display,Rτ Display
0.7967000000000001,-1.08,0.0,0.0,-0.25,0.0,0.0,-0.2,-1.1,0.0 (cmd 0.0),0.0 (cmd 0.0)
0.7972,-1.05,0.0,0.0,-0.3,0.0,0.0,-0.3,-1.1,0.0 (cmd 0.0),0.0 (cmd 0.0)
0.7977,-1.03,0.0,0.0,-0.33,0.0,0.0,-0.3,-1.0,0.0 (cmd 0.0),0.0 (cmd 0.0)
0.7981999999999999,-1.03,0.0,0.0,-0.36,0.0,0.0,-0.4,-1.0,0.0 (cmd 0.0),0.0 (cmd 0.0)
0.7987000000000001,-1.04,0.0,0.0,-0.41,0.0,0.0,-0.4,-1.0,0.0 (cmd 0.0),0.0 (cmd 0.0)
0.7992,-1.05,0.0,0.0,-0.43,0.0,0.0,-0.4,-1.1,0.0 (cmd 0.0),0.0 (cmd 0.0)
0.7997000000000001,-1.05,0.0,0.0,-0.45,0.0,0.0,-0.5,-1.1,0.0 (cmd 0.0),0.0 (cmd 0.0)
0.8001999999999999,-1.06,0.0,0.0,-0.49,0.0,0.0,-0.5,-1.1,0.0 (cmd 0.0),0.0 (cmd 0.0)
0.8007,-1.12,0.0,0.0,-0.62,0.0,0.0,-0.6,-1.1,0.0 (cmd 0.0),0.0 (cmd 0.0)
0.8012,-1.16,0.0,0.0,-0.64,0.0,0.0,-0.6,-1.2,0.0 (cmd 0.0),0.0 (cmd 0.0)
0.8017000000000001,-1.07,0.0,0.0,-0.79,0.0,0.0,-0.8,-1.1,0.0 (cmd 0.0),0.0 (cmd 0.0)
0.8022,-0.98,0.0,0.0,-0.86,0.0,0.0,-0.9,-1.0,0.0 (cmd 0.0),0.0 (cmd 0.0)
0.8027,-0.82,0.0,0.0,-0.88,0.0,0.0,-0.9,-0.8,0.0 (cmd 0.0),0.0 (cmd 0.0)
0.8031999999999999,-0.69,0.0,0.0,-0.92,0.0,0.0,-0.9,-0.7,0.0 (cmd 0.0),0.0 (cmd 0.0)
0.8037000000000001,-0.67,0.0,0.0,-0.91,0.0,0.0,-0.9,-0.7,0.0 (cmd 0.0),0.0 (cmd 0.0)
0.8042,-0.69,0.0,0.0,-0.85,0.0,0.0,-0.8,-0.7,0.0 (cmd 0.0),0.0 (cmd 0.0)
0.8047000000000001,-0.73,0.0,0.0,-0.82,0.0,0.0,-0.8,-0.7,0.0 (cmd 0.0),0.0 (cmd 0.0)
0.8051999999999999,-0.76,0.0,0.0,-0.83,0.0,0.0,-0.8,-0.8,0.0 (cmd 0.0),0.0 (cmd 0.0)
0.8057,-0.76,0.0,0.0,-0.83,0.0,0.0,-0.8,-0.8,0.0 (cmd 0.0),0.0 (cmd 0.0)
0.8062,-0.71,0.0,0.0,-0.82,0.0,0.0,-0.8,-0.7,0.0 (cmd 0.0),0.0 (cmd 0.0)
0.8067000000000001,-0.62,0.0,0.0,-0.74,0.0,0.0,-0.7,-0.6,0.0 (cmd 0.0),0.0 (cmd 0.0)
0.8072,-0.56,0.0,0.0,-0.71,0.0,0.0,-0.7,-0.6,0.0 (cmd 0.0),0.0 (cmd 0.0)
0.8077,-0.54,0.0,0.0,-0.76,0.0,0.0,-0.8,-0.5,0.0 (cmd 0.0),0.0 (cmd 0.0)
0.8081999999999999,-0.54,0.0,0.0,-0.78,0.0,0.0,-0.8,-0.5,0.0 (cmd 0.0),0.0 (cmd 0.0)
0.8087000000000001,-0.51,0.0,0.0,-0.74,0.0,0.0,-0.7,-0.5,0.0 (cmd 0.0),0.0 (cmd 0.0)
0.8092,-0.46,0.0,0.0,-0.69,0.0,0.0,-0.7,-0.5,0.0 (cmd 0.0),0.0 (cmd 0.0)
0.8097000000000001,-0.36,0.0,0.0,-0.64,0.0,0.0,-0.6,-0.4,0.0 (cmd 0.0),0.0 (cmd 0.0)
0.8101999999999999,-0.24,0.0,0.0,-0.58,0.0,0.0,-0.6,-0.2,0.0 (cmd 0.0),0.0 (cmd 0.0)
0.8107,-0.12,0.0,0.0,-0.57,0.0,0.0,-0.6,-0.1,0.0 (cmd 0.0),0.0 (cmd 0.0)
0.8112,-0.06,0.0,0.0,-0.59,0.0,0.0,-0.6,-0.1,0.0 (cmd 0.0),0.0 (cmd 0.0)
0.8117000000000001,-0.05,0.0,0.0,-0.58,0.0,0.0,-0.6,-0.1,0.0 (cmd 0.0),0.0 (cmd 0.0)
0.8122,-0.11,0.0,0.0,-0.58,0.0,0.0,-0.6,-0.1,0.0 (cmd 0.0),0.0 (cmd 0.0)
0.8127,-0.13,0.0,0.0,-0.61,0.0,0.0,-0.6,-0.1,0.0 (cmd 0.0),0.0 (cmd 0.0)
0.8131999999999999,-0.25,0.0,0.0,-0.66,0.0,0.0,-0.7,-0.2,0.0 (cmd 0.0),0.0 (cmd 0.0)
0.8137000000000001,-0.72,0.0,0.0,-0.76,0.0,0.0,-0.8,-0.7,0.0 (cmd 0.0),0.0 (cmd 0.0)
0.8142,-1.58,0.0,0.0,-0.7,0.0,0.0,-0.7,-1.6,0.0 (cmd 0.0),0.0 (cmd 0.0)
0.8147000000000001,-2.78,0.0,0.0,-0.6,0.0,0.0,-0.6,-2.8,0.0 (cmd 0.0),0.0 (cmd 0.0)
0.8151999999999999,-2.79,0.0,0.0,-0.61,0.0,0.0,-0.6,-2.8,0.0 (cmd 0.0),0.0 (cmd 0.0)
0.8157,-1.58,0.0,0.0,-0.74,0.0,0.0,-0.7,-1.6,0.0 (cmd 0.0),0.0 (cmd 0.0)
0.8162,0.23,0.0,0.0,-0.85,0.0,0.0,-0.8,0.2,0.0 (cmd 0.0),0.0 (cmd 0.0)
0.8167000000000001,2.9,0.0,0.0,-0.9,0.0,0.0,-0.9,2.9,0.0 (cmd 0.0),0.0 (cmd 0.0)
0.8172,5.37,0.0,0.0,-1.13,0.0,0.0,-1.1,5.4,0.0 (cmd 0.0),0.0 (cmd 0.0)
0.8177,7.22,0.0,0.0,-1.59,0.0,0.0,-1.6,7.2,0.0 (cmd 0.0),0.0 (cmd 0.0)
0.8181999999999999,8.19,0.0,0.0,-2.02,0.0,0.0,-2.0,8.2,0.0 (cmd 0.0),0.0 (cmd 0.0)
0.8187000000000001,10.29,0.0,0.0,-2.28,0.0,0.0,-2.3,10.3,0.0 (cmd 0.0),0.0 (cmd 0.0)
0.8192,11.12,0.0,0.0,-3.93,0.0,0.0,-3.9,11.1,0.0 (cmd 0.0),0.0 (cmd 0.0)
0.8197000000000001,11.98,0.0,0.0,-7.34,0.0,0.0,-7.3,12.0,0.0 (cmd 0.0),0.0 (cmd 0.0)
0.8201999999999999,12.28,0.0,0.0,-8.69,0.0,0.0,-8.7,12.3,0.0 (cmd 0.0),0.0 (cmd 0.0)
0.8207,11.91,0.0,0.0,-10.51,0.0,0.0,-10.5,11.9,0.0 (cmd 0.0),0.0 (cmd 0.0)
0.8212,11.89,0.0,0.0,-10.11,0.0,0.0,-10.1,11.9,0.0 (cmd 0.0),0.0 (cmd 0.0)
0.8217000000000001,12.48,0.0,0.0,-8.93,0.0,0.0,-8.9,12.5,0.0 (cmd 0.0),0.0 (cmd 0.0)
0.8222,13.3,0.0,0.0,-6.5,0.0,0.0,-6.5,13.3,0.0 (cmd 0.0),0.0 (cmd 0.0)
0.8227,13.23,0.0,0.0,-1.39,0.0,0.0,-1.4,13.2,0.0 (cmd 0.0),0.0 (cmd 0.0)
0.8231999999999999,12.73,0.0,0.0,-2.14,0.0,0.0,-2.1,12.7,0.0 (cmd 0.0),0.0 (cmd 0.0)
0.8237000000000001,12.05,0.0,0.0,-3.04,0.0,0.0,-3.0,12.1,0.0 (cmd 0.0),0.0 (cmd 0.0)
0.8242,11.75,0.0,0.0,-3.48,0.0,0.0,-3.5,11.8,0.0 (cmd 0.0),0.0 (cmd 0.0)
0.8247000000000001,11.78,0.0,0.0,-4.12,0.0,0.0,-4.1,11.8,0.0 (cmd 0.0),0.0 (cmd 0.0)
0.8251999999999999,11.85,0.0,0.0,-4.22,0.0,0.0,-4.2,11.8,0.0 (cmd 0.0),0.0 (cmd 0.0)
0.8256999999999999,12.01,0.0,0.0,-4.11,0.0,0.0,-4.1,12.0,0.0 (cmd 0.0),0.0 (cmd 0.0)
0.8262,12.2,0.0,0.0,-3.98,0.0,0.0,-4.0,12.2,0.0 (cmd 0.0),0.0 (cmd 0.0)
0.8267,12.26,0.0,0.0,-3.9,0.0,0.0,-3.9,12.3,0.0 (cmd 0.0),0.0 (cmd 0.0)
0.8272,12.46,0.0,0.0,-3.66,0.0,0.0,-3.7,12.5,0.0 (cmd 0.0),0.0 (cmd 0.0)
0.8276999999999999,12.64,0.0,0.0,-3.61,0.0,0.0,-3.6,12.6,0.0 (cmd 0.0),0.0 (cmd 0.0)
0.8281999999999999,12.68,0.0,0.0,-3.6,0.0,0.0,-3.6,12.7,0.0 (cmd 0.0),0.0 (cmd 0.0)
0.8287,12.73,0.0,0.0,-3.62,0.0,0.0,-3.6,12.7,0.0 (cmd 0.0),0.0 (cmd 0.0)
0.8292,12.79,0.0,0.0,-3.6,0.0,0.0,-3.6,12.8,0.0 (cmd 0.0),0.0 (cmd 0.0)
0.8297,12.84,0.0,0.0,-3.59,0.0,0.0,-3.6,12.8,0.0 (cmd 0.0),0.0 (cmd 0.0)
0.8301999999999999,12.84,0.0,0.0,-3.58,0.0,0.0,-3.6,12.8,0.0 (cmd 0.0),0.0 (cmd 0.0)
0.8306999999999999,12.76,0.0,0.0,-3.58,0.0,0.0,-3.6,12.8,0.0 (cmd 0.0),0.0 (cmd 0.0)
0.8312,12.74,0.0,0.0,-3.52,0.0,0.0,-3.5,12.7,0.0 (cmd 0.0),0.0 (cmd 0.0)
0.8317,12.75,0.0,0.0,-3.48,0.0,0.0,-3.5,12.8,0.0 (cmd 0.0),0.0 (cmd 0.0)
0.8322,12.73,0.0,0.0,-3.45,0.0,0.0,-3.5,12.7,0.0 (cmd 0.0),0.0 (cmd 0.0)
0.8326999999999999,12.69,0.0,0.0,-3.44,0.0,0.0,-3.4,12.7,0.0 (cmd 0.0),0.0 (cmd 0.0)
0.8331999999999999,12.68,0.0,0.0,-3.48,0.0,0.0,-3.5,12.7,0.0 (cmd 0.0),0.0 (cmd 0.0)
0.8337,12.68,0.0,0.0,-3.62,0.0,0.0,-3.6,12.7,0.0 (cmd 0.0),0.0 (cmd 0.0)
0.8342,12.61,0.0,0.0,-3.81,0.0,0.0,-3.8,12.6,0.0 (cmd 0.0),0.0 (cmd 0.0)
0.8347,12.17,0.0,0.0,-4.09,0.0,0.0,-4.1,12.2,0.0 (cmd 0.0),0.0 (cmd 0.0)
0.8351999999999999,10.52,0.0,0.0,-4.64,0.0,0.0,-4.6,10.5,0.0 (cmd 0.0),0.0 (cmd 0.0)
0.8356999999999999,7.25,0.0,0.0,-4.73,0.0,0.0,-4.7,7.2,0.0 (cmd 0.0),0.0 (cmd 0.0)
0.8362,2.25,0.0,0.0,-4.53,0.0,0.0,-4.5,2.2,0.0 (cmd 0.0),0.0 (cmd 0.0)
0.8367,-4.55,0.0,0.0,-4.22,0.0,0.0,-4.2,-4.5,0.0 (cmd 0.0),0.0 (cmd 0.0)
0.8372,-12.54,0.0,0.0,-3.36,0.0,0.0,-3.4,-12.5,0.0 (cmd 0.0),0.0 (cmd 0.0)
0.8376999999999999,-16.6,0.0,0.0,-2.22,0.0,0.0,-2.2,-16.6,0.0 (cmd 0.0),0.0 (cmd 0.0)
0.8382,-22.72,0.0,0.0,-1.18,0.0,0.0,-1.2,-22.7,0.0 (cmd 0.0),0.0 (cmd 0.0)
0.8387,-24.39,0.0,0.0,-1.81,0.0,0.0,-1.8,-24.4,0.0 (cmd 0.0),0.0 (cmd 0.0)
0.8392000000000001,-25.28,0.0,0.0,-2.2,0.0,0.0,-2.2,-25.3,0.0 (cmd 0.0),0.0 (cmd 0.0)
0.8397,-24.62,0.0,0.0,-2.45,0.0,0.0,-2.5,-24.6,0.0 (cmd 0.0),0.0 (cmd 0.0)
0.8402,-17.14,0.0,0.0,-2.65,0.0,0.0,-2.6,-17.1,0.0 (cmd 0.0),0.0 (cmd 0.0)
0.8406999999999999,-11.56,0.0,0.0,-2.84,0.0,0.0,-2.8,-11.6,0.0 (cmd 0.0),0.0 (cmd 0.0)
0.8412000000000001,-3.52,0.0,0.0,-3.69,0.0,0.0,-3.7,-3.5,0.0 (cmd 0.0),0.0 (cmd 0.0)
0.8417,4.71,0.0,0.0,-5.58,0.0,0.0,-5.6,4.7,0.0 (cmd 0.0),0.0 (cmd 0.0)
0.8422000000000001,5.67,0.0,0.0,-8.77,0.0,0.0,-8.8,5.7,0.0 (cmd 0.0),0.0 (cmd 0.0)
0.8426999999999999,6.94,0.0,0.0,-14.12,0.0,0.0,-14.1,6.9,0.0 (cmd 0.0),0.0 (cmd 0.0)
0.8432,6.88,0.0,0.0,-26.3,0.0,0.0,-26.3,6.9,0.0 (cmd 0.0),0.0 (cmd 0.0)
0.8437,7.01,0.0,0.0,-34.82,0.0,0.0,-34.8,7.0,0.0 (cmd 0.0),0.0 (cmd 0.0)
0.8442000000000001,6.62,0.0,0.0,-43.42,0.0,0.0,-43.4,6.6,0.0 (cmd 0.0),0.0 (cmd 0.0)
0.8447,7.35,0.0,0.0,-47.72,0.0,0.0,-47.7,7.3,0.0 (cmd 0.0),0.0 (cmd 0.0)
0.8452,7.84,0.0,0.0,-50.83,0.0,0.0,-50.8,7.8,0.0 (cmd 0.0),0.0 (cmd 0.0)
0.8456999999999999,8.13,0.0,0.0,-51.34,0.0,0.0,-51.3,8.1,0.0 (cmd 0.0),0.0 (cmd 0.0)
0.8462000000000001,8.2,0.0,0.0,-48.41,0.0,0.0,-48.4,8.2,0.0 (cmd 0.0),0.0 (cmd 0.0)
0.8467,8.19,0.0,0.0,-44.89,0.0,0.0,-44.9,8.2,0.0 (cmd 0.0),0.0 (cmd 0.0)
0.8472000000000001,8.22,0.0,0.0,-40.05,0.0,0.0,-40.0,8.2,0.0 (cmd 0.0),0.0 (cmd 0.0)
0.8476999999999999,8.27,0.0,0.0,-29.11,0.0,0.0,-29.1,8.3,0.0 (cmd 0.0),0.0 (cmd 0.0)
0.8482,8.33,0.0,0.0,-25.54,0.0,0.0,-25.5,8.3,0.0 (cmd 0.0),0.0 (cmd 0.0)
0.8487,8.68,0.0,0.0,-13.14,0.0,0.0,-13.1,8.7,0.0 (cmd 0.0),0.0 (cmd 0.0)
0.8492000000000001,7.89,0.0,0.0,-8.28,0.0,0.0,-8.3,7.9,0.0 (cmd 0.0),0.0 (cmd 0.0)
0.8497,6.04,0.0,0.0,-8.18,0.0,0.0,-8.2,6.0,0.0 (cmd 0.0),0.0 (cmd 0.0)
0.8502,-15.0,0.0,0.0,-7.39,0.0,0.0,-7.4,-15.0,0.0 (cmd 0.0),0.0 (cmd 0.0)
0.8506999999999999,-21.65,0.0,0.0,-5.71,0.0,0.0,-5.7,-21.6,0.0 (cmd 0.0),0.0 (cmd 0.0)
0.8512000000000001,-27.65,0.0,0.0,-3.57,0.0,0.0,-3.6,-27.6,0.0 (cmd 0.0),0.0 (cmd 0.0)
0.8517,-30.36,0.0,0.0,-2.73,0.0,0.0,-2.7,-30.4,0.0 (cmd 0.0),0.0 (cmd 0.0)
0.8522000000000001,-32.21,0.0,0.0,-2.98,0.0,0.0,-3.0,-32.2,0.0 (cmd 0.0),0.0 (cmd 0.0)
0.8526999999999999,-33.17,0.0,0.0,-3.2,0.0,0.0,-3.2,-33.2,0.0 (cmd 0.0),0.0 (cmd 0.0)
0.8532,-30.93,0.0,0.0,-3.12,0.0,0.0,-3.1,-30.9,0.0 (cmd 0.0),0.0 (cmd 0.0)
0.8537,-23.21,0.0,0.0,-3.3,0.0,0.0,-3.3,-23.2,0.0 (cmd 0.0),0.0 (cmd 0.0)
0.8542000000000001,-12.77,0.0,0.0,-3.85,0.0,0.0,-3.9,-12.8,0.0 (cmd 0.0),0.0 (cmd 0.0)
0.8547,-7.5,0.0,0.0,-4.89,0.0,0.0,-4.9,-7.5,0.0 (cmd 0.0),0.0 (cmd 0.0)
0.8552,0.35,0.0,0.0,-9.14,0.0,0.0,-9.1,0.3,0.0 (cmd 0.0),0.0 (cmd 0.0)
0.8556999999999999,5.93,0.0,0.0,-15.05,0.0,0.0,-15.1,5.9,0.0 (cmd 0.0),0.0 (cmd 0.0)
0.8562000000000001,7.04,0.0,0.0,-24.28,0.0,0.0,-24.3,7.0,0.0 (cmd 0.0),0.0 (cmd 0.0)
0.8567,7.25,0.0,0.0,-32.06,0.0,0.0,-32.1,7.2,0.0 (cmd 0.0),0.0 (cmd 0.0)
0.8572000000000001,7.44,0.0,0.0,-40.76,0.0,0.0,-40.8,7.4,0.0 (cmd 0.0),0.0 (cmd 0.0)
0.8576999999999999,7.5,0.0,0.0,-49.58,0.0,0.0,-49.6,7.5,0.0 (cmd 0.0),0.0 (cmd 0.0)
0.8582,7.74,0.0,0.0,-55.38,0.0,0.0,-55.4,7.7,0.0 (cmd 0.0),0.0 (cmd 0.0)
0.8587,7.65,0.0,0.0,-55.38,0.0,0.0,-55.4,7.7,0.0 (cmd 0.0),0.0 (cmd 0.0)
0.8592000000000001,7.71,0.0,0.0,-57.25,0.0,0.0,-57.2,7.7,0.0 (cmd 0.0),0.0 (cmd 0.0)
0.8597,7.8,0.0,0.0,-53.36,0.0,0.0,-53.4,7.8,0.0 (cmd 0.0),0.0 (cmd 0.0)
0.8602,7.82,0.0,0.0,-46.88,0.0,0.0,-46.9,7.8,0.0 (cmd 0.0),0.0 (cmd 0.0)
0.8606999999999999,7.83,0.0,0.0,-45.55,0.0,0.0,-45.5,7.8,0.0 (cmd 0.0),0.0 (cmd 0.0)
0.8612000000000001,7.91,0.0,0.0,-33.98,0.0,0.0,-34.0,7.9,0.0 (cmd 0.0),0.0 (cmd 0.0)
0.8617,8.1,0.0,0.0,-19.35,0.0,0.0,-19.4,8.1,0.0 (cmd 0.0),0.0 (cmd 0.0)
0.8622000000000001,8.19,0.0,0.0,-11.0,0.0,0.0,-11.0,8.2,0.0 (cmd 0.0),0.0 (cmd 0.0)
0.8626999999999999,7.75,0.0,0.0,-8.55,0.0,0.0,-8.6,7.8,0.0 (cmd 0.0),0.0 (cmd 0.0)
0.8632,6.49,0.0,0.0,-8.48,0.0,0.0,-8.5,6.5,0.0 (cmd 0.0),0.0 (cmd 0.0)
0.8637,2.98,0.0,0.0,-7.76,0.0,0.0,-7.8,3.0,0.0 (cmd 0.0),0.0 (cmd 0.0)
0.8642000000000001,-17.97,0.0,0.0,-7.03,0.0,0.0,-7.0,-18.0,0.0 (cmd 0.0),0.0 (cmd 0.0)
0.8647,-27.21,0.0,0.0,-5.87,0.0,0.0,-5.9,-27.2,0.0 (cmd 0.0),0.0 (cmd 0.0)
0.8652,-32.93,0.0,0.0,-5.46,0.0,0.0,-5.5,-32.9,0.0 (cmd 0.0),0.0 (cmd 0.0)
0.8656999999999999,-34.05,0.0,0.0,-5.53,0.0,0.0,-5.5,-34.0,0.0 (cmd 0.0),0.0 (cmd 0.0)
0.8662000000000001,-32.08,0.0,0.0,-5.49,0.0,0.0,-5.5,-32.1,0.0 (cmd 0.0),0.0 (cmd 0.0)
0.8667,-28.84,0.0,0.0,-5.29,0.0,0.0,-5.3,-28.8,0.0 (cmd 0.0),0.0 (cmd 0.0)
0.8672000000000001,-24.29,0.0,0.0,-5.39,0.0,0.0,-5.4,-24.3,0.0 (cmd 0.0),0.0 (cmd 0.0)
0.8676999999999999,-19.93,0.0,0.0,-6.17,0.0,0.0,-6.2,-19.9,0.0 (cmd 0.0),0.0 (cmd 0.0)
0.8682,-4.48,0.0,0.0,-8.04,0.0,0.0,-8.0,-4.5,0.0 (cmd 0.0),0.0 (cmd 0.0)
0.8687,2.79,0.0,0.0,-12.3,0.0,0.0,-12.3,2.8,0.0 (cmd 0.0),0.0 (cmd 0.0)
0.8692000000000001,5.88,0.0,0.0,-17.26,0.0,0.0,-17.3,5.9,0.0 (cmd 0.0),0.0 (cmd 0.0)
0.8697,6.35,0.0,0.0,-24.06,0.0,0.0,-24.1,6.3,0.0 (cmd 0.0),0.0 (cmd 0.0)
0.8702,5.72,0.0,0.0,-35.03,0.0,0.0,-35.0,5.7,0.0 (cmd 0.0),0.0 (cmd 0.0)
0.8706999999999999,4.44,0.0,0.0,-41.38,0.0,0.0,-41.4,4.4,0.0 (cmd 0.0),0.0 (cmd 0.0)
0.8712000000000001,4.42,0.0,0.0,-48.19,0.0,0.0,-48.2,4.4,0.0 (cmd 0.0),0.0 (cmd 0.0)
0.8717,5.1,0.0,0.0,-53.4,0.0,0.0,-53.4,5.1,0.0 (cmd 0.0),0.0 (cmd 0.0)
0.8722000000000001,5.46,0.0,0.0,-56.41,0.0,0.0,-56.4,5.5,0.0 (cmd 0.0),0.0 (cmd 0.0)
0.8726999999999999,6.32,0.0,0.0,-56.68,0.0,0.0,-56.7,6.3,0.0 (cmd 0.0),0.0 (cmd 0.0)
0.8732,6.87,0.0,0.0,-55.11,0.0,0.0,-55.1,6.9,0.0 (cmd 0.0),0.0 (cmd 0.0)
0.8737,7.49,0.0,0.0,-50.73,0.0,0.0,-50.7,7.5,0.0 (cmd 0.0),0.0 (cmd 0.0)
0.8742000000000001,8.1,0.0,0.0,-43.68,0.0,0.0,-43.7,8.1,0.0 (cmd 0.0),0.0 (cmd 0.0)
0.8747,8.43,0.0,0.0,-40.82,0.0,0.0,-40.8,8.4,0.0 (cmd 0.0),0.0 (cmd 0.0)
0.8752,8.6,0.0,0.0,-30.97,0.0,0.0,-31.0,8.6,0.0 (cmd 0.0),0.0 (cmd 0.0)
0.8756999999999999,8.47,0.0,0.0,-20.46,0.0,0.0,-20.5,8.5,0.0 (cmd 0.0),0.0 (cmd 0.0)
0.8762000000000001,7.12,0.0,0.0,-12.84,0.0,0.0,-12.8,7.1,0.0 (cmd 0.0),0.0 (cmd 0.0)
0.8767,5.86,0.0,0.0,-11.22,0.0,0.0,-11.2,5.9,0.0 (cmd 0.0),0.0 (cmd 0.0)
0.8772000000000001,-6.84,0.0,0.0,-10.73,0.0,0.0,-10.7,-6.8,0.0 (cmd 0.0),0.0 (cmd 0.0)
0.8776999999999999,-15.67,0.0,0.0,-9.82,0.0,0.0,-9.8,-15.7,0.0 (cmd 0.0),0.0 (cmd 0.0)
0.8782,-22.53,0.0,0.0,-9.05,0.0,0.0,-9.1,-22.5,0.0 (cmd 0.0),0.0 (cmd 0.0)
0.8787,-26.95,0.0,0.0,-8.11,0.0,0.0,-8.1,-26.9,0.0 (cmd 0.0),0.0 (cmd 0.0)
0.8792000000000001,-29.19,0.0,0.0,-7.16,0.0,0.0,-7.2,-29.2,0.0 (cmd 0.0),0.0 (cmd 0.0)
0.8797,-31.06,0.0,0.0,-6.54,0.0,0.0,-6.5,-31.1,0.0 (cmd 0.0),0.0 (cmd 0.0)
0.8802,-29.69,0.0,0.0,-6.35,0.0,0.0,-6.3,-29.7,0.0 (cmd 0.0),0.0 (cmd 0.0)
0.8806999999999999,-26.26,0.0,0.0,-6.0,0.0,0.0,-6.0,-26.3,0.0 (cmd 0.0),0.0 (cmd 0.0)
0.8812000000000001,-22.3,0.0,0.0,-5.94,0.0,0.0,-5.9,-22.3,0.0 (cmd 0.0),0.0 (cmd 0.0)
0.8817,-14.69,0.0,0.0,-6.13,0.0,0.0,-6.1,-14.7,0.0 (cmd 0.0),0.0 (cmd 0.0)
0.8822000000000001,-5.97,0.0,0.0,-7.22,0.0,0.0,-7.2,-6.0,0.0 (cmd 0.0),0.0 (cmd 0.0)
0.8826999999999999,-0.66,0.0,0.0,-10.94,0.0,0.0,-10.9,-0.7,0.0 (cmd 0.0),0.0 (cmd 0.0)
0.8832,2.76,0.0,0.0,-16.83,0.0,0.0,-16.8,2.8,0.0 (cmd 0.0),0.0 (cmd 0.0)
0.8837,5.6,0.0,0.0,-24.16,0.0,0.0,-24.2,5.6,0.0 (cmd 0.0),0.0 (cmd 0.0)
0.8842000000000001,5.72,0.0,0.0,-31.86,0.0,0.0,-31.9,5.7,0.0 (cmd 0.0),0.0 (cmd 0.0)
0.8847,5.63,0.0,0.0,-41.62,0.0,0.0,-41.6,5.6,0.0 (cmd 0.0),0.0 (cmd 0.0)
0.8852,5.58,0.0,0.0,-45.7,0.0,0.0,-45.7,5.6,0.0 (cmd 0.0),0.0 (cmd 0.0)
0.8856999999999999,6.48,0.0,0.0,-53.19,0.0,0.0,-53.2,6.5,0.0 (cmd 0.0),0.0 (cmd 0.0)
0.8862000000000001,7.05,0.0,0.0,-55.86,0.0,0.0,-55.9,7.0,0.0 (cmd 0.0),0.0 (cmd 0.0)
0.8867,7.64,0.0,0.0,-55.95,0.0,0.0,-56.0,7.6,0.0 (cmd 0.0),0.0 (cmd 0.0)
0.8873000000000001,7.9,0.0,0.0,-53.28,0.0,0.0,-53.3,7.9,0.0 (cmd 0.0),0.0 (cmd 0.0)
0.8876999999999999,8.19,0.0,0.0,-49.64,0.0,0.0,-49.6,8.2,0.0 (cmd 0.0),0.0 (cmd 0.0)
0.8883,9.0,0.0,0.0,-44.29,0.0,0.0,-44.3,9.0,0.0 (cmd 0.0),0.0 (cmd 0.0)
0.8887999999999999,9.84,0.0,0.0,-38.92,0.0,0.0,-38.9,9.8,0.0 (cmd 0.0),0.0 (cmd 0.0)
0.8893000000000001,10.65,0.0,0.0,-34.29,0.0,0.0,-34.3,10.7,0.0 (cmd 0.0),0.0 (cmd 0.0)
0.8898,10.79,0.0,0.0,-19.43,0.0,0.0,-19.4,10.8,0.0 (cmd 0.0),0.0 (cmd 0.0)
0.8903,9.26,0.0,0.0,-16.84,0.0,0.0,-16.8,9.3,0.0 (cmd 0.0),0.0 (cmd 0.0)
0.8907999999999999,5.06,0.0,0.0,-11.27,0.0,0.0,-11.3,5.1,0.0 (cmd 0.0),0.0 (cmd 0.0)
0.8913,2.1,0.0,0.0,-9.35,0.0,0.0,-9.3,2.1,0.0 (cmd 0.0),0.0 (cmd 0.0)
0.8918,-8.36,0.0,0.0,-8.62,0.0,0.0,-8.6,-8.4,0.0 (cmd 0.0),0.0 (cmd 0.0)
0.8923000000000001,-18.49,0.0,0.0,-8.11,0.0,0.0,-8.1,-18.5,0.0 (cmd 0.0),0.0 (cmd 0.0)
0.8927999999999999,-24.1,0.0,0.0,-7.01,0.0,0.0,-7.0,-24.1,0.0 (cmd 0.0),0.0 (cmd 0.0)
0.8933,-28.13,0.0,0.0,-5.79,0.0,0.0,-5.8,-28.1,0.0 (cmd 0.0),0.0 (cmd 0.0)
0.8937999999999999,-29.68,0.0,0.0,-5.44,0.0,0.0,-5.4,-29.7,0.0 (cmd 0.0),0.0 (cmd 0.0)
0.8943000000000001,-28.84,0.0,0.0,-5.16,0.0,0.0,-5.2,-28.8,0.0 (cmd 0.0),0.0 (cmd 0.0)
0.8948,-26.84,0.0,0.0,-4.95,0.0,0.0,-5.0,-26.8,0.0 (cmd 0.0),0.0 (cmd 0.0)
0.8953,-21.87,0.0,0.0,-5.22,0.0,0.0,-5.2,-21.9,0.0 (cmd 0.0),0.0 (cmd 0.0)
0.8957999999999999,-15.71,0.0,0.0,-5.55,0.0,0.0,-5.5,-15.7,0.0 (cmd 0.0),0.0 (cmd 0.0)
0.8963,-10.23,0.0,0.0,-6.0,0.0,0.0,-6.0,-10.2,0.0 (cmd 0.0),0.0 (cmd 0.0)
0.8968,-2.98,0.0,0.0,-8.14,0.0,0.0,-8.1,-3.0,0.0 (cmd 0.0),0.0 (cmd 0.0)
0.8973000000000001,3.84,0.0,0.0,-11.05,0.0,0.0,-11.1,3.8,0.0 (cmd 0.0),0.0 (cmd 0.0)
0.8977999999999999,6.46,0.0,0.0,-17.83,0.0,0.0,-17.8,6.5,0.0 (cmd 0.0),0.0 (cmd 0.0)
0.8983,6.14,0.0,0.0,-27.14,0.0,0.0,-27.1,6.1,0.0 (cmd 0.0),0.0 (cmd 0.0)
0.8987999999999999,6.35,0.0,0.0,-36.01,0.0,0.0,-36.0,6.3,0.0 (cmd 0.0),0.0 (cmd 0.0)
0.8993000000000001,6.44,0.0,0.0,-40.82,0.0,0.0,-40.8,6.4,0.0 (cmd 0.0),0.0 (cmd 0.0)
0.8998,7.11,0.0,0.0,-45.07,0.0,0.0,-45.1,7.1,0.0 (cmd 0.0),0.0 (cmd 0.0)
0.9003,7.12,0.0,0.0,-49.0,0.0,0.0,-49.0,7.1,0.0 (cmd 0.0),0.0 (cmd 0.0)
0.9007999999999999,6.9,0.0,0.0,-49.26,0.0,0.0,-49.3,6.9,0.0 (cmd 0.0),0.0 (cmd 0.0)
0.9013,6.69,0.0,0.0,-47.66,0.0,0.0,-47.7,6.7,0.0 (cmd 0.0),0.0 (cmd 0.0)
0.9018,6.58,0.0,0.0,-44.61,0.0,0.0,-44.6,6.6,0.0 (cmd 0.0),0.0 (cmd 0.0)
0.9023000000000001,6.96,0.0,0.0,-40.13,0.0,0.0,-40.1,7.0,0.0 (cmd 0.0),0.0 (cmd 0.0)
0.9027999999999999,7.83,0.0,0.0,-34.31,0.0,0.0,-34.3,7.8,0.0 (cmd 0.0),0.0 (cmd 0.0)
0.9033,8.88,0.0,0.0,-27.07,0.0,0.0,-27.1,8.9,0.0 (cmd 0.0),0.0 (cmd 0.0)
0.9037999999999999,9.58,0.0,0.0,-17.98,0.0,0.0,-18.0,9.6,0.0 (cmd 0.0),0.0 (cmd 0.0)
0.9043000000000001,8.68,0.0,0.0,-13.53,0.0,0.0,-13.5,8.7,0.0 (cmd 0.0),0.0 (cmd 0.0)
0.9048,4.59,0.0,0.0,-10.93,0.0,0.0,-10.9,4.6,0.0 (cmd 0.0),0.0 (cmd 0.0)
0.9053,-0.49,0.0,0.0,-9.68,0.0,0.0,-9.7,-0.5,0.0 (cmd 0.0),0.0 (cmd 0.0)
0.9057999999999999,-7.52,0.0,0.0,-8.0,0.0,0.0,-8.0,-7.5,0.0 (cmd 0.0),0.0 (cmd 0.0)
0.9063,-14.6,0.0,0.0,-6.88,0.0,0.0,-6.9,-14.6,0.0 (cmd 0.0),0.0 (cmd 0.0)
0.9068,-19.03,0.0,0.0,-6.2,0.0,0.0,-6.2,-19.0,0.0 (cmd 0.0),0.0 (cmd 0.0)
0.9073000000000001,-20.5,0.0,0.0,-6.18,0.0,0.0,-6.2,-20.5,0.0 (cmd 0.0),0.0 (cmd 0.0)
0.9077999999999999,-20.8,0.0,0.0,-6.22,0.0,0.0,-6.2,-20.8,0.0 (cmd 0.0),0.0 (cmd 0.0)
0.9083,-20.13,0.0,0.0,-5.83,0.0,0.0,-5.8,-20.1,0.0 (cmd 0.0),0.0 (cmd 0.0)
0.9087999999999999,-18.2,0.0,0.0,-5.39,0.0,0.0,-5.4,-18.2,0.0 (cmd 0.0),0.0 (cmd 0.0)
0.9093000000000001,-14.25,0.0,0.0,-5.38,0.0,0.0,-5.4,-14.2,0.0 (cmd 0.0),0.0 (cmd 0.0)
0.9098,-6.8,0.0,0.0,-6.23,0.0,0.0,-6.2,-6.8,0.0 (cmd 0.0),0.0 (cmd 0.0)
0.9103,-4.21,0.0,0.0,-8.29,0.0,0.0,-8.3,-4.2,0.0 (cmd 0.0),0.0 (cmd 0.0)
0.9107999999999999,-0.27,0.0,0.0,-12.16,0.0,0.0,-12.2,-0.3,0.0 (cmd 0.0),0.0 (cmd 0.0)
0.9113,3.0,0.0,0.0,-17.1,0.0,0.0,-17.1,3.0,0.0 (cmd 0.0),0.0 (cmd 0.0)
0.9118,5.23,0.0,0.0,-22.18,0.0,0.0,-22.2,5.2,0.0 (cmd 0.0),0.0 (cmd 0.0)
0.9123000000000001,3.66,0.0,0.0,-35.29,0.0,0.0,-35.3,3.7,0.0 (cmd 0.0),0.0 (cmd 0.0)
0.9128,3.32,0.0,0.0,-41.15,0.0,0.0,-41.1,3.3,0.0 (cmd 0.0),0.0 (cmd 0.0)
0.9133,3.82,0.0,0.0,-43.48,0.0,0.0,-43.5,3.8,0.0 (cmd 0.0),0.0 (cmd 0.0)
0.9138,5.07,0.0,0.0,-46.17,0.0,0.0,-46.2,5.1,0.0 (cmd 0.0),0.0 (cmd 0.0)
0.9143000000000001,5.62,0.0,0.0,-46.24,0.0,0.0,-46.2,5.6,0.0 (cmd 0.0),0.0 (cmd 0.0)
0.9148000000000001,5.96,0.0,0.0,-43.93,0.0,0.0,-43.9,6.0,0.0 (cmd 0.0),0.0 (cmd 0.0)
0.9153,6.07,0.0,0.0,-41.4,0.0,0.0,-41.4,6.1,0.0 (cmd 0.0),0.0 (cmd 0.0)
0.9158,6.3,0.0,0.0,-37.76,0.0,0.0,-37.8,6.3,0.0 (cmd 0.0),0.0 (cmd 0.0)
0.9163,6.78,0.0,0.0,-30.06,0.0,0.0,-30.1,6.8,0.0 (cmd 0.0),0.0 (cmd 0.0)
0.9168000000000001,7.52,0.0,0.0,-23.6,0.0,0.0,-23.6,7.5,0.0 (cmd 0.0),0.0 (cmd 0.0)
0.9173000000000001,7.9,0.0,0.0,-16.95,0.0,0.0,-16.9,7.9,0.0 (cmd 0.0),0.0 (cmd 0.0)
0.9178,7.16,0.0,0.0,-9.76,0.0,0.0,-9.8,7.2,0.0 (cmd 0.0),0.0 (cmd 0.0)
0.9183,0.78,0.0,0.0,-7.92,0.0,0.0,-7.9,0.8,0.0 (cmd 0.0),0.0 (cmd 0.0)
0.9188,-7.62,0.0,0.0,-7.27,0.0,0.0,-7.3,-7.6,0.0 (cmd 0.0),0.0 (cmd 0.0)
0.9193000000000001,-14.39,0.0,0.0,-6.29,0.0,0.0,-6.3,-14.4,0.0 (cmd 0.0),0.0 (cmd 0.0)
0.9198000000000001,-18.63,0.0,0.0,-4.86,0.0,0.0,-4.9,-18.6,0.0 (cmd 0.0),0.0 (cmd 0.0)
0.9203,-22.44,0.0,0.0,-4.44,0.0,0.0,-4.4,-22.4,0.0 (cmd 0.0),0.0 (cmd 0.0)
0.9208,-23.56,0.0,0.0,-4.45,0.0,0.0,-4.5,-23.6,0.0 (cmd 0.0),0.0 (cmd 0.0)
0.9213,-24.56,0.0,0.0,-4.62,0.0,0.0,-4.6,-24.6,0.0 (cmd 0.0),0.0 (cmd 0.0)
0.9218000000000001,-24.45,0.0,0.0,-4.55,0.0,0.0,-4.5,-24.4,0.0 (cmd 0.0),0.0 (cmd 0.0)
0.9223000000000001,-22.83,0.0,0.0,-4.58,0.0,0.0,-4.6,-22.8,0.0 (cmd 0.0),0.0 (cmd 0.0)
0.9228,-18.38,0.0,0.0,-5.44,0.0,0.0,-5.4,-18.4,0.0 (cmd 0.0),0.0 (cmd 0.0)
0.9233,-11.46,0.0,0.0,-7.09,0.0,0.0,-7.1,-11.5,0.0 (cmd 0.0),0.0 (cmd 0.0)
0.9238,-5.56,0.0,0.0,-10.34,0.0,0.0,-10.3,-5.6,0.0 (cmd 0.0),0.0 (cmd 0.0)
0.9243000000000001,0.29,0.0,0.0,-14.97,0.0,0.0,-15.0,0.3,0.0 (cmd 0.0),0.0 (cmd 0.0)
0.9248000000000001,4.4,0.0,0.0,-18.18,0.0,0.0,-18.2,4.4,0.0 (cmd 0.0),0.0 (cmd 0.0)
0.9252999999999999,5.76,0.0,0.0,-17.43,0.0,0.0,-17.4,5.8,0.0 (cmd 0.0),0.0 (cmd 0.0)
0.9258,6.58,0.0,0.0,-12.83,0.0,0.0,-12.8,6.6,0.0 (cmd 0.0),0.0 (cmd 0.0)
0.9262999999999999,7.05,0.0,0.0,-10.2,0.0,0.0,-10.2,7.0,0.0 (cmd 0.0),0.0 (cmd 0.0)
0.9268000000000001,7.32,0.0,0.0,-8.76,0.0,0.0,-8.8,7.3,0.0 (cmd 0.0),0.0 (cmd 0.0)
0.9273,8.88,0.0,0.0,-6.25,0.0,0.0,-6.2,8.9,0.0 (cmd 0.0),0.0 (cmd 0.0)
0.9278,9.88,0.0,0.0,-4.5,0.0,0.0,-4.5,9.9,0.0 (cmd 0.0),0.0 (cmd 0.0)
0.9282999999999999,9.88,0.0,0.0,-3.58,0.0,0.0,-3.6,9.9,0.0 (cmd 0.0),0.0 (cmd 0.0)
0.9288,11.34,0.0,0.0,-3.56,0.0,0.0,-3.6,11.3,0.0 (cmd 0.0),0.0 (cmd 0.0)
0.9293,12.92,0.0,0.0,-3.61,0.0,0.0,-3.6,12.9,0.0 (cmd 0.0),0.0 (cmd 0.0)
0.9298000000000001,13.54,0.0,0.0,-3.36,0.0,0.0,-3.4,13.5,0.0 (cmd 0.0),0.0 (cmd 0.0)
0.9302999999999999,14.01,0.0,0.0,-3.23,0.0,0.0,-3.2,14.0,0.0 (cmd 0.0),0.0 (cmd 0.0)
0.9308,14.32,0.0,0.0,-3.12,0.0,0.0,-3.1,14.3,0.0 (cmd 0.0),0.0 (cmd 0.0)
0.9312999999999999,14.68,0.0,0.0,-2.97,0.0,0.0,-3.0,14.7,0.0 (cmd 0.0),0.0 (cmd 0.0)
0.9318000000000001,14.56,0.0,0.0,-2.99,0.0,0.0,-3.0,14.6,0.0 (cmd 0.0),0.0 (cmd 0.0)
0.9323,14.29,0.0,0.0,-2.93,0.0,0.0,-2.9,14.3,0.0 (cmd 0.0),0.0 (cmd 0.0)
0.9328,14.36,0.0,0.0,-2.91,0.0,0.0,-2.9,14.4,0.0 (cmd 0.0),0.0 (cmd 0.0)
0.9332999999999999,14.48,0.0,0.0,-2.95,0.0,0.0,-3.0,14.5,0.0 (cmd 0.0),0.0 (cmd 0.0)
0.9338,14.52,0.0,0.0,-3.01,0.0,0.0,-3.0,14.5,0.0 (cmd 0.0),0.0 (cmd 0.0)
0.9343,14.5,0.0,0.0,-3.08,0.0,0.0,-3.1,14.5,0.0 (cmd 0.0),0.0 (cmd 0.0)
0.9348000000000001,14.46,0.0,0.0,-3.15,0.0,0.0,-3.1,14.5,0.0 (cmd 0.0),0.0 (cmd 0.0)
0.9352999999999999,14.41,0.0,0.0,-3.2,0.0,0.0,-3.2,14.4,0.0 (cmd 0.0),0.0 (cmd 0.0)
0.9358,14.38,0.0,0.0,-3.25,0.0,0.0,-3.2,14.4,0.0 (cmd 0.0),0.0 (cmd 0.0)
0.9362999999999999,14.35,0.0,0.0,-3.27,0.0,0.0,-3.3,14.3,0.0 (cmd 0.0),0.0 (cmd 0.0)
0.9368000000000001,14.34,0.0,0.0,-3.33,0.0,0.0,-3.3,14.3,0.0 (cmd 0.0),0.0 (cmd 0.0)
0.9373,14.32,0.0,0.0,-3.43,0.0,0.0,-3.4,14.3,0.0 (cmd 0.0),0.0 (cmd 0.0)
0.9378,14.3,0.0,0.0,-3.51,0.0,0.0,-3.5,14.3,0.0 (cmd 0.0),0.0 (cmd 0.0)
0.9382999999999999,14.29,0.0,0.0,-3.58,0.0,0.0,-3.6,14.3,0.0 (cmd 0.0),0.0 (cmd 0.0)
0.9388,14.24,0.0,0.0,-3.67,0.0,0.0,-3.7,14.2,0.0 (cmd 0.0),0.0 (cmd 0.0)
0.9393,14.18,0.0,0.0,-3.74,0.0,0.0,-3.7,14.2,0.0 (cmd 0.0),0.0 (cmd 0.0)
0.9398000000000001,14.17,0.0,0.0,-3.76,0.0,0.0,-3.8,14.2,0.0 (cmd 0.0),0.0 (cmd 0.0)
0.9402999999999999,14.15,0.0,0.0,-3.84,0.0,0.0,-3.8,14.2,0.0 (cmd 0.0),0.0 (cmd 0.0)
0.9408,14.14,0.0,0.0,-3.91,0.0,0.0,-3.9,14.1,0.0 (cmd 0.0),0.0 (cmd 0.0)
0.9412999999999999,14.14,0.0,0.0,-3.97,0.0,0.0,-4.0,14.1,0.0 (cmd 0.0),0.0 (cmd 0.0)
0.9418000000000001,14.13,0.0,0.0,-4.03,0.0,0.0,-4.0,14.1,0.0 (cmd 0.0),0.0 (cmd 0.0)
0.9423,14.11,0.0,0.0,-4.06,0.0,0.0,-4.1,14.1,0.0 (cmd 0.0),0.0 (cmd 0.0)
0.9428,14.09,0.0,0.0,-3.98,0.0,0.0,-4.0,14.1,0.0 (cmd 0.0),0.0 (cmd 0.0)
0.9432999999999999,14.08,0.0,0.0,-3.82,0.0,0.0,-3.8,14.1,0.0 (cmd 0.0),0.0 (cmd 0.0)
0.9438,13.89,0.0,0.0,-3.39,0.0,0.0,-3.4,13.9,0.0 (cmd 0.0),0.0 (cmd 0.0)
0.9443,8.02,0.0,0.0,-2.29,0.0,0.0,-2.3,8.0,0.0 (cmd 0.0),0.0 (cmd 0.0)
0.9448000000000001,6.17,0.0,0.0,-1.68,0.0,0.0,-1.7,6.2,0.0 (cmd 0.0),0.0 (cmd 0.0)
0.9452999999999999,-0.63,0.0,0.0,-1.29,0.0,0.0,-1.3,-0.6,0.0 (cmd 0.0),0.0 (cmd 0.0)
0.9458,-2.53,0.0,0.0,-0.75,0.0,0.0,-0.8,-2.5,0.0 (cmd 0.0),0.0 (cmd 0.0)
0.9462999999999999,-3.15,0.0,0.0,0.19,0.0,0.0,0.2,-3.1,0.0 (cmd 0.0),0.0 (cmd 0.0)
0.9468000000000001,-2.59,0.0,0.0,0.44,0.0,0.0,0.4,-2.6,0.0 (cmd 0.0),0.0 (cmd 0.0)
0.9473,-0.93,0.0,0.0,1.44,0.0,0.0,1.4,-0.9,0.0 (cmd 0.0),0.0 (cmd 0.0)
0.9478,0.56,0.0,0.0,2.55,0.0,0.0,2.5,0.6,0.0 (cmd 0.0),0.0 (cmd 0.0)
0.9482999999999999,3.36,0.0,0.0,3.17,0.0,0.0,3.2,3.4,0.0 (cmd 0.0),0.0 (cmd 0.0)
0.9488,4.71,0.0,0.0,2.24,0.0,0.0,2.2,4.7,0.0 (cmd 0.0),0.0 (cmd 0.0)
0.9493,5.59,0.0,0.0,-0.01,0.0,0.0,-0.0,5.6,0.0 (cmd 0.0),0.0 (cmd 0.0)
0.9498000000000001,5.95,0.0,0.0,-4.44,0.0,0.0,-4.4,6.0,0.0 (cmd 0.0),0.0 (cmd 0.0)
0.9502999999999999,8.42,0.0,0.0,-7.8,0.0,0.0,-7.8,8.4,0.0 (cmd 0.0),0.0 (cmd 0.0)
0.9508,10.59,0.0,0.0,-10.89,0.0,0.0,-10.9,10.6,0.0 (cmd 0.0),0.0 (cmd 0.0)
0.9512999999999999,10.59,0.0,0.0,-11.79,0.0,0.0,-11.8,10.6,0.0 (cmd 0.0),0.0 (cmd 0.0)
0.9518000000000001,10.67,0.0,0.0,-11.71,0.0,0.0,-11.7,10.7,0.0 (cmd 0.0),0.0 (cmd 0.0)
0.9523,10.74,0.0,0.0,-11.08,0.0,0.0,-11.1,10.7,0.0 (cmd 0.0),0.0 (cmd 0.0)
0.9528,10.75,0.0,0.0,-10.72,0.0,0.0,-10.7,10.8,0.0 (cmd 0.0),0.0 (cmd 0.0)
0.9532999999999999,11.64,0.0,0.0,-11.5,0.0,0.0,-11.5,11.6,0.0 (cmd 0.0),0.0 (cmd 0.0)
0.9538,12.28,0.0,0.0,-12.41,0.0,0.0,-12.4,12.3,0.0 (cmd 0.0),0.0 (cmd 0.0)
0.9543,12.1,0.0,0.0,-13.01,0.0,0.0,-13.0,12.1,0.0 (cmd 0.0),0.0 (cmd 0.0)
0.9548000000000001,11.65,0.0,0.0,-13.73,0.0,0.0,-13.7,11.7,0.0 (cmd 0.0),0.0 (cmd 0.0)
0.9552999999999999,11.05,0.0,0.0,-13.51,0.0,0.0,-13.5,11.1,0.0 (cmd 0.0),0.0 (cmd 0.0)
0.9558,10.58,0.0,0.0,-12.99,0.0,0.0,-13.0,10.6,0.0 (cmd 0.0),0.0 (cmd 0.0)
0.9562999999999999,10.08,0.0,0.0,-11.58,0.0,0.0,-11.6,10.1,0.0 (cmd 0.0),0.0 (cmd 0.0)
0.9568000000000001,9.39,0.0,0.0,-9.28,0.0,0.0,-9.3,9.4,0.0 (cmd 0.0),0.0 (cmd 0.0)
0.9573,8.47,0.0,0.0,-7.61,0.0,0.0,-7.6,8.5,0.0 (cmd 0.0),0.0 (cmd 0.0)
0.9578,7.49,0.0,0.0,-6.18,0.0,0.0,-6.2,7.5,0.0 (cmd 0.0),0.0 (cmd 0.0)
0.9582999999999999,5.98,0.0,0.0,-5.56,0.0,0.0,-5.6,6.0,0.0 (cmd 0.0),0.0 (cmd 0.0)
0.9588,4.57,0.0,0.0,-5.22,0.0,0.0,-5.2,4.6,0.0 (cmd 0.0),0.0 (cmd 0.0)
0.9593,3.32,0.0,0.0,-4.67,0.0,0.0,-4.7,3.3,0.0 (cmd 0.0),0.0 (cmd 0.0)
0.9598000000000001,1.88,0.0,0.0,-3.62,0.0,0.0,-3.6,1.9,0.0 (cmd 0.0),0.0 (cmd 0.0)
0.9602999999999999,-1.73,0.0,0.0,-2.83,0.0,0.0,-2.8,-1.7,0.0 (cmd 0.0),0.0 (cmd 0.0)
0.9608,-2.59,0.0,0.0,-3.34,0.0,0.0,-3.3,-2.6,0.0 (cmd 0.0),0.0 (cmd 0.0)
0.9612999999999999,-2.4,0.0,0.0,-4.04,0.0,0.0,-4.0,-2.4,0.0 (cmd 0.0),0.0 (cmd 0.0)
0.9618000000000001,-1.71,0.0,0.0,-3.91,0.0,0.0,-3.9,-1.7,0.0 (cmd 0.0),0.0 (cmd 0.0)
0.9623,0.16,0.0,0.0,-3.51,0.0,0.0,-3.5,0.2,0.0 (cmd 0.0),0.0 (cmd 0.0)
0.9628,1.7,0.0,0.0,-2.82,0.0,0.0,-2.8,1.7,0.0 (cmd 0.0),0.0 (cmd 0.0)
0.9632999999999999,3.88,0.0,0.0,-2.89,0.0,0.0,-2.9,3.9,0.0 (cmd 0.0),0.0 (cmd 0.0)
0.9638,6.29,0.0,0.0,-3.47,0.0,0.0,-3.5,6.3,0.0 (cmd 0.0),0.0 (cmd 0.0)
0.9643,9.49,0.0,0.0,-3.83,0.0,0.0,-3.8,9.5,0.0 (cmd 0.0),0.0 (cmd 0.0)
0.9648000000000001,13.76,0.0,0.0,-4.27,0.0,0.0,-4.3,13.8,0.0 (cmd 0.0),0.0 (cmd 0.0)
0.9652999999999999,14.8,0.0,0.0,-4.66,0.0,0.0,-4.7,14.8,0.0 (cmd 0.0),0.0 (cmd 0.0)
0.9658,14.77,0.0,0.0,-5.0,0.0,0.0,-5.0,14.8,0.0 (cmd 0.0),0.0 (cmd 0.0)
0.9662999999999999,13.1,0.0,0.0,-4.32,0.0,0.0,-4.3,13.1,0.0 (cmd 0.0),0.0 (cmd 0.0)
0.9668000000000001,13.28,0.0,0.0,-2.71,0.0,0.0,-2.7,13.3,0.0 (cmd 0.0),0.0 (cmd 0.0)
0.9673,13.85,0.0,0.0,-2.39,0.0,0.0,-2.4,13.8,0.0 (cmd 0.0),0.0 (cmd 0.0)
0.9678,14.09,0.0,0.0,-2.52,0.0,0.0,-2.5,14.1,0.0 (cmd 0.0),0.0 (cmd 0.0)
0.9682999999999999,13.51,0.0,0.0,-3.12,0.0,0.0,-3.1,13.5,0.0 (cmd 0.0),0.0 (cmd 0.0)
0.9688,13.13,0.0,0.0,-3.29,0.0,0.0,-3.3,13.1,0.0 (cmd 0.0),0.0 (cmd 0.0)
0.9693,12.92,0.0,0.0,-3.38,0.0,0.0,-3.4,12.9,0.0 (cmd 0.0),0.0 (cmd 0.0)
0.9698000000000001,12.83,0.0,0.0,-3.29,0.0,0.0,-3.3,12.8,0.0 (cmd 0.0),0.0 (cmd 0.0)
0.9702999999999999,12.9,0.0,0.0,-2.98,0.0,0.0,-3.0,12.9,0.0 (cmd 0.0),0.0 (cmd 0.0)
0.9708,13.2,0.0,0.0,-2.62,0.0,0.0,-2.6,13.2,0.0 (cmd 0.0),0.0 (cmd 0.0)
0.9712999999999999,13.36,0.0,0.0,-2.31,0.0,0.0,-2.3,13.4,0.0 (cmd 0.0),0.0 (cmd 0.0)
0.9718000000000001,13.37,0.0,0.0,-2.2,0.0,0.0,-2.2,13.4,0.0 (cmd 0.0),0.0 (cmd 0.0)
0.9723,13.34,0.0,0.0,-2.05,0.0,0.0,-2.0,13.3,0.0 (cmd 0.0),0.0 (cmd 0.0)
0.9728,13.28,0.0,0.0,-1.95,0.0,0.0,-1.9,13.3,0.0 (cmd 0.0),0.0 (cmd 0.0)
0.9732999999999999,13.21,0.0,0.0,-1.8,0.0,0.0,-1.8,13.2,0.0 (cmd 0.0),0.0 (cmd 0.0)
0.9738,13.14,0.0,0.0,-1.63,0.0,0.0,-1.6,13.1,0.0 (cmd 0.0),0.0 (cmd 0.0)
0.9743,13.0,0.0,0.0,-1.5,0.0,0.0,-1.5,13.0,0.0 (cmd 0.0),0.0 (cmd 0.0)
0.9748000000000001,12.94,0.0,0.0,-1.44,0.0,0.0,-1.4,12.9,0.0 (cmd 0.0),0.0 (cmd 0.0)
0.9753,12.95,0.0,0.0,-1.39,0.0,0.0,-1.4,12.9,0.0 (cmd 0.0),0.0 (cmd 0.0)
0.9758,12.97,0.0,0.0,-1.39,0.0,0.0,-1.4,13.0,0.0 (cmd 0.0),0.0 (cmd 0.0)
0.9763,12.96,0.0,0.0,-1.47,0.0,0.0,-1.5,13.0,0.0 (cmd 0.0),0.0 (cmd 0.0)
0.9768000000000001,12.91,0.0,0.0,-1.67,0.0,0.0,-1.7,12.9,0.0 (cmd 0.0),0.0 (cmd 0.0)
0.9773000000000001,12.85,0.0,0.0,-1.99,0.0,0.0,-2.0,12.8,0.0 (cmd 0.0),0.0 (cmd 0.0)
0.9778,12.69,0.0,0.0,-2.96,0.0,0.0,-3.0,12.7,0.0 (cmd 0.0),0.0 (cmd 0.0)
0.9783,12.59,0.0,0.0,-3.53,0.0,0.0,-3.5,12.6,0.0 (cmd 0.0),0.0 (cmd 0.0)
0.9788,12.43,0.0,0.0,-3.78,0.0,0.0,-3.8,12.4,0.0 (cmd 0.0),0.0 (cmd 0.0)
0.9793000000000001,12.33,0.0,0.0,-3.86,0.0,0.0,-3.9,12.3,0.0 (cmd 0.0),0.0 (cmd 0.0)
0.9798000000000001,12.14,0.0,0.0,-3.78,0.0,0.0,-3.8,12.1,0.0 (cmd 0.0),0.0 (cmd 0.0)
0.9803,11.9,0.0,0.0,-3.34,0.0,0.0,-3.3,11.9,0.0 (cmd 0.0),0.0 (cmd 0.0)
0.9808,11.94,0.0,0.0,-3.04,0.0,0.0,-3.0,11.9,0.0 (cmd 0.0),0.0 (cmd 0.0)
0.9813,12.07,0.0,0.0,-3.12,0.0,0.0,-3.1,12.1,0.0 (cmd 0.0),0.0 (cmd 0.0)
0.9818000000000001,12.08,0.0,0.0,-3.24,0.0,0.0,-3.2,12.1,0.0 (cmd 0.0),0.0 (cmd 0.0)
0.9823000000000001,11.97,0.0,0.0,-3.38,0.0,0.0,-3.4,12.0,0.0 (cmd 0.0),0.0 (cmd 0.0)
0.9828,11.95,0.0,0.0,-3.47,0.0,0.0,-3.5,11.9,0.0 (cmd 0.0),0.0 (cmd 0.0)
0.9833,11.93,0.0,0.0,-3.49,0.0,0.0,-3.5,11.9,0.0 (cmd 0.0),0.0 (cmd 0.0)
0.9838,11.9,0.0,0.0,-3.54,0.0,0.0,-3.5,11.9,0.0 (cmd 0.0),0.0 (cmd 0.0)
0.9843000000000001,11.8,0.0,0.0,-3.59,0.0,0.0,-3.6,11.8,0.0 (cmd 0.0),0.0 (cmd 0.0)
0.9848000000000001,11.75,0.0,0.0,-3.7,0.0,0.0,-3.7,11.8,0.0 (cmd 0.0),0.0 (cmd 0.0)
0.9853,11.62,0.0,0.0,-3.78,0.0,0.0,-3.8,11.6,0.0 (cmd 0.0),0.0 (cmd 0.0)
0.9858,11.53,0.0,0.0,-4.0,0.0,0.0,-4.0,11.5,0.0 (cmd 0.0),0.0 (cmd 0.0)
0.9863,11.5,0.0,0.0,-4.11,0.0,0.0,-4.1,11.5,0.0 (cmd 0.0),0.0 (cmd 0.0)
0.9868000000000001,11.37,0.0,0.0,-4.22,0.0,0.0,-4.2,11.4,0.0 (cmd 0.0),0.0 (cmd 0.0)
0.9873000000000001,11.27,0.0,0.0,-4.34,0.0,0.0,-4.3,11.3,0.0 (cmd 0.0),0.0 (cmd 0.0)
0.9877999999999999,11.16,0.0,0.0,-4.44,0.0,0.0,-4.4,11.2,0.0 (cmd 0.0),0.0 (cmd 0.0)
0.9883,11.08,0.0,0.0,-4.5,0.0,0.0,-4.5,11.1,0.0 (cmd 0.0),0.0 (cmd 0.0)
0.9887999999999999,11.01,0.0,0.0,-4.54,0.0,0.0,-4.5,11.0,0.0 (cmd 0.0),0.0 (cmd 0.0)
0.9893000000000001,11.0,0.0,0.0,-4.49,0.0,0.0,-4.5,11.0,0.0 (cmd 0.0),0.0 (cmd 0.0)
0.9898,11.03,0.0,0.0,-4.34,0.0,0.0,-4.3,11.0,0.0 (cmd 0.0),0.0 (cmd 0.0)
0.9903,11.07,0.0,0.0,-4.25,0.0,0.0,-4.2,11.1,0.0 (cmd 0.0),0.0 (cmd 0.0)
0.9907999999999999,11.17,0.0,0.0,-4.1,0.0,0.0,-4.1,11.2,0.0 (cmd 0.0),0.0 (cmd 0.0)
0.9913,11.22,0.0,0.0,-4.05,0.0,0.0,-4.0,11.2,0.0 (cmd 0.0),0.0 (cmd 0.0)
0.9918,11.27,0.0,0.0,-3.98,0.0,0.0,-4.0,11.3,0.0 (cmd 0.0),0.0 (cmd 0.0)
0.9923000000000001,11.31,0.0,0.0,-3.88,0.0,0.0,-3.9,11.3,0.0 (cmd 0.0),0.0 (cmd 0.0)
0.9927999999999999,11.34,0.0,0.0,-3.73,0.0,0.0,-3.7,11.3,0.0 (cmd 0.0),0.0 (cmd 0.0)
0.9933,11.41,0.0,0.0,-3.66,0.0,0.0,-3.7,11.4,0.0 (cmd 0.0),0.0 (cmd 0.0)
0.9937999999999999,11.47,0.0,0.0,-3.64,0.0,0.0,-3.6,11.5,0.0 (cmd 0.0),0.0 (cmd 0.0)
0.9943000000000001,11.52,0.0,0.0,-3.6,0.0,0.0,-3.6,11.5,0.0 (cmd 0.0),0.0 (cmd 0.0)
0.9948,11.55,0.0,0.0,-3.6,0.0,0.0,-3.6,11.6,0.0 (cmd 0.0),0.0 (cmd 0.0)
0.9953,11.55,0.0,0.0,-3.61,0.0,0.0,-3.6,11.6,0.0 (cmd 0.0),0.0 (cmd 0.0)
0.9957999999999999,11.56,-275.72,0.0,-3.64,0.0,0.0,-3.6,11.6,0.0 (cmd -275.7),0.0 (cmd 0.0)
0.9963,11.06,0.0,0.0,-3.7,-0.18,0.0,-3.7,11.1,0.0 (cmd 0.0),0.0 (cmd -0.2)
0.9968,11.25,-0.01,0.0,-3.78,0.0,0.0,-3.8,11.2,0.0 (cmd -0.0),0.0 (cmd 0.0)
0.9973000000000001,12.08,0.0,0.0,-3.85,-0.01,0.0,-3.9,12.1,0.0 (cmd 0.0),0.0 (cmd -0.0)
0.9977999999999999,10.96,-0.01,0.0,-3.84,0.0,0.0,-3.8,11.0,0.0 (cmd -0.0),0.0 (cmd 0.0)
0.9983,10.77,0.0,0.0,-3.82,0.0,0.0,-3.8,10.8,0.0 (cmd 0.0),0.0 (cmd 0.0)
0.9987999999999999,10.23,-0.01,0.0,-3.84,-190.53,0.0,-3.8,10.2,0.0 (cmd -0.0),0.0 (cmd -190.5)
0.9993000000000001,9.51,0.0,0.0,-3.8,47.67,0.0,-3.8,9.5,0.0 (cmd 0.0),0.0 (cmd 47.7)
0.9998,10.96,-0.01,0.0,-3.89,0.0,0.0,-3.9,11.0,0.0 (cmd -0.0),0.0 (cmd 0.0)
1.0003,10.68,0.0,0.0,-3.89,0.0,0.0,-3.9,10.7,0.0 (cmd 0.0),0.0 (cmd 0.0)
1.0008,10.9,0.0,0.0,-3.92,0.0,0.0,-3.9,10.9,0.0 (cmd 0.0),0.0 (cmd 0.0)
1.0012999999999999,11.7,179.2,0.0,-3.77,-0.01,0.0,-3.8,11.7,0.0 (cmd 179.2),0.0 (cmd -0.0)
1.0018,11.62,-0.01,0.0,-3.86,0.0,0.0,-3.9,11.6,0.0 (cmd -0.0),0.0 (cmd 0.0)
1.0023,11.29,-0.01,0.0,-3.64,-2.97,0.0,-3.6,11.3,0.0 (cmd -0.0),0.0 (cmd -3.0)
1.0028,10.7,-294.71,0.0,-3.72,0.0,0.0,-3.7,10.7,0.0 (cmd -294.7),0.0 (cmd 0.0)
1.0032999999999999,9.49,0.0,0.0,-3.73,0.0,0.0,-3.7,9.5,0.0 (cmd 0.0),0.0 (cmd 0.0)
1.0038,11.01,-0.01,0.0,-3.78,0.0,0.0,-3.8,11.0,0.0 (cmd -0.0),0.0 (cmd 0.0)
1.0043,10.29,-0.01,0.0,-3.86,0.0,0.0,-3.9,10.3,0.0 (cmd -0.0),0.0 (cmd 0.0)
1.0048000000000001,9.87,-0.01,0.0,-3.54,0.0,0.0,-3.5,9.9,0.0 (cmd -0.0),0.0 (cmd 0.0)
1.0052999999999999,9.29,0.0,0.0,-3.51,0.0,0.0,-3.5,9.3,0.0 (cmd 0.0),0.0 (cmd 0.0)
1.0058,10.35,-0.01,0.0,-3.5,0.0,0.0,-3.5,10.3,0.0 (cmd -0.0),0.0 (cmd 0.0)
1.0063,10.92,-248.61,0.0,-3.41,-0.74,0.0,-3.4,10.9,0.0 (cmd -248.6),0.0 (cmd -0.7)
1.0068000000000001,10.84,-216.94,0.0,-3.36,190.61,0.0,-3.4,10.8,0.0 (cmd -216.9),0.0 (cmd 190.6)
1.0073,10.27,0.01,0.0,-3.31,0.74,0.0,-3.3,10.3,0.0 (cmd 0.0),0.0 (cmd 0.7)
1.0078,10.55,-0.01,0.0,-3.37,-0.01,0.0,-3.4,10.6,0.0 (cmd -0.0),0.0 (cmd -0.0)
1.0083,11.02,0.0,0.0,-3.29,0.0,0.0,-3.3,11.0,0.0 (cmd 0.0),0.0 (cmd 0.0)
1.0088,11.29,111.89,0.0,-3.22,0.0,0.0,-3.2,11.3,0.0 (cmd 111.9),0.0 (cmd 0.0)
1.0093,9.99,199.85,0.0,-3.16,-2.97,0.0,-3.2,10.0,0.0 (cmd 199.8),0.0 (cmd -3.0)
1.0098,10.98,0.0,0.0,-3.15,0.0,0.0,-3.1,11.0,0.0 (cmd 0.0),0.0 (cmd 0.0)
1.0103,10.34,310.81,0.0,-3.18,0.0,0.0,-3.2,10.3,0.0 (cmd 310.8),0.0 (cmd 0.0)
1.0108,10.96,0.0,0.0,-3.09,0.0,0.0,-3.1,11.0,0.0 (cmd 0.0),0.0 (cmd 0.0)
1.0112999999999999,10.83,-0.01,0.0,-3.03,190.53,0.0,-3.0,10.8,0.0 (cmd -0.0),0.0 (cmd 190.5)
1.0118,10.38,0.0,0.0,-2.95,0.0,0.0,-3.0,10.4,0.0 (cmd 0.0),0.0 (cmd 0.0)
1.0123,10.95,0.0,0.0,-2.83,0.0,0.0,-2.8,10.9,0.0 (cmd 0.0),0.0 (cmd 0.0)
1.0128,11.85,0.0,0.0,-2.78,0.0,0.0,-2.8,11.8,0.0 (cmd 0.0),0.0 (cmd 0.0)
1.0132999999999999,11.52,0.0,0.0,-2.73,0.0,0.0,-2.7,11.5,0.0 (cmd 0.0),0.0 (cmd 0.0)
1.0138,11.58,0.0,0.0,-2.58,-0.01,0.0,-2.6,11.6,0.0 (cmd 0.0),0.0 (cmd -0.0)
1.0143,11.24,302.14,0.0,-2.65,223.55,0.0,-2.6,11.2,0.0 (cmd 302.1),0.0 (cmd 223.6)
1.0148000000000001,11.52,111.52,0.0,-2.59,0.0,0.0,-2.6,11.5,0.0 (cmd 111.5),0.0 (cmd 0.0)
1.0152999999999999,11.49,0.0,0.0,-2.55,0.0,0.0,-2.5,11.5,0.0 (cmd 0.0),0.0 (cmd 0.0)
1.0158,11.35,0.0,0.0,-2.48,0.0,0.0,-2.5,11.3,0.0 (cmd 0.0),0.0 (cmd 0.0)
1.0163,11.56,0.0,0.0,-2.47,0.0,0.0,-2.5,11.6,0.0 (cmd 0.0),0.0 (cmd 0.0)
1.0168000000000001,11.86,-0.01,0.0,-2.45,0.0,0.0,-2.5,11.9,0.0 (cmd -0.0),0.0 (cmd 0.0)
1.0173,11.66,-0.01,0.0,-2.46,0.0,0.0,-2.5,11.7,0.0 (cmd -0.0),0.0 (cmd 0.0)
1.0178,10.98,0.0,0.0,-2.52,109.43,0.0,-2.5,11.0,0.0 (cmd 0.0),0.0 (cmd 109.4)
1.0183,11.01,0.0,0.0,-2.59,0.0,0.0,-2.6,11.0,0.0 (cmd 0.0),0.0 (cmd 0.0)
1.0188,10.93,0.0,0.0,-2.64,0.0,0.0,-2.6,10.9,0.0 (cmd 0.0),0.0 (cmd 0.0)
1.0193,12.19,0.0,0.0,-2.67,0.0,0.0,-2.7,12.2,0.0 (cmd 0.0),0.0 (cmd 0.0)
1.0198,12.2,0.0,0.0,-2.67,0.0,0.0,-2.7,12.2,0.0 (cmd 0.0),0.0 (cmd 0.0)
1.0203,11.74,0.0,0.0,-2.64,0.0,0.0,-2.6,11.7,0.0 (cmd 0.0),0.0 (cmd 0.0)
1.0208,11.76,-280.02,0.0,-2.68,0.0,0.0,-2.7,11.8,0.0 (cmd -280.0),0.0 (cmd 0.0)
1.0212999999999999,11.7,0.0,0.0,-3.25,-0.01,0.0,-3.2,11.7,0.0 (cmd 0.0),0.0 (cmd -0.0)
1.0218,12.29,0.0,0.0,-3.46,0.0,0.0,-3.5,12.3,0.0 (cmd 0.0),0.0 (cmd 0.0)
1.0223,11.86,0.0,0.0,-3.48,0.0,0.0,-3.5,11.9,0.0 (cmd 0.0),0.0 (cmd 0.0)
1.0228,10.75,2.99,0.0,-3.39,-0.01,0.0,-3.4,10.8,0.0 (cmd 3.0),0.0 (cmd -0.0)
1.0232999999999999,11.19,0.0,0.0,-3.22,0.0,0.0,-3.2,11.2,0.0 (cmd 0.0),0.0 (cmd 0.0)
1.0238,9.32,-0.01,0.0,-3.27,-0.01,0.0,-3.3,9.3,0.0 (cmd -0.0),0.0 (cmd -0.0)
1.0243000000000002,6.29,0.0,0.0,-2.97,0.0,0.0,-3.0,6.3,0.0 (cmd 0.0),0.0 (cmd 0.0)
1.0248,3.57,0.0,0.0,-2.74,0.0,0.0,-2.7,3.6,0.0 (cmd 0.0),0.0 (cmd 0.0)
1.0252999999999999,-0.04,0.0,0.0,-2.34,0.0,0.0,-2.3,-0.0,0.0 (cmd 0.0),0.0 (cmd 0.0)
1.0258,-5.89,-0.01,0.0,-1.99,0.0,0.0,-2.0,-5.9,0.0 (cmd -0.0),0.0 (cmd 0.0)
1.0263,-8.12,0.0,0.0,-2.02,-277.26,0.0,-2.0,-8.1,0.0 (cmd 0.0),0.0 (cmd -277.3)
1.0268000000000002,-10.36,-96.01,0.0,-2.5,0.0,0.0,-2.5,-10.4,0.0 (cmd -96.0),0.0 (cmd 0.0)
1.0272999999999999,-14.52,0.0,0.0,-2.72,0.0,0.0,-2.7,-14.5,0.0 (cmd 0.0),0.0 (cmd 0.0)
1.0278,-13.89,-0.01,0.0,-2.88,0.0,0.0,-2.9,-13.9,0.0 (cmd -0.0),0.0 (cmd 0.0)
1.0283,-17.32,0.0,0.0,-2.94,2.98,0.0,-2.9,-17.3,0.0 (cmd 0.0),0.0 (cmd 3.0)
1.0288,-17.84,-0.09,0.0,-2.59,0.0,0.0,-2.6,-17.8,0.0 (cmd -0.1),0.0 (cmd 0.0)
1.0293,-14.59,0.0,0.0,-2.21,-2.98,0.0,-2.2,-14.6,0.0 (cmd 0.0),0.0 (cmd -3.0)
1.0298,-14.07,0.0,0.0,-1.16,-0.01,0.0,-1.2,-14.1,0.0 (cmd 0.0),0.0 (cmd -0.0)
1.0303,-13.24,0.0,0.0,0.08,-0.01,0.0,0.1,-13.2,0.0 (cmd 0.0),0.0 (cmd -0.0)
1.0308,-11.79,0.0,0.0,0.66,-0.01,0.0,0.7,-11.8,0.0 (cmd 0.0),0.0 (cmd -0.0)
1.0312999999999999,-8.4,0.0,0.0,0.95,0.0,0.0,0.9,-8.4,0.0 (cmd 0.0),0.0 (cmd 0.0)
1.0318000000000003,-2.56,-0.01,0.0,-0.87,0.0,0.0,-0.9,-2.6,0.0 (cmd -0.0),0.0 (cmd 0.0)
1.0323,-2.66,0.01,0.0,-5.14,0.0,0.0,-5.1,-2.7,0.0 (cmd 0.0),0.0 (cmd 0.0)
1.0328,-0.99,0.0,0.0,-9.98,0.0,0.0,-10.0,-1.0,0.0 (cmd 0.0),0.0 (cmd 0.0)
1.0332999999999999,0.95,0.0,0.0,-17.26,-24.03,0.0,-17.3,0.9,0.0 (cmd 0.0),0.0 (cmd -24.0)
1.0338,3.7,-0.01,0.0,-24.6,-0.01,0.0,-24.6,3.7,0.0 (cmd -0.0),0.0 (cmd -0.0)
1.0343000000000002,4.7,0.0,0.0,-26.69,0.0,0.0,-26.7,4.7,0.0 (cmd 0.0),0.0 (cmd 0.0)
1.0348,9.4,-139.33,0.0,-29.51,0.0,0.0,-29.5,9.4,0.0 (cmd -139.3),0.0 (cmd 0.0)
1.0352999999999999,8.58,0.0,0.0,-34.78,-0.01,0.0,-34.8,8.6,0.0 (cmd 0.0),0.0 (cmd -0.0)
1.0358,9.34,0.04,0.0,-35.94,-0.01,0.0,-35.9,9.3,0.0 (cmd 0.0),0.0 (cmd -0.0)
1.0363,10.67,0.0,0.0,-35.41,-0.01,0.0,-35.4,10.7,0.0 (cmd 0.0),0.0 (cmd -0.0)
1.0368000000000002,11.12,0.0,0.0,-34.19,0.0,0.0,-34.2,11.1,0.0 (cmd 0.0),0.0 (cmd 0.0)
1.0372999999999999,11.07,0.0,0.0,-33.62,-0.01,0.0,-33.6,11.1,0.0 (cmd 0.0),0.0 (cmd -0.0)
1.0378,12.3,-244.1,0.0,-25.07,0.0,0.0,-25.1,12.3,0.0 (cmd -244.1),0.0 (cmd 0.0)
1.0383,11.87,0.0,0.0,-15.9,-61.12,0.0,-15.9,11.9,0.0 (cmd 0.0),0.0 (cmd -61.1)
1.0388,11.57,0.0,0.0,-10.3,0.0,0.0,-10.3,11.6,0.0 (cmd 0.0),0.0 (cmd 0.0)
1.0393000000000001,12.06,0.01,0.0,-9.19,0.0,0.0,-9.2,12.1,0.0 (cmd 0.0),0.0 (cmd 0.0)
1.0398,6.16,-0.01,0.0,-8.96,0.0,0.0,-9.0,6.2,0.0 (cmd -0.0),0.0 (cmd 0.0)
1.0403,-2.39,-0.01,0.0,-7.3,0.0,0.0,-7.3,-2.4,0.0 (cmd -0.0),0.0 (cmd 0.0)
1.0408,-6.22,-0.01,0.0,-5.27,0.0,0.0,-5.3,-6.2,0.0 (cmd -0.0),0.0 (cmd 0.0)
1.0413,-10.35,-0.01,0.0,-4.89,0.0,0.0,-4.9,-10.3,0.0 (cmd -0.0),0.0 (cmd 0.0)
1.0418000000000003,-10.91,0.0,0.0,-4.71,0.0,0.0,-4.7,-10.9,0.0 (cmd 0.0),0.0 (cmd 0.0)
1.0423,-11.18,0.0,0.0,-4.64,0.0,0.0,-4.6,-11.2,0.0 (cmd 0.0),0.0 (cmd 0.0)
1.0428,-9.38,0.0,0.0,-4.66,138.56,0.0,-4.7,-9.4,0.0 (cmd 0.0),0.0 (cmd 138.6)
1.0433,-9.38,0.0,0.0,-4.98,0.0,0.0,-5.0,-9.4,0.0 (cmd 0.0),0.0 (cmd 0.0)
1.0438,-8.31,0.0,0.0,-5.02,0.0,0.0,-5.0,-8.3,0.0 (cmd 0.0),0.0 (cmd 0.0)
1.0443000000000002,-5.17,0.0,0.0,-5.32,-0.01,0.0,-5.3,-5.2,0.0 (cmd 0.0),0.0 (cmd -0.0)
1.0448,-3.96,-0.01,0.0,-6.5,0.0,0.0,-6.5,-4.0,0.0 (cmd -0.0),0.0 (cmd 0.0)
1.0453,1.42,0.0,0.0,-7.32,-0.01,0.0,-7.3,1.4,0.0 (cmd 0.0),0.0 (cmd -0.0)
1.0458,3.57,0.0,0.0,-9.34,-0.01,0.0,-9.3,3.6,0.0 (cmd 0.0),0.0 (cmd -0.0)
1.0463,4.76,0.0,0.0,-10.14,0.0,0.0,-10.1,4.8,0.0 (cmd 0.0),0.0 (cmd 0.0)
1.0468000000000002,6.1,0.0,0.0,-11.58,0.0,0.0,-11.6,6.1,0.0 (cmd 0.0),0.0 (cmd 0.0)
1.0473,6.08,0.0,0.0,-12.47,0.0,0.0,-12.5,6.1,0.0 (cmd 0.0),0.0 (cmd 0.0)
1.0478,6.39,0.0,0.0,-12.61,0.0,0.0,-12.6,6.4,0.0 (cmd 0.0),0.0 (cmd 0.0)
1.0483,7.61,0.0,0.0,-13.3,0.0,0.0,-13.3,7.6,0.0 (cmd 0.0),0.0 (cmd 0.0)
1.0488,7.9,0.0,0.0,-13.66,0.0,0.0,-13.7,7.9,0.0 (cmd 0.0),0.0 (cmd 0.0)
1.0493000000000001,7.98,0.0,0.0,-14.91,0.0,0.0,-14.9,8.0,0.0 (cmd 0.0),0.0 (cmd 0.0)
1.0497999999999998,8.01,0.0,0.0,-16.64,0.0,0.0,-16.6,8.0,0.0 (cmd 0.0),0.0 (cmd 0.0)
1.0503,8.25,0.0,0.0,-18.22,0.0,0.0,-18.2,8.2,0.0 (cmd 0.0),0.0 (cmd 0.0)
1.0508,8.97,0.0,0.0,-18.1,0.0,0.0,-18.1,9.0,0.0 (cmd 0.0),0.0 (cmd 0.0)
1.0513,9.49,0.0,0.0,-17.79,0.0,0.0,-17.8,9.5,0.0 (cmd 0.0),0.0 (cmd 0.0)
1.0518000000000003,10.62,0.0,0.0,-16.9,0.0,0.0,-16.9,10.6,0.0 (cmd 0.0),0.0 (cmd 0.0)
1.0523,11.12,0.0,0.0,-15.36,0.0,0.0,-15.4,11.1,0.0 (cmd 0.0),0.0 (cmd 0.0)
1.0528,11.62,0.0,0.0,-11.43,0.0,0.0,-11.4,11.6,0.0 (cmd 0.0),0.0 (cmd 0.0)
1.0533,11.91,0.0,0.0,-8.63,0.0,0.0,-8.6,11.9,0.0 (cmd 0.0),0.0 (cmd 0.0)
1.0537999999999998,12.25,0.0,0.0,-6.83,0.0,0.0,-6.8,12.2,0.0 (cmd 0.0),0.0 (cmd 0.0)
1.0543000000000002,12.33,0.0,0.0,-6.14,0.0,0.0,-6.1,12.3,0.0 (cmd 0.0),0.0 (cmd 0.0)
1.0548,10.03,0.0,0.0,-4.44,0.0,0.0,-4.4,10.0,0.0 (cmd 0.0),0.0 (cmd 0.0)
1.0553,6.5,0.0,0.0,-3.25,0.0,0.0,-3.2,6.5,0.0 (cmd 0.0),0.0 (cmd 0.0)
1.0557999999999998,4.25,0.0,0.0,-1.8,0.0,0.0,-1.8,4.2,0.0 (cmd 0.0),0.0 (cmd 0.0)
1.0563,1.81,0.0,0.0,-1.14,0.0,0.0,-1.1,1.8,0.0 (cmd 0.0),0.0 (cmd 0.0)
1.0568000000000002,-0.5,0.0,0.0,-1.11,0.0,0.0,-1.1,-0.5,0.0 (cmd 0.0),0.0 (cmd 0.0)
1.0573,-1.79,0.0,0.0,-1.13,0.0,0.0,-1.1,-1.8,0.0 (cmd 0.0),0.0 (cmd 0.0)
1.0577999999999999,-3.27,0.0,0.0,-0.71,0.0,0.0,-0.7,-3.3,0.0 (cmd 0.0),0.0 (cmd 0.0)
1.0583,-4.19,0.0,0.0,-0.14,0.0,0.0,-0.1,-4.2,0.0 (cmd 0.0),0.0 (cmd 0.0)
1.0588,-6.24,0.0,0.0,0.01,0.0,0.0,0.0,-6.2,0.0 (cmd 0.0),0.0 (cmd 0.0)
1.0593000000000001,-7.31,0.0,0.0,0.99,0.0,0.0,1.0,-7.3,0.0 (cmd 0.0),0.0 (cmd 0.0)
1.0597999999999999,-7.78,0.0,0.0,2.05,0.0,0.0,2.0,-7.8,0.0 (cmd 0.0),0.0 (cmd 0.0)
1.0603,-8.04,0.0,0.0,2.69,0.0,0.0,2.7,-8.0,0.0 (cmd 0.0),0.0 (cmd 0.0)
1.0608,-7.47,0.0,0.0,3.24,0.0,0.0,3.2,-7.5,0.0 (cmd 0.0),0.0 (cmd 0.0)
1.0613,-6.87,0.0,0.0,4.18,0.0,0.0,4.2,-6.9,0.0 (cmd 0.0),0.0 (cmd 0.0)
1.0618,-4.66,0.0,0.0,5.46,0.0,0.0,5.5,-4.7,0.0 (cmd 0.0),0.0 (cmd 0.0)
1.0623,-2.49,0.0,0.0,6.2,0.0,0.0,6.2,-2.5,0.0 (cmd 0.0),0.0 (cmd 0.0)
1.0628,0.35,0.0,0.0,6.4,0.0,0.0,6.4,0.3,0.0 (cmd 0.0),0.0 (cmd 0.0)
1.0633,0.61,0.0,0.0,4.12,0.0,0.0,4.1,0.6,0.0 (cmd 0.0),0.0 (cmd 0.0)
1.0637999999999999,1.37,0.0,0.0,-0.84,0.0,0.0,-0.8,1.4,0.0 (cmd 0.0),0.0 (cmd 0.0)
1.0643000000000002,5.48,0.0,0.0,-6.31,0.0,0.0,-6.3,5.5,0.0 (cmd 0.0),0.0 (cmd 0.0)
1.0648,8.03,0.0,0.0,-11.63,0.0,0.0,-11.6,8.0,0.0 (cmd 0.0),0.0 (cmd 0.0)
1.0653,10.03,0.0,0.0,-17.39,0.0,0.0,-17.4,10.0,0.0 (cmd 0.0),0.0 (cmd 0.0)
1.0657999999999999,10.08,0.0,0.0,-19.28,0.0,0.0,-19.3,10.1,0.0 (cmd 0.0),0.0 (cmd 0.0)
1.0663,10.23,0.0,0.0,-21.54,0.0,0.0,-21.5,10.2,0.0 (cmd 0.0),0.0 (cmd 0.0)
1.0668000000000002,10.61,0.0,0.0,-21.19,0.0,0.0,-21.2,10.6,0.0 (cmd 0.0),0.0 (cmd 0.0)
1.0673,11.47,0.0,0.0,-20.17,0.0,0.0,-20.2,11.5,0.0 (cmd 0.0),0.0 (cmd 0.0)
1.0677999999999999,12.86,0.0,0.0,-18.71,0.0,0.0,-18.7,12.9,0.0 (cmd 0.0),0.0 (cmd 0.0)
1.0683,14.51,0.0,0.0,-15.87,0.0,0.0,-15.9,14.5,0.0 (cmd 0.0),0.0 (cmd 0.0)
1.0688,15.04,0.0,0.0,-17.59,0.0,0.0,-17.6,15.0,0.0 (cmd 0.0),0.0 (cmd 0.0)
1.0693000000000001,15.68,0.0,0.0,-20.77,0.0,0.0,-20.8,15.7,0.0 (cmd 0.0),0.0 (cmd 0.0)
1.0697999999999999,15.92,0.0,0.0,-21.57,0.0,0.0,-21.6,15.9,0.0 (cmd 0.0),0.0 (cmd 0.0)
1.0703,15.64,0.0,0.0,-18.97,0.0,0.0,-19.0,15.6,0.0 (cmd 0.0),0.0 (cmd 0.0)
1.0708,15.09,0.0,0.0,-17.65,0.0,0.0,-17.6,15.1,0.0 (cmd 0.0),0.0 (cmd 0.0)
1.0713,13.63,0.0,0.0,-16.92,0.0,0.0,-16.9,13.6,0.0 (cmd 0.0),0.0 (cmd 0.0)
1.0718,9.91,0.0,0.0,-16.48,0.0,0.0,-16.5,9.9,0.0 (cmd 0.0),0.0 (cmd 0.0)
1.0723,8.23,0.0,0.0,-14.06,0.0,0.0,-14.1,8.2,0.0 (cmd 0.0),0.0 (cmd 0.0)
1.0728,3.03,0.0,0.0,-11.66,0.0,0.0,-11.7,3.0,0.0 (cmd 0.0),0.0 (cmd 0.0)
1.0733,-0.36,0.0,0.0,-9.15,0.0,0.0,-9.2,-0.4,0.0 (cmd 0.0),0.0 (cmd 0.0)
1.0737999999999999,-7.65,0.0,0.0,-7.52,0.0,0.0,-7.5,-7.7,0.0 (cmd 0.0),0.0 (cmd 0.0)
1.0743000000000003,-9.41,0.0,0.0,-7.15,0.0,0.0,-7.2,-9.4,0.0 (cmd 0.0),0.0 (cmd 0.0)
1.0748,-9.97,0.0,0.0,-6.77,0.0,0.0,-6.8,-10.0,0.0 (cmd 0.0),0.0 (cmd 0.0)
1.0753,-9.39,0.0,0.0,-6.4,0.0,0.0,-6.4,-9.4,0.0 (cmd 0.0),0.0 (cmd 0.0)
1.0757999999999999,-8.18,0.0,0.0,-5.54,0.0,0.0,-5.5,-8.2,0.0 (cmd 0.0),0.0 (cmd 0.0)
1.0763,-2.07,0.0,0.0,-4.73,0.0,0.0,-4.7,-2.1,0.0 (cmd 0.0),0.0 (cmd 0.0)
1.0768000000000002,-1.54,0.0,0.0,-4.16,0.0,0.0,-4.2,-1.5,0.0 (cmd 0.0),0.0 (cmd 0.0)
1.0773,-2.13,0.0,0.0,-3.56,0.0,0.0,-3.6,-2.1,0.0 (cmd 0.0),0.0 (cmd 0.0)
1.0777999999999999,-3.48,0.0,0.0,-3.22,0.0,0.0,-3.2,-3.5,0.0 (cmd 0.0),0.0 (cmd 0.0)
1.0783,-3.37,0.0,0.0,-2.72,0.0,0.0,-2.7,-3.4,0.0 (cmd 0.0),0.0 (cmd 0.0)
1.0788,-3.0,0.0,0.0,-2.48,0.0,0.0,-2.5,-3.0,0.0 (cmd 0.0),0.0 (cmd 0.0)
1.0793000000000001,-2.92,0.0,0.0,-2.42,0.0,0.0,-2.4,-2.9,0.0 (cmd 0.0),0.0 (cmd 0.0)
1.0797999999999999,-2.71,0.0,0.0,-2.52,0.0,0.0,-2.5,-2.7,0.0 (cmd 0.0),0.0 (cmd 0.0)
1.0803,-1.84,0.0,0.0,-2.44,0.0,0.0,-2.4,-1.8,0.0 (cmd 0.0),0.0 (cmd 0.0)
1.0808,-1.22,0.0,0.0,-2.28,0.0,0.0,-2.3,-1.2,0.0 (cmd 0.0),0.0 (cmd 0.0)
1.0813,-0.79,0.0,0.0,-2.22,0.0,0.0,-2.2,-0.8,0.0 (cmd 0.0),0.0 (cmd 0.0)
1.0818,-0.58,0.0,0.0,-2.15,0.0,0.0,-2.1,-0.6,0.0 (cmd 0.0),0.0 (cmd 0.0)
1.0823,-0.57,0.0,0.0,-2.03,0.0,0.0,-2.0,-0.6,0.0 (cmd 0.0),0.0 (cmd 0.0)
1.0828,-0.67,0.0,0.0,-1.95,0.0,0.0,-1.9,-0.7,0.0 (cmd 0.0),0.0 (cmd 0.0)
1.0833,-0.7,0.0,0.0,-1.93,0.0,0.0,-1.9,-0.7,0.0 (cmd 0.0),0.0 (cmd 0.0)
1.0837999999999999,-0.66,0.0,0.0,-1.92,0.0,0.0,-1.9,-0.7,0.0 (cmd 0.0),0.0 (cmd 0.0)
1.0843000000000003,-0.65,0.0,0.0,-2.01,0.0,0.0,-2.0,-0.7,0.0 (cmd 0.0),0.0 (cmd 0.0)
1.0848,-0.65,0.0,0.0,-2.11,0.0,0.0,-2.1,-0.7,0.0 (cmd 0.0),0.0 (cmd 0.0)
1.0853,-0.69,0.0,0.0,-2.09,0.0,0.0,-2.1,-0.7,0.0 (cmd 0.0),0.0 (cmd 0.0)
1.0857999999999999,-0.85,0.0,0.0,-2.06,0.0,0.0,-2.1,-0.8,0.0 (cmd 0.0),0.0 (cmd 0.0)
1.0863,-0.97,0.0,0.0,-2.05,0.0,0.0,-2.0,-1.0,0.0 (cmd 0.0),0.0 (cmd 0.0)
1.0868000000000002,-1.04,0.0,0.0,-2.08,0.0,0.0,-2.1,-1.0,0.0 (cmd 0.0),0.0 (cmd 0.0)
1.0873,-0.97,0.0,0.0,-2.05,0.0,0.0,-2.0,-1.0,0.0 (cmd 0.0),0.0 (cmd 0.0)
1.0877999999999999,-0.92,0.0,0.0,-2.04,0.0,0.0,-2.0,-0.9,0.0 (cmd 0.0),0.0 (cmd 0.0)
1.0883,-0.82,0.0,0.0,-2.02,0.0,0.0,-2.0,-0.8,0.0 (cmd 0.0),0.0 (cmd 0.0)
1.0888,-0.79,0.0,0.0,-1.92,0.0,0.0,-1.9,-0.8,0.0 (cmd 0.0),0.0 (cmd 0.0)
1.0893000000000002,-0.84,0.0,0.0,-1.75,0.0,0.0,-1.8,-0.8,0.0 (cmd 0.0),0.0 (cmd 0.0)
1.0897999999999999,-0.89,0.0,0.0,-1.7,0.0,0.0,-1.7,-0.9,0.0 (cmd 0.0),0.0 (cmd 0.0)
1.0903,-0.93,0.0,0.0,-1.66,0.0,0.0,-1.7,-0.9,0.0 (cmd 0.0),0.0 (cmd 0.0)
1.0908,-0.95,0.0,0.0,-1.61,0.0,0.0,-1.6,-0.9,0.0 (cmd 0.0),0.0 (cmd 0.0)
1.0913,-0.99,0.0,0.0,-1.63,0.0,0.0,-1.6,-1.0,0.0 (cmd 0.0),0.0 (cmd 0.0)
1.0918,-1.08,0.0,0.0,-1.65,0.0,0.0,-1.6,-1.1,0.0 (cmd 0.0),0.0 (cmd 0.0)
1.0923,-1.11,0.0,0.0,-1.66,0.0,0.0,-1.7,-1.1,0.0 (cmd 0.0),0.0 (cmd 0.0)
1.0928,-1.12,0.0,0.0,-1.64,0.0,0.0,-1.6,-1.1,0.0 (cmd 0.0),0.0 (cmd 0.0)
1.0933,-1.14,0.0,0.0,-1.61,0.0,0.0,-1.6,-1.1,0.0 (cmd 0.0),0.0 (cmd 0.0)
1.0937999999999999,-1.24,0.0,0.0,-1.62,0.0,0.0,-1.6,-1.2,0.0 (cmd 0.0),0.0 (cmd 0.0)
1.0943000000000003,-1.29,0.0,0.0,-1.58,0.0,0.0,-1.6,-1.3,0.0 (cmd 0.0),0.0 (cmd 0.0)
1.0948,-1.29,0.0,0.0,-1.57,0.0,0.0,-1.6,-1.3,0.0 (cmd 0.0),0.0 (cmd 0.0)
1.0953,-1.29,0.0,0.0,-1.58,0.0,0.0,-1.6,-1.3,0.0 (cmd 0.0),0.0 (cmd 0.0)
1.0957999999999999,-1.35,0.0,0.0,-1.56,0.0,0.0,-1.6,-1.4,0.0 (cmd 0.0),0.0 (cmd 0.0)
1.0963,-1.4,0.0,0.0,-1.53,0.0,0.0,-1.5,-1.4,0.0 (cmd 0.0),0.0 (cmd 0.0)
1.0968000000000002,-1.3,0.0,0.0,-1.45,0.0,0.0,-1.4,-1.3,0.0 (cmd 0.0),0.0 (cmd 0.0)
1.0973,-1.2,0.0,0.0,-1.39,0.0,0.0,-1.4,-1.2,0.0 (cmd 0.0),0.0 (cmd 0.0)
1.0977999999999999,-1.14,0.0,0.0,-1.35,0.0,0.0,-1.4,-1.1,0.0 (cmd 0.0),0.0 (cmd 0.0)
1.0983,-1.07,0.0,0.0,-1.28,0.0,0.0,-1.3,-1.1,0.0 (cmd 0.0),0.0 (cmd 0.0)
1.0988,-1.07,0.0,0.0,-1.22,0.0,0.0,-1.2,-1.1,0.0 (cmd 0.0),0.0 (cmd 0.0)
1.0993000000000002,-1.04,0.0,0.0,-1.19,0.0,0.0,-1.2,-1.0,0.0 (cmd 0.0),0.0 (cmd 0.0)
1.0997999999999999,-1.02,0.0,0.0,-1.18,0.0,0.0,-1.2,-1.0,0.0 (cmd 0.0),0.0 (cmd 0.0)
1.1003,-1.0,0.0,0.0,-1.16,0.0,0.0,-1.2,-1.0,0.0 (cmd 0.0),0.0 (cmd 0.0)
1.1008,-0.98,0.0,0.0,-1.16,0.0,0.0,-1.2,-1.0,0.0 (cmd 0.0),0.0 (cmd 0.0)
1.1013,-1.0,0.0,0.0,-1.15,0.0,0.0,-1.1,-1.0,0.0 (cmd 0.0),0.0 (cmd 0.0)
1.1018000000000001,-1.01,0.0,0.0,-1.11,0.0,0.0,-1.1,-1.0,0.0 (cmd 0.0),0.0 (cmd 0.0)
1.1023,-1.01,0.0,0.0,-1.09,0.0,0.0,-1.1,-1.0,0.0 (cmd 0.0),0.0 (cmd 0.0)
1.1028,-1.0,0.0,0.0,-1.06,0.0,0.0,-1.1,-1.0,0.0 (cmd 0.0),0.0 (cmd 0.0)
1.1033,-0.93,0.0,0.0,-1.04,0.0,0.0,-1.0,-0.9,0.0 (cmd 0.0),0.0 (cmd 0.0)
1.1038,-0.9,0.0,0.0,-1.01,0.0,0.0,-1.0,-0.9,0.0 (cmd 0.0),0.0 (cmd 0.0)
1.1043000000000003,-0.9,0.0,0.0,-0.98,0.0,0.0,-1.0,-0.9,0.0 (cmd 0.0),0.0 (cmd 0.0)
1.1048,-0.89,0.0,0.0,-0.97,0.0,0.0,-1.0,-0.9,0.0 (cmd 0.0),0.0 (cmd 0.0)
1.1053,-0.89,0.0,0.0,-0.96,0.0,0.0,-1.0,-0.9,0.0 (cmd 0.0),0.0 (cmd 0.0)
1.1058,-0.88,0.0,0.0,-0.95,0.0,0.0,-0.9,-0.9,0.0 (cmd 0.0),0.0 (cmd 0.0)
1.1063,-0.88,0.0,0.0,-0.94,0.0,0.0,-0.9,-0.9,0.0 (cmd 0.0),0.0 (cmd 0.0)
1.1068000000000002,-0.89,0.0,0.0,-0.95,0.0,0.0,-0.9,-0.9,0.0 (cmd 0.0),0.0 (cmd 0.0)
1.1073,-0.94,0.0,0.0,-0.96,0.0,0.0,-1.0,-0.9,0.0 (cmd 0.0),0.0 (cmd 0.0)
1.1078,-0.96,0.0,0.0,-0.94,0.0,0.0,-0.9,-1.0,0.0 (cmd 0.0),0.0 (cmd 0.0)
1.1083,-0.98,0.0,0.0,-0.91,0.0,0.0,-0.9,-1.0,0.0 (cmd 0.0),0.0 (cmd 0.0)
1.1088,-0.99,0.0,0.0,-0.88,0.0,0.0,-0.9,-1.0,0.0 (cmd 0.0),0.0 (cmd 0.0)
1.1093000000000002,-0.99,0.0,0.0,-0.85,0.0,0.0,-0.8,-1.0,0.0 (cmd 0.0),0.0 (cmd 0.0)
1.1098,-0.98,0.0,0.0,-0.8,0.0,0.0,-0.8,-1.0,0.0 (cmd 0.0),0.0 (cmd 0.0)
1.1103,-0.97,0.0,0.0,-0.71,0.0,0.0,-0.7,-1.0,0.0 (cmd 0.0),0.0 (cmd 0.0)
1.1108,-0.94,0.0,0.0,-0.59,0.0,0.0,-0.6,-0.9,0.0 (cmd 0.0),0.0 (cmd 0.0)
1.1113,-0.9,0.0,0.0,-0.54,0.0,0.0,-0.5,-0.9,0.0 (cmd 0.0),0.0 (cmd 0.0)
1.1118000000000001,-0.83,0.0,0.0,-0.43,0.0,0.0,-0.4,-0.8,0.0 (cmd 0.0),0.0 (cmd 0.0)
1.1122999999999998,-0.7,0.0,0.0,-0.35,0.0,0.0,-0.3,-0.7,0.0 (cmd 0.0),0.0 (cmd 0.0)
1.1128,-0.65,0.0,0.0,-0.33,0.0,0.0,-0.3,-0.7,0.0 (cmd 0.0),0.0 (cmd 0.0)
1.1133,-0.67,0.0,0.0,-0.35,0.0,0.0,-0.3,-0.7,0.0 (cmd 0.0),0.0 (cmd 0.0)
1.1138,-0.8,0.0,0.0,-0.45,0.0,0.0,-0.5,-0.8,0.0 (cmd 0.0),0.0 (cmd 0.0)
1.1143000000000003,-1.4,0.0,0.0,-0.55,0.0,0.0,-0.6,-1.4,0.0 (cmd 0.0),0.0 (cmd 0.0)
1.1148,-1.56,0.0,0.0,-0.58,0.0,0.0,-0.6,-1.6,0.0 (cmd 0.0),0.0 (cmd 0.0)
1.1153,-1.53,0.0,0.0,-0.54,0.0,0.0,-0.5,-1.5,0.0 (cmd 0.0),0.0 (cmd 0.0)
1.1158,-1.3,0.0,0.0,-0.52,0.0,0.0,-0.5,-1.3,0.0 (cmd 0.0),0.0 (cmd 0.0)
1.1162999999999998,-0.82,0.0,0.0,-0.39,0.0,0.0,-0.4,-0.8,0.0 (cmd 0.0),0.0 (cmd 0.0)
1.1168000000000002,-0.32,0.0,0.0,-0.28,0.0,0.0,-0.3,-0.3,0.0 (cmd 0.0),0.0 (cmd 0.0)
1.1173,0.09,0.0,0.0,-0.2,0.0,0.0,-0.2,0.1,0.0 (cmd 0.0),0.0 (cmd 0.0)
1.1178,0.13,0.0,0.0,-0.03,0.0,0.0,-0.0,0.1,0.0 (cmd 0.0),0.0 (cmd 0.0)
1.1182999999999998,0.12,0.0,0.0,0.1,0.0,0.0,0.1,0.1,0.0 (cmd 0.0),0.0 (cmd 0.0)
1.1188,0.11,0.0,0.0,0.05,0.0,0.0,0.1,0.1,0.0 (cmd 0.0),0.0 (cmd 0.0)
1.1193000000000002,0.06,0.0,0.0,-0.03,0.0,0.0,-0.0,0.1,0.0 (cmd 0.0),0.0 (cmd 0.0)
1.1198,0.0,0.0,0.0,-0.11,0.0,0.0,-0.1,0.0,0.0 (cmd 0.0),0.0 (cmd 0.0)
1.1202999999999999,0.0,0.0,0.0,-0.07,0.0,0.0,-0.1,0.0,0.0 (cmd 0.0),0.0 (cmd 0.0)
1.1208,0.01,0.0,0.0,0.02,0.0,0.0,0.0,0.0,0.0 (cmd 0.0),0.0 (cmd 0.0)
1.1213,0.01,0.0,0.0,0.0,0.0,0.0,0.0,0.0,0.0 (cmd 0.0),0.0 (cmd 0.0)
1.1218000000000001,-0.18,0.0,0.0,-0.07,0.0,0.0,-0.1,-0.2,0.0 (cmd 0.0),0.0 (cmd 0.0)
1.1222999999999999,-0.52,0.0,0.0,-0.09,0.0,0.0,-0.1,-0.5,0.0 (cmd 0.0),0.0 (cmd 0.0)
1.1228,-0.97,0.0,0.0,0.03,0.0,0.0,0.0,-1.0,0.0 (cmd 0.0),0.0 (cmd 0.0)
1.1233,-1.44,0.0,0.0,0.01,0.0,0.0,0.0,-1.4,0.0 (cmd 0.0),0.0 (cmd 0.0)
1.1238,-1.76,0.0,0.0,-0.08,0.0,0.0,-0.1,-1.8,0.0 (cmd 0.0),0.0 (cmd 0.0)
1.1243,-1.94,0.0,0.0,-0.09,0.0,0.0,-0.1,-1.9,0.0 (cmd 0.0),0.0 (cmd 0.0)
1.1248,-2.03,0.0,0.0,0.0,0.0,0.0,0.0,-2.0,0.0 (cmd 0.0),0.0 (cmd 0.0)
1.1253,-2.01,0.0,0.0,0.07,0.0,0.0,0.1,-2.0,0.0 (cmd 0.0),0.0 (cmd 0.0)
1.1258,-1.06,0.0,0.0,0.12,0.0,0.0,0.1,-1.1,0.0 (cmd 0.0),0.0 (cmd 0.0)
1.1262999999999999,-1.24,0.0,0.0,0.18,0.0,0.0,0.2,-1.2,0.0 (cmd 0.0),0.0 (cmd 0.0)
1.1268000000000002,-1.57,0.0,0.0,0.26,0.0,0.0,0.3,-1.6,0.0 (cmd 0.0),0.0 (cmd 0.0)
1.1273,-1.97,0.0,0.0,0.32,0.0,0.0,0.3,-2.0,0.0 (cmd 0.0),0.0 (cmd 0.0)
1.1278,-2.23,0.0,0.0,0.23,0.0,0.0,0.2,-2.2,0.0 (cmd 0.0),0.0 (cmd 0.0)
1.1282999999999999,-2.58,0.0,0.0,-0.03,0.0,0.0,-0.0,-2.6,0.0 (cmd 0.0),0.0 (cmd 0.0)
1.1288,-3.38,0.0,0.0,-0.3,0.0,0.0,-0.3,-3.4,0.0 (cmd 0.0),0.0 (cmd 0.0)
1.1293000000000002,-3.66,0.0,0.0,-0.73,0.0,0.0,-0.7,-3.7,0.0 (cmd 0.0),0.0 (cmd 0.0)
1.1298,-3.65,0.0,0.0,-1.61,0.0,0.0,-1.6,-3.6,0.0 (cmd 0.0),0.0 (cmd 0.0)
1.1302999999999999,-3.49,0.0,0.0,-2.25,0.0,0.0,-2.2,-3.5,0.0 (cmd 0.0),0.0 (cmd 0.0)
1.1308,-3.4,0.0,0.0,-2.72,0.0,0.0,-2.7,-3.4,0.0 (cmd 0.0),0.0 (cmd 0.0)
1.1313,-3.51,0.0,0.0,-3.15,0.0,0.0,-3.1,-3.5,0.0 (cmd 0.0),0.0 (cmd 0.0)
1.1318000000000001,-3.58,0.0,0.0,-4.48,0.0,0.0,-4.5,-3.6,0.0 (cmd 0.0),0.0 (cmd 0.0)
1.1322999999999999,-3.47,0.0,0.0,-5.09,0.0,0.0,-5.1,-3.5,0.0 (cmd 0.0),0.0 (cmd 0.0)
1.1328,-3.37,0.0,0.0,-5.4,0.0,0.0,-5.4,-3.4,0.0 (cmd 0.0),0.0 (cmd 0.0)
1.1333,-3.1,0.0,0.0,-5.56,0.0,0.0,-5.6,-3.1,0.0 (cmd 0.0),0.0 (cmd 0.0)
1.1338,-3.02,0.0,0.0,-5.45,0.0,0.0,-5.5,-3.0,0.0 (cmd 0.0),0.0 (cmd 0.0)
1.1343,-3.1,0.0,0.0,-5.2,0.0,0.0,-5.2,-3.1,0.0 (cmd 0.0),0.0 (cmd 0.0)
1.1348,-3.21,0.0,0.0,-4.93,0.0,0.0,-4.9,-3.2,0.0 (cmd 0.0),0.0 (cmd 0.0)
1.1353,-3.23,0.0,0.0,-4.55,0.0,0.0,-4.5,-3.2,0.0 (cmd 0.0),0.0 (cmd 0.0)
1.1358,-3.18,0.0,0.0,-4.36,0.0,0.0,-4.4,-3.2,0.0 (cmd 0.0),0.0 (cmd 0.0)
1.1362999999999999,-3.14,0.0,0.0,-4.31,0.0,0.0,-4.3,-3.1,0.0 (cmd 0.0),0.0 (cmd 0.0)
1.1368000000000003,-3.1,0.0,0.0,-4.32,0.0,0.0,-4.3,-3.1,0.0 (cmd 0.0),0.0 (cmd 0.0)
1.1373,-2.99,0.0,0.0,-4.32,0.0,0.0,-4.3,-3.0,0.0 (cmd 0.0),0.0 (cmd 0.0)
1.1378,-2.9,0.0,0.0,-4.4,0.0,0.0,-4.4,-2.9,0.0 (cmd 0.0),0.0 (cmd 0.0)
1.1382999999999999,-3.1,0.0,0.0,-4.62,0.0,0.0,-4.6,-3.1,0.0 (cmd 0.0),0.0 (cmd 0.0)
1.1388,-3.3,0.0,0.0,-4.82,0.0,0.0,-4.8,-3.3,0.0 (cmd 0.0),0.0 (cmd 0.0)
1.1393000000000002,-3.35,0.0,0.0,-4.92,0.0,0.0,-4.9,-3.4,0.0 (cmd 0.0),0.0 (cmd 0.0)
1.1398,-3.12,0.0,0.0,-4.89,0.0,0.0,-4.9,-3.1,0.0 (cmd 0.0),0.0 (cmd 0.0)
1.1402999999999999,-2.45,0.0,0.0,-4.73,0.0,0.0,-4.7,-2.5,0.0 (cmd 0.0),0.0 (cmd 0.0)
1.1408,-1.48,0.0,0.0,-4.54,0.0,0.0,-4.5,-1.5,0.0 (cmd 0.0),0.0 (cmd 0.0)
1.1413,-0.12,0.0,0.0,-4.52,0.0,0.0,-4.5,-0.1,0.0 (cmd 0.0),0.0 (cmd 0.0)
1.1418000000000001,1.6,0.0,0.0,-4.72,0.0,0.0,-4.7,1.6,0.0 (cmd 0.0),0.0 (cmd 0.0)
1.1422999999999999,3.52,0.0,0.0,-5.22,0.0,0.0,-5.2,3.5,0.0 (cmd 0.0),0.0 (cmd 0.0)
1.1428,4.68,0.0,0.0,-5.93,0.0,0.0,-5.9,4.7,0.0 (cmd 0.0),0.0 (cmd 0.0)
1.1433,5.7,0.0,0.0,-7.37,0.0,0.0,-7.4,5.7,0.0 (cmd 0.0),0.0 (cmd 0.0)
1.1438,5.98,0.0,0.0,-9.86,0.0,0.0,-9.9,6.0,0.0 (cmd 0.0),0.0 (cmd 0.0)
1.1443,7.53,0.0,0.0,-13.38,0.0,0.0,-13.4,7.5,0.0 (cmd 0.0),0.0 (cmd 0.0)
1.1448,7.76,0.0,0.0,-15.88,0.0,0.0,-15.9,7.8,0.0 (cmd 0.0),0.0 (cmd 0.0)
1.1453,8.43,0.0,0.0,-19.37,0.0,0.0,-19.4,8.4,0.0 (cmd 0.0),0.0 (cmd 0.0)
1.1458,9.3,0.0,0.0,-22.05,0.0,0.0,-22.1,9.3,0.0 (cmd 0.0),0.0 (cmd 0.0)
1.1462999999999999,9.61,0.0,0.0,-23.05,0.0,0.0,-23.1,9.6,0.0 (cmd 0.0),0.0 (cmd 0.0)
1.1468000000000003,10.05,0.0,0.0,-23.39,0.0,0.0,-23.4,10.1,0.0 (cmd 0.0),0.0 (cmd 0.0)
1.1473,10.25,0.0,0.0,-23.09,0.0,0.0,-23.1,10.2,0.0 (cmd 0.0),0.0 (cmd 0.0)
1.1478,10.47,0.0,0.0,-22.26,0.0,0.0,-22.3,10.5,0.0 (cmd 0.0),0.0 (cmd 0.0)
1.1482999999999999,10.78,0.0,0.0,-21.5,0.0,0.0,-21.5,10.8,0.0 (cmd 0.0),0.0 (cmd 0.0)
1.1488,11.08,0.0,0.0,-21.05,0.0,0.0,-21.1,11.1,0.0 (cmd 0.0),0.0 (cmd 0.0)
1.1493000000000002,11.59,0.0,0.0,-20.57,0.0,0.0,-20.6,11.6,0.0 (cmd 0.0),0.0 (cmd 0.0)
1.1498,11.93,0.0,0.0,-20.3,0.0,0.0,-20.3,11.9,0.0 (cmd 0.0),0.0 (cmd 0.0)
1.1502999999999999,12.23,0.0,0.0,-20.28,0.0,0.0,-20.3,12.2,0.0 (cmd 0.0),0.0 (cmd 0.0)
1.1508,12.45,0.0,0.0,-20.31,0.0,0.0,-20.3,12.4,0.0 (cmd 0.0),0.0 (cmd 0.0)
1.1513,12.89,0.0,0.0,-20.48,0.0,0.0,-20.5,12.9,0.0 (cmd 0.0),0.0 (cmd 0.0)
1.1518000000000002,13.28,0.0,0.0,-20.63,0.0,0.0,-20.6,13.3,0.0 (cmd 0.0),0.0 (cmd 0.0)
1.1522999999999999,13.72,0.0,0.0,-20.87,0.0,0.0,-20.9,13.7,0.0 (cmd 0.0),0.0 (cmd 0.0)
1.1528,14.04,0.0,0.0,-20.82,0.0,0.0,-20.8,14.0,0.0 (cmd 0.0),0.0 (cmd 0.0)
1.1533,14.28,0.0,0.0,-20.55,0.0,0.0,-20.6,14.3,0.0 (cmd 0.0),0.0 (cmd 0.0)
1.1538,14.47,0.0,0.0,-20.1,0.0,0.0,-20.1,14.5,0.0 (cmd 0.0),0.0 (cmd 0.0)
1.1543,14.46,0.0,0.0,-19.85,0.0,0.0,-19.9,14.5,0.0 (cmd 0.0),0.0 (cmd 0.0)
1.1548,14.48,0.0,0.0,-19.56,0.0,0.0,-19.6,14.5,0.0 (cmd 0.0),0.0 (cmd 0.0)
1.1553,14.65,0.0,0.0,-19.32,0.0,0.0,-19.3,14.7,0.0 (cmd 0.0),0.0 (cmd 0.0)
1.1558,14.75,0.0,0.0,-19.05,0.0,0.0,-19.1,14.8,0.0 (cmd 0.0),0.0 (cmd 0.0)
1.1562999999999999,14.84,0.0,0.0,-18.7,0.0,0.0,-18.7,14.8,0.0 (cmd 0.0),0.0 (cmd 0.0)
1.1568000000000003,14.86,0.0,0.0,-18.46,0.0,0.0,-18.5,14.9,0.0 (cmd 0.0),0.0 (cmd 0.0)
1.1573,14.86,0.0,0.0,-18.17,0.0,0.0,-18.2,14.9,0.0 (cmd 0.0),0.0 (cmd 0.0)
1.1578,14.87,0.0,0.0,-17.93,0.0,0.0,-17.9,14.9,0.0 (cmd 0.0),0.0 (cmd 0.0)
1.1582999999999999,14.9,0.0,0.0,-17.58,0.0,0.0,-17.6,14.9,0.0 (cmd 0.0),0.0 (cmd 0.0)
1.1588,14.93,0.0,0.0,-17.41,0.0,0.0,-17.4,14.9,0.0 (cmd 0.0),0.0 (cmd 0.0)
1.1593000000000002,14.98,0.0,0.0,-17.14,0.0,0.0,-17.1,15.0,0.0 (cmd 0.0),0.0 (cmd 0.0)
1.1598,14.99,0.0,0.0,-17.02,0.0,0.0,-17.0,15.0,0.0 (cmd 0.0),0.0 (cmd 0.0)
1.1602999999999999,14.98,0.0,0.0,-16.96,0.0,0.0,-17.0,15.0,0.0 (cmd 0.0),0.0 (cmd 0.0)
1.1608,14.96,0.0,0.0,-16.9,0.0,0.0,-16.9,15.0,0.0 (cmd 0.0),0.0 (cmd 0.0)
1.1613,14.99,0.0,0.0,-16.76,0.0,0.0,-16.8,15.0,0.0 (cmd 0.0),0.0 (cmd 0.0)
1.1618000000000002,15.09,0.0,0.0,-16.62,0.0,0.0,-16.6,15.1,0.0 (cmd 0.0),0.0 (cmd 0.0)
1.1622999999999999,15.28,0.0,0.0,-16.6,0.0,0.0,-16.6,15.3,0.0 (cmd 0.0),0.0 (cmd 0.0)
1.1628,15.34,0.0,0.0,-16.62,0.0,0.0,-16.6,15.3,0.0 (cmd 0.0),0.0 (cmd 0.0)
1.1633,15.39,0.0,0.0,-16.73,0.0,0.0,-16.7,15.4,0.0 (cmd 0.0),0.0 (cmd 0.0)
1.1638,15.43,0.0,0.0,-16.8,0.0,0.0,-16.8,15.4,0.0 (cmd 0.0),0.0 (cmd 0.0)
1.1643000000000001,15.46,0.0,0.0,-16.9,0.0,0.0,-16.9,15.5,0.0 (cmd 0.0),0.0 (cmd 0.0)
1.1648,15.46,0.0,0.0,-16.92,0.0,0.0,-16.9,15.5,0.0 (cmd 0.0),0.0 (cmd 0.0)
1.1653,15.44,0.0,0.0,-16.87,0.0,0.0,-16.9,15.4,0.0 (cmd 0.0),0.0 (cmd 0.0)
1.1658,15.45,0.0,0.0,-16.81,0.0,0.0,-16.8,15.4,0.0 (cmd 0.0),0.0 (cmd 0.0)
1.1663,15.5,0.0,0.0,-16.8,0.0,0.0,-16.8,15.5,0.0 (cmd 0.0),0.0 (cmd 0.0)
1.1668000000000003,15.57,0.0,0.0,-16.84,0.0,0.0,-16.8,15.6,0.0 (cmd 0.0),0.0 (cmd 0.0)
1.1673,15.59,0.0,0.0,-16.89,0.0,0.0,-16.9,15.6,0.0 (cmd 0.0),0.0 (cmd 0.0)
1.1678,15.6,0.0,0.0,-16.91,0.0,0.0,-16.9,15.6,0.0 (cmd 0.0),0.0 (cmd 0.0)
1.1683,15.59,0.0,0.0,-16.93,0.0,0.0,-16.9,15.6,0.0 (cmd 0.0),0.0 (cmd 0.0)
1.1688,15.57,0.0,0.0,-16.95,0.0,0.0,-16.9,15.6,0.0 (cmd 0.0),0.0 (cmd 0.0)
1.1693000000000002,15.55,0.0,0.0,-16.98,0.0,0.0,-17.0,15.6,0.0 (cmd 0.0),0.0 (cmd 0.0)
1.1698,15.54,0.0,0.0,-17.01,0.0,0.0,-17.0,15.5,0.0 (cmd 0.0),0.0 (cmd 0.0)
1.1703,15.55,0.0,0.0,-16.98,0.0,0.0,-17.0,15.6,0.0 (cmd 0.0),0.0 (cmd 0.0)
1.1708,15.45,0.0,0.0,-16.96,0.0,0.0,-17.0,15.4,0.0 (cmd 0.0),0.0 (cmd 0.0)
1.1713,15.45,0.0,0.0,-16.93,0.0,0.0,-16.9,15.4,0.0 (cmd 0.0),0.0 (cmd 0.0)
1.1718000000000002,15.46,0.0,0.0,-16.96,0.0,0.0,-17.0,15.5,0.0 (cmd 0.0),0.0 (cmd 0.0)
1.1723,15.43,0.0,0.0,-17.0,0.0,0.0,-17.0,15.4,0.0 (cmd 0.0),0.0 (cmd 0.0)
1.1728,15.36,0.0,0.0,-17.01,0.0,0.0,-17.0,15.4,0.0 (cmd 0.0),0.0 (cmd 0.0)
1.1733,15.32,0.0,0.0,-17.03,0.0,0.0,-17.0,15.3,0.0 (cmd 0.0),0.0 (cmd 0.0)
1.1738,15.27,0.0,0.0,-17.09,0.0,0.0,-17.1,15.3,0.0 (cmd 0.0),0.0 (cmd 0.0)
1.1743000000000001,15.21,0.0,0.0,-17.17,0.0,0.0,-17.2,15.2,0.0 (cmd 0.0),0.0 (cmd 0.0)
1.1747999999999998,15.15,0.0,0.0,-17.23,0.0,0.0,-17.2,15.2,0.0 (cmd 0.0),0.0 (cmd 0.0)
1.1753,15.04,0.0,0.0,-17.32,0.0,0.0,-17.3,15.0,0.0 (cmd 0.0),0.0 (cmd 0.0)
1.1758,15.01,0.0,0.0,-17.41,0.0,0.0,-17.4,15.0,0.0 (cmd 0.0),0.0 (cmd 0.0)
1.1763,14.85,0.0,0.0,-17.49,0.0,0.0,-17.5,14.8,0.0 (cmd 0.0),0.0 (cmd 0.0)
1.1768000000000003,14.74,0.0,0.0,-17.57,0.0,0.0,-17.6,14.7,0.0 (cmd 0.0),0.0 (cmd 0.0)
1.1773,14.69,0.0,0.0,-17.64,0.0,0.0,-17.6,14.7,0.0 (cmd 0.0),0.0 (cmd 0.0)
1.1778,14.65,0.0,0.0,-17.65,0.0,0.0,-17.6,14.7,0.0 (cmd 0.0),0.0 (cmd 0.0)
1.1783,14.59,0.0,0.0,-17.62,0.0,0.0,-17.6,14.6,0.0 (cmd 0.0),0.0 (cmd 0.0)
1.1787999999999998,14.48,0.0,0.0,-17.52,0.0,0.0,-17.5,14.5,0.0 (cmd 0.0),0.0 (cmd 0.0)
1.1793000000000002,14.4,0.0,0.0,-17.52,0.0,0.0,-17.5,14.4,0.0 (cmd 0.0),0.0 (cmd 0.0)
1.1798,14.33,0.0,0.0,-17.7,0.0,0.0,-17.7,14.3,0.0 (cmd 0.0),0.0 (cmd 0.0)
1.1803,14.27,0.0,0.0,-18.03,0.0,0.0,-18.0,14.3,0.0 (cmd 0.0),0.0 (cmd 0.0)
1.1807999999999998,14.18,0.0,0.0,-18.39,0.0,0.0,-18.4,14.2,0.0 (cmd 0.0),0.0 (cmd 0.0)
1.1813,14.09,0.0,0.0,-18.75,0.0,0.0,-18.8,14.1,0.0 (cmd 0.0),0.0 (cmd 0.0)
1.1818000000000002,14.07,0.0,0.0,-18.87,0.0,0.0,-18.9,14.1,0.0 (cmd 0.0),0.0 (cmd 0.0)
1.1823,14.03,0.0,0.0,-18.95,0.0,0.0,-18.9,14.0,0.0 (cmd 0.0),0.0 (cmd 0.0)
1.1827999999999999,14.03,0.0,0.0,-18.98,0.0,0.0,-19.0,14.0,0.0 (cmd 0.0),0.0 (cmd 0.0)
1.1833,14.06,0.0,0.0,-19.02,0.0,0.0,-19.0,14.1,0.0 (cmd 0.0),0.0 (cmd 0.0)
1.1838,14.18,0.0,0.0,-19.12,0.0,0.0,-19.1,14.2,0.0 (cmd 0.0),0.0 (cmd 0.0)
1.1843000000000001,14.15,0.0,0.0,-19.26,0.0,0.0,-19.3,14.2,0.0 (cmd 0.0),0.0 (cmd 0.0)
1.1847999999999999,13.85,0.0,0.0,-19.21,0.0,0.0,-19.2,13.8,0.0 (cmd 0.0),0.0 (cmd 0.0)
1.1853,13.82,0.0,0.0,-18.99,0.0,0.0,-19.0,13.8,0.0 (cmd 0.0),0.0 (cmd 0.0)
1.1858,13.83,0.0,0.0,-18.6,0.0,0.0,-18.6,13.8,0.0 (cmd 0.0),0.0 (cmd 0.0)
1.1863,13.81,0.0,0.0,-18.07,0.0,0.0,-18.1,13.8,0.0 (cmd 0.0),0.0 (cmd 0.0)
1.1868,13.76,0.0,0.0,-17.69,0.0,0.0,-17.7,13.8,0.0 (cmd 0.0),0.0 (cmd 0.0)
1.1873,13.69,0.0,0.0,-17.33,0.0,0.0,-17.3,13.7,0.0 (cmd 0.0),0.0 (cmd 0.0)
1.1878,13.62,0.0,0.0,-17.05,0.0,0.0,-17.1,13.6,0.0 (cmd 0.0),0.0 (cmd 0.0)
1.1883,13.56,0.0,0.0,-16.9,0.0,0.0,-16.9,13.6,0.0 (cmd 0.0),0.0 (cmd 0.0)
1.1887999999999999,13.46,0.0,0.0,-16.86,0.0,0.0,-16.9,13.5,0.0 (cmd 0.0),0.0 (cmd 0.0)
1.1893000000000002,13.35,0.0,0.0,-16.83,0.0,0.0,-16.8,13.3,0.0 (cmd 0.0),0.0 (cmd 0.0)
1.1898,12.89,0.0,0.0,-16.74,0.0,0.0,-16.7,12.9,0.0 (cmd 0.0),0.0 (cmd 0.0)
1.1903,12.58,0.0,0.0,-16.68,0.0,0.0,-16.7,12.6,0.0 (cmd 0.0),0.0 (cmd 0.0)
1.1907999999999999,12.03,0.0,0.0,-16.67,0.0,0.0,-16.7,12.0,0.0 (cmd 0.0),0.0 (cmd 0.0)
1.1913,11.82,0.0,0.0,-16.67,0.0,0.0,-16.7,11.8,0.0 (cmd 0.0),0.0 (cmd 0.0)
1.1918000000000002,11.69,0.0,0.0,-16.67,0.0,0.0,-16.7,11.7,0.0 (cmd 0.0),0.0 (cmd 0.0)
1.1923,11.69,0.0,0.0,-16.62,0.0,0.0,-16.6,11.7,0.0 (cmd 0.0),0.0 (cmd 0.0)
1.1927999999999999,11.8,0.0,0.0,-16.39,0.0,0.0,-16.4,11.8,0.0 (cmd 0.0),0.0 (cmd 0.0)
1.1933,11.89,0.0,0.0,-15.96,0.0,0.0,-16.0,11.9,0.0 (cmd 0.0),0.0 (cmd 0.0)
1.1938,12.01,0.0,0.0,-15.76,0.0,0.0,-15.8,12.0,0.0 (cmd 0.0),0.0 (cmd 0.0)
1.1943000000000001,12.09,0.0,0.0,-15.44,0.0,0.0,-15.4,12.1,0.0 (cmd 0.0),0.0 (cmd 0.0)
1.1947999999999999,12.13,0.0,0.0,-15.35,0.0,0.0,-15.3,12.1,0.0 (cmd 0.0),0.0 (cmd 0.0)
1.1953,12.25,0.0,0.0,-15.33,0.0,0.0,-15.3,12.2,0.0 (cmd 0.0),0.0 (cmd 0.0)
1.1958,12.38,0.0,0.0,-15.3,0.0,0.0,-15.3,12.4,0.0 (cmd 0.0),0.0 (cmd 0.0)
1.1963,12.41,0.0,0.0,-15.19,0.0,0.0,-15.2,12.4,0.0 (cmd 0.0),0.0 (cmd 0.0)
1.1968,12.47,0.0,0.0,-15.14,0.0,0.0,-15.1,12.5,0.0 (cmd 0.0),0.0 (cmd 0.0)
1.1973,12.53,0.0,0.0,-15.18,0.0,0.0,-15.2,12.5,0.0 (cmd 0.0),0.0 (cmd 0.0)
1.1978,12.53,0.0,0.0,-15.19,0.0,0.0,-15.2,12.5,0.0 (cmd 0.0),0.0 (cmd 0.0)
1.1983,12.5,0.0,0.0,-15.27,0.0,0.0,-15.3,12.5,0.0 (cmd 0.0),0.0 (cmd 0.0)
1.1987999999999999,12.47,0.0,0.0,-15.32,0.0,0.0,-15.3,12.5,0.0 (cmd 0.0),0.0 (cmd 0.0)
1.1993000000000003,12.33,0.0,0.0,-15.38,0.0,0.0,-15.4,12.3,0.0 (cmd 0.0),0.0 (cmd 0.0)
1.1998,12.2,0.0,0.0,-15.56,0.0,0.0,-15.6,12.2,0.0 (cmd 0.0),0.0 (cmd 0.0)
1.2003,12.22,0.0,0.0,-15.68,0.0,0.0,-15.7,12.2,0.0 (cmd 0.0),0.0 (cmd 0.0)
1.2007999999999999,12.3,0.0,0.0,-15.86,0.0,0.0,-15.9,12.3,0.0 (cmd 0.0),0.0 (cmd 0.0)
1.2013,12.46,0.0,0.0,-16.2,0.0,0.0,-16.2,12.5,0.0 (cmd 0.0),0.0 (cmd 0.0)
1.2018000000000002,12.57,0.0,0.0,-16.73,0.0,0.0,-16.7,12.6,0.0 (cmd 0.0),0.0 (cmd 0.0)
1.2023,12.7,0.0,0.0,-17.26,0.0,0.0,-17.3,12.7,0.0 (cmd 0.0),0.0 (cmd 0.0)
1.2027999999999999,12.78,0.0,0.0,-17.49,0.0,0.0,-17.5,12.8,0.0 (cmd 0.0),0.0 (cmd 0.0)
1.2033,12.82,0.0,0.0,-18.15,0.0,0.0,-18.1,12.8,0.0 (cmd 0.0),0.0 (cmd 0.0)
1.2038,12.9,0.0,0.0,-18.36,0.0,0.0,-18.4,12.9,0.0 (cmd 0.0),0.0 (cmd 0.0)
1.2043000000000001,13.46,0.0,0.0,-18.32,0.0,0.0,-18.3,13.5,0.0 (cmd 0.0),0.0 (cmd 0.0)
1.2047999999999999,13.61,0.0,0.0,-18.13,0.0,0.0,-18.1,13.6,0.0 (cmd 0.0),0.0 (cmd 0.0)
1.2053,13.64,0.0,0.0,-17.9,0.0,0.0,-17.9,13.6,0.0 (cmd 0.0),0.0 (cmd 0.0)
1.2058,13.76,0.0,0.0,-17.8,0.0,0.0,-17.8,13.8,0.0 (cmd 0.0),0.0 (cmd 0.0)
1.2063,13.85,0.0,0.0,-17.82,0.0,0.0,-17.8,13.8,0.0 (cmd 0.0),0.0 (cmd 0.0)
1.2068,13.98,0.0,0.0,-18.05,0.0,0.0,-18.1,14.0,0.0 (cmd 0.0),0.0 (cmd 0.0)
1.2073,14.06,0.0,0.0,-18.25,0.0,0.0,-18.2,14.1,0.0 (cmd 0.0),0.0 (cmd 0.0)
1.2078,14.15,0.0,0.0,-18.32,0.0,0.0,-18.3,14.2,0.0 (cmd 0.0),0.0 (cmd 0.0)
1.2083,14.21,0.0,0.0,-18.32,0.0,0.0,-18.3,14.2,0.0 (cmd 0.0),0.0 (cmd 0.0)
1.2087999999999999,14.25,0.0,0.0,-18.22,0.0,0.0,-18.2,14.2,0.0 (cmd 0.0),0.0 (cmd 0.0)
1.2093000000000003,14.26,0.0,0.0,-18.12,0.0,0.0,-18.1,14.3,0.0 (cmd 0.0),0.0 (cmd 0.0)
1.2098,14.29,0.0,0.0,-18.1,0.0,0.0,-18.1,14.3,0.0 (cmd 0.0),0.0 (cmd 0.0)
1.2103,14.36,0.0,0.0,-17.97,0.0,0.0,-18.0,14.4,0.0 (cmd 0.0),0.0 (cmd 0.0)
1.2107999999999999,14.39,0.0,0.0,-17.86,0.0,0.0,-17.9,14.4,0.0 (cmd 0.0),0.0 (cmd 0.0)
1.2113,14.41,0.0,0.0,-17.81,0.0,0.0,-17.8,14.4,0.0 (cmd 0.0),0.0 (cmd 0.0)
1.2118000000000002,14.4,0.0,0.0,-17.73,0.0,0.0,-17.7,14.4,0.0 (cmd 0.0),0.0 (cmd 0.0)
1.2123,14.38,0.0,0.0,-17.64,0.0,0.0,-17.6,14.4,0.0 (cmd 0.0),0.0 (cmd 0.0)
1.2127999999999999,14.34,0.0,0.0,-17.52,0.0,0.0,-17.5,14.3,0.0 (cmd 0.0),0.0 (cmd 0.0)
1.2133,14.3,0.0,0.0,-17.45,0.0,0.0,-17.4,14.3,0.0 (cmd 0.0),0.0 (cmd 0.0)
1.2138,14.28,0.0,0.0,-17.36,0.0,0.0,-17.4,14.3,0.0 (cmd 0.0),0.0 (cmd 0.0)
1.2143000000000002,14.29,0.0,0.0,-17.31,0.0,0.0,-17.3,14.3,0.0 (cmd 0.0),0.0 (cmd 0.0)
1.2147999999999999,14.31,0.0,0.0,-17.27,0.0,0.0,-17.3,14.3,0.0 (cmd 0.0),0.0 (cmd 0.0)
1.2153,14.32,0.0,0.0,-17.23,0.0,0.0,-17.2,14.3,0.0 (cmd 0.0),0.0 (cmd 0.0)
1.2158,14.33,0.0,0.0,-17.2,0.0,0.0,-17.2,14.3,0.0 (cmd 0.0),0.0 (cmd 0.0)
1.2163,14.34,0.0,0.0,-17.16,0.0,0.0,-17.2,14.3,0.0 (cmd 0.0),0.0 (cmd 0.0)
1.2168,14.35,0.0,0.0,-17.12,0.0,0.0,-17.1,14.3,0.0 (cmd 0.0),0.0 (cmd 0.0)
1.2173,14.37,0.0,0.0,-17.1,0.0,0.0,-17.1,14.4,0.0 (cmd 0.0),0.0 (cmd 0.0)
1.2178,14.41,0.0,0.0,-17.08,0.0,0.0,-17.1,14.4,0.0 (cmd 0.0),0.0 (cmd 0.0)
1.2183,14.43,0.0,0.0,-17.09,0.0,0.0,-17.1,14.4,0.0 (cmd 0.0),0.0 (cmd 0.0)
1.2187999999999999,14.47,0.0,0.0,-17.09,0.0,0.0,-17.1,14.5,0.0 (cmd 0.0),0.0 (cmd 0.0)
1.2193000000000003,14.45,0.0,0.0,-17.15,0.0,0.0,-17.1,14.4,0.0 (cmd 0.0),0.0 (cmd 0.0)
1.2198,14.43,0.0,0.0,-17.2,0.0,0.0,-17.2,14.4,0.0 (cmd 0.0),0.0 (cmd 0.0)
1.2203,14.41,0.0,0.0,-17.24,0.0,0.0,-17.2,14.4,0.0 (cmd 0.0),0.0 (cmd 0.0)
1.2207999999999999,14.4,0.0,0.0,-17.26,0.0,0.0,-17.3,14.4,0.0 (cmd 0.0),0.0 (cmd 0.0)
1.2213,14.41,0.0,0.0,-17.31,0.0,0.0,-17.3,14.4,0.0 (cmd 0.0),0.0 (cmd 0.0)
1.2218000000000002,14.43,0.0,0.0,-17.35,0.0,0.0,-17.4,14.4,0.0 (cmd 0.0),0.0 (cmd 0.0)
1.2223,14.46,0.0,0.0,-17.39,0.0,0.0,-17.4,14.5,0.0 (cmd 0.0),0.0 (cmd 0.0)
1.2227999999999999,14.51,0.0,0.0,-17.43,0.0,0.0,-17.4,14.5,0.0 (cmd 0.0),0.0 (cmd 0.0)
1.2233,14.56,0.0,0.0,-17.51,0.0,0.0,-17.5,14.6,0.0 (cmd 0.0),0.0 (cmd 0.0)
1.2238,14.62,0.0,0.0,-17.53,0.0,0.0,-17.5,14.6,0.0 (cmd 0.0),0.0 (cmd 0.0)
1.2243000000000002,14.62,0.0,0.0,-17.57,0.0,0.0,-17.6,14.6,0.0 (cmd 0.0),0.0 (cmd 0.0)
1.2247999999999999,14.62,0.0,0.0,-17.58,0.0,0.0,-17.6,14.6,0.0 (cmd 0.0),0.0 (cmd 0.0)
1.2253,14.55,0.0,0.0,-17.59,0.0,0.0,-17.6,14.6,0.0 (cmd 0.0),0.0 (cmd 0.0)
1.2258,14.44,0.0,0.0,-17.62,0.0,0.0,-17.6,14.4,0.0 (cmd 0.0),0.0 (cmd 0.0)
1.2263,14.38,0.0,0.0,-17.69,0.0,0.0,-17.7,14.4,0.0 (cmd 0.0),0.0 (cmd 0.0)
1.2268000000000001,14.3,0.0,0.0,-17.77,0.0,0.0,-17.8,14.3,0.0 (cmd 0.0),0.0 (cmd 0.0)
1.2273,14.25,0.0,0.0,-17.88,0.0,0.0,-17.9,14.2,0.0 (cmd 0.0),0.0 (cmd 0.0)
1.2278,14.27,0.0,0.0,-18.01,0.0,0.0,-18.0,14.3,0.0 (cmd 0.0),0.0 (cmd 0.0)
1.2283,14.42,0.0,0.0,-18.09,0.0,0.0,-18.1,14.4,0.0 (cmd 0.0),0.0 (cmd 0.0)
1.2288,14.56,0.0,0.0,-18.09,0.0,0.0,-18.1,14.6,0.0 (cmd 0.0),0.0 (cmd 0.0)
1.2293000000000003,14.74,0.0,0.0,-18.0,0.0,0.0,-18.0,14.7,0.0 (cmd 0.0),0.0 (cmd 0.0)
1.2298,14.74,0.0,0.0,-17.59,0.0,0.0,-17.6,14.7,0.0 (cmd 0.0),0.0 (cmd 0.0)
1.2303,14.68,0.0,0.0,-17.29,0.0,0.0,-17.3,14.7,0.0 (cmd 0.0),0.0 (cmd 0.0)
1.2308,14.48,0.0,0.0,-17.18,0.0,0.0,-17.2,14.5,0.0 (cmd 0.0),0.0 (cmd 0.0)
1.2313,14.29,0.0,0.0,-17.08,0.0,0.0,-17.1,14.3,0.0 (cmd 0.0),0.0 (cmd 0.0)
1.2318000000000002,14.26,0.0,0.0,-17.04,0.0,0.0,-17.0,14.3,0.0 (cmd 0.0),0.0 (cmd 0.0)
1.2323,14.28,0.0,0.0,-16.86,0.0,0.0,-16.9,14.3,0.0 (cmd 0.0),0.0 (cmd 0.0)
1.2328,14.36,0.0,0.0,-16.84,0.0,0.0,-16.8,14.4,0.0 (cmd 0.0),0.0 (cmd 0.0)
1.2333,14.35,0.0,0.0,-16.85,0.0,0.0,-16.9,14.3,0.0 (cmd 0.0),0.0 (cmd 0.0)
1.2338,14.32,0.0,0.0,-16.7,0.0,0.0,-16.7,14.3,0.0 (cmd 0.0),0.0 (cmd 0.0)
1.2343000000000002,14.36,0.0,0.0,-16.54,0.0,0.0,-16.5,14.4,0.0 (cmd 0.0),0.0 (cmd 0.0)
1.2348,14.56,0.0,0.0,-16.28,0.0,0.0,-16.3,14.6,0.0 (cmd 0.0),0.0 (cmd 0.0)
1.2353,14.62,0.0,0.0,-15.91,0.0,0.0,-15.9,14.6,0.0 (cmd 0.0),0.0 (cmd 0.0)
1.2358,14.65,0.0,0.0,-15.83,0.0,0.0,-15.8,14.7,0.0 (cmd 0.0),0.0 (cmd 0.0)
1.2363,14.74,0.0,0.0,-15.8,0.0,0.0,-15.8,14.7,0.0 (cmd 0.0),0.0 (cmd 0.0)
1.2368000000000001,14.81,0.0,0.0,-15.79,0.0,0.0,-15.8,14.8,0.0 (cmd 0.0),0.0 (cmd 0.0)
1.2372999999999998,14.82,0.0,0.0,-15.62,0.0,0.0,-15.6,14.8,0.0 (cmd 0.0),0.0 (cmd 0.0)
1.2378,14.82,0.0,0.0,-15.33,0.0,0.0,-15.3,14.8,0.0 (cmd 0.0),0.0 (cmd 0.0)
1.2383,14.9,0.0,0.0,-14.82,0.0,0.0,-14.8,14.9,0.0 (cmd 0.0),0.0 (cmd 0.0)
1.2388,15.17,0.0,0.0,-13.43,0.0,0.0,-13.4,15.2,0.0 (cmd 0.0),0.0 (cmd 0.0)
1.2393000000000003,15.21,0.0,0.0,-11.66,0.0,0.0,-11.7,15.2,0.0 (cmd 0.0),0.0 (cmd 0.0)
1.2398,15.17,0.0,0.0,-10.01,0.0,0.0,-10.0,15.2,0.0 (cmd 0.0),0.0 (cmd 0.0)
1.2403,15.08,0.0,0.0,-8.18,0.0,0.0,-8.2,15.1,0.0 (cmd 0.0),0.0 (cmd 0.0)
1.2408,14.81,0.0,0.0,-7.68,0.0,0.0,-7.7,14.8,0.0 (cmd 0.0),0.0 (cmd 0.0)
1.2412999999999998,13.91,0.0,0.0,-6.24,0.0,0.0,-6.2,13.9,0.0 (cmd 0.0),0.0 (cmd 0.0)
1.2418000000000002,12.89,0.0,0.0,-4.63,0.0,0.0,-4.6,12.9,0.0 (cmd 0.0),0.0 (cmd 0.0)
1.2423,12.31,0.0,0.0,-3.54,0.0,0.0,-3.5,12.3,0.0 (cmd 0.0),0.0 (cmd 0.0)
1.2428,11.73,0.0,0.0,-2.89,0.0,0.0,-2.9,11.7,0.0 (cmd 0.0),0.0 (cmd 0.0)
1.2432999999999998,10.63,0.0,0.0,-2.12,0.0,0.0,-2.1,10.6,0.0 (cmd 0.0),0.0 (cmd 0.0)
1.2438,9.84,0.0,0.0,-1.49,0.0,0.0,-1.5,9.8,0.0 (cmd 0.0),0.0 (cmd 0.0)
1.2443000000000002,8.55,0.0,0.0,-1.33,0.0,0.0,-1.3,8.6,0.0 (cmd 0.0),0.0 (cmd 0.0)
1.2448,7.35,0.0,0.0,-1.21,0.0,0.0,-1.2,7.3,0.0 (cmd 0.0),0.0 (cmd 0.0)
1.2452999999999999,5.24,0.0,0.0,-1.09,0.0,0.0,-1.1,5.2,0.0 (cmd 0.0),0.0 (cmd 0.0)
1.2458,3.89,0.0,0.0,-1.12,0.0,0.0,-1.1,3.9,0.0 (cmd 0.0),0.0 (cmd 0.0)
1.2463,3.11,0.0,0.0,-1.3,0.0,0.0,-1.3,3.1,0.0 (cmd 0.0),0.0 (cmd 0.0)
1.2468000000000001,2.57,0.0,0.0,-1.48,0.0,0.0,-1.5,2.6,0.0 (cmd 0.0),0.0 (cmd 0.0)
1.2472999999999999,2.14,0.0,0.0,-1.67,0.0,0.0,-1.7,2.1,0.0 (cmd 0.0),0.0 (cmd 0.0)
1.2478,1.89,0.0,0.0,-1.73,0.0,0.0,-1.7,1.9,0.0 (cmd 0.0),0.0 (cmd 0.0)
1.2483,1.82,0.0,0.0,-1.77,0.0,0.0,-1.8,1.8,0.0 (cmd 0.0),0.0 (cmd 0.0)
1.2488,2.12,0.0,0.0,-1.77,0.0,0.0,-1.8,2.1,0.0 (cmd 0.0),0.0 (cmd 0.0)
1.2493,2.54,0.0,0.0,-1.75,0.0,0.0,-1.8,2.5,0.0 (cmd 0.0),0.0 (cmd 0.0)
1.2498,4.32,0.0,0.0,-1.59,0.0,0.0,-1.6,4.3,0.0 (cmd 0.0),0.0 (cmd 0.0)
1.2503,5.57,0.0,0.0,-1.43,0.0,0.0,-1.4,5.6,0.0 (cmd 0.0),0.0 (cmd 0.0)
1.2508,7.89,0.0,0.0,-1.33,0.0,0.0,-1.3,7.9,0.0 (cmd 0.0),0.0 (cmd 0.0)
1.2512999999999999,7.8,0.0,0.0,-1.3,0.0,0.0,-1.3,7.8,0.0 (cmd 0.0),0.0 (cmd 0.0)
1.2518000000000002,7.5,0.0,0.0,-1.29,0.0,0.0,-1.3,7.5,0.0 (cmd 0.0),0.0 (cmd 0.0)
1.2523,7.61,0.0,0.0,-1.29,0.0,0.0,-1.3,7.6,0.0 (cmd 0.0),0.0 (cmd 0.0)
1.2528,7.45,0.0,0.0,-1.43,0.0,0.0,-1.4,7.5,0.0 (cmd 0.0),0.0 (cmd 0.0)
1.2532999999999999,7.21,0.0,0.0,-1.6,0.0,0.0,-1.6,7.2,0.0 (cmd 0.0),0.0 (cmd 0.0)
1.2538,7.25,0.0,0.0,-1.73,0.0,0.0,-1.7,7.2,0.0 (cmd 0.0),0.0 (cmd 0.0)
1.2543000000000002,7.23,0.0,0.0,-1.98,0.0,0.0,-2.0,7.2,0.0 (cmd 0.0),0.0 (cmd 0.0)
1.2548,7.1,0.0,0.0,-2.06,0.0,0.0,-2.1,7.1,0.0 (cmd 0.0),0.0 (cmd 0.0)
1.2552999999999999,7.04,0.0,0.0,-2.06,0.0,0.0,-2.1,7.0,0.0 (cmd 0.0),0.0 (cmd 0.0)
1.2558,7.08,0.0,0.0,-2.09,0.0,0.0,-2.1,7.1,0.0 (cmd 0.0),0.0 (cmd 0.0)
1.2563,7.17,0.0,0.0,-2.17,0.0,0.0,-2.2,7.2,0.0 (cmd 0.0),0.0 (cmd 0.0)
1.2568000000000001,7.23,0.0,0.0,-2.24,0.0,0.0,-2.2,7.2,0.0 (cmd 0.0),0.0 (cmd 0.0)
1.2572999999999999,7.5,0.0,0.0,-2.27,0.0,0.0,-2.3,7.5,0.0 (cmd 0.0),0.0 (cmd 0.0)
1.2578,8.07,0.0,0.0,-2.29,0.0,0.0,-2.3,8.1,0.0 (cmd 0.0),0.0 (cmd 0.0)
1.2583,8.76,0.0,0.0,-2.41,0.0,0.0,-2.4,8.8,0.0 (cmd 0.0),0.0 (cmd 0.0)
1.2588,9.46,0.0,0.0,-2.55,0.0,0.0,-2.5,9.5,0.0 (cmd 0.0),0.0 (cmd 0.0)
1.2593,9.82,0.0,0.0,-2.68,0.0,0.0,-2.7,9.8,0.0 (cmd 0.0),0.0 (cmd 0.0)
1.2598,10.38,0.0,0.0,-3.01,0.0,0.0,-3.0,10.4,0.0 (cmd 0.0),0.0 (cmd 0.0)
1.2603,11.09,0.0,0.0,-3.19,0.0,0.0,-3.2,11.1,0.0 (cmd 0.0),0.0 (cmd 0.0)
1.2608,11.99,0.0,0.0,-3.28,0.0,0.0,-3.3,12.0,0.0 (cmd 0.0),0.0 (cmd 0.0)
1.2612999999999999,11.69,0.0,0.0,-3.3,0.0,0.0,-3.3,11.7,0.0 (cmd 0.0),0.0 (cmd 0.0)
1.2618000000000003,10.88,0.0,0.0,-3.35,0.0,0.0,-3.4,10.9,0.0 (cmd 0.0),0.0 (cmd 0.0)
1.2623,9.77,0.0,0.0,-3.37,0.0,0.0,-3.4,9.8,0.0 (cmd 0.0),0.0 (cmd 0.0)
1.2628,7.19,0.0,0.0,-3.22,0.0,0.0,-3.2,7.2,0.0 (cmd 0.0),0.0 (cmd 0.0)
1.2632999999999999,6.01,0.0,0.0,-2.7,0.0,0.0,-2.7,6.0,0.0 (cmd 0.0),0.0 (cmd 0.0)
1.2638,1.53,0.0,0.0,-2.19,0.0,0.0,-2.2,1.5,0.0 (cmd 0.0),0.0 (cmd 0.0)
1.2643000000000002,-2.75,0.0,0.0,-1.94,0.0,0.0,-1.9,-2.8,0.0 (cmd 0.0),0.0 (cmd 0.0)
1.2648,-4.18,0.0,0.0,-2.09,0.0,0.0,-2.1,-4.2,0.0 (cmd 0.0),0.0 (cmd 0.0)
1.2652999999999999,-3.94,0.0,0.0,-2.47,0.0,0.0,-2.5,-3.9,0.0 (cmd 0.0),0.0 (cmd 0.0)
1.2658,-1.3,0.0,0.0,-2.93,0.0,0.0,-2.9,-1.3,0.0 (cmd 0.0),0.0 (cmd 0.0)
1.2663,0.6,0.0,0.0,-3.08,0.0,0.0,-3.1,0.6,0.0 (cmd 0.0),0.0 (cmd 0.0)
1.2668000000000001,2.15,0.0,0.0,-3.09,0.0,0.0,-3.1,2.1,0.0 (cmd 0.0),0.0 (cmd 0.0)
1.2672999999999999,3.63,0.0,0.0,-3.23,0.0,0.0,-3.2,3.6,0.0 (cmd 0.0),0.0 (cmd 0.0)
1.2678,6.67,0.0,0.0,-3.5,0.0,0.0,-3.5,6.7,0.0 (cmd 0.0),0.0 (cmd 0.0)
1.2683,7.85,0.0,0.0,-4.03,0.0,0.0,-4.0,7.8,0.0 (cmd 0.0),0.0 (cmd 0.0)
1.2688,9.3,0.0,0.0,-4.44,0.0,0.0,-4.4,9.3,0.0 (cmd 0.0),0.0 (cmd 0.0)
1.2693,9.91,0.0,0.0,-4.72,0.0,0.0,-4.7,9.9,0.0 (cmd 0.0),0.0 (cmd 0.0)
1.2698,9.91,0.0,0.0,-5.03,0.0,0.0,-5.0,9.9,0.0 (cmd 0.0),0.0 (cmd 0.0)
1.2703,10.39,0.0,0.0,-5.54,0.0,0.0,-5.5,10.4,0.0 (cmd 0.0),0.0 (cmd 0.0)
1.2708,10.57,0.0,0.0,-6.03,0.0,0.0,-6.0,10.6,0.0 (cmd 0.0),0.0 (cmd 0.0)
1.2712999999999999,10.41,0.0,0.0,-6.73,0.0,0.0,-6.7,10.4,0.0 (cmd 0.0),0.0 (cmd 0.0)
1.2718000000000003,10.35,0.0,0.0,-9.5,0.0,0.0,-9.5,10.3,0.0 (cmd 0.0),0.0 (cmd 0.0)
1.2723,9.9,0.0,0.0,-14.09,0.0,0.0,-14.1,9.9,0.0 (cmd 0.0),0.0 (cmd 0.0)
1.2728,9.05,0.0,0.0,-20.23,0.0,0.0,-20.2,9.1,0.0 (cmd 0.0),0.0 (cmd 0.0)
1.2732999999999999,7.83,0.0,0.0,-28.65,0.0,0.0,-28.6,7.8,0.0 (cmd 0.0),0.0 (cmd 0.0)
1.2738,7.52,0.0,0.0,-34.47,0.0,0.0,-34.5,7.5,0.0 (cmd 0.0),0.0 (cmd 0.0)
1.2743000000000002,7.88,0.0,0.0,-39.36,0.0,0.0,-39.4,7.9,0.0 (cmd 0.0),0.0 (cmd 0.0)
1.2748,8.64,0.0,0.0,-45.15,0.0,0.0,-45.1,8.6,0.0 (cmd 0.0),0.0 (cmd 0.0)
1.2752999999999999,9.63,0.0,0.0,-46.56,0.0,0.0,-46.6,9.6,0.0 (cmd 0.0),0.0 (cmd 0.0)
1.2758,10.44,0.0,0.0,-45.05,0.0,0.0,-45.0,10.4,0.0 (cmd 0.0),0.0 (cmd 0.0)
1.2763,10.51,0.0,0.0,-42.52,0.0,0.0,-42.5,10.5,0.0 (cmd 0.0),0.0 (cmd 0.0)
1.2768000000000002,10.19,0.0,0.0,-37.69,0.0,0.0,-37.7,10.2,0.0 (cmd 0.0),0.0 (cmd 0.0)
1.2772999999999999,9.77,0.0,0.0,-30.98,0.0,0.0,-31.0,9.8,0.0 (cmd 0.0),0.0 (cmd 0.0)
1.2778,9.58,0.0,0.0,-22.47,0.0,0.0,-22.5,9.6,0.0 (cmd 0.0),0.0 (cmd 0.0)
1.2783,9.5,0.0,0.0,-13.37,0.0,0.0,-13.4,9.5,0.0 (cmd 0.0),0.0 (cmd 0.0)
1.2788,8.94,0.0,0.0,-7.52,0.0,0.0,-7.5,8.9,0.0 (cmd 0.0),0.0 (cmd 0.0)
1.2793,-3.83,0.0,0.0,-5.9,0.0,0.0,-5.9,-3.8,0.0 (cmd 0.0),0.0 (cmd 0.0)
1.2798,-12.64,0.0,0.0,-5.62,0.0,0.0,-5.6,-12.6,0.0 (cmd 0.0),0.0 (cmd 0.0)
1.2803,-22.49,0.0,0.0,-3.45,0.0,0.0,-3.5,-22.5,0.0 (cmd 0.0),0.0 (cmd 0.0)
1.2808000000000002,-26.91,0.0,0.0,-1.61,0.0,0.0,-1.6,-26.9,0.0 (cmd 0.0),0.0 (cmd 0.0)
1.2812999999999999,-29.46,0.0,0.0,-2.25,0.0,0.0,-2.2,-29.5,0.0 (cmd 0.0),0.0 (cmd 0.0)
1.2818000000000003,-32.19,0.0,0.0,-2.8,0.0,0.0,-2.8,-32.2,0.0 (cmd 0.0),0.0 (cmd 0.0)
1.2823,-31.18,0.0,0.0,-3.26,0.0,0.0,-3.3,-31.2,0.0 (cmd 0.0),0.0 (cmd 0.0)
1.2828,-28.79,0.0,0.0,-3.15,0.0,0.0,-3.1,-28.8,0.0 (cmd 0.0),0.0 (cmd 0.0)
1.2833,-23.82,0.0,0.0,-3.14,0.0,0.0,-3.1,-23.8,0.0 (cmd 0.0),0.0 (cmd 0.0)
1.2838,-15.21,0.0,0.0,-3.62,0.0,0.0,-3.6,-15.2,0.0 (cmd 0.0),0.0 (cmd 0.0)
1.2843000000000002,-9.96,0.0,0.0,-5.09,0.0,0.0,-5.1,-10.0,0.0 (cmd 0.0),0.0 (cmd 0.0)
1.2848,0.52,0.0,0.0,-6.89,0.0,0.0,-6.9,0.5,0.0 (cmd 0.0),0.0 (cmd 0.0)
1.2852999999999999,7.53,0.0,0.0,-9.28,0.0,0.0,-9.3,7.5,0.0 (cmd 0.0),0.0 (cmd 0.0)
1.2858000000000003,9.44,0.0,0.0,-16.12,0.0,0.0,-16.1,9.4,0.0 (cmd 0.0),0.0 (cmd 0.0)
1.2863,9.17,0.0,0.0,-22.87,0.0,0.0,-22.9,9.2,0.0 (cmd 0.0),0.0 (cmd 0.0)
1.2868000000000002,8.85,0.0,0.0,-30.02,0.0,0.0,-30.0,8.8,0.0 (cmd 0.0),0.0 (cmd 0.0)
1.2872999999999999,8.36,0.0,0.0,-39.3,0.0,0.0,-39.3,8.4,0.0 (cmd 0.0),0.0 (cmd 0.0)
1.2878,8.27,0.0,0.0,-45.89,0.0,0.0,-45.9,8.3,0.0 (cmd 0.0),0.0 (cmd 0.0)
1.2883000000000002,8.09,0.0,0.0,-49.03,0.0,0.0,-49.0,8.1,0.0 (cmd 0.0),0.0 (cmd 0.0)
1.2888,7.72,0.0,0.0,-49.71,0.0,0.0,-49.7,7.7,0.0 (cmd 0.0),0.0 (cmd 0.0)
1.2893000000000001,7.76,0.0,0.0,-47.51,0.0,0.0,-47.5,7.8,0.0 (cmd 0.0),0.0 (cmd 0.0)
1.2898,7.98,0.0,0.0,-44.52,0.0,0.0,-44.5,8.0,0.0 (cmd 0.0),0.0 (cmd 0.0)
1.2903,8.04,0.0,0.0,-38.25,0.0,0.0,-38.2,8.0,0.0 (cmd 0.0),0.0 (cmd 0.0)
1.2908000000000002,7.82,0.0,0.0,-31.54,0.0,0.0,-31.5,7.8,0.0 (cmd 0.0),0.0 (cmd 0.0)
1.2913,7.08,0.0,0.0,-17.07,0.0,0.0,-17.1,7.1,0.0 (cmd 0.0),0.0 (cmd 0.0)
1.2918000000000003,4.12,0.0,0.0,-10.24,0.0,0.0,-10.2,4.1,0.0 (cmd 0.0),0.0 (cmd 0.0)
1.2923,-2.96,0.0,0.0,-7.44,0.0,0.0,-7.4,-3.0,0.0 (cmd 0.0),0.0 (cmd 0.0)
1.2928,-11.98,0.0,0.0,-5.99,0.0,0.0,-6.0,-12.0,0.0 (cmd 0.0),0.0 (cmd 0.0)
1.2933000000000001,-17.48,0.0,0.0,-4.94,0.0,0.0,-4.9,-17.5,0.0 (cmd 0.0),0.0 (cmd 0.0)
1.2938,-23.05,0.0,0.0,-2.66,0.0,0.0,-2.7,-23.1,0.0 (cmd 0.0),0.0 (cmd 0.0)
1.2943000000000002,-26.89,0.0,0.0,-2.73,0.0,0.0,-2.7,-26.9,0.0 (cmd 0.0),0.0 (cmd 0.0)
1.2948,-28.6,0.0,0.0,-3.33,0.0,0.0,-3.3,-28.6,0.0 (cmd 0.0),0.0 (cmd 0.0)
1.2953,-28.85,0.0,0.0,-3.45,0.0,0.0,-3.5,-28.9,0.0 (cmd 0.0),0.0 (cmd 0.0)
1.2958000000000003,-28.34,0.0,0.0,-3.37,0.0,0.0,-3.4,-28.3,0.0 (cmd 0.0),0.0 (cmd 0.0)
1.2963,-21.11,0.0,0.0,-3.19,0.0,0.0,-3.2,-21.1,0.0 (cmd 0.0),0.0 (cmd 0.0)
1.2968000000000002,-16.08,0.0,0.0,-3.19,0.0,0.0,-3.2,-16.1,0.0 (cmd 0.0),0.0 (cmd 0.0)
1.2973,-7.89,0.0,0.0,-3.39,0.0,0.0,-3.4,-7.9,0.0 (cmd 0.0),0.0 (cmd 0.0)
1.2978,0.49,0.0,0.0,-4.17,0.0,0.0,-4.2,0.5,0.0 (cmd 0.0),0.0 (cmd 0.0)
1.2983000000000002,5.82,0.0,0.0,-5.99,0.0,0.0,-6.0,5.8,0.0 (cmd 0.0),0.0 (cmd 0.0)
1.2988,7.34,0.0,0.0,-10.16,0.0,0.0,-10.2,7.3,0.0 (cmd 0.0),0.0 (cmd 0.0)
1.2993000000000001,7.19,0.0,0.0,-15.16,0.0,0.0,-15.2,7.2,0.0 (cmd 0.0),0.0 (cmd 0.0)
1.2997999999999998,6.85,0.0,0.0,-24.65,0.0,0.0,-24.6,6.8,0.0 (cmd 0.0),0.0 (cmd 0.0)
1.3003,6.61,0.0,0.0,-27.68,0.0,0.0,-27.7,6.6,0.0 (cmd 0.0),0.0 (cmd 0.0)
1.3008000000000002,6.63,0.0,0.0,-35.28,0.0,0.0,-35.3,6.6,0.0 (cmd 0.0),0.0 (cmd 0.0)
1.3013,8.37,0.0,0.0,-39.23,0.0,0.0,-39.2,8.4,0.0 (cmd 0.0),0.0 (cmd 0.0)
1.3018000000000003,8.79,0.0,0.0,-41.59,0.0,0.0,-41.6,8.8,0.0 (cmd 0.0),0.0 (cmd 0.0)
1.3023,8.74,0.0,0.0,-40.74,0.0,0.0,-40.7,8.7,0.0 (cmd 0.0),0.0 (cmd 0.0)
1.3028,8.58,0.0,0.0,-38.85,0.0,0.0,-38.9,8.6,0.0 (cmd 0.0),0.0 (cmd 0.0)
1.3033000000000001,8.27,0.0,0.0,-35.58,0.0,0.0,-35.6,8.3,0.0 (cmd 0.0),0.0 (cmd 0.0)
1.3037999999999998,7.81,0.0,0.0,-29.2,0.0,0.0,-29.2,7.8,0.0 (cmd 0.0),0.0 (cmd 0.0)
1.3043000000000002,7.11,0.0,0.0,-22.63,0.0,0.0,-22.6,7.1,0.0 (cmd 0.0),0.0 (cmd 0.0)
1.3048,5.55,0.0,0.0,-13.6,0.0,0.0,-13.6,5.5,0.0 (cmd 0.0),0.0 (cmd 0.0)
1.3053,-4.11,0.0,0.0,-12.1,0.0,0.0,-12.1,-4.1,0.0 (cmd 0.0),0.0 (cmd 0.0)
1.3058,-14.2,0.0,0.0,-11.37,0.0,0.0,-11.4,-14.2,0.0 (cmd 0.0),0.0 (cmd 0.0)
1.3063,-21.46,0.0,0.0,-10.24,0.0,0.0,-10.2,-21.5,0.0 (cmd 0.0),0.0 (cmd 0.0)
1.3068000000000002,-26.03,0.0,0.0,-8.47,0.0,0.0,-8.5,-26.0,0.0 (cmd 0.0),0.0 (cmd 0.0)
1.3073,-28.04,0.0,0.0,-6.84,0.0,0.0,-6.8,-28.0,0.0 (cmd 0.0),0.0 (cmd 0.0)
1.3077999999999999,-30.86,0.0,0.0,-6.31,0.0,0.0,-6.3,-30.9,0.0 (cmd 0.0),0.0 (cmd 0.0)
1.3083000000000002,-30.75,0.0,0.0,-5.74,0.0,0.0,-5.7,-30.8,0.0 (cmd 0.0),0.0 (cmd 0.0)
1.3088,-28.98,0.0,0.0,-5.31,0.0,0.0,-5.3,-29.0,0.0 (cmd 0.0),0.0 (cmd 0.0)
1.3093000000000001,-24.99,0.0,0.0,-5.25,0.0,0.0,-5.2,-25.0,0.0 (cmd 0.0),0.0 (cmd 0.0)
1.3097999999999999,-19.82,0.0,0.0,-5.45,0.0,0.0,-5.5,-19.8,0.0 (cmd 0.0),0.0 (cmd 0.0)
1.3103,-14.53,0.0,0.0,-5.9,0.0,0.0,-5.9,-14.5,0.0 (cmd 0.0),0.0 (cmd 0.0)
1.3108000000000002,-5.84,0.0,0.0,-6.74,0.0,0.0,-6.7,-5.8,0.0 (cmd 0.0),0.0 (cmd 0.0)
1.3113,-1.94,0.0,0.0,-7.78,0.0,0.0,-7.8,-1.9,0.0 (cmd 0.0),0.0 (cmd 0.0)
1.3118,2.99,0.0,0.0,-10.52,0.0,0.0,-10.5,3.0,0.0 (cmd 0.0),0.0 (cmd 0.0)
1.3123,5.18,0.0,0.0,-13.5,0.0,0.0,-13.5,5.2,0.0 (cmd 0.0),0.0 (cmd 0.0)
1.3128,5.9,0.0,0.0,-21.97,0.0,0.0,-22.0,5.9,0.0 (cmd 0.0),0.0 (cmd 0.0)
1.3133000000000001,5.06,0.0,0.0,-29.72,0.0,0.0,-29.7,5.1,0.0 (cmd 0.0),0.0 (cmd 0.0)
1.3137999999999999,3.83,0.0,0.0,-33.96,0.0,0.0,-34.0,3.8,0.0 (cmd 0.0),0.0 (cmd 0.0)
1.3143000000000002,3.64,0.0,0.0,-40.07,0.0,0.0,-40.1,3.6,0.0 (cmd 0.0),0.0 (cmd 0.0)
1.3148,4.45,0.0,0.0,-42.48,0.0,0.0,-42.5,4.5,0.0 (cmd 0.0),0.0 (cmd 0.0)
1.3153,5.36,0.0,0.0,-43.98,0.0,0.0,-44.0,5.4,0.0 (cmd 0.0),0.0 (cmd 0.0)
1.3158,6.48,0.0,0.0,-43.71,0.0,0.0,-43.7,6.5,0.0 (cmd 0.0),0.0 (cmd 0.0)
1.3163,8.35,0.0,0.0,-41.85,0.0,0.0,-41.9,8.3,0.0 (cmd 0.0),0.0 (cmd 0.0)
1.3168000000000002,9.02,0.0,0.0,-39.6,0.0,0.0,-39.6,9.0,0.0 (cmd 0.0),0.0 (cmd 0.0)
1.3173,9.28,0.0,0.0,-33.93,0.0,0.0,-33.9,9.3,0.0 (cmd 0.0),0.0 (cmd 0.0)
1.3177999999999999,9.42,0.0,0.0,-28.78,0.0,0.0,-28.8,9.4,0.0 (cmd 0.0),0.0 (cmd 0.0)
1.3183000000000002,9.5,0.0,0.0,-21.14,0.0,0.0,-21.1,9.5,0.0 (cmd 0.0),0.0 (cmd 0.0)
1.3188,9.39,0.0,0.0,-14.57,0.0,0.0,-14.6,9.4,0.0 (cmd 0.0),0.0 (cmd 0.0)
1.3193000000000001,8.77,0.0,0.0,-10.06,0.0,0.0,-10.1,8.8,0.0 (cmd 0.0),0.0 (cmd 0.0)
1.3197999999999999,7.83,0.0,0.0,-8.99,0.0,0.0,-9.0,7.8,0.0 (cmd 0.0),0.0 (cmd 0.0)
1.3203,-10.07,0.0,0.0,-6.81,0.0,0.0,-6.8,-10.1,0.0 (cmd 0.0),0.0 (cmd 0.0)
1.3208000000000002,-14.09,0.0,0.0,-4.74,0.0,0.0,-4.7,-14.1,0.0 (cmd 0.0),0.0 (cmd 0.0)
1.3213,-19.98,0.0,0.0,-2.19,0.0,0.0,-2.2,-20.0,0.0 (cmd 0.0),0.0 (cmd 0.0)
1.3218,-24.69,0.0,0.0,-2.2,0.0,0.0,-2.2,-24.7,0.0 (cmd 0.0),0.0 (cmd 0.0)
1.3223,-26.28,0.0,0.0,-3.55,0.0,0.0,-3.5,-26.3,0.0 (cmd 0.0),0.0 (cmd 0.0)
1.3228,-25.39,0.0,0.0,-4.14,0.0,0.0,-4.1,-25.4,0.0 (cmd 0.0),0.0 (cmd 0.0)
1.3233000000000001,-24.16,0.0,0.0,-3.41,0.0,0.0,-3.4,-24.2,0.0 (cmd 0.0),0.0 (cmd 0.0)
1.3237999999999999,-18.57,0.0,0.0,-2.73,0.0,0.0,-2.7,-18.6,0.0 (cmd 0.0),0.0 (cmd 0.0)
1.3243000000000003,-11.69,0.0,0.0,-2.36,0.0,0.0,-2.4,-11.7,0.0 (cmd 0.0),0.0 (cmd 0.0)
1.3248,-2.34,0.0,0.0,-2.85,0.0,0.0,-2.9,-2.3,0.0 (cmd 0.0),0.0 (cmd 0.0)
1.3253,1.3,0.0,0.0,-3.75,0.0,0.0,-3.8,1.3,0.0 (cmd 0.0),0.0 (cmd 0.0)
1.3258,8.08,0.0,0.0,-6.91,0.0,0.0,-6.9,8.1,0.0 (cmd 0.0),0.0 (cmd 0.0)
1.3263,7.33,0.0,0.0,-13.74,0.0,0.0,-13.7,7.3,0.0 (cmd 0.0),0.0 (cmd 0.0)
1.3268000000000002,7.13,0.0,0.0,-16.64,0.0,0.0,-16.6,7.1,0.0 (cmd 0.0),0.0 (cmd 0.0)
1.3273,8.76,0.0,0.0,-21.27,0.0,0.0,-21.3,8.8,0.0 (cmd 0.0),0.0 (cmd 0.0)
1.3277999999999999,10.8,0.0,0.0,-33.73,0.0,0.0,-33.7,10.8,0.0 (cmd 0.0),0.0 (cmd 0.0)
1.3283000000000003,11.03,0.0,0.0,-38.89,0.0,0.0,-38.9,11.0,0.0 (cmd 0.0),0.0 (cmd 0.0)
1.3288,9.97,0.0,0.0,-41.01,0.0,0.0,-41.0,10.0,0.0 (cmd 0.0),0.0 (cmd 0.0)
1.3293000000000001,9.68,0.0,0.0,-42.05,0.0,0.0,-42.0,9.7,0.0 (cmd 0.0),0.0 (cmd 0.0)
1.3297999999999999,9.97,0.0,0.0,-42.12,0.0,0.0,-42.1,10.0,0.0 (cmd 0.0),0.0 (cmd 0.0)
1.3303,10.66,0.0,0.0,-39.28,0.0,0.0,-39.3,10.7,0.0 (cmd 0.0),0.0 (cmd 0.0)
1.3308000000000002,10.91,0.0,0.0,-36.27,0.0,0.0,-36.3,10.9,0.0 (cmd 0.0),0.0 (cmd 0.0)
1.3313,11.08,0.0,0.0,-29.31,0.0,0.0,-29.3,11.1,0.0 (cmd 0.0),0.0 (cmd 0.0)
1.3318,11.26,0.0,0.0,-22.48,0.0,0.0,-22.5,11.3,0.0 (cmd 0.0),0.0 (cmd 0.0)
1.3323,11.83,0.0,0.0,-14.4,0.0,0.0,-14.4,11.8,0.0 (cmd 0.0),0.0 (cmd 0.0)
1.3328,10.97,0.0,0.0,-6.21,0.0,0.0,-6.2,11.0,0.0 (cmd 0.0),0.0 (cmd 0.0)
1.3333000000000002,9.63,0.0,0.0,-5.36,0.0,0.0,-5.4,9.6,0.0 (cmd 0.0),0.0 (cmd 0.0)
1.3337999999999999,4.22,0.0,0.0,-5.57,0.0,0.0,-5.6,4.2,0.0 (cmd 0.0),0.0 (cmd 0.0)
1.3343000000000003,-1.06,0.0,0.0,-5.71,0.0,0.0,-5.7,-1.1,0.0 (cmd 0.0),0.0 (cmd 0.0)
1.3348,-8.05,0.0,0.0,-4.79,0.0,0.0,-4.8,-8.1,0.0 (cmd 0.0),0.0 (cmd 0.0)
1.3353,-19.6,0.0,0.0,-3.6,0.0,0.0,-3.6,-19.6,0.0 (cmd 0.0),0.0 (cmd 0.0)
1.3358,-21.8,0.0,0.0,-2.5,0.0,0.0,-2.5,-21.8,0.0 (cmd 0.0),0.0 (cmd 0.0)
1.3363,-24.71,0.0,0.0,-2.97,0.0,0.0,-3.0,-24.7,0.0 (cmd 0.0),0.0 (cmd 0.0)
1.3368000000000002,-25.94,0.0,0.0,-3.69,0.0,0.0,-3.7,-25.9,0.0 (cmd 0.0),0.0 (cmd 0.0)
1.3373,-26.33,0.0,0.0,-3.77,0.0,0.0,-3.8,-26.3,0.0 (cmd 0.0),0.0 (cmd 0.0)
1.3377999999999999,-24.53,0.0,0.0,-3.65,0.0,0.0,-3.6,-24.5,0.0 (cmd 0.0),0.0 (cmd 0.0)
1.3383000000000003,-21.26,0.0,0.0,-3.14,0.0,0.0,-3.1,-21.3,0.0 (cmd 0.0),0.0 (cmd 0.0)
1.3388,-3.75,0.0,0.0,-2.82,0.0,0.0,-2.8,-3.8,0.0 (cmd 0.0),0.0 (cmd 0.0)
1.3393000000000002,4.73,0.0,0.0,-2.64,0.0,0.0,-2.6,4.7,0.0 (cmd 0.0),0.0 (cmd 0.0)
1.3397999999999999,10.17,0.0,0.0,-3.47,0.0,0.0,-3.5,10.2,0.0 (cmd 0.0),0.0 (cmd 0.0)
1.3403,10.67,0.0,0.0,-5.55,0.0,0.0,-5.5,10.7,0.0 (cmd 0.0),0.0 (cmd 0.0)
1.3408000000000002,10.88,0.0,0.0,-9.53,0.0,0.0,-9.5,10.9,0.0 (cmd 0.0),0.0 (cmd 0.0)
1.3413,10.0,0.0,0.0,-14.11,0.0,0.0,-14.1,10.0,0.0 (cmd 0.0),0.0 (cmd 0.0)
1.3418,11.2,0.0,0.0,-20.04,0.0,0.0,-20.0,11.2,0.0 (cmd 0.0),0.0 (cmd 0.0)
1.3423,13.06,0.0,0.0,-26.37,0.0,0.0,-26.4,13.1,0.0 (cmd 0.0),0.0 (cmd 0.0)
1.3428,13.15,0.0,0.0,-32.24,0.0,0.0,-32.2,13.2,0.0 (cmd 0.0),0.0 (cmd 0.0)
1.3433000000000002,12.91,0.0,0.0,-35.74,0.0,0.0,-35.7,12.9,0.0 (cmd 0.0),0.0 (cmd 0.0)
1.3437999999999999,12.23,0.0,0.0,-39.21,0.0,0.0,-39.2,12.2,0.0 (cmd 0.0),0.0 (cmd 0.0)
1.3443000000000003,11.34,0.0,0.0,-40.47,0.0,0.0,-40.5,11.3,0.0 (cmd 0.0),0.0 (cmd 0.0)
1.3448,10.83,0.0,0.0,-40.06,0.0,0.0,-40.1,10.8,0.0 (cmd 0.0),0.0 (cmd 0.0)
1.3453,10.55,0.0,0.0,-37.44,0.0,0.0,-37.4,10.6,0.0 (cmd 0.0),0.0 (cmd 0.0)
1.3458,10.92,0.0,0.0,-34.05,0.0,0.0,-34.0,10.9,0.0 (cmd 0.0),0.0 (cmd 0.0)
1.3463,12.01,0.0,0.0,-29.32,0.0,0.0,-29.3,12.0,0.0 (cmd 0.0),0.0 (cmd 0.0)
1.3468000000000002,12.46,0.0,0.0,-21.43,0.0,0.0,-21.4,12.5,0.0 (cmd 0.0),0.0 (cmd 0.0)
1.3473,12.6,0.0,0.0,-13.48,0.0,0.0,-13.5,12.6,0.0 (cmd 0.0),0.0 (cmd 0.0)
1.3477999999999999,12.1,0.0,0.0,-12.35,0.0,0.0,-12.3,12.1,0.0 (cmd 0.0),0.0 (cmd 0.0)
1.3483000000000003,10.29,0.0,0.0,-11.55,0.0,0.0,-11.6,10.3,0.0 (cmd 0.0),0.0 (cmd 0.0)
1.3488,5.11,0.0,0.0,-9.29,0.0,0.0,-9.3,5.1,0.0 (cmd 0.0),0.0 (cmd 0.0)
1.3493000000000002,1.64,0.0,0.0,-6.68,0.0,0.0,-6.7,1.6,0.0 (cmd 0.0),0.0 (cmd 0.0)
1.3497999999999999,-6.61,-270.95,0.0,-5.38,0.0,0.0,-5.4,-6.6,0.0 (cmd -270.9),0.0 (cmd 0.0)
1.3503,-12.96,0.0,0.0,-3.88,0.0,0.0,-3.9,-13.0,0.0 (cmd 0.0),0.0 (cmd 0.0)
1.3508000000000002,-15.82,0.0,0.0,-3.7,48.1,0.0,-3.7,-15.8,0.0 (cmd 0.0),0.0 (cmd 48.1)
1.3513,-17.75,0.0,0.0,-4.04,0.0,0.0,-4.0,-17.8,0.0 (cmd 0.0),0.0 (cmd 0.0)
1.3518000000000001,-20.14,0.0,0.0,-4.0,-0.01,0.0,-4.0,-20.1,0.0 (cmd 0.0),0.0 (cmd -0.0)
1.3523,-19.21,0.0,0.0,-3.76,0.0,0.0,-3.8,-19.2,0.0 (cmd 0.0),0.0 (cmd 0.0)
1.3528,-16.21,0.0,0.0,-3.42,0.0,0.0,-3.4,-16.2,0.0 (cmd 0.0),0.0 (cmd 0.0)
1.3533000000000002,-14.68,-84.67,0.0,-2.83,0.0,0.0,-2.8,-14.7,0.0 (cmd -84.7),0.0 (cmd 0.0)
1.3538,-11.79,-2.98,0.0,-2.43,191.56,0.0,-2.4,-11.8,0.0 (cmd -3.0),0.0 (cmd 191.6)
1.3543000000000003,-0.1,-0.01,0.0,-2.45,0.01,0.0,-2.5,-0.1,0.0 (cmd -0.0),0.0 (cmd 0.0)
1.3548,5.29,0.04,0.0,-3.01,0.0,0.0,-3.0,5.3,0.0 (cmd 0.0),0.0 (cmd 0.0)
1.3553,6.24,-215.88,0.0,-3.8,-0.01,0.0,-3.8,6.2,0.0 (cmd -215.9),0.0 (cmd -0.0)
1.3558000000000001,7.97,0.0,0.0,-4.23,215.81,0.0,-4.2,8.0,0.0 (cmd 0.0),0.0 (cmd 215.8)
1.3563,8.31,0.0,0.0,-4.95,283.45,0.0,-5.0,8.3,0.0 (cmd 0.0),0.0 (cmd 283.4)
1.3568000000000002,9.96,0.0,0.0,-6.26,0.0,0.0,-6.3,10.0,0.0 (cmd 0.0),0.0 (cmd 0.0)
1.3573,10.87,-0.01,0.0,-8.04,0.0,0.0,-8.0,10.9,0.0 (cmd -0.0),0.0 (cmd 0.0)
1.3578,11.62,0.0,0.0,-12.18,-224.41,0.0,-12.2,11.6,0.0 (cmd 0.0),0.0 (cmd -224.4)
1.3583000000000003,11.75,0.0,0.0,-15.85,-308.65,0.0,-15.8,11.8,0.0 (cmd 0.0),0.0 (cmd -308.6)
1.3588,12.26,0.0,0.0,-18.35,-0.01,0.0,-18.4,12.3,0.0 (cmd 0.0),0.0 (cmd -0.0)
1.3593000000000002,12.6,0.0,0.0,-20.6,0.0,0.0,-20.6,12.6,0.0 (cmd 0.0),0.0 (cmd 0.0)
1.3598,12.46,0.0,0.0,-20.8,0.0,0.0,-20.8,12.5,0.0 (cmd 0.0),0.0 (cmd 0.0)
1.3603,11.9,0.0,0.0,-20.27,0.0,0.0,-20.3,11.9,0.0 (cmd 0.0),0.0 (cmd 0.0)
1.3608000000000002,11.89,0.0,0.0,-19.31,0.0,0.0,-19.3,11.9,0.0 (cmd 0.0),0.0 (cmd 0.0)
1.3613,11.93,0.0,0.0,-19.83,0.0,0.0,-19.8,11.9,0.0 (cmd 0.0),0.0 (cmd 0.0)
1.3618000000000001,12.05,0.0,0.0,-20.35,0.0,0.0,-20.4,12.1,0.0 (cmd 0.0),0.0 (cmd 0.0)
1.3622999999999998,12.32,-0.01,0.0,-21.76,0.0,0.0,-21.8,12.3,0.0 (cmd -0.0),0.0 (cmd 0.0)
1.3628,12.41,-0.01,0.0,-22.83,0.0,0.0,-22.8,12.4,0.0 (cmd -0.0),0.0 (cmd 0.0)
1.3633000000000002,12.61,0.0,0.0,-23.3,-0.01,0.0,-23.3,12.6,0.0 (cmd 0.0),0.0 (cmd -0.0)
1.3638,12.62,0.0,0.0,-23.65,0.0,0.0,-23.6,12.6,0.0 (cmd 0.0),0.0 (cmd 0.0)
1.3643000000000003,12.59,0.0,0.0,-24.0,0.0,0.0,-24.0,12.6,0.0 (cmd 0.0),0.0 (cmd 0.0)
1.3648,12.8,-0.01,0.0,-25.1,0.0,0.0,-25.1,12.8,0.0 (cmd -0.0),0.0 (cmd 0.0)
1.3653,13.29,0.0,0.0,-25.29,0.0,0.0,-25.3,13.3,0.0 (cmd 0.0),0.0 (cmd 0.0)
1.3658000000000001,13.5,-0.75,0.0,-26.46,0.0,0.0,-26.5,13.5,0.0 (cmd -0.8),0.0 (cmd 0.0)
1.3662999999999998,13.59,-0.01,0.0,-26.86,-0.01,0.0,-26.9,13.6,0.0 (cmd -0.0),0.0 (cmd -0.0)
1.3668000000000002,13.87,0.0,0.0,-27.1,0.0,0.0,-27.1,13.9,0.0 (cmd 0.0),0.0 (cmd 0.0)
1.3673,14.0,-0.01,0.0,-27.25,274.3,0.0,-27.2,14.0,0.0 (cmd -0.0),0.0 (cmd 274.3)
1.3678,14.09,0.0,0.0,-27.47,0.0,0.0,-27.5,14.1,0.0 (cmd 0.0),0.0 (cmd 0.0)
1.3683,14.17,-0.01,0.0,-28.38,-0.01,0.0,-28.4,14.2,0.0 (cmd -0.0),0.0 (cmd -0.0)
1.3688,14.24,0.0,0.0,-28.93,-0.01,0.0,-28.9,14.2,0.0 (cmd 0.0),0.0 (cmd -0.0)
1.3693000000000002,14.24,0.0,0.0,-29.25,0.0,0.0,-29.2,14.2,0.0 (cmd 0.0),0.0 (cmd 0.0)
1.3698,14.28,192.22,0.0,-29.63,-0.01,0.0,-29.6,14.3,0.0 (cmd 192.2),0.0 (cmd -0.0)
1.3702999999999999,14.34,-0.01,0.0,-29.88,0.0,0.0,-29.9,14.3,0.0 (cmd -0.0),0.0 (cmd 0.0)
1.3708000000000002,14.19,-0.01,0.0,-29.99,0.0,0.0,-30.0,14.2,0.0 (cmd -0.0),0.0 (cmd 0.0)
1.3713,14.53,0.0,0.0,-32.98,0.0,0.0,-33.0,14.5,0.0 (cmd 0.0),0.0 (cmd 0.0)
1.3718000000000001,14.98,0.0,0.0,-38.26,-0.01,0.0,-38.3,15.0,0.0 (cmd 0.0),0.0 (cmd -0.0)
1.3722999999999999,15.28,-0.01,0.0,-41.79,0.0,0.0,-41.8,15.3,0.0 (cmd -0.0),0.0 (cmd 0.0)
1.3728,15.64,0.0,0.0,-44.37,0.0,0.0,-44.4,15.6,0.0 (cmd 0.0),0.0 (cmd 0.0)
1.3733000000000002,15.3,0.0,0.0,-46.36,6.0,0.0,-46.4,15.3,0.0 (cmd 0.0),0.0 (cmd 6.0)
1.3738,14.65,0.0,0.0,-46.88,0.0,0.0,-46.9,14.7,0.0 (cmd 0.0),0.0 (cmd 0.0)
1.3743,14.45,0.0,0.0,-45.94,0.0,0.0,-45.9,14.4,0.0 (cmd 0.0),0.0 (cmd 0.0)
1.3748,14.38,-0.01,0.0,-44.1,-0.01,0.0,-44.1,14.4,0.0 (cmd -0.0),0.0 (cmd -0.0)
1.3753,13.99,0.0,0.0,-39.64,-0.01,0.0,-39.6,14.0,0.0 (cmd 0.0),0.0 (cmd -0.0)
1.3758000000000001,13.62,0.0,0.0,-32.26,0.0,0.0,-32.3,13.6,0.0 (cmd 0.0),0.0 (cmd 0.0)
1.3762999999999999,13.33,0.0,0.0,-25.01,0.0,0.0,-25.0,13.3,0.0 (cmd 0.0),0.0 (cmd 0.0)
1.3768000000000002,13.03,0.0,0.0,-13.79,0.0,0.0,-13.8,13.0,0.0 (cmd 0.0),0.0 (cmd 0.0)
1.3773,11.94,0.01,0.0,-9.18,0.0,0.0,-9.2,11.9,0.0 (cmd 0.0),0.0 (cmd 0.0)
1.3778,5.45,0.0,0.0,-9.18,-0.01,0.0,-9.2,5.5,0.0 (cmd 0.0),0.0 (cmd -0.0)
1.3783,-1.56,0.0,0.0,-7.15,0.0,0.0,-7.2,-1.6,0.0 (cmd 0.0),0.0 (cmd 0.0)
1.3788,-8.81,0.0,0.0,-5.49,0.0,0.0,-5.5,-8.8,0.0 (cmd 0.0),0.0 (cmd 0.0)
1.3793000000000002,-11.7,0.0,0.0,-3.95,0.0,0.0,-4.0,-11.7,0.0 (cmd 0.0),0.0 (cmd 0.0)
1.3798,-16.87,0.0,0.0,-2.62,0.0,0.0,-2.6,-16.9,0.0 (cmd 0.0),0.0 (cmd 0.0)
1.3802999999999999,-19.88,-0.09,0.0,-2.37,0.0,0.0,-2.4,-19.9,0.0 (cmd -0.1),0.0 (cmd 0.0)
1.3808000000000002,-23.37,0.37,0.0,-2.56,0.0,0.0,-2.6,-23.4,0.0 (cmd 0.4),0.0 (cmd 0.0)
1.3813,-23.88,-150.36,0.0,-2.34,295.06,0.0,-2.3,-23.9,0.0 (cmd -150.4),0.0 (cmd 295.1)
1.3818000000000001,-23.27,0.0,0.0,-2.18,0.0,0.0,-2.2,-23.3,0.0 (cmd 0.0),0.0 (cmd 0.0)
1.3822999999999999,-16.38,-0.01,0.0,-2.13,0.0,0.0,-2.1,-16.4,0.0 (cmd -0.0),0.0 (cmd 0.0)
1.3828,-11.22,-0.01,0.0,-2.47,0.0,0.0,-2.5,-11.2,0.0 (cmd -0.0),0.0 (cmd 0.0)
1.3833000000000002,-3.16,0.0,0.0,-3.27,0.0,0.0,-3.3,-3.2,0.0 (cmd 0.0),0.0 (cmd 0.0)
1.3838,0.02,3.0,0.0,-5.36,0.0,0.0,-5.4,0.0,0.0 (cmd 3.0),0.0 (cmd 0.0)
1.3843,4.79,-0.01,0.0,-10.52,0.0,0.0,-10.5,4.8,0.0 (cmd -0.0),0.0 (cmd 0.0)
1.3848,10.41,0.0,0.0,-17.6,0.0,0.0,-17.6,10.4,0.0 (cmd 0.0),0.0 (cmd 0.0)
1.3853,11.79,0.0,0.0,-23.94,0.0,0.0,-23.9,11.8,0.0 (cmd 0.0),0.0 (cmd 0.0)
1.3858000000000001,13.35,0.0,0.0,-30.15,-0.01,0.0,-30.1,13.3,0.0 (cmd 0.0),0.0 (cmd -0.0)
1.3862999999999999,13.54,0.0,0.0,-35.12,0.0,0.0,-35.1,13.5,0.0 (cmd 0.0),0.0 (cmd 0.0)
1.3868000000000003,12.41,0.0,0.0,-37.55,-0.01,0.0,-37.5,12.4,0.0 (cmd 0.0),0.0 (cmd -0.0)
1.3873,11.67,0.0,0.0,-39.52,-0.01,0.0,-39.5,11.7,0.0 (cmd 0.0),0.0 (cmd -0.0)
1.3878,11.68,0.0,0.0,-40.16,0.0,0.0,-40.2,11.7,0.0 (cmd 0.0),0.0 (cmd 0.0)
1.3883,12.2,-0.01,0.0,-39.95,0.0,0.0,-40.0,12.2,0.0 (cmd -0.0),0.0 (cmd 0.0)
1.3888,12.37,0.0,0.0,-37.62,0.0,0.0,-37.6,12.4,0.0 (cmd 0.0),0.0 (cmd 0.0)
1.3893000000000002,12.46,0.0,0.0,-34.53,0.0,0.0,-34.5,12.5,0.0 (cmd 0.0),0.0 (cmd 0.0)
1.3898,12.51,0.0,0.0,-28.11,-191.66,0.0,-28.1,12.5,0.0 (cmd 0.0),0.0 (cmd -191.7)
1.3902999999999999,12.55,-0.75,0.0,-23.93,0.0,0.0,-23.9,12.6,0.0 (cmd -0.8),0.0 (cmd 0.0)
1.3908000000000003,12.57,0.0,0.0,-19.45,0.0,0.0,-19.4,12.6,0.0 (cmd 0.0),0.0 (cmd 0.0)
1.3913,12.55,-0.01,0.0,-13.95,0.0,0.0,-13.9,12.6,0.0 (cmd -0.0),0.0 (cmd 0.0)
1.3918000000000001,12.5,0.0,0.0,-7.66,-0.01,0.0,-7.7,12.5,0.0 (cmd 0.0),0.0 (cmd -0.0)
1.3922999999999999,10.79,-0.01,0.0,-6.59,-0.01,0.0,-6.6,10.8,0.0 (cmd -0.0),0.0 (cmd -0.0)
1.3928,6.97,0.0,0.0,-5.29,0.0,0.0,-5.3,7.0,0.0 (cmd 0.0),0.0 (cmd 0.0)
1.3933000000000002,-1.44,-0.01,0.0,-3.58,0.0,0.0,-3.6,-1.4,0.0 (cmd -0.0),0.0 (cmd 0.0)
1.3938,-8.21,0.0,0.0,-2.96,0.0,0.0,-3.0,-8.2,0.0 (cmd 0.0),0.0 (cmd 0.0)
1.3943,-19.8,-0.01,0.0,-2.42,0.0,0.0,-2.4,-19.8,0.0 (cmd -0.0),0.0 (cmd 0.0)
1.3948,-20.95,0.0,0.0,-3.51,-137.41,0.0,-3.5,-20.9,0.0 (cmd 0.0),0.0 (cmd -137.4)
1.3953,-20.59,-0.01,0.0,-3.9,-0.01,0.0,-3.9,-20.6,0.0 (cmd -0.0),0.0 (cmd -0.0)
1.3958000000000002,-17.68,0.02,0.0,-3.71,0.0,0.0,-3.7,-17.7,0.0 (cmd 0.0),0.0 (cmd 0.0)
1.3962999999999999,-14.52,0.0,0.0,-3.3,0.0,0.0,-3.3,-14.5,0.0 (cmd 0.0),0.0 (cmd 0.0)
1.3968000000000003,-8.6,0.0,0.0,-3.23,0.0,0.0,-3.2,-8.6,0.0 (cmd 0.0),0.0 (cmd 0.0)
1.3973,-2.17,0.0,0.0,-3.5,-189.16,0.0,-3.5,-2.2,0.0 (cmd 0.0),0.0 (cmd -189.2)
1.3978,2.66,0.0,0.0,-4.34,-0.01,0.0,-4.3,2.7,0.0 (cmd 0.0),0.0 (cmd -0.0)
1.3983,9.75,-0.01,0.0,-5.44,0.0,0.0,-5.4,9.8,0.0 (cmd -0.0),0.0 (cmd 0.0)
1.3988,14.11,0.0,0.0,-6.38,0.0,0.0,-6.4,14.1,0.0 (cmd 0.0),0.0 (cmd 0.0)
1.3993000000000002,13.83,0.0,0.0,-9.91,-0.01,0.0,-9.9,13.8,0.0 (cmd 0.0),0.0 (cmd -0.0)
1.3998,13.52,0.0,0.0,-17.28,-0.01,0.0,-17.3,13.5,0.0 (cmd 0.0),0.0 (cmd -0.0)
1.4002999999999999,13.69,0.0,0.0,-23.26,-0.01,0.0,-23.3,13.7,0.0 (cmd 0.0),0.0 (cmd -0.0)
1.4008000000000003,15.14,0.0,0.0,-27.32,0.0,0.0,-27.3,15.1,0.0 (cmd 0.0),0.0 (cmd 0.0)
1.4013,15.63,-0.18,0.0,-31.66,0.0,0.0,-31.7,15.6,0.0 (cmd -0.2),0.0 (cmd 0.0)
1.4018000000000002,14.75,-0.01,0.0,-35.19,0.0,0.0,-35.2,14.8,0.0 (cmd -0.0),0.0 (cmd 0.0)
1.4022999999999999,14.2,-144.47,0.0,-37.77,0.0,0.0,-37.8,14.2,0.0 (cmd -144.5),0.0 (cmd 0.0)
1.4028,14.0,0.0,0.0,-38.95,0.0,0.0,-39.0,14.0,0.0 (cmd 0.0),0.0 (cmd 0.0)
1.4033000000000002,13.99,0.0,0.0,-39.33,270.39,0.0,-39.3,14.0,0.0 (cmd 0.0),0.0 (cmd 270.4)
1.4038,14.03,0.0,0.0,-39.02,0.0,0.0,-39.0,14.0,0.0 (cmd 0.0),0.0 (cmd 0.0)
1.4043,14.03,0.0,0.0,-36.08,0.0,0.0,-36.1,14.0,0.0 (cmd 0.0),0.0 (cmd 0.0)
1.4048,13.99,0.0,0.0,-29.85,0.0,0.0,-29.9,14.0,0.0 (cmd 0.0),0.0 (cmd 0.0)
1.4053,13.89,-0.01,0.0,-21.57,0.0,0.0,-21.6,13.9,0.0 (cmd -0.0),0.0 (cmd 0.0)
1.4058000000000002,13.76,0.04,0.0,-14.23,0.0,0.0,-14.2,13.8,0.0 (cmd 0.0),0.0 (cmd 0.0)
1.4062999999999999,14.85,-189.56,0.0,-10.96,0.0,0.0,-11.0,14.8,0.0 (cmd -189.6),0.0 (cmd 0.0)
1.4068000000000003,14.01,0.0,0.0,-9.44,-0.01,0.0,-9.4,14.0,0.0 (cmd 0.0),0.0 (cmd -0.0)
1.4073,13.28,-0.01,0.0,-7.17,-0.01,0.0,-7.2,13.3,0.0 (cmd -0.0),0.0 (cmd -0.0)
1.4078,11.8,0.0,0.0,-7.32,-0.01,0.0,-7.3,11.8,0.0 (cmd 0.0),0.0 (cmd -0.0)
1.4083,7.0,0.0,0.0,-7.12,0.0,0.0,-7.1,7.0,0.0 (cmd 0.0),0.0 (cmd 0.0)
1.4088,2.83,0.0,0.0,-6.38,0.0,0.0,-6.4,2.8,0.0 (cmd 0.0),0.0 (cmd 0.0)
1.4093000000000002,-6.67,-0.01,0.0,-5.01,0.0,0.0,-5.0,-6.7,0.0 (cmd -0.0),0.0 (cmd 0.0)
1.4098,-10.75,-0.01,0.0,-3.76,-0.01,0.0,-3.8,-10.8,0.0 (cmd -0.0),0.0 (cmd -0.0)
1.4102999999999999,-13.33,0.0,0.0,-3.56,0.0,0.0,-3.6,-13.3,0.0 (cmd 0.0),0.0 (cmd 0.0)
1.4108000000000003,-20.98,0.0,0.0,-3.98,0.0,0.0,-4.0,-21.0,0.0 (cmd 0.0),0.0 (cmd 0.0)
1.4113,-22.24,0.0,0.0,-4.21,0.0,0.0,-4.2,-22.2,0.0 (cmd 0.0),0.0 (cmd 0.0)
1.4118000000000002,-23.32,0.0,0.0,-4.32,0.0,0.0,-4.3,-23.3,0.0 (cmd 0.0),0.0 (cmd 0.0)
1.4122999999999999,-24.43,0.0,0.0,-4.14,0.0,0.0,-4.1,-24.4,0.0 (cmd 0.0),0.0 (cmd 0.0)
1.4128,-21.54,0.0,0.0,-3.91,0.0,0.0,-3.9,-21.5,0.0 (cmd 0.0),0.0 (cmd 0.0)
1.4133000000000002,-18.52,0.0,0.0,-3.84,0.0,0.0,-3.8,-18.5,0.0 (cmd 0.0),0.0 (cmd 0.0)
1.4138,-13.79,0.0,0.0,-3.72,0.0,0.0,-3.7,-13.8,0.0 (cmd 0.0),0.0 (cmd 0.0)
1.4143000000000001,-5.85,-0.01,0.0,-3.55,0.0,0.0,-3.5,-5.8,0.0 (cmd -0.0),0.0 (cmd 0.0)
1.4148,-2.39,-3.0,0.0,-3.48,-0.01,0.0,-3.5,-2.4,0.0 (cmd -3.0),0.0 (cmd -0.0)
1.4153,-0.07,0.0,0.0,-3.41,-0.01,0.0,-3.4,-0.1,0.0 (cmd 0.0),0.0 (cmd -0.0)
1.4158000000000002,2.16,0.0,0.0,-3.5,0.0,0.0,-3.5,2.2,0.0 (cmd 0.0),0.0 (cmd 0.0)
1.4163,6.2,0.0,0.0,-3.22,0.0,0.0,-3.2,6.2,0.0 (cmd 0.0),0.0 (cmd 0.0)
1.4168000000000003,5.91,0.0,0.0,-3.36,0.0,0.0,-3.4,5.9,0.0 (cmd 0.0),0.0 (cmd 0.0)
1.4173,8.57,0.0,0.0,-4.1,0.0,0.0,-4.1,8.6,0.0 (cmd 0.0),0.0 (cmd 0.0)
1.4178,9.75,0.0,0.0,-4.87,0.0,0.0,-4.9,9.8,0.0 (cmd 0.0),0.0 (cmd 0.0)
1.4183000000000001,10.46,0.0,0.0,-5.24,0.0,0.0,-5.2,10.5,0.0 (cmd 0.0),0.0 (cmd 0.0)
1.4188,11.16,0.0,0.0,-6.1,0.0,0.0,-6.1,11.2,0.0 (cmd 0.0),0.0 (cmd 0.0)
1.4193000000000002,11.47,0.0,0.0,-7.73,0.0,0.0,-7.7,11.5,0.0 (cmd 0.0),0.0 (cmd 0.0)
1.4198,11.96,0.0,0.0,-8.96,0.0,0.0,-9.0,12.0,0.0 (cmd 0.0),0.0 (cmd 0.0)
1.4203,12.73,0.0,0.0,-10.44,0.0,0.0,-10.4,12.7,0.0 (cmd 0.0),0.0 (cmd 0.0)
1.4208000000000003,14.07,0.0,0.0,-14.46,0.0,0.0,-14.5,14.1,0.0 (cmd 0.0),0.0 (cmd 0.0)
1.4213,14.93,0.0,0.0,-16.54,0.0,0.0,-16.5,14.9,0.0 (cmd 0.0),0.0 (cmd 0.0)
1.4218000000000002,14.86,0.0,0.0,-17.2,0.0,0.0,-17.2,14.9,0.0 (cmd 0.0),0.0 (cmd 0.0)
1.4223,14.71,0.0,0.0,-16.73,0.0,0.0,-16.7,14.7,0.0 (cmd 0.0),0.0 (cmd 0.0)
1.4228,14.36,0.0,0.0,-15.76,0.0,0.0,-15.8,14.4,0.0 (cmd 0.0),0.0 (cmd 0.0)
1.4233000000000002,14.24,0.0,0.0,-14.4,0.0,0.0,-14.4,14.2,0.0 (cmd 0.0),0.0 (cmd 0.0)
1.4238,14.17,0.0,0.0,-12.8,0.0,0.0,-12.8,14.2,0.0 (cmd 0.0),0.0 (cmd 0.0)
1.4243000000000001,14.17,0.0,0.0,-11.37,0.0,0.0,-11.4,14.2,0.0 (cmd 0.0),0.0 (cmd 0.0)
1.4247999999999998,14.11,0.0,0.0,-9.84,0.0,0.0,-9.8,14.1,0.0 (cmd 0.0),0.0 (cmd 0.0)
1.4253,13.33,0.0,0.0,-8.13,0.0,0.0,-8.1,13.3,0.0 (cmd 0.0),0.0 (cmd 0.0)
1.4258000000000002,12.37,0.0,0.0,-6.82,0.0,0.0,-6.8,12.4,0.0 (cmd 0.0),0.0 (cmd 0.0)
1.4263,10.79,0.0,0.0,-4.66,0.0,0.0,-4.7,10.8,0.0 (cmd 0.0),0.0 (cmd 0.0)
1.4268000000000003,10.2,0.0,0.0,-3.28,0.0,0.0,-3.3,10.2,0.0 (cmd 0.0),0.0 (cmd 0.0)
1.4273,7.34,0.0,0.0,-2.41,0.0,0.0,-2.4,7.3,0.0 (cmd 0.0),0.0 (cmd 0.0)
1.4278,5.69,0.0,0.0,-1.09,0.0,0.0,-1.1,5.7,0.0 (cmd 0.0),0.0 (cmd 0.0)
1.4283000000000001,4.11,0.0,0.0,-0.38,0.0,0.0,-0.4,4.1,0.0 (cmd 0.0),0.0 (cmd 0.0)
1.4287999999999998,3.19,0.0,0.0,0.06,0.0,0.0,0.1,3.2,0.0 (cmd 0.0),0.0 (cmd 0.0)
1.4293000000000002,2.46,0.0,0.0,0.58,0.0,0.0,0.6,2.5,0.0 (cmd 0.0),0.0 (cmd 0.0)
1.4298,1.53,0.0,0.0,0.9,0.0,0.0,0.9,1.5,0.0 (cmd 0.0),0.0 (cmd 0.0)
1.4303,0.78,0.0,0.0,1.42,0.0,0.0,1.4,0.8,0.0 (cmd 0.0),0.0 (cmd 0.0)
1.4308,0.17,0.0,0.0,1.86,0.0,0.0,1.9,0.2,0.0 (cmd 0.0),0.0 (cmd 0.0)
1.4313,2.16,0.0,0.0,2.04,0.0,0.0,2.0,2.2,0.0 (cmd 0.0),0.0 (cmd 0.0)
1.4319000000000002,3.56,0.0,0.0,1.79,0.0,0.0,1.8,3.6,0.0 (cmd 0.0),0.0 (cmd 0.0)
1.4324000000000001,7.12,0.0,0.0,0.0,0.0,0.0,0.0,7.1,0.0 (cmd 0.0),0.0 (cmd 0.0)
1.4328999999999998,7.61,0.0,0.0,-2.95,0.0,0.0,-3.0,7.6,0.0 (cmd 0.0),0.0 (cmd 0.0)
1.4334,7.84,0.0,0.0,-7.49,0.0,0.0,-7.5,7.8,0.0 (cmd 0.0),0.0 (cmd 0.0)
1.4339,8.04,0.0,0.0,-9.69,0.0,0.0,-9.7,8.0,0.0 (cmd 0.0),0.0 (cmd 0.0)
1.4344000000000001,8.57,0.0,0.0,-9.58,0.0,0.0,-9.6,8.6,0.0 (cmd 0.0),0.0 (cmd 0.0)
1.4349,8.0,0.0,0.0,-8.3,0.0,0.0,-8.3,8.0,0.0 (cmd 0.0),0.0 (cmd 0.0)
1.4353999999999998,7.44,0.0,0.0,-6.55,0.0,0.0,-6.5,7.4,0.0 (cmd 0.0),0.0 (cmd 0.0)
1.4359000000000002,7.91,0.0,0.0,-4.91,0.0,0.0,-4.9,7.9,0.0 (cmd 0.0),0.0 (cmd 0.0)
1.4364,8.79,0.0,0.0,-2.38,0.0,0.0,-2.4,8.8,0.0 (cmd 0.0),0.0 (cmd 0.0)
1.4369,9.59,0.0,0.0,1.86,0.0,0.0,1.9,9.6,0.0 (cmd 0.0),0.0 (cmd 0.0)
1.4374,10.11,0.0,0.0,4.2,0.0,0.0,4.2,10.1,0.0 (cmd 0.0),0.0 (cmd 0.0)
1.4379,11.42,0.0,0.0,4.34,0.0,0.0,4.3,11.4,0.0 (cmd 0.0),0.0 (cmd 0.0)
1.4384000000000001,11.42,0.0,0.0,3.75,0.0,0.0,3.8,11.4,0.0 (cmd 0.0),0.0 (cmd 0.0)
1.4388999999999998,12.97,0.0,0.0,4.15,0.0,0.0,4.2,13.0,0.0 (cmd 0.0),0.0 (cmd 0.0)
1.4394,13.28,0.0,0.0,4.34,0.0,0.0,4.3,13.3,0.0 (cmd 0.0),0.0 (cmd 0.0)
1.4399000000000002,13.67,0.0,0.0,4.07,0.0,0.0,4.1,13.7,0.0 (cmd 0.0),0.0 (cmd 0.0)
1.4404,13.95,0.0,0.0,3.86,0.0,0.0,3.9,13.9,0.0 (cmd 0.0),0.0 (cmd 0.0)
1.4409,14.07,0.0,0.0,3.74,0.0,0.0,3.7,14.1,0.0 (cmd 0.0),0.0 (cmd 0.0)
1.4413999999999998,13.78,0.0,0.0,3.58,0.0,0.0,3.6,13.8,0.0 (cmd 0.0),0.0 (cmd 0.0)
1.4419000000000002,13.4,0.0,0.0,3.75,0.0,0.0,3.8,13.4,0.0 (cmd 0.0),0.0 (cmd 0.0)
1.4424000000000001,13.18,0.0,0.0,3.95,0.0,0.0,4.0,13.2,0.0 (cmd 0.0),0.0 (cmd 0.0)
1.4428999999999998,13.22,0.0,0.0,3.97,0.0,0.0,4.0,13.2,0.0 (cmd 0.0),0.0 (cmd 0.0)
1.4434,13.3,0.0,0.0,3.94,0.0,0.0,3.9,13.3,0.0 (cmd 0.0),0.0 (cmd 0.0)
1.4439,13.68,0.0,0.0,3.89,0.0,0.0,3.9,13.7,0.0 (cmd 0.0),0.0 (cmd 0.0)
1.4444000000000001,13.67,0.0,0.0,3.8,0.0,0.0,3.8,13.7,0.0 (cmd 0.0),0.0 (cmd 0.0)
1.4449,13.65,0.0,0.0,3.69,0.0,0.0,3.7,13.7,0.0 (cmd 0.0),0.0 (cmd 0.0)
1.4453999999999998,13.57,0.0,0.0,3.57,0.0,0.0,3.6,13.6,0.0 (cmd 0.0),0.0 (cmd 0.0)
1.4459000000000002,13.42,0.0,0.0,3.38,0.0,0.0,3.4,13.4,0.0 (cmd 0.0),0.0 (cmd 0.0)
1.4464,13.3,0.0,0.0,3.2,0.0,0.0,3.2,13.3,0.0 (cmd 0.0),0.0 (cmd 0.0)
1.4469,13.2,0.0,0.0,3.0,0.0,0.0,3.0,13.2,0.0 (cmd 0.0),0.0 (cmd 0.0)
1.4474,13.08,0.0,0.0,2.78,0.0,0.0,2.8,13.1,0.0 (cmd 0.0),0.0 (cmd 0.0)
1.4479,12.92,0.0,0.0,2.56,0.0,0.0,2.6,12.9,0.0 (cmd 0.0),0.0 (cmd 0.0)
1.4484000000000001,12.59,0.0,0.0,2.4,0.0,0.0,2.4,12.6,0.0 (cmd 0.0),0.0 (cmd 0.0)
1.4488999999999999,12.41,0.0,0.0,2.25,0.0,0.0,2.2,12.4,0.0 (cmd 0.0),0.0 (cmd 0.0)
1.4494,12.63,0.0,0.0,1.92,0.0,0.0,1.9,12.6,0.0 (cmd 0.0),0.0 (cmd 0.0)
1.4499000000000002,12.96,0.0,0.0,1.75,0.0,0.0,1.8,13.0,0.0 (cmd 0.0),0.0 (cmd 0.0)
1.4504,13.22,0.0,0.0,1.59,0.0,0.0,1.6,13.2,0.0 (cmd 0.0),0.0 (cmd 0.0)
1.4509,13.34,0.0,0.0,1.31,0.0,0.0,1.3,13.3,0.0 (cmd 0.0),0.0 (cmd 0.0)
1.4513999999999998,13.4,0.0,0.0,1.18,0.0,0.0,1.2,13.4,0.0 (cmd 0.0),0.0 (cmd 0.0)
1.4519000000000002,13.46,0.0,0.0,1.08,0.0,0.0,1.1,13.5,0.0 (cmd 0.0),0.0 (cmd 0.0)
1.4524000000000001,13.61,0.0,0.0,1.03,0.0,0.0,1.0,13.6,0.0 (cmd 0.0),0.0 (cmd 0.0)
1.4528999999999999,13.69,0.0,0.0,1.11,0.0,0.0,1.1,13.7,0.0 (cmd 0.0),0.0 (cmd 0.0)
1.4534,13.81,0.0,0.0,1.24,0.0,0.0,1.2,13.8,0.0 (cmd 0.0),0.0 (cmd 0.0)
1.4539,13.91,0.0,0.0,1.24,0.0,0.0,1.2,13.9,0.0 (cmd 0.0),0.0 (cmd 0.0)
1.4544000000000001,14.01,0.0,0.0,1.24,0.0,0.0,1.2,14.0,0.0 (cmd 0.0),0.0 (cmd 0.0)
1.4549,13.88,0.0,0.0,1.29,0.0,0.0,1.3,13.9,0.0 (cmd 0.0),0.0 (cmd 0.0)
1.4553999999999998,13.8,0.0,0.0,1.33,0.0,0.0,1.3,13.8,0.0 (cmd 0.0),0.0 (cmd 0.0)
1.4559000000000002,13.79,0.0,0.0,1.33,0.0,0.0,1.3,13.8,0.0 (cmd 0.0),0.0 (cmd 0.0)
1.4564,13.83,0.0,0.0,1.34,0.0,0.0,1.3,13.8,0.0 (cmd 0.0),0.0 (cmd 0.0)
1.4569,13.86,0.0,0.0,1.37,0.0,0.0,1.4,13.9,0.0 (cmd 0.0),0.0 (cmd 0.0)
1.4574,13.86,0.0,0.0,1.35,0.0,0.0,1.4,13.9,0.0 (cmd 0.0),0.0 (cmd 0.0)
1.4579,13.85,0.0,0.0,1.25,0.0,0.0,1.2,13.8,0.0 (cmd 0.0),0.0 (cmd 0.0)
1.4584000000000001,13.88,0.0,0.0,1.13,0.0,0.0,1.1,13.9,0.0 (cmd 0.0),0.0 (cmd 0.0)
1.4588999999999999,13.91,0.0,0.0,1.03,0.0,0.0,1.0,13.9,0.0 (cmd 0.0),0.0 (cmd 0.0)
1.4594,13.93,0.0,0.0,1.0,0.0,0.0,1.0,13.9,0.0 (cmd 0.0),0.0 (cmd 0.0)
1.4599000000000002,13.87,0.0,0.0,0.97,0.0,0.0,1.0,13.9,0.0 (cmd 0.0),0.0 (cmd 0.0)
1.4604,13.76,0.0,0.0,0.87,0.0,0.0,0.9,13.8,0.0 (cmd 0.0),0.0 (cmd 0.0)
1.4609,13.65,0.0,0.0,0.68,0.0,0.0,0.7,13.7,0.0 (cmd 0.0),0.0 (cmd 0.0)
1.4613999999999998,13.64,0.0,0.0,0.55,0.0,0.0,0.6,13.6,0.0 (cmd 0.0),0.0 (cmd 0.0)
1.4619000000000002,13.65,0.0,0.0,0.53,0.0,0.0,0.5,13.7,0.0 (cmd 0.0),0.0 (cmd 0.0)
1.4624000000000001,13.65,0.0,0.0,0.53,0.0,0.0,0.5,13.7,0.0 (cmd 0.0),0.0 (cmd 0.0)
0.0005,-7.99,0.0,0.0,10.28,0.0,0.0,10.3,-8.0,0.0 (cmd 0.0),0.0 (cmd 0.0)
0.001,-7.38,0.0,0.0,10.58,0.0,0.0,10.6,-7.4,0.0 (cmd 0.0),0.0 (cmd 0.0)
0.0015,-7.53,0.0,0.0,10.84,0.0,0.0,10.8,-7.5,0.0 (cmd 0.0),0.0 (cmd 0.0)
0.002,-7.36,0.0,0.0,11.16,0.0,0.0,11.2,-7.4,0.0 (cmd 0.0),0.0 (cmd 0.0)
0.0025,-7.17,0.0,0.0,11.41,0.0,0.0,11.4,-7.2,0.0 (cmd 0.0),0.0 (cmd 0.0)
0.003,-7.06,0.0,0.0,11.55,0.0,0.0,11.6,-7.1,0.0 (cmd 0.0),0.0 (cmd 0.0)
0.0035,-6.98,0.0,0.0,11.61,0.0,0.0,11.6,-7.0,0.0 (cmd 0.0),0.0 (cmd 0.0)
0.004,-6.99,0.0,0.0,11.7,0.0,0.0,11.7,-7.0,0.0 (cmd 0.0),0.0 (cmd 0.0)
0.0045,-7.32,0.0,0.0,11.72,0.0,0.0,11.7,-7.3,0.0 (cmd 0.0),0.0 (cmd 0.0)
0.005,-7.43,0.0,0.0,11.72,0.0,0.0,11.7,-7.4,0.0 (cmd 0.0),0.0 (cmd 0.0)
0.0055,-7.45,0.0,0.0,11.67,0.0,0.0,11.7,-7.5,0.0 (cmd 0.0),0.0 (cmd 0.0)
0.006,-7.52,0.0,0.0,11.56,0.0,0.0,11.6,-7.5,0.0 (cmd 0.0),0.0 (cmd 0.0)
0.0065,-7.6,0.0,0.0,11.34,0.0,0.0,11.3,-7.6,0.0 (cmd 0.0),0.0 (cmd 0.0)
0.007,-7.8,0.0,0.0,10.9,0.0,0.0,10.9,-7.8,0.0 (cmd 0.0),0.0 (cmd 0.0)
0.0075,-8.14,0.0,0.0,10.51,0.0,0.0,10.5,-8.1,0.0 (cmd 0.0),0.0 (cmd 0.0)
0.008,-8.37,0.0,0.0,10.45,0.0,0.0,10.4,-8.4,0.0 (cmd 0.0),0.0 (cmd 0.0)
0.0085,-8.71,0.0,0.0,10.34,0.0,0.0,10.3,-8.7,0.0 (cmd 0.0),0.0 (cmd 0.0)
0.009,-8.93,0.0,0.0,10.01,0.0,0.0,10.0,-8.9,0.0 (cmd 0.0),0.0 (cmd 0.0)
0.0095,-8.91,0.0,0.0,9.6,0.0,0.0,9.6,-8.9,0.0 (cmd 0.0),0.0 (cmd 0.0)
0.01,-8.8,0.0,0.0,9.32,0.0,0.0,9.3,-8.8,0.0 (cmd 0.0),0.0 (cmd 0.0)
0.0105,-8.59,0.0,0.0,9.15,0.0,0.0,9.2,-8.6,0.0 (cmd 0.0),0.0 (cmd 0.0)
0.011,-8.48,0.0,0.0,9.15,0.0,0.0,9.2,-8.5,0.0 (cmd 0.0),0.0 (cmd 0.0)
0.0115,-8.47,0.0,0.0,9.25,0.0,0.0,9.2,-8.5,0.0 (cmd 0.0),0.0 (cmd 0.0)
0.012,-8.51,0.0,0.0,9.38,0.0,0.0,9.4,-8.5,0.0 (cmd 0.0),0.0 (cmd 0.0)
0.0125,-8.54,0.0,0.0,9.46,0.0,0.0,9.5,-8.5,0.0 (cmd 0.0),0.0 (cmd 0.0)
0.013,-8.57,0.0,0.0,9.5,0.0,0.0,9.5,-8.6,0.0 (cmd 0.0),0.0 (cmd 0.0)
0.0135,-8.63,0.0,0.0,9.47,0.0,0.0,9.5,-8.6,0.0 (cmd 0.0),0.0 (cmd 0.0)
0.014,-8.78,0.0,0.0,9.37,0.0,0.0,9.4,-8.8,0.0 (cmd 0.0),0.0 (cmd 0.0)
0.0145,-8.88,0.0,0.0,9.15,0.0,0.0,9.2,-8.9,0.0 (cmd 0.0),0.0 (cmd 0.0)
0.015,-8.95,0.0,0.0,8.99,0.0,0.0,9.0,-8.9,0.0 (cmd 0.0),0.0 (cmd 0.0)
0.0155,-9.05,0.0,0.0,8.89,0.0,0.0,8.9,-9.1,0.0 (cmd 0.0),0.0 (cmd 0.0)
0.016,-9.1,0.0,0.0,8.85,0.0,0.0,8.8,-9.1,0.0 (cmd 0.0),0.0 (cmd 0.0)
0.0165,-9.16,0.0,0.0,8.84,0.0,0.0,8.8,-9.2,0.0 (cmd 0.0),0.0 (cmd 0.0)
0.017,-9.41,0.0,0.0,8.77,0.0,0.0,8.8,-9.4,0.0 (cmd 0.0),0.0 (cmd 0.0)
0.0175,-9.67,0.0,0.0,8.73,0.0,0.0,8.7,-9.7,0.0 (cmd 0.0),0.0 (cmd 0.0)
0.018,-9.76,0.0,0.0,8.72,0.0,0.0,8.7,-9.8,0.0 (cmd 0.0),0.0 (cmd 0.0)
0.0185,-9.83,0.0,0.0,8.71,0.0,0.0,8.7,-9.8,0.0 (cmd 0.0),0.0 (cmd 0.0)
0.019,-9.92,0.0,0.0,8.64,0.0,0.0,8.6,-9.9,0.0 (cmd 0.0),0.0 (cmd 0.0)
0.0195,-9.99,0.0,0.0,8.63,0.0,0.0,8.6,-10.0,0.0 (cmd 0.0),0.0 (cmd 0.0)
0.02,-10.01,0.0,0.0,8.62,0.0,0.0,8.6,-10.0,0.0 (cmd 0.0),0.0 (cmd 0.0)
0.0205,-10.03,0.0,0.0,8.63,0.0,0.0,8.6,-10.0,0.0 (cmd 0.0),0.0 (cmd 0.0)
0.021,-10.02,0.0,0.0,8.63,0.0,0.0,8.6,-10.0,0.0 (cmd 0.0),0.0 (cmd 0.0)
0.0215,-10.0,0.0,0.0,8.6,0.0,0.0,8.6,-10.0,0.0 (cmd 0.0),0.0 (cmd 0.0)
0.022,-10.0,0.0,0.0,8.6,0.0,0.0,8.6,-10.0,0.0 (cmd 0.0),0.0 (cmd 0.0)
0.0225,-10.0,0.0,0.0,8.6,0.0,0.0,8.6,-10.0,0.0 (cmd 0.0),0.0 (cmd 0.0)
0.023,-10.0,0.0,0.0,8.6,0.0,0.0,8.6,-10.0,0.0 (cmd 0.0),0.0 (cmd 0.0)
0.0235,-10.02,0.0,0.0,8.54,0.0,0.0,8.5,-10.0,0.0 (cmd 0.0),0.0 (cmd 0.0)
0.024,-10.01,0.0,0.0,8.42,0.0,0.0,8.4,-10.0,0.0 (cmd 0.0),0.0 (cmd 0.0)
0.0245,-9.93,0.0,0.0,8.42,0.0,0.0,8.4,-9.9,0.0 (cmd 0.0),0.0 (cmd 0.0)
0.025,-9.92,0.0,0.0,8.43,0.0,0.0,8.4,-9.9,0.0 (cmd 0.0),0.0 (cmd 0.0)
0.0255,-9.93,0.0,0.0,8.47,0.0,0.0,8.5,-9.9,0.0 (cmd 0.0),0.0 (cmd 0.0)
0.026,-9.96,0.0,0.0,8.49,0.0,0.0,8.5,-10.0,0.0 (cmd 0.0),0.0 (cmd 0.0)
0.0265,-9.96,0.0,0.0,8.46,0.0,0.0,8.5,-10.0,0.0 (cmd 0.0),0.0 (cmd 0.0)
0.027,-9.83,0.0,0.0,8.38,0.0,0.0,8.4,-9.8,0.0 (cmd 0.0),0.0 (cmd 0.0)
0.0275,-9.87,0.0,0.0,8.38,0.0,0.0,8.4,-9.9,0.0 (cmd 0.0),0.0 (cmd 0.0)
0.028,-9.88,0.0,0.0,8.46,0.0,0.0,8.5,-9.9,0.0 (cmd 0.0),0.0 (cmd 0.0)
0.0285,-9.8,0.0,0.0,8.55,0.0,0.0,8.6,-9.8,0.0 (cmd 0.0),0.0 (cmd 0.0)
0.029,-9.79,0.0,0.0,8.54,0.0,0.0,8.5,-9.8,0.0 (cmd 0.0),0.0 (cmd 0.0)
0.0295,-9.8,0.0,0.0,8.55,0.0,0.0,8.6,-9.8,0.0 (cmd 0.0),0.0 (cmd 0.0)
0.03,-9.85,0.0,0.0,8.64,0.0,0.0,8.6,-9.8,0.0 (cmd 0.0),0.0 (cmd 0.0)
0.0305,-9.84,0.0,0.0,8.75,0.0,0.0,8.8,-9.8,0.0 (cmd 0.0),0.0 (cmd 0.0)
0.031,-9.79,0.0,0.0,8.81,0.0,0.0,8.8,-9.8,0.0 (cmd 0.0),0.0 (cmd 0.0)
0.0315,-9.62,0.0,0.0,8.83,0.0,0.0,8.8,-9.6,0.0 (cmd 0.0),0.0 (cmd 0.0)
0.032,-9.51,0.0,0.0,8.87,0.0,0.0,8.9,-9.5,0.0 (cmd 0.0),0.0 (cmd 0.0)
0.0325,-9.48,0.0,0.0,8.91,0.0,0.0,8.9,-9.5,0.0 (cmd 0.0),0.0 (cmd 0.0)
0.033,-9.46,0.0,0.0,9.03,0.0,0.0,9.0,-9.5,0.0 (cmd 0.0),0.0 (cmd 0.0)
0.0335,-9.48,0.0,0.0,9.13,0.0,0.0,9.1,-9.5,0.0 (cmd 0.0),0.0 (cmd 0.0)
0.034,-9.54,0.0,0.0,9.2,0.0,0.0,9.2,-9.5,0.0 (cmd 0.0),0.0 (cmd 0.0)
0.0345,-9.64,0.0,0.0,9.24,0.0,0.0,9.2,-9.6,0.0 (cmd 0.0),0.0 (cmd 0.0)
0.035,-9.69,0.0,0.0,9.31,0.0,0.0,9.3,-9.7,0.0 (cmd 0.0),0.0 (cmd 0.0)
0.0355,-9.69,0.0,0.0,9.41,0.0,0.0,9.4,-9.7,0.0 (cmd 0.0),0.0 (cmd 0.0)
0.036,-9.63,0.0,0.0,9.53,0.0,0.0,9.5,-9.6,0.0 (cmd 0.0),0.0 (cmd 0.0)
0.0365,-9.58,0.0,0.0,9.63,0.0,0.0,9.6,-9.6,0.0 (cmd 0.0),0.0 (cmd 0.0)
0.037,-9.55,0.0,0.0,9.69,0.0,0.0,9.7,-9.6,0.0 (cmd 0.0),0.0 (cmd 0.0)
0.0375,-9.49,0.0,0.0,9.78,0.0,0.0,9.8,-9.5,0.0 (cmd 0.0),0.0 (cmd 0.0)
0.038,-9.41,0.0,0.0,9.9,0.0,0.0,9.9,-9.4,0.0 (cmd 0.0),0.0 (cmd 0.0)
0.0385,-9.34,0.0,0.0,9.94,0.0,0.0,9.9,-9.3,0.0 (cmd 0.0),0.0 (cmd 0.0)
0.039,-9.31,0.0,0.0,9.97,0.0,0.0,10.0,-9.3,0.0 (cmd 0.0),0.0 (cmd 0.0)
0.0395,-9.31,0.0,0.0,10.0,0.0,0.0,10.0,-9.3,0.0 (cmd 0.0),0.0 (cmd 0.0)
0.04,-9.3,0.0,0.0,10.05,0.0,0.0,10.1,-9.3,0.0 (cmd 0.0),0.0 (cmd 0.0)
0.0405,-9.31,0.0,0.0,9.98,0.0,0.0,10.0,-9.3,0.0 (cmd 0.0),0.0 (cmd 0.0)
0.041,-9.33,0.0,0.0,9.84,0.0,0.0,9.8,-9.3,0.0 (cmd 0.0),0.0 (cmd 0.0)
0.0415,-9.35,0.0,0.0,9.81,0.0,0.0,9.8,-9.3,0.0 (cmd 0.0),0.0 (cmd 0.0)
0.042,-9.37,0.0,0.0,9.81,0.0,0.0,9.8,-9.4,0.0 (cmd 0.0),0.0 (cmd 0.0)
0.0425,-9.36,0.0,0.0,9.82,0.0,0.0,9.8,-9.4,0.0 (cmd 0.0),0.0 (cmd 0.0)
0.043,-9.34,0.0,0.0,9.86,0.0,0.0,9.9,-9.3,0.0 (cmd 0.0),0.0 (cmd 0.0)
0.0435,-9.25,0.0,0.0,9.95,0.0,0.0,9.9,-9.2,0.0 (cmd 0.0),0.0 (cmd 0.0)
0.044,-9.19,0.0,0.0,10.02,0.0,0.0,10.0,-9.2,0.0 (cmd 0.0),0.0 (cmd 0.0)
0.0445,-9.16,0.0,0.0,9.98,0.0,0.0,10.0,-9.2,0.0 (cmd 0.0),0.0 (cmd 0.0)
0.045,-9.09,0.0,0.0,9.88,0.0,0.0,9.9,-9.1,0.0 (cmd 0.0),0.0 (cmd 0.0)
0.0455,-9.01,0.0,0.0,9.8,0.0,0.0,9.8,-9.0,0.0 (cmd 0.0),0.0 (cmd 0.0)
0.046,-8.98,0.0,0.0,9.71,0.0,0.0,9.7,-9.0,0.0 (cmd 0.0),0.0 (cmd 0.0)
0.0465,-8.99,0.0,0.0,9.66,0.0,0.0,9.7,-9.0,0.0 (cmd 0.0),0.0 (cmd 0.0)
0.047,-9.12,0.0,0.0,9.68,0.0,0.0,9.7,-9.1,0.0 (cmd 0.0),0.0 (cmd 0.0)
0.0475,-9.27,0.0,0.0,9.7,0.0,0.0,9.7,-9.3,0.0 (cmd 0.0),0.0 (cmd 0.0)
0.048,-9.34,0.0,0.0,9.76,0.0,0.0,9.8,-9.3,0.0 (cmd 0.0),0.0 (cmd 0.0)
0.0485,-9.4,0.0,0.0,9.94,0.0,0.0,9.9,-9.4,0.0 (cmd 0.0),0.0 (cmd 0.0)
0.049,-9.47,0.0,0.0,10.28,0.0,0.0,10.3,-9.5,0.0 (cmd 0.0),0.0 (cmd 0.0)
0.0495,-9.51,0.0,0.0,10.59,0.0,0.0,10.6,-9.5,0.0 (cmd 0.0),0.0 (cmd 0.0)
0.05,-9.68,0.0,0.0,10.62,0.0,0.0,10.6,-9.7,0.0 (cmd 0.0),0.0 (cmd 0.0)
0.0505,-9.81,0.0,0.0,10.58,0.0,0.0,10.6,-9.8,0.0 (cmd 0.0),0.0 (cmd 0.0)
0.051,-9.83,0.0,0.0,10.61,0.0,0.0,10.6,-9.8,0.0 (cmd 0.0),0.0 (cmd 0.0)
0.0515,-9.79,0.0,0.0,10.56,0.0,0.0,10.6,-9.8,0.0 (cmd 0.0),0.0 (cmd 0.0)
0.052,-9.67,0.0,0.0,10.38,0.0,0.0,10.4,-9.7,0.0 (cmd 0.0),0.0 (cmd 0.0)
0.0525,-9.37,0.0,0.0,10.2,0.0,0.0,10.2,-9.4,0.0 (cmd 0.0),0.0 (cmd 0.0)
0.053,-8.73,0.0,0.0,10.11,0.0,0.0,10.1,-8.7,0.0 (cmd 0.0),0.0 (cmd 0.0)
0.0535,-8.73,0.0,0.0,10.09,0.0,0.0,10.1,-8.7,0.0 (cmd 0.0),0.0 (cmd 0.0)
0.054,-8.55,0.0,0.0,10.16,0.0,0.0,10.2,-8.6,0.0 (cmd 0.0),0.0 (cmd 0.0)
0.0545,-7.82,0.0,0.0,10.26,0.0,0.0,10.3,-7.8,0.0 (cmd 0.0),0.0 (cmd 0.0)
0.055,-7.7,0.0,0.0,10.38,0.0,0.0,10.4,-7.7,0.0 (cmd 0.0),0.0 (cmd 0.0)
0.0555,-7.68,0.0,0.0,10.5,0.0,0.0,10.5,-7.7,0.0 (cmd 0.0),0.0 (cmd 0.0)
0.056,-7.77,0.0,0.0,10.5,0.0,0.0,10.5,-7.8,0.0 (cmd 0.0),0.0 (cmd 0.0)
0.0565,-8.52,0.0,0.0,10.19,0.0,0.0,10.2,-8.5,0.0 (cmd 0.0),0.0 (cmd 0.0)
0.057,-9.17,0.0,0.0,9.82,0.0,0.0,9.8,-9.2,0.0 (cmd 0.0),0.0 (cmd 0.0)
0.0575,-11.1,0.0,0.0,9.58,0.0,0.0,9.6,-11.1,0.0 (cmd 0.0),0.0 (cmd 0.0)
0.058,-10.45,0.0,0.0,9.45,0.0,0.0,9.4,-10.4,0.0 (cmd 0.0),0.0 (cmd 0.0)
0.0585,-9.72,0.0,0.0,9.37,0.0,0.0,9.4,-9.7,0.0 (cmd 0.0),0.0 (cmd 0.0)
0.059,-9.63,0.0,0.0,9.17,0.0,0.0,9.2,-9.6,0.0 (cmd 0.0),0.0 (cmd 0.0)
0.0595,-10.12,0.0,0.0,8.96,0.0,0.0,9.0,-10.1,0.0 (cmd 0.0),0.0 (cmd 0.0)
0.06,-10.54,0.0,0.0,8.9,0.0,0.0,8.9,-10.5,0.0 (cmd 0.0),0.0 (cmd 0.0)
0.0605,-12.09,0.0,0.0,8.87,0.0,0.0,8.9,-12.1,0.0 (cmd 0.0),0.0 (cmd 0.0)
0.061,-12.5,0.0,0.0,8.77,0.0,0.0,8.8,-12.5,0.0 (cmd 0.0),0.0 (cmd 0.0)
0.0615,-12.51,0.0,0.0,8.71,0.0,0.0,8.7,-12.5,0.0 (cmd 0.0),0.0 (cmd 0.0)
0.062,-12.35,0.0,0.0,8.79,0.0,0.0,8.8,-12.3,0.0 (cmd 0.0),0.0 (cmd 0.0)
0.0625,-11.0,0.0,0.0,8.98,0.0,0.0,9.0,-11.0,0.0 (cmd 0.0),0.0 (cmd 0.0)
0.063,-7.65,0.0,0.0,9.3,0.0,0.0,9.3,-7.7,0.0 (cmd 0.0),0.0 (cmd 0.0)
0.0635,-6.09,0.0,0.0,9.69,0.0,0.0,9.7,-6.1,0.0 (cmd 0.0),0.0 (cmd 0.0)
0.064,-4.65,0.0,0.0,9.91,0.0,0.0,9.9,-4.7,0.0 (cmd 0.0),0.0 (cmd 0.0)
0.0645,-3.81,0.0,0.0,10.0,0.0,0.0,10.0,-3.8,0.0 (cmd 0.0),0.0 (cmd 0.0)
0.065,-2.98,0.0,0.0,9.99,0.0,0.0,10.0,-3.0,0.0 (cmd 0.0),0.0 (cmd 0.0)
0.0655,-2.35,0.0,0.0,9.91,0.0,0.0,9.9,-2.4,0.0 (cmd 0.0),0.0 (cmd 0.0)
0.066,-1.77,0.0,0.0,9.74,0.0,0.0,9.7,-1.8,0.0 (cmd 0.0),0.0 (cmd 0.0)
0.0665,-0.95,0.0,0.0,9.08,0.0,0.0,9.1,-0.9,0.0 (cmd 0.0),0.0 (cmd 0.0)
0.067,0.49,0.0,0.0,7.82,0.0,0.0,7.8,0.5,0.0 (cmd 0.0),0.0 (cmd 0.0)
0.0675,0.84,0.0,0.0,5.44,0.0,0.0,5.4,0.8,0.0 (cmd 0.0),0.0 (cmd 0.0)
0.068,1.18,0.0,0.0,2.19,0.0,0.0,2.2,1.2,0.0 (cmd 0.0),0.0 (cmd 0.0)
0.0685,1.32,0.0,0.0,-0.83,0.0,0.0,-0.8,1.3,0.0 (cmd 0.0),0.0 (cmd 0.0)
0.069,1.95,0.0,0.0,-3.48,0.0,0.0,-3.5,1.9,0.0 (cmd 0.0),0.0 (cmd 0.0)
0.0695,2.21,0.0,0.0,-5.8,0.0,0.0,-5.8,2.2,0.0 (cmd 0.0),0.0 (cmd 0.0)
0.07,2.4,0.0,0.0,-6.94,0.0,0.0,-6.9,2.4,0.0 (cmd 0.0),0.0 (cmd 0.0)
0.0705,2.25,0.0,0.0,-8.96,0.0,0.0,-9.0,2.2,0.0 (cmd 0.0),0.0 (cmd 0.0)
0.071,2.09,0.0,0.0,-11.32,0.0,0.0,-11.3,2.1,0.0 (cmd 0.0),0.0 (cmd 0.0)
0.0715,2.36,0.0,0.0,-13.16,0.0,0.0,-13.2,2.4,0.0 (cmd 0.0),0.0 (cmd 0.0)
0.072,3.69,0.0,0.0,-14.41,0.0,0.0,-14.4,3.7,0.0 (cmd 0.0),0.0 (cmd 0.0)
0.0725,5.21,0.0,0.0,-14.6,0.0,0.0,-14.6,5.2,0.0 (cmd 0.0),0.0 (cmd 0.0)
0.073,5.69,0.0,0.0,-14.33,0.0,0.0,-14.3,5.7,0.0 (cmd 0.0),0.0 (cmd 0.0)
0.0735,6.45,0.0,0.0,-13.46,0.0,0.0,-13.5,6.5,0.0 (cmd 0.0),0.0 (cmd 0.0)
0.074,7.03,0.0,0.0,-9.14,0.0,0.0,-9.1,7.0,0.0 (cmd 0.0),0.0 (cmd 0.0)
0.0745,7.32,0.0,0.0,-2.65,0.0,0.0,-2.6,7.3,0.0 (cmd 0.0),0.0 (cmd 0.0)
0.075,7.61,0.0,0.0,0.64,0.0,0.0,0.6,7.6,0.0 (cmd 0.0),0.0 (cmd 0.0)
0.0755,8.05,0.0,0.0,1.94,0.0,0.0,1.9,8.1,0.0 (cmd 0.0),0.0 (cmd 0.0)
0.076,6.82,0.0,0.0,1.82,0.0,0.0,1.8,6.8,0.0 (cmd 0.0),0.0 (cmd 0.0)
0.0765,3.52,0.0,0.0,2.56,0.0,0.0,2.6,3.5,0.0 (cmd 0.0),0.0 (cmd 0.0)
0.077,1.08,0.0,0.0,5.24,0.0,0.0,5.2,1.1,0.0 (cmd 0.0),0.0 (cmd 0.0)
0.0775,-2.94,0.0,0.0,6.7,0.0,0.0,6.7,-2.9,0.0 (cmd 0.0),0.0 (cmd 0.0)
0.078,-5.0,0.0,0.0,7.59,0.0,0.0,7.6,-5.0,0.0 (cmd 0.0),0.0 (cmd 0.0)
0.0785,-8.56,0.0,0.0,7.98,0.0,0.0,8.0,-8.6,0.0 (cmd 0.0),0.0 (cmd 0.0)
0.079,-9.78,0.0,0.0,8.08,0.0,0.0,8.1,-9.8,0.0 (cmd 0.0),0.0 (cmd 0.0)
0.0795,-11.48,0.0,0.0,8.21,0.0,0.0,8.2,-11.5,0.0 (cmd 0.0),0.0 (cmd 0.0)
0.08,-13.05,0.0,0.0,8.5,0.0,0.0,8.5,-13.1,0.0 (cmd 0.0),0.0 (cmd 0.0)
0.0805,-13.45,0.0,0.0,9.18,0.0,0.0,9.2,-13.4,0.0 (cmd 0.0),0.0 (cmd 0.0)
0.081,-8.84,0.0,0.0,9.83,0.0,0.0,9.8,-8.8,0.0 (cmd 0.0),0.0 (cmd 0.0)
0.0815,-5.35,0.0,0.0,10.42,0.0,0.0,10.4,-5.3,0.0 (cmd 0.0),0.0 (cmd 0.0)
0.082,-2.7,0.0,0.0,10.72,0.0,0.0,10.7,-2.7,0.0 (cmd 0.0),0.0 (cmd 0.0)
0.0825,-2.18,0.0,0.0,10.51,0.0,0.0,10.5,-2.2,0.0 (cmd 0.0),0.0 (cmd 0.0)
0.083,-1.25,0.0,0.0,9.45,0.0,0.0,9.4,-1.2,0.0 (cmd 0.0),0.0 (cmd 0.0)
0.0835,-0.42,0.0,0.0,7.67,0.0,0.0,7.7,-0.4,0.0 (cmd 0.0),0.0 (cmd 0.0)
0.084,0.49,0.0,0.0,5.74,0.0,0.0,5.7,0.5,0.0 (cmd 0.0),0.0 (cmd 0.0)
0.0845,2.64,0.0,0.0,4.93,0.0,0.0,4.9,2.6,0.0 (cmd 0.0),0.0 (cmd 0.0)
0.085,4.43,0.0,0.0,0.46,0.0,0.0,0.5,4.4,0.0 (cmd 0.0),0.0 (cmd 0.0)
0.0855,5.96,0.0,0.0,-3.28,0.0,0.0,-3.3,6.0,0.0 (cmd 0.0),0.0 (cmd 0.0)
0.086,6.98,0.0,0.0,-6.67,0.0,0.0,-6.7,7.0,0.0 (cmd 0.0),0.0 (cmd 0.0)
0.0865,7.38,0.0,0.0,-9.1,0.0,0.0,-9.1,7.4,0.0 (cmd 0.0),0.0 (cmd 0.0)
0.087,7.54,0.0,0.0,-10.17,0.0,0.0,-10.2,7.5,0.0 (cmd 0.0),0.0 (cmd 0.0)
0.0875,7.76,0.0,0.0,-9.66,0.0,0.0,-9.7,7.8,0.0 (cmd 0.0),0.0 (cmd 0.0)
0.088,8.31,0.0,0.0,-8.42,0.0,0.0,-8.4,8.3,0.0 (cmd 0.0),0.0 (cmd 0.0)
0.0885,8.5,0.0,0.0,-6.44,0.0,0.0,-6.4,8.5,0.0 (cmd 0.0),0.0 (cmd 0.0)
0.089,8.84,0.0,0.0,-4.3,0.0,0.0,-4.3,8.8,0.0 (cmd 0.0),0.0 (cmd 0.0)
0.0895,8.98,0.0,0.0,-3.33,0.0,0.0,-3.3,9.0,0.0 (cmd 0.0),0.0 (cmd 0.0)
0.09,8.82,0.0,0.0,-2.2,0.0,0.0,-2.2,8.8,0.0 (cmd 0.0),0.0 (cmd 0.0)
0.0905,8.79,0.0,0.0,-1.37,0.0,0.0,-1.4,8.8,0.0 (cmd 0.0),0.0 (cmd 0.0)
0.091,8.77,0.0,0.0,0.98,0.0,0.0,1.0,8.8,0.0 (cmd 0.0),0.0 (cmd 0.0)
0.0915,8.18,0.0,0.0,1.91,0.0,0.0,1.9,8.2,0.0 (cmd 0.0),0.0 (cmd 0.0)
0.092,7.44,0.0,0.0,3.41,0.0,0.0,3.4,7.4,0.0 (cmd 0.0),0.0 (cmd 0.0)
0.0925,6.71,0.0,0.0,4.9,0.0,0.0,4.9,6.7,0.0 (cmd 0.0),0.0 (cmd 0.0)
0.093,5.3,0.0,0.0,5.56,0.0,0.0,5.6,5.3,0.0 (cmd 0.0),0.0 (cmd 0.0)
0.0935,4.17,0.0,0.0,6.56,0.0,0.0,6.6,4.2,0.0 (cmd 0.0),0.0 (cmd 0.0)
0.094,2.78,0.0,0.0,7.72,0.0,0.0,7.7,2.8,0.0 (cmd 0.0),0.0 (cmd 0.0)
0.0945,0.02,0.0,0.0,8.58,0.0,0.0,8.6,0.0,0.0 (cmd 0.0),0.0 (cmd 0.0)
0.095,-3.26,0.0,0.0,9.17,0.0,0.0,9.2,-3.3,0.0 (cmd 0.0),0.0 (cmd 0.0)
0.0955,-7.67,0.0,0.0,9.53,0.0,0.0,9.5,-7.7,0.0 (cmd 0.0),0.0 (cmd 0.0)
0.096,-9.31,0.0,0.0,9.72,0.0,0.0,9.7,-9.3,0.0 (cmd 0.0),0.0 (cmd 0.0)
0.0965,-11.06,0.0,0.0,9.72,0.0,0.0,9.7,-11.1,0.0 (cmd 0.0),0.0 (cmd 0.0)
0.097,-10.51,0.0,0.0,9.61,0.0,0.0,9.6,-10.5,0.0 (cmd 0.0),0.0 (cmd 0.0)
0.0975,-9.05,0.0,0.0,9.6,0.0,0.0,9.6,-9.1,0.0 (cmd 0.0),0.0 (cmd 0.0)
0.098,-6.49,0.0,0.0,9.92,0.0,0.0,9.9,-6.5,0.0 (cmd 0.0),0.0 (cmd 0.0)
0.0985,-4.89,0.0,0.0,10.14,0.0,0.0,10.1,-4.9,0.0 (cmd 0.0),0.0 (cmd 0.0)
0.099,-4.97,0.0,0.0,10.34,0.0,0.0,10.3,-5.0,0.0 (cmd 0.0),0.0 (cmd 0.0)
0.0995,-5.1,0.0,0.0,10.38,0.0,0.0,10.4,-5.1,0.0 (cmd 0.0),0.0 (cmd 0.0)
0.1,-5.59,0.0,0.0,10.17,0.0,0.0,10.2,-5.6,0.0 (cmd 0.0),0.0 (cmd 0.0)
0.1005,-5.95,0.0,0.0,9.98,0.0,0.0,10.0,-6.0,0.0 (cmd 0.0),0.0 (cmd 0.0)
0.101,-6.06,0.0,0.0,9.92,0.0,0.0,9.9,-6.1,0.0 (cmd 0.0),0.0 (cmd 0.0)
0.1015,-5.78,0.0,0.0,9.76,0.0,0.0,9.8,-5.8,0.0 (cmd 0.0),0.0 (cmd 0.0)
0.102,-5.3,0.0,0.0,9.66,0.0,0.0,9.7,-5.3,0.0 (cmd 0.0),0.0 (cmd 0.0)
0.1025,-5.08,0.0,0.0,9.54,0.0,0.0,9.5,-5.1,0.0 (cmd 0.0),0.0 (cmd 0.0)
0.103,-3.8,0.0,0.0,9.32,0.0,0.0,9.3,-3.8,0.0 (cmd 0.0),0.0 (cmd 0.0)
0.1035,-1.72,0.0,0.0,8.93,0.0,0.0,8.9,-1.7,0.0 (cmd 0.0),0.0 (cmd 0.0)
0.104,1.15,0.0,0.0,8.46,0.0,0.0,8.5,1.1,0.0 (cmd 0.0),0.0 (cmd 0.0)
0.1045,1.85,0.0,0.0,7.32,0.0,0.0,7.3,1.9,0.0 (cmd 0.0),0.0 (cmd 0.0)
0.105,1.68,0.0,0.0,5.97,0.0,0.0,6.0,1.7,0.0 (cmd 0.0),0.0 (cmd 0.0)
0.1055,3.22,0.0,0.0,4.23,0.0,0.0,4.2,3.2,0.0 (cmd 0.0),0.0 (cmd 0.0)
0.106,3.83,0.0,0.0,1.92,0.0,0.0,1.9,3.8,0.0 (cmd 0.0),0.0 (cmd 0.0)
0.1065,4.77,0.0,0.0,-0.9,0.0,0.0,-0.9,4.8,0.0 (cmd 0.0),0.0 (cmd 0.0)
0.107,5.22,0.0,0.0,-3.37,0.0,0.0,-3.4,5.2,0.0 (cmd 0.0),0.0 (cmd 0.0)
0.1075,5.3,0.0,0.0,-5.23,0.0,0.0,-5.2,5.3,0.0 (cmd 0.0),0.0 (cmd 0.0)
0.108,5.13,0.0,0.0,-6.3,0.0,0.0,-6.3,5.1,0.0 (cmd 0.0),0.0 (cmd 0.0)
0.1085,4.74,0.0,0.0,-6.66,0.0,0.0,-6.7,4.7,0.0 (cmd 0.0),0.0 (cmd 0.0)
0.109,4.63,0.0,0.0,-6.54,0.0,0.0,-6.5,4.6,0.0 (cmd 0.0),0.0 (cmd 0.0)
0.1095,4.53,0.0,0.0,-6.35,0.0,0.0,-6.3,4.5,0.0 (cmd 0.0),0.0 (cmd 0.0)
0.11,4.58,0.0,0.0,-6.24,0.0,0.0,-6.2,4.6,0.0 (cmd 0.0),0.0 (cmd 0.0)
0.1105,4.66,0.0,0.0,-6.2,0.0,0.0,-6.2,4.7,0.0 (cmd 0.0),0.0 (cmd 0.0)
0.111,4.75,0.0,0.0,-6.24,0.0,0.0,-6.2,4.8,0.0 (cmd 0.0),0.0 (cmd 0.0)
0.1115,4.89,0.0,0.0,-6.28,0.0,0.0,-6.3,4.9,0.0 (cmd 0.0),0.0 (cmd 0.0)
0.112,5.06,0.0,0.0,-5.99,0.0,0.0,-6.0,5.1,0.0 (cmd 0.0),0.0 (cmd 0.0)
0.1125,5.37,0.0,0.0,-5.79,0.0,0.0,-5.8,5.4,0.0 (cmd 0.0),0.0 (cmd 0.0)
0.113,5.66,0.0,0.0,-5.67,0.0,0.0,-5.7,5.7,0.0 (cmd 0.0),0.0 (cmd 0.0)
0.1135,6.57,0.0,0.0,-4.88,0.0,0.0,-4.9,6.6,0.0 (cmd 0.0),0.0 (cmd 0.0)
0.114,7.17,0.0,0.0,-2.23,0.0,0.0,-2.2,7.2,0.0 (cmd 0.0),0.0 (cmd 0.0)
0.1145,7.86,0.0,0.0,-0.87,0.0,0.0,-0.9,7.9,0.0 (cmd 0.0),0.0 (cmd 0.0)
0.115,8.8,0.0,0.0,0.74,0.0,0.0,0.7,8.8,0.0 (cmd 0.0),0.0 (cmd 0.0)
0.1155,9.73,0.0,0.0,1.07,0.0,0.0,1.1,9.7,0.0 (cmd 0.0),0.0 (cmd 0.0)
0.116,9.89,0.0,0.0,1.28,0.0,0.0,1.3,9.9,0.0 (cmd 0.0),0.0 (cmd 0.0)
0.1165,9.87,0.0,0.0,1.81,0.0,0.0,1.8,9.9,0.0 (cmd 0.0),0.0 (cmd 0.0)
0.117,9.51,0.0,0.0,2.57,0.0,0.0,2.6,9.5,0.0 (cmd 0.0),0.0 (cmd 0.0)
0.1175,8.73,0.0,0.0,3.35,0.0,0.0,3.4,8.7,0.0 (cmd 0.0),0.0 (cmd 0.0)
0.118,7.54,0.0,0.0,3.71,0.0,0.0,3.7,7.5,0.0 (cmd 0.0),0.0 (cmd 0.0)
0.1185,6.18,0.0,0.0,4.79,0.0,0.0,4.8,6.2,0.0 (cmd 0.0),0.0 (cmd 0.0)
0.119,3.79,0.0,0.0,5.31,0.0,0.0,5.3,3.8,0.0 (cmd 0.0),0.0 (cmd 0.0)
0.1195,-0.74,0.0,0.0,6.05,0.0,0.0,6.0,-0.7,0.0 (cmd 0.0),0.0 (cmd 0.0)
0.12,-4.08,0.0,0.0,6.96,0.0,0.0,7.0,-4.1,0.0 (cmd 0.0),0.0 (cmd 0.0)
0.1205,-7.31,0.0,0.0,8.89,0.0,0.0,8.9,-7.3,0.0 (cmd 0.0),0.0 (cmd 0.0)
0.121,-9.17,0.0,0.0,9.41,0.0,0.0,9.4,-9.2,0.0 (cmd 0.0),0.0 (cmd 0.0)
0.1215,-12.73,0.0,0.0,9.39,0.0,0.0,9.4,-12.7,0.0 (cmd 0.0),0.0 (cmd 0.0)
0.122,-15.57,0.0,0.0,9.3,0.0,0.0,9.3,-15.6,0.0 (cmd 0.0),0.0 (cmd 0.0)
0.1225,-19.5,0.0,0.0,9.28,0.0,0.0,9.3,-19.5,0.0 (cmd 0.0),0.0 (cmd 0.0)
0.123,-20.04,0.0,0.0,9.22,0.0,0.0,9.2,-20.0,0.0 (cmd 0.0),0.0 (cmd 0.0)
0.1235,-20.59,0.0,0.0,9.08,0.0,0.0,9.1,-20.6,0.0 (cmd 0.0),0.0 (cmd 0.0)
0.124,-19.55,0.0,0.0,9.08,0.0,0.0,9.1,-19.6,0.0 (cmd 0.0),0.0 (cmd 0.0)
0.1245,-17.35,0.0,0.0,9.09,0.0,0.0,9.1,-17.4,0.0 (cmd 0.0),0.0 (cmd 0.0)
0.125,-13.66,0.0,0.0,8.93,0.0,0.0,8.9,-13.7,0.0 (cmd 0.0),0.0 (cmd 0.0)
0.1255,-8.08,0.0,0.0,8.66,0.0,0.0,8.7,-8.1,0.0 (cmd 0.0),0.0 (cmd 0.0)
0.126,-4.62,0.0,0.0,8.29,0.0,0.0,8.3,-4.6,0.0 (cmd 0.0),0.0 (cmd 0.0)
0.1265,-1.2,0.0,0.0,7.95,0.0,0.0,8.0,-1.2,0.0 (cmd 0.0),0.0 (cmd 0.0)
0.127,-0.3,0.0,0.0,7.3,0.0,0.0,7.3,-0.3,0.0 (cmd 0.0),0.0 (cmd 0.0)
0.1275,0.37,0.0,0.0,6.13,0.0,0.0,6.1,0.4,0.0 (cmd 0.0),0.0 (cmd 0.0)
0.128,3.21,0.0,0.0,3.01,0.0,0.0,3.0,3.2,0.0 (cmd 0.0),0.0 (cmd 0.0)
0.1285,4.86,0.0,0.0,0.0,0.0,0.0,0.0,4.9,0.0 (cmd 0.0),0.0 (cmd 0.0)
0.129,5.82,0.0,0.0,-0.77,0.0,0.0,-0.8,5.8,0.0 (cmd 0.0),0.0 (cmd 0.0)
0.1295,6.14,0.0,0.0,0.67,0.0,0.0,0.7,6.1,0.0 (cmd 0.0),0.0 (cmd 0.0)
0.13,7.15,0.0,0.0,2.45,0.0,0.0,2.5,7.2,0.0 (cmd 0.0),0.0 (cmd 0.0)
0.1305,7.73,0.0,0.0,5.08,0.0,0.0,5.1,7.7,0.0 (cmd 0.0),0.0 (cmd 0.0)
0.131,7.71,0.0,0.0,6.99,0.0,0.0,7.0,7.7,0.0 (cmd 0.0),0.0 (cmd 0.0)
0.1315,7.38,0.0,0.0,8.01,0.0,0.0,8.0,7.4,0.0 (cmd 0.0),0.0 (cmd 0.0)
0.132,7.38,0.0,0.0,8.1,0.0,0.0,8.1,7.4,0.0 (cmd 0.0),0.0 (cmd 0.0)
0.1325,7.54,0.0,0.0,7.89,0.0,0.0,7.9,7.5,0.0 (cmd 0.0),0.0 (cmd 0.0)
0.133,7.84,0.0,0.0,8.02,0.0,0.0,8.0,7.8,0.0 (cmd 0.0),0.0 (cmd 0.0)
0.1335,8.0,0.0,0.0,8.18,0.0,0.0,8.2,8.0,0.0 (cmd 0.0),0.0 (cmd 0.0)
0.134,8.01,0.0,0.0,8.15,0.0,0.0,8.2,8.0,0.0 (cmd 0.0),0.0 (cmd 0.0)
0.1345,8.05,0.0,0.0,8.06,0.0,0.0,8.1,8.1,0.0 (cmd 0.0),0.0 (cmd 0.0)
0.135,8.16,0.0,0.0,8.13,0.0,0.0,8.1,8.2,0.0 (cmd 0.0),0.0 (cmd 0.0)
0.1355,8.28,0.0,0.0,8.15,0.0,0.0,8.2,8.3,0.0 (cmd 0.0),0.0 (cmd 0.0)
0.136,8.32,0.0,0.0,8.1,0.0,0.0,8.1,8.3,0.0 (cmd 0.0),0.0 (cmd 0.0)
0.1365,8.47,0.0,0.0,8.06,0.0,0.0,8.1,8.5,0.0 (cmd 0.0),0.0 (cmd 0.0)
0.137,8.59,0.0,0.0,8.02,0.0,0.0,8.0,8.6,0.0 (cmd 0.0),0.0 (cmd 0.0)
0.1375,8.67,0.0,0.0,8.02,0.0,0.0,8.0,8.7,0.0 (cmd 0.0),0.0 (cmd 0.0)
0.138,8.77,0.0,0.0,8.17,0.0,0.0,8.2,8.8,0.0 (cmd 0.0),0.0 (cmd 0.0)
0.1385,8.89,0.0,0.0,8.21,0.0,0.0,8.2,8.9,0.0 (cmd 0.0),0.0 (cmd 0.0)
0.139,8.94,0.0,0.0,8.22,0.0,0.0,8.2,8.9,0.0 (cmd 0.0),0.0 (cmd 0.0)
0.1395,9.02,0.0,0.0,8.23,0.0,0.0,8.2,9.0,0.0 (cmd 0.0),0.0 (cmd 0.0)
0.14,9.08,0.0,0.0,8.24,0.0,0.0,8.2,9.1,0.0 (cmd 0.0),0.0 (cmd 0.0)
0.1405,9.19,0.0,0.0,8.26,0.0,0.0,8.3,9.2,0.0 (cmd 0.0),0.0 (cmd 0.0)
0.141,9.21,0.0,0.0,8.32,0.0,0.0,8.3,9.2,0.0 (cmd 0.0),0.0 (cmd 0.0)
0.1415,9.27,0.0,0.0,8.41,0.0,0.0,8.4,9.3,0.0 (cmd 0.0),0.0 (cmd 0.0)
0.142,9.3,0.0,0.0,8.44,0.0,0.0,8.4,9.3,0.0 (cmd 0.0),0.0 (cmd 0.0)
0.1425,9.32,0.0,0.0,8.5,0.0,0.0,8.5,9.3,0.0 (cmd 0.0),0.0 (cmd 0.0)
0.143,9.32,0.0,0.0,8.54,0.0,0.0,8.5,9.3,0.0 (cmd 0.0),0.0 (cmd 0.0)
0.1435,9.32,0.0,0.0,8.67,0.0,0.0,8.7,9.3,0.0 (cmd 0.0),0.0 (cmd 0.0)
0.144,9.32,0.0,0.0,8.78,0.0,0.0,8.8,9.3,0.0 (cmd 0.0),0.0 (cmd 0.0)
0.1445,9.33,0.0,0.0,8.81,0.0,0.0,8.8,9.3,0.0 (cmd 0.0),0.0 (cmd 0.0)
0.145,9.37,0.0,0.0,8.82,0.0,0.0,8.8,9.4,0.0 (cmd 0.0),0.0 (cmd 0.0)
0.1455,9.38,0.0,0.0,8.83,0.0,0.0,8.8,9.4,0.0 (cmd 0.0),0.0 (cmd 0.0)
0.146,9.39,0.0,0.0,8.83,0.0,0.0,8.8,9.4,0.0 (cmd 0.0),0.0 (cmd 0.0)
0.1465,9.39,0.0,0.0,8.84,0.0,0.0,8.8,9.4,0.0 (cmd 0.0),0.0 (cmd 0.0)
0.147,9.36,0.0,0.0,8.84,0.0,0.0,8.8,9.4,0.0 (cmd 0.0),0.0 (cmd 0.0)
0.1475,9.31,0.0,0.0,8.85,0.0,0.0,8.8,9.3,0.0 (cmd 0.0),0.0 (cmd 0.0)
0.148,9.22,0.0,0.0,8.85,0.0,0.0,8.8,9.2,0.0 (cmd 0.0),0.0 (cmd 0.0)
0.1485,9.18,0.0,0.0,8.85,0.0,0.0,8.8,9.2,0.0 (cmd 0.0),0.0 (cmd 0.0)
0.149,9.15,0.0,0.0,8.85,0.0,0.0,8.8,9.2,0.0 (cmd 0.0),0.0 (cmd 0.0)
0.1495,9.14,0.0,0.0,8.85,0.0,0.0,8.8,9.1,0.0 (cmd 0.0),0.0 (cmd 0.0)
0.15,9.18,0.0,0.0,8.86,0.0,0.0,8.9,9.2,0.0 (cmd 0.0),0.0 (cmd 0.0)
0.1505,9.21,0.0,0.0,8.88,0.0,0.0,8.9,9.2,0.0 (cmd 0.0),0.0 (cmd 0.0)
0.151,9.25,0.0,0.0,8.87,0.0,0.0,8.9,9.2,0.0 (cmd 0.0),0.0 (cmd 0.0)
0.1515,9.25,0.0,0.0,8.85,0.0,0.0,8.8,9.2,0.0 (cmd 0.0),0.0 (cmd 0.0)
0.152,9.23,0.0,0.0,8.85,0.0,0.0,8.8,9.2,0.0 (cmd 0.0),0.0 (cmd 0.0)
0.1525,9.21,0.0,0.0,8.85,0.0,0.0,8.8,9.2,0.0 (cmd 0.0),0.0 (cmd 0.0)
0.153,9.2,0.0,0.0,8.85,0.0,0.0,8.8,9.2,0.0 (cmd 0.0),0.0 (cmd 0.0)
0.1535,9.15,0.0,0.0,8.87,0.0,0.0,8.9,9.2,0.0 (cmd 0.0),0.0 (cmd 0.0)
0.154,9.13,0.0,0.0,8.88,0.0,0.0,8.9,9.1,0.0 (cmd 0.0),0.0 (cmd 0.0)
0.1545,9.1,0.0,0.0,8.88,0.0,0.0,8.9,9.1,0.0 (cmd 0.0),0.0 (cmd 0.0)
0.155,8.95,0.0,0.0,8.87,0.0,0.0,8.9,8.9,0.0 (cmd 0.0),0.0 (cmd 0.0)
0.1555,8.93,0.0,0.0,8.87,0.0,0.0,8.9,8.9,0.0 (cmd 0.0),0.0 (cmd 0.0)
0.156,8.89,0.0,0.0,8.87,0.0,0.0,8.9,8.9,0.0 (cmd 0.0),0.0 (cmd 0.0)
0.1565,8.83,0.0,0.0,8.87,0.0,0.0,8.9,8.8,0.0 (cmd 0.0),0.0 (cmd 0.0)
0.157,8.56,0.0,0.0,8.87,0.0,0.0,8.9,8.6,0.0 (cmd 0.0),0.0 (cmd 0.0)
0.1575,8.44,0.0,0.0,8.83,0.0,0.0,8.8,8.4,0.0 (cmd 0.0),0.0 (cmd 0.0)
0.158,8.34,0.0,0.0,8.78,0.0,0.0,8.8,8.3,0.0 (cmd 0.0),0.0 (cmd 0.0)
0.1585,8.1,0.0,0.0,8.72,0.0,0.0,8.7,8.1,0.0 (cmd 0.0),0.0 (cmd 0.0)
0.159,8.04,0.0,0.0,8.65,0.0,0.0,8.7,8.0,0.0 (cmd 0.0),0.0 (cmd 0.0)
0.1595,7.78,0.0,0.0,8.6,0.0,0.0,8.6,7.8,0.0 (cmd 0.0),0.0 (cmd 0.0)
0.16,7.53,0.0,0.0,8.55,0.0,0.0,8.6,7.5,0.0 (cmd 0.0),0.0 (cmd 0.0)
0.1605,7.28,0.0,0.0,8.44,0.0,0.0,8.4,7.3,0.0 (cmd 0.0),0.0 (cmd 0.0)
0.161,7.05,0.0,0.0,8.23,0.0,0.0,8.2,7.0,0.0 (cmd 0.0),0.0 (cmd 0.0)
0.1615,6.92,0.0,0.0,8.15,0.0,0.0,8.2,6.9,0.0 (cmd 0.0),0.0 (cmd 0.0)
0.162,6.9,0.0,0.0,7.99,0.0,0.0,8.0,6.9,0.0 (cmd 0.0),0.0 (cmd 0.0)
0.1625,6.95,0.0,0.0,7.84,0.0,0.0,7.8,7.0,0.0 (cmd 0.0),0.0 (cmd 0.0)
0.163,6.94,0.0,0.0,7.76,0.0,0.0,7.8,6.9,0.0 (cmd 0.0),0.0 (cmd 0.0)
0.1635,6.9,0.0,0.0,7.43,0.0,0.0,7.4,6.9,0.0 (cmd 0.0),0.0 (cmd 0.0)
0.164,6.84,0.0,0.0,7.21,0.0,0.0,7.2,6.8,0.0 (cmd 0.0),0.0 (cmd 0.0)
0.1645,6.8,0.0,0.0,7.27,0.0,0.0,7.3,6.8,0.0 (cmd 0.0),0.0 (cmd 0.0)
0.165,6.72,0.0,0.0,7.29,0.0,0.0,7.3,6.7,0.0 (cmd 0.0),0.0 (cmd 0.0)
0.1655,6.68,0.0,0.0,7.41,0.0,0.0,7.4,6.7,0.0 (cmd 0.0),0.0 (cmd 0.0)
0.166,6.65,0.0,0.0,7.43,0.0,0.0,7.4,6.7,0.0 (cmd 0.0),0.0 (cmd 0.0)
0.1665,6.61,0.0,0.0,7.33,0.0,0.0,7.3,6.6,0.0 (cmd 0.0),0.0 (cmd 0.0)
0.167,6.59,0.0,0.0,7.25,0.0,0.0,7.2,6.6,0.0 (cmd 0.0),0.0 (cmd 0.0)
0.1675,6.55,0.0,0.0,7.24,0.0,0.0,7.2,6.5,0.0 (cmd 0.0),0.0 (cmd 0.0)
0.168,6.56,0.0,0.0,7.22,0.0,0.0,7.2,6.6,0.0 (cmd 0.0),0.0 (cmd 0.0)
0.1685,6.56,0.0,0.0,7.2,0.0,0.0,7.2,6.6,0.0 (cmd 0.0),0.0 (cmd 0.0)
0.169,6.58,0.0,0.0,7.14,0.0,0.0,7.1,6.6,0.0 (cmd 0.0),0.0 (cmd 0.0)
0.1695,6.58,0.0,0.0,7.08,0.0,0.0,7.1,6.6,0.0 (cmd 0.0),0.0 (cmd 0.0)
0.17,6.89,0.0,0.0,7.0,0.0,0.0,7.0,6.9,0.0 (cmd 0.0),0.0 (cmd 0.0)
0.1705,7.02,0.0,0.0,6.97,0.0,0.0,7.0,7.0,0.0 (cmd 0.0),0.0 (cmd 0.0)
0.171,7.1,0.0,0.0,6.95,0.0,0.0,7.0,7.1,0.0 (cmd 0.0),0.0 (cmd 0.0)
0.1715,7.14,0.0,0.0,6.94,0.0,0.0,6.9,7.1,0.0 (cmd 0.0),0.0 (cmd 0.0)
0.172,7.16,0.0,0.0,6.93,0.0,0.0,6.9,7.2,0.0 (cmd 0.0),0.0 (cmd 0.0)
0.1725,7.02,0.0,0.0,6.92,0.0,0.0,6.9,7.0,0.0 (cmd 0.0),0.0 (cmd 0.0)
0.173,6.88,0.0,0.0,6.91,0.0,0.0,6.9,6.9,0.0 (cmd 0.0),0.0 (cmd 0.0)
0.1735,6.6,0.0,0.0,6.9,0.0,0.0,6.9,6.6,0.0 (cmd 0.0),0.0 (cmd 0.0)
0.174,6.38,0.0,0.0,6.9,0.0,0.0,6.9,6.4,0.0 (cmd 0.0),0.0 (cmd 0.0)
0.1745,6.36,0.0,0.0,6.9,0.0,0.0,6.9,6.4,0.0 (cmd 0.0),0.0 (cmd 0.0)
0.175,6.45,0.0,0.0,6.9,0.0,0.0,6.9,6.5,0.0 (cmd 0.0),0.0 (cmd 0.0)
0.1755,6.52,0.0,0.0,6.9,0.0,0.0,6.9,6.5,0.0 (cmd 0.0),0.0 (cmd 0.0)
0.176,6.58,0.0,0.0,6.9,0.0,0.0,6.9,6.6,0.0 (cmd 0.0),0.0 (cmd 0.0)
0.1765,6.7,0.0,0.0,6.92,0.0,0.0,6.9,6.7,0.0 (cmd 0.0),0.0 (cmd 0.0)
0.177,6.96,0.0,0.0,6.94,0.0,0.0,6.9,7.0,0.0 (cmd 0.0),0.0 (cmd 0.0)
0.1775,7.04,0.0,0.0,6.97,0.0,0.0,7.0,7.0,0.0 (cmd 0.0),0.0 (cmd 0.0)
0.178,7.11,0.0,0.0,7.01,0.0,0.0,7.0,7.1,0.0 (cmd 0.0),0.0 (cmd 0.0)
0.1785,7.33,0.0,0.0,7.12,0.0,0.0,7.1,7.3,0.0 (cmd 0.0),0.0 (cmd 0.0)
0.179,7.59,0.0,0.0,7.16,0.0,0.0,7.2,7.6,0.0 (cmd 0.0),0.0 (cmd 0.0)
0.1795,7.77,0.0,0.0,7.23,0.0,0.0,7.2,7.8,0.0 (cmd 0.0),0.0 (cmd 0.0)
0.18,7.82,0.0,0.0,7.36,0.0,0.0,7.4,7.8,0.0 (cmd 0.0),0.0 (cmd 0.0)
0.1805,7.83,0.0,0.0,7.4,0.0,0.0,7.4,7.8,0.0 (cmd 0.0),0.0 (cmd 0.0)
0.181,7.78,0.0,0.0,7.42,0.0,0.0,7.4,7.8,0.0 (cmd 0.0),0.0 (cmd 0.0)
0.1815,7.73,0.0,0.0,7.52,0.0,0.0,7.5,7.7,0.0 (cmd 0.0),0.0 (cmd 0.0)
0.182,7.7,0.0,0.0,7.55,0.0,0.0,7.5,7.7,0.0 (cmd 0.0),0.0 (cmd 0.0)
0.1825,7.71,0.0,0.0,7.82,0.0,0.0,7.8,7.7,0.0 (cmd 0.0),0.0 (cmd 0.0)
0.183,7.78,0.0,0.0,7.87,0.0,0.0,7.9,7.8,0.0 (cmd 0.0),0.0 (cmd 0.0)
0.1835,7.98,0.0,0.0,7.85,0.0,0.0,7.8,8.0,0.0 (cmd 0.0),0.0 (cmd 0.0)
0.184,7.74,0.0,0.0,8.16,0.0,0.0,8.2,7.7,0.0 (cmd 0.0),0.0 (cmd 0.0)
0.1845,7.09,0.0,0.0,8.37,0.0,0.0,8.4,7.1,0.0 (cmd 0.0),0.0 (cmd 0.0)
0.185,6.59,0.0,0.0,8.65,0.0,0.0,8.7,6.6,0.0 (cmd 0.0),0.0 (cmd 0.0)
0.1855,6.1,0.0,0.0,8.87,0.0,0.0,8.9,6.1,0.0 (cmd 0.0),0.0 (cmd 0.0)
0.186,5.53,0.0,0.0,9.0,0.0,0.0,9.0,5.5,0.0 (cmd 0.0),0.0 (cmd 0.0)
0.1865,5.59,0.0,0.0,8.71,0.0,0.0,8.7,5.6,0.0 (cmd 0.0),0.0 (cmd 0.0)
0.187,5.74,0.0,0.0,8.65,0.0,0.0,8.7,5.7,0.0 (cmd 0.0),0.0 (cmd 0.0)
0.1875,4.97,0.0,0.0,8.55,0.0,0.0,8.6,5.0,0.0 (cmd 0.0),0.0 (cmd 0.0)
0.188,3.81,0.0,0.0,7.8,0.0,0.0,7.8,3.8,0.0 (cmd 0.0),0.0 (cmd 0.0)
0.1885,2.75,0.0,0.0,9.05,0.0,0.0,9.1,2.8,0.0 (cmd 0.0),0.0 (cmd 0.0)
0.189,2.75,0.0,0.0,9.51,0.0,0.0,9.5,2.8,0.0 (cmd 0.0),0.0 (cmd 0.0)
0.1895,3.01,0.0,0.0,9.67,0.0,0.0,9.7,3.0,0.0 (cmd 0.0),0.0 (cmd 0.0)
0.19,3.21,0.0,0.0,9.51,0.0,0.0,9.5,3.2,0.0 (cmd 0.0),0.0 (cmd 0.0)
0.1905,2.99,0.0,0.0,9.39,0.0,0.0,9.4,3.0,0.0 (cmd 0.0),0.0 (cmd 0.0)
0.191,2.6,0.0,0.0,9.13,0.0,0.0,9.1,2.6,0.0 (cmd 0.0),0.0 (cmd 0.0)
0.1915,2.17,0.0,0.0,8.92,0.0,0.0,8.9,2.2,0.0 (cmd 0.0),0.0 (cmd 0.0)
0.192,1.74,0.0,0.0,8.75,0.0,0.0,8.8,1.7,0.0 (cmd 0.0),0.0 (cmd 0.0)
0.1925,1.23,0.0,0.0,8.46,0.0,0.0,8.5,1.2,0.0 (cmd 0.0),0.0 (cmd 0.0)
0.193,0.9,0.0,0.0,7.98,0.0,0.0,8.0,0.9,0.0 (cmd 0.0),0.0 (cmd 0.0)
0.1935,0.27,0.0,0.0,7.62,0.0,0.0,7.6,0.3,0.0 (cmd 0.0),0.0 (cmd 0.0)
0.194,-0.76,0.0,0.0,6.91,0.0,0.0,6.9,-0.8,0.0 (cmd 0.0),0.0 (cmd 0.0)
0.1945,-1.81,0.0,0.0,5.59,0.0,0.0,5.6,-1.8,0.0 (cmd 0.0),0.0 (cmd 0.0)
0.195,-2.16,0.0,0.0,4.82,0.0,0.0,4.8,-2.2,0.0 (cmd 0.0),0.0 (cmd 0.0)
0.1955,-2.01,0.0,0.0,3.87,0.0,0.0,3.9,-2.0,0.0 (cmd 0.0),0.0 (cmd 0.0)
0.196,-1.54,0.0,0.0,3.2,0.0,0.0,3.2,-1.5,0.0 (cmd 0.0),0.0 (cmd 0.0)
0.1965,-1.07,0.0,0.0,2.85,0.0,0.0,2.9,-1.1,0.0 (cmd 0.0),0.0 (cmd 0.0)
0.197,-0.62,0.0,0.0,2.67,0.0,0.0,2.7,-0.6,0.0 (cmd 0.0),0.0 (cmd 0.0)
0.1975,-0.2,0.0,0.0,2.65,0.0,0.0,2.6,-0.2,0.0 (cmd 0.0),0.0 (cmd 0.0)
0.198,0.59,0.0,0.0,2.74,0.0,0.0,2.7,0.6,0.0 (cmd 0.0),0.0 (cmd 0.0)
0.1985,0.79,0.0,0.0,3.05,0.0,0.0,3.0,0.8,0.0 (cmd 0.0),0.0 (cmd 0.0)
0.199,0.97,0.0,0.0,3.37,0.0,0.0,3.4,1.0,0.0 (cmd 0.0),0.0 (cmd 0.0)
0.1995,1.07,0.0,0.0,3.67,0.0,0.0,3.7,1.1,0.0 (cmd 0.0),0.0 (cmd 0.0)
0.2,1.03,0.0,0.0,3.86,0.0,0.0,3.9,1.0,0.0 (cmd 0.0),0.0 (cmd 0.0)
0.2005,0.68,0.0,0.0,4.36,0.0,0.0,4.4,0.7,0.0 (cmd 0.0),0.0 (cmd 0.0)
0.201,0.61,0.0,0.0,4.74,0.0,0.0,4.7,0.6,0.0 (cmd 0.0),0.0 (cmd 0.0)
0.2015,0.55,0.0,0.0,4.84,0.0,0.0,4.8,0.6,0.0 (cmd 0.0),0.0 (cmd 0.0)
0.202,0.56,0.0,0.0,4.47,0.0,0.0,4.5,0.6,0.0 (cmd 0.0),0.0 (cmd 0.0)
0.2025,0.58,0.0,0.0,3.91,0.0,0.0,3.9,0.6,0.0 (cmd 0.0),0.0 (cmd 0.0)
0.203,0.44,0.0,0.0,3.15,0.0,0.0,3.1,0.4,0.0 (cmd 0.0),0.0 (cmd 0.0)
0.2035,0.37,0.0,0.0,2.7,0.0,0.0,2.7,0.4,0.0 (cmd 0.0),0.0 (cmd 0.0)
0.204,0.51,0.0,0.0,-0.24,0.0,0.0,-0.2,0.5,0.0 (cmd 0.0),0.0 (cmd 0.0)
0.2045,0.7,0.0,0.0,-2.69,0.0,0.0,-2.7,0.7,0.0 (cmd 0.0),0.0 (cmd 0.0)
0.205,0.93,0.0,0.0,-4.83,0.0,0.0,-4.8,0.9,0.0 (cmd 0.0),0.0 (cmd 0.0)
0.2055,1.3,0.0,0.0,-5.93,0.0,0.0,-5.9,1.3,0.0 (cmd 0.0),0.0 (cmd 0.0)
0.206,1.6,0.0,0.0,-5.67,0.0,0.0,-5.7,1.6,0.0 (cmd 0.0),0.0 (cmd 0.0)
0.2065,2.14,0.0,0.0,-4.3,0.0,0.0,-4.3,2.1,0.0 (cmd 0.0),0.0 (cmd 0.0)
0.207,2.49,0.0,0.0,-2.07,0.0,0.0,-2.1,2.5,0.0 (cmd 0.0),0.0 (cmd 0.0)
0.2075,3.15,0.0,0.0,-0.26,0.0,0.0,-0.3,3.1,0.0 (cmd 0.0),0.0 (cmd 0.0)
0.208,4.11,0.0,0.0,1.45,0.0,0.0,1.4,4.1,0.0 (cmd 0.0),0.0 (cmd 0.0)
0.2085,4.94,0.0,0.0,3.43,0.0,0.0,3.4,4.9,0.0 (cmd 0.0),0.0 (cmd 0.0)
0.209,5.36,0.0,0.0,4.36,0.0,0.0,4.4,5.4,0.0 (cmd 0.0),0.0 (cmd 0.0)
0.2095,5.98,0.0,0.0,7.07,0.0,0.0,7.1,6.0,0.0 (cmd 0.0),0.0 (cmd 0.0)
0.21,6.87,0.0,0.0,8.4,0.0,0.0,8.4,6.9,0.0 (cmd 0.0),0.0 (cmd 0.0)
0.2105,7.97,0.0,0.0,8.68,0.0,0.0,8.7,8.0,0.0 (cmd 0.0),0.0 (cmd 0.0)
0.211,8.21,0.0,0.0,8.61,0.0,0.0,8.6,8.2,0.0 (cmd 0.0),0.0 (cmd 0.0)
0.2115,7.69,0.0,0.0,8.62,0.0,0.0,8.6,7.7,0.0 (cmd 0.0),0.0 (cmd 0.0)
0.212,6.27,0.0,0.0,8.78,0.0,0.0,8.8,6.3,0.0 (cmd 0.0),0.0 (cmd 0.0)
0.2125,5.61,0.0,0.0,9.41,0.0,0.0,9.4,5.6,0.0 (cmd 0.0),0.0 (cmd 0.0)
0.213,5.71,0.0,0.0,9.1,0.0,0.0,9.1,5.7,0.0 (cmd 0.0),0.0 (cmd 0.0)
0.2135,6.04,0.0,0.0,8.85,0.0,0.0,8.8,6.0,0.0 (cmd 0.0),0.0 (cmd 0.0)
0.214,6.54,0.0,0.0,8.92,0.0,0.0,8.9,6.5,0.0 (cmd 0.0),0.0 (cmd 0.0)
0.2145,7.25,0.0,0.0,9.1,0.0,0.0,9.1,7.2,0.0 (cmd 0.0),0.0 (cmd 0.0)
0.215,7.92,0.0,0.0,9.07,0.0,0.0,9.1,7.9,0.0 (cmd 0.0),0.0 (cmd 0.0)
0.2155,8.06,0.0,0.0,9.14,0.0,0.0,9.1,8.1,0.0 (cmd 0.0),0.0 (cmd 0.0)
0.216,8.09,0.0,0.0,9.32,0.0,0.0,9.3,8.1,0.0 (cmd 0.0),0.0 (cmd 0.0)
0.2165,8.0,0.0,0.0,9.48,0.0,0.0,9.5,8.0,0.0 (cmd 0.0),0.0 (cmd 0.0)
0.217,8.04,0.0,0.0,9.52,0.0,0.0,9.5,8.0,0.0 (cmd 0.0),0.0 (cmd 0.0)
0.2175,8.14,0.0,0.0,9.63,0.0,0.0,9.6,8.1,0.0 (cmd 0.0),0.0 (cmd 0.0)
0.218,8.11,0.0,0.0,9.81,0.0,0.0,9.8,8.1,0.0 (cmd 0.0),0.0 (cmd 0.0)
0.2185,8.05,0.0,0.0,10.0,0.0,0.0,10.0,8.1,0.0 (cmd 0.0),0.0 (cmd 0.0)
0.219,7.97,0.0,0.0,10.14,0.0,0.0,10.1,8.0,0.0 (cmd 0.0),0.0 (cmd 0.0)
0.2195,7.82,0.0,0.0,10.2,0.0,0.0,10.2,7.8,0.0 (cmd 0.0),0.0 (cmd 0.0)
0.22,7.74,0.0,0.0,10.31,0.0,0.0,10.3,7.7,0.0 (cmd 0.0),0.0 (cmd 0.0)
0.2205,7.5,0.0,0.0,10.42,0.0,0.0,10.4,7.5,0.0 (cmd 0.0),0.0 (cmd 0.0)
0.221,7.36,0.0,0.0,10.51,0.0,0.0,10.5,7.4,0.0 (cmd 0.0),0.0 (cmd 0.0)
0.2215,7.06,0.0,0.0,10.6,0.0,0.0,10.6,7.1,0.0 (cmd 0.0),0.0 (cmd 0.0)
0.222,6.23,0.0,0.0,10.77,0.0,0.0,10.8,6.2,0.0 (cmd 0.0),0.0 (cmd 0.0)
0.2225,5.0,0.0,0.0,11.03,0.0,0.0,11.0,5.0,0.0 (cmd 0.0),0.0 (cmd 0.0)
0.223,3.15,0.0,0.0,11.33,0.0,0.0,11.3,3.1,0.0 (cmd 0.0),0.0 (cmd 0.0)
0.2235,2.37,0.0,0.0,11.64,0.0,0.0,11.6,2.4,0.0 (cmd 0.0),0.0 (cmd 0.0)
0.224,2.07,0.0,0.0,11.54,0.0,0.0,11.5,2.1,0.0 (cmd 0.0),0.0 (cmd 0.0)
0.2245,1.4,0.0,0.0,10.32,0.0,0.0,10.3,1.4,0.0 (cmd 0.0),0.0 (cmd 0.0)
0.225,1.29,0.0,0.0,7.44,0.0,0.0,7.4,1.3,0.0 (cmd 0.0),0.0 (cmd 0.0)
0.2255,1.2,0.0,0.0,3.37,0.0,0.0,3.4,1.2,0.0 (cmd 0.0),0.0 (cmd 0.0)
0.226,0.89,0.0,0.0,0.07,0.0,0.0,0.1,0.9,0.0 (cmd 0.0),0.0 (cmd 0.0)
0.2265,0.47,0.0,0.0,-2.17,0.0,0.0,-2.2,0.5,0.0 (cmd 0.0),0.0 (cmd 0.0)
0.227,0.51,0.0,0.0,-3.34,0.0,0.0,-3.3,0.5,0.0 (cmd 0.0),0.0 (cmd 0.0)
0.2275,1.15,0.0,0.0,-3.44,0.0,0.0,-3.4,1.1,0.0 (cmd 0.0),0.0 (cmd 0.0)
0.228,2.22,0.0,0.0,-2.77,0.0,0.0,-2.8,2.2,0.0 (cmd 0.0),0.0 (cmd 0.0)
0.2285,2.93,0.0,0.0,-1.93,0.0,0.0,-1.9,2.9,0.0 (cmd 0.0),0.0 (cmd 0.0)
0.229,3.41,0.0,0.0,-1.16,0.0,0.0,-1.2,3.4,0.0 (cmd 0.0),0.0 (cmd 0.0)
0.2295,4.52,0.0,0.0,-1.23,0.0,0.0,-1.2,4.5,0.0 (cmd 0.0),0.0 (cmd 0.0)
0.23,4.89,0.0,0.0,-0.25,0.0,0.0,-0.2,4.9,0.0 (cmd 0.0),0.0 (cmd 0.0)
0.2305,4.34,0.0,0.0,1.88,0.0,0.0,1.9,4.3,0.0 (cmd 0.0),0.0 (cmd 0.0)
0.231,3.17,0.0,0.0,2.75,0.0,0.0,2.8,3.2,0.0 (cmd 0.0),0.0 (cmd 0.0)
0.2315,0.56,0.0,0.0,3.64,0.0,0.0,3.6,0.6,0.0 (cmd 0.0),0.0 (cmd 0.0)
0.232,-0.79,0.0,0.0,5.35,0.0,0.0,5.3,-0.8,0.0 (cmd 0.0),0.0 (cmd 0.0)
0.2325,-1.92,0.0,0.0,6.58,0.0,0.0,6.6,-1.9,0.0 (cmd 0.0),0.0 (cmd 0.0)
0.233,-2.87,0.0,0.0,8.0,0.0,0.0,8.0,-2.9,0.0 (cmd 0.0),0.0 (cmd 0.0)
0.2335,-2.88,0.0,0.0,10.3,0.0,0.0,10.3,-2.9,0.0 (cmd 0.0),0.0 (cmd 0.0)
0.234,-2.14,0.0,0.0,9.77,0.0,0.0,9.8,-2.1,0.0 (cmd 0.0),0.0 (cmd 0.0)
0.2345,-0.73,0.0,0.0,10.07,0.0,0.0,10.1,-0.7,0.0 (cmd 0.0),0.0 (cmd 0.0)
0.235,-0.13,0.0,0.0,10.06,0.0,0.0,10.1,-0.1,0.0 (cmd 0.0),0.0 (cmd 0.0)
0.2355,0.61,0.0,0.0,10.05,0.0,0.0,10.1,0.6,0.0 (cmd 0.0),0.0 (cmd 0.0)
0.236,2.57,0.0,0.0,10.06,0.0,0.0,10.1,2.6,0.0 (cmd 0.0),0.0 (cmd 0.0)
0.2365,3.94,0.0,0.0,10.15,0.0,0.0,10.2,3.9,0.0 (cmd 0.0),0.0 (cmd 0.0)
0.237,5.37,0.0,0.0,10.16,0.0,0.0,10.2,5.4,0.0 (cmd 0.0),0.0 (cmd 0.0)
0.2375,5.67,0.0,0.0,10.15,0.0,0.0,10.2,5.7,0.0 (cmd 0.0),0.0 (cmd 0.0)
0.238,6.16,0.0,0.0,10.28,0.0,0.0,10.3,6.2,0.0 (cmd 0.0),0.0 (cmd 0.0)
0.2385,6.22,0.0,0.0,10.23,0.0,0.0,10.2,6.2,0.0 (cmd 0.0),0.0 (cmd 0.0)
0.239,6.19,0.0,0.0,10.03,0.0,0.0,10.0,6.2,0.0 (cmd 0.0),0.0 (cmd 0.0)
0.2395,6.17,0.0,0.0,9.86,0.0,0.0,9.9,6.2,0.0 (cmd 0.0),0.0 (cmd 0.0)
0.24,6.17,0.0,0.0,9.55,0.0,0.0,9.6,6.2,0.0 (cmd 0.0),0.0 (cmd 0.0)
0.2405,6.18,0.0,0.0,9.41,0.0,0.0,9.4,6.2,0.0 (cmd 0.0),0.0 (cmd 0.0)
0.241,6.17,0.0,0.0,9.36,0.0,0.0,9.4,6.2,0.0 (cmd 0.0),0.0 (cmd 0.0)
0.2415,6.16,0.0,0.0,9.36,0.0,0.0,9.4,6.2,0.0 (cmd 0.0),0.0 (cmd 0.0)
0.242,6.16,0.0,0.0,9.38,0.0,0.0,9.4,6.2,0.0 (cmd 0.0),0.0 (cmd 0.0)
0.2425,6.17,0.0,0.0,9.4,0.0,0.0,9.4,6.2,0.0 (cmd 0.0),0.0 (cmd 0.0)
0.243,6.2,0.0,0.0,9.5,0.0,0.0,9.5,6.2,0.0 (cmd 0.0),0.0 (cmd 0.0)
0.2435,6.21,0.0,0.0,9.54,0.0,0.0,9.5,6.2,0.0 (cmd 0.0),0.0 (cmd 0.0)
0.244,6.25,0.0,0.0,9.54,0.0,0.0,9.5,6.2,0.0 (cmd 0.0),0.0 (cmd 0.0)
0.2445,6.3,0.0,0.0,9.53,0.0,0.0,9.5,6.3,0.0 (cmd 0.0),0.0 (cmd 0.0)
0.245,6.33,0.0,0.0,9.46,0.0,0.0,9.5,6.3,0.0 (cmd 0.0),0.0 (cmd 0.0)
0.2455,6.36,0.0,0.0,9.41,0.0,0.0,9.4,6.4,0.0 (cmd 0.0),0.0 (cmd 0.0)
0.246,6.41,0.0,0.0,9.22,0.0,0.0,9.2,6.4,0.0 (cmd 0.0),0.0 (cmd 0.0)
0.2465,6.43,0.0,0.0,9.06,0.0,0.0,9.1,6.4,0.0 (cmd 0.0),0.0 (cmd 0.0)
0.0005,6.26,0.0,0.0,5.26,0.0,0.0,5.3,6.3,0.0 (cmd 0.0),0.0 (cmd 0.0)
0.001,6.22,0.0,0.0,5.22,0.0,0.0,5.2,6.2,0.0 (cmd 0.0),0.0 (cmd 0.0)
0.0015,6.05,0.0,0.0,5.23,0.0,0.0,5.2,6.0,0.0 (cmd 0.0),0.0 (cmd 0.0)
0.002,5.86,0.0,0.0,5.31,0.0,0.0,5.3,5.9,0.0 (cmd 0.0),0.0 (cmd 0.0)
0.0025,5.65,0.0,0.0,5.37,0.0,0.0,5.4,5.7,0.0 (cmd 0.0),0.0 (cmd 0.0)
0.003,5.74,0.0,0.0,5.36,0.0,0.0,5.4,5.7,0.0 (cmd 0.0),0.0 (cmd 0.0)
0.0035,5.83,0.0,0.0,5.33,0.0,0.0,5.3,5.8,0.0 (cmd 0.0),0.0 (cmd 0.0)
0.004,5.87,0.0,0.0,5.31,0.0,0.0,5.3,5.9,0.0 (cmd 0.0),0.0 (cmd 0.0)
0.0045,5.94,0.0,0.0,5.29,0.0,0.0,5.3,5.9,0.0 (cmd 0.0),0.0 (cmd 0.0)
0.005,5.91,0.0,0.0,5.25,0.0,0.0,5.2,5.9,0.0 (cmd 0.0),0.0 (cmd 0.0)
0.0055,5.87,0.0,0.0,5.2,0.0,0.0,5.2,5.9,0.0 (cmd 0.0),0.0 (cmd 0.0)
0.006,5.77,0.0,0.0,5.12,0.0,0.0,5.1,5.8,0.0 (cmd 0.0),0.0 (cmd 0.0)
0.0065,5.65,0.0,0.0,5.02,0.0,0.0,5.0,5.7,0.0 (cmd 0.0),0.0 (cmd 0.0)
0.007,5.55,0.0,0.0,4.96,0.0,0.0,5.0,5.5,0.0 (cmd 0.0),0.0 (cmd 0.0)
0.0075,5.48,0.0,0.0,4.88,0.0,0.0,4.9,5.5,0.0 (cmd 0.0),0.0 (cmd 0.0)
0.008,5.42,0.0,0.0,4.85,0.0,0.0,4.8,5.4,0.0 (cmd 0.0),0.0 (cmd 0.0)
0.0085,5.39,0.0,0.0,4.79,0.0,0.0,4.8,5.4,0.0 (cmd 0.0),0.0 (cmd 0.0)
0.009,5.27,0.0,0.0,4.74,0.0,0.0,4.7,5.3,0.0 (cmd 0.0),0.0 (cmd 0.0)
0.0095,5.13,0.0,0.0,4.61,0.0,0.0,4.6,5.1,0.0 (cmd 0.0),0.0 (cmd 0.0)
0.01,5.04,0.0,0.0,4.44,0.0,0.0,4.4,5.0,0.0 (cmd 0.0),0.0 (cmd 0.0)
0.0105,4.98,0.0,0.0,4.31,0.0,0.0,4.3,5.0,0.0 (cmd 0.0),0.0 (cmd 0.0)
0.011,4.87,0.0,0.0,4.22,0.0,0.0,4.2,4.9,0.0 (cmd 0.0),0.0 (cmd 0.0)
0.0115,4.76,0.0,0.0,4.15,0.0,0.0,4.2,4.8,0.0 (cmd 0.0),0.0 (cmd 0.0)
0.012,4.63,0.0,0.0,4.09,0.0,0.0,4.1,4.6,0.0 (cmd 0.0),0.0 (cmd 0.0)
0.0125,4.58,0.0,0.0,3.92,0.0,0.0,3.9,4.6,0.0 (cmd 0.0),0.0 (cmd 0.0)
0.013,4.48,0.0,0.0,3.86,0.0,0.0,3.9,4.5,0.0 (cmd 0.0),0.0 (cmd 0.0)
0.0135,4.42,0.0,0.0,3.82,0.0,0.0,3.8,4.4,0.0 (cmd 0.0),0.0 (cmd 0.0)
0.014,4.38,0.0,0.0,3.8,0.0,0.0,3.8,4.4,0.0 (cmd 0.0),0.0 (cmd 0.0)
0.0145,4.3,0.0,0.0,3.72,0.0,0.0,3.7,4.3,0.0 (cmd 0.0),0.0 (cmd 0.0)
0.015,4.25,0.0,0.0,3.68,0.0,0.0,3.7,4.2,0.0 (cmd 0.0),0.0 (cmd 0.0)
0.0155,4.18,0.0,0.0,3.66,0.0,0.0,3.7,4.2,0.0 (cmd 0.0),0.0 (cmd 0.0)
0.016,4.12,0.0,0.0,3.56,0.0,0.0,3.6,4.1,0.0 (cmd 0.0),0.0 (cmd 0.0)
0.0165,4.07,0.0,0.0,3.53,0.0,0.0,3.5,4.1,0.0 (cmd 0.0),0.0 (cmd 0.0)
0.017,4.04,0.0,0.0,3.52,0.0,0.0,3.5,4.0,0.0 (cmd 0.0),0.0 (cmd 0.0)
0.0175,3.99,0.0,0.0,3.49,0.0,0.0,3.5,4.0,0.0 (cmd 0.0),0.0 (cmd 0.0)
0.018,3.94,0.0,0.0,3.46,0.0,0.0,3.5,3.9,0.0 (cmd 0.0),0.0 (cmd 0.0)
0.0185,3.87,0.0,0.0,3.44,0.0,0.0,3.4,3.9,0.0 (cmd 0.0),0.0 (cmd 0.0)
0.019,3.78,0.0,0.0,3.35,0.0,0.0,3.4,3.8,0.0 (cmd 0.0),0.0 (cmd 0.0)
0.0195,3.71,0.0,0.0,3.27,0.0,0.0,3.3,3.7,0.0 (cmd 0.0),0.0 (cmd 0.0)
0.02,3.65,0.0,0.0,3.11,0.0,0.0,3.1,3.6,0.0 (cmd 0.0),0.0 (cmd 0.0)
0.0205,3.58,0.0,0.0,3.02,0.0,0.0,3.0,3.6,0.0 (cmd 0.0),0.0 (cmd 0.0)
0.021,3.51,0.0,0.0,2.95,0.0,0.0,3.0,3.5,0.0 (cmd 0.0),0.0 (cmd 0.0)
0.0215,3.43,0.0,0.0,2.89,0.0,0.0,2.9,3.4,0.0 (cmd 0.0),0.0 (cmd 0.0)
0.022,3.4,0.0,0.0,2.87,0.0,0.0,2.9,3.4,0.0 (cmd 0.0),0.0 (cmd 0.0)
0.0225,3.37,0.0,0.0,2.87,0.0,0.0,2.9,3.4,0.0 (cmd 0.0),0.0 (cmd 0.0)
0.023,3.37,0.0,0.0,2.88,0.0,0.0,2.9,3.4,0.0 (cmd 0.0),0.0 (cmd 0.0)
0.0235,3.35,0.0,0.0,2.89,0.0,0.0,2.9,3.4,0.0 (cmd 0.0),0.0 (cmd 0.0)
0.024,3.32,0.0,0.0,2.88,0.0,0.0,2.9,3.3,0.0 (cmd 0.0),0.0 (cmd 0.0)
0.0245,3.27,0.0,0.0,2.87,0.0,0.0,2.9,3.3,0.0 (cmd 0.0),0.0 (cmd 0.0)
0.025,3.19,0.0,0.0,2.83,0.0,0.0,2.8,3.2,0.0 (cmd 0.0),0.0 (cmd 0.0)
0.0255,3.14,0.0,0.0,2.79,0.0,0.0,2.8,3.1,0.0 (cmd 0.0),0.0 (cmd 0.0)
0.026,3.08,0.0,0.0,2.72,0.0,0.0,2.7,3.1,0.0 (cmd 0.0),0.0 (cmd 0.0)
0.0265,2.96,0.0,0.0,2.7,0.0,0.0,2.7,3.0,0.0 (cmd 0.0),0.0 (cmd 0.0)
0.027,2.88,0.0,0.0,2.69,0.0,0.0,2.7,2.9,0.0 (cmd 0.0),0.0 (cmd 0.0)
0.0275,2.82,0.0,0.0,2.65,0.0,0.0,2.6,2.8,0.0 (cmd 0.0),0.0 (cmd 0.0)
0.028,2.75,0.0,0.0,2.61,0.0,0.0,2.6,2.8,0.0 (cmd 0.0),0.0 (cmd 0.0)
0.0285,2.71,0.0,0.0,2.58,0.0,0.0,2.6,2.7,0.0 (cmd 0.0),0.0 (cmd 0.0)
0.029,2.71,0.0,0.0,2.56,0.0,0.0,2.6,2.7,0.0 (cmd 0.0),0.0 (cmd 0.0)
0.0295,2.69,0.0,0.0,2.53,0.0,0.0,2.5,2.7,0.0 (cmd 0.0),0.0 (cmd 0.0)
0.03,2.66,0.0,0.0,2.51,0.0,0.0,2.5,2.7,0.0 (cmd 0.0),0.0 (cmd 0.0)
0.0305,2.67,0.0,0.0,2.47,0.0,0.0,2.5,2.7,0.0 (cmd 0.0),0.0 (cmd 0.0)
0.031,2.69,0.0,0.0,2.43,0.0,0.0,2.4,2.7,0.0 (cmd 0.0),0.0 (cmd 0.0)
0.0315,2.77,0.0,0.0,2.42,0.0,0.0,2.4,2.8,0.0 (cmd 0.0),0.0 (cmd 0.0)
0.032,2.87,0.0,0.0,2.45,0.0,0.0,2.5,2.9,0.0 (cmd 0.0),0.0 (cmd 0.0)
0.0325,2.89,0.0,0.0,2.46,0.0,0.0,2.5,2.9,0.0 (cmd 0.0),0.0 (cmd 0.0)
0.033,2.82,0.0,0.0,2.46,0.0,0.0,2.5,2.8,0.0 (cmd 0.0),0.0 (cmd 0.0)
0.0335,2.8,0.0,0.0,2.45,0.0,0.0,2.5,2.8,0.0 (cmd 0.0),0.0 (cmd 0.0)
0.034,2.8,0.0,0.0,2.45,0.0,0.0,2.5,2.8,0.0 (cmd 0.0),0.0 (cmd 0.0)
0.0345,2.84,0.0,0.0,2.46,0.0,0.0,2.5,2.8,0.0 (cmd 0.0),0.0 (cmd 0.0)
0.035,2.86,0.0,0.0,2.46,0.0,0.0,2.5,2.9,0.0 (cmd 0.0),0.0 (cmd 0.0)
0.0355,2.86,0.0,0.0,2.44,0.0,0.0,2.4,2.9,0.0 (cmd 0.0),0.0 (cmd 0.0)
0.036,2.86,0.0,0.0,2.42,0.0,0.0,2.4,2.9,0.0 (cmd 0.0),0.0 (cmd 0.0)
0.0365,2.86,0.0,0.0,2.4,0.0,0.0,2.4,2.9,0.0 (cmd 0.0),0.0 (cmd 0.0)
0.037,2.86,0.0,0.0,2.39,0.0,0.0,2.4,2.9,0.0 (cmd 0.0),0.0 (cmd 0.0)
0.0375,2.84,0.0,0.0,2.36,0.0,0.0,2.4,2.8,0.0 (cmd 0.0),0.0 (cmd 0.0)
0.038,2.81,0.0,0.0,2.35,0.0,0.0,2.4,2.8,0.0 (cmd 0.0),0.0 (cmd 0.0)
0.0385,2.77,0.0,0.0,2.33,0.0,0.0,2.3,2.8,0.0 (cmd 0.0),0.0 (cmd 0.0)
0.039,2.76,0.0,0.0,2.33,0.0,0.0,2.3,2.8,0.0 (cmd 0.0),0.0 (cmd 0.0)
0.0395,2.73,0.0,0.0,2.34,0.0,0.0,2.3,2.7,0.0 (cmd 0.0),0.0 (cmd 0.0)
0.04,2.71,0.0,0.0,2.34,0.0,0.0,2.3,2.7,0.0 (cmd 0.0),0.0 (cmd 0.0)
0.0405,2.69,0.0,0.0,2.32,0.0,0.0,2.3,2.7,0.0 (cmd 0.0),0.0 (cmd 0.0)
0.041,2.67,0.0,0.0,2.32,0.0,0.0,2.3,2.7,0.0 (cmd 0.0),0.0 (cmd 0.0)
0.0415,2.66,0.0,0.0,2.31,0.0,0.0,2.3,2.7,0.0 (cmd 0.0),0.0 (cmd 0.0)
0.042,2.66,0.0,0.0,2.3,0.0,0.0,2.3,2.7,0.0 (cmd 0.0),0.0 (cmd 0.0)
0.0425,2.64,0.0,0.0,2.3,0.0,0.0,2.3,2.6,0.0 (cmd 0.0),0.0 (cmd 0.0)
0.043,2.63,0.0,0.0,2.3,0.0,0.0,2.3,2.6,0.0 (cmd 0.0),0.0 (cmd 0.0)
0.0435,2.62,0.0,0.0,2.29,0.0,0.0,2.3,2.6,0.0 (cmd 0.0),0.0 (cmd 0.0)
0.044,2.63,0.0,0.0,2.32,0.0,0.0,2.3,2.6,0.0 (cmd 0.0),0.0 (cmd 0.0)
0.0445,2.63,0.0,0.0,2.41,0.0,0.0,2.4,2.6,0.0 (cmd 0.0),0.0 (cmd 0.0)
0.045,2.62,0.0,0.0,2.55,0.0,0.0,2.5,2.6,0.0 (cmd 0.0),0.0 (cmd 0.0)
0.0455,2.62,0.0,0.0,2.64,0.0,0.0,2.6,2.6,0.0 (cmd 0.0),0.0 (cmd 0.0)
0.046,2.61,0.0,0.0,2.72,0.0,0.0,2.7,2.6,0.0 (cmd 0.0),0.0 (cmd 0.0)
0.0465,2.62,0.0,0.0,2.79,0.0,0.0,2.8,2.6,0.0 (cmd 0.0),0.0 (cmd 0.0)
0.047,2.62,0.0,0.0,2.91,0.0,0.0,2.9,2.6,0.0 (cmd 0.0),0.0 (cmd 0.0)
0.0475,2.63,0.0,0.0,2.96,0.0,0.0,3.0,2.6,0.0 (cmd 0.0),0.0 (cmd 0.0)
0.048,2.63,0.0,0.0,3.04,0.0,0.0,3.0,2.6,0.0 (cmd 0.0),0.0 (cmd 0.0)
0.0485,2.62,0.0,0.0,3.1,0.0,0.0,3.1,2.6,0.0 (cmd 0.0),0.0 (cmd 0.0)
0.049,2.61,0.0,0.0,3.13,0.0,0.0,3.1,2.6,0.0 (cmd 0.0),0.0 (cmd 0.0)
0.0495,2.58,0.0,0.0,3.17,0.0,0.0,3.2,2.6,0.0 (cmd 0.0),0.0 (cmd 0.0)
0.05,2.58,0.0,0.0,3.23,0.0,0.0,3.2,2.6,0.0 (cmd 0.0),0.0 (cmd 0.0)
0.0505,2.57,0.0,0.0,3.29,0.0,0.0,3.3,2.6,0.0 (cmd 0.0),0.0 (cmd 0.0)
0.051,2.57,0.0,0.0,3.32,0.0,0.0,3.3,2.6,0.0 (cmd 0.0),0.0 (cmd 0.0)
0.0515,2.57,0.0,0.0,3.37,0.0,0.0,3.4,2.6,0.0 (cmd 0.0),0.0 (cmd 0.0)
0.052,2.58,0.0,0.0,3.41,0.0,0.0,3.4,2.6,0.0 (cmd 0.0),0.0 (cmd 0.0)
0.0525,2.61,0.0,0.0,3.43,0.0,0.0,3.4,2.6,0.0 (cmd 0.0),0.0 (cmd 0.0)
0.053,2.63,0.0,0.0,3.45,0.0,0.0,3.5,2.6,0.0 (cmd 0.0),0.0 (cmd 0.0)
0.0535,2.64,0.0,0.0,3.5,0.0,0.0,3.5,2.6,0.0 (cmd 0.0),0.0 (cmd 0.0)
0.054,2.64,0.0,0.0,3.51,0.0,0.0,3.5,2.6,0.0 (cmd 0.0),0.0 (cmd 0.0)
0.0545,2.63,0.0,0.0,3.53,0.0,0.0,3.5,2.6,0.0 (cmd 0.0),0.0 (cmd 0.0)
0.055,2.62,0.0,0.0,3.56,0.0,0.0,3.6,2.6,0.0 (cmd 0.0),0.0 (cmd 0.0)
0.0555,2.6,0.0,0.0,3.58,0.0,0.0,3.6,2.6,0.0 (cmd 0.0),0.0 (cmd 0.0)
0.056,2.59,0.0,0.0,3.59,0.0,0.0,3.6,2.6,0.0 (cmd 0.0),0.0 (cmd 0.0)
0.0565,2.62,0.0,0.0,3.62,0.0,0.0,3.6,2.6,0.0 (cmd 0.0),0.0 (cmd 0.0)
0.057,2.62,0.0,0.0,3.63,0.0,0.0,3.6,2.6,0.0 (cmd 0.0),0.0 (cmd 0.0)
0.0575,2.62,0.0,0.0,3.65,0.0,0.0,3.6,2.6,0.0 (cmd 0.0),0.0 (cmd 0.0)
0.058,2.63,0.0,0.0,3.66,0.0,0.0,3.7,2.6,0.0 (cmd 0.0),0.0 (cmd 0.0)
0.0585,2.63,0.0,0.0,3.68,0.0,0.0,3.7,2.6,0.0 (cmd 0.0),0.0 (cmd 0.0)
0.059,2.64,0.0,0.0,3.69,0.0,0.0,3.7,2.6,0.0 (cmd 0.0),0.0 (cmd 0.0)
0.0595,2.64,0.0,0.0,3.7,0.0,0.0,3.7,2.6,0.0 (cmd 0.0),0.0 (cmd 0.0)
0.06,2.65,0.0,0.0,3.71,0.0,0.0,3.7,2.6,0.0 (cmd 0.0),0.0 (cmd 0.0)
0.0605,2.67,0.0,0.0,3.72,0.0,0.0,3.7,2.7,0.0 (cmd 0.0),0.0 (cmd 0.0)
0.061,2.67,0.0,0.0,3.73,0.0,0.0,3.7,2.7,0.0 (cmd 0.0),0.0 (cmd 0.0)
0.0615,2.67,0.0,0.0,3.74,0.0,0.0,3.7,2.7,0.0 (cmd 0.0),0.0 (cmd 0.0)
0.062,2.67,0.0,0.0,3.74,0.0,0.0,3.7,2.7,0.0 (cmd 0.0),0.0 (cmd 0.0)
0.0625,2.68,0.0,0.0,3.75,0.0,0.0,3.8,2.7,0.0 (cmd 0.0),0.0 (cmd 0.0)
0.063,2.68,0.0,0.0,3.76,0.0,0.0,3.8,2.7,0.0 (cmd 0.0),0.0 (cmd 0.0)
0.0635,2.68,0.0,0.0,3.76,0.0,0.0,3.8,2.7,0.0 (cmd 0.0),0.0 (cmd 0.0)
0.064,2.69,0.0,0.0,3.77,0.0,0.0,3.8,2.7,0.0 (cmd 0.0),0.0 (cmd 0.0)
0.0645,2.69,0.0,0.0,3.78,0.0,0.0,3.8,2.7,0.0 (cmd 0.0),0.0 (cmd 0.0)
0.065,2.69,0.0,0.0,3.78,0.0,0.0,3.8,2.7,0.0 (cmd 0.0),0.0 (cmd 0.0)
0.0655,2.69,0.0,0.0,3.78,0.0,0.0,3.8,2.7,0.0 (cmd 0.0),0.0 (cmd 0.0)
0.066,2.69,0.0,0.0,3.78,0.0,0.0,3.8,2.7,0.0 (cmd 0.0),0.0 (cmd 0.0)
0.0665,2.7,0.0,0.0,3.79,0.0,0.0,3.8,2.7,0.0 (cmd 0.0),0.0 (cmd 0.0)
0.067,2.7,0.0,0.0,3.79,0.0,0.0,3.8,2.7,0.0 (cmd 0.0),0.0 (cmd 0.0)
0.0675,2.7,0.0,0.0,3.79,0.0,0.0,3.8,2.7,0.0 (cmd 0.0),0.0 (cmd 0.0)
0.068,2.7,0.0,0.0,3.79,0.0,0.0,3.8,2.7,0.0 (cmd 0.0),0.0 (cmd 0.0)
0.0685,2.69,0.0,0.0,3.79,0.0,0.0,3.8,2.7,0.0 (cmd 0.0),0.0 (cmd 0.0)
0.069,2.63,0.0,0.0,3.79,0.0,0.0,3.8,2.6,0.0 (cmd 0.0),0.0 (cmd 0.0)
0.0695,2.6,0.0,0.0,3.8,0.0,0.0,3.8,2.6,0.0 (cmd 0.0),0.0 (cmd 0.0)
0.07,2.61,0.0,0.0,3.8,0.0,0.0,3.8,2.6,0.0 (cmd 0.0),0.0 (cmd 0.0)
0.0705,2.62,0.0,0.0,3.8,0.0,0.0,3.8,2.6,0.0 (cmd 0.0),0.0 (cmd 0.0)
0.071,2.63,0.0,0.0,3.8,0.0,0.0,3.8,2.6,0.0 (cmd 0.0),0.0 (cmd 0.0)
0.0715,2.64,0.0,0.0,3.79,0.0,0.0,3.8,2.6,0.0 (cmd 0.0),0.0 (cmd 0.0)
0.072,2.65,0.0,0.0,3.79,0.0,0.0,3.8,2.6,0.0 (cmd 0.0),0.0 (cmd 0.0)
0.0725,2.67,0.0,0.0,3.79,0.0,0.0,3.8,2.7,0.0 (cmd 0.0),0.0 (cmd 0.0)
0.073,2.67,0.0,0.0,3.79,0.0,0.0,3.8,2.7,0.0 (cmd 0.0),0.0 (cmd 0.0)
0.0735,2.68,0.0,0.0,3.79,0.0,0.0,3.8,2.7,0.0 (cmd 0.0),0.0 (cmd 0.0)
0.074,2.68,0.0,0.0,3.79,0.0,0.0,3.8,2.7,0.0 (cmd 0.0),0.0 (cmd 0.0)
0.0745,2.69,0.0,0.0,3.79,0.0,0.0,3.8,2.7,0.0 (cmd 0.0),0.0 (cmd 0.0)
0.075,2.73,0.0,0.0,3.79,0.0,0.0,3.8,2.7,0.0 (cmd 0.0),0.0 (cmd 0.0)
0.0755,2.73,0.0,0.0,3.79,0.0,0.0,3.8,2.7,0.0 (cmd 0.0),0.0 (cmd 0.0)
0.076,2.7,0.0,0.0,3.79,0.0,0.0,3.8,2.7,0.0 (cmd 0.0),0.0 (cmd 0.0)
0.0765,2.68,0.0,0.0,3.79,0.0,0.0,3.8,2.7,0.0 (cmd 0.0),0.0 (cmd 0.0)
0.077,2.68,0.0,0.0,3.79,0.0,0.0,3.8,2.7,0.0 (cmd 0.0),0.0 (cmd 0.0)
0.0775,2.69,0.0,0.0,3.79,0.0,0.0,3.8,2.7,0.0 (cmd 0.0),0.0 (cmd 0.0)
0.078,2.69,0.0,0.0,3.78,0.0,0.0,3.8,2.7,0.0 (cmd 0.0),0.0 (cmd 0.0)
0.0785,2.69,0.0,0.0,3.78,0.0,0.0,3.8,2.7,0.0 (cmd 0.0),0.0 (cmd 0.0)
0.079,2.71,0.0,0.0,3.79,0.0,0.0,3.8,2.7,0.0 (cmd 0.0),0.0 (cmd 0.0)
0.0795,2.71,0.0,0.0,3.79,0.0,0.0,3.8,2.7,0.0 (cmd 0.0),0.0 (cmd 0.0)
0.08,2.71,0.0,0.0,3.79,0.0,0.0,3.8,2.7,0.0 (cmd 0.0),0.0 (cmd 0.0)
0.0805,2.71,0.0,0.0,3.79,0.0,0.0,3.8,2.7,0.0 (cmd 0.0),0.0 (cmd 0.0)
0.081,2.72,0.0,0.0,3.79,0.0,0.0,3.8,2.7,0.0 (cmd 0.0),0.0 (cmd 0.0)
0.0815,2.74,0.0,0.0,3.79,0.0,0.0,3.8,2.7,0.0 (cmd 0.0),0.0 (cmd 0.0)
0.082,2.79,0.0,0.0,3.79,0.0,0.0,3.8,2.8,0.0 (cmd 0.0),0.0 (cmd 0.0)
0.0825,2.84,0.0,0.0,3.8,0.0,0.0,3.8,2.8,0.0 (cmd 0.0),0.0 (cmd 0.0)
0.083,2.82,0.0,0.0,3.8,0.0,0.0,3.8,2.8,0.0 (cmd 0.0),0.0 (cmd 0.0)
0.0835,2.79,0.0,0.0,3.8,0.0,0.0,3.8,2.8,0.0 (cmd 0.0),0.0 (cmd 0.0)
0.084,2.79,0.0,0.0,3.8,0.0,0.0,3.8,2.8,0.0 (cmd 0.0),0.0 (cmd 0.0)
0.0845,2.78,0.0,0.0,3.81,0.0,0.0,3.8,2.8,0.0 (cmd 0.0),0.0 (cmd 0.0)
0.085,2.76,0.0,0.0,3.81,0.0,0.0,3.8,2.8,0.0 (cmd 0.0),0.0 (cmd 0.0)
0.0855,2.75,0.0,0.0,3.82,0.0,0.0,3.8,2.8,0.0 (cmd 0.0),0.0 (cmd 0.0)
0.086,2.73,0.0,0.0,3.82,0.0,0.0,3.8,2.7,0.0 (cmd 0.0),0.0 (cmd 0.0)
0.0865,2.69,0.0,0.0,3.82,0.0,0.0,3.8,2.7,0.0 (cmd 0.0),0.0 (cmd 0.0)
0.087,2.65,0.0,0.0,3.82,0.0,0.0,3.8,2.6,0.0 (cmd 0.0),0.0 (cmd 0.0)
0.0875,2.63,0.0,0.0,3.82,0.0,0.0,3.8,2.6,0.0 (cmd 0.0),0.0 (cmd 0.0)
0.088,2.62,0.0,0.0,3.82,0.0,0.0,3.8,2.6,0.0 (cmd 0.0),0.0 (cmd 0.0)
0.0885,2.61,0.0,0.0,3.82,0.0,0.0,3.8,2.6,0.0 (cmd 0.0),0.0 (cmd 0.0)
0.089,2.58,0.0,0.0,3.81,0.0,0.0,3.8,2.6,0.0 (cmd 0.0),0.0 (cmd 0.0)
0.0895,2.57,0.0,0.0,3.81,0.0,0.0,3.8,2.6,0.0 (cmd 0.0),0.0 (cmd 0.0)
0.09,2.54,0.0,0.0,3.81,0.0,0.0,3.8,2.5,0.0 (cmd 0.0),0.0 (cmd 0.0)
0.0905,2.52,0.0,0.0,3.8,0.0,0.0,3.8,2.5,0.0 (cmd 0.0),0.0 (cmd 0.0)
0.091,2.5,0.0,0.0,3.8,0.0,0.0,3.8,2.5,0.0 (cmd 0.0),0.0 (cmd 0.0)
0.0915,2.5,0.0,0.0,3.8,0.0,0.0,3.8,2.5,0.0 (cmd 0.0),0.0 (cmd 0.0)
0.092,2.5,0.0,0.0,3.8,0.0,0.0,3.8,2.5,0.0 (cmd 0.0),0.0 (cmd 0.0)
0.0925,2.49,0.0,0.0,3.79,0.0,0.0,3.8,2.5,0.0 (cmd 0.0),0.0 (cmd 0.0)
0.093,2.48,0.0,0.0,3.79,0.0,0.0,3.8,2.5,0.0 (cmd 0.0),0.0 (cmd 0.0)
0.0935,2.48,0.0,0.0,3.78,0.0,0.0,3.8,2.5,0.0 (cmd 0.0),0.0 (cmd 0.0)
0.094,2.48,0.0,0.0,3.78,0.0,0.0,3.8,2.5,0.0 (cmd 0.0),0.0 (cmd 0.0)
0.0945,2.47,0.0,0.0,3.77,0.0,0.0,3.8,2.5,0.0 (cmd 0.0),0.0 (cmd 0.0)
0.095,2.47,0.0,0.0,3.77,0.0,0.0,3.8,2.5,0.0 (cmd 0.0),0.0 (cmd 0.0)
0.0955,2.48,0.0,0.0,3.76,0.0,0.0,3.8,2.5,0.0 (cmd 0.0),0.0 (cmd 0.0)
0.096,2.48,0.0,0.0,3.76,0.0,0.0,3.8,2.5,0.0 (cmd 0.0),0.0 (cmd 0.0)
0.0965,2.48,0.0,0.0,3.75,0.0,0.0,3.8,2.5,0.0 (cmd 0.0),0.0 (cmd 0.0)
0.097,2.48,0.0,0.0,3.75,0.0,0.0,3.8,2.5,0.0 (cmd 0.0),0.0 (cmd 0.0)
0.0975,2.48,0.0,0.0,3.74,0.0,0.0,3.7,2.5,0.0 (cmd 0.0),0.0 (cmd 0.0)
0.098,2.48,0.0,0.0,3.74,0.0,0.0,3.7,2.5,0.0 (cmd 0.0),0.0 (cmd 0.0)
0.0985,2.48,0.0,0.0,3.74,0.0,0.0,3.7,2.5,0.0 (cmd 0.0),0.0 (cmd 0.0)
0.099,2.48,0.0,0.0,3.73,0.0,0.0,3.7,2.5,0.0 (cmd 0.0),0.0 (cmd 0.0)
0.0995,2.49,0.0,0.0,3.73,0.0,0.0,3.7,2.5,0.0 (cmd 0.0),0.0 (cmd 0.0)
0.1,2.49,0.0,0.0,3.73,0.0,0.0,3.7,2.5,0.0 (cmd 0.0),0.0 (cmd 0.0)
0.1005,2.49,0.0,0.0,3.72,0.0,0.0,3.7,2.5,0.0 (cmd 0.0),0.0 (cmd 0.0)
0.101,2.5,0.0,0.0,3.72,0.0,0.0,3.7,2.5,0.0 (cmd 0.0),0.0 (cmd 0.0)
0.1015,2.5,0.0,0.0,3.72,0.0,0.0,3.7,2.5,0.0 (cmd 0.0),0.0 (cmd 0.0)
0.102,2.5,0.0,0.0,3.72,0.0,0.0,3.7,2.5,0.0 (cmd 0.0),0.0 (cmd 0.0)
0.1025,2.5,0.0,0.0,3.71,0.0,0.0,3.7,2.5,0.0 (cmd 0.0),0.0 (cmd 0.0)
0.1035,2.5,0.0,0.0,3.71,0.0,0.0,3.7,2.5,0.0 (cmd 0.0),0.0 (cmd 0.0)
0.1047,2.5,0.0,0.0,3.7,0.0,0.0,3.7,2.5,0.0 (cmd 0.0),0.0 (cmd 0.0)
0.10519999999999999,2.51,0.0,0.0,3.69,0.0,0.0,3.7,2.5,0.0 (cmd 0.0),0.0 (cmd 0.0)
0.1063,2.51,0.0,0.0,3.69,0.0,0.0,3.7,2.5,0.0 (cmd 0.0),0.0 (cmd 0.0)
0.1075,2.51,0.0,0.0,3.68,0.0,0.0,3.7,2.5,0.0 (cmd 0.0),0.0 (cmd 0.0)
0.108,2.51,0.0,0.0,3.68,0.0,0.0,3.7,2.5,0.0 (cmd 0.0),0.0 (cmd 0.0)
0.1085,2.51,0.0,0.0,3.68,0.0,0.0,3.7,2.5,0.0 (cmd 0.0),0.0 (cmd 0.0)
0.109,2.51,0.0,0.0,3.68,0.0,0.0,3.7,2.5,0.0 (cmd 0.0),0.0 (cmd 0.0)
0.1095,2.51,0.0,0.0,3.68,0.0,0.0,3.7,2.5,0.0 (cmd 0.0),0.0 (cmd 0.0)
0.11,2.52,0.0,0.0,3.67,0.0,0.0,3.7,2.5,0.0 (cmd 0.0),0.0 (cmd 0.0)
0.1105,2.48,0.0,0.0,3.67,0.0,0.0,3.7,2.5,0.0 (cmd 0.0),0.0 (cmd 0.0)
0.111,2.39,0.0,0.0,3.67,0.0,0.0,3.7,2.4,0.0 (cmd 0.0),0.0 (cmd 0.0)
0.1115,2.34,0.0,0.0,3.67,0.0,0.0,3.7,2.3,0.0 (cmd 0.0),0.0 (cmd 0.0)
0.112,2.28,0.0,0.0,3.67,0.0,0.0,3.7,2.3,0.0 (cmd 0.0),0.0 (cmd 0.0)
0.1125,2.32,0.0,0.0,3.67,0.0,0.0,3.7,2.3,0.0 (cmd 0.0),0.0 (cmd 0.0)
0.113,2.39,0.0,0.0,3.66,0.0,0.0,3.7,2.4,0.0 (cmd 0.0),0.0 (cmd 0.0)
0.1135,2.41,0.0,0.0,3.66,0.0,0.0,3.7,2.4,0.0 (cmd 0.0),0.0 (cmd 0.0)
0.114,2.48,0.0,0.0,3.67,0.0,0.0,3.7,2.5,0.0 (cmd 0.0),0.0 (cmd 0.0)
0.1145,2.5,0.0,0.0,3.68,0.0,0.0,3.7,2.5,0.0 (cmd 0.0),0.0 (cmd 0.0)
0.115,2.51,0.0,0.0,3.73,0.0,0.0,3.7,2.5,0.0 (cmd 0.0),0.0 (cmd 0.0)
0.1155,2.51,0.0,0.0,3.77,0.0,0.0,3.8,2.5,0.0 (cmd 0.0),0.0 (cmd 0.0)
0.116,2.54,0.0,0.0,3.8,0.0,0.0,3.8,2.5,0.0 (cmd 0.0),0.0 (cmd 0.0)
0.1165,2.57,0.0,0.0,3.82,0.0,0.0,3.8,2.6,0.0 (cmd 0.0),0.0 (cmd 0.0)
0.117,2.57,0.0,0.0,3.83,0.0,0.0,3.8,2.6,0.0 (cmd 0.0),0.0 (cmd 0.0)
0.1175,2.58,0.0,0.0,3.83,0.0,0.0,3.8,2.6,0.0 (cmd 0.0),0.0 (cmd 0.0)
0.118,2.58,0.0,0.0,3.83,0.0,0.0,3.8,2.6,0.0 (cmd 0.0),0.0 (cmd 0.0)
0.1185,2.56,0.0,0.0,3.83,0.0,0.0,3.8,2.6,0.0 (cmd 0.0),0.0 (cmd 0.0)
0.119,2.54,0.0,0.0,3.85,0.0,0.0,3.9,2.5,0.0 (cmd 0.0),0.0 (cmd 0.0)
0.1195,2.53,0.0,0.0,3.89,0.0,0.0,3.9,2.5,0.0 (cmd 0.0),0.0 (cmd 0.0)
0.12,2.52,0.79,0.0,3.91,0.06,0.0,3.9,2.5,0.0 (cmd 0.8),0.0 (cmd 0.1)
0.1205,2.28,0.77,0.0,3.91,0.06,0.0,3.9,2.3,0.0 (cmd 0.8),0.0 (cmd 0.1)
0.121,2.09,0.69,0.0,3.92,0.07,0.0,3.9,2.1,0.0 (cmd 0.7),0.0 (cmd 0.1)
0.1215,2.06,0.7,0.0,3.93,0.07,0.0,3.9,2.1,0.0 (cmd 0.7),0.0 (cmd 0.1)
0.122,2.08,0.72,0.0,3.94,0.07,0.0,3.9,2.1,0.0 (cmd 0.7),0.0 (cmd 0.1)
0.1225,2.09,0.74,0.0,3.95,0.06,0.0,4.0,2.1,0.0 (cmd 0.7),0.0 (cmd 0.1)
0.123,2.09,0.75,0.0,3.96,0.06,0.0,4.0,2.1,0.0 (cmd 0.8),0.0 (cmd 0.1)
0.1235,2.06,0.75,0.0,3.97,0.06,0.0,4.0,2.1,0.0 (cmd 0.8),0.0 (cmd 0.1)
0.124,2.06,0.75,0.0,3.98,0.06,0.0,4.0,2.1,0.0 (cmd 0.8),0.0 (cmd 0.1)
0.1245,2.06,0.76,0.0,4.0,0.06,0.0,4.0,2.1,0.0 (cmd 0.8),0.0 (cmd 0.1)
0.125,2.04,0.76,0.0,4.0,0.05,0.0,4.0,2.0,0.0 (cmd 0.8),0.0 (cmd 0.1)
0.1255,2.03,0.77,0.0,3.99,0.05,0.0,4.0,2.0,0.0 (cmd 0.8),0.0 (cmd 0.1)
0.126,2.03,0.77,0.0,3.99,0.05,0.0,4.0,2.0,0.0 (cmd 0.8),0.0 (cmd 0.1)
0.1265,2.04,0.78,0.0,3.94,0.04,0.0,3.9,2.0,0.0 (cmd 0.8),0.0 (cmd 0.0)
0.127,2.06,0.78,0.0,3.94,0.03,0.0,3.9,2.1,0.0 (cmd 0.8),0.0 (cmd 0.0)
0.1275,2.09,0.79,0.0,3.94,0.03,0.0,3.9,2.1,0.0 (cmd 0.8),0.0 (cmd 0.0)
0.128,2.1,0.8,0.0,3.92,0.03,0.0,3.9,2.1,0.0 (cmd 0.8),0.0 (cmd 0.0)
0.1285,2.07,0.79,0.0,3.92,0.03,0.0,3.9,2.1,0.0 (cmd 0.8),0.0 (cmd 0.0)
0.129,2.0,0.78,0.0,3.91,0.03,0.0,3.9,2.0,0.0 (cmd 0.8),0.0 (cmd 0.0)
0.1295,1.96,0.76,0.0,3.88,0.03,0.0,3.9,2.0,0.0 (cmd 0.8),0.0 (cmd 0.0)
0.13,1.95,0.77,0.0,3.85,0.02,0.0,3.9,1.9,0.0 (cmd 0.8),0.0 (cmd 0.0)
0.1305,1.95,0.77,0.0,3.85,0.02,0.0,3.9,1.9,0.0 (cmd 0.8),0.0 (cmd 0.0)
0.131,1.95,0.77,0.0,3.86,0.03,0.0,3.9,1.9,0.0 (cmd 0.8),0.0 (cmd 0.0)
0.1315,1.95,0.78,0.0,3.85,0.03,0.0,3.9,1.9,0.0 (cmd 0.8),0.0 (cmd 0.0)
0.132,1.95,0.78,0.0,3.84,0.03,0.0,3.8,1.9,0.0 (cmd 0.8),0.0 (cmd 0.0)
0.1325,1.95,0.79,0.0,3.78,0.02,0.0,3.8,1.9,0.0 (cmd 0.8),0.0 (cmd 0.0)
0.133,1.94,0.79,0.0,3.77,0.01,0.0,3.8,1.9,0.0 (cmd 0.8),0.0 (cmd 0.0)
0.1335,1.92,0.78,0.0,3.71,0.01,0.0,3.7,1.9,0.0 (cmd 0.8),0.0 (cmd 0.0)
0.134,1.91,0.79,0.0,3.67,0.0,0.0,3.7,1.9,0.0 (cmd 0.8),0.0 (cmd 0.0)
0.1345,1.9,0.79,0.0,3.66,0.0,0.0,3.7,1.9,0.0 (cmd 0.8),0.0 (cmd 0.0)
0.135,1.91,0.79,0.0,3.63,0.01,0.0,3.6,1.9,0.0 (cmd 0.8),0.0 (cmd 0.0)
0.1355,1.92,0.8,0.0,3.62,0.01,0.0,3.6,1.9,0.0 (cmd 0.8),0.0 (cmd 0.0)
0.136,1.93,0.8,0.0,3.62,0.01,0.0,3.6,1.9,0.0 (cmd 0.8),0.0 (cmd 0.0)
0.1365,1.92,0.8,0.0,3.63,0.02,0.0,3.6,1.9,0.0 (cmd 0.8),0.0 (cmd 0.0)
0.137,1.95,0.8,0.0,3.63,0.03,0.0,3.6,1.9,0.0 (cmd 0.8),0.0 (cmd 0.0)
0.1375,2.01,0.81,0.0,3.64,0.03,0.0,3.6,2.0,0.0 (cmd 0.8),0.0 (cmd 0.0)
0.138,2.07,0.82,0.0,3.64,0.03,0.0,3.6,2.1,0.0 (cmd 0.8),0.0 (cmd 0.0)
0.1385,2.12,0.83,0.0,3.62,0.03,0.0,3.6,2.1,0.0 (cmd 0.8),0.0 (cmd 0.0)
0.139,2.17,0.84,0.0,3.61,0.02,0.0,3.6,2.2,0.0 (cmd 0.8),0.0 (cmd 0.0)
0.1395,2.15,0.84,0.0,3.61,0.02,0.0,3.6,2.1,0.0 (cmd 0.8),0.0 (cmd 0.0)
0.14,2.09,0.82,0.0,3.61,0.03,0.0,3.6,2.1,0.0 (cmd 0.8),0.0 (cmd 0.0)
0.1405,2.0,0.79,0.0,3.62,0.04,0.0,3.6,2.0,0.0 (cmd 0.8),0.0 (cmd 0.0)
0.141,1.95,0.78,0.0,3.61,0.04,0.0,3.6,1.9,0.0 (cmd 0.8),0.0 (cmd 0.0)
0.1415,1.93,0.77,0.0,3.61,0.04,0.0,3.6,1.9,0.0 (cmd 0.8),0.0 (cmd 0.0)
0.142,1.91,0.77,0.0,3.61,0.04,0.0,3.6,1.9,0.0 (cmd 0.8),0.0 (cmd 0.0)
0.1425,1.9,0.77,0.0,3.63,0.05,0.0,3.6,1.9,0.0 (cmd 0.8),0.0 (cmd 0.1)
0.143,1.85,0.77,0.0,3.66,0.06,0.0,3.7,1.9,0.0 (cmd 0.8),0.0 (cmd 0.1)
0.1435,1.78,0.76,0.0,3.66,0.06,0.0,3.7,1.8,0.0 (cmd 0.8),0.0 (cmd 0.1)
0.144,1.71,0.74,0.0,3.62,0.06,0.0,3.6,1.7,0.0 (cmd 0.7),0.0 (cmd 0.1)
0.1445,1.66,0.75,0.0,3.54,0.03,0.0,3.5,1.7,0.0 (cmd 0.8),0.0 (cmd 0.0)
0.145,1.61,0.74,0.0,3.5,0.02,0.0,3.5,1.6,0.0 (cmd 0.7),0.0 (cmd 0.0)
0.1455,1.62,0.75,0.0,3.42,0.02,0.0,3.4,1.6,0.0 (cmd 0.8),0.0 (cmd 0.0)
0.146,1.67,0.77,0.0,3.45,0.0,0.0,3.5,1.7,0.0 (cmd 0.8),0.0 (cmd 0.0)
0.1465,1.78,0.79,0.0,3.49,0.03,0.0,3.5,1.8,0.0 (cmd 0.8),0.0 (cmd 0.0)
0.147,1.84,0.82,0.0,3.55,0.03,0.0,3.5,1.8,0.0 (cmd 0.8),0.0 (cmd 0.0)
0.1475,1.9,0.83,0.0,3.6,0.05,0.0,3.6,1.9,0.0 (cmd 0.8),0.0 (cmd 0.1)
0.148,1.93,0.83,0.0,3.62,0.06,0.0,3.6,1.9,0.0 (cmd 0.8),0.0 (cmd 0.1)
0.1485,1.96,0.83,0.0,3.62,0.06,0.0,3.6,2.0,0.0 (cmd 0.8),0.0 (cmd 0.1)
0.149,2.02,0.84,0.0,3.7,0.06,0.0,3.7,2.0,0.0 (cmd 0.8),0.0 (cmd 0.1)
0.1495,2.06,0.84,0.0,3.77,0.07,0.0,3.8,2.1,0.0 (cmd 0.8),0.0 (cmd 0.1)
0.15,2.09,0.83,0.0,3.85,0.1,0.0,3.9,2.1,0.0 (cmd 0.8),0.0 (cmd 0.1)
0.1505,2.11,0.82,0.0,3.85,0.09,0.0,3.9,2.1,0.0 (cmd 0.8),0.0 (cmd 0.1)
0.151,2.15,0.83,0.0,3.83,0.07,0.0,3.8,2.1,0.0 (cmd 0.8),0.0 (cmd 0.1)
0.1515,2.17,0.82,0.0,3.84,0.06,0.0,3.8,2.2,0.0 (cmd 0.8),0.0 (cmd 0.1)
0.152,2.19,0.82,0.0,3.84,0.06,0.0,3.8,2.2,0.0 (cmd 0.8),0.0 (cmd 0.1)
0.1525,2.28,0.84,0.0,3.86,0.05,0.0,3.9,2.3,0.0 (cmd 0.8),0.0 (cmd 0.1)
0.153,2.37,0.84,0.0,3.89,0.05,0.0,3.9,2.4,0.0 (cmd 0.8),0.0 (cmd 0.1)
0.1535,2.58,0.84,0.0,4.0,0.08,0.0,4.0,2.6,0.0 (cmd 0.8),0.0 (cmd 0.1)
0.154,2.62,0.89,0.0,3.85,0.07,0.0,3.9,2.6,0.0 (cmd 0.9),0.0 (cmd 0.1)
0.1545,2.71,0.91,0.0,3.58,-0.05,0.0,3.6,2.7,0.0 (cmd 0.9),0.0 (cmd -0.1)
0.155,2.89,0.94,0.0,2.95,-0.19,0.0,3.0,2.9,0.0 (cmd 0.9),0.0 (cmd -0.2)
0.1555,1.29,0.97,0.0,2.76,-0.22,0.0,2.8,1.3,0.0 (cmd 1.0),0.0 (cmd -0.2)
0.156,-1.13,0.18,0.0,2.52,-0.09,0.0,2.5,-1.1,0.0 (cmd 0.2),0.0 (cmd -0.1)
0.1565,-3.13,-0.14,0.0,2.68,0.02,0.0,2.7,-3.1,0.0 (cmd -0.1),0.0 (cmd 0.0)
0.157,-9.04,-0.55,0.0,3.07,0.25,0.0,3.1,-9.0,0.0 (cmd -0.6),0.0 (cmd 0.2)
0.1575,-20.4,-3.94,0.0,3.68,0.94,0.0,3.7,-20.4,0.0 (cmd -3.9),0.0 (cmd 0.9)
0.158,-26.08,-4.63,0.0,4.37,1.27,0.0,4.4,-26.1,0.0 (cmd -4.6),0.0 (cmd 1.3)
0.1585,-24.91,-4.25,0.0,5.36,1.39,0.0,5.4,-24.9,0.0 (cmd -4.2),0.0 (cmd 1.4)
0.159,-19.78,-1.97,0.0,5.42,1.09,0.0,5.4,-19.8,0.0 (cmd -2.0),0.0 (cmd 1.1)
0.1595,-17.53,-0.51,0.0,4.91,0.73,0.0,4.9,-17.5,0.0 (cmd -0.5),0.0 (cmd 0.7)
0.16,-11.1,0.83,0.0,3.98,0.21,0.0,4.0,-11.1,0.0 (cmd 0.8),0.0 (cmd 0.2)
0.1605,-9.25,1.94,0.0,2.67,-0.09,0.0,2.7,-9.2,0.0 (cmd 1.9),0.0 (cmd -0.1)
0.161,-8.5,1.91,0.0,-0.25,-0.51,0.0,-0.2,-8.5,0.0 (cmd 1.9),0.0 (cmd -0.5)
0.1615,-7.49,2.14,0.0,-3.74,-1.59,0.0,-3.7,-7.5,0.0 (cmd 2.1),0.0 (cmd -1.6)
0.162,-7.48,2.09,0.0,-10.92,-2.93,0.0,-10.9,-7.5,0.0 (cmd 2.1),0.0 (cmd -2.9)
0.1625,-4.22,2.26,0.0,-21.0,-3.38,0.0,-21.0,-4.2,0.0 (cmd 2.3),0.0 (cmd -3.4)
0.163,-4.02,2.64,0.0,-33.38,-7.7,0.0,-33.4,-4.0,0.0 (cmd 2.6),0.0 (cmd -7.7)
0.1635,-4.6,2.56,0.0,-38.47,-9.07,0.0,-38.5,-4.6,0.0 (cmd 2.6),0.0 (cmd -9.1)
0.164,-4.87,2.53,0.0,-48.3,-10.07,0.0,-48.3,-4.9,0.0 (cmd 2.5),0.0 (cmd -10.1)
0.1645,-4.62,2.66,0.0,-52.94,-9.19,0.0,-52.9,-4.6,0.0 (cmd 2.7),0.0 (cmd -9.2)
0.165,-4.08,2.96,0.0,-54.52,-8.49,0.0,-54.5,-4.1,0.0 (cmd 3.0),0.0 (cmd -8.5)
0.1655,-3.53,3.13,0.0,-55.06,-6.65,0.0,-55.1,-3.5,0.0 (cmd 3.1),0.0 (cmd -6.7)
0.166,-3.15,3.34,0.0,-52.27,-4.41,0.0,-52.3,-3.1,0.0 (cmd 3.3),0.0 (cmd -4.4)
0.1665,-2.89,3.39,0.0,-48.04,-1.92,0.0,-48.0,-2.9,0.0 (cmd 3.4),0.0 (cmd -1.9)
0.167,-2.66,3.15,0.0,-42.45,0.67,0.0,-42.5,-2.7,0.0 (cmd 3.1),0.0 (cmd 0.7)
0.1675,-2.76,2.39,0.0,-31.01,3.79,0.0,-31.0,-2.8,0.0 (cmd 2.4),0.0 (cmd 3.8)
0.168,-2.53,1.24,0.0,-17.68,6.05,0.0,-17.7,-2.5,0.0 (cmd 1.2),0.0 (cmd 6.0)
0.1685,-1.66,-0.17,0.0,-8.73,7.79,0.0,-8.7,-1.7,0.0 (cmd -0.2),0.0 (cmd 7.8)
0.169,-0.9,-1.28,0.0,3.65,9.04,0.0,3.6,-0.9,0.0 (cmd -1.3),0.0 (cmd 9.0)
0.1695,-0.57,-1.61,0.0,8.36,9.03,0.0,8.4,-0.6,0.0 (cmd -1.6),0.0 (cmd 9.0)
0.17,-1.15,-1.26,0.0,9.32,8.03,0.0,9.3,-1.1,0.0 (cmd -1.3),0.0 (cmd 8.0)
0.1705,-2.58,-1.3,0.0,9.49,6.44,0.0,9.5,-2.6,0.0 (cmd -1.3),0.0 (cmd 6.4)
0.171,-4.72,-0.94,0.0,10.58,5.1,0.0,10.6,-4.7,0.0 (cmd -0.9),0.0 (cmd 5.1)
0.1715,-11.16,-2.21,0.0,10.53,4.47,0.0,10.5,-11.2,0.0 (cmd -2.2),0.0 (cmd 4.5)
0.172,-18.62,-3.27,0.0,9.73,3.59,0.0,9.7,-18.6,0.0 (cmd -3.3),0.0 (cmd 3.6)
0.1725,-33.22,-8.7,0.0,9.48,3.81,0.0,9.5,-33.2,0.0 (cmd -8.7),0.0 (cmd 3.8)
0.173,-35.71,-7.06,0.0,9.35,3.05,0.0,9.3,-35.7,0.0 (cmd -7.1),0.0 (cmd 3.0)
0.1735,-37.89,-5.63,0.0,9.32,2.39,0.0,9.3,-37.9,0.0 (cmd -5.6),0.0 (cmd 2.4)
0.174,-38.96,-4.47,0.0,9.23,1.99,0.0,9.2,-39.0,0.0 (cmd -4.5),0.0 (cmd 2.0)
0.1745,-24.71,-0.55,0.0,8.22,1.15,0.0,8.2,-24.7,0.0 (cmd -0.6),0.0 (cmd 1.1)
0.175,-17.06,2.76,0.0,5.91,0.52,0.0,5.9,-17.1,0.0 (cmd 2.8),0.0 (cmd 0.5)
0.1755,-11.06,3.4,0.0,2.0,-0.23,0.0,2.0,-11.1,0.0 (cmd 3.4),0.0 (cmd -0.2)
0.176,-8.46,3.67,0.0,-6.07,-1.25,0.0,-6.1,-8.5,0.0 (cmd 3.7),0.0 (cmd -1.2)
0.1765,-8.17,3.26,0.0,-20.89,-4.58,0.0,-20.9,-8.2,0.0 (cmd 3.3),0.0 (cmd -4.6)
0.177,-8.17,2.92,0.0,-29.42,-8.01,0.0,-29.4,-8.2,0.0 (cmd 2.9),0.0 (cmd -8.0)
0.1775,-7.45,2.85,0.0,-37.81,-8.99,0.0,-37.8,-7.5,0.0 (cmd 2.9),0.0 (cmd -9.0)
0.178,-8.11,2.98,0.0,-45.94,-10.53,0.0,-45.9,-8.1,0.0 (cmd 3.0),0.0 (cmd -10.5)
0.1785,-9.49,2.74,0.0,-50.29,-9.33,0.0,-50.3,-9.5,0.0 (cmd 2.7),0.0 (cmd -9.3)
0.179,-7.59,2.68,0.0,-52.03,-8.29,0.0,-52.0,-7.6,0.0 (cmd 2.7),0.0 (cmd -8.3)
0.1795,-6.51,3.27,0.0,-52.06,-6.46,0.0,-52.1,-6.5,0.0 (cmd 3.3),0.0 (cmd -6.5)
0.18,-6.44,3.52,0.0,-48.98,-4.22,0.0,-49.0,-6.4,0.0 (cmd 3.5),0.0 (cmd -4.2)
0.1805,-6.66,3.32,0.0,-44.71,-1.68,0.0,-44.7,-6.7,0.0 (cmd 3.3),0.0 (cmd -1.7)
0.181,-6.32,2.88,0.0,-38.2,0.94,0.0,-38.2,-6.3,0.0 (cmd 2.9),0.0 (cmd 0.9)
0.1815,-5.55,2.11,0.0,-22.36,4.12,0.0,-22.4,-5.5,0.0 (cmd 2.1),0.0 (cmd 4.1)
0.182,-4.24,1.25,0.0,-9.01,6.32,0.0,-9.0,-4.2,0.0 (cmd 1.2),0.0 (cmd 6.3)
0.1825,-3.25,-0.67,0.0,-0.82,8.74,0.0,-0.8,-3.2,0.0 (cmd -0.7),0.0 (cmd 8.7)
0.183,-7.32,-1.25,0.0,3.79,8.96,0.0,3.8,-7.3,0.0 (cmd -1.2),0.0 (cmd 9.0)
0.1835,-10.37,-2.02,0.0,5.01,7.46,0.0,5.0,-10.4,0.0 (cmd -2.0),0.0 (cmd 7.5)
0.184,-17.71,-3.38,0.0,5.92,6.43,0.0,5.9,-17.7,0.0 (cmd -3.4),0.0 (cmd 6.4)
0.1845,-25.5,-5.38,0.0,7.16,5.78,0.0,7.2,-25.5,0.0 (cmd -5.4),0.0 (cmd 5.8)
0.185,-35.64,-6.12,0.0,8.83,5.24,0.0,8.8,-35.6,0.0 (cmd -6.1),0.0 (cmd 5.2)
0.1855,-39.24,-7.53,0.0,9.05,4.77,0.0,9.1,-39.2,0.0 (cmd -7.5),0.0 (cmd 4.8)
0.186,-44.03,-6.77,0.0,8.85,3.97,0.0,8.8,-44.0,0.0 (cmd -6.8),0.0 (cmd 4.0)
0.1865,-49.14,-6.3,0.0,8.82,3.37,0.0,8.8,-49.1,0.0 (cmd -6.3),0.0 (cmd 3.4)
0.187,-50.1,-4.95,0.0,9.5,2.8,0.0,9.5,-50.1,0.0 (cmd -5.0),0.0 (cmd 2.8)
0.1875,-48.91,-3.39,0.0,9.51,2.44,0.0,9.5,-48.9,0.0 (cmd -3.4),0.0 (cmd 2.4)
0.188,-46.03,-1.74,0.0,9.46,1.99,0.0,9.5,-46.0,0.0 (cmd -1.7),0.0 (cmd 2.0)
0.1885,-43.23,-0.25,0.0,9.45,1.59,0.0,9.4,-43.2,0.0 (cmd -0.2),0.0 (cmd 1.6)
0.189,-35.78,1.1,0.0,9.36,1.2,0.0,9.4,-35.8,0.0 (cmd 1.1),0.0 (cmd 1.2)
0.1895,-30.69,2.99,0.0,9.26,0.87,0.0,9.3,-30.7,0.0 (cmd 3.0),0.0 (cmd 0.9)
0.19,-23.55,3.43,0.0,8.62,0.68,0.0,8.6,-23.6,0.0 (cmd 3.4),0.0 (cmd 0.7)
0.1905,-9.28,6.5,0.0,7.74,0.13,0.0,7.7,-9.3,0.0 (cmd 6.5),0.0 (cmd 0.1)
0.191,-7.56,6.22,0.0,7.05,0.06,0.0,7.0,-7.6,0.0 (cmd 6.2),0.0 (cmd 0.1)
0.1915,-6.64,5.08,0.0,5.35,-0.13,0.0,5.3,-6.6,0.0 (cmd 5.1),0.0 (cmd -0.1)
0.192,-6.66,4.09,0.0,3.95,-0.39,0.0,4.0,-6.7,0.0 (cmd 4.1),0.0 (cmd -0.4)
0.1925,-6.63,3.42,0.0,1.85,-0.68,0.0,1.9,-6.6,0.0 (cmd 3.4),0.0 (cmd -0.7)
0.193,-6.61,2.94,0.0,1.85,-0.9,0.0,1.9,-6.6,0.0 (cmd 2.9),0.0 (cmd -0.9)
0.1935,-6.54,2.56,0.0,-12.35,-0.96,0.0,-12.3,-6.5,0.0 (cmd 2.6),0.0 (cmd -1.0)
0.194,-6.45,2.36,0.0,-21.61,-5.56,0.0,-21.6,-6.5,0.0 (cmd 2.4),0.0 (cmd -5.6)
0.1945,-6.23,2.13,0.0,-33.61,-8.68,0.0,-33.6,-6.2,0.0 (cmd 2.1),0.0 (cmd -8.7)
0.195,-5.49,2.35,0.0,-39.75,-10.1,0.0,-39.8,-5.5,0.0 (cmd 2.4),0.0 (cmd -10.1)
0.1955,-5.42,2.69,0.0,-46.5,-9.52,0.0,-46.5,-5.4,0.0 (cmd 2.7),0.0 (cmd -9.5)
0.196,-5.55,2.77,0.0,-52.66,-8.78,0.0,-52.7,-5.5,0.0 (cmd 2.8),0.0 (cmd -8.8)
0.1965,-5.71,2.87,0.0,-55.19,-8.71,0.0,-55.2,-5.7,0.0 (cmd 2.9),0.0 (cmd -8.7)
0.197,-5.81,2.93,0.0,-56.33,-7.1,0.0,-56.3,-5.8,0.0 (cmd 2.9),0.0 (cmd -7.1)
0.1975,-5.87,2.99,0.0,-54.89,-5.07,0.0,-54.9,-5.9,0.0 (cmd 3.0),0.0 (cmd -5.1)
0.198,-5.81,3.07,0.0,-51.68,-2.83,0.0,-51.7,-5.8,0.0 (cmd 3.1),0.0 (cmd -2.8)
0.1985,-5.28,3.06,0.0,-48.37,-0.41,0.0,-48.4,-5.3,0.0 (cmd 3.1),0.0 (cmd -0.4)
0.199,-5.02,2.77,0.0,-36.42,1.53,0.0,-36.4,-5.0,0.0 (cmd 2.8),0.0 (cmd 1.5)
0.1995,-4.86,2.09,0.0,-29.53,4.28,0.0,-29.5,-4.9,0.0 (cmd 2.1),0.0 (cmd 4.3)
0.2,-4.7,1.75,0.0,-23.62,4.81,0.0,-23.6,-4.7,0.0 (cmd 1.8),0.0 (cmd 4.8)
0.2005,-3.98,0.38,0.0,-8.7,6.78,0.0,-8.7,-4.0,0.0 (cmd 0.4),0.0 (cmd 6.8)
0.201,-5.19,-0.92,0.0,5.18,8.3,0.0,5.2,-5.2,0.0 (cmd -0.9),0.0 (cmd 8.3)
0.2015,-7.69,-3.27,0.0,7.39,9.93,0.0,7.4,-7.7,0.0 (cmd -3.3),0.0 (cmd 9.9)
0.202,-16.29,-2.99,0.0,7.59,8.22,0.0,7.6,-16.3,0.0 (cmd -3.0),0.0 (cmd 8.2)
0.2025,-20.46,-5.38,0.0,7.32,6.75,0.0,7.3,-20.5,0.0 (cmd -5.4),0.0 (cmd 6.8)
0.203,-31.55,-6.25,0.0,9.24,5.72,0.0,9.2,-31.6,0.0 (cmd -6.2),0.0 (cmd 5.7)
0.2035,-39.91,-7.8,0.0,9.29,5.29,0.0,9.3,-39.9,0.0 (cmd -7.8),0.0 (cmd 5.3)
0.204,-48.0,-7.68,0.0,9.08,4.43,0.0,9.1,-48.0,0.0 (cmd -7.7),0.0 (cmd 4.4)
0.2045,-52.08,-7.62,0.0,9.3,4.03,0.0,9.3,-52.1,0.0 (cmd -7.6),0.0 (cmd 4.0)
0.205,-54.54,-6.67,0.0,9.79,3.53,0.0,9.8,-54.5,0.0 (cmd -6.7),0.0 (cmd 3.5)
0.2055,-54.35,-4.57,0.0,10.14,2.93,0.0,10.1,-54.4,0.0 (cmd -4.6),0.0 (cmd 2.9)
0.206,-50.84,-2.68,0.0,10.3,2.47,0.0,10.3,-50.8,0.0 (cmd -2.7),0.0 (cmd 2.5)
0.2065,-47.87,-0.43,0.0,10.46,1.9,0.0,10.5,-47.9,0.0 (cmd -0.4),0.0 (cmd 1.9)
0.207,-41.41,0.96,0.0,10.49,1.52,0.0,10.5,-41.4,0.0 (cmd 1.0),0.0 (cmd 1.5)
0.2075,-35.34,1.82,0.0,10.43,1.24,0.0,10.4,-35.3,0.0 (cmd 1.8),0.0 (cmd 1.2)
0.208,-28.0,4.08,0.0,10.04,0.83,0.0,10.0,-28.0,0.0 (cmd 4.1),0.0 (cmd 0.8)
0.2085,-18.13,4.49,0.0,8.7,0.61,0.0,8.7,-18.1,0.0 (cmd 4.5),0.0 (cmd 0.6)
0.209,-14.05,5.73,0.0,6.4,0.02,0.0,6.4,-14.1,0.0 (cmd 5.7),0.0 (cmd 0.0)
0.2095,-8.64,5.5,0.0,1.09,-1.08,0.0,1.1,-8.6,0.0 (cmd 5.5),0.0 (cmd -1.1)
0.21,-8.43,4.56,0.0,-12.07,-2.26,0.0,-12.1,-8.4,0.0 (cmd 4.6),0.0 (cmd -2.3)
0.2105,-8.93,3.55,0.0,-20.61,-6.36,0.0,-20.6,-8.9,0.0 (cmd 3.5),0.0 (cmd -6.4)
0.211,-8.49,3.36,0.0,-28.95,-8.71,0.0,-28.9,-8.5,0.0 (cmd 3.4),0.0 (cmd -8.7)
0.2115,-8.25,3.33,0.0,-35.69,-8.78,0.0,-35.7,-8.2,0.0 (cmd 3.3),0.0 (cmd -8.8)
0.212,-7.43,3.48,0.0,-42.99,-8.19,0.0,-43.0,-7.4,0.0 (cmd 3.5),0.0 (cmd -8.2)
0.2125,-7.53,3.45,0.0,-46.92,-8.82,0.0,-46.9,-7.5,0.0 (cmd 3.5),0.0 (cmd -8.8)
0.213,-7.81,3.33,0.0,-50.93,-7.96,0.0,-50.9,-7.8,0.0 (cmd 3.3),0.0 (cmd -8.0)
0.2135,-7.92,3.2,0.0,-51.99,-6.42,0.0,-52.0,-7.9,0.0 (cmd 3.2),0.0 (cmd -6.4)
0.214,-8.07,3.19,0.0,-50.95,-4.7,0.0,-51.0,-8.1,0.0 (cmd 3.2),0.0 (cmd -4.7)
0.2145,-8.09,3.15,0.0,-48.74,-2.53,0.0,-48.7,-8.1,0.0 (cmd 3.1),0.0 (cmd -2.5)
0.215,-8.06,2.98,0.0,-43.35,-0.74,0.0,-43.4,-8.1,0.0 (cmd 3.0),0.0 (cmd -0.7)
0.2155,-7.89,2.65,0.0,-34.55,1.32,0.0,-34.5,-7.9,0.0 (cmd 2.6),0.0 (cmd 1.3)
0.216,-5.98,1.92,0.0,-24.49,4.35,0.0,-24.5,-6.0,0.0 (cmd 1.9),0.0 (cmd 4.3)
0.2165,-5.59,0.52,0.0,-9.53,7.08,0.0,-9.5,-5.6,0.0 (cmd 0.5),0.0 (cmd 7.1)
0.217,-4.44,0.17,0.0,-5.09,7.36,0.0,-5.1,-4.4,0.0 (cmd 0.2),0.0 (cmd 7.4)
0.2175,-3.54,-0.45,0.0,7.93,8.03,0.0,7.9,-3.5,0.0 (cmd -0.5),0.0 (cmd 8.0)
0.218,-4.47,-1.37,0.0,9.73,9.01,0.0,9.7,-4.5,0.0 (cmd -1.4),0.0 (cmd 9.0)
0.2185,-7.69,-1.49,0.0,8.16,7.25,0.0,8.2,-7.7,0.0 (cmd -1.5),0.0 (cmd 7.2)
0.219,-13.12,-1.89,0.0,7.4,5.38,0.0,7.4,-13.1,0.0 (cmd -1.9),0.0 (cmd 5.4)
0.2195,-15.86,-3.42,0.0,8.7,4.41,0.0,8.7,-15.9,0.0 (cmd -3.4),0.0 (cmd 4.4)
0.22,-20.53,-3.2,0.0,9.91,4.1,0.0,9.9,-20.5,0.0 (cmd -3.2),0.0 (cmd 4.1)
0.2205,-31.61,-5.23,0.0,9.55,3.75,0.0,9.6,-31.6,0.0 (cmd -5.2),0.0 (cmd 3.8)
0.221,-33.55,-5.56,0.0,8.82,3.06,0.0,8.8,-33.5,0.0 (cmd -5.6),0.0 (cmd 3.1)
0.2215,-34.89,-4.24,0.0,8.53,2.25,0.0,8.5,-34.9,0.0 (cmd -4.2),0.0 (cmd 2.2)
0.222,-34.68,-3.09,0.0,8.64,1.82,0.0,8.6,-34.7,0.0 (cmd -3.1),0.0 (cmd 1.8)
0.2225,-33.96,-1.92,0.0,8.65,1.52,0.0,8.7,-34.0,0.0 (cmd -1.9),0.0 (cmd 1.5)
0.223,-31.46,-0.88,0.0,8.11,1.19,0.0,8.1,-31.5,0.0 (cmd -0.9),0.0 (cmd 1.2)
0.2235,-29.94,0.15,0.0,7.26,0.78,0.0,7.3,-29.9,0.0 (cmd 0.1),0.0 (cmd 0.8)
0.224,-29.94,0.53,0.0,5.89,0.51,0.0,5.9,-29.9,0.0 (cmd 0.5),0.0 (cmd 0.5)
0.2245,-26.16,1.36,0.0,2.77,-0.18,0.0,2.8,-26.2,0.0 (cmd 1.4),0.0 (cmd -0.2)
0.225,-19.84,1.96,0.0,-1.32,-1.12,0.0,-1.3,-19.8,0.0 (cmd 2.0),0.0 (cmd -1.1)
0.2255,-16.07,2.67,0.0,-13.56,-1.91,0.0,-13.6,-16.1,0.0 (cmd 2.7),0.0 (cmd -1.9)
0.226,-3.94,4.79,0.0,-20.48,-5.14,0.0,-20.5,-3.9,0.0 (cmd 4.8),0.0 (cmd -5.1)
0.2265,-7.34,4.46,0.0,-22.79,-5.89,0.0,-22.8,-7.3,0.0 (cmd 4.5),0.0 (cmd -5.9)
0.227,-7.34,3.72,0.0,-32.97,-7.08,0.0,-33.0,-7.3,0.0 (cmd 3.7),0.0 (cmd -7.1)
0.2275,-7.84,3.29,0.0,-48.89,-11.07,0.0,-48.9,-7.8,0.0 (cmd 3.3),0.0 (cmd -11.1)
0.228,-7.83,3.31,0.0,-53.56,-10.8,0.0,-53.6,-7.8,0.0 (cmd 3.3),0.0 (cmd -10.8)
0.2285,-7.71,3.33,0.0,-58.2,-9.53,0.0,-58.2,-7.7,0.0 (cmd 3.3),0.0 (cmd -9.5)
0.229,-7.35,3.38,0.0,-61.16,-8.65,0.0,-61.2,-7.3,0.0 (cmd 3.4),0.0 (cmd -8.7)
0.2295,-7.18,3.49,0.0,-61.28,-6.77,0.0,-61.3,-7.2,0.0 (cmd 3.5),0.0 (cmd -6.8)
0.23,-7.21,3.49,0.0,-59.89,-4.68,0.0,-59.9,-7.2,0.0 (cmd 3.5),0.0 (cmd -4.7)
0.2305,-7.68,3.43,0.0,-55.89,-2.09,0.0,-55.9,-7.7,0.0 (cmd 3.4),0.0 (cmd -2.1)
0.231,-7.95,3.1,0.0,-51.68,-0.27,0.0,-51.7,-8.0,0.0 (cmd 3.1),0.0 (cmd -0.3)
0.2315,-8.28,2.72,0.0,-46.52,1.57,0.0,-46.5,-8.3,0.0 (cmd 2.7),0.0 (cmd 1.6)
0.232,-6.5,2.47,0.0,-42.61,2.47,0.0,-42.6,-6.5,0.0 (cmd 2.5),0.0 (cmd 2.5)
0.2325,-5.32,1.06,0.0,-15.88,7.44,0.0,-15.9,-5.3,0.0 (cmd 1.1),0.0 (cmd 7.4)
0.233,-5.16,-0.6,0.0,-9.33,9.28,0.0,-9.3,-5.2,0.0 (cmd -0.6),0.0 (cmd 9.3)
0.2335,-4.67,-1.07,0.0,0.11,9.53,0.0,0.1,-4.7,0.0 (cmd -1.1),0.0 (cmd 9.5)
0.234,-7.53,-2.26,0.0,7.04,10.27,0.0,7.0,-7.5,0.0 (cmd -2.3),0.0 (cmd 10.3)
0.2345,-10.79,-3.0,0.0,7.39,8.91,0.0,7.4,-10.8,0.0 (cmd -3.0),0.0 (cmd 8.9)
0.235,-14.61,-3.72,0.0,6.48,7.14,0.0,6.5,-14.6,0.0 (cmd -3.7),0.0 (cmd 7.1)
0.2355,-26.42,-3.79,0.0,6.84,5.56,0.0,6.8,-26.4,0.0 (cmd -3.8),0.0 (cmd 5.6)
0.236,-32.28,-6.96,0.0,7.48,5.02,0.0,7.5,-32.3,0.0 (cmd -7.0),0.0 (cmd 5.0)
0.2365,-34.0,-5.85,0.0,7.23,4.07,0.0,7.2,-34.0,0.0 (cmd -5.8),0.0 (cmd 4.1)
0.237,-34.37,-4.62,0.0,6.96,3.14,0.0,7.0,-34.4,0.0 (cmd -4.6),0.0 (cmd 3.1)
0.2375,-31.61,-2.98,0.0,7.42,2.48,0.0,7.4,-31.6,0.0 (cmd -3.0),0.0 (cmd 2.5)
0.238,-26.93,-0.95,0.0,7.35,1.93,0.0,7.3,-26.9,0.0 (cmd -0.9),0.0 (cmd 1.9)
0.2385,-24.71,0.93,0.0,6.2,1.38,0.0,6.2,-24.7,0.0 (cmd 0.9),0.0 (cmd 1.4)
0.239,-18.57,1.24,0.0,4.89,0.87,0.0,4.9,-18.6,0.0 (cmd 1.2),0.0 (cmd 0.9)
0.2395,-7.61,3.86,0.0,4.29,0.16,0.0,4.3,-7.6,0.0 (cmd 3.9),0.0 (cmd 0.2)
0.24,-6.64,4.51,0.0,3.63,0.18,0.0,3.6,-6.6,0.0 (cmd 4.5),0.0 (cmd 0.2)
0.2405,-5.16,3.97,0.0,-0.96,-0.41,0.0,-1.0,-5.2,0.0 (cmd 4.0),0.0 (cmd -0.4)
0.241,-4.91,3.1,0.0,-15.68,-5.78,0.0,-15.7,-4.9,0.0 (cmd 3.1),0.0 (cmd -5.8)
0.2415,-5.44,3.01,0.0,-17.3,-5.87,0.0,-17.3,-5.4,0.0 (cmd 3.0),0.0 (cmd -5.9)
0.242,-6.29,2.65,0.0,-40.88,-4.3,0.0,-40.9,-6.3,0.0 (cmd 2.6),0.0 (cmd -4.3)
0.2425,-6.58,2.34,0.0,-46.0,-12.37,0.0,-46.0,-6.6,0.0 (cmd 2.3),0.0 (cmd -12.4)
0.243,-5.76,2.65,0.0,-49.19,-10.61,0.0,-49.2,-5.8,0.0 (cmd 2.6),0.0 (cmd -10.6)
0.2435,-5.07,3.05,0.0,-50.17,-8.47,0.0,-50.2,-5.1,0.0 (cmd 3.0),0.0 (cmd -8.5)
0.244,-4.31,3.33,0.0,-49.12,-6.14,0.0,-49.1,-4.3,0.0 (cmd 3.3),0.0 (cmd -6.1)
0.2445,-3.22,3.45,0.0,-45.81,-3.55,0.0,-45.8,-3.2,0.0 (cmd 3.5),0.0 (cmd -3.5)
0.245,-2.87,3.47,0.0,-42.02,-1.38,0.0,-42.0,-2.9,0.0 (cmd 3.5),0.0 (cmd -1.4)
0.2455,-2.62,3.11,0.0,-34.76,1.24,0.0,-34.8,-2.6,0.0 (cmd 3.1),0.0 (cmd 1.2)
0.246,-2.03,2.68,0.0,-27.74,2.81,0.0,-27.7,-2.0,0.0 (cmd 2.7),0.0 (cmd 2.8)
0.2465,-0.35,2.47,0.0,-8.79,4.16,0.0,-8.8,-0.3,0.0 (cmd 2.5),0.0 (cmd 4.2)
0.247,0.97,0.38,0.0,-1.38,7.38,0.0,-1.4,1.0,0.0 (cmd 0.4),0.0 (cmd 7.4)
0.2475,0.6,-0.88,0.0,4.61,8.89,0.0,4.6,0.6,0.0 (cmd -0.9),0.0 (cmd 8.9)
0.248,-3.15,-1.22,0.0,6.69,7.93,0.0,6.7,-3.1,0.0 (cmd -1.2),0.0 (cmd 7.9)
0.2485,-4.99,-2.1,0.0,7.11,6.6,0.0,7.1,-5.0,0.0 (cmd -2.1),0.0 (cmd 6.6)
0.249,-9.06,-2.45,0.0,7.67,5.47,0.0,7.7,-9.1,0.0 (cmd -2.5),0.0 (cmd 5.5)
0.2495,-11.86,-2.57,0.0,7.69,4.46,0.0,7.7,-11.9,0.0 (cmd -2.6),0.0 (cmd 4.5)
0.25,-15.61,-3.0,0.0,7.62,3.63,0.0,7.6,-15.6,0.0 (cmd -3.0),0.0 (cmd 3.6)
0.2505,-17.53,-3.29,0.0,7.79,3.0,0.0,7.8,-17.5,0.0 (cmd -3.3),0.0 (cmd 3.0)
0.251,-22.41,-2.92,0.0,8.2,2.55,0.0,8.2,-22.4,0.0 (cmd -2.9),0.0 (cmd 2.5)
0.2515,-24.49,-3.24,0.0,8.31,2.27,0.0,8.3,-24.5,0.0 (cmd -3.2),0.0 (cmd 2.3)
0.252,-25.46,-2.79,0.0,8.14,1.88,0.0,8.1,-25.5,0.0 (cmd -2.8),0.0 (cmd 1.9)
0.2525,-25.29,-2.08,0.0,7.86,1.46,0.0,7.9,-25.3,0.0 (cmd -2.1),0.0 (cmd 1.5)
0.253,-11.0,-0.81,0.0,7.5,1.06,0.0,7.5,-11.0,0.0 (cmd -0.8),0.0 (cmd 1.1)
0.2535,-8.21,2.96,0.0,6.75,0.52,0.0,6.8,-8.2,0.0 (cmd 3.0),0.0 (cmd 0.5)
0.254,-5.51,3.05,0.0,4.73,0.19,0.0,4.7,-5.5,0.0 (cmd 3.0),0.0 (cmd 0.2)
0.2545,-5.49,2.9,0.0,3.45,-0.3,0.0,3.5,-5.5,0.0 (cmd 2.9),0.0 (cmd -0.3)
0.255,-4.45,2.56,0.0,2.27,-0.72,0.0,2.3,-4.5,0.0 (cmd 2.6),0.0 (cmd -0.7)
0.2555,-3.19,2.57,0.0,-1.57,-1.29,0.0,-1.6,-3.2,0.0 (cmd 2.6),0.0 (cmd -1.3)
0.256,-3.19,2.42,0.0,-3.18,-1.86,0.0,-3.2,-3.2,0.0 (cmd 2.4),0.0 (cmd -1.9)
0.2565,-2.69,2.15,0.0,-4.88,-1.91,0.0,-4.9,-2.7,0.0 (cmd 2.1),0.0 (cmd -1.9)
0.257,-2.5,2.12,0.0,-7.35,-2.07,0.0,-7.3,-2.5,0.0 (cmd 2.1),0.0 (cmd -2.1)
0.2575,-2.48,2.04,0.0,-8.53,-2.18,0.0,-8.5,-2.5,0.0 (cmd 2.0),0.0 (cmd -2.2)
0.258,-3.81,1.73,0.0,-8.53,-1.77,0.0,-8.5,-3.8,0.0 (cmd 1.7),0.0 (cmd -1.8)
0.2585,-3.45,1.48,0.0,-9.62,-1.43,0.0,-9.6,-3.5,0.0 (cmd 1.5),0.0 (cmd -1.4)
0.259,-3.38,1.57,0.0,-10.23,-1.26,0.0,-10.2,-3.4,0.0 (cmd 1.6),0.0 (cmd -1.3)
0.2595,-3.33,1.52,0.0,-9.51,-0.84,0.0,-9.5,-3.3,0.0 (cmd 1.5),0.0 (cmd -0.8)
0.26,-3.38,1.44,0.0,-8.62,-0.37,0.0,-8.6,-3.4,0.0 (cmd 1.4),0.0 (cmd -0.4)
0.2605,-3.41,1.23,0.0,-5.69,0.4,0.0,-5.7,-3.4,0.0 (cmd 1.2),0.0 (cmd 0.4)
0.261,-3.27,1.1,0.0,-3.76,0.92,0.0,-3.8,-3.3,0.0 (cmd 1.1),0.0 (cmd 0.9)
0.2615,-2.98,0.85,0.0,0.61,1.99,0.0,0.6,-3.0,0.0 (cmd 0.8),0.0 (cmd 2.0)
0.262,-2.7,0.77,0.0,2.51,2.23,0.0,2.5,-2.7,0.0 (cmd 0.8),0.0 (cmd 2.2)
0.2625,-1.35,0.91,0.0,5.11,2.25,0.0,5.1,-1.4,0.0 (cmd 0.9),0.0 (cmd 2.2)
0.263,-1.2,0.92,0.0,5.02,2.29,0.0,5.0,-1.2,0.0 (cmd 0.9),0.0 (cmd 2.3)
0.2635,-0.7,0.99,0.0,4.73,1.65,0.0,4.7,-0.7,0.0 (cmd 1.0),0.0 (cmd 1.6)
0.264,-0.66,1.0,0.0,4.29,1.21,0.0,4.3,-0.7,0.0 (cmd 1.0),0.0 (cmd 1.2)
0.2645,-0.66,0.96,0.0,4.05,0.86,0.0,4.0,-0.7,0.0 (cmd 1.0),0.0 (cmd 0.9)
0.265,-0.65,0.92,0.0,3.83,0.61,0.0,3.8,-0.7,0.0 (cmd 0.9),0.0 (cmd 0.6)
0.2655,-0.55,0.91,0.0,3.63,0.37,0.0,3.6,-0.6,0.0 (cmd 0.9),0.0 (cmd 0.4)
0.266,-0.41,0.9,0.0,3.18,0.29,0.0,3.2,-0.4,0.0 (cmd 0.9),0.0 (cmd 0.3)
0.2665,0.25,1.09,0.0,3.16,0.08,0.0,3.2,0.2,0.0 (cmd 1.1),0.0 (cmd 0.1)
0.267,0.63,1.09,0.0,2.96,0.03,0.0,3.0,0.6,0.0 (cmd 1.1),0.0 (cmd 0.0)
0.2675,0.9,1.12,0.0,2.8,-0.02,0.0,2.8,0.9,0.0 (cmd 1.1),0.0 (cmd -0.0)
0.268,1.18,1.17,0.0,2.78,-0.05,0.0,2.8,1.2,0.0 (cmd 1.2),0.0 (cmd -0.1)
0.2685,1.23,1.12,0.0,2.6,-0.05,0.0,2.6,1.2,0.0 (cmd 1.1),0.0 (cmd -0.1)
0.269,1.28,1.07,0.0,2.5,-0.06,0.0,2.5,1.3,0.0 (cmd 1.1),0.0 (cmd -0.1)
0.2695,1.3,1.03,0.0,2.53,-0.06,0.0,2.5,1.3,0.0 (cmd 1.0),0.0 (cmd -0.1)
0.27,1.37,0.99,0.0,2.55,-0.02,0.0,2.5,1.4,0.0 (cmd 1.0),0.0 (cmd -0.0)
0.2705,1.6,0.98,0.0,2.62,0.0,0.0,2.6,1.6,0.0 (cmd 1.0),0.0 (cmd 0.0)
0.271,1.85,1.0,0.0,2.71,0.02,0.0,2.7,1.9,0.0 (cmd 1.0),0.0 (cmd 0.0)
0.2715,1.93,1.01,0.0,2.78,0.04,0.0,2.8,1.9,0.0 (cmd 1.0),0.0 (cmd 0.0)
0.272,2.07,1.0,0.0,2.9,0.07,0.0,2.9,2.1,0.0 (cmd 1.0),0.0 (cmd 0.1)
0.2725,2.12,0.97,0.0,3.14,0.12,0.0,3.1,2.1,0.0 (cmd 1.0),0.0 (cmd 0.1)
0.273,2.15,0.94,0.0,3.25,0.15,0.0,3.2,2.1,0.0 (cmd 0.9),0.0 (cmd 0.1)
0.2735,2.5,0.92,0.0,3.36,0.16,0.0,3.4,2.5,0.0 (cmd 0.9),0.0 (cmd 0.2)
0.274,2.99,1.03,0.0,3.42,0.13,0.0,3.4,3.0,0.0 (cmd 1.0),0.0 (cmd 0.1)
0.2745,3.26,1.07,0.0,3.54,0.13,0.0,3.5,3.3,0.0 (cmd 1.1),0.0 (cmd 0.1)
0.275,3.47,1.1,0.0,3.56,0.1,0.0,3.6,3.5,0.0 (cmd 1.1),0.0 (cmd 0.1)
0.2755,3.58,1.08,0.0,3.55,0.08,0.0,3.5,3.6,0.0 (cmd 1.1),0.0 (cmd 0.1)
0.276,3.67,1.04,0.0,3.53,0.06,0.0,3.5,3.7,0.0 (cmd 1.0),0.0 (cmd 0.1)
0.2765,3.66,1.01,0.0,3.47,0.05,0.0,3.5,3.7,0.0 (cmd 1.0),0.0 (cmd 0.1)
0.277,3.61,0.97,0.0,3.36,0.02,0.0,3.4,3.6,0.0 (cmd 1.0),0.0 (cmd 0.0)
0.2775,3.6,0.95,0.0,3.02,-0.04,0.0,3.0,3.6,0.0 (cmd 0.9),0.0 (cmd -0.0)
0.278,3.62,0.95,0.0,2.41,-0.13,0.0,2.4,3.6,0.0 (cmd 0.9),0.0 (cmd -0.1)
0.2785,3.53,0.97,0.0,1.93,-0.24,0.0,1.9,3.5,0.0 (cmd 1.0),0.0 (cmd -0.2)
0.279,3.26,0.92,0.0,1.39,-0.3,0.0,1.4,3.3,0.0 (cmd 0.9),0.0 (cmd -0.3)
0.2795,3.2,0.9,0.0,1.04,-0.41,0.0,1.0,3.2,0.0 (cmd 0.9),0.0 (cmd -0.4)
0.28,3.33,0.94,0.0,0.92,-0.35,0.0,0.9,3.3,0.0 (cmd 0.9),0.0 (cmd -0.3)
0.2805,3.49,0.99,0.0,0.93,-0.27,0.0,0.9,3.5,0.0 (cmd 1.0),0.0 (cmd -0.3)
0.281,3.47,1.01,0.0,0.88,-0.2,0.0,0.9,3.5,0.0 (cmd 1.0),0.0 (cmd -0.2)
0.2815,3.35,0.96,0.0,0.84,-0.14,0.0,0.8,3.4,0.0 (cmd 1.0),0.0 (cmd -0.1)
0.282,3.26,0.93,0.0,0.84,-0.09,0.0,0.8,3.3,0.0 (cmd 0.9),0.0 (cmd -0.1)
0.2825,3.27,0.92,0.0,1.12,-0.02,0.0,1.1,3.3,0.0 (cmd 0.9),0.0 (cmd -0.0)
0.283,3.43,0.9,0.0,1.63,0.14,0.0,1.6,3.4,0.0 (cmd 0.9),0.0 (cmd 0.1)
0.2835,3.56,0.92,0.0,1.97,0.21,0.0,2.0,3.6,0.0 (cmd 0.9),0.0 (cmd 0.2)
0.284,3.68,0.94,0.0,2.44,0.27,0.0,2.4,3.7,0.0 (cmd 0.9),0.0 (cmd 0.3)
0.2845,3.65,0.91,0.0,2.6,0.36,0.0,2.6,3.6,0.0 (cmd 0.9),0.0 (cmd 0.4)
0.285,3.71,0.88,0.0,2.72,0.32,0.0,2.7,3.7,0.0 (cmd 0.9),0.0 (cmd 0.3)
0.2855,3.7,0.89,0.0,2.77,0.27,0.0,2.8,3.7,0.0 (cmd 0.9),0.0 (cmd 0.3)
0.286,3.91,0.88,0.0,2.79,0.24,0.0,2.8,3.9,0.0 (cmd 0.9),0.0 (cmd 0.2)
0.2865,3.96,0.93,0.0,2.83,0.19,0.0,2.8,4.0,0.0 (cmd 0.9),0.0 (cmd 0.2)
0.287,3.95,0.92,0.0,2.86,0.16,0.0,2.9,4.0,0.0 (cmd 0.9),0.0 (cmd 0.2)
0.2875,3.92,0.9,0.0,2.87,0.15,0.0,2.9,3.9,0.0 (cmd 0.9),0.0 (cmd 0.1)
0.288,3.89,0.89,0.0,2.88,0.13,0.0,2.9,3.9,0.0 (cmd 0.9),0.0 (cmd 0.1)
0.2885,3.87,0.87,0.0,2.88,0.11,0.0,2.9,3.9,0.0 (cmd 0.9),0.0 (cmd 0.1)
0.289,3.85,0.87,0.0,2.9,0.1,0.0,2.9,3.9,0.0 (cmd 0.9),0.0 (cmd 0.1)
0.2895,3.83,0.86,0.0,2.9,0.09,0.0,2.9,3.8,0.0 (cmd 0.9),0.0 (cmd 0.1)
0.29,3.83,0.86,0.0,2.85,0.07,0.0,2.9,3.8,0.0 (cmd 0.9),0.0 (cmd 0.1)
0.2905,3.83,0.86,0.0,2.83,0.06,0.0,2.8,3.8,0.0 (cmd 0.9),0.0 (cmd 0.1)
0.291,3.82,0.87,0.0,2.74,0.03,0.0,2.7,3.8,0.0 (cmd 0.9),0.0 (cmd 0.0)
0.2915,3.81,0.87,0.0,2.7,0.02,0.0,2.7,3.8,0.0 (cmd 0.9),0.0 (cmd 0.0)
0.292,3.8,0.87,0.0,2.64,0.01,0.0,2.6,3.8,0.0 (cmd 0.9),0.0 (cmd 0.0)
0.2925,3.75,0.87,0.0,2.6,0.01,0.0,2.6,3.8,0.0 (cmd 0.9),0.0 (cmd 0.0)
0.293,3.75,0.86,0.0,2.54,0.0,0.0,2.5,3.8,0.0 (cmd 0.9),0.0 (cmd 0.0)
0.2935,3.71,0.86,0.0,2.46,0.0,0.0,2.5,3.7,0.0 (cmd 0.9),0.0 (cmd 0.0)
0.294,3.73,0.87,0.0,2.39,0.0,0.0,2.4,3.7,0.0 (cmd 0.9),0.0 (cmd 0.0)
0.2945,3.81,0.89,0.0,2.37,-0.01,0.0,2.4,3.8,0.0 (cmd 0.9),0.0 (cmd -0.0)
0.295,3.88,0.91,0.0,2.34,-0.01,0.0,2.3,3.9,0.0 (cmd 0.9),0.0 (cmd -0.0)
0.2955,3.95,0.92,0.0,2.32,0.0,0.0,2.3,4.0,0.0 (cmd 0.9),0.0 (cmd 0.0)
0.296,3.99,0.93,0.0,2.34,0.0,0.0,2.3,4.0,0.0 (cmd 0.9),0.0 (cmd 0.0)
0.2965,4.02,0.93,0.0,2.37,0.02,0.0,2.4,4.0,0.0 (cmd 0.9),0.0 (cmd 0.0)
0.297,3.99,0.92,0.0,2.58,0.04,0.0,2.6,4.0,0.0 (cmd 0.9),0.0 (cmd 0.0)
0.2975,3.96,0.88,0.0,2.8,0.11,0.0,2.8,4.0,0.0 (cmd 0.9),0.0 (cmd 0.1)
0.298,3.93,0.86,0.0,2.91,0.16,0.0,2.9,3.9,0.0 (cmd 0.9),0.0 (cmd 0.2)
0.2985,3.86,0.84,0.0,2.93,0.16,0.0,2.9,3.9,0.0 (cmd 0.8),0.0 (cmd 0.2)
0.299,3.8,0.84,0.0,2.8,0.11,0.0,2.8,3.8,0.0 (cmd 0.8),0.0 (cmd 0.1)
0.2995,3.75,0.83,0.0,2.66,0.07,0.0,2.7,3.8,0.0 (cmd 0.8),0.0 (cmd 0.1)
0.3,3.74,0.84,0.0,2.57,0.03,0.0,2.6,3.7,0.0 (cmd 0.8),0.0 (cmd 0.0)
0.3005,3.7,0.85,0.0,2.47,0.0,0.0,2.5,3.7,0.0 (cmd 0.8),0.0 (cmd 0.0)
0.301,3.65,0.85,0.0,2.45,0.0,0.0,2.5,3.6,0.0 (cmd 0.8),0.0 (cmd 0.0)
0.3015,3.63,0.85,0.0,2.45,0.0,0.0,2.5,3.6,0.0 (cmd 0.8),0.0 (cmd 0.0)
0.302,3.61,0.85,0.0,2.52,0.02,0.0,2.5,3.6,0.0 (cmd 0.8),0.0 (cmd 0.0)
0.3025,3.63,0.84,0.0,2.56,0.05,0.0,2.6,3.6,0.0 (cmd 0.8),0.0 (cmd 0.1)
0.303,3.7,0.87,0.0,2.47,0.04,0.0,2.5,3.7,0.0 (cmd 0.9),0.0 (cmd 0.0)
0.3035,3.82,0.91,0.0,2.3,0.0,0.0,2.3,3.8,0.0 (cmd 0.9),0.0 (cmd 0.0)
0.304,4.0,0.96,0.0,1.86,-0.07,0.0,1.9,4.0,0.0 (cmd 1.0),0.0 (cmd -0.1)
0.3045,4.03,0.99,0.0,1.06,-0.12,0.0,1.1,4.0,0.0 (cmd 1.0),0.0 (cmd -0.1)
0.305,4.07,1.06,0.0,0.11,-0.37,0.0,0.1,4.1,0.0 (cmd 1.1),0.0 (cmd -0.4)
0.3055,4.0,1.11,0.0,-0.79,-0.66,0.0,-0.8,4.0,0.0 (cmd 1.1),0.0 (cmd -0.7)
0.306,3.8,1.09,0.0,-0.79,-0.57,0.0,-0.8,3.8,0.0 (cmd 1.1),0.0 (cmd -0.6)
0.3065,3.65,1.07,0.0,-2.2,-0.6,0.0,-2.2,3.6,0.0 (cmd 1.1),0.0 (cmd -0.6)
0.307,3.56,1.28,0.0,-7.05,-1.99,0.0,-7.0,3.6,0.0 (cmd 1.3),0.0 (cmd -2.0)
0.3075,3.41,1.37,0.0,-9.77,-1.86,0.0,-9.8,3.4,0.0 (cmd 1.4),0.0 (cmd -1.9)
0.308,3.4,1.48,0.0,-10.91,-2.22,0.0,-10.9,3.4,0.0 (cmd 1.5),0.0 (cmd -2.2)
0.3085,3.24,1.56,0.0,-10.81,-1.69,0.0,-10.8,3.2,0.0 (cmd 1.6),0.0 (cmd -1.7)
0.309,2.92,1.55,0.0,-10.53,-1.11,0.0,-10.5,2.9,0.0 (cmd 1.6),0.0 (cmd -1.1)
0.3095,1.95,1.21,0.0,-7.45,-0.3,0.0,-7.5,1.9,0.0 (cmd 1.2),0.0 (cmd -0.3)
0.31,1.76,0.95,0.0,-3.45,0.77,0.0,-3.5,1.8,0.0 (cmd 0.9),0.0 (cmd 0.8)
0.3105,1.96,0.76,0.0,-0.52,1.64,0.0,-0.5,2.0,0.0 (cmd 0.8),0.0 (cmd 1.6)
0.311,1.9,0.55,0.0,2.72,2.4,0.0,2.7,1.9,0.0 (cmd 0.6),0.0 (cmd 2.4)
0.3115,1.78,0.42,0.0,5.72,2.56,0.0,5.7,1.8,0.0 (cmd 0.4),0.0 (cmd 2.6)
0.312,1.58,0.16,0.0,7.1,2.81,0.0,7.1,1.6,0.0 (cmd 0.2),0.0 (cmd 2.8)
0.3125,1.65,0.16,0.0,8.7,2.67,0.0,8.7,1.6,0.0 (cmd 0.2),0.0 (cmd 2.7)
0.313,1.74,0.26,0.0,8.22,2.23,0.0,8.2,1.7,0.0 (cmd 0.3),0.0 (cmd 2.2)
0.3135,1.76,0.39,0.0,7.7,1.57,0.0,7.7,1.8,0.0 (cmd 0.4),0.0 (cmd 1.6)
0.314,1.35,0.5,0.0,6.95,0.99,0.0,7.0,1.4,0.0 (cmd 0.5),0.0 (cmd 1.0)
0.3145,0.87,0.48,0.0,6.0,0.54,0.0,6.0,0.9,0.0 (cmd 0.5),0.0 (cmd 0.5)
0.315,-2.92,-0.49,0.0,5.5,0.42,0.0,5.5,-2.9,0.0 (cmd -0.5),0.0 (cmd 0.4)
0.3155,-5.27,-0.69,0.0,5.06,0.3,0.0,5.1,-5.3,0.0 (cmd -0.7),0.0 (cmd 0.3)
0.316,-8.39,-1.05,0.0,5.36,0.27,0.0,5.4,-8.4,0.0 (cmd -1.1),0.0 (cmd 0.3)
0.3165,-10.29,-1.19,0.0,5.91,0.52,0.0,5.9,-10.3,0.0 (cmd -1.2),0.0 (cmd 0.5)
0.317,-11.32,-1.54,0.0,6.29,0.69,0.0,6.3,-11.3,0.0 (cmd -1.5),0.0 (cmd 0.7)
0.3175,-12.1,-1.31,0.0,6.34,0.64,0.0,6.3,-12.1,0.0 (cmd -1.3),0.0 (cmd 0.6)
0.318,-12.74,-1.06,0.0,6.42,0.59,0.0,6.4,-12.7,0.0 (cmd -1.1),0.0 (cmd 0.6)
0.3185,-11.94,-0.7,0.0,6.68,0.53,0.0,6.7,-11.9,0.0 (cmd -0.7),0.0 (cmd 0.5)
0.319,-10.77,0.05,0.0,6.8,0.45,0.0,6.8,-10.8,0.0 (cmd 0.1),0.0 (cmd 0.5)
0.3195,-8.7,0.3,0.0,6.87,0.43,0.0,6.9,-8.7,0.0 (cmd 0.3),0.0 (cmd 0.4)
0.32,-7.39,1.15,0.0,7.06,0.37,0.0,7.1,-7.4,0.0 (cmd 1.1),0.0 (cmd 0.4)
0.3205,-7.38,1.05,0.0,7.12,0.39,0.0,7.1,-7.4,0.0 (cmd 1.1),0.0 (cmd 0.4)
0.321,-7.37,0.93,0.0,7.23,0.36,0.0,7.2,-7.4,0.0 (cmd 0.9),0.0 (cmd 0.4)
0.3215,-7.16,0.88,0.0,7.14,0.34,0.0,7.1,-7.2,0.0 (cmd 0.9),0.0 (cmd 0.3)
0.322,-5.04,1.22,0.0,7.1,0.28,0.0,7.1,-5.0,0.0 (cmd 1.2),0.0 (cmd 0.3)
0.3225,-3.58,1.48,0.0,7.07,0.23,0.0,7.1,-3.6,0.0 (cmd 1.5),0.0 (cmd 0.2)
0.323,-2.79,1.71,0.0,6.37,0.2,0.0,6.4,-2.8,0.0 (cmd 1.7),0.0 (cmd 0.2)
0.3235,-2.47,1.57,0.0,5.72,-0.07,0.0,5.7,-2.5,0.0 (cmd 1.6),0.0 (cmd -0.1)
0.324,-2.6,1.44,0.0,4.73,-0.21,0.0,4.7,-2.6,0.0 (cmd 1.4),0.0 (cmd -0.2)
0.3245,-3.52,1.22,0.0,3.67,-0.46,0.0,3.7,-3.5,0.0 (cmd 1.2),0.0 (cmd -0.5)
0.325,-3.79,0.93,0.0,2.04,-0.84,0.0,2.0,-3.8,0.0 (cmd 0.9),0.0 (cmd -0.8)
0.3255,-3.68,0.97,0.0,-2.12,-1.1,0.0,-2.1,-3.7,0.0 (cmd 1.0),0.0 (cmd -1.1)
0.326,-3.5,1.23,0.0,-12.64,-2.78,0.0,-12.6,-3.5,0.0 (cmd 1.2),0.0 (cmd -2.8)
0.3265,-3.4,1.33,0.0,-21.39,-5.18,0.0,-21.4,-3.4,0.0 (cmd 1.3),0.0 (cmd -5.2)
0.327,-3.69,1.44,0.0,-28.18,-7.78,0.0,-28.2,-3.7,0.0 (cmd 1.4),0.0 (cmd -7.8)
0.3275,-4.86,1.5,0.0,-33.81,-6.89,0.0,-33.8,-4.9,0.0 (cmd 1.5),0.0 (cmd -6.9)
0.328,-4.98,1.71,0.0,-39.06,-6.93,0.0,-39.1,-5.0,0.0 (cmd 1.7),0.0 (cmd -6.9)
0.3285,-4.78,1.94,0.0,-42.51,-7.45,0.0,-42.5,-4.8,0.0 (cmd 1.9),0.0 (cmd -7.5)
0.329,-4.65,2.24,0.0,-46.57,-6.49,0.0,-46.6,-4.7,0.0 (cmd 2.2),0.0 (cmd -6.5)
0.3295,-4.65,2.46,0.0,-47.48,-5.56,0.0,-47.5,-4.7,0.0 (cmd 2.5),0.0 (cmd -5.6)
0.33,-5.05,2.57,0.0,-47.25,-4.02,0.0,-47.2,-5.0,0.0 (cmd 2.6),0.0 (cmd -4.0)
0.3305,-5.51,2.61,0.0,-45.58,-2.22,0.0,-45.6,-5.5,0.0 (cmd 2.6),0.0 (cmd -2.2)
0.331,-5.72,2.49,0.0,-44.03,-0.7,0.0,-44.0,-5.7,0.0 (cmd 2.5),0.0 (cmd -0.7)
0.3315,-5.76,2.15,0.0,-37.34,1.58,0.0,-37.3,-5.8,0.0 (cmd 2.1),0.0 (cmd 1.6)
0.332,-5.56,1.61,0.0,-27.29,3.89,0.0,-27.3,-5.6,0.0 (cmd 1.6),0.0 (cmd 3.9)
0.3325,-5.32,0.71,0.0,-15.75,5.82,0.0,-15.8,-5.3,0.0 (cmd 0.7),0.0 (cmd 5.8)
0.333,-5.14,-0.03,0.0,-0.36,6.57,0.0,-0.4,-5.1,0.0 (cmd -0.0),0.0 (cmd 6.6)
0.3335,-3.43,-2.07,0.0,6.51,9.5,0.0,6.5,-3.4,0.0 (cmd -2.1),0.0 (cmd 9.5)
0.334,-2.6,-1.66,0.0,7.97,8.87,0.0,8.0,-2.6,0.0 (cmd -1.7),0.0 (cmd 8.9)
0.3345,-1.97,-0.48,0.0,5.11,6.42,0.0,5.1,-2.0,0.0 (cmd -0.5),0.0 (cmd 6.4)
0.335,-0.98,0.59,0.0,4.83,4.31,0.0,4.8,-1.0,0.0 (cmd 0.6),0.0 (cmd 4.3)
0.3355,-0.8,1.1,0.0,6.05,3.59,0.0,6.0,-0.8,0.0 (cmd 1.1),0.0 (cmd 3.6)
0.336,-3.14,0.15,0.0,8.04,3.17,0.0,8.0,-3.1,0.0 (cmd 0.1),0.0 (cmd 3.2)
0.3365,-5.82,-0.68,0.0,8.67,3.12,0.0,8.7,-5.8,0.0 (cmd -0.7),0.0 (cmd 3.1)
0.337,-8.22,-0.88,0.0,8.75,2.58,0.0,8.8,-8.2,0.0 (cmd -0.9),0.0 (cmd 2.6)
0.3375,-8.87,-0.97,0.0,8.81,2.09,0.0,8.8,-8.9,0.0 (cmd -1.0),0.0 (cmd 2.1)
0.338,-9.7,-0.76,0.0,8.97,1.71,0.0,9.0,-9.7,0.0 (cmd -0.8),0.0 (cmd 1.7)
0.3385,-10.04,-0.74,0.0,9.01,1.45,0.0,9.0,-10.0,0.0 (cmd -0.7),0.0 (cmd 1.4)
0.339,-10.06,-0.46,0.0,9.08,1.2,0.0,9.1,-10.1,0.0 (cmd -0.5),0.0 (cmd 1.2)
0.3395,-9.99,-0.2,0.0,9.39,0.99,0.0,9.4,-10.0,0.0 (cmd -0.2),0.0 (cmd 1.0)
0.34,-9.67,0.04,0.0,9.52,0.92,0.0,9.5,-9.7,0.0 (cmd 0.0),0.0 (cmd 0.9)
0.3405,-8.61,0.3,0.0,9.53,0.81,0.0,9.5,-8.6,0.0 (cmd 0.3),0.0 (cmd 0.8)
0.341,-8.34,0.57,0.0,9.64,0.74,0.0,9.6,-8.3,0.0 (cmd 0.6),0.0 (cmd 0.7)
0.3415,-8.07,0.68,0.0,9.57,0.66,0.0,9.6,-8.1,0.0 (cmd 0.7),0.0 (cmd 0.7)
0.342,-7.7,0.7,0.0,9.4,0.57,0.0,9.4,-7.7,0.0 (cmd 0.7),0.0 (cmd 0.6)
0.3425,-7.06,0.9,0.0,9.17,0.44,0.0,9.2,-7.1,0.0 (cmd 0.9),0.0 (cmd 0.4)
0.343,-6.56,0.87,0.0,8.85,0.36,0.0,8.8,-6.6,0.0 (cmd 0.9),0.0 (cmd 0.4)
0.3435,-6.56,0.94,0.0,8.59,0.27,0.0,8.6,-6.6,0.0 (cmd 0.9),0.0 (cmd 0.3)
0.344,-4.89,1.24,0.0,8.41,0.17,0.0,8.4,-4.9,0.0 (cmd 1.2),0.0 (cmd 0.2)
0.3445,-4.59,1.19,0.0,8.18,0.17,0.0,8.2,-4.6,0.0 (cmd 1.2),0.0 (cmd 0.2)
0.345,-4.47,1.16,0.0,7.92,0.12,0.0,7.9,-4.5,0.0 (cmd 1.2),0.0 (cmd 0.1)
0.3455,-3.43,1.22,0.0,7.65,0.05,0.0,7.7,-3.4,0.0 (cmd 1.2),0.0 (cmd 0.1)
0.346,-2.35,1.22,0.0,7.17,0.02,0.0,7.2,-2.4,0.0 (cmd 1.2),0.0 (cmd 0.0)
0.3465,-1.37,1.45,0.0,6.77,-0.14,0.0,6.8,-1.4,0.0 (cmd 1.4),0.0 (cmd -0.1)
0.347,-0.24,1.65,0.0,6.51,-0.14,0.0,6.5,-0.2,0.0 (cmd 1.6),0.0 (cmd -0.1)
0.3475,0.15,1.67,0.0,6.1,-0.22,0.0,6.1,0.1,0.0 (cmd 1.7),0.0 (cmd -0.2)
0.348,1.06,1.54,0.0,4.99,-0.33,0.0,5.0,1.1,0.0 (cmd 1.5),0.0 (cmd -0.3)
0.3485,1.88,1.59,0.0,3.21,-0.61,0.0,3.2,1.9,0.0 (cmd 1.6),0.0 (cmd -0.6)
0.349,1.86,1.69,0.0,1.32,-1.02,0.0,1.3,1.9,0.0 (cmd 1.7),0.0 (cmd -1.0)
0.3495,1.75,1.63,0.0,-3.48,-2.03,0.0,-3.5,1.8,0.0 (cmd 1.6),0.0 (cmd -2.0)
0.35,1.64,1.55,0.0,-7.15,-3.2,0.0,-7.2,1.6,0.0 (cmd 1.6),0.0 (cmd -3.2)
0.3505,1.54,1.55,0.0,-13.63,-3.37,0.0,-13.6,1.5,0.0 (cmd 1.6),0.0 (cmd -3.4)
0.351,1.39,1.6,0.0,-18.89,-4.64,0.0,-18.9,1.4,0.0 (cmd 1.6),0.0 (cmd -4.6)
0.3515,1.9,1.74,0.0,-23.49,-5.49,0.0,-23.5,1.9,0.0 (cmd 1.7),0.0 (cmd -5.5)
0.352,2.5,2.12,0.0,-28.49,-5.65,0.0,-28.5,2.5,0.0 (cmd 2.1),0.0 (cmd -5.7)
0.3525,2.61,2.3,0.0,-32.33,-6.02,0.0,-32.3,2.6,0.0 (cmd 2.3),0.0 (cmd -6.0)
0.353,2.47,2.4,0.0,-34.25,-4.98,0.0,-34.2,2.5,0.0 (cmd 2.4),0.0 (cmd -5.0)
0.3535,2.2,2.41,0.0,-36.01,-4.62,0.0,-36.0,2.2,0.0 (cmd 2.4),0.0 (cmd -4.6)
0.354,2.18,2.51,0.0,-36.59,-3.52,0.0,-36.6,2.2,0.0 (cmd 2.5),0.0 (cmd -3.5)
0.3545,2.25,2.62,0.0,-36.64,-2.54,0.0,-36.6,2.2,0.0 (cmd 2.6),0.0 (cmd -2.5)
0.355,2.57,2.71,0.0,-36.13,-1.48,0.0,-36.1,2.6,0.0 (cmd 2.7),0.0 (cmd -1.5)
0.3555,2.82,2.72,0.0,-32.13,-0.35,0.0,-32.1,2.8,0.0 (cmd 2.7),0.0 (cmd -0.3)
0.356,2.82,2.5,0.0,-29.38,1.38,0.0,-29.4,2.8,0.0 (cmd 2.5),0.0 (cmd 1.4)
0.3565,2.93,2.11,0.0,-18.18,2.86,0.0,-18.2,2.9,0.0 (cmd 2.1),0.0 (cmd 2.9)
0.357,3.79,0.85,0.0,-7.88,5.65,0.0,-7.9,3.8,0.0 (cmd 0.8),0.0 (cmd 5.7)
0.3575,4.35,0.36,0.0,-0.88,6.07,0.0,-0.9,4.3,0.0 (cmd 0.4),0.0 (cmd 6.1)
0.358,4.78,-0.22,0.0,1.79,6.51,0.0,1.8,4.8,0.0 (cmd -0.2),0.0 (cmd 6.5)
0.3585,4.9,-0.55,0.0,6.4,6.35,0.0,6.4,4.9,0.0 (cmd -0.6),0.0 (cmd 6.3)
0.359,5.03,-0.12,0.0,5.42,5.27,0.0,5.4,5.0,0.0 (cmd -0.1),0.0 (cmd 5.3)
0.3595,5.39,0.5,0.0,4.37,3.93,0.0,4.4,5.4,0.0 (cmd 0.5),0.0 (cmd 3.9)
0.36,4.96,0.9,0.0,4.06,2.74,0.0,4.1,5.0,0.0 (cmd 0.9),0.0 (cmd 2.7)
0.3605,4.51,0.68,0.0,5.87,2.6,0.0,5.9,4.5,0.0 (cmd 0.7),0.0 (cmd 2.6)
0.361,4.13,0.45,0.0,5.74,2.18,0.0,5.7,4.1,0.0 (cmd 0.5),0.0 (cmd 2.2)
0.3615,4.12,0.5,0.0,5.24,1.56,0.0,5.2,4.1,0.0 (cmd 0.5),0.0 (cmd 1.6)
0.362,4.14,0.6,0.0,4.89,1.05,0.0,4.9,4.1,0.0 (cmd 0.6),0.0 (cmd 1.1)
0.3625,4.12,0.67,0.0,3.56,0.7,0.0,3.6,4.1,0.0 (cmd 0.7),0.0 (cmd 0.7)
0.363,4.38,0.8,0.0,-1.6,0.12,0.0,-1.6,4.4,0.0 (cmd 0.8),0.0 (cmd 0.1)
0.3635,4.85,1.34,0.0,-9.62,-1.82,0.0,-9.6,4.8,0.0 (cmd 1.3),0.0 (cmd -1.8)
0.364,4.72,1.43,0.0,-20.27,-4.34,0.0,-20.3,4.7,0.0 (cmd 1.4),0.0 (cmd -4.3)
0.3645,4.17,1.37,0.0,-25.62,-6.5,0.0,-25.6,4.2,0.0 (cmd 1.4),0.0 (cmd -6.5)
0.365,3.95,1.65,0.0,-28.4,-6.74,0.0,-28.4,4.0,0.0 (cmd 1.6),0.0 (cmd -6.7)
0.3655,3.84,1.9,0.0,-31.51,-6.1,0.0,-31.5,3.8,0.0 (cmd 1.9),0.0 (cmd -6.1)
0.366,3.7,2.07,0.0,-33.2,-5.06,0.0,-33.2,3.7,0.0 (cmd 2.1),0.0 (cmd -5.1)
0.3665,3.25,2.17,0.0,-33.67,-4.13,0.0,-33.7,3.2,0.0 (cmd 2.2),0.0 (cmd -4.1)
0.367,3.03,2.27,0.0,-33.68,-2.86,0.0,-33.7,3.0,0.0 (cmd 2.3),0.0 (cmd -2.9)
0.3675,2.96,2.38,0.0,-32.97,-1.68,0.0,-33.0,3.0,0.0 (cmd 2.4),0.0 (cmd -1.7)
0.368,3.25,2.44,0.0,-30.07,-0.63,0.0,-30.1,3.2,0.0 (cmd 2.4),0.0 (cmd -0.6)
0.3685,3.55,2.28,0.0,-27.33,1.0,0.0,-27.3,3.5,0.0 (cmd 2.3),0.0 (cmd 1.0)
0.369,3.78,2.08,0.0,-18.83,2.29,0.0,-18.8,3.8,0.0 (cmd 2.1),0.0 (cmd 2.3)
0.3695,4.65,1.52,0.0,-7.4,4.03,0.0,-7.4,4.7,0.0 (cmd 1.5),0.0 (cmd 4.0)
0.37,4.98,0.43,0.0,-1.99,5.81,0.0,-2.0,5.0,0.0 (cmd 0.4),0.0 (cmd 5.8)
0.3705,5.51,0.23,0.0,-1.99,5.57,0.0,-2.0,5.5,0.0 (cmd 0.2),0.0 (cmd 5.6)
0.371,5.82,0.43,0.0,2.66,5.06,0.0,2.7,5.8,0.0 (cmd 0.4),0.0 (cmd 5.1)
0.3715,5.92,0.28,0.0,5.03,4.86,0.0,5.0,5.9,0.0 (cmd 0.3),0.0 (cmd 4.9)
0.372,6.09,0.58,0.0,4.45,4.03,0.0,4.5,6.1,0.0 (cmd 0.6),0.0 (cmd 4.0)
0.3725,5.75,0.76,0.0,4.96,3.23,0.0,5.0,5.8,0.0 (cmd 0.8),0.0 (cmd 3.2)
0.373,5.42,0.62,0.0,5.62,2.69,0.0,5.6,5.4,0.0 (cmd 0.6),0.0 (cmd 2.7)
0.3735,5.54,0.63,0.0,5.32,2.18,0.0,5.3,5.5,0.0 (cmd 0.6),0.0 (cmd 2.2)
0.374,5.48,0.71,0.0,4.78,1.52,0.0,4.8,5.5,0.0 (cmd 0.7),0.0 (cmd 1.5)
0.3745,5.18,0.75,0.0,3.96,0.9,0.0,4.0,5.2,0.0 (cmd 0.8),0.0 (cmd 0.9)
0.375,5.12,0.79,0.0,-1.2,0.34,0.0,-1.2,5.1,0.0 (cmd 0.8),0.0 (cmd 0.3)
0.3755,5.07,1.13,0.0,-4.09,-1.14,0.0,-4.1,5.1,0.0 (cmd 1.1),0.0 (cmd -1.1)
0.376,4.84,1.27,0.0,-12.68,-1.84,0.0,-12.7,4.8,0.0 (cmd 1.3),0.0 (cmd -1.8)
0.3765,4.91,1.3,0.0,-20.6,-5.12,0.0,-20.6,4.9,0.0 (cmd 1.3),0.0 (cmd -5.1)
0.377,5.37,1.61,0.0,-25.66,-6.34,0.0,-25.7,5.4,0.0 (cmd 1.6),0.0 (cmd -6.3)
0.3775,5.2,1.93,0.0,-28.47,-5.99,0.0,-28.5,5.2,0.0 (cmd 1.9),0.0 (cmd -6.0)
0.378,4.59,2.01,0.0,-30.64,-5.61,0.0,-30.6,4.6,0.0 (cmd 2.0),0.0 (cmd -5.6)
0.3785,4.0,2.0,0.0,-30.9,-4.25,0.0,-30.9,4.0,0.0 (cmd 2.0),0.0 (cmd -4.2)
0.379,3.85,2.15,0.0,-30.66,-2.9,0.0,-30.7,3.9,0.0 (cmd 2.1),0.0 (cmd -2.9)
0.3795,4.01,2.28,0.0,-28.82,-1.57,0.0,-28.8,4.0,0.0 (cmd 2.3),0.0 (cmd -1.6)
0.38,4.23,2.32,0.0,-25.37,-0.16,0.0,-25.4,4.2,0.0 (cmd 2.3),0.0 (cmd -0.2)
0.3805,4.36,1.98,0.0,-18.53,1.94,0.0,-18.5,4.4,0.0 (cmd 2.0),0.0 (cmd 1.9)
0.381,5.0,1.85,0.0,-17.1,2.5,0.0,-17.1,5.0,0.0 (cmd 1.9),0.0 (cmd 2.5)
0.3815,5.26,1.31,0.0,-0.42,4.32,0.0,-0.4,5.3,0.0 (cmd 1.3),0.0 (cmd 4.3)
0.382,5.18,-0.4,0.0,2.79,6.15,0.0,2.8,5.2,0.0 (cmd -0.4),0.0 (cmd 6.2)
0.3825,5.93,-0.4,0.0,5.97,5.87,0.0,6.0,5.9,0.0 (cmd -0.4),0.0 (cmd 5.9)
0.383,6.27,0.17,0.0,3.89,4.67,0.0,3.9,6.3,0.0 (cmd 0.2),0.0 (cmd 4.7)
0.3835,6.39,0.88,0.0,3.25,3.3,0.0,3.2,6.4,0.0 (cmd 0.9),0.0 (cmd 3.3)
0.384,4.67,0.66,0.0,3.32,2.55,0.0,3.3,4.7,0.0 (cmd 0.7),0.0 (cmd 2.5)
0.3845,4.06,0.4,0.0,3.46,2.05,0.0,3.5,4.1,0.0 (cmd 0.4),0.0 (cmd 2.0)
0.385,4.35,0.42,0.0,2.47,1.63,0.0,2.5,4.3,0.0 (cmd 0.4),0.0 (cmd 1.6)
0.3855,4.66,0.7,0.0,-0.29,0.8,0.0,-0.3,4.7,0.0 (cmd 0.7),0.0 (cmd 0.8)
0.386,4.95,1.09,0.0,-4.06,-0.29,0.0,-4.1,5.0,0.0 (cmd 1.1),0.0 (cmd -0.3)
0.3865,5.01,1.42,0.0,-9.08,-1.73,0.0,-9.1,5.0,0.0 (cmd 1.4),0.0 (cmd -1.7)
0.387,5.12,1.56,0.0,-19.93,-3.26,0.0,-19.9,5.1,0.0 (cmd 1.6),0.0 (cmd -3.3)
0.3875,5.09,1.68,0.0,-25.35,-5.6,0.0,-25.4,5.1,0.0 (cmd 1.7),0.0 (cmd -5.6)
0.388,4.6,1.86,0.0,-29.0,-6.51,0.0,-29.0,4.6,0.0 (cmd 1.9),0.0 (cmd -6.5)
0.3885,4.26,1.98,0.0,-30.89,-5.62,0.0,-30.9,4.3,0.0 (cmd 2.0),0.0 (cmd -5.6)
0.389,3.99,2.04,0.0,-32.12,-4.39,0.0,-32.1,4.0,0.0 (cmd 2.0),0.0 (cmd -4.4)
0.3895,3.92,2.19,0.0,-32.06,-3.36,0.0,-32.1,3.9,0.0 (cmd 2.2),0.0 (cmd -3.4)
0.39,4.06,2.36,0.0,-31.35,-2.02,0.0,-31.4,4.1,0.0 (cmd 2.4),0.0 (cmd -2.0)
0.3905,4.03,2.47,0.0,-30.77,-1.12,0.0,-30.8,4.0,0.0 (cmd 2.5),0.0 (cmd -1.1)
0.391,4.02,2.42,0.0,-23.39,-0.15,0.0,-23.4,4.0,0.0 (cmd 2.4),0.0 (cmd -0.1)
0.3915,4.24,1.87,0.0,-15.58,2.55,0.0,-15.6,4.2,0.0 (cmd 1.9),0.0 (cmd 2.5)
0.392,4.49,0.54,0.0,-5.08,5.47,0.0,-5.1,4.5,0.0 (cmd 0.5),0.0 (cmd 5.5)
0.3925,5.06,0.09,0.0,2.28,5.78,0.0,2.3,5.1,0.0 (cmd 0.1),0.0 (cmd 5.8)
0.393,5.08,-0.71,0.0,5.18,6.41,0.0,5.2,5.1,0.0 (cmd -0.7),0.0 (cmd 6.4)
0.3935,5.53,-0.53,0.0,6.14,5.65,0.0,6.1,5.5,0.0 (cmd -0.5),0.0 (cmd 5.7)
0.394,5.91,0.33,0.0,4.72,4.29,0.0,4.7,5.9,0.0 (cmd 0.3),0.0 (cmd 4.3)
0.3945,5.59,0.84,0.0,4.32,3.02,0.0,4.3,5.6,0.0 (cmd 0.8),0.0 (cmd 3.0)
0.395,4.56,0.69,0.0,4.31,2.34,0.0,4.3,4.6,0.0 (cmd 0.7),0.0 (cmd 2.3)
0.3955,4.26,0.48,0.0,3.84,1.85,0.0,3.8,4.3,0.0 (cmd 0.5),0.0 (cmd 1.9)
0.396,4.24,0.57,0.0,2.29,1.12,0.0,2.3,4.2,0.0 (cmd 0.6),0.0 (cmd 1.1)
0.3965,4.22,0.7,0.0,2.29,0.6,0.0,2.3,4.2,0.0 (cmd 0.7),0.0 (cmd 0.6)
0.397,4.24,0.74,0.0,2.29,0.48,0.0,2.3,4.2,0.0 (cmd 0.7),0.0 (cmd 0.5)
0.3975,4.43,0.84,0.0,0.91,0.37,0.0,0.9,4.4,0.0 (cmd 0.8),0.0 (cmd 0.4)
0.398,4.5,1.16,0.0,-4.17,-0.98,0.0,-4.2,4.5,0.0 (cmd 1.2),0.0 (cmd -1.0)
0.3985,4.12,1.31,0.0,-15.08,-3.59,0.0,-15.1,4.1,0.0 (cmd 1.3),0.0 (cmd -3.6)
0.399,3.88,1.39,0.0,-17.58,-4.8,0.0,-17.6,3.9,0.0 (cmd 1.4),0.0 (cmd -4.8)
0.3995,3.48,1.52,0.0,-20.37,-4.38,0.0,-20.4,3.5,0.0 (cmd 1.5),0.0 (cmd -4.4)
0.4,3.51,1.67,0.0,-30.64,-5.8,0.0,-30.6,3.5,0.0 (cmd 1.7),0.0 (cmd -5.8)
0.4005,4.08,1.91,0.0,-33.21,-6.45,0.0,-33.2,4.1,0.0 (cmd 1.9),0.0 (cmd -6.5)
0.401,4.12,2.24,0.0,-33.25,-5.29,0.0,-33.2,4.1,0.0 (cmd 2.2),0.0 (cmd -5.3)
0.4015,3.97,2.39,0.0,-32.94,-3.68,0.0,-32.9,4.0,0.0 (cmd 2.4),0.0 (cmd -3.7)
0.402,4.19,2.48,0.0,-32.09,-2.34,0.0,-32.1,4.2,0.0 (cmd 2.5),0.0 (cmd -2.3)
0.4025,4.29,2.61,0.0,-31.67,-1.12,0.0,-31.7,4.3,0.0 (cmd 2.6),0.0 (cmd -1.1)
0.403,4.39,2.62,0.0,-30.92,-0.45,0.0,-30.9,4.4,0.0 (cmd 2.6),0.0 (cmd -0.5)
0.4035,4.38,2.57,0.0,-30.02,0.06,0.0,-30.0,4.4,0.0 (cmd 2.6),0.0 (cmd 0.1)
0.404,4.41,2.4,0.0,-27.55,1.12,0.0,-27.6,4.4,0.0 (cmd 2.4),0.0 (cmd 1.1)
0.4045,4.48,2.22,0.0,-15.73,1.95,0.0,-15.7,4.5,0.0 (cmd 2.2),0.0 (cmd 1.9)
0.405,5.29,-0.38,0.0,-0.97,6.82,0.0,-1.0,5.3,0.0 (cmd -0.4),0.0 (cmd 6.8)
0.4055,6.21,-0.92,0.0,5.51,7.34,0.0,5.5,6.2,0.0 (cmd -0.9),0.0 (cmd 7.3)
0.406,7.14,-0.97,0.0,8.02,7.17,0.0,8.0,7.1,0.0 (cmd -1.0),0.0 (cmd 7.2)
0.4065,7.14,-0.21,0.0,9.08,5.73,0.0,9.1,7.1,0.0 (cmd -0.2),0.0 (cmd 5.7)
0.407,7.07,0.1,0.0,6.0,4.69,0.0,6.0,7.1,0.0 (cmd 0.1),0.0 (cmd 4.7)
0.4075,6.5,0.87,0.0,5.73,2.89,0.0,5.7,6.5,0.0 (cmd 0.9),0.0 (cmd 2.9)
0.408,5.79,0.67,0.0,7.5,2.44,0.0,7.5,5.8,0.0 (cmd 0.7),0.0 (cmd 2.4)
0.4085,6.12,0.37,0.0,8.17,2.42,0.0,8.2,6.1,0.0 (cmd 0.4),0.0 (cmd 2.4)
0.409,6.71,0.55,0.0,8.18,1.9,0.0,8.2,6.7,0.0 (cmd 0.6),0.0 (cmd 1.9)
0.4095,6.93,0.77,0.0,7.91,1.42,0.0,7.9,6.9,0.0 (cmd 0.8),0.0 (cmd 1.4)
0.41,6.68,0.77,0.0,7.29,0.86,0.0,7.3,6.7,0.0 (cmd 0.8),0.0 (cmd 0.9)
0.4105,6.61,0.74,0.0,6.78,0.58,0.0,6.8,6.6,0.0 (cmd 0.7),0.0 (cmd 0.6)
0.411,6.55,0.72,0.0,6.72,0.36,0.0,6.7,6.5,0.0 (cmd 0.7),0.0 (cmd 0.4)
0.4115,6.63,0.77,0.0,6.55,0.21,0.0,6.5,6.6,0.0 (cmd 0.8),0.0 (cmd 0.2)
0.412,6.67,0.82,0.0,6.0,0.0,0.0,6.0,6.7,0.0 (cmd 0.8),0.0 (cmd 0.0)
0.4125,6.56,0.84,0.0,5.85,0.0,0.0,5.8,6.6,0.0 (cmd 0.8),0.0 (cmd 0.0)
0.413,6.47,0.86,0.0,4.19,-0.36,0.0,4.2,6.5,0.0 (cmd 0.9),0.0 (cmd -0.4)
0.4135,6.42,0.87,0.0,3.43,-0.45,0.0,3.4,6.4,0.0 (cmd 0.9),0.0 (cmd -0.5)
0.414,6.27,0.96,0.0,0.24,-0.82,0.0,0.2,6.3,0.0 (cmd 1.0),0.0 (cmd -0.8)
0.4145,6.09,1.01,0.0,-1.0,-1.51,0.0,-1.0,6.1,0.0 (cmd 1.0),0.0 (cmd -1.5)
0.415,6.07,1.09,0.0,-5.1,-1.42,0.0,-5.1,6.1,0.0 (cmd 1.1),0.0 (cmd -1.4)
0.4155,5.96,1.21,0.0,-6.57,-2.53,0.0,-6.6,6.0,0.0 (cmd 1.2),0.0 (cmd -2.5)
0.416,5.59,1.34,0.0,-10.67,-2.96,0.0,-10.7,5.6,0.0 (cmd 1.3),0.0 (cmd -3.0)
0.4165,5.35,1.39,0.0,-13.17,-3.11,0.0,-13.2,5.3,0.0 (cmd 1.4),0.0 (cmd -3.1)
0.417,5.38,1.57,0.0,-17.41,-2.93,0.0,-17.4,5.4,0.0 (cmd 1.6),0.0 (cmd -2.9)
0.4175,5.43,1.76,0.0,-20.21,-3.5,0.0,-20.2,5.4,0.0 (cmd 1.8),0.0 (cmd -3.5)
0.418,5.26,1.91,0.0,-21.61,-3.66,0.0,-21.6,5.3,0.0 (cmd 1.9),0.0 (cmd -3.7)
0.4185,4.99,1.99,0.0,-22.87,-2.72,0.0,-22.9,5.0,0.0 (cmd 2.0),0.0 (cmd -2.7)
0.419,4.7,2.03,0.0,-23.04,-2.16,0.0,-23.0,4.7,0.0 (cmd 2.0),0.0 (cmd -2.2)
0.4195,4.53,2.08,0.0,-23.02,-1.36,0.0,-23.0,4.5,0.0 (cmd 2.1),0.0 (cmd -1.4)
0.42,4.49,2.09,0.0,-21.26,-0.57,0.0,-21.3,4.5,0.0 (cmd 2.1),0.0 (cmd -0.6)
0.4205,4.49,1.99,0.0,-18.03,0.37,0.0,-18.0,4.5,0.0 (cmd 2.0),0.0 (cmd 0.4)
0.421,4.48,1.78,0.0,-15.12,1.45,0.0,-15.1,4.5,0.0 (cmd 1.8),0.0 (cmd 1.4)
0.4215,4.55,1.54,0.0,-9.35,2.32,0.0,-9.3,4.5,0.0 (cmd 1.5),0.0 (cmd 2.3)
0.422,4.99,0.94,0.0,-2.08,3.79,0.0,-2.1,5.0,0.0 (cmd 0.9),0.0 (cmd 3.8)
0.4225,5.04,0.22,0.0,3.94,4.79,0.0,3.9,5.0,0.0 (cmd 0.2),0.0 (cmd 4.8)
0.423,4.84,-0.04,0.0,5.35,4.81,0.0,5.3,4.8,0.0 (cmd -0.0),0.0 (cmd 4.8)
0.4235,4.12,-0.22,0.0,7.15,4.34,0.0,7.2,4.1,0.0 (cmd -0.2),0.0 (cmd 4.3)
0.424,4.09,-0.09,0.0,7.86,3.78,0.0,7.9,4.1,0.0 (cmd -0.1),0.0 (cmd 3.8)
0.4245,4.12,0.16,0.0,8.02,3.07,0.0,8.0,4.1,0.0 (cmd 0.2),0.0 (cmd 3.1)
0.425,4.1,0.34,0.0,8.28,2.41,0.0,8.3,4.1,0.0 (cmd 0.3),0.0 (cmd 2.4)
0.4255,3.96,0.33,0.0,8.48,1.93,0.0,8.5,4.0,0.0 (cmd 0.3),0.0 (cmd 1.9)
0.426,3.3,0.28,0.0,8.57,1.55,0.0,8.6,3.3,0.0 (cmd 0.3),0.0 (cmd 1.6)
0.4265,2.75,0.21,0.0,8.47,1.26,0.0,8.5,2.8,0.0 (cmd 0.2),0.0 (cmd 1.3)
0.427,2.29,0.2,0.0,8.39,0.96,0.0,8.4,2.3,0.0 (cmd 0.2),0.0 (cmd 1.0)
0.4275,1.8,0.19,0.0,7.95,0.68,0.0,8.0,1.8,0.0 (cmd 0.2),0.0 (cmd 0.7)
0.428,1.31,0.15,0.0,7.29,0.49,0.0,7.3,1.3,0.0 (cmd 0.1),0.0 (cmd 0.5)
0.4285,-0.06,0.16,0.0,6.82,0.18,0.0,6.8,-0.1,0.0 (cmd 0.2),0.0 (cmd 0.2)
0.429,-2.1,-0.23,0.0,5.62,0.13,0.0,5.6,-2.1,0.0 (cmd -0.2),0.0 (cmd 0.1)
0.4295,-17.12,-2.08,0.0,5.4,0.23,0.0,5.4,-17.1,0.0 (cmd -2.1),0.0 (cmd 0.2)
0.43,-22.85,-4.08,0.0,5.31,0.66,0.0,5.3,-22.9,0.0 (cmd -4.1),0.0 (cmd 0.7)
0.4305,-24.53,-4.49,0.0,6.89,1.04,0.0,6.9,-24.5,0.0 (cmd -4.5),0.0 (cmd 1.0)
0.431,-26.7,-4.25,0.0,7.44,1.2,0.0,7.4,-26.7,0.0 (cmd -4.2),0.0 (cmd 1.2)
0.4315,-30.81,-4.6,0.0,7.59,1.36,0.0,7.6,-30.8,0.0 (cmd -4.6),0.0 (cmd 1.4)
0.432,-33.09,-3.54,0.0,7.64,1.16,0.0,7.6,-33.1,0.0 (cmd -3.5),0.0 (cmd 1.2)
0.4325,-33.29,-2.89,0.0,7.49,1.03,0.0,7.5,-33.3,0.0 (cmd -2.9),0.0 (cmd 1.0)
0.433,-33.36,-2.0,0.0,7.33,0.88,0.0,7.3,-33.4,0.0 (cmd -2.0),0.0 (cmd 0.9)
0.4335,-33.23,-1.3,0.0,7.24,0.74,0.0,7.2,-33.2,0.0 (cmd -1.3),0.0 (cmd 0.7)
0.434,-31.18,-0.24,0.0,7.25,0.63,0.0,7.2,-31.2,0.0 (cmd -0.2),0.0 (cmd 0.6)
0.4345,-30.53,0.16,0.0,7.21,0.58,0.0,7.2,-30.5,0.0 (cmd 0.2),0.0 (cmd 0.6)
0.435,-27.04,1.06,0.0,7.23,0.5,0.0,7.2,-27.0,0.0 (cmd 1.1),0.0 (cmd 0.5)
0.4355,-23.04,2.11,0.0,7.08,0.4,0.0,7.1,-23.0,0.0 (cmd 2.1),0.0 (cmd 0.4)
0.436,-15.84,3.27,0.0,6.74,0.3,0.0,6.7,-15.8,0.0 (cmd 3.3),0.0 (cmd 0.3)
0.4365,-10.7,4.15,0.0,6.32,0.2,0.0,6.3,-10.7,0.0 (cmd 4.2),0.0 (cmd 0.2)
0.437,-7.14,3.82,0.0,6.47,0.17,0.0,6.5,-7.1,0.0 (cmd 3.8),0.0 (cmd 0.2)
0.4375,-4.39,3.84,0.0,7.55,0.33,0.0,7.5,-4.4,0.0 (cmd 3.8),0.0 (cmd 0.3)
0.438,-2.72,3.78,0.0,8.59,0.59,0.0,8.6,-2.7,0.0 (cmd 3.8),0.0 (cmd 0.6)
0.4385,-2.59,3.27,0.0,9.25,0.81,0.0,9.2,-2.6,0.0 (cmd 3.3),0.0 (cmd 0.8)
0.439,-2.52,2.71,0.0,9.36,0.79,0.0,9.4,-2.5,0.0 (cmd 2.7),0.0 (cmd 0.8)
0.4395,-2.56,2.26,0.0,9.13,0.63,0.0,9.1,-2.6,0.0 (cmd 2.3),0.0 (cmd 0.6)
0.44,-2.65,1.89,0.0,8.64,0.45,0.0,8.6,-2.6,0.0 (cmd 1.9),0.0 (cmd 0.5)
0.4405,-2.88,1.58,0.0,8.45,0.33,0.0,8.4,-2.9,0.0 (cmd 1.6),0.0 (cmd 0.3)
0.441,-3.82,1.28,0.0,7.55,0.13,0.0,7.5,-3.8,0.0 (cmd 1.3),0.0 (cmd 0.1)
0.4415,-6.02,0.94,0.0,6.86,-0.02,0.0,6.9,-6.0,0.0 (cmd 0.9),0.0 (cmd -0.0)
0.442,-8.77,-0.08,0.0,6.38,-0.04,0.0,6.4,-8.8,0.0 (cmd -0.1),0.0 (cmd -0.0)
0.4425,-13.11,-0.62,0.0,6.18,-0.03,0.0,6.2,-13.1,0.0 (cmd -0.6),0.0 (cmd -0.0)
0.443,-15.63,-1.29,0.0,5.81,0.0,0.0,5.8,-15.6,0.0 (cmd -1.3),0.0 (cmd 0.0)
0.4435,-17.95,-1.83,0.0,6.1,0.24,0.0,6.1,-17.9,0.0 (cmd -1.8),0.0 (cmd 0.2)
0.444,-18.09,-1.58,0.0,6.53,0.37,0.0,6.5,-18.1,0.0 (cmd -1.6),0.0 (cmd 0.4)
0.4445,-17.07,-0.97,0.0,7.47,0.65,0.0,7.5,-17.1,0.0 (cmd -1.0),0.0 (cmd 0.7)
0.445,-15.92,-0.18,0.0,7.5,0.59,0.0,7.5,-15.9,0.0 (cmd -0.2),0.0 (cmd 0.6)
0.4455,-15.51,0.15,0.0,7.51,0.54,0.0,7.5,-15.5,0.0 (cmd 0.1),0.0 (cmd 0.5)
0.446,-15.01,0.35,0.0,7.53,0.5,0.0,7.5,-15.0,0.0 (cmd 0.3),0.0 (cmd 0.5)
0.4465,-15.01,0.49,0.0,7.62,0.47,0.0,7.6,-15.0,0.0 (cmd 0.5),0.0 (cmd 0.5)
0.447,-14.74,0.58,0.0,7.78,0.49,0.0,7.8,-14.7,0.0 (cmd 0.6),0.0 (cmd 0.5)
0.4475,-15.28,0.6,0.0,7.81,0.48,0.0,7.8,-15.3,0.0 (cmd 0.6),0.0 (cmd 0.5)
0.448,-14.23,0.53,0.0,7.84,0.48,0.0,7.8,-14.2,0.0 (cmd 0.5),0.0 (cmd 0.5)
0.4485,-12.84,0.95,0.0,7.8,0.43,0.0,7.8,-12.8,0.0 (cmd 0.9),0.0 (cmd 0.4)
0.449,-11.46,1.15,0.0,7.71,0.37,0.0,7.7,-11.5,0.0 (cmd 1.1),0.0 (cmd 0.4)
0.4495,-9.51,1.73,0.0,7.67,0.32,0.0,7.7,-9.5,0.0 (cmd 1.7),0.0 (cmd 0.3)
0.45,-8.58,1.7,0.0,7.71,0.31,0.0,7.7,-8.6,0.0 (cmd 1.7),0.0 (cmd 0.3)
0.4505,-8.44,1.62,0.0,7.73,0.31,0.0,7.7,-8.4,0.0 (cmd 1.6),0.0 (cmd 0.3)
0.451,-8.89,1.34,0.0,7.62,0.3,0.0,7.6,-8.9,0.0 (cmd 1.3),0.0 (cmd 0.3)
0.4515,-9.54,1.05,0.0,7.44,0.25,0.0,7.4,-9.5,0.0 (cmd 1.1),0.0 (cmd 0.2)
0.452,-10.11,0.74,0.0,7.31,0.25,0.0,7.3,-10.1,0.0 (cmd 0.7),0.0 (cmd 0.2)
0.4525,-10.93,0.58,0.0,7.13,0.21,0.0,7.1,-10.9,0.0 (cmd 0.6),0.0 (cmd 0.2)
0.453,-11.33,0.38,0.0,6.71,0.16,0.0,6.7,-11.3,0.0 (cmd 0.4),0.0 (cmd 0.2)
0.4535,-11.28,0.38,0.0,6.4,0.11,0.0,6.4,-11.3,0.0 (cmd 0.4),0.0 (cmd 0.1)
0.454,-10.9,0.51,0.0,5.73,0.0,0.0,5.7,-10.9,0.0 (cmd 0.5),0.0 (cmd 0.0)
0.4545,-10.15,0.72,0.0,4.99,-0.1,0.0,5.0,-10.2,0.0 (cmd 0.7),0.0 (cmd -0.1)
0.455,-8.23,0.97,0.0,4.21,-0.36,0.0,4.2,-8.2,0.0 (cmd 1.0),0.0 (cmd -0.4)
0.4555,-5.48,1.67,0.0,3.07,-0.37,0.0,3.1,-5.5,0.0 (cmd 1.7),0.0 (cmd -0.4)
0.456,-4.94,1.87,0.0,1.95,-0.6,0.0,1.9,-4.9,0.0 (cmd 1.9),0.0 (cmd -0.6)
0.4565,-5.06,1.75,0.0,0.54,-0.97,0.0,0.5,-5.1,0.0 (cmd 1.8),0.0 (cmd -1.0)
0.457,-4.25,1.71,0.0,-9.59,-2.16,0.0,-9.6,-4.2,0.0 (cmd 1.7),0.0 (cmd -2.2)
0.4575,-4.28,1.84,0.0,-12.64,-4.05,0.0,-12.6,-4.3,0.0 (cmd 1.8),0.0 (cmd -4.0)
0.458,-4.21,1.83,0.0,-16.1,-4.85,0.0,-16.1,-4.2,0.0 (cmd 1.8),0.0 (cmd -4.8)
0.4585,-3.89,2.0,0.0,-19.27,-4.37,0.0,-19.3,-3.9,0.0 (cmd 2.0),0.0 (cmd -4.4)
0.459,-5.03,2.06,0.0,-20.72,-3.73,0.0,-20.7,-5.0,0.0 (cmd 2.1),0.0 (cmd -3.7)
0.4595,-5.55,2.06,0.0,-21.4,-3.62,0.0,-21.4,-5.5,0.0 (cmd 2.1),0.0 (cmd -3.6)
0.46,-6.21,2.06,0.0,-22.53,-3.62,0.0,-22.5,-6.2,0.0 (cmd 2.1),0.0 (cmd -3.6)
0.4605,-6.36,0.0,0.0,-22.75,0.0,0.0,-22.8,-6.4,0.0 (cmd 0.0),0.0 (cmd 0.0)
0.461,-5.21,0.0,0.0,-15.46,0.0,0.0,-15.5,-5.2,0.0 (cmd 0.0),0.0 (cmd 0.0)
0.4615,-4.77,0.0,0.0,-13.53,0.0,0.0,-13.5,-4.8,0.0 (cmd 0.0),0.0 (cmd 0.0)
0.462,-4.56,0.0,0.0,-10.61,0.0,0.0,-10.6,-4.6,0.0 (cmd 0.0),0.0 (cmd 0.0)
0.4625,-4.2,0.0,0.0,-7.06,0.0,0.0,-7.1,-4.2,0.0 (cmd 0.0),0.0 (cmd 0.0)
0.463,-4.28,0.0,0.0,-6.45,0.0,0.0,-6.5,-4.3,0.0 (cmd 0.0),0.0 (cmd 0.0)
0.4635,-4.43,0.0,0.0,-6.43,0.0,0.0,-6.4,-4.4,0.0 (cmd 0.0),0.0 (cmd 0.0)
0.464,-4.43,0.0,0.0,-5.9,0.0,0.0,-5.9,-4.4,0.0 (cmd 0.0),0.0 (cmd 0.0)
0.4645,-4.19,0.0,0.0,-3.66,0.0,0.0,-3.7,-4.2,0.0 (cmd 0.0),0.0 (cmd 0.0)
0.465,-3.39,0.0,0.0,-1.91,0.0,0.0,-1.9,-3.4,0.0 (cmd 0.0),0.0 (cmd 0.0)
0.4655,-2.55,0.0,0.0,-1.46,0.0,0.0,-1.5,-2.5,0.0 (cmd 0.0),0.0 (cmd 0.0)
0.466,-2.1,0.0,0.0,-1.05,0.0,0.0,-1.1,-2.1,0.0 (cmd 0.0),0.0 (cmd 0.0)
0.4665,-1.41,0.0,0.0,-0.12,0.0,0.0,-0.1,-1.4,0.0 (cmd 0.0),0.0 (cmd 0.0)
0.467,-0.76,0.0,0.0,0.69,0.0,0.0,0.7,-0.8,0.0 (cmd 0.0),0.0 (cmd 0.0)
0.4675,-3.68,0.0,0.0,0.99,0.0,0.0,1.0,-3.7,0.0 (cmd 0.0),0.0 (cmd 0.0)
0.468,-7.5,0.0,0.0,0.82,0.0,0.0,0.8,-7.5,0.0 (cmd 0.0),0.0 (cmd 0.0)
0.4685,-8.93,0.0,0.0,0.66,0.0,0.0,0.7,-8.9,0.0 (cmd 0.0),0.0 (cmd 0.0)
0.469,-9.07,0.0,0.0,0.67,0.0,0.0,0.7,-9.1,0.0 (cmd 0.0),0.0 (cmd 0.0)
0.4695,-9.03,0.0,0.0,0.69,0.0,0.0,0.7,-9.0,0.0 (cmd 0.0),0.0 (cmd 0.0)
0.47,-8.56,0.0,0.0,0.74,0.0,0.0,0.7,-8.6,0.0 (cmd 0.0),0.0 (cmd 0.0)
0.4705,-8.01,0.0,0.0,0.69,0.0,0.0,0.7,-8.0,0.0 (cmd 0.0),0.0 (cmd 0.0)
0.471,-7.59,0.0,0.0,0.1,0.0,0.0,0.1,-7.6,0.0 (cmd 0.0),0.0 (cmd 0.0)
0.4715,-6.82,0.0,0.0,-1.87,0.0,0.0,-1.9,-6.8,0.0 (cmd 0.0),0.0 (cmd 0.0)
0.472,-6.06,0.0,0.0,-4.33,0.0,0.0,-4.3,-6.1,0.0 (cmd 0.0),0.0 (cmd 0.0)
0.4725,-4.97,0.0,0.0,-11.05,0.0,0.0,-11.1,-5.0,0.0 (cmd 0.0),0.0 (cmd 0.0)
0.473,-3.7,0.0,0.0,-17.25,0.0,0.0,-17.2,-3.7,0.0 (cmd 0.0),0.0 (cmd 0.0)
0.4735,-3.55,0.0,0.0,-25.59,0.0,0.0,-25.6,-3.5,0.0 (cmd 0.0),0.0 (cmd 0.0)
0.474,-3.65,0.0,0.0,-29.62,0.0,0.0,-29.6,-3.6,0.0 (cmd 0.0),0.0 (cmd 0.0)
0.4745,-4.06,0.0,0.0,-32.14,0.0,0.0,-32.1,-4.1,0.0 (cmd 0.0),0.0 (cmd 0.0)
0.475,-4.03,0.0,0.0,-38.1,0.0,0.0,-38.1,-4.0,0.0 (cmd 0.0),0.0 (cmd 0.0)
0.4755,-3.86,0.0,0.0,-39.85,0.0,0.0,-39.9,-3.9,0.0 (cmd 0.0),0.0 (cmd 0.0)
0.476,-3.61,0.0,0.0,-40.18,0.0,0.0,-40.2,-3.6,0.0 (cmd 0.0),0.0 (cmd 0.0)
0.4765,-3.44,0.0,0.0,-38.69,0.0,0.0,-38.7,-3.4,0.0 (cmd 0.0),0.0 (cmd 0.0)
0.477,-3.19,0.0,0.0,-37.36,0.0,0.0,-37.4,-3.2,0.0 (cmd 0.0),0.0 (cmd 0.0)
0.4775,-3.09,0.0,0.0,-35.19,0.0,0.0,-35.2,-3.1,0.0 (cmd 0.0),0.0 (cmd 0.0)
0.478,-3.32,0.0,0.0,-32.23,0.0,0.0,-32.2,-3.3,0.0 (cmd 0.0),0.0 (cmd 0.0)
0.4785,-3.54,0.0,0.0,-29.45,0.0,0.0,-29.4,-3.5,0.0 (cmd 0.0),0.0 (cmd 0.0)
0.479,-3.36,0.0,0.0,-23.49,0.0,0.0,-23.5,-3.4,0.0 (cmd 0.0),0.0 (cmd 0.0)
0.4795,-2.87,0.0,0.0,-6.2,0.0,0.0,-6.2,-2.9,0.0 (cmd 0.0),0.0 (cmd 0.0)
0.48,-2.52,0.0,0.0,0.35,0.0,0.0,0.3,-2.5,0.0 (cmd 0.0),0.0 (cmd 0.0)
0.4805,-2.18,0.0,0.0,2.95,0.0,0.0,3.0,-2.2,0.0 (cmd 0.0),0.0 (cmd 0.0)
0.481,-1.81,0.0,0.0,3.38,0.0,0.0,3.4,-1.8,0.0 (cmd 0.0),0.0 (cmd 0.0)
0.4815,-1.56,0.0,0.0,2.73,0.0,0.0,2.7,-1.6,0.0 (cmd 0.0),0.0 (cmd 0.0)
0.482,-1.8,0.0,0.0,2.78,0.0,0.0,2.8,-1.8,0.0 (cmd 0.0),0.0 (cmd 0.0)
0.4825,-2.09,0.0,0.0,3.13,0.0,0.0,3.1,-2.1,0.0 (cmd 0.0),0.0 (cmd 0.0)
0.483,-2.37,0.0,0.0,4.05,0.0,0.0,4.0,-2.4,0.0 (cmd 0.0),0.0 (cmd 0.0)
0.4835,-2.86,0.0,0.0,4.7,0.0,0.0,4.7,-2.9,0.0 (cmd 0.0),0.0 (cmd 0.0)
0.484,-3.69,0.0,0.0,5.29,0.0,0.0,5.3,-3.7,0.0 (cmd 0.0),0.0 (cmd 0.0)
0.4845,-5.27,0.0,0.0,5.83,0.0,0.0,5.8,-5.3,0.0 (cmd 0.0),0.0 (cmd 0.0)
0.485,-6.56,0.0,0.0,6.16,0.0,0.0,6.2,-6.6,0.0 (cmd 0.0),0.0 (cmd 0.0)
0.4855,-7.73,0.0,0.0,6.26,0.0,0.0,6.3,-7.7,0.0 (cmd 0.0),0.0 (cmd 0.0)
0.486,-8.93,0.0,0.0,6.42,0.0,0.0,6.4,-8.9,0.0 (cmd 0.0),0.0 (cmd 0.0)
0.4865,-9.41,0.0,0.0,6.57,0.0,0.0,6.6,-9.4,0.0 (cmd 0.0),0.0 (cmd 0.0)
0.487,-9.83,0.0,0.0,7.06,0.0,0.0,7.1,-9.8,0.0 (cmd 0.0),0.0 (cmd 0.0)
0.4875,-9.94,0.0,0.0,7.27,0.0,0.0,7.3,-9.9,0.0 (cmd 0.0),0.0 (cmd 0.0)
0.488,-9.8,0.0,0.0,7.33,0.0,0.0,7.3,-9.8,0.0 (cmd 0.0),0.0 (cmd 0.0)
0.4885,-9.47,0.0,0.0,7.34,0.0,0.0,7.3,-9.5,0.0 (cmd 0.0),0.0 (cmd 0.0)
0.489,-9.22,0.0,0.0,7.34,0.0,0.0,7.3,-9.2,0.0 (cmd 0.0),0.0 (cmd 0.0)
0.4895,-9.04,0.0,0.0,7.31,0.0,0.0,7.3,-9.0,0.0 (cmd 0.0),0.0 (cmd 0.0)
0.49,-9.09,0.0,0.0,7.21,0.0,0.0,7.2,-9.1,0.0 (cmd 0.0),0.0 (cmd 0.0)
0.4905,-9.11,0.0,0.0,6.87,0.0,0.0,6.9,-9.1,0.0 (cmd 0.0),0.0 (cmd 0.0)
0.491,-9.01,0.0,0.0,6.41,0.0,0.0,6.4,-9.0,0.0 (cmd 0.0),0.0 (cmd 0.0)
0.4915,-8.86,0.0,0.0,5.97,0.0,0.0,6.0,-8.9,0.0 (cmd 0.0),0.0 (cmd 0.0)
0.492,-9.04,0.0,0.0,5.51,0.0,0.0,5.5,-9.0,0.0 (cmd 0.0),0.0 (cmd 0.0)
0.4925,-9.44,0.0,0.0,5.27,0.0,0.0,5.3,-9.4,0.0 (cmd 0.0),0.0 (cmd 0.0)
0.493,-9.72,0.0,0.0,5.17,0.0,0.0,5.2,-9.7,0.0 (cmd 0.0),0.0 (cmd 0.0)
0.4935,-10.23,0.0,0.0,5.2,0.0,0.0,5.2,-10.2,0.0 (cmd 0.0),0.0 (cmd 0.0)
0.494,-10.45,0.0,0.0,5.33,0.0,0.0,5.3,-10.4,0.0 (cmd 0.0),0.0 (cmd 0.0)
0.4945,-10.32,0.0,0.0,5.27,0.0,0.0,5.3,-10.3,0.0 (cmd 0.0),0.0 (cmd 0.0)
0.495,-9.95,0.0,0.0,5.17,0.0,0.0,5.2,-9.9,0.0 (cmd 0.0),0.0 (cmd 0.0)
0.4955,-9.43,0.0,0.0,5.17,0.0,0.0,5.2,-9.4,0.0 (cmd 0.0),0.0 (cmd 0.0)
0.496,-9.28,0.0,0.0,5.2,0.0,0.0,5.2,-9.3,0.0 (cmd 0.0),0.0 (cmd 0.0)
0.4965,-9.24,0.0,0.0,5.28,0.0,0.0,5.3,-9.2,0.0 (cmd 0.0),0.0 (cmd 0.0)
0.497,-9.61,0.0,0.0,5.42,0.0,0.0,5.4,-9.6,0.0 (cmd 0.0),0.0 (cmd 0.0)
0.4975,-9.77,0.0,0.0,5.55,0.0,0.0,5.5,-9.8,0.0 (cmd 0.0),0.0 (cmd 0.0)
0.498,-10.34,0.0,0.0,5.61,0.0,0.0,5.6,-10.3,0.0 (cmd 0.0),0.0 (cmd 0.0)
0.4985,-10.39,0.0,0.0,5.58,0.0,0.0,5.6,-10.4,0.0 (cmd 0.0),0.0 (cmd 0.0)
0.499,-10.2,0.0,0.0,5.47,0.0,0.0,5.5,-10.2,0.0 (cmd 0.0),0.0 (cmd 0.0)
0.4995,-10.07,0.0,0.0,5.34,0.0,0.0,5.3,-10.1,0.0 (cmd 0.0),0.0 (cmd 0.0)
0.5,-9.48,0.0,0.0,5.28,0.0,0.0,5.3,-9.5,0.0 (cmd 0.0),0.0 (cmd 0.0)
0.5005,-9.34,0.0,0.0,5.3,0.0,0.0,5.3,-9.3,0.0 (cmd 0.0),0.0 (cmd 0.0)
0.501,-9.48,0.0,0.0,5.38,0.0,0.0,5.4,-9.5,0.0 (cmd 0.0),0.0 (cmd 0.0)
0.5015,-10.38,0.0,0.0,5.41,0.0,0.0,5.4,-10.4,0.0 (cmd 0.0),0.0 (cmd 0.0)
0.502,-11.2,0.0,0.0,5.47,0.0,0.0,5.5,-11.2,0.0 (cmd 0.0),0.0 (cmd 0.0)
0.5025,-12.35,0.0,0.0,5.51,0.0,0.0,5.5,-12.3,0.0 (cmd 0.0),0.0 (cmd 0.0)
0.503,-12.94,0.0,0.0,5.66,0.0,0.0,5.7,-12.9,0.0 (cmd 0.0),0.0 (cmd 0.0)
0.5035,-13.41,0.0,0.0,5.79,0.0,0.0,5.8,-13.4,0.0 (cmd 0.0),0.0 (cmd 0.0)
0.504,-13.66,0.0,0.0,6.05,0.0,0.0,6.0,-13.7,0.0 (cmd 0.0),0.0 (cmd 0.0)
0.5045,-13.68,0.0,0.0,6.23,0.0,0.0,6.2,-13.7,0.0 (cmd 0.0),0.0 (cmd 0.0)
0.505,-13.68,0.0,0.0,6.53,0.0,0.0,6.5,-13.7,0.0 (cmd 0.0),0.0 (cmd 0.0)
0.5055,-13.74,0.0,0.0,6.8,0.0,0.0,6.8,-13.7,0.0 (cmd 0.0),0.0 (cmd 0.0)
0.506,-13.88,0.0,0.0,7.09,0.0,0.0,7.1,-13.9,0.0 (cmd 0.0),0.0 (cmd 0.0)
0.5065,-14.0,0.0,0.0,7.4,0.0,0.0,7.4,-14.0,0.0 (cmd 0.0),0.0 (cmd 0.0)
0.507,-14.04,0.0,0.0,7.47,0.0,0.0,7.5,-14.0,0.0 (cmd 0.0),0.0 (cmd 0.0)
0.5075,-14.08,0.0,0.0,7.45,0.0,0.0,7.5,-14.1,0.0 (cmd 0.0),0.0 (cmd 0.0)
0.508,-13.85,0.0,0.0,7.29,0.0,0.0,7.3,-13.8,0.0 (cmd 0.0),0.0 (cmd 0.0)
0.5085,-13.73,0.0,0.0,7.13,0.0,0.0,7.1,-13.7,0.0 (cmd 0.0),0.0 (cmd 0.0)
0.509,-13.42,0.0,0.0,6.91,0.0,0.0,6.9,-13.4,0.0 (cmd 0.0),0.0 (cmd 0.0)
0.5095,-13.32,0.0,0.0,6.9,0.0,0.0,6.9,-13.3,0.0 (cmd 0.0),0.0 (cmd 0.0)
0.51,-13.28,0.0,0.0,7.07,0.0,0.0,7.1,-13.3,0.0 (cmd 0.0),0.0 (cmd 0.0)
0.5105,-13.24,0.0,0.0,7.29,0.0,0.0,7.3,-13.2,0.0 (cmd 0.0),0.0 (cmd 0.0)
0.511,-13.2,0.0,0.0,7.54,0.0,0.0,7.5,-13.2,0.0 (cmd 0.0),0.0 (cmd 0.0)
0.5115,-13.11,0.0,0.0,7.57,0.0,0.0,7.6,-13.1,0.0 (cmd 0.0),0.0 (cmd 0.0)
0.512,-13.02,0.0,0.0,7.48,0.0,0.0,7.5,-13.0,0.0 (cmd 0.0),0.0 (cmd 0.0)
0.5125,-12.94,0.0,0.0,7.4,0.0,0.0,7.4,-12.9,0.0 (cmd 0.0),0.0 (cmd 0.0)
0.513,-12.94,0.0,0.0,7.44,0.0,0.0,7.4,-12.9,0.0 (cmd 0.0),0.0 (cmd 0.0)
0.5135,-12.99,0.0,0.0,7.48,0.0,0.0,7.5,-13.0,0.0 (cmd 0.0),0.0 (cmd 0.0)
0.514,-13.03,0.0,0.0,7.48,0.0,0.0,7.5,-13.0,0.0 (cmd 0.0),0.0 (cmd 0.0)
0.5145,-13.05,0.0,0.0,7.51,0.0,0.0,7.5,-13.1,0.0 (cmd 0.0),0.0 (cmd 0.0)
0.515,-13.07,0.0,0.0,7.56,0.0,0.0,7.6,-13.1,0.0 (cmd 0.0),0.0 (cmd 0.0)
0.5155,-13.1,0.0,0.0,7.67,0.0,0.0,7.7,-13.1,0.0 (cmd 0.0),0.0 (cmd 0.0)
0.516,-13.12,0.0,0.0,7.92,0.0,0.0,7.9,-13.1,0.0 (cmd 0.0),0.0 (cmd 0.0)
0.5165,-13.14,0.0,0.0,8.26,0.0,0.0,8.3,-13.1,0.0 (cmd 0.0),0.0 (cmd 0.0)
0.517,-13.41,0.0,0.0,8.53,0.0,0.0,8.5,-13.4,0.0 (cmd 0.0),0.0 (cmd 0.0)
0.5175,-13.62,0.0,0.0,8.59,0.0,0.0,8.6,-13.6,0.0 (cmd 0.0),0.0 (cmd 0.0)
0.518,-14.14,0.0,0.0,8.42,0.0,0.0,8.4,-14.1,0.0 (cmd 0.0),0.0 (cmd 0.0)
0.5185,-14.39,0.0,0.0,8.24,0.0,0.0,8.2,-14.4,0.0 (cmd 0.0),0.0 (cmd 0.0)
0.519,-14.4,0.0,0.0,8.16,0.0,0.0,8.2,-14.4,0.0 (cmd 0.0),0.0 (cmd 0.0)
0.5195,-14.17,0.0,0.0,8.06,0.0,0.0,8.1,-14.2,0.0 (cmd 0.0),0.0 (cmd 0.0)
0.52,-14.0,0.0,0.0,7.92,0.0,0.0,7.9,-14.0,0.0 (cmd 0.0),0.0 (cmd 0.0)
0.5205,-13.73,0.0,0.0,7.78,0.0,0.0,7.8,-13.7,0.0 (cmd 0.0),0.0 (cmd 0.0)
0.521,-13.57,0.0,0.0,7.7,0.0,0.0,7.7,-13.6,0.0 (cmd 0.0),0.0 (cmd 0.0)
0.5215,-13.57,0.0,0.0,7.54,0.0,0.0,7.5,-13.6,0.0 (cmd 0.0),0.0 (cmd 0.0)
0.522,-13.45,0.0,0.0,7.14,0.0,0.0,7.1,-13.4,0.0 (cmd 0.0),0.0 (cmd 0.0)
0.5225,-13.35,0.0,0.0,6.83,0.0,0.0,6.8,-13.3,0.0 (cmd 0.0),0.0 (cmd 0.0)
0.523,-13.34,0.0,0.0,6.41,0.0,0.0,6.4,-13.3,0.0 (cmd 0.0),0.0 (cmd 0.0)
0.5235,-12.9,0.0,0.0,6.36,0.0,0.0,6.4,-12.9,0.0 (cmd 0.0),0.0 (cmd 0.0)
0.524,-12.29,0.0,0.0,6.28,0.0,0.0,6.3,-12.3,0.0 (cmd 0.0),0.0 (cmd 0.0)
0.5245,-11.78,0.0,0.0,6.39,0.0,0.0,6.4,-11.8,0.0 (cmd 0.0),0.0 (cmd 0.0)
0.525,-11.06,0.0,0.0,6.72,0.0,0.0,6.7,-11.1,0.0 (cmd 0.0),0.0 (cmd 0.0)
0.5255,-10.12,0.0,0.0,7.11,0.0,0.0,7.1,-10.1,0.0 (cmd 0.0),0.0 (cmd 0.0)
0.526,-9.85,0.0,0.0,7.46,0.0,0.0,7.5,-9.8,0.0 (cmd 0.0),0.0 (cmd 0.0)
0.5265,-9.83,0.0,0.0,7.83,0.0,0.0,7.8,-9.8,0.0 (cmd 0.0),0.0 (cmd 0.0)
0.527,-10.08,0.0,0.0,8.37,0.0,0.0,8.4,-10.1,0.0 (cmd 0.0),0.0 (cmd 0.0)
0.5275,-10.4,0.0,0.0,8.67,0.0,0.0,8.7,-10.4,0.0 (cmd 0.0),0.0 (cmd 0.0)
0.528,-10.74,0.0,0.0,8.56,0.0,0.0,8.6,-10.7,0.0 (cmd 0.0),0.0 (cmd 0.0)
0.5285,-11.5,0.0,0.0,8.18,0.0,0.0,8.2,-11.5,0.0 (cmd 0.0),0.0 (cmd 0.0)
0.529,-11.72,0.0,0.0,7.58,0.0,0.0,7.6,-11.7,0.0 (cmd 0.0),0.0 (cmd 0.0)
0.5295,-12.16,0.0,0.0,6.47,0.0,0.0,6.5,-12.2,0.0 (cmd 0.0),0.0 (cmd 0.0)
0.53,-13.14,0.0,0.0,5.03,0.0,0.0,5.0,-13.1,0.0 (cmd 0.0),0.0 (cmd 0.0)
0.5305,-14.1,0.0,0.0,3.85,0.0,0.0,3.9,-14.1,0.0 (cmd 0.0),0.0 (cmd 0.0)
0.531,-15.02,0.0,0.0,2.85,0.0,0.0,2.9,-15.0,0.0 (cmd 0.0),0.0 (cmd 0.0)
0.5315,-15.4,0.0,0.0,2.43,0.0,0.0,2.4,-15.4,0.0 (cmd 0.0),0.0 (cmd 0.0)
0.532,-15.26,0.0,0.0,2.66,0.0,0.0,2.7,-15.3,0.0 (cmd 0.0),0.0 (cmd 0.0)
0.5325,-14.78,0.0,0.0,3.27,0.0,0.0,3.3,-14.8,0.0 (cmd 0.0),0.0 (cmd 0.0)
0.533,-14.02,0.0,0.0,3.94,0.0,0.0,3.9,-14.0,0.0 (cmd 0.0),0.0 (cmd 0.0)
0.5335,-13.33,0.0,0.0,4.65,0.0,0.0,4.7,-13.3,0.0 (cmd 0.0),0.0 (cmd 0.0)
0.534,-12.43,0.0,0.0,5.05,0.0,0.0,5.0,-12.4,0.0 (cmd 0.0),0.0 (cmd 0.0)
0.5345,-12.11,0.0,0.0,5.57,0.0,0.0,5.6,-12.1,0.0 (cmd 0.0),0.0 (cmd 0.0)
0.535,-11.9,0.0,0.0,5.69,0.0,0.0,5.7,-11.9,0.0 (cmd 0.0),0.0 (cmd 0.0)
0.5355,-12.07,0.0,0.0,5.67,0.0,0.0,5.7,-12.1,0.0 (cmd 0.0),0.0 (cmd 0.0)
0.536,-12.24,0.0,0.0,5.55,0.0,0.0,5.5,-12.2,0.0 (cmd 0.0),0.0 (cmd 0.0)
0.5365,-12.84,0.0,0.0,5.19,0.0,0.0,5.2,-12.8,0.0 (cmd 0.0),0.0 (cmd 0.0)
0.537,-13.48,0.0,0.0,4.69,0.0,0.0,4.7,-13.5,0.0 (cmd 0.0),0.0 (cmd 0.0)
0.5375,-14.57,0.0,0.0,4.16,0.0,0.0,4.2,-14.6,0.0 (cmd 0.0),0.0 (cmd 0.0)
0.538,-15.22,0.0,0.0,3.69,0.0,0.0,3.7,-15.2,0.0 (cmd 0.0),0.0 (cmd 0.0)
0.5385,-15.66,0.0,0.0,3.29,0.0,0.0,3.3,-15.7,0.0 (cmd 0.0),0.0 (cmd 0.0)
0.539,-15.78,0.0,0.0,3.35,0.0,0.0,3.4,-15.8,0.0 (cmd 0.0),0.0 (cmd 0.0)
0.5395,-15.54,0.0,0.0,3.83,0.0,0.0,3.8,-15.5,0.0 (cmd 0.0),0.0 (cmd 0.0)
0.54,-15.3,0.0,0.0,4.25,0.0,0.0,4.2,-15.3,0.0 (cmd 0.0),0.0 (cmd 0.0)
0.5405,-14.8,0.0,0.0,4.66,0.0,0.0,4.7,-14.8,0.0 (cmd 0.0),0.0 (cmd 0.0)
0.541,-13.35,0.0,0.0,5.4,0.0,0.0,5.4,-13.3,0.0 (cmd 0.0),0.0 (cmd 0.0)
0.5415,-12.22,0.0,0.0,6.22,0.0,0.0,6.2,-12.2,0.0 (cmd 0.0),0.0 (cmd 0.0)
0.542,-11.55,0.0,0.0,6.77,0.0,0.0,6.8,-11.6,0.0 (cmd 0.0),0.0 (cmd 0.0)
0.5425,-11.16,0.0,0.0,7.18,0.0,0.0,7.2,-11.2,0.0 (cmd 0.0),0.0 (cmd 0.0)
0.543,-11.0,0.0,0.0,7.28,0.0,0.0,7.3,-11.0,0.0 (cmd 0.0),0.0 (cmd 0.0)
0.5435,-10.83,0.0,0.0,7.34,0.0,0.0,7.3,-10.8,0.0 (cmd 0.0),0.0 (cmd 0.0)
0.544,-10.74,0.0,0.0,7.35,0.0,0.0,7.3,-10.7,0.0 (cmd 0.0),0.0 (cmd 0.0)
0.5445,-10.63,0.0,0.0,7.11,0.0,0.0,7.1,-10.6,0.0 (cmd 0.0),0.0 (cmd 0.0)
0.545,-10.52,0.0,0.0,6.76,0.0,0.0,6.8,-10.5,0.0 (cmd 0.0),0.0 (cmd 0.0)
0.5455,-10.64,0.0,0.0,6.46,0.0,0.0,6.5,-10.6,0.0 (cmd 0.0),0.0 (cmd 0.0)
0.546,-11.07,0.0,0.0,6.14,0.0,0.0,6.1,-11.1,0.0 (cmd 0.0),0.0 (cmd 0.0)
0.5465,-11.36,0.0,0.0,6.03,0.0,0.0,6.0,-11.4,0.0 (cmd 0.0),0.0 (cmd 0.0)
0.547,-11.64,0.0,0.0,6.09,0.0,0.0,6.1,-11.6,0.0 (cmd 0.0),0.0 (cmd 0.0)
0.5475,-11.29,0.0,0.0,6.17,0.0,0.0,6.2,-11.3,0.0 (cmd 0.0),0.0 (cmd 0.0)
0.548,-10.84,0.0,0.0,6.22,0.0,0.0,6.2,-10.8,0.0 (cmd 0.0),0.0 (cmd 0.0)
0.5485,-10.32,0.0,0.0,6.26,0.0,0.0,6.3,-10.3,0.0 (cmd 0.0),0.0 (cmd 0.0)
0.549,-9.33,0.0,0.0,6.3,0.0,0.0,6.3,-9.3,0.0 (cmd 0.0),0.0 (cmd 0.0)
0.5495,-9.1,0.0,0.0,6.71,0.0,0.0,6.7,-9.1,0.0 (cmd 0.0),0.0 (cmd 0.0)
0.55,-8.88,0.0,0.0,7.2,0.0,0.0,7.2,-8.9,0.0 (cmd 0.0),0.0 (cmd 0.0)
0.5505,-8.22,0.0,0.0,7.65,0.0,0.0,7.7,-8.2,0.0 (cmd 0.0),0.0 (cmd 0.0)
0.551,-8.08,0.0,0.0,7.65,0.0,0.0,7.7,-8.1,0.0 (cmd 0.0),0.0 (cmd 0.0)
0.5515,-8.01,0.0,0.0,7.43,0.0,0.0,7.4,-8.0,0.0 (cmd 0.0),0.0 (cmd 0.0)
0.552,-8.33,0.0,0.0,7.14,0.0,0.0,7.1,-8.3,0.0 (cmd 0.0),0.0 (cmd 0.0)
0.5525,-8.66,0.0,0.0,6.78,0.0,0.0,6.8,-8.7,0.0 (cmd 0.0),0.0 (cmd 0.0)
0.553,-9.5,0.0,0.0,6.14,0.0,0.0,6.1,-9.5,0.0 (cmd 0.0),0.0 (cmd 0.0)
0.5535,-10.59,0.0,0.0,5.47,0.0,0.0,5.5,-10.6,0.0 (cmd 0.0),0.0 (cmd 0.0)
0.554,-11.63,0.0,0.0,4.73,0.0,0.0,4.7,-11.6,0.0 (cmd 0.0),0.0 (cmd 0.0)
0.5545,-12.04,0.0,0.0,4.49,0.0,0.0,4.5,-12.0,0.0 (cmd 0.0),0.0 (cmd 0.0)
0.555,-12.15,0.0,0.0,4.68,0.0,0.0,4.7,-12.2,0.0 (cmd 0.0),0.0 (cmd 0.0)
0.5555,-12.12,0.0,0.0,4.99,0.0,0.0,5.0,-12.1,0.0 (cmd 0.0),0.0 (cmd 0.0)
0.556,-12.15,0.0,0.0,5.09,0.0,0.0,5.1,-12.2,0.0 (cmd 0.0),0.0 (cmd 0.0)
0.5565,-12.26,0.0,0.0,5.14,0.0,0.0,5.1,-12.3,0.0 (cmd 0.0),0.0 (cmd 0.0)
0.557,-12.35,0.0,0.0,5.16,0.0,0.0,5.2,-12.3,0.0 (cmd 0.0),0.0 (cmd 0.0)
0.5575,-12.55,0.0,0.0,5.17,0.0,0.0,5.2,-12.6,0.0 (cmd 0.0),0.0 (cmd 0.0)
0.558,-13.19,0.0,0.0,5.16,0.0,0.0,5.2,-13.2,0.0 (cmd 0.0),0.0 (cmd 0.0)
0.5585,-13.82,0.0,0.0,5.16,0.0,0.0,5.2,-13.8,0.0 (cmd 0.0),0.0 (cmd 0.0)
0.559,-12.97,0.0,0.0,5.3,0.0,0.0,5.3,-13.0,0.0 (cmd 0.0),0.0 (cmd 0.0)
0.5595,-11.23,0.0,0.0,5.6,0.0,0.0,5.6,-11.2,0.0 (cmd 0.0),0.0 (cmd 0.0)
0.56,-9.28,0.0,0.0,6.11,0.0,0.0,6.1,-9.3,0.0 (cmd 0.0),0.0 (cmd 0.0)
0.5605,-7.39,0.0,0.0,6.2,0.0,0.0,6.2,-7.4,0.0 (cmd 0.0),0.0 (cmd 0.0)
0.561,-6.0,0.0,0.0,5.71,0.0,0.0,5.7,-6.0,0.0 (cmd 0.0),0.0 (cmd 0.0)
0.5615,-3.73,0.0,0.0,4.6,0.0,0.0,4.6,-3.7,0.0 (cmd 0.0),0.0 (cmd 0.0)
0.562,-3.41,0.0,0.0,1.82,0.0,0.0,1.8,-3.4,0.0 (cmd 0.0),0.0 (cmd 0.0)
0.5625,-0.63,0.0,0.0,-0.67,0.0,0.0,-0.7,-0.6,0.0 (cmd 0.0),0.0 (cmd 0.0)
0.563,0.5,0.0,0.0,-3.91,0.0,0.0,-3.9,0.5,0.0 (cmd 0.0),0.0 (cmd 0.0)
0.5635,1.34,0.0,0.0,-6.71,0.0,0.0,-6.7,1.3,0.0 (cmd 0.0),0.0 (cmd 0.0)
0.564,1.53,0.0,0.0,-8.88,0.0,0.0,-8.9,1.5,0.0 (cmd 0.0),0.0 (cmd 0.0)
0.5645,1.48,0.0,0.0,-9.12,0.0,0.0,-9.1,1.5,0.0 (cmd 0.0),0.0 (cmd 0.0)
0.565,1.24,0.0,0.0,-8.66,0.0,0.0,-8.7,1.2,0.0 (cmd 0.0),0.0 (cmd 0.0)
0.5655,1.13,0.0,0.0,-5.33,0.0,0.0,-5.3,1.1,0.0 (cmd 0.0),0.0 (cmd 0.0)
0.566,1.29,0.0,0.0,-3.22,0.0,0.0,-3.2,1.3,0.0 (cmd 0.0),0.0 (cmd 0.0)
0.5665,1.69,0.0,0.0,-2.77,0.0,0.0,-2.8,1.7,0.0 (cmd 0.0),0.0 (cmd 0.0)
0.567,2.19,0.0,0.0,-3.53,0.0,0.0,-3.5,2.2,0.0 (cmd 0.0),0.0 (cmd 0.0)
0.5675,2.24,0.0,0.0,-4.32,0.0,0.0,-4.3,2.2,0.0 (cmd 0.0),0.0 (cmd 0.0)
0.568,2.24,0.0,0.0,-5.38,0.0,0.0,-5.4,2.2,0.0 (cmd 0.0),0.0 (cmd 0.0)
0.5685,1.92,0.0,0.0,-6.13,0.0,0.0,-6.1,1.9,0.0 (cmd 0.0),0.0 (cmd 0.0)
0.569,1.73,0.0,0.0,-6.35,0.0,0.0,-6.3,1.7,0.0 (cmd 0.0),0.0 (cmd 0.0)
0.5695,1.5,0.0,0.0,-5.77,0.0,0.0,-5.8,1.5,0.0 (cmd 0.0),0.0 (cmd 0.0)
0.57,1.29,0.0,0.0,-4.56,0.0,0.0,-4.6,1.3,0.0 (cmd 0.0),0.0 (cmd 0.0)
0.5705,1.23,0.0,0.0,-3.5,0.0,0.0,-3.5,1.2,0.0 (cmd 0.0),0.0 (cmd 0.0)
0.571,1.28,0.0,0.0,-1.98,0.0,0.0,-2.0,1.3,0.0 (cmd 0.0),0.0 (cmd 0.0)
0.5715,1.57,0.0,0.0,-1.36,0.0,0.0,-1.4,1.6,0.0 (cmd 0.0),0.0 (cmd 0.0)
0.572,1.58,0.0,0.0,-0.94,0.0,0.0,-0.9,1.6,0.0 (cmd 0.0),0.0 (cmd 0.0)
0.5725,1.5,0.0,0.0,-0.23,0.0,0.0,-0.2,1.5,0.0 (cmd 0.0),0.0 (cmd 0.0)
0.573,1.3,0.0,0.0,1.0,0.0,0.0,1.0,1.3,0.0 (cmd 0.0),0.0 (cmd 0.0)
0.5735,1.02,0.0,0.0,2.07,0.0,0.0,2.1,1.0,0.0 (cmd 0.0),0.0 (cmd 0.0)
0.574,0.66,0.0,0.0,3.79,0.0,0.0,3.8,0.7,0.0 (cmd 0.0),0.0 (cmd 0.0)
0.5745,0.1,0.0,0.0,4.29,0.0,0.0,4.3,0.1,0.0 (cmd 0.0),0.0 (cmd 0.0)
0.575,-2.03,0.0,0.0,4.48,0.0,0.0,4.5,-2.0,0.0 (cmd 0.0),0.0 (cmd 0.0)
0.5755,-3.3,0.0,0.0,5.18,0.0,0.0,5.2,-3.3,0.0 (cmd 0.0),0.0 (cmd 0.0)
0.576,-4.52,0.0,0.0,5.84,0.0,0.0,5.8,-4.5,0.0 (cmd 0.0),0.0 (cmd 0.0)
0.5765,-6.01,0.0,0.0,6.75,0.0,0.0,6.8,-6.0,0.0 (cmd 0.0),0.0 (cmd 0.0)
0.577,-6.86,0.0,0.0,7.18,0.0,0.0,7.2,-6.9,0.0 (cmd 0.0),0.0 (cmd 0.0)
0.5775,-9.74,0.0,0.0,7.38,0.0,0.0,7.4,-9.7,0.0 (cmd 0.0),0.0 (cmd 0.0)
0.578,-12.44,0.0,0.0,7.27,0.0,0.0,7.3,-12.4,0.0 (cmd 0.0),0.0 (cmd 0.0)
0.5785,-14.17,0.0,0.0,6.98,0.0,0.0,7.0,-14.2,0.0 (cmd 0.0),0.0 (cmd 0.0)
0.579,-14.73,0.0,0.0,6.82,0.0,0.0,6.8,-14.7,0.0 (cmd 0.0),0.0 (cmd 0.0)
0.5795,-14.92,0.0,0.0,6.55,0.0,0.0,6.5,-14.9,0.0 (cmd 0.0),0.0 (cmd 0.0)
0.58,-14.44,0.0,0.0,6.37,0.0,0.0,6.4,-14.4,0.0 (cmd 0.0),0.0 (cmd 0.0)
0.5805,-13.66,0.0,0.0,6.2,0.0,0.0,6.2,-13.7,0.0 (cmd 0.0),0.0 (cmd 0.0)
0.581,-12.99,0.0,0.0,6.14,0.0,0.0,6.1,-13.0,0.0 (cmd 0.0),0.0 (cmd 0.0)
0.5815,-13.07,0.0,0.0,6.17,0.0,0.0,6.2,-13.1,0.0 (cmd 0.0),0.0 (cmd 0.0)
0.582,-13.19,0.0,0.0,6.17,0.0,0.0,6.2,-13.2,0.0 (cmd 0.0),0.0 (cmd 0.0)
0.5825,-13.08,0.0,0.0,6.12,0.0,0.0,6.1,-13.1,0.0 (cmd 0.0),0.0 (cmd 0.0)
0.583,-12.79,0.0,0.0,6.05,0.0,0.0,6.0,-12.8,0.0 (cmd 0.0),0.0 (cmd 0.0)
0.5835,-12.54,0.0,0.0,6.03,0.0,0.0,6.0,-12.5,0.0 (cmd 0.0),0.0 (cmd 0.0)
0.584,-12.4,0.0,0.0,6.09,0.0,0.0,6.1,-12.4,0.0 (cmd 0.0),0.0 (cmd 0.0)
0.5845,-12.2,0.0,0.0,6.23,0.0,0.0,6.2,-12.2,0.0 (cmd 0.0),0.0 (cmd 0.0)
0.585,-11.84,0.0,0.0,6.38,0.0,0.0,6.4,-11.8,0.0 (cmd 0.0),0.0 (cmd 0.0)
0.5855,-11.64,0.0,0.0,6.51,0.0,0.0,6.5,-11.6,0.0 (cmd 0.0),0.0 (cmd 0.0)
0.586,-11.82,0.0,0.0,6.57,0.0,0.0,6.6,-11.8,0.0 (cmd 0.0),0.0 (cmd 0.0)
0.5865,-11.81,0.0,0.0,6.62,0.0,0.0,6.6,-11.8,0.0 (cmd 0.0),0.0 (cmd 0.0)
0.587,-11.74,0.0,0.0,6.65,0.0,0.0,6.7,-11.7,0.0 (cmd 0.0),0.0 (cmd 0.0)
0.5875,-11.63,0.0,0.0,6.67,0.0,0.0,6.7,-11.6,0.0 (cmd 0.0),0.0 (cmd 0.0)
0.588,-11.43,0.0,0.0,6.74,0.0,0.0,6.7,-11.4,0.0 (cmd 0.0),0.0 (cmd 0.0)
0.5885,-11.33,0.0,0.0,6.83,0.0,0.0,6.8,-11.3,0.0 (cmd 0.0),0.0 (cmd 0.0)
0.589,-11.29,0.0,0.0,6.85,0.0,0.0,6.8,-11.3,0.0 (cmd 0.0),0.0 (cmd 0.0)
0.5895,-11.32,0.0,0.0,6.83,0.0,0.0,6.8,-11.3,0.0 (cmd 0.0),0.0 (cmd 0.0)
0.59,-11.34,0.0,0.0,6.79,0.0,0.0,6.8,-11.3,0.0 (cmd 0.0),0.0 (cmd 0.0)
0.5905,-11.35,0.0,0.0,6.73,0.0,0.0,6.7,-11.3,0.0 (cmd 0.0),0.0 (cmd 0.0)
0.591,-11.35,0.0,0.0,6.72,0.0,0.0,6.7,-11.3,0.0 (cmd 0.0),0.0 (cmd 0.0)
0.5915,-11.35,0.0,0.0,6.72,0.0,0.0,6.7,-11.3,0.0 (cmd 0.0),0.0 (cmd 0.0)
0.592,-11.51,0.0,0.0,6.75,0.0,0.0,6.8,-11.5,0.0 (cmd 0.0),0.0 (cmd 0.0)
0.5925,-11.58,0.0,0.0,6.75,0.0,0.0,6.8,-11.6,0.0 (cmd 0.0),0.0 (cmd 0.0)
0.593,-11.5,0.0,0.0,6.76,0.0,0.0,6.8,-11.5,0.0 (cmd 0.0),0.0 (cmd 0.0)
0.5935,-11.44,0.0,0.0,6.77,0.0,0.0,6.8,-11.4,0.0 (cmd 0.0),0.0 (cmd 0.0)
0.594,-11.4,0.0,0.0,6.77,0.0,0.0,6.8,-11.4,0.0 (cmd 0.0),0.0 (cmd 0.0)
0.5945,-11.29,0.0,0.0,6.76,0.0,0.0,6.8,-11.3,0.0 (cmd 0.0),0.0 (cmd 0.0)
0.595,-11.24,0.0,0.0,6.75,0.0,0.0,6.8,-11.2,0.0 (cmd 0.0),0.0 (cmd 0.0)
0.5955,-11.23,0.0,0.0,6.73,0.0,0.0,6.7,-11.2,0.0 (cmd 0.0),0.0 (cmd 0.0)
0.596,-11.23,0.0,0.0,6.7,0.0,0.0,6.7,-11.2,0.0 (cmd 0.0),0.0 (cmd 0.0)
0.5965,-11.19,0.0,0.0,6.69,0.0,0.0,6.7,-11.2,0.0 (cmd 0.0),0.0 (cmd 0.0)
0.597,-11.17,0.0,0.0,6.7,0.0,0.0,6.7,-11.2,0.0 (cmd 0.0),0.0 (cmd 0.0)
0.5975,-11.15,0.0,0.0,6.71,0.0,0.0,6.7,-11.2,0.0 (cmd 0.0),0.0 (cmd 0.0)
0.598,-11.04,0.0,0.0,6.7,0.0,0.0,6.7,-11.0,0.0 (cmd 0.0),0.0 (cmd 0.0)
0.5985,-11.07,0.0,0.0,6.65,0.0,0.0,6.7,-11.1,0.0 (cmd 0.0),0.0 (cmd 0.0)
0.599,-11.14,0.0,0.0,6.56,0.0,0.0,6.6,-11.1,0.0 (cmd 0.0),0.0 (cmd 0.0)
0.5995,-11.38,0.0,0.0,6.41,0.0,0.0,6.4,-11.4,0.0 (cmd 0.0),0.0 (cmd 0.0)
0.6,-11.97,0.0,0.0,6.35,0.0,0.0,6.3,-12.0,0.0 (cmd 0.0),0.0 (cmd 0.0)
0.6005,-12.38,0.0,0.0,6.29,0.0,0.0,6.3,-12.4,0.0 (cmd 0.0),0.0 (cmd 0.0)
0.601,-13.35,0.0,0.0,6.34,0.0,0.0,6.3,-13.3,0.0 (cmd 0.0),0.0 (cmd 0.0)
0.6015,-14.99,0.0,0.0,6.41,0.0,0.0,6.4,-15.0,0.0 (cmd 0.0),0.0 (cmd 0.0)
0.602,-15.91,0.0,0.0,6.57,0.0,0.0,6.6,-15.9,0.0 (cmd 0.0),0.0 (cmd 0.0)
0.6025,-16.72,0.0,0.0,6.74,0.0,0.0,6.7,-16.7,0.0 (cmd 0.0),0.0 (cmd 0.0)
0.603,-17.72,0.0,0.0,6.87,0.0,0.0,6.9,-17.7,0.0 (cmd 0.0),0.0 (cmd 0.0)
0.6035,-18.37,0.0,0.0,6.99,0.0,0.0,7.0,-18.4,0.0 (cmd 0.0),0.0 (cmd 0.0)
0.604,-18.78,0.0,0.0,7.18,0.0,0.0,7.2,-18.8,0.0 (cmd 0.0),0.0 (cmd 0.0)
0.6045,-19.17,0.0,0.0,7.33,0.0,0.0,7.3,-19.2,0.0 (cmd 0.0),0.0 (cmd 0.0)
0.605,-19.34,0.0,0.0,7.68,0.0,0.0,7.7,-19.3,0.0 (cmd 0.0),0.0 (cmd 0.0)
0.6055,-19.01,0.0,0.0,8.13,0.0,0.0,8.1,-19.0,0.0 (cmd 0.0),0.0 (cmd 0.0)
0.606,-18.02,0.0,0.0,8.59,0.0,0.0,8.6,-18.0,0.0 (cmd 0.0),0.0 (cmd 0.0)
0.6065,-16.65,0.0,0.0,9.24,0.0,0.0,9.2,-16.6,0.0 (cmd 0.0),0.0 (cmd 0.0)
0.607,-13.42,0.0,0.0,9.46,0.0,0.0,9.5,-13.4,0.0 (cmd 0.0),0.0 (cmd 0.0)
0.6075,-11.77,0.0,0.0,9.45,0.0,0.0,9.4,-11.8,0.0 (cmd 0.0),0.0 (cmd 0.0)
0.608,-10.69,0.0,0.0,8.94,0.0,0.0,8.9,-10.7,0.0 (cmd 0.0),0.0 (cmd 0.0)
0.6085,-8.24,0.0,0.0,7.99,0.0,0.0,8.0,-8.2,0.0 (cmd 0.0),0.0 (cmd 0.0)
0.609,-8.24,0.0,0.0,6.35,0.0,0.0,6.3,-8.2,0.0 (cmd 0.0),0.0 (cmd 0.0)
0.6095,-7.36,0.0,0.0,0.39,0.0,0.0,0.4,-7.4,0.0 (cmd 0.0),0.0 (cmd 0.0)
0.61,-3.14,0.0,0.0,-4.29,0.0,0.0,-4.3,-3.1,0.0 (cmd 0.0),0.0 (cmd 0.0)
0.6105,-0.14,0.0,0.0,-9.59,0.0,0.0,-9.6,-0.1,0.0 (cmd 0.0),0.0 (cmd 0.0)
0.611,1.01,0.0,0.0,-12.76,0.0,0.0,-12.8,1.0,0.0 (cmd 0.0),0.0 (cmd 0.0)
0.6115,1.04,0.0,0.0,-14.51,0.0,0.0,-14.5,1.0,0.0 (cmd 0.0),0.0 (cmd 0.0)
0.612,0.79,0.0,0.0,-14.53,0.0,0.0,-14.5,0.8,0.0 (cmd 0.0),0.0 (cmd 0.0)
0.6125,0.8,0.0,0.0,-13.51,0.0,0.0,-13.5,0.8,0.0 (cmd 0.0),0.0 (cmd 0.0)
0.613,1.06,0.0,0.0,-11.67,0.0,0.0,-11.7,1.1,0.0 (cmd 0.0),0.0 (cmd 0.0)
0.6135,1.39,0.0,0.0,-10.21,0.0,0.0,-10.2,1.4,0.0 (cmd 0.0),0.0 (cmd 0.0)
0.614,2.45,0.0,0.0,-8.73,0.0,0.0,-8.7,2.5,0.0 (cmd 0.0),0.0 (cmd 0.0)
0.6145,5.27,0.0,0.0,-8.48,0.0,0.0,-8.5,5.3,0.0 (cmd 0.0),0.0 (cmd 0.0)
0.615,5.55,0.0,0.0,-8.64,0.0,0.0,-8.6,5.5,0.0 (cmd 0.0),0.0 (cmd 0.0)
0.6155,5.51,0.0,0.0,-8.22,0.0,0.0,-8.2,5.5,0.0 (cmd 0.0),0.0 (cmd 0.0)
0.616,5.5,0.0,0.0,-8.03,0.0,0.0,-8.0,5.5,0.0 (cmd 0.0),0.0 (cmd 0.0)
0.6165,5.39,0.0,0.0,-8.12,0.0,0.0,-8.1,5.4,0.0 (cmd 0.0),0.0 (cmd 0.0)
0.617,5.32,0.0,0.0,-6.22,0.0,0.0,-6.2,5.3,0.0 (cmd 0.0),0.0 (cmd 0.0)
0.6175,4.65,0.0,0.0,-4.61,0.0,0.0,-4.6,4.7,0.0 (cmd 0.0),0.0 (cmd 0.0)
0.618,2.54,0.0,0.0,-3.5,0.0,0.0,-3.5,2.5,0.0 (cmd 0.0),0.0 (cmd 0.0)
0.6185,1.96,0.0,0.0,-3.25,0.0,0.0,-3.2,2.0,0.0 (cmd 0.0),0.0 (cmd 0.0)
0.619,0.73,0.0,0.0,-3.02,0.0,0.0,-3.0,0.7,0.0 (cmd 0.0),0.0 (cmd 0.0)
0.6195,-0.66,0.0,0.0,-1.92,0.0,0.0,-1.9,-0.7,0.0 (cmd 0.0),0.0 (cmd 0.0)
0.62,-1.43,0.0,0.0,-1.21,0.0,0.0,-1.2,-1.4,0.0 (cmd 0.0),0.0 (cmd 0.0)
0.6205,-2.27,0.0,0.0,-0.45,0.0,0.0,-0.5,-2.3,0.0 (cmd 0.0),0.0 (cmd 0.0)
0.621,-5.97,0.0,0.0,0.1,0.0,0.0,0.1,-6.0,0.0 (cmd 0.0),0.0 (cmd 0.0)
0.6215,-7.75,0.0,0.0,0.4,0.0,0.0,0.4,-7.8,0.0 (cmd 0.0),0.0 (cmd 0.0)
0.622,-9.94,0.0,0.0,0.16,0.0,0.0,0.2,-9.9,0.0 (cmd 0.0),0.0 (cmd 0.0)
0.6225,-12.16,0.0,0.0,-0.69,0.0,0.0,-0.7,-12.2,0.0 (cmd 0.0),0.0 (cmd 0.0)
0.623,-13.41,0.0,0.0,-1.2,0.0,0.0,-1.2,-13.4,0.0 (cmd 0.0),0.0 (cmd 0.0)
0.6235,-13.71,0.0,0.0,-2.03,0.0,0.0,-2.0,-13.7,0.0 (cmd 0.0),0.0 (cmd 0.0)
0.624,-14.08,0.0,0.0,-2.12,0.0,0.0,-2.1,-14.1,0.0 (cmd 0.0),0.0 (cmd 0.0)
0.6245,-14.19,0.0,0.0,-1.96,0.0,0.0,-2.0,-14.2,0.0 (cmd 0.0),0.0 (cmd 0.0)
0.625,-14.19,0.0,0.0,-1.84,0.0,0.0,-1.8,-14.2,0.0 (cmd 0.0),0.0 (cmd 0.0)
0.6255,-13.89,0.0,0.0,-2.01,0.0,0.0,-2.0,-13.9,0.0 (cmd 0.0),0.0 (cmd 0.0)
0.626,-13.02,0.0,0.0,-2.35,0.0,0.0,-2.4,-13.0,0.0 (cmd 0.0),0.0 (cmd 0.0)
0.6265,-12.73,0.0,0.0,-2.45,0.0,0.0,-2.5,-12.7,0.0 (cmd 0.0),0.0 (cmd 0.0)
0.627,-12.08,0.0,0.0,-2.44,0.0,0.0,-2.4,-12.1,0.0 (cmd 0.0),0.0 (cmd 0.0)
0.6275,-10.46,0.0,0.0,-2.23,0.0,0.0,-2.2,-10.5,0.0 (cmd 0.0),0.0 (cmd 0.0)
0.628,-8.06,0.0,0.0,-1.81,0.0,0.0,-1.8,-8.1,0.0 (cmd 0.0),0.0 (cmd 0.0)
0.6285,-2.14,0.0,0.0,-1.32,0.0,0.0,-1.3,-2.1,0.0 (cmd 0.0),0.0 (cmd 0.0)
0.629,2.61,0.0,0.0,-1.15,0.0,0.0,-1.1,2.6,0.0 (cmd 0.0),0.0 (cmd 0.0)
0.6295,2.88,0.0,0.0,-1.14,0.0,0.0,-1.1,2.9,0.0 (cmd 0.0),0.0 (cmd 0.0)
0.63,3.3,0.0,0.0,-1.12,0.0,0.0,-1.1,3.3,0.0 (cmd 0.0),0.0 (cmd 0.0)
0.6305,3.24,0.0,0.0,-0.55,0.0,0.0,-0.6,3.2,0.0 (cmd 0.0),0.0 (cmd 0.0)
0.631,3.12,0.0,0.0,0.37,0.0,0.0,0.4,3.1,0.0 (cmd 0.0),0.0 (cmd 0.0)
0.6315,2.94,0.0,0.0,0.37,0.0,0.0,0.4,2.9,0.0 (cmd 0.0),0.0 (cmd 0.0)
0.632,2.67,0.0,0.0,0.63,0.0,0.0,0.6,2.7,0.0 (cmd 0.0),0.0 (cmd 0.0)
0.6325,2.56,0.0,0.0,1.01,0.0,0.0,1.0,2.6,0.0 (cmd 0.0),0.0 (cmd 0.0)
0.633,2.48,0.0,0.0,1.19,0.0,0.0,1.2,2.5,0.0 (cmd 0.0),0.0 (cmd 0.0)
0.6335,2.34,0.0,0.0,1.22,0.0,0.0,1.2,2.3,0.0 (cmd 0.0),0.0 (cmd 0.0)
0.634,2.16,0.0,0.0,1.19,0.0,0.0,1.2,2.2,0.0 (cmd 0.0),0.0 (cmd 0.0)
0.6345,2.03,0.0,0.0,1.16,0.0,0.0,1.2,2.0,0.0 (cmd 0.0),0.0 (cmd 0.0)
0.635,1.86,0.0,0.0,1.12,0.0,0.0,1.1,1.9,0.0 (cmd 0.0),0.0 (cmd 0.0)
0.6355,1.69,0.0,0.0,1.02,0.0,0.0,1.0,1.7,0.0 (cmd 0.0),0.0 (cmd 0.0)
0.636,1.61,0.0,0.0,0.95,0.0,0.0,0.9,1.6,0.0 (cmd 0.0),0.0 (cmd 0.0)
0.6365,1.46,0.0,0.0,0.89,0.0,0.0,0.9,1.5,0.0 (cmd 0.0),0.0 (cmd 0.0)
0.637,1.33,0.0,0.0,0.87,0.0,0.0,0.9,1.3,0.0 (cmd 0.0),0.0 (cmd 0.0)
0.6375,1.2,0.0,0.0,0.85,0.0,0.0,0.8,1.2,0.0 (cmd 0.0),0.0 (cmd 0.0)
0.638,1.15,0.0,0.0,0.83,0.0,0.0,0.8,1.1,0.0 (cmd 0.0),0.0 (cmd 0.0)
0.6385,1.11,0.0,0.0,0.84,0.0,0.0,0.8,1.1,0.0 (cmd 0.0),0.0 (cmd 0.0)
0.639,1.03,0.0,0.0,0.95,0.0,0.0,0.9,1.0,0.0 (cmd 0.0),0.0 (cmd 0.0)
0.6395,1.03,0.0,0.0,1.03,0.0,0.0,1.0,1.0,0.0 (cmd 0.0),0.0 (cmd 0.0)
0.64,0.94,0.0,0.0,1.07,0.0,0.0,1.1,0.9,0.0 (cmd 0.0),0.0 (cmd 0.0)
0.6405,0.84,0.0,0.0,1.08,0.0,0.0,1.1,0.8,0.0 (cmd 0.0),0.0 (cmd 0.0)
0.641,0.78,0.0,0.0,1.09,0.0,0.0,1.1,0.8,0.0 (cmd 0.0),0.0 (cmd 0.0)
0.6415,0.78,0.0,0.0,1.1,0.0,0.0,1.1,0.8,0.0 (cmd 0.0),0.0 (cmd 0.0)
0.642,0.72,0.0,0.0,1.12,0.0,0.0,1.1,0.7,0.0 (cmd 0.0),0.0 (cmd 0.0)
0.6425,0.72,0.0,0.0,1.32,0.0,0.0,1.3,0.7,0.0 (cmd 0.0),0.0 (cmd 0.0)
0.643,0.65,0.0,0.0,1.4,0.0,0.0,1.4,0.7,0.0 (cmd 0.0),0.0 (cmd 0.0)
0.6435,0.6,0.0,0.0,1.46,0.0,0.0,1.5,0.6,0.0 (cmd 0.0),0.0 (cmd 0.0)
0.644,0.57,0.0,0.0,1.47,0.0,0.0,1.5,0.6,0.0 (cmd 0.0),0.0 (cmd 0.0)
0.6445,0.5,0.0,0.0,1.45,0.0,0.0,1.4,0.5,0.0 (cmd 0.0),0.0 (cmd 0.0)
0.645,0.42,0.0,0.0,1.34,0.0,0.0,1.3,0.4,0.0 (cmd 0.0),0.0 (cmd 0.0)
0.6455,0.39,0.0,0.0,1.17,0.0,0.0,1.2,0.4,0.0 (cmd 0.0),0.0 (cmd 0.0)
0.646,0.43,0.0,0.0,1.07,0.0,0.0,1.1,0.4,0.0 (cmd 0.0),0.0 (cmd 0.0)
0.6465,0.48,0.0,0.0,0.96,0.0,0.0,1.0,0.5,0.0 (cmd 0.0),0.0 (cmd 0.0)
0.647,1.03,0.0,0.0,1.19,0.0,0.0,1.2,1.0,0.0 (cmd 0.0),0.0 (cmd 0.0)
0.6475,1.26,0.0,0.0,2.26,0.0,0.0,2.3,1.3,0.0 (cmd 0.0),0.0 (cmd 0.0)
0.648,1.43,0.0,0.0,3.0,0.0,0.0,3.0,1.4,0.0 (cmd 0.0),0.0 (cmd 0.0)
0.6485,1.49,0.0,0.0,3.16,0.0,0.0,3.2,1.5,0.0 (cmd 0.0),0.0 (cmd 0.0)
0.649,1.6,0.0,0.0,3.13,0.0,0.0,3.1,1.6,0.0 (cmd 0.0),0.0 (cmd 0.0)
0.6495,2.02,0.0,0.0,3.13,0.0,0.0,3.1,2.0,0.0 (cmd 0.0),0.0 (cmd 0.0)
0.65,2.06,0.0,0.0,3.14,0.0,0.0,3.1,2.1,0.0 (cmd 0.0),0.0 (cmd 0.0)
0.6505,2.06,0.0,0.0,3.09,0.0,0.0,3.1,2.1,0.0 (cmd 0.0),0.0 (cmd 0.0)
0.651,2.11,0.0,0.0,3.01,0.0,0.0,3.0,2.1,0.0 (cmd 0.0),0.0 (cmd 0.0)
0.6515,2.2,0.0,0.0,2.98,0.0,0.0,3.0,2.2,0.0 (cmd 0.0),0.0 (cmd 0.0)
0.652,2.38,0.0,0.0,2.93,0.0,0.0,2.9,2.4,0.0 (cmd 0.0),0.0 (cmd 0.0)
0.6525,2.69,0.0,0.0,2.77,0.0,0.0,2.8,2.7,0.0 (cmd 0.0),0.0 (cmd 0.0)
0.653,2.69,0.0,0.0,2.65,0.0,0.0,2.6,2.7,0.0 (cmd 0.0),0.0 (cmd 0.0)
0.6535,2.68,0.0,0.0,2.62,0.0,0.0,2.6,2.7,0.0 (cmd 0.0),0.0 (cmd 0.0)
0.654,2.65,0.0,0.0,2.61,0.0,0.0,2.6,2.6,0.0 (cmd 0.0),0.0 (cmd 0.0)
0.6545,2.63,0.0,0.0,2.63,0.0,0.0,2.6,2.6,0.0 (cmd 0.0),0.0 (cmd 0.0)
0.655,2.63,0.0,0.0,2.7,0.0,0.0,2.7,2.6,0.0 (cmd 0.0),0.0 (cmd 0.0)
0.6555,2.63,0.0,0.0,2.79,0.0,0.0,2.8,2.6,0.0 (cmd 0.0),0.0 (cmd 0.0)
0.656,2.6,0.0,0.0,2.84,0.0,0.0,2.8,2.6,0.0 (cmd 0.0),0.0 (cmd 0.0)
0.6565,2.65,0.0,0.0,2.86,0.0,0.0,2.9,2.6,0.0 (cmd 0.0),0.0 (cmd 0.0)
0.657,2.71,0.0,0.0,2.89,0.0,0.0,2.9,2.7,0.0 (cmd 0.0),0.0 (cmd 0.0)
0.6575,2.8,0.0,0.0,2.91,0.0,0.0,2.9,2.8,0.0 (cmd 0.0),0.0 (cmd 0.0)
0.658,2.89,0.0,0.0,2.93,0.0,0.0,2.9,2.9,0.0 (cmd 0.0),0.0 (cmd 0.0)
0.6585,2.95,0.0,0.0,3.0,0.0,0.0,3.0,3.0,0.0 (cmd 0.0),0.0 (cmd 0.0)
0.659,3.0,0.0,0.0,3.14,0.0,0.0,3.1,3.0,0.0 (cmd 0.0),0.0 (cmd 0.0)
0.6595,3.1,0.0,0.0,3.23,0.0,0.0,3.2,3.1,0.0 (cmd 0.0),0.0 (cmd 0.0)
0.66,3.18,0.0,0.0,3.32,0.0,0.0,3.3,3.2,0.0 (cmd 0.0),0.0 (cmd 0.0)
0.6605,3.21,0.0,0.0,3.33,0.0,0.0,3.3,3.2,0.0 (cmd 0.0),0.0 (cmd 0.0)
0.661,3.23,0.0,0.0,3.32,0.0,0.0,3.3,3.2,0.0 (cmd 0.0),0.0 (cmd 0.0)
0.6615,3.25,0.0,0.0,3.3,0.0,0.0,3.3,3.2,0.0 (cmd 0.0),0.0 (cmd 0.0)
0.662,3.25,0.0,0.0,3.23,0.0,0.0,3.2,3.2,0.0 (cmd 0.0),0.0 (cmd 0.0)
0.6625,3.28,0.0,0.0,3.17,0.0,0.0,3.2,3.3,0.0 (cmd 0.0),0.0 (cmd 0.0)
0.663,3.3,0.0,0.0,3.14,0.0,0.0,3.1,3.3,0.0 (cmd 0.0),0.0 (cmd 0.0)
0.6635,3.31,0.0,0.0,3.11,0.0,0.0,3.1,3.3,0.0 (cmd 0.0),0.0 (cmd 0.0)
0.664,3.34,0.0,0.0,3.08,0.0,0.0,3.1,3.3,0.0 (cmd 0.0),0.0 (cmd 0.0)
0.6645,3.35,0.0,0.0,3.05,0.0,0.0,3.0,3.4,0.0 (cmd 0.0),0.0 (cmd 0.0)
0.665,3.36,0.0,0.0,3.02,0.0,0.0,3.0,3.4,0.0 (cmd 0.0),0.0 (cmd 0.0)
0.6655,3.35,0.0,0.0,2.99,0.0,0.0,3.0,3.4,0.0 (cmd 0.0),0.0 (cmd 0.0)
0.666,3.15,0.0,0.0,2.98,0.0,0.0,3.0,3.1,0.0 (cmd 0.0),0.0 (cmd 0.0)
0.6665,3.04,0.0,0.0,2.98,0.0,0.0,3.0,3.0,0.0 (cmd 0.0),0.0 (cmd 0.0)
0.667,2.92,0.0,0.0,2.96,0.0,0.0,3.0,2.9,0.0 (cmd 0.0),0.0 (cmd 0.0)
0.6675,2.77,0.0,0.0,2.94,0.0,0.0,2.9,2.8,0.0 (cmd 0.0),0.0 (cmd 0.0)
0.668,2.71,0.0,0.0,2.9,0.0,0.0,2.9,2.7,0.0 (cmd 0.0),0.0 (cmd 0.0)
0.6685,2.67,0.0,0.0,2.89,0.0,0.0,2.9,2.7,0.0 (cmd 0.0),0.0 (cmd 0.0)
0.669,2.61,0.0,0.0,2.86,0.0,0.0,2.9,2.6,0.0 (cmd 0.0),0.0 (cmd 0.0)
0.6695,2.52,0.0,0.0,2.84,0.0,0.0,2.8,2.5,0.0 (cmd 0.0),0.0 (cmd 0.0)
0.67,2.47,0.0,0.0,2.79,0.0,0.0,2.8,2.5,0.0 (cmd 0.0),0.0 (cmd 0.0)
0.6705,2.45,0.0,0.0,2.72,0.0,0.0,2.7,2.5,0.0 (cmd 0.0),0.0 (cmd 0.0)
0.671,2.4,0.0,0.0,2.61,0.0,0.0,2.6,2.4,0.0 (cmd 0.0),0.0 (cmd 0.0)
0.6715,2.37,0.0,0.0,2.54,0.0,0.0,2.5,2.4,0.0 (cmd 0.0),0.0 (cmd 0.0)
0.672,2.36,0.0,0.0,2.44,0.0,0.0,2.4,2.4,0.0 (cmd 0.0),0.0 (cmd 0.0)
0.6725,2.32,0.0,0.0,2.39,0.0,0.0,2.4,2.3,0.0 (cmd 0.0),0.0 (cmd 0.0)
0.673,2.3,0.0,0.0,2.26,0.0,0.0,2.3,2.3,0.0 (cmd 0.0),0.0 (cmd 0.0)
0.6735,2.21,0.0,0.0,2.22,0.0,0.0,2.2,2.2,0.0 (cmd 0.0),0.0 (cmd 0.0)
0.674,1.93,0.0,0.0,2.27,0.0,0.0,2.3,1.9,0.0 (cmd 0.0),0.0 (cmd 0.0)
0.6745,1.85,0.0,0.0,2.68,0.0,0.0,2.7,1.9,0.0 (cmd 0.0),0.0 (cmd 0.0)
0.675,1.79,0.0,0.0,2.92,0.0,0.0,2.9,1.8,0.0 (cmd 0.0),0.0 (cmd 0.0)
0.6755,1.76,0.0,0.0,2.56,0.0,0.0,2.6,1.8,0.0 (cmd 0.0),0.0 (cmd 0.0)
0.676,1.7,0.0,0.0,2.45,0.0,0.0,2.5,1.7,0.0 (cmd 0.0),0.0 (cmd 0.0)
0.6765,1.56,0.0,0.0,2.4,0.0,0.0,2.4,1.6,0.0 (cmd 0.0),0.0 (cmd 0.0)
0.677,1.54,0.0,0.0,2.37,0.0,0.0,2.4,1.5,0.0 (cmd 0.0),0.0 (cmd 0.0)
0.6775,1.59,0.0,0.0,2.37,0.0,0.0,2.4,1.6,0.0 (cmd 0.0),0.0 (cmd 0.0)
0.678,1.74,0.0,0.0,2.36,0.0,0.0,2.4,1.7,0.0 (cmd 0.0),0.0 (cmd 0.0)
0.6785,1.86,0.0,0.0,2.35,0.0,0.0,2.4,1.9,0.0 (cmd 0.0),0.0 (cmd 0.0)
0.679,2.02,0.0,0.0,2.18,0.0,0.0,2.2,2.0,0.0 (cmd 0.0),0.0 (cmd 0.0)
0.6795,2.34,0.0,0.0,1.46,0.0,0.0,1.5,2.3,0.0 (cmd 0.0),0.0 (cmd 0.0)
0.68,3.48,0.0,0.0,-0.4,0.0,0.0,-0.4,3.5,0.0 (cmd 0.0),0.0 (cmd 0.0)
0.6805,3.82,0.0,0.0,-1.7,0.0,0.0,-1.7,3.8,0.0 (cmd 0.0),0.0 (cmd 0.0)
0.681,3.52,0.0,0.0,-2.49,0.0,0.0,-2.5,3.5,0.0 (cmd 0.0),0.0 (cmd 0.0)
0.6815,3.28,0.0,0.0,-2.86,0.0,0.0,-2.9,3.3,0.0 (cmd 0.0),0.0 (cmd 0.0)
0.682,2.87,0.0,0.0,-2.71,0.0,0.0,-2.7,2.9,0.0 (cmd 0.0),0.0 (cmd 0.0)
0.6825,2.69,0.0,0.0,-2.01,0.0,0.0,-2.0,2.7,0.0 (cmd 0.0),0.0 (cmd 0.0)
0.683,2.43,0.0,0.0,-1.16,0.0,0.0,-1.2,2.4,0.0 (cmd 0.0),0.0 (cmd 0.0)
0.6835,2.25,0.0,0.0,0.6,0.0,0.0,0.6,2.2,0.0 (cmd 0.0),0.0 (cmd 0.0)
0.684,2.01,0.0,0.0,1.95,0.0,0.0,1.9,2.0,0.0 (cmd 0.0),0.0 (cmd 0.0)
0.6845,1.49,0.0,0.0,3.61,0.0,0.0,3.6,1.5,0.0 (cmd 0.0),0.0 (cmd 0.0)
0.685,0.79,0.0,0.0,3.51,0.0,0.0,3.5,0.8,0.0 (cmd 0.0),0.0 (cmd 0.0)
0.6855,-0.44,0.0,0.0,3.56,0.0,0.0,3.6,-0.4,0.0 (cmd 0.0),0.0 (cmd 0.0)
0.686,-1.62,0.0,0.0,3.78,0.0,0.0,3.8,-1.6,0.0 (cmd 0.0),0.0 (cmd 0.0)
0.6865,-2.85,0.0,0.0,3.96,0.0,0.0,4.0,-2.9,0.0 (cmd 0.0),0.0 (cmd 0.0)
0.687,-4.04,0.0,0.0,4.34,0.0,0.0,4.3,-4.0,0.0 (cmd 0.0),0.0 (cmd 0.0)
0.6875,-5.78,0.0,0.0,4.75,0.0,0.0,4.8,-5.8,0.0 (cmd 0.0),0.0 (cmd 0.0)
0.688,-5.78,0.0,0.0,5.32,0.0,0.0,5.3,-5.8,0.0 (cmd 0.0),0.0 (cmd 0.0)
0.6885,-6.75,0.0,0.0,6.25,0.0,0.0,6.2,-6.8,0.0 (cmd 0.0),0.0 (cmd 0.0)
0.689,-8.23,0.0,0.0,7.02,0.0,0.0,7.0,-8.2,0.0 (cmd 0.0),0.0 (cmd 0.0)
0.6895,-10.24,0.0,0.0,7.14,0.0,0.0,7.1,-10.2,0.0 (cmd 0.0),0.0 (cmd 0.0)
0.69,-11.46,0.0,0.0,6.71,0.0,0.0,6.7,-11.5,0.0 (cmd 0.0),0.0 (cmd 0.0)
0.6905,-12.6,0.0,0.0,6.34,0.0,0.0,6.3,-12.6,0.0 (cmd 0.0),0.0 (cmd 0.0)
0.691,-12.77,0.0,0.0,6.03,0.0,0.0,6.0,-12.8,0.0 (cmd 0.0),0.0 (cmd 0.0)
0.6915,-11.36,0.0,0.0,5.94,0.0,0.0,5.9,-11.4,0.0 (cmd 0.0),0.0 (cmd 0.0)
0.692,-10.18,0.0,0.0,5.89,0.0,0.0,5.9,-10.2,0.0 (cmd 0.0),0.0 (cmd 0.0)
0.6925,-7.23,0.0,0.0,5.73,0.0,0.0,5.7,-7.2,0.0 (cmd 0.0),0.0 (cmd 0.0)
0.693,-5.5,0.0,0.0,5.23,0.0,0.0,5.2,-5.5,0.0 (cmd 0.0),0.0 (cmd 0.0)
0.6935,-3.93,0.0,0.0,4.76,0.0,0.0,4.8,-3.9,0.0 (cmd 0.0),0.0 (cmd 0.0)
0.694,-2.57,0.0,0.0,4.34,0.0,0.0,4.3,-2.6,0.0 (cmd 0.0),0.0 (cmd 0.0)
0.6945,0.17,0.0,0.0,3.53,0.0,0.0,3.5,0.2,0.0 (cmd 0.0),0.0 (cmd 0.0)
0.695,1.24,0.0,0.0,1.76,0.0,0.0,1.8,1.2,0.0 (cmd 0.0),0.0 (cmd 0.0)
0.6955,2.86,0.0,0.0,-0.78,0.0,0.0,-0.8,2.9,0.0 (cmd 0.0),0.0 (cmd 0.0)
0.696,3.74,0.0,0.0,-2.7,0.0,0.0,-2.7,3.7,0.0 (cmd 0.0),0.0 (cmd 0.0)
0.6965,4.06,0.0,0.0,-4.18,0.0,0.0,-4.2,4.1,0.0 (cmd 0.0),0.0 (cmd 0.0)
0.697,4.29,0.0,0.0,-5.03,0.0,0.0,-5.0,4.3,0.0 (cmd 0.0),0.0 (cmd 0.0)
0.6975,4.29,0.0,0.0,-5.05,0.0,0.0,-5.0,4.3,0.0 (cmd 0.0),0.0 (cmd 0.0)
0.698,4.77,0.0,0.0,-5.01,0.0,0.0,-5.0,4.8,0.0 (cmd 0.0),0.0 (cmd 0.0)
0.6985,4.92,0.0,0.0,-4.98,0.0,0.0,-5.0,4.9,0.0 (cmd 0.0),0.0 (cmd 0.0)
0.699,5.27,0.0,0.0,-4.8,0.0,0.0,-4.8,5.3,0.0 (cmd 0.0),0.0 (cmd 0.0)
0.6995,5.88,0.0,0.0,-3.83,0.0,0.0,-3.8,5.9,0.0 (cmd 0.0),0.0 (cmd 0.0)
0.7,6.42,0.0,0.0,-2.47,0.0,0.0,-2.5,6.4,0.0 (cmd 0.0),0.0 (cmd 0.0)
0.7005,6.52,0.0,0.0,-1.5,0.0,0.0,-1.5,6.5,0.0 (cmd 0.0),0.0 (cmd 0.0)
0.701,6.51,0.0,0.0,-0.4,0.0,0.0,-0.4,6.5,0.0 (cmd 0.0),0.0 (cmd 0.0)
0.7015,6.43,0.0,0.0,0.59,0.0,0.0,0.6,6.4,0.0 (cmd 0.0),0.0 (cmd 0.0)
0.702,6.34,0.0,0.0,1.33,0.0,0.0,1.3,6.3,0.0 (cmd 0.0),0.0 (cmd 0.0)
0.7025,6.12,0.0,0.0,1.25,0.0,0.0,1.2,6.1,0.0 (cmd 0.0),0.0 (cmd 0.0)
0.703,6.01,0.0,0.0,1.08,0.0,0.0,1.1,6.0,0.0 (cmd 0.0),0.0 (cmd 0.0)
0.7035,5.66,0.0,0.0,1.14,0.0,0.0,1.1,5.7,0.0 (cmd 0.0),0.0 (cmd 0.0)
0.704,5.11,0.0,0.0,2.1,0.0,0.0,2.1,5.1,0.0 (cmd 0.0),0.0 (cmd 0.0)
0.7045,4.77,0.0,0.0,2.61,0.0,0.0,2.6,4.8,0.0 (cmd 0.0),0.0 (cmd 0.0)
0.705,4.62,0.0,0.0,3.07,0.0,0.0,3.1,4.6,0.0 (cmd 0.0),0.0 (cmd 0.0)
0.7055,4.34,0.0,0.0,3.69,0.0,0.0,3.7,4.3,0.0 (cmd 0.0),0.0 (cmd 0.0)
0.706,3.97,0.0,0.0,4.02,0.0,0.0,4.0,4.0,0.0 (cmd 0.0),0.0 (cmd 0.0)
0.7065,3.4,0.0,0.0,4.41,0.0,0.0,4.4,3.4,0.0 (cmd 0.0),0.0 (cmd 0.0)
0.707,2.8,0.0,0.0,4.3,0.0,0.0,4.3,2.8,0.0 (cmd 0.0),0.0 (cmd 0.0)
0.7075,2.37,0.0,0.0,3.8,0.0,0.0,3.8,2.4,0.0 (cmd 0.0),0.0 (cmd 0.0)
0.708,2.12,0.0,0.0,3.19,0.0,0.0,3.2,2.1,0.0 (cmd 0.0),0.0 (cmd 0.0)
0.7085,1.95,0.0,0.0,2.69,0.0,0.0,2.7,1.9,0.0 (cmd 0.0),0.0 (cmd 0.0)
0.709,2.06,0.0,0.0,2.3,0.0,0.0,2.3,2.1,0.0 (cmd 0.0),0.0 (cmd 0.0)
0.7095,2.3,0.0,0.0,1.37,0.0,0.0,1.4,2.3,0.0 (cmd 0.0),0.0 (cmd 0.0)
0.71,2.03,0.0,0.0,0.9,0.0,0.0,0.9,2.0,0.0 (cmd 0.0),0.0 (cmd 0.0)
0.7105,1.53,0.0,0.0,0.87,0.0,0.0,0.9,1.5,0.0 (cmd 0.0),0.0 (cmd 0.0)
0.711,1.37,0.0,0.0,0.92,0.0,0.0,0.9,1.4,0.0 (cmd 0.0),0.0 (cmd 0.0)
0.7115,1.53,0.0,0.0,0.97,0.0,0.0,1.0,1.5,0.0 (cmd 0.0),0.0 (cmd 0.0)
0.712,1.82,0.0,0.0,0.97,0.0,0.0,1.0,1.8,0.0 (cmd 0.0),0.0 (cmd 0.0)
0.7125,2.13,0.0,0.0,1.27,0.0,0.0,1.3,2.1,0.0 (cmd 0.0),0.0 (cmd 0.0)
0.713,2.54,0.0,0.0,1.66,0.0,0.0,1.7,2.5,0.0 (cmd 0.0),0.0 (cmd 0.0)
0.7135,3.02,0.0,0.0,2.21,0.0,0.0,2.2,3.0,0.0 (cmd 0.0),0.0 (cmd 0.0)
0.714,3.16,0.0,0.0,2.66,0.0,0.0,2.7,3.2,0.0 (cmd 0.0),0.0 (cmd 0.0)
0.7145,3.19,0.0,0.0,2.88,0.0,0.0,2.9,3.2,0.0 (cmd 0.0),0.0 (cmd 0.0)
0.715,3.24,0.0,0.0,3.02,0.0,0.0,3.0,3.2,0.0 (cmd 0.0),0.0 (cmd 0.0)
0.7155,3.26,0.0,0.0,3.17,0.0,0.0,3.2,3.3,0.0 (cmd 0.0),0.0 (cmd 0.0)
0.716,3.28,0.0,0.0,3.24,0.0,0.0,3.2,3.3,0.0 (cmd 0.0),0.0 (cmd 0.0)
0.7165,3.34,0.0,0.0,3.17,0.0,0.0,3.2,3.3,0.0 (cmd 0.0),0.0 (cmd 0.0)
0.717,3.28,0.0,0.0,2.88,0.0,0.0,2.9,3.3,0.0 (cmd 0.0),0.0 (cmd 0.0)
0.7175,3.08,0.0,0.0,2.71,0.0,0.0,2.7,3.1,0.0 (cmd 0.0),0.0 (cmd 0.0)
0.718,2.89,0.0,0.0,2.55,0.0,0.0,2.5,2.9,0.0 (cmd 0.0),0.0 (cmd 0.0)
0.7185,2.73,0.0,0.0,2.43,0.0,0.0,2.4,2.7,0.0 (cmd 0.0),0.0 (cmd 0.0)
0.719,2.6,0.0,0.0,2.04,0.0,0.0,2.0,2.6,0.0 (cmd 0.0),0.0 (cmd 0.0)
0.7195,2.59,0.0,0.0,1.84,0.0,0.0,1.8,2.6,0.0 (cmd 0.0),0.0 (cmd 0.0)
0.72,2.56,0.0,0.0,1.81,0.0,0.0,1.8,2.6,0.0 (cmd 0.0),0.0 (cmd 0.0)
0.7205,2.4,0.0,0.0,1.76,0.0,0.0,1.8,2.4,0.0 (cmd 0.0),0.0 (cmd 0.0)
0.721,2.66,0.0,0.0,1.73,0.0,0.0,1.7,2.7,0.0 (cmd 0.0),0.0 (cmd 0.0)
0.7215,2.78,0.0,0.0,1.81,0.0,0.0,1.8,2.8,0.0 (cmd 0.0),0.0 (cmd 0.0)
0.722,2.8,0.0,0.0,2.01,0.0,0.0,2.0,2.8,0.0 (cmd 0.0),0.0 (cmd 0.0)
0.7225,2.65,0.0,0.0,2.17,0.0,0.0,2.2,2.6,0.0 (cmd 0.0),0.0 (cmd 0.0)
0.723,2.51,0.0,0.0,1.97,0.0,0.0,2.0,2.5,0.0 (cmd 0.0),0.0 (cmd 0.0)
0.7235,2.23,0.0,0.0,1.79,0.0,0.0,1.8,2.2,0.0 (cmd 0.0),0.0 (cmd 0.0)
0.724,1.75,0.0,0.0,1.68,0.0,0.0,1.7,1.8,0.0 (cmd 0.0),0.0 (cmd 0.0)
0.7245,1.11,0.0,0.0,1.58,0.0,0.0,1.6,1.1,0.0 (cmd 0.0),0.0 (cmd 0.0)
0.725,0.42,0.0,0.0,1.38,0.0,0.0,1.4,0.4,0.0 (cmd 0.0),0.0 (cmd 0.0)
0.7255,-0.22,0.0,0.0,0.68,0.0,0.0,0.7,-0.2,0.0 (cmd 0.0),0.0 (cmd 0.0)
0.726,-0.72,0.0,0.0,-0.42,0.0,0.0,-0.4,-0.7,0.0 (cmd 0.0),0.0 (cmd 0.0)
0.7265,-0.95,0.0,0.0,-0.79,0.0,0.0,-0.8,-0.9,0.0 (cmd 0.0),0.0 (cmd 0.0)
0.727,-0.86,0.0,0.0,-0.88,0.0,0.0,-0.9,-0.9,0.0 (cmd 0.0),0.0 (cmd 0.0)
0.7275,-0.43,0.0,0.0,-0.75,0.0,0.0,-0.8,-0.4,0.0 (cmd 0.0),0.0 (cmd 0.0)
0.728,-0.08,0.0,0.0,-0.25,0.0,0.0,-0.2,-0.1,0.0 (cmd 0.0),0.0 (cmd 0.0)
0.7285,0.03,0.0,0.0,0.0,0.0,0.0,0.0,0.0,0.0 (cmd 0.0),0.0 (cmd 0.0)
0.729,0.28,0.0,0.0,0.18,0.0,0.0,0.2,0.3,0.0 (cmd 0.0),0.0 (cmd 0.0)
0.7295,0.74,0.0,0.0,0.26,0.0,0.0,0.3,0.7,0.0 (cmd 0.0),0.0 (cmd 0.0)
0.73,0.84,0.0,0.0,0.28,0.0,0.0,0.3,0.8,0.0 (cmd 0.0),0.0 (cmd 0.0)
0.7305,0.81,0.0,0.0,0.3,0.0,0.0,0.3,0.8,0.0 (cmd 0.0),0.0 (cmd 0.0)
0.731,0.75,0.0,0.0,0.38,0.0,0.0,0.4,0.8,0.0 (cmd 0.0),0.0 (cmd 0.0)
0.7315,0.72,0.0,0.0,0.47,0.0,0.0,0.5,0.7,0.0 (cmd 0.0),0.0 (cmd 0.0)
0.732,0.75,0.0,0.0,0.34,0.0,0.0,0.3,0.8,0.0 (cmd 0.0),0.0 (cmd 0.0)
0.7325,0.81,0.0,0.0,0.23,0.0,0.0,0.2,0.8,0.0 (cmd 0.0),0.0 (cmd 0.0)
0.733,0.93,0.0,0.0,0.15,0.0,0.0,0.1,0.9,0.0 (cmd 0.0),0.0 (cmd 0.0)
0.7335,1.05,0.0,0.0,0.05,0.0,0.0,0.1,1.1,0.0 (cmd 0.0),0.0 (cmd 0.0)
0.734,1.08,0.0,0.0,0.04,0.0,0.0,0.0,1.1,0.0 (cmd 0.0),0.0 (cmd 0.0)
0.7345,1.18,0.0,0.0,0.09,0.0,0.0,0.1,1.2,0.0 (cmd 0.0),0.0 (cmd 0.0)
0.735,1.36,0.0,0.0,0.18,0.0,0.0,0.2,1.4,0.0 (cmd 0.0),0.0 (cmd 0.0)
0.7355,1.46,0.0,0.0,0.62,0.0,0.0,0.6,1.5,0.0 (cmd 0.0),0.0 (cmd 0.0)
0.736,1.5,0.0,0.0,1.26,0.0,0.0,1.3,1.5,0.0 (cmd 0.0),0.0 (cmd 0.0)
0.7365,2.24,0.0,0.0,1.84,0.0,0.0,1.8,2.2,0.0 (cmd 0.0),0.0 (cmd 0.0)
0.737,2.85,0.0,0.0,2.93,0.0,0.0,2.9,2.9,0.0 (cmd 0.0),0.0 (cmd 0.0)
0.7375,3.38,0.0,0.0,4.41,0.0,0.0,4.4,3.4,0.0 (cmd 0.0),0.0 (cmd 0.0)
0.738,3.95,0.0,0.0,4.54,0.0,0.0,4.5,4.0,0.0 (cmd 0.0),0.0 (cmd 0.0)
0.7385,4.42,0.0,0.0,4.56,0.0,0.0,4.6,4.4,0.0 (cmd 0.0),0.0 (cmd 0.0)
0.739,4.87,0.0,0.0,4.45,0.0,0.0,4.5,4.9,0.0 (cmd 0.0),0.0 (cmd 0.0)
0.7395,4.93,0.0,0.0,4.26,0.0,0.0,4.3,4.9,0.0 (cmd 0.0),0.0 (cmd 0.0)
0.74,5.0,0.0,0.0,3.78,0.0,0.0,3.8,5.0,0.0 (cmd 0.0),0.0 (cmd 0.0)
0.7405,4.56,-1.11,0.0,3.38,-0.05,0.0,3.4,4.6,0.0 (cmd -1.1),0.0 (cmd -0.1)
0.741,4.23,-0.99,0.0,2.91,-0.19,0.0,2.9,4.2,0.0 (cmd -1.0),0.0 (cmd -0.2)
0.7415,4.01,-0.86,0.0,2.66,-0.13,0.0,2.7,4.0,0.0 (cmd -0.9),0.0 (cmd -0.1)
0.742,3.91,-0.83,0.0,2.56,-0.16,0.0,2.6,3.9,0.0 (cmd -0.8),0.0 (cmd -0.2)
0.7425,3.81,-0.85,0.0,2.58,-0.12,0.0,2.6,3.8,0.0 (cmd -0.8),0.0 (cmd -0.1)
0.743,3.61,-0.78,0.0,2.61,-0.06,0.0,2.6,3.6,0.0 (cmd -0.8),0.0 (cmd -0.1)
0.7435,3.47,-0.77,0.0,2.69,-0.01,0.0,2.7,3.5,0.0 (cmd -0.8),0.0 (cmd -0.0)
0.744,3.28,-0.74,0.0,2.78,0.02,0.0,2.8,3.3,0.0 (cmd -0.7),0.0 (cmd 0.0)
0.7445,3.08,-0.73,0.0,2.68,0.06,0.0,2.7,3.1,0.0 (cmd -0.7),0.0 (cmd 0.1)
0.745,2.95,-0.71,0.0,2.57,0.02,0.0,2.6,3.0,0.0 (cmd -0.7),0.0 (cmd 0.0)
0.7455,2.75,-0.7,0.0,2.5,0.0,0.0,2.5,2.8,0.0 (cmd -0.7),0.0 (cmd 0.0)
0.746,2.64,-0.7,0.0,2.46,0.01,0.0,2.5,2.6,0.0 (cmd -0.7),0.0 (cmd 0.0)
0.7465,2.58,-0.71,0.0,2.44,0.01,0.0,2.4,2.6,0.0 (cmd -0.7),0.0 (cmd 0.0)
0.747,2.53,-0.73,0.0,2.44,0.03,0.0,2.4,2.5,0.0 (cmd -0.7),0.0 (cmd 0.0)
0.7475,2.51,-0.75,0.0,2.4,0.03,0.0,2.4,2.5,0.0 (cmd -0.8),0.0 (cmd 0.0)
0.748,2.41,-0.75,0.0,2.35,0.02,0.0,2.4,2.4,0.0 (cmd -0.8),0.0 (cmd 0.0)
0.7485,2.26,-0.77,0.0,2.27,0.02,0.0,2.3,2.3,0.0 (cmd -0.8),0.0 (cmd 0.0)
0.749,2.2,-0.75,0.0,2.1,0.0,0.0,2.1,2.2,0.0 (cmd -0.8),0.0 (cmd 0.0)
0.7495,2.17,-0.78,0.0,1.93,-0.03,0.0,1.9,2.2,0.0 (cmd -0.8),0.0 (cmd -0.0)
0.75,2.18,-0.8,0.0,1.82,-0.05,0.0,1.8,2.2,0.0 (cmd -0.8),0.0 (cmd -0.1)
0.7505,2.14,-0.82,0.0,1.77,-0.04,0.0,1.8,2.1,0.0 (cmd -0.8),0.0 (cmd -0.0)
0.751,2.04,-0.82,0.0,1.74,-0.02,0.0,1.7,2.0,0.0 (cmd -0.8),0.0 (cmd -0.0)
0.7515,1.96,-0.81,0.0,1.7,0.0,0.0,1.7,2.0,0.0 (cmd -0.8),0.0 (cmd 0.0)
0.752,1.8,-0.78,0.0,1.67,0.0,0.0,1.7,1.8,0.0 (cmd -0.8),0.0 (cmd 0.0)
0.7525,1.56,-0.76,0.0,1.69,0.02,0.0,1.7,1.6,0.0 (cmd -0.8),0.0 (cmd 0.0)
0.753,1.35,-0.71,0.0,1.69,0.06,0.0,1.7,1.4,0.0 (cmd -0.7),0.0 (cmd 0.1)
0.7535,1.21,-0.7,0.0,1.56,0.06,0.0,1.6,1.2,0.0 (cmd -0.7),0.0 (cmd 0.1)
0.754,1.15,-0.72,0.0,1.35,0.01,0.0,1.4,1.1,0.0 (cmd -0.7),0.0 (cmd 0.0)
0.7545,1.07,-0.75,0.0,1.27,-0.01,0.0,1.3,1.1,0.0 (cmd -0.8),0.0 (cmd -0.0)
0.755,0.89,-0.76,0.0,1.27,0.0,0.0,1.3,0.9,0.0 (cmd -0.8),0.0 (cmd 0.0)
0.7555,0.67,-0.72,0.0,1.26,0.03,0.0,1.3,0.7,0.0 (cmd -0.7),0.0 (cmd 0.0)
0.756,0.3,-0.72,0.0,1.26,0.05,0.0,1.3,0.3,0.0 (cmd -0.7),0.0 (cmd 0.1)
0.7565,-0.1,-0.63,0.0,1.23,0.08,0.0,1.2,-0.1,0.0 (cmd -0.6),0.0 (cmd 0.1)
0.757,-0.26,-0.57,0.0,1.15,0.09,0.0,1.1,-0.3,0.0 (cmd -0.6),0.0 (cmd 0.1)
0.7575,-0.36,-0.61,0.0,1.13,0.07,0.0,1.1,-0.4,0.0 (cmd -0.6),0.0 (cmd 0.1)
0.758,-0.5,-0.65,0.0,1.17,0.09,0.0,1.2,-0.5,0.0 (cmd -0.7),0.0 (cmd 0.1)
0.7585,-0.69,-0.63,0.0,1.15,0.1,0.0,1.1,-0.7,0.0 (cmd -0.6),0.0 (cmd 0.1)
0.759,-0.86,-0.6,0.0,1.1,0.1,0.0,1.1,-0.9,0.0 (cmd -0.6),0.0 (cmd 0.1)
0.7595,-1.11,-0.61,0.0,0.98,0.09,0.0,1.0,-1.1,0.0 (cmd -0.6),0.0 (cmd 0.1)
0.76,-1.2,-0.63,0.0,0.87,0.05,0.0,0.9,-1.2,0.0 (cmd -0.6),0.0 (cmd 0.1)
0.7605,-1.23,-0.67,0.0,0.84,0.05,0.0,0.8,-1.2,0.0 (cmd -0.7),0.0 (cmd 0.1)
0.761,-1.21,-0.71,0.0,0.74,0.05,0.0,0.7,-1.2,0.0 (cmd -0.7),0.0 (cmd 0.1)
0.7615,-1.19,-0.74,0.0,0.71,0.04,0.0,0.7,-1.2,0.0 (cmd -0.7),0.0 (cmd 0.0)
0.762,-1.18,-0.78,0.0,0.74,0.05,0.0,0.7,-1.2,0.0 (cmd -0.8),0.0 (cmd 0.1)
0.7625,-1.02,-0.8,0.0,0.81,0.07,0.0,0.8,-1.0,0.0 (cmd -0.8),0.0 (cmd 0.1)
0.763,-0.67,-0.83,0.0,0.98,0.12,0.0,1.0,-0.7,0.0 (cmd -0.8),0.0 (cmd 0.1)
0.7635,-0.32,-0.89,0.0,1.51,0.22,0.0,1.5,-0.3,0.0 (cmd -0.9),0.0 (cmd 0.2)
0.764,-0.1,-0.97,0.0,1.78,0.25,0.0,1.8,-0.1,0.0 (cmd -1.0),0.0 (cmd 0.2)
0.7645,0.52,-1.01,0.0,2.07,0.29,0.0,2.1,0.5,0.0 (cmd -1.0),0.0 (cmd 0.3)
0.765,0.86,-1.1,0.0,2.23,0.29,0.0,2.2,0.9,0.0 (cmd -1.1),0.0 (cmd 0.3)
0.7655,1.23,-1.16,0.0,2.4,0.27,0.0,2.4,1.2,0.0 (cmd -1.2),0.0 (cmd 0.3)
0.766,1.31,-1.11,0.0,2.99,0.24,0.0,3.0,1.3,0.0 (cmd -1.1),0.0 (cmd 0.2)
0.7665,1.28,-1.05,0.0,3.06,0.37,0.0,3.1,1.3,0.0 (cmd -1.1),0.0 (cmd 0.4)
0.767,1.2,-0.95,0.0,3.04,0.31,0.0,3.0,1.2,0.0 (cmd -0.9),0.0 (cmd 0.3)
0.7675,1.2,-0.91,0.0,3.07,0.25,0.0,3.1,1.2,0.0 (cmd -0.9),0.0 (cmd 0.2)
0.768,1.21,-0.9,0.0,3.13,0.22,0.0,3.1,1.2,0.0 (cmd -0.9),0.0 (cmd 0.2)
0.7685,1.28,-0.87,0.0,3.17,0.19,0.0,3.2,1.3,0.0 (cmd -0.9),0.0 (cmd 0.2)
0.769,1.34,-0.87,0.0,3.28,0.18,0.0,3.3,1.3,0.0 (cmd -0.9),0.0 (cmd 0.2)
0.7695,1.56,-0.88,0.0,3.49,0.2,0.0,3.5,1.6,0.0 (cmd -0.9),0.0 (cmd 0.2)
0.77,1.73,-0.91,0.0,3.74,0.2,0.0,3.7,1.7,0.0 (cmd -0.9),0.0 (cmd 0.2)
0.7705,1.87,-0.89,0.0,3.85,0.25,0.0,3.9,1.9,0.0 (cmd -0.9),0.0 (cmd 0.2)
0.771,1.94,-0.91,0.0,3.78,0.19,0.0,3.8,1.9,0.0 (cmd -0.9),0.0 (cmd 0.2)
0.7715,1.9,-0.89,0.0,3.7,0.13,0.0,3.7,1.9,0.0 (cmd -0.9),0.0 (cmd 0.1)
0.772,1.86,-0.86,0.0,3.52,0.1,0.0,3.5,1.9,0.0 (cmd -0.9),0.0 (cmd 0.1)
0.7725,1.75,-0.84,0.0,3.34,0.01,0.0,3.3,1.8,0.0 (cmd -0.8),0.0 (cmd 0.0)
0.773,1.64,-0.8,0.0,3.31,0.0,0.0,3.3,1.6,0.0 (cmd -0.8),0.0 (cmd 0.0)
0.7735,1.78,-0.8,0.0,3.38,0.01,0.0,3.4,1.8,0.0 (cmd -0.8),0.0 (cmd 0.0)
0.774,1.86,-0.83,0.0,3.49,0.05,0.0,3.5,1.9,0.0 (cmd -0.8),0.0 (cmd 0.1)
0.7745,1.83,-0.83,0.0,3.54,0.08,0.0,3.5,1.8,0.0 (cmd -0.8),0.0 (cmd 0.1)
0.775,1.74,-0.8,0.0,3.45,0.07,0.0,3.5,1.7,0.0 (cmd -0.8),0.0 (cmd 0.1)
0.7755,1.7,-0.8,0.0,3.23,0.0,0.0,3.2,1.7,0.0 (cmd -0.8),0.0 (cmd 0.0)
0.776,1.69,-0.8,0.0,3.22,0.0,0.0,3.2,1.7,0.0 (cmd -0.8),0.0 (cmd 0.0)
0.7765,1.76,-0.81,0.0,3.37,0.0,0.0,3.4,1.8,0.0 (cmd -0.8),0.0 (cmd 0.0)
0.777,1.96,-0.83,0.0,3.38,0.05,0.0,3.4,2.0,0.0 (cmd -0.8),0.0 (cmd 0.1)
0.7775,2.29,-0.87,0.0,3.37,0.04,0.0,3.4,2.3,0.0 (cmd -0.9),0.0 (cmd 0.0)
0.778,2.52,-0.98,0.0,2.47,-0.04,0.0,2.5,2.5,0.0 (cmd -1.0),0.0 (cmd -0.0)
0.7785,2.83,-1.07,0.0,2.0,-0.23,0.0,2.0,2.8,0.0 (cmd -1.1),0.0 (cmd -0.2)
0.779,2.91,-1.1,0.0,0.09,-0.31,0.0,0.1,2.9,0.0 (cmd -1.1),0.0 (cmd -0.3)
0.7795,1.53,-1.2,0.0,-0.76,-0.87,0.0,-0.8,1.5,0.0 (cmd -1.2),0.0 (cmd -0.9)
0.78,-0.77,-0.56,0.0,-0.72,-0.65,0.0,-0.7,-0.8,0.0 (cmd -0.6),0.0 (cmd -0.7)
0.7805,-4.47,0.47,0.0,0.02,-0.1,0.0,0.0,-4.5,0.0 (cmd 0.5),0.0 (cmd -0.1)
0.781,-11.43,1.19,0.0,0.71,0.35,0.0,0.7,-11.4,0.0 (cmd 1.2),0.0 (cmd 0.3)
0.7815,-19.72,3.93,0.0,0.99,0.97,0.0,1.0,-19.7,0.0 (cmd 3.9),0.0 (cmd 1.0)
0.782,-29.44,3.42,0.0,1.29,0.9,0.0,1.3,-29.4,0.0 (cmd 3.4),0.0 (cmd 0.9)
0.7825,-34.26,5.33,0.0,2.27,1.29,0.0,2.3,-34.3,0.0 (cmd 5.3),0.0 (cmd 1.3)
0.783,-39.08,6.4,0.0,3.25,1.76,0.0,3.2,-39.1,0.0 (cmd 6.4),0.0 (cmd 1.8)
0.7835,-40.44,5.49,0.0,3.83,1.71,0.0,3.8,-40.4,0.0 (cmd 5.5),0.0 (cmd 1.7)
0.784,-39.97,4.24,0.0,4.04,1.53,0.0,4.0,-40.0,0.0 (cmd 4.2),0.0 (cmd 1.5)
0.7845,-35.76,2.75,0.0,4.17,1.27,0.0,4.2,-35.8,0.0 (cmd 2.8),0.0 (cmd 1.3)
0.785,-33.76,0.59,0.0,4.05,0.93,0.0,4.0,-33.8,0.0 (cmd 0.6),0.0 (cmd 0.9)
0.7855,-26.44,-1.66,0.0,3.56,0.58,0.0,3.6,-26.4,0.0 (cmd -1.7),0.0 (cmd 0.6)
0.786,-17.11,-2.99,0.0,2.73,0.25,0.0,2.7,-17.1,0.0 (cmd -3.0),0.0 (cmd 0.2)
0.7865,-12.36,-3.56,0.0,1.24,-0.05,0.0,1.2,-12.4,0.0 (cmd -3.6),0.0 (cmd -0.1)
0.787,-9.4,-4.35,0.0,-0.22,-0.51,0.0,-0.2,-9.4,0.0 (cmd -4.3),0.0 (cmd -0.5)
0.7875,-1.78,-4.74,0.0,-5.71,-0.96,0.0,-5.7,-1.8,0.0 (cmd -4.7),0.0 (cmd -1.0)
0.788,-1.79,-4.49,0.0,-15.45,-3.27,0.0,-15.4,-1.8,0.0 (cmd -4.5),0.0 (cmd -3.3)
0.7885,-1.27,-4.17,0.0,-23.05,-4.52,0.0,-23.1,-1.3,0.0 (cmd -4.2),0.0 (cmd -4.5)
0.789,-0.44,-3.62,0.0,-33.0,-8.21,0.0,-33.0,-0.4,0.0 (cmd -3.6),0.0 (cmd -8.2)
0.7895,0.7,-3.76,0.0,-39.83,-8.82,0.0,-39.8,0.7,0.0 (cmd -3.8),0.0 (cmd -8.8)
0.79,0.55,-3.77,0.0,-44.05,-7.85,0.0,-44.0,0.6,0.0 (cmd -3.8),0.0 (cmd -7.8)
0.7905,0.02,-3.54,0.0,-47.45,-8.0,0.0,-47.5,0.0,0.0 (cmd -3.5),0.0 (cmd -8.0)
0.791,-0.66,-3.28,0.0,-47.66,-6.36,0.0,-47.7,-0.7,0.0 (cmd -3.3),0.0 (cmd -6.4)
0.7915,-1.37,-3.17,0.0,-45.8,-4.08,0.0,-45.8,-1.4,0.0 (cmd -3.2),0.0 (cmd -4.1)
0.792,-2.8,-2.94,0.0,-41.71,-1.91,0.0,-41.7,-2.8,0.0 (cmd -2.9),0.0 (cmd -1.9)
0.7925,-2.81,-2.52,0.0,-36.68,0.44,0.0,-36.7,-2.8,0.0 (cmd -2.5),0.0 (cmd 0.4)
0.793,-2.71,-2.17,0.0,-30.1,2.24,0.0,-30.1,-2.7,0.0 (cmd -2.2),0.0 (cmd 2.2)
0.7935,-1.91,-1.71,0.0,-23.76,4.0,0.0,-23.8,-1.9,0.0 (cmd -1.7),0.0 (cmd 4.0)
0.794,-1.57,-1.57,0.0,-13.67,4.57,0.0,-13.7,-1.6,0.0 (cmd -1.6),0.0 (cmd 4.6)
0.7945,-1.03,-0.18,0.0,-7.73,6.56,0.0,-7.7,-1.0,0.0 (cmd -0.2),0.0 (cmd 6.6)
0.795,-0.39,0.11,0.0,-1.31,6.59,0.0,-1.3,-0.4,0.0 (cmd 0.1),0.0 (cmd 6.6)
0.7955,-0.25,0.26,0.0,0.89,6.36,0.0,0.9,-0.2,0.0 (cmd 0.3),0.0 (cmd 6.4)
0.796,-0.9,-0.06,0.0,1.91,5.37,0.0,1.9,-0.9,0.0 (cmd -0.1),0.0 (cmd 5.4)
0.7965,-2.1,0.0,0.0,1.98,4.51,0.0,2.0,-2.1,0.0 (cmd 0.0),0.0 (cmd 4.5)
0.797,-3.47,0.06,0.0,2.27,3.68,0.0,2.3,-3.5,0.0 (cmd 0.1),0.0 (cmd 3.7)
0.7975,-5.18,0.46,0.0,2.94,3.17,0.0,2.9,-5.2,0.0 (cmd 0.5),0.0 (cmd 3.2)
0.798,-8.18,0.95,0.0,3.55,2.77,0.0,3.5,-8.2,0.0 (cmd 0.9),0.0 (cmd 2.8)
0.7985,-10.32,1.26,0.0,4.69,2.48,0.0,4.7,-10.3,0.0 (cmd 1.3),0.0 (cmd 2.5)
0.799,-12.24,1.64,0.0,5.74,2.27,0.0,5.7,-12.2,0.0 (cmd 1.6),0.0 (cmd 2.3)
0.7995,-12.93,1.67,0.0,6.44,2.18,0.0,6.4,-12.9,0.0 (cmd 1.7),0.0 (cmd 2.2)
0.8,-12.6,1.24,0.0,6.6,1.85,0.0,6.6,-12.6,0.0 (cmd 1.2),0.0 (cmd 1.9)
0.8005,-11.58,0.59,0.0,6.63,1.47,0.0,6.6,-11.6,0.0 (cmd 0.6),0.0 (cmd 1.5)
0.801,-8.0,-0.86,0.0,6.75,1.03,0.0,6.8,-8.0,0.0 (cmd -0.9),0.0 (cmd 1.0)
0.8015,-6.16,-1.15,0.0,6.86,0.83,0.0,6.9,-6.2,0.0 (cmd -1.1),0.0 (cmd 0.8)
0.802,-5.55,-1.28,0.0,7.06,0.71,0.0,7.1,-5.5,0.0 (cmd -1.3),0.0 (cmd 0.7)
0.8025,-5.49,-1.28,0.0,7.26,0.63,0.0,7.3,-5.5,0.0 (cmd -1.3),0.0 (cmd 0.6)
0.803,-5.26,-1.16,0.0,7.32,0.58,0.0,7.3,-5.3,0.0 (cmd -1.2),0.0 (cmd 0.6)
0.8035,-5.01,-1.09,0.0,7.41,0.5,0.0,7.4,-5.0,0.0 (cmd -1.1),0.0 (cmd 0.5)
0.804,-4.97,-1.02,0.0,7.47,0.47,0.0,7.5,-5.0,0.0 (cmd -1.0),0.0 (cmd 0.5)
0.8045,-4.95,-0.93,0.0,7.4,0.4,0.0,7.4,-5.0,0.0 (cmd -0.9),0.0 (cmd 0.4)
0.805,-4.84,-0.87,0.0,7.39,0.35,0.0,7.4,-4.8,0.0 (cmd -0.9),0.0 (cmd 0.3)
0.8055,-4.82,-0.84,0.0,7.3,0.3,0.0,7.3,-4.8,0.0 (cmd -0.8),0.0 (cmd 0.3)
0.806,-4.81,-0.79,0.0,7.25,0.26,0.0,7.2,-4.8,0.0 (cmd -0.8),0.0 (cmd 0.3)
0.8065,-4.86,-0.75,0.0,7.19,0.23,0.0,7.2,-4.9,0.0 (cmd -0.8),0.0 (cmd 0.2)
0.807,-4.85,-0.71,0.0,7.2,0.22,0.0,7.2,-4.8,0.0 (cmd -0.7),0.0 (cmd 0.2)
0.8075,-4.83,-0.69,0.0,7.17,0.21,0.0,7.2,-4.8,0.0 (cmd -0.7),0.0 (cmd 0.2)
0.808,-4.75,-0.69,0.0,7.11,0.19,0.0,7.1,-4.8,0.0 (cmd -0.7),0.0 (cmd 0.2)
0.8085,-4.71,-0.69,0.0,7.07,0.18,0.0,7.1,-4.7,0.0 (cmd -0.7),0.0 (cmd 0.2)
0.809,-4.73,-0.69,0.0,6.93,0.16,0.0,6.9,-4.7,0.0 (cmd -0.7),0.0 (cmd 0.2)
0.8095,-4.85,-0.66,0.0,6.81,0.13,0.0,6.8,-4.8,0.0 (cmd -0.7),0.0 (cmd 0.1)
0.81,-5.22,-0.58,0.0,6.66,0.09,0.0,6.7,-5.2,0.0 (cmd -0.6),0.0 (cmd 0.1)
0.8105,-5.59,-0.5,0.0,6.59,0.09,0.0,6.6,-5.6,0.0 (cmd -0.5),0.0 (cmd 0.1)
0.811,-5.82,-0.47,0.0,6.55,0.09,0.0,6.5,-5.8,0.0 (cmd -0.5),0.0 (cmd 0.1)
0.8115,-5.99,-0.39,0.0,6.5,0.11,0.0,6.5,-6.0,0.0 (cmd -0.4),0.0 (cmd 0.1)
0.812,-6.27,-0.4,0.0,6.38,0.11,0.0,6.4,-6.3,0.0 (cmd -0.4),0.0 (cmd 0.1)
0.8125,-6.56,-0.4,0.0,6.28,0.08,0.0,6.3,-6.6,0.0 (cmd -0.4),0.0 (cmd 0.1)
0.813,-6.67,-0.37,0.0,6.3,0.1,0.0,6.3,-6.7,0.0 (cmd -0.4),0.0 (cmd 0.1)
0.8135,-6.9,-0.36,0.0,6.29,0.13,0.0,6.3,-6.9,0.0 (cmd -0.4),0.0 (cmd 0.1)
0.814,-7.13,-0.38,0.0,6.25,0.14,0.0,6.2,-7.1,0.0 (cmd -0.4),0.0 (cmd 0.1)
0.8145,-7.7,-0.31,0.0,6.24,0.15,0.0,6.2,-7.7,0.0 (cmd -0.3),0.0 (cmd 0.1)
0.815,-8.27,-0.24,0.0,6.17,0.17,0.0,6.2,-8.3,0.0 (cmd -0.2),0.0 (cmd 0.2)
0.8155,-8.8,-0.16,0.0,6.1,0.17,0.0,6.1,-8.8,0.0 (cmd -0.2),0.0 (cmd 0.2)
0.816,-9.36,-0.16,0.0,6.0,0.15,0.0,6.0,-9.4,0.0 (cmd -0.2),0.0 (cmd 0.1)
0.8165,-9.91,-0.12,0.0,5.78,0.15,0.0,5.8,-9.9,0.0 (cmd -0.1),0.0 (cmd 0.1)
0.817,-11.41,-0.02,0.0,5.66,0.13,0.0,5.7,-11.4,0.0 (cmd -0.0),0.0 (cmd 0.1)
0.8175,-11.77,0.19,0.0,5.61,0.16,0.0,5.6,-11.8,0.0 (cmd 0.2),0.0 (cmd 0.2)
0.818,-11.96,0.09,0.0,5.63,0.18,0.0,5.6,-12.0,0.0 (cmd 0.1),0.0 (cmd 0.2)
0.8185,-12.39,0.05,0.0,5.72,0.23,0.0,5.7,-12.4,0.0 (cmd 0.1),0.0 (cmd 0.2)
0.819,-12.46,-0.04,0.0,5.77,0.26,0.0,5.8,-12.5,0.0 (cmd -0.0),0.0 (cmd 0.3)
0.8195,-12.44,-0.16,0.0,5.85,0.27,0.0,5.8,-12.4,0.0 (cmd -0.2),0.0 (cmd 0.3)
0.82,-12.42,-0.27,0.0,5.88,0.28,0.0,5.9,-12.4,0.0 (cmd -0.3),0.0 (cmd 0.3)
0.8205,-12.82,-0.27,0.0,5.87,0.29,0.0,5.9,-12.8,0.0 (cmd -0.3),0.0 (cmd 0.3)
0.821,-13.17,-0.3,0.0,5.88,0.28,0.0,5.9,-13.2,0.0 (cmd -0.3),0.0 (cmd 0.3)
0.8215,-13.57,-0.18,0.0,5.9,0.3,0.0,5.9,-13.6,0.0 (cmd -0.2),0.0 (cmd 0.3)
0.822,-14.03,-0.2,0.0,6.05,0.3,0.0,6.0,-14.0,0.0 (cmd -0.2),0.0 (cmd 0.3)
0.8225,-14.18,-0.18,0.0,6.13,0.36,0.0,6.1,-14.2,0.0 (cmd -0.2),0.0 (cmd 0.4)
0.823,-14.17,-0.25,0.0,6.27,0.39,0.0,6.3,-14.2,0.0 (cmd -0.2),0.0 (cmd 0.4)
0.8235,-14.18,-0.33,0.0,6.34,0.38,0.0,6.3,-14.2,0.0 (cmd -0.3),0.0 (cmd 0.4)
0.824,-14.21,-0.38,0.0,6.51,0.4,0.0,6.5,-14.2,0.0 (cmd -0.4),0.0 (cmd 0.4)
0.8245,-14.22,-0.42,0.0,6.58,0.43,0.0,6.6,-14.2,0.0 (cmd -0.4),0.0 (cmd 0.4)
0.825,-14.22,-0.45,0.0,6.78,0.44,0.0,6.8,-14.2,0.0 (cmd -0.5),0.0 (cmd 0.4)
0.8255,-14.21,-0.48,0.0,6.95,0.45,0.0,7.0,-14.2,0.0 (cmd -0.5),0.0 (cmd 0.5)
0.826,-14.12,-0.5,0.0,7.06,0.48,0.0,7.1,-14.1,0.0 (cmd -0.5),0.0 (cmd 0.5)
0.8265,-14.15,-0.53,0.0,7.21,0.49,0.0,7.2,-14.2,0.0 (cmd -0.5),0.0 (cmd 0.5)
0.827,-14.2,-0.53,0.0,7.37,0.49,0.0,7.4,-14.2,0.0 (cmd -0.5),0.0 (cmd 0.5)
0.8275,-14.29,-0.52,0.0,7.46,0.49,0.0,7.5,-14.3,0.0 (cmd -0.5),0.0 (cmd 0.5)
0.828,-14.33,-0.52,0.0,7.57,0.49,0.0,7.6,-14.3,0.0 (cmd -0.5),0.0 (cmd 0.5)
0.8285,-14.34,-0.52,0.0,7.67,0.5,0.0,7.7,-14.3,0.0 (cmd -0.5),0.0 (cmd 0.5)
0.829,-14.28,-0.55,0.0,7.83,0.51,0.0,7.8,-14.3,0.0 (cmd -0.6),0.0 (cmd 0.5)
0.8295,-14.28,-0.57,0.0,7.89,0.51,0.0,7.9,-14.3,0.0 (cmd -0.6),0.0 (cmd 0.5)
0.83,-14.27,-0.58,0.0,7.95,0.5,0.0,8.0,-14.3,0.0 (cmd -0.6),0.0 (cmd 0.5)
0.8305,-14.2,-0.6,0.0,8.04,0.49,0.0,8.0,-14.2,0.0 (cmd -0.6),0.0 (cmd 0.5)
0.831,-14.04,-0.61,0.0,8.12,0.49,0.0,8.1,-14.0,0.0 (cmd -0.6),0.0 (cmd 0.5)
0.8315,-13.83,-0.65,0.0,8.14,0.48,0.0,8.1,-13.8,0.0 (cmd -0.7),0.0 (cmd 0.5)
0.832,-13.49,-0.71,0.0,8.09,0.45,0.0,8.1,-13.5,0.0 (cmd -0.7),0.0 (cmd 0.5)
0.8325,-13.27,-0.79,0.0,7.99,0.42,0.0,8.0,-13.3,0.0 (cmd -0.8),0.0 (cmd 0.4)
0.833,-13.12,-0.81,0.0,7.84,0.36,0.0,7.8,-13.1,0.0 (cmd -0.8),0.0 (cmd 0.4)
0.8335,-13.11,-0.78,0.0,7.69,0.31,0.0,7.7,-13.1,0.0 (cmd -0.8),0.0 (cmd 0.3)
0.834,-13.11,-0.74,0.0,7.4,0.28,0.0,7.4,-13.1,0.0 (cmd -0.7),0.0 (cmd 0.3)
0.8345,-13.13,-0.72,0.0,7.32,0.24,0.0,7.3,-13.1,0.0 (cmd -0.7),0.0 (cmd 0.2)
0.835,-13.13,-0.68,0.0,7.35,0.26,0.0,7.3,-13.1,0.0 (cmd -0.7),0.0 (cmd 0.3)
0.8355,-13.06,-0.67,0.0,7.4,0.28,0.0,7.4,-13.1,0.0 (cmd -0.7),0.0 (cmd 0.3)
0.836,-12.95,-0.67,0.0,7.41,0.32,0.0,7.4,-12.9,0.0 (cmd -0.7),0.0 (cmd 0.3)
0.8365,-12.85,-0.7,0.0,7.22,0.3,0.0,7.2,-12.8,0.0 (cmd -0.7),0.0 (cmd 0.3)
0.837,-12.6,-0.72,0.0,6.97,0.24,0.0,7.0,-12.6,0.0 (cmd -0.7),0.0 (cmd 0.2)
0.8375,-12.55,-0.75,0.0,6.58,0.17,0.0,6.6,-12.6,0.0 (cmd -0.8),0.0 (cmd 0.2)
0.838,-12.74,-0.73,0.0,6.26,0.09,0.0,6.3,-12.7,0.0 (cmd -0.7),0.0 (cmd 0.1)
0.8385,-12.87,-0.66,0.0,6.08,0.06,0.0,6.1,-12.9,0.0 (cmd -0.7),0.0 (cmd 0.1)
0.839,-13.13,-0.59,0.0,5.29,0.06,0.0,5.3,-13.1,0.0 (cmd -0.6),0.0 (cmd 0.1)
0.8395,-13.61,-0.54,0.0,4.36,-0.06,0.0,4.4,-13.6,0.0 (cmd -0.5),0.0 (cmd -0.1)
0.84,-14.84,-0.32,0.0,3.73,-0.36,0.0,3.7,-14.8,0.0 (cmd -0.3),0.0 (cmd -0.4)
0.8405,-16.11,-0.19,0.0,3.18,-0.42,0.0,3.2,-16.1,0.0 (cmd -0.2),0.0 (cmd -0.4)
0.841,-17.6,0.19,0.0,3.77,-0.16,0.0,3.8,-17.6,0.0 (cmd 0.2),0.0 (cmd -0.2)
0.8415,-17.06,0.19,0.0,4.65,0.05,0.0,4.7,-17.1,0.0 (cmd 0.2),0.0 (cmd 0.1)
0.842,-15.47,-0.07,0.0,5.49,0.43,0.0,5.5,-15.5,0.0 (cmd -0.1),0.0 (cmd 0.4)
0.8425,-12.79,-0.7,0.0,6.04,0.52,0.0,6.0,-12.8,0.0 (cmd -0.7),0.0 (cmd 0.5)
0.843,-12.19,-1.23,0.0,6.23,0.56,0.0,6.2,-12.2,0.0 (cmd -1.2),0.0 (cmd 0.6)
0.8435,-6.96,-1.58,0.0,5.72,0.46,0.0,5.7,-7.0,0.0 (cmd -1.6),0.0 (cmd 0.5)
0.844,-7.42,-2.39,0.0,4.42,0.13,0.0,4.4,-7.4,0.0 (cmd -2.4),0.0 (cmd 0.1)
0.8445,-7.35,-1.88,0.0,2.51,-0.31,0.0,2.5,-7.3,0.0 (cmd -1.9),0.0 (cmd -0.3)
0.845,-6.31,-1.89,0.0,-0.21,-0.88,0.0,-0.2,-6.3,0.0 (cmd -1.9),0.0 (cmd -0.9)
0.8455,-5.73,-1.86,0.0,-1.49,-1.2,0.0,-1.5,-5.7,0.0 (cmd -1.9),0.0 (cmd -1.2)
0.846,-5.21,-1.87,0.0,-6.3,-2.16,0.0,-6.3,-5.2,0.0 (cmd -1.9),0.0 (cmd -2.2)
0.8465,-5.02,-1.93,0.0,-7.92,-2.46,0.0,-7.9,-5.0,0.0 (cmd -1.9),0.0 (cmd -2.5)
0.847,-4.91,-1.88,0.0,-8.88,-2.39,0.0,-8.9,-4.9,0.0 (cmd -1.9),0.0 (cmd -2.4)
0.8475,-4.95,-1.76,0.0,-8.37,-1.8,0.0,-8.4,-5.0,0.0 (cmd -1.8),0.0 (cmd -1.8)
0.848,-4.93,-1.58,0.0,-7.32,-1.12,0.0,-7.3,-4.9,0.0 (cmd -1.6),0.0 (cmd -1.1)
0.8485,-3.94,-1.56,0.0,-5.96,-0.49,0.0,-6.0,-3.9,0.0 (cmd -1.6),0.0 (cmd -0.5)
0.849,-3.21,-1.48,0.0,-4.4,0.07,0.0,-4.4,-3.2,0.0 (cmd -1.5),0.0 (cmd 0.1)
0.8495,-2.38,-1.52,0.0,-3.66,0.51,0.0,-3.7,-2.4,0.0 (cmd -1.5),0.0 (cmd 0.5)
0.85,-0.69,-1.78,0.0,-1.68,0.79,0.0,-1.7,-0.7,0.0 (cmd -1.8),0.0 (cmd 0.8)
0.8505,0.6,-1.77,0.0,0.0,1.03,0.0,0.0,0.6,0.0 (cmd -1.8),0.0 (cmd 1.0)
0.851,1.35,-1.71,0.0,2.19,1.37,0.0,2.2,1.4,0.0 (cmd -1.7),0.0 (cmd 1.4)
0.8515,2.12,-1.77,0.0,3.63,1.6,0.0,3.6,2.1,0.0 (cmd -1.8),0.0 (cmd 1.6)
0.852,2.29,-1.57,0.0,4.13,1.5,0.0,4.1,2.3,0.0 (cmd -1.6),0.0 (cmd 1.5)
0.8525,2.26,-1.39,0.0,3.92,1.24,0.0,3.9,2.3,0.0 (cmd -1.4),0.0 (cmd 1.2)
0.853,1.67,-1.19,0.0,3.9,0.92,0.0,3.9,1.7,0.0 (cmd -1.2),0.0 (cmd 0.9)
0.8535,1.04,-0.93,0.0,4.18,0.78,0.0,4.2,1.0,0.0 (cmd -0.9),0.0 (cmd 0.8)
0.854,-1.63,-0.34,0.0,4.9,0.88,0.0,4.9,-1.6,0.0 (cmd -0.3),0.0 (cmd 0.9)
0.8545,-3.3,0.13,0.0,5.28,0.93,0.0,5.3,-3.3,0.0 (cmd 0.1),0.0 (cmd 0.9)
0.855,-4.6,0.71,0.0,5.64,0.96,0.0,5.6,-4.6,0.0 (cmd 0.7),0.0 (cmd 1.0)
0.8555,-2.35,0.15,0.0,5.41,0.76,0.0,5.4,-2.4,0.0 (cmd 0.1),0.0 (cmd 0.8)
0.856,-1.54,-0.43,0.0,5.17,0.46,0.0,5.2,-1.5,0.0 (cmd -0.4),0.0 (cmd 0.5)
0.8565,-0.74,-0.86,0.0,5.3,0.29,0.0,5.3,-0.7,0.0 (cmd -0.9),0.0 (cmd 0.3)
0.857,0.24,-1.03,0.0,5.14,0.23,0.0,5.1,0.2,0.0 (cmd -1.0),0.0 (cmd 0.2)
0.8575,2.36,-1.25,0.0,5.0,0.06,0.0,5.0,2.4,0.0 (cmd -1.2),0.0 (cmd 0.1)
0.858,2.93,-1.6,0.0,5.36,0.04,0.0,5.4,2.9,0.0 (cmd -1.6),0.0 (cmd 0.0)
0.8585,3.18,-1.46,0.0,5.68,0.15,0.0,5.7,3.2,0.0 (cmd -1.5),0.0 (cmd 0.1)
0.859,3.15,-1.36,0.0,5.58,0.12,0.0,5.6,3.1,0.0 (cmd -1.4),0.0 (cmd 0.1)
0.8595,3.32,-1.22,0.0,5.45,0.07,0.0,5.5,3.3,0.0 (cmd -1.2),0.0 (cmd 0.1)
0.86,3.43,-1.19,0.0,5.34,0.0,0.0,5.3,3.4,0.0 (cmd -1.2),0.0 (cmd 0.0)
0.8605,3.58,-1.14,0.0,5.33,-0.02,0.0,5.3,3.6,0.0 (cmd -1.1),0.0 (cmd -0.0)
0.861,3.67,-1.07,0.0,5.34,0.0,0.0,5.3,3.7,0.0 (cmd -1.1),0.0 (cmd 0.0)
0.8615,3.66,-1.02,0.0,5.25,-0.01,0.0,5.2,3.7,0.0 (cmd -1.0),0.0 (cmd -0.0)
0.862,3.65,-0.97,0.0,4.99,-0.06,0.0,5.0,3.6,0.0 (cmd -1.0),0.0 (cmd -0.1)
0.8625,3.63,-0.94,0.0,4.76,-0.1,0.0,4.8,3.6,0.0 (cmd -0.9),0.0 (cmd -0.1)
0.863,3.48,-0.91,0.0,4.57,-0.12,0.0,4.6,3.5,0.0 (cmd -0.9),0.0 (cmd -0.1)
0.8635,3.38,-0.86,0.0,4.41,-0.14,0.0,4.4,3.4,0.0 (cmd -0.9),0.0 (cmd -0.1)
0.864,3.35,-0.82,0.0,4.23,-0.14,0.0,4.2,3.4,0.0 (cmd -0.8),0.0 (cmd -0.1)
0.8645,3.04,-0.81,0.0,4.15,-0.15,0.0,4.2,3.0,0.0 (cmd -0.8),0.0 (cmd -0.1)
0.8651,2.37,-0.71,0.0,4.24,-0.1,0.0,4.2,2.4,0.0 (cmd -0.7),0.0 (cmd -0.1)
0.8655,1.76,-0.49,0.0,4.35,0.0,0.0,4.3,1.8,0.0 (cmd -0.5),0.0 (cmd 0.0)
0.8661,0.75,-0.31,0.0,4.44,0.08,0.0,4.4,0.8,0.0 (cmd -0.3),0.0 (cmd 0.1)
0.8665999999999999,-0.86,-0.11,0.0,4.65,0.16,0.0,4.7,-0.9,0.0 (cmd -0.1),0.0 (cmd 0.2)
0.8670999999999999,-3.35,0.15,0.0,5.03,0.29,0.0,5.0,-3.4,0.0 (cmd 0.1),0.0 (cmd 0.3)
0.8676,-4.5,0.73,0.0,5.85,0.53,0.0,5.8,-4.5,0.0 (cmd 0.7),0.0 (cmd 0.5)
0.8681,-5.37,0.77,0.0,6.92,0.76,0.0,6.9,-5.4,0.0 (cmd 0.8),0.0 (cmd 0.8)
0.8686,-5.71,0.64,0.0,7.83,0.95,0.0,7.8,-5.7,0.0 (cmd 0.6),0.0 (cmd 0.9)
0.8690999999999999,-6.21,0.54,0.0,8.22,0.98,0.0,8.2,-6.2,0.0 (cmd 0.5),0.0 (cmd 1.0)
0.8695999999999999,-6.63,0.49,0.0,8.18,0.89,0.0,8.2,-6.6,0.0 (cmd 0.5),0.0 (cmd 0.9)
0.8701,-6.02,0.23,0.0,8.14,0.7,0.0,8.1,-6.0,0.0 (cmd 0.2),0.0 (cmd 0.7)
0.8706,-3.78,-0.25,0.0,6.9,0.45,0.0,6.9,-3.8,0.0 (cmd -0.2),0.0 (cmd 0.5)
0.8711,-1.1,-1.44,0.0,4.68,-0.22,0.0,4.7,-1.1,0.0 (cmd -1.4),0.0 (cmd -0.2)
0.8715999999999999,0.12,-1.77,0.0,0.99,-1.07,0.0,1.0,0.1,0.0 (cmd -1.8),0.0 (cmd -1.1)
0.8720999999999999,0.44,-1.84,0.0,-1.74,-1.8,0.0,-1.7,0.4,0.0 (cmd -1.8),0.0 (cmd -1.8)
0.8726,0.27,-1.77,0.0,-3.82,-2.26,0.0,-3.8,0.3,0.0 (cmd -1.8),0.0 (cmd -2.3)
0.8731,-0.21,-1.61,0.0,-4.6,-2.21,0.0,-4.6,-0.2,0.0 (cmd -1.6),0.0 (cmd -2.2)
0.8736,-1.26,-1.29,0.0,-4.93,-1.7,0.0,-4.9,-1.3,0.0 (cmd -1.3),0.0 (cmd -1.7)
0.8740999999999999,-1.41,-1.13,0.0,-4.68,-1.25,0.0,-4.7,-1.4,0.0 (cmd -1.1),0.0 (cmd -1.2)
0.8745999999999999,-1.01,-1.11,0.0,-4.04,-0.81,0.0,-4.0,-1.0,0.0 (cmd -1.1),0.0 (cmd -0.8)
0.8751,-0.03,-1.3,0.0,-2.8,-0.41,0.0,-2.8,-0.0,0.0 (cmd -1.3),0.0 (cmd -0.4)
0.8756,1.04,-1.34,0.0,-1.34,0.22,0.0,-1.3,1.0,0.0 (cmd -1.3),0.0 (cmd 0.2)
0.8761,2.13,-1.49,0.0,1.73,0.77,0.0,1.7,2.1,0.0 (cmd -1.5),0.0 (cmd 0.8)
0.8765999999999999,3.05,-1.51,0.0,3.09,1.16,0.0,3.1,3.0,0.0 (cmd -1.5),0.0 (cmd 1.2)
0.8770999999999999,3.91,-1.43,0.0,3.25,1.19,0.0,3.2,3.9,0.0 (cmd -1.4),0.0 (cmd 1.2)
0.8776,4.23,-1.53,0.0,3.25,0.88,0.0,3.2,4.2,0.0 (cmd -1.5),0.0 (cmd 0.9)
0.8781,4.3,-1.42,0.0,3.51,0.72,0.0,3.5,4.3,0.0 (cmd -1.4),0.0 (cmd 0.7)
0.8786,4.23,-1.25,0.0,3.81,0.66,0.0,3.8,4.2,0.0 (cmd -1.2),0.0 (cmd 0.7)
0.8790999999999999,4.24,-1.14,0.0,3.87,0.56,0.0,3.9,4.2,0.0 (cmd -1.1),0.0 (cmd 0.6)
0.8795999999999999,4.27,-1.07,0.0,3.82,0.44,0.0,3.8,4.3,0.0 (cmd -1.1),0.0 (cmd 0.4)
0.8801,4.29,-1.03,0.0,3.72,0.33,0.0,3.7,4.3,0.0 (cmd -1.0),0.0 (cmd 0.3)
0.8806,4.28,-1.0,0.0,3.64,0.23,0.0,3.6,4.3,0.0 (cmd -1.0),0.0 (cmd 0.2)
0.8811,4.27,-0.96,0.0,3.73,0.18,0.0,3.7,4.3,0.0 (cmd -1.0),0.0 (cmd 0.2)
0.8815999999999999,4.25,-0.92,0.0,3.89,0.18,0.0,3.9,4.2,0.0 (cmd -0.9),0.0 (cmd 0.2)
0.8820999999999999,4.19,-0.88,0.0,4.08,0.19,0.0,4.1,4.2,0.0 (cmd -0.9),0.0 (cmd 0.2)
0.8826,4.13,-0.84,0.0,4.26,0.22,0.0,4.3,4.1,0.0 (cmd -0.8),0.0 (cmd 0.2)
0.8831,4.01,-0.79,0.0,4.43,0.23,0.0,4.4,4.0,0.0 (cmd -0.8),0.0 (cmd 0.2)
0.8836,3.87,-0.74,0.0,4.63,0.26,0.0,4.6,3.9,0.0 (cmd -0.7),0.0 (cmd 0.3)
0.8840999999999999,3.8,-0.72,0.0,4.78,0.25,0.0,4.8,3.8,0.0 (cmd -0.7),0.0 (cmd 0.2)
0.8845999999999999,3.77,-0.71,0.0,4.96,0.25,0.0,5.0,3.8,0.0 (cmd -0.7),0.0 (cmd 0.2)
0.8851,3.78,-0.71,0.0,5.17,0.25,0.0,5.2,3.8,0.0 (cmd -0.7),0.0 (cmd 0.2)
0.8856,3.8,-0.72,0.0,5.33,0.24,0.0,5.3,3.8,0.0 (cmd -0.7),0.0 (cmd 0.2)
0.8861,3.84,-0.73,0.0,5.39,0.24,0.0,5.4,3.8,0.0 (cmd -0.7),0.0 (cmd 0.2)
0.8865999999999999,3.85,-0.74,0.0,5.45,0.2,0.0,5.5,3.9,0.0 (cmd -0.7),0.0 (cmd 0.2)
0.8870999999999999,3.88,-0.75,0.0,5.5,0.16,0.0,5.5,3.9,0.0 (cmd -0.8),0.0 (cmd 0.2)
0.8876000000000001,3.91,-0.76,0.0,5.51,0.14,0.0,5.5,3.9,0.0 (cmd -0.8),0.0 (cmd 0.1)
0.8881,3.93,-0.76,0.0,5.53,0.12,0.0,5.5,3.9,0.0 (cmd -0.8),0.0 (cmd 0.1)
0.8886000000000001,3.98,-0.78,0.0,5.51,0.1,0.0,5.5,4.0,0.0 (cmd -0.8),0.0 (cmd 0.1)
0.8890999999999999,4.0,-0.79,0.0,5.48,0.07,0.0,5.5,4.0,0.0 (cmd -0.8),0.0 (cmd 0.1)
0.8896,4.12,-0.8,0.0,5.46,0.05,0.0,5.5,4.1,0.0 (cmd -0.8),0.0 (cmd 0.1)
0.0005,0.01,-0.92,0.0,-0.2,0.06,0.0,-0.2,0.0,0.0 (cmd -0.9),0.0 (cmd 0.1)
0.001,0.0,-0.9,0.0,-0.26,0.07,0.0,-0.3,0.0,0.0 (cmd -0.9),0.0 (cmd 0.1)
0.0015,0.0,-0.91,0.0,-0.36,0.05,0.0,-0.4,0.0,0.0 (cmd -0.9),0.0 (cmd 0.1)
0.002,-0.02,-0.92,0.0,-0.48,0.03,0.0,-0.5,-0.0,0.0 (cmd -0.9),0.0 (cmd 0.0)
0.0025,0.11,-0.95,0.0,-0.5,0.03,0.0,-0.5,0.1,0.0 (cmd -0.9),0.0 (cmd 0.0)
0.003,0.17,-0.96,0.0,-0.5,0.05,0.0,-0.5,0.2,0.0 (cmd -1.0),0.0 (cmd 0.1)
0.0035,0.08,-0.93,0.0,-0.5,0.07,0.0,-0.5,0.1,0.0 (cmd -0.9),0.0 (cmd 0.1)
0.004,0.05,-0.93,0.0,-0.5,0.08,0.0,-0.5,0.1,0.0 (cmd -0.9),0.0 (cmd 0.1)
0.0045,0.04,-0.91,0.0,-0.5,0.1,0.0,-0.5,0.0,0.0 (cmd -0.9),0.0 (cmd 0.1)
0.005,0.03,-0.91,0.0,-0.52,0.1,0.0,-0.5,0.0,0.0 (cmd -0.9),0.0 (cmd 0.1)
0.0055,0.03,-0.91,0.0,-0.5,0.1,0.0,-0.5,0.0,0.0 (cmd -0.9),0.0 (cmd 0.1)
0.006,0.01,-0.91,0.0,-0.5,0.12,0.0,-0.5,0.0,0.0 (cmd -0.9),0.0 (cmd 0.1)
0.0065,0.0,-0.9,0.0,-0.52,0.12,0.0,-0.5,0.0,0.0 (cmd -0.9),0.0 (cmd 0.1)
0.007,0.0,-0.9,0.0,-0.51,0.12,0.0,-0.5,0.0,0.0 (cmd -0.9),0.0 (cmd 0.1)
0.0075,0.0,-0.91,0.0,-0.54,0.12,0.0,-0.5,0.0,0.0 (cmd -0.9),0.0 (cmd 0.1)
0.008,0.0,-0.91,0.0,-0.57,0.11,0.0,-0.6,0.0,0.0 (cmd -0.9),0.0 (cmd 0.1)
0.0085,0.01,-0.91,0.0,-0.55,0.11,0.0,-0.6,0.0,0.0 (cmd -0.9),0.0 (cmd 0.1)
0.009,0.0,-0.91,0.0,-0.5,0.13,0.0,-0.5,0.0,0.0 (cmd -0.9),0.0 (cmd 0.1)
0.0095,-0.02,-0.9,0.0,-0.45,0.14,0.0,-0.5,-0.0,0.0 (cmd -0.9),0.0 (cmd 0.1)
0.01,-0.09,-0.88,0.0,-0.39,0.15,0.0,-0.4,-0.1,0.0 (cmd -0.9),0.0 (cmd 0.1)
0.0105,-0.1,-0.88,0.0,-0.32,0.17,0.0,-0.3,-0.1,0.0 (cmd -0.9),0.0 (cmd 0.2)
0.011,-0.12,-0.87,0.0,-0.25,0.19,0.0,-0.2,-0.1,0.0 (cmd -0.9),0.0 (cmd 0.2)
0.0115,-0.14,-0.87,0.0,-0.14,0.2,0.0,-0.1,-0.1,0.0 (cmd -0.9),0.0 (cmd 0.2)
0.012,-0.14,-0.86,0.0,-0.1,0.21,0.0,-0.1,-0.1,0.0 (cmd -0.9),0.0 (cmd 0.2)
0.0125,-0.1,-0.87,0.0,-0.13,0.19,0.0,-0.1,-0.1,0.0 (cmd -0.9),0.0 (cmd 0.2)
0.013,-0.08,-0.89,0.0,-0.18,0.16,0.0,-0.2,-0.1,0.0 (cmd -0.9),0.0 (cmd 0.2)
0.0135,-0.08,-0.9,0.0,-0.19,0.14,0.0,-0.2,-0.1,0.0 (cmd -0.9),0.0 (cmd 0.1)
0.014,-0.09,-0.9,0.0,-0.21,0.13,0.0,-0.2,-0.1,0.0 (cmd -0.9),0.0 (cmd 0.1)
0.0145,-0.12,-0.9,0.0,-0.24,0.12,0.0,-0.2,-0.1,0.0 (cmd -0.9),0.0 (cmd 0.1)
0.015,-0.15,-0.89,0.0,-0.26,0.12,0.0,-0.3,-0.1,0.0 (cmd -0.9),0.0 (cmd 0.1)
0.0155,-0.18,-0.88,0.0,-0.27,0.11,0.0,-0.3,-0.2,0.0 (cmd -0.9),0.0 (cmd 0.1)
0.016,-0.21,-0.88,0.0,-0.27,0.12,0.0,-0.3,-0.2,0.0 (cmd -0.9),0.0 (cmd 0.1)
0.0165,-0.24,-0.88,0.0,-0.28,0.12,0.0,-0.3,-0.2,0.0 (cmd -0.9),0.0 (cmd 0.1)
0.017,-0.26,-0.87,0.0,-0.31,0.12,0.0,-0.3,-0.3,0.0 (cmd -0.9),0.0 (cmd 0.1)
0.0175,-0.29,-0.87,0.0,-0.32,0.12,0.0,-0.3,-0.3,0.0 (cmd -0.9),0.0 (cmd 0.1)
0.018,-0.31,-0.87,0.0,-0.32,0.12,0.0,-0.3,-0.3,0.0 (cmd -0.9),0.0 (cmd 0.1)
0.0185,-0.32,-0.88,0.0,-0.32,0.12,0.0,-0.3,-0.3,0.0 (cmd -0.9),0.0 (cmd 0.1)
0.019,-0.34,-0.88,0.0,-0.31,0.12,0.0,-0.3,-0.3,0.0 (cmd -0.9),0.0 (cmd 0.1)
0.0195,-0.35,-0.87,0.0,-0.3,0.13,0.0,-0.3,-0.3,0.0 (cmd -0.9),0.0 (cmd 0.1)
0.02,-0.39,-0.87,0.0,-0.3,0.13,0.0,-0.3,-0.4,0.0 (cmd -0.9),0.0 (cmd 0.1)
0.0205,-0.45,-0.87,0.0,-0.33,0.13,0.0,-0.3,-0.5,0.0 (cmd -0.9),0.0 (cmd 0.1)
0.021,-0.47,-0.86,0.0,-0.36,0.12,0.0,-0.4,-0.5,0.0 (cmd -0.9),0.0 (cmd 0.1)
0.0215,-0.49,-0.87,0.0,-0.38,0.11,0.0,-0.4,-0.5,0.0 (cmd -0.9),0.0 (cmd 0.1)
0.022,-0.49,-0.87,0.0,-0.38,0.11,0.0,-0.4,-0.5,0.0 (cmd -0.9),0.0 (cmd 0.1)
0.0225,-0.48,-0.87,0.0,-0.37,0.12,0.0,-0.4,-0.5,0.0 (cmd -0.9),0.0 (cmd 0.1)
0.023,-0.42,-0.89,0.0,-0.36,0.12,0.0,-0.4,-0.4,0.0 (cmd -0.9),0.0 (cmd 0.1)
0.0235,-0.4,-0.9,0.0,-0.34,0.12,0.0,-0.3,-0.4,0.0 (cmd -0.9),0.0 (cmd 0.1)
0.024,-0.37,-0.91,0.0,-0.31,0.13,0.0,-0.3,-0.4,0.0 (cmd -0.9),0.0 (cmd 0.1)
0.0245,-0.35,-0.91,0.0,-0.31,0.13,0.0,-0.3,-0.3,0.0 (cmd -0.9),0.0 (cmd 0.1)
0.025,-0.32,-0.91,0.0,-0.3,0.13,0.0,-0.3,-0.3,0.0 (cmd -0.9),0.0 (cmd 0.1)
0.0255,-0.31,-0.91,0.0,-0.27,0.14,0.0,-0.3,-0.3,0.0 (cmd -0.9),0.0 (cmd 0.1)
0.026,-0.29,-0.91,0.0,-0.25,0.14,0.0,-0.2,-0.3,0.0 (cmd -0.9),0.0 (cmd 0.1)
0.0276,-0.29,-0.91,0.0,-0.24,0.14,0.0,-0.2,-0.3,0.0 (cmd -0.9),0.0 (cmd 0.1)
0.0281,-0.22,-0.97,0.0,-1.08,-0.04,0.0,-1.1,-0.2,0.0 (cmd -1.0),0.0 (cmd -0.0)
0.030199999999999998,-0.21,-0.98,0.0,-1.5,-0.07,0.0,-1.5,-0.2,0.0 (cmd -1.0),0.0 (cmd -0.1)
0.030699999999999998,-0.14,-1.05,0.0,-2.08,-0.14,0.0,-2.1,-0.1,0.0 (cmd -1.1),0.0 (cmd -0.1)
0.0318,-0.46,-1.04,0.0,-2.05,-0.25,0.0,-2.0,-0.5,0.0 (cmd -1.0),0.0 (cmd -0.2)
0.03319999999999999,-9.67,-1.01,0.0,-1.82,-0.2,0.0,-1.8,-9.7,0.0 (cmd -1.0),0.0 (cmd -0.2)
0.0337,-33.58,1.5,0.0,-1.76,0.49,0.0,-1.8,-33.6,0.0 (cmd 1.5),0.0 (cmd 0.5)
0.0345,-34.38,8.77,0.0,-1.8,1.74,0.0,-1.8,-34.4,0.0 (cmd 8.8),0.0 (cmd 1.7)
0.036,-35.19,7.71,0.0,2.69,1.45,0.0,2.7,-35.2,0.0 (cmd 7.7),0.0 (cmd 1.4)
0.0365,-25.75,4.37,0.0,3.52,2.23,0.0,3.5,-25.8,0.0 (cmd 4.4),0.0 (cmd 2.2)
0.0374,-23.21,3.33,0.0,4.29,1.95,0.0,4.3,-23.2,0.0 (cmd 3.3),0.0 (cmd 1.9)
0.039200000000000006,-14.62,1.77,0.0,4.29,1.8,0.0,4.3,-14.6,0.0 (cmd 1.8),0.0 (cmd 1.8)
0.039700000000000006,-7.45,-3.04,0.0,0.16,0.15,0.0,0.2,-7.5,0.0 (cmd -3.0),0.0 (cmd 0.1)
0.0406,-3.66,-3.0,0.0,-5.9,-0.77,0.0,-5.9,-3.7,0.0 (cmd -3.0),0.0 (cmd -0.8)
0.041100000000000005,-2.5,-3.37,0.0,-16.49,-4.31,0.0,-16.5,-2.5,0.0 (cmd -3.4),0.0 (cmd -4.3)
0.0416,-1.78,-3.33,0.0,-22.5,-4.9,0.0,-22.5,-1.8,0.0 (cmd -3.3),0.0 (cmd -4.9)
0.0421,-1.39,-3.24,0.0,-32.13,-6.6,0.0,-32.1,-1.4,0.0 (cmd -3.2),0.0 (cmd -6.6)
0.04259999999999999,-0.98,-3.11,0.0,-36.68,-8.23,0.0,-36.7,-1.0,0.0 (cmd -3.1),0.0 (cmd -8.2)
0.04309999999999999,-0.61,-3.17,0.0,-46.23,-8.21,0.0,-46.2,-0.6,0.0 (cmd -3.2),0.0 (cmd -8.2)
0.0436,-0.6,-3.21,0.0,-50.96,-8.82,0.0,-51.0,-0.6,0.0 (cmd -3.2),0.0 (cmd -8.8)
0.0441,-0.77,-3.22,0.0,-55.49,-8.44,0.0,-55.5,-0.8,0.0 (cmd -3.2),0.0 (cmd -8.4)
0.0446,-1.08,-3.24,0.0,-58.63,-7.33,0.0,-58.6,-1.1,0.0 (cmd -3.2),0.0 (cmd -7.3)
0.045099999999999994,-1.38,-3.22,0.0,-58.94,-6.02,0.0,-58.9,-1.4,0.0 (cmd -3.2),0.0 (cmd -6.0)
0.045599999999999995,-1.63,-3.14,0.0,-57.2,-4.17,0.0,-57.2,-1.6,0.0 (cmd -3.1),0.0 (cmd -4.2)
0.0461,-1.9,-3.2,0.0,-53.74,-1.75,0.0,-53.7,-1.9,0.0 (cmd -3.2),0.0 (cmd -1.8)
0.0466,-1.97,-2.99,0.0,-50.5,0.4,0.0,-50.5,-2.0,0.0 (cmd -3.0),0.0 (cmd 0.4)
0.0471,-1.9,-2.41,0.0,-35.8,3.44,0.0,-35.8,-1.9,0.0 (cmd -2.4),0.0 (cmd 3.4)
0.047599999999999996,-1.85,-1.05,0.0,-23.19,6.67,0.0,-23.2,-1.9,0.0 (cmd -1.1),0.0 (cmd 6.7)
0.0481,-1.41,0.8,0.0,-9.29,8.65,0.0,-9.3,-1.4,0.0 (cmd 0.8),0.0 (cmd 8.7)
0.048600000000000004,-4.0,1.32,0.0,-0.95,9.0,0.0,-0.9,-4.0,0.0 (cmd 1.3),0.0 (cmd 9.0)
0.049100000000000005,-11.72,4.81,0.0,2.45,9.62,0.0,2.5,-11.7,0.0 (cmd 4.8),0.0 (cmd 9.6)
0.0496,-31.25,5.3,0.0,4.0,8.24,0.0,4.0,-31.2,0.0 (cmd 5.3),0.0 (cmd 8.2)
0.05009999999999999,-41.96,11.14,0.0,5.13,7.61,0.0,5.1,-42.0,0.0 (cmd 11.1),0.0 (cmd 7.6)
0.05059999999999999,-48.25,11.15,0.0,5.38,6.61,0.0,5.4,-48.2,0.0 (cmd 11.2),0.0 (cmd 6.6)
0.0511,-54.95,10.8,0.0,5.0,5.64,0.0,5.0,-55.0,0.0 (cmd 10.8),0.0 (cmd 5.6)
0.0516,-55.65,8.73,0.0,5.18,4.63,0.0,5.2,-55.6,0.0 (cmd 8.7),0.0 (cmd 4.6)
0.0521,-57.41,6.69,0.0,5.98,3.89,0.0,6.0,-57.4,0.0 (cmd 6.7),0.0 (cmd 3.9)
0.052599999999999994,-55.51,4.44,0.0,6.07,3.09,0.0,6.1,-55.5,0.0 (cmd 4.4),0.0 (cmd 3.1)
0.053099999999999994,-48.22,1.81,0.0,6.13,2.36,0.0,6.1,-48.2,0.0 (cmd 1.8),0.0 (cmd 2.4)
0.0536,-40.69,-0.82,0.0,6.28,1.72,0.0,6.3,-40.7,0.0 (cmd -0.8),0.0 (cmd 1.7)
0.0541,-33.51,-2.94,0.0,6.06,1.27,0.0,6.1,-33.5,0.0 (cmd -2.9),0.0 (cmd 1.3)
0.0546,-18.95,-5.32,0.0,5.35,0.82,0.0,5.3,-18.9,0.0 (cmd -5.3),0.0 (cmd 0.8)
0.055099999999999996,-8.59,-6.38,0.0,3.28,0.29,0.0,3.3,-8.6,0.0 (cmd -6.4),0.0 (cmd 0.3)
0.0556,-3.86,-6.92,0.0,-2.29,-0.26,0.0,-2.3,-3.9,0.0 (cmd -6.9),0.0 (cmd -0.3)
0.056100000000000004,-0.59,-5.98,0.0,-13.23,-1.24,0.0,-13.2,-0.6,0.0 (cmd -6.0),0.0 (cmd -1.2)
0.056600000000000004,0.17,-4.4,0.0,-27.28,-6.45,0.0,-27.3,0.2,0.0 (cmd -4.4),0.0 (cmd -6.5)
0.0571,1.05,-4.44,0.0,-37.86,-10.13,0.0,-37.9,1.1,0.0 (cmd -4.4),0.0 (cmd -10.1)
0.05759999999999999,1.53,-4.48,0.0,-44.61,-10.64,0.0,-44.6,1.5,0.0 (cmd -4.5),0.0 (cmd -10.6)
0.05809999999999999,1.35,-4.5,0.0,-53.45,-10.7,0.0,-53.5,1.4,0.0 (cmd -4.5),0.0 (cmd -10.7)
0.0586,0.29,-4.2,0.0,-58.74,-10.71,0.0,-58.7,0.3,0.0 (cmd -4.2),0.0 (cmd -10.7)
0.0591,0.11,-3.91,0.0,-61.96,-9.31,0.0,-62.0,0.1,0.0 (cmd -3.9),0.0 (cmd -9.3)
0.0596,0.36,-3.82,0.0,-62.87,-7.98,0.0,-62.9,0.4,0.0 (cmd -3.8),0.0 (cmd -8.0)
0.060099999999999994,0.52,-3.81,0.0,-62.79,-5.92,0.0,-62.8,0.5,0.0 (cmd -3.8),0.0 (cmd -5.9)
0.060599999999999994,0.51,-3.78,0.0,-58.41,-3.9,0.0,-58.4,0.5,0.0 (cmd -3.8),0.0 (cmd -3.9)
0.0611,0.5,-3.69,0.0,-55.07,-0.65,0.0,-55.1,0.5,0.0 (cmd -3.7),0.0 (cmd -0.7)
0.0616,0.9,-3.41,0.0,-44.13,0.96,0.0,-44.1,0.9,0.0 (cmd -3.4),0.0 (cmd 1.0)
0.0621,0.98,-2.56,0.0,-30.66,4.77,0.0,-30.7,1.0,0.0 (cmd -2.6),0.0 (cmd 4.8)
0.06259999999999999,0.92,-1.3,0.0,-20.46,7.01,0.0,-20.5,0.9,0.0 (cmd -1.3),0.0 (cmd 7.0)
0.06309999999999999,0.25,0.96,0.0,-6.93,9.17,0.0,-6.9,0.2,0.0 (cmd 1.0),0.0 (cmd 9.2)
0.0636,-3.95,2.13,0.0,-0.17,9.88,0.0,-0.2,-4.0,0.0 (cmd 2.1),0.0 (cmd 9.9)
0.06409999999999999,-11.37,3.85,0.0,1.61,9.21,0.0,1.6,-11.4,0.0 (cmd 3.9),0.0 (cmd 9.2)
0.06459999999999999,-16.25,4.98,0.0,1.92,7.61,0.0,1.9,-16.2,0.0 (cmd 5.0),0.0 (cmd 7.6)
0.06509999999999999,-22.07,5.56,0.0,3.68,6.56,0.0,3.7,-22.1,0.0 (cmd 5.6),0.0 (cmd 6.6)
0.06559999999999999,-37.87,6.25,0.0,4.63,5.84,0.0,4.6,-37.9,0.0 (cmd 6.2),0.0 (cmd 5.8)
0.0661,-42.51,9.75,0.0,4.37,5.27,0.0,4.4,-42.5,0.0 (cmd 9.8),0.0 (cmd 5.3)
0.06659999999999999,-47.34,8.61,0.0,3.92,4.26,0.0,3.9,-47.3,0.0 (cmd 8.6),0.0 (cmd 4.3)
0.06709999999999999,-49.08,6.93,0.0,4.18,3.42,0.0,4.2,-49.1,0.0 (cmd 6.9),0.0 (cmd 3.4)
0.0676,-49.1,5.31,0.0,4.69,2.85,0.0,4.7,-49.1,0.0 (cmd 5.3),0.0 (cmd 2.9)
0.0681,-48.11,3.42,0.0,4.76,2.28,0.0,4.8,-48.1,0.0 (cmd 3.4),0.0 (cmd 2.3)
0.06860000000000001,-41.7,1.68,0.0,4.59,1.79,0.0,4.6,-41.7,0.0 (cmd 1.7),0.0 (cmd 1.8)
0.0691,-35.73,-0.11,0.0,3.81,1.27,0.0,3.8,-35.7,0.0 (cmd -0.1),0.0 (cmd 1.3)
0.0696,-29.65,-2.11,0.0,2.96,0.71,0.0,3.0,-29.6,0.0 (cmd -2.1),0.0 (cmd 0.7)
0.0701,-19.55,-4.42,0.0,1.55,0.17,0.0,1.6,-19.6,0.0 (cmd -4.4),0.0 (cmd 0.2)
0.0706,-10.53,-5.0,0.0,-0.61,-0.35,0.0,-0.6,-10.5,0.0 (cmd -5.0),0.0 (cmd -0.3)
0.07110000000000001,-5.2,-5.87,0.0,-6.2,-1.15,0.0,-6.2,-5.2,0.0 (cmd -5.9),0.0 (cmd -1.1)
0.0716,-3.82,-5.39,0.0,-16.29,-2.39,0.0,-16.3,-3.8,0.0 (cmd -5.4),0.0 (cmd -2.4)
0.0721,-2.79,-4.84,0.0,-23.35,-5.17,0.0,-23.4,-2.8,0.0 (cmd -4.8),0.0 (cmd -5.2)
0.0726,-1.75,-4.34,0.0,-38.87,-7.77,0.0,-38.9,-1.8,0.0 (cmd -4.3),0.0 (cmd -7.8)
0.0731,-1.15,-4.2,0.0,-45.37,-10.25,0.0,-45.4,-1.1,0.0 (cmd -4.2),0.0 (cmd -10.2)
0.07360000000000001,-0.34,-4.31,0.0,-53.74,-10.81,0.0,-53.7,-0.3,0.0 (cmd -4.3),0.0 (cmd -10.8)
0.0741,-0.53,-4.18,0.0,-57.27,-10.34,0.0,-57.3,-0.5,0.0 (cmd -4.2),0.0 (cmd -10.3)
0.0746,-0.72,-4.03,0.0,-62.24,-9.48,0.0,-62.2,-0.7,0.0 (cmd -4.0),0.0 (cmd -9.5)
0.0751,-0.82,-3.87,0.0,-63.22,-7.47,0.0,-63.2,-0.8,0.0 (cmd -3.9),0.0 (cmd -7.5)
0.0756,-0.84,-3.77,0.0,-63.81,-5.78,0.0,-63.8,-0.8,0.0 (cmd -3.8),0.0 (cmd -5.8)
0.07610000000000001,-0.76,-3.74,0.0,-61.09,-3.84,0.0,-61.1,-0.8,0.0 (cmd -3.7),0.0 (cmd -3.8)
0.07659999999999999,-0.79,-3.72,0.0,-57.2,-1.3,0.0,-57.2,-0.8,0.0 (cmd -3.7),0.0 (cmd -1.3)
0.07709999999999999,-1.12,-3.35,0.0,-51.56,0.78,0.0,-51.6,-1.1,0.0 (cmd -3.4),0.0 (cmd 0.8)
0.07759999999999999,-0.64,-2.81,0.0,-43.49,3.12,0.0,-43.5,-0.6,0.0 (cmd -2.8),0.0 (cmd 3.1)
0.07809999999999999,-0.35,-1.95,0.0,-30.36,6.01,0.0,-30.4,-0.3,0.0 (cmd -1.9),0.0 (cmd 6.0)
0.0786,0.22,-0.18,0.0,-14.69,8.47,0.0,-14.7,0.2,0.0 (cmd -0.2),0.0 (cmd 8.5)
0.07909999999999999,-0.94,0.89,0.0,-8.41,8.97,0.0,-8.4,-0.9,0.0 (cmd 0.9),0.0 (cmd 9.0)
0.07959999999999999,-6.13,1.73,0.0,-2.85,8.81,0.0,-2.9,-6.1,0.0 (cmd 1.7),0.0 (cmd 8.8)
0.08009999999999999,-13.97,4.24,0.0,2.84,8.62,0.0,2.8,-14.0,0.0 (cmd 4.2),0.0 (cmd 8.6)
0.0806,-21.94,7.32,0.0,4.24,8.31,0.0,4.2,-21.9,0.0 (cmd 7.3),0.0 (cmd 8.3)
0.08109999999999999,-33.54,8.58,0.0,6.15,7.41,0.0,6.2,-33.5,0.0 (cmd 8.6),0.0 (cmd 7.4)
0.08159999999999999,-42.18,9.51,0.0,6.45,6.54,0.0,6.5,-42.2,0.0 (cmd 9.5),0.0 (cmd 6.5)
0.0821,-46.15,9.42,0.0,6.06,5.51,0.0,6.1,-46.1,0.0 (cmd 9.4),0.0 (cmd 5.5)
0.08259999999999999,-49.5,7.71,0.0,5.56,4.42,0.0,5.6,-49.5,0.0 (cmd 7.7),0.0 (cmd 4.4)
0.08310000000000001,-49.77,5.94,0.0,5.47,3.34,0.0,5.5,-49.8,0.0 (cmd 5.9),0.0 (cmd 3.3)
0.0836,-48.38,3.9,0.0,5.71,2.56,0.0,5.7,-48.4,0.0 (cmd 3.9),0.0 (cmd 2.6)
0.0841,-44.6,2.05,0.0,5.96,2.09,0.0,6.0,-44.6,0.0 (cmd 2.0),0.0 (cmd 2.1)
0.08460000000000001,-37.64,0.41,0.0,6.06,1.7,0.0,6.1,-37.6,0.0 (cmd 0.4),0.0 (cmd 1.7)
0.0851,-30.42,-1.73,0.0,5.88,1.24,0.0,5.9,-30.4,0.0 (cmd -1.7),0.0 (cmd 1.2)
0.08560000000000001,-22.71,-3.39,0.0,4.01,0.64,0.0,4.0,-22.7,0.0 (cmd -3.4),0.0 (cmd 0.6)
0.0861,-15.3,-5.25,0.0,2.3,0.09,0.0,2.3,-15.3,0.0 (cmd -5.2),0.0 (cmd 0.1)
0.0866,-6.84,-4.94,0.0,1.05,-0.29,0.0,1.1,-6.8,0.0 (cmd -4.9),0.0 (cmd -0.3)
0.08710000000000001,-5.43,-5.6,0.0,-7.27,-1.22,0.0,-7.3,-5.4,0.0 (cmd -5.6),0.0 (cmd -1.2)
0.0876,-4.54,-4.74,0.0,-13.03,-3.04,0.0,-13.0,-4.5,0.0 (cmd -4.7),0.0 (cmd -3.0)
0.08810000000000001,-3.36,-4.38,0.0,-22.15,-5.32,0.0,-22.1,-3.4,0.0 (cmd -4.4),0.0 (cmd -5.3)
0.0886,-2.16,-3.92,0.0,-30.2,-8.42,0.0,-30.2,-2.2,0.0 (cmd -3.9),0.0 (cmd -8.4)
0.0891,-1.88,-4.03,0.0,-36.52,-7.58,0.0,-36.5,-1.9,0.0 (cmd -4.0),0.0 (cmd -7.6)
0.08960000000000001,-1.93,-3.83,0.0,-43.82,-7.61,0.0,-43.8,-1.9,0.0 (cmd -3.8),0.0 (cmd -7.6)
0.0901,-2.36,-3.54,0.0,-56.32,-10.63,0.0,-56.3,-2.4,0.0 (cmd -3.5),0.0 (cmd -10.6)
0.09060000000000001,-2.47,-3.51,0.0,-60.15,-10.09,0.0,-60.1,-2.5,0.0 (cmd -3.5),0.0 (cmd -10.1)
0.0911,-2.63,-3.48,0.0,-61.93,-8.58,0.0,-61.9,-2.6,0.0 (cmd -3.5),0.0 (cmd -8.6)
0.0916,-2.86,-3.44,0.0,-61.47,-6.61,0.0,-61.5,-2.9,0.0 (cmd -3.4),0.0 (cmd -6.6)
0.09210000000000002,-2.97,-3.41,0.0,-59.22,-4.2,0.0,-59.2,-3.0,0.0 (cmd -3.4),0.0 (cmd -4.2)
0.09259999999999999,-2.97,-3.41,0.0,-55.51,-1.73,0.0,-55.5,-3.0,0.0 (cmd -3.4),0.0 (cmd -1.7)
0.0931,-2.39,-3.23,0.0,-51.52,0.3,0.0,-51.5,-2.4,0.0 (cmd -3.2),0.0 (cmd 0.3)
0.09359999999999999,-1.68,-2.87,0.0,-42.01,2.94,0.0,-42.0,-1.7,0.0 (cmd -2.9),0.0 (cmd 2.9)
0.09409999999999999,-0.79,-1.99,0.0,-26.94,5.87,0.0,-26.9,-0.8,0.0 (cmd -2.0),0.0 (cmd 5.9)
0.0946,-0.61,-1.18,0.0,-18.63,7.05,0.0,-18.6,-0.6,0.0 (cmd -1.2),0.0 (cmd 7.0)
0.09509999999999999,-0.43,0.16,0.0,-7.56,8.21,0.0,-7.6,-0.4,0.0 (cmd 0.2),0.0 (cmd 8.2)
0.0956,-0.7,1.28,0.0,-3.34,9.07,0.0,-3.3,-0.7,0.0 (cmd 1.3),0.0 (cmd 9.1)
0.09609999999999999,-0.7,0.83,0.0,-0.59,7.51,0.0,-0.6,-0.7,0.0 (cmd 0.8),0.0 (cmd 7.5)
0.09659999999999999,-18.75,5.74,0.0,1.37,7.67,0.0,1.4,-18.8,0.0 (cmd 5.7),0.0 (cmd 7.7)
0.0971,-25.95,6.29,0.0,2.6,6.54,0.0,2.6,-25.9,0.0 (cmd 6.3),0.0 (cmd 6.5)
0.09759999999999999,-36.11,8.06,0.0,3.39,5.82,0.0,3.4,-36.1,0.0 (cmd 8.1),0.0 (cmd 5.8)
0.0981,-39.31,9.07,0.0,3.26,5.04,0.0,3.3,-39.3,0.0 (cmd 9.1),0.0 (cmd 5.0)
0.0986,-48.09,9.23,0.0,2.89,4.27,0.0,2.9,-48.1,0.0 (cmd 9.2),0.0 (cmd 4.3)
0.0991,-53.22,6.89,0.0,3.06,3.32,0.0,3.1,-53.2,0.0 (cmd 6.9),0.0 (cmd 3.3)
0.09960000000000001,-53.47,6.25,0.0,3.41,2.94,0.0,3.4,-53.5,0.0 (cmd 6.2),0.0 (cmd 2.9)
0.1001,-53.48,4.43,0.0,3.87,2.41,0.0,3.9,-53.5,0.0 (cmd 4.4),0.0 (cmd 2.4)
0.10060000000000001,-49.89,2.7,0.0,4.1,2.01,0.0,4.1,-49.9,0.0 (cmd 2.7),0.0 (cmd 2.0)
0.1011,-43.42,-0.24,0.0,4.21,1.48,0.0,4.2,-43.4,0.0 (cmd -0.2),0.0 (cmd 1.5)
0.1016,-40.73,-1.07,0.0,4.14,1.22,0.0,4.1,-40.7,0.0 (cmd -1.1),0.0 (cmd 1.2)
0.10210000000000001,-27.37,-2.98,0.0,3.8,0.83,0.0,3.8,-27.4,0.0 (cmd -3.0),0.0 (cmd 0.8)
0.1026,-20.79,-5.46,0.0,2.94,0.55,0.0,2.9,-20.8,0.0 (cmd -5.5),0.0 (cmd 0.6)
0.10310000000000001,-10.46,-5.8,0.0,0.01,0.11,0.0,0.0,-10.5,0.0 (cmd -5.8),0.0 (cmd 0.1)
0.1036,-6.56,-5.88,0.0,-4.33,-0.47,0.0,-4.3,-6.6,0.0 (cmd -5.9),0.0 (cmd -0.5)
0.1041,-5.84,-5.36,0.0,-15.33,-2.23,0.0,-15.3,-5.8,0.0 (cmd -5.4),0.0 (cmd -2.2)
0.10460000000000001,-5.82,-4.5,0.0,-26.25,-5.86,0.0,-26.2,-5.8,0.0 (cmd -4.5),0.0 (cmd -5.9)
0.1051,-3.13,-4.21,0.0,-31.85,-8.66,0.0,-31.9,-3.1,0.0 (cmd -4.2),0.0 (cmd -8.7)
0.10560000000000001,-2.35,-4.42,0.0,-37.7,-7.74,0.0,-37.7,-2.4,0.0 (cmd -4.4),0.0 (cmd -7.7)
0.1061,-2.23,-4.2,0.0,-47.97,-9.74,0.0,-48.0,-2.2,0.0 (cmd -4.2),0.0 (cmd -9.7)
0.1066,-2.15,-4.04,0.0,-53.45,-8.87,0.0,-53.5,-2.1,0.0 (cmd -4.0),0.0 (cmd -8.9)
0.10710000000000001,-2.14,-3.88,0.0,-57.16,-8.63,0.0,-57.2,-2.1,0.0 (cmd -3.9),0.0 (cmd -8.6)
0.1076,-2.07,-3.8,0.0,-59.29,-7.48,0.0,-59.3,-2.1,0.0 (cmd -3.8),0.0 (cmd -7.5)
0.1081,-2.05,-3.73,0.0,-59.57,-5.92,0.0,-59.6,-2.0,0.0 (cmd -3.7),0.0 (cmd -5.9)
0.10859999999999999,-1.97,-3.69,0.0,-58.12,-4.0,0.0,-58.1,-2.0,0.0 (cmd -3.7),0.0 (cmd -4.0)
0.10909999999999999,-1.33,-3.69,0.0,-55.84,-1.89,0.0,-55.8,-1.3,0.0 (cmd -3.7),0.0 (cmd -1.9)
0.1096,-1.01,-3.65,0.0,-51.73,-0.28,0.0,-51.7,-1.0,0.0 (cmd -3.6),0.0 (cmd -0.3)
0.11009999999999999,-0.76,-3.39,0.0,-44.78,1.42,0.0,-44.8,-0.8,0.0 (cmd -3.4),0.0 (cmd 1.4)
0.1106,-0.5,-2.75,0.0,-34.18,4.02,0.0,-34.2,-0.5,0.0 (cmd -2.8),0.0 (cmd 4.0)
0.11109999999999999,0.06,-1.18,0.0,-17.74,7.19,0.0,-17.7,0.1,0.0 (cmd -1.2),0.0 (cmd 7.2)
0.11159999999999999,0.4,0.18,0.0,-7.99,8.41,0.0,-8.0,0.4,0.0 (cmd 0.2),0.0 (cmd 8.4)
0.1121,0.35,1.39,0.0,-3.23,9.48,0.0,-3.2,0.3,0.0 (cmd 1.4),0.0 (cmd 9.5)
0.11259999999999999,-6.92,1.63,0.0,1.64,8.92,0.0,1.6,-6.9,0.0 (cmd 1.6),0.0 (cmd 8.9)
0.1131,-13.57,4.31,0.0,1.65,7.72,0.0,1.6,-13.6,0.0 (cmd 4.3),0.0 (cmd 7.7)
0.11359999999999999,-22.78,4.81,0.0,2.56,6.38,0.0,2.6,-22.8,0.0 (cmd 4.8),0.0 (cmd 6.4)
0.1141,-33.49,7.98,0.0,3.39,5.83,0.0,3.4,-33.5,0.0 (cmd 8.0),0.0 (cmd 5.8)
0.11460000000000001,-41.03,7.59,0.0,3.25,4.88,0.0,3.2,-41.0,0.0 (cmd 7.6),0.0 (cmd 4.9)
0.1151,-47.66,8.71,0.0,2.9,4.17,0.0,2.9,-47.7,0.0 (cmd 8.7),0.0 (cmd 4.2)
0.11560000000000001,-52.92,8.25,0.0,2.98,3.56,0.0,3.0,-52.9,0.0 (cmd 8.2),0.0 (cmd 3.6)
0.1161,-55.84,7.2,0.0,3.31,3.08,0.0,3.3,-55.8,0.0 (cmd 7.2),0.0 (cmd 3.1)
0.1166,-56.39,5.58,0.0,3.61,2.59,0.0,3.6,-56.4,0.0 (cmd 5.6),0.0 (cmd 2.6)
0.11710000000000001,-55.34,3.69,0.0,3.58,2.09,0.0,3.6,-55.3,0.0 (cmd 3.7),0.0 (cmd 2.1)
0.1176,-51.43,1.91,0.0,3.31,1.64,0.0,3.3,-51.4,0.0 (cmd 1.9),0.0 (cmd 1.6)
0.11810000000000001,-46.38,0.39,0.0,3.21,1.27,0.0,3.2,-46.4,0.0 (cmd 0.4),0.0 (cmd 1.3)
0.1186,-43.02,-0.93,0.0,3.08,0.89,0.0,3.1,-43.0,0.0 (cmd -0.9),0.0 (cmd 0.9)
0.1191,-32.55,-2.45,0.0,3.02,0.68,0.0,3.0,-32.5,0.0 (cmd -2.5),0.0 (cmd 0.7)
0.11960000000000001,-24.92,-5.1,0.0,2.54,0.32,0.0,2.5,-24.9,0.0 (cmd -5.1),0.0 (cmd 0.3)
0.1201,-13.93,-6.26,0.0,1.99,0.15,0.0,2.0,-13.9,0.0 (cmd -6.3),0.0 (cmd 0.1)
0.12060000000000001,-7.42,-6.9,0.0,0.96,0.02,0.0,1.0,-7.4,0.0 (cmd -6.9),0.0 (cmd 0.0)
0.1211,-2.2,-6.75,0.0,-2.41,-0.19,0.0,-2.4,-2.2,0.0 (cmd -6.8),0.0 (cmd -0.2)
0.1216,-1.48,-5.71,0.0,-6.95,-1.25,0.0,-7.0,-1.5,0.0 (cmd -5.7),0.0 (cmd -1.2)
0.12210000000000001,-1.51,-4.9,0.0,-15.25,-2.63,0.0,-15.2,-1.5,0.0 (cmd -4.9),0.0 (cmd -2.6)
0.1226,-1.23,-4.27,0.0,-24.12,-5.46,0.0,-24.1,-1.2,0.0 (cmd -4.3),0.0 (cmd -5.5)
0.12310000000000001,-0.87,-3.81,0.0,-32.72,-7.64,0.0,-32.7,-0.9,0.0 (cmd -3.8),0.0 (cmd -7.6)
0.12359999999999999,-0.45,-3.74,0.0,-38.28,-8.49,0.0,-38.3,-0.5,0.0 (cmd -3.7),0.0 (cmd -8.5)
0.12409999999999999,-0.11,-3.69,0.0,-44.65,-7.99,0.0,-44.6,-0.1,0.0 (cmd -3.7),0.0 (cmd -8.0)
0.1246,-0.28,-3.57,0.0,-48.77,-7.89,0.0,-48.8,-0.3,0.0 (cmd -3.6),0.0 (cmd -7.9)
0.1251,-0.75,-3.44,0.0,-51.24,-7.04,0.0,-51.2,-0.8,0.0 (cmd -3.4),0.0 (cmd -7.0)
0.12560000000000002,-0.86,-3.33,0.0,-51.98,-5.64,0.0,-52.0,-0.9,0.0 (cmd -3.3),0.0 (cmd -5.6)
0.1261,-0.81,-3.33,0.0,-51.78,-4.24,0.0,-51.8,-0.8,0.0 (cmd -3.3),0.0 (cmd -4.2)
0.1266,-0.77,-3.35,0.0,-50.25,-2.5,0.0,-50.2,-0.8,0.0 (cmd -3.4),0.0 (cmd -2.5)
0.12710000000000002,-0.66,-3.29,0.0,-47.7,-0.91,0.0,-47.7,-0.7,0.0 (cmd -3.3),0.0 (cmd -0.9)
0.1276,-0.54,-3.15,0.0,-42.42,0.42,0.0,-42.4,-0.5,0.0 (cmd -3.1),0.0 (cmd 0.4)
0.1281,-0.12,-2.9,0.0,-38.01,1.87,0.0,-38.0,-0.1,0.0 (cmd -2.9),0.0 (cmd 1.9)
0.1286,0.06,-2.24,0.0,-27.58,4.31,0.0,-27.6,0.1,0.0 (cmd -2.2),0.0 (cmd 4.3)
0.1291,0.14,-1.15,0.0,-21.04,6.3,0.0,-21.0,0.1,0.0 (cmd -1.1),0.0 (cmd 6.3)
0.12960000000000002,0.21,-1.34,0.0,-16.0,5.51,0.0,-16.0,0.2,0.0 (cmd -1.3),0.0 (cmd 5.5)
0.1301,0.93,0.76,0.0,-3.99,8.11,0.0,-4.0,0.9,0.0 (cmd 0.8),0.0 (cmd 8.1)
0.1306,0.43,1.1,0.0,0.67,7.96,0.0,0.7,0.4,0.0 (cmd 1.1),0.0 (cmd 8.0)
0.1311,-2.32,1.37,0.0,2.78,7.06,0.0,2.8,-2.3,0.0 (cmd 1.4),0.0 (cmd 7.1)
0.1316,-5.7,1.91,0.0,3.03,6.0,0.0,3.0,-5.7,0.0 (cmd 1.9),0.0 (cmd 6.0)
0.13210000000000002,-8.33,1.99,0.0,3.45,4.91,0.0,3.5,-8.3,0.0 (cmd 2.0),0.0 (cmd 4.9)
0.1326,-10.59,1.98,0.0,4.64,4.19,0.0,4.6,-10.6,0.0 (cmd 2.0),0.0 (cmd 4.2)
0.1331,-12.92,2.25,0.0,5.19,3.63,0.0,5.2,-12.9,0.0 (cmd 2.2),0.0 (cmd 3.6)
0.1336,-17.84,2.01,0.0,4.91,2.9,0.0,4.9,-17.8,0.0 (cmd 2.0),0.0 (cmd 2.9)
0.1341,-21.74,3.29,0.0,4.68,2.45,0.0,4.7,-21.7,0.0 (cmd 3.3),0.0 (cmd 2.5)
0.13460000000000003,-23.34,3.33,0.0,4.8,2.05,0.0,4.8,-23.3,0.0 (cmd 3.3),0.0 (cmd 2.0)
0.1351,-23.68,2.74,0.0,4.57,1.72,0.0,4.6,-23.7,0.0 (cmd 2.7),0.0 (cmd 1.7)
0.1356,-22.69,1.79,0.0,4.15,1.24,0.0,4.2,-22.7,0.0 (cmd 1.8),0.0 (cmd 1.2)
0.1361,-21.09,0.85,0.0,2.49,0.77,0.0,2.5,-21.1,0.0 (cmd 0.8),0.0 (cmd 0.8)
0.1366,-19.15,-0.24,0.0,1.98,0.15,0.0,2.0,-19.1,0.0 (cmd -0.2),0.0 (cmd 0.1)
0.13710000000000003,-17.02,-0.77,0.0,0.0,-0.38,0.0,0.0,-17.0,0.0 (cmd -0.8),0.0 (cmd -0.4)
0.1376,-14.32,-1.42,0.0,-3.62,-0.98,0.0,-3.6,-14.3,0.0 (cmd -1.4),0.0 (cmd -1.0)
0.1381,-7.81,-2.06,0.0,-8.16,-1.8,0.0,-8.2,-7.8,0.0 (cmd -2.1),0.0 (cmd -1.8)
0.1386,-6.65,-3.47,0.0,-12.52,-2.8,0.0,-12.5,-6.7,0.0 (cmd -3.5),0.0 (cmd -2.8)
0.1391,-6.27,-3.17,0.0,-25.22,-4.33,0.0,-25.2,-6.3,0.0 (cmd -3.2),0.0 (cmd -4.3)
0.13960000000000003,-5.52,-2.97,0.0,-36.13,-7.47,0.0,-36.1,-5.5,0.0 (cmd -3.0),0.0 (cmd -7.5)
0.1401,-5.0,-3.12,0.0,-38.65,-8.44,0.0,-38.6,-5.0,0.0 (cmd -3.1),0.0 (cmd -8.4)
0.1406,-4.78,-3.15,0.0,-46.07,-8.65,0.0,-46.1,-4.8,0.0 (cmd -3.1),0.0 (cmd -8.7)
0.1411,-4.85,-3.14,0.0,-51.36,-8.05,0.0,-51.4,-4.8,0.0 (cmd -3.1),0.0 (cmd -8.1)
0.1416,-4.44,-3.19,0.0,-54.25,-6.99,0.0,-54.2,-4.4,0.0 (cmd -3.2),0.0 (cmd -7.0)
0.14210000000000003,-3.86,-3.36,0.0,-55.45,-6.12,0.0,-55.5,-3.9,0.0 (cmd -3.4),0.0 (cmd -6.1)
0.1426,-3.51,-3.43,0.0,-55.56,-4.62,0.0,-55.6,-3.5,0.0 (cmd -3.4),0.0 (cmd -4.6)
0.1431,-3.3,-3.51,0.0,-54.4,-3.03,0.0,-54.4,-3.3,0.0 (cmd -3.5),0.0 (cmd -3.0)
0.1436,-3.21,-3.49,0.0,-52.31,-1.31,0.0,-52.3,-3.2,0.0 (cmd -3.5),0.0 (cmd -1.3)
0.1441,-2.99,-3.31,0.0,-51.72,-0.1,0.0,-51.7,-3.0,0.0 (cmd -3.3),0.0 (cmd -0.1)
0.14460000000000003,-3.02,-2.91,0.0,-42.81,2.16,0.0,-42.8,-3.0,0.0 (cmd -2.9),0.0 (cmd 2.2)
0.1451,-2.99,-2.61,0.0,-32.85,3.03,0.0,-32.9,-3.0,0.0 (cmd -2.6),0.0 (cmd 3.0)
0.1456,-2.81,-1.65,0.0,-25.84,5.57,0.0,-25.8,-2.8,0.0 (cmd -1.6),0.0 (cmd 5.6)
0.1461,-2.91,-0.82,0.0,-16.52,6.64,0.0,-16.5,-2.9,0.0 (cmd -0.8),0.0 (cmd 6.6)
0.1466,-2.85,0.36,0.0,-10.34,7.63,0.0,-10.3,-2.9,0.0 (cmd 0.4),0.0 (cmd 7.6)
0.14710000000000004,-3.36,1.12,0.0,-2.78,8.02,0.0,-2.8,-3.4,0.0 (cmd 1.1),0.0 (cmd 8.0)
0.14759999999999998,-4.39,1.53,0.0,0.53,7.76,0.0,0.5,-4.4,0.0 (cmd 1.5),0.0 (cmd 7.8)
0.14809999999999998,-4.19,1.57,0.0,3.13,7.04,0.0,3.1,-4.2,0.0 (cmd 1.6),0.0 (cmd 7.0)
0.14859999999999998,-3.98,0.87,0.0,4.06,5.76,0.0,4.1,-4.0,0.0 (cmd 0.9),0.0 (cmd 5.8)
0.14909999999999998,-3.8,0.39,0.0,4.64,4.8,0.0,4.6,-3.8,0.0 (cmd 0.4),0.0 (cmd 4.8)
0.1496,-3.85,0.0,0.0,4.87,3.83,0.0,4.9,-3.9,0.0 (cmd 0.0),0.0 (cmd 3.8)
0.15009999999999998,-4.38,-0.17,0.0,4.85,3.08,0.0,4.8,-4.4,0.0 (cmd -0.2),0.0 (cmd 3.1)
0.15059999999999998,-5.76,-0.09,0.0,4.81,2.43,0.0,4.8,-5.8,0.0 (cmd -0.1),0.0 (cmd 2.4)
0.15109999999999998,-6.72,0.21,0.0,5.29,2.01,0.0,5.3,-6.7,0.0 (cmd 0.2),0.0 (cmd 2.0)
0.15159999999999998,-6.95,0.18,0.0,5.41,1.69,0.0,5.4,-7.0,0.0 (cmd 0.2),0.0 (cmd 1.7)
0.1521,-7.02,0.06,0.0,5.41,1.41,0.0,5.4,-7.0,0.0 (cmd 0.1),0.0 (cmd 1.4)
0.15259999999999999,-6.12,-0.1,0.0,5.33,1.08,0.0,5.3,-6.1,0.0 (cmd -0.1),0.0 (cmd 1.1)
0.15309999999999999,-5.55,-0.53,0.0,5.2,0.78,0.0,5.2,-5.5,0.0 (cmd -0.5),0.0 (cmd 0.8)
0.1536,-5.19,-0.68,0.0,5.3,0.59,0.0,5.3,-5.2,0.0 (cmd -0.7),0.0 (cmd 0.6)
0.1541,-4.75,-0.83,0.0,5.31,0.5,0.0,5.3,-4.8,0.0 (cmd -0.8),0.0 (cmd 0.5)
0.15460000000000002,-4.37,-0.91,0.0,5.19,0.35,0.0,5.2,-4.4,0.0 (cmd -0.9),0.0 (cmd 0.3)
0.1551,-3.26,-1.04,0.0,5.17,0.26,0.0,5.2,-3.3,0.0 (cmd -1.0),0.0 (cmd 0.3)
0.1556,-3.08,-1.12,0.0,4.89,0.17,0.0,4.9,-3.1,0.0 (cmd -1.1),0.0 (cmd 0.2)
0.1561,-2.44,-1.19,0.0,4.69,0.06,0.0,4.7,-2.4,0.0 (cmd -1.2),0.0 (cmd 0.1)
0.1566,-2.33,-1.14,0.0,4.26,0.0,0.0,4.3,-2.3,0.0 (cmd -1.1),0.0 (cmd 0.0)
0.15710000000000002,-2.12,-1.1,0.0,3.83,-0.12,0.0,3.8,-2.1,0.0 (cmd -1.1),0.0 (cmd -0.1)
0.1576,-2.03,-1.07,0.0,3.61,-0.21,0.0,3.6,-2.0,0.0 (cmd -1.1),0.0 (cmd -0.2)
0.1581,-1.86,-1.05,0.0,3.1,-0.22,0.0,3.1,-1.9,0.0 (cmd -1.1),0.0 (cmd -0.2)
0.1586,-1.52,-1.1,0.0,2.81,-0.32,0.0,2.8,-1.5,0.0 (cmd -1.1),0.0 (cmd -0.3)
0.1591,-1.34,-1.07,0.0,2.67,-0.28,0.0,2.7,-1.3,0.0 (cmd -1.1),0.0 (cmd -0.3)
0.15960000000000002,-1.24,-1.07,0.0,2.51,-0.26,0.0,2.5,-1.2,0.0 (cmd -1.1),0.0 (cmd -0.3)
0.16010000000000002,-1.06,-1.03,0.0,2.39,-0.23,0.0,2.4,-1.1,0.0 (cmd -1.0),0.0 (cmd -0.2)
0.1606,-0.9,-1.04,0.0,2.26,-0.2,0.0,2.3,-0.9,0.0 (cmd -1.0),0.0 (cmd -0.2)
0.1611,-0.78,-1.02,0.0,2.13,-0.18,0.0,2.1,-0.8,0.0 (cmd -1.0),0.0 (cmd -0.2)
0.1616,-0.4,-1.06,0.0,2.06,-0.17,0.0,2.1,-0.4,0.0 (cmd -1.1),0.0 (cmd -0.2)
0.16210000000000002,-0.29,-1.06,0.0,1.97,-0.14,0.0,2.0,-0.3,0.0 (cmd -1.1),0.0 (cmd -0.1)
0.16260000000000002,-0.21,-1.03,0.0,1.9,-0.12,0.0,1.9,-0.2,0.0 (cmd -1.0),0.0 (cmd -0.1)
0.1631,-0.02,-1.06,0.0,1.82,-0.11,0.0,1.8,-0.0,0.0 (cmd -1.1),0.0 (cmd -0.1)
0.1636,0.04,-1.02,0.0,1.75,-0.09,0.0,1.8,0.0,0.0 (cmd -1.0),0.0 (cmd -0.1)
0.1641,0.07,-0.99,0.0,1.66,-0.07,0.0,1.7,0.1,0.0 (cmd -1.0),0.0 (cmd -0.1)
0.16460000000000002,0.07,-0.97,0.0,1.57,-0.06,0.0,1.6,0.1,0.0 (cmd -1.0),0.0 (cmd -0.1)
0.16510000000000002,0.08,-0.95,0.0,1.54,-0.05,0.0,1.5,0.1,0.0 (cmd -0.9),0.0 (cmd -0.1)
0.1656,0.06,-0.92,0.0,1.46,-0.04,0.0,1.5,0.1,0.0 (cmd -0.9),0.0 (cmd -0.0)
0.1661,-0.01,-0.9,0.0,1.37,-0.02,0.0,1.4,-0.0,0.0 (cmd -0.9),0.0 (cmd -0.0)
0.1666,-0.03,-0.87,0.0,1.35,-0.01,0.0,1.4,-0.0,0.0 (cmd -0.9),0.0 (cmd -0.0)
0.16710000000000003,-0.03,-0.86,0.0,1.35,0.0,0.0,1.4,-0.0,0.0 (cmd -0.9),0.0 (cmd 0.0)
0.16760000000000003,-0.04,-0.86,0.0,1.37,0.02,0.0,1.4,-0.0,0.0 (cmd -0.9),0.0 (cmd 0.0)
0.1681,-0.09,-0.84,0.0,1.35,0.04,0.0,1.4,-0.1,0.0 (cmd -0.8),0.0 (cmd 0.0)
0.1686,-0.13,-0.83,0.0,1.34,0.05,0.0,1.3,-0.1,0.0 (cmd -0.8),0.0 (cmd 0.1)
0.1691,-0.18,-0.82,0.0,1.39,0.06,0.0,1.4,-0.2,0.0 (cmd -0.8),0.0 (cmd 0.1)
0.16960000000000003,-0.18,-0.81,0.0,1.4,0.08,0.0,1.4,-0.2,0.0 (cmd -0.8),0.0 (cmd 0.1)
0.17010000000000003,-0.27,-0.79,0.0,1.35,0.08,0.0,1.4,-0.3,0.0 (cmd -0.8),0.0 (cmd 0.1)
0.1706,-0.36,-0.8,0.0,1.33,0.07,0.0,1.3,-0.4,0.0 (cmd -0.8),0.0 (cmd 0.1)
0.1711,-0.44,-0.79,0.0,1.32,0.08,0.0,1.3,-0.4,0.0 (cmd -0.8),0.0 (cmd 0.1)
0.1716,-0.43,-0.78,0.0,1.31,0.08,0.0,1.3,-0.4,0.0 (cmd -0.8),0.0 (cmd 0.1)
0.17210000000000003,-0.36,-0.81,0.0,1.23,0.07,0.0,1.2,-0.4,0.0 (cmd -0.8),0.0 (cmd 0.1)
0.17260000000000003,-0.42,-0.83,0.0,0.96,0.03,0.0,1.0,-0.4,0.0 (cmd -0.8),0.0 (cmd 0.0)
0.1731,-0.65,-0.84,0.0,0.54,-0.01,0.0,0.5,-0.7,0.0 (cmd -0.8),0.0 (cmd -0.0)
0.1736,-0.77,-0.8,0.0,0.13,-0.12,0.0,0.1,-0.8,0.0 (cmd -0.8),0.0 (cmd -0.1)
0.1741,-1.03,-0.78,0.0,-0.19,-0.17,0.0,-0.2,-1.0,0.0 (cmd -0.8),0.0 (cmd -0.2)
0.17460000000000003,-1.02,-0.79,0.0,-0.53,-0.19,0.0,-0.5,-1.0,0.0 (cmd -0.8),0.0 (cmd -0.2)
0.17510000000000003,-0.98,-0.84,0.0,-0.89,-0.2,0.0,-0.9,-1.0,0.0 (cmd -0.8),0.0 (cmd -0.2)
0.1756,-1.03,-0.88,0.0,-1.19,-0.22,0.0,-1.2,-1.0,0.0 (cmd -0.9),0.0 (cmd -0.2)
0.1761,-1.12,-0.87,0.0,-1.52,-0.19,0.0,-1.5,-1.1,0.0 (cmd -0.9),0.0 (cmd -0.2)
0.1766,-1.16,-0.89,0.0,-1.82,-0.19,0.0,-1.8,-1.2,0.0 (cmd -0.9),0.0 (cmd -0.2)
0.17710000000000004,-1.16,-0.92,0.0,-2.12,-0.25,0.0,-2.1,-1.2,0.0 (cmd -0.9),0.0 (cmd -0.2)
0.17760000000000004,-1.04,-0.95,0.0,-2.22,-0.19,0.0,-2.2,-1.0,0.0 (cmd -0.9),0.0 (cmd -0.2)
0.17809999999999998,-0.93,-0.98,0.0,-2.22,-0.13,0.0,-2.2,-0.9,0.0 (cmd -1.0),0.0 (cmd -0.1)
0.17859999999999998,-0.79,-1.03,0.0,-2.17,-0.06,0.0,-2.2,-0.8,0.0 (cmd -1.0),0.0 (cmd -0.1)
0.17909999999999998,-0.74,-1.02,0.0,-2.1,0.0,0.0,-2.1,-0.7,0.0 (cmd -1.0),0.0 (cmd 0.0)
0.1796,-0.73,-1.01,0.0,-2.08,0.05,0.0,-2.1,-0.7,0.0 (cmd -1.0),0.0 (cmd 0.1)
0.1801,-0.73,-1.0,0.0,-2.19,0.07,0.0,-2.2,-0.7,0.0 (cmd -1.0),0.0 (cmd 0.1)
0.18059999999999998,-0.75,-1.0,0.0,-2.27,0.06,0.0,-2.3,-0.8,0.0 (cmd -1.0),0.0 (cmd 0.1)
0.18109999999999998,-0.79,-0.99,0.0,-2.34,0.07,0.0,-2.3,-0.8,0.0 (cmd -1.0),0.0 (cmd 0.1)
0.18159999999999998,-0.81,-0.98,0.0,-2.42,0.08,0.0,-2.4,-0.8,0.0 (cmd -1.0),0.0 (cmd 0.1)
0.1821,-0.8,-0.98,0.0,-2.47,0.08,0.0,-2.5,-0.8,0.0 (cmd -1.0),0.0 (cmd 0.1)
0.1826,-0.79,-0.98,0.0,-2.52,0.09,0.0,-2.5,-0.8,0.0 (cmd -1.0),0.0 (cmd 0.1)
0.18309999999999998,-0.81,-0.99,0.0,-2.58,0.1,0.0,-2.6,-0.8,0.0 (cmd -1.0),0.0 (cmd 0.1)
0.18359999999999999,-0.86,-0.98,0.0,-2.55,0.11,0.0,-2.5,-0.9,0.0 (cmd -1.0),0.0 (cmd 0.1)
0.18409999999999999,-0.92,-0.95,0.0,-2.54,0.14,0.0,-2.5,-0.9,0.0 (cmd -0.9),0.0 (cmd 0.1)
0.18460000000000001,-0.97,-0.94,0.0,-2.53,0.16,0.0,-2.5,-1.0,0.0 (cmd -0.9),0.0 (cmd 0.2)
0.18510000000000001,-1.0,-0.94,0.0,-2.49,0.17,0.0,-2.5,-1.0,0.0 (cmd -0.9),0.0 (cmd 0.2)
0.1856,-1.23,-0.92,0.0,-2.44,0.19,0.0,-2.4,-1.2,0.0 (cmd -0.9),0.0 (cmd 0.2)
0.1861,-1.36,-0.87,0.0,-2.4,0.22,0.0,-2.4,-1.4,0.0 (cmd -0.9),0.0 (cmd 0.2)
0.1866,-1.43,-0.86,0.0,-2.48,0.2,0.0,-2.5,-1.4,0.0 (cmd -0.9),0.0 (cmd 0.2)
0.18710000000000002,-1.44,-0.87,0.0,-2.48,0.19,0.0,-2.5,-1.4,0.0 (cmd -0.9),0.0 (cmd 0.2)
0.18760000000000002,-1.38,-0.89,0.0,-2.34,0.2,0.0,-2.3,-1.4,0.0 (cmd -0.9),0.0 (cmd 0.2)
0.1881,-1.37,-0.91,0.0,-2.13,0.26,0.0,-2.1,-1.4,0.0 (cmd -0.9),0.0 (cmd 0.3)
0.1886,-1.57,-0.9,0.0,-2.0,0.3,0.0,-2.0,-1.6,0.0 (cmd -0.9),0.0 (cmd 0.3)
0.1891,-1.75,-0.83,0.0,-2.01,0.29,0.0,-2.0,-1.8,0.0 (cmd -0.8),0.0 (cmd 0.3)
0.18960000000000002,-1.96,-0.79,0.0,-2.06,0.27,0.0,-2.1,-2.0,0.0 (cmd -0.8),0.0 (cmd 0.3)
0.19010000000000002,-2.04,-0.8,0.0,-2.05,0.24,0.0,-2.0,-2.0,0.0 (cmd -0.8),0.0 (cmd 0.2)
0.1906,-2.03,-0.81,0.0,-2.03,0.23,0.0,-2.0,-2.0,0.0 (cmd -0.8),0.0 (cmd 0.2)
0.1911,-2.1,-0.83,0.0,-2.09,0.22,0.0,-2.1,-2.1,0.0 (cmd -0.8),0.0 (cmd 0.2)
0.1916,-2.18,-0.85,0.0,-2.41,0.18,0.0,-2.4,-2.2,0.0 (cmd -0.8),0.0 (cmd 0.2)
0.19210000000000002,-2.47,-0.85,0.0,-2.93,0.04,0.0,-2.9,-2.5,0.0 (cmd -0.8),0.0 (cmd 0.0)
0.19260000000000002,-2.51,-0.86,0.0,-4.04,-0.13,0.0,-4.0,-2.5,0.0 (cmd -0.9),0.0 (cmd -0.1)
0.1931,-2.49,-0.97,0.0,-5.17,-0.36,0.0,-5.2,-2.5,0.0 (cmd -1.0),0.0 (cmd -0.4)
0.1936,-2.85,-1.04,0.0,-7.42,-0.53,0.0,-7.4,-2.9,0.0 (cmd -1.0),0.0 (cmd -0.5)
0.1941,-3.15,-1.06,0.0,-9.29,-0.92,0.0,-9.3,-3.1,0.0 (cmd -1.1),0.0 (cmd -0.9)
0.19460000000000002,-3.34,-1.18,0.0,-12.44,-1.23,0.0,-12.4,-3.3,0.0 (cmd -1.2),0.0 (cmd -1.2)
0.19510000000000002,-3.35,-1.37,0.0,-13.75,-1.81,0.0,-13.8,-3.4,0.0 (cmd -1.4),0.0 (cmd -1.8)
0.1956,-3.15,-1.49,0.0,-15.49,-1.47,0.0,-15.5,-3.1,0.0 (cmd -1.5),0.0 (cmd -1.5)
0.1961,-3.11,-1.62,0.0,-17.57,-1.38,0.0,-17.6,-3.1,0.0 (cmd -1.6),0.0 (cmd -1.4)
0.1966,-2.97,-1.77,0.0,-18.27,-1.61,0.0,-18.3,-3.0,0.0 (cmd -1.8),0.0 (cmd -1.6)
0.19710000000000003,-3.07,-1.84,0.0,-19.14,-1.32,0.0,-19.1,-3.1,0.0 (cmd -1.8),0.0 (cmd -1.3)
0.19760000000000003,-3.09,-1.83,0.0,-19.87,-0.98,0.0,-19.9,-3.1,0.0 (cmd -1.8),0.0 (cmd -1.0)
0.1981,-2.91,-1.89,0.0,-20.23,-0.78,0.0,-20.2,-2.9,0.0 (cmd -1.9),0.0 (cmd -0.8)
0.1986,-2.75,-1.92,0.0,-20.36,-0.49,0.0,-20.4,-2.8,0.0 (cmd -1.9),0.0 (cmd -0.5)
0.1991,-2.85,-1.92,0.0,-20.07,-0.21,0.0,-20.1,-2.9,0.0 (cmd -1.9),0.0 (cmd -0.2)
0.19960000000000003,-3.19,-1.83,0.0,-19.95,0.16,0.0,-19.9,-3.2,0.0 (cmd -1.8),0.0 (cmd 0.2)
0.20010000000000003,-3.44,-1.7,0.0,-20.76,0.24,0.0,-20.8,-3.4,0.0 (cmd -1.7),0.0 (cmd 0.2)
0.2006,-3.84,-1.8,0.0,-23.07,-0.14,0.0,-23.1,-3.8,0.0 (cmd -1.8),0.0 (cmd -0.1)
0.2011,-3.97,-1.85,0.0,-26.0,-0.38,0.0,-26.0,-4.0,0.0 (cmd -1.9),0.0 (cmd -0.4)
0.2016,-4.1,-1.98,0.0,-28.85,-1.04,0.0,-28.9,-4.1,0.0 (cmd -2.0),0.0 (cmd -1.0)
0.20210000000000003,-3.97,-2.09,0.0,-30.28,-1.15,0.0,-30.3,-4.0,0.0 (cmd -2.1),0.0 (cmd -1.1)
0.20260000000000003,-3.8,-2.24,0.0,-30.87,-1.15,0.0,-30.9,-3.8,0.0 (cmd -2.2),0.0 (cmd -1.1)
0.2031,-3.56,-2.29,0.0,-29.78,-0.65,0.0,-29.8,-3.6,0.0 (cmd -2.3),0.0 (cmd -0.7)
0.2036,-3.33,-2.23,0.0,-27.44,0.21,0.0,-27.4,-3.3,0.0 (cmd -2.2),0.0 (cmd 0.2)
0.2041,-3.03,-2.06,0.0,-23.91,1.29,0.0,-23.9,-3.0,0.0 (cmd -2.1),0.0 (cmd 1.3)
0.20460000000000003,-2.88,-1.75,0.0,-17.51,2.66,0.0,-17.5,-2.9,0.0 (cmd -1.8),0.0 (cmd 2.7)
0.20510000000000003,-2.62,-1.47,0.0,-12.74,3.52,0.0,-12.7,-2.6,0.0 (cmd -1.5),0.0 (cmd 3.5)
0.2056,-2.24,-1.03,0.0,-8.09,4.23,0.0,-8.1,-2.2,0.0 (cmd -1.0),0.0 (cmd 4.2)
0.2061,-1.97,-0.72,0.0,-4.8,4.54,0.0,-4.8,-2.0,0.0 (cmd -0.7),0.0 (cmd 4.5)
0.2066,-1.87,-0.44,0.0,-1.27,4.6,0.0,-1.3,-1.9,0.0 (cmd -0.4),0.0 (cmd 4.6)
0.20710000000000003,-1.31,-0.55,0.0,-0.72,4.1,0.0,-0.7,-1.3,0.0 (cmd -0.6),0.0 (cmd 4.1)
0.20760000000000003,-0.41,-0.88,0.0,-1.16,3.28,0.0,-1.2,-0.4,0.0 (cmd -0.9),0.0 (cmd 3.3)
0.2081,-0.2,-1.21,0.0,-2.2,2.45,0.0,-2.2,-0.2,0.0 (cmd -1.2),0.0 (cmd 2.5)
0.2086,-0.46,-1.24,0.0,-2.85,1.63,0.0,-2.9,-0.5,0.0 (cmd -1.2),0.0 (cmd 1.6)
0.2091,-0.63,-1.18,0.0,-4.51,0.95,0.0,-4.5,-0.6,0.0 (cmd -1.2),0.0 (cmd 0.9)
0.20960000000000004,-0.73,-1.17,0.0,-5.96,0.55,0.0,-6.0,-0.7,0.0 (cmd -1.2),0.0 (cmd 0.6)
0.2101,-0.96,-1.32,0.0,-8.79,-0.36,0.0,-8.8,-1.0,0.0 (cmd -1.3),0.0 (cmd -0.4)
0.21059999999999998,-1.29,-1.39,0.0,-11.67,-0.95,0.0,-11.7,-1.3,0.0 (cmd -1.4),0.0 (cmd -0.9)
0.21109999999999998,-2.27,-1.53,0.0,-19.52,-1.95,0.0,-19.5,-2.3,0.0 (cmd -1.5),0.0 (cmd -1.9)
0.21159999999999998,-3.01,-1.55,0.0,-21.38,-3.18,0.0,-21.4,-3.0,0.0 (cmd -1.6),0.0 (cmd -3.2)
0.2121,-3.49,-1.49,0.0,-31.75,-2.86,0.0,-31.8,-3.5,0.0 (cmd -1.5),0.0 (cmd -2.9)
0.2126,-3.72,-1.63,0.0,-36.27,-6.01,0.0,-36.3,-3.7,0.0 (cmd -1.6),0.0 (cmd -6.0)
0.21309999999999998,-3.83,-1.84,0.0,-39.73,-5.82,0.0,-39.7,-3.8,0.0 (cmd -1.8),0.0 (cmd -5.8)
0.21359999999999998,-3.98,-2.04,0.0,-41.99,-5.22,0.0,-42.0,-4.0,0.0 (cmd -2.0),0.0 (cmd -5.2)
0.21409999999999998,-4.31,-2.23,0.0,-43.28,-4.31,0.0,-43.3,-4.3,0.0 (cmd -2.2),0.0 (cmd -4.3)
0.2146,-4.51,-2.36,0.0,-43.48,-3.22,0.0,-43.5,-4.5,0.0 (cmd -2.4),0.0 (cmd -3.2)
0.2151,-4.66,-2.44,0.0,-42.65,-1.97,0.0,-42.6,-4.7,0.0 (cmd -2.4),0.0 (cmd -2.0)
0.21559999999999999,-4.73,-2.44,0.0,-40.57,-0.91,0.0,-40.6,-4.7,0.0 (cmd -2.4),0.0 (cmd -0.9)
0.2161,-4.76,-2.34,0.0,-36.45,0.39,0.0,-36.5,-4.8,0.0 (cmd -2.3),0.0 (cmd 0.4)
0.2166,-4.49,-2.11,0.0,-29.62,1.81,0.0,-29.6,-4.5,0.0 (cmd -2.1),0.0 (cmd 1.8)
0.21710000000000002,-4.28,-1.37,0.0,-19.71,4.56,0.0,-19.7,-4.3,0.0 (cmd -1.4),0.0 (cmd 4.6)
0.21760000000000002,-4.14,-0.8,0.0,-12.03,5.47,0.0,-12.0,-4.1,0.0 (cmd -0.8),0.0 (cmd 5.5)
0.2181,-3.75,0.32,0.0,-5.24,6.65,0.0,-5.2,-3.8,0.0 (cmd 0.3),0.0 (cmd 6.7)
0.2186,-3.19,0.62,0.0,-0.82,6.75,0.0,-0.8,-3.2,0.0 (cmd 0.6),0.0 (cmd 6.8)
0.2191,-3.06,0.47,0.0,0.93,6.25,0.0,0.9,-3.1,0.0 (cmd 0.5),0.0 (cmd 6.2)
0.21960000000000002,-2.98,0.03,0.0,-0.11,5.05,0.0,-0.1,-3.0,0.0 (cmd 0.0),0.0 (cmd 5.0)
0.22010000000000002,-3.18,-0.51,0.0,-0.42,3.71,0.0,-0.4,-3.2,0.0 (cmd -0.5),0.0 (cmd 3.7)
0.2206,-3.26,-0.63,0.0,-0.27,2.92,0.0,-0.3,-3.3,0.0 (cmd -0.6),0.0 (cmd 2.9)
0.2211,-3.6,-0.52,0.0,1.29,2.55,0.0,1.3,-3.6,0.0 (cmd -0.5),0.0 (cmd 2.5)
0.2216,-3.3,-0.52,0.0,1.76,2.4,0.0,1.8,-3.3,0.0 (cmd -0.5),0.0 (cmd 2.4)
0.22210000000000002,-3.24,-0.64,0.0,1.48,1.82,0.0,1.5,-3.2,0.0 (cmd -0.6),0.0 (cmd 1.8)
0.22260000000000002,-2.93,-0.76,0.0,0.83,1.28,0.0,0.8,-2.9,0.0 (cmd -0.8),0.0 (cmd 1.3)
0.2231,-2.29,-0.94,0.0,-0.02,0.78,0.0,-0.0,-2.3,0.0 (cmd -0.9),0.0 (cmd 0.8)
0.2236,-2.06,-1.06,0.0,-0.75,0.34,0.0,-0.8,-2.1,0.0 (cmd -1.1),0.0 (cmd 0.3)
0.2241,-1.86,-1.17,0.0,-1.9,0.0,0.0,-1.9,-1.9,0.0 (cmd -1.2),0.0 (cmd 0.0)
0.22460000000000002,-1.58,-1.23,0.0,-3.25,-0.31,0.0,-3.2,-1.6,0.0 (cmd -1.2),0.0 (cmd -0.3)
0.22510000000000002,-1.38,-1.35,0.0,-6.38,-0.64,0.0,-6.4,-1.4,0.0 (cmd -1.4),0.0 (cmd -0.6)
0.2256,-0.68,-1.58,0.0,-10.45,-1.68,0.0,-10.4,-0.7,0.0 (cmd -1.6),0.0 (cmd -1.7)
0.2261,-0.12,-1.84,0.0,-15.52,-2.17,0.0,-15.5,-0.1,0.0 (cmd -1.8),0.0 (cmd -2.2)
0.2266,-0.16,-2.0,0.0,-18.84,-2.87,0.0,-18.8,-0.2,0.0 (cmd -2.0),0.0 (cmd -2.9)
0.22710000000000002,-0.44,-1.99,0.0,-29.99,-6.39,0.0,-30.0,-0.4,0.0 (cmd -2.0),0.0 (cmd -6.4)
0.22760000000000002,-1.21,-2.01,0.0,-38.14,-5.59,0.0,-38.1,-1.2,0.0 (cmd -2.0),0.0 (cmd -5.6)
0.2281,-3.21,-1.96,0.0,-41.95,-7.09,0.0,-42.0,-3.2,0.0 (cmd -2.0),0.0 (cmd -7.1)
0.2286,-3.61,-1.85,0.0,-43.88,-6.58,0.0,-43.9,-3.6,0.0 (cmd -1.9),0.0 (cmd -6.6)
0.2291,-3.65,-2.05,0.0,-44.93,-5.06,0.0,-44.9,-3.6,0.0 (cmd -2.0),0.0 (cmd -5.1)
0.22960000000000003,-4.06,-2.29,0.0,-44.4,-3.67,0.0,-44.4,-4.1,0.0 (cmd -2.3),0.0 (cmd -3.7)
0.23010000000000003,-4.3,-2.34,0.0,-42.16,-1.92,0.0,-42.2,-4.3,0.0 (cmd -2.3),0.0 (cmd -1.9)
0.2306,-4.1,-2.3,0.0,-38.19,-0.38,0.0,-38.2,-4.1,0.0 (cmd -2.3),0.0 (cmd -0.4)
0.2311,-3.51,-2.14,0.0,-30.91,1.73,0.0,-30.9,-3.5,0.0 (cmd -2.1),0.0 (cmd 1.7)
0.2316,-2.58,-1.98,0.0,-20.38,3.29,0.0,-20.4,-2.6,0.0 (cmd -2.0),0.0 (cmd 3.3)
0.23210000000000003,-2.14,-1.03,0.0,-13.03,5.61,0.0,-13.0,-2.1,0.0 (cmd -1.0),0.0 (cmd 5.6)
0.23260000000000003,-2.53,0.13,0.0,-6.69,6.75,0.0,-6.7,-2.5,0.0 (cmd 0.1),0.0 (cmd 6.8)
0.2331,-2.74,0.34,0.0,-4.99,6.32,0.0,-5.0,-2.7,0.0 (cmd 0.3),0.0 (cmd 6.3)
0.2336,-2.99,0.0,0.0,-4.0,5.28,0.0,-4.0,-3.0,0.0 (cmd 0.0),0.0 (cmd 5.3)
0.2341,-3.1,-0.22,0.0,-3.69,4.48,0.0,-3.7,-3.1,0.0 (cmd -0.2),0.0 (cmd 4.5)
0.23460000000000003,-3.26,-0.51,0.0,-4.04,3.57,0.0,-4.0,-3.3,0.0 (cmd -0.5),0.0 (cmd 3.6)
0.23510000000000003,-3.72,-0.66,0.0,-4.74,2.75,0.0,-4.7,-3.7,0.0 (cmd -0.7),0.0 (cmd 2.8)
0.2356,-3.74,-0.71,0.0,-5.32,2.05,0.0,-5.3,-3.7,0.0 (cmd -0.7),0.0 (cmd 2.0)
0.2361,-3.77,-0.88,0.0,-6.61,1.23,0.0,-6.6,-3.8,0.0 (cmd -0.9),0.0 (cmd 1.2)
0.2366,-3.71,-1.16,0.0,-10.24,0.02,0.0,-10.2,-3.7,0.0 (cmd -1.2),0.0 (cmd 0.0)
0.23710000000000003,-3.67,-1.51,0.0,-17.81,-1.24,0.0,-17.8,-3.7,0.0 (cmd -1.5),0.0 (cmd -1.2)
0.23760000000000003,-4.03,-1.76,0.0,-25.28,-2.85,0.0,-25.3,-4.0,0.0 (cmd -1.8),0.0 (cmd -2.9)
0.2381,-4.19,-1.83,0.0,-32.8,-4.7,0.0,-32.8,-4.2,0.0 (cmd -1.8),0.0 (cmd -4.7)
0.2386,-4.59,-1.93,0.0,-36.23,-5.55,0.0,-36.2,-4.6,0.0 (cmd -1.9),0.0 (cmd -5.5)
0.2391,-4.88,-2.02,0.0,-39.15,-5.36,0.0,-39.1,-4.9,0.0 (cmd -2.0),0.0 (cmd -5.4)
0.23960000000000004,-4.7,-2.2,0.0,-42.07,-4.8,0.0,-42.1,-4.7,0.0 (cmd -2.2),0.0 (cmd -4.8)
0.24010000000000004,-4.62,-2.41,0.0,-42.58,-3.77,0.0,-42.6,-4.6,0.0 (cmd -2.4),0.0 (cmd -3.8)
0.24059999999999998,-4.3,-2.57,0.0,-41.99,-2.46,0.0,-42.0,-4.3,0.0 (cmd -2.6),0.0 (cmd -2.5)
0.24109999999999998,-4.15,-2.65,0.0,-40.49,-1.12,0.0,-40.5,-4.2,0.0 (cmd -2.6),0.0 (cmd -1.1)
0.24159999999999998,-4.11,-2.55,0.0,-38.45,0.06,0.0,-38.5,-4.1,0.0 (cmd -2.5),0.0 (cmd 0.1)
0.2421,-2.97,-2.55,0.0,-33.07,0.54,0.0,-33.1,-3.0,0.0 (cmd -2.5),0.0 (cmd 0.5)
0.2426,-2.4,-2.05,0.0,-27.19,3.81,0.0,-27.2,-2.4,0.0 (cmd -2.0),0.0 (cmd 3.8)
0.24309999999999998,-1.83,-1.04,0.0,-14.85,5.93,0.0,-14.8,-1.8,0.0 (cmd -1.0),0.0 (cmd 5.9)
0.24359999999999998,-1.8,-1.11,0.0,-10.97,5.37,0.0,-11.0,-1.8,0.0 (cmd -1.1),0.0 (cmd 5.4)
0.24409999999999998,-1.97,-0.18,0.0,-4.95,6.1,0.0,-5.0,-2.0,0.0 (cmd -0.2),0.0 (cmd 6.1)
0.2446,-2.01,0.08,0.0,-1.76,5.88,0.0,-1.8,-2.0,0.0 (cmd 0.1),0.0 (cmd 5.9)
0.2451,-1.88,0.04,0.0,-3.64,5.32,0.0,-3.6,-1.9,0.0 (cmd 0.0),0.0 (cmd 5.3)
0.24559999999999998,-1.86,-0.8,0.0,-2.83,3.57,0.0,-2.8,-1.9,0.0 (cmd -0.8),0.0 (cmd 3.6)
0.24609999999999999,-1.9,-0.73,0.0,-1.92,3.24,0.0,-1.9,-1.9,0.0 (cmd -0.7),0.0 (cmd 3.2)
0.24659999999999999,-2.15,-0.75,0.0,-2.45,2.66,0.0,-2.5,-2.1,0.0 (cmd -0.8),0.0 (cmd 2.7)
0.24710000000000001,-2.18,-0.9,0.0,-3.89,1.66,0.0,-3.9,-2.2,0.0 (cmd -0.9),0.0 (cmd 1.7)
0.24760000000000001,-2.08,-1.01,0.0,-4.73,0.98,0.0,-4.7,-2.1,0.0 (cmd -1.0),0.0 (cmd 1.0)
0.2481,-2.07,-1.08,0.0,-15.48,0.64,0.0,-15.5,-2.1,0.0 (cmd -1.1),0.0 (cmd 0.6)
0.2486,-2.11,-1.72,0.0,-22.17,-2.69,0.0,-22.2,-2.1,0.0 (cmd -1.7),0.0 (cmd -2.7)
0.2491,-2.74,-1.79,0.0,-30.43,-3.59,0.0,-30.4,-2.7,0.0 (cmd -1.8),0.0 (cmd -3.6)
0.24960000000000002,-3.64,-1.76,0.0,-34.97,-6.26,0.0,-35.0,-3.6,0.0 (cmd -1.8),0.0 (cmd -6.3)
0.25010000000000004,-3.89,-1.86,0.0,-38.97,-6.17,0.0,-39.0,-3.9,0.0 (cmd -1.9),0.0 (cmd -6.2)
0.2506,-3.85,-2.04,0.0,-40.51,-5.01,0.0,-40.5,-3.9,0.0 (cmd -2.0),0.0 (cmd -5.0)
0.2511,-3.74,-2.27,0.0,-40.89,-3.96,0.0,-40.9,-3.7,0.0 (cmd -2.3),0.0 (cmd -4.0)
0.2516,-3.55,-2.45,0.0,-40.87,-2.84,0.0,-40.9,-3.5,0.0 (cmd -2.5),0.0 (cmd -2.8)
0.25210000000000005,-3.45,-2.57,0.0,-39.43,-1.46,0.0,-39.4,-3.5,0.0 (cmd -2.6),0.0 (cmd -1.5)
0.25260000000000005,-3.09,-2.51,0.0,-35.77,-0.23,0.0,-35.8,-3.1,0.0 (cmd -2.5),0.0 (cmd -0.2)
0.2531,-2.68,-2.35,0.0,-28.65,1.57,0.0,-28.6,-2.7,0.0 (cmd -2.4),0.0 (cmd 1.6)
0.2536,-2.0,-1.94,0.0,-19.81,3.57,0.0,-19.8,-2.0,0.0 (cmd -1.9),0.0 (cmd 3.6)
0.2541,-1.74,-1.28,0.0,-9.83,5.05,0.0,-9.8,-1.7,0.0 (cmd -1.3),0.0 (cmd 5.0)
0.25460000000000005,-1.97,0.31,0.0,-1.01,6.84,0.0,-1.0,-2.0,0.0 (cmd 0.3),0.0 (cmd 6.8)
0.25510000000000005,-2.22,1.16,0.0,2.42,7.37,0.0,2.4,-2.2,0.0 (cmd 1.2),0.0 (cmd 7.4)
0.2556,-2.74,0.86,0.0,1.04,6.03,0.0,1.0,-2.7,0.0 (cmd 0.9),0.0 (cmd 6.0)
0.25610000000000005,-2.24,-0.06,0.0,0.0,4.34,0.0,0.0,-2.2,0.0 (cmd -0.1),0.0 (cmd 4.3)
0.25660000000000005,-1.8,-0.53,0.0,0.01,3.32,0.0,0.0,-1.8,0.0 (cmd -0.5),0.0 (cmd 3.3)
0.2571,-1.59,-0.63,0.0,2.11,3.06,0.0,2.1,-1.6,0.0 (cmd -0.6),0.0 (cmd 3.1)
0.2576,-1.12,-0.75,0.0,2.15,2.61,0.0,2.1,-1.1,0.0 (cmd -0.8),0.0 (cmd 2.6)
0.25809999999999994,-0.58,-0.86,0.0,1.88,1.93,0.0,1.9,-0.6,0.0 (cmd -0.9),0.0 (cmd 1.9)
0.2586,-0.07,-1.03,0.0,1.76,1.45,0.0,1.8,-0.1,0.0 (cmd -1.0),0.0 (cmd 1.4)
0.2591,0.33,-1.15,0.0,1.67,1.03,0.0,1.7,0.3,0.0 (cmd -1.1),0.0 (cmd 1.0)
0.2596,0.62,-1.18,0.0,1.31,0.82,0.0,1.3,0.6,0.0 (cmd -1.2),0.0 (cmd 0.8)
0.2601,1.12,-1.22,0.0,0.98,0.54,0.0,1.0,1.1,0.0 (cmd -1.2),0.0 (cmd 0.5)
0.26059999999999994,1.63,-1.3,0.0,0.76,0.28,0.0,0.8,1.6,0.0 (cmd -1.3),0.0 (cmd 0.3)
0.2611,1.85,-1.36,0.0,0.25,0.09,0.0,0.2,1.9,0.0 (cmd -1.4),0.0 (cmd 0.1)
0.2616,2.35,-1.37,0.0,0.02,0.0,0.0,0.0,2.4,0.0 (cmd -1.4),0.0 (cmd 0.0)
0.2621,2.75,-1.37,0.0,-0.13,-0.06,0.0,-0.1,2.8,0.0 (cmd -1.4),0.0 (cmd -0.1)
0.2626,2.79,-1.37,0.0,-0.3,-0.08,0.0,-0.3,2.8,0.0 (cmd -1.4),0.0 (cmd -0.1)
0.26309999999999995,2.7,-1.3,0.0,-0.6,-0.1,0.0,-0.6,2.7,0.0 (cmd -1.3),0.0 (cmd -0.1)
0.2636,2.65,-1.21,0.0,-0.69,-0.1,0.0,-0.7,2.6,0.0 (cmd -1.2),0.0 (cmd -0.1)
0.2641,2.63,-1.15,0.0,-0.71,-0.06,0.0,-0.7,2.6,0.0 (cmd -1.1),0.0 (cmd -0.1)
0.2646,2.61,-1.12,0.0,-0.82,-0.04,0.0,-0.8,2.6,0.0 (cmd -1.1),0.0 (cmd -0.0)
0.2651,2.62,-1.08,0.0,-1.03,-0.02,0.0,-1.0,2.6,0.0 (cmd -1.1),0.0 (cmd -0.0)
0.26559999999999995,2.63,-1.09,0.0,-1.04,-0.04,0.0,-1.0,2.6,0.0 (cmd -1.1),0.0 (cmd -0.0)
0.2661,2.63,-1.07,0.0,-1.03,0.0,0.0,-1.0,2.6,0.0 (cmd -1.1),0.0 (cmd 0.0)
0.2666,2.63,-1.05,0.0,-1.08,0.03,0.0,-1.1,2.6,0.0 (cmd -1.1),0.0 (cmd 0.0)
0.2671,2.6,-1.04,0.0,-1.14,0.03,0.0,-1.1,2.6,0.0 (cmd -1.0),0.0 (cmd 0.0)
0.2676,2.59,-1.04,0.0,-1.3,0.03,0.0,-1.3,2.6,0.0 (cmd -1.0),0.0 (cmd 0.0)
0.26809999999999995,2.59,-1.04,0.0,-1.61,0.02,0.0,-1.6,2.6,0.0 (cmd -1.0),0.0 (cmd 0.0)
0.2686,2.65,-1.06,0.0,-1.73,-0.02,0.0,-1.7,2.6,0.0 (cmd -1.1),0.0 (cmd -0.0)
0.2691,2.79,-1.08,0.0,-1.82,-0.04,0.0,-1.8,2.8,0.0 (cmd -1.1),0.0 (cmd -0.0)
0.2696,2.82,-1.1,0.0,-1.95,-0.01,0.0,-1.9,2.8,0.0 (cmd -1.1),0.0 (cmd -0.0)
0.2701,2.69,-1.09,0.0,-2.12,0.0,0.0,-2.1,2.7,0.0 (cmd -1.1),0.0 (cmd 0.0)
0.27059999999999995,2.42,-1.05,0.0,-2.24,-0.01,0.0,-2.2,2.4,0.0 (cmd -1.1),0.0 (cmd -0.0)
0.2711,2.27,-1.0,0.0,-2.33,0.02,0.0,-2.3,2.3,0.0 (cmd -1.0),0.0 (cmd 0.0)
0.2716,2.25,-1.0,0.0,-2.5,0.02,0.0,-2.5,2.2,0.0 (cmd -1.0),0.0 (cmd 0.0)
0.2721,2.21,-1.01,0.0,-2.67,0.01,0.0,-2.7,2.2,0.0 (cmd -1.0),0.0 (cmd 0.0)
0.2726,2.19,-1.03,0.0,-2.79,0.01,0.0,-2.8,2.2,0.0 (cmd -1.0),0.0 (cmd 0.0)
0.27309999999999995,2.25,-1.06,0.0,-3.06,0.0,0.0,-3.1,2.2,0.0 (cmd -1.1),0.0 (cmd 0.0)
0.2736,2.39,-1.11,0.0,-3.3,-0.02,0.0,-3.3,2.4,0.0 (cmd -1.1),0.0 (cmd -0.0)
0.2741,2.5,-1.15,0.0,-3.41,-0.03,0.0,-3.4,2.5,0.0 (cmd -1.1),0.0 (cmd -0.0)
0.2746,2.59,-1.18,0.0,-3.56,0.0,0.0,-3.6,2.6,0.0 (cmd -1.2),0.0 (cmd 0.0)
0.2751,2.72,-1.22,0.0,-3.97,-0.05,0.0,-4.0,2.7,0.0 (cmd -1.2),0.0 (cmd -0.1)
0.27559999999999996,2.84,-1.27,0.0,-4.37,-0.13,0.0,-4.4,2.8,0.0 (cmd -1.3),0.0 (cmd -0.1)
0.2761,2.96,-1.33,0.0,-4.55,-0.14,0.0,-4.5,3.0,0.0 (cmd -1.3),0.0 (cmd -0.1)
0.2766,2.73,-1.3,0.0,-4.52,-0.06,0.0,-4.5,2.7,0.0 (cmd -1.3),0.0 (cmd -0.1)
0.2771,2.7,-1.21,0.0,-4.54,0.05,0.0,-4.5,2.7,0.0 (cmd -1.2),0.0 (cmd 0.1)
0.2776,2.57,-1.19,0.0,-4.56,0.1,0.0,-4.6,2.6,0.0 (cmd -1.2),0.0 (cmd 0.1)
0.27809999999999996,2.36,-1.18,0.0,-4.12,0.16,0.0,-4.1,2.4,0.0 (cmd -1.2),0.0 (cmd 0.2)
0.2786,1.86,-1.04,0.0,-2.92,0.31,0.0,-2.9,1.9,0.0 (cmd -1.0),0.0 (cmd 0.3)
0.2791,1.34,-0.81,0.0,-2.55,0.65,0.0,-2.5,1.3,0.0 (cmd -0.8),0.0 (cmd 0.7)
0.2796,0.42,-0.75,0.0,-1.95,0.68,0.0,-1.9,0.4,0.0 (cmd -0.8),0.0 (cmd 0.7)
0.2801,0.32,-0.56,0.0,-0.37,0.84,0.0,-0.4,0.3,0.0 (cmd -0.6),0.0 (cmd 0.8)
0.28059999999999996,0.13,-0.48,0.0,0.19,1.1,0.0,0.2,0.1,0.0 (cmd -0.5),0.0 (cmd 1.1)
0.2811,-0.01,-0.49,0.0,0.95,1.07,0.0,0.9,-0.0,0.0 (cmd -0.5),0.0 (cmd 1.1)
0.2816,-0.21,-0.46,0.0,1.31,1.07,0.0,1.3,-0.2,0.0 (cmd -0.5),0.0 (cmd 1.1)
0.2821,-0.3,-0.48,0.0,1.32,0.89,0.0,1.3,-0.3,0.0 (cmd -0.5),0.0 (cmd 0.9)
0.2826,-0.51,-0.54,0.0,1.51,0.71,0.0,1.5,-0.5,0.0 (cmd -0.5),0.0 (cmd 0.7)
0.28309999999999996,-0.59,-0.55,0.0,1.49,0.63,0.0,1.5,-0.6,0.0 (cmd -0.6),0.0 (cmd 0.6)
0.2836,-0.77,-0.59,0.0,1.46,0.49,0.0,1.5,-0.8,0.0 (cmd -0.6),0.0 (cmd 0.5)
0.2841,-0.91,-0.6,0.0,1.43,0.4,0.0,1.4,-0.9,0.0 (cmd -0.6),0.0 (cmd 0.4)
0.2846,-1.04,-0.62,0.0,1.31,0.33,0.0,1.3,-1.0,0.0 (cmd -0.6),0.0 (cmd 0.3)
0.2851,-1.12,-0.64,0.0,1.16,0.25,0.0,1.2,-1.1,0.0 (cmd -0.6),0.0 (cmd 0.2)
0.28559999999999997,-1.26,-0.65,0.0,0.92,0.17,0.0,0.9,-1.3,0.0 (cmd -0.7),0.0 (cmd 0.2)
0.2861,-1.2,-0.7,0.0,0.56,0.06,0.0,0.6,-1.2,0.0 (cmd -0.7),0.0 (cmd 0.1)
0.2866,-1.15,-0.77,0.0,0.17,0.0,0.0,0.2,-1.1,0.0 (cmd -0.8),0.0 (cmd 0.0)
0.2871,-1.07,-0.85,0.0,-0.27,-0.14,0.0,-0.3,-1.1,0.0 (cmd -0.8),0.0 (cmd -0.1)
0.2876,-0.94,-0.9,0.0,-0.83,-0.18,0.0,-0.8,-0.9,0.0 (cmd -0.9),0.0 (cmd -0.2)
0.28809999999999997,-0.88,-0.98,0.0,-1.61,-0.4,0.0,-1.6,-0.9,0.0 (cmd -1.0),0.0 (cmd -0.4)
0.2886,-0.85,-1.0,0.0,-1.72,-0.37,0.0,-1.7,-0.8,0.0 (cmd -1.0),0.0 (cmd -0.4)
0.2891,-0.84,-1.0,0.0,-1.77,-0.26,0.0,-1.8,-0.8,0.0 (cmd -1.0),0.0 (cmd -0.3)
0.2896,-0.86,-1.0,0.0,-1.65,-0.16,0.0,-1.6,-0.9,0.0 (cmd -1.0),0.0 (cmd -0.2)
0.2901,-0.91,-0.96,0.0,-1.48,-0.03,0.0,-1.5,-0.9,0.0 (cmd -1.0),0.0 (cmd -0.0)
0.29059999999999997,-0.93,-0.93,0.0,-1.21,0.04,0.0,-1.2,-0.9,0.0 (cmd -0.9),0.0 (cmd 0.0)
0.2911,-0.84,-0.91,0.0,-0.98,0.17,0.0,-1.0,-0.8,0.0 (cmd -0.9),0.0 (cmd 0.2)
0.2916,-0.82,-0.91,0.0,-0.85,0.22,0.0,-0.8,-0.8,0.0 (cmd -0.9),0.0 (cmd 0.2)
0.2921,-0.8,-0.91,0.0,-0.43,0.26,0.0,-0.4,-0.8,0.0 (cmd -0.9),0.0 (cmd 0.3)
0.2926,-0.84,-0.88,0.0,-0.36,0.34,0.0,-0.4,-0.8,0.0 (cmd -0.9),0.0 (cmd 0.3)
0.29309999999999997,-0.85,-0.88,0.0,-0.52,0.25,0.0,-0.5,-0.8,0.0 (cmd -0.9),0.0 (cmd 0.2)
0.2936,-0.78,-0.89,0.0,-0.61,0.18,0.0,-0.6,-0.8,0.0 (cmd -0.9),0.0 (cmd 0.2)
0.29410000000000003,-0.73,-0.92,0.0,-0.68,0.16,0.0,-0.7,-0.7,0.0 (cmd -0.9),0.0 (cmd 0.2)
0.29460000000000003,-0.7,-0.93,0.0,-0.73,0.13,0.0,-0.7,-0.7,0.0 (cmd -0.9),0.0 (cmd 0.1)
0.29510000000000003,-0.68,-0.93,0.0,-0.72,0.12,0.0,-0.7,-0.7,0.0 (cmd -0.9),0.0 (cmd 0.1)
0.2956,-0.66,-0.93,0.0,-0.66,0.13,0.0,-0.7,-0.7,0.0 (cmd -0.9),0.0 (cmd 0.1)
0.29610000000000003,-0.66,-0.92,0.0,-0.45,0.18,0.0,-0.5,-0.7,0.0 (cmd -0.9),0.0 (cmd 0.2)
0.29660000000000003,-0.69,-0.9,0.0,-0.43,0.2,0.0,-0.4,-0.7,0.0 (cmd -0.9),0.0 (cmd 0.2)
0.29710000000000003,-0.73,-0.9,0.0,-0.6,0.15,0.0,-0.6,-0.7,0.0 (cmd -0.9),0.0 (cmd 0.1)
0.29760000000000003,-0.91,-0.91,0.0,-1.02,0.05,0.0,-1.0,-0.9,0.0 (cmd -0.9),0.0 (cmd 0.1)
0.2981,-1.23,-0.85,0.0,-1.53,0.0,0.0,-1.5,-1.2,0.0 (cmd -0.8),0.0 (cmd 0.0)
0.29860000000000003,-1.87,-0.79,0.0,-1.78,-0.04,0.0,-1.8,-1.9,0.0 (cmd -0.8),0.0 (cmd -0.0)
0.29910000000000003,-2.15,-0.73,0.0,-3.16,-0.28,0.0,-3.2,-2.1,0.0 (cmd -0.7),0.0 (cmd -0.3)
0.29960000000000003,-2.41,-0.74,0.0,-4.31,-0.38,0.0,-4.3,-2.4,0.0 (cmd -0.7),0.0 (cmd -0.4)
0.30010000000000003,-2.96,-0.86,0.0,-6.67,-0.71,0.0,-6.7,-3.0,0.0 (cmd -0.9),0.0 (cmd -0.7)
0.3006,-3.31,-0.93,0.0,-9.15,-1.13,0.0,-9.2,-3.3,0.0 (cmd -0.9),0.0 (cmd -1.1)
0.30110000000000003,-3.56,-1.07,0.0,-11.99,-1.67,0.0,-12.0,-3.6,0.0 (cmd -1.1),0.0 (cmd -1.7)
0.30160000000000003,-3.64,-1.24,0.0,-14.08,-1.85,0.0,-14.1,-3.6,0.0 (cmd -1.2),0.0 (cmd -1.9)
0.30210000000000004,-3.58,-1.43,0.0,-16.95,-2.01,0.0,-16.9,-3.6,0.0 (cmd -1.4),0.0 (cmd -2.0)
0.30260000000000004,-3.39,-1.61,0.0,-17.99,-1.85,0.0,-18.0,-3.4,0.0 (cmd -1.6),0.0 (cmd -1.9)
0.3031,-3.61,-1.7,0.0,-19.27,-1.63,0.0,-19.3,-3.6,0.0 (cmd -1.7),0.0 (cmd -1.6)
0.30360000000000004,-3.87,-1.71,0.0,-19.36,-1.36,0.0,-19.4,-3.9,0.0 (cmd -1.7),0.0 (cmd -1.4)
0.30410000000000004,-4.26,-1.61,0.0,-18.52,-0.78,0.0,-18.5,-4.3,0.0 (cmd -1.6),0.0 (cmd -0.8)
0.30460000000000004,-4.26,-1.55,0.0,-16.62,-0.17,0.0,-16.6,-4.3,0.0 (cmd -1.6),0.0 (cmd -0.2)
0.30510000000000004,-3.37,-1.51,0.0,-14.01,0.82,0.0,-14.0,-3.4,0.0 (cmd -1.5),0.0 (cmd 0.8)
0.3056,-2.14,-1.37,0.0,-7.51,1.69,0.0,-7.5,-2.1,0.0 (cmd -1.4),0.0 (cmd 1.7)
0.30610000000000004,-0.91,-1.25,0.0,-3.33,3.28,0.0,-3.3,-0.9,0.0 (cmd -1.2),0.0 (cmd 3.3)
0.30660000000000004,-0.11,-1.35,0.0,-1.11,3.37,0.0,-1.1,-0.1,0.0 (cmd -1.4),0.0 (cmd 3.4)
0.30710000000000004,-0.81,-1.23,0.0,0.05,3.12,0.0,0.1,-0.8,0.0 (cmd -1.2),0.0 (cmd 3.1)
0.30760000000000004,-3.09,-0.74,0.0,1.74,2.91,0.0,1.7,-3.1,0.0 (cmd -0.7),0.0 (cmd 2.9)
0.3081,-6.62,0.15,0.0,3.34,2.82,0.0,3.3,-6.6,0.0 (cmd 0.1),0.0 (cmd 2.8)
0.30860000000000004,-11.98,1.81,0.0,4.36,2.8,0.0,4.4,-12.0,0.0 (cmd 1.8),0.0 (cmd 2.8)
0.30910000000000004,-19.45,3.25,0.0,4.9,2.76,0.0,4.9,-19.4,0.0 (cmd 3.2),0.0 (cmd 2.8)
0.30960000000000004,-27.71,4.55,0.0,5.09,2.6,0.0,5.1,-27.7,0.0 (cmd 4.5),0.0 (cmd 2.6)
0.31010000000000004,-31.43,5.74,0.0,4.98,2.43,0.0,5.0,-31.4,0.0 (cmd 5.7),0.0 (cmd 2.4)
0.3106,-39.16,5.3,0.0,4.88,2.06,0.0,4.9,-39.2,0.0 (cmd 5.3),0.0 (cmd 2.1)
0.31110000000000004,-43.21,5.62,0.0,4.35,1.88,0.0,4.3,-43.2,0.0 (cmd 5.6),0.0 (cmd 1.9)
0.31160000000000004,-45.28,5.18,0.0,4.21,1.52,0.0,4.2,-45.3,0.0 (cmd 5.2),0.0 (cmd 1.5)
0.31210000000000004,-46.6,4.14,0.0,4.04,1.26,0.0,4.0,-46.6,0.0 (cmd 4.1),0.0 (cmd 1.3)
0.31260000000000004,-46.12,2.99,0.0,3.54,1.0,0.0,3.5,-46.1,0.0 (cmd 3.0),0.0 (cmd 1.0)
0.3131,-43.54,1.63,0.0,3.35,0.72,0.0,3.4,-43.5,0.0 (cmd 1.6),0.0 (cmd 0.7)
0.31360000000000005,-41.55,0.5,0.0,2.98,0.56,0.0,3.0,-41.5,0.0 (cmd 0.5),0.0 (cmd 0.6)
0.31410000000000005,-39.07,-0.38,0.0,2.86,0.45,0.0,2.9,-39.1,0.0 (cmd -0.4),0.0 (cmd 0.5)
0.31460000000000005,-38.19,-0.9,0.0,2.75,0.39,0.0,2.8,-38.2,0.0 (cmd -0.9),0.0 (cmd 0.4)
0.31510000000000005,-35.69,-1.09,0.0,1.92,0.32,0.0,1.9,-35.7,0.0 (cmd -1.1),0.0 (cmd 0.3)
0.3156,-33.76,-1.87,0.0,1.33,0.0,0.0,1.3,-33.8,0.0 (cmd -1.9),0.0 (cmd 0.0)
0.31610000000000005,-20.17,-4.9,0.0,1.11,-0.16,0.0,1.1,-20.2,0.0 (cmd -4.9),0.0 (cmd -0.2)
0.31660000000000005,-11.1,-5.08,0.0,-1.6,-0.66,0.0,-1.6,-11.1,0.0 (cmd -5.1),0.0 (cmd -0.7)
0.31710000000000005,-1.62,-7.07,0.0,-3.43,-0.71,0.0,-3.4,-1.6,0.0 (cmd -7.1),0.0 (cmd -0.7)
0.31760000000000005,-1.31,-5.8,0.0,-6.32,-1.63,0.0,-6.3,-1.3,0.0 (cmd -5.8),0.0 (cmd -1.6)
0.31809999999999994,-2.05,-5.04,0.0,-7.16,-1.8,0.0,-7.2,-2.0,0.0 (cmd -5.0),0.0 (cmd -1.8)
0.31860000000000005,-2.56,-4.33,0.0,-6.93,-1.61,0.0,-6.9,-2.6,0.0 (cmd -4.3),0.0 (cmd -1.6)
0.31910000000000005,-4.32,-3.47,0.0,-7.09,-1.3,0.0,-7.1,-4.3,0.0 (cmd -3.5),0.0 (cmd -1.3)
0.3196,-4.89,-2.56,0.0,-7.06,-0.92,0.0,-7.1,-4.9,0.0 (cmd -2.6),0.0 (cmd -0.9)
0.32009999999999994,-4.53,-2.15,0.0,-7.11,-0.61,0.0,-7.1,-4.5,0.0 (cmd -2.1),0.0 (cmd -0.6)
0.3206,-3.81,-2.09,0.0,-7.65,-0.51,0.0,-7.7,-3.8,0.0 (cmd -2.1),0.0 (cmd -0.5)
0.3211,-3.63,-2.01,0.0,-8.36,-0.44,0.0,-8.4,-3.6,0.0 (cmd -2.0),0.0 (cmd -0.4)
0.32159999999999994,-3.4,-1.89,0.0,-8.98,-0.54,0.0,-9.0,-3.4,0.0 (cmd -1.9),0.0 (cmd -0.5)
0.3221,-3.44,-1.81,0.0,-9.37,-0.5,0.0,-9.4,-3.4,0.0 (cmd -1.8),0.0 (cmd -0.5)
0.32259999999999994,-3.65,-1.67,0.0,-9.7,-0.34,0.0,-9.7,-3.6,0.0 (cmd -1.7),0.0 (cmd -0.3)
0.3231,-4.01,-1.55,0.0,-10.35,-0.28,0.0,-10.3,-4.0,0.0 (cmd -1.6),0.0 (cmd -0.3)
0.3236,-4.67,-1.34,0.0,-9.61,-0.18,0.0,-9.6,-4.7,0.0 (cmd -1.3),0.0 (cmd -0.2)
0.32409999999999994,-4.86,-1.17,0.0,-8.71,0.31,0.0,-8.7,-4.9,0.0 (cmd -1.2),0.0 (cmd 0.3)
0.3246,-5.82,-1.01,0.0,-6.47,0.44,0.0,-6.5,-5.8,0.0 (cmd -1.0),0.0 (cmd 0.4)
0.32509999999999994,-6.91,-0.58,0.0,-4.69,1.37,0.0,-4.7,-6.9,0.0 (cmd -0.6),0.0 (cmd 1.4)
0.3256,-7.67,-0.21,0.0,-3.76,1.64,0.0,-3.8,-7.7,0.0 (cmd -0.2),0.0 (cmd 1.6)
0.3261,-11.8,0.38,0.0,-3.65,1.45,0.0,-3.6,-11.8,0.0 (cmd 0.4),0.0 (cmd 1.4)
0.32659999999999995,-16.61,0.61,0.0,-3.38,1.3,0.0,-3.4,-16.6,0.0 (cmd 0.6),0.0 (cmd 1.3)
0.3271,-18.08,1.62,0.0,-3.08,1.35,0.0,-3.1,-18.1,0.0 (cmd 1.6),0.0 (cmd 1.4)
0.32759999999999995,-22.38,2.74,0.0,-2.2,1.55,0.0,-2.2,-22.4,0.0 (cmd 2.7),0.0 (cmd 1.6)
0.3281,-24.49,2.4,0.0,-1.71,1.43,0.0,-1.7,-24.5,0.0 (cmd 2.4),0.0 (cmd 1.4)
0.3286,-25.98,2.39,0.0,-1.61,1.31,0.0,-1.6,-26.0,0.0 (cmd 2.4),0.0 (cmd 1.3)
0.32909999999999995,-25.97,1.92,0.0,-1.49,1.11,0.0,-1.5,-26.0,0.0 (cmd 1.9),0.0 (cmd 1.1)
0.3296,-23.48,1.32,0.0,-1.38,0.94,0.0,-1.4,-23.5,0.0 (cmd 1.3),0.0 (cmd 0.9)
0.33009999999999995,-22.41,0.23,0.0,-1.07,0.76,0.0,-1.1,-22.4,0.0 (cmd 0.2),0.0 (cmd 0.8)
0.3306,-20.17,-0.42,0.0,-0.57,0.69,0.0,-0.6,-20.2,0.0 (cmd -0.4),0.0 (cmd 0.7)
0.3311,-20.17,-0.88,0.0,0.27,0.67,0.0,0.3,-20.2,0.0 (cmd -0.9),0.0 (cmd 0.7)
0.33159999999999995,-18.91,-1.05,0.0,0.9,0.83,0.0,0.9,-18.9,0.0 (cmd -1.1),0.0 (cmd 0.8)
0.3321,-18.13,-1.04,0.0,0.96,0.79,0.0,1.0,-18.1,0.0 (cmd -1.0),0.0 (cmd 0.8)
0.33259999999999995,-17.84,-1.14,0.0,0.85,0.62,0.0,0.8,-17.8,0.0 (cmd -1.1),0.0 (cmd 0.6)
0.3331,-17.66,-1.14,0.0,0.83,0.5,0.0,0.8,-17.7,0.0 (cmd -1.1),0.0 (cmd 0.5)
0.3336,-17.52,-1.06,0.0,0.92,0.44,0.0,0.9,-17.5,0.0 (cmd -1.1),0.0 (cmd 0.4)
0.33409999999999995,-17.48,-0.99,0.0,0.97,0.42,0.0,1.0,-17.5,0.0 (cmd -1.0),0.0 (cmd 0.4)
0.3346,-17.51,-0.91,0.0,1.1,0.39,0.0,1.1,-17.5,0.0 (cmd -0.9),0.0 (cmd 0.4)
0.33509999999999995,-18.05,-0.79,0.0,1.32,0.4,0.0,1.3,-18.1,0.0 (cmd -0.8),0.0 (cmd 0.4)
0.3356,-18.46,-0.55,0.0,1.53,0.47,0.0,1.5,-18.5,0.0 (cmd -0.6),0.0 (cmd 0.5)
0.3361,-18.16,-0.6,0.0,1.52,0.44,0.0,1.5,-18.2,0.0 (cmd -0.6),0.0 (cmd 0.4)
0.33659999999999995,-16.16,-1.08,0.0,1.53,0.34,0.0,1.5,-16.2,0.0 (cmd -1.1),0.0 (cmd 0.3)
0.3371,-15.01,-1.24,0.0,1.46,0.28,0.0,1.5,-15.0,0.0 (cmd -1.2),0.0 (cmd 0.3)
0.33759999999999996,-13.54,-1.47,0.0,0.77,0.14,0.0,0.8,-13.5,0.0 (cmd -1.5),0.0 (cmd 0.1)
0.3381,-12.32,-1.59,0.0,0.44,-0.05,0.0,0.4,-12.3,0.0 (cmd -1.6),0.0 (cmd -0.1)
0.3386,-12.09,-1.7,0.0,0.44,-0.08,0.0,0.4,-12.1,0.0 (cmd -1.7),0.0 (cmd -0.1)
0.33909999999999996,-10.45,-1.62,0.0,0.38,-0.04,0.0,0.4,-10.4,0.0 (cmd -1.6),0.0 (cmd -0.0)
0.3396,-8.22,-1.82,0.0,0.21,-0.08,0.0,0.2,-8.2,0.0 (cmd -1.8),0.0 (cmd -0.1)
0.34009999999999996,-7.7,-2.06,0.0,-0.15,-0.2,0.0,-0.1,-7.7,0.0 (cmd -2.1),0.0 (cmd -0.2)
0.3406,-7.41,-1.88,0.0,-2.16,-0.22,0.0,-2.2,-7.4,0.0 (cmd -1.9),0.0 (cmd -0.2)
0.3411,-7.23,-1.84,0.0,-4.44,-0.82,0.0,-4.4,-7.2,0.0 (cmd -1.8),0.0 (cmd -0.8)
0.34159999999999996,-7.19,-1.8,0.0,-7.24,-1.63,0.0,-7.2,-7.2,0.0 (cmd -1.8),0.0 (cmd -1.6)
0.3421,-6.99,-1.79,0.0,-8.34,-1.73,0.0,-8.3,-7.0,0.0 (cmd -1.8),0.0 (cmd -1.7)
0.34259999999999996,-6.99,-1.66,0.0,-9.23,-1.55,0.0,-9.2,-7.0,0.0 (cmd -1.7),0.0 (cmd -1.6)
0.3431,-6.96,-1.51,0.0,-7.3,-0.92,0.0,-7.3,-7.0,0.0 (cmd -1.5),0.0 (cmd -0.9)
0.3436,-6.93,-1.32,0.0,-6.21,-0.15,0.0,-6.2,-6.9,0.0 (cmd -1.3),0.0 (cmd -0.1)
0.34409999999999996,-6.95,-1.2,0.0,-5.77,0.13,0.0,-5.8,-7.0,0.0 (cmd -1.2),0.0 (cmd 0.1)
0.3446,-6.71,-1.13,0.0,-6.11,0.21,0.0,-6.1,-6.7,0.0 (cmd -1.1),0.0 (cmd 0.2)
0.34509999999999996,-5.81,-1.2,0.0,-6.82,0.0,0.0,-6.8,-5.8,0.0 (cmd -1.2),0.0 (cmd 0.0)
0.3456,-4.84,-1.47,0.0,-7.68,-0.16,0.0,-7.7,-4.8,0.0 (cmd -1.5),0.0 (cmd -0.2)
0.3461,-4.17,-1.77,0.0,-8.6,-0.38,0.0,-8.6,-4.2,0.0 (cmd -1.8),0.0 (cmd -0.4)
0.34659999999999996,-3.54,-1.76,0.0,-8.32,-0.38,0.0,-8.3,-3.5,0.0 (cmd -1.8),0.0 (cmd -0.4)
0.3471,-3.32,-1.75,0.0,-7.88,-0.05,0.0,-7.9,-3.3,0.0 (cmd -1.8),0.0 (cmd -0.1)
0.34759999999999996,-2.66,-1.69,0.0,-6.43,0.23,0.0,-6.4,-2.7,0.0 (cmd -1.7),0.0 (cmd 0.2)
0.3481,-2.56,-1.62,0.0,-5.42,0.61,0.0,-5.4,-2.6,0.0 (cmd -1.6),0.0 (cmd 0.6)
0.3486,-3.21,-1.33,0.0,-4.89,0.75,0.0,-4.9,-3.2,0.0 (cmd -1.3),0.0 (cmd 0.8)
0.34909999999999997,-4.83,-0.93,0.0,-4.66,0.84,0.0,-4.7,-4.8,0.0 (cmd -0.9),0.0 (cmd 0.8)
0.3496,-6.27,-0.52,0.0,-4.25,0.85,0.0,-4.2,-6.3,0.0 (cmd -0.5),0.0 (cmd 0.8)
0.35009999999999997,-7.09,-0.25,0.0,-3.98,0.89,0.0,-4.0,-7.1,0.0 (cmd -0.2),0.0 (cmd 0.9)
0.3506,-7.81,-0.18,0.0,-3.62,0.89,0.0,-3.6,-7.8,0.0 (cmd -0.2),0.0 (cmd 0.9)
0.3511,-8.77,-0.12,0.0,-2.85,0.86,0.0,-2.9,-8.8,0.0 (cmd -0.1),0.0 (cmd 0.9)
0.35159999999999997,-9.42,0.08,0.0,-2.3,1.0,0.0,-2.3,-9.4,0.0 (cmd 0.1),0.0 (cmd 1.0)
0.3521,-10.73,0.08,0.0,-1.6,1.02,0.0,-1.6,-10.7,0.0 (cmd 0.1),0.0 (cmd 1.0)
0.35259999999999997,-11.51,0.24,0.0,-1.24,1.03,0.0,-1.2,-11.5,0.0 (cmd 0.2),0.0 (cmd 1.0)
0.3531,-11.32,0.22,0.0,-1.16,0.96,0.0,-1.2,-11.3,0.0 (cmd 0.2),0.0 (cmd 1.0)
0.3536,-10.39,-0.12,0.0,-1.53,0.7,0.0,-1.5,-10.4,0.0 (cmd -0.1),0.0 (cmd 0.7)
0.35409999999999997,-9.49,-0.55,0.0,-2.51,0.42,0.0,-2.5,-9.5,0.0 (cmd -0.6),0.0 (cmd 0.4)
0.3546,-8.22,-1.03,0.0,-5.55,-0.27,0.0,-5.5,-8.2,0.0 (cmd -1.0),0.0 (cmd -0.3)
0.35509999999999997,-6.8,-1.6,0.0,-7.69,-1.19,0.0,-7.7,-6.8,0.0 (cmd -1.6),0.0 (cmd -1.2)
0.3556,-6.24,-1.87,0.0,-11.72,-1.96,0.0,-11.7,-6.2,0.0 (cmd -1.9),0.0 (cmd -2.0)
0.3561,-6.19,-1.89,0.0,-13.72,-1.94,0.0,-13.7,-6.2,0.0 (cmd -1.9),0.0 (cmd -1.9)
0.3566,-6.2,-1.85,0.0,-13.82,-1.86,0.0,-13.8,-6.2,0.0 (cmd -1.9),0.0 (cmd -1.9)
0.35710000000000003,-6.19,-1.73,0.0,-13.01,-1.19,0.0,-13.0,-6.2,0.0 (cmd -1.7),0.0 (cmd -1.2)
0.3576,-6.08,-1.55,0.0,-11.35,-0.3,0.0,-11.3,-6.1,0.0 (cmd -1.6),0.0 (cmd -0.3)
0.35810000000000003,-6.08,-1.47,0.0,-11.13,0.07,0.0,-11.1,-6.1,0.0 (cmd -1.5),0.0 (cmd 0.1)
0.35860000000000003,-5.99,-1.39,0.0,-9.35,0.36,0.0,-9.3,-6.0,0.0 (cmd -1.4),0.0 (cmd 0.4)
0.3591,-5.94,-1.23,0.0,-7.99,0.91,0.0,-8.0,-5.9,0.0 (cmd -1.2),0.0 (cmd 0.9)
0.35960000000000003,-5.92,-1.12,0.0,-6.95,1.13,0.0,-7.0,-5.9,0.0 (cmd -1.1),0.0 (cmd 1.1)
0.3601,-5.83,-1.09,0.0,-6.56,1.1,0.0,-6.6,-5.8,0.0 (cmd -1.1),0.0 (cmd 1.1)
0.36060000000000003,-5.81,-1.05,0.0,-5.84,1.14,0.0,-5.8,-5.8,0.0 (cmd -1.1),0.0 (cmd 1.1)
0.36110000000000003,-5.85,-1.0,0.0,-5.72,1.05,0.0,-5.7,-5.8,0.0 (cmd -1.0),0.0 (cmd 1.1)
0.3616,-5.83,-1.0,0.0,-5.8,0.87,0.0,-5.8,-5.8,0.0 (cmd -1.0),0.0 (cmd 0.9)
0.36210000000000003,-5.78,-0.98,0.0,-5.8,0.72,0.0,-5.8,-5.8,0.0 (cmd -1.0),0.0 (cmd 0.7)
0.3626,-5.82,-1.01,0.0,-5.6,0.64,0.0,-5.6,-5.8,0.0 (cmd -1.0),0.0 (cmd 0.6)
0.36310000000000003,-6.12,-0.91,0.0,-5.33,0.64,0.0,-5.3,-6.1,0.0 (cmd -0.9),0.0 (cmd 0.6)
0.36360000000000003,-6.18,-0.86,0.0,-5.05,0.65,0.0,-5.0,-6.2,0.0 (cmd -0.9),0.0 (cmd 0.7)
0.3641,-6.14,-0.86,0.0,-4.68,0.65,0.0,-4.7,-6.1,0.0 (cmd -0.9),0.0 (cmd 0.7)
0.36460000000000004,-6.05,-0.88,0.0,-4.36,0.65,0.0,-4.4,-6.0,0.0 (cmd -0.9),0.0 (cmd 0.7)
0.3651,-6.07,-0.88,0.0,-4.06,0.64,0.0,-4.1,-6.1,0.0 (cmd -0.9),0.0 (cmd 0.6)
0.36560000000000004,-6.11,-0.85,0.0,-3.77,0.63,0.0,-3.8,-6.1,0.0 (cmd -0.8),0.0 (cmd 0.6)
0.36610000000000004,-6.14,-0.84,0.0,-3.45,0.63,0.0,-3.5,-6.1,0.0 (cmd -0.8),0.0 (cmd 0.6)
0.3666,-6.19,-0.82,0.0,-3.16,0.63,0.0,-3.2,-6.2,0.0 (cmd -0.8),0.0 (cmd 0.6)
0.36710000000000004,-6.41,-0.8,0.0,-2.91,0.6,0.0,-2.9,-6.4,0.0 (cmd -0.8),0.0 (cmd 0.6)
0.3676,-6.65,-0.7,0.0,-2.47,0.64,0.0,-2.5,-6.7,0.0 (cmd -0.7),0.0 (cmd 0.6)
0.36810000000000004,-6.87,-0.65,0.0,-2.21,0.64,0.0,-2.2,-6.9,0.0 (cmd -0.7),0.0 (cmd 0.6)
0.36860000000000004,-7.19,-0.56,0.0,-1.7,0.64,0.0,-1.7,-7.2,0.0 (cmd -0.6),0.0 (cmd 0.6)
0.3691,-7.51,-0.52,0.0,-1.54,0.68,0.0,-1.5,-7.5,0.0 (cmd -0.5),0.0 (cmd 0.7)
0.36960000000000004,-7.93,-0.5,0.0,-1.48,0.61,0.0,-1.5,-7.9,0.0 (cmd -0.5),0.0 (cmd 0.6)
0.3701,-8.31,-0.46,0.0,-1.24,0.56,0.0,-1.2,-8.3,0.0 (cmd -0.5),0.0 (cmd 0.6)
0.37060000000000004,-8.55,-0.41,0.0,-0.92,0.56,0.0,-0.9,-8.6,0.0 (cmd -0.4),0.0 (cmd 0.6)
0.37110000000000004,-9.17,-0.39,0.0,-0.81,0.55,0.0,-0.8,-9.2,0.0 (cmd -0.4),0.0 (cmd 0.6)
0.3716,-10.26,-0.3,0.0,-0.65,0.54,0.0,-0.7,-10.3,0.0 (cmd -0.3),0.0 (cmd 0.5)
0.37210000000000004,-11.15,0.02,0.0,-0.41,0.57,0.0,-0.4,-11.2,0.0 (cmd 0.0),0.0 (cmd 0.6)
0.3726,-13.41,0.16,0.0,-0.09,0.6,0.0,-0.1,-13.4,0.0 (cmd 0.2),0.0 (cmd 0.6)
0.37310000000000004,-14.08,0.47,0.0,0.14,0.67,0.0,0.1,-14.1,0.0 (cmd 0.5),0.0 (cmd 0.7)
0.37360000000000004,-15.69,0.67,0.0,0.27,0.69,0.0,0.3,-15.7,0.0 (cmd 0.7),0.0 (cmd 0.7)
0.3741,-15.72,0.5,0.0,0.0,0.58,0.0,0.0,-15.7,0.0 (cmd 0.5),0.0 (cmd 0.6)
0.37460000000000004,-14.97,0.07,0.0,-0.2,0.41,0.0,-0.2,-15.0,0.0 (cmd 0.1),0.0 (cmd 0.4)
0.3751,-11.72,-0.63,0.0,-0.31,0.21,0.0,-0.3,-11.7,0.0 (cmd -0.6),0.0 (cmd 0.2)
0.37560000000000004,-10.59,-1.07,0.0,-0.42,0.12,0.0,-0.4,-10.6,0.0 (cmd -1.1),0.0 (cmd 0.1)
0.37610000000000005,-8.72,-1.58,0.0,-0.63,0.02,0.0,-0.6,-8.7,0.0 (cmd -1.6),0.0 (cmd 0.0)
0.3766,-7.25,-1.62,0.0,-1.27,-0.08,0.0,-1.3,-7.2,0.0 (cmd -1.6),0.0 (cmd -0.1)
0.37710000000000005,-7.27,-1.85,0.0,-2.07,-0.31,0.0,-2.1,-7.3,0.0 (cmd -1.9),0.0 (cmd -0.3)
0.3776,-5.93,-1.61,0.0,-2.99,-0.41,0.0,-3.0,-5.9,0.0 (cmd -1.6),0.0 (cmd -0.4)
0.37810000000000005,-4.97,-1.83,0.0,-3.7,-0.56,0.0,-3.7,-5.0,0.0 (cmd -1.8),0.0 (cmd -0.6)
0.37860000000000005,-4.32,-1.91,0.0,-4.76,-0.7,0.0,-4.8,-4.3,0.0 (cmd -1.9),0.0 (cmd -0.7)
0.3791,-2.65,-1.97,0.0,-6.14,-0.9,0.0,-6.1,-2.6,0.0 (cmd -2.0),0.0 (cmd -0.9)
0.37960000000000005,-2.33,-2.25,0.0,-7.39,-1.05,0.0,-7.4,-2.3,0.0 (cmd -2.2),0.0 (cmd -1.1)
0.3801,-2.01,-2.16,0.0,-8.23,-1.14,0.0,-8.2,-2.0,0.0 (cmd -2.2),0.0 (cmd -1.1)
0.38060000000000005,-1.96,-2.01,0.0,-8.93,-1.03,0.0,-8.9,-2.0,0.0 (cmd -2.0),0.0 (cmd -1.0)
0.38110000000000005,-1.94,-1.87,0.0,-9.32,-0.87,0.0,-9.3,-1.9,0.0 (cmd -1.9),0.0 (cmd -0.9)
0.38159999999999994,-1.85,-1.76,0.0,-9.27,-0.64,0.0,-9.3,-1.9,0.0 (cmd -1.8),0.0 (cmd -0.6)
0.3821,-1.66,-1.68,0.0,-9.06,-0.33,0.0,-9.1,-1.7,0.0 (cmd -1.7),0.0 (cmd -0.3)
0.38259999999999994,-1.44,-1.64,0.0,-8.92,-0.12,0.0,-8.9,-1.4,0.0 (cmd -1.6),0.0 (cmd -0.1)
0.3831,-1.2,-1.62,0.0,-8.79,0.0,0.0,-8.8,-1.2,0.0 (cmd -1.6),0.0 (cmd 0.0)
0.3836,-0.73,-1.63,0.0,-8.16,0.15,0.0,-8.2,-0.7,0.0 (cmd -1.6),0.0 (cmd 0.1)
0.38409999999999994,-0.35,-1.61,0.0,-7.07,0.43,0.0,-7.1,-0.3,0.0 (cmd -1.6),0.0 (cmd 0.4)
0.3846,-0.02,-1.5,0.0,-5.49,0.76,0.0,-5.5,-0.0,0.0 (cmd -1.5),0.0 (cmd 0.8)
0.38509999999999994,0.22,-1.44,0.0,-4.69,0.99,0.0,-4.7,0.2,0.0 (cmd -1.4),0.0 (cmd 1.0)
0.3856,0.36,-1.34,0.0,-3.87,1.09,0.0,-3.9,0.4,0.0 (cmd -1.3),0.0 (cmd 1.1)
0.3861,0.59,-1.3,0.0,-3.17,1.11,0.0,-3.2,0.6,0.0 (cmd -1.3),0.0 (cmd 1.1)
0.38659999999999994,0.9,-1.29,0.0,-2.83,1.04,0.0,-2.8,0.9,0.0 (cmd -1.3),0.0 (cmd 1.0)
0.3871,1.14,-1.25,0.0,-2.27,1.0,0.0,-2.3,1.1,0.0 (cmd -1.2),0.0 (cmd 1.0)
0.38759999999999994,1.15,-1.23,0.0,-2.23,0.89,0.0,-2.2,1.1,0.0 (cmd -1.2),0.0 (cmd 0.9)
0.3881,1.1,-1.17,0.0,-1.89,0.76,0.0,-1.9,1.1,0.0 (cmd -1.2),0.0 (cmd 0.8)
0.3886,0.98,-1.08,0.0,-1.74,0.72,0.0,-1.7,1.0,0.0 (cmd -1.1),0.0 (cmd 0.7)
0.38909999999999995,0.96,-1.03,0.0,-1.65,0.65,0.0,-1.6,1.0,0.0 (cmd -1.0),0.0 (cmd 0.7)
0.3896,0.95,-1.01,0.0,-1.43,0.57,0.0,-1.4,0.9,0.0 (cmd -1.0),0.0 (cmd 0.6)
0.39009999999999995,0.93,-0.98,0.0,-1.23,0.54,0.0,-1.2,0.9,0.0 (cmd -1.0),0.0 (cmd 0.5)
0.3906,0.87,-0.95,0.0,-1.14,0.5,0.0,-1.1,0.9,0.0 (cmd -0.9),0.0 (cmd 0.5)
0.3911,0.75,-0.92,0.0,-1.04,0.44,0.0,-1.0,0.8,0.0 (cmd -0.9),0.0 (cmd 0.4)
0.39159999999999995,0.82,-0.91,0.0,-0.93,0.4,0.0,-0.9,0.8,0.0 (cmd -0.9),0.0 (cmd 0.4)
0.3921,0.88,-0.93,0.0,-0.81,0.37,0.0,-0.8,0.9,0.0 (cmd -0.9),0.0 (cmd 0.4)
0.39259999999999995,0.88,-0.93,0.0,-0.66,0.37,0.0,-0.7,0.9,0.0 (cmd -0.9),0.0 (cmd 0.4)
0.3931,0.87,-0.93,0.0,-0.54,0.35,0.0,-0.5,0.9,0.0 (cmd -0.9),0.0 (cmd 0.3)
0.3936,0.87,-0.92,0.0,-0.52,0.32,0.0,-0.5,0.9,0.0 (cmd -0.9),0.0 (cmd 0.3)
0.39409999999999995,0.89,-0.93,0.0,-0.51,0.28,0.0,-0.5,0.9,0.0 (cmd -0.9),0.0 (cmd 0.3)
0.3946,0.9,-0.93,0.0,-0.44,0.25,0.0,-0.4,0.9,0.0 (cmd -0.9),0.0 (cmd 0.2)
0.39509999999999995,0.92,-0.93,0.0,-0.26,0.26,0.0,-0.3,0.9,0.0 (cmd -0.9),0.0 (cmd 0.3)
0.3956,0.96,-0.92,0.0,-0.17,0.26,0.0,-0.2,1.0,0.0 (cmd -0.9),0.0 (cmd 0.3)
0.3961,0.97,-0.92,0.0,-0.06,0.27,0.0,-0.1,1.0,0.0 (cmd -0.9),0.0 (cmd 0.3)
0.39659999999999995,0.97,-0.92,0.0,0.0,0.26,0.0,0.0,1.0,0.0 (cmd -0.9),0.0 (cmd 0.3)
0.3971,0.97,-0.91,0.0,0.11,0.25,0.0,0.1,1.0,0.0 (cmd -0.9),0.0 (cmd 0.2)
0.39759999999999995,0.96,-0.9,0.0,0.22,0.25,0.0,0.2,1.0,0.0 (cmd -0.9),0.0 (cmd 0.2)
0.3981,0.93,-0.9,0.0,0.14,0.23,0.0,0.1,0.9,0.0 (cmd -0.9),0.0 (cmd 0.2)
0.3986,0.91,-0.9,0.0,0.08,0.18,0.0,0.1,0.9,0.0 (cmd -0.9),0.0 (cmd 0.2)
0.39909999999999995,0.89,-0.9,0.0,0.12,0.16,0.0,0.1,0.9,0.0 (cmd -0.9),0.0 (cmd 0.2)
0.3996,0.86,-0.89,0.0,0.19,0.17,0.0,0.2,0.9,0.0 (cmd -0.9),0.0 (cmd 0.2)
0.40009999999999996,0.85,-0.88,0.0,0.25,0.18,0.0,0.2,0.8,0.0 (cmd -0.9),0.0 (cmd 0.2)
0.4006,0.99,-0.88,0.0,0.25,0.17,0.0,0.2,1.0,0.0 (cmd -0.9),0.0 (cmd 0.2)
0.4011,0.91,-0.92,0.0,0.28,0.15,0.0,0.3,0.9,0.0 (cmd -0.9),0.0 (cmd 0.1)
0.40159999999999996,0.89,-0.88,0.0,0.39,0.16,0.0,0.4,0.9,0.0 (cmd -0.9),0.0 (cmd 0.2)
0.4021,0.79,-0.85,0.0,0.55,0.2,0.0,0.6,0.8,0.0 (cmd -0.8),0.0 (cmd 0.2)
0.40259999999999996,0.8,-0.85,0.0,0.55,0.2,0.0,0.6,0.8,0.0 (cmd -0.8),0.0 (cmd 0.2)
0.4031,0.83,-0.86,0.0,0.49,0.17,0.0,0.5,0.8,0.0 (cmd -0.9),0.0 (cmd 0.2)
0.4036,0.84,-0.89,0.0,0.3,0.13,0.0,0.3,0.8,0.0 (cmd -0.9),0.0 (cmd 0.1)
0.40409999999999996,0.88,-0.91,0.0,0.07,0.06,0.0,0.1,0.9,0.0 (cmd -0.9),0.0 (cmd 0.1)
0.4046,0.92,-0.93,0.0,-0.07,0.01,0.0,-0.1,0.9,0.0 (cmd -0.9),0.0 (cmd 0.0)
0.40509999999999996,1.03,-0.94,0.0,-0.12,0.0,0.0,-0.1,1.0,0.0 (cmd -0.9),0.0 (cmd 0.0)
0.4056,1.04,-0.97,0.0,-0.19,0.01,0.0,-0.2,1.0,0.0 (cmd -1.0),0.0 (cmd 0.0)
0.4061,1.07,-0.97,0.0,-0.33,0.01,0.0,-0.3,1.1,0.0 (cmd -1.0),0.0 (cmd 0.0)
0.40659999999999996,1.06,-0.98,0.0,-0.51,-0.02,0.0,-0.5,1.1,0.0 (cmd -1.0),0.0 (cmd -0.0)
0.4071,0.95,-0.97,0.0,-0.55,-0.02,0.0,-0.6,0.9,0.0 (cmd -1.0),0.0 (cmd -0.0)
0.40759999999999996,0.88,-0.93,0.0,-0.52,0.02,0.0,-0.5,0.9,0.0 (cmd -0.9),0.0 (cmd 0.0)
0.4081,0.82,-0.91,0.0,-0.53,0.05,0.0,-0.5,0.8,0.0 (cmd -0.9),0.0 (cmd 0.1)
0.4086,0.82,-0.91,0.0,-0.71,0.05,0.0,-0.7,0.8,0.0 (cmd -0.9),0.0 (cmd 0.1)
0.40909999999999996,0.82,-0.93,0.0,-1.13,0.0,0.0,-1.1,0.8,0.0 (cmd -0.9),0.0 (cmd 0.0)
0.4096,0.88,-0.96,0.0,-1.47,-0.05,0.0,-1.5,0.9,0.0 (cmd -1.0),0.0 (cmd -0.1)
0.41009999999999996,0.87,-1.02,0.0,-1.93,-0.18,0.0,-1.9,0.9,0.0 (cmd -1.0),0.0 (cmd -0.2)
0.4106,0.79,-1.03,0.0,-2.4,-0.21,0.0,-2.4,0.8,0.0 (cmd -1.0),0.0 (cmd -0.2)
0.4111,0.7,-1.02,0.0,-2.84,-0.25,0.0,-2.8,0.7,0.0 (cmd -1.0),0.0 (cmd -0.2)
0.41159999999999997,0.62,-1.04,0.0,-3.03,-0.28,0.0,-3.0,0.6,0.0 (cmd -1.0),0.0 (cmd -0.3)
0.4121,0.58,-1.03,0.0,-3.56,-0.22,0.0,-3.6,0.6,0.0 (cmd -1.0),0.0 (cmd -0.2)
0.41259999999999997,0.62,-1.06,0.0,-3.93,-0.24,0.0,-3.9,0.6,0.0 (cmd -1.1),0.0 (cmd -0.2)
0.4131,0.7,-1.11,0.0,-4.88,-0.24,0.0,-4.9,0.7,0.0 (cmd -1.1),0.0 (cmd -0.2)
0.4136,1.11,-1.19,0.0,-6.83,-0.42,0.0,-6.8,1.1,0.0 (cmd -1.2),0.0 (cmd -0.4)
0.41409999999999997,1.15,-1.48,0.0,-10.1,-1.12,0.0,-10.1,1.1,0.0 (cmd -1.5),0.0 (cmd -1.1)
0.4146,1.09,-1.62,0.0,-12.95,-1.57,0.0,-12.9,1.1,0.0 (cmd -1.6),0.0 (cmd -1.6)
0.41509999999999997,0.96,-1.74,0.0,-16.07,-2.33,0.0,-16.1,1.0,0.0 (cmd -1.7),0.0 (cmd -2.3)
0.4156,0.91,-1.81,0.0,-17.09,-2.22,0.0,-17.1,0.9,0.0 (cmd -1.8),0.0 (cmd -2.2)
0.4161,1.31,-1.93,0.0,-15.97,-1.53,0.0,-16.0,1.3,0.0 (cmd -1.9),0.0 (cmd -1.5)
0.41659999999999997,1.69,-1.91,0.0,-14.75,-0.59,0.0,-14.8,1.7,0.0 (cmd -1.9),0.0 (cmd -0.6)
0.4171,1.64,-1.78,0.0,-12.62,0.39,0.0,-12.6,1.6,0.0 (cmd -1.8),0.0 (cmd 0.4)
0.41759999999999997,1.55,-1.67,0.0,-12.35,0.68,0.0,-12.3,1.6,0.0 (cmd -1.7),0.0 (cmd 0.7)
0.4181,1.31,-1.63,0.0,-13.26,0.57,0.0,-13.3,1.3,0.0 (cmd -1.6),0.0 (cmd 0.6)
0.4186,0.34,-1.58,0.0,-14.98,0.25,0.0,-15.0,0.3,0.0 (cmd -1.6),0.0 (cmd 0.2)
0.4191,0.09,-1.55,0.0,-17.17,-0.2,0.0,-17.2,0.1,0.0 (cmd -1.6),0.0 (cmd -0.2)
0.41960000000000003,0.36,-1.72,0.0,-18.87,-0.57,0.0,-18.9,0.4,0.0 (cmd -1.7),0.0 (cmd -0.6)
0.4201,0.61,-1.87,0.0,-19.41,-0.59,0.0,-19.4,0.6,0.0 (cmd -1.9),0.0 (cmd -0.6)
0.42060000000000003,0.8,-1.98,0.0,-19.88,-0.47,0.0,-19.9,0.8,0.0 (cmd -2.0),0.0 (cmd -0.5)
0.42110000000000003,1.01,-2.05,0.0,-20.48,-0.32,0.0,-20.5,1.0,0.0 (cmd -2.0),0.0 (cmd -0.3)
0.4216,1.39,-2.15,0.0,-21.22,-0.25,0.0,-21.2,1.4,0.0 (cmd -2.1),0.0 (cmd -0.2)
0.42210000000000003,1.76,-2.24,0.0,-22.03,-0.27,0.0,-22.0,1.8,0.0 (cmd -2.2),0.0 (cmd -0.3)
0.4226,1.97,-2.31,0.0,-23.02,-0.26,0.0,-23.0,2.0,0.0 (cmd -2.3),0.0 (cmd -0.3)
0.42310000000000003,2.07,-2.37,0.0,-24.24,-0.29,0.0,-24.2,2.1,0.0 (cmd -2.4),0.0 (cmd -0.3)
0.42360000000000003,2.3,-2.42,0.0,-24.82,-0.39,0.0,-24.8,2.3,0.0 (cmd -2.4),0.0 (cmd -0.4)
0.4241,2.6,-2.46,0.0,-25.22,-0.23,0.0,-25.2,2.6,0.0 (cmd -2.5),0.0 (cmd -0.2)
0.42460000000000003,2.88,-2.45,0.0,-25.71,0.0,0.0,-25.7,2.9,0.0 (cmd -2.5),0.0 (cmd 0.0)
0.4251,3.03,-2.5,0.0,-25.69,0.07,0.0,-25.7,3.0,0.0 (cmd -2.5),0.0 (cmd 0.1)
0.42560000000000003,3.11,-2.46,0.0,-25.68,0.28,0.0,-25.7,3.1,0.0 (cmd -2.5),0.0 (cmd 0.3)
0.42610000000000003,3.14,-2.42,0.0,-25.76,0.44,0.0,-25.8,3.1,0.0 (cmd -2.4),0.0 (cmd 0.4)
0.4266,3.35,-2.41,0.0,-27.29,0.53,0.0,-27.3,3.4,0.0 (cmd -2.4),0.0 (cmd 0.5)
0.42710000000000004,3.66,-2.51,0.0,-27.45,0.2,0.0,-27.4,3.7,0.0 (cmd -2.5),0.0 (cmd 0.2)
0.4276,3.97,-2.56,0.0,-27.78,0.22,0.0,-27.8,4.0,0.0 (cmd -2.6),0.0 (cmd 0.2)
0.42810000000000004,3.98,-2.57,0.0,-27.81,0.39,0.0,-27.8,4.0,0.0 (cmd -2.6),0.0 (cmd 0.4)
0.42860000000000004,3.98,-2.52,0.0,-27.84,0.52,0.0,-27.8,4.0,0.0 (cmd -2.5),0.0 (cmd 0.5)
0.4291,3.84,-2.48,0.0,-27.72,0.63,0.0,-27.7,3.8,0.0 (cmd -2.5),0.0 (cmd 0.6)
0.42960000000000004,3.52,-2.38,0.0,-27.06,0.92,0.0,-27.1,3.5,0.0 (cmd -2.4),0.0 (cmd 0.9)
0.4301,3.49,-2.26,0.0,-26.84,1.01,0.0,-26.8,3.5,0.0 (cmd -2.3),0.0 (cmd 1.0)
0.43060000000000004,3.46,-2.26,0.0,-26.86,1.05,0.0,-26.9,3.5,0.0 (cmd -2.3),0.0 (cmd 1.1)
0.43110000000000004,3.44,-2.27,0.0,-26.99,1.0,0.0,-27.0,3.4,0.0 (cmd -2.3),0.0 (cmd 1.0)
0.4316,3.41,-2.27,0.0,-27.31,0.96,0.0,-27.3,3.4,0.0 (cmd -2.3),0.0 (cmd 1.0)
0.43210000000000004,3.37,-2.29,0.0,-27.37,0.91,0.0,-27.4,3.4,0.0 (cmd -2.3),0.0 (cmd 0.9)
0.4326,3.32,-2.28,0.0,-27.4,0.91,0.0,-27.4,3.3,0.0 (cmd -2.3),0.0 (cmd 0.9)
0.43310000000000004,3.27,-2.27,0.0,-26.99,0.94,0.0,-27.0,3.3,0.0 (cmd -2.3),0.0 (cmd 0.9)
0.43360000000000004,2.76,-2.23,0.0,-26.78,1.1,0.0,-26.8,2.8,0.0 (cmd -2.2),0.0 (cmd 1.1)
0.4341,2.57,-2.11,0.0,-26.9,1.12,0.0,-26.9,2.6,0.0 (cmd -2.1),0.0 (cmd 1.1)
0.43460000000000004,2.52,-2.12,0.0,-27.08,1.03,0.0,-27.1,2.5,0.0 (cmd -2.1),0.0 (cmd 1.0)
0.4351,2.5,-2.15,0.0,-27.23,0.98,0.0,-27.2,2.5,0.0 (cmd -2.1),0.0 (cmd 1.0)
0.43560000000000004,2.46,-2.18,0.0,-27.22,0.96,0.0,-27.2,2.5,0.0 (cmd -2.2),0.0 (cmd 1.0)
0.43610000000000004,2.29,-2.17,0.0,-27.16,0.99,0.0,-27.2,2.3,0.0 (cmd -2.2),0.0 (cmd 1.0)
0.4366,2.17,-2.16,0.0,-27.03,1.01,0.0,-27.0,2.2,0.0 (cmd -2.2),0.0 (cmd 1.0)
0.43710000000000004,2.11,-2.14,0.0,-26.89,1.05,0.0,-26.9,2.1,0.0 (cmd -2.1),0.0 (cmd 1.1)
0.4376,1.99,-2.13,0.0,-26.84,1.08,0.0,-26.8,2.0,0.0 (cmd -2.1),0.0 (cmd 1.1)
0.43810000000000004,1.67,-2.13,0.0,-26.7,1.09,0.0,-26.7,1.7,0.0 (cmd -2.1),0.0 (cmd 1.1)
0.43860000000000005,1.32,-2.06,0.0,-26.7,1.11,0.0,-26.7,1.3,0.0 (cmd -2.1),0.0 (cmd 1.1)
0.4391,1.19,-2.01,0.0,-26.73,1.08,0.0,-26.7,1.2,0.0 (cmd -2.0),0.0 (cmd 1.1)
0.43960000000000005,0.96,-2.03,0.0,-26.75,1.06,0.0,-26.8,1.0,0.0 (cmd -2.0),0.0 (cmd 1.1)
0.4401,0.9,-2.01,0.0,-26.75,1.05,0.0,-26.8,0.9,0.0 (cmd -2.0),0.0 (cmd 1.1)
0.4407,0.91,-2.04,0.0,-26.66,1.04,0.0,-26.7,0.9,0.0 (cmd -2.0),0.0 (cmd 1.0)
0.4412,0.91,-2.08,0.0,-26.56,1.07,0.0,-26.6,0.9,0.0 (cmd -2.1),0.0 (cmd 1.1)
0.44170000000000004,0.89,-2.1,0.0,-26.45,1.07,0.0,-26.4,0.9,0.0 (cmd -2.1),0.0 (cmd 1.1)
0.4422,0.93,-2.11,0.0,-26.37,1.08,0.0,-26.4,0.9,0.0 (cmd -2.1),0.0 (cmd 1.1)
0.44270000000000004,0.97,-2.14,0.0,-26.28,1.07,0.0,-26.3,1.0,0.0 (cmd -2.1),0.0 (cmd 1.1)
0.4432,1.01,-2.16,0.0,-26.21,1.06,0.0,-26.2,1.0,0.0 (cmd -2.2),0.0 (cmd 1.1)
0.4437,1.13,-2.16,0.0,-26.1,1.08,0.0,-26.1,1.1,0.0 (cmd -2.2),0.0 (cmd 1.1)
0.44420000000000004,1.24,-2.19,0.0,-25.66,1.14,0.0,-25.7,1.2,0.0 (cmd -2.2),0.0 (cmd 1.1)
0.4447,1.28,-2.18,0.0,-25.41,1.17,0.0,-25.4,1.3,0.0 (cmd -2.2),0.0 (cmd 1.2)
0.44520000000000004,1.36,-2.17,0.0,-25.09,1.2,0.0,-25.1,1.4,0.0 (cmd -2.2),0.0 (cmd 1.2)
0.4457,1.24,-2.17,0.0,-24.83,1.23,0.0,-24.8,1.2,0.0 (cmd -2.2),0.0 (cmd 1.2)
0.4462,1.11,-2.11,0.0,-24.53,1.23,0.0,-24.5,1.1,0.0 (cmd -2.1),0.0 (cmd 1.2)
0.44670000000000004,0.99,-2.04,0.0,-24.24,1.27,0.0,-24.2,1.0,0.0 (cmd -2.0),0.0 (cmd 1.3)
0.4472,0.96,-2.04,0.0,-24.11,1.26,0.0,-24.1,1.0,0.0 (cmd -2.0),0.0 (cmd 1.3)
0.44770000000000004,0.81,-2.01,0.0,-23.72,1.29,0.0,-23.7,0.8,0.0 (cmd -2.0),0.0 (cmd 1.3)
0.4482,0.53,-1.93,0.0,-23.47,1.27,0.0,-23.5,0.5,0.0 (cmd -1.9),0.0 (cmd 1.3)
0.4487,0.33,-1.9,0.0,-23.23,1.27,0.0,-23.2,0.3,0.0 (cmd -1.9),0.0 (cmd 1.3)
0.44920000000000004,0.21,-1.88,0.0,-23.04,1.26,0.0,-23.0,0.2,0.0 (cmd -1.9),0.0 (cmd 1.3)
0.4497,0.15,-1.89,0.0,-22.83,1.22,0.0,-22.8,0.1,0.0 (cmd -1.9),0.0 (cmd 1.2)
0.45020000000000004,0.03,-1.88,0.0,-22.45,1.23,0.0,-22.4,0.0,0.0 (cmd -1.9),0.0 (cmd 1.2)
0.4507,-0.24,-1.84,0.0,-22.31,1.24,0.0,-22.3,-0.2,0.0 (cmd -1.8),0.0 (cmd 1.2)
0.4512,-0.57,-1.81,0.0,-21.65,1.27,0.0,-21.6,-0.6,0.0 (cmd -1.8),0.0 (cmd 1.3)
0.45170000000000005,-1.1,-1.64,0.0,-20.99,1.36,0.0,-21.0,-1.1,0.0 (cmd -1.6),0.0 (cmd 1.4)
0.4522,-1.59,-1.54,0.0,-20.53,1.43,0.0,-20.5,-1.6,0.0 (cmd -1.5),0.0 (cmd 1.4)
0.45270000000000005,-2.27,-1.41,0.0,-20.06,1.47,0.0,-20.1,-2.3,0.0 (cmd -1.4),0.0 (cmd 1.5)
0.4532,-3.25,-1.23,0.0,-19.42,1.53,0.0,-19.4,-3.2,0.0 (cmd -1.2),0.0 (cmd 1.5)
0.4537,-3.98,-1.11,0.0,-18.76,1.54,0.0,-18.8,-4.0,0.0 (cmd -1.1),0.0 (cmd 1.5)
0.45420000000000005,-4.29,-1.05,0.0,-18.44,1.55,0.0,-18.4,-4.3,0.0 (cmd -1.1),0.0 (cmd 1.6)
0.4547,-3.96,-1.2,0.0,-18.23,1.44,0.0,-18.2,-4.0,0.0 (cmd -1.2),0.0 (cmd 1.4)
0.45520000000000005,-3.12,-1.51,0.0,-18.04,1.28,0.0,-18.0,-3.1,0.0 (cmd -1.5),0.0 (cmd 1.3)
0.4557,-2.76,-1.66,0.0,-17.49,1.2,0.0,-17.5,-2.8,0.0 (cmd -1.7),0.0 (cmd 1.2)
0.4562,-2.66,-1.67,0.0,-17.09,1.24,0.0,-17.1,-2.7,0.0 (cmd -1.7),0.0 (cmd 1.2)
0.45670000000000005,-2.85,-1.63,0.0,-16.33,1.31,0.0,-16.3,-2.9,0.0 (cmd -1.6),0.0 (cmd 1.3)
0.4572,-3.08,-1.53,0.0,-16.08,1.27,0.0,-16.1,-3.1,0.0 (cmd -1.5),0.0 (cmd 1.3)
0.45770000000000005,-4.33,-1.3,0.0,-16.11,1.23,0.0,-16.1,-4.3,0.0 (cmd -1.3),0.0 (cmd 1.2)
0.4582,-4.94,-1.11,0.0,-16.22,1.14,0.0,-16.2,-4.9,0.0 (cmd -1.1),0.0 (cmd 1.1)
0.4587,-5.22,-1.19,0.0,-19.8,0.86,0.0,-19.8,-5.2,0.0 (cmd -1.2),0.0 (cmd 0.9)
0.45920000000000005,-5.09,-1.49,0.0,-21.26,-0.1,0.0,-21.3,-5.1,0.0 (cmd -1.5),0.0 (cmd -0.1)
0.4597,-4.93,-1.65,0.0,-21.56,-0.31,0.0,-21.6,-4.9,0.0 (cmd -1.6),0.0 (cmd -0.3)
0.46020000000000005,-4.72,-1.68,0.0,-20.25,0.16,0.0,-20.2,-4.7,0.0 (cmd -1.7),0.0 (cmd 0.2)
0.4607,-4.46,-1.75,0.0,-17.57,0.47,0.0,-17.6,-4.5,0.0 (cmd -1.8),0.0 (cmd 0.5)
0.4612,-4.31,-1.41,0.0,-13.32,1.94,0.0,-13.3,-4.3,0.0 (cmd -1.4),0.0 (cmd 1.9)
0.46170000000000005,-3.35,-1.21,0.0,-8.39,2.98,0.0,-8.4,-3.4,0.0 (cmd -1.2),0.0 (cmd 3.0)
0.4622,-3.27,-1.2,0.0,-6.18,2.89,0.0,-6.2,-3.3,0.0 (cmd -1.2),0.0 (cmd 2.9)
0.46270000000000006,-3.24,-0.99,0.0,-3.33,3.07,0.0,-3.3,-3.2,0.0 (cmd -1.0),0.0 (cmd 3.1)
0.4632,-3.07,-0.83,0.0,-2.81,3.15,0.0,-2.8,-3.1,0.0 (cmd -0.8),0.0 (cmd 3.1)
0.4637,-3.58,-0.9,0.0,-2.81,2.49,0.0,-2.8,-3.6,0.0 (cmd -0.9),0.0 (cmd 2.5)
0.46420000000000006,-4.71,-0.72,0.0,-2.06,2.05,0.0,-2.1,-4.7,0.0 (cmd -0.7),0.0 (cmd 2.0)
0.4647,-6.42,-0.15,0.0,-1.52,1.95,0.0,-1.5,-6.4,0.0 (cmd -0.1),0.0 (cmd 1.9)
0.46520000000000006,-7.08,-0.05,0.0,-0.01,1.91,0.0,-0.0,-7.1,0.0 (cmd -0.1),0.0 (cmd 1.9)
0.4657,-7.48,0.04,0.0,0.44,1.79,0.0,0.4,-7.5,0.0 (cmd 0.0),0.0 (cmd 1.8)
0.4662,-7.86,0.05,0.0,0.86,1.56,0.0,0.9,-7.9,0.0 (cmd 0.1),0.0 (cmd 1.6)
0.46670000000000006,-8.45,0.0,0.0,2.17,1.36,0.0,2.2,-8.4,0.0 (cmd 0.0),0.0 (cmd 1.4)
0.4672,-8.98,0.09,0.0,3.19,1.55,0.0,3.2,-9.0,0.0 (cmd 0.1),0.0 (cmd 1.6)
0.46770000000000006,-9.86,0.16,0.0,4.04,1.46,0.0,4.0,-9.9,0.0 (cmd 0.2),0.0 (cmd 1.5)
0.4682,-11.25,0.26,0.0,4.43,1.42,0.0,4.4,-11.2,0.0 (cmd 0.3),0.0 (cmd 1.4)
0.4687,-12.43,0.57,0.0,4.75,1.28,0.0,4.8,-12.4,0.0 (cmd 0.6),0.0 (cmd 1.3)
0.46920000000000006,-13.11,0.54,0.0,4.71,1.15,0.0,4.7,-13.1,0.0 (cmd 0.5),0.0 (cmd 1.1)
0.4697,-13.76,0.52,0.0,4.73,0.95,0.0,4.7,-13.8,0.0 (cmd 0.5),0.0 (cmd 0.9)
0.47020000000000006,-13.52,0.3,0.0,5.09,0.83,0.0,5.1,-13.5,0.0 (cmd 0.3),0.0 (cmd 0.8)
0.4707,-12.55,0.0,0.0,5.7,0.74,0.0,5.7,-12.6,0.0 (cmd 0.0),0.0 (cmd 0.7)
0.4712,-9.64,-0.48,0.0,5.38,0.74,0.0,5.4,-9.6,0.0 (cmd -0.5),0.0 (cmd 0.7)
0.47170000000000006,-8.29,-1.32,0.0,3.95,0.14,0.0,4.0,-8.3,0.0 (cmd -1.3),0.0 (cmd 0.1)
0.4722,-6.75,-1.59,0.0,-1.48,-0.79,0.0,-1.5,-6.8,0.0 (cmd -1.6),0.0 (cmd -0.8)
0.47270000000000006,-6.18,-1.94,0.0,-5.65,-1.77,0.0,-5.7,-6.2,0.0 (cmd -1.9),0.0 (cmd -1.8)
0.4732,-5.84,-1.95,0.0,-9.39,-2.6,0.0,-9.4,-5.8,0.0 (cmd -1.9),0.0 (cmd -2.6)
0.4737,-5.63,-1.96,0.0,-11.88,-3.37,0.0,-11.9,-5.6,0.0 (cmd -2.0),0.0 (cmd -3.4)
0.47420000000000007,-5.28,-1.98,0.0,-15.82,-3.63,0.0,-15.8,-5.3,0.0 (cmd -2.0),0.0 (cmd -3.6)
0.4747,-4.57,-2.08,0.0,-17.71,-3.39,0.0,-17.7,-4.6,0.0 (cmd -2.1),0.0 (cmd -3.4)
0.47520000000000007,-3.35,-2.31,0.0,-17.71,-2.71,0.0,-17.7,-3.4,0.0 (cmd -2.3),0.0 (cmd -2.7)
0.4757,-1.92,-2.51,0.0,-16.59,-1.97,0.0,-16.6,-1.9,0.0 (cmd -2.5),0.0 (cmd -2.0)
0.4762,-1.84,-2.46,0.0,-14.88,-0.81,0.0,-14.9,-1.8,0.0 (cmd -2.5),0.0 (cmd -0.8)
0.47670000000000007,-1.86,-2.23,0.0,-13.13,-0.22,0.0,-13.1,-1.9,0.0 (cmd -2.2),0.0 (cmd -0.2)
0.4772,-2.08,-1.78,0.0,-10.67,0.99,0.0,-10.7,-2.1,0.0 (cmd -1.8),0.0 (cmd 1.0)
0.47770000000000007,-1.82,-1.56,0.0,-9.16,1.38,0.0,-9.2,-1.8,0.0 (cmd -1.6),0.0 (cmd 1.4)
0.4782,-1.77,-1.55,0.0,-8.72,1.23,0.0,-8.7,-1.8,0.0 (cmd -1.6),0.0 (cmd 1.2)
0.4787,-1.77,-1.47,0.0,-8.68,1.17,0.0,-8.7,-1.8,0.0 (cmd -1.5),0.0 (cmd 1.2)
0.47920000000000007,-2.14,-1.4,0.0,-6.8,1.02,0.0,-6.8,-2.1,0.0 (cmd -1.4),0.0 (cmd 1.0)
0.4797,-2.55,-1.09,0.0,-5.06,1.63,0.0,-5.1,-2.5,0.0 (cmd -1.1),0.0 (cmd 1.6)
0.48020000000000007,-3.1,-0.82,0.0,-3.89,1.77,0.0,-3.9,-3.1,0.0 (cmd -0.8),0.0 (cmd 1.8)
0.4807,-11.2,0.09,0.0,-3.34,1.76,0.0,-3.3,-11.2,0.0 (cmd 0.1),0.0 (cmd 1.8)
0.48119999999999996,-12.72,1.43,0.0,-3.07,1.88,0.0,-3.1,-12.7,0.0 (cmd 1.4),0.0 (cmd 1.9)
0.4817000000000001,-13.57,1.63,0.0,-0.64,2.18,0.0,-0.6,-13.6,0.0 (cmd 1.6),0.0 (cmd 2.2)
0.48219999999999996,-13.66,1.24,0.0,-0.38,1.88,0.0,-0.4,-13.7,0.0 (cmd 1.2),0.0 (cmd 1.9)
0.4827,-12.59,0.67,0.0,-0.48,1.49,0.0,-0.5,-12.6,0.0 (cmd 0.7),0.0 (cmd 1.5)
0.48319999999999996,-12.28,0.16,0.0,-0.57,1.1,0.0,-0.6,-12.3,0.0 (cmd 0.2),0.0 (cmd 1.1)
0.48369999999999996,-11.49,-0.29,0.0,-0.49,0.85,0.0,-0.5,-11.5,0.0 (cmd -0.3),0.0 (cmd 0.8)
0.4842,-10.43,-0.54,0.0,-0.37,0.73,0.0,-0.4,-10.4,0.0 (cmd -0.5),0.0 (cmd 0.7)
0.48469999999999996,-10.1,-0.74,0.0,-0.51,0.58,0.0,-0.5,-10.1,0.0 (cmd -0.7),0.0 (cmd 0.6)
0.4852,-9.93,-0.85,0.0,-0.99,0.44,0.0,-1.0,-9.9,0.0 (cmd -0.8),0.0 (cmd 0.4)
0.48569999999999997,-9.14,-1.18,0.0,-5.17,-0.69,0.0,-5.2,-9.1,0.0 (cmd -1.2),0.0 (cmd -0.7)
0.48619999999999997,-7.7,-1.47,0.0,-8.95,-1.6,0.0,-8.9,-7.7,0.0 (cmd -1.5),0.0 (cmd -1.6)
0.4867,-6.83,-1.81,0.0,-13.89,-2.38,0.0,-13.9,-6.8,0.0 (cmd -1.8),0.0 (cmd -2.4)
0.48719999999999997,-6.37,-2.17,0.0,-18.01,-3.11,0.0,-18.0,-6.4,0.0 (cmd -2.2),0.0 (cmd -3.1)
0.4877,-5.5,-2.32,0.0,-20.45,-3.22,0.0,-20.4,-5.5,0.0 (cmd -2.3),0.0 (cmd -3.2)
0.48819999999999997,-4.88,-2.56,0.0,-21.96,-3.13,0.0,-22.0,-4.9,0.0 (cmd -2.6),0.0 (cmd -3.1)
0.48869999999999997,-5.32,-2.41,0.0,-21.53,-2.3,0.0,-21.5,-5.3,0.0 (cmd -2.4),0.0 (cmd -2.3)
0.4892,-5.65,-2.11,0.0,-20.36,-1.29,0.0,-20.4,-5.7,0.0 (cmd -2.1),0.0 (cmd -1.3)
0.48969999999999997,-5.86,-1.93,0.0,-18.9,-0.37,0.0,-18.9,-5.9,0.0 (cmd -1.9),0.0 (cmd -0.4)
0.4902,-5.85,-1.72,0.0,-18.0,0.37,0.0,-18.0,-5.8,0.0 (cmd -1.7),0.0 (cmd 0.4)
0.49069999999999997,-5.82,-1.63,0.0,-15.4,0.74,0.0,-15.4,-5.8,0.0 (cmd -1.6),0.0 (cmd 0.7)
0.49119999999999997,-6.05,-1.44,0.0,-14.28,1.31,0.0,-14.3,-6.0,0.0 (cmd -1.4),0.0 (cmd 1.3)
0.4917,-6.14,-1.14,0.0,-11.8,2.06,0.0,-11.8,-6.1,0.0 (cmd -1.1),0.0 (cmd 2.1)
0.49219999999999997,-6.06,-1.18,0.0,-12.13,1.65,0.0,-12.1,-6.1,0.0 (cmd -1.2),0.0 (cmd 1.6)
0.4927,-5.83,-1.27,0.0,-11.96,1.33,0.0,-12.0,-5.8,0.0 (cmd -1.3),0.0 (cmd 1.3)
0.49319999999999997,-5.67,-1.3,0.0,-9.43,1.27,0.0,-9.4,-5.7,0.0 (cmd -1.3),0.0 (cmd 1.3)
0.49369999999999997,-5.28,-1.14,0.0,-7.71,1.91,0.0,-7.7,-5.3,0.0 (cmd -1.1),0.0 (cmd 1.9)
0.49420000000000003,-4.98,-1.14,0.0,-6.84,1.95,0.0,-6.8,-5.0,0.0 (cmd -1.1),0.0 (cmd 1.9)
0.4947,-4.52,-1.14,0.0,-6.45,1.75,0.0,-6.5,-4.5,0.0 (cmd -1.1),0.0 (cmd 1.8)
0.49520000000000003,-4.28,-1.23,0.0,-6.35,1.46,0.0,-6.3,-4.3,0.0 (cmd -1.2),0.0 (cmd 1.5)
0.4957,-4.21,-1.25,0.0,-6.32,1.23,0.0,-6.3,-4.2,0.0 (cmd -1.2),0.0 (cmd 1.2)
0.4962,-4.5,-1.17,0.0,-6.5,1.01,0.0,-6.5,-4.5,0.0 (cmd -1.2),0.0 (cmd 1.0)
0.49670000000000003,-6.0,-0.97,0.0,-6.95,0.75,0.0,-7.0,-6.0,0.0 (cmd -1.0),0.0 (cmd 0.8)
0.4972,-6.54,-0.77,0.0,-7.06,0.64,0.0,-7.1,-6.5,0.0 (cmd -0.8),0.0 (cmd 0.6)
0.49770000000000003,-6.8,-0.67,0.0,-7.01,0.6,0.0,-7.0,-6.8,0.0 (cmd -0.7),0.0 (cmd 0.6)
0.4982,-6.42,-0.77,0.0,-6.78,0.57,0.0,-6.8,-6.4,0.0 (cmd -0.8),0.0 (cmd 0.6)
0.4987,-6.11,-0.86,0.0,-6.62,0.57,0.0,-6.6,-6.1,0.0 (cmd -0.9),0.0 (cmd 0.6)
0.49920000000000003,-5.67,-1.03,0.0,-6.71,0.49,0.0,-6.7,-5.7,0.0 (cmd -1.0),0.0 (cmd 0.5)
0.4997,-5.37,-1.11,0.0,-6.94,0.4,0.0,-6.9,-5.4,0.0 (cmd -1.1),0.0 (cmd 0.4)
0.5002000000000001,-5.04,-1.26,0.0,-7.49,0.21,0.0,-7.5,-5.0,0.0 (cmd -1.3),0.0 (cmd 0.2)
0.5007,-4.19,-1.3,0.0,-8.17,0.06,0.0,-8.2,-4.2,0.0 (cmd -1.3),0.0 (cmd 0.1)
0.5012,-3.82,-1.53,0.0,-8.65,-0.03,0.0,-8.7,-3.8,0.0 (cmd -1.5),0.0 (cmd -0.0)
0.5017,-3.58,-1.55,0.0,-8.89,-0.09,0.0,-8.9,-3.6,0.0 (cmd -1.6),0.0 (cmd -0.1)
0.5022,-3.71,-1.52,0.0,-9.21,-0.04,0.0,-9.2,-3.7,0.0 (cmd -1.5),0.0 (cmd -0.0)
0.5027,-3.97,-1.4,0.0,-9.57,0.0,0.0,-9.6,-4.0,0.0 (cmd -1.4),0.0 (cmd 0.0)
0.5032,-4.2,-1.32,0.0,-10.27,-0.04,0.0,-10.3,-4.2,0.0 (cmd -1.3),0.0 (cmd -0.0)
0.5037,-4.26,-1.33,0.0,-10.96,-0.09,0.0,-11.0,-4.3,0.0 (cmd -1.3),0.0 (cmd -0.1)
0.5042000000000001,-3.86,-1.38,0.0,-11.32,-0.11,0.0,-11.3,-3.9,0.0 (cmd -1.4),0.0 (cmd -0.1)
0.5047,-3.71,-1.48,0.0,-11.82,-0.16,0.0,-11.8,-3.7,0.0 (cmd -1.5),0.0 (cmd -0.2)
0.5052000000000001,-3.24,-1.57,0.0,-12.1,-0.13,0.0,-12.1,-3.2,0.0 (cmd -1.6),0.0 (cmd -0.1)
0.5057,-2.48,-1.64,0.0,-12.53,-0.08,0.0,-12.5,-2.5,0.0 (cmd -1.6),0.0 (cmd -0.1)
0.5062,-1.85,-1.9,0.0,-12.73,-0.09,0.0,-12.7,-1.9,0.0 (cmd -1.9),0.0 (cmd -0.1)
0.5067,-1.57,-1.89,0.0,-12.77,0.0,0.0,-12.8,-1.6,0.0 (cmd -1.9),0.0 (cmd 0.0)
0.5072,-1.41,-1.83,0.0,-12.59,0.13,0.0,-12.6,-1.4,0.0 (cmd -1.8),0.0 (cmd 0.1)
0.5077,-1.28,-1.78,0.0,-12.48,0.27,0.0,-12.5,-1.3,0.0 (cmd -1.8),0.0 (cmd 0.3)
0.5082,-1.11,-1.77,0.0,-12.53,0.33,0.0,-12.5,-1.1,0.0 (cmd -1.8),0.0 (cmd 0.3)
0.5087,-0.98,-1.75,0.0,-12.55,0.36,0.0,-12.6,-1.0,0.0 (cmd -1.8),0.0 (cmd 0.4)
0.5092000000000001,-1.04,-1.71,0.0,-12.55,0.41,0.0,-12.6,-1.0,0.0 (cmd -1.7),0.0 (cmd 0.4)
0.5097,-1.16,-1.63,0.0,-12.42,0.45,0.0,-12.4,-1.2,0.0 (cmd -1.6),0.0 (cmd 0.5)
0.5102000000000001,-1.4,-1.52,0.0,-11.94,0.58,0.0,-11.9,-1.4,0.0 (cmd -1.5),0.0 (cmd 0.6)
0.5107,-1.57,-1.41,0.0,-11.57,0.71,0.0,-11.6,-1.6,0.0 (cmd -1.4),0.0 (cmd 0.7)
0.5112,-1.84,-1.36,0.0,-11.06,0.8,0.0,-11.1,-1.8,0.0 (cmd -1.4),0.0 (cmd 0.8)
0.5117,-2.36,-1.19,0.0,-10.78,0.87,0.0,-10.8,-2.4,0.0 (cmd -1.2),0.0 (cmd 0.9)
0.5122000000000001,-2.6,-1.14,0.0,-10.47,0.9,0.0,-10.5,-2.6,0.0 (cmd -1.1),0.0 (cmd 0.9)
0.5127,-2.76,-1.12,0.0,-10.04,0.9,0.0,-10.0,-2.8,0.0 (cmd -1.1),0.0 (cmd 0.9)
0.5132000000000001,-2.82,-1.11,0.0,-9.68,0.89,0.0,-9.7,-2.8,0.0 (cmd -1.1),0.0 (cmd 0.9)
0.5136999999999999,-2.83,-1.11,0.0,-9.3,0.92,0.0,-9.3,-2.8,0.0 (cmd -1.1),0.0 (cmd 0.9)
0.5142,-2.8,-1.13,0.0,-8.96,0.89,0.0,-9.0,-2.8,0.0 (cmd -1.1),0.0 (cmd 0.9)
0.5147,-2.78,-1.14,0.0,-8.63,0.88,0.0,-8.6,-2.8,0.0 (cmd -1.1),0.0 (cmd 0.9)
0.5152,-2.81,-1.14,0.0,-8.4,0.87,0.0,-8.4,-2.8,0.0 (cmd -1.1),0.0 (cmd 0.9)
0.5157,-2.91,-1.13,0.0,-8.32,0.81,0.0,-8.3,-2.9,0.0 (cmd -1.1),0.0 (cmd 0.8)
0.5161999999999999,-2.97,-1.12,0.0,-8.23,0.75,0.0,-8.2,-3.0,0.0 (cmd -1.1),0.0 (cmd 0.8)
0.5167,-3.13,-1.12,0.0,-8.18,0.68,0.0,-8.2,-3.1,0.0 (cmd -1.1),0.0 (cmd 0.7)
0.5172,-3.21,-1.08,0.0,-8.11,0.65,0.0,-8.1,-3.2,0.0 (cmd -1.1),0.0 (cmd 0.7)
0.5177,-3.49,-1.09,0.0,-8.1,0.6,0.0,-8.1,-3.5,0.0 (cmd -1.1),0.0 (cmd 0.6)
0.5182,-3.6,-1.05,0.0,-8.15,0.56,0.0,-8.2,-3.6,0.0 (cmd -1.1),0.0 (cmd 0.6)
0.5186999999999999,-3.64,-1.06,0.0,-8.17,0.51,0.0,-8.2,-3.6,0.0 (cmd -1.1),0.0 (cmd 0.5)
0.5192,-3.71,-1.06,0.0,-8.14,0.48,0.0,-8.1,-3.7,0.0 (cmd -1.1),0.0 (cmd 0.5)
0.5197,-3.87,-1.06,0.0,-8.05,0.48,0.0,-8.1,-3.9,0.0 (cmd -1.1),0.0 (cmd 0.5)
0.5202,-3.97,-1.04,0.0,-8.01,0.48,0.0,-8.0,-4.0,0.0 (cmd -1.0),0.0 (cmd 0.5)
0.5207,-4.05,-1.04,0.0,-8.01,0.47,0.0,-8.0,-4.0,0.0 (cmd -1.0),0.0 (cmd 0.5)
0.5211999999999999,-4.13,-1.05,0.0,-8.04,0.45,0.0,-8.0,-4.1,0.0 (cmd -1.1),0.0 (cmd 0.5)
0.5217,-4.24,-1.05,0.0,-8.01,0.43,0.0,-8.0,-4.2,0.0 (cmd -1.1),0.0 (cmd 0.4)
0.5222,-4.32,-1.04,0.0,-8.02,0.43,0.0,-8.0,-4.3,0.0 (cmd -1.0),0.0 (cmd 0.4)
0.5227,-4.33,-1.05,0.0,-8.02,0.41,0.0,-8.0,-4.3,0.0 (cmd -1.1),0.0 (cmd 0.4)
0.5232,-4.37,-1.08,0.0,-8.09,0.39,0.0,-8.1,-4.4,0.0 (cmd -1.1),0.0 (cmd 0.4)
0.5236999999999999,-4.39,-1.08,0.0,-8.17,0.38,0.0,-8.2,-4.4,0.0 (cmd -1.1),0.0 (cmd 0.4)
0.5242,-4.43,-1.1,0.0,-8.38,0.34,0.0,-8.4,-4.4,0.0 (cmd -1.1),0.0 (cmd 0.3)
0.5247,-4.47,-1.12,0.0,-8.95,0.29,0.0,-8.9,-4.5,0.0 (cmd -1.1),0.0 (cmd 0.3)
0.5252,-4.38,-1.17,0.0,-10.05,0.12,0.0,-10.1,-4.4,0.0 (cmd -1.2),0.0 (cmd 0.1)
0.5257000000000001,-4.27,-1.32,0.0,-10.95,-0.18,0.0,-10.9,-4.3,0.0 (cmd -1.3),0.0 (cmd -0.2)
0.5261999999999999,-4.22,-1.36,0.0,-11.33,-0.2,0.0,-11.3,-4.2,0.0 (cmd -1.4),0.0 (cmd -0.2)
0.5267000000000001,-4.11,-1.39,0.0,-11.51,-0.15,0.0,-11.5,-4.1,0.0 (cmd -1.4),0.0 (cmd -0.1)
0.5272,-4.21,-1.41,0.0,-11.6,-0.03,0.0,-11.6,-4.2,0.0 (cmd -1.4),0.0 (cmd -0.0)
0.5277000000000001,-4.19,-1.37,0.0,-11.64,0.06,0.0,-11.6,-4.2,0.0 (cmd -1.4),0.0 (cmd 0.1)
0.5282,-4.09,-1.37,0.0,-11.67,0.15,0.0,-11.7,-4.1,0.0 (cmd -1.4),0.0 (cmd 0.1)
0.5287,-3.98,-1.42,0.0,-12.06,0.17,0.0,-12.1,-4.0,0.0 (cmd -1.4),0.0 (cmd 0.2)
0.5292,-3.69,-1.47,0.0,-12.17,0.18,0.0,-12.2,-3.7,0.0 (cmd -1.5),0.0 (cmd 0.2)
0.5297000000000001,-3.42,-1.54,0.0,-12.6,0.12,0.0,-12.6,-3.4,0.0 (cmd -1.5),0.0 (cmd 0.1)
0.5302,-3.26,-1.59,0.0,-12.78,0.14,0.0,-12.8,-3.3,0.0 (cmd -1.6),0.0 (cmd 0.1)
0.5307000000000001,-3.02,-1.58,0.0,-12.92,0.2,0.0,-12.9,-3.0,0.0 (cmd -1.6),0.0 (cmd 0.2)
0.5311999999999999,-2.64,-1.66,0.0,-13.08,0.2,0.0,-13.1,-2.6,0.0 (cmd -1.7),0.0 (cmd 0.2)
0.5317000000000001,-2.6,-1.7,0.0,-13.31,0.22,0.0,-13.3,-2.6,0.0 (cmd -1.7),0.0 (cmd 0.2)
0.5322,-2.69,-1.66,0.0,-13.48,0.24,0.0,-13.5,-2.7,0.0 (cmd -1.7),0.0 (cmd 0.2)
0.5327000000000001,-2.8,-1.58,0.0,-13.47,0.3,0.0,-13.5,-2.8,0.0 (cmd -1.6),0.0 (cmd 0.3)
0.5332,-2.95,-1.53,0.0,-13.47,0.38,0.0,-13.5,-3.0,0.0 (cmd -1.5),0.0 (cmd 0.4)
0.5337,-3.08,-1.5,0.0,-13.56,0.41,0.0,-13.6,-3.1,0.0 (cmd -1.5),0.0 (cmd 0.4)
0.5342,-3.15,-1.46,0.0,-13.57,0.44,0.0,-13.6,-3.1,0.0 (cmd -1.5),0.0 (cmd 0.4)
0.5347000000000001,-3.13,-1.45,0.0,-13.5,0.48,0.0,-13.5,-3.1,0.0 (cmd -1.4),0.0 (cmd 0.5)
0.5352,-3.03,-1.46,0.0,-13.3,0.54,0.0,-13.3,-3.0,0.0 (cmd -1.5),0.0 (cmd 0.5)
0.5357000000000001,-2.85,-1.49,0.0,-13.24,0.58,0.0,-13.2,-2.9,0.0 (cmd -1.5),0.0 (cmd 0.6)
0.5361999999999999,-2.79,-1.52,0.0,-13.22,0.59,0.0,-13.2,-2.8,0.0 (cmd -1.5),0.0 (cmd 0.6)
0.5367000000000001,-2.82,-1.53,0.0,-13.4,0.53,0.0,-13.4,-2.8,0.0 (cmd -1.5),0.0 (cmd 0.5)
0.5372,-2.88,-1.5,0.0,-13.36,0.53,0.0,-13.4,-2.9,0.0 (cmd -1.5),0.0 (cmd 0.5)
0.5377000000000001,-2.94,-1.48,0.0,-13.49,0.56,0.0,-13.5,-2.9,0.0 (cmd -1.5),0.0 (cmd 0.6)
0.5382,-3.04,-1.47,0.0,-14.18,0.48,0.0,-14.2,-3.0,0.0 (cmd -1.5),0.0 (cmd 0.5)
0.5387,-3.69,-1.5,0.0,-14.57,0.33,0.0,-14.6,-3.7,0.0 (cmd -1.5),0.0 (cmd 0.3)
0.5392,-3.67,-1.36,0.0,-14.6,0.35,0.0,-14.6,-3.7,0.0 (cmd -1.4),0.0 (cmd 0.3)
0.5397000000000001,-3.23,-1.38,0.0,-13.93,0.52,0.0,-13.9,-3.2,0.0 (cmd -1.4),0.0 (cmd 0.5)
0.5402,-3.08,-1.48,0.0,-13.22,0.72,0.0,-13.2,-3.1,0.0 (cmd -1.5),0.0 (cmd 0.7)
0.5407000000000001,-2.94,-1.44,0.0,-9.35,0.99,0.0,-9.3,-2.9,0.0 (cmd -1.4),0.0 (cmd 1.0)
0.5411999999999999,-2.91,-1.18,0.0,-7.56,1.87,0.0,-7.6,-2.9,0.0 (cmd -1.2),0.0 (cmd 1.9)
0.5417000000000001,-3.08,-0.99,0.0,-5.47,2.17,0.0,-5.5,-3.1,0.0 (cmd -1.0),0.0 (cmd 2.2)
0.5422,-3.2,-0.92,0.0,-5.18,2.1,0.0,-5.2,-3.2,0.0 (cmd -0.9),0.0 (cmd 2.1)
0.5427000000000001,-3.65,-0.86,0.0,-4.08,1.84,0.0,-4.1,-3.6,0.0 (cmd -0.9),0.0 (cmd 1.8)
0.5432,-4.6,-0.59,0.0,-3.23,1.84,0.0,-3.2,-4.6,0.0 (cmd -0.6),0.0 (cmd 1.8)
0.5437,-9.18,0.46,0.0,-2.8,1.85,0.0,-2.8,-9.2,0.0 (cmd 0.5),0.0 (cmd 1.9)
0.5442,-10.0,0.67,0.0,-2.08,1.69,0.0,-2.1,-10.0,0.0 (cmd 0.7),0.0 (cmd 1.7)
0.5447000000000001,-10.41,0.47,0.0,-2.01,1.47,0.0,-2.0,-10.4,0.0 (cmd 0.5),0.0 (cmd 1.5)
0.5452,-11.99,0.55,0.0,-1.72,1.25,0.0,-1.7,-12.0,0.0 (cmd 0.6),0.0 (cmd 1.2)
0.5457000000000001,-12.46,0.53,0.0,-1.2,1.13,0.0,-1.2,-12.5,0.0 (cmd 0.5),0.0 (cmd 1.1)
0.5461999999999999,-12.14,0.35,0.0,-1.43,1.03,0.0,-1.4,-12.1,0.0 (cmd 0.3),0.0 (cmd 1.0)
0.5467000000000001,-11.81,0.02,0.0,-1.38,0.79,0.0,-1.4,-11.8,0.0 (cmd 0.0),0.0 (cmd 0.8)
0.5472,-10.68,-0.27,0.0,-1.27,0.65,0.0,-1.3,-10.7,0.0 (cmd -0.3),0.0 (cmd 0.7)
0.5477000000000001,-8.4,-1.06,0.0,-1.25,0.46,0.0,-1.2,-8.4,0.0 (cmd -1.1),0.0 (cmd 0.5)
0.5482,-8.3,-1.25,0.0,-1.32,0.38,0.0,-1.3,-8.3,0.0 (cmd -1.2),0.0 (cmd 0.4)
0.5487,-8.73,-1.06,0.0,-1.93,0.26,0.0,-1.9,-8.7,0.0 (cmd -1.1),0.0 (cmd 0.3)
0.5492,-8.78,-1.04,0.0,-3.71,-0.22,0.0,-3.7,-8.8,0.0 (cmd -1.0),0.0 (cmd -0.2)
0.5497000000000001,-8.93,-1.02,0.0,-4.83,-0.38,0.0,-4.8,-8.9,0.0 (cmd -1.0),0.0 (cmd -0.4)
0.5502,-8.93,-1.03,0.0,-5.44,-0.54,0.0,-5.4,-8.9,0.0 (cmd -1.0),0.0 (cmd -0.5)
0.5507000000000001,-8.23,-1.03,0.0,-5.7,-0.45,0.0,-5.7,-8.2,0.0 (cmd -1.0),0.0 (cmd -0.5)
0.5511999999999999,-5.32,-1.41,0.0,-6.2,-0.5,0.0,-6.2,-5.3,0.0 (cmd -1.4),0.0 (cmd -0.5)
0.5517000000000001,-4.24,-2.13,0.0,-7.4,-0.64,0.0,-7.4,-4.2,0.0 (cmd -2.1),0.0 (cmd -0.6)
0.5522,-3.88,-2.1,0.0,-9.04,-0.69,0.0,-9.0,-3.9,0.0 (cmd -2.1),0.0 (cmd -0.7)
0.5527000000000001,-4.2,-1.92,0.0,-9.22,-0.96,0.0,-9.2,-4.2,0.0 (cmd -1.9),0.0 (cmd -1.0)
0.5532,-4.22,-1.72,0.0,-9.19,-0.63,0.0,-9.2,-4.2,0.0 (cmd -1.7),0.0 (cmd -0.6)
0.5537,-3.9,-1.69,0.0,-10.37,-0.47,0.0,-10.4,-3.9,0.0 (cmd -1.7),0.0 (cmd -0.5)
0.5542,-3.49,-1.69,0.0,-11.45,-0.54,0.0,-11.4,-3.5,0.0 (cmd -1.7),0.0 (cmd -0.5)
0.5547000000000001,-3.19,-1.77,0.0,-12.21,-0.78,0.0,-12.2,-3.2,0.0 (cmd -1.8),0.0 (cmd -0.8)
0.5552,-2.59,-1.86,0.0,-11.69,-0.58,0.0,-11.7,-2.6,0.0 (cmd -1.9),0.0 (cmd -0.6)
0.5557000000000001,-1.64,-1.97,0.0,-9.88,-0.04,0.0,-9.9,-1.6,0.0 (cmd -2.0),0.0 (cmd -0.0)
0.5561999999999999,-1.39,-1.76,0.0,-8.09,0.67,0.0,-8.1,-1.4,0.0 (cmd -1.8),0.0 (cmd 0.7)
0.5567000000000001,-1.36,-1.61,0.0,-5.85,0.96,0.0,-5.8,-1.4,0.0 (cmd -1.6),0.0 (cmd 1.0)
0.5572,-1.56,-1.36,0.0,-4.63,1.4,0.0,-4.6,-1.6,0.0 (cmd -1.4),0.0 (cmd 1.4)
0.5577000000000001,-1.79,-1.13,0.0,-4.27,1.47,0.0,-4.3,-1.8,0.0 (cmd -1.1),0.0 (cmd 1.5)
0.5582,-1.87,-1.04,0.0,-3.2,1.38,0.0,-3.2,-1.9,0.0 (cmd -1.0),0.0 (cmd 1.4)
0.5587,-1.93,-0.97,0.0,-2.17,1.29,0.0,-2.2,-1.9,0.0 (cmd -1.0),0.0 (cmd 1.3)
0.5592,-1.91,-0.88,0.0,-1.82,1.36,0.0,-1.8,-1.9,0.0 (cmd -0.9),0.0 (cmd 1.4)
0.5597000000000001,-2.03,-0.88,0.0,-1.53,1.17,0.0,-1.5,-2.0,0.0 (cmd -0.9),0.0 (cmd 1.2)
0.5602,-2.82,-0.7,0.0,-0.99,1.13,0.0,-1.0,-2.8,0.0 (cmd -0.7),0.0 (cmd 1.1)
0.5607000000000001,-4.58,-0.35,0.0,-0.74,1.04,0.0,-0.7,-4.6,0.0 (cmd -0.3),0.0 (cmd 1.0)
0.5611999999999999,-6.26,0.03,0.0,1.0,1.44,0.0,1.0,-6.3,0.0 (cmd 0.0),0.0 (cmd 1.4)
0.5617000000000001,-9.82,0.57,0.0,0.87,1.3,0.0,0.9,-9.8,0.0 (cmd 0.6),0.0 (cmd 1.3)
0.5622,-13.76,1.05,0.0,0.81,1.14,0.0,0.8,-13.8,0.0 (cmd 1.1),0.0 (cmd 1.1)
0.5627000000000001,-16.43,2.04,0.0,0.23,1.1,0.0,0.2,-16.4,0.0 (cmd 2.0),0.0 (cmd 1.1)
0.5632,-17.55,1.73,0.0,-0.16,0.71,0.0,-0.2,-17.6,0.0 (cmd 1.7),0.0 (cmd 0.7)
0.5637,-17.94,1.41,0.0,-0.39,0.53,0.0,-0.4,-17.9,0.0 (cmd 1.4),0.0 (cmd 0.5)
0.5642,-17.5,0.96,0.0,-0.44,0.42,0.0,-0.4,-17.5,0.0 (cmd 1.0),0.0 (cmd 0.4)
0.5647000000000001,-16.08,0.36,0.0,-0.38,0.35,0.0,-0.4,-16.1,0.0 (cmd 0.4),0.0 (cmd 0.3)
0.5652,-15.73,-0.25,0.0,-0.61,0.27,0.0,-0.6,-15.7,0.0 (cmd -0.2),0.0 (cmd 0.3)
0.5657000000000001,-16.75,-0.12,0.0,-1.16,0.19,0.0,-1.2,-16.8,0.0 (cmd -0.1),0.0 (cmd 0.2)
0.5661999999999999,-18.88,0.27,0.0,-1.51,0.11,0.0,-1.5,-18.9,0.0 (cmd 0.3),0.0 (cmd 0.1)
0.5667000000000001,-19.82,0.32,0.0,-1.81,0.1,0.0,-1.8,-19.8,0.0 (cmd 0.3),0.0 (cmd 0.1)
0.5672,-19.51,0.23,0.0,-1.88,0.08,0.0,-1.9,-19.5,0.0 (cmd 0.2),0.0 (cmd 0.1)
0.5677000000000001,-18.55,-0.12,0.0,-2.2,0.04,0.0,-2.2,-18.6,0.0 (cmd -0.1),0.0 (cmd 0.0)
0.5682,-16.81,-0.68,0.0,-2.39,-0.05,0.0,-2.4,-16.8,0.0 (cmd -0.7),0.0 (cmd -0.1)
0.5687,-14.69,-1.09,0.0,-2.81,-0.14,0.0,-2.8,-14.7,0.0 (cmd -1.1),0.0 (cmd -0.1)
0.5692,-9.32,-1.61,0.0,-2.87,-0.18,0.0,-2.9,-9.3,0.0 (cmd -1.6),0.0 (cmd -0.2)
0.5697000000000001,-4.93,-3.12,0.0,-3.84,-0.53,0.0,-3.8,-4.9,0.0 (cmd -3.1),0.0 (cmd -0.5)
0.5702,-3.43,-3.33,0.0,-4.51,-0.64,0.0,-4.5,-3.4,0.0 (cmd -3.3),0.0 (cmd -0.6)
0.5707000000000001,-1.57,-3.31,0.0,-5.99,-1.11,0.0,-6.0,-1.6,0.0 (cmd -3.3),0.0 (cmd -1.1)
0.5711999999999999,-1.68,-3.25,0.0,-8.88,-1.31,0.0,-8.9,-1.7,0.0 (cmd -3.2),0.0 (cmd -1.3)
0.5717000000000001,-2.24,-2.85,0.0,-12.65,-1.96,0.0,-12.7,-2.2,0.0 (cmd -2.9),0.0 (cmd -2.0)
0.5722,-2.72,-2.58,0.0,-17.72,-3.25,0.0,-17.7,-2.7,0.0 (cmd -2.6),0.0 (cmd -3.2)
0.5727000000000001,-2.98,-2.38,0.0,-17.42,-2.9,0.0,-17.4,-3.0,0.0 (cmd -2.4),0.0 (cmd -2.9)
0.5732,-3.96,-2.13,0.0,-15.12,-1.49,0.0,-15.1,-4.0,0.0 (cmd -2.1),0.0 (cmd -1.5)
0.5736999999999999,-4.92,-1.58,0.0,-12.72,0.02,0.0,-12.7,-4.9,0.0 (cmd -1.6),0.0 (cmd 0.0)
0.5742,-5.47,-1.31,0.0,-10.92,0.41,0.0,-10.9,-5.5,0.0 (cmd -1.3),0.0 (cmd 0.4)
0.5747000000000001,-6.32,-0.57,0.0,-1.91,2.15,0.0,-1.9,-6.3,0.0 (cmd -0.6),0.0 (cmd 2.1)
0.5752,-8.9,0.38,0.0,1.83,3.81,0.0,1.8,-8.9,0.0 (cmd 0.4),0.0 (cmd 3.8)
0.5757000000000001,-9.6,1.15,0.0,3.53,3.77,0.0,3.5,-9.6,0.0 (cmd 1.1),0.0 (cmd 3.8)
0.5761999999999999,-10.15,0.94,0.0,4.46,3.31,0.0,4.5,-10.2,0.0 (cmd 0.9),0.0 (cmd 3.3)
0.5767,-10.53,0.83,0.0,5.79,2.84,0.0,5.8,-10.5,0.0 (cmd 0.8),0.0 (cmd 2.8)
0.5772,-10.15,0.51,0.0,6.28,2.59,0.0,6.3,-10.2,0.0 (cmd 0.5),0.0 (cmd 2.6)
0.5777,-9.87,0.13,0.0,5.97,2.01,0.0,6.0,-9.9,0.0 (cmd 0.1),0.0 (cmd 2.0)
0.5782,-9.88,-0.13,0.0,5.56,1.47,0.0,5.6,-9.9,0.0 (cmd -0.1),0.0 (cmd 1.5)
0.5786999999999999,-10.23,-0.26,0.0,5.45,1.09,0.0,5.5,-10.2,0.0 (cmd -0.3),0.0 (cmd 1.1)
0.5792,-11.16,-0.19,0.0,5.38,0.87,0.0,5.4,-11.2,0.0 (cmd -0.2),0.0 (cmd 0.9)
0.5797,-11.72,0.02,0.0,5.24,0.75,0.0,5.2,-11.7,0.0 (cmd 0.0),0.0 (cmd 0.8)
0.5802,-11.83,-0.05,0.0,4.8,0.59,0.0,4.8,-11.8,0.0 (cmd -0.1),0.0 (cmd 0.6)
0.5807,-10.97,-0.29,0.0,4.62,0.32,0.0,4.6,-11.0,0.0 (cmd -0.3),0.0 (cmd 0.3)
0.5811999999999999,-9.43,-0.69,0.0,4.49,0.2,0.0,4.5,-9.4,0.0 (cmd -0.7),0.0 (cmd 0.2)
0.5817,-9.23,-0.97,0.0,4.5,0.17,0.0,4.5,-9.2,0.0 (cmd -1.0),0.0 (cmd 0.2)
0.5822,-9.81,-0.84,0.0,4.51,0.17,0.0,4.5,-9.8,0.0 (cmd -0.8),0.0 (cmd 0.2)
0.5827,-10.59,-0.55,0.0,4.5,0.2,0.0,4.5,-10.6,0.0 (cmd -0.6),0.0 (cmd 0.2)
0.5832,-10.91,-0.44,0.0,4.45,0.2,0.0,4.5,-10.9,0.0 (cmd -0.4),0.0 (cmd 0.2)
0.5836999999999999,-10.94,-0.43,0.0,4.42,0.19,0.0,4.4,-10.9,0.0 (cmd -0.4),0.0 (cmd 0.2)
0.5842,-10.64,-0.5,0.0,4.38,0.18,0.0,4.4,-10.6,0.0 (cmd -0.5),0.0 (cmd 0.2)
0.5847,-10.56,-0.6,0.0,4.3,0.15,0.0,4.3,-10.6,0.0 (cmd -0.6),0.0 (cmd 0.1)
0.5852,-10.77,-0.57,0.0,4.25,0.15,0.0,4.2,-10.8,0.0 (cmd -0.6),0.0 (cmd 0.1)
0.5857,-11.09,-0.52,0.0,4.2,0.15,0.0,4.2,-11.1,0.0 (cmd -0.5),0.0 (cmd 0.1)
0.5861999999999999,-11.21,-0.5,0.0,3.88,0.12,0.0,3.9,-11.2,0.0 (cmd -0.5),0.0 (cmd 0.1)
0.5867,-11.31,-0.5,0.0,3.68,0.07,0.0,3.7,-11.3,0.0 (cmd -0.5),0.0 (cmd 0.1)
0.5872,-11.62,-0.51,0.0,3.61,0.05,0.0,3.6,-11.6,0.0 (cmd -0.5),0.0 (cmd 0.1)
0.5877,-12.71,-0.36,0.0,3.4,0.05,0.0,3.4,-12.7,0.0 (cmd -0.4),0.0 (cmd 0.1)
0.5882000000000001,-16.6,0.36,0.0,3.17,0.12,0.0,3.2,-16.6,0.0 (cmd 0.4),0.0 (cmd 0.1)
0.5886999999999999,-17.99,0.75,0.0,3.22,0.21,0.0,3.2,-18.0,0.0 (cmd 0.8),0.0 (cmd 0.2)
0.5892000000000001,-19.4,0.91,0.0,3.17,0.3,0.0,3.2,-19.4,0.0 (cmd 0.9),0.0 (cmd 0.3)
0.5897,-19.1,0.69,0.0,2.7,0.23,0.0,2.7,-19.1,0.0 (cmd 0.7),0.0 (cmd 0.2)
0.5902000000000001,-16.81,0.24,0.0,2.56,0.12,0.0,2.6,-16.8,0.0 (cmd 0.2),0.0 (cmd 0.1)
0.5907,-13.54,-0.78,0.0,2.54,0.03,0.0,2.5,-13.5,0.0 (cmd -0.8),0.0 (cmd 0.0)
0.5912,-11.92,-1.44,0.0,2.57,0.0,0.0,2.6,-11.9,0.0 (cmd -1.4),0.0 (cmd 0.0)
0.5917,-11.49,-1.65,0.0,2.49,0.0,0.0,2.5,-11.5,0.0 (cmd -1.6),0.0 (cmd 0.0)
0.5922000000000001,-12.37,-1.35,0.0,2.45,0.02,0.0,2.5,-12.4,0.0 (cmd -1.4),0.0 (cmd 0.0)
0.5927,-13.84,-0.9,0.0,2.39,0.06,0.0,2.4,-13.8,0.0 (cmd -0.9),0.0 (cmd 0.1)
0.5932000000000001,-14.32,-0.54,0.0,2.18,0.08,0.0,2.2,-14.3,0.0 (cmd -0.5),0.0 (cmd 0.1)
0.5936999999999999,-15.06,-0.38,0.0,2.17,0.11,0.0,2.2,-15.1,0.0 (cmd -0.4),0.0 (cmd 0.1)
0.5942000000000001,-15.19,-0.31,0.0,2.01,0.14,0.0,2.0,-15.2,0.0 (cmd -0.3),0.0 (cmd 0.1)
0.5947,-14.74,-0.43,0.0,1.79,0.09,0.0,1.8,-14.7,0.0 (cmd -0.4),0.0 (cmd 0.1)
0.5952000000000001,-14.34,-0.6,0.0,1.62,0.03,0.0,1.6,-14.3,0.0 (cmd -0.6),0.0 (cmd 0.0)
0.5957,-14.29,-0.7,0.0,1.55,0.03,0.0,1.6,-14.3,0.0 (cmd -0.7),0.0 (cmd 0.0)
0.5962,-14.44,-0.67,0.0,1.42,0.04,0.0,1.4,-14.4,0.0 (cmd -0.7),0.0 (cmd 0.0)
0.5967,-14.57,-0.64,0.0,1.44,0.05,0.0,1.4,-14.6,0.0 (cmd -0.6),0.0 (cmd 0.1)
0.5972000000000001,-14.73,-0.6,0.0,1.55,0.12,0.0,1.6,-14.7,0.0 (cmd -0.6),0.0 (cmd 0.1)
0.5977,-15.4,-0.55,0.0,1.39,0.15,0.0,1.4,-15.4,0.0 (cmd -0.6),0.0 (cmd 0.1)
0.5982000000000001,-15.77,-0.4,0.0,1.25,0.15,0.0,1.2,-15.8,0.0 (cmd -0.4),0.0 (cmd 0.1)
0.5986999999999999,-15.88,-0.38,0.0,1.14,0.11,0.0,1.1,-15.9,0.0 (cmd -0.4),0.0 (cmd 0.1)
0.5992000000000001,-15.86,-0.42,0.0,1.0,0.11,0.0,1.0,-15.9,0.0 (cmd -0.4),0.0 (cmd 0.1)
0.5997,-15.73,-0.49,0.0,1.0,0.11,0.0,1.0,-15.7,0.0 (cmd -0.5),0.0 (cmd 0.1)
0.6002000000000001,-15.53,-0.58,0.0,0.96,0.12,0.0,1.0,-15.5,0.0 (cmd -0.6),0.0 (cmd 0.1)
0.6007,-15.5,-0.63,0.0,0.92,0.12,0.0,0.9,-15.5,0.0 (cmd -0.6),0.0 (cmd 0.1)
0.6012,-15.46,-0.65,0.0,0.8,0.13,0.0,0.8,-15.5,0.0 (cmd -0.7),0.0 (cmd 0.1)
0.6017,-15.47,-0.65,0.0,0.74,0.1,0.0,0.7,-15.5,0.0 (cmd -0.7),0.0 (cmd 0.1)
0.6022000000000001,-15.51,-0.65,0.0,0.77,0.12,0.0,0.8,-15.5,0.0 (cmd -0.7),0.0 (cmd 0.1)
0.6027,-15.57,-0.63,0.0,0.68,0.15,0.0,0.7,-15.6,0.0 (cmd -0.6),0.0 (cmd 0.1)
0.6032000000000001,-15.66,-0.61,0.0,0.66,0.14,0.0,0.7,-15.7,0.0 (cmd -0.6),0.0 (cmd 0.1)
0.6036999999999999,-15.63,-0.61,0.0,0.7,0.16,0.0,0.7,-15.6,0.0 (cmd -0.6),0.0 (cmd 0.2)
0.6042000000000001,-15.46,-0.64,0.0,0.74,0.18,0.0,0.7,-15.5,0.0 (cmd -0.6),0.0 (cmd 0.2)
0.6047,-15.38,-0.68,0.0,0.75,0.19,0.0,0.8,-15.4,0.0 (cmd -0.7),0.0 (cmd 0.2)
0.6052000000000001,-15.16,-0.72,0.0,0.73,0.19,0.0,0.7,-15.2,0.0 (cmd -0.7),0.0 (cmd 0.2)
0.6057,-15.11,-0.73,0.0,0.72,0.18,0.0,0.7,-15.1,0.0 (cmd -0.7),0.0 (cmd 0.2)
0.6062,-15.05,-0.74,0.0,0.78,0.19,0.0,0.8,-15.1,0.0 (cmd -0.7),0.0 (cmd 0.2)
0.6067,-15.01,-0.72,0.0,0.87,0.22,0.0,0.9,-15.0,0.0 (cmd -0.7),0.0 (cmd 0.2)
0.6072000000000001,-14.99,-0.71,0.0,0.92,0.23,0.0,0.9,-15.0,0.0 (cmd -0.7),0.0 (cmd 0.2)
0.6077,-14.98,-0.7,0.0,0.92,0.23,0.0,0.9,-15.0,0.0 (cmd -0.7),0.0 (cmd 0.2)
0.6082000000000001,-14.94,-0.69,0.0,0.89,0.22,0.0,0.9,-14.9,0.0 (cmd -0.7),0.0 (cmd 0.2)
0.6086999999999999,-14.93,-0.69,0.0,0.86,0.2,0.0,0.9,-14.9,0.0 (cmd -0.7),0.0 (cmd 0.2)
0.6092000000000001,-14.91,-0.69,0.0,0.84,0.2,0.0,0.8,-14.9,0.0 (cmd -0.7),0.0 (cmd 0.2)
0.6097,-14.91,-0.68,0.0,0.84,0.2,0.0,0.8,-14.9,0.0 (cmd -0.7),0.0 (cmd 0.2)
0.6102000000000001,-14.93,-0.67,0.0,0.84,0.2,0.0,0.8,-14.9,0.0 (cmd -0.7),0.0 (cmd 0.2)
0.6107,-14.96,-0.66,0.0,0.82,0.2,0.0,0.8,-15.0,0.0 (cmd -0.7),0.0 (cmd 0.2)
0.6112,-14.97,-0.65,0.0,0.83,0.19,0.0,0.8,-15.0,0.0 (cmd -0.7),0.0 (cmd 0.2)
0.6117,-14.99,-0.65,0.0,0.9,0.21,0.0,0.9,-15.0,0.0 (cmd -0.7),0.0 (cmd 0.2)
0.6122000000000001,-15.02,-0.63,0.0,0.9,0.23,0.0,0.9,-15.0,0.0 (cmd -0.6),0.0 (cmd 0.2)
0.6127,-15.01,-0.64,0.0,0.81,0.2,0.0,0.8,-15.0,0.0 (cmd -0.6),0.0 (cmd 0.2)
0.6132000000000001,-15.0,-0.65,0.0,0.78,0.18,0.0,0.8,-15.0,0.0 (cmd -0.7),0.0 (cmd 0.2)
0.6136999999999999,-14.95,-0.66,0.0,0.77,0.18,0.0,0.8,-14.9,0.0 (cmd -0.7),0.0 (cmd 0.2)
0.6142000000000001,-14.94,-0.66,0.0,0.87,0.2,0.0,0.9,-14.9,0.0 (cmd -0.7),0.0 (cmd 0.2)
0.6147,-14.95,-0.65,0.0,1.18,0.26,0.0,1.2,-14.9,0.0 (cmd -0.7),0.0 (cmd 0.3)
0.6152000000000001,-14.96,-0.64,0.0,1.44,0.29,0.0,1.4,-15.0,0.0 (cmd -0.6),0.0 (cmd 0.3)
0.6157,-15.0,-0.61,0.0,1.55,0.37,0.0,1.6,-15.0,0.0 (cmd -0.6),0.0 (cmd 0.4)
0.6162,-15.1,-0.6,0.0,1.95,0.42,0.0,1.9,-15.1,0.0 (cmd -0.6),0.0 (cmd 0.4)
0.6167,-15.16,-0.57,0.0,2.1,0.43,0.0,2.1,-15.2,0.0 (cmd -0.6),0.0 (cmd 0.4)
0.6172000000000001,-15.22,-0.55,0.0,2.2,0.43,0.0,2.2,-15.2,0.0 (cmd -0.6),0.0 (cmd 0.4)
0.6177,-15.28,-0.56,0.0,2.21,0.4,0.0,2.2,-15.3,0.0 (cmd -0.6),0.0 (cmd 0.4)
0.6182000000000001,-15.33,-0.55,0.0,2.2,0.35,0.0,2.2,-15.3,0.0 (cmd -0.6),0.0 (cmd 0.3)
0.6186999999999999,-15.32,-0.57,0.0,2.16,0.32,0.0,2.2,-15.3,0.0 (cmd -0.6),0.0 (cmd 0.3)
0.6192000000000001,-15.27,-0.59,0.0,2.18,0.28,0.0,2.2,-15.3,0.0 (cmd -0.6),0.0 (cmd 0.3)
0.6197,-15.1,-0.61,0.0,2.21,0.27,0.0,2.2,-15.1,0.0 (cmd -0.6),0.0 (cmd 0.3)
0.6202000000000001,-14.89,-0.7,0.0,2.12,0.25,0.0,2.1,-14.9,0.0 (cmd -0.7),0.0 (cmd 0.2)
0.6207,-14.04,-0.72,0.0,1.81,0.2,0.0,1.8,-14.0,0.0 (cmd -0.7),0.0 (cmd 0.2)
0.6212,-12.99,-1.05,0.0,1.34,0.01,0.0,1.3,-13.0,0.0 (cmd -1.1),0.0 (cmd 0.0)
0.6217,-12.18,-1.11,0.0,1.11,-0.04,0.0,1.1,-12.2,0.0 (cmd -1.1),0.0 (cmd -0.0)
0.6222000000000001,-12.43,-1.22,0.0,0.84,-0.08,0.0,0.8,-12.4,0.0 (cmd -1.2),0.0 (cmd -0.1)
0.6227,-12.97,-1.0,0.0,0.84,-0.07,0.0,0.8,-13.0,0.0 (cmd -1.0),0.0 (cmd -0.1)
0.6232000000000001,-13.17,-0.79,0.0,0.83,0.0,0.0,0.8,-13.2,0.0 (cmd -0.8),0.0 (cmd 0.0)
0.6236999999999999,-13.6,-0.66,0.0,0.58,0.05,0.0,0.6,-13.6,0.0 (cmd -0.7),0.0 (cmd 0.1)
0.6242000000000001,-13.91,-0.58,0.0,0.65,0.02,0.0,0.7,-13.9,0.0 (cmd -0.6),0.0 (cmd 0.0)
0.6247,-14.03,-0.55,0.0,0.85,0.12,0.0,0.8,-14.0,0.0 (cmd -0.6),0.0 (cmd 0.1)
0.6252000000000001,-14.01,-0.53,0.0,0.96,0.18,0.0,1.0,-14.0,0.0 (cmd -0.5),0.0 (cmd 0.2)
0.6257,-13.96,-0.58,0.0,1.08,0.22,0.0,1.1,-14.0,0.0 (cmd -0.6),0.0 (cmd 0.2)
0.6262,-14.32,-0.58,0.0,1.14,0.25,0.0,1.1,-14.3,0.0 (cmd -0.6),0.0 (cmd 0.2)
0.6267,-14.65,-0.49,0.0,1.31,0.28,0.0,1.3,-14.7,0.0 (cmd -0.5),0.0 (cmd 0.3)
0.6272000000000001,-14.74,-0.43,0.0,1.54,0.31,0.0,1.5,-14.7,0.0 (cmd -0.4),0.0 (cmd 0.3)
0.6277,-14.79,-0.45,0.0,1.81,0.36,0.0,1.8,-14.8,0.0 (cmd -0.5),0.0 (cmd 0.4)
0.6282000000000001,-14.59,-0.51,0.0,2.2,0.42,0.0,2.2,-14.6,0.0 (cmd -0.5),0.0 (cmd 0.4)
0.6286999999999999,-14.41,-0.54,0.0,2.5,0.49,0.0,2.5,-14.4,0.0 (cmd -0.5),0.0 (cmd 0.5)
0.6292000000000001,-14.48,-0.6,0.0,2.75,0.49,0.0,2.8,-14.5,0.0 (cmd -0.6),0.0 (cmd 0.5)
0.6297,-14.63,-0.54,0.0,2.91,0.5,0.0,2.9,-14.6,0.0 (cmd -0.5),0.0 (cmd 0.5)
0.6302000000000001,-14.85,-0.51,0.0,3.05,0.49,0.0,3.0,-14.8,0.0 (cmd -0.5),0.0 (cmd 0.5)
0.6307,-14.93,-0.49,0.0,2.98,0.44,0.0,3.0,-14.9,0.0 (cmd -0.5),0.0 (cmd 0.4)
0.6312,-15.04,-0.51,0.0,2.93,0.37,0.0,2.9,-15.0,0.0 (cmd -0.5),0.0 (cmd 0.4)
0.6317,-15.12,-0.52,0.0,2.88,0.32,0.0,2.9,-15.1,0.0 (cmd -0.5),0.0 (cmd 0.3)
0.6322000000000001,-15.24,-0.5,0.0,2.73,0.28,0.0,2.7,-15.2,0.0 (cmd -0.5),0.0 (cmd 0.3)
0.6327,-15.47,-0.48,0.0,2.63,0.24,0.0,2.6,-15.5,0.0 (cmd -0.5),0.0 (cmd 0.2)
0.6332000000000001,-15.83,-0.45,0.0,2.58,0.22,0.0,2.6,-15.8,0.0 (cmd -0.5),0.0 (cmd 0.2)
0.6336999999999999,-16.12,-0.41,0.0,2.48,0.21,0.0,2.5,-16.1,0.0 (cmd -0.4),0.0 (cmd 0.2)
0.6342000000000001,-16.28,-0.39,0.0,2.25,0.18,0.0,2.2,-16.3,0.0 (cmd -0.4),0.0 (cmd 0.2)
0.6347,-16.42,-0.41,0.0,1.98,0.14,0.0,2.0,-16.4,0.0 (cmd -0.4),0.0 (cmd 0.1)
0.6352000000000001,-16.53,-0.43,0.0,1.69,0.08,0.0,1.7,-16.5,0.0 (cmd -0.4),0.0 (cmd 0.1)
0.6357,-16.61,-0.47,0.0,1.5,0.02,0.0,1.5,-16.6,0.0 (cmd -0.5),0.0 (cmd 0.0)
0.6361999999999999,-16.6,-0.5,0.0,1.39,0.02,0.0,1.4,-16.6,0.0 (cmd -0.5),0.0 (cmd 0.0)
0.6367,-16.45,-0.56,0.0,1.36,0.05,0.0,1.4,-16.4,0.0 (cmd -0.6),0.0 (cmd 0.1)
0.6372000000000001,-16.37,-0.6,0.0,1.35,0.08,0.0,1.4,-16.4,0.0 (cmd -0.6),0.0 (cmd 0.1)
0.6377,-16.3,-0.62,0.0,1.36,0.1,0.0,1.4,-16.3,0.0 (cmd -0.6),0.0 (cmd 0.1)
0.6382000000000001,-16.23,-0.64,0.0,1.39,0.13,0.0,1.4,-16.2,0.0 (cmd -0.6),0.0 (cmd 0.1)
0.6386999999999999,-16.15,-0.67,0.0,1.38,0.16,0.0,1.4,-16.1,0.0 (cmd -0.7),0.0 (cmd 0.2)
0.6392,-15.96,-0.71,0.0,1.37,0.15,0.0,1.4,-16.0,0.0 (cmd -0.7),0.0 (cmd 0.1)
0.6397,-15.91,-0.71,0.0,1.37,0.17,0.0,1.4,-15.9,0.0 (cmd -0.7),0.0 (cmd 0.2)
0.6401999999999999,-15.78,-0.72,0.0,1.37,0.17,0.0,1.4,-15.8,0.0 (cmd -0.7),0.0 (cmd 0.2)
0.6406999999999999,-15.76,-0.72,0.0,1.37,0.18,0.0,1.4,-15.8,0.0 (cmd -0.7),0.0 (cmd 0.2)
0.6412,-15.76,-0.71,0.0,1.5,0.19,0.0,1.5,-15.8,0.0 (cmd -0.7),0.0 (cmd 0.2)
0.6417,-15.8,-0.68,0.0,1.59,0.24,0.0,1.6,-15.8,0.0 (cmd -0.7),0.0 (cmd 0.2)
0.6422,-15.87,-0.66,0.0,1.6,0.25,0.0,1.6,-15.9,0.0 (cmd -0.7),0.0 (cmd 0.2)
0.6426999999999999,-15.87,-0.64,0.0,1.61,0.24,0.0,1.6,-15.9,0.0 (cmd -0.6),0.0 (cmd 0.2)
0.6431999999999999,-15.9,-0.63,0.0,1.63,0.24,0.0,1.6,-15.9,0.0 (cmd -0.6),0.0 (cmd 0.2)
0.6437,-15.95,-0.62,0.0,1.68,0.24,0.0,1.7,-15.9,0.0 (cmd -0.6),0.0 (cmd 0.2)
0.6442,-15.99,-0.61,0.0,1.87,0.3,0.0,1.9,-16.0,0.0 (cmd -0.6),0.0 (cmd 0.3)
0.6447,-15.87,-0.6,0.0,1.89,0.29,0.0,1.9,-15.9,0.0 (cmd -0.6),0.0 (cmd 0.3)
0.6451999999999999,-15.73,-0.66,0.0,1.91,0.28,0.0,1.9,-15.7,0.0 (cmd -0.7),0.0 (cmd 0.3)
0.6456999999999999,-15.44,-0.72,0.0,1.89,0.26,0.0,1.9,-15.4,0.0 (cmd -0.7),0.0 (cmd 0.3)
0.6462,-15.22,-0.73,0.0,1.85,0.23,0.0,1.9,-15.2,0.0 (cmd -0.7),0.0 (cmd 0.2)
0.6467,-15.0,-0.79,0.0,1.75,0.2,0.0,1.8,-15.0,0.0 (cmd -0.8),0.0 (cmd 0.2)
0.6472,-14.64,-0.87,0.0,1.51,0.16,0.0,1.5,-14.6,0.0 (cmd -0.9),0.0 (cmd 0.2)
0.6476999999999999,-14.13,-0.91,0.0,1.18,0.06,0.0,1.2,-14.1,0.0 (cmd -0.9),0.0 (cmd 0.1)
0.6481999999999999,-14.16,-0.94,0.0,0.93,0.0,0.0,0.9,-14.2,0.0 (cmd -0.9),0.0 (cmd 0.0)
0.6487,-14.38,-0.84,0.0,0.88,0.0,0.0,0.9,-14.4,0.0 (cmd -0.8),0.0 (cmd 0.0)
0.6492,-14.88,-0.73,0.0,0.9,0.05,0.0,0.9,-14.9,0.0 (cmd -0.7),0.0 (cmd 0.1)
0.6497,-15.17,-0.6,0.0,0.91,0.1,0.0,0.9,-15.2,0.0 (cmd -0.6),0.0 (cmd 0.1)
0.6501999999999999,-15.41,-0.51,0.0,0.84,0.14,0.0,0.8,-15.4,0.0 (cmd -0.5),0.0 (cmd 0.1)
0.6507,-15.64,-0.5,0.0,0.82,0.14,0.0,0.8,-15.6,0.0 (cmd -0.5),0.0 (cmd 0.1)
0.6512,-15.75,-0.48,0.0,1.01,0.17,0.0,1.0,-15.8,0.0 (cmd -0.5),0.0 (cmd 0.2)
0.6517000000000001,-15.74,-0.48,0.0,1.26,0.24,0.0,1.3,-15.7,0.0 (cmd -0.5),0.0 (cmd 0.2)
0.6522,-15.14,-0.58,0.0,1.36,0.3,0.0,1.4,-15.1,0.0 (cmd -0.6),0.0 (cmd 0.3)
0.6527,-14.53,-0.73,0.0,1.36,0.27,0.0,1.4,-14.5,0.0 (cmd -0.7),0.0 (cmd 0.3)
0.6531999999999999,-13.91,-0.87,0.0,1.41,0.23,0.0,1.4,-13.9,0.0 (cmd -0.9),0.0 (cmd 0.2)
0.6537000000000001,-13.17,-1.02,0.0,1.39,0.22,0.0,1.4,-13.2,0.0 (cmd -1.0),0.0 (cmd 0.2)
0.6542,-11.68,-1.25,0.0,1.11,0.12,0.0,1.1,-11.7,0.0 (cmd -1.2),0.0 (cmd 0.1)
0.6547000000000001,-9.82,-1.34,0.0,0.35,0.01,0.0,0.3,-9.8,0.0 (cmd -1.3),0.0 (cmd 0.0)
0.6551999999999999,-8.21,-1.94,0.0,-0.59,-0.23,0.0,-0.6,-8.2,0.0 (cmd -1.9),0.0 (cmd -0.2)
0.6557,-6.07,-1.92,0.0,-1.58,-0.55,0.0,-1.6,-6.1,0.0 (cmd -1.9),0.0 (cmd -0.6)
0.6562,-5.2,-2.22,0.0,-3.58,-0.7,0.0,-3.6,-5.2,0.0 (cmd -2.2),0.0 (cmd -0.7)
0.6567000000000001,-3.83,-2.23,0.0,-5.91,-1.31,0.0,-5.9,-3.8,0.0 (cmd -2.2),0.0 (cmd -1.3)
0.6572,-2.28,-2.66,0.0,-7.76,-1.69,0.0,-7.8,-2.3,0.0 (cmd -2.7),0.0 (cmd -1.7)
0.6577,-1.01,-2.67,0.0,-9.27,-1.67,0.0,-9.3,-1.0,0.0 (cmd -2.7),0.0 (cmd -1.7)
0.6581999999999999,0.01,-2.74,0.0,-19.02,-3.77,0.0,-19.0,0.0,0.0 (cmd -2.7),0.0 (cmd -3.8)
0.6587000000000001,0.87,-2.86,0.0,-21.61,-4.33,0.0,-21.6,0.9,0.0 (cmd -2.9),0.0 (cmd -4.3)
0.6592,1.24,-2.98,0.0,-22.16,-3.71,0.0,-22.2,1.2,0.0 (cmd -3.0),0.0 (cmd -3.7)
0.6597000000000001,0.86,-2.8,0.0,-20.66,-2.32,0.0,-20.7,0.9,0.0 (cmd -2.8),0.0 (cmd -2.3)
0.6601999999999999,0.88,-2.58,0.0,-15.35,-1.14,0.0,-15.3,0.9,0.0 (cmd -2.6),0.0 (cmd -1.1)
0.6607,0.97,-2.05,0.0,-11.77,1.1,0.0,-11.8,1.0,0.0 (cmd -2.0),0.0 (cmd 1.1)
0.6612,1.03,-1.68,0.0,-9.16,2.11,0.0,-9.2,1.0,0.0 (cmd -1.7),0.0 (cmd 2.1)
0.6617000000000001,1.25,-1.52,0.0,-8.32,2.19,0.0,-8.3,1.2,0.0 (cmd -1.5),0.0 (cmd 2.2)
0.6622,1.35,-1.56,0.0,-9.73,1.67,0.0,-9.7,1.4,0.0 (cmd -1.6),0.0 (cmd 1.7)
0.6627,1.2,-1.71,0.0,-11.3,0.86,0.0,-11.3,1.2,0.0 (cmd -1.7),0.0 (cmd 0.9)
0.6631999999999999,1.17,-1.71,0.0,-12.61,0.38,0.0,-12.6,1.2,0.0 (cmd -1.7),0.0 (cmd 0.4)
0.6637000000000001,1.23,-1.75,0.0,-13.18,0.11,0.0,-13.2,1.2,0.0 (cmd -1.8),0.0 (cmd 0.1)
0.6642,1.23,-1.75,0.0,-13.38,0.13,0.0,-13.4,1.2,0.0 (cmd -1.8),0.0 (cmd 0.1)
0.6647000000000001,1.29,-1.73,0.0,-12.89,0.26,0.0,-12.9,1.3,0.0 (cmd -1.7),0.0 (cmd 0.3)
0.6651999999999999,1.52,-1.72,0.0,-11.06,0.48,0.0,-11.1,1.5,0.0 (cmd -1.7),0.0 (cmd 0.5)
0.6657,1.58,-1.58,0.0,-10.06,1.0,0.0,-10.1,1.6,0.0 (cmd -1.6),0.0 (cmd 1.0)
0.6662,1.53,-1.48,0.0,-9.49,1.2,0.0,-9.5,1.5,0.0 (cmd -1.5),0.0 (cmd 1.2)
0.6667000000000001,1.49,-1.44,0.0,-9.09,1.11,0.0,-9.1,1.5,0.0 (cmd -1.4),0.0 (cmd 1.1)
0.6672,1.56,-1.41,0.0,-8.93,1.08,0.0,-8.9,1.6,0.0 (cmd -1.4),0.0 (cmd 1.1)
0.6677,1.51,-1.41,0.0,-8.88,0.96,0.0,-8.9,1.5,0.0 (cmd -1.4),0.0 (cmd 1.0)
0.6681999999999999,1.43,-1.4,0.0,-8.95,0.84,0.0,-8.9,1.4,0.0 (cmd -1.4),0.0 (cmd 0.8)
0.6687000000000001,1.43,-1.4,0.0,-9.23,0.71,0.0,-9.2,1.4,0.0 (cmd -1.4),0.0 (cmd 0.7)
0.6692,1.43,-1.42,0.0,-9.45,0.59,0.0,-9.4,1.4,0.0 (cmd -1.4),0.0 (cmd 0.6)
0.6697000000000001,1.41,-1.45,0.0,-9.8,0.47,0.0,-9.8,1.4,0.0 (cmd -1.4),0.0 (cmd 0.5)
0.6701999999999999,1.37,-1.47,0.0,-10.57,0.37,0.0,-10.6,1.4,0.0 (cmd -1.5),0.0 (cmd 0.4)
0.6707,1.3,-1.5,0.0,-10.96,0.23,0.0,-11.0,1.3,0.0 (cmd -1.5),0.0 (cmd 0.2)
0.6712,1.29,-1.52,0.0,-11.17,0.16,0.0,-11.2,1.3,0.0 (cmd -1.5),0.0 (cmd 0.2)
0.6717000000000001,1.31,-1.53,0.0,-11.23,0.21,0.0,-11.2,1.3,0.0 (cmd -1.5),0.0 (cmd 0.2)
0.6722,1.39,-1.54,0.0,-11.24,0.27,0.0,-11.2,1.4,0.0 (cmd -1.5),0.0 (cmd 0.3)
0.6727,1.41,-1.56,0.0,-11.16,0.33,0.0,-11.2,1.4,0.0 (cmd -1.6),0.0 (cmd 0.3)
0.6731999999999999,1.43,-1.55,0.0,-11.1,0.4,0.0,-11.1,1.4,0.0 (cmd -1.6),0.0 (cmd 0.4)
0.6737000000000001,1.45,-1.54,0.0,-11.02,0.45,0.0,-11.0,1.4,0.0 (cmd -1.5),0.0 (cmd 0.5)
0.6742,1.47,-1.53,0.0,-10.89,0.49,0.0,-10.9,1.5,0.0 (cmd -1.5),0.0 (cmd 0.5)
0.6747000000000001,1.5,-1.53,0.0,-10.73,0.53,0.0,-10.7,1.5,0.0 (cmd -1.5),0.0 (cmd 0.5)
0.6751999999999999,1.52,-1.52,0.0,-10.6,0.58,0.0,-10.6,1.5,0.0 (cmd -1.5),0.0 (cmd 0.6)
0.6757,1.47,-1.51,0.0,-10.54,0.6,0.0,-10.5,1.5,0.0 (cmd -1.5),0.0 (cmd 0.6)
0.6762,1.44,-1.49,0.0,-10.58,0.58,0.0,-10.6,1.4,0.0 (cmd -1.5),0.0 (cmd 0.6)
0.6767000000000001,1.43,-1.5,0.0,-10.74,0.51,0.0,-10.7,1.4,0.0 (cmd -1.5),0.0 (cmd 0.5)
0.6772,1.33,-1.49,0.0,-10.9,0.5,0.0,-10.9,1.3,0.0 (cmd -1.5),0.0 (cmd 0.5)
0.6777,1.28,-1.49,0.0,-10.94,0.47,0.0,-10.9,1.3,0.0 (cmd -1.5),0.0 (cmd 0.5)
0.6781999999999999,1.28,-1.49,0.0,-11.04,0.47,0.0,-11.0,1.3,0.0 (cmd -1.5),0.0 (cmd 0.5)
0.6787000000000001,1.23,-1.49,0.0,-11.07,0.45,0.0,-11.1,1.2,0.0 (cmd -1.5),0.0 (cmd 0.5)
0.6792,1.13,-1.49,0.0,-11.11,0.46,0.0,-11.1,1.1,0.0 (cmd -1.5),0.0 (cmd 0.5)
0.6797000000000001,1.08,-1.47,0.0,-11.11,0.48,0.0,-11.1,1.1,0.0 (cmd -1.5),0.0 (cmd 0.5)
0.6801999999999999,1.06,-1.47,0.0,-11.1,0.49,0.0,-11.1,1.1,0.0 (cmd -1.5),0.0 (cmd 0.5)
0.6807,1.0,-1.47,0.0,-11.01,0.5,0.0,-11.0,1.0,0.0 (cmd -1.5),0.0 (cmd 0.5)
0.6812,0.95,-1.47,0.0,-11.01,0.53,0.0,-11.0,0.9,0.0 (cmd -1.5),0.0 (cmd 0.5)
0.6817000000000001,0.94,-1.46,0.0,-11.1,0.52,0.0,-11.1,0.9,0.0 (cmd -1.5),0.0 (cmd 0.5)
0.6822,0.92,-1.47,0.0,-11.18,0.49,0.0,-11.2,0.9,0.0 (cmd -1.5),0.0 (cmd 0.5)
0.6827,0.9,-1.48,0.0,-11.28,0.48,0.0,-11.3,0.9,0.0 (cmd -1.5),0.0 (cmd 0.5)
0.6831999999999999,0.87,-1.49,0.0,-11.33,0.47,0.0,-11.3,0.9,0.0 (cmd -1.5),0.0 (cmd 0.5)
0.6837000000000001,0.82,-1.49,0.0,-11.39,0.47,0.0,-11.4,0.8,0.0 (cmd -1.5),0.0 (cmd 0.5)
0.6842,0.76,-1.49,0.0,-11.44,0.47,0.0,-11.4,0.8,0.0 (cmd -1.5),0.0 (cmd 0.5)
0.6847000000000001,0.73,-1.48,0.0,-11.46,0.48,0.0,-11.5,0.7,0.0 (cmd -1.5),0.0 (cmd 0.5)
0.6851999999999999,0.72,-1.49,0.0,-11.47,0.48,0.0,-11.5,0.7,0.0 (cmd -1.5),0.0 (cmd 0.5)
0.6857,0.68,-1.49,0.0,-11.49,0.5,0.0,-11.5,0.7,0.0 (cmd -1.5),0.0 (cmd 0.5)
0.6862,0.67,-1.49,0.0,-11.53,0.5,0.0,-11.5,0.7,0.0 (cmd -1.5),0.0 (cmd 0.5)
0.6867000000000001,0.67,-1.5,0.0,-11.59,0.5,0.0,-11.6,0.7,0.0 (cmd -1.5),0.0 (cmd 0.5)
0.6872,0.65,-1.51,0.0,-11.67,0.49,0.0,-11.7,0.7,0.0 (cmd -1.5),0.0 (cmd 0.5)
0.6877,0.64,-1.51,0.0,-11.69,0.48,0.0,-11.7,0.6,0.0 (cmd -1.5),0.0 (cmd 0.5)
0.6881999999999999,0.63,-1.52,0.0,-11.77,0.48,0.0,-11.8,0.6,0.0 (cmd -1.5),0.0 (cmd 0.5)
0.6887000000000001,0.63,-1.52,0.0,-11.8,0.48,0.0,-11.8,0.6,0.0 (cmd -1.5),0.0 (cmd 0.5)
0.6892,0.61,-1.52,0.0,-11.83,0.49,0.0,-11.8,0.6,0.0 (cmd -1.5),0.0 (cmd 0.5)
0.6897000000000001,0.6,-1.52,0.0,-11.84,0.5,0.0,-11.8,0.6,0.0 (cmd -1.5),0.0 (cmd 0.5)
0.6901999999999999,0.57,-1.52,0.0,-11.87,0.5,0.0,-11.9,0.6,0.0 (cmd -1.5),0.0 (cmd 0.5)
0.6907,0.54,-1.52,0.0,-11.9,0.51,0.0,-11.9,0.5,0.0 (cmd -1.5),0.0 (cmd 0.5)
0.6912,0.52,-1.52,0.0,-11.93,0.51,0.0,-11.9,0.5,0.0 (cmd -1.5),0.0 (cmd 0.5)
0.6917000000000001,0.5,-1.52,0.0,-11.93,0.52,0.0,-11.9,0.5,0.0 (cmd -1.5),0.0 (cmd 0.5)
0.6922,0.47,-1.51,0.0,-11.94,0.53,0.0,-11.9,0.5,0.0 (cmd -1.5),0.0 (cmd 0.5)
0.6927,0.4,-1.5,0.0,-11.95,0.53,0.0,-11.9,0.4,0.0 (cmd -1.5),0.0 (cmd 0.5)
0.6931999999999999,0.37,-1.5,0.0,-11.99,0.53,0.0,-12.0,0.4,0.0 (cmd -1.5),0.0 (cmd 0.5)
0.6937000000000001,0.33,-1.5,0.0,-12.0,0.53,0.0,-12.0,0.3,0.0 (cmd -1.5),0.0 (cmd 0.5)
0.6942,0.3,-1.49,0.0,-11.99,0.54,0.0,-12.0,0.3,0.0 (cmd -1.5),0.0 (cmd 0.5)
0.6947000000000001,0.28,-1.5,0.0,-11.95,0.55,0.0,-11.9,0.3,0.0 (cmd -1.5),0.0 (cmd 0.6)
0.6951999999999999,0.15,-1.5,0.0,-11.92,0.56,0.0,-11.9,0.1,0.0 (cmd -1.5),0.0 (cmd 0.6)
0.6957,0.14,-1.47,0.0,-11.9,0.57,0.0,-11.9,0.1,0.0 (cmd -1.5),0.0 (cmd 0.6)
0.6962,0.11,-1.47,0.0,-11.89,0.57,0.0,-11.9,0.1,0.0 (cmd -1.5),0.0 (cmd 0.6)
0.6967000000000001,0.09,-1.47,0.0,-11.82,0.57,0.0,-11.8,0.1,0.0 (cmd -1.5),0.0 (cmd 0.6)
0.6972,0.07,-1.48,0.0,-11.81,0.58,0.0,-11.8,0.1,0.0 (cmd -1.5),0.0 (cmd 0.6)
0.6977,0.07,-1.48,0.0,-11.78,0.58,0.0,-11.8,0.1,0.0 (cmd -1.5),0.0 (cmd 0.6)
0.6981999999999999,0.06,-1.48,0.0,-11.75,0.58,0.0,-11.8,0.1,0.0 (cmd -1.5),0.0 (cmd 0.6)
0.6987000000000001,0.06,-1.48,0.0,-11.74,0.58,0.0,-11.7,0.1,0.0 (cmd -1.5),0.0 (cmd 0.6)
0.6992,0.08,-1.49,0.0,-11.72,0.57,0.0,-11.7,0.1,0.0 (cmd -1.5),0.0 (cmd 0.6)
0.6997000000000001,0.12,-1.5,0.0,-11.68,0.57,0.0,-11.7,0.1,0.0 (cmd -1.5),0.0 (cmd 0.6)
0.7001999999999999,0.15,-1.5,0.0,-11.46,0.6,0.0,-11.5,0.1,0.0 (cmd -1.5),0.0 (cmd 0.6)
0.7006999999999999,0.16,-1.49,0.0,-11.25,0.63,0.0,-11.2,0.2,0.0 (cmd -1.5),0.0 (cmd 0.6)
0.7012,0.18,-1.48,0.0,-11.04,0.68,0.0,-11.0,0.2,0.0 (cmd -1.5),0.0 (cmd 0.7)
0.7017,0.19,-1.47,0.0,-10.93,0.69,0.0,-10.9,0.2,0.0 (cmd -1.5),0.0 (cmd 0.7)
0.7022,0.21,-1.46,0.0,-10.79,0.69,0.0,-10.8,0.2,0.0 (cmd -1.5),0.0 (cmd 0.7)
0.7026999999999999,0.27,-1.46,0.0,-10.76,0.67,0.0,-10.8,0.3,0.0 (cmd -1.5),0.0 (cmd 0.7)
0.7031999999999999,0.3,-1.48,0.0,-10.86,0.63,0.0,-10.9,0.3,0.0 (cmd -1.5),0.0 (cmd 0.6)
0.7037,0.34,-1.5,0.0,-10.93,0.55,0.0,-10.9,0.3,0.0 (cmd -1.5),0.0 (cmd 0.6)
0.7042,0.34,-1.5,0.0,-11.17,0.53,0.0,-11.2,0.3,0.0 (cmd -1.5),0.0 (cmd 0.5)
0.7047,0.36,-1.52,0.0,-11.28,0.46,0.0,-11.3,0.4,0.0 (cmd -1.5),0.0 (cmd 0.5)
0.7051999999999999,0.35,-1.52,0.0,-11.4,0.45,0.0,-11.4,0.3,0.0 (cmd -1.5),0.0 (cmd 0.5)
0.7056999999999999,0.31,-1.52,0.0,-11.48,0.44,0.0,-11.5,0.3,0.0 (cmd -1.5),0.0 (cmd 0.4)
0.7062,0.28,-1.51,0.0,-11.5,0.44,0.0,-11.5,0.3,0.0 (cmd -1.5),0.0 (cmd 0.4)
0.7067,0.26,-1.5,0.0,-11.59,0.44,0.0,-11.6,0.3,0.0 (cmd -1.5),0.0 (cmd 0.4)
0.7072,0.25,-1.5,0.0,-11.61,0.45,0.0,-11.6,0.2,0.0 (cmd -1.5),0.0 (cmd 0.5)
0.7076999999999999,0.23,-1.5,0.0,-11.64,0.47,0.0,-11.6,0.2,0.0 (cmd -1.5),0.0 (cmd 0.5)
0.7081999999999999,0.19,-1.5,0.0,-11.69,0.48,0.0,-11.7,0.2,0.0 (cmd -1.5),0.0 (cmd 0.5)
0.7087,0.13,-1.5,0.0,-11.78,0.46,0.0,-11.8,0.1,0.0 (cmd -1.5),0.0 (cmd 0.5)
0.7092,0.12,-1.5,0.0,-11.82,0.46,0.0,-11.8,0.1,0.0 (cmd -1.5),0.0 (cmd 0.5)
0.7097,0.11,-1.5,0.0,-11.8,0.48,0.0,-11.8,0.1,0.0 (cmd -1.5),0.0 (cmd 0.5)
0.7101999999999999,0.06,-1.49,0.0,-11.74,0.51,0.0,-11.7,0.1,0.0 (cmd -1.5),0.0 (cmd 0.5)
0.7106999999999999,0.0,-1.48,0.0,-11.65,0.54,0.0,-11.7,0.0,0.0 (cmd -1.5),0.0 (cmd 0.5)
0.7112,-0.08,-1.45,0.0,-11.58,0.57,0.0,-11.6,-0.1,0.0 (cmd -1.4),0.0 (cmd 0.6)
0.7117,-0.2,-1.44,0.0,-11.51,0.59,0.0,-11.5,-0.2,0.0 (cmd -1.4),0.0 (cmd 0.6)
0.7122,-0.25,-1.41,0.0,-11.47,0.59,0.0,-11.5,-0.2,0.0 (cmd -1.4),0.0 (cmd 0.6)
0.7126999999999999,-0.31,-1.42,0.0,-11.42,0.59,0.0,-11.4,-0.3,0.0 (cmd -1.4),0.0 (cmd 0.6)
0.7132,-0.38,-1.41,0.0,-11.39,0.59,0.0,-11.4,-0.4,0.0 (cmd -1.4),0.0 (cmd 0.6)
0.7137,-0.25,-1.43,0.0,-11.36,0.59,0.0,-11.4,-0.2,0.0 (cmd -1.4),0.0 (cmd 0.6)
0.7142000000000001,-0.1,-1.46,0.0,-11.48,0.57,0.0,-11.5,-0.1,0.0 (cmd -1.5),0.0 (cmd 0.6)
0.7147,0.41,-1.51,0.0,-11.72,0.51,0.0,-11.7,0.4,0.0 (cmd -1.5),0.0 (cmd 0.5)
0.7152,0.54,-1.67,0.0,-11.78,0.41,0.0,-11.8,0.5,0.0 (cmd -1.7),0.0 (cmd 0.4)
0.7156999999999999,0.4,-1.62,0.0,-11.46,0.46,0.0,-11.5,0.4,0.0 (cmd -1.6),0.0 (cmd 0.5)
0.7162000000000001,0.26,-1.55,0.0,-11.38,0.56,0.0,-11.4,0.3,0.0 (cmd -1.6),0.0 (cmd 0.6)
0.7167,0.2,-1.49,0.0,-11.13,0.63,0.0,-11.1,0.2,0.0 (cmd -1.5),0.0 (cmd 0.6)
0.7172000000000001,0.03,-1.46,0.0,-10.77,0.65,0.0,-10.8,0.0,0.0 (cmd -1.5),0.0 (cmd 0.7)
0.7176999999999999,-0.14,-1.31,0.0,-9.32,1.04,0.0,-9.3,-0.1,0.0 (cmd -1.3),0.0 (cmd 1.0)
0.7182,-0.32,-1.15,0.0,-5.89,1.38,0.0,-5.9,-0.3,0.0 (cmd -1.1),0.0 (cmd 1.4)
0.7187,-0.48,-0.86,0.0,-2.35,2.13,0.0,-2.4,-0.5,0.0 (cmd -0.9),0.0 (cmd 2.1)
0.7192000000000001,-0.85,-0.57,0.0,0.19,2.73,0.0,0.2,-0.8,0.0 (cmd -0.6),0.0 (cmd 2.7)
0.7197,-1.93,-0.27,0.0,2.7,2.9,0.0,2.7,-1.9,0.0 (cmd -0.3),0.0 (cmd 2.9)
0.7202,-2.76,-0.02,0.0,3.72,2.77,0.0,3.7,-2.8,0.0 (cmd -0.0),0.0 (cmd 2.8)
0.7206999999999999,-4.24,0.22,0.0,4.49,2.45,0.0,4.5,-4.2,0.0 (cmd 0.2),0.0 (cmd 2.5)
0.7212000000000001,-5.22,0.43,0.0,4.91,2.17,0.0,4.9,-5.2,0.0 (cmd 0.4),0.0 (cmd 2.2)
0.7217,-6.12,0.47,0.0,5.03,1.79,0.0,5.0,-6.1,0.0 (cmd 0.5),0.0 (cmd 1.8)
0.7222000000000001,-7.75,0.6,0.0,5.02,1.47,0.0,5.0,-7.8,0.0 (cmd 0.6),0.0 (cmd 1.5)
0.7226999999999999,-8.56,0.67,0.0,4.87,1.19,0.0,4.9,-8.6,0.0 (cmd 0.7),0.0 (cmd 1.2)
0.7232,-11.55,0.76,0.0,5.0,1.01,0.0,5.0,-11.6,0.0 (cmd 0.8),0.0 (cmd 1.0)
0.7237,-12.52,1.15,0.0,4.87,0.95,0.0,4.9,-12.5,0.0 (cmd 1.1),0.0 (cmd 0.9)
0.7242000000000001,-14.97,1.22,0.0,4.6,0.79,0.0,4.6,-15.0,0.0 (cmd 1.2),0.0 (cmd 0.8)
0.7247,-23.42,1.75,0.0,3.8,0.64,0.0,3.8,-23.4,0.0 (cmd 1.8),0.0 (cmd 0.6)
0.7252,-25.36,3.15,0.0,2.98,0.61,0.0,3.0,-25.4,0.0 (cmd 3.1),0.0 (cmd 0.6)
0.7256999999999999,-26.87,2.75,0.0,2.56,0.4,0.0,2.6,-26.9,0.0 (cmd 2.8),0.0 (cmd 0.4)
0.7262000000000001,-28.33,2.15,0.0,2.41,0.32,0.0,2.4,-28.3,0.0 (cmd 2.1),0.0 (cmd 0.3)
0.7267,-29.5,1.96,0.0,2.4,0.37,0.0,2.4,-29.5,0.0 (cmd 2.0),0.0 (cmd 0.4)
0.7272000000000001,-30.25,1.64,0.0,2.44,0.4,0.0,2.4,-30.2,0.0 (cmd 1.6),0.0 (cmd 0.4)
0.7276999999999999,-31.67,1.5,0.0,2.41,0.44,0.0,2.4,-31.7,0.0 (cmd 1.5),0.0 (cmd 0.4)
0.7282,-32.39,1.19,0.0,2.26,0.42,0.0,2.3,-32.4,0.0 (cmd 1.2),0.0 (cmd 0.4)
0.7287,-32.72,0.94,0.0,2.11,0.4,0.0,2.1,-32.7,0.0 (cmd 0.9),0.0 (cmd 0.4)
0.7292000000000001,-32.75,0.62,0.0,2.04,0.37,0.0,2.0,-32.8,0.0 (cmd 0.6),0.0 (cmd 0.4)
0.7297,-32.22,0.29,0.0,2.22,0.38,0.0,2.2,-32.2,0.0 (cmd 0.3),0.0 (cmd 0.4)
0.7302,-30.98,-0.09,0.0,2.58,0.44,0.0,2.6,-31.0,0.0 (cmd -0.1),0.0 (cmd 0.4)
0.7306999999999999,-29.8,-0.56,0.0,2.88,0.5,0.0,2.9,-29.8,0.0 (cmd -0.6),0.0 (cmd 0.5)
0.7312000000000001,-27.77,-1.07,0.0,2.89,0.48,0.0,2.9,-27.8,0.0 (cmd -1.1),0.0 (cmd 0.5)
0.7317,-26.53,-1.37,0.0,2.97,0.42,0.0,3.0,-26.5,0.0 (cmd -1.4),0.0 (cmd 0.4)
0.7322000000000001,-24.34,-1.63,0.0,3.3,0.43,0.0,3.3,-24.3,0.0 (cmd -1.6),0.0 (cmd 0.4)
0.7326999999999999,-22.77,-1.91,0.0,3.48,0.47,0.0,3.5,-22.8,0.0 (cmd -1.9),0.0 (cmd 0.5)
0.7332,-20.56,-2.1,0.0,3.51,0.43,0.0,3.5,-20.6,0.0 (cmd -2.1),0.0 (cmd 0.4)
0.7337,-18.71,-2.12,0.0,3.37,0.37,0.0,3.4,-18.7,0.0 (cmd -2.1),0.0 (cmd 0.4)
0.7342000000000001,-15.27,-2.62,0.0,3.24,0.26,0.0,3.2,-15.3,0.0 (cmd -2.6),0.0 (cmd 0.3)
0.7347,-12.04,-3.52,0.0,3.18,0.19,0.0,3.2,-12.0,0.0 (cmd -3.5),0.0 (cmd 0.2)
0.7352,-10.78,-3.14,0.0,3.36,0.16,0.0,3.4,-10.8,0.0 (cmd -3.1),0.0 (cmd 0.2)
0.7356999999999999,-10.8,-2.67,0.0,3.58,0.21,0.0,3.6,-10.8,0.0 (cmd -2.7),0.0 (cmd 0.2)
0.7362000000000001,-11.68,-2.1,0.0,3.59,0.24,0.0,3.6,-11.7,0.0 (cmd -2.1),0.0 (cmd 0.2)
0.7367,-12.74,-1.47,0.0,3.33,0.19,0.0,3.3,-12.7,0.0 (cmd -1.5),0.0 (cmd 0.2)
0.7372000000000001,-13.44,-1.09,0.0,3.09,0.14,0.0,3.1,-13.4,0.0 (cmd -1.1),0.0 (cmd 0.1)
0.7376999999999999,-14.13,-0.88,0.0,2.91,0.11,0.0,2.9,-14.1,0.0 (cmd -0.9),0.0 (cmd 0.1)
0.7382,-14.13,-0.65,0.0,2.7,0.09,0.0,2.7,-14.1,0.0 (cmd -0.7),0.0 (cmd 0.1)
0.7387,-14.69,-0.58,0.0,2.42,0.04,0.0,2.4,-14.7,0.0 (cmd -0.6),0.0 (cmd 0.0)
0.7392000000000001,-15.24,-0.53,0.0,2.3,0.03,0.0,2.3,-15.2,0.0 (cmd -0.5),0.0 (cmd 0.0)
0.7397,-16.05,-0.28,0.0,2.19,0.06,0.0,2.2,-16.1,0.0 (cmd -0.3),0.0 (cmd 0.1)
0.7402,-16.3,-0.23,0.0,2.06,0.09,0.0,2.1,-16.3,0.0 (cmd -0.2),0.0 (cmd 0.1)
0.7406999999999999,-16.26,-0.3,0.0,1.98,0.09,0.0,2.0,-16.3,0.0 (cmd -0.3),0.0 (cmd 0.1)
0.7412000000000001,-16.11,-0.43,0.0,1.86,0.09,0.0,1.9,-16.1,0.0 (cmd -0.4),0.0 (cmd 0.1)
0.7417,-15.45,-0.51,0.0,1.86,0.09,0.0,1.9,-15.4,0.0 (cmd -0.5),0.0 (cmd 0.1)
0.7422000000000001,-14.58,-0.68,0.0,1.85,0.11,0.0,1.9,-14.6,0.0 (cmd -0.7),0.0 (cmd 0.1)
0.7426999999999999,-13.91,-1.05,0.0,1.78,0.07,0.0,1.8,-13.9,0.0 (cmd -1.1),0.0 (cmd 0.1)
0.7432,-13.3,-1.0,0.0,1.67,0.05,0.0,1.7,-13.3,0.0 (cmd -1.0),0.0 (cmd 0.1)
0.7437,-12.62,-1.23,0.0,1.66,0.04,0.0,1.7,-12.6,0.0 (cmd -1.2),0.0 (cmd 0.0)
0.7442000000000001,-13.1,-1.12,0.0,1.62,0.07,0.0,1.6,-13.1,0.0 (cmd -1.1),0.0 (cmd 0.1)
0.7447,-13.89,-0.9,0.0,1.53,0.08,0.0,1.5,-13.9,0.0 (cmd -0.9),0.0 (cmd 0.1)
0.7452,-14.69,-0.59,0.0,1.42,0.12,0.0,1.4,-14.7,0.0 (cmd -0.6),0.0 (cmd 0.1)
0.7456999999999999,-15.61,-0.45,0.0,1.15,0.09,0.0,1.1,-15.6,0.0 (cmd -0.5),0.0 (cmd 0.1)
0.7462000000000001,-17.57,-0.08,0.0,0.95,0.1,0.0,0.9,-17.6,0.0 (cmd -0.1),0.0 (cmd 0.1)
0.7467,-21.41,0.7,0.0,0.72,0.2,0.0,0.7,-21.4,0.0 (cmd 0.7),0.0 (cmd 0.2)
0.7472000000000001,-23.48,1.03,0.0,0.56,0.25,0.0,0.6,-23.5,0.0 (cmd 1.0),0.0 (cmd 0.2)
0.7476999999999999,-24.87,1.16,0.0,0.52,0.3,0.0,0.5,-24.9,0.0 (cmd 1.2),0.0 (cmd 0.3)
0.7482,-25.96,1.0,0.0,0.35,0.29,0.0,0.3,-26.0,0.0 (cmd 1.0),0.0 (cmd 0.3)
0.7487,-27.13,1.04,0.0,0.31,0.32,0.0,0.3,-27.1,0.0 (cmd 1.0),0.0 (cmd 0.3)
0.7492000000000001,-28.16,0.96,0.0,0.17,0.32,0.0,0.2,-28.2,0.0 (cmd 1.0),0.0 (cmd 0.3)
0.7497,-30.38,0.87,0.0,-0.09,0.27,0.0,-0.1,-30.4,0.0 (cmd 0.9),0.0 (cmd 0.3)
0.7502,-33.47,1.14,0.0,-0.49,0.29,0.0,-0.5,-33.5,0.0 (cmd 1.1),0.0 (cmd 0.3)
0.7506999999999999,-36.04,1.94,0.0,-0.59,0.4,0.0,-0.6,-36.0,0.0 (cmd 1.9),0.0 (cmd 0.4)
0.7512000000000001,-37.22,1.68,0.0,-1.27,0.32,0.0,-1.3,-37.2,0.0 (cmd 1.7),0.0 (cmd 0.3)
0.7517,-37.29,1.29,0.0,-1.83,0.18,0.0,-1.8,-37.3,0.0 (cmd 1.3),0.0 (cmd 0.2)
0.7522000000000001,-36.14,0.74,0.0,-2.78,0.06,0.0,-2.8,-36.1,0.0 (cmd 0.7),0.0 (cmd 0.1)
0.7526999999999999,-35.01,0.1,0.0,-1.69,-0.06,0.0,-1.7,-35.0,0.0 (cmd 0.1),0.0 (cmd -0.1)
0.7532,-33.53,-0.42,0.0,-1.16,0.32,0.0,-1.2,-33.5,0.0 (cmd -0.4),0.0 (cmd 0.3)
0.7537,-31.61,-0.86,0.0,-0.72,0.44,0.0,-0.7,-31.6,0.0 (cmd -0.9),0.0 (cmd 0.4)
0.7542000000000001,-31.04,-1.21,0.0,-0.55,0.48,0.0,-0.6,-31.0,0.0 (cmd -1.2),0.0 (cmd 0.5)
0.7547,-29.39,-1.2,0.0,-0.52,0.46,0.0,-0.5,-29.4,0.0 (cmd -1.2),0.0 (cmd 0.5)
0.7552,-27.36,-1.68,0.0,-0.27,0.4,0.0,-0.3,-27.4,0.0 (cmd -1.7),0.0 (cmd 0.4)
0.7556999999999999,-25.93,-2.0,0.0,0.12,0.44,0.0,0.1,-25.9,0.0 (cmd -2.0),0.0 (cmd 0.4)
0.7562000000000001,-26.01,-1.76,0.0,0.45,0.5,0.0,0.5,-26.0,0.0 (cmd -1.8),0.0 (cmd 0.5)
0.7567,-26.55,-1.42,0.0,1.36,0.65,0.0,1.4,-26.6,0.0 (cmd -1.4),0.0 (cmd 0.7)
0.7572000000000001,-26.96,-1.05,0.0,1.92,0.77,0.0,1.9,-27.0,0.0 (cmd -1.1),0.0 (cmd 0.8)
0.7576999999999999,-27.06,-0.83,0.0,2.24,0.85,0.0,2.2,-27.1,0.0 (cmd -0.8),0.0 (cmd 0.8)
0.7582,-26.88,-0.81,0.0,2.97,0.84,0.0,3.0,-26.9,0.0 (cmd -0.8),0.0 (cmd 0.8)
0.7587,-25.39,-0.89,0.0,3.41,0.88,0.0,3.4,-25.4,0.0 (cmd -0.9),0.0 (cmd 0.9)
0.7592000000000001,-24.52,-1.17,0.0,3.55,0.83,0.0,3.5,-24.5,0.0 (cmd -1.2),0.0 (cmd 0.8)
0.7597,-24.3,-1.22,0.0,3.87,0.74,0.0,3.9,-24.3,0.0 (cmd -1.2),0.0 (cmd 0.7)
0.7602,-24.13,-1.14,0.0,4.03,0.73,0.0,4.0,-24.1,0.0 (cmd -1.1),0.0 (cmd 0.7)
0.7606999999999999,-24.07,-1.04,0.0,4.13,0.67,0.0,4.1,-24.1,0.0 (cmd -1.0),0.0 (cmd 0.7)
0.7612000000000001,-23.97,-0.97,0.0,4.22,0.63,0.0,4.2,-24.0,0.0 (cmd -1.0),0.0 (cmd 0.6)
0.7617,-23.64,-0.92,0.0,4.32,0.61,0.0,4.3,-23.6,0.0 (cmd -0.9),0.0 (cmd 0.6)
0.7622000000000001,-23.32,-0.95,0.0,4.37,0.56,0.0,4.4,-23.3,0.0 (cmd -0.9),0.0 (cmd 0.6)
0.7626999999999999,-23.09,-0.95,0.0,4.31,0.51,0.0,4.3,-23.1,0.0 (cmd -0.9),0.0 (cmd 0.5)
0.7631999999999999,-22.96,-0.94,0.0,4.26,0.45,0.0,4.3,-23.0,0.0 (cmd -0.9),0.0 (cmd 0.5)
0.7637,-23.01,-0.89,0.0,4.2,0.42,0.0,4.2,-23.0,0.0 (cmd -0.9),0.0 (cmd 0.4)
0.7642,-23.07,-0.81,0.0,4.06,0.38,0.0,4.1,-23.1,0.0 (cmd -0.8),0.0 (cmd 0.4)
0.7647,-23.06,-0.76,0.0,4.01,0.35,0.0,4.0,-23.1,0.0 (cmd -0.8),0.0 (cmd 0.3)
0.7651999999999999,-22.93,-0.75,0.0,3.95,0.33,0.0,4.0,-22.9,0.0 (cmd -0.8),0.0 (cmd 0.3)
0.7656999999999999,-22.87,-0.75,0.0,3.73,0.3,0.0,3.7,-22.9,0.0 (cmd -0.8),0.0 (cmd 0.3)
0.7662,-22.8,-0.74,0.0,3.44,0.25,0.0,3.4,-22.8,0.0 (cmd -0.7),0.0 (cmd 0.2)
0.7667,-22.77,-0.73,0.0,3.31,0.19,0.0,3.3,-22.8,0.0 (cmd -0.7),0.0 (cmd 0.2)
0.7672,-22.78,-0.71,0.0,3.26,0.2,0.0,3.3,-22.8,0.0 (cmd -0.7),0.0 (cmd 0.2)
0.7676999999999999,-22.79,-0.68,0.0,3.19,0.22,0.0,3.2,-22.8,0.0 (cmd -0.7),0.0 (cmd 0.2)
0.7681999999999999,-22.81,-0.66,0.0,3.11,0.22,0.0,3.1,-22.8,0.0 (cmd -0.7),0.0 (cmd 0.2)
0.7687,-22.84,-0.64,0.0,2.83,0.2,0.0,2.8,-22.8,0.0 (cmd -0.6),0.0 (cmd 0.2)
0.7692,-22.86,-0.63,0.0,2.73,0.18,0.0,2.7,-22.9,0.0 (cmd -0.6),0.0 (cmd 0.2)
0.7697,-22.86,-0.62,0.0,2.68,0.18,0.0,2.7,-22.9,0.0 (cmd -0.6),0.0 (cmd 0.2)
0.7701999999999999,-22.85,-0.62,0.0,2.41,0.2,0.0,2.4,-22.9,0.0 (cmd -0.6),0.0 (cmd 0.2)
0.7706999999999999,-22.81,-0.63,0.0,2.36,0.15,0.0,2.4,-22.8,0.0 (cmd -0.6),0.0 (cmd 0.1)
0.7712,-22.72,-0.64,0.0,2.29,0.17,0.0,2.3,-22.7,0.0 (cmd -0.6),0.0 (cmd 0.2)
0.7717,-22.65,-0.65,0.0,2.25,0.19,0.0,2.2,-22.6,0.0 (cmd -0.7),0.0 (cmd 0.2)
0.7722,-22.65,-0.66,0.0,2.2,0.19,0.0,2.2,-22.6,0.0 (cmd -0.7),0.0 (cmd 0.2)
0.7726999999999999,-22.72,-0.64,0.0,2.41,0.23,0.0,2.4,-22.7,0.0 (cmd -0.6),0.0 (cmd 0.2)
0.7731999999999999,-22.82,-0.58,0.0,2.53,0.31,0.0,2.5,-22.8,0.0 (cmd -0.6),0.0 (cmd 0.3)
0.7737,-23.04,-0.56,0.0,2.52,0.34,0.0,2.5,-23.0,0.0 (cmd -0.6),0.0 (cmd 0.3)
0.7742,-23.15,-0.53,0.0,2.5,0.33,0.0,2.5,-23.1,0.0 (cmd -0.5),0.0 (cmd 0.3)
0.7747,-23.24,-0.51,0.0,2.41,0.33,0.0,2.4,-23.2,0.0 (cmd -0.5),0.0 (cmd 0.3)
0.7751999999999999,-23.4,-0.49,0.0,2.37,0.3,0.0,2.4,-23.4,0.0 (cmd -0.5),0.0 (cmd 0.3)
0.7757,-23.37,-0.51,0.0,2.35,0.3,0.0,2.4,-23.4,0.0 (cmd -0.5),0.0 (cmd 0.3)
0.7762,-23.29,-0.55,0.0,2.36,0.3,0.0,2.4,-23.3,0.0 (cmd -0.6),0.0 (cmd 0.3)
0.7767000000000001,-23.15,-0.6,0.0,2.37,0.31,0.0,2.4,-23.1,0.0 (cmd -0.6),0.0 (cmd 0.3)
0.7772,-23.06,-0.62,0.0,2.36,0.31,0.0,2.4,-23.1,0.0 (cmd -0.6),0.0 (cmd 0.3)
0.7777,-23.05,-0.63,0.0,2.35,0.31,0.0,2.4,-23.1,0.0 (cmd -0.6),0.0 (cmd 0.3)
0.7781999999999999,-23.07,-0.63,0.0,2.34,0.31,0.0,2.3,-23.1,0.0 (cmd -0.6),0.0 (cmd 0.3)
0.7787000000000001,-23.06,-0.62,0.0,2.35,0.31,0.0,2.4,-23.1,0.0 (cmd -0.6),0.0 (cmd 0.3)
0.7792,-23.05,-0.61,0.0,2.37,0.32,0.0,2.4,-23.1,0.0 (cmd -0.6),0.0 (cmd 0.3)
0.7797000000000001,-22.97,-0.63,0.0,2.33,0.32,0.0,2.3,-23.0,0.0 (cmd -0.6),0.0 (cmd 0.3)
0.7801999999999999,-22.88,-0.64,0.0,2.28,0.3,0.0,2.3,-22.9,0.0 (cmd -0.6),0.0 (cmd 0.3)
0.7807,-22.91,-0.65,0.0,2.22,0.29,0.0,2.2,-22.9,0.0 (cmd -0.7),0.0 (cmd 0.3)
0.7812,-22.99,-0.63,0.0,2.17,0.28,0.0,2.2,-23.0,0.0 (cmd -0.6),0.0 (cmd 0.3)
0.7817000000000001,-23.15,-0.59,0.0,2.16,0.28,0.0,2.2,-23.1,0.0 (cmd -0.6),0.0 (cmd 0.3)
0.7822,-23.16,-0.55,0.0,2.15,0.29,0.0,2.1,-23.2,0.0 (cmd -0.6),0.0 (cmd 0.3)
0.7827,-23.12,-0.59,0.0,2.12,0.29,0.0,2.1,-23.1,0.0 (cmd -0.6),0.0 (cmd 0.3)
0.7831999999999999,-23.13,-0.6,0.0,2.07,0.29,0.0,2.1,-23.1,0.0 (cmd -0.6),0.0 (cmd 0.3)
0.7837000000000001,-23.17,-0.59,0.0,2.04,0.28,0.0,2.0,-23.2,0.0 (cmd -0.6),0.0 (cmd 0.3)
0.7842,-23.3,-0.57,0.0,2.03,0.28,0.0,2.0,-23.3,0.0 (cmd -0.6),0.0 (cmd 0.3)
0.7847000000000001,-23.34,-0.56,0.0,2.08,0.3,0.0,2.1,-23.3,0.0 (cmd -0.6),0.0 (cmd 0.3)
0.7851999999999999,-23.3,-0.56,0.0,2.11,0.32,0.0,2.1,-23.3,0.0 (cmd -0.6),0.0 (cmd 0.3)
0.7857,-23.29,-0.58,0.0,2.08,0.31,0.0,2.1,-23.3,0.0 (cmd -0.6),0.0 (cmd 0.3)
0.7862,-23.3,-0.59,0.0,2.11,0.31,0.0,2.1,-23.3,0.0 (cmd -0.6),0.0 (cmd 0.3)
0.7867000000000001,-23.29,-0.59,0.0,2.12,0.32,0.0,2.1,-23.3,0.0 (cmd -0.6),0.0 (cmd 0.3)
0.7872,-23.27,-0.6,0.0,2.11,0.32,0.0,2.1,-23.3,0.0 (cmd -0.6),0.0 (cmd 0.3)
0.7877,-23.22,-0.61,0.0,2.09,0.31,0.0,2.1,-23.2,0.0 (cmd -0.6),0.0 (cmd 0.3)
0.7881999999999999,-23.15,-0.62,0.0,2.12,0.31,0.0,2.1,-23.1,0.0 (cmd -0.6),0.0 (cmd 0.3)
0.7887000000000001,-23.12,-0.63,0.0,2.14,0.32,0.0,2.1,-23.1,0.0 (cmd -0.6),0.0 (cmd 0.3)
0.7892,-23.12,-0.63,0.0,2.17,0.33,0.0,2.2,-23.1,0.0 (cmd -0.6),0.0 (cmd 0.3)
0.7897000000000001,-23.15,-0.62,0.0,2.19,0.33,0.0,2.2,-23.1,0.0 (cmd -0.6),0.0 (cmd 0.3)
0.7901999999999999,-23.16,-0.61,0.0,2.2,0.33,0.0,2.2,-23.2,0.0 (cmd -0.6),0.0 (cmd 0.3)
0.7907,-23.17,-0.6,0.0,2.22,0.33,0.0,2.2,-23.2,0.0 (cmd -0.6),0.0 (cmd 0.3)
0.7912,-23.18,-0.6,0.0,2.27,0.34,0.0,2.3,-23.2,0.0 (cmd -0.6),0.0 (cmd 0.3)
0.7917000000000001,-23.19,-0.6,0.0,2.32,0.35,0.0,2.3,-23.2,0.0 (cmd -0.6),0.0 (cmd 0.3)
0.7922,-23.21,-0.59,0.0,2.37,0.36,0.0,2.4,-23.2,0.0 (cmd -0.6),0.0 (cmd 0.4)
0.7927,-23.22,-0.59,0.0,2.4,0.36,0.0,2.4,-23.2,0.0 (cmd -0.6),0.0 (cmd 0.4)
0.7931999999999999,-23.22,-0.59,0.0,2.39,0.36,0.0,2.4,-23.2,0.0 (cmd -0.6),0.0 (cmd 0.4)
0.7937000000000001,-23.22,-0.59,0.0,2.45,0.35,0.0,2.5,-23.2,0.0 (cmd -0.6),0.0 (cmd 0.3)
0.7942,-23.23,-0.59,0.0,2.53,0.36,0.0,2.5,-23.2,0.0 (cmd -0.6),0.0 (cmd 0.4)
0.7947000000000001,-23.26,-0.59,0.0,2.58,0.38,0.0,2.6,-23.3,0.0 (cmd -0.6),0.0 (cmd 0.4)
0.7951999999999999,-23.26,-0.58,0.0,2.6,0.38,0.0,2.6,-23.3,0.0 (cmd -0.6),0.0 (cmd 0.4)
0.7957,-23.26,-0.59,0.0,2.62,0.37,0.0,2.6,-23.3,0.0 (cmd -0.6),0.0 (cmd 0.4)
0.7962,-23.26,-0.59,0.0,2.67,0.37,0.0,2.7,-23.3,0.0 (cmd -0.6),0.0 (cmd 0.4)
0.7967000000000001,-23.24,-0.59,0.0,2.69,0.37,0.0,2.7,-23.2,0.0 (cmd -0.6),0.0 (cmd 0.4)
0.7972,-23.22,-0.6,0.0,2.72,0.37,0.0,2.7,-23.2,0.0 (cmd -0.6),0.0 (cmd 0.4)
0.7977,-23.18,-0.61,0.0,2.8,0.37,0.0,2.8,-23.2,0.0 (cmd -0.6),0.0 (cmd 0.4)
0.7981999999999999,-23.15,-0.61,0.0,2.82,0.38,0.0,2.8,-23.1,0.0 (cmd -0.6),0.0 (cmd 0.4)
0.7987000000000001,-23.14,-0.61,0.0,2.83,0.37,0.0,2.8,-23.1,0.0 (cmd -0.6),0.0 (cmd 0.4)
0.7992,-23.13,-0.61,0.0,2.86,0.36,0.0,2.9,-23.1,0.0 (cmd -0.6),0.0 (cmd 0.4)
0.7997000000000001,-23.1,-0.61,0.0,2.91,0.37,0.0,2.9,-23.1,0.0 (cmd -0.6),0.0 (cmd 0.4)
0.8001999999999999,-23.07,-0.61,0.0,2.98,0.39,0.0,3.0,-23.1,0.0 (cmd -0.6),0.0 (cmd 0.4)
0.8007,-23.07,-0.61,0.0,3.08,0.39,0.0,3.1,-23.1,0.0 (cmd -0.6),0.0 (cmd 0.4)
0.8012,-23.05,-0.61,0.0,3.16,0.41,0.0,3.2,-23.1,0.0 (cmd -0.6),0.0 (cmd 0.4)
0.8017000000000001,-23.01,-0.61,0.0,3.17,0.4,0.0,3.2,-23.0,0.0 (cmd -0.6),0.0 (cmd 0.4)
0.8022,-22.94,-0.62,0.0,3.19,0.39,0.0,3.2,-22.9,0.0 (cmd -0.6),0.0 (cmd 0.4)
0.8027,-22.91,-0.63,0.0,3.25,0.39,0.0,3.2,-22.9,0.0 (cmd -0.6),0.0 (cmd 0.4)
0.8031999999999999,-22.85,-0.64,0.0,3.3,0.39,0.0,3.3,-22.9,0.0 (cmd -0.6),0.0 (cmd 0.4)
0.8037000000000001,-22.85,-0.63,0.0,3.34,0.38,0.0,3.3,-22.9,0.0 (cmd -0.6),0.0 (cmd 0.4)
0.8042,-22.87,-0.62,0.0,3.38,0.39,0.0,3.4,-22.9,0.0 (cmd -0.6),0.0 (cmd 0.4)
0.8047000000000001,-22.88,-0.61,0.0,3.39,0.38,0.0,3.4,-22.9,0.0 (cmd -0.6),0.0 (cmd 0.4)
0.8051999999999999,-22.9,-0.61,0.0,3.41,0.38,0.0,3.4,-22.9,0.0 (cmd -0.6),0.0 (cmd 0.4)
0.8057,-22.93,-0.61,0.0,3.41,0.37,0.0,3.4,-22.9,0.0 (cmd -0.6),0.0 (cmd 0.4)
0.8062,-23.04,-0.58,0.0,3.42,0.37,0.0,3.4,-23.0,0.0 (cmd -0.6),0.0 (cmd 0.4)
0.8067000000000001,-23.03,-0.57,0.0,3.45,0.37,0.0,3.5,-23.0,0.0 (cmd -0.6),0.0 (cmd 0.4)
0.8072,-23.04,-0.58,0.0,3.47,0.37,0.0,3.5,-23.0,0.0 (cmd -0.6),0.0 (cmd 0.4)
0.8077,-23.05,-0.58,0.0,3.48,0.37,0.0,3.5,-23.1,0.0 (cmd -0.6),0.0 (cmd 0.4)
0.8081999999999999,-23.06,-0.58,0.0,3.45,0.36,0.0,3.5,-23.1,0.0 (cmd -0.6),0.0 (cmd 0.4)
0.8087000000000001,-23.13,-0.58,0.0,3.43,0.35,0.0,3.4,-23.1,0.0 (cmd -0.6),0.0 (cmd 0.3)
0.8092,-23.13,-0.58,0.0,3.38,0.33,0.0,3.4,-23.1,0.0 (cmd -0.6),0.0 (cmd 0.3)
0.8097000000000001,-23.12,-0.58,0.0,3.46,0.33,0.0,3.5,-23.1,0.0 (cmd -0.6),0.0 (cmd 0.3)
0.8101999999999999,-23.1,-0.59,0.0,3.52,0.35,0.0,3.5,-23.1,0.0 (cmd -0.6),0.0 (cmd 0.3)
0.8107,-23.1,-0.59,0.0,3.54,0.37,0.0,3.5,-23.1,0.0 (cmd -0.6),0.0 (cmd 0.4)
0.8112,-23.11,-0.59,0.0,3.56,0.37,0.0,3.6,-23.1,0.0 (cmd -0.6),0.0 (cmd 0.4)
0.8117000000000001,-23.12,-0.59,0.0,3.57,0.37,0.0,3.6,-23.1,0.0 (cmd -0.6),0.0 (cmd 0.4)
0.8122,-23.11,-0.6,0.0,3.51,0.36,0.0,3.5,-23.1,0.0 (cmd -0.6),0.0 (cmd 0.4)
0.8127,-23.13,-0.6,0.0,3.48,0.33,0.0,3.5,-23.1,0.0 (cmd -0.6),0.0 (cmd 0.3)
0.8131999999999999,-23.13,-0.6,0.0,3.48,0.33,0.0,3.5,-23.1,0.0 (cmd -0.6),0.0 (cmd 0.3)
0.8137000000000001,-23.12,-0.6,0.0,3.48,0.33,0.0,3.5,-23.1,0.0 (cmd -0.6),0.0 (cmd 0.3)
0.8142,-23.1,-0.6,0.0,3.52,0.35,0.0,3.5,-23.1,0.0 (cmd -0.6),0.0 (cmd 0.3)
0.8147000000000001,-23.08,-0.61,0.0,3.5,0.34,0.0,3.5,-23.1,0.0 (cmd -0.6),0.0 (cmd 0.3)
0.8151999999999999,-23.04,-0.61,0.0,3.45,0.33,0.0,3.5,-23.0,0.0 (cmd -0.6),0.0 (cmd 0.3)
0.8157,-22.99,-0.63,0.0,3.4,0.31,0.0,3.4,-23.0,0.0 (cmd -0.6),0.0 (cmd 0.3)
0.8162,-22.9,-0.64,0.0,3.38,0.31,0.0,3.4,-22.9,0.0 (cmd -0.6),0.0 (cmd 0.3)
0.8167000000000001,-22.77,-0.66,0.0,3.37,0.31,0.0,3.4,-22.8,0.0 (cmd -0.7),0.0 (cmd 0.3)
0.8172,-22.76,-0.67,0.0,3.25,0.31,0.0,3.2,-22.8,0.0 (cmd -0.7),0.0 (cmd 0.3)
0.8177,-22.76,-0.66,0.0,3.19,0.28,0.0,3.2,-22.8,0.0 (cmd -0.7),0.0 (cmd 0.3)
0.8181999999999999,-22.76,-0.64,0.0,3.14,0.28,0.0,3.1,-22.8,0.0 (cmd -0.6),0.0 (cmd 0.3)
0.8187000000000001,-22.74,-0.64,0.0,3.06,0.28,0.0,3.1,-22.7,0.0 (cmd -0.6),0.0 (cmd 0.3)
0.8192,-22.71,-0.63,0.0,2.99,0.26,0.0,3.0,-22.7,0.0 (cmd -0.6),0.0 (cmd 0.3)
0.8197000000000001,-22.69,-0.63,0.0,2.93,0.26,0.0,2.9,-22.7,0.0 (cmd -0.6),0.0 (cmd 0.3)
0.8201999999999999,-22.71,-0.63,0.0,2.87,0.26,0.0,2.9,-22.7,0.0 (cmd -0.6),0.0 (cmd 0.3)
0.8207,-22.74,-0.62,0.0,2.8,0.25,0.0,2.8,-22.7,0.0 (cmd -0.6),0.0 (cmd 0.2)
0.8212,-22.94,-0.58,0.0,2.79,0.26,0.0,2.8,-22.9,0.0 (cmd -0.6),0.0 (cmd 0.3)
0.8217000000000001,-23.14,-0.53,0.0,2.8,0.28,0.0,2.8,-23.1,0.0 (cmd -0.5),0.0 (cmd 0.3)
0.8222,-23.18,-0.52,0.0,2.84,0.3,0.0,2.8,-23.2,0.0 (cmd -0.5),0.0 (cmd 0.3)
0.8227,-23.19,-0.53,0.0,2.9,0.32,0.0,2.9,-23.2,0.0 (cmd -0.5),0.0 (cmd 0.3)
0.8231999999999999,-23.2,-0.54,0.0,3.03,0.35,0.0,3.0,-23.2,0.0 (cmd -0.5),0.0 (cmd 0.3)
0.8237000000000001,-23.23,-0.54,0.0,3.15,0.39,0.0,3.1,-23.2,0.0 (cmd -0.5),0.0 (cmd 0.4)
0.8242,-23.29,-0.54,0.0,3.15,0.4,0.0,3.1,-23.3,0.0 (cmd -0.5),0.0 (cmd 0.4)
0.8247000000000001,-23.32,-0.54,0.0,3.14,0.38,0.0,3.1,-23.3,0.0 (cmd -0.5),0.0 (cmd 0.4)
0.8251999999999999,-23.29,-0.56,0.0,3.2,0.37,0.0,3.2,-23.3,0.0 (cmd -0.6),0.0 (cmd 0.4)
0.8256999999999999,-23.21,-0.58,0.0,3.3,0.39,0.0,3.3,-23.2,0.0 (cmd -0.6),0.0 (cmd 0.4)
0.8262,-23.15,-0.61,0.0,3.3,0.39,0.0,3.3,-23.1,0.0 (cmd -0.6),0.0 (cmd 0.4)
0.8267,-23.14,-0.61,0.0,3.3,0.38,0.0,3.3,-23.1,0.0 (cmd -0.6),0.0 (cmd 0.4)
0.8272,-23.37,-0.61,0.0,3.29,0.37,0.0,3.3,-23.4,0.0 (cmd -0.6),0.0 (cmd 0.4)
0.8276999999999999,-23.72,-0.45,0.0,3.26,0.37,0.0,3.3,-23.7,0.0 (cmd -0.5),0.0 (cmd 0.4)
0.8281999999999999,-23.98,-0.46,0.0,3.2,0.35,0.0,3.2,-24.0,0.0 (cmd -0.5),0.0 (cmd 0.3)
0.8287,-23.59,-0.45,0.0,3.15,0.34,0.0,3.1,-23.6,0.0 (cmd -0.5),0.0 (cmd 0.3)
0.8292,-23.13,-0.65,0.0,3.19,0.32,0.0,3.2,-23.1,0.0 (cmd -0.7),0.0 (cmd 0.3)
0.8297,-22.93,-0.72,0.0,3.24,0.34,0.0,3.2,-22.9,0.0 (cmd -0.7),0.0 (cmd 0.3)
0.8301999999999999,-22.72,-0.77,0.0,3.16,0.32,0.0,3.2,-22.7,0.0 (cmd -0.8),0.0 (cmd 0.3)
0.8306999999999999,-22.76,-0.74,0.0,3.13,0.3,0.0,3.1,-22.8,0.0 (cmd -0.7),0.0 (cmd 0.3)
0.8312,-22.76,-0.7,0.0,3.12,0.31,0.0,3.1,-22.8,0.0 (cmd -0.7),0.0 (cmd 0.3)
0.8317,-22.69,-0.68,0.0,3.04,0.3,0.0,3.0,-22.7,0.0 (cmd -0.7),0.0 (cmd 0.3)
0.8322,-22.57,-0.71,0.0,2.93,0.28,0.0,2.9,-22.6,0.0 (cmd -0.7),0.0 (cmd 0.3)
0.8326999999999999,-22.62,-0.67,0.0,2.87,0.27,0.0,2.9,-22.6,0.0 (cmd -0.7),0.0 (cmd 0.3)
0.8331999999999999,-23.26,-0.66,0.0,2.85,0.27,0.0,2.9,-23.3,0.0 (cmd -0.7),0.0 (cmd 0.3)
0.8337,-23.25,-0.49,0.0,2.78,0.29,0.0,2.8,-23.2,0.0 (cmd -0.5),0.0 (cmd 0.3)
0.8342,-23.12,-0.57,0.0,2.63,0.26,0.0,2.6,-23.1,0.0 (cmd -0.6),0.0 (cmd 0.3)
0.8347,-23.37,-0.51,0.0,2.61,0.25,0.0,2.6,-23.4,0.0 (cmd -0.5),0.0 (cmd 0.2)
0.8351999999999999,-23.4,-0.51,0.0,2.7,0.28,0.0,2.7,-23.4,0.0 (cmd -0.5),0.0 (cmd 0.3)
0.8356999999999999,-23.27,-0.53,0.0,2.73,0.31,0.0,2.7,-23.3,0.0 (cmd -0.5),0.0 (cmd 0.3)
0.8362,-23.27,-0.58,0.0,2.59,0.31,0.0,2.6,-23.3,0.0 (cmd -0.6),0.0 (cmd 0.3)
0.8367,-22.82,-0.71,0.0,2.51,0.26,0.0,2.5,-22.8,0.0 (cmd -0.7),0.0 (cmd 0.3)
0.8372,-22.87,-0.68,0.0,2.5,0.26,0.0,2.5,-22.9,0.0 (cmd -0.7),0.0 (cmd 0.3)
0.8376999999999999,-22.67,-0.66,0.0,2.5,0.27,0.0,2.5,-22.7,0.0 (cmd -0.7),0.0 (cmd 0.3)
0.8382,-22.74,-0.68,0.0,2.44,0.27,0.0,2.4,-22.7,0.0 (cmd -0.7),0.0 (cmd 0.3)
0.8387,-22.84,-0.65,0.0,2.26,0.27,0.0,2.3,-22.8,0.0 (cmd -0.7),0.0 (cmd 0.3)
0.8392000000000001,-22.93,-0.6,0.0,2.18,0.23,0.0,2.2,-22.9,0.0 (cmd -0.6),0.0 (cmd 0.2)
0.8397,-23.17,-0.59,0.0,2.2,0.24,0.0,2.2,-23.2,0.0 (cmd -0.6),0.0 (cmd 0.2)
0.8402,-23.23,-0.55,0.0,2.27,0.28,0.0,2.3,-23.2,0.0 (cmd -0.6),0.0 (cmd 0.3)
0.8406999999999999,-23.16,-0.55,0.0,2.31,0.3,0.0,2.3,-23.2,0.0 (cmd -0.6),0.0 (cmd 0.3)
0.8412000000000001,-23.08,-0.59,0.0,2.33,0.31,0.0,2.3,-23.1,0.0 (cmd -0.6),0.0 (cmd 0.3)
0.8417,-23.07,-0.6,0.0,2.35,0.32,0.0,2.4,-23.1,0.0 (cmd -0.6),0.0 (cmd 0.3)
0.8422000000000001,-23.14,-0.6,0.0,2.36,0.32,0.0,2.4,-23.1,0.0 (cmd -0.6),0.0 (cmd 0.3)
0.8426999999999999,-23.19,-0.58,0.0,2.35,0.32,0.0,2.4,-23.2,0.0 (cmd -0.6),0.0 (cmd 0.3)
0.8432,-23.35,-0.53,0.0,2.36,0.33,0.0,2.4,-23.4,0.0 (cmd -0.5),0.0 (cmd 0.3)
0.8438,-23.36,-0.54,0.0,2.39,0.33,0.0,2.4,-23.4,0.0 (cmd -0.5),0.0 (cmd 0.3)
0.8443,-23.31,-0.56,0.0,2.46,0.34,0.0,2.5,-23.3,0.0 (cmd -0.6),0.0 (cmd 0.3)
0.8448000000000001,-23.25,-0.58,0.0,2.52,0.36,0.0,2.5,-23.2,0.0 (cmd -0.6),0.0 (cmd 0.4)
0.8452999999999999,-23.27,-0.59,0.0,2.55,0.36,0.0,2.5,-23.3,0.0 (cmd -0.6),0.0 (cmd 0.4)
0.8458,-23.27,-0.59,0.0,2.56,0.36,0.0,2.6,-23.3,0.0 (cmd -0.6),0.0 (cmd 0.4)
0.8462999999999999,-23.26,-0.59,0.0,2.54,0.35,0.0,2.5,-23.3,0.0 (cmd -0.6),0.0 (cmd 0.3)
0.8468000000000001,-23.23,-0.6,0.0,2.49,0.33,0.0,2.5,-23.2,0.0 (cmd -0.6),0.0 (cmd 0.3)
0.8473,-23.33,-0.59,0.0,2.48,0.32,0.0,2.5,-23.3,0.0 (cmd -0.6),0.0 (cmd 0.3)
0.8478,-23.37,-0.57,0.0,2.57,0.33,0.0,2.6,-23.4,0.0 (cmd -0.6),0.0 (cmd 0.3)
0.8482999999999999,-23.3,-0.58,0.0,2.57,0.35,0.0,2.6,-23.3,0.0 (cmd -0.6),0.0 (cmd 0.3)
0.8488,-23.25,-0.6,0.0,2.53,0.34,0.0,2.5,-23.2,0.0 (cmd -0.6),0.0 (cmd 0.3)
0.8493,-23.24,-0.61,0.0,2.53,0.33,0.0,2.5,-23.2,0.0 (cmd -0.6),0.0 (cmd 0.3)
0.8498000000000001,-23.3,-0.6,0.0,2.59,0.33,0.0,2.6,-23.3,0.0 (cmd -0.6),0.0 (cmd 0.3)
0.8503,-23.48,-0.58,0.0,2.72,0.38,0.0,2.7,-23.5,0.0 (cmd -0.6),0.0 (cmd 0.4)
0.8508,-23.49,-0.54,0.0,2.9,0.41,0.0,2.9,-23.5,0.0 (cmd -0.5),0.0 (cmd 0.4)
0.8513,-23.25,-0.58,0.0,2.89,0.41,0.0,2.9,-23.2,0.0 (cmd -0.6),0.0 (cmd 0.4)
0.8518000000000001,-22.85,-0.64,0.0,2.9,0.38,0.0,2.9,-22.9,0.0 (cmd -0.6),0.0 (cmd 0.4)
0.8523000000000001,-22.75,-0.72,0.0,2.95,0.37,0.0,3.0,-22.8,0.0 (cmd -0.7),0.0 (cmd 0.4)
0.8528,-22.79,-0.72,0.0,3.03,0.37,0.0,3.0,-22.8,0.0 (cmd -0.7),0.0 (cmd 0.4)
0.8533,-22.76,-0.67,0.0,3.04,0.38,0.0,3.0,-22.8,0.0 (cmd -0.7),0.0 (cmd 0.4)
0.8538,-22.6,-0.67,0.0,3.06,0.37,0.0,3.1,-22.6,0.0 (cmd -0.7),0.0 (cmd 0.4)
0.8543000000000001,-22.56,-0.69,0.0,3.15,0.37,0.0,3.1,-22.6,0.0 (cmd -0.7),0.0 (cmd 0.4)
0.8548000000000001,-22.43,-0.68,0.0,3.2,0.38,0.0,3.2,-22.4,0.0 (cmd -0.7),0.0 (cmd 0.4)
0.8553,-22.31,-0.69,0.0,3.2,0.38,0.0,3.2,-22.3,0.0 (cmd -0.7),0.0 (cmd 0.4)
0.8558,-22.01,-0.69,0.0,3.21,0.37,0.0,3.2,-22.0,0.0 (cmd -0.7),0.0 (cmd 0.4)
0.8563,-21.97,-0.76,0.0,3.23,0.35,0.0,3.2,-22.0,0.0 (cmd -0.8),0.0 (cmd 0.3)
0.8568000000000001,-21.76,-0.75,0.0,3.24,0.35,0.0,3.2,-21.8,0.0 (cmd -0.8),0.0 (cmd 0.3)
0.8573000000000001,-21.83,-0.74,0.0,3.26,0.34,0.0,3.3,-21.8,0.0 (cmd -0.7),0.0 (cmd 0.3)
0.8578,-21.86,-0.69,0.0,3.25,0.34,0.0,3.2,-21.9,0.0 (cmd -0.7),0.0 (cmd 0.3)
0.8583,-21.86,-0.66,0.0,3.28,0.34,0.0,3.3,-21.9,0.0 (cmd -0.7),0.0 (cmd 0.3)
0.8588,-21.88,-0.64,0.0,3.29,0.34,0.0,3.3,-21.9,0.0 (cmd -0.6),0.0 (cmd 0.3)
0.8593000000000001,-21.99,-0.62,0.0,3.29,0.34,0.0,3.3,-22.0,0.0 (cmd -0.6),0.0 (cmd 0.3)
0.8598000000000001,-22.06,-0.6,0.0,3.26,0.34,0.0,3.3,-22.1,0.0 (cmd -0.6),0.0 (cmd 0.3)
0.8603,-22.17,-0.56,0.0,3.24,0.33,0.0,3.2,-22.2,0.0 (cmd -0.6),0.0 (cmd 0.3)
0.8608,-22.22,-0.55,0.0,3.2,0.32,0.0,3.2,-22.2,0.0 (cmd -0.6),0.0 (cmd 0.3)
0.8613,-22.25,-0.56,0.0,3.16,0.31,0.0,3.2,-22.2,0.0 (cmd -0.6),0.0 (cmd 0.3)
0.8618000000000001,-22.3,-0.56,0.0,3.14,0.31,0.0,3.1,-22.3,0.0 (cmd -0.6),0.0 (cmd 0.3)
0.8623000000000001,-22.4,-0.56,0.0,3.11,0.31,0.0,3.1,-22.4,0.0 (cmd -0.6),0.0 (cmd 0.3)
0.8627999999999999,-22.42,-0.55,0.0,3.04,0.3,0.0,3.0,-22.4,0.0 (cmd -0.6),0.0 (cmd 0.3)
0.8633,-22.41,-0.56,0.0,2.9,0.29,0.0,2.9,-22.4,0.0 (cmd -0.6),0.0 (cmd 0.3)
0.8637999999999999,-22.42,-0.57,0.0,2.84,0.25,0.0,2.8,-22.4,0.0 (cmd -0.6),0.0 (cmd 0.2)
0.8643000000000001,-22.45,-0.58,0.0,2.72,0.23,0.0,2.7,-22.4,0.0 (cmd -0.6),0.0 (cmd 0.2)
0.8648,-22.51,-0.57,0.0,2.87,0.26,0.0,2.9,-22.5,0.0 (cmd -0.6),0.0 (cmd 0.3)
0.8653,-22.73,-0.54,0.0,3.13,0.32,0.0,3.1,-22.7,0.0 (cmd -0.5),0.0 (cmd 0.3)
0.8657999999999999,-23.44,-0.49,0.0,3.09,0.39,0.0,3.1,-23.4,0.0 (cmd -0.5),0.0 (cmd 0.4)
0.8663,-23.69,-0.32,0.0,2.7,0.34,0.0,2.7,-23.7,0.0 (cmd -0.3),0.0 (cmd 0.3)
0.8668,-23.67,-0.38,0.0,2.35,0.23,0.0,2.4,-23.7,0.0 (cmd -0.4),0.0 (cmd 0.2)
0.8673000000000001,-23.54,-0.46,0.0,2.13,0.16,0.0,2.1,-23.5,0.0 (cmd -0.5),0.0 (cmd 0.2)
0.8677999999999999,-23.44,-0.53,0.0,2.05,0.14,0.0,2.0,-23.4,0.0 (cmd -0.5),0.0 (cmd 0.1)
0.8683,-23.44,-0.56,0.0,1.92,0.18,0.0,1.9,-23.4,0.0 (cmd -0.6),0.0 (cmd 0.2)
0.8687999999999999,-23.47,-0.57,0.0,1.91,0.17,0.0,1.9,-23.5,0.0 (cmd -0.6),0.0 (cmd 0.2)
0.8693000000000001,-23.51,-0.56,0.0,2.0,0.22,0.0,2.0,-23.5,0.0 (cmd -0.6),0.0 (cmd 0.2)
0.8698,-23.71,-0.54,0.0,2.15,0.28,0.0,2.1,-23.7,0.0 (cmd -0.5),0.0 (cmd 0.3)
0.8703,-23.81,-0.51,0.0,2.25,0.32,0.0,2.2,-23.8,0.0 (cmd -0.5),0.0 (cmd 0.3)
0.8707999999999999,-23.82,-0.51,0.0,2.25,0.35,0.0,2.2,-23.8,0.0 (cmd -0.5),0.0 (cmd 0.3)
0.8713,-23.84,-0.53,0.0,2.15,0.32,0.0,2.1,-23.8,0.0 (cmd -0.5),0.0 (cmd 0.3)
0.8718,-23.81,-0.55,0.0,2.12,0.31,0.0,2.1,-23.8,0.0 (cmd -0.6),0.0 (cmd 0.3)
0.8723000000000001,-23.78,-0.58,0.0,2.06,0.29,0.0,2.1,-23.8,0.0 (cmd -0.6),0.0 (cmd 0.3)
0.8727999999999999,-23.43,-0.6,0.0,2.0,0.28,0.0,2.0,-23.4,0.0 (cmd -0.6),0.0 (cmd 0.3)
0.8733,-23.14,-0.68,0.0,1.94,0.26,0.0,1.9,-23.1,0.0 (cmd -0.7),0.0 (cmd 0.3)
0.8737999999999999,-22.93,-0.79,0.0,1.95,0.26,0.0,1.9,-22.9,0.0 (cmd -0.8),0.0 (cmd 0.3)
0.8743000000000001,-22.67,-0.8,0.0,2.07,0.29,0.0,2.1,-22.7,0.0 (cmd -0.8),0.0 (cmd 0.3)
0.8748,-22.52,-0.78,0.0,2.15,0.32,0.0,2.1,-22.5,0.0 (cmd -0.8),0.0 (cmd 0.3)
0.8753,-22.23,-0.79,0.0,2.14,0.32,0.0,2.1,-22.2,0.0 (cmd -0.8),0.0 (cmd 0.3)
0.8757999999999999,-22.17,-0.8,0.0,2.25,0.32,0.0,2.2,-22.2,0.0 (cmd -0.8),0.0 (cmd 0.3)
0.8763,-22.01,-0.8,0.0,2.32,0.34,0.0,2.3,-22.0,0.0 (cmd -0.8),0.0 (cmd 0.3)
0.8768,-21.91,-0.79,0.0,2.48,0.36,0.0,2.5,-21.9,0.0 (cmd -0.8),0.0 (cmd 0.4)
0.8773000000000001,-22.02,-0.74,0.0,2.52,0.38,0.0,2.5,-22.0,0.0 (cmd -0.7),0.0 (cmd 0.4)
0.8777999999999999,-22.15,-0.67,0.0,2.5,0.37,0.0,2.5,-22.1,0.0 (cmd -0.7),0.0 (cmd 0.4)
0.8783,-22.12,-0.64,0.0,2.38,0.32,0.0,2.4,-22.1,0.0 (cmd -0.6),0.0 (cmd 0.3)
0.8787999999999999,-21.96,-0.65,0.0,2.34,0.3,0.0,2.3,-22.0,0.0 (cmd -0.7),0.0 (cmd 0.3)
0.8793000000000001,-21.57,-0.7,0.0,2.46,0.29,0.0,2.5,-21.6,0.0 (cmd -0.7),0.0 (cmd 0.3)
0.8798,-19.99,-0.93,0.0,2.58,0.33,0.0,2.6,-20.0,0.0 (cmd -0.9),0.0 (cmd 0.3)
0.8803,-19.11,-1.15,0.0,2.85,0.34,0.0,2.9,-19.1,0.0 (cmd -1.1),0.0 (cmd 0.3)
0.8807999999999999,-18.68,-1.22,0.0,2.95,0.36,0.0,3.0,-18.7,0.0 (cmd -1.2),0.0 (cmd 0.4)
0.8813,-17.38,-1.25,0.0,3.07,0.35,0.0,3.1,-17.4,0.0 (cmd -1.2),0.0 (cmd 0.3)
0.8818,-15.56,-1.43,0.0,3.24,0.35,0.0,3.2,-15.6,0.0 (cmd -1.4),0.0 (cmd 0.3)
0.8823000000000001,-14.25,-1.74,0.0,3.33,0.32,0.0,3.3,-14.2,0.0 (cmd -1.7),0.0 (cmd 0.3)
0.8827999999999999,-10.38,-2.29,0.0,3.24,0.25,0.0,3.2,-10.4,0.0 (cmd -2.3),0.0 (cmd 0.2)
0.8833,-10.16,-2.5,0.0,3.44,0.18,0.0,3.4,-10.2,0.0 (cmd -2.5),0.0 (cmd 0.2)
0.8837999999999999,-11.58,-2.0,0.0,3.9,0.3,0.0,3.9,-11.6,0.0 (cmd -2.0),0.0 (cmd 0.3)
0.8843000000000001,-12.39,-1.26,0.0,3.96,0.38,0.0,4.0,-12.4,0.0 (cmd -1.3),0.0 (cmd 0.4)
0.8848,-13.64,-0.73,0.0,3.81,0.36,0.0,3.8,-13.6,0.0 (cmd -0.7),0.0 (cmd 0.4)
0.8853,-14.43,-0.48,0.0,3.67,0.3,0.0,3.7,-14.4,0.0 (cmd -0.5),0.0 (cmd 0.3)
0.8857999999999999,-14.64,-0.39,0.0,3.54,0.25,0.0,3.5,-14.6,0.0 (cmd -0.4),0.0 (cmd 0.2)
0.8863,-14.41,-0.4,0.0,3.54,0.23,0.0,3.5,-14.4,0.0 (cmd -0.4),0.0 (cmd 0.2)
0.8868,-13.86,-0.57,0.0,3.52,0.22,0.0,3.5,-13.9,0.0 (cmd -0.6),0.0 (cmd 0.2)
0.8873000000000001,-13.48,-0.73,0.0,3.46,0.19,0.0,3.5,-13.5,0.0 (cmd -0.7),0.0 (cmd 0.2)
0.8877999999999999,-13.44,-0.76,0.0,3.34,0.17,0.0,3.3,-13.4,0.0 (cmd -0.8),0.0 (cmd 0.2)
0.8883,-13.55,-0.72,0.0,3.31,0.15,0.0,3.3,-13.6,0.0 (cmd -0.7),0.0 (cmd 0.1)
0.8887999999999999,-13.98,-0.61,0.0,3.26,0.16,0.0,3.3,-14.0,0.0 (cmd -0.6),0.0 (cmd 0.2)
0.8893000000000001,-14.18,-0.54,0.0,3.22,0.17,0.0,3.2,-14.2,0.0 (cmd -0.5),0.0 (cmd 0.2)
0.8898,-14.23,-0.52,0.0,3.14,0.17,0.0,3.1,-14.2,0.0 (cmd -0.5),0.0 (cmd 0.2)
0.8903,-14.22,-0.54,0.0,3.12,0.16,0.0,3.1,-14.2,0.0 (cmd -0.5),0.0 (cmd 0.2)
0.8907999999999999,-14.11,-0.57,0.0,3.12,0.17,0.0,3.1,-14.1,0.0 (cmd -0.6),0.0 (cmd 0.2)
0.8913,-14.03,-0.61,0.0,3.07,0.17,0.0,3.1,-14.0,0.0 (cmd -0.6),0.0 (cmd 0.2)
0.8918,-13.99,-0.64,0.0,3.0,0.16,0.0,3.0,-14.0,0.0 (cmd -0.6),0.0 (cmd 0.2)
0.8923000000000001,-13.98,-0.64,0.0,2.96,0.15,0.0,3.0,-14.0,0.0 (cmd -0.6),0.0 (cmd 0.1)
0.8927999999999999,-13.92,-0.64,0.0,2.85,0.15,0.0,2.9,-13.9,0.0 (cmd -0.6),0.0 (cmd 0.1)
0.8933,-13.87,-0.66,0.0,2.72,0.12,0.0,2.7,-13.9,0.0 (cmd -0.7),0.0 (cmd 0.1)
0.8937999999999999,-13.86,-0.67,0.0,2.61,0.1,0.0,2.6,-13.9,0.0 (cmd -0.7),0.0 (cmd 0.1)
0.8943000000000001,-13.91,-0.66,0.0,2.57,0.1,0.0,2.6,-13.9,0.0 (cmd -0.7),0.0 (cmd 0.1)
0.8948,-14.01,-0.63,0.0,2.48,0.12,0.0,2.5,-14.0,0.0 (cmd -0.6),0.0 (cmd 0.1)
0.8953,-14.07,-0.61,0.0,2.44,0.11,0.0,2.4,-14.1,0.0 (cmd -0.6),0.0 (cmd 0.1)
0.8957999999999999,-14.13,-0.6,0.0,2.3,0.11,0.0,2.3,-14.1,0.0 (cmd -0.6),0.0 (cmd 0.1)
0.8963,-14.23,-0.6,0.0,2.23,0.09,0.0,2.2,-14.2,0.0 (cmd -0.6),0.0 (cmd 0.1)
0.8968,-14.4,-0.58,0.0,2.06,0.09,0.0,2.1,-14.4,0.0 (cmd -0.6),0.0 (cmd 0.1)
0.8973000000000001,-14.64,-0.53,0.0,1.52,0.07,0.0,1.5,-14.6,0.0 (cmd -0.5),0.0 (cmd 0.1)
0.8977999999999999,-14.8,-0.54,0.0,1.33,-0.03,0.0,1.3,-14.8,0.0 (cmd -0.5),0.0 (cmd -0.0)
0.8983,-14.94,-0.52,0.0,1.11,-0.05,0.0,1.1,-14.9,0.0 (cmd -0.5),0.0 (cmd -0.1)
0.8987999999999999,-14.98,-0.53,0.0,0.92,-0.01,0.0,0.9,-15.0,0.0 (cmd -0.5),0.0 (cmd -0.0)
0.8993000000000001,-15.09,-0.56,0.0,0.81,-0.01,0.0,0.8,-15.1,0.0 (cmd -0.6),0.0 (cmd -0.0)
0.8998,-15.4,-0.52,0.0,0.64,0.02,0.0,0.6,-15.4,0.0 (cmd -0.5),0.0 (cmd 0.0)
0.9003,-16.97,-0.32,0.0,0.63,0.04,0.0,0.6,-17.0,0.0 (cmd -0.3),0.0 (cmd 0.0)
0.9007999999999999,-18.85,-0.05,0.0,0.68,0.14,0.0,0.7,-18.9,0.0 (cmd -0.1),0.0 (cmd 0.1)
0.9013,-20.62,0.32,0.0,1.01,0.27,0.0,1.0,-20.6,0.0 (cmd 0.3),0.0 (cmd 0.3)
0.9018,-21.17,0.6,0.0,1.22,0.39,0.0,1.2,-21.2,0.0 (cmd 0.6),0.0 (cmd 0.4)
0.9023000000000001,-20.8,0.36,0.0,1.17,0.41,0.0,1.2,-20.8,0.0 (cmd 0.4),0.0 (cmd 0.4)
0.9027999999999999,-19.96,-0.03,0.0,0.99,0.3,0.0,1.0,-20.0,0.0 (cmd -0.0),0.0 (cmd 0.3)
0.9033,-13.97,-1.21,0.0,0.03,0.0,0.0,0.0,-14.0,0.0 (cmd -1.2),0.0 (cmd 0.0)
0.9037999999999999,-11.28,-2.36,0.0,-2.28,-0.37,0.0,-2.3,-11.3,0.0 (cmd -2.4),0.0 (cmd -0.4)
0.9043000000000001,-6.08,-2.81,0.0,-5.16,-0.98,0.0,-5.2,-6.1,0.0 (cmd -2.8),0.0 (cmd -1.0)
0.9048,-4.03,-3.37,0.0,-9.89,-2.03,0.0,-9.9,-4.0,0.0 (cmd -3.4),0.0 (cmd -2.0)
0.9053,-1.49,-3.75,0.0,-15.97,-3.25,0.0,-16.0,-1.5,0.0 (cmd -3.8),0.0 (cmd -3.2)
0.9057999999999999,-1.04,-3.68,0.0,-20.1,-3.77,0.0,-20.1,-1.0,0.0 (cmd -3.7),0.0 (cmd -3.8)
0.9063,-2.34,-3.22,0.0,-21.27,-4.43,0.0,-21.3,-2.3,0.0 (cmd -3.2),0.0 (cmd -4.4)
0.9068,-3.1,-2.7,0.0,-20.26,-2.96,0.0,-20.3,-3.1,0.0 (cmd -2.7),0.0 (cmd -3.0)
0.9073000000000001,-3.3,-2.62,0.0,-17.2,-2.61,0.0,-17.2,-3.3,0.0 (cmd -2.6),0.0 (cmd -2.6)
0.9077999999999999,-3.15,-2.62,0.0,-15.51,-2.61,0.0,-15.5,-3.1,0.0 (cmd -2.6),0.0 (cmd -2.6)
0.9083,-2.56,0.0,0.0,-15.36,0.0,0.0,-15.4,-2.6,0.0 (cmd 0.0),0.0 (cmd 0.0)
0.9087999999999999,-1.34,0.0,0.0,-16.06,0.0,0.0,-16.1,-1.3,0.0 (cmd 0.0),0.0 (cmd 0.0)
0.9093000000000001,-0.66,0.0,0.0,-18.01,0.0,0.0,-18.0,-0.7,0.0 (cmd 0.0),0.0 (cmd 0.0)
0.9098,0.37,0.0,0.0,-17.56,0.0,0.0,-17.6,0.4,0.0 (cmd 0.0),0.0 (cmd 0.0)
0.9103,0.57,0.0,0.0,-16.45,0.0,0.0,-16.4,0.6,0.0 (cmd 0.0),0.0 (cmd 0.0)
0.9107999999999999,0.48,0.0,0.0,-13.55,0.0,0.0,-13.6,0.5,0.0 (cmd 0.0),0.0 (cmd 0.0)
0.9113,0.42,0.0,0.0,-11.88,0.0,0.0,-11.9,0.4,0.0 (cmd 0.0),0.0 (cmd 0.0)
0.9118,0.35,0.0,0.0,-8.55,0.0,0.0,-8.6,0.3,0.0 (cmd 0.0),0.0 (cmd 0.0)
0.9123000000000001,0.19,0.0,0.0,-7.51,0.0,0.0,-7.5,0.2,0.0 (cmd 0.0),0.0 (cmd 0.0)
0.9128,0.28,0.0,0.0,-7.68,0.0,0.0,-7.7,0.3,0.0 (cmd 0.0),0.0 (cmd 0.0)
0.9133,0.76,0.0,0.0,-9.66,0.0,0.0,-9.7,0.8,0.0 (cmd 0.0),0.0 (cmd 0.0)
0.9138,2.28,0.0,0.0,-11.23,0.0,0.0,-11.2,2.3,0.0 (cmd 0.0),0.0 (cmd 0.0)
0.9143000000000001,2.51,0.0,0.0,-10.12,0.0,0.0,-10.1,2.5,0.0 (cmd 0.0),0.0 (cmd 0.0)
0.9148000000000001,2.87,0.0,0.0,-7.7,0.0,0.0,-7.7,2.9,0.0 (cmd 0.0),0.0 (cmd 0.0)
0.9153,3.21,0.0,0.0,-6.4,0.0,0.0,-6.4,3.2,0.0 (cmd 0.0),0.0 (cmd 0.0)
0.9158,3.29,0.0,0.0,-2.21,0.0,0.0,-2.2,3.3,0.0 (cmd 0.0),0.0 (cmd 0.0)
0.9163,3.18,0.0,0.0,-1.93,0.0,0.0,-1.9,3.2,0.0 (cmd 0.0),0.0 (cmd 0.0)
0.9168000000000001,2.32,0.0,0.0,-2.02,0.0,0.0,-2.0,2.3,0.0 (cmd 0.0),0.0 (cmd 0.0)
0.9173000000000001,1.63,0.0,0.0,-1.76,0.0,0.0,-1.8,1.6,0.0 (cmd 0.0),0.0 (cmd 0.0)
0.9178,0.0,0.0,0.0,2.48,0.0,0.0,2.5,0.0,0.0 (cmd 0.0),0.0 (cmd 0.0)
0.9183,-10.31,0.0,0.0,2.63,0.0,0.0,2.6,-10.3,0.0 (cmd 0.0),0.0 (cmd 0.0)
0.9188,-14.5,0.0,0.0,2.72,0.0,0.0,2.7,-14.5,0.0 (cmd 0.0),0.0 (cmd 0.0)
0.9193000000000001,-15.77,0.0,0.0,3.43,0.0,0.0,3.4,-15.8,0.0 (cmd 0.0),0.0 (cmd 0.0)
0.9198000000000001,-17.31,0.0,0.0,4.21,0.0,0.0,4.2,-17.3,0.0 (cmd 0.0),0.0 (cmd 0.0)
0.9203,-18.55,0.0,0.0,4.76,0.0,0.0,4.8,-18.6,0.0 (cmd 0.0),0.0 (cmd 0.0)
0.9208,-20.08,0.0,0.0,5.64,0.0,0.0,5.6,-20.1,0.0 (cmd 0.0),0.0 (cmd 0.0)
0.9213,-20.7,0.0,0.0,6.37,0.0,0.0,6.4,-20.7,0.0 (cmd 0.0),0.0 (cmd 0.0)
0.9218000000000001,-20.18,0.0,0.0,6.96,0.0,0.0,7.0,-20.2,0.0 (cmd 0.0),0.0 (cmd 0.0)
0.9223000000000001,-17.55,0.0,0.0,7.62,0.0,0.0,7.6,-17.6,0.0 (cmd 0.0),0.0 (cmd 0.0)
0.9228,-15.7,0.0,0.0,9.15,0.0,0.0,9.2,-15.7,0.0 (cmd 0.0),0.0 (cmd 0.0)
0.9233,-13.28,0.0,0.0,10.0,0.0,0.0,10.0,-13.3,0.0 (cmd 0.0),0.0 (cmd 0.0)
0.9238,-10.66,0.0,0.0,10.11,0.0,0.0,10.1,-10.7,0.0 (cmd 0.0),0.0 (cmd 0.0)
0.9243000000000001,-8.97,0.0,0.0,9.62,0.0,0.0,9.6,-9.0,0.0 (cmd 0.0),0.0 (cmd 0.0)
0.9248000000000001,-7.42,0.0,0.0,7.74,0.0,0.0,7.7,-7.4,0.0 (cmd 0.0),0.0 (cmd 0.0)
0.9252999999999999,-6.3,0.0,0.0,4.83,0.0,0.0,4.8,-6.3,0.0 (cmd 0.0),0.0 (cmd 0.0)
0.9258,-3.16,0.0,0.0,-1.33,0.0,0.0,-1.3,-3.2,0.0 (cmd 0.0),0.0 (cmd 0.0)
0.9262999999999999,-2.15,0.0,0.0,-6.93,0.0,0.0,-6.9,-2.1,0.0 (cmd 0.0),0.0 (cmd 0.0)
0.9268000000000001,-0.21,0.0,0.0,-8.21,0.0,0.0,-8.2,-0.2,0.0 (cmd 0.0),0.0 (cmd 0.0)
0.9273,0.24,0.0,0.0,-12.51,0.0,0.0,-12.5,0.2,0.0 (cmd 0.0),0.0 (cmd 0.0)
0.9278,0.39,0.0,0.0,-19.21,0.0,0.0,-19.2,0.4,0.0 (cmd 0.0),0.0 (cmd 0.0)
0.9282999999999999,0.82,0.0,0.0,-19.9,0.0,0.0,-19.9,0.8,0.0 (cmd 0.0),0.0 (cmd 0.0)
0.9288,1.79,0.0,0.0,-19.3,0.0,0.0,-19.3,1.8,0.0 (cmd 0.0),0.0 (cmd 0.0)
0.9293,2.93,0.0,0.0,-15.83,0.0,0.0,-15.8,2.9,0.0 (cmd 0.0),0.0 (cmd 0.0)
0.9298000000000001,3.44,0.0,0.0,-11.72,0.0,0.0,-11.7,3.4,0.0 (cmd 0.0),0.0 (cmd 0.0)
0.9302999999999999,3.41,0.0,0.0,-9.46,0.0,0.0,-9.5,3.4,0.0 (cmd 0.0),0.0 (cmd 0.0)
0.9308,1.74,0.0,0.0,-9.26,0.0,0.0,-9.3,1.7,0.0 (cmd 0.0),0.0 (cmd 0.0)
0.9312999999999999,-2.71,0.0,0.0,-8.8,0.0,0.0,-8.8,-2.7,0.0 (cmd 0.0),0.0 (cmd 0.0)
0.9318000000000001,-7.23,0.0,0.0,-5.89,0.0,0.0,-5.9,-7.2,0.0 (cmd 0.0),0.0 (cmd 0.0)
0.9323,-11.72,0.0,0.0,-3.43,0.0,0.0,-3.4,-11.7,0.0 (cmd 0.0),0.0 (cmd 0.0)
0.9328,-16.26,0.0,0.0,-1.8,0.0,0.0,-1.8,-16.3,0.0 (cmd 0.0),0.0 (cmd 0.0)
0.9332999999999999,-18.68,0.0,0.0,-1.75,0.0,0.0,-1.8,-18.7,0.0 (cmd 0.0),0.0 (cmd 0.0)
0.9338,-19.03,0.0,0.0,-1.65,0.0,0.0,-1.6,-19.0,0.0 (cmd 0.0),0.0 (cmd 0.0)
0.9343,-17.13,0.0,0.0,-1.28,0.0,0.0,-1.3,-17.1,0.0 (cmd 0.0),0.0 (cmd 0.0)
0.9348000000000001,-16.25,0.0,0.0,-1.06,0.0,0.0,-1.1,-16.2,0.0 (cmd 0.0),0.0 (cmd 0.0)
0.9352999999999999,-14.9,0.0,0.0,-0.22,0.0,0.0,-0.2,-14.9,0.0 (cmd 0.0),0.0 (cmd 0.0)
0.9358,-10.08,0.0,0.0,0.27,0.0,0.0,0.3,-10.1,0.0 (cmd 0.0),0.0 (cmd 0.0)
0.9362999999999999,-8.4,0.0,0.0,0.44,0.0,0.0,0.4,-8.4,0.0 (cmd 0.0),0.0 (cmd 0.0)
0.9368000000000001,-7.96,0.0,0.0,0.49,0.0,0.0,0.5,-8.0,0.0 (cmd 0.0),0.0 (cmd 0.0)
0.9373,-7.16,0.0,0.0,0.62,0.0,0.0,0.6,-7.2,0.0 (cmd 0.0),0.0 (cmd 0.0)
0.9378,-6.47,0.0,0.0,0.67,0.0,0.0,0.7,-6.5,0.0 (cmd 0.0),0.0 (cmd 0.0)
0.9382999999999999,-5.15,0.0,0.0,0.63,0.0,0.0,0.6,-5.2,0.0 (cmd 0.0),0.0 (cmd 0.0)
0.9388,-4.31,0.0,0.0,0.67,0.0,0.0,0.7,-4.3,0.0 (cmd 0.0),0.0 (cmd 0.0)
0.9393,-3.38,0.0,0.0,0.66,0.0,0.0,0.7,-3.4,0.0 (cmd 0.0),0.0 (cmd 0.0)
0.9398000000000001,-2.41,0.0,0.0,0.52,0.0,0.0,0.5,-2.4,0.0 (cmd 0.0),0.0 (cmd 0.0)
0.9402999999999999,-1.82,0.0,0.0,0.31,0.0,0.0,0.3,-1.8,0.0 (cmd 0.0),0.0 (cmd 0.0)
0.9408,-1.09,0.0,0.0,0.2,0.0,0.0,0.2,-1.1,0.0 (cmd 0.0),0.0 (cmd 0.0)
0.9412999999999999,-0.45,0.0,0.0,0.1,0.0,0.0,0.1,-0.5,0.0 (cmd 0.0),0.0 (cmd 0.0)
0.9418000000000001,0.0,0.0,0.0,0.03,0.0,0.0,0.0,0.0,0.0 (cmd 0.0),0.0 (cmd 0.0)
0.9423,0.43,0.0,0.0,-0.09,0.0,0.0,-0.1,0.4,0.0 (cmd 0.0),0.0 (cmd 0.0)
0.9428,0.68,0.0,0.0,-0.21,0.0,0.0,-0.2,0.7,0.0 (cmd 0.0),0.0 (cmd 0.0)
0.9432999999999999,0.65,0.0,0.0,-0.95,0.0,0.0,-0.9,0.7,0.0 (cmd 0.0),0.0 (cmd 0.0)
0.9438,0.54,0.0,0.0,-1.66,0.0,0.0,-1.7,0.5,0.0 (cmd 0.0),0.0 (cmd 0.0)
0.9443,0.34,0.0,0.0,-2.66,0.0,0.0,-2.7,0.3,0.0 (cmd 0.0),0.0 (cmd 0.0)
0.9448000000000001,0.19,0.0,0.0,-3.94,0.0,0.0,-3.9,0.2,0.0 (cmd 0.0),0.0 (cmd 0.0)
0.9452999999999999,0.14,0.0,0.0,-5.31,0.0,0.0,-5.3,0.1,0.0 (cmd 0.0),0.0 (cmd 0.0)
0.9458,0.24,0.0,0.0,-6.09,0.0,0.0,-6.1,0.2,0.0 (cmd 0.0),0.0 (cmd 0.0)
0.9462999999999999,0.65,0.0,0.0,-6.5,0.0,0.0,-6.5,0.7,0.0 (cmd 0.0),0.0 (cmd 0.0)
0.9468000000000001,0.98,0.0,0.0,-6.53,0.0,0.0,-6.5,1.0,0.0 (cmd 0.0),0.0 (cmd 0.0)
0.9473,1.03,0.0,0.0,-6.26,0.0,0.0,-6.3,1.0,0.0 (cmd 0.0),0.0 (cmd 0.0)
0.9478,1.01,0.0,0.0,-6.26,0.0,0.0,-6.3,1.0,0.0 (cmd 0.0),0.0 (cmd 0.0)
0.9482999999999999,0.96,0.0,0.0,-6.36,0.0,0.0,-6.4,1.0,0.0 (cmd 0.0),0.0 (cmd 0.0)
0.9488,0.98,0.0,0.0,-7.1,0.0,0.0,-7.1,1.0,0.0 (cmd 0.0),0.0 (cmd 0.0)
0.9493,0.82,0.0,0.0,-7.52,0.0,0.0,-7.5,0.8,0.0 (cmd 0.0),0.0 (cmd 0.0)
0.9498000000000001,0.7,0.0,0.0,-7.81,0.0,0.0,-7.8,0.7,0.0 (cmd 0.0),0.0 (cmd 0.0)
0.9502999999999999,0.6,0.0,0.0,-8.15,0.0,0.0,-8.2,0.6,0.0 (cmd 0.0),0.0 (cmd 0.0)
0.9508,0.53,0.0,0.0,-8.66,0.0,0.0,-8.7,0.5,0.0 (cmd 0.0),0.0 (cmd 0.0)
0.9512999999999999,0.45,0.0,0.0,-8.99,0.0,0.0,-9.0,0.5,0.0 (cmd 0.0),0.0 (cmd 0.0)
0.9518000000000001,0.41,0.0,0.0,-9.15,0.0,0.0,-9.2,0.4,0.0 (cmd 0.0),0.0 (cmd 0.0)
0.9523,0.38,0.0,0.0,-9.19,0.0,0.0,-9.2,0.4,0.0 (cmd 0.0),0.0 (cmd 0.0)
0.9528,0.25,0.0,0.0,-9.16,0.0,0.0,-9.2,0.2,0.0 (cmd 0.0),0.0 (cmd 0.0)
0.9532999999999999,0.25,0.0,0.0,-8.99,0.0,0.0,-9.0,0.2,0.0 (cmd 0.0),0.0 (cmd 0.0)
0.9538,0.31,0.0,0.0,-8.74,0.0,0.0,-8.7,0.3,0.0 (cmd 0.0),0.0 (cmd 0.0)
0.9543,0.35,0.0,0.0,-8.72,0.0,0.0,-8.7,0.3,0.0 (cmd 0.0),0.0 (cmd 0.0)
0.9548000000000001,0.36,0.0,0.0,-8.87,0.0,0.0,-8.9,0.4,0.0 (cmd 0.0),0.0 (cmd 0.0)
0.9552999999999999,0.43,0.0,0.0,-9.12,0.0,0.0,-9.1,0.4,0.0 (cmd 0.0),0.0 (cmd 0.0)
0.9558,0.69,0.0,0.0,-9.72,0.0,0.0,-9.7,0.7,0.0 (cmd 0.0),0.0 (cmd 0.0)
0.9562999999999999,0.87,0.0,0.0,-9.88,0.0,0.0,-9.9,0.9,0.0 (cmd 0.0),0.0 (cmd 0.0)
0.9568000000000001,1.03,0.0,0.0,-9.61,0.0,0.0,-9.6,1.0,0.0 (cmd 0.0),0.0 (cmd 0.0)
0.9573,1.04,0.0,0.0,-8.51,0.0,0.0,-8.5,1.0,0.0 (cmd 0.0),0.0 (cmd 0.0)
0.9578,0.93,0.0,0.0,-6.43,0.0,0.0,-6.4,0.9,0.0 (cmd 0.0),0.0 (cmd 0.0)
0.9582999999999999,0.56,0.0,0.0,-5.29,0.0,0.0,-5.3,0.6,0.0 (cmd 0.0),0.0 (cmd 0.0)
0.9588,0.35,0.0,0.0,-4.25,0.0,0.0,-4.2,0.3,0.0 (cmd 0.0),0.0 (cmd 0.0)
0.9593,0.28,0.0,0.0,-2.91,0.0,0.0,-2.9,0.3,0.0 (cmd 0.0),0.0 (cmd 0.0)
0.9598000000000001,0.17,0.0,0.0,-1.85,0.0,0.0,-1.9,0.2,0.0 (cmd 0.0),0.0 (cmd 0.0)
0.9602999999999999,-0.42,0.0,0.0,-1.14,0.0,0.0,-1.1,-0.4,0.0 (cmd 0.0),0.0 (cmd 0.0)
0.9608,-0.81,0.0,0.0,-0.44,0.0,0.0,-0.4,-0.8,0.0 (cmd 0.0),0.0 (cmd 0.0)
0.9612999999999999,-1.1,0.0,0.0,-0.03,0.0,0.0,-0.0,-1.1,0.0 (cmd 0.0),0.0 (cmd 0.0)
0.9618000000000001,-1.43,0.0,0.0,0.2,0.0,0.0,0.2,-1.4,0.0 (cmd 0.0),0.0 (cmd 0.0)
0.9623,-1.81,0.0,0.0,0.33,0.0,0.0,0.3,-1.8,0.0 (cmd 0.0),0.0 (cmd 0.0)
0.9628,-2.76,0.0,0.0,0.45,0.0,0.0,0.5,-2.8,0.0 (cmd 0.0),0.0 (cmd 0.0)
0.9632999999999999,-3.82,0.0,0.0,0.52,0.0,0.0,0.5,-3.8,0.0 (cmd 0.0),0.0 (cmd 0.0)
0.9638,-5.3,0.0,0.0,0.59,0.0,0.0,0.6,-5.3,0.0 (cmd 0.0),0.0 (cmd 0.0)
0.9643,-6.79,0.0,0.0,0.57,0.0,0.0,0.6,-6.8,0.0 (cmd 0.0),0.0 (cmd 0.0)
0.9648000000000001,-9.54,0.0,0.0,0.62,0.0,0.0,0.6,-9.5,0.0 (cmd 0.0),0.0 (cmd 0.0)
0.9652999999999999,-11.35,0.0,0.0,0.88,0.0,0.0,0.9,-11.3,0.0 (cmd 0.0),0.0 (cmd 0.0)
0.9658,-12.32,0.0,0.0,1.31,0.0,0.0,1.3,-12.3,0.0 (cmd 0.0),0.0 (cmd 0.0)
0.9662999999999999,-13.36,0.0,0.0,1.62,0.0,0.0,1.6,-13.4,0.0 (cmd 0.0),0.0 (cmd 0.0)
0.9668000000000001,-13.72,0.0,0.0,1.67,0.0,0.0,1.7,-13.7,0.0 (cmd 0.0),0.0 (cmd 0.0)
0.9673,-13.68,0.0,0.0,1.61,0.0,0.0,1.6,-13.7,0.0 (cmd 0.0),0.0 (cmd 0.0)
0.9678,-13.28,0.0,0.0,1.63,0.0,0.0,1.6,-13.3,0.0 (cmd 0.0),0.0 (cmd 0.0)
0.9682999999999999,-13.12,0.0,0.0,1.84,0.0,0.0,1.8,-13.1,0.0 (cmd 0.0),0.0 (cmd 0.0)
0.9688,-13.05,0.0,0.0,1.87,0.0,0.0,1.9,-13.1,0.0 (cmd 0.0),0.0 (cmd 0.0)
0.9693,-12.98,0.0,0.0,1.8,0.0,0.0,1.8,-13.0,0.0 (cmd 0.0),0.0 (cmd 0.0)
0.9698000000000001,-12.44,0.0,0.0,1.69,0.0,0.0,1.7,-12.4,0.0 (cmd 0.0),0.0 (cmd 0.0)
0.9702999999999999,-10.66,0.0,0.0,1.57,0.0,0.0,1.6,-10.7,0.0 (cmd 0.0),0.0 (cmd 0.0)
0.9708,-7.66,0.0,0.0,1.45,0.0,0.0,1.4,-7.7,0.0 (cmd 0.0),0.0 (cmd 0.0)
0.9712999999999999,-7.14,0.0,0.0,1.26,0.0,0.0,1.3,-7.1,0.0 (cmd 0.0),0.0 (cmd 0.0)
0.9718000000000001,-7.1,0.0,0.0,1.18,0.0,0.0,1.2,-7.1,0.0 (cmd 0.0),0.0 (cmd 0.0)
0.9723,-6.25,0.0,0.0,1.0,0.0,0.0,1.0,-6.2,0.0 (cmd 0.0),0.0 (cmd 0.0)
0.9728,-5.17,0.0,0.0,0.64,0.0,0.0,0.6,-5.2,0.0 (cmd 0.0),0.0 (cmd 0.0)
0.9732999999999999,-4.04,0.0,0.0,0.12,0.0,0.0,0.1,-4.0,0.0 (cmd 0.0),0.0 (cmd 0.0)
0.9738,-3.36,0.0,0.0,-0.17,0.0,0.0,-0.2,-3.4,0.0 (cmd 0.0),0.0 (cmd 0.0)
0.9743,-2.2,0.0,0.0,-0.25,0.0,0.0,-0.2,-2.2,0.0 (cmd 0.0),0.0 (cmd 0.0)
0.9748000000000001,-1.31,0.0,0.0,-0.43,0.0,0.0,-0.4,-1.3,0.0 (cmd 0.0),0.0 (cmd 0.0)
0.9753,-0.94,0.0,0.0,-0.87,0.0,0.0,-0.9,-0.9,0.0 (cmd 0.0),0.0 (cmd 0.0)
0.9758,-1.02,0.0,0.0,-1.3,0.0,0.0,-1.3,-1.0,0.0 (cmd 0.0),0.0 (cmd 0.0)
0.9763,-1.42,0.0,0.0,-1.78,0.0,0.0,-1.8,-1.4,0.0 (cmd 0.0),0.0 (cmd 0.0)
0.9768000000000001,-1.82,0.0,0.0,-1.82,0.0,0.0,-1.8,-1.8,0.0 (cmd 0.0),0.0 (cmd 0.0)
0.9773000000000001,-2.08,0.0,0.0,-1.81,0.0,0.0,-1.8,-2.1,0.0 (cmd 0.0),0.0 (cmd 0.0)
0.9778,-2.32,0.0,0.0,-1.76,0.0,0.0,-1.8,-2.3,0.0 (cmd 0.0),0.0 (cmd 0.0)
0.9783,-2.75,0.0,0.0,-1.74,0.0,0.0,-1.7,-2.8,0.0 (cmd 0.0),0.0 (cmd 0.0)
0.9788,-1.79,0.0,0.0,-1.68,0.0,0.0,-1.7,-1.8,0.0 (cmd 0.0),0.0 (cmd 0.0)
0.9793000000000001,-1.52,0.0,0.0,-1.8,0.0,0.0,-1.8,-1.5,0.0 (cmd 0.0),0.0 (cmd 0.0)
0.9798000000000001,-1.4,0.0,0.0,-1.5,0.0,0.0,-1.5,-1.4,0.0 (cmd 0.0),0.0 (cmd 0.0)
0.9803,-1.63,0.0,0.0,-1.45,0.0,0.0,-1.4,-1.6,0.0 (cmd 0.0),0.0 (cmd 0.0)
0.9808,-2.05,0.0,0.0,-1.5,0.0,0.0,-1.5,-2.0,0.0 (cmd 0.0),0.0 (cmd 0.0)
0.9813,-2.36,0.0,0.0,-1.65,0.0,0.0,-1.6,-2.4,0.0 (cmd 0.0),0.0 (cmd 0.0)
0.9818000000000001,-2.89,0.0,0.0,-1.6,0.0,0.0,-1.6,-2.9,0.0 (cmd 0.0),0.0 (cmd 0.0)
0.9823000000000001,-2.98,0.0,0.0,-1.31,0.0,0.0,-1.3,-3.0,0.0 (cmd 0.0),0.0 (cmd 0.0)
0.9828,-2.91,0.0,0.0,-1.17,0.0,0.0,-1.2,-2.9,0.0 (cmd 0.0),0.0 (cmd 0.0)
0.9833,-2.89,0.0,0.0,-1.13,0.0,0.0,-1.1,-2.9,0.0 (cmd 0.0),0.0 (cmd 0.0)
0.9838,-3.0,0.0,0.0,-1.02,0.0,0.0,-1.0,-3.0,0.0 (cmd 0.0),0.0 (cmd 0.0)
0.9843000000000001,-3.29,0.0,0.0,-0.72,0.0,0.0,-0.7,-3.3,0.0 (cmd 0.0),0.0 (cmd 0.0)
0.9848000000000001,-3.53,0.0,0.0,-0.52,0.0,0.0,-0.5,-3.5,0.0 (cmd 0.0),0.0 (cmd 0.0)
0.9853,-3.8,0.0,0.0,-0.14,0.0,0.0,-0.1,-3.8,0.0 (cmd 0.0),0.0 (cmd 0.0)
0.9858,-4.04,0.0,0.0,0.04,0.0,0.0,0.0,-4.0,0.0 (cmd 0.0),0.0 (cmd 0.0)
0.9863,-4.53,0.0,0.0,0.12,0.0,0.0,0.1,-4.5,0.0 (cmd 0.0),0.0 (cmd 0.0)
0.9868000000000001,-4.82,0.0,0.0,0.17,0.0,0.0,0.2,-4.8,0.0 (cmd 0.0),0.0 (cmd 0.0)
0.9873000000000001,-5.02,0.0,0.0,0.27,0.0,0.0,0.3,-5.0,0.0 (cmd 0.0),0.0 (cmd 0.0)
0.9877999999999999,-5.18,0.0,0.0,0.31,0.0,0.0,0.3,-5.2,0.0 (cmd 0.0),0.0 (cmd 0.0)
0.9883,-5.3,0.0,0.0,0.33,0.0,0.0,0.3,-5.3,0.0 (cmd 0.0),0.0 (cmd 0.0)
0.9887999999999999,-5.37,0.0,0.0,0.4,0.0,0.0,0.4,-5.4,0.0 (cmd 0.0),0.0 (cmd 0.0)
0.9893000000000001,-5.44,0.0,0.0,0.49,0.0,0.0,0.5,-5.4,0.0 (cmd 0.0),0.0 (cmd 0.0)
0.9898,-5.52,0.0,0.0,0.56,0.0,0.0,0.6,-5.5,0.0 (cmd 0.0),0.0 (cmd 0.0)
0.9903,-5.62,0.0,0.0,0.63,0.0,0.0,0.6,-5.6,0.0 (cmd 0.0),0.0 (cmd 0.0)
0.9907999999999999,-5.67,0.0,0.0,0.72,0.0,0.0,0.7,-5.7,0.0 (cmd 0.0),0.0 (cmd 0.0)
0.9913,-5.69,0.0,0.0,0.77,0.0,0.0,0.8,-5.7,0.0 (cmd 0.0),0.0 (cmd 0.0)
0.9918,-5.71,0.0,0.0,0.8,0.0,0.0,0.8,-5.7,0.0 (cmd 0.0),0.0 (cmd 0.0)
0.9923000000000001,-5.72,0.0,0.0,0.87,0.0,0.0,0.9,-5.7,0.0 (cmd 0.0),0.0 (cmd 0.0)
0.9927999999999999,-5.77,0.0,0.0,1.01,0.0,0.0,1.0,-5.8,0.0 (cmd 0.0),0.0 (cmd 0.0)
0.9933,-5.83,0.0,0.0,1.08,0.0,0.0,1.1,-5.8,0.0 (cmd 0.0),0.0 (cmd 0.0)
0.9937999999999999,-5.93,0.0,0.0,1.2,0.0,0.0,1.2,-5.9,0.0 (cmd 0.0),0.0 (cmd 0.0)
0.9943000000000001,-5.87,0.0,0.0,1.48,0.0,0.0,1.5,-5.9,0.0 (cmd 0.0),0.0 (cmd 0.0)
0.9948,-5.75,0.0,0.0,1.76,0.0,0.0,1.8,-5.8,0.0 (cmd 0.0),0.0 (cmd 0.0)
0.9953,-5.66,0.0,0.0,1.87,0.0,0.0,1.9,-5.7,0.0 (cmd 0.0),0.0 (cmd 0.0)
0.9957999999999999,-5.36,0.0,0.0,1.81,0.0,0.0,1.8,-5.4,0.0 (cmd 0.0),0.0 (cmd 0.0)
0.9963,-5.23,0.0,0.0,1.68,0.0,0.0,1.7,-5.2,0.0 (cmd 0.0),0.0 (cmd 0.0)
0.9968,-5.15,0.0,0.0,1.61,0.0,0.0,1.6,-5.2,0.0 (cmd 0.0),0.0 (cmd 0.0)
0.9973000000000001,-4.8,0.0,0.0,1.57,0.0,0.0,1.6,-4.8,0.0 (cmd 0.0),0.0 (cmd 0.0)
0.9977999999999999,-4.46,0.0,0.0,1.52,0.0,0.0,1.5,-4.5,0.0 (cmd 0.0),0.0 (cmd 0.0)
0.9983,-4.12,0.0,0.0,1.43,0.0,0.0,1.4,-4.1,0.0 (cmd 0.0),0.0 (cmd 0.0)
0.9987999999999999,-3.86,0.0,0.0,1.36,0.0,0.0,1.4,-3.9,0.0 (cmd 0.0),0.0 (cmd 0.0)
0.9993000000000001,-3.72,0.0,0.0,1.26,0.0,0.0,1.3,-3.7,0.0 (cmd 0.0),0.0 (cmd 0.0)
0.9998,-3.69,0.0,0.0,1.18,0.0,0.0,1.2,-3.7,0.0 (cmd 0.0),0.0 (cmd 0.0)
1.0003,-3.62,0.0,0.0,1.08,0.0,0.0,1.1,-3.6,0.0 (cmd 0.0),0.0 (cmd 0.0)
1.0008,-3.47,0.0,0.0,1.0,0.0,0.0,1.0,-3.5,0.0 (cmd 0.0),0.0 (cmd 0.0)
1.0012999999999999,-3.35,0.0,0.0,0.88,0.0,0.0,0.9,-3.4,0.0 (cmd 0.0),0.0 (cmd 0.0)
1.0018,-3.1,0.0,0.0,0.74,0.0,0.0,0.7,-3.1,0.0 (cmd 0.0),0.0 (cmd 0.0)
1.0023,-3.03,0.0,0.0,0.7,0.0,0.0,0.7,-3.0,0.0 (cmd 0.0),0.0 (cmd 0.0)
1.0028,-2.81,0.0,0.0,0.54,0.0,0.0,0.5,-2.8,0.0 (cmd 0.0),0.0 (cmd 0.0)
1.0032999999999999,-2.66,0.0,0.0,0.38,0.0,0.0,0.4,-2.7,0.0 (cmd 0.0),0.0 (cmd 0.0)
1.0038,-2.48,0.0,0.0,0.17,0.0,0.0,0.2,-2.5,0.0 (cmd 0.0),0.0 (cmd 0.0)
1.0043,-2.41,0.0,0.0,0.05,0.0,0.0,0.1,-2.4,0.0 (cmd 0.0),0.0 (cmd 0.0)
1.0048000000000001,-2.47,0.0,0.0,-0.06,0.0,0.0,-0.1,-2.5,0.0 (cmd 0.0),0.0 (cmd 0.0)
1.0052999999999999,-2.65,0.0,0.0,-0.13,0.0,0.0,-0.1,-2.6,0.0 (cmd 0.0),0.0 (cmd 0.0)
1.0058,-2.83,0.0,0.0,-0.13,0.0,0.0,-0.1,-2.8,0.0 (cmd 0.0),0.0 (cmd 0.0)
1.0063,-2.75,0.0,0.0,-0.13,0.0,0.0,-0.1,-2.8,0.0 (cmd 0.0),0.0 (cmd 0.0)
1.0068000000000001,-2.65,0.0,0.0,-0.08,0.0,0.0,-0.1,-2.6,0.0 (cmd 0.0),0.0 (cmd 0.0)
1.0073,-2.4,0.0,0.0,0.05,0.0,0.0,0.1,-2.4,0.0 (cmd 0.0),0.0 (cmd 0.0)
1.0078,-2.1,0.0,0.0,0.14,0.0,0.0,0.1,-2.1,0.0 (cmd 0.0),0.0 (cmd 0.0)
1.0083,-1.9,0.0,0.0,0.29,0.0,0.0,0.3,-1.9,0.0 (cmd 0.0),0.0 (cmd 0.0)
1.0088,-1.53,0.0,0.0,0.49,0.0,0.0,0.5,-1.5,0.0 (cmd 0.0),0.0 (cmd 0.0)
1.0093,-1.47,0.0,0.0,0.61,0.0,0.0,0.6,-1.5,0.0 (cmd 0.0),0.0 (cmd 0.0)
1.0098,-1.64,0.0,0.0,0.71,0.0,0.0,0.7,-1.6,0.0 (cmd 0.0),0.0 (cmd 0.0)
1.0103,-1.73,0.0,0.0,0.73,0.0,0.0,0.7,-1.7,0.0 (cmd 0.0),0.0 (cmd 0.0)
1.0108,-1.79,0.0,0.0,0.76,0.0,0.0,0.8,-1.8,0.0 (cmd 0.0),0.0 (cmd 0.0)
1.0112999999999999,-1.78,0.0,0.0,0.78,0.0,0.0,0.8,-1.8,0.0 (cmd 0.0),0.0 (cmd 0.0)
1.0118,-1.77,0.0,0.0,0.89,0.0,0.0,0.9,-1.8,0.0 (cmd 0.0),0.0 (cmd 0.0)
1.0123,-1.76,0.0,0.0,0.96,0.0,0.0,1.0,-1.8,0.0 (cmd 0.0),0.0 (cmd 0.0)
1.0128,-1.78,0.0,0.0,0.96,0.0,0.0,1.0,-1.8,0.0 (cmd 0.0),0.0 (cmd 0.0)
1.0132999999999999,-1.87,0.0,0.0,0.95,0.0,0.0,0.9,-1.9,0.0 (cmd 0.0),0.0 (cmd 0.0)
1.0138,-2.13,0.0,0.0,0.95,0.0,0.0,0.9,-2.1,0.0 (cmd 0.0),0.0 (cmd 0.0)
1.0143,-2.46,0.0,0.0,0.95,0.0,0.0,0.9,-2.5,0.0 (cmd 0.0),0.0 (cmd 0.0)
1.0148000000000001,-2.5,0.0,0.0,0.94,0.0,0.0,0.9,-2.5,0.0 (cmd 0.0),0.0 (cmd 0.0)
1.0152999999999999,-2.4,0.0,0.0,0.94,0.0,0.0,0.9,-2.4,0.0 (cmd 0.0),0.0 (cmd 0.0)
1.0158,-2.3,0.0,0.0,0.97,0.0,0.0,1.0,-2.3,0.0 (cmd 0.0),0.0 (cmd 0.0)
1.0163,-2.21,0.0,0.0,1.02,0.0,0.0,1.0,-2.2,0.0 (cmd 0.0),0.0 (cmd 0.0)
1.0168000000000001,-2.14,0.0,0.0,1.06,0.0,0.0,1.1,-2.1,0.0 (cmd 0.0),0.0 (cmd 0.0)
1.0173,-2.18,0.0,0.0,1.07,0.0,0.0,1.1,-2.2,0.0 (cmd 0.0),0.0 (cmd 0.0)
1.0178,-2.97,0.0,0.0,1.27,0.0,0.0,1.3,-3.0,0.0 (cmd 0.0),0.0 (cmd 0.0)
1.0183,-3.07,0.0,0.0,1.47,0.0,0.0,1.5,-3.1,0.0 (cmd 0.0),0.0 (cmd 0.0)
1.0188,-3.81,0.0,0.0,1.63,0.0,0.0,1.6,-3.8,0.0 (cmd 0.0),0.0 (cmd 0.0)
1.0193,-4.44,0.0,0.0,1.73,0.0,0.0,1.7,-4.4,0.0 (cmd 0.0),0.0 (cmd 0.0)
1.0198,-4.54,0.0,0.0,1.77,0.0,0.0,1.8,-4.5,0.0 (cmd 0.0),0.0 (cmd 0.0)
1.0203,-4.63,0.0,0.0,1.77,0.0,0.0,1.8,-4.6,0.0 (cmd 0.0),0.0 (cmd 0.0)
1.0208,-4.76,0.0,0.0,2.3,0.0,0.0,2.3,-4.8,0.0 (cmd 0.0),0.0 (cmd 0.0)
1.0212999999999999,-5.2,0.0,0.0,2.76,0.0,0.0,2.8,-5.2,0.0 (cmd 0.0),0.0 (cmd 0.0)
1.0218,-5.59,0.0,0.0,2.67,0.0,0.0,2.7,-5.6,0.0 (cmd 0.0),0.0 (cmd 0.0)
1.0223,-5.9,0.0,0.0,2.44,0.0,0.0,2.4,-5.9,0.0 (cmd 0.0),0.0 (cmd 0.0)
1.0228,-6.09,0.0,0.0,2.31,0.0,0.0,2.3,-6.1,0.0 (cmd 0.0),0.0 (cmd 0.0)
1.0232999999999999,-6.21,0.0,0.0,2.26,0.0,0.0,2.3,-6.2,0.0 (cmd 0.0),0.0 (cmd 0.0)
1.0238,-5.74,0.0,0.0,2.02,0.0,0.0,2.0,-5.7,0.0 (cmd 0.0),0.0 (cmd 0.0)
1.0243000000000002,-5.15,0.0,0.0,1.74,0.0,0.0,1.7,-5.2,0.0 (cmd 0.0),0.0 (cmd 0.0)
1.0248,-4.47,0.0,0.0,1.58,0.0,0.0,1.6,-4.5,0.0 (cmd 0.0),0.0 (cmd 0.0)
1.0252999999999999,-3.55,0.0,0.0,1.48,0.0,0.0,1.5,-3.5,0.0 (cmd 0.0),0.0 (cmd 0.0)
1.0258,-2.31,0.0,0.0,1.17,0.0,0.0,1.2,-2.3,0.0 (cmd 0.0),0.0 (cmd 0.0)
1.0263,-1.38,0.0,0.0,0.72,0.0,0.0,0.7,-1.4,0.0 (cmd 0.0),0.0 (cmd 0.0)
1.0268000000000002,-0.75,0.0,0.0,-0.01,0.0,0.0,-0.0,-0.8,0.0 (cmd 0.0),0.0 (cmd 0.0)
1.0272999999999999,0.09,0.0,0.0,-0.59,0.0,0.0,-0.6,0.1,0.0 (cmd 0.0),0.0 (cmd 0.0)
1.0278,0.58,0.0,0.0,-1.33,0.0,0.0,-1.3,0.6,0.0 (cmd 0.0),0.0 (cmd 0.0)
1.0283,1.53,0.0,0.0,-2.16,0.0,0.0,-2.2,1.5,0.0 (cmd 0.0),0.0 (cmd 0.0)
1.0288,2.51,0.0,0.0,-2.72,0.0,0.0,-2.7,2.5,0.0 (cmd 0.0),0.0 (cmd 0.0)
1.0293,3.26,0.0,0.0,-4.15,0.0,0.0,-4.2,3.3,0.0 (cmd 0.0),0.0 (cmd 0.0)
1.0298,3.36,0.0,0.0,-5.26,0.0,0.0,-5.3,3.4,0.0 (cmd 0.0),0.0 (cmd 0.0)
1.0303,3.81,0.0,0.0,-6.41,0.0,0.0,-6.4,3.8,0.0 (cmd 0.0),0.0 (cmd 0.0)
1.0308,4.24,0.0,0.0,-8.63,0.0,0.0,-8.6,4.2,0.0 (cmd 0.0),0.0 (cmd 0.0)
1.0312999999999999,4.19,0.0,0.0,-9.96,0.0,0.0,-10.0,4.2,0.0 (cmd 0.0),0.0 (cmd 0.0)
1.0318000000000003,3.81,0.0,0.0,-10.33,0.0,0.0,-10.3,3.8,0.0 (cmd 0.0),0.0 (cmd 0.0)
1.0323,3.37,0.0,0.0,-9.96,0.0,0.0,-10.0,3.4,0.0 (cmd 0.0),0.0 (cmd 0.0)
1.0328,3.01,0.0,0.0,-9.5,0.0,0.0,-9.5,3.0,0.0 (cmd 0.0),0.0 (cmd 0.0)
1.0332999999999999,2.87,0.0,0.0,-9.4,0.0,0.0,-9.4,2.9,0.0 (cmd 0.0),0.0 (cmd 0.0)
1.0338,2.82,0.0,0.0,-9.31,0.0,0.0,-9.3,2.8,0.0 (cmd 0.0),0.0 (cmd 0.0)
1.0343000000000002,2.73,0.0,0.0,-8.63,0.0,0.0,-8.6,2.7,0.0 (cmd 0.0),0.0 (cmd 0.0)
1.0348,2.69,0.0,0.0,-9.06,0.0,0.0,-9.1,2.7,0.0 (cmd 0.0),0.0 (cmd 0.0)
1.0352999999999999,2.81,0.0,0.0,-10.17,0.0,0.0,-10.2,2.8,0.0 (cmd 0.0),0.0 (cmd 0.0)
1.0358,2.69,0.0,0.0,-11.18,0.0,0.0,-11.2,2.7,0.0 (cmd 0.0),0.0 (cmd 0.0)
1.0363,2.34,0.0,0.0,-11.76,0.0,0.0,-11.8,2.3,0.0 (cmd 0.0),0.0 (cmd 0.0)
1.0368000000000002,2.09,0.0,0.0,-11.79,0.0,0.0,-11.8,2.1,0.0 (cmd 0.0),0.0 (cmd 0.0)
1.0372999999999999,1.84,0.0,0.0,-11.51,0.0,0.0,-11.5,1.8,0.0 (cmd 0.0),0.0 (cmd 0.0)
1.0378,1.71,0.0,0.0,-10.55,0.0,0.0,-10.6,1.7,0.0 (cmd 0.0),0.0 (cmd 0.0)
1.0383,1.67,0.0,0.0,-9.01,0.0,0.0,-9.0,1.7,0.0 (cmd 0.0),0.0 (cmd 0.0)
1.0388,1.76,0.0,0.0,-6.54,0.0,0.0,-6.5,1.8,0.0 (cmd 0.0),0.0 (cmd 0.0)
1.0393000000000001,1.88,0.0,0.0,-4.4,0.0,0.0,-4.4,1.9,0.0 (cmd 0.0),0.0 (cmd 0.0)
1.0398,2.02,0.0,0.0,-3.45,0.0,0.0,-3.5,2.0,0.0 (cmd 0.0),0.0 (cmd 0.0)
1.0403,2.12,0.0,0.0,-2.79,0.0,0.0,-2.8,2.1,0.0 (cmd 0.0),0.0 (cmd 0.0)
1.0408,1.84,0.0,0.0,-2.6,0.0,0.0,-2.6,1.8,0.0 (cmd 0.0),0.0 (cmd 0.0)
1.0413,1.54,0.0,0.0,-2.6,0.0,0.0,-2.6,1.5,0.0 (cmd 0.0),0.0 (cmd 0.0)
1.0418000000000003,1.25,0.0,0.0,-1.98,0.0,0.0,-2.0,1.2,0.0 (cmd 0.0),0.0 (cmd 0.0)
1.0423,0.84,0.0,0.0,-1.3,0.0,0.0,-1.3,0.8,0.0 (cmd 0.0),0.0 (cmd 0.0)
1.0428,0.51,0.0,0.0,-1.24,0.0,0.0,-1.2,0.5,0.0 (cmd 0.0),0.0 (cmd 0.0)
1.0433,0.29,0.0,0.0,-1.06,0.0,0.0,-1.1,0.3,0.0 (cmd 0.0),0.0 (cmd 0.0)
1.0438,0.3,0.0,0.0,-0.86,0.0,0.0,-0.9,0.3,0.0 (cmd 0.0),0.0 (cmd 0.0)
1.0443000000000002,0.12,0.0,0.0,-0.02,0.0,0.0,-0.0,0.1,0.0 (cmd 0.0),0.0 (cmd 0.0)
1.0448,-0.4,0.0,0.0,0.32,0.0,0.0,0.3,-0.4,0.0 (cmd 0.0),0.0 (cmd 0.0)
1.0453,-2.51,0.0,0.0,0.14,0.0,0.0,0.1,-2.5,0.0 (cmd 0.0),0.0 (cmd 0.0)
1.0458,-4.58,0.0,0.0,-0.08,0.0,0.0,-0.1,-4.6,0.0 (cmd 0.0),0.0 (cmd 0.0)
1.0463,-8.55,0.0,0.0,0.07,0.0,0.0,0.1,-8.6,0.0 (cmd 0.0),0.0 (cmd 0.0)
1.0468000000000002,-12.52,0.0,0.0,0.87,0.0,0.0,0.9,-12.5,0.0 (cmd 0.0),0.0 (cmd 0.0)
1.0473,-13.28,0.0,0.0,1.89,0.0,0.0,1.9,-13.3,0.0 (cmd 0.0),0.0 (cmd 0.0)
1.0478,-13.64,0.0,0.0,1.64,0.0,0.0,1.6,-13.6,0.0 (cmd 0.0),0.0 (cmd 0.0)
1.0483,-13.19,0.0,0.0,1.22,0.0,0.0,1.2,-13.2,0.0 (cmd 0.0),0.0 (cmd 0.0)
1.0488,-12.79,0.0,0.0,1.16,0.0,0.0,1.2,-12.8,0.0 (cmd 0.0),0.0 (cmd 0.0)
1.0493000000000001,-13.26,0.0,0.0,1.41,0.0,0.0,1.4,-13.3,0.0 (cmd 0.0),0.0 (cmd 0.0)
1.0497999999999998,-14.33,0.0,0.0,1.63,0.0,0.0,1.6,-14.3,0.0 (cmd 0.0),0.0 (cmd 0.0)
1.0503,-15.07,0.0,0.0,2.07,0.0,0.0,2.1,-15.1,0.0 (cmd 0.0),0.0 (cmd 0.0)
1.0508,-15.68,0.0,0.0,1.97,0.0,0.0,2.0,-15.7,0.0 (cmd 0.0),0.0 (cmd 0.0)
1.0513,-16.25,0.0,0.0,1.87,0.0,0.0,1.9,-16.2,0.0 (cmd 0.0),0.0 (cmd 0.0)
1.0518000000000003,-16.44,0.0,0.0,1.53,0.0,0.0,1.5,-16.4,0.0 (cmd 0.0),0.0 (cmd 0.0)
1.0523,-16.5,0.0,0.0,1.37,0.0,0.0,1.4,-16.5,0.0 (cmd 0.0),0.0 (cmd 0.0)
1.0528,-16.23,0.0,0.0,1.34,0.0,0.0,1.3,-16.2,0.0 (cmd 0.0),0.0 (cmd 0.0)
1.0533,-15.41,0.0,0.0,1.35,0.0,0.0,1.4,-15.4,0.0 (cmd 0.0),0.0 (cmd 0.0)
1.0537999999999998,-14.06,0.0,0.0,1.29,0.0,0.0,1.3,-14.1,0.0 (cmd 0.0),0.0 (cmd 0.0)
1.0543000000000002,-13.24,0.0,0.0,1.33,0.0,0.0,1.3,-13.2,0.0 (cmd 0.0),0.0 (cmd 0.0)
1.0548,-12.36,0.0,0.0,1.36,0.0,0.0,1.4,-12.4,0.0 (cmd 0.0),0.0 (cmd 0.0)
1.0553,-9.93,0.0,0.0,1.12,0.0,0.0,1.1,-9.9,0.0 (cmd 0.0),0.0 (cmd 0.0)
1.0557999999999998,-8.26,0.0,0.0,0.65,0.0,0.0,0.7,-8.3,0.0 (cmd 0.0),0.0 (cmd 0.0)
1.0563,-7.86,0.0,0.0,0.12,0.0,0.0,0.1,-7.9,0.0 (cmd 0.0),0.0 (cmd 0.0)
1.0568000000000002,-5.54,0.0,0.0,-0.59,0.0,0.0,-0.6,-5.5,0.0 (cmd 0.0),0.0 (cmd 0.0)
1.0573,-3.31,0.0,0.0,-1.35,0.0,0.0,-1.4,-3.3,0.0 (cmd 0.0),0.0 (cmd 0.0)
1.0577999999999999,-1.78,0.0,0.0,-2.37,0.0,0.0,-2.4,-1.8,0.0 (cmd 0.0),0.0 (cmd 0.0)
1.0583,-0.2,0.0,0.0,-4.51,0.0,0.0,-4.5,-0.2,0.0 (cmd 0.0),0.0 (cmd 0.0)
1.0588,0.28,0.0,0.0,-6.32,0.0,0.0,-6.3,0.3,0.0 (cmd 0.0),0.0 (cmd 0.0)
1.0593000000000001,0.87,0.0,0.0,-8.72,0.0,0.0,-8.7,0.9,0.0 (cmd 0.0),0.0 (cmd 0.0)
1.0597999999999999,2.26,0.0,0.0,-11.78,0.0,0.0,-11.8,2.3,0.0 (cmd 0.0),0.0 (cmd 0.0)
1.0603,2.29,0.0,0.0,-12.96,0.0,0.0,-13.0,2.3,0.0 (cmd 0.0),0.0 (cmd 0.0)
1.0608,1.63,0.0,0.0,-13.92,0.0,0.0,-13.9,1.6,0.0 (cmd 0.0),0.0 (cmd 0.0)
1.0613,1.22,0.0,0.0,-13.75,0.0,0.0,-13.8,1.2,0.0 (cmd 0.0),0.0 (cmd 0.0)
1.0618,0.57,0.0,0.0,-13.06,0.0,0.0,-13.1,0.6,0.0 (cmd 0.0),0.0 (cmd 0.0)
1.0623,0.01,0.0,0.0,-12.69,0.0,0.0,-12.7,0.0,0.0 (cmd 0.0),0.0 (cmd 0.0)
1.0628,-0.04,0.0,0.0,-13.3,0.0,0.0,-13.3,-0.0,0.0 (cmd 0.0),0.0 (cmd 0.0)
1.0633,0.0,0.0,0.0,-14.0,0.0,0.0,-14.0,0.0,0.0 (cmd 0.0),0.0 (cmd 0.0)
1.0637999999999999,0.08,0.0,0.0,-14.14,0.0,0.0,-14.1,0.1,0.0 (cmd 0.0),0.0 (cmd 0.0)
1.0643000000000002,-0.03,0.0,0.0,-14.58,0.0,0.0,-14.6,-0.0,0.0 (cmd 0.0),0.0 (cmd 0.0)
1.0648,-0.29,0.0,0.0,-14.89,0.0,0.0,-14.9,-0.3,0.0 (cmd 0.0),0.0 (cmd 0.0)
1.0653,-0.37,0.0,0.0,-14.92,0.0,0.0,-14.9,-0.4,0.0 (cmd 0.0),0.0 (cmd 0.0)
1.0657999999999999,-0.43,0.0,0.0,-14.78,0.0,0.0,-14.8,-0.4,0.0 (cmd 0.0),0.0 (cmd 0.0)
1.0663,-0.37,0.0,0.0,-14.71,0.0,0.0,-14.7,-0.4,0.0 (cmd 0.0),0.0 (cmd 0.0)
1.0668000000000002,-0.17,0.0,0.0,-14.98,0.0,0.0,-15.0,-0.2,0.0 (cmd 0.0),0.0 (cmd 0.0)
1.0673,-0.02,0.0,0.0,-15.26,0.0,0.0,-15.3,-0.0,0.0 (cmd 0.0),0.0 (cmd 0.0)
1.0677999999999999,0.03,0.0,0.0,-15.89,0.0,0.0,-15.9,0.0,0.0 (cmd 0.0),0.0 (cmd 0.0)
1.0683,0.17,0.0,0.0,-16.31,0.0,0.0,-16.3,0.2,0.0 (cmd 0.0),0.0 (cmd 0.0)
1.0688,0.66,0.0,0.0,-16.26,0.0,0.0,-16.3,0.7,0.0 (cmd 0.0),0.0 (cmd 0.0)
1.0693000000000001,1.1,0.0,0.0,-15.96,0.0,0.0,-16.0,1.1,0.0 (cmd 0.0),0.0 (cmd 0.0)
1.0697999999999999,1.38,0.0,0.0,-14.64,0.0,0.0,-14.6,1.4,0.0 (cmd 0.0),0.0 (cmd 0.0)
1.0703,1.56,0.0,0.0,-13.2,0.0,0.0,-13.2,1.6,0.0 (cmd 0.0),0.0 (cmd 0.0)
1.0708,1.77,0.0,0.0,-11.79,0.0,0.0,-11.8,1.8,0.0 (cmd 0.0),0.0 (cmd 0.0)
1.0713,2.29,0.0,0.0,-8.76,0.0,0.0,-8.8,2.3,0.0 (cmd 0.0),0.0 (cmd 0.0)
1.0718,2.45,0.0,0.0,-7.47,0.0,0.0,-7.5,2.5,0.0 (cmd 0.0),0.0 (cmd 0.0)
1.0723,2.64,0.0,0.0,-7.45,0.0,0.0,-7.5,2.6,0.0 (cmd 0.0),0.0 (cmd 0.0)
1.0728,2.75,0.0,0.0,-6.83,0.0,0.0,-6.8,2.8,0.0 (cmd 0.0),0.0 (cmd 0.0)
1.0733,2.14,0.0,0.0,-4.84,0.0,0.0,-4.8,2.1,0.0 (cmd 0.0),0.0 (cmd 0.0)
1.0737999999999999,1.38,0.0,0.0,-3.62,0.0,0.0,-3.6,1.4,0.0 (cmd 0.0),0.0 (cmd 0.0)
1.0743000000000003,0.28,0.0,0.0,-3.25,0.0,0.0,-3.2,0.3,0.0 (cmd 0.0),0.0 (cmd 0.0)
1.0748,-0.9,0.0,0.0,-2.22,0.0,0.0,-2.2,-0.9,0.0 (cmd 0.0),0.0 (cmd 0.0)
1.0753,-1.42,0.0,0.0,-1.57,0.0,0.0,-1.6,-1.4,0.0 (cmd 0.0),0.0 (cmd 0.0)
1.0757999999999999,-3.26,0.0,0.0,-1.16,0.0,0.0,-1.2,-3.3,0.0 (cmd 0.0),0.0 (cmd 0.0)
1.0763,-6.1,0.0,0.0,-0.1,0.0,0.0,-0.1,-6.1,0.0 (cmd 0.0),0.0 (cmd 0.0)
1.0768000000000002,-7.67,0.0,0.0,0.57,0.0,0.0,0.6,-7.7,0.0 (cmd 0.0),0.0 (cmd 0.0)
1.0773,-11.28,0.0,0.0,1.33,0.0,0.0,1.3,-11.3,0.0 (cmd 0.0),0.0 (cmd 0.0)
1.0777999999999999,-13.38,0.0,0.0,1.65,0.0,0.0,1.6,-13.4,0.0 (cmd 0.0),0.0 (cmd 0.0)
1.0783,-14.24,0.0,0.0,1.87,0.0,0.0,1.9,-14.2,0.0 (cmd 0.0),0.0 (cmd 0.0)
1.0788,-14.27,0.0,0.0,2.12,0.0,0.0,2.1,-14.3,0.0 (cmd 0.0),0.0 (cmd 0.0)
1.0793000000000001,-13.85,0.0,0.0,2.22,0.0,0.0,2.2,-13.8,0.0 (cmd 0.0),0.0 (cmd 0.0)
1.0797999999999999,-13.14,0.0,0.0,2.43,0.0,0.0,2.4,-13.1,0.0 (cmd 0.0),0.0 (cmd 0.0)
1.0803,-12.93,0.0,0.0,2.67,0.0,0.0,2.7,-12.9,0.0 (cmd 0.0),0.0 (cmd 0.0)
1.0808,-12.66,0.0,0.0,2.9,0.0,0.0,2.9,-12.7,0.0 (cmd 0.0),0.0 (cmd 0.0)
1.0813,-11.99,0.0,0.0,3.01,0.0,0.0,3.0,-12.0,0.0 (cmd 0.0),0.0 (cmd 0.0)
1.0818,-11.57,0.0,0.0,3.1,0.0,0.0,3.1,-11.6,0.0 (cmd 0.0),0.0 (cmd 0.0)
1.0823,-11.13,0.0,0.0,3.13,0.0,0.0,3.1,-11.1,0.0 (cmd 0.0),0.0 (cmd 0.0)
1.0828,-10.44,0.0,0.0,3.17,0.0,0.0,3.2,-10.4,0.0 (cmd 0.0),0.0 (cmd 0.0)
1.0833,-10.11,0.0,0.0,3.15,0.0,0.0,3.1,-10.1,0.0 (cmd 0.0),0.0 (cmd 0.0)
1.0837999999999999,-9.92,0.0,0.0,3.14,0.0,0.0,3.1,-9.9,0.0 (cmd 0.0),0.0 (cmd 0.0)
1.0843000000000003,-9.89,0.0,0.0,3.26,0.0,0.0,3.3,-9.9,0.0 (cmd 0.0),0.0 (cmd 0.0)
1.0848,-10.18,0.0,0.0,3.21,0.0,0.0,3.2,-10.2,0.0 (cmd 0.0),0.0 (cmd 0.0)
1.0853,-10.46,0.0,0.0,2.95,0.0,0.0,3.0,-10.5,0.0 (cmd 0.0),0.0 (cmd 0.0)
1.0857999999999999,-10.71,0.0,0.0,2.84,0.0,0.0,2.8,-10.7,0.0 (cmd 0.0),0.0 (cmd 0.0)
1.0863,-10.98,0.0,0.0,2.8,0.0,0.0,2.8,-11.0,0.0 (cmd 0.0),0.0 (cmd 0.0)
1.0868000000000002,-11.09,0.0,0.0,2.83,0.0,0.0,2.8,-11.1,0.0 (cmd 0.0),0.0 (cmd 0.0)
1.0873,-11.18,0.0,0.0,2.93,0.0,0.0,2.9,-11.2,0.0 (cmd 0.0),0.0 (cmd 0.0)
1.0877999999999999,-11.19,0.0,0.0,2.87,0.0,0.0,2.9,-11.2,0.0 (cmd 0.0),0.0 (cmd 0.0)
1.0883,-11.22,0.0,0.0,2.57,0.0,0.0,2.6,-11.2,0.0 (cmd 0.0),0.0 (cmd 0.0)
1.0888,-11.46,0.0,0.0,2.41,0.0,0.0,2.4,-11.5,0.0 (cmd 0.0),0.0 (cmd 0.0)
1.0893000000000002,-11.63,0.0,0.0,2.42,0.0,0.0,2.4,-11.6,0.0 (cmd 0.0),0.0 (cmd 0.0)
1.0897999999999999,-11.48,0.0,0.0,2.4,0.0,0.0,2.4,-11.5,0.0 (cmd 0.0),0.0 (cmd 0.0)
1.0903,-10.45,0.0,0.0,2.15,0.0,0.0,2.1,-10.4,0.0 (cmd 0.0),0.0 (cmd 0.0)
1.0908,-9.99,0.0,0.0,1.7,0.0,0.0,1.7,-10.0,0.0 (cmd 0.0),0.0 (cmd 0.0)
1.0913,-9.26,0.0,0.0,1.01,0.0,0.0,1.0,-9.3,0.0 (cmd 0.0),0.0 (cmd 0.0)
1.0918,-7.9,0.0,0.0,0.63,0.0,0.0,0.6,-7.9,0.0 (cmd 0.0),0.0 (cmd 0.0)
1.0923,-7.37,0.0,0.0,-1.71,0.0,0.0,-1.7,-7.4,0.0 (cmd 0.0),0.0 (cmd 0.0)
1.0928,-6.88,0.0,0.0,-5.16,0.0,0.0,-5.2,-6.9,0.0 (cmd 0.0),0.0 (cmd 0.0)
1.0933,-6.68,0.0,0.0,-7.39,0.0,0.0,-7.4,-6.7,0.0 (cmd 0.0),0.0 (cmd 0.0)
1.0937999999999999,-6.04,0.0,0.0,-12.66,0.0,0.0,-12.7,-6.0,0.0 (cmd 0.0),0.0 (cmd 0.0)
1.0943000000000003,-5.61,0.0,0.0,-16.37,0.0,0.0,-16.4,-5.6,0.0 (cmd 0.0),0.0 (cmd 0.0)
1.0948,-5.47,0.0,0.0,-19.04,0.0,0.0,-19.0,-5.5,0.0 (cmd 0.0),0.0 (cmd 0.0)
1.0953,-4.94,0.0,0.0,-19.34,0.0,0.0,-19.3,-4.9,0.0 (cmd 0.0),0.0 (cmd 0.0)
1.0957999999999999,-4.78,0.0,0.0,-20.31,0.0,0.0,-20.3,-4.8,0.0 (cmd 0.0),0.0 (cmd 0.0)
1.0963,-4.64,0.0,0.0,-20.85,0.0,0.0,-20.9,-4.6,0.0 (cmd 0.0),0.0 (cmd 0.0)
1.0968000000000002,-4.53,0.0,0.0,-20.6,0.0,0.0,-20.6,-4.5,0.0 (cmd 0.0),0.0 (cmd 0.0)
1.0973,-4.43,0.0,0.0,-20.29,0.0,0.0,-20.3,-4.4,0.0 (cmd 0.0),0.0 (cmd 0.0)
1.0977999999999999,-4.32,0.0,0.0,-19.2,0.0,0.0,-19.2,-4.3,0.0 (cmd 0.0),0.0 (cmd 0.0)
1.0983,-4.13,0.0,0.0,-17.82,0.0,0.0,-17.8,-4.1,0.0 (cmd 0.0),0.0 (cmd 0.0)
1.0988,-3.95,0.0,0.0,-15.87,0.0,0.0,-15.9,-4.0,0.0 (cmd 0.0),0.0 (cmd 0.0)
1.0993000000000002,-3.99,0.0,0.0,-13.35,0.0,0.0,-13.3,-4.0,0.0 (cmd 0.0),0.0 (cmd 0.0)
1.0997999999999999,-3.91,0.0,0.0,-10.36,0.0,0.0,-10.4,-3.9,0.0 (cmd 0.0),0.0 (cmd 0.0)
1.1003,-3.85,0.0,0.0,-8.97,0.0,0.0,-9.0,-3.9,0.0 (cmd 0.0),0.0 (cmd 0.0)
1.1008,-3.6,0.0,0.0,-8.01,0.0,0.0,-8.0,-3.6,0.0 (cmd 0.0),0.0 (cmd 0.0)
1.1013,-3.27,0.0,0.0,-7.65,0.0,0.0,-7.7,-3.3,0.0 (cmd 0.0),0.0 (cmd 0.0)
1.1018000000000001,-2.82,0.0,0.0,-7.41,0.0,0.0,-7.4,-2.8,0.0 (cmd 0.0),0.0 (cmd 0.0)
1.1023,-1.59,0.0,0.0,-6.16,0.0,0.0,-6.2,-1.6,0.0 (cmd 0.0),0.0 (cmd 0.0)
1.1028,-0.32,0.0,0.0,-4.62,0.0,0.0,-4.6,-0.3,0.0 (cmd 0.0),0.0 (cmd 0.0)
1.1033,0.56,0.0,0.0,-3.37,0.0,0.0,-3.4,0.6,0.0 (cmd 0.0),0.0 (cmd 0.0)
1.1038,0.8,0.0,0.0,-2.89,0.0,0.0,-2.9,0.8,0.0 (cmd 0.0),0.0 (cmd 0.0)
1.1043000000000003,0.87,0.0,0.0,-2.11,0.0,0.0,-2.1,0.9,0.0 (cmd 0.0),0.0 (cmd 0.0)
1.1048,0.48,0.0,0.0,-1.63,0.0,0.0,-1.6,0.5,0.0 (cmd 0.0),0.0 (cmd 0.0)
1.1053,-5.03,0.0,0.0,-1.31,0.0,0.0,-1.3,-5.0,0.0 (cmd 0.0),0.0 (cmd 0.0)
1.1058,-9.75,0.0,0.0,-0.99,0.0,0.0,-1.0,-9.8,0.0 (cmd 0.0),0.0 (cmd 0.0)
1.1063,-11.82,0.0,0.0,-0.22,0.0,0.0,-0.2,-11.8,0.0 (cmd 0.0),0.0 (cmd 0.0)
1.1068000000000002,-12.11,0.0,0.0,1.45,0.0,0.0,1.4,-12.1,0.0 (cmd 0.0),0.0 (cmd 0.0)
1.1073,-9.66,0.0,0.0,3.28,0.0,0.0,3.3,-9.7,0.0 (cmd 0.0),0.0 (cmd 0.0)
1.1078,-6.98,0.0,0.0,3.92,0.0,0.0,3.9,-7.0,0.0 (cmd 0.0),0.0 (cmd 0.0)
1.1083,-5.88,0.0,0.0,3.65,0.0,0.0,3.6,-5.9,0.0 (cmd 0.0),0.0 (cmd 0.0)
1.1088,-5.16,0.0,0.0,3.19,0.0,0.0,3.2,-5.2,0.0 (cmd 0.0),0.0 (cmd 0.0)
1.1093000000000002,-1.21,0.0,0.0,2.8,0.0,0.0,2.8,-1.2,0.0 (cmd 0.0),0.0 (cmd 0.0)
1.1098,0.06,0.0,0.0,2.67,0.0,0.0,2.7,0.1,0.0 (cmd 0.0),0.0 (cmd 0.0)
1.1103,0.19,0.0,0.0,2.82,0.0,0.0,2.8,0.2,0.0 (cmd 0.0),0.0 (cmd 0.0)
1.1108,0.0,0.0,0.0,3.36,0.0,0.0,3.4,0.0,0.0 (cmd 0.0),0.0 (cmd 0.0)
1.1113,-0.04,0.0,0.0,3.24,0.0,0.0,3.2,-0.0,0.0 (cmd 0.0),0.0 (cmd 0.0)
1.1118000000000001,0.01,0.0,0.0,2.74,0.0,0.0,2.7,0.0,0.0 (cmd 0.0),0.0 (cmd 0.0)
1.1122999999999998,0.08,0.0,0.0,2.42,0.0,0.0,2.4,0.1,0.0 (cmd 0.0),0.0 (cmd 0.0)
1.1128,0.15,0.0,0.0,2.22,0.0,0.0,2.2,0.1,0.0 (cmd 0.0),0.0 (cmd 0.0)
1.1133,0.15,0.0,0.0,2.25,0.0,0.0,2.2,0.1,0.0 (cmd 0.0),0.0 (cmd 0.0)
1.1138,0.21,0.0,0.0,2.31,0.0,0.0,2.3,0.2,0.0 (cmd 0.0),0.0 (cmd 0.0)
1.1143000000000003,0.26,0.0,0.0,2.26,0.0,0.0,2.3,0.3,0.0 (cmd 0.0),0.0 (cmd 0.0)
1.1148,0.41,0.0,0.0,2.21,0.0,0.0,2.2,0.4,0.0 (cmd 0.0),0.0 (cmd 0.0)
1.1153,0.43,0.0,0.0,2.13,0.0,0.0,2.1,0.4,0.0 (cmd 0.0),0.0 (cmd 0.0)
1.1158,0.42,0.0,0.0,2.09,0.0,0.0,2.1,0.4,0.0 (cmd 0.0),0.0 (cmd 0.0)
1.1162999999999998,0.46,0.0,0.0,2.06,0.0,0.0,2.1,0.5,0.0 (cmd 0.0),0.0 (cmd 0.0)
1.1168000000000002,0.52,0.0,0.0,2.03,0.0,0.0,2.0,0.5,0.0 (cmd 0.0),0.0 (cmd 0.0)
1.1173,0.55,0.0,0.0,2.12,0.0,0.0,2.1,0.6,0.0 (cmd 0.0),0.0 (cmd 0.0)
1.1178,0.56,0.0,0.0,2.2,0.0,0.0,2.2,0.6,0.0 (cmd 0.0),0.0 (cmd 0.0)
1.1182999999999998,0.53,0.0,0.0,2.25,0.0,0.0,2.2,0.5,0.0 (cmd 0.0),0.0 (cmd 0.0)
1.1188,0.55,0.0,0.0,2.34,0.0,0.0,2.3,0.6,0.0 (cmd 0.0),0.0 (cmd 0.0)
1.1193000000000002,0.58,0.0,0.0,2.46,0.0,0.0,2.5,0.6,0.0 (cmd 0.0),0.0 (cmd 0.0)
1.1198,0.6,0.0,0.0,2.51,0.0,0.0,2.5,0.6,0.0 (cmd 0.0),0.0 (cmd 0.0)
1.1202999999999999,0.54,0.0,0.0,2.57,0.0,0.0,2.6,0.5,0.0 (cmd 0.0),0.0 (cmd 0.0)
1.1208,0.53,0.0,0.0,2.57,0.0,0.0,2.6,0.5,0.0 (cmd 0.0),0.0 (cmd 0.0)
1.1213,0.53,0.0,0.0,2.48,0.0,0.0,2.5,0.5,0.0 (cmd 0.0),0.0 (cmd 0.0)
1.1218000000000001,0.56,0.0,0.0,2.45,0.0,0.0,2.5,0.6,0.0 (cmd 0.0),0.0 (cmd 0.0)
1.1222999999999999,0.56,0.0,0.0,2.45,0.0,0.0,2.5,0.6,0.0 (cmd 0.0),0.0 (cmd 0.0)
1.1228,0.57,0.0,0.0,2.48,0.0,0.0,2.5,0.6,0.0 (cmd 0.0),0.0 (cmd 0.0)
1.1233,0.55,0.0,0.0,2.48,0.0,0.0,2.5,0.6,0.0 (cmd 0.0),0.0 (cmd 0.0)
1.1238,0.53,0.0,0.0,2.49,0.0,0.0,2.5,0.5,0.0 (cmd 0.0),0.0 (cmd 0.0)
1.1243,0.47,0.0,0.0,2.45,0.0,0.0,2.5,0.5,0.0 (cmd 0.0),0.0 (cmd 0.0)
1.1248,0.36,0.0,0.0,2.37,0.0,0.0,2.4,0.4,0.0 (cmd 0.0),0.0 (cmd 0.0)
1.1253,0.3,0.0,0.0,2.33,0.0,0.0,2.3,0.3,0.0 (cmd 0.0),0.0 (cmd 0.0)
1.1258,0.26,0.0,0.0,2.27,0.0,0.0,2.3,0.3,0.0 (cmd 0.0),0.0 (cmd 0.0)
1.1262999999999999,0.26,0.0,0.0,2.23,0.0,0.0,2.2,0.3,0.0 (cmd 0.0),0.0 (cmd 0.0)
1.1268000000000002,0.25,0.0,0.0,2.22,0.0,0.0,2.2,0.2,0.0 (cmd 0.0),0.0 (cmd 0.0)
1.1273,0.24,0.0,0.0,2.2,0.0,0.0,2.2,0.2,0.0 (cmd 0.0),0.0 (cmd 0.0)
1.1278,0.23,0.0,0.0,2.17,0.0,0.0,2.2,0.2,0.0 (cmd 0.0),0.0 (cmd 0.0)
1.1282999999999999,0.1,0.0,0.0,2.12,0.0,0.0,2.1,0.1,0.0 (cmd 0.0),0.0 (cmd 0.0)
1.1288,0.04,0.0,0.0,2.05,0.0,0.0,2.0,0.0,0.0 (cmd 0.0),0.0 (cmd 0.0)
1.1293000000000002,0.03,0.0,0.0,1.95,0.0,0.0,1.9,0.0,0.0 (cmd 0.0),0.0 (cmd 0.0)
1.1298,0.03,0.0,0.0,1.86,0.0,0.0,1.9,0.0,0.0 (cmd 0.0),0.0 (cmd 0.0)
1.1302999999999999,0.01,0.0,0.0,1.83,0.0,0.0,1.8,0.0,0.0 (cmd 0.0),0.0 (cmd 0.0)
1.1308,-0.02,0.0,0.0,1.78,0.0,0.0,1.8,-0.0,0.0 (cmd 0.0),0.0 (cmd 0.0)
1.1313,-0.03,0.0,0.0,1.73,0.0,0.0,1.7,-0.0,0.0 (cmd 0.0),0.0 (cmd 0.0)
1.1318000000000001,-0.03,0.0,0.0,1.7,0.0,0.0,1.7,-0.0,0.0 (cmd 0.0),0.0 (cmd 0.0)
1.1322999999999999,-0.01,0.0,0.0,1.69,0.0,0.0,1.7,-0.0,0.0 (cmd 0.0),0.0 (cmd 0.0)
1.1328,0.01,0.0,0.0,1.72,0.0,0.0,1.7,0.0,0.0 (cmd 0.0),0.0 (cmd 0.0)
1.1333,0.06,0.0,0.0,1.73,0.0,0.0,1.7,0.1,0.0 (cmd 0.0),0.0 (cmd 0.0)
1.1338,0.09,0.0,0.0,1.72,0.0,0.0,1.7,0.1,0.0 (cmd 0.0),0.0 (cmd 0.0)
1.1343,0.12,0.0,0.0,1.73,0.0,0.0,1.7,0.1,0.0 (cmd 0.0),0.0 (cmd 0.0)
1.1348,0.14,0.0,0.0,1.74,0.0,0.0,1.7,0.1,0.0 (cmd 0.0),0.0 (cmd 0.0)
1.1353,0.16,0.0,0.0,1.75,0.0,0.0,1.8,0.2,0.0 (cmd 0.0),0.0 (cmd 0.0)
1.1358,0.2,0.0,0.0,1.78,0.0,0.0,1.8,0.2,0.0 (cmd 0.0),0.0 (cmd 0.0)
1.1362999999999999,0.31,0.0,0.0,1.83,0.0,0.0,1.8,0.3,0.0 (cmd 0.0),0.0 (cmd 0.0)
1.1368000000000003,0.36,0.0,0.0,1.89,0.0,0.0,1.9,0.4,0.0 (cmd 0.0),0.0 (cmd 0.0)
1.1373,0.39,0.0,0.0,1.9,0.0,0.0,1.9,0.4,0.0 (cmd 0.0),0.0 (cmd 0.0)
1.1378,0.41,0.0,0.0,1.89,0.0,0.0,1.9,0.4,0.0 (cmd 0.0),0.0 (cmd 0.0)
1.1382999999999999,0.42,0.0,0.0,1.89,0.0,0.0,1.9,0.4,0.0 (cmd 0.0),0.0 (cmd 0.0)
1.1388,0.42,0.0,0.0,1.89,0.0,0.0,1.9,0.4,0.0 (cmd 0.0),0.0 (cmd 0.0)
1.1393000000000002,0.42,0.0,0.0,1.87,0.0,0.0,1.9,0.4,0.0 (cmd 0.0),0.0 (cmd 0.0)
1.1398,0.43,0.0,0.0,1.86,0.0,0.0,1.9,0.4,0.0 (cmd 0.0),0.0 (cmd 0.0)
1.1402999999999999,0.44,0.0,0.0,1.81,0.0,0.0,1.8,0.4,0.0 (cmd 0.0),0.0 (cmd 0.0)
1.1408,0.5,0.0,0.0,1.74,0.0,0.0,1.7,0.5,0.0 (cmd 0.0),0.0 (cmd 0.0)
1.1413,0.51,0.0,0.0,1.66,0.0,0.0,1.7,0.5,0.0 (cmd 0.0),0.0 (cmd 0.0)
1.1418000000000001,0.52,0.0,0.0,1.37,0.0,0.0,1.4,0.5,0.0 (cmd 0.0),0.0 (cmd 0.0)
1.1422999999999999,0.01,0.0,0.0,0.56,0.0,0.0,0.6,0.0,0.0 (cmd 0.0),0.0 (cmd 0.0)
1.1428,-1.74,0.0,0.0,-0.24,0.0,0.0,-0.2,-1.7,0.0 (cmd 0.0),0.0 (cmd 0.0)
1.1433,-3.33,0.0,0.0,-0.59,0.0,0.0,-0.6,-3.3,0.0 (cmd 0.0),0.0 (cmd 0.0)
1.1438,-4.76,0.0,0.0,-0.88,0.0,0.0,-0.9,-4.8,0.0 (cmd 0.0),0.0 (cmd 0.0)
1.1443,-6.37,0.0,0.0,-1.03,0.0,0.0,-1.0,-6.4,0.0 (cmd 0.0),0.0 (cmd 0.0)
1.1448,-8.38,0.0,0.0,-1.41,0.0,0.0,-1.4,-8.4,0.0 (cmd 0.0),0.0 (cmd 0.0)
1.1453,-6.25,0.0,0.0,-1.86,0.0,0.0,-1.9,-6.2,0.0 (cmd 0.0),0.0 (cmd 0.0)
1.1458,-6.18,0.0,0.0,-3.23,0.0,0.0,-3.2,-6.2,0.0 (cmd 0.0),0.0 (cmd 0.0)
1.1462999999999999,-6.0,0.0,0.0,-4.88,0.0,0.0,-4.9,-6.0,0.0 (cmd 0.0),0.0 (cmd 0.0)
1.1468000000000003,-5.83,0.0,0.0,-6.09,0.0,0.0,-6.1,-5.8,0.0 (cmd 0.0),0.0 (cmd 0.0)
1.1473,-5.71,0.0,0.0,-5.7,0.0,0.0,-5.7,-5.7,0.0 (cmd 0.0),0.0 (cmd 0.0)
1.1478,-5.18,0.0,0.0,-4.71,0.0,0.0,-4.7,-5.2,0.0 (cmd 0.0),0.0 (cmd 0.0)
1.1482999999999999,-4.82,0.0,0.0,-2.39,0.0,0.0,-2.4,-4.8,0.0 (cmd 0.0),0.0 (cmd 0.0)
1.1488,-2.2,0.0,0.0,-0.48,0.0,0.0,-0.5,-2.2,0.0 (cmd 0.0),0.0 (cmd 0.0)
1.1493000000000002,-1.19,0.0,0.0,-0.41,0.0,0.0,-0.4,-1.2,0.0 (cmd 0.0),0.0 (cmd 0.0)
1.1498,0.42,0.0,0.0,-0.57,0.0,0.0,-0.6,0.4,0.0 (cmd 0.0),0.0 (cmd 0.0)
1.1502999999999999,-0.95,0.0,0.0,-0.58,0.0,0.0,-0.6,-0.9,0.0 (cmd 0.0),0.0 (cmd 0.0)
1.1508,-4.41,0.0,0.0,0.17,0.0,0.0,0.2,-4.4,0.0 (cmd 0.0),0.0 (cmd 0.0)
1.1513,-7.91,0.0,0.0,1.04,0.0,0.0,1.0,-7.9,0.0 (cmd 0.0),0.0 (cmd 0.0)
1.1518000000000002,-8.22,0.0,0.0,2.52,0.0,0.0,2.5,-8.2,0.0 (cmd 0.0),0.0 (cmd 0.0)
1.1522999999999999,-7.49,0.0,0.0,2.93,0.0,0.0,2.9,-7.5,0.0 (cmd 0.0),0.0 (cmd 0.0)
1.1528,-5.75,0.0,0.0,2.08,0.0,0.0,2.1,-5.8,0.0 (cmd 0.0),0.0 (cmd 0.0)
1.1533,-3.58,0.0,0.0,1.01,0.0,0.0,1.0,-3.6,0.0 (cmd 0.0),0.0 (cmd 0.0)
1.1538,-1.82,0.0,0.0,1.06,0.0,0.0,1.1,-1.8,0.0 (cmd 0.0),0.0 (cmd 0.0)
1.1543,-1.18,0.0,0.0,1.44,0.0,0.0,1.4,-1.2,0.0 (cmd 0.0),0.0 (cmd 0.0)
1.1548,-1.09,0.0,0.0,1.07,0.0,0.0,1.1,-1.1,0.0 (cmd 0.0),0.0 (cmd 0.0)
1.1553,-0.79,0.0,0.0,1.12,0.0,0.0,1.1,-0.8,0.0 (cmd 0.0),0.0 (cmd 0.0)
1.1558,-0.18,0.0,0.0,1.07,0.0,0.0,1.1,-0.2,0.0 (cmd 0.0),0.0 (cmd 0.0)
1.1562999999999999,-0.11,0.0,0.0,1.22,0.0,0.0,1.2,-0.1,0.0 (cmd 0.0),0.0 (cmd 0.0)
1.1568000000000003,-0.2,0.0,0.0,1.68,0.0,0.0,1.7,-0.2,0.0 (cmd 0.0),0.0 (cmd 0.0)
1.1573,-0.26,0.0,0.0,1.94,0.0,0.0,1.9,-0.3,0.0 (cmd 0.0),0.0 (cmd 0.0)
1.1578,-0.38,0.0,0.0,1.91,0.0,0.0,1.9,-0.4,0.0 (cmd 0.0),0.0 (cmd 0.0)
1.1582999999999999,-0.65,0.0,0.0,1.62,0.0,0.0,1.6,-0.7,0.0 (cmd 0.0),0.0 (cmd 0.0)
1.1588,-1.03,0.0,0.0,1.15,0.0,0.0,1.1,-1.0,0.0 (cmd 0.0),0.0 (cmd 0.0)
1.1593000000000002,-2.08,0.0,0.0,0.33,0.0,0.0,0.3,-2.1,0.0 (cmd 0.0),0.0 (cmd 0.0)
1.1598,-2.6,0.0,0.0,0.29,0.0,0.0,0.3,-2.6,0.0 (cmd 0.0),0.0 (cmd 0.0)
1.1602999999999999,-1.78,0.0,0.0,0.57,0.0,0.0,0.6,-1.8,0.0 (cmd 0.0),0.0 (cmd 0.0)
1.1608,-2.06,0.0,0.0,1.01,0.0,0.0,1.0,-2.1,0.0 (cmd 0.0),0.0 (cmd 0.0)
1.1613,-3.1,0.0,0.0,0.83,0.0,0.0,0.8,-3.1,0.0 (cmd 0.0),0.0 (cmd 0.0)
1.1618000000000002,-3.4,0.0,0.0,-0.23,0.0,0.0,-0.2,-3.4,0.0 (cmd 0.0),0.0 (cmd 0.0)
1.1622999999999999,-3.89,0.0,0.0,-0.59,0.0,0.0,-0.6,-3.9,0.0 (cmd 0.0),0.0 (cmd 0.0)
1.1628,-3.61,0.0,0.0,-0.74,0.0,0.0,-0.7,-3.6,0.0 (cmd 0.0),0.0 (cmd 0.0)
1.1633,-3.4,0.0,0.0,-0.59,0.0,0.0,-0.6,-3.4,0.0 (cmd 0.0),0.0 (cmd 0.0)
1.1638,-4.58,0.0,0.0,-0.66,0.0,0.0,-0.7,-4.6,0.0 (cmd 0.0),0.0 (cmd 0.0)
1.1643000000000001,-5.13,0.0,0.0,-1.66,0.0,0.0,-1.7,-5.1,0.0 (cmd 0.0),0.0 (cmd 0.0)
1.1648,-5.33,0.0,0.0,-2.74,0.0,0.0,-2.7,-5.3,0.0 (cmd 0.0),0.0 (cmd 0.0)
1.1653,-4.3,0.0,0.0,-2.49,0.0,0.0,-2.5,-4.3,0.0 (cmd 0.0),0.0 (cmd 0.0)
1.1658,-3.01,0.0,0.0,-0.04,0.0,0.0,-0.0,-3.0,0.0 (cmd 0.0),0.0 (cmd 0.0)
1.1663,-1.67,0.0,0.0,1.1,0.0,0.0,1.1,-1.7,0.0 (cmd 0.0),0.0 (cmd 0.0)
1.1668000000000003,0.13,0.0,0.0,1.63,0.0,0.0,1.6,0.1,0.0 (cmd 0.0),0.0 (cmd 0.0)
1.1673,0.91,0.0,0.0,1.73,0.0,0.0,1.7,0.9,0.0 (cmd 0.0),0.0 (cmd 0.0)
1.1678,1.34,0.0,0.0,1.8,0.0,0.0,1.8,1.3,0.0 (cmd 0.0),0.0 (cmd 0.0)
1.1683,1.12,0.0,0.0,1.56,0.0,0.0,1.6,1.1,0.0 (cmd 0.0),0.0 (cmd 0.0)
1.1688,0.9,0.0,0.0,1.16,0.0,0.0,1.2,0.9,0.0 (cmd 0.0),0.0 (cmd 0.0)
1.1693000000000002,0.72,0.0,0.0,1.05,0.0,0.0,1.1,0.7,0.0 (cmd 0.0),0.0 (cmd 0.0)
1.1698,0.64,0.0,0.0,0.94,0.0,0.0,0.9,0.6,0.0 (cmd 0.0),0.0 (cmd 0.0)
1.1703,0.5,0.0,0.0,0.92,0.0,0.0,0.9,0.5,0.0 (cmd 0.0),0.0 (cmd 0.0)
1.1708,0.23,0.0,0.0,0.9,0.0,0.0,0.9,0.2,0.0 (cmd 0.0),0.0 (cmd 0.0)
1.1713,0.2,0.0,0.0,0.85,0.0,0.0,0.8,0.2,0.0 (cmd 0.0),0.0 (cmd 0.0)
1.1718000000000002,0.14,0.0,0.0,0.75,0.0,0.0,0.8,0.1,0.0 (cmd 0.0),0.0 (cmd 0.0)
1.1723,0.05,0.0,0.0,0.66,0.0,0.0,0.7,0.1,0.0 (cmd 0.0),0.0 (cmd 0.0)
1.1728,0.01,0.0,0.0,0.59,0.0,0.0,0.6,0.0,0.0 (cmd 0.0),0.0 (cmd 0.0)
1.1733,-0.28,0.0,0.0,0.53,0.0,0.0,0.5,-0.3,0.0 (cmd 0.0),0.0 (cmd 0.0)
1.1738,-0.36,0.0,0.0,0.51,0.0,0.0,0.5,-0.4,0.0 (cmd 0.0),0.0 (cmd 0.0)
1.1743000000000001,-0.4,0.0,0.0,0.51,0.0,0.0,0.5,-0.4,0.0 (cmd 0.0),0.0 (cmd 0.0)
1.1747999999999998,-0.43,0.0,0.0,0.47,0.0,0.0,0.5,-0.4,0.0 (cmd 0.0),0.0 (cmd 0.0)
1.1753,-0.48,0.0,0.0,0.48,0.0,0.0,0.5,-0.5,0.0 (cmd 0.0),0.0 (cmd 0.0)
1.1758,-0.52,0.0,0.0,0.52,0.0,0.0,0.5,-0.5,0.0 (cmd 0.0),0.0 (cmd 0.0)
1.1763,-0.53,0.0,0.0,0.69,0.0,0.0,0.7,-0.5,0.0 (cmd 0.0),0.0 (cmd 0.0)
1.1768000000000003,-0.59,0.0,0.0,0.75,0.0,0.0,0.8,-0.6,0.0 (cmd 0.0),0.0 (cmd 0.0)
1.1773,-0.64,0.0,0.0,0.73,0.0,0.0,0.7,-0.6,0.0 (cmd 0.0),0.0 (cmd 0.0)
1.1778,-0.64,0.0,0.0,0.67,0.0,0.0,0.7,-0.6,0.0 (cmd 0.0),0.0 (cmd 0.0)
1.1783,-0.53,0.0,0.0,0.67,0.0,0.0,0.7,-0.5,0.0 (cmd 0.0),0.0 (cmd 0.0)
1.1787999999999998,-0.47,0.0,0.0,0.69,0.0,0.0,0.7,-0.5,0.0 (cmd 0.0),0.0 (cmd 0.0)
1.1793000000000002,-0.41,0.0,0.0,0.73,0.0,0.0,0.7,-0.4,0.0 (cmd 0.0),0.0 (cmd 0.0)
1.1798,-0.31,0.0,0.0,0.81,0.0,0.0,0.8,-0.3,0.0 (cmd 0.0),0.0 (cmd 0.0)
1.1803,-0.27,0.0,0.0,0.83,0.0,0.0,0.8,-0.3,0.0 (cmd 0.0),0.0 (cmd 0.0)
1.1807999999999998,-0.25,0.0,0.0,0.83,0.0,0.0,0.8,-0.2,0.0 (cmd 0.0),0.0 (cmd 0.0)
1.1813,-0.23,0.0,0.0,0.83,0.0,0.0,0.8,-0.2,0.0 (cmd 0.0),0.0 (cmd 0.0)
1.1818000000000002,-0.2,0.0,0.0,0.82,0.0,0.0,0.8,-0.2,0.0 (cmd 0.0),0.0 (cmd 0.0)
1.1823,-0.15,0.0,0.0,0.81,0.0,0.0,0.8,-0.1,0.0 (cmd 0.0),0.0 (cmd 0.0)
1.1827999999999999,-0.14,0.0,0.0,0.79,0.0,0.0,0.8,-0.1,0.0 (cmd 0.0),0.0 (cmd 0.0)
1.1833,0.01,0.0,0.0,0.79,0.0,0.0,0.8,0.0,0.0 (cmd 0.0),0.0 (cmd 0.0)
1.1838,0.11,0.0,0.0,0.78,0.0,0.0,0.8,0.1,0.0 (cmd 0.0),0.0 (cmd 0.0)
1.1843000000000001,0.21,0.0,0.0,0.77,0.0,0.0,0.8,0.2,0.0 (cmd 0.0),0.0 (cmd 0.0)
1.1847999999999999,0.25,0.0,0.0,0.76,0.0,0.0,0.8,0.2,0.0 (cmd 0.0),0.0 (cmd 0.0)
1.1853,0.24,0.0,0.0,0.75,0.0,0.0,0.8,0.2,0.0 (cmd 0.0),0.0 (cmd 0.0)
1.1858,0.23,0.0,0.0,0.73,0.0,0.0,0.7,0.2,0.0 (cmd 0.0),0.0 (cmd 0.0)
1.1863,0.24,0.0,0.0,0.68,0.0,0.0,0.7,0.2,0.0 (cmd 0.0),0.0 (cmd 0.0)
1.1868,0.24,0.0,0.0,0.62,0.0,0.0,0.6,0.2,0.0 (cmd 0.0),0.0 (cmd 0.0)
1.1873,0.24,0.0,0.0,0.6,0.0,0.0,0.6,0.2,0.0 (cmd 0.0),0.0 (cmd 0.0)
1.1878,0.25,0.0,0.0,0.58,0.0,0.0,0.6,0.2,0.0 (cmd 0.0),0.0 (cmd 0.0)
1.1883,0.25,0.0,0.0,0.55,0.0,0.0,0.6,0.2,0.0 (cmd 0.0),0.0 (cmd 0.0)
1.1887999999999999,0.25,0.0,0.0,0.54,0.0,0.0,0.5,0.2,0.0 (cmd 0.0),0.0 (cmd 0.0)
1.1893000000000002,0.25,0.0,0.0,0.48,0.0,0.0,0.5,0.2,0.0 (cmd 0.0),0.0 (cmd 0.0)
1.1898,0.26,0.0,0.0,0.46,0.0,0.0,0.5,0.3,0.0 (cmd 0.0),0.0 (cmd 0.0)
1.1903,0.25,0.0,0.0,0.41,0.0,0.0,0.4,0.2,0.0 (cmd 0.0),0.0 (cmd 0.0)
1.1907999999999999,0.25,0.0,0.0,0.34,0.0,0.0,0.3,0.2,0.0 (cmd 0.0),0.0 (cmd 0.0)
1.1913,0.21,0.0,0.0,0.27,0.0,0.0,0.3,0.2,0.0 (cmd 0.0),0.0 (cmd 0.0)
1.1918000000000002,0.18,0.0,0.0,0.25,0.0,0.0,0.2,0.2,0.0 (cmd 0.0),0.0 (cmd 0.0)
1.1923,0.13,0.0,0.0,0.15,0.0,0.0,0.1,0.1,0.0 (cmd 0.0),0.0 (cmd 0.0)
1.1927999999999999,0.01,0.0,0.0,0.12,0.0,0.0,0.1,0.0,0.0 (cmd 0.0),0.0 (cmd 0.0)
1.1933,-0.02,0.0,0.0,0.07,0.0,0.0,0.1,-0.0,0.0 (cmd 0.0),0.0 (cmd 0.0)
1.1938,-0.26,0.0,0.0,0.06,0.0,0.0,0.1,-0.3,0.0 (cmd 0.0),0.0 (cmd 0.0)
1.1943000000000001,-0.29,0.0,0.0,0.03,0.0,0.0,0.0,-0.3,0.0 (cmd 0.0),0.0 (cmd 0.0)
1.1947999999999999,-0.31,0.0,0.0,0.03,0.0,0.0,0.0,-0.3,0.0 (cmd 0.0),0.0 (cmd 0.0)
1.1953,-0.34,0.0,0.0,0.03,0.0,0.0,0.0,-0.3,0.0 (cmd 0.0),0.0 (cmd 0.0)
1.1958,-0.39,0.0,0.0,0.04,0.0,0.0,0.0,-0.4,0.0 (cmd 0.0),0.0 (cmd 0.0)
1.1963,-0.51,0.0,0.0,0.04,0.0,0.0,0.0,-0.5,0.0 (cmd 0.0),0.0 (cmd 0.0)
1.1968,-0.52,0.0,0.0,0.07,0.0,0.0,0.1,-0.5,0.0 (cmd 0.0),0.0 (cmd 0.0)
1.1973,-0.54,0.0,0.0,0.1,0.0,0.0,0.1,-0.5,0.0 (cmd 0.0),0.0 (cmd 0.0)
1.1978,-0.51,0.0,0.0,0.14,0.0,0.0,0.1,-0.5,0.0 (cmd 0.0),0.0 (cmd 0.0)
1.1983,-0.49,0.0,0.0,0.16,0.0,0.0,0.2,-0.5,0.0 (cmd 0.0),0.0 (cmd 0.0)
1.1987999999999999,-0.48,0.0,0.0,0.17,0.0,0.0,0.2,-0.5,0.0 (cmd 0.0),0.0 (cmd 0.0)
1.1993000000000003,-0.45,0.0,0.0,0.17,0.0,0.0,0.2,-0.5,0.0 (cmd 0.0),0.0 (cmd 0.0)
1.1998,-0.38,0.0,0.0,0.19,0.0,0.0,0.2,-0.4,0.0 (cmd 0.0),0.0 (cmd 0.0)
1.2003,-0.35,0.0,0.0,0.24,0.0,0.0,0.2,-0.3,0.0 (cmd 0.0),0.0 (cmd 0.0)
1.2007999999999999,-0.32,0.0,0.0,0.29,0.0,0.0,0.3,-0.3,0.0 (cmd 0.0),0.0 (cmd 0.0)
1.2013,-0.3,0.0,0.0,0.4,0.0,0.0,0.4,-0.3,0.0 (cmd 0.0),0.0 (cmd 0.0)
1.2018000000000002,-0.27,0.0,0.0,0.42,0.0,0.0,0.4,-0.3,0.0 (cmd 0.0),0.0 (cmd 0.0)
1.2023,-0.26,0.0,0.0,0.46,0.0,0.0,0.5,-0.3,0.0 (cmd 0.0),0.0 (cmd 0.0)
1.2027999999999999,-0.24,0.0,0.0,0.47,0.0,0.0,0.5,-0.2,0.0 (cmd 0.0),0.0 (cmd 0.0)
1.2033,-0.21,0.0,0.0,0.53,0.0,0.0,0.5,-0.2,0.0 (cmd 0.0),0.0 (cmd 0.0)
1.2038,-0.14,0.0,0.0,0.57,0.0,0.0,0.6,-0.1,0.0 (cmd 0.0),0.0 (cmd 0.0)
1.2043000000000001,-0.12,0.0,0.0,0.69,0.0,0.0,0.7,-0.1,0.0 (cmd 0.0),0.0 (cmd 0.0)
1.2047999999999999,-0.1,0.0,0.0,0.74,0.0,0.0,0.7,-0.1,0.0 (cmd 0.0),0.0 (cmd 0.0)
1.2053,-0.06,0.0,0.0,0.85,0.0,0.0,0.8,-0.1,0.0 (cmd 0.0),0.0 (cmd 0.0)
1.2058,-0.04,0.0,0.0,0.86,0.0,0.0,0.9,-0.0,0.0 (cmd 0.0),0.0 (cmd 0.0)
1.2063,-0.01,0.0,0.0,0.88,0.0,0.0,0.9,-0.0,0.0 (cmd 0.0),0.0 (cmd 0.0)
1.2068,0.0,0.0,0.0,0.89,0.0,0.0,0.9,0.0,0.0 (cmd 0.0),0.0 (cmd 0.0)
1.2073,0.04,0.0,0.0,0.91,0.0,0.0,0.9,0.0,0.0 (cmd 0.0),0.0 (cmd 0.0)
1.2078,0.09,0.0,0.0,0.98,0.0,0.0,1.0,0.1,0.0 (cmd 0.0),0.0 (cmd 0.0)
1.2083,0.13,0.0,0.0,1.04,0.0,0.0,1.0,0.1,0.0 (cmd 0.0),0.0 (cmd 0.0)
1.2087999999999999,0.3,0.0,0.0,1.06,0.0,0.0,1.1,0.3,0.0 (cmd 0.0),0.0 (cmd 0.0)
1.2093000000000003,0.34,0.0,0.0,1.07,0.0,0.0,1.1,0.3,0.0 (cmd 0.0),0.0 (cmd 0.0)
1.2098,0.41,0.0,0.0,1.16,0.0,0.0,1.2,0.4,0.0 (cmd 0.0),0.0 (cmd 0.0)
1.2103,0.46,0.0,0.0,1.24,0.0,0.0,1.2,0.5,0.0 (cmd 0.0),0.0 (cmd 0.0)
1.2107999999999999,0.48,0.0,0.0,1.05,0.0,0.0,1.1,0.5,0.0 (cmd 0.0),0.0 (cmd 0.0)
1.2113,0.47,0.0,0.0,0.94,0.0,0.0,0.9,0.5,0.0 (cmd 0.0),0.0 (cmd 0.0)
1.2118000000000002,0.47,0.0,0.0,0.8,0.0,0.0,0.8,0.5,0.0 (cmd 0.0),0.0 (cmd 0.0)
1.2123,0.47,0.0,0.0,0.73,0.0,0.0,0.7,0.5,0.0 (cmd 0.0),0.0 (cmd 0.0)
1.2127999999999999,0.46,0.0,0.0,0.68,0.0,0.0,0.7,0.5,0.0 (cmd 0.0),0.0 (cmd 0.0)
1.2133,0.46,0.0,0.0,0.64,0.0,0.0,0.6,0.5,0.0 (cmd 0.0),0.0 (cmd 0.0)
1.2138,0.45,0.0,0.0,0.63,0.0,0.0,0.6,0.5,0.0 (cmd 0.0),0.0 (cmd 0.0)
1.2143000000000002,0.43,0.0,0.0,0.57,0.0,0.0,0.6,0.4,0.0 (cmd 0.0),0.0 (cmd 0.0)
1.2147999999999999,0.43,0.0,0.0,0.52,0.0,0.0,0.5,0.4,0.0 (cmd 0.0),0.0 (cmd 0.0)
1.2153,0.45,0.0,0.0,0.46,0.0,0.0,0.5,0.5,0.0 (cmd 0.0),0.0 (cmd 0.0)
1.2158,0.44,0.0,0.0,0.45,0.0,0.0,0.5,0.4,0.0 (cmd 0.0),0.0 (cmd 0.0)
1.2163,0.32,0.0,0.0,0.45,0.0,0.0,0.5,0.3,0.0 (cmd 0.0),0.0 (cmd 0.0)
1.2168,0.25,0.0,0.0,0.44,0.0,0.0,0.4,0.2,0.0 (cmd 0.0),0.0 (cmd 0.0)
1.2173,0.18,0.0,0.0,0.42,0.0,0.0,0.4,0.2,0.0 (cmd 0.0),0.0 (cmd 0.0)
1.2178,0.18,0.0,0.0,0.41,0.0,0.0,0.4,0.2,0.0 (cmd 0.0),0.0 (cmd 0.0)
1.2183,0.16,0.0,0.0,0.39,0.0,0.0,0.4,0.2,0.0 (cmd 0.0),0.0 (cmd 0.0)
1.2187999999999999,0.15,0.0,0.0,0.38,0.0,0.0,0.4,0.1,0.0 (cmd 0.0),0.0 (cmd 0.0)
1.2193000000000003,0.13,0.0,0.0,0.38,0.0,0.0,0.4,0.1,0.0 (cmd 0.0),0.0 (cmd 0.0)
1.2198,0.13,0.0,0.0,0.38,0.0,0.0,0.4,0.1,0.0 (cmd 0.0),0.0 (cmd 0.0)
1.2203,0.13,0.0,0.0,0.37,0.0,0.0,0.4,0.1,0.0 (cmd 0.0),0.0 (cmd 0.0)
1.2207999999999999,0.17,0.0,0.0,0.35,0.0,0.0,0.3,0.2,0.0 (cmd 0.0),0.0 (cmd 0.0)
1.2213,0.19,0.0,0.0,0.35,0.0,0.0,0.3,0.2,0.0 (cmd 0.0),0.0 (cmd 0.0)
1.2218000000000002,0.18,0.0,0.0,0.34,0.0,0.0,0.3,0.2,0.0 (cmd 0.0),0.0 (cmd 0.0)
1.2223,0.18,0.0,0.0,0.3,0.0,0.0,0.3,0.2,0.0 (cmd 0.0),0.0 (cmd 0.0)
1.2227999999999999,0.16,0.0,0.0,0.28,0.0,0.0,0.3,0.2,0.0 (cmd 0.0),0.0 (cmd 0.0)
1.2233,0.15,0.0,0.0,0.26,0.0,0.0,0.3,0.1,0.0 (cmd 0.0),0.0 (cmd 0.0)
1.2238,0.17,0.0,0.0,0.23,0.0,0.0,0.2,0.2,0.0 (cmd 0.0),0.0 (cmd 0.0)
1.2243000000000002,0.17,0.0,0.0,0.21,0.0,0.0,0.2,0.2,0.0 (cmd 0.0),0.0 (cmd 0.0)
1.2247999999999999,0.14,0.0,0.0,0.19,0.0,0.0,0.2,0.1,0.0 (cmd 0.0),0.0 (cmd 0.0)
1.2253,0.13,0.0,0.0,0.18,0.0,0.0,0.2,0.1,0.0 (cmd 0.0),0.0 (cmd 0.0)
1.2258,0.14,0.0,0.0,0.17,0.0,0.0,0.2,0.1,0.0 (cmd 0.0),0.0 (cmd 0.0)
1.2263,0.15,0.0,0.0,0.16,0.0,0.0,0.2,0.1,0.0 (cmd 0.0),0.0 (cmd 0.0)
1.2268000000000001,0.17,0.0,0.0,0.14,0.0,0.0,0.1,0.2,0.0 (cmd 0.0),0.0 (cmd 0.0)
1.2273,0.26,0.0,0.0,0.12,0.0,0.0,0.1,0.3,0.0 (cmd 0.0),0.0 (cmd 0.0)
1.2278,0.25,0.0,0.0,0.11,0.0,0.0,0.1,0.2,0.0 (cmd 0.0),0.0 (cmd 0.0)
1.2283,0.21,0.0,0.0,0.11,0.0,0.0,0.1,0.2,0.0 (cmd 0.0),0.0 (cmd 0.0)
1.2288,0.18,0.0,0.0,0.1,0.0,0.0,0.1,0.2,0.0 (cmd 0.0),0.0 (cmd 0.0)
1.2293000000000003,0.16,0.0,0.0,0.09,0.0,0.0,0.1,0.2,0.0 (cmd 0.0),0.0 (cmd 0.0)
1.2298,0.14,0.0,0.0,0.07,0.0,0.0,0.1,0.1,0.0 (cmd 0.0),0.0 (cmd 0.0)
1.2303,0.13,0.0,0.0,0.07,0.0,0.0,0.1,0.1,0.0 (cmd 0.0),0.0 (cmd 0.0)
1.2308,0.12,0.0,0.0,0.07,0.0,0.0,0.1,0.1,0.0 (cmd 0.0),0.0 (cmd 0.0)
1.2313,0.06,0.0,0.0,0.09,0.0,0.0,0.1,0.1,0.0 (cmd 0.0),0.0 (cmd 0.0)
1.2318000000000002,0.04,0.0,0.0,0.1,0.0,0.0,0.1,0.0,0.0 (cmd 0.0),0.0 (cmd 0.0)
1.2323,0.03,0.0,0.0,0.11,0.0,0.0,0.1,0.0,0.0 (cmd 0.0),0.0 (cmd 0.0)
1.2328,0.02,0.0,0.0,0.13,0.0,0.0,0.1,0.0,0.0 (cmd 0.0),0.0 (cmd 0.0)
1.2333,0.01,0.0,0.0,0.13,0.0,0.0,0.1,0.0,0.0 (cmd 0.0),0.0 (cmd 0.0)
1.2338,-0.05,0.0,0.0,0.12,0.0,0.0,0.1,-0.1,0.0 (cmd 0.0),0.0 (cmd 0.0)
1.2343000000000002,-0.05,0.0,0.0,0.12,0.0,0.0,0.1,-0.1,0.0 (cmd 0.0),0.0 (cmd 0.0)
1.2348,-0.04,0.0,0.0,0.14,0.0,0.0,0.1,-0.0,0.0 (cmd 0.0),0.0 (cmd 0.0)
1.2353,-0.03,0.0,0.0,0.17,0.0,0.0,0.2,-0.0,0.0 (cmd 0.0),0.0 (cmd 0.0)
1.2358,-0.03,0.0,0.0,0.18,0.0,0.0,0.2,-0.0,0.0 (cmd 0.0),0.0 (cmd 0.0)
1.2363,-0.01,0.0,0.0,0.2,0.0,0.0,0.2,-0.0,0.0 (cmd 0.0),0.0 (cmd 0.0)
1.2368000000000001,0.0,0.0,0.0,0.22,0.0,0.0,0.2,0.0,0.0 (cmd 0.0),0.0 (cmd 0.0)
1.2372999999999998,0.01,0.0,0.0,0.23,0.0,0.0,0.2,0.0,0.0 (cmd 0.0),0.0 (cmd 0.0)
1.2378,0.01,0.0,0.0,0.25,0.0,0.0,0.2,0.0,0.0 (cmd 0.0),0.0 (cmd 0.0)
1.2383,0.02,0.0,0.0,0.25,0.0,0.0,0.2,0.0,0.0 (cmd 0.0),0.0 (cmd 0.0)
1.2388,0.04,0.0,0.0,0.27,0.0,0.0,0.3,0.0,0.0 (cmd 0.0),0.0 (cmd 0.0)
1.2393000000000003,0.07,0.0,0.0,0.28,0.0,0.0,0.3,0.1,0.0 (cmd 0.0),0.0 (cmd 0.0)
1.2398,0.08,0.0,0.0,0.29,0.0,0.0,0.3,0.1,0.0 (cmd 0.0),0.0 (cmd 0.0)
1.2403,0.13,0.0,0.0,0.34,0.0,0.0,0.3,0.1,0.0 (cmd 0.0),0.0 (cmd 0.0)
1.2408,0.17,0.0,0.0,0.35,0.0,0.0,0.3,0.2,0.0 (cmd 0.0),0.0 (cmd 0.0)
1.2412999999999998,0.32,0.0,0.0,0.42,0.0,0.0,0.4,0.3,0.0 (cmd 0.0),0.0 (cmd 0.0)
1.2418000000000002,0.36,0.0,0.0,0.42,0.0,0.0,0.4,0.4,0.0 (cmd 0.0),0.0 (cmd 0.0)
1.2423,0.43,0.0,0.0,0.41,0.0,0.0,0.4,0.4,0.0 (cmd 0.0),0.0 (cmd 0.0)
1.2428,0.47,0.0,0.0,0.42,0.0,0.0,0.4,0.5,0.0 (cmd 0.0),0.0 (cmd 0.0)
1.2432999999999998,0.52,0.0,0.0,0.51,0.0,0.0,0.5,0.5,0.0 (cmd 0.0),0.0 (cmd 0.0)
1.2438,0.54,0.0,0.0,0.54,0.0,0.0,0.5,0.5,0.0 (cmd 0.0),0.0 (cmd 0.0)
1.2443000000000002,0.57,0.0,0.0,0.59,0.0,0.0,0.6,0.6,0.0 (cmd 0.0),0.0 (cmd 0.0)
1.2448,0.58,0.0,0.0,0.62,0.0,0.0,0.6,0.6,0.0 (cmd 0.0),0.0 (cmd 0.0)
1.2452999999999999,0.58,0.0,0.0,0.66,0.0,0.0,0.7,0.6,0.0 (cmd 0.0),0.0 (cmd 0.0)
1.2458,0.59,0.0,0.0,0.66,0.0,0.0,0.7,0.6,0.0 (cmd 0.0),0.0 (cmd 0.0)
1.2463,0.6,0.0,0.0,0.67,0.0,0.0,0.7,0.6,0.0 (cmd 0.0),0.0 (cmd 0.0)
1.2468000000000001,0.6,0.0,0.0,0.68,0.0,0.0,0.7,0.6,0.0 (cmd 0.0),0.0 (cmd 0.0)
1.2472999999999999,0.59,0.0,0.0,0.7,0.0,0.0,0.7,0.6,0.0 (cmd 0.0),0.0 (cmd 0.0)
1.2478,0.55,0.0,0.0,0.71,0.0,0.0,0.7,0.6,0.0 (cmd 0.0),0.0 (cmd 0.0)
1.2483,0.55,0.0,0.0,0.7,0.0,0.0,0.7,0.6,0.0 (cmd 0.0),0.0 (cmd 0.0)
1.2488,0.55,0.0,0.0,0.69,0.0,0.0,0.7,0.6,0.0 (cmd 0.0),0.0 (cmd 0.0)
1.2493,0.55,0.0,0.0,0.69,0.0,0.0,0.7,0.6,0.0 (cmd 0.0),0.0 (cmd 0.0)
1.2498,0.53,0.0,0.0,0.65,0.0,0.0,0.7,0.5,0.0 (cmd 0.0),0.0 (cmd 0.0)
1.2503,0.52,0.0,0.0,0.56,0.0,0.0,0.6,0.5,0.0 (cmd 0.0),0.0 (cmd 0.0)
1.2509000000000001,0.52,0.0,0.0,0.47,0.0,0.0,0.5,0.5,0.0 (cmd 0.0),0.0 (cmd 0.0)
1.2514,0.51,0.0,0.0,0.44,0.0,0.0,0.4,0.5,0.0 (cmd 0.0),0.0 (cmd 0.0)
1.2519,0.5,0.0,0.0,0.31,0.0,0.0,0.3,0.5,0.0 (cmd 0.0),0.0 (cmd 0.0)
1.2524,0.5,0.0,0.0,0.29,0.0,0.0,0.3,0.5,0.0 (cmd 0.0),0.0 (cmd 0.0)
1.2529000000000001,0.5,0.0,0.0,0.28,0.0,0.0,0.3,0.5,0.0 (cmd 0.0),0.0 (cmd 0.0)
1.2534,0.48,0.0,0.0,0.24,0.0,0.0,0.2,0.5,0.0 (cmd 0.0),0.0 (cmd 0.0)
1.2539,0.45,0.0,0.0,0.18,0.0,0.0,0.2,0.5,0.0 (cmd 0.0),0.0 (cmd 0.0)
1.2544000000000002,0.45,0.0,0.0,0.14,0.0,0.0,0.1,0.5,0.0 (cmd 0.0),0.0 (cmd 0.0)
1.2549,0.45,0.0,0.0,0.13,0.0,0.0,0.1,0.5,0.0 (cmd 0.0),0.0 (cmd 0.0)
1.2554,0.44,0.0,0.0,0.11,0.0,0.0,0.1,0.4,0.0 (cmd 0.0),0.0 (cmd 0.0)
1.2559,0.31,0.0,0.0,0.11,0.0,0.0,0.1,0.3,0.0 (cmd 0.0),0.0 (cmd 0.0)
1.2564000000000002,0.04,0.0,0.0,0.11,0.0,0.0,0.1,0.0,0.0 (cmd 0.0),0.0 (cmd 0.0)
1.2569000000000001,0.0,0.0,0.0,0.1,0.0,0.0,0.1,0.0,0.0 (cmd 0.0),0.0 (cmd 0.0)
1.2573999999999999,0.0,0.0,0.0,0.1,0.0,0.0,0.1,0.0,0.0 (cmd 0.0),0.0 (cmd 0.0)
1.2579,-0.05,0.0,0.0,0.09,0.0,0.0,0.1,-0.1,0.0 (cmd 0.0),0.0 (cmd 0.0)
1.2584000000000002,-0.08,0.0,0.0,0.08,0.0,0.0,0.1,-0.1,0.0 (cmd 0.0),0.0 (cmd 0.0)
1.2589000000000001,-0.09,0.0,0.0,0.08,0.0,0.0,0.1,-0.1,0.0 (cmd 0.0),0.0 (cmd 0.0)
1.2594,-0.1,0.0,0.0,0.13,0.0,0.0,0.1,-0.1,0.0 (cmd 0.0),0.0 (cmd 0.0)
1.2598999999999998,-0.1,0.0,0.0,0.1,0.0,0.0,0.1,-0.1,0.0 (cmd 0.0),0.0 (cmd 0.0)
1.2604000000000002,-0.11,0.0,0.0,0.06,0.0,0.0,0.1,-0.1,0.0 (cmd 0.0),0.0 (cmd 0.0)
1.2609000000000001,-0.1,0.0,0.0,0.01,0.0,0.0,0.0,-0.1,0.0 (cmd 0.0),0.0 (cmd 0.0)
1.2614,-0.08,0.0,0.0,-0.02,0.0,0.0,-0.0,-0.1,0.0 (cmd 0.0),0.0 (cmd 0.0)
1.2619,-0.05,0.0,0.0,-0.05,0.0,0.0,-0.1,-0.1,0.0 (cmd 0.0),0.0 (cmd 0.0)
1.2624,-0.02,0.0,0.0,-0.16,0.0,0.0,-0.2,-0.0,0.0 (cmd 0.0),0.0 (cmd 0.0)
1.2629000000000001,-0.01,0.0,0.0,-0.28,0.0,0.0,-0.3,-0.0,0.0 (cmd 0.0),0.0 (cmd 0.0)
1.2634,0.04,0.0,0.0,-0.39,0.0,0.0,-0.4,0.0,0.0 (cmd 0.0),0.0 (cmd 0.0)
1.2639,0.11,0.0,0.0,-0.49,0.0,0.0,-0.5,0.1,0.0 (cmd 0.0),0.0 (cmd 0.0)
1.2644000000000002,0.24,0.0,0.0,-0.46,0.0,0.0,-0.5,0.2,0.0 (cmd 0.0),0.0 (cmd 0.0)
1.2649,0.4,0.0,0.0,-0.15,0.0,0.0,-0.1,0.4,0.0 (cmd 0.0),0.0 (cmd 0.0)
1.2654,1.15,0.0,0.0,-0.05,0.0,0.0,-0.1,1.1,0.0 (cmd 0.0),0.0 (cmd 0.0)
1.2659,0.99,0.0,0.0,-0.12,0.0,0.0,-0.1,1.0,0.0 (cmd 0.0),0.0 (cmd 0.0)
1.2664000000000002,0.59,0.0,0.0,-0.24,0.0,0.0,-0.2,0.6,0.0 (cmd 0.0),0.0 (cmd 0.0)
1.2669000000000001,0.41,0.0,0.0,-0.61,0.0,0.0,-0.6,0.4,0.0 (cmd 0.0),0.0 (cmd 0.0)
1.2673999999999999,0.33,0.0,0.0,-0.64,0.0,0.0,-0.6,0.3,0.0 (cmd 0.0),0.0 (cmd 0.0)
1.2679,0.36,0.0,0.0,-0.57,0.0,0.0,-0.6,0.4,0.0 (cmd 0.0),0.0 (cmd 0.0)
1.2684000000000002,0.28,0.0,0.0,-0.55,0.0,0.0,-0.6,0.3,0.0 (cmd 0.0),0.0 (cmd 0.0)
1.2689000000000001,0.24,0.0,0.0,-0.55,0.0,0.0,-0.6,0.2,0.0 (cmd 0.0),0.0 (cmd 0.0)
1.2694,0.35,0.0,0.0,-0.56,0.0,0.0,-0.6,0.3,0.0 (cmd 0.0),0.0 (cmd 0.0)
1.2698999999999998,0.52,0.0,0.0,-0.55,0.0,0.0,-0.6,0.5,0.0 (cmd 0.0),0.0 (cmd 0.0)
1.2704000000000002,0.57,0.0,0.0,-0.5,0.0,0.0,-0.5,0.6,0.0 (cmd 0.0),0.0 (cmd 0.0)
1.2709000000000001,0.54,0.0,0.0,-0.57,0.0,0.0,-0.6,0.5,0.0 (cmd 0.0),0.0 (cmd 0.0)
1.2714,0.43,0.0,0.0,-0.6,0.0,0.0,-0.6,0.4,0.0 (cmd 0.0),0.0 (cmd 0.0)
1.2719,0.34,0.0,0.0,-0.66,0.0,0.0,-0.7,0.3,0.0 (cmd 0.0),0.0 (cmd 0.0)
1.2723999999999998,0.27,0.0,0.0,-0.79,0.0,0.0,-0.8,0.3,0.0 (cmd 0.0),0.0 (cmd 0.0)
1.2729000000000001,0.28,0.0,0.0,-0.8,0.0,0.0,-0.8,0.3,0.0 (cmd 0.0),0.0 (cmd 0.0)
1.2734,0.29,0.0,0.0,-0.8,0.0,0.0,-0.8,0.3,0.0 (cmd 0.0),0.0 (cmd 0.0)
1.2739,0.42,0.0,0.0,-0.81,0.0,0.0,-0.8,0.4,0.0 (cmd 0.0),0.0 (cmd 0.0)
1.2744000000000002,0.56,0.0,0.0,-0.8,0.0,0.0,-0.8,0.6,0.0 (cmd 0.0),0.0 (cmd 0.0)
1.2749,0.63,0.0,0.0,-0.72,0.0,0.0,-0.7,0.6,0.0 (cmd 0.0),0.0 (cmd 0.0)
1.2754,0.58,0.0,0.0,-0.7,0.0,0.0,-0.7,0.6,0.0 (cmd 0.0),0.0 (cmd 0.0)
1.2759,0.5,0.0,0.0,-0.68,0.0,0.0,-0.7,0.5,0.0 (cmd 0.0),0.0 (cmd 0.0)
1.2764000000000002,0.41,0.0,0.0,-0.68,0.0,0.0,-0.7,0.4,0.0 (cmd 0.0),0.0 (cmd 0.0)
1.2769000000000001,0.32,0.0,0.0,-0.72,0.0,0.0,-0.7,0.3,0.0 (cmd 0.0),0.0 (cmd 0.0)
1.2773999999999999,0.23,0.0,0.0,-0.85,0.0,0.0,-0.8,0.2,0.0 (cmd 0.0),0.0 (cmd 0.0)
1.2779,0.19,0.0,0.0,-0.89,0.0,0.0,-0.9,0.2,0.0 (cmd 0.0),0.0 (cmd 0.0)
1.2784,0.15,0.0,0.0,-0.88,0.0,0.0,-0.9,0.1,0.0 (cmd 0.0),0.0 (cmd 0.0)
1.2789000000000001,0.11,0.0,0.0,-0.85,0.0,0.0,-0.8,0.1,0.0 (cmd 0.0),0.0 (cmd 0.0)
1.2794,0.09,0.0,0.0,-0.82,0.0,0.0,-0.8,0.1,0.0 (cmd 0.0),0.0 (cmd 0.0)
1.2798999999999998,0.06,0.0,0.0,-0.81,0.0,0.0,-0.8,0.1,0.0 (cmd 0.0),0.0 (cmd 0.0)
1.2803999999999998,0.01,0.0,0.0,-0.8,0.0,0.0,-0.8,0.0,0.0 (cmd 0.0),0.0 (cmd 0.0)
1.2809000000000001,-0.02,0.0,0.0,-0.78,0.0,0.0,-0.8,-0.0,0.0 (cmd 0.0),0.0 (cmd 0.0)
1.2813999999999999,-0.04,0.0,0.0,-0.77,0.0,0.0,-0.8,-0.0,0.0 (cmd 0.0),0.0 (cmd 0.0)
1.2819,-0.07,0.0,0.0,-0.76,0.0,0.0,-0.8,-0.1,0.0 (cmd 0.0),0.0 (cmd 0.0)
1.2824,-0.07,0.0,0.0,-0.75,0.0,0.0,-0.8,-0.1,0.0 (cmd 0.0),0.0 (cmd 0.0)
1.2829,-0.08,0.0,0.0,-0.74,0.0,0.0,-0.7,-0.1,0.0 (cmd 0.0),0.0 (cmd 0.0)
1.2834,-0.09,0.0,0.0,-0.71,0.0,0.0,-0.7,-0.1,0.0 (cmd 0.0),0.0 (cmd 0.0)
1.2838999999999998,-0.1,0.0,0.0,-0.69,0.0,0.0,-0.7,-0.1,0.0 (cmd 0.0),0.0 (cmd 0.0)
1.2844,-0.13,0.0,0.0,-0.66,0.0,0.0,-0.7,-0.1,0.0 (cmd 0.0),0.0 (cmd 0.0)
1.2849000000000002,-0.14,0.0,0.0,-0.64,0.0,0.0,-0.6,-0.1,0.0 (cmd 0.0),0.0 (cmd 0.0)
1.2853999999999999,-0.15,0.0,0.0,-0.62,0.0,0.0,-0.6,-0.1,0.0 (cmd 0.0),0.0 (cmd 0.0)
1.2859,-0.17,0.0,0.0,-0.62,0.0,0.0,-0.6,-0.2,0.0 (cmd 0.0),0.0 (cmd 0.0)
1.2863999999999998,-0.2,0.0,0.0,-0.63,0.0,0.0,-0.6,-0.2,0.0 (cmd 0.0),0.0 (cmd 0.0)
1.2869000000000002,-0.24,0.0,0.0,-0.63,0.0,0.0,-0.6,-0.2,0.0 (cmd 0.0),0.0 (cmd 0.0)
1.2874,-0.27,0.0,0.0,-0.64,0.0,0.0,-0.6,-0.3,0.0 (cmd 0.0),0.0 (cmd 0.0)
1.2878999999999998,-0.24,0.0,0.0,-0.65,0.0,0.0,-0.7,-0.2,0.0 (cmd 0.0),0.0 (cmd 0.0)
1.2884,-0.21,0.0,0.0,-0.66,0.0,0.0,-0.7,-0.2,0.0 (cmd 0.0),0.0 (cmd 0.0)
1.2889,-0.21,0.0,0.0,-0.66,0.0,0.0,-0.7,-0.2,0.0 (cmd 0.0),0.0 (cmd 0.0)
1.2894,-0.2,0.0,0.0,-0.68,0.0,0.0,-0.7,-0.2,0.0 (cmd 0.0),0.0 (cmd 0.0)
1.2899,-0.2,0.0,0.0,-0.7,0.0,0.0,-0.7,-0.2,0.0 (cmd 0.0),0.0 (cmd 0.0)
1.2903999999999998,-0.23,0.0,0.0,-0.74,0.0,0.0,-0.7,-0.2,0.0 (cmd 0.0),0.0 (cmd 0.0)
1.2909000000000002,-0.26,0.0,0.0,-0.77,0.0,0.0,-0.8,-0.3,0.0 (cmd 0.0),0.0 (cmd 0.0)
1.2913999999999999,-0.27,0.0,0.0,-0.77,0.0,0.0,-0.8,-0.3,0.0 (cmd 0.0),0.0 (cmd 0.0)
1.2919,-0.29,0.0,0.0,-0.77,0.0,0.0,-0.8,-0.3,0.0 (cmd 0.0),0.0 (cmd 0.0)
1.2924,-0.31,0.0,0.0,-0.78,0.0,0.0,-0.8,-0.3,0.0 (cmd 0.0),0.0 (cmd 0.0)
1.2929,-0.35,0.0,0.0,-0.78,0.0,0.0,-0.8,-0.3,0.0 (cmd 0.0),0.0 (cmd 0.0)
1.2934,-0.4,0.0,0.0,-0.78,0.0,0.0,-0.8,-0.4,0.0 (cmd 0.0),0.0 (cmd 0.0)
1.2938999999999998,-0.43,0.0,0.0,-0.79,0.0,0.0,-0.8,-0.4,0.0 (cmd 0.0),0.0 (cmd 0.0)
1.2944,-0.47,0.0,0.0,-0.8,0.0,0.0,-0.8,-0.5,0.0 (cmd 0.0),0.0 (cmd 0.0)
1.2949000000000002,-0.55,0.0,0.0,-0.82,0.0,0.0,-0.8,-0.6,0.0 (cmd 0.0),0.0 (cmd 0.0)
1.2953999999999999,-0.62,0.0,0.0,-0.83,0.0,0.0,-0.8,-0.6,0.0 (cmd 0.0),0.0 (cmd 0.0)
1.2959,-0.7,0.0,0.0,-0.85,0.0,0.0,-0.8,-0.7,0.0 (cmd 0.0),0.0 (cmd 0.0)
1.2963999999999998,-0.84,0.0,0.0,-0.85,0.0,0.0,-0.8,-0.8,0.0 (cmd 0.0),0.0 (cmd 0.0)
1.2969000000000002,-0.99,0.0,0.0,-0.85,0.0,0.0,-0.8,-1.0,0.0 (cmd 0.0),0.0 (cmd 0.0)
1.2974,-1.03,0.0,0.0,-0.82,0.0,0.0,-0.8,-1.0,0.0 (cmd 0.0),0.0 (cmd 0.0)
1.2978999999999998,-1.02,0.0,0.0,-0.78,0.0,0.0,-0.8,-1.0,0.0 (cmd 0.0),0.0 (cmd 0.0)
1.2984,-0.99,0.0,0.0,-0.75,0.0,0.0,-0.8,-1.0,0.0 (cmd 0.0),0.0 (cmd 0.0)
1.2989,-0.96,0.0,0.0,-0.71,0.0,0.0,-0.7,-1.0,0.0 (cmd 0.0),0.0 (cmd 0.0)
1.2994,-0.92,0.0,0.0,-0.68,0.0,0.0,-0.7,-0.9,0.0 (cmd 0.0),0.0 (cmd 0.0)
1.2999,-0.86,0.0,0.0,-0.66,0.0,0.0,-0.7,-0.9,0.0 (cmd 0.0),0.0 (cmd 0.0)
1.3003999999999998,-0.8,0.0,0.0,-0.61,0.0,0.0,-0.6,-0.8,0.0 (cmd 0.0),0.0 (cmd 0.0)
1.3009000000000002,-0.74,0.0,0.0,-0.57,0.0,0.0,-0.6,-0.7,0.0 (cmd 0.0),0.0 (cmd 0.0)
1.3014,-0.68,0.0,0.0,-0.49,0.0,0.0,-0.5,-0.7,0.0 (cmd 0.0),0.0 (cmd 0.0)
1.3019,-0.62,0.0,0.0,-0.38,0.0,0.0,-0.4,-0.6,0.0 (cmd 0.0),0.0 (cmd 0.0)
1.3024,-0.54,0.0,0.0,-0.24,0.0,0.0,-0.2,-0.5,0.0 (cmd 0.0),0.0 (cmd 0.0)
1.3029,-0.43,0.0,0.0,-0.16,0.0,0.0,-0.2,-0.4,0.0 (cmd 0.0),0.0 (cmd 0.0)
1.3034000000000001,-0.35,0.0,0.0,-0.14,0.0,0.0,-0.1,-0.3,0.0 (cmd 0.0),0.0 (cmd 0.0)
1.3038999999999998,-0.32,0.0,0.0,-0.08,0.0,0.0,-0.1,-0.3,0.0 (cmd 0.0),0.0 (cmd 0.0)
1.3044,-0.32,0.0,0.0,-0.08,0.0,0.0,-0.1,-0.3,0.0 (cmd 0.0),0.0 (cmd 0.0)
1.3049000000000002,-0.31,0.0,0.0,-0.09,0.0,0.0,-0.1,-0.3,0.0 (cmd 0.0),0.0 (cmd 0.0)
1.3054,-0.29,0.0,0.0,-0.08,0.0,0.0,-0.1,-0.3,0.0 (cmd 0.0),0.0 (cmd 0.0)
1.3059,-0.27,0.0,0.0,-0.07,0.0,0.0,-0.1,-0.3,0.0 (cmd 0.0),0.0 (cmd 0.0)
1.3063999999999998,-0.25,0.0,0.0,-0.06,0.0,0.0,-0.1,-0.2,0.0 (cmd 0.0),0.0 (cmd 0.0)
1.3069000000000002,-0.24,0.0,0.0,-0.07,0.0,0.0,-0.1,-0.2,0.0 (cmd 0.0),0.0 (cmd 0.0)
1.3074000000000001,-0.23,0.0,0.0,-0.1,0.0,0.0,-0.1,-0.2,0.0 (cmd 0.0),0.0 (cmd 0.0)
1.3078999999999998,-0.21,0.0,0.0,-0.15,0.0,0.0,-0.1,-0.2,0.0 (cmd 0.0),0.0 (cmd 0.0)
1.3084,-0.2,0.0,0.0,-0.2,0.0,0.0,-0.2,-0.2,0.0 (cmd 0.0),0.0 (cmd 0.0)
1.3089,-0.2,0.0,0.0,-0.24,0.0,0.0,-0.2,-0.2,0.0 (cmd 0.0),0.0 (cmd 0.0)
1.3094000000000001,-0.2,0.0,0.0,-0.27,0.0,0.0,-0.3,-0.2,0.0 (cmd 0.0),0.0 (cmd 0.0)
1.3099,-0.21,0.0,0.0,-0.3,0.0,0.0,-0.3,-0.2,0.0 (cmd 0.0),0.0 (cmd 0.0)
1.3103999999999998,-0.21,0.0,0.0,-0.34,0.0,0.0,-0.3,-0.2,0.0 (cmd 0.0),0.0 (cmd 0.0)
1.3109000000000002,-0.21,0.0,0.0,-0.37,0.0,0.0,-0.4,-0.2,0.0 (cmd 0.0),0.0 (cmd 0.0)
1.3114,-0.24,0.0,0.0,-0.4,0.0,0.0,-0.4,-0.2,0.0 (cmd 0.0),0.0 (cmd 0.0)
1.3119,-0.28,0.0,0.0,-0.4,0.0,0.0,-0.4,-0.3,0.0 (cmd 0.0),0.0 (cmd 0.0)
1.3124,-0.3,0.0,0.0,-0.39,0.0,0.0,-0.4,-0.3,0.0 (cmd 0.0),0.0 (cmd 0.0)
1.3129,-0.32,0.0,0.0,-0.38,0.0,0.0,-0.4,-0.3,0.0 (cmd 0.0),0.0 (cmd 0.0)
1.3134000000000001,-0.35,0.0,0.0,-0.35,0.0,0.0,-0.3,-0.3,0.0 (cmd 0.0),0.0 (cmd 0.0)
1.3138999999999998,-0.36,0.0,0.0,-0.34,0.0,0.0,-0.3,-0.4,0.0 (cmd 0.0),0.0 (cmd 0.0)
1.3144,-0.38,0.0,0.0,-0.32,0.0,0.0,-0.3,-0.4,0.0 (cmd 0.0),0.0 (cmd 0.0)
1.3149000000000002,-0.4,0.0,0.0,-0.28,0.0,0.0,-0.3,-0.4,0.0 (cmd 0.0),0.0 (cmd 0.0)
1.3154,-0.41,0.0,0.0,-0.26,0.0,0.0,-0.3,-0.4,0.0 (cmd 0.0),0.0 (cmd 0.0)
1.3159,-0.43,0.0,0.0,-0.24,0.0,0.0,-0.2,-0.4,0.0 (cmd 0.0),0.0 (cmd 0.0)
1.3163999999999998,-0.45,0.0,0.0,-0.19,0.0,0.0,-0.2,-0.5,0.0 (cmd 0.0),0.0 (cmd 0.0)
1.3169000000000002,-0.46,0.0,0.0,-0.21,0.0,0.0,-0.2,-0.5,0.0 (cmd 0.0),0.0 (cmd 0.0)
1.3174000000000001,-0.46,0.0,0.0,-0.25,0.0,0.0,-0.2,-0.5,0.0 (cmd 0.0),0.0 (cmd 0.0)
1.3178999999999998,-0.47,0.0,0.0,-0.28,0.0,0.0,-0.3,-0.5,0.0 (cmd 0.0),0.0 (cmd 0.0)
1.3184,-0.48,0.0,0.0,-0.31,0.0,0.0,-0.3,-0.5,0.0 (cmd 0.0),0.0 (cmd 0.0)
1.3189,-0.48,0.0,0.0,-0.32,0.0,0.0,-0.3,-0.5,0.0 (cmd 0.0),0.0 (cmd 0.0)
1.3194000000000001,-0.48,0.0,0.0,-0.35,0.0,0.0,-0.3,-0.5,0.0 (cmd 0.0),0.0 (cmd 0.0)
1.3199,-0.49,0.0,0.0,-0.39,0.0,0.0,-0.4,-0.5,0.0 (cmd 0.0),0.0 (cmd 0.0)
1.3203999999999998,-0.49,0.0,0.0,-0.41,0.0,0.0,-0.4,-0.5,0.0 (cmd 0.0),0.0 (cmd 0.0)
1.3209000000000002,-0.49,0.0,0.0,-0.37,0.0,0.0,-0.4,-0.5,0.0 (cmd 0.0),0.0 (cmd 0.0)
1.3214,-0.4,0.0,0.0,-0.31,0.0,0.0,-0.3,-0.4,0.0 (cmd 0.0),0.0 (cmd 0.0)
1.3219,-0.31,0.0,0.0,-0.22,0.0,0.0,-0.2,-0.3,0.0 (cmd 0.0),0.0 (cmd 0.0)
1.3224,-0.27,0.0,0.0,-0.15,0.0,0.0,-0.1,-0.3,0.0 (cmd 0.0),0.0 (cmd 0.0)
1.3229,-0.26,0.0,0.0,-0.11,0.0,0.0,-0.1,-0.3,0.0 (cmd 0.0),0.0 (cmd 0.0)
1.3234000000000001,-0.24,0.0,0.0,-0.09,0.0,0.0,-0.1,-0.2,0.0 (cmd 0.0),0.0 (cmd 0.0)
1.3238999999999999,-0.18,0.0,0.0,-0.03,0.0,0.0,-0.0,-0.2,0.0 (cmd 0.0),0.0 (cmd 0.0)
1.3244,-0.12,0.0,0.0,0.02,0.0,0.0,0.0,-0.1,0.0 (cmd 0.0),0.0 (cmd 0.0)
1.3249000000000002,-0.03,0.0,0.0,0.17,0.0,0.0,0.2,-0.0,0.0 (cmd 0.0),0.0 (cmd 0.0)
1.3254,0.0,0.0,0.0,0.37,0.0,0.0,0.4,0.0,0.0 (cmd 0.0),0.0 (cmd 0.0)
1.3259,0.12,0.0,0.0,0.38,0.0,0.0,0.4,0.1,0.0 (cmd 0.0),0.0 (cmd 0.0)
1.3263999999999998,0.2,0.0,0.0,0.38,0.0,0.0,0.4,0.2,0.0 (cmd 0.0),0.0 (cmd 0.0)
1.3269000000000002,0.29,0.0,0.0,0.45,0.0,0.0,0.5,0.3,0.0 (cmd 0.0),0.0 (cmd 0.0)
1.3274000000000001,0.35,0.0,0.0,0.5,0.0,0.0,0.5,0.3,0.0 (cmd 0.0),0.0 (cmd 0.0)
1.3278999999999999,0.36,0.0,0.0,0.57,0.0,0.0,0.6,0.4,0.0 (cmd 0.0),0.0 (cmd 0.0)
1.3284,0.36,0.0,0.0,0.62,0.0,0.0,0.6,0.4,0.0 (cmd 0.0),0.0 (cmd 0.0)
1.3289,0.38,0.0,0.0,0.66,0.0,0.0,0.7,0.4,0.0 (cmd 0.0),0.0 (cmd 0.0)
1.3294000000000001,0.41,0.0,0.0,0.77,0.0,0.0,0.8,0.4,0.0 (cmd 0.0),0.0 (cmd 0.0)
1.3299,0.47,0.0,0.0,0.83,0.0,0.0,0.8,0.5,0.0 (cmd 0.0),0.0 (cmd 0.0)
1.3303999999999998,0.53,0.0,0.0,0.94,0.0,0.0,0.9,0.5,0.0 (cmd 0.0),0.0 (cmd 0.0)
1.3309000000000002,0.6,0.0,0.0,1.06,0.0,0.0,1.1,0.6,0.0 (cmd 0.0),0.0 (cmd 0.0)
1.3314,0.69,0.0,0.0,1.16,0.0,0.0,1.2,0.7,0.0 (cmd 0.0),0.0 (cmd 0.0)
1.3319,0.82,0.0,0.0,1.22,0.0,0.0,1.2,0.8,0.0 (cmd 0.0),0.0 (cmd 0.0)
1.3324,0.94,0.0,0.0,1.33,0.0,0.0,1.3,0.9,0.0 (cmd 0.0),0.0 (cmd 0.0)
1.3329,1.02,0.0,0.0,1.39,0.0,0.0,1.4,1.0,0.0 (cmd 0.0),0.0 (cmd 0.0)
1.3334000000000001,1.1,0.0,0.0,1.52,0.0,0.0,1.5,1.1,0.0 (cmd 0.0),0.0 (cmd 0.0)
1.3338999999999999,1.19,0.0,0.0,1.59,0.0,0.0,1.6,1.2,0.0 (cmd 0.0),0.0 (cmd 0.0)
1.3344,1.23,0.0,0.0,1.6,0.0,0.0,1.6,1.2,0.0 (cmd 0.0),0.0 (cmd 0.0)
1.3349000000000002,1.2,0.0,0.0,1.61,0.0,0.0,1.6,1.2,0.0 (cmd 0.0),0.0 (cmd 0.0)
1.3354,1.06,0.0,0.0,1.61,0.0,0.0,1.6,1.1,0.0 (cmd 0.0),0.0 (cmd 0.0)
1.3359,0.95,0.0,0.0,1.61,0.0,0.0,1.6,0.9,0.0 (cmd 0.0),0.0 (cmd 0.0)
1.3363999999999998,0.89,0.0,0.0,1.57,0.0,0.0,1.6,0.9,0.0 (cmd 0.0),0.0 (cmd 0.0)
1.3369000000000002,0.86,0.0,0.0,1.55,0.0,0.0,1.6,0.9,0.0 (cmd 0.0),0.0 (cmd 0.0)
1.3374000000000001,0.85,0.0,0.0,1.48,0.0,0.0,1.5,0.8,0.0 (cmd 0.0),0.0 (cmd 0.0)
1.3378999999999999,0.82,0.0,0.0,1.37,0.0,0.0,1.4,0.8,0.0 (cmd 0.0),0.0 (cmd 0.0)
1.3384,0.76,0.0,0.0,1.31,0.0,0.0,1.3,0.8,0.0 (cmd 0.0),0.0 (cmd 0.0)
1.3388999999999998,0.71,0.0,0.0,1.28,0.0,0.0,1.3,0.7,0.0 (cmd 0.0),0.0 (cmd 0.0)
1.3394000000000001,0.67,0.0,0.0,1.24,0.0,0.0,1.2,0.7,0.0 (cmd 0.0),0.0 (cmd 0.0)
1.3399,0.63,0.0,0.0,1.2,0.0,0.0,1.2,0.6,0.0 (cmd 0.0),0.0 (cmd 0.0)
1.3403999999999998,0.58,0.0,0.0,1.16,0.0,0.0,1.2,0.6,0.0 (cmd 0.0),0.0 (cmd 0.0)
1.3409,0.56,0.0,0.0,1.12,0.0,0.0,1.1,0.6,0.0 (cmd 0.0),0.0 (cmd 0.0)
1.3414,0.53,0.0,0.0,1.08,0.0,0.0,1.1,0.5,0.0 (cmd 0.0),0.0 (cmd 0.0)
1.3419,0.49,0.0,0.0,1.06,0.0,0.0,1.1,0.5,0.0 (cmd 0.0),0.0 (cmd 0.0)
1.3424,0.44,0.0,0.0,0.99,0.0,0.0,1.0,0.4,0.0 (cmd 0.0),0.0 (cmd 0.0)
1.3428999999999998,0.38,0.0,0.0,0.94,0.0,0.0,0.9,0.4,0.0 (cmd 0.0),0.0 (cmd 0.0)
1.3434000000000001,0.37,0.0,0.0,0.89,0.0,0.0,0.9,0.4,0.0 (cmd 0.0),0.0 (cmd 0.0)
1.3438999999999999,0.31,0.0,0.0,0.84,0.0,0.0,0.8,0.3,0.0 (cmd 0.0),0.0 (cmd 0.0)
1.3444,0.27,0.0,0.0,0.77,0.0,0.0,0.8,0.3,0.0 (cmd 0.0),0.0 (cmd 0.0)
1.3449,0.16,0.0,0.0,0.6,0.0,0.0,0.6,0.2,0.0 (cmd 0.0),0.0 (cmd 0.0)
1.3454,0.07,0.0,0.0,0.47,0.0,0.0,0.5,0.1,0.0 (cmd 0.0),0.0 (cmd 0.0)
1.3459,-0.02,0.0,0.0,0.38,0.0,0.0,0.4,-0.0,0.0 (cmd 0.0),0.0 (cmd 0.0)
1.3463999999999998,-0.03,0.0,0.0,0.31,0.0,0.0,0.3,-0.0,0.0 (cmd 0.0),0.0 (cmd 0.0)
1.3469,-0.02,0.0,0.0,0.23,0.0,0.0,0.2,-0.0,0.0 (cmd 0.0),0.0 (cmd 0.0)
1.3474000000000002,-0.01,0.0,0.0,0.19,0.0,0.0,0.2,-0.0,0.0 (cmd 0.0),0.0 (cmd 0.0)
1.3478999999999999,0.0,0.0,0.0,0.15,0.0,0.0,0.1,0.0,0.0 (cmd 0.0),0.0 (cmd 0.0)
1.3484,-0.06,0.0,0.0,0.15,0.0,0.0,0.1,-0.1,0.0 (cmd 0.0),0.0 (cmd 0.0)
1.3488999999999998,-0.08,0.0,0.0,0.14,0.0,0.0,0.1,-0.1,0.0 (cmd 0.0),0.0 (cmd 0.0)
1.3494000000000002,-0.1,0.0,0.0,0.1,0.0,0.0,0.1,-0.1,0.0 (cmd 0.0),0.0 (cmd 0.0)
1.3499,-0.17,0.0,0.0,0.04,0.0,0.0,0.0,-0.2,0.0 (cmd 0.0),0.0 (cmd 0.0)
1.3503999999999998,-0.24,0.0,0.0,0.01,0.0,0.0,0.0,-0.2,0.0 (cmd 0.0),0.0 (cmd 0.0)
1.3509,-0.37,0.0,0.0,0.0,0.0,0.0,0.0,-0.4,0.0 (cmd 0.0),0.0 (cmd 0.0)
1.3514,-0.45,0.0,0.0,-0.06,0.0,0.0,-0.1,-0.5,0.0 (cmd 0.0),0.0 (cmd 0.0)
1.3519,-0.47,0.0,0.0,-0.09,0.0,0.0,-0.1,-0.5,0.0 (cmd 0.0),0.0 (cmd 0.0)
1.3524,-0.47,0.0,0.0,-0.14,0.0,0.0,-0.1,-0.5,0.0 (cmd 0.0),0.0 (cmd 0.0)
1.3528999999999998,-0.48,0.0,0.0,-0.17,0.0,0.0,-0.2,-0.5,0.0 (cmd 0.0),0.0 (cmd 0.0)
1.3534000000000002,-0.52,0.0,0.0,-0.2,0.0,0.0,-0.2,-0.5,0.0 (cmd 0.0),0.0 (cmd 0.0)
1.3538999999999999,-0.53,0.0,0.0,-0.19,0.0,0.0,-0.2,-0.5,0.0 (cmd 0.0),0.0 (cmd 0.0)
1.3544,-0.52,0.0,0.0,-0.17,0.0,0.0,-0.2,-0.5,0.0 (cmd 0.0),0.0 (cmd 0.0)
1.3549,-0.47,0.0,0.0,-0.14,0.0,0.0,-0.1,-0.5,0.0 (cmd 0.0),0.0 (cmd 0.0)
1.3554,-0.43,0.0,0.0,-0.15,0.0,0.0,-0.1,-0.4,0.0 (cmd 0.0),0.0 (cmd 0.0)
1.3559,-0.43,0.0,0.0,-0.15,0.0,0.0,-0.1,-0.4,0.0 (cmd 0.0),0.0 (cmd 0.0)
1.3563999999999998,-0.53,0.0,0.0,-0.17,0.0,0.0,-0.2,-0.5,0.0 (cmd 0.0),0.0 (cmd 0.0)
1.3569,-0.57,0.0,0.0,-0.2,0.0,0.0,-0.2,-0.6,0.0 (cmd 0.0),0.0 (cmd 0.0)
1.3574000000000002,-0.54,0.0,0.0,-0.22,0.0,0.0,-0.2,-0.5,0.0 (cmd 0.0),0.0 (cmd 0.0)
1.3578999999999999,-0.51,0.0,0.0,-0.21,0.0,0.0,-0.2,-0.5,0.0 (cmd 0.0),0.0 (cmd 0.0)
1.3584,-0.51,0.0,0.0,-0.21,0.0,0.0,-0.2,-0.5,0.0 (cmd 0.0),0.0 (cmd 0.0)
1.3588999999999998,-0.53,0.0,0.0,-0.24,0.0,0.0,-0.2,-0.5,0.0 (cmd 0.0),0.0 (cmd 0.0)
1.3594000000000002,-0.54,0.0,0.0,-0.24,0.0,0.0,-0.2,-0.5,0.0 (cmd 0.0),0.0 (cmd 0.0)
1.3599,-0.52,0.0,0.0,-0.24,0.0,0.0,-0.2,-0.5,0.0 (cmd 0.0),0.0 (cmd 0.0)
1.3603999999999998,-0.49,0.0,0.0,-0.24,0.0,0.0,-0.2,-0.5,0.0 (cmd 0.0),0.0 (cmd 0.0)
1.3609,-0.47,0.0,0.0,-0.22,0.0,0.0,-0.2,-0.5,0.0 (cmd 0.0),0.0 (cmd 0.0)
1.3614,-0.43,0.0,0.0,-0.22,0.0,0.0,-0.2,-0.4,0.0 (cmd 0.0),0.0 (cmd 0.0)
1.3619,-0.44,0.0,0.0,-0.23,0.0,0.0,-0.2,-0.4,0.0 (cmd 0.0),0.0 (cmd 0.0)
1.3624,-0.43,0.0,0.0,-0.22,0.0,0.0,-0.2,-0.4,0.0 (cmd 0.0),0.0 (cmd 0.0)
1.3628999999999998,-0.41,0.0,0.0,-0.22,0.0,0.0,-0.2,-0.4,0.0 (cmd 0.0),0.0 (cmd 0.0)
1.3634000000000002,-0.4,0.0,0.0,-0.21,0.0,0.0,-0.2,-0.4,0.0 (cmd 0.0),0.0 (cmd 0.0)
1.3639,-0.36,0.0,0.0,-0.21,0.0,0.0,-0.2,-0.4,0.0 (cmd 0.0),0.0 (cmd 0.0)
1.3644,-0.35,0.0,0.0,-0.21,0.0,0.0,-0.2,-0.3,0.0 (cmd 0.0),0.0 (cmd 0.0)
1.3649,-0.34,0.0,0.0,-0.21,0.0,0.0,-0.2,-0.3,0.0 (cmd 0.0),0.0 (cmd 0.0)
1.3654,-0.33,0.0,0.0,-0.21,0.0,0.0,-0.2,-0.3,0.0 (cmd 0.0),0.0 (cmd 0.0)
1.3659000000000001,-0.31,0.0,0.0,-0.21,0.0,0.0,-0.2,-0.3,0.0 (cmd 0.0),0.0 (cmd 0.0)
1.3663999999999998,-0.3,0.0,0.0,-0.2,0.0,0.0,-0.2,-0.3,0.0 (cmd 0.0),0.0 (cmd 0.0)
1.3669,-0.29,0.0,0.0,-0.18,0.0,0.0,-0.2,-0.3,0.0 (cmd 0.0),0.0 (cmd 0.0)
1.3674000000000002,-0.29,0.0,0.0,-0.16,0.0,0.0,-0.2,-0.3,0.0 (cmd 0.0),0.0 (cmd 0.0)
1.3679,-0.27,0.0,0.0,-0.15,0.0,0.0,-0.1,-0.3,0.0 (cmd 0.0),0.0 (cmd 0.0)
1.3684,-0.27,0.0,0.0,-0.12,0.0,0.0,-0.1,-0.3,0.0 (cmd 0.0),0.0 (cmd 0.0)
1.3688999999999998,-0.29,0.0,0.0,-0.09,0.0,0.0,-0.1,-0.3,0.0 (cmd 0.0),0.0 (cmd 0.0)
1.3694000000000002,-0.34,0.0,0.0,-0.07,0.0,0.0,-0.1,-0.3,0.0 (cmd 0.0),0.0 (cmd 0.0)
1.3699000000000001,-0.35,0.0,0.0,-0.07,0.0,0.0,-0.1,-0.3,0.0 (cmd 0.0),0.0 (cmd 0.0)
1.3703999999999998,-0.36,0.0,0.0,-0.04,0.0,0.0,-0.0,-0.4,0.0 (cmd 0.0),0.0 (cmd 0.0)
1.3709,-0.35,0.0,0.0,-0.03,0.0,0.0,-0.0,-0.3,0.0 (cmd 0.0),0.0 (cmd 0.0)
1.3714,-0.34,0.0,0.0,0.0,0.0,0.0,0.0,-0.3,0.0 (cmd 0.0),0.0 (cmd 0.0)
1.3719000000000001,-0.33,0.0,0.0,0.02,0.0,0.0,0.0,-0.3,0.0 (cmd 0.0),0.0 (cmd 0.0)
1.3724,-0.31,0.0,0.0,0.05,0.0,0.0,0.1,-0.3,0.0 (cmd 0.0),0.0 (cmd 0.0)
1.3728999999999998,-0.3,0.0,0.0,0.07,0.0,0.0,0.1,-0.3,0.0 (cmd 0.0),0.0 (cmd 0.0)
1.3734000000000002,-0.28,0.0,0.0,0.09,0.0,0.0,0.1,-0.3,0.0 (cmd 0.0),0.0 (cmd 0.0)
1.3739,-0.26,0.0,0.0,0.11,0.0,0.0,0.1,-0.3,0.0 (cmd 0.0),0.0 (cmd 0.0)
1.3744,-0.26,0.0,0.0,0.13,0.0,0.0,0.1,-0.3,0.0 (cmd 0.0),0.0 (cmd 0.0)
1.3749,-0.26,0.0,0.0,0.14,0.0,0.0,0.1,-0.3,0.0 (cmd 0.0),0.0 (cmd 0.0)
1.3754,-0.25,0.0,0.0,0.16,0.0,0.0,0.2,-0.2,0.0 (cmd 0.0),0.0 (cmd 0.0)
1.3759000000000001,-0.24,0.0,0.0,0.17,0.0,0.0,0.2,-0.2,0.0 (cmd 0.0),0.0 (cmd 0.0)
1.3763999999999998,-0.25,0.0,0.0,0.18,0.0,0.0,0.2,-0.2,0.0 (cmd 0.0),0.0 (cmd 0.0)
1.3769,-0.26,0.0,0.0,0.19,0.0,0.0,0.2,-0.3,0.0 (cmd 0.0),0.0 (cmd 0.0)
1.3774000000000002,-0.24,0.0,0.0,0.2,0.0,0.0,0.2,-0.2,0.0 (cmd 0.0),0.0 (cmd 0.0)
1.3779,-0.21,0.0,0.0,0.21,0.0,0.0,0.2,-0.2,0.0 (cmd 0.0),0.0 (cmd 0.0)
1.3784,-0.19,0.0,0.0,0.22,0.0,0.0,0.2,-0.2,0.0 (cmd 0.0),0.0 (cmd 0.0)
1.3788999999999998,-0.12,0.0,0.0,0.23,0.0,0.0,0.2,-0.1,0.0 (cmd 0.0),0.0 (cmd 0.0)
1.3794000000000002,-0.09,0.0,0.0,0.24,0.0,0.0,0.2,-0.1,0.0 (cmd 0.0),0.0 (cmd 0.0)
1.3799000000000001,-0.08,0.0,0.0,0.24,0.0,0.0,0.2,-0.1,0.0 (cmd 0.0),0.0 (cmd 0.0)
1.3803999999999998,-0.06,0.0,0.0,0.25,0.0,0.0,0.2,-0.1,0.0 (cmd 0.0),0.0 (cmd 0.0)
1.3809,-0.01,0.0,0.0,0.25,0.0,0.0,0.2,-0.0,0.0 (cmd 0.0),0.0 (cmd 0.0)
1.3814,0.0,0.0,0.0,0.27,0.0,0.0,0.3,0.0,0.0 (cmd 0.0),0.0 (cmd 0.0)
1.3819000000000001,0.02,0.0,0.0,0.27,0.0,0.0,0.3,0.0,0.0 (cmd 0.0),0.0 (cmd 0.0)
1.3824,0.04,0.0,0.0,0.28,0.0,0.0,0.3,0.0,0.0 (cmd 0.0),0.0 (cmd 0.0)
1.3828999999999998,0.06,0.0,0.0,0.29,0.0,0.0,0.3,0.1,0.0 (cmd 0.0),0.0 (cmd 0.0)
1.3834000000000002,0.07,0.0,0.0,0.29,0.0,0.0,0.3,0.1,0.0 (cmd 0.0),0.0 (cmd 0.0)
1.3839,0.09,0.0,0.0,0.29,0.0,0.0,0.3,0.1,0.0 (cmd 0.0),0.0 (cmd 0.0)
1.3844,0.11,0.0,0.0,0.3,0.0,0.0,0.3,0.1,0.0 (cmd 0.0),0.0 (cmd 0.0)
1.3849,0.12,0.0,0.0,0.31,0.0,0.0,0.3,0.1,0.0 (cmd 0.0),0.0 (cmd 0.0)
1.3854,0.13,0.0,0.0,0.31,0.0,0.0,0.3,0.1,0.0 (cmd 0.0),0.0 (cmd 0.0)
1.3859000000000001,0.14,0.0,0.0,0.31,0.0,0.0,0.3,0.1,0.0 (cmd 0.0),0.0 (cmd 0.0)
1.3863999999999999,0.16,0.0,0.0,0.32,0.0,0.0,0.3,0.2,0.0 (cmd 0.0),0.0 (cmd 0.0)
1.3869,0.17,0.0,0.0,0.32,0.0,0.0,0.3,0.2,0.0 (cmd 0.0),0.0 (cmd 0.0)
1.3874000000000002,0.18,0.0,0.0,0.33,0.0,0.0,0.3,0.2,0.0 (cmd 0.0),0.0 (cmd 0.0)
1.3879,0.18,0.0,0.0,0.33,0.0,0.0,0.3,0.2,0.0 (cmd 0.0),0.0 (cmd 0.0)
1.3884,0.19,0.0,0.0,0.33,0.0,0.0,0.3,0.2,0.0 (cmd 0.0),0.0 (cmd 0.0)
1.3888999999999998,0.19,0.0,0.0,0.33,0.0,0.0,0.3,0.2,0.0 (cmd 0.0),0.0 (cmd 0.0)
1.3894000000000002,0.2,0.0,0.0,0.33,0.0,0.0,0.3,0.2,0.0 (cmd 0.0),0.0 (cmd 0.0)
1.3899000000000001,0.21,0.0,0.0,0.33,0.0,0.0,0.3,0.2,0.0 (cmd 0.0),0.0 (cmd 0.0)
1.3903999999999999,0.21,0.0,0.0,0.33,0.0,0.0,0.3,0.2,0.0 (cmd 0.0),0.0 (cmd 0.0)
1.3909,0.21,0.0,0.0,0.33,0.0,0.0,0.3,0.2,0.0 (cmd 0.0),0.0 (cmd 0.0)
1.3914,0.21,0.0,0.0,0.33,0.0,0.0,0.3,0.2,0.0 (cmd 0.0),0.0 (cmd 0.0)
1.3919000000000001,0.17,0.0,0.0,0.32,0.0,0.0,0.3,0.2,0.0 (cmd 0.0),0.0 (cmd 0.0)
1.3924,0.11,-0.87,0.0,0.31,0.11,0.0,0.3,0.1,0.0 (cmd -0.9),0.0 (cmd 0.1)
1.3928999999999998,0.01,-0.84,0.0,0.31,0.12,0.0,0.3,0.0,0.0 (cmd -0.8),0.0 (cmd 0.1)
1.3934000000000002,-0.02,-0.84,0.0,0.31,0.12,0.0,0.3,-0.0,0.0 (cmd -0.8),0.0 (cmd 0.1)
1.3939,-0.04,-0.84,0.0,0.3,0.12,0.0,0.3,-0.0,0.0 (cmd -0.8),0.0 (cmd 0.1)
1.3944,-0.07,-0.84,0.0,0.29,0.12,0.0,0.3,-0.1,0.0 (cmd -0.8),0.0 (cmd 0.1)
1.3949,-0.09,-0.85,0.0,0.28,0.11,0.0,0.3,-0.1,0.0 (cmd -0.8),0.0 (cmd 0.1)
1.3954,-0.12,-0.85,0.0,0.27,0.11,0.0,0.3,-0.1,0.0 (cmd -0.8),0.0 (cmd 0.1)
1.3959000000000001,-0.13,-0.85,0.0,0.26,0.11,0.0,0.3,-0.1,0.0 (cmd -0.8),0.0 (cmd 0.1)
1.3963999999999999,-0.13,-0.86,0.0,0.25,0.11,0.0,0.2,-0.1,0.0 (cmd -0.9),0.0 (cmd 0.1)
1.3969,-0.17,-0.86,0.0,0.24,0.11,0.0,0.2,-0.2,0.0 (cmd -0.9),0.0 (cmd 0.1)
1.3974000000000002,-0.2,-0.85,0.0,0.19,0.11,0.0,0.2,-0.2,0.0 (cmd -0.8),0.0 (cmd 0.1)
1.3979,-0.24,-0.85,0.0,0.17,0.11,0.0,0.2,-0.2,0.0 (cmd -0.8),0.0 (cmd 0.1)
1.3984,-0.26,-0.85,0.0,0.14,0.11,0.0,0.1,-0.3,0.0 (cmd -0.8),0.0 (cmd 0.1)
1.3988999999999998,-0.29,-0.86,0.0,0.11,0.11,0.0,0.1,-0.3,0.0 (cmd -0.9),0.0 (cmd 0.1)
1.3994000000000002,-0.32,-0.85,0.0,0.08,0.11,0.0,0.1,-0.3,0.0 (cmd -0.8),0.0 (cmd 0.1)
1.3999000000000001,-0.33,-0.86,0.0,0.06,0.11,0.0,0.1,-0.3,0.0 (cmd -0.9),0.0 (cmd 0.1)
1.4003999999999999,-0.35,-0.86,0.0,0.0,0.11,0.0,0.0,-0.3,0.0 (cmd -0.9),0.0 (cmd 0.1)
1.4009,-0.35,-0.86,0.0,-0.05,0.11,0.0,-0.1,-0.3,0.0 (cmd -0.9),0.0 (cmd 0.1)
1.4013999999999998,-0.34,-0.88,0.0,-0.16,0.11,0.0,-0.2,-0.3,0.0 (cmd -0.9),0.0 (cmd 0.1)
1.4019000000000001,-0.23,-0.9,0.0,-0.28,0.1,0.0,-0.3,-0.2,0.0 (cmd -0.9),0.0 (cmd 0.1)
1.4024,-0.02,-0.95,0.0,-0.3,0.1,0.0,-0.3,-0.0,0.0 (cmd -0.9),0.0 (cmd 0.1)
1.4028999999999998,0.09,-0.99,0.0,-0.21,0.1,0.0,-0.2,0.1,0.0 (cmd -1.0),0.0 (cmd 0.1)
1.4034,0.22,-1.01,0.0,-0.1,0.1,0.0,-0.1,0.2,0.0 (cmd -1.0),0.0 (cmd 0.1)
1.4039,0.26,-0.98,0.0,-0.04,0.11,0.0,-0.0,0.3,0.0 (cmd -1.0),0.0 (cmd 0.1)
1.4044,-0.02,-0.9,0.0,-0.09,0.12,0.0,-0.1,-0.0,0.0 (cmd -0.9),0.0 (cmd 0.1)
1.4049,-0.33,-0.83,0.0,-0.09,0.13,0.0,-0.1,-0.3,0.0 (cmd -0.8),0.0 (cmd 0.1)
1.4053999999999998,-0.95,-0.7,0.0,0.04,0.16,0.0,0.0,-0.9,0.0 (cmd -0.7),0.0 (cmd 0.2)
1.4059000000000001,-1.17,-0.64,0.0,0.24,0.18,0.0,0.2,-1.2,0.0 (cmd -0.6),0.0 (cmd 0.2)
1.4063999999999999,-2.5,-0.47,0.0,0.4,0.21,0.0,0.4,-2.5,0.0 (cmd -0.5),0.0 (cmd 0.2)
1.4069,-3.36,-0.25,0.0,0.5,0.25,0.0,0.5,-3.4,0.0 (cmd -0.2),0.0 (cmd 0.2)
1.4074,-4.47,-0.06,0.0,0.62,0.28,0.0,0.6,-4.5,0.0 (cmd -0.1),0.0 (cmd 0.3)
1.4079,-5.13,0.0,0.0,0.75,0.29,0.0,0.8,-5.1,0.0 (cmd 0.0),0.0 (cmd 0.3)
1.4084,-5.15,-0.09,0.0,0.92,0.27,0.0,0.9,-5.2,0.0 (cmd -0.1),0.0 (cmd 0.3)
1.4088999999999998,-4.78,-0.35,0.0,1.01,0.22,0.0,1.0,-4.8,0.0 (cmd -0.3),0.0 (cmd 0.2)
1.4094,-4.49,-0.5,0.0,1.19,0.19,0.0,1.2,-4.5,0.0 (cmd -0.5),0.0 (cmd 0.2)
1.4099000000000002,-4.24,-0.61,0.0,1.29,0.17,0.0,1.3,-4.2,0.0 (cmd -0.6),0.0 (cmd 0.2)
1.4103999999999999,-4.12,-0.68,0.0,1.42,0.16,0.0,1.4,-4.1,0.0 (cmd -0.7),0.0 (cmd 0.2)
1.4109,-3.92,-0.7,0.0,1.53,0.15,0.0,1.5,-3.9,0.0 (cmd -0.7),0.0 (cmd 0.1)
1.4113999999999998,-3.64,-0.8,0.0,1.57,0.13,0.0,1.6,-3.6,0.0 (cmd -0.8),0.0 (cmd 0.1)
1.4119000000000002,-3.32,-0.88,0.0,1.62,0.11,0.0,1.6,-3.3,0.0 (cmd -0.9),0.0 (cmd 0.1)
1.4124,-3.2,-0.89,0.0,1.72,0.11,0.0,1.7,-3.2,0.0 (cmd -0.9),0.0 (cmd 0.1)
1.4128999999999998,-3.13,-0.89,0.0,1.71,0.1,0.0,1.7,-3.1,0.0 (cmd -0.9),0.0 (cmd 0.1)
1.4134,-3.08,-0.89,0.0,1.69,0.1,0.0,1.7,-3.1,0.0 (cmd -0.9),0.0 (cmd 0.1)
1.4139,-3.05,-0.87,0.0,1.72,0.1,0.0,1.7,-3.0,0.0 (cmd -0.9),0.0 (cmd 0.1)
1.4144,-3.08,-0.84,0.0,1.75,0.1,0.0,1.8,-3.1,0.0 (cmd -0.8),0.0 (cmd 0.1)
1.4149,-3.19,-0.8,0.0,1.74,0.11,0.0,1.7,-3.2,0.0 (cmd -0.8),0.0 (cmd 0.1)
1.4153999999999998,-3.27,-0.77,0.0,1.7,0.11,0.0,1.7,-3.3,0.0 (cmd -0.8),0.0 (cmd 0.1)
1.4159000000000002,-3.32,-0.75,0.0,1.69,0.11,0.0,1.7,-3.3,0.0 (cmd -0.8),0.0 (cmd 0.1)
1.4163999999999999,-3.34,-0.75,0.0,1.66,0.11,0.0,1.7,-3.3,0.0 (cmd -0.8),0.0 (cmd 0.1)
1.4169,-3.37,-0.75,0.0,1.58,0.1,0.0,1.6,-3.4,0.0 (cmd -0.8),0.0 (cmd 0.1)
1.4174,-3.29,-0.77,0.0,1.46,0.1,0.0,1.5,-3.3,0.0 (cmd -0.8),0.0 (cmd 0.1)
1.4179,-3.1,-0.81,0.0,1.38,0.09,0.0,1.4,-3.1,0.0 (cmd -0.8),0.0 (cmd 0.1)
1.4184,-2.97,-0.85,0.0,1.39,0.08,0.0,1.4,-3.0,0.0 (cmd -0.8),0.0 (cmd 0.1)
1.4188999999999998,-2.98,-0.85,0.0,1.43,0.08,0.0,1.4,-3.0,0.0 (cmd -0.8),0.0 (cmd 0.1)
1.4194,-3.03,-0.83,0.0,1.39,0.09,0.0,1.4,-3.0,0.0 (cmd -0.8),0.0 (cmd 0.1)
1.4199000000000002,-3.07,-0.81,0.0,1.37,0.09,0.0,1.4,-3.1,0.0 (cmd -0.8),0.0 (cmd 0.1)
1.4203999999999999,-3.16,-0.77,0.0,1.35,0.1,0.0,1.4,-3.2,0.0 (cmd -0.8),0.0 (cmd 0.1)
1.4209,-3.13,-0.77,0.0,1.32,0.1,0.0,1.3,-3.1,0.0 (cmd -0.8),0.0 (cmd 0.1)
1.4213999999999998,-3.05,-0.8,0.0,1.29,0.1,0.0,1.3,-3.0,0.0 (cmd -0.8),0.0 (cmd 0.1)
1.4219000000000002,-3.07,-0.8,0.0,1.28,0.1,0.0,1.3,-3.1,0.0 (cmd -0.8),0.0 (cmd 0.1)
1.4224,-3.14,-0.79,0.0,1.22,0.1,0.0,1.2,-3.1,0.0 (cmd -0.8),0.0 (cmd 0.1)
1.4228999999999998,-3.2,-0.78,0.0,1.12,0.1,0.0,1.1,-3.2,0.0 (cmd -0.8),0.0 (cmd 0.1)
1.4234,-3.22,-0.77,0.0,1.03,0.1,0.0,1.0,-3.2,0.0 (cmd -0.8),0.0 (cmd 0.1)
1.4239,-3.14,-0.79,0.0,0.9,0.09,0.0,0.9,-3.1,0.0 (cmd -0.8),0.0 (cmd 0.1)
1.4244,-2.76,-0.89,0.0,0.79,0.08,0.0,0.8,-2.8,0.0 (cmd -0.9),0.0 (cmd 0.1)
1.4249,-2.49,-0.92,0.0,0.72,0.07,0.0,0.7,-2.5,0.0 (cmd -0.9),0.0 (cmd 0.1)
1.4253999999999998,-2.32,-0.98,0.0,0.71,0.06,0.0,0.7,-2.3,0.0 (cmd -1.0),0.0 (cmd 0.1)
1.4259000000000002,-2.35,-0.96,0.0,0.72,0.07,0.0,0.7,-2.4,0.0 (cmd -1.0),0.0 (cmd 0.1)
1.4264,-2.44,-0.92,0.0,0.64,0.08,0.0,0.6,-2.4,0.0 (cmd -0.9),0.0 (cmd 0.1)
1.4269,-2.65,-0.84,0.0,0.55,0.09,0.0,0.6,-2.6,0.0 (cmd -0.8),0.0 (cmd 0.1)
1.4274,-3.36,-0.68,0.0,0.4,0.12,0.0,0.4,-3.4,0.0 (cmd -0.7),0.0 (cmd 0.1)
1.4279,-4.63,-0.51,0.0,0.19,0.15,0.0,0.2,-4.6,0.0 (cmd -0.5),0.0 (cmd 0.1)
1.4284000000000001,-7.08,-0.4,0.0,0.12,0.17,0.0,0.1,-7.1,0.0 (cmd -0.4),0.0 (cmd 0.2)
1.4288999999999998,-9.83,0.41,0.0,0.15,0.32,0.0,0.1,-9.8,0.0 (cmd 0.4),0.0 (cmd 0.3)
1.4294,-22.26,2.08,0.0,0.3,0.62,0.0,0.3,-22.3,0.0 (cmd 2.1),0.0 (cmd 0.6)
1.4299000000000002,-26.74,3.49,0.0,0.62,0.84,0.0,0.6,-26.7,0.0 (cmd 3.5),0.0 (cmd 0.8)
1.4304,-33.4,4.83,0.0,0.56,1.03,0.0,0.6,-33.4,0.0 (cmd 4.8),0.0 (cmd 1.0)
1.4309,-37.08,5.11,0.0,0.5,1.06,0.0,0.5,-37.1,0.0 (cmd 5.1),0.0 (cmd 1.1)
1.4313999999999998,-39.08,4.57,0.0,0.51,0.98,0.0,0.5,-39.1,0.0 (cmd 4.6),0.0 (cmd 1.0)
1.4319000000000002,-40.22,3.73,0.0,0.47,0.87,0.0,0.5,-40.2,0.0 (cmd 3.7),0.0 (cmd 0.9)
1.4324000000000001,-39.02,2.96,0.0,0.3,0.78,0.0,0.3,-39.0,0.0 (cmd 3.0),0.0 (cmd 0.8)
1.4328999999999998,-36.86,1.49,0.0,0.16,0.59,0.0,0.2,-36.9,0.0 (cmd 1.5),0.0 (cmd 0.6)
1.4334,-31.77,0.24,0.0,0.14,0.47,0.0,0.1,-31.8,0.0 (cmd 0.2),0.0 (cmd 0.5)
1.4339,-27.12,-0.86,0.0,-0.02,0.35,0.0,-0.0,-27.1,0.0 (cmd -0.9),0.0 (cmd 0.3)
1.4344000000000001,-21.56,-3.14,0.0,-0.36,0.18,0.0,-0.4,-21.6,0.0 (cmd -3.1),0.0 (cmd 0.2)
1.4349,-10.45,-4.22,0.0,-0.78,0.13,0.0,-0.8,-10.4,0.0 (cmd -4.2),0.0 (cmd 0.1)
1.4353999999999998,-3.51,-5.21,0.0,-1.85,0.07,0.0,-1.9,-3.5,0.0 (cmd -5.2),0.0 (cmd 0.1)
1.4359000000000002,-0.66,-5.54,0.0,-4.16,0.0,0.0,-4.2,-0.7,0.0 (cmd -5.5),0.0 (cmd 0.0)
1.4364,-1.28,-4.94,0.0,-7.89,-0.2,0.0,-7.9,-1.3,0.0 (cmd -4.9),0.0 (cmd -0.2)
1.4369,-3.25,-4.13,0.0,-16.69,-0.74,0.0,-16.7,-3.2,0.0 (cmd -4.1),0.0 (cmd -0.7)
1.4374,-3.87,-3.17,0.0,-26.48,-1.45,0.0,-26.5,-3.9,0.0 (cmd -3.2),0.0 (cmd -1.4)
1.4379,-4.18,-2.84,0.0,-34.88,-1.98,0.0,-34.9,-4.2,0.0 (cmd -2.8),0.0 (cmd -2.0)
1.4384000000000001,-4.65,-2.81,0.0,-40.7,-1.89,0.0,-40.7,-4.7,0.0 (cmd -2.8),0.0 (cmd -1.9)
1.4388999999999998,-4.65,-2.74,0.0,-48.17,-2.12,0.0,-48.2,-4.7,0.0 (cmd -2.7),0.0 (cmd -2.1)
1.4394,-4.37,-2.87,0.0,-52.58,-1.98,0.0,-52.6,-4.4,0.0 (cmd -2.9),0.0 (cmd -2.0)
1.4399000000000002,-3.4,-3.21,0.0,-54.78,-1.67,0.0,-54.8,-3.4,0.0 (cmd -3.2),0.0 (cmd -1.7)
1.4404,-3.32,-3.26,0.0,-54.71,-1.07,0.0,-54.7,-3.3,0.0 (cmd -3.3),0.0 (cmd -1.1)
1.4409,-3.36,-3.29,0.0,-52.73,-0.33,0.0,-52.7,-3.4,0.0 (cmd -3.3),0.0 (cmd -0.3)
1.4413999999999998,-4.46,-3.21,0.0,-49.43,0.48,0.0,-49.4,-4.5,0.0 (cmd -3.2),0.0 (cmd 0.5)
1.4419000000000002,-4.53,-2.77,0.0,-45.92,1.07,0.0,-45.9,-4.5,0.0 (cmd -2.8),0.0 (cmd 1.1)
1.4424000000000001,-4.39,-2.54,0.0,-39.36,1.33,0.0,-39.4,-4.4,0.0 (cmd -2.5),0.0 (cmd 1.3)
1.4428999999999998,-4.39,-2.28,0.0,-34.07,1.5,0.0,-34.1,-4.4,0.0 (cmd -2.3),0.0 (cmd 1.5)
1.4434,-4.32,-1.65,0.0,-24.99,1.69,0.0,-25.0,-4.3,0.0 (cmd -1.6),0.0 (cmd 1.7)
1.4439,-4.15,-0.97,0.0,-21.85,1.71,0.0,-21.9,-4.2,0.0 (cmd -1.0),0.0 (cmd 1.7)
1.4444000000000001,-3.07,-0.68,0.0,-11.21,1.63,0.0,-11.2,-3.1,0.0 (cmd -0.7),0.0 (cmd 1.6)
1.4449,-2.94,-0.18,0.0,-4.7,1.47,0.0,-4.7,-2.9,0.0 (cmd -0.2),0.0 (cmd 1.5)
1.4453999999999998,-3.4,0.39,0.0,-4.7,1.39,0.0,-4.7,-3.4,0.0 (cmd 0.4),0.0 (cmd 1.4)
1.4459000000000002,-4.9,0.24,0.0,-2.94,1.27,0.0,-2.9,-4.9,0.0 (cmd 0.2),0.0 (cmd 1.3)
1.4464,-16.0,0.48,0.0,-2.6,1.21,0.0,-2.6,-16.0,0.0 (cmd 0.5),0.0 (cmd 1.2)
1.4469,-33.49,8.25,0.0,-2.15,2.06,0.0,-2.1,-33.5,0.0 (cmd 8.2),0.0 (cmd 2.1)
1.4474,-38.35,8.23,0.0,-1.26,1.86,0.0,-1.3,-38.4,0.0 (cmd 8.2),0.0 (cmd 1.9)
1.4479,-44.48,7.98,0.0,-0.59,1.7,0.0,-0.6,-44.5,0.0 (cmd 8.0),0.0 (cmd 1.7)
1.4484000000000001,-45.86,6.96,0.0,-0.24,1.53,0.0,-0.2,-45.9,0.0 (cmd 7.0),0.0 (cmd 1.5)
1.4488999999999999,-45.23,5.28,0.0,-0.25,1.26,0.0,-0.2,-45.2,0.0 (cmd 5.3),0.0 (cmd 1.3)
1.4494,-42.26,3.53,0.0,0.0,0.98,0.0,0.0,-42.3,0.0 (cmd 3.5),0.0 (cmd 1.0)
1.4499000000000002,-37.98,1.28,0.0,0.25,0.68,0.0,0.2,-38.0,0.0 (cmd 1.3),0.0 (cmd 0.7)
1.4504,-32.5,-0.46,0.0,0.52,0.5,0.0,0.5,-32.5,0.0 (cmd -0.5),0.0 (cmd 0.5)
1.4509,-25.69,-2.17,0.0,0.58,0.34,0.0,0.6,-25.7,0.0 (cmd -2.2),0.0 (cmd 0.3)
1.4513999999999998,-19.63,-3.73,0.0,0.92,0.22,0.0,0.9,-19.6,0.0 (cmd -3.7),0.0 (cmd 0.2)
1.4519000000000002,-15.09,-3.78,0.0,0.84,0.2,0.0,0.8,-15.1,0.0 (cmd -3.8),0.0 (cmd 0.2)
1.4524000000000001,-11.43,-4.82,0.0,-0.26,0.13,0.0,-0.3,-11.4,0.0 (cmd -4.8),0.0 (cmd 0.1)
1.4528999999999999,-6.78,-4.68,0.0,-2.96,0.03,0.0,-3.0,-6.8,0.0 (cmd -4.7),0.0 (cmd 0.0)
1.4534,-7.52,-4.48,0.0,-5.26,-0.11,0.0,-5.3,-7.5,0.0 (cmd -4.5),0.0 (cmd -0.1)
1.4539,-7.37,-3.6,0.0,-7.18,-0.25,0.0,-7.2,-7.4,0.0 (cmd -3.6),0.0 (cmd -0.2)
1.4544000000000001,-7.9,-3.11,0.0,-10.78,-0.46,0.0,-10.8,-7.9,0.0 (cmd -3.1),0.0 (cmd -0.5)
1.4549,-8.63,-2.55,0.0,-13.62,-0.34,0.0,-13.6,-8.6,0.0 (cmd -2.5),0.0 (cmd -0.3)
1.4553999999999998,-8.83,-2.34,0.0,-28.9,-0.36,0.0,-28.9,-8.8,0.0 (cmd -2.3),0.0 (cmd -0.4)
1.4559000000000002,-8.98,-2.25,0.0,-38.9,-2.18,0.0,-38.9,-9.0,0.0 (cmd -2.2),0.0 (cmd -2.2)
1.4564,-8.97,-2.41,0.0,-42.31,-1.84,0.0,-42.3,-9.0,0.0 (cmd -2.4),0.0 (cmd -1.8)
1.4569,-8.94,-2.53,0.0,-43.36,-1.35,0.0,-43.4,-8.9,0.0 (cmd -2.5),0.0 (cmd -1.4)
1.4574,-8.93,-2.63,0.0,-43.12,-0.72,0.0,-43.1,-8.9,0.0 (cmd -2.6),0.0 (cmd -0.7)
1.4579,-8.83,-2.7,0.0,-40.83,0.04,0.0,-40.8,-8.8,0.0 (cmd -2.7),0.0 (cmd 0.0)
1.4584000000000001,-8.6,-2.62,0.0,-36.88,0.65,0.0,-36.9,-8.6,0.0 (cmd -2.6),0.0 (cmd 0.7)
1.4588999999999999,-8.37,-2.41,0.0,-31.18,0.99,0.0,-31.2,-8.4,0.0 (cmd -2.4),0.0 (cmd 1.0)
1.4594,-7.67,-1.97,0.0,-23.61,1.22,0.0,-23.6,-7.7,0.0 (cmd -2.0),0.0 (cmd 1.2)
1.4599000000000002,-7.23,-1.42,0.0,-20.14,1.36,0.0,-20.1,-7.2,0.0 (cmd -1.4),0.0 (cmd 1.4)
1.4604,-7.02,-1.0,0.0,-7.39,1.34,0.0,-7.4,-7.0,0.0 (cmd -1.0),0.0 (cmd 1.3)
1.4609,-5.76,-0.05,0.0,-3.34,1.29,0.0,-3.3,-5.8,0.0 (cmd -0.1),0.0 (cmd 1.3)
1.4613999999999998,-5.95,-0.2,0.0,-2.05,1.15,0.0,-2.0,-6.0,0.0 (cmd -0.2),0.0 (cmd 1.1)
1.4619000000000002,-7.09,-0.32,0.0,-2.33,1.03,0.0,-2.3,-7.1,0.0 (cmd -0.3),0.0 (cmd 1.0)
1.4624000000000001,-9.48,-0.01,0.0,-1.72,0.98,0.0,-1.7,-9.5,0.0 (cmd -0.0),0.0 (cmd 1.0)
1.4628999999999999,-12.04,0.89,0.0,-0.86,1.0,0.0,-0.9,-12.0,0.0 (cmd 0.9),0.0 (cmd 1.0)
1.4634,-14.83,0.98,0.0,-0.25,0.91,0.0,-0.2,-14.8,0.0 (cmd 1.0),0.0 (cmd 0.9)
1.4638999999999998,-19.08,1.41,0.0,0.1,0.87,0.0,0.1,-19.1,0.0 (cmd 1.4),0.0 (cmd 0.9)
1.4644000000000001,-19.91,2.1,0.0,0.5,0.87,0.0,0.5,-19.9,0.0 (cmd 2.1),0.0 (cmd 0.9)
1.4649,-20.01,1.64,0.0,0.5,0.74,0.0,0.5,-20.0,0.0 (cmd 1.6),0.0 (cmd 0.7)
1.4653999999999998,-19.48,1.06,0.0,0.84,0.61,0.0,0.8,-19.5,0.0 (cmd 1.1),0.0 (cmd 0.6)
1.4659,-19.31,0.56,0.0,1.31,0.52,0.0,1.3,-19.3,0.0 (cmd 0.6),0.0 (cmd 0.5)
1.4664,-19.23,0.28,0.0,1.56,0.48,0.0,1.6,-19.2,0.0 (cmd 0.3),0.0 (cmd 0.5)
1.4669,-19.17,0.04,0.0,1.64,0.42,0.0,1.6,-19.2,0.0 (cmd 0.0),0.0 (cmd 0.4)
1.4674,-19.22,-0.11,0.0,1.69,0.38,0.0,1.7,-19.2,0.0 (cmd -0.1),0.0 (cmd 0.4)
1.4678999999999998,-19.41,-0.19,0.0,1.92,0.36,0.0,1.9,-19.4,0.0 (cmd -0.2),0.0 (cmd 0.4)
1.4684000000000001,-19.28,-0.26,0.0,2.26,0.35,0.0,2.3,-19.3,0.0 (cmd -0.3),0.0 (cmd 0.3)
1.4688999999999999,-19.45,-0.34,0.0,2.57,0.34,0.0,2.6,-19.4,0.0 (cmd -0.3),0.0 (cmd 0.3)
1.4694,-19.61,-0.34,0.0,2.75,0.34,0.0,2.8,-19.6,0.0 (cmd -0.3),0.0 (cmd 0.3)
1.4699,-19.61,-0.37,0.0,2.84,0.33,0.0,2.8,-19.6,0.0 (cmd -0.4),0.0 (cmd 0.3)
1.4704,-19.54,-0.43,0.0,3.0,0.32,0.0,3.0,-19.5,0.0 (cmd -0.4),0.0 (cmd 0.3)
1.4709,-19.46,-0.49,0.0,3.23,0.32,0.0,3.2,-19.5,0.0 (cmd -0.5),0.0 (cmd 0.3)
1.4713999999999998,-19.43,-0.52,0.0,3.34,0.32,0.0,3.3,-19.4,0.0 (cmd -0.5),0.0 (cmd 0.3)
1.4719,-19.46,-0.54,0.0,3.34,0.32,0.0,3.3,-19.5,0.0 (cmd -0.5),0.0 (cmd 0.3)
1.4724000000000002,-19.6,-0.54,0.0,3.24,0.31,0.0,3.2,-19.6,0.0 (cmd -0.5),0.0 (cmd 0.3)
1.4728999999999999,-19.97,-0.48,0.0,3.11,0.31,0.0,3.1,-20.0,0.0 (cmd -0.5),0.0 (cmd 0.3)
1.4734,-20.3,-0.44,0.0,3.05,0.31,0.0,3.0,-20.3,0.0 (cmd -0.4),0.0 (cmd 0.3)
1.4738999999999998,-20.59,-0.39,0.0,3.07,0.31,0.0,3.1,-20.6,0.0 (cmd -0.4),0.0 (cmd 0.3)
1.4744000000000002,-20.79,-0.37,0.0,3.09,0.32,0.0,3.1,-20.8,0.0 (cmd -0.4),0.0 (cmd 0.3)
1.4749,-20.84,-0.38,0.0,3.08,0.32,0.0,3.1,-20.8,0.0 (cmd -0.4),0.0 (cmd 0.3)
1.4753999999999998,-20.82,-0.42,0.0,3.11,0.31,0.0,3.1,-20.8,0.0 (cmd -0.4),0.0 (cmd 0.3)
1.4759,-20.69,-0.47,0.0,3.19,0.31,0.0,3.2,-20.7,0.0 (cmd -0.5),0.0 (cmd 0.3)
1.4764,-20.5,-0.53,0.0,3.28,0.31,0.0,3.3,-20.5,0.0 (cmd -0.5),0.0 (cmd 0.3)
1.4769,-20.4,-0.6,0.0,3.38,0.31,0.0,3.4,-20.4,0.0 (cmd -0.6),0.0 (cmd 0.3)
1.4774,-20.32,-0.62,0.0,3.45,0.31,0.0,3.5,-20.3,0.0 (cmd -0.6),0.0 (cmd 0.3)
1.4778999999999998,-20.32,-0.62,0.0,3.46,0.31,0.0,3.5,-20.3,0.0 (cmd -0.6),0.0 (cmd 0.3)
1.4784000000000002,-20.39,-0.61,0.0,3.43,0.31,0.0,3.4,-20.4,0.0 (cmd -0.6),0.0 (cmd 0.3)
1.4788999999999999,-20.45,-0.59,0.0,3.37,0.31,0.0,3.4,-20.4,0.0 (cmd -0.6),0.0 (cmd 0.3)
1.4794,-20.51,-0.58,0.0,3.38,0.31,0.0,3.4,-20.5,0.0 (cmd -0.6),0.0 (cmd 0.3)
1.4799,-20.53,-0.57,0.0,3.39,0.31,0.0,3.4,-20.5,0.0 (cmd -0.6),0.0 (cmd 0.3)
1.4804,-20.47,-0.58,0.0,3.36,0.31,0.0,3.4,-20.5,0.0 (cmd -0.6),0.0 (cmd 0.3)
1.4809,-20.41,-0.6,0.0,3.34,0.3,0.0,3.3,-20.4,0.0 (cmd -0.6),0.0 (cmd 0.3)
1.4813999999999998,-20.31,-0.62,0.0,3.29,0.3,0.0,3.3,-20.3,0.0 (cmd -0.6),0.0 (cmd 0.3)
1.4819,-20.24,-0.64,0.0,3.22,0.29,0.0,3.2,-20.2,0.0 (cmd -0.6),0.0 (cmd 0.3)
1.4824000000000002,-20.31,-0.64,0.0,3.05,0.29,0.0,3.0,-20.3,0.0 (cmd -0.6),0.0 (cmd 0.3)
1.4828999999999999,-21.93,-0.59,0.0,2.98,0.29,0.0,3.0,-21.9,0.0 (cmd -0.6),0.0 (cmd 0.3)
1.4834,-25.26,0.23,0.0,2.8,0.38,0.0,2.8,-25.3,0.0 (cmd 0.2),0.0 (cmd 0.4)
1.4838999999999998,-27.01,0.71,0.0,2.74,0.44,0.0,2.7,-27.0,0.0 (cmd 0.7),0.0 (cmd 0.4)
1.4844000000000002,-27.49,0.72,0.0,2.69,0.46,0.0,2.7,-27.5,0.0 (cmd 0.7),0.0 (cmd 0.5)
1.4849,-27.12,0.44,0.0,2.63,0.44,0.0,2.6,-27.1,0.0 (cmd 0.4),0.0 (cmd 0.4)
1.4853999999999998,-25.97,0.0,0.0,2.7,0.4,0.0,2.7,-26.0,0.0 (cmd 0.0),0.0 (cmd 0.4)
1.4859,-23.81,-0.42,0.0,2.77,0.36,0.0,2.8,-23.8,0.0 (cmd -0.4),0.0 (cmd 0.4)
1.4864,-21.73,-1.09,0.0,2.68,0.3,0.0,2.7,-21.7,0.0 (cmd -1.1),0.0 (cmd 0.3)
1.4869,-19.31,-1.55,0.0,2.2,0.26,0.0,2.2,-19.3,0.0 (cmd -1.6),0.0 (cmd 0.3)
1.4874,-11.19,-3.31,0.0,1.47,0.14,0.0,1.5,-11.2,0.0 (cmd -3.3),0.0 (cmd 0.1)
1.4878999999999998,-8.59,-3.56,0.0,0.03,0.07,0.0,0.0,-8.6,0.0 (cmd -3.6),0.0 (cmd 0.1)
1.4884000000000002,-7.33,-3.61,0.0,-1.96,-0.02,0.0,-2.0,-7.3,0.0 (cmd -3.6),0.0 (cmd -0.0)
1.4889,-6.76,-3.24,0.0,-4.87,-0.19,0.0,-4.9,-6.8,0.0 (cmd -3.2),0.0 (cmd -0.2)
1.4894,-5.84,-2.86,0.0,-7.09,-0.4,0.0,-7.1,-5.8,0.0 (cmd -2.9),0.0 (cmd -0.4)
1.4899,-4.96,-2.81,0.0,-15.26,-0.39,0.0,-15.3,-5.0,0.0 (cmd -2.8),0.0 (cmd -0.4)
1.4904,-4.66,-2.82,0.0,-22.68,-1.3,0.0,-22.7,-4.7,0.0 (cmd -2.8),0.0 (cmd -1.3)
1.4909000000000001,-4.57,-2.73,0.0,-26.74,-1.21,0.0,-26.7,-4.6,0.0 (cmd -2.7),0.0 (cmd -1.2)
1.4913999999999998,-4.38,-2.64,0.0,-34.86,-1.71,0.0,-34.9,-4.4,0.0 (cmd -2.6),0.0 (cmd -1.7)
1.4919,-4.16,-2.73,0.0,-39.63,-1.65,0.0,-39.6,-4.2,0.0 (cmd -2.7),0.0 (cmd -1.6)
1.4924000000000002,-4.03,-2.82,0.0,-42.73,-1.43,0.0,-42.7,-4.0,0.0 (cmd -2.8),0.0 (cmd -1.4)
1.4929,-4.13,-2.84,0.0,-43.87,-0.95,0.0,-43.9,-4.1,0.0 (cmd -2.8),0.0 (cmd -0.9)
1.4934,-4.26,-2.87,0.0,-43.02,-0.4,0.0,-43.0,-4.3,0.0 (cmd -2.9),0.0 (cmd -0.4)
1.4938999999999998,-4.7,-2.85,0.0,-40.43,0.27,0.0,-40.4,-4.7,0.0 (cmd -2.9),0.0 (cmd 0.3)
1.4944000000000002,-5.03,-2.56,0.0,-36.42,0.86,0.0,-36.4,-5.0,0.0 (cmd -2.6),0.0 (cmd 0.9)
1.4949000000000001,-5.14,-2.23,0.0,-31.92,1.17,0.0,-31.9,-5.1,0.0 (cmd -2.2),0.0 (cmd 1.2)
1.4953999999999998,-5.12,-1.77,0.0,-23.35,1.39,0.0,-23.4,-5.1,0.0 (cmd -1.8),0.0 (cmd 1.4)
1.4959,-4.76,-1.34,0.0,-17.11,1.45,0.0,-17.1,-4.8,0.0 (cmd -1.3),0.0 (cmd 1.4)
1.4964,-3.2,-0.97,0.0,-9.24,1.4,0.0,-9.2,-3.2,0.0 (cmd -1.0),0.0 (cmd 1.4)
1.4969000000000001,-3.15,-0.4,0.0,-6.5,1.32,0.0,-6.5,-3.1,0.0 (cmd -0.4),0.0 (cmd 1.3)
1.4974,-3.52,-0.29,0.0,-3.83,1.22,0.0,-3.8,-3.5,0.0 (cmd -0.3),0.0 (cmd 1.2)
1.4978999999999998,-4.42,-0.21,0.0,-2.17,1.13,0.0,-2.2,-4.4,0.0 (cmd -0.2),0.0 (cmd 1.1)
1.4984000000000002,-7.64,0.9,0.0,-0.54,1.2,0.0,-0.5,-7.6,0.0 (cmd 0.9),0.0 (cmd 1.2)
1.4989,-12.13,1.53,0.0,1.83,1.18,0.0,1.8,-12.1,0.0 (cmd 1.5),0.0 (cmd 1.2)
1.4994,-14.27,2.24,0.0,2.13,1.16,0.0,2.1,-14.3,0.0 (cmd 2.2),0.0 (cmd 1.2)
1.4999,-14.91,1.94,0.0,1.87,0.98,0.0,1.9,-14.9,0.0 (cmd 1.9),0.0 (cmd 1.0)
1.5004,-14.5,1.36,0.0,1.66,0.78,0.0,1.7,-14.5,0.0 (cmd 1.4),0.0 (cmd 0.8)
1.5009000000000001,-13.18,0.63,0.0,1.56,0.6,0.0,1.6,-13.2,0.0 (cmd 0.6),0.0 (cmd 0.6)
1.5013999999999998,-12.41,-0.05,0.0,1.75,0.45,0.0,1.8,-12.4,0.0 (cmd -0.1),0.0 (cmd 0.5)
1.5019,-10.72,-0.47,0.0,2.17,0.36,0.0,2.2,-10.7,0.0 (cmd -0.5),0.0 (cmd 0.4)
1.5024000000000002,-9.83,-0.97,0.0,2.34,0.27,0.0,2.3,-9.8,0.0 (cmd -1.0),0.0 (cmd 0.3)
1.5029,-8.49,-1.27,0.0,2.51,0.2,0.0,2.5,-8.5,0.0 (cmd -1.3),0.0 (cmd 0.2)
1.5034,-7.84,-1.21,0.0,2.57,0.18,0.0,2.6,-7.8,0.0 (cmd -1.2),0.0 (cmd 0.2)
1.5038999999999998,-7.36,-1.25,0.0,2.48,0.15,0.0,2.5,-7.4,0.0 (cmd -1.2),0.0 (cmd 0.1)
1.5044000000000002,-6.25,-1.46,0.0,2.31,0.09,0.0,2.3,-6.2,0.0 (cmd -1.5),0.0 (cmd 0.1)
1.5049000000000001,-5.44,-1.54,0.0,2.23,0.05,0.0,2.2,-5.4,0.0 (cmd -1.5),0.0 (cmd 0.1)
1.5053999999999998,-5.13,-1.48,0.0,1.97,0.04,0.0,2.0,-5.1,0.0 (cmd -1.5),0.0 (cmd 0.0)
1.5059,-5.1,-1.37,0.0,1.59,0.04,0.0,1.6,-5.1,0.0 (cmd -1.4),0.0 (cmd 0.0)
1.5064,-5.0,-1.27,0.0,1.14,0.02,0.0,1.1,-5.0,0.0 (cmd -1.3),0.0 (cmd 0.0)
1.5069000000000001,-4.96,-1.19,0.0,0.85,0.02,0.0,0.8,-5.0,0.0 (cmd -1.2),0.0 (cmd 0.0)
1.5074,-4.44,-1.12,0.0,0.65,0.03,0.0,0.7,-4.4,0.0 (cmd -1.1),0.0 (cmd 0.0)
1.5078999999999998,-4.35,-1.19,0.0,0.51,0.02,0.0,0.5,-4.3,0.0 (cmd -1.2),0.0 (cmd 0.0)
1.5084000000000002,-4.24,-1.14,0.0,0.17,0.02,0.0,0.2,-4.2,0.0 (cmd -1.1),0.0 (cmd 0.0)
1.5089,-4.22,-1.1,0.0,-0.05,0.02,0.0,-0.1,-4.2,0.0 (cmd -1.1),0.0 (cmd 0.0)
1.5094,-4.26,-1.06,0.0,-0.1,0.04,0.0,-0.1,-4.3,0.0 (cmd -1.1),0.0 (cmd 0.0)
1.5099,-4.66,-0.95,0.0,-0.01,0.07,0.0,-0.0,-4.7,0.0 (cmd -0.9),0.0 (cmd 0.1)
1.5104,-4.76,-0.82,0.0,0.01,0.11,0.0,0.0,-4.8,0.0 (cmd -0.8),0.0 (cmd 0.1)
1.5109000000000001,-4.74,-0.81,0.0,-0.05,0.11,0.0,-0.1,-4.7,0.0 (cmd -0.8),0.0 (cmd 0.1)
1.5113999999999999,-4.73,-0.82,0.0,-0.13,0.11,0.0,-0.1,-4.7,0.0 (cmd -0.8),0.0 (cmd 0.1)
1.5119,-4.82,-0.8,0.0,-0.13,0.12,0.0,-0.1,-4.8,0.0 (cmd -0.8),0.0 (cmd 0.1)
1.5124000000000002,-4.82,-0.79,0.0,-0.13,0.13,0.0,-0.1,-4.8,0.0 (cmd -0.8),0.0 (cmd 0.1)
1.5129,-4.76,-0.79,0.0,-0.13,0.13,0.0,-0.1,-4.8,0.0 (cmd -0.8),0.0 (cmd 0.1)
1.5134,-4.72,-0.82,0.0,-0.12,0.13,0.0,-0.1,-4.7,0.0 (cmd -0.8),0.0 (cmd 0.1)
1.5138999999999998,-4.7,-0.82,0.0,-0.11,0.13,0.0,-0.1,-4.7,0.0 (cmd -0.8),0.0 (cmd 0.1)
1.5144000000000002,-4.7,-0.82,0.0,-0.11,0.13,0.0,-0.1,-4.7,0.0 (cmd -0.8),0.0 (cmd 0.1)
1.5149000000000001,-4.74,-0.81,0.0,-0.13,0.13,0.0,-0.1,-4.7,0.0 (cmd -0.8),0.0 (cmd 0.1)
1.5153999999999999,-4.74,-0.8,0.0,-0.18,0.13,0.0,-0.2,-4.7,0.0 (cmd -0.8),0.0 (cmd 0.1)
1.5159,-4.65,-0.82,0.0,-0.19,0.13,0.0,-0.2,-4.7,0.0 (cmd -0.8),0.0 (cmd 0.1)
1.5164,-4.62,-0.83,0.0,-0.19,0.13,0.0,-0.2,-4.6,0.0 (cmd -0.8),0.0 (cmd 0.1)
1.5169000000000001,-4.64,-0.83,0.0,-0.18,0.13,0.0,-0.2,-4.6,0.0 (cmd -0.8),0.0 (cmd 0.1)
1.5174,-4.64,-0.82,0.0,-0.18,0.13,0.0,-0.2,-4.6,0.0 (cmd -0.8),0.0 (cmd 0.1)
1.5178999999999998,-4.63,-0.82,0.0,-0.2,0.14,0.0,-0.2,-4.6,0.0 (cmd -0.8),0.0 (cmd 0.1)
1.5184000000000002,-4.61,-0.82,0.0,-0.22,0.14,0.0,-0.2,-4.6,0.0 (cmd -0.8),0.0 (cmd 0.1)
1.5189,-4.6,-0.82,0.0,-0.23,0.13,0.0,-0.2,-4.6,0.0 (cmd -0.8),0.0 (cmd 0.1)
1.5194,-4.49,-0.82,0.0,-0.26,0.13,0.0,-0.3,-4.5,0.0 (cmd -0.8),0.0 (cmd 0.1)
1.5199,-4.33,-0.88,0.0,-0.29,0.12,0.0,-0.3,-4.3,0.0 (cmd -0.9),0.0 (cmd 0.1)
1.5204,-4.31,-0.88,0.0,-0.3,0.12,0.0,-0.3,-4.3,0.0 (cmd -0.9),0.0 (cmd 0.1)
1.5209000000000001,-4.37,-0.87,0.0,-0.33,0.13,0.0,-0.3,-4.4,0.0 (cmd -0.9),0.0 (cmd 0.1)
1.5213999999999999,-4.43,-0.84,0.0,-0.35,0.13,0.0,-0.3,-4.4,0.0 (cmd -0.8),0.0 (cmd 0.1)
1.5219,-4.44,-0.82,0.0,-0.38,0.13,0.0,-0.4,-4.4,0.0 (cmd -0.8),0.0 (cmd 0.1)
1.5224000000000002,-4.44,-0.82,0.0,-0.39,0.14,0.0,-0.4,-4.4,0.0 (cmd -0.8),0.0 (cmd 0.1)
1.5229,-4.46,-0.82,0.0,-0.38,0.14,0.0,-0.4,-4.5,0.0 (cmd -0.8),0.0 (cmd 0.1)
1.5234,-4.48,-0.81,0.0,-0.36,0.14,0.0,-0.4,-4.5,0.0 (cmd -0.8),0.0 (cmd 0.1)
1.5238999999999998,-4.52,-0.8,0.0,-0.35,0.14,0.0,-0.3,-4.5,0.0 (cmd -0.8),0.0 (cmd 0.1)
1.5244000000000002,-4.52,-0.8,0.0,-0.31,0.14,0.0,-0.3,-4.5,0.0 (cmd -0.8),0.0 (cmd 0.1)
1.5249000000000001,-4.51,-0.8,0.0,-0.29,0.15,0.0,-0.3,-4.5,0.0 (cmd -0.8),0.0 (cmd 0.1)
1.5253999999999999,-4.46,-0.8,0.0,-0.25,0.15,0.0,-0.2,-4.5,0.0 (cmd -0.8),0.0 (cmd 0.1)
1.5259,-4.48,-0.81,0.0,-0.21,0.14,0.0,-0.2,-4.5,0.0 (cmd -0.8),0.0 (cmd 0.1)
1.5263999999999998,-4.52,-0.8,0.0,-0.16,0.15,0.0,-0.2,-4.5,0.0 (cmd -0.8),0.0 (cmd 0.1)
1.5269000000000001,-4.94,-0.78,0.0,-0.08,0.15,0.0,-0.1,-4.9,0.0 (cmd -0.8),0.0 (cmd 0.1)
1.5274,-5.56,-0.57,0.0,-0.1,0.19,0.0,-0.1,-5.6,0.0 (cmd -0.6),0.0 (cmd 0.2)
1.5278999999999998,-6.12,-0.56,0.0,-0.21,0.18,0.0,-0.2,-6.1,0.0 (cmd -0.6),0.0 (cmd 0.2)
1.5284,-6.77,-0.48,0.0,-0.54,0.19,0.0,-0.5,-6.8,0.0 (cmd -0.5),0.0 (cmd 0.2)
1.5289,-8.01,-0.3,0.0,-1.03,0.21,0.0,-1.0,-8.0,0.0 (cmd -0.3),0.0 (cmd 0.2)
1.5294,-9.55,0.22,0.0,-1.32,0.29,0.0,-1.3,-9.6,0.0 (cmd 0.2),0.0 (cmd 0.3)
1.5299,-9.64,-0.05,0.0,-2.83,0.2,0.0,-2.8,-9.6,0.0 (cmd -0.1),0.0 (cmd 0.2)
1.5303999999999998,-9.46,-0.28,0.0,-5.11,0.16,0.0,-5.1,-9.5,0.0 (cmd -0.3),0.0 (cmd 0.2)
1.5309000000000001,-9.1,-0.57,0.0,-7.84,0.06,0.0,-7.8,-9.1,0.0 (cmd -0.6),0.0 (cmd 0.1)
1.5313999999999999,-6.91,-1.2,0.0,-11.25,-0.13,0.0,-11.2,-6.9,0.0 (cmd -1.2),0.0 (cmd -0.1)
1.5319,-5.26,-1.83,0.0,-14.89,-0.29,0.0,-14.9,-5.3,0.0 (cmd -1.8),0.0 (cmd -0.3)
1.5324,-4.95,-2.11,0.0,-17.99,-0.38,0.0,-18.0,-5.0,0.0 (cmd -2.1),0.0 (cmd -0.4)
1.5329,-3.75,-2.41,0.0,-19.71,-0.34,0.0,-19.7,-3.8,0.0 (cmd -2.4),0.0 (cmd -0.3)
1.5334,-2.24,-2.55,0.0,-20.5,-0.24,0.0,-20.5,-2.2,0.0 (cmd -2.5),0.0 (cmd -0.2)
1.5338999999999998,-2.29,-2.63,0.0,-19.41,0.04,0.0,-19.4,-2.3,0.0 (cmd -2.6),0.0 (cmd 0.0)
1.5344,-2.7,-2.32,0.0,-17.72,0.31,0.0,-17.7,-2.7,0.0 (cmd -2.3),0.0 (cmd 0.3)
1.5349000000000002,-2.8,-2.03,0.0,-16.1,0.5,0.0,-16.1,-2.8,0.0 (cmd -2.0),0.0 (cmd 0.5)
1.5353999999999999,-2.81,-1.8,0.0,-14.41,0.62,0.0,-14.4,-2.8,0.0 (cmd -1.8),0.0 (cmd 0.6)
1.5359,-2.54,-1.72,0.0,-13.55,0.64,0.0,-13.6,-2.5,0.0 (cmd -1.7),0.0 (cmd 0.6)
1.5363999999999998,-2.08,-1.69,0.0,-13.44,0.65,0.0,-13.4,-2.1,0.0 (cmd -1.7),0.0 (cmd 0.7)
1.5369000000000002,-1.82,-1.72,0.0,-13.16,0.62,0.0,-13.2,-1.8,0.0 (cmd -1.7),0.0 (cmd 0.6)
1.5374,-0.96,-1.71,0.0,-12.74,0.61,0.0,-12.7,-1.0,0.0 (cmd -1.7),0.0 (cmd 0.6)
1.5378999999999998,-0.82,-1.88,0.0,-12.33,0.57,0.0,-12.3,-0.8,0.0 (cmd -1.9),0.0 (cmd 0.6)
1.5384,-0.67,-1.81,0.0,-11.77,0.57,0.0,-11.8,-0.7,0.0 (cmd -1.8),0.0 (cmd 0.6)
1.5389,-0.56,-1.69,0.0,-10.94,0.6,0.0,-10.9,-0.6,0.0 (cmd -1.7),0.0 (cmd 0.6)
1.5394,-0.46,-1.6,0.0,-10.23,0.61,0.0,-10.2,-0.5,0.0 (cmd -1.6),0.0 (cmd 0.6)
1.5399,-0.34,-1.54,0.0,-9.8,0.61,0.0,-9.8,-0.3,0.0 (cmd -1.5),0.0 (cmd 0.6)
1.5403999999999998,-0.24,-1.5,0.0,-9.19,0.59,0.0,-9.2,-0.2,0.0 (cmd -1.5),0.0 (cmd 0.6)
1.5409000000000002,-0.24,-1.47,0.0,-8.8,0.56,0.0,-8.8,-0.2,0.0 (cmd -1.5),0.0 (cmd 0.6)
1.5413999999999999,-0.51,-1.38,0.0,-8.56,0.56,0.0,-8.6,-0.5,0.0 (cmd -1.4),0.0 (cmd 0.6)
1.5419,-0.36,-1.32,0.0,-8.32,0.54,0.0,-8.3,-0.4,0.0 (cmd -1.3),0.0 (cmd 0.5)
1.5424,-0.36,-1.33,0.0,-8.25,0.52,0.0,-8.2,-0.4,0.0 (cmd -1.3),0.0 (cmd 0.5)
1.5429,-0.52,-1.3,0.0,-8.07,0.5,0.0,-8.1,-0.5,0.0 (cmd -1.3),0.0 (cmd 0.5)
1.5434,-0.66,-1.24,0.0,-8.02,0.49,0.0,-8.0,-0.7,0.0 (cmd -1.2),0.0 (cmd 0.5)
1.5438999999999998,-0.71,-1.22,0.0,-8.02,0.48,0.0,-8.0,-0.7,0.0 (cmd -1.2),0.0 (cmd 0.5)
1.5444,-0.64,-1.23,0.0,-8.0,0.46,0.0,-8.0,-0.6,0.0 (cmd -1.2),0.0 (cmd 0.5)
1.5449000000000002,-0.53,-1.26,0.0,-8.07,0.44,0.0,-8.1,-0.5,0.0 (cmd -1.3),0.0 (cmd 0.4)
1.5453999999999999,-0.41,-1.33,0.0,-8.25,0.41,0.0,-8.2,-0.4,0.0 (cmd -1.3),0.0 (cmd 0.4)
1.5459,-0.38,-1.34,0.0,-8.55,0.4,0.0,-8.6,-0.4,0.0 (cmd -1.3),0.0 (cmd 0.4)
1.5463999999999998,-0.43,-1.36,0.0,-8.71,0.39,0.0,-8.7,-0.4,0.0 (cmd -1.4),0.0 (cmd 0.4)
1.5469000000000002,-0.46,-1.34,0.0,-8.9,0.4,0.0,-8.9,-0.5,0.0 (cmd -1.3),0.0 (cmd 0.4)
1.5474,-0.42,-1.36,0.0,-9.04,0.39,0.0,-9.0,-0.4,0.0 (cmd -1.4),0.0 (cmd 0.4)
1.5478999999999998,-0.41,-1.38,0.0,-9.26,0.39,0.0,-9.3,-0.4,0.0 (cmd -1.4),0.0 (cmd 0.4)
1.5484,-0.22,-1.4,0.0,-9.45,0.39,0.0,-9.4,-0.2,0.0 (cmd -1.4),0.0 (cmd 0.4)
1.5489,-0.11,-1.44,0.0,-9.64,0.39,0.0,-9.6,-0.1,0.0 (cmd -1.4),0.0 (cmd 0.4)
1.5494,-0.01,-1.48,0.0,-9.84,0.39,0.0,-9.8,-0.0,0.0 (cmd -1.5),0.0 (cmd 0.4)
1.5499,0.24,-1.51,0.0,-10.03,0.39,0.0,-10.0,0.2,0.0 (cmd -1.5),0.0 (cmd 0.4)
1.5503999999999998,0.7,-1.56,0.0,-10.17,0.39,0.0,-10.2,0.7,0.0 (cmd -1.6),0.0 (cmd 0.4)
1.5509000000000002,0.99,-1.67,0.0,-10.24,0.38,0.0,-10.2,1.0,0.0 (cmd -1.7),0.0 (cmd 0.4)
1.5514,1.04,-1.67,0.0,-10.26,0.39,0.0,-10.3,1.0,0.0 (cmd -1.7),0.0 (cmd 0.4)
1.5519,1.14,-1.65,0.0,-10.26,0.41,0.0,-10.3,1.1,0.0 (cmd -1.6),0.0 (cmd 0.4)
1.5524,1.13,-1.62,0.0,-10.24,0.43,0.0,-10.2,1.1,0.0 (cmd -1.6),0.0 (cmd 0.4)
1.5529,1.11,-1.58,0.0,-10.26,0.44,0.0,-10.3,1.1,0.0 (cmd -1.6),0.0 (cmd 0.4)
1.5534000000000001,1.1,-1.55,0.0,-10.32,0.45,0.0,-10.3,1.1,0.0 (cmd -1.6),0.0 (cmd 0.5)
1.5538999999999998,1.08,-1.53,0.0,-10.39,0.46,0.0,-10.4,1.1,0.0 (cmd -1.5),0.0 (cmd 0.5)
1.5544,1.06,-1.53,0.0,-10.49,0.47,0.0,-10.5,1.1,0.0 (cmd -1.5),0.0 (cmd 0.5)
1.5549000000000002,1.01,-1.51,0.0,-10.58,0.47,0.0,-10.6,1.0,0.0 (cmd -1.5),0.0 (cmd 0.5)
1.5554,0.98,-1.5,0.0,-10.65,0.48,0.0,-10.7,1.0,0.0 (cmd -1.5),0.0 (cmd 0.5)
1.5559,0.91,-1.49,0.0,-10.71,0.48,0.0,-10.7,0.9,0.0 (cmd -1.5),0.0 (cmd 0.5)
1.5563999999999998,0.84,-1.47,0.0,-10.74,0.49,0.0,-10.7,0.8,0.0 (cmd -1.5),0.0 (cmd 0.5)
1.5569000000000002,0.79,-1.46,0.0,-10.77,0.5,0.0,-10.8,0.8,0.0 (cmd -1.5),0.0 (cmd 0.5)
1.5574000000000001,0.77,-1.46,0.0,-10.76,0.5,0.0,-10.8,0.8,0.0 (cmd -1.5),0.0 (cmd 0.5)
1.5578999999999998,0.75,-1.46,0.0,-10.77,0.5,0.0,-10.8,0.8,0.0 (cmd -1.5),0.0 (cmd 0.5)
1.5584,0.67,-1.45,0.0,-10.77,0.51,0.0,-10.8,0.7,0.0 (cmd -1.4),0.0 (cmd 0.5)
1.5589,0.62,-1.43,0.0,-10.77,0.51,0.0,-10.8,0.6,0.0 (cmd -1.4),0.0 (cmd 0.5)
1.5594000000000001,0.54,-1.44,0.0,-10.77,0.51,0.0,-10.8,0.5,0.0 (cmd -1.4),0.0 (cmd 0.5)
1.5599,0.43,-1.43,0.0,-10.74,0.52,0.0,-10.7,0.4,0.0 (cmd -1.4),0.0 (cmd 0.5)
1.5603999999999998,0.4,-1.41,0.0,-10.73,0.52,0.0,-10.7,0.4,0.0 (cmd -1.4),0.0 (cmd 0.5)
1.5609000000000002,0.4,-1.42,0.0,-10.72,0.52,0.0,-10.7,0.4,0.0 (cmd -1.4),0.0 (cmd 0.5)
1.5614,0.46,-1.43,0.0,-10.64,0.52,0.0,-10.6,0.5,0.0 (cmd -1.4),0.0 (cmd 0.5)
1.5619,0.43,-1.44,0.0,-10.6,0.52,0.0,-10.6,0.4,0.0 (cmd -1.4),0.0 (cmd 0.5)
1.5624,0.41,-1.44,0.0,-10.69,0.51,0.0,-10.7,0.4,0.0 (cmd -1.4),0.0 (cmd 0.5)
1.5629,0.4,-1.46,0.0,-11.24,0.5,0.0,-11.2,0.4,0.0 (cmd -1.5),0.0 (cmd 0.5)
1.5634000000000001,0.22,-1.5,0.0,-11.79,0.48,0.0,-11.8,0.2,0.0 (cmd -1.5),0.0 (cmd 0.5)
1.5638999999999998,0.21,-1.49,0.0,-11.67,0.49,0.0,-11.7,0.2,0.0 (cmd -1.5),0.0 (cmd 0.5)
1.5644,0.21,-1.48,0.0,-11.66,0.51,0.0,-11.7,0.2,0.0 (cmd -1.5),0.0 (cmd 0.5)
1.5649000000000002,0.26,-1.49,0.0,-11.45,0.51,0.0,-11.4,0.3,0.0 (cmd -1.5),0.0 (cmd 0.5)
1.5654,0.41,-1.49,0.0,-11.08,0.53,0.0,-11.1,0.4,0.0 (cmd -1.5),0.0 (cmd 0.5)
1.5659,0.28,-1.51,0.0,-10.79,0.53,0.0,-10.8,0.3,0.0 (cmd -1.5),0.0 (cmd 0.5)
1.5663999999999998,0.11,-1.41,0.0,-10.58,0.55,0.0,-10.6,0.1,0.0 (cmd -1.4),0.0 (cmd 0.6)
1.5669000000000002,0.11,-1.38,0.0,-10.34,0.56,0.0,-10.3,0.1,0.0 (cmd -1.4),0.0 (cmd 0.6)
1.5674000000000001,0.16,-1.39,0.0,-10.22,0.55,0.0,-10.2,0.2,0.0 (cmd -1.4),0.0 (cmd 0.6)
1.5678999999999998,0.23,-1.4,0.0,-10.02,0.53,0.0,-10.0,0.2,0.0 (cmd -1.4),0.0 (cmd 0.5)
1.5684,0.26,-1.41,0.0,-9.9,0.53,0.0,-9.9,0.3,0.0 (cmd -1.4),0.0 (cmd 0.5)
1.5689,0.32,-1.41,0.0,-9.73,0.52,0.0,-9.7,0.3,0.0 (cmd -1.4),0.0 (cmd 0.5)
1.5694000000000001,0.34,-1.4,0.0,-9.5,0.52,0.0,-9.5,0.3,0.0 (cmd -1.4),0.0 (cmd 0.5)
1.5699,0.36,-1.4,0.0,-9.43,0.51,0.0,-9.4,0.4,0.0 (cmd -1.4),0.0 (cmd 0.5)
1.5703999999999998,0.42,-1.4,0.0,-9.41,0.5,0.0,-9.4,0.4,0.0 (cmd -1.4),0.0 (cmd 0.5)
1.5709000000000002,0.6,-1.44,0.0,-9.45,0.48,0.0,-9.4,0.6,0.0 (cmd -1.4),0.0 (cmd 0.5)
1.5714,0.73,-1.47,0.0,-9.47,0.47,0.0,-9.5,0.7,0.0 (cmd -1.5),0.0 (cmd 0.5)
1.5719,0.86,-1.49,0.0,-9.5,0.46,0.0,-9.5,0.9,0.0 (cmd -1.5),0.0 (cmd 0.5)
1.5724,0.94,-1.51,0.0,-9.51,0.45,0.0,-9.5,0.9,0.0 (cmd -1.5),0.0 (cmd 0.5)
1.5729,0.97,-1.5,0.0,-9.53,0.45,0.0,-9.5,1.0,0.0 (cmd -1.5),0.0 (cmd 0.5)
1.5734000000000001,0.91,-1.48,0.0,-9.55,0.45,0.0,-9.6,0.9,0.0 (cmd -1.5),0.0 (cmd 0.5)
1.5738999999999999,0.92,-1.46,0.0,-9.57,0.46,0.0,-9.6,0.9,0.0 (cmd -1.5),0.0 (cmd 0.5)
1.5744,0.93,-1.46,0.0,-9.62,0.46,0.0,-9.6,0.9,0.0 (cmd -1.5),0.0 (cmd 0.5)
1.5749000000000002,0.93,-1.46,0.0,-9.66,0.46,0.0,-9.7,0.9,0.0 (cmd -1.5),0.0 (cmd 0.5)
1.5754,0.93,-1.45,0.0,-9.63,0.46,0.0,-9.6,0.9,0.0 (cmd -1.4),0.0 (cmd 0.5)
1.5759,1.04,-1.45,0.0,-9.55,0.46,0.0,-9.6,1.0,0.0 (cmd -1.4),0.0 (cmd 0.5)
1.5763999999999998,1.08,-1.47,0.0,-9.61,0.46,0.0,-9.6,1.1,0.0 (cmd -1.5),0.0 (cmd 0.5)
1.5769000000000002,1.0,-1.47,0.0,-9.69,0.46,0.0,-9.7,1.0,0.0 (cmd -1.5),0.0 (cmd 0.5)
1.5774000000000001,0.92,-1.44,0.0,-9.81,0.46,0.0,-9.8,0.9,0.0 (cmd -1.4),0.0 (cmd 0.5)
1.5778999999999999,0.88,-1.43,0.0,-10.02,0.46,0.0,-10.0,0.9,0.0 (cmd -1.4),0.0 (cmd 0.5)
1.5784,0.74,-1.42,0.0,-10.02,0.46,0.0,-10.0,0.7,0.0 (cmd -1.4),0.0 (cmd 0.5)
1.5789,0.6,-1.39,0.0,-10.1,0.48,0.0,-10.1,0.6,0.0 (cmd -1.4),0.0 (cmd 0.5)
1.5794000000000001,0.5,-1.39,0.0,-10.21,0.48,0.0,-10.2,0.5,0.0 (cmd -1.4),0.0 (cmd 0.5)
1.5799,0.43,-1.39,0.0,-10.38,0.48,0.0,-10.4,0.4,0.0 (cmd -1.4),0.0 (cmd 0.5)
1.5803999999999998,0.21,-1.37,0.0,-10.5,0.48,0.0,-10.5,0.2,0.0 (cmd -1.4),0.0 (cmd 0.5)
1.5809000000000002,0.07,-1.36,0.0,-10.65,0.49,0.0,-10.7,0.1,0.0 (cmd -1.4),0.0 (cmd 0.5)
1.5814,0.05,-1.36,0.0,-10.8,0.49,0.0,-10.8,0.1,0.0 (cmd -1.4),0.0 (cmd 0.5)
1.5819,-0.02,-1.37,0.0,-11.11,0.49,0.0,-11.1,-0.0,0.0 (cmd -1.4),0.0 (cmd 0.5)
1.5824,-0.2,-1.42,0.0,-12.11,0.47,0.0,-12.1,-0.2,0.0 (cmd -1.4),0.0 (cmd 0.5)
1.5829,-0.25,-1.47,0.0,-13.07,0.45,0.0,-13.1,-0.2,0.0 (cmd -1.5),0.0 (cmd 0.5)
1.5834000000000001,-0.22,-1.53,0.0,-14.08,0.45,0.0,-14.1,-0.2,0.0 (cmd -1.5),0.0 (cmd 0.5)
1.5838999999999999,-0.56,-1.59,0.0,-14.89,0.44,0.0,-14.9,-0.6,0.0 (cmd -1.6),0.0 (cmd 0.4)
1.5844,-0.79,-1.6,0.0,-15.46,0.45,0.0,-15.5,-0.8,0.0 (cmd -1.6),0.0 (cmd 0.5)
1.5849000000000002,-0.92,-1.58,0.0,-15.61,0.5,0.0,-15.6,-0.9,0.0 (cmd -1.6),0.0 (cmd 0.5)
1.5854,-0.91,-1.57,0.0,-14.64,0.55,0.0,-14.6,-0.9,0.0 (cmd -1.6),0.0 (cmd 0.6)
1.5859,-0.82,-1.53,0.0,-13.54,0.62,0.0,-13.5,-0.8,0.0 (cmd -1.5),0.0 (cmd 0.6)
1.5863999999999998,-0.63,-1.45,0.0,-12.49,0.67,0.0,-12.5,-0.6,0.0 (cmd -1.4),0.0 (cmd 0.7)
1.5869000000000002,-0.12,-1.5,0.0,-10.75,0.66,0.0,-10.8,-0.1,0.0 (cmd -1.5),0.0 (cmd 0.7)
1.5874000000000001,0.32,-1.43,0.0,-8.97,0.7,0.0,-9.0,0.3,0.0 (cmd -1.4),0.0 (cmd 0.7)
1.5878999999999999,0.45,-1.45,0.0,-7.48,0.67,0.0,-7.5,0.5,0.0 (cmd -1.4),0.0 (cmd 0.7)
1.5884,0.47,-1.3,0.0,-5.82,0.69,0.0,-5.8,0.5,0.0 (cmd -1.3),0.0 (cmd 0.7)
1.5888999999999998,0.48,-1.18,0.0,-4.58,0.67,0.0,-4.6,0.5,0.0 (cmd -1.2),0.0 (cmd 0.7)
1.5894000000000001,0.35,-1.08,0.0,-3.76,0.64,0.0,-3.8,0.3,0.0 (cmd -1.1),0.0 (cmd 0.6)
1.5899,0.11,-0.95,0.0,-2.82,0.61,0.0,-2.8,0.1,0.0 (cmd -0.9),0.0 (cmd 0.6)
1.5903999999999998,-0.24,-0.86,0.0,-2.34,0.56,0.0,-2.3,-0.2,0.0 (cmd -0.9),0.0 (cmd 0.6)
1.5909,-2.12,-0.47,0.0,-2.17,0.57,0.0,-2.2,-2.1,0.0 (cmd -0.5),0.0 (cmd 0.6)
1.5914,-4.64,-0.23,0.0,-2.02,0.55,0.0,-2.0,-4.6,0.0 (cmd -0.2),0.0 (cmd 0.6)
1.5919,-7.17,0.27,0.0,-1.37,0.6,0.0,-1.4,-7.2,0.0 (cmd 0.3),0.0 (cmd 0.6)
1.5924,-12.89,1.08,0.0,-0.76,0.7,0.0,-0.8,-12.9,0.0 (cmd 1.1),0.0 (cmd 0.7)
1.5928999999999998,-16.89,2.1,0.0,0.03,0.83,0.0,0.0,-16.9,0.0 (cmd 2.1),0.0 (cmd 0.8)
1.5934000000000001,-19.31,2.69,0.0,0.77,0.87,0.0,0.8,-19.3,0.0 (cmd 2.7),0.0 (cmd 0.9)
1.5938999999999999,-22.64,2.63,0.0,1.1,0.81,0.0,1.1,-22.6,0.0 (cmd 2.6),0.0 (cmd 0.8)
1.5944,-23.2,2.79,0.0,0.67,0.79,0.0,0.7,-23.2,0.0 (cmd 2.8),0.0 (cmd 0.8)
1.5949,-22.59,1.95,0.0,0.5,0.62,0.0,0.5,-22.6,0.0 (cmd 1.9),0.0 (cmd 0.6)
1.5954,-22.12,1.06,0.0,0.72,0.49,0.0,0.7,-22.1,0.0 (cmd 1.1),0.0 (cmd 0.5)
1.5959,-20.65,0.48,0.0,1.11,0.42,0.0,1.1,-20.6,0.0 (cmd 0.5),0.0 (cmd 0.4)
1.5963999999999998,-15.29,-0.09,0.0,1.24,0.36,0.0,1.2,-15.3,0.0 (cmd -0.1),0.0 (cmd 0.4)
1.5969,-13.11,-1.61,0.0,1.43,0.18,0.0,1.4,-13.1,0.0 (cmd -1.6),0.0 (cmd 0.2)
1.5974000000000002,-9.83,-2.12,0.0,1.41,0.11,0.0,1.4,-9.8,0.0 (cmd -2.1),0.0 (cmd 0.1)
1.5978999999999999,-8.31,-2.63,0.0,1.38,0.04,0.0,1.4,-8.3,0.0 (cmd -2.6),0.0 (cmd 0.0)
1.5984,-5.5,-2.82,0.0,1.5,0.0,0.0,1.5,-5.5,0.0 (cmd -2.8),0.0 (cmd 0.0)
1.5988999999999998,-4.17,-2.76,0.0,1.74,-0.02,0.0,1.7,-4.2,0.0 (cmd -2.8),0.0 (cmd -0.0)
1.5994000000000002,-3.94,-2.56,0.0,1.64,-0.03,0.0,1.6,-3.9,0.0 (cmd -2.6),0.0 (cmd -0.0)
1.5999,-3.83,-2.21,0.0,1.59,-0.03,0.0,1.6,-3.8,0.0 (cmd -2.2),0.0 (cmd -0.0)
1.6003999999999998,-3.81,-1.88,0.0,0.5,-0.02,0.0,0.5,-3.8,0.0 (cmd -1.9),0.0 (cmd -0.0)
1.6009,-3.79,-1.69,0.0,-0.28,-0.06,0.0,-0.3,-3.8,0.0 (cmd -1.7),0.0 (cmd -0.1)
1.6014,-3.49,-1.55,0.0,-2.6,-0.06,0.0,-2.6,-3.5,0.0 (cmd -1.6),0.0 (cmd -0.1)
1.6019,-3.4,-1.65,0.0,-4.86,-0.23,0.0,-4.9,-3.4,0.0 (cmd -1.6),0.0 (cmd -0.2)
1.6024,-3.2,-1.62,0.0,-14.18,-0.24,0.0,-14.2,-3.2,0.0 (cmd -1.6),0.0 (cmd -0.2)
1.6028999999999998,-2.8,-1.83,0.0,-18.58,-0.77,0.0,-18.6,-2.8,0.0 (cmd -1.8),0.0 (cmd -0.8)
1.6034000000000002,-2.21,-1.91,0.0,-27.24,-1.64,0.0,-27.2,-2.2,0.0 (cmd -1.9),0.0 (cmd -1.6)
1.6038999999999999,-1.73,-2.27,0.0,-31.33,-1.71,0.0,-31.3,-1.7,0.0 (cmd -2.3),0.0 (cmd -1.7)
1.6044,-1.81,-2.41,0.0,-35.35,-1.45,0.0,-35.4,-1.8,0.0 (cmd -2.4),0.0 (cmd -1.4)
1.6049,-1.86,-2.45,0.0,-38.4,-1.28,0.0,-38.4,-1.9,0.0 (cmd -2.5),0.0 (cmd -1.3)
1.6054,-1.63,-2.55,0.0,-39.24,-0.79,0.0,-39.2,-1.6,0.0 (cmd -2.5),0.0 (cmd -0.8)
1.6059,-1.51,-2.71,0.0,-39.12,-0.29,0.0,-39.1,-1.5,0.0 (cmd -2.7),0.0 (cmd -0.3)
1.6063999999999998,-1.16,-2.84,0.0,-37.56,0.22,0.0,-37.6,-1.2,0.0 (cmd -2.8),0.0 (cmd 0.2)
1.6069,-0.75,-2.76,0.0,-35.21,0.72,0.0,-35.2,-0.8,0.0 (cmd -2.8),0.0 (cmd 0.7)
1.6074000000000002,-0.07,-2.76,0.0,-33.19,0.95,0.0,-33.2,-0.1,0.0 (cmd -2.8),0.0 (cmd 0.9)
1.6078999999999999,0.52,-2.68,0.0,-28.81,1.08,0.0,-28.8,0.5,0.0 (cmd -2.7),0.0 (cmd 1.1)
1.6084,0.94,-2.19,0.0,-19.99,1.35,0.0,-20.0,0.9,0.0 (cmd -2.2),0.0 (cmd 1.4)
1.6088999999999998,1.92,-1.92,0.0,-14.21,1.34,0.0,-14.2,1.9,0.0 (cmd -1.9),0.0 (cmd 1.3)
1.6094000000000002,2.24,-1.36,0.0,-11.01,1.34,0.0,-11.0,2.2,0.0 (cmd -1.4),0.0 (cmd 1.3)
1.6099,2.71,-1.59,0.0,-6.47,1.2,0.0,-6.5,2.7,0.0 (cmd -1.6),0.0 (cmd 1.2)
1.6103999999999998,2.6,-1.1,0.0,-5.95,1.15,0.0,-6.0,2.6,0.0 (cmd -1.1),0.0 (cmd 1.1)
1.6109,2.24,-1.22,0.0,-6.62,1.03,0.0,-6.6,2.2,0.0 (cmd -1.2),0.0 (cmd 1.0)
1.6114,2.09,-1.28,0.0,-6.4,0.92,0.0,-6.4,2.1,0.0 (cmd -1.3),0.0 (cmd 0.9)
1.6119,1.19,-1.11,0.0,-6.07,0.85,0.0,-6.1,1.2,0.0 (cmd -1.1),0.0 (cmd 0.8)
1.6124,-1.24,-0.96,0.0,-4.71,0.79,0.0,-4.7,-1.2,0.0 (cmd -1.0),0.0 (cmd 0.8)
1.6128999999999998,-3.58,0.01,0.0,-4.09,0.91,0.0,-4.1,-3.6,0.0 (cmd 0.0),0.0 (cmd 0.9)
1.6134000000000002,-11.29,0.34,0.0,-3.21,0.89,0.0,-3.2,-11.3,0.0 (cmd 0.3),0.0 (cmd 0.9)
1.6139,-13.78,2.16,0.0,-1.9,1.11,0.0,-1.9,-13.8,0.0 (cmd 2.2),0.0 (cmd 1.1)
1.6144,-16.36,2.55,0.0,-1.08,1.07,0.0,-1.1,-16.4,0.0 (cmd 2.5),0.0 (cmd 1.1)
1.6149,-16.7,2.41,0.0,-0.36,0.94,0.0,-0.4,-16.7,0.0 (cmd 2.4),0.0 (cmd 0.9)
1.6154,-15.84,1.75,0.0,-0.19,0.78,0.0,-0.2,-15.8,0.0 (cmd 1.8),0.0 (cmd 0.8)
1.6159000000000001,-13.79,0.72,0.0,0.23,0.57,0.0,0.2,-13.8,0.0 (cmd 0.7),0.0 (cmd 0.6)
1.6163999999999998,-9.0,-0.69,0.0,0.79,0.34,0.0,0.8,-9.0,0.0 (cmd -0.7),0.0 (cmd 0.3)
1.6169,-7.99,-1.39,0.0,0.79,0.22,0.0,0.8,-8.0,0.0 (cmd -1.4),0.0 (cmd 0.2)
1.6174000000000002,-6.7,-1.44,0.0,0.51,0.16,0.0,0.5,-6.7,0.0 (cmd -1.4),0.0 (cmd 0.2)
1.6179,-3.61,-1.96,0.0,0.25,0.05,0.0,0.2,-3.6,0.0 (cmd -2.0),0.0 (cmd 0.1)
1.6184,-1.97,-2.32,0.0,0.27,-0.03,0.0,0.3,-2.0,0.0 (cmd -2.3),0.0 (cmd -0.0)
1.6188999999999998,-0.58,-2.38,0.0,0.56,-0.05,0.0,0.6,-0.6,0.0 (cmd -2.4),0.0 (cmd -0.1)
1.6194000000000002,0.2,-2.26,0.0,0.62,-0.05,0.0,0.6,0.2,0.0 (cmd -2.3),0.0 (cmd -0.1)
1.6199000000000001,0.98,-2.23,0.0,0.45,-0.07,0.0,0.5,1.0,0.0 (cmd -2.2),0.0 (cmd -0.1)
1.6203999999999998,1.17,-2.1,0.0,0.05,-0.07,0.0,0.1,1.2,0.0 (cmd -2.1),0.0 (cmd -0.1)
1.6209,0.68,-1.86,0.0,-0.37,-0.07,0.0,-0.4,0.7,0.0 (cmd -1.9),0.0 (cmd -0.1)
1.6214,0.27,-1.5,0.0,-0.6,-0.01,0.0,-0.6,0.3,0.0 (cmd -1.5),0.0 (cmd -0.0)
1.6219000000000001,0.07,-1.28,0.0,-0.54,0.03,0.0,-0.5,0.1,0.0 (cmd -1.3),0.0 (cmd 0.0)
1.6224,0.06,-1.17,0.0,-0.52,0.06,0.0,-0.5,0.1,0.0 (cmd -1.2),0.0 (cmd 0.1)
1.6228999999999998,0.06,-1.11,0.0,-0.6,0.07,0.0,-0.6,0.1,0.0 (cmd -1.1),0.0 (cmd 0.1)
1.6234000000000002,0.1,-1.08,0.0,-0.7,0.08,0.0,-0.7,0.1,0.0 (cmd -1.1),0.0 (cmd 0.1)
1.6239,0.14,-1.05,0.0,-0.71,0.09,0.0,-0.7,0.1,0.0 (cmd -1.1),0.0 (cmd 0.1)
1.6244,0.2,-1.05,0.0,-0.76,0.09,0.0,-0.8,0.2,0.0 (cmd -1.1),0.0 (cmd 0.1)
1.6249,0.12,-1.01,0.0,-0.81,0.1,0.0,-0.8,0.1,0.0 (cmd -1.0),0.0 (cmd 0.1)
1.6254,0.08,-0.98,0.0,-0.74,0.11,0.0,-0.7,0.1,0.0 (cmd -1.0),0.0 (cmd 0.1)
1.6259000000000001,0.02,-0.95,0.0,-0.63,0.12,0.0,-0.6,0.0,0.0 (cmd -0.9),0.0 (cmd 0.1)
1.6263999999999998,0.0,-0.92,0.0,-0.64,0.13,0.0,-0.6,0.0,0.0 (cmd -0.9),0.0 (cmd 0.1)
1.6269,-0.01,-0.92,0.0,-0.68,0.13,0.0,-0.7,-0.0,0.0 (cmd -0.9),0.0 (cmd 0.1)
0.0005,0.52,-1.03,0.0,0.17,0.1,0.0,0.2,0.5,0.0 (cmd -1.0),0.0 (cmd 0.1)
0.001,0.57,-0.95,0.0,0.92,0.14,0.0,0.9,0.6,0.0 (cmd -0.9),0.0 (cmd 0.1)
0.0015,0.68,-0.94,0.0,1.04,0.13,0.0,1.0,0.7,0.0 (cmd -0.9),0.0 (cmd 0.1)
0.002,1.04,-1.05,0.0,1.03,0.1,0.0,1.0,1.0,0.0 (cmd -1.1),0.0 (cmd 0.1)
0.0025,0.99,-1.0,0.0,1.05,0.1,0.0,1.1,1.0,0.0 (cmd -1.0),0.0 (cmd 0.1)
0.003,1.0,-0.96,0.0,1.05,0.1,0.0,1.1,1.0,0.0 (cmd -1.0),0.0 (cmd 0.1)
0.0035,0.95,-0.94,0.0,1.07,0.1,0.0,1.1,0.9,0.0 (cmd -0.9),0.0 (cmd 0.1)
0.004,0.86,-0.9,0.0,1.05,0.1,0.0,1.1,0.9,0.0 (cmd -0.9),0.0 (cmd 0.1)
0.0045,0.81,-0.88,0.0,1.01,0.1,0.0,1.0,0.8,0.0 (cmd -0.9),0.0 (cmd 0.1)
0.005,0.71,-0.87,0.0,0.87,0.1,0.0,0.9,0.7,0.0 (cmd -0.9),0.0 (cmd 0.1)
0.0055,0.69,-0.86,0.0,0.82,0.09,0.0,0.8,0.7,0.0 (cmd -0.9),0.0 (cmd 0.1)
0.006,0.68,-0.85,0.0,0.82,0.1,0.0,0.8,0.7,0.0 (cmd -0.8),0.0 (cmd 0.1)
0.0065,0.68,-0.86,0.0,0.84,0.1,0.0,0.8,0.7,0.0 (cmd -0.9),0.0 (cmd 0.1)
0.007,0.74,-0.87,0.0,0.86,0.09,0.0,0.9,0.7,0.0 (cmd -0.9),0.0 (cmd 0.1)
0.0075,0.79,-0.89,0.0,0.85,0.09,0.0,0.8,0.8,0.0 (cmd -0.9),0.0 (cmd 0.1)
0.008,0.78,-0.89,0.0,0.84,0.09,0.0,0.8,0.8,0.0 (cmd -0.9),0.0 (cmd 0.1)
0.0085,0.62,-0.84,0.0,0.84,0.1,0.0,0.8,0.6,0.0 (cmd -0.8),0.0 (cmd 0.1)
0.009,0.69,-0.86,0.0,0.84,0.1,0.0,0.8,0.7,0.0 (cmd -0.9),0.0 (cmd 0.1)
0.0095,0.71,-0.88,0.0,0.84,0.09,0.0,0.8,0.7,0.0 (cmd -0.9),0.0 (cmd 0.1)
0.01,0.75,-0.88,0.0,0.87,0.1,0.0,0.9,0.8,0.0 (cmd -0.9),0.0 (cmd 0.1)
0.0105,0.76,-0.89,0.0,0.88,0.09,0.0,0.9,0.8,0.0 (cmd -0.9),0.0 (cmd 0.1)
0.011,0.78,-0.89,0.0,0.87,0.09,0.0,0.9,0.8,0.0 (cmd -0.9),0.0 (cmd 0.1)
0.0115,0.85,-0.89,0.0,0.91,0.09,0.0,0.9,0.8,0.0 (cmd -0.9),0.0 (cmd 0.1)
0.012,0.85,-0.9,0.0,0.95,0.09,0.0,0.9,0.8,0.0 (cmd -0.9),0.0 (cmd 0.1)
0.0125,0.84,-0.89,0.0,0.95,0.09,0.0,0.9,0.8,0.0 (cmd -0.9),0.0 (cmd 0.1)
0.013,0.82,-0.88,0.0,0.94,0.1,0.0,0.9,0.8,0.0 (cmd -0.9),0.0 (cmd 0.1)
0.0135,0.75,-0.87,0.0,0.94,0.1,0.0,0.9,0.8,0.0 (cmd -0.9),0.0 (cmd 0.1)
0.014,0.69,-0.86,0.0,0.94,0.1,0.0,0.9,0.7,0.0 (cmd -0.9),0.0 (cmd 0.1)
0.0145,0.65,-0.85,0.0,0.92,0.1,0.0,0.9,0.7,0.0 (cmd -0.8),0.0 (cmd 0.1)
0.015,0.52,-0.81,0.0,0.89,0.1,0.0,0.9,0.5,0.0 (cmd -0.8),0.0 (cmd 0.1)
0.0155,0.45,-0.82,0.0,0.85,0.1,0.0,0.8,0.5,0.0 (cmd -0.8),0.0 (cmd 0.1)
0.016,0.43,-0.82,0.0,0.81,0.1,0.0,0.8,0.4,0.0 (cmd -0.8),0.0 (cmd 0.1)
0.0165,0.41,-0.83,0.0,0.78,0.1,0.0,0.8,0.4,0.0 (cmd -0.8),0.0 (cmd 0.1)
0.017,0.38,-0.83,0.0,0.73,0.1,0.0,0.7,0.4,0.0 (cmd -0.8),0.0 (cmd 0.1)
0.0175,0.37,-0.84,0.0,0.72,0.1,0.0,0.7,0.4,0.0 (cmd -0.8),0.0 (cmd 0.1)
0.018,0.32,-0.84,0.0,0.77,0.1,0.0,0.8,0.3,0.0 (cmd -0.8),0.0 (cmd 0.1)
0.0185,0.29,-0.83,0.0,0.81,0.1,0.0,0.8,0.3,0.0 (cmd -0.8),0.0 (cmd 0.1)
0.019,0.28,-0.83,0.0,0.86,0.11,0.0,0.9,0.3,0.0 (cmd -0.8),0.0 (cmd 0.1)
0.0195,0.26,-0.83,0.0,0.88,0.11,0.0,0.9,0.3,0.0 (cmd -0.8),0.0 (cmd 0.1)
0.02,0.26,-0.84,0.0,0.9,0.11,0.0,0.9,0.3,0.0 (cmd -0.8),0.0 (cmd 0.1)
0.0205,0.26,-0.84,0.0,0.93,0.1,0.0,0.9,0.3,0.0 (cmd -0.8),0.0 (cmd 0.1)
0.021,0.26,-0.84,0.0,0.98,0.1,0.0,1.0,0.3,0.0 (cmd -0.8),0.0 (cmd 0.1)
0.0215,0.14,-0.81,0.0,1.0,0.11,0.0,1.0,0.1,0.0 (cmd -0.8),0.0 (cmd 0.1)
0.022,0.16,-0.82,0.0,1.03,0.11,0.0,1.0,0.2,0.0 (cmd -0.8),0.0 (cmd 0.1)
0.0225,0.16,-0.83,0.0,1.05,0.11,0.0,1.1,0.2,0.0 (cmd -0.8),0.0 (cmd 0.1)
0.023,0.17,-0.84,0.0,1.05,0.1,0.0,1.1,0.2,0.0 (cmd -0.8),0.0 (cmd 0.1)
0.0235,0.18,-0.84,0.0,1.04,0.1,0.0,1.0,0.2,0.0 (cmd -0.8),0.0 (cmd 0.1)
0.024,0.18,-0.85,0.0,1.09,0.1,0.0,1.1,0.2,0.0 (cmd -0.8),0.0 (cmd 0.1)
0.0245,0.44,-0.85,0.0,1.14,0.1,0.0,1.1,0.4,0.0 (cmd -0.8),0.0 (cmd 0.1)
0.025,0.47,-0.91,0.0,1.16,0.09,0.0,1.2,0.5,0.0 (cmd -0.9),0.0 (cmd 0.1)
0.0255,0.49,-0.91,0.0,1.17,0.09,0.0,1.2,0.5,0.0 (cmd -0.9),0.0 (cmd 0.1)
0.026,0.52,-0.9,0.0,1.17,0.09,0.0,1.2,0.5,0.0 (cmd -0.9),0.0 (cmd 0.1)
0.0265,0.57,-0.91,0.0,1.17,0.09,0.0,1.2,0.6,0.0 (cmd -0.9),0.0 (cmd 0.1)
0.0275,0.59,-0.9,0.0,1.18,0.09,0.0,1.2,0.6,0.0 (cmd -0.9),0.0 (cmd 0.1)
0.028799999999999996,0.66,-0.9,0.0,1.25,0.09,0.0,1.2,0.7,0.0 (cmd -0.9),0.0 (cmd 0.1)
0.0293,0.76,-0.9,0.0,1.4,0.09,0.0,1.4,0.8,0.0 (cmd -0.9),0.0 (cmd 0.1)
0.0304,0.79,-0.92,0.0,1.46,0.09,0.0,1.5,0.8,0.0 (cmd -0.9),0.0 (cmd 0.1)
0.031,0.93,-0.91,0.0,1.82,0.09,0.0,1.8,0.9,0.0 (cmd -0.9),0.0 (cmd 0.1)
0.0315,1.15,-0.91,0.0,1.93,0.1,0.0,1.9,1.1,0.0 (cmd -0.9),0.0 (cmd 0.1)
0.032400000000000005,1.16,-0.9,0.0,1.96,0.1,0.0,2.0,1.2,0.0 (cmd -0.9),0.0 (cmd 0.1)
0.0342,1.16,-0.95,0.0,2.05,0.09,0.0,2.0,1.2,0.0 (cmd -0.9),0.0 (cmd 0.1)
0.0347,1.19,-0.92,0.0,2.09,0.09,0.0,2.1,1.2,0.0 (cmd -0.9),0.0 (cmd 0.1)
0.0358,1.19,-0.92,0.0,2.09,0.09,0.0,2.1,1.2,0.0 (cmd -0.9),0.0 (cmd 0.1)
0.0374,1.17,-0.91,0.0,2.05,0.09,0.0,2.0,1.2,0.0 (cmd -0.9),0.0 (cmd 0.1)
0.037899999999999996,1.1,-0.89,0.0,1.94,0.08,0.0,1.9,1.1,0.0 (cmd -0.9),0.0 (cmd 0.1)
0.0389,1.07,-0.88,0.0,1.92,0.08,0.0,1.9,1.1,0.0 (cmd -0.9),0.0 (cmd 0.1)
0.0401,1.02,-0.86,0.0,1.89,0.08,0.0,1.9,1.0,0.0 (cmd -0.9),0.0 (cmd 0.1)
0.0406,1.06,-0.84,0.0,1.9,0.08,0.0,1.9,1.1,0.0 (cmd -0.8),0.0 (cmd 0.1)
0.0415,1.06,-0.85,0.0,1.9,0.08,0.0,1.9,1.1,0.0 (cmd -0.8),0.0 (cmd 0.1)
0.042,1.07,-0.85,0.0,1.91,0.07,0.0,1.9,1.1,0.0 (cmd -0.8),0.0 (cmd 0.1)
0.04259999999999999,1.07,-0.85,0.0,1.91,0.07,0.0,1.9,1.1,0.0 (cmd -0.8),0.0 (cmd 0.1)
0.04309999999999999,1.08,-0.85,0.0,1.96,0.07,0.0,2.0,1.1,0.0 (cmd -0.8),0.0 (cmd 0.1)
0.0436,1.09,-0.85,0.0,2.06,0.08,0.0,2.1,1.1,0.0 (cmd -0.8),0.0 (cmd 0.1)
0.0441,1.1,-0.85,0.0,2.1,0.08,0.0,2.1,1.1,0.0 (cmd -0.8),0.0 (cmd 0.1)
0.0446,1.11,-0.84,0.0,2.27,0.08,0.0,2.3,1.1,0.0 (cmd -0.8),0.0 (cmd 0.1)
0.045099999999999994,1.1,-0.83,0.0,2.35,0.09,0.0,2.4,1.1,0.0 (cmd -0.8),0.0 (cmd 0.1)
0.045599999999999995,1.11,-0.82,0.0,2.38,0.09,0.0,2.4,1.1,0.0 (cmd -0.8),0.0 (cmd 0.1)
0.0461,1.14,-0.83,0.0,2.43,0.08,0.0,2.4,1.1,0.0 (cmd -0.8),0.0 (cmd 0.1)
0.0466,1.14,-0.83,0.0,2.49,0.08,0.0,2.5,1.1,0.0 (cmd -0.8),0.0 (cmd 0.1)
0.0471,1.2,-0.83,0.0,2.52,0.08,0.0,2.5,1.2,0.0 (cmd -0.8),0.0 (cmd 0.1)
0.047599999999999996,1.22,-0.84,0.0,2.54,0.07,0.0,2.5,1.2,0.0 (cmd -0.8),0.0 (cmd 0.1)
0.0481,1.25,-0.84,0.0,2.56,0.07,0.0,2.6,1.2,0.0 (cmd -0.8),0.0 (cmd 0.1)
0.048600000000000004,1.26,-0.84,0.0,2.57,0.07,0.0,2.6,1.3,0.0 (cmd -0.8),0.0 (cmd 0.1)
0.049100000000000005,1.3,-0.84,0.0,2.57,0.07,0.0,2.6,1.3,0.0 (cmd -0.8),0.0 (cmd 0.1)
0.0496,1.3,-0.84,0.0,2.57,0.06,0.0,2.6,1.3,0.0 (cmd -0.8),0.0 (cmd 0.1)
0.05009999999999999,1.33,-0.84,0.0,2.63,0.06,0.0,2.6,1.3,0.0 (cmd -0.8),0.0 (cmd 0.1)
0.05059999999999999,1.41,-0.85,0.0,2.82,0.06,0.0,2.8,1.4,0.0 (cmd -0.8),0.0 (cmd 0.1)
0.0511,1.56,-0.84,0.0,3.0,0.07,0.0,3.0,1.6,0.0 (cmd -0.8),0.0 (cmd 0.1)
0.0516,1.58,-0.86,0.0,3.08,0.07,0.0,3.1,1.6,0.0 (cmd -0.9),0.0 (cmd 0.1)
0.0521,1.6,-0.86,0.0,3.05,0.07,0.0,3.0,1.6,0.0 (cmd -0.9),0.0 (cmd 0.1)
0.052599999999999994,1.63,-0.85,0.0,3.0,0.06,0.0,3.0,1.6,0.0 (cmd -0.8),0.0 (cmd 0.1)
0.053099999999999994,1.64,-0.85,0.0,3.02,0.05,0.0,3.0,1.6,0.0 (cmd -0.8),0.0 (cmd 0.1)
0.0536,1.76,-0.85,0.0,3.01,0.05,0.0,3.0,1.8,0.0 (cmd -0.8),0.0 (cmd 0.1)
0.0541,1.7,-0.85,0.0,2.96,0.05,0.0,3.0,1.7,0.0 (cmd -0.8),0.0 (cmd 0.1)
0.0546,1.68,-0.84,0.0,2.93,0.05,0.0,2.9,1.7,0.0 (cmd -0.8),0.0 (cmd 0.1)
0.055099999999999996,1.69,-0.84,0.0,2.84,0.04,0.0,2.8,1.7,0.0 (cmd -0.8),0.0 (cmd 0.0)
0.0556,1.71,-0.84,0.0,2.85,0.04,0.0,2.9,1.7,0.0 (cmd -0.8),0.0 (cmd 0.0)
0.056100000000000004,1.72,-0.84,0.0,2.93,0.05,0.0,2.9,1.7,0.0 (cmd -0.8),0.0 (cmd 0.1)
0.056600000000000004,1.85,-0.85,0.0,3.05,0.05,0.0,3.0,1.9,0.0 (cmd -0.8),0.0 (cmd 0.1)
0.0571,2.28,-0.96,0.0,3.11,0.03,0.0,3.1,2.3,0.0 (cmd -1.0),0.0 (cmd 0.0)
0.05759999999999999,2.75,-0.96,0.0,3.09,0.03,0.0,3.1,2.8,0.0 (cmd -1.0),0.0 (cmd 0.0)
0.05809999999999999,2.81,-1.05,0.0,3.0,0.01,0.0,3.0,2.8,0.0 (cmd -1.1),0.0 (cmd 0.0)
0.0586,2.85,-1.01,0.0,2.98,0.01,0.0,3.0,2.9,0.0 (cmd -1.0),0.0 (cmd 0.0)
0.0591,2.89,-0.99,0.0,3.02,0.02,0.0,3.0,2.9,0.0 (cmd -1.0),0.0 (cmd 0.0)
0.0596,2.93,-0.96,0.0,3.05,0.02,0.0,3.0,2.9,0.0 (cmd -1.0),0.0 (cmd 0.0)
0.060099999999999994,3.2,-0.95,0.0,3.12,0.03,0.0,3.1,3.2,0.0 (cmd -0.9),0.0 (cmd 0.0)
0.060599999999999994,3.34,-0.98,0.0,3.16,0.02,0.0,3.2,3.3,0.0 (cmd -1.0),0.0 (cmd 0.0)
0.0611,3.37,-0.99,0.0,3.18,0.02,0.0,3.2,3.4,0.0 (cmd -1.0),0.0 (cmd 0.0)
0.0616,3.38,-0.95,0.0,3.23,0.03,0.0,3.2,3.4,0.0 (cmd -0.9),0.0 (cmd 0.0)
0.0621,3.41,-0.93,0.0,3.31,0.03,0.0,3.3,3.4,0.0 (cmd -0.9),0.0 (cmd 0.0)
0.06259999999999999,3.42,-0.91,0.0,3.38,0.03,0.0,3.4,3.4,0.0 (cmd -0.9),0.0 (cmd 0.0)
0.06309999999999999,3.45,-0.89,0.0,3.41,0.04,0.0,3.4,3.5,0.0 (cmd -0.9),0.0 (cmd 0.0)
0.0636,3.49,-0.89,0.0,3.41,0.03,0.0,3.4,3.5,0.0 (cmd -0.9),0.0 (cmd 0.0)
0.06409999999999999,3.5,-0.89,0.0,3.38,0.03,0.0,3.4,3.5,0.0 (cmd -0.9),0.0 (cmd 0.0)
0.06459999999999999,3.5,-0.88,0.0,3.35,0.03,0.0,3.4,3.5,0.0 (cmd -0.9),0.0 (cmd 0.0)
0.06509999999999999,3.5,-0.87,0.0,3.29,0.03,0.0,3.3,3.5,0.0 (cmd -0.9),0.0 (cmd 0.0)
0.06559999999999999,3.49,-0.87,0.0,3.23,0.03,0.0,3.2,3.5,0.0 (cmd -0.9),0.0 (cmd 0.0)
0.0661,3.49,-0.87,0.0,3.12,0.02,0.0,3.1,3.5,0.0 (cmd -0.9),0.0 (cmd 0.0)
0.06659999999999999,3.37,-0.86,0.0,3.07,0.02,0.0,3.1,3.4,0.0 (cmd -0.9),0.0 (cmd 0.0)
0.06709999999999999,3.34,-0.83,0.0,3.06,0.03,0.0,3.1,3.3,0.0 (cmd -0.8),0.0 (cmd 0.0)
0.0676,3.34,-0.83,0.0,3.01,0.03,0.0,3.0,3.3,0.0 (cmd -0.8),0.0 (cmd 0.0)
0.0681,3.32,-0.83,0.0,2.98,0.03,0.0,3.0,3.3,0.0 (cmd -0.8),0.0 (cmd 0.0)
0.06860000000000001,3.29,-0.84,0.0,2.91,0.03,0.0,2.9,3.3,0.0 (cmd -0.8),0.0 (cmd 0.0)
0.0691,3.28,-0.84,0.0,2.86,0.03,0.0,2.9,3.3,0.0 (cmd -0.8),0.0 (cmd 0.0)
0.0696,3.25,-0.84,0.0,2.8,0.03,0.0,2.8,3.2,0.0 (cmd -0.8),0.0 (cmd 0.0)
0.0701,3.25,-0.84,0.0,2.74,0.03,0.0,2.7,3.2,0.0 (cmd -0.8),0.0 (cmd 0.0)
0.0706,3.24,-0.85,0.0,2.71,0.03,0.0,2.7,3.2,0.0 (cmd -0.8),0.0 (cmd 0.0)
0.07110000000000001,3.22,-0.85,0.0,2.64,0.03,0.0,2.6,3.2,0.0 (cmd -0.8),0.0 (cmd 0.0)
0.0716,3.2,-0.85,0.0,2.6,0.03,0.0,2.6,3.2,0.0 (cmd -0.8),0.0 (cmd 0.0)
0.0721,3.17,-0.85,0.0,2.55,0.04,0.0,2.5,3.2,0.0 (cmd -0.8),0.0 (cmd 0.0)
0.0726,3.16,-0.85,0.0,2.51,0.04,0.0,2.5,3.2,0.0 (cmd -0.8),0.0 (cmd 0.0)
0.0731,3.12,-0.85,0.0,2.43,0.04,0.0,2.4,3.1,0.0 (cmd -0.8),0.0 (cmd 0.0)
0.07360000000000001,3.12,-0.85,0.0,2.38,0.04,0.0,2.4,3.1,0.0 (cmd -0.8),0.0 (cmd 0.0)
0.0741,3.14,-0.86,0.0,2.28,0.04,0.0,2.3,3.1,0.0 (cmd -0.9),0.0 (cmd 0.0)
0.0746,3.17,-0.88,0.0,2.23,0.04,0.0,2.2,3.2,0.0 (cmd -0.9),0.0 (cmd 0.0)
0.0751,3.2,-0.89,0.0,2.18,0.03,0.0,2.2,3.2,0.0 (cmd -0.9),0.0 (cmd 0.0)
0.0756,3.19,-0.89,0.0,2.14,0.04,0.0,2.1,3.2,0.0 (cmd -0.9),0.0 (cmd 0.0)
0.07610000000000001,3.15,-0.89,0.0,2.08,0.04,0.0,2.1,3.1,0.0 (cmd -0.9),0.0 (cmd 0.0)
0.07659999999999999,3.14,-0.88,0.0,2.02,0.04,0.0,2.0,3.1,0.0 (cmd -0.9),0.0 (cmd 0.0)
0.07709999999999999,3.12,-0.88,0.0,1.98,0.04,0.0,2.0,3.1,0.0 (cmd -0.9),0.0 (cmd 0.0)
0.07759999999999999,3.09,-0.88,0.0,1.93,0.05,0.0,1.9,3.1,0.0 (cmd -0.9),0.0 (cmd 0.1)
0.07809999999999999,3.05,-0.87,0.0,1.91,0.05,0.0,1.9,3.0,0.0 (cmd -0.9),0.0 (cmd 0.1)
0.0786,3.04,-0.87,0.0,1.9,0.05,0.0,1.9,3.0,0.0 (cmd -0.9),0.0 (cmd 0.1)
0.07909999999999999,3.02,-0.87,0.0,1.89,0.06,0.0,1.9,3.0,0.0 (cmd -0.9),0.0 (cmd 0.1)
0.07959999999999999,2.95,-0.86,0.0,1.94,0.06,0.0,1.9,3.0,0.0 (cmd -0.9),0.0 (cmd 0.1)
0.08009999999999999,2.92,-0.85,0.0,2.0,0.07,0.0,2.0,2.9,0.0 (cmd -0.8),0.0 (cmd 0.1)
0.0806,2.9,-0.84,0.0,2.01,0.07,0.0,2.0,2.9,0.0 (cmd -0.8),0.0 (cmd 0.1)
0.08109999999999999,2.88,-0.85,0.0,1.99,0.07,0.0,2.0,2.9,0.0 (cmd -0.8),0.0 (cmd 0.1)
0.08159999999999999,2.85,-0.85,0.0,2.0,0.07,0.0,2.0,2.9,0.0 (cmd -0.8),0.0 (cmd 0.1)
0.0821,2.8,-0.84,0.0,2.07,0.07,0.0,2.1,2.8,0.0 (cmd -0.8),0.0 (cmd 0.1)
0.08259999999999999,2.63,-0.83,0.0,2.11,0.08,0.0,2.1,2.6,0.0 (cmd -0.8),0.0 (cmd 0.1)
0.08310000000000001,2.44,-0.8,0.0,2.12,0.08,0.0,2.1,2.4,0.0 (cmd -0.8),0.0 (cmd 0.1)
0.0836,2.25,-0.75,0.0,2.12,0.09,0.0,2.1,2.2,0.0 (cmd -0.8),0.0 (cmd 0.1)
0.0841,2.15,-0.73,0.0,2.1,0.09,0.0,2.1,2.1,0.0 (cmd -0.7),0.0 (cmd 0.1)
0.08460000000000001,2.05,-0.74,0.0,1.99,0.09,0.0,2.0,2.0,0.0 (cmd -0.7),0.0 (cmd 0.1)
0.0851,2.01,-0.75,0.0,1.88,0.08,0.0,1.9,2.0,0.0 (cmd -0.8),0.0 (cmd 0.1)
0.08560000000000001,2.0,-0.77,0.0,1.79,0.07,0.0,1.8,2.0,0.0 (cmd -0.8),0.0 (cmd 0.1)
0.0861,2.0,-0.8,0.0,1.71,0.07,0.0,1.7,2.0,0.0 (cmd -0.8),0.0 (cmd 0.1)
0.0866,2.05,-0.82,0.0,1.72,0.07,0.0,1.7,2.0,0.0 (cmd -0.8),0.0 (cmd 0.1)
0.08710000000000001,2.14,-0.86,0.0,1.77,0.06,0.0,1.8,2.1,0.0 (cmd -0.9),0.0 (cmd 0.1)
0.0876,2.15,-0.87,0.0,1.84,0.07,0.0,1.8,2.1,0.0 (cmd -0.9),0.0 (cmd 0.1)
0.08810000000000001,2.06,-0.86,0.0,1.87,0.07,0.0,1.9,2.1,0.0 (cmd -0.9),0.0 (cmd 0.1)
0.0886,2.02,-0.84,0.0,1.88,0.08,0.0,1.9,2.0,0.0 (cmd -0.8),0.0 (cmd 0.1)
0.0891,1.91,-0.82,0.0,1.86,0.08,0.0,1.9,1.9,0.0 (cmd -0.8),0.0 (cmd 0.1)
0.08960000000000001,1.83,-0.81,0.0,1.85,0.08,0.0,1.9,1.8,0.0 (cmd -0.8),0.0 (cmd 0.1)
0.0901,1.74,-0.8,0.0,1.82,0.08,0.0,1.8,1.7,0.0 (cmd -0.8),0.0 (cmd 0.1)
0.09060000000000001,1.69,-0.79,0.0,1.77,0.08,0.0,1.8,1.7,0.0 (cmd -0.8),0.0 (cmd 0.1)
0.0911,1.67,-0.81,0.0,1.67,0.08,0.0,1.7,1.7,0.0 (cmd -0.8),0.0 (cmd 0.1)
0.0916,1.59,-0.81,0.0,1.56,0.07,0.0,1.6,1.6,0.0 (cmd -0.8),0.0 (cmd 0.1)
0.09210000000000002,1.53,-0.81,0.0,1.44,0.07,0.0,1.4,1.5,0.0 (cmd -0.8),0.0 (cmd 0.1)
0.09259999999999999,1.49,-0.81,0.0,1.42,0.07,0.0,1.4,1.5,0.0 (cmd -0.8),0.0 (cmd 0.1)
0.0931,1.48,-0.82,0.0,1.42,0.07,0.0,1.4,1.5,0.0 (cmd -0.8),0.0 (cmd 0.1)
0.09359999999999999,1.49,-0.84,0.0,1.41,0.07,0.0,1.4,1.5,0.0 (cmd -0.8),0.0 (cmd 0.1)
0.09409999999999999,1.48,-0.84,0.0,1.39,0.08,0.0,1.4,1.5,0.0 (cmd -0.8),0.0 (cmd 0.1)
0.0946,1.43,-0.85,0.0,1.39,0.08,0.0,1.4,1.4,0.0 (cmd -0.8),0.0 (cmd 0.1)
0.09509999999999999,1.32,-0.84,0.0,1.28,0.08,0.0,1.3,1.3,0.0 (cmd -0.8),0.0 (cmd 0.1)
0.0956,1.24,-0.82,0.0,1.22,0.08,0.0,1.2,1.2,0.0 (cmd -0.8),0.0 (cmd 0.1)
0.09609999999999999,1.19,-0.81,0.0,1.15,0.08,0.0,1.1,1.2,0.0 (cmd -0.8),0.0 (cmd 0.1)
0.09659999999999999,1.07,-0.82,0.0,1.06,0.08,0.0,1.1,1.1,0.0 (cmd -0.8),0.0 (cmd 0.1)
0.0971,1.0,-0.81,0.0,0.98,0.08,0.0,1.0,1.0,0.0 (cmd -0.8),0.0 (cmd 0.1)
0.09759999999999999,0.95,-0.81,0.0,0.91,0.08,0.0,0.9,0.9,0.0 (cmd -0.8),0.0 (cmd 0.1)
0.0981,0.88,-0.81,0.0,0.9,0.09,0.0,0.9,0.9,0.0 (cmd -0.8),0.0 (cmd 0.1)
0.0986,0.82,-0.82,0.0,0.9,0.09,0.0,0.9,0.8,0.0 (cmd -0.8),0.0 (cmd 0.1)
0.0991,0.81,-0.81,0.0,0.9,0.09,0.0,0.9,0.8,0.0 (cmd -0.8),0.0 (cmd 0.1)
0.09960000000000001,0.82,-0.83,0.0,0.93,0.1,0.0,0.9,0.8,0.0 (cmd -0.8),0.0 (cmd 0.1)
0.1001,0.85,-0.84,0.0,0.93,0.09,0.0,0.9,0.8,0.0 (cmd -0.8),0.0 (cmd 0.1)
0.10060000000000001,0.82,-0.85,0.0,0.95,0.09,0.0,0.9,0.8,0.0 (cmd -0.8),0.0 (cmd 0.1)
0.1011,0.77,-0.84,0.0,1.0,0.1,0.0,1.0,0.8,0.0 (cmd -0.8),0.0 (cmd 0.1)
0.1016,0.79,-0.84,0.0,1.05,0.1,0.0,1.1,0.8,0.0 (cmd -0.8),0.0 (cmd 0.1)
0.10210000000000001,0.84,-0.85,0.0,1.09,0.1,0.0,1.1,0.8,0.0 (cmd -0.8),0.0 (cmd 0.1)
0.1026,0.87,-0.87,0.0,1.05,0.1,0.0,1.1,0.9,0.0 (cmd -0.9),0.0 (cmd 0.1)
0.10310000000000001,0.99,-0.9,0.0,0.99,0.09,0.0,1.0,1.0,0.0 (cmd -0.9),0.0 (cmd 0.1)
0.1036,1.01,-0.91,0.0,0.95,0.08,0.0,0.9,1.0,0.0 (cmd -0.9),0.0 (cmd 0.1)
0.1041,1.05,-0.9,0.0,0.95,0.08,0.0,0.9,1.1,0.0 (cmd -0.9),0.0 (cmd 0.1)
0.10460000000000001,1.09,-0.91,0.0,1.12,0.08,0.0,1.1,1.1,0.0 (cmd -0.9),0.0 (cmd 0.1)
0.1051,1.13,-0.9,0.0,1.4,0.1,0.0,1.4,1.1,0.0 (cmd -0.9),0.0 (cmd 0.1)
0.10560000000000001,0.91,-0.83,0.0,1.49,0.11,0.0,1.5,0.9,0.0 (cmd -0.8),0.0 (cmd 0.1)
0.1061,0.91,-0.81,0.0,1.61,0.11,0.0,1.6,0.9,0.0 (cmd -0.8),0.0 (cmd 0.1)
0.1066,0.93,-0.82,0.0,1.71,0.11,0.0,1.7,0.9,0.0 (cmd -0.8),0.0 (cmd 0.1)
0.10710000000000001,0.92,-0.83,0.0,1.58,0.1,0.0,1.6,0.9,0.0 (cmd -0.8),0.0 (cmd 0.1)
0.1076,0.88,-0.85,0.0,1.27,0.08,0.0,1.3,0.9,0.0 (cmd -0.8),0.0 (cmd 0.1)
0.1081,0.8,-0.86,0.0,0.65,0.07,0.0,0.7,0.8,0.0 (cmd -0.9),0.0 (cmd 0.1)
0.10859999999999999,-5.32,-0.88,0.0,0.5,0.05,0.0,0.5,-5.3,0.0 (cmd -0.9),0.0 (cmd 0.1)
0.10909999999999999,-11.95,0.69,0.0,0.46,0.36,0.0,0.5,-11.9,0.0 (cmd 0.7),0.0 (cmd 0.4)
0.1096,-24.48,4.08,0.0,0.78,1.0,0.0,0.8,-24.5,0.0 (cmd 4.1),0.0 (cmd 1.0)
0.11009999999999999,-35.27,5.86,0.0,2.33,1.25,0.0,2.3,-35.3,0.0 (cmd 5.9),0.0 (cmd 1.2)
0.1106,-38.74,7.25,0.0,3.89,1.52,0.0,3.9,-38.7,0.0 (cmd 7.2),0.0 (cmd 1.5)
0.11109999999999999,-40.49,6.21,0.0,5.1,1.41,0.0,5.1,-40.5,0.0 (cmd 6.2),0.0 (cmd 1.4)
0.11159999999999999,-43.69,4.96,0.0,4.79,1.17,0.0,4.8,-43.7,0.0 (cmd 5.0),0.0 (cmd 1.2)
0.1121,-44.57,4.33,0.0,4.42,1.06,0.0,4.4,-44.6,0.0 (cmd 4.3),0.0 (cmd 1.1)
0.11259999999999999,-40.04,3.28,0.0,4.23,0.93,0.0,4.2,-40.0,0.0 (cmd 3.3),0.0 (cmd 0.9)
0.1131,-37.89,0.8,0.0,4.08,0.65,0.0,4.1,-37.9,0.0 (cmd 0.8),0.0 (cmd 0.7)
0.11359999999999999,-28.25,-0.87,0.0,3.33,0.47,0.0,3.3,-28.2,0.0 (cmd -0.9),0.0 (cmd 0.5)
0.1141,-17.91,-3.25,0.0,1.89,0.26,0.0,1.9,-17.9,0.0 (cmd -3.2),0.0 (cmd 0.3)
0.11460000000000001,-16.33,-4.62,0.0,-0.37,0.18,0.0,-0.4,-16.3,0.0 (cmd -4.6),0.0 (cmd 0.2)
0.1151,-2.93,-4.75,0.0,-5.67,0.1,0.0,-5.7,-2.9,0.0 (cmd -4.8),0.0 (cmd 0.1)
0.11560000000000001,-1.12,-5.53,0.0,-11.5,-0.03,0.0,-11.5,-1.1,0.0 (cmd -5.5),0.0 (cmd -0.0)
0.1161,-0.96,-4.64,0.0,-21.03,-1.05,0.0,-21.0,-1.0,0.0 (cmd -4.6),0.0 (cmd -1.1)
0.1166,-0.09,-4.3,0.0,-33.6,-2.19,0.0,-33.6,-0.1,0.0 (cmd -4.3),0.0 (cmd -2.2)
0.11710000000000001,0.23,-4.03,0.0,-43.04,-3.25,0.0,-43.0,0.2,0.0 (cmd -4.0),0.0 (cmd -3.2)
0.1176,0.01,-4.0,0.0,-50.22,-3.04,0.0,-50.2,0.0,0.0 (cmd -4.0),0.0 (cmd -3.0)
0.11810000000000001,-0.13,-3.8,0.0,-54.66,-2.75,0.0,-54.7,-0.1,0.0 (cmd -3.8),0.0 (cmd -2.8)
0.1186,0.18,-3.76,0.0,-58.34,-2.39,0.0,-58.3,0.2,0.0 (cmd -3.8),0.0 (cmd -2.4)
0.1191,0.71,-3.83,0.0,-57.78,-1.72,0.0,-57.8,0.7,0.0 (cmd -3.8),0.0 (cmd -1.7)
0.11960000000000001,1.08,-3.81,0.0,-54.99,-0.78,0.0,-55.0,1.1,0.0 (cmd -3.8),0.0 (cmd -0.8)
0.1201,1.12,-3.84,0.0,-52.98,0.22,0.0,-53.0,1.1,0.0 (cmd -3.8),0.0 (cmd 0.2)
0.12060000000000001,0.87,-3.62,0.0,-38.7,0.76,0.0,-38.7,0.9,0.0 (cmd -3.6),0.0 (cmd 0.8)
0.1211,0.72,-2.45,0.0,-29.25,1.69,0.0,-29.2,0.7,0.0 (cmd -2.5),0.0 (cmd 1.7)
0.1216,-0.3,-1.16,0.0,-18.28,1.83,0.0,-18.3,-0.3,0.0 (cmd -1.2),0.0 (cmd 1.8)
0.12210000000000001,-1.83,0.13,0.0,-9.01,1.74,0.0,-9.0,-1.8,0.0 (cmd 0.1),0.0 (cmd 1.7)
0.1226,-7.65,2.25,0.0,-4.51,1.83,0.0,-4.5,-7.7,0.0 (cmd 2.2),0.0 (cmd 1.8)
0.12310000000000001,-17.35,4.74,0.0,-1.21,1.96,0.0,-1.2,-17.4,0.0 (cmd 4.7),0.0 (cmd 2.0)
0.12359999999999999,-21.03,5.86,0.0,-1.34,1.97,0.0,-1.3,-21.0,0.0 (cmd 5.9),0.0 (cmd 2.0)
0.12409999999999999,-28.43,5.44,0.0,-0.46,1.79,0.0,-0.5,-28.4,0.0 (cmd 5.4),0.0 (cmd 1.8)
0.1246,-41.23,9.14,0.0,0.67,2.03,0.0,0.7,-41.2,0.0 (cmd 9.1),0.0 (cmd 2.0)
0.1251,-45.21,8.8,0.0,1.82,1.89,0.0,1.8,-45.2,0.0 (cmd 8.8),0.0 (cmd 1.9)
0.12560000000000002,-46.97,7.47,0.0,2.52,1.7,0.0,2.5,-47.0,0.0 (cmd 7.5),0.0 (cmd 1.7)
0.1261,-46.04,5.57,0.0,2.52,1.39,0.0,2.5,-46.0,0.0 (cmd 5.6),0.0 (cmd 1.4)
0.1266,-42.91,3.38,0.0,2.87,1.01,0.0,2.9,-42.9,0.0 (cmd 3.4),0.0 (cmd 1.0)
0.12710000000000002,-36.66,1.06,0.0,2.91,0.71,0.0,2.9,-36.7,0.0 (cmd 1.1),0.0 (cmd 0.7)
0.1276,-29.84,-1.37,0.0,2.81,0.46,0.0,2.8,-29.8,0.0 (cmd -1.4),0.0 (cmd 0.5)
0.1281,-20.33,-2.68,0.0,1.81,0.31,0.0,1.8,-20.3,0.0 (cmd -2.7),0.0 (cmd 0.3)
0.1286,-5.47,-4.64,0.0,1.49,0.2,0.0,1.5,-5.5,0.0 (cmd -4.6),0.0 (cmd 0.2)
0.1291,-1.91,-6.71,0.0,-0.06,0.18,0.0,-0.1,-1.9,0.0 (cmd -6.7),0.0 (cmd 0.2)
0.12960000000000002,-0.18,-6.04,0.0,-3.5,0.13,0.0,-3.5,-0.2,0.0 (cmd -6.0),0.0 (cmd 0.1)
0.1301,0.02,-4.83,0.0,-16.03,-0.38,0.0,-16.0,0.0,0.0 (cmd -4.8),0.0 (cmd -0.4)
0.1306,0.02,-4.14,0.0,-33.77,-2.12,0.0,-33.8,0.0,0.0 (cmd -4.1),0.0 (cmd -2.1)
0.1311,0.98,-3.79,0.0,-42.66,-3.45,0.0,-42.7,1.0,0.0 (cmd -3.8),0.0 (cmd -3.5)
0.1316,0.86,-4.01,0.0,-50.1,-3.45,0.0,-50.1,0.9,0.0 (cmd -4.0),0.0 (cmd -3.5)
0.13210000000000002,0.83,-3.81,0.0,-54.08,-2.94,0.0,-54.1,0.8,0.0 (cmd -3.8),0.0 (cmd -2.9)
0.1326,1.1,-3.78,0.0,-56.36,-2.31,0.0,-56.4,1.1,0.0 (cmd -3.8),0.0 (cmd -2.3)
0.1331,1.27,-3.79,0.0,-55.81,-1.63,0.0,-55.8,1.3,0.0 (cmd -3.8),0.0 (cmd -1.6)
0.1336,1.47,-3.75,0.0,-53.87,-0.78,0.0,-53.9,1.5,0.0 (cmd -3.8),0.0 (cmd -0.8)
0.1341,1.48,-3.73,0.0,-47.61,0.01,0.0,-47.6,1.5,0.0 (cmd -3.7),0.0 (cmd 0.0)
0.13460000000000003,1.51,-3.4,0.0,-38.33,1.1,0.0,-38.3,1.5,0.0 (cmd -3.4),0.0 (cmd 1.1)
0.1351,1.72,-2.59,0.0,-30.02,1.63,0.0,-30.0,1.7,0.0 (cmd -2.6),0.0 (cmd 1.6)
0.1356,1.61,-1.09,0.0,-20.63,1.77,0.0,-20.6,1.6,0.0 (cmd -1.1),0.0 (cmd 1.8)
0.1361,0.7,-0.52,0.0,-11.77,1.69,0.0,-11.8,0.7,0.0 (cmd -0.5),0.0 (cmd 1.7)
0.1366,-3.0,0.84,0.0,-6.79,1.67,0.0,-6.8,-3.0,0.0 (cmd 0.8),0.0 (cmd 1.7)
0.13710000000000003,-10.58,2.93,0.0,-2.96,1.79,0.0,-3.0,-10.6,0.0 (cmd 2.9),0.0 (cmd 1.8)
0.1376,-18.93,5.19,0.0,-0.92,1.96,0.0,-0.9,-18.9,0.0 (cmd 5.2),0.0 (cmd 2.0)
0.1381,-30.54,6.66,0.0,-0.21,1.98,0.0,-0.2,-30.5,0.0 (cmd 6.7),0.0 (cmd 2.0)
0.1386,-36.53,8.44,0.0,3.07,2.0,0.0,3.1,-36.5,0.0 (cmd 8.4),0.0 (cmd 2.0)
0.1391,-44.3,8.25,0.0,4.47,1.91,0.0,4.5,-44.3,0.0 (cmd 8.2),0.0 (cmd 1.9)
0.13960000000000003,-46.9,8.44,0.0,4.63,1.93,0.0,4.6,-46.9,0.0 (cmd 8.4),0.0 (cmd 1.9)
0.1401,-47.69,6.79,0.0,5.13,1.66,0.0,5.1,-47.7,0.0 (cmd 6.8),0.0 (cmd 1.7)
0.1406,-45.66,4.58,0.0,5.33,1.25,0.0,5.3,-45.7,0.0 (cmd 4.6),0.0 (cmd 1.2)
0.1411,-41.39,2.53,0.0,5.22,0.92,0.0,5.2,-41.4,0.0 (cmd 2.5),0.0 (cmd 0.9)
0.1416,-37.39,-0.04,0.0,4.41,0.63,0.0,4.4,-37.4,0.0 (cmd -0.0),0.0 (cmd 0.6)
0.14210000000000003,-26.17,-1.46,0.0,3.71,0.46,0.0,3.7,-26.2,0.0 (cmd -1.5),0.0 (cmd 0.5)
0.1426,-20.94,-3.74,0.0,2.55,0.27,0.0,2.5,-20.9,0.0 (cmd -3.7),0.0 (cmd 0.3)
0.1431,-6.94,-5.03,0.0,-2.41,0.19,0.0,-2.4,-6.9,0.0 (cmd -5.0),0.0 (cmd 0.2)
0.1436,-3.1,-6.18,0.0,-7.16,0.1,0.0,-7.2,-3.1,0.0 (cmd -6.2),0.0 (cmd 0.1)
0.1441,-1.94,-5.27,0.0,-11.95,-0.26,0.0,-11.9,-1.9,0.0 (cmd -5.3),0.0 (cmd -0.3)
0.14460000000000003,-0.54,-4.77,0.0,-23.52,-1.23,0.0,-23.5,-0.5,0.0 (cmd -4.8),0.0 (cmd -1.2)
0.1451,0.25,-4.58,0.0,-34.84,-1.82,0.0,-34.8,0.2,0.0 (cmd -4.6),0.0 (cmd -1.8)
0.1456,-0.44,-4.15,0.0,-37.94,-2.82,0.0,-37.9,-0.4,0.0 (cmd -4.2),0.0 (cmd -2.8)
0.1461,-1.09,-3.84,0.0,-43.74,-2.17,0.0,-43.7,-1.1,0.0 (cmd -3.8),0.0 (cmd -2.2)
0.1466,-0.79,-3.61,0.0,-49.34,-1.97,0.0,-49.3,-0.8,0.0 (cmd -3.6),0.0 (cmd -2.0)
0.14710000000000004,-0.12,-3.63,0.0,-51.16,-1.83,0.0,-51.2,-0.1,0.0 (cmd -3.6),0.0 (cmd -1.8)
0.14759999999999998,0.49,-3.72,0.0,-51.16,-1.12,0.0,-51.2,0.5,0.0 (cmd -3.7),0.0 (cmd -1.1)
0.14809999999999998,1.0,-3.75,0.0,-51.74,-0.5,0.0,-51.7,1.0,0.0 (cmd -3.8),0.0 (cmd -0.5)
0.14859999999999998,1.5,-3.81,0.0,-52.11,-0.16,0.0,-52.1,1.5,0.0 (cmd -3.8),0.0 (cmd -0.2)
0.14909999999999998,2.24,-3.88,0.0,-39.92,0.24,0.0,-39.9,2.2,0.0 (cmd -3.9),0.0 (cmd 0.2)
0.1496,2.96,-2.88,0.0,-32.14,1.59,0.0,-32.1,3.0,0.0 (cmd -2.9),0.0 (cmd 1.6)
0.15009999999999998,3.03,-2.09,0.0,-18.28,1.68,0.0,-18.3,3.0,0.0 (cmd -2.1),0.0 (cmd 1.7)
0.15059999999999998,2.22,-0.27,0.0,-9.86,1.64,0.0,-9.9,2.2,0.0 (cmd -0.3),0.0 (cmd 1.6)
0.15109999999999998,-0.64,1.26,0.0,-2.72,1.64,0.0,-2.7,-0.6,0.0 (cmd 1.3),0.0 (cmd 1.6)
0.15159999999999998,-4.02,2.24,0.0,-0.07,1.65,0.0,-0.1,-4.0,0.0 (cmd 2.2),0.0 (cmd 1.6)
0.1521,-9.13,2.77,0.0,0.98,1.62,0.0,1.0,-9.1,0.0 (cmd 2.8),0.0 (cmd 1.6)
0.15259999999999999,-25.76,6.67,0.0,3.01,2.0,0.0,3.0,-25.8,0.0 (cmd 6.7),0.0 (cmd 2.0)
0.15309999999999999,-34.53,8.63,0.0,4.76,2.06,0.0,4.8,-34.5,0.0 (cmd 8.6),0.0 (cmd 2.1)
0.1536,-38.67,8.88,0.0,5.56,1.99,0.0,5.6,-38.7,0.0 (cmd 8.9),0.0 (cmd 2.0)
0.1541,-42.15,8.2,0.0,4.73,1.86,0.0,4.7,-42.1,0.0 (cmd 8.2),0.0 (cmd 1.9)
0.15460000000000002,-43.51,6.38,0.0,4.6,1.52,0.0,4.6,-43.5,0.0 (cmd 6.4),0.0 (cmd 1.5)
0.1551,-42.63,4.58,0.0,4.58,1.18,0.0,4.6,-42.6,0.0 (cmd 4.6),0.0 (cmd 1.2)
0.1556,-40.06,2.75,0.0,4.21,0.91,0.0,4.2,-40.1,0.0 (cmd 2.8),0.0 (cmd 0.9)
0.1561,-35.17,1.11,0.0,3.94,0.69,0.0,3.9,-35.2,0.0 (cmd 1.1),0.0 (cmd 0.7)
0.1566,-30.39,-1.02,0.0,3.37,0.45,0.0,3.4,-30.4,0.0 (cmd -1.0),0.0 (cmd 0.5)
0.15710000000000002,-26.29,-2.73,0.0,2.09,0.29,0.0,2.1,-26.3,0.0 (cmd -2.7),0.0 (cmd 0.3)
0.1576,-19.96,-3.11,0.0,1.16,0.22,0.0,1.2,-20.0,0.0 (cmd -3.1),0.0 (cmd 0.2)
0.1581,-12.89,-3.83,0.0,-1.07,0.12,0.0,-1.1,-12.9,0.0 (cmd -3.8),0.0 (cmd 0.1)
0.1586,-9.91,-4.61,0.0,-5.4,0.02,0.0,-5.4,-9.9,0.0 (cmd -4.6),0.0 (cmd 0.0)
0.1591,-4.88,-4.84,0.0,-12.53,-0.2,0.0,-12.5,-4.9,0.0 (cmd -4.8),0.0 (cmd -0.2)
0.15960000000000002,-3.93,-4.75,0.0,-18.52,-0.72,0.0,-18.5,-3.9,0.0 (cmd -4.8),0.0 (cmd -0.7)
0.16010000000000002,-3.68,-4.06,0.0,-27.94,-1.73,0.0,-27.9,-3.7,0.0 (cmd -4.1),0.0 (cmd -1.7)
0.1606,-3.67,-3.76,0.0,-37.77,-2.13,0.0,-37.8,-3.7,0.0 (cmd -3.8),0.0 (cmd -2.1)
0.1611,-3.24,-3.59,0.0,-42.79,-2.22,0.0,-42.8,-3.2,0.0 (cmd -3.6),0.0 (cmd -2.2)
0.1616,-4.4,-3.52,0.0,-47.39,-2.05,0.0,-47.4,-4.4,0.0 (cmd -3.5),0.0 (cmd -2.0)
0.16210000000000002,-4.44,-3.12,0.0,-49.73,-1.5,0.0,-49.7,-4.4,0.0 (cmd -3.1),0.0 (cmd -1.5)
0.16260000000000002,-3.23,-3.34,0.0,-48.96,-1.03,0.0,-49.0,-3.2,0.0 (cmd -3.3),0.0 (cmd -1.0)
0.1631,-2.07,-3.58,0.0,-46.14,-0.25,0.0,-46.1,-2.1,0.0 (cmd -3.6),0.0 (cmd -0.2)
0.1636,-0.73,-3.61,0.0,-39.21,0.78,0.0,-39.2,-0.7,0.0 (cmd -3.6),0.0 (cmd 0.8)
0.1641,0.19,-3.48,0.0,-28.91,1.07,0.0,-28.9,0.2,0.0 (cmd -3.5),0.0 (cmd 1.1)
0.16460000000000002,0.51,-2.65,0.0,-20.68,1.4,0.0,-20.7,0.5,0.0 (cmd -2.6),0.0 (cmd 1.4)
0.16510000000000002,-0.67,-0.86,0.0,-9.86,1.46,0.0,-9.9,-0.7,0.0 (cmd -0.9),0.0 (cmd 1.5)
0.1656,-3.53,0.67,0.0,-3.01,1.52,0.0,-3.0,-3.5,0.0 (cmd 0.7),0.0 (cmd 1.5)
0.1661,-6.5,2.66,0.0,0.09,1.66,0.0,0.1,-6.5,0.0 (cmd 2.7),0.0 (cmd 1.7)
0.1666,-20.47,2.34,0.0,-0.04,1.51,0.0,-0.0,-20.5,0.0 (cmd 2.3),0.0 (cmd 1.5)
0.16710000000000003,-29.35,6.03,0.0,0.31,1.84,0.0,0.3,-29.4,0.0 (cmd 6.0),0.0 (cmd 1.8)
0.16760000000000003,-41.87,8.55,0.0,0.76,1.97,0.0,0.8,-41.9,0.0 (cmd 8.6),0.0 (cmd 2.0)
0.1681,-47.15,9.6,0.0,1.42,1.97,0.0,1.4,-47.1,0.0 (cmd 9.6),0.0 (cmd 2.0)
0.1686,-50.9,8.63,0.0,2.29,1.88,0.0,2.3,-50.9,0.0 (cmd 8.6),0.0 (cmd 1.9)
0.1691,-53.54,7.07,0.0,2.7,1.65,0.0,2.7,-53.5,0.0 (cmd 7.1),0.0 (cmd 1.6)
0.16960000000000003,-52.27,5.3,0.0,2.76,1.34,0.0,2.8,-52.3,0.0 (cmd 5.3),0.0 (cmd 1.3)
0.17010000000000003,-48.44,2.99,0.0,2.63,0.97,0.0,2.6,-48.4,0.0 (cmd 3.0),0.0 (cmd 1.0)
0.1706,-40.52,0.72,0.0,2.22,0.71,0.0,2.2,-40.5,0.0 (cmd 0.7),0.0 (cmd 0.7)
0.1711,-37.35,-1.08,0.0,2.25,0.51,0.0,2.2,-37.4,0.0 (cmd -1.1),0.0 (cmd 0.5)
0.1716,-24.05,-4.32,0.0,2.05,0.27,0.0,2.0,-24.1,0.0 (cmd -4.3),0.0 (cmd 0.3)
0.17210000000000003,-14.96,-5.87,0.0,1.27,0.19,0.0,1.3,-15.0,0.0 (cmd -5.9),0.0 (cmd 0.2)
0.17260000000000003,-9.59,-6.48,0.0,-2.96,0.15,0.0,-3.0,-9.6,0.0 (cmd -6.5),0.0 (cmd 0.1)
0.1731,-4.5,-6.03,0.0,-9.75,0.01,0.0,-9.8,-4.5,0.0 (cmd -6.0),0.0 (cmd 0.0)
0.1736,-3.38,-5.3,0.0,-13.76,-0.33,0.0,-13.8,-3.4,0.0 (cmd -5.3),0.0 (cmd -0.3)
0.1741,-2.26,-4.98,0.0,-23.55,-0.94,0.0,-23.6,-2.3,0.0 (cmd -5.0),0.0 (cmd -0.9)
0.17460000000000003,-1.9,-4.33,0.0,-30.79,-2.25,0.0,-30.8,-1.9,0.0 (cmd -4.3),0.0 (cmd -2.2)
0.17510000000000003,-1.28,-4.2,0.0,-39.8,-2.46,0.0,-39.8,-1.3,0.0 (cmd -4.2),0.0 (cmd -2.5)
0.1756,-0.92,-4.02,0.0,-43.98,-2.33,0.0,-44.0,-0.9,0.0 (cmd -4.0),0.0 (cmd -2.3)
0.1761,-0.76,-3.92,0.0,-48.78,-1.91,0.0,-48.8,-0.8,0.0 (cmd -3.9),0.0 (cmd -1.9)
0.1766,-0.72,-3.76,0.0,-50.53,-1.5,0.0,-50.5,-0.7,0.0 (cmd -3.8),0.0 (cmd -1.5)
0.17710000000000004,-0.91,-3.64,0.0,-50.33,-0.95,0.0,-50.3,-0.9,0.0 (cmd -3.6),0.0 (cmd -0.9)
0.17760000000000004,-0.96,-3.56,0.0,-47.94,-0.13,0.0,-47.9,-1.0,0.0 (cmd -3.6),0.0 (cmd -0.1)
0.17809999999999998,-0.73,-3.47,0.0,-41.94,0.56,0.0,-41.9,-0.7,0.0 (cmd -3.5),0.0 (cmd 0.6)
0.17859999999999998,-0.47,-3.21,0.0,-37.97,1.07,0.0,-38.0,-0.5,0.0 (cmd -3.2),0.0 (cmd 1.1)
0.17909999999999998,0.09,-2.49,0.0,-27.71,1.52,0.0,-27.7,0.1,0.0 (cmd -2.5),0.0 (cmd 1.5)
0.1796,0.13,-2.05,0.0,-24.54,1.56,0.0,-24.5,0.1,0.0 (cmd -2.0),0.0 (cmd 1.6)
0.1801,0.34,-0.45,0.0,-9.8,1.59,0.0,-9.8,0.3,0.0 (cmd -0.5),0.0 (cmd 1.6)
0.18059999999999998,0.81,0.1,0.0,-5.22,1.48,0.0,-5.2,0.8,0.0 (cmd 0.1),0.0 (cmd 1.5)
0.18109999999999998,1.4,0.77,0.0,1.7,1.43,0.0,1.7,1.4,0.0 (cmd 0.8),0.0 (cmd 1.4)
0.18159999999999998,1.52,0.56,0.0,3.25,1.27,0.0,3.2,1.5,0.0 (cmd 0.6),0.0 (cmd 1.3)
0.1821,1.53,0.09,0.0,2.4,1.08,0.0,2.4,1.5,0.0 (cmd 0.1),0.0 (cmd 1.1)
0.1826,0.31,-0.42,0.0,2.08,0.91,0.0,2.1,0.3,0.0 (cmd -0.4),0.0 (cmd 0.9)
0.18309999999999998,-0.86,-0.16,0.0,2.34,0.86,0.0,2.3,-0.9,0.0 (cmd -0.2),0.0 (cmd 0.9)
0.18359999999999999,-4.51,0.25,0.0,3.45,0.82,0.0,3.5,-4.5,0.0 (cmd 0.2),0.0 (cmd 0.8)
0.18409999999999999,-25.82,3.95,0.0,4.05,1.29,0.0,4.0,-25.8,0.0 (cmd 4.0),0.0 (cmd 1.3)
0.18460000000000001,-34.11,7.46,0.0,5.04,1.67,0.0,5.0,-34.1,0.0 (cmd 7.5),0.0 (cmd 1.7)
0.18510000000000001,-37.99,7.59,0.0,6.0,1.71,0.0,6.0,-38.0,0.0 (cmd 7.6),0.0 (cmd 1.7)
0.1856,-40.11,7.26,0.0,6.11,1.66,0.0,6.1,-40.1,0.0 (cmd 7.3),0.0 (cmd 1.7)
0.1861,-41.17,5.47,0.0,5.93,1.3,0.0,5.9,-41.2,0.0 (cmd 5.5),0.0 (cmd 1.3)
0.1866,-40.0,3.84,0.0,5.97,1.03,0.0,6.0,-40.0,0.0 (cmd 3.8),0.0 (cmd 1.0)
0.18710000000000002,-37.45,2.15,0.0,6.02,0.82,0.0,6.0,-37.5,0.0 (cmd 2.1),0.0 (cmd 0.8)
0.18760000000000002,-31.9,0.72,0.0,5.77,0.67,0.0,5.8,-31.9,0.0 (cmd 0.7),0.0 (cmd 0.7)
0.1881,-24.5,-1.14,0.0,5.28,0.45,0.0,5.3,-24.5,0.0 (cmd -1.1),0.0 (cmd 0.5)
0.1886,-13.61,-3.46,0.0,4.41,0.3,0.0,4.4,-13.6,0.0 (cmd -3.5),0.0 (cmd 0.3)
0.1891,-7.21,-5.92,0.0,2.74,0.24,0.0,2.7,-7.2,0.0 (cmd -5.9),0.0 (cmd 0.2)
0.18960000000000002,-0.79,-5.01,0.0,-0.58,0.21,0.0,-0.6,-0.8,0.0 (cmd -5.0),0.0 (cmd 0.2)
0.19010000000000002,-0.93,-4.86,0.0,-3.86,0.11,0.0,-3.9,-0.9,0.0 (cmd -4.9),0.0 (cmd 0.1)
0.1906,-0.99,-4.2,0.0,-12.49,-0.25,0.0,-12.5,-1.0,0.0 (cmd -4.2),0.0 (cmd -0.2)
0.1911,-0.75,-3.71,0.0,-19.11,-1.22,0.0,-19.1,-0.8,0.0 (cmd -3.7),0.0 (cmd -1.2)
0.1916,0.08,-3.21,0.0,-29.09,-2.38,0.0,-29.1,0.1,0.0 (cmd -3.2),0.0 (cmd -2.4)
0.19210000000000002,0.47,-3.3,0.0,-39.49,-2.84,0.0,-39.5,0.5,0.0 (cmd -3.3),0.0 (cmd -2.8)
0.19260000000000002,0.21,-3.34,0.0,-44.25,-2.62,0.0,-44.2,0.2,0.0 (cmd -3.3),0.0 (cmd -2.6)
0.1931,-0.21,-3.21,0.0,-48.2,-2.33,0.0,-48.2,-0.2,0.0 (cmd -3.2),0.0 (cmd -2.3)
0.1936,-0.5,-3.15,0.0,-51.81,-1.98,0.0,-51.8,-0.5,0.0 (cmd -3.1),0.0 (cmd -2.0)
0.1941,-0.84,-3.11,0.0,-53.24,-1.49,0.0,-53.2,-0.8,0.0 (cmd -3.1),0.0 (cmd -1.5)
0.19460000000000002,-0.89,-3.13,0.0,-52.87,-0.85,0.0,-52.9,-0.9,0.0 (cmd -3.1),0.0 (cmd -0.8)
0.19510000000000002,-0.92,-3.18,0.0,-50.42,-0.07,0.0,-50.4,-0.9,0.0 (cmd -3.2),0.0 (cmd -0.1)
0.1956,-0.9,-3.14,0.0,-44.45,0.73,0.0,-44.5,-0.9,0.0 (cmd -3.1),0.0 (cmd 0.7)
0.1961,0.29,-3.16,0.0,-39.11,1.14,0.0,-39.1,0.3,0.0 (cmd -3.2),0.0 (cmd 1.1)
0.1966,0.82,-2.6,0.0,-34.15,1.55,0.0,-34.1,0.8,0.0 (cmd -2.6),0.0 (cmd 1.6)
0.19710000000000003,0.87,-2.44,0.0,-28.4,1.57,0.0,-28.4,0.9,0.0 (cmd -2.4),0.0 (cmd 1.6)
0.19760000000000003,0.76,-1.02,0.0,-13.2,1.72,0.0,-13.2,0.8,0.0 (cmd -1.0),0.0 (cmd 1.7)
0.1981,-0.51,-0.04,0.0,-3.88,1.62,0.0,-3.9,-0.5,0.0 (cmd -0.0),0.0 (cmd 1.6)
0.1986,-3.08,1.85,0.0,-0.38,1.64,0.0,-0.4,-3.1,0.0 (cmd 1.9),0.0 (cmd 1.6)
0.1991,-10.83,2.86,0.0,0.6,1.67,0.0,0.6,-10.8,0.0 (cmd 2.9),0.0 (cmd 1.7)
0.19960000000000003,-25.25,5.91,0.0,1.51,1.93,0.0,1.5,-25.2,0.0 (cmd 5.9),0.0 (cmd 1.9)
0.20010000000000003,-33.32,7.57,0.0,2.45,1.96,0.0,2.5,-33.3,0.0 (cmd 7.6),0.0 (cmd 2.0)
0.2006,-44.2,10.9,0.0,4.91,2.21,0.0,4.9,-44.2,0.0 (cmd 10.9),0.0 (cmd 2.2)
0.2011,-47.64,9.66,0.0,4.61,2.11,0.0,4.6,-47.6,0.0 (cmd 9.7),0.0 (cmd 2.1)
0.2016,-48.4,7.61,0.0,4.45,1.78,0.0,4.5,-48.4,0.0 (cmd 7.6),0.0 (cmd 1.8)
0.20210000000000003,-46.15,5.22,0.0,4.65,1.33,0.0,4.7,-46.1,0.0 (cmd 5.2),0.0 (cmd 1.3)
0.20260000000000003,-44.61,3.12,0.0,4.7,0.98,0.0,4.7,-44.6,0.0 (cmd 3.1),0.0 (cmd 1.0)
0.2031,-40.32,1.12,0.0,4.41,0.75,0.0,4.4,-40.3,0.0 (cmd 1.1),0.0 (cmd 0.8)
0.2036,-28.28,-1.17,0.0,4.08,0.5,0.0,4.1,-28.3,0.0 (cmd -1.2),0.0 (cmd 0.5)
0.2041,-21.06,-3.51,0.0,2.85,0.3,0.0,2.9,-21.1,0.0 (cmd -3.5),0.0 (cmd 0.3)
0.20460000000000003,-16.99,-4.61,0.0,0.81,0.22,0.0,0.8,-17.0,0.0 (cmd -4.6),0.0 (cmd 0.2)
0.20510000000000003,-0.15,-7.02,0.0,-0.85,0.15,0.0,-0.8,-0.1,0.0 (cmd -7.0),0.0 (cmd 0.1)
0.2056,1.69,-6.23,0.0,-4.95,0.15,0.0,-5.0,1.7,0.0 (cmd -6.2),0.0 (cmd 0.1)
0.2061,2.1,-5.25,0.0,-10.23,-0.16,0.0,-10.2,2.1,0.0 (cmd -5.2),0.0 (cmd -0.2)
0.2066,2.5,-4.72,0.0,-17.77,-1.0,0.0,-17.8,2.5,0.0 (cmd -4.7),0.0 (cmd -1.0)
0.20710000000000003,3.57,-4.01,0.0,-29.66,-2.52,0.0,-29.7,3.6,0.0 (cmd -4.0),0.0 (cmd -2.5)
0.20760000000000003,4.43,-4.09,0.0,-36.86,-2.83,0.0,-36.9,4.4,0.0 (cmd -4.1),0.0 (cmd -2.8)
0.2081,4.36,-4.04,0.0,-43.03,-2.61,0.0,-43.0,4.4,0.0 (cmd -4.0),0.0 (cmd -2.6)
0.2086,3.71,-3.85,0.0,-46.23,-2.27,0.0,-46.2,3.7,0.0 (cmd -3.9),0.0 (cmd -2.3)
0.2091,3.3,-3.54,0.0,-48.1,-1.91,0.0,-48.1,3.3,0.0 (cmd -3.5),0.0 (cmd -1.9)
0.20960000000000004,3.17,-3.42,0.0,-47.59,-1.19,0.0,-47.6,3.2,0.0 (cmd -3.4),0.0 (cmd -1.2)
0.2101,2.97,-3.39,0.0,-45.25,-0.4,0.0,-45.2,3.0,0.0 (cmd -3.4),0.0 (cmd -0.4)
0.21059999999999998,2.97,-3.32,0.0,-39.65,0.63,0.0,-39.6,3.0,0.0 (cmd -3.3),0.0 (cmd 0.6)
0.21109999999999998,2.61,-2.75,0.0,-30.65,1.3,0.0,-30.6,2.6,0.0 (cmd -2.8),0.0 (cmd 1.3)
0.21159999999999998,2.43,-1.92,0.0,-20.51,1.61,0.0,-20.5,2.4,0.0 (cmd -1.9),0.0 (cmd 1.6)
0.2121,1.97,-1.04,0.0,-12.6,1.67,0.0,-12.6,2.0,0.0 (cmd -1.0),0.0 (cmd 1.7)
0.2126,0.92,0.84,0.0,-5.33,1.6,0.0,-5.3,0.9,0.0 (cmd 0.8),0.0 (cmd 1.6)
0.21309999999999998,-0.17,2.17,0.0,1.87,1.63,0.0,1.9,-0.2,0.0 (cmd 2.2),0.0 (cmd 1.6)
0.21359999999999998,-12.29,2.34,0.0,2.84,1.53,0.0,2.8,-12.3,0.0 (cmd 2.3),0.0 (cmd 1.5)
0.21409999999999998,-21.17,6.01,0.0,3.85,1.91,0.0,3.9,-21.2,0.0 (cmd 6.0),0.0 (cmd 1.9)
0.2146,-31.01,7.73,0.0,4.91,1.96,0.0,4.9,-31.0,0.0 (cmd 7.7),0.0 (cmd 2.0)
0.2151,-35.88,9.09,0.0,6.17,2.01,0.0,6.2,-35.9,0.0 (cmd 9.1),0.0 (cmd 2.0)
0.21559999999999999,-42.18,8.88,0.0,6.36,1.98,0.0,6.4,-42.2,0.0 (cmd 8.9),0.0 (cmd 2.0)
0.2161,-45.13,7.37,0.0,5.64,1.72,0.0,5.6,-45.1,0.0 (cmd 7.4),0.0 (cmd 1.7)
0.2166,-45.55,5.4,0.0,5.74,1.33,0.0,5.7,-45.5,0.0 (cmd 5.4),0.0 (cmd 1.3)
0.21710000000000002,-46.3,4.15,0.0,5.94,1.12,0.0,5.9,-46.3,0.0 (cmd 4.2),0.0 (cmd 1.1)
0.21760000000000002,-43.33,2.77,0.0,5.9,0.96,0.0,5.9,-43.3,0.0 (cmd 2.8),0.0 (cmd 1.0)
0.2181,-41.85,0.89,0.0,5.6,0.75,0.0,5.6,-41.9,0.0 (cmd 0.9),0.0 (cmd 0.8)
0.2186,-33.9,-0.97,0.0,5.35,0.55,0.0,5.3,-33.9,0.0 (cmd -1.0),0.0 (cmd 0.6)
0.2191,-28.07,-2.41,0.0,5.11,0.4,0.0,5.1,-28.1,0.0 (cmd -2.4),0.0 (cmd 0.4)
0.21960000000000002,-19.17,-3.76,0.0,4.29,0.3,0.0,4.3,-19.2,0.0 (cmd -3.8),0.0 (cmd 0.3)
0.22010000000000002,-13.72,-4.69,0.0,3.29,0.26,0.0,3.3,-13.7,0.0 (cmd -4.7),0.0 (cmd 0.3)
0.2206,-8.02,-5.87,0.0,2.6,0.22,0.0,2.6,-8.0,0.0 (cmd -5.9),0.0 (cmd 0.2)
0.2211,-8.02,-4.72,0.0,-0.03,0.18,0.0,-0.0,-8.0,0.0 (cmd -4.7),0.0 (cmd 0.2)
0.2216,-2.19,-4.18,0.0,-4.47,0.0,0.0,-4.5,-2.2,0.0 (cmd -4.2),0.0 (cmd 0.0)
0.22210000000000002,-1.17,-4.51,0.0,-11.39,-0.13,0.0,-11.4,-1.2,0.0 (cmd -4.5),0.0 (cmd -0.1)
0.22260000000000002,-0.63,-4.05,0.0,-19.07,-0.96,0.0,-19.1,-0.6,0.0 (cmd -4.0),0.0 (cmd -1.0)
0.2231,0.63,-3.43,0.0,-29.2,-2.61,0.0,-29.2,0.6,0.0 (cmd -3.4),0.0 (cmd -2.6)
0.2236,1.6,-3.73,0.0,-36.87,-2.72,0.0,-36.9,1.6,0.0 (cmd -3.7),0.0 (cmd -2.7)
0.2241,1.72,-3.73,0.0,-43.72,-2.45,0.0,-43.7,1.7,0.0 (cmd -3.7),0.0 (cmd -2.5)
0.22460000000000002,1.41,-3.55,0.0,-47.02,-2.3,0.0,-47.0,1.4,0.0 (cmd -3.5),0.0 (cmd -2.3)
0.22510000000000002,1.41,-3.44,0.0,-49.77,-2.04,0.0,-49.8,1.4,0.0 (cmd -3.4),0.0 (cmd -2.0)
0.2256,1.41,-3.42,0.0,-49.97,-1.39,0.0,-50.0,1.4,0.0 (cmd -3.4),0.0 (cmd -1.4)
0.2261,1.2,-3.39,0.0,-48.19,-0.63,0.0,-48.2,1.2,0.0 (cmd -3.4),0.0 (cmd -0.6)
0.2266,0.78,-3.3,0.0,-43.11,0.57,0.0,-43.1,0.8,0.0 (cmd -3.3),0.0 (cmd 0.6)
0.22710000000000002,0.72,-2.97,0.0,-37.08,1.03,0.0,-37.1,0.7,0.0 (cmd -3.0),0.0 (cmd 1.0)
0.22760000000000002,0.65,-2.62,0.0,-25.15,1.31,0.0,-25.1,0.7,0.0 (cmd -2.6),0.0 (cmd 1.3)
0.2281,0.91,-0.81,0.0,-17.16,1.72,0.0,-17.2,0.9,0.0 (cmd -0.8),0.0 (cmd 1.7)
0.2286,0.98,1.13,0.0,-2.51,1.65,0.0,-2.5,1.0,0.0 (cmd 1.1),0.0 (cmd 1.6)
0.2291,0.14,1.55,0.0,2.41,1.58,0.0,2.4,0.1,0.0 (cmd 1.6),0.0 (cmd 1.6)
0.22960000000000003,-8.93,1.69,0.0,2.24,1.47,0.0,2.2,-8.9,0.0 (cmd 1.7),0.0 (cmd 1.5)
0.23010000000000003,-16.93,3.97,0.0,2.43,1.68,0.0,2.4,-16.9,0.0 (cmd 4.0),0.0 (cmd 1.7)
0.2306,-23.31,5.61,0.0,4.18,1.76,0.0,4.2,-23.3,0.0 (cmd 5.6),0.0 (cmd 1.8)
0.2311,-28.04,6.8,0.0,5.16,1.76,0.0,5.2,-28.0,0.0 (cmd 6.8),0.0 (cmd 1.8)
0.2316,-32.02,6.25,0.0,4.88,1.56,0.0,4.9,-32.0,0.0 (cmd 6.2),0.0 (cmd 1.6)
0.23210000000000003,-33.07,5.23,0.0,4.61,1.34,0.0,4.6,-33.1,0.0 (cmd 5.2),0.0 (cmd 1.3)
0.23260000000000003,-33.07,3.91,0.0,4.49,1.07,0.0,4.5,-33.1,0.0 (cmd 3.9),0.0 (cmd 1.1)
0.2331,-33.22,2.82,0.0,4.3,0.89,0.0,4.3,-33.2,0.0 (cmd 2.8),0.0 (cmd 0.9)
0.2336,-32.75,1.9,0.0,4.13,0.74,0.0,4.1,-32.8,0.0 (cmd 1.9),0.0 (cmd 0.7)
0.2341,-28.24,0.95,0.0,3.78,0.61,0.0,3.8,-28.2,0.0 (cmd 0.9),0.0 (cmd 0.6)
0.23460000000000003,-18.25,-2.61,0.0,3.34,0.27,0.0,3.3,-18.2,0.0 (cmd -2.6),0.0 (cmd 0.3)
0.23510000000000003,-7.96,-3.47,0.0,2.32,0.21,0.0,2.3,-8.0,0.0 (cmd -3.5),0.0 (cmd 0.2)
0.2356,-4.2,-4.91,0.0,0.28,0.17,0.0,0.3,-4.2,0.0 (cmd -4.9),0.0 (cmd 0.2)
0.2361,-3.91,-4.47,0.0,-3.88,0.04,0.0,-3.9,-3.9,0.0 (cmd -4.5),0.0 (cmd 0.0)
0.2366,-3.92,-3.87,0.0,-8.34,-0.33,0.0,-8.3,-3.9,0.0 (cmd -3.9),0.0 (cmd -0.3)
0.23710000000000003,-3.2,-3.41,0.0,-16.81,-0.79,0.0,-16.8,-3.2,0.0 (cmd -3.4),0.0 (cmd -0.8)
0.23760000000000003,-2.72,-3.22,0.0,-25.58,-1.5,0.0,-25.6,-2.7,0.0 (cmd -3.2),0.0 (cmd -1.5)
0.2381,-2.41,-3.08,0.0,-31.72,-1.84,0.0,-31.7,-2.4,0.0 (cmd -3.1),0.0 (cmd -1.8)
0.2386,-2.36,-3.05,0.0,-36.62,-1.94,0.0,-36.6,-2.4,0.0 (cmd -3.0),0.0 (cmd -1.9)
0.2391,-2.13,-3.04,0.0,-38.76,-1.65,0.0,-38.8,-2.1,0.0 (cmd -3.0),0.0 (cmd -1.6)
0.23960000000000004,-1.47,-3.15,0.0,-41.3,-1.2,0.0,-41.3,-1.5,0.0 (cmd -3.1),0.0 (cmd -1.2)
0.24010000000000004,-0.84,-3.3,0.0,-41.17,-0.75,0.0,-41.2,-0.8,0.0 (cmd -3.3),0.0 (cmd -0.8)
0.24059999999999998,-0.18,-3.35,0.0,-39.77,-0.01,0.0,-39.8,-0.2,0.0 (cmd -3.4),0.0 (cmd -0.0)
0.24109999999999998,0.25,-3.34,0.0,-34.69,0.53,0.0,-34.7,0.2,0.0 (cmd -3.3),0.0 (cmd 0.5)
0.24159999999999998,0.47,-3.08,0.0,-31.95,0.95,0.0,-31.9,0.5,0.0 (cmd -3.1),0.0 (cmd 0.9)
0.2421,-0.22,-2.55,0.0,-26.85,1.21,0.0,-26.9,-0.2,0.0 (cmd -2.5),0.0 (cmd 1.2)
0.2426,-0.69,-1.82,0.0,-14.38,1.41,0.0,-14.4,-0.7,0.0 (cmd -1.8),0.0 (cmd 1.4)
0.24309999999999998,-0.69,-0.34,0.0,-7.21,1.49,0.0,-7.2,-0.7,0.0 (cmd -0.3),0.0 (cmd 1.5)
0.24359999999999998,-2.31,0.21,0.0,-3.62,1.4,0.0,-3.6,-2.3,0.0 (cmd 0.2),0.0 (cmd 1.4)
0.24409999999999998,-3.91,0.72,0.0,-1.82,1.37,0.0,-1.8,-3.9,0.0 (cmd 0.7),0.0 (cmd 1.4)
0.2446,-5.73,1.06,0.0,0.74,1.29,0.0,0.7,-5.7,0.0 (cmd 1.1),0.0 (cmd 1.3)
0.2451,-6.82,1.3,0.0,2.8,1.21,0.0,2.8,-6.8,0.0 (cmd 1.3),0.0 (cmd 1.2)
0.24559999999999998,-8.83,1.41,0.0,3.84,1.1,0.0,3.8,-8.8,0.0 (cmd 1.4),0.0 (cmd 1.1)
0.24609999999999999,-10.85,1.69,0.0,3.67,1.03,0.0,3.7,-10.8,0.0 (cmd 1.7),0.0 (cmd 1.0)
0.24659999999999999,-14.5,2.23,0.0,3.57,0.97,0.0,3.6,-14.5,0.0 (cmd 2.2),0.0 (cmd 1.0)
0.24710000000000001,-18.54,2.1,0.0,3.57,0.85,0.0,3.6,-18.5,0.0 (cmd 2.1),0.0 (cmd 0.8)
0.24760000000000001,-22.0,2.76,0.0,3.91,0.87,0.0,3.9,-22.0,0.0 (cmd 2.8),0.0 (cmd 0.9)
0.2481,-34.34,3.47,0.0,4.03,0.94,0.0,4.0,-34.3,0.0 (cmd 3.5),0.0 (cmd 0.9)
0.2486,-36.83,5.73,0.0,3.9,1.3,0.0,3.9,-36.8,0.0 (cmd 5.7),0.0 (cmd 1.3)
0.2491,-37.86,4.36,0.0,3.9,1.05,0.0,3.9,-37.9,0.0 (cmd 4.4),0.0 (cmd 1.1)
0.24960000000000002,-36.64,3.35,0.0,3.8,0.9,0.0,3.8,-36.6,0.0 (cmd 3.4),0.0 (cmd 0.9)
0.25010000000000004,-34.99,1.73,0.0,3.9,0.68,0.0,3.9,-35.0,0.0 (cmd 1.7),0.0 (cmd 0.7)
0.2506,-28.99,0.27,0.0,3.24,0.54,0.0,3.2,-29.0,0.0 (cmd 0.3),0.0 (cmd 0.5)
0.2511,-19.71,-2.06,0.0,2.15,0.28,0.0,2.1,-19.7,0.0 (cmd -2.1),0.0 (cmd 0.3)
0.2516,-11.35,-3.38,0.0,1.04,0.2,0.0,1.0,-11.3,0.0 (cmd -3.4),0.0 (cmd 0.2)
0.25210000000000005,-5.34,-5.1,0.0,-3.22,0.13,0.0,-3.2,-5.3,0.0 (cmd -5.1),0.0 (cmd 0.1)
0.25260000000000005,-3.89,-4.78,0.0,-8.85,-0.06,0.0,-8.8,-3.9,0.0 (cmd -4.8),0.0 (cmd -0.1)
0.2531,-2.89,-4.16,0.0,-21.49,-0.92,0.0,-21.5,-2.9,0.0 (cmd -4.2),0.0 (cmd -0.9)
0.2536,-2.29,-3.75,0.0,-30.69,-2.29,0.0,-30.7,-2.3,0.0 (cmd -3.8),0.0 (cmd -2.3)
0.2541,-1.89,-3.6,0.0,-41.53,-3.15,0.0,-41.5,-1.9,0.0 (cmd -3.6),0.0 (cmd -3.1)
0.25460000000000005,-1.26,-3.68,0.0,-46.68,-2.96,0.0,-46.7,-1.3,0.0 (cmd -3.7),0.0 (cmd -3.0)
0.25510000000000005,-1.31,-3.69,0.0,-49.9,-2.31,0.0,-49.9,-1.3,0.0 (cmd -3.7),0.0 (cmd -2.3)
0.2556,-1.15,-3.61,0.0,-50.41,-1.72,0.0,-50.4,-1.1,0.0 (cmd -3.6),0.0 (cmd -1.7)
0.25610000000000005,-1.29,-3.54,0.0,-48.6,-0.89,0.0,-48.6,-1.3,0.0 (cmd -3.5),0.0 (cmd -0.9)
0.25660000000000005,-1.86,-3.42,0.0,-43.18,0.38,0.0,-43.2,-1.9,0.0 (cmd -3.4),0.0 (cmd 0.4)
0.2571,-2.06,-2.96,0.0,-35.15,1.05,0.0,-35.1,-2.1,0.0 (cmd -3.0),0.0 (cmd 1.1)
0.2576,-1.82,-2.39,0.0,-23.62,1.39,0.0,-23.6,-1.8,0.0 (cmd -2.4),0.0 (cmd 1.4)
0.25809999999999994,-1.45,-1.26,0.0,-20.32,1.61,0.0,-20.3,-1.4,0.0 (cmd -1.3),0.0 (cmd 1.6)
0.2586,-0.66,-1.56,0.0,-9.48,1.47,0.0,-9.5,-0.7,0.0 (cmd -1.6),0.0 (cmd 1.5)
0.2591,-0.64,0.43,0.0,-2.72,1.45,0.0,-2.7,-0.6,0.0 (cmd 0.4),0.0 (cmd 1.4)
0.2596,-3.06,0.89,0.0,1.12,1.4,0.0,1.1,-3.1,0.0 (cmd 0.9),0.0 (cmd 1.4)
0.2601,-6.2,1.92,0.0,1.63,1.44,0.0,1.6,-6.2,0.0 (cmd 1.9),0.0 (cmd 1.4)
0.26059999999999994,-15.84,1.61,0.0,3.84,1.27,0.0,3.8,-15.8,0.0 (cmd 1.6),0.0 (cmd 1.3)
0.2611,-22.48,5.36,0.0,3.84,1.66,0.0,3.8,-22.5,0.0 (cmd 5.4),0.0 (cmd 1.7)
0.2616,-30.29,6.6,0.0,4.11,1.66,0.0,4.1,-30.3,0.0 (cmd 6.6),0.0 (cmd 1.7)
0.2621,-35.03,6.86,0.0,6.41,1.6,0.0,6.4,-35.0,0.0 (cmd 6.9),0.0 (cmd 1.6)
0.2626,-37.23,6.36,0.0,6.49,1.56,0.0,6.5,-37.2,0.0 (cmd 6.4),0.0 (cmd 1.6)
0.26309999999999995,-38.3,4.84,0.0,5.9,1.25,0.0,5.9,-38.3,0.0 (cmd 4.8),0.0 (cmd 1.2)
0.2636,-36.75,3.29,0.0,5.53,0.97,0.0,5.5,-36.8,0.0 (cmd 3.3),0.0 (cmd 1.0)
0.2641,-32.86,1.49,0.0,5.47,0.72,0.0,5.5,-32.9,0.0 (cmd 1.5),0.0 (cmd 0.7)
0.2646,-27.25,-0.35,0.0,5.52,0.52,0.0,5.5,-27.2,0.0 (cmd -0.3),0.0 (cmd 0.5)
0.2651,-22.13,-1.67,0.0,5.58,0.39,0.0,5.6,-22.1,0.0 (cmd -1.7),0.0 (cmd 0.4)
0.26559999999999995,-19.67,-2.8,0.0,4.85,0.31,0.0,4.8,-19.7,0.0 (cmd -2.8),0.0 (cmd 0.3)
0.2661,-15.5,-2.88,0.0,4.66,0.28,0.0,4.7,-15.5,0.0 (cmd -2.9),0.0 (cmd 0.3)
0.2666,-7.93,-4.58,0.0,4.16,0.26,0.0,4.2,-7.9,0.0 (cmd -4.6),0.0 (cmd 0.3)
0.2671,-3.14,-4.23,0.0,-1.44,0.11,0.0,-1.4,-3.1,0.0 (cmd -4.2),0.0 (cmd 0.1)
0.2676,-2.03,-4.21,0.0,-7.89,-0.05,0.0,-7.9,-2.0,0.0 (cmd -4.2),0.0 (cmd -0.1)
0.26809999999999995,-0.16,-4.11,0.0,-10.6,-0.58,0.0,-10.6,-0.2,0.0 (cmd -4.1),0.0 (cmd -0.6)
0.2686,1.09,-3.65,0.0,-25.52,-1.94,0.0,-25.5,1.1,0.0 (cmd -3.6),0.0 (cmd -1.9)
0.2691,1.07,-3.45,0.0,-32.96,-2.72,0.0,-33.0,1.1,0.0 (cmd -3.5),0.0 (cmd -2.7)
0.2696,0.4,-3.28,0.0,-40.0,-2.58,0.0,-40.0,0.4,0.0 (cmd -3.3),0.0 (cmd -2.6)
0.2701,-0.04,-3.23,0.0,-42.49,-2.21,0.0,-42.5,-0.0,0.0 (cmd -3.2),0.0 (cmd -2.2)
0.27059999999999995,-0.06,-3.13,0.0,-44.16,-1.71,0.0,-44.2,-0.1,0.0 (cmd -3.1),0.0 (cmd -1.7)
0.2711,-0.1,-3.13,0.0,-42.98,-0.98,0.0,-43.0,-0.1,0.0 (cmd -3.1),0.0 (cmd -1.0)
0.2716,-0.65,-3.14,0.0,-41.03,-0.11,0.0,-41.0,-0.7,0.0 (cmd -3.1),0.0 (cmd -0.1)
0.2721,-1.11,-2.8,0.0,-36.46,0.81,0.0,-36.5,-1.1,0.0 (cmd -2.8),0.0 (cmd 0.8)
0.2726,-1.48,-2.28,0.0,-26.76,1.26,0.0,-26.8,-1.5,0.0 (cmd -2.3),0.0 (cmd 1.3)
0.27309999999999995,-1.62,-1.28,0.0,-14.8,1.55,0.0,-14.8,-1.6,0.0 (cmd -1.3),0.0 (cmd 1.6)
0.2736,-1.84,-0.36,0.0,-8.46,1.54,0.0,-8.5,-1.8,0.0 (cmd -0.4),0.0 (cmd 1.5)
0.2741,-3.27,0.32,0.0,-4.67,1.44,0.0,-4.7,-3.3,0.0 (cmd 0.3),0.0 (cmd 1.4)
0.2746,-7.85,1.29,0.0,-0.88,1.45,0.0,-0.9,-7.8,0.0 (cmd 1.3),0.0 (cmd 1.4)
0.2751,-12.51,3.04,0.0,1.21,1.57,0.0,1.2,-12.5,0.0 (cmd 3.0),0.0 (cmd 1.6)
0.27559999999999996,-20.26,4.48,0.0,2.45,1.63,0.0,2.5,-20.3,0.0 (cmd 4.5),0.0 (cmd 1.6)
0.2761,-30.74,6.41,0.0,3.68,1.73,0.0,3.7,-30.7,0.0 (cmd 6.4),0.0 (cmd 1.7)
0.2766,-35.84,7.02,0.0,4.42,1.68,0.0,4.4,-35.8,0.0 (cmd 7.0),0.0 (cmd 1.7)
0.2771,-39.68,7.23,0.0,4.35,1.68,0.0,4.3,-39.7,0.0 (cmd 7.2),0.0 (cmd 1.7)
0.2776,-41.15,5.65,0.0,4.24,1.39,0.0,4.2,-41.1,0.0 (cmd 5.7),0.0 (cmd 1.4)
0.27809999999999996,-39.8,4.18,0.0,3.96,1.1,0.0,4.0,-39.8,0.0 (cmd 4.2),0.0 (cmd 1.1)
0.2786,-37.78,2.22,0.0,3.71,0.81,0.0,3.7,-37.8,0.0 (cmd 2.2),0.0 (cmd 0.8)
0.2791,-29.09,1.26,0.0,3.46,0.68,0.0,3.5,-29.1,0.0 (cmd 1.3),0.0 (cmd 0.7)
0.2796,-22.36,-1.47,0.0,2.46,0.37,0.0,2.5,-22.4,0.0 (cmd -1.5),0.0 (cmd 0.4)
0.2801,-16.71,-3.43,0.0,0.24,0.21,0.0,0.2,-16.7,0.0 (cmd -3.4),0.0 (cmd 0.2)
0.28059999999999996,-11.53,-4.23,0.0,-4.28,0.09,0.0,-4.3,-11.5,0.0 (cmd -4.2),0.0 (cmd 0.1)
0.2811,-9.74,-4.21,0.0,-9.16,-0.24,0.0,-9.2,-9.7,0.0 (cmd -4.2),0.0 (cmd -0.2)
0.2816,-3.63,-5.01,0.0,-18.93,-0.54,0.0,-18.9,-3.6,0.0 (cmd -5.0),0.0 (cmd -0.5)
0.2821,-3.53,-4.62,0.0,-21.16,-1.22,0.0,-21.2,-3.5,0.0 (cmd -4.6),0.0 (cmd -1.2)
0.2826,-3.37,-3.91,0.0,-31.81,-2.43,0.0,-31.8,-3.4,0.0 (cmd -3.9),0.0 (cmd -2.4)
0.28309999999999996,-3.31,-3.81,0.0,-38.25,-1.95,0.0,-38.2,-3.3,0.0 (cmd -3.8),0.0 (cmd -1.9)
0.2836,-2.56,-3.79,0.0,-40.62,-1.71,0.0,-40.6,-2.6,0.0 (cmd -3.8),0.0 (cmd -1.7)
0.2841,-2.05,-3.72,0.0,-40.94,-1.19,0.0,-40.9,-2.0,0.0 (cmd -3.7),0.0 (cmd -1.2)
0.2846,-1.87,-3.68,0.0,-38.83,-0.39,0.0,-38.8,-1.9,0.0 (cmd -3.7),0.0 (cmd -0.4)
0.2851,-1.96,-3.5,0.0,-33.84,0.34,0.0,-33.8,-2.0,0.0 (cmd -3.5),0.0 (cmd 0.3)
0.28559999999999997,-2.02,-2.92,0.0,-28.07,0.93,0.0,-28.1,-2.0,0.0 (cmd -2.9),0.0 (cmd 0.9)
0.2861,-1.75,-2.26,0.0,-22.14,1.22,0.0,-22.1,-1.8,0.0 (cmd -2.3),0.0 (cmd 1.2)
0.2866,-1.57,-1.42,0.0,-12.34,1.36,0.0,-12.3,-1.6,0.0 (cmd -1.4),0.0 (cmd 1.4)
0.2871,-1.36,-0.71,0.0,-5.08,1.31,0.0,-5.1,-1.4,0.0 (cmd -0.7),0.0 (cmd 1.3)
0.2876,-2.02,-0.29,0.0,-1.7,1.24,0.0,-1.7,-2.0,0.0 (cmd -0.3),0.0 (cmd 1.2)
0.28809999999999997,-5.83,0.81,0.0,1.9,1.26,0.0,1.9,-5.8,0.0 (cmd 0.8),0.0 (cmd 1.3)
0.2886,-9.27,1.72,0.0,2.51,1.29,0.0,2.5,-9.3,0.0 (cmd 1.7),0.0 (cmd 1.3)
0.2891,-13.8,3.4,0.0,3.63,1.4,0.0,3.6,-13.8,0.0 (cmd 3.4),0.0 (cmd 1.4)
0.2896,-24.14,3.81,0.0,4.95,1.33,0.0,5.0,-24.1,0.0 (cmd 3.8),0.0 (cmd 1.3)
0.2901,-32.88,6.9,0.0,5.69,1.65,0.0,5.7,-32.9,0.0 (cmd 6.9),0.0 (cmd 1.6)
0.29059999999999997,-37.09,6.95,0.0,5.47,1.64,0.0,5.5,-37.1,0.0 (cmd 7.0),0.0 (cmd 1.6)
0.2911,-38.72,5.75,0.0,5.29,1.4,0.0,5.3,-38.7,0.0 (cmd 5.8),0.0 (cmd 1.4)
0.2916,-41.1,4.62,0.0,4.99,1.15,0.0,5.0,-41.1,0.0 (cmd 4.6),0.0 (cmd 1.1)
0.2921,-40.04,3.49,0.0,5.2,0.98,0.0,5.2,-40.0,0.0 (cmd 3.5),0.0 (cmd 1.0)
0.2926,-37.55,1.66,0.0,5.49,0.75,0.0,5.5,-37.5,0.0 (cmd 1.7),0.0 (cmd 0.8)
0.29309999999999997,-28.53,0.64,0.0,5.31,0.65,0.0,5.3,-28.5,0.0 (cmd 0.6),0.0 (cmd 0.7)
0.2936,-24.11,-1.71,0.0,4.47,0.39,0.0,4.5,-24.1,0.0 (cmd -1.7),0.0 (cmd 0.4)
0.29410000000000003,-17.65,-3.39,0.0,1.67,0.26,0.0,1.7,-17.6,0.0 (cmd -3.4),0.0 (cmd 0.3)
0.29460000000000003,-6.51,-4.96,0.0,-1.06,0.18,0.0,-1.1,-6.5,0.0 (cmd -5.0),0.0 (cmd 0.2)
0.29510000000000003,-5.58,-4.87,0.0,-9.2,-0.01,0.0,-9.2,-5.6,0.0 (cmd -4.9),0.0 (cmd -0.0)
0.2956,-4.63,-4.55,0.0,-16.28,-0.35,0.0,-16.3,-4.6,0.0 (cmd -4.5),0.0 (cmd -0.3)
0.29610000000000003,-3.4,-4.16,0.0,-23.96,-1.44,0.0,-24.0,-3.4,0.0 (cmd -4.2),0.0 (cmd -1.4)
0.29660000000000003,-3.28,-3.83,0.0,-31.3,-1.93,0.0,-31.3,-3.3,0.0 (cmd -3.8),0.0 (cmd -1.9)
0.29710000000000003,-3.47,-3.57,0.0,-36.84,-2.38,0.0,-36.8,-3.5,0.0 (cmd -3.6),0.0 (cmd -2.4)
0.29760000000000003,-4.46,-3.41,0.0,-40.72,-1.77,0.0,-40.7,-4.5,0.0 (cmd -3.4),0.0 (cmd -1.8)
0.2981,-4.44,-3.12,0.0,-41.72,-1.27,0.0,-41.7,-4.4,0.0 (cmd -3.1),0.0 (cmd -1.3)
0.29860000000000003,-4.12,-3.15,0.0,-41.57,-0.66,0.0,-41.6,-4.1,0.0 (cmd -3.1),0.0 (cmd -0.7)
0.29910000000000003,-3.53,-3.18,0.0,-38.22,0.01,0.0,-38.2,-3.5,0.0 (cmd -3.2),0.0 (cmd 0.0)
0.29960000000000003,-2.98,-3.21,0.0,-34.16,0.63,0.0,-34.2,-3.0,0.0 (cmd -3.2),0.0 (cmd 0.6)
0.30010000000000003,-2.2,-2.88,0.0,-26.99,0.97,0.0,-27.0,-2.2,0.0 (cmd -2.9),0.0 (cmd 1.0)
0.3006,-1.79,-2.46,0.0,-20.43,1.19,0.0,-20.4,-1.8,0.0 (cmd -2.5),0.0 (cmd 1.2)
0.30110000000000003,-1.38,-2.06,0.0,-12.88,1.25,0.0,-12.9,-1.4,0.0 (cmd -2.1),0.0 (cmd 1.2)
0.30160000000000003,-1.9,-0.79,0.0,-9.75,1.32,0.0,-9.8,-1.9,0.0 (cmd -0.8),0.0 (cmd 1.3)
0.30210000000000004,-3.52,-0.02,0.0,0.8,1.3,0.0,0.8,-3.5,0.0 (cmd -0.0),0.0 (cmd 1.3)
0.30260000000000004,-6.22,1.3,0.0,3.55,1.35,0.0,3.5,-6.2,0.0 (cmd 1.3),0.0 (cmd 1.4)
0.3031,-9.22,1.96,0.0,3.47,1.33,0.0,3.5,-9.2,0.0 (cmd 2.0),0.0 (cmd 1.3)
0.30360000000000004,-15.18,2.63,0.0,3.52,1.28,0.0,3.5,-15.2,0.0 (cmd 2.6),0.0 (cmd 1.3)
0.30410000000000004,-26.97,5.98,0.0,3.02,1.62,0.0,3.0,-27.0,0.0 (cmd 6.0),0.0 (cmd 1.6)
0.30460000000000004,-32.12,5.72,0.0,2.87,1.41,0.0,2.9,-32.1,0.0 (cmd 5.7),0.0 (cmd 1.4)
0.30510000000000004,-36.29,5.98,0.0,3.15,1.39,0.0,3.1,-36.3,0.0 (cmd 6.0),0.0 (cmd 1.4)
0.3056,-38.43,5.36,0.0,4.04,1.29,0.0,4.0,-38.4,0.0 (cmd 5.4),0.0 (cmd 1.3)
0.30610000000000004,-38.35,4.25,0.0,4.55,1.1,0.0,4.5,-38.4,0.0 (cmd 4.2),0.0 (cmd 1.1)
0.30660000000000004,-36.45,2.53,0.0,4.75,0.86,0.0,4.8,-36.5,0.0 (cmd 2.5),0.0 (cmd 0.9)
0.30710000000000004,-31.0,1.12,0.0,4.95,0.68,0.0,5.0,-31.0,0.0 (cmd 1.1),0.0 (cmd 0.7)
0.30760000000000004,-27.32,-0.7,0.0,4.44,0.47,0.0,4.4,-27.3,0.0 (cmd -0.7),0.0 (cmd 0.5)
0.3081,-19.04,-2.83,0.0,3.31,0.28,0.0,3.3,-19.0,0.0 (cmd -2.8),0.0 (cmd 0.3)
0.30860000000000004,-10.64,-4.73,0.0,2.31,0.21,0.0,2.3,-10.6,0.0 (cmd -4.7),0.0 (cmd 0.2)
0.30910000000000004,-2.87,-4.85,0.0,-1.46,0.11,0.0,-1.5,-2.9,0.0 (cmd -4.8),0.0 (cmd 0.1)
0.30960000000000004,-2.0,-4.87,0.0,-8.65,0.01,0.0,-8.7,-2.0,0.0 (cmd -4.9),0.0 (cmd 0.0)
0.31010000000000004,-0.92,-4.57,0.0,-11.53,-0.41,0.0,-11.5,-0.9,0.0 (cmd -4.6),0.0 (cmd -0.4)
0.3106,-0.34,-4.09,0.0,-11.53,-0.77,0.0,-11.5,-0.3,0.0 (cmd -4.1),0.0 (cmd -0.8)
0.31110000000000004,0.93,-3.96,0.0,-24.52,-0.99,0.0,-24.5,0.9,0.0 (cmd -4.0),0.0 (cmd -1.0)
0.31160000000000004,0.93,-3.53,0.0,-32.58,-2.01,0.0,-32.6,0.9,0.0 (cmd -3.5),0.0 (cmd -2.0)
0.31210000000000004,2.16,-3.51,0.0,-36.07,-2.15,0.0,-36.1,2.2,0.0 (cmd -3.5),0.0 (cmd -2.1)
0.31260000000000004,2.19,-3.59,0.0,-37.32,-1.77,0.0,-37.3,2.2,0.0 (cmd -3.6),0.0 (cmd -1.8)
0.3131,1.76,-3.4,0.0,-36.16,-0.96,0.0,-36.2,1.8,0.0 (cmd -3.4),0.0 (cmd -1.0)
0.31360000000000005,1.54,-3.27,0.0,-34.23,-0.13,0.0,-34.2,1.5,0.0 (cmd -3.3),0.0 (cmd -0.1)
0.31410000000000005,1.33,-3.07,0.0,-31.32,0.52,0.0,-31.3,1.3,0.0 (cmd -3.1),0.0 (cmd 0.5)
0.31460000000000005,0.87,-2.69,0.0,-28.95,0.88,0.0,-28.9,0.9,0.0 (cmd -2.7),0.0 (cmd 0.9)
0.31510000000000005,0.32,-2.22,0.0,-16.88,1.12,0.0,-16.9,0.3,0.0 (cmd -2.2),0.0 (cmd 1.1)
0.3156,0.12,-0.04,0.0,-4.52,1.48,0.0,-4.5,0.1,0.0 (cmd -0.0),0.0 (cmd 1.5)
0.31610000000000005,0.24,0.72,0.0,-0.75,1.4,0.0,-0.8,0.2,0.0 (cmd 0.7),0.0 (cmd 1.4)
0.31660000000000005,1.55,0.3,0.0,-0.27,1.22,0.0,-0.3,1.6,0.0 (cmd 0.3),0.0 (cmd 1.2)
0.31710000000000005,1.36,-0.56,0.0,-0.61,1.0,0.0,-0.6,1.4,0.0 (cmd -0.6),0.0 (cmd 1.0)
0.31760000000000005,-0.75,-0.7,0.0,-1.46,0.89,0.0,-1.5,-0.8,0.0 (cmd -0.7),0.0 (cmd 0.9)
0.31809999999999994,-16.96,3.43,0.0,-1.13,1.44,0.0,-1.1,-17.0,0.0 (cmd 3.4),0.0 (cmd 1.4)
0.31860000000000005,-35.44,5.87,0.0,-0.29,1.63,0.0,-0.3,-35.4,0.0 (cmd 5.9),0.0 (cmd 1.6)
0.31910000000000005,-38.18,9.39,0.0,1.14,1.91,0.0,1.1,-38.2,0.0 (cmd 9.4),0.0 (cmd 1.9)
0.3196,-36.5,7.34,0.0,3.11,1.61,0.0,3.1,-36.5,0.0 (cmd 7.3),0.0 (cmd 1.6)
0.32009999999999994,-34.86,4.87,0.0,5.02,1.25,0.0,5.0,-34.9,0.0 (cmd 4.9),0.0 (cmd 1.2)
0.3206,-32.16,2.68,0.0,6.05,0.91,0.0,6.0,-32.2,0.0 (cmd 2.7),0.0 (cmd 0.9)
0.3211,-25.42,1.42,0.0,6.24,0.75,0.0,6.2,-25.4,0.0 (cmd 1.4),0.0 (cmd 0.8)
0.32159999999999994,-20.82,-1.1,0.0,5.4,0.43,0.0,5.4,-20.8,0.0 (cmd -1.1),0.0 (cmd 0.4)
0.3221,-15.7,-2.62,0.0,3.55,0.29,0.0,3.5,-15.7,0.0 (cmd -2.6),0.0 (cmd 0.3)
0.32259999999999994,-12.92,-3.57,0.0,2.75,0.19,0.0,2.8,-12.9,0.0 (cmd -3.6),0.0 (cmd 0.2)
0.3231,-5.6,-3.42,0.0,-2.65,0.02,0.0,-2.6,-5.6,0.0 (cmd -3.4),0.0 (cmd 0.0)
0.3236,-3.35,-4.17,0.0,-10.02,-0.18,0.0,-10.0,-3.4,0.0 (cmd -4.2),0.0 (cmd -0.2)
0.32409999999999994,-2.9,-4.07,0.0,-15.47,-0.61,0.0,-15.5,-2.9,0.0 (cmd -4.1),0.0 (cmd -0.6)
0.3246,-2.9,-3.44,0.0,-21.57,-1.67,0.0,-21.6,-2.9,0.0 (cmd -3.4),0.0 (cmd -1.7)
0.32509999999999994,-2.9,-3.28,0.0,-26.06,-1.45,0.0,-26.1,-2.9,0.0 (cmd -3.3),0.0 (cmd -1.4)
0.3256,-2.3,-3.13,0.0,-29.65,-1.15,0.0,-29.6,-2.3,0.0 (cmd -3.1),0.0 (cmd -1.1)
0.3261,-2.06,-3.21,0.0,-31.25,-1.07,0.0,-31.2,-2.1,0.0 (cmd -3.2),0.0 (cmd -1.1)
0.32659999999999995,-1.94,-3.12,0.0,-32.55,-0.68,0.0,-32.5,-1.9,0.0 (cmd -3.1),0.0 (cmd -0.7)
0.3271,-1.4,-3.1,0.0,-31.45,-0.19,0.0,-31.4,-1.4,0.0 (cmd -3.1),0.0 (cmd -0.2)
0.32759999999999995,-0.47,-3.19,0.0,-28.57,0.29,0.0,-28.6,-0.5,0.0 (cmd -3.2),0.0 (cmd 0.3)
0.3281,-1.37,-2.84,0.0,-24.96,0.74,0.0,-25.0,-1.4,0.0 (cmd -2.8),0.0 (cmd 0.7)
0.3286,-1.81,-2.13,0.0,-16.93,0.98,0.0,-16.9,-1.8,0.0 (cmd -2.1),0.0 (cmd 1.0)
0.32909999999999995,-1.79,-1.34,0.0,-7.71,1.21,0.0,-7.7,-1.8,0.0 (cmd -1.3),0.0 (cmd 1.2)
0.3296,-1.72,-0.48,0.0,-3.82,1.22,0.0,-3.8,-1.7,0.0 (cmd -0.5),0.0 (cmd 1.2)
0.33009999999999995,-1.57,0.18,0.0,0.38,1.17,0.0,0.4,-1.6,0.0 (cmd 0.2),0.0 (cmd 1.2)
0.3306,-1.48,0.0,0.0,1.56,1.04,0.0,1.6,-1.5,0.0 (cmd 0.0),0.0 (cmd 1.0)
0.3311,-1.15,-0.47,0.0,0.93,0.87,0.0,0.9,-1.1,0.0 (cmd -0.5),0.0 (cmd 0.9)
0.33159999999999995,-0.9,-0.76,0.0,0.92,0.73,0.0,0.9,-0.9,0.0 (cmd -0.8),0.0 (cmd 0.7)
0.3321,-3.04,-0.83,0.0,1.46,0.6,0.0,1.5,-3.0,0.0 (cmd -0.8),0.0 (cmd 0.6)
0.33259999999999995,-11.5,-0.08,0.0,2.24,0.63,0.0,2.2,-11.5,0.0 (cmd -0.1),0.0 (cmd 0.6)
0.3331,-19.77,2.93,0.0,2.49,1.02,0.0,2.5,-19.8,0.0 (cmd 2.9),0.0 (cmd 1.0)
0.3336,-20.36,3.66,0.0,2.34,1.03,0.0,2.3,-20.4,0.0 (cmd 3.7),0.0 (cmd 1.0)
0.33409999999999995,-19.05,2.7,0.0,2.2,0.8,0.0,2.2,-19.1,0.0 (cmd 2.7),0.0 (cmd 0.8)
0.3346,-16.79,1.46,0.0,2.58,0.58,0.0,2.6,-16.8,0.0 (cmd 1.5),0.0 (cmd 0.6)
0.33509999999999995,-10.72,0.02,0.0,3.17,0.39,0.0,3.2,-10.7,0.0 (cmd 0.0),0.0 (cmd 0.4)
0.3356,-10.26,-1.38,0.0,3.11,0.19,0.0,3.1,-10.3,0.0 (cmd -1.4),0.0 (cmd 0.2)
0.3361,-11.06,-1.13,0.0,3.0,0.19,0.0,3.0,-11.1,0.0 (cmd -1.1),0.0 (cmd 0.2)
0.33659999999999995,-9.75,-1.06,0.0,2.99,0.18,0.0,3.0,-9.8,0.0 (cmd -1.1),0.0 (cmd 0.2)
0.3371,-10.87,-1.06,0.0,2.91,0.15,0.0,2.9,-10.9,0.0 (cmd -1.1),0.0 (cmd 0.1)
0.33759999999999996,-11.46,-0.63,0.0,3.26,0.21,0.0,3.3,-11.5,0.0 (cmd -0.6),0.0 (cmd 0.2)
0.3381,-12.08,-0.57,0.0,3.4,0.22,0.0,3.4,-12.1,0.0 (cmd -0.6),0.0 (cmd 0.2)
0.3386,-12.42,-0.36,0.0,3.37,0.25,0.0,3.4,-12.4,0.0 (cmd -0.4),0.0 (cmd 0.2)
0.33909999999999996,-11.15,-0.39,0.0,3.26,0.24,0.0,3.3,-11.2,0.0 (cmd -0.4),0.0 (cmd 0.2)
0.3396,-7.24,-1.21,0.0,3.04,0.12,0.0,3.0,-7.2,0.0 (cmd -1.2),0.0 (cmd 0.1)
0.34009999999999996,-6.24,-2.01,0.0,2.96,0.02,0.0,3.0,-6.2,0.0 (cmd -2.0),0.0 (cmd 0.0)
0.3406,-6.26,-1.72,0.0,-0.07,0.02,0.0,-0.1,-6.3,0.0 (cmd -1.7),0.0 (cmd 0.0)
0.3411,-6.22,-1.67,0.0,-6.12,-0.19,0.0,-6.1,-6.2,0.0 (cmd -1.7),0.0 (cmd -0.2)
0.34159999999999996,-5.72,-1.84,0.0,-10.58,-0.5,0.0,-10.6,-5.7,0.0 (cmd -1.8),0.0 (cmd -0.5)
0.3421,-5.29,-1.89,0.0,-21.84,-0.96,0.0,-21.8,-5.3,0.0 (cmd -1.9),0.0 (cmd -1.0)
0.34259999999999996,-4.39,-2.06,0.0,-30.68,-1.99,0.0,-30.7,-4.4,0.0 (cmd -2.1),0.0 (cmd -2.0)
0.3431,-3.59,-2.3,0.0,-38.61,-2.21,0.0,-38.6,-3.6,0.0 (cmd -2.3),0.0 (cmd -2.2)
0.3436,-2.32,-2.8,0.0,-41.95,-2.17,0.0,-42.0,-2.3,0.0 (cmd -2.8),0.0 (cmd -2.2)
0.34409999999999996,-1.93,-2.92,0.0,-45.57,-2.02,0.0,-45.6,-1.9,0.0 (cmd -2.9),0.0 (cmd -2.0)
0.3446,-1.55,-3.06,0.0,-45.79,-1.36,0.0,-45.8,-1.6,0.0 (cmd -3.1),0.0 (cmd -1.4)
0.34509999999999996,-1.26,-3.17,0.0,-43.01,-0.6,0.0,-43.0,-1.3,0.0 (cmd -3.2),0.0 (cmd -0.6)
0.3456,-0.8,-3.23,0.0,-39.25,0.42,0.0,-39.2,-0.8,0.0 (cmd -3.2),0.0 (cmd 0.4)
0.3461,-0.73,-2.89,0.0,-34.01,1.07,0.0,-34.0,-0.7,0.0 (cmd -2.9),0.0 (cmd 1.1)
0.34659999999999996,-0.44,-2.53,0.0,-23.39,1.27,0.0,-23.4,-0.4,0.0 (cmd -2.5),0.0 (cmd 1.3)
0.3471,-0.44,-1.5,0.0,-13.35,1.52,0.0,-13.3,-0.4,0.0 (cmd -1.5),0.0 (cmd 1.5)
0.34759999999999996,-0.3,0.28,0.0,-4.62,1.49,0.0,-4.6,-0.3,0.0 (cmd 0.3),0.0 (cmd 1.5)
0.3481,-0.74,0.58,0.0,-1.37,1.39,0.0,-1.4,-0.7,0.0 (cmd 0.6),0.0 (cmd 1.4)
0.3486,-21.34,3.4,0.0,-1.32,1.71,0.0,-1.3,-21.3,0.0 (cmd 3.4),0.0 (cmd 1.7)
0.34909999999999997,-31.15,6.57,0.0,-1.3,1.96,0.0,-1.3,-31.1,0.0 (cmd 6.6),0.0 (cmd 2.0)
0.3496,-36.73,7.98,0.0,-1.29,1.91,0.0,-1.3,-36.7,0.0 (cmd 8.0),0.0 (cmd 1.9)
0.35009999999999997,-44.26,8.08,0.0,-1.09,1.73,0.0,-1.1,-44.3,0.0 (cmd 8.1),0.0 (cmd 1.7)
0.3506,-48.89,8.76,0.0,0.18,1.81,0.0,0.2,-48.9,0.0 (cmd 8.8),0.0 (cmd 1.8)
0.3511,-50.31,7.12,0.0,1.26,1.59,0.0,1.3,-50.3,0.0 (cmd 7.1),0.0 (cmd 1.6)
0.35159999999999997,-50.44,5.33,0.0,1.45,1.29,0.0,1.4,-50.4,0.0 (cmd 5.3),0.0 (cmd 1.3)
0.3521,-48.85,3.27,0.0,1.57,0.98,0.0,1.6,-48.9,0.0 (cmd 3.3),0.0 (cmd 1.0)
0.35259999999999997,-43.38,2.07,0.0,1.87,0.82,0.0,1.9,-43.4,0.0 (cmd 2.1),0.0 (cmd 0.8)
0.3531,-37.27,-0.49,0.0,2.0,0.56,0.0,2.0,-37.3,0.0 (cmd -0.5),0.0 (cmd 0.6)
0.3536,-29.85,-1.52,0.0,2.07,0.45,0.0,2.1,-29.9,0.0 (cmd -1.5),0.0 (cmd 0.5)
0.35409999999999997,-19.01,-5.02,0.0,1.69,0.23,0.0,1.7,-19.0,0.0 (cmd -5.0),0.0 (cmd 0.2)
0.3546,-9.8,-5.8,0.0,0.13,0.17,0.0,0.1,-9.8,0.0 (cmd -5.8),0.0 (cmd 0.2)
0.35509999999999997,-7.26,-6.1,0.0,-3.23,0.11,0.0,-3.2,-7.3,0.0 (cmd -6.1),0.0 (cmd 0.1)
0.3556,-3.08,-5.42,0.0,-11.26,-0.05,0.0,-11.3,-3.1,0.0 (cmd -5.4),0.0 (cmd -0.1)
0.3561,-2.2,-5.07,0.0,-17.54,-0.73,0.0,-17.5,-2.2,0.0 (cmd -5.1),0.0 (cmd -0.7)
0.3566,-2.82,-4.49,0.0,-28.64,-1.65,0.0,-28.6,-2.8,0.0 (cmd -4.5),0.0 (cmd -1.6)
0.35710000000000003,-3.26,-3.81,0.0,-41.44,-2.46,0.0,-41.4,-3.3,0.0 (cmd -3.8),0.0 (cmd -2.5)
0.3576,-4.41,-3.41,0.0,-49.31,-2.61,0.0,-49.3,-4.4,0.0 (cmd -3.4),0.0 (cmd -2.6)
0.35810000000000003,-4.13,-3.34,0.0,-53.65,-2.65,0.0,-53.6,-4.1,0.0 (cmd -3.3),0.0 (cmd -2.6)
0.35860000000000003,-3.91,-3.43,0.0,-56.91,-2.16,0.0,-56.9,-3.9,0.0 (cmd -3.4),0.0 (cmd -2.2)
0.3591,-2.9,-3.63,0.0,-56.34,-1.56,0.0,-56.3,-2.9,0.0 (cmd -3.6),0.0 (cmd -1.6)
0.35960000000000003,-2.2,-3.76,0.0,-54.13,-0.58,0.0,-54.1,-2.2,0.0 (cmd -3.8),0.0 (cmd -0.6)
0.3601,-1.33,-3.88,0.0,-49.68,0.46,0.0,-49.7,-1.3,0.0 (cmd -3.9),0.0 (cmd 0.5)
0.36060000000000003,-1.0,-3.61,0.0,-43.11,0.99,0.0,-43.1,-1.0,0.0 (cmd -3.6),0.0 (cmd 1.0)
0.36110000000000003,-0.81,-3.21,0.0,-34.69,1.31,0.0,-34.7,-0.8,0.0 (cmd -3.2),0.0 (cmd 1.3)
0.3616,-0.86,-2.46,0.0,-26.75,1.6,0.0,-26.8,-0.9,0.0 (cmd -2.5),0.0 (cmd 1.6)
0.36210000000000003,-0.89,-1.3,0.0,-14.07,1.7,0.0,-14.1,-0.9,0.0 (cmd -1.3),0.0 (cmd 1.7)
0.3626,-0.47,0.47,0.0,-5.23,1.6,0.0,-5.2,-0.5,0.0 (cmd 0.5),0.0 (cmd 1.6)
0.36310000000000003,-1.01,1.04,0.0,0.11,1.54,0.0,0.1,-1.0,0.0 (cmd 1.0),0.0 (cmd 1.5)
0.36360000000000003,-1.85,1.48,0.0,1.38,1.48,0.0,1.4,-1.9,0.0 (cmd 1.5),0.0 (cmd 1.5)
0.3641,-2.28,0.87,0.0,0.92,1.27,0.0,0.9,-2.3,0.0 (cmd 0.9),0.0 (cmd 1.3)
0.36460000000000004,-3.29,0.2,0.0,0.63,1.07,0.0,0.6,-3.3,0.0 (cmd 0.2),0.0 (cmd 1.1)
0.3651,-6.12,0.18,0.0,1.13,0.97,0.0,1.1,-6.1,0.0 (cmd 0.2),0.0 (cmd 1.0)
0.36560000000000004,-10.26,1.12,0.0,2.06,0.99,0.0,2.1,-10.3,0.0 (cmd 1.1),0.0 (cmd 1.0)
0.36610000000000004,-12.81,2.31,0.0,2.57,1.05,0.0,2.6,-12.8,0.0 (cmd 2.3),0.0 (cmd 1.1)
0.3666,-17.25,2.86,0.0,3.16,1.02,0.0,3.2,-17.2,0.0 (cmd 2.9),0.0 (cmd 1.0)
0.36710000000000004,-18.29,2.41,0.0,2.99,0.87,0.0,3.0,-18.3,0.0 (cmd 2.4),0.0 (cmd 0.9)
0.3676,-17.97,2.0,0.0,2.06,0.74,0.0,2.1,-18.0,0.0 (cmd 2.0),0.0 (cmd 0.7)
0.36810000000000004,-14.27,0.45,0.0,1.36,0.44,0.0,1.4,-14.3,0.0 (cmd 0.5),0.0 (cmd 0.4)
0.36860000000000004,-10.81,-0.72,0.0,0.94,0.22,0.0,0.9,-10.8,0.0 (cmd -0.7),0.0 (cmd 0.2)
0.3691,-5.69,-2.1,0.0,0.16,0.02,0.0,0.2,-5.7,0.0 (cmd -2.1),0.0 (cmd 0.0)
0.36960000000000004,-4.37,-2.45,0.0,-1.52,-0.09,0.0,-1.5,-4.4,0.0 (cmd -2.5),0.0 (cmd -0.1)
0.3701,-1.84,-2.7,0.0,-6.49,-0.37,0.0,-6.5,-1.8,0.0 (cmd -2.7),0.0 (cmd -0.4)
0.37060000000000004,0.22,-2.83,0.0,-9.0,-0.53,0.0,-9.0,0.2,0.0 (cmd -2.8),0.0 (cmd -0.5)
0.37110000000000004,1.88,-3.06,0.0,-10.52,-0.55,0.0,-10.5,1.9,0.0 (cmd -3.1),0.0 (cmd -0.6)
0.3716,2.78,-3.25,0.0,-10.94,-0.5,0.0,-10.9,2.8,0.0 (cmd -3.2),0.0 (cmd -0.5)
0.37210000000000004,2.76,-3.0,0.0,-11.68,-0.36,0.0,-11.7,2.8,0.0 (cmd -3.0),0.0 (cmd -0.4)
0.3726,2.71,-2.7,0.0,-11.91,-0.17,0.0,-11.9,2.7,0.0 (cmd -2.7),0.0 (cmd -0.2)
0.37310000000000004,2.65,-2.45,0.0,-11.9,0.0,0.0,-11.9,2.6,0.0 (cmd -2.5),0.0 (cmd 0.0)
0.37360000000000004,2.6,-2.26,0.0,-11.86,0.14,0.0,-11.9,2.6,0.0 (cmd -2.3),0.0 (cmd 0.1)
0.3741,2.8,-2.11,0.0,-11.79,0.24,0.0,-11.8,2.8,0.0 (cmd -2.1),0.0 (cmd 0.2)
0.37460000000000004,2.74,-2.03,0.0,-11.8,0.31,0.0,-11.8,2.7,0.0 (cmd -2.0),0.0 (cmd 0.3)
0.3751,2.67,-1.92,0.0,-11.79,0.37,0.0,-11.8,2.7,0.0 (cmd -1.9),0.0 (cmd 0.4)
0.37560000000000004,2.32,-1.83,0.0,-11.64,0.42,0.0,-11.6,2.3,0.0 (cmd -1.8),0.0 (cmd 0.4)
0.37610000000000005,1.89,-1.67,0.0,-11.26,0.48,0.0,-11.3,1.9,0.0 (cmd -1.7),0.0 (cmd 0.5)
0.3766,1.75,-1.53,0.0,-11.05,0.53,0.0,-11.1,1.8,0.0 (cmd -1.5),0.0 (cmd 0.5)
0.37710000000000005,1.49,-1.43,0.0,-10.78,0.56,0.0,-10.8,1.5,0.0 (cmd -1.4),0.0 (cmd 0.6)
0.3776,1.38,-1.4,0.0,-10.13,0.58,0.0,-10.1,1.4,0.0 (cmd -1.4),0.0 (cmd 0.6)
0.37810000000000005,1.3,-1.36,0.0,-9.57,0.58,0.0,-9.6,1.3,0.0 (cmd -1.4),0.0 (cmd 0.6)
0.37860000000000005,1.1,-1.3,0.0,-8.59,0.59,0.0,-8.6,1.1,0.0 (cmd -1.3),0.0 (cmd 0.6)
0.3791,0.83,-1.2,0.0,-7.87,0.61,0.0,-7.9,0.8,0.0 (cmd -1.2),0.0 (cmd 0.6)
0.37960000000000005,0.91,-1.09,0.0,-6.75,0.63,0.0,-6.8,0.9,0.0 (cmd -1.1),0.0 (cmd 0.6)
0.3801,1.35,-1.2,0.0,-6.27,0.57,0.0,-6.3,1.4,0.0 (cmd -1.2),0.0 (cmd 0.6)
0.38060000000000005,1.81,-1.24,0.0,-5.56,0.54,0.0,-5.6,1.8,0.0 (cmd -1.2),0.0 (cmd 0.5)
0.38110000000000005,2.16,-1.34,0.0,-5.25,0.48,0.0,-5.2,2.2,0.0 (cmd -1.3),0.0 (cmd 0.5)
0.38159999999999994,2.27,-1.33,0.0,-5.03,0.44,0.0,-5.0,2.3,0.0 (cmd -1.3),0.0 (cmd 0.4)
0.3821,2.59,-1.41,0.0,-4.97,0.4,0.0,-5.0,2.6,0.0 (cmd -1.4),0.0 (cmd 0.4)
0.38259999999999994,3.04,-1.39,0.0,-4.92,0.37,0.0,-4.9,3.0,0.0 (cmd -1.4),0.0 (cmd 0.4)
0.3831,3.12,-1.44,0.0,-4.83,0.34,0.0,-4.8,3.1,0.0 (cmd -1.4),0.0 (cmd 0.3)
0.3836,3.33,-1.44,0.0,-4.4,0.32,0.0,-4.4,3.3,0.0 (cmd -1.4),0.0 (cmd 0.3)
0.38409999999999994,3.4,-1.38,0.0,-4.23,0.33,0.0,-4.2,3.4,0.0 (cmd -1.4),0.0 (cmd 0.3)
0.3846,3.6,-1.35,0.0,-4.11,0.32,0.0,-4.1,3.6,0.0 (cmd -1.4),0.0 (cmd 0.3)
0.38509999999999994,3.71,-1.38,0.0,-4.08,0.3,0.0,-4.1,3.7,0.0 (cmd -1.4),0.0 (cmd 0.3)
0.3856,3.88,-1.37,0.0,-4.11,0.28,0.0,-4.1,3.9,0.0 (cmd -1.4),0.0 (cmd 0.3)
0.3861,3.98,-1.39,0.0,-4.27,0.26,0.0,-4.3,4.0,0.0 (cmd -1.4),0.0 (cmd 0.3)
0.38659999999999994,4.03,-1.38,0.0,-4.46,0.25,0.0,-4.5,4.0,0.0 (cmd -1.4),0.0 (cmd 0.2)
0.3871,4.29,-1.4,0.0,-4.47,0.24,0.0,-4.5,4.3,0.0 (cmd -1.4),0.0 (cmd 0.2)
0.38759999999999994,4.41,-1.41,0.0,-4.34,0.24,0.0,-4.3,4.4,0.0 (cmd -1.4),0.0 (cmd 0.2)
0.3881,4.46,-1.39,0.0,-4.07,0.26,0.0,-4.1,4.5,0.0 (cmd -1.4),0.0 (cmd 0.3)
0.3886,4.55,-1.36,0.0,-3.76,0.27,0.0,-3.8,4.5,0.0 (cmd -1.4),0.0 (cmd 0.3)
0.38909999999999995,4.63,-1.33,0.0,-3.6,0.27,0.0,-3.6,4.6,0.0 (cmd -1.3),0.0 (cmd 0.3)
0.3896,4.67,-1.3,0.0,-3.38,0.28,0.0,-3.4,4.7,0.0 (cmd -1.3),0.0 (cmd 0.3)
0.39009999999999995,4.77,-1.28,0.0,-3.12,0.28,0.0,-3.1,4.8,0.0 (cmd -1.3),0.0 (cmd 0.3)
0.3906,4.88,-1.29,0.0,-2.99,0.27,0.0,-3.0,4.9,0.0 (cmd -1.3),0.0 (cmd 0.3)
0.3911,4.99,-1.28,0.0,-2.93,0.26,0.0,-2.9,5.0,0.0 (cmd -1.3),0.0 (cmd 0.3)
0.39159999999999995,5.1,-1.28,0.0,-2.9,0.25,0.0,-2.9,5.1,0.0 (cmd -1.3),0.0 (cmd 0.2)
0.3921,5.16,-1.29,0.0,-2.85,0.23,0.0,-2.9,5.2,0.0 (cmd -1.3),0.0 (cmd 0.2)
0.39259999999999995,5.19,-1.28,0.0,-2.87,0.23,0.0,-2.9,5.2,0.0 (cmd -1.3),0.0 (cmd 0.2)
0.3931,5.21,-1.27,0.0,-2.94,0.22,0.0,-2.9,5.2,0.0 (cmd -1.3),0.0 (cmd 0.2)
0.3936,5.35,-1.27,0.0,-3.49,0.21,0.0,-3.5,5.3,0.0 (cmd -1.3),0.0 (cmd 0.2)
0.39409999999999995,5.41,-1.34,0.0,-3.96,0.17,0.0,-4.0,5.4,0.0 (cmd -1.3),0.0 (cmd 0.2)
0.3946,5.43,-1.38,0.0,-4.69,0.15,0.0,-4.7,5.4,0.0 (cmd -1.4),0.0 (cmd 0.1)
0.39509999999999995,5.47,-1.4,0.0,-5.16,0.15,0.0,-5.2,5.5,0.0 (cmd -1.4),0.0 (cmd 0.1)
0.3956,4.88,-1.42,0.0,-5.38,0.16,0.0,-5.4,4.9,0.0 (cmd -1.4),0.0 (cmd 0.2)
0.3961,4.82,-1.26,0.0,-4.77,0.24,0.0,-4.8,4.8,0.0 (cmd -1.3),0.0 (cmd 0.2)
0.39659999999999995,4.97,-1.22,0.0,-3.66,0.3,0.0,-3.7,5.0,0.0 (cmd -1.2),0.0 (cmd 0.3)
0.3971,5.37,-1.16,0.0,-2.42,0.37,0.0,-2.4,5.4,0.0 (cmd -1.2),0.0 (cmd 0.4)
0.39759999999999995,5.38,-1.23,0.0,-2.57,0.32,0.0,-2.6,5.4,0.0 (cmd -1.2),0.0 (cmd 0.3)
0.3981,4.99,-1.12,0.0,-1.95,0.32,0.0,-1.9,5.0,0.0 (cmd -1.1),0.0 (cmd 0.3)
0.3986,1.3,-1.0,0.0,-1.09,0.35,0.0,-1.1,1.3,0.0 (cmd -1.0),0.0 (cmd 0.3)
0.39909999999999995,-0.84,0.16,0.0,-0.43,0.58,0.0,-0.4,-0.8,0.0 (cmd 0.2),0.0 (cmd 0.6)
0.3996,-3.27,0.56,0.0,-0.22,0.62,0.0,-0.2,-3.3,0.0 (cmd 0.6),0.0 (cmd 0.6)
0.40009999999999996,-5.54,0.94,0.0,-0.15,0.65,0.0,-0.1,-5.5,0.0 (cmd 0.9),0.0 (cmd 0.7)
0.4006,-7.88,1.06,0.0,0.48,0.63,0.0,0.5,-7.9,0.0 (cmd 1.1),0.0 (cmd 0.6)
0.4011,-8.05,1.22,0.0,0.86,0.61,0.0,0.9,-8.1,0.0 (cmd 1.2),0.0 (cmd 0.6)
0.40159999999999996,-6.47,0.46,0.0,2.49,0.46,0.0,2.5,-6.5,0.0 (cmd 0.5),0.0 (cmd 0.5)
0.4021,-4.32,0.01,0.0,3.85,0.4,0.0,3.9,-4.3,0.0 (cmd 0.0),0.0 (cmd 0.4)
0.40259999999999996,-3.73,-0.51,0.0,4.45,0.32,0.0,4.5,-3.7,0.0 (cmd -0.5),0.0 (cmd 0.3)
0.4031,-3.4,-0.72,0.0,4.61,0.26,0.0,4.6,-3.4,0.0 (cmd -0.7),0.0 (cmd 0.3)
0.4036,-3.32,-0.67,0.0,5.16,0.25,0.0,5.2,-3.3,0.0 (cmd -0.7),0.0 (cmd 0.2)
0.40409999999999996,-3.4,-0.69,0.0,5.15,0.21,0.0,5.2,-3.4,0.0 (cmd -0.7),0.0 (cmd 0.2)
0.4046,-3.45,-0.65,0.0,5.21,0.19,0.0,5.2,-3.5,0.0 (cmd -0.7),0.0 (cmd 0.2)
0.40509999999999996,-3.42,-0.65,0.0,5.21,0.17,0.0,5.2,-3.4,0.0 (cmd -0.7),0.0 (cmd 0.2)
0.4056,-3.2,-0.67,0.0,5.11,0.15,0.0,5.1,-3.2,0.0 (cmd -0.7),0.0 (cmd 0.1)
0.4061,-2.87,-0.78,0.0,5.1,0.12,0.0,5.1,-2.9,0.0 (cmd -0.8),0.0 (cmd 0.1)
0.40659999999999996,-2.54,-0.83,0.0,4.88,0.1,0.0,4.9,-2.5,0.0 (cmd -0.8),0.0 (cmd 0.1)
0.4071,-0.11,-1.31,0.0,4.75,0.01,0.0,4.8,-0.1,0.0 (cmd -1.3),0.0 (cmd 0.0)
0.40759999999999996,0.44,-1.45,0.0,4.34,-0.02,0.0,4.3,0.4,0.0 (cmd -1.4),0.0 (cmd -0.0)
0.4081,0.94,-1.44,0.0,4.1,-0.04,0.0,4.1,0.9,0.0 (cmd -1.4),0.0 (cmd -0.0)
0.4086,0.47,-1.38,0.0,3.94,-0.05,0.0,3.9,0.5,0.0 (cmd -1.4),0.0 (cmd -0.1)
0.40909999999999996,0.37,-1.13,0.0,3.67,-0.02,0.0,3.7,0.4,0.0 (cmd -1.1),0.0 (cmd -0.0)
0.4096,0.3,-1.04,0.0,2.91,-0.01,0.0,2.9,0.3,0.0 (cmd -1.0),0.0 (cmd -0.0)
0.41009999999999996,0.48,-1.04,0.0,1.77,-0.04,0.0,1.8,0.5,0.0 (cmd -1.0),0.0 (cmd -0.0)
0.4106,0.76,-1.13,0.0,0.46,-0.12,0.0,0.5,0.8,0.0 (cmd -1.1),0.0 (cmd -0.1)
0.4111,1.31,-1.28,0.0,-2.61,-0.19,0.0,-2.6,1.3,0.0 (cmd -1.3),0.0 (cmd -0.2)
0.41159999999999997,1.43,-1.4,0.0,-5.96,-0.26,0.0,-6.0,1.4,0.0 (cmd -1.4),0.0 (cmd -0.3)
0.4121,3.62,-1.62,0.0,-7.28,-0.55,0.0,-7.3,3.6,0.0 (cmd -1.6),0.0 (cmd -0.6)
0.41259999999999997,4.45,-2.05,0.0,-10.02,-0.63,0.0,-10.0,4.5,0.0 (cmd -2.0),0.0 (cmd -0.6)
0.4131,4.48,-2.2,0.0,-9.93,-0.48,0.0,-9.9,4.5,0.0 (cmd -2.2),0.0 (cmd -0.5)
0.4136,4.17,-2.09,0.0,-8.93,-0.16,0.0,-8.9,4.2,0.0 (cmd -2.1),0.0 (cmd -0.2)
0.41409999999999997,2.78,-1.62,0.0,-8.18,0.15,0.0,-8.2,2.8,0.0 (cmd -1.6),0.0 (cmd 0.1)
0.4146,2.25,-1.36,0.0,-6.51,0.32,0.0,-6.5,2.2,0.0 (cmd -1.4),0.0 (cmd 0.3)
0.41509999999999997,2.19,-1.06,0.0,-5.58,0.43,0.0,-5.6,2.2,0.0 (cmd -1.1),0.0 (cmd 0.4)
0.4156,2.52,-1.2,0.0,-6.08,0.4,0.0,-6.1,2.5,0.0 (cmd -1.2),0.0 (cmd 0.4)
0.4161,2.63,-1.34,0.0,-7.7,0.32,0.0,-7.7,2.6,0.0 (cmd -1.3),0.0 (cmd 0.3)
0.41659999999999997,2.78,-1.56,0.0,-11.49,0.19,0.0,-11.5,2.8,0.0 (cmd -1.6),0.0 (cmd 0.2)
0.4171,2.91,-1.73,0.0,-12.37,0.13,0.0,-12.4,2.9,0.0 (cmd -1.7),0.0 (cmd 0.1)
0.41759999999999997,3.14,-1.86,0.0,-14.22,0.11,0.0,-14.2,3.1,0.0 (cmd -1.9),0.0 (cmd 0.1)
0.4181,3.32,-1.95,0.0,-14.91,0.19,0.0,-14.9,3.3,0.0 (cmd -1.9),0.0 (cmd 0.2)
0.4186,3.4,-1.98,0.0,-14.5,0.29,0.0,-14.5,3.4,0.0 (cmd -2.0),0.0 (cmd 0.3)
0.4191,3.56,-1.92,0.0,-13.49,0.4,0.0,-13.5,3.6,0.0 (cmd -1.9),0.0 (cmd 0.4)
0.41960000000000003,3.9,-1.82,0.0,-11.97,0.53,0.0,-12.0,3.9,0.0 (cmd -1.8),0.0 (cmd 0.5)
0.4201,3.98,-1.78,0.0,-9.92,0.58,0.0,-9.9,4.0,0.0 (cmd -1.8),0.0 (cmd 0.6)
0.42060000000000003,4.64,-1.75,0.0,-8.3,0.62,0.0,-8.3,4.6,0.0 (cmd -1.8),0.0 (cmd 0.6)
0.42110000000000003,4.9,-1.64,0.0,-6.38,0.64,0.0,-6.4,4.9,0.0 (cmd -1.6),0.0 (cmd 0.6)
0.4216,5.01,-1.49,0.0,-5.52,0.66,0.0,-5.5,5.0,0.0 (cmd -1.5),0.0 (cmd 0.7)
0.42210000000000003,5.28,-1.48,0.0,-4.95,0.59,0.0,-5.0,5.3,0.0 (cmd -1.5),0.0 (cmd 0.6)
0.4226,5.55,-1.42,0.0,-3.56,0.59,0.0,-3.6,5.5,0.0 (cmd -1.4),0.0 (cmd 0.6)
0.42310000000000003,5.59,-1.36,0.0,-2.84,0.55,0.0,-2.8,5.6,0.0 (cmd -1.4),0.0 (cmd 0.6)
0.42360000000000003,5.59,-1.29,0.0,-2.16,0.51,0.0,-2.2,5.6,0.0 (cmd -1.3),0.0 (cmd 0.5)
0.4241,5.04,-1.21,0.0,-1.88,0.46,0.0,-1.9,5.0,0.0 (cmd -1.2),0.0 (cmd 0.5)
0.42460000000000003,4.64,-1.21,0.0,-0.35,0.46,0.0,-0.3,4.6,0.0 (cmd -1.2),0.0 (cmd 0.5)
0.4251,3.33,0.0,0.0,1.02,0.0,0.0,1.0,3.3,0.0 (cmd 0.0),0.0 (cmd 0.0)
0.42560000000000003,2.44,0.0,0.0,1.63,0.0,0.0,1.6,2.4,0.0 (cmd 0.0),0.0 (cmd 0.0)
0.42610000000000003,1.44,0.0,0.0,2.06,0.0,0.0,2.1,1.4,0.0 (cmd 0.0),0.0 (cmd 0.0)
0.4266,-1.55,0.0,0.0,2.9,0.0,0.0,2.9,-1.6,0.0 (cmd 0.0),0.0 (cmd 0.0)
0.42710000000000004,-10.64,0.0,0.0,3.4,0.0,0.0,3.4,-10.6,0.0 (cmd 0.0),0.0 (cmd 0.0)
0.4276,-16.94,0.0,0.0,3.78,0.0,0.0,3.8,-16.9,0.0 (cmd 0.0),0.0 (cmd 0.0)
0.42810000000000004,-17.8,0.0,0.0,4.17,0.0,0.0,4.2,-17.8,0.0 (cmd 0.0),0.0 (cmd 0.0)
0.42860000000000004,-17.89,0.0,0.0,4.58,0.0,0.0,4.6,-17.9,0.0 (cmd 0.0),0.0 (cmd 0.0)
0.4291,-17.56,0.0,0.0,5.16,0.0,0.0,5.2,-17.6,0.0 (cmd 0.0),0.0 (cmd 0.0)
0.42960000000000004,-16.89,0.0,0.0,5.6,0.0,0.0,5.6,-16.9,0.0 (cmd 0.0),0.0 (cmd 0.0)
0.4301,-14.32,0.0,0.0,6.05,0.0,0.0,6.0,-14.3,0.0 (cmd 0.0),0.0 (cmd 0.0)
0.43060000000000004,-8.94,0.0,0.0,6.86,0.0,0.0,6.9,-8.9,0.0 (cmd 0.0),0.0 (cmd 0.0)
0.43110000000000004,-8.57,0.0,0.0,7.39,0.0,0.0,7.4,-8.6,0.0 (cmd 0.0),0.0 (cmd 0.0)
0.4316,-8.65,0.0,0.0,7.72,0.0,0.0,7.7,-8.7,0.0 (cmd 0.0),0.0 (cmd 0.0)
0.43210000000000004,-6.77,0.0,0.0,8.04,0.0,0.0,8.0,-6.8,0.0 (cmd 0.0),0.0 (cmd 0.0)
0.4326,-6.1,0.0,0.0,7.06,0.0,0.0,7.1,-6.1,0.0 (cmd 0.0),0.0 (cmd 0.0)
0.43310000000000004,-4.82,0.0,0.0,5.28,0.0,0.0,5.3,-4.8,0.0 (cmd 0.0),0.0 (cmd 0.0)
0.43360000000000004,-3.32,0.0,0.0,1.77,0.0,0.0,1.8,-3.3,0.0 (cmd 0.0),0.0 (cmd 0.0)
0.4341,-1.96,0.0,0.0,-2.35,0.0,0.0,-2.4,-2.0,0.0 (cmd 0.0),0.0 (cmd 0.0)
0.43460000000000004,-0.01,0.0,0.0,-7.39,0.0,0.0,-7.4,-0.0,0.0 (cmd 0.0),0.0 (cmd 0.0)
0.4351,0.43,0.0,0.0,-10.34,0.0,0.0,-10.3,0.4,0.0 (cmd 0.0),0.0 (cmd 0.0)
0.43560000000000004,0.46,0.0,0.0,-12.81,0.0,0.0,-12.8,0.5,0.0 (cmd 0.0),0.0 (cmd 0.0)
0.43610000000000004,0.47,0.0,0.0,-13.49,0.0,0.0,-13.5,0.5,0.0 (cmd 0.0),0.0 (cmd 0.0)
0.4366,0.52,0.0,0.0,-13.26,0.0,0.0,-13.3,0.5,0.0 (cmd 0.0),0.0 (cmd 0.0)
0.43710000000000004,1.42,0.0,0.0,-11.42,0.0,0.0,-11.4,1.4,0.0 (cmd 0.0),0.0 (cmd 0.0)
0.4376,3.36,0.0,0.0,-8.53,0.0,0.0,-8.5,3.4,0.0 (cmd 0.0),0.0 (cmd 0.0)
0.43810000000000004,4.16,0.0,0.0,-6.84,0.0,0.0,-6.8,4.2,0.0 (cmd 0.0),0.0 (cmd 0.0)
0.43860000000000005,4.93,0.0,0.0,-7.42,0.0,0.0,-7.4,4.9,0.0 (cmd 0.0),0.0 (cmd 0.0)
0.4391,5.62,0.0,0.0,-9.53,0.0,0.0,-9.5,5.6,0.0 (cmd 0.0),0.0 (cmd 0.0)
0.43960000000000005,6.28,0.0,0.0,-9.37,0.0,0.0,-9.4,6.3,0.0 (cmd 0.0),0.0 (cmd 0.0)
0.4401,6.59,0.0,0.0,-7.41,0.0,0.0,-7.4,6.6,0.0 (cmd 0.0),0.0 (cmd 0.0)
0.44060000000000005,6.49,0.0,0.0,-5.39,0.0,0.0,-5.4,6.5,0.0 (cmd 0.0),0.0 (cmd 0.0)
0.44110000000000005,6.12,0.0,0.0,-3.87,0.0,0.0,-3.9,6.1,0.0 (cmd 0.0),0.0 (cmd 0.0)
0.44170000000000004,3.98,0.0,0.0,-2.18,0.0,0.0,-2.2,4.0,0.0 (cmd 0.0),0.0 (cmd 0.0)
0.4422,2.09,0.0,0.0,-0.23,0.0,0.0,-0.2,2.1,0.0 (cmd 0.0),0.0 (cmd 0.0)
0.44270000000000004,0.7,0.0,0.0,0.35,0.0,0.0,0.3,0.7,0.0 (cmd 0.0),0.0 (cmd 0.0)
0.4432,-0.76,0.0,0.0,1.52,0.0,0.0,1.5,-0.8,0.0 (cmd 0.0),0.0 (cmd 0.0)
0.4437,-4.64,0.0,0.0,2.21,0.0,0.0,2.2,-4.6,0.0 (cmd 0.0),0.0 (cmd 0.0)
0.44420000000000004,-21.84,0.0,0.0,2.42,0.0,0.0,2.4,-21.8,0.0 (cmd 0.0),0.0 (cmd 0.0)
0.4447,-26.63,0.0,0.0,3.21,0.0,0.0,3.2,-26.6,0.0 (cmd 0.0),0.0 (cmd 0.0)
0.44520000000000004,-27.52,0.0,0.0,3.79,0.0,0.0,3.8,-27.5,0.0 (cmd 0.0),0.0 (cmd 0.0)
0.4457,-27.09,0.0,0.0,3.85,0.0,0.0,3.9,-27.1,0.0 (cmd 0.0),0.0 (cmd 0.0)
0.4462,-23.78,0.0,0.0,3.62,0.0,0.0,3.6,-23.8,0.0 (cmd 0.0),0.0 (cmd 0.0)
0.44670000000000004,-19.5,0.0,0.0,3.56,0.0,0.0,3.6,-19.5,0.0 (cmd 0.0),0.0 (cmd 0.0)
0.4472,-15.35,0.0,0.0,3.17,0.0,0.0,3.2,-15.3,0.0 (cmd 0.0),0.0 (cmd 0.0)
0.44770000000000004,-12.17,0.0,0.0,2.22,0.0,0.0,2.2,-12.2,0.0 (cmd 0.0),0.0 (cmd 0.0)
0.4482,-9.02,0.0,0.0,1.45,0.0,0.0,1.4,-9.0,0.0 (cmd 0.0),0.0 (cmd 0.0)
0.4487,-6.58,0.0,0.0,-1.13,0.0,0.0,-1.1,-6.6,0.0 (cmd 0.0),0.0 (cmd 0.0)
0.44920000000000004,-3.47,0.0,0.0,-3.85,0.0,0.0,-3.9,-3.5,0.0 (cmd 0.0),0.0 (cmd 0.0)
0.4497,-0.72,0.0,0.0,-5.3,0.0,0.0,-5.3,-0.7,0.0 (cmd 0.0),0.0 (cmd 0.0)
0.45020000000000004,0.54,0.0,0.0,-7.15,0.0,0.0,-7.2,0.5,0.0 (cmd 0.0),0.0 (cmd 0.0)
0.4507,2.57,0.0,0.0,-9.07,0.0,0.0,-9.1,2.6,0.0 (cmd 0.0),0.0 (cmd 0.0)
0.4512,4.4,0.0,0.0,-11.07,0.0,0.0,-11.1,4.4,0.0 (cmd 0.0),0.0 (cmd 0.0)
0.45170000000000005,4.29,0.0,0.0,-11.73,0.0,0.0,-11.7,4.3,0.0 (cmd 0.0),0.0 (cmd 0.0)
0.4522,4.19,0.0,0.0,-13.12,0.0,0.0,-13.1,4.2,0.0 (cmd 0.0),0.0 (cmd 0.0)
0.45270000000000005,4.54,0.0,0.0,-13.76,0.0,0.0,-13.8,4.5,0.0 (cmd 0.0),0.0 (cmd 0.0)
0.4532,4.89,0.0,0.0,-12.85,0.0,0.0,-12.8,4.9,0.0 (cmd 0.0),0.0 (cmd 0.0)
0.4537,5.51,0.0,0.0,-11.98,0.0,0.0,-12.0,5.5,0.0 (cmd 0.0),0.0 (cmd 0.0)
0.45420000000000005,6.19,0.0,0.0,-9.72,0.0,0.0,-9.7,6.2,0.0 (cmd 0.0),0.0 (cmd 0.0)
0.4547,6.95,0.0,0.0,-5.51,0.0,0.0,-5.5,7.0,0.0 (cmd 0.0),0.0 (cmd 0.0)
0.45520000000000005,6.65,0.0,0.0,-4.22,0.0,0.0,-4.2,6.7,0.0 (cmd 0.0),0.0 (cmd 0.0)
0.4557,3.8,0.0,0.0,-1.99,0.0,0.0,-2.0,3.8,0.0 (cmd 0.0),0.0 (cmd 0.0)
0.4562,-1.46,0.0,0.0,-0.76,0.0,0.0,-0.8,-1.5,0.0 (cmd 0.0),0.0 (cmd 0.0)
0.45670000000000005,-5.83,0.0,0.0,-0.01,0.0,0.0,-0.0,-5.8,0.0 (cmd 0.0),0.0 (cmd 0.0)
0.4572,-11.49,0.0,0.0,0.27,0.0,0.0,0.3,-11.5,0.0 (cmd 0.0),0.0 (cmd 0.0)
0.45770000000000005,-13.88,0.0,0.0,0.4,0.0,0.0,0.4,-13.9,0.0 (cmd 0.0),0.0 (cmd 0.0)
0.4582,-16.28,0.0,0.0,0.96,0.0,0.0,1.0,-16.3,0.0 (cmd 0.0),0.0 (cmd 0.0)
0.4587,-17.88,0.0,0.0,1.87,0.0,0.0,1.9,-17.9,0.0 (cmd 0.0),0.0 (cmd 0.0)
0.45920000000000005,-21.09,0.0,0.0,3.75,0.0,0.0,3.8,-21.1,0.0 (cmd 0.0),0.0 (cmd 0.0)
0.4597,-21.5,0.0,0.0,5.42,0.0,0.0,5.4,-21.5,0.0 (cmd 0.0),0.0 (cmd 0.0)
0.46020000000000005,-21.2,0.0,0.0,6.38,0.0,0.0,6.4,-21.2,0.0 (cmd 0.0),0.0 (cmd 0.0)
0.4607,-20.12,0.0,0.0,7.41,0.0,0.0,7.4,-20.1,0.0 (cmd 0.0),0.0 (cmd 0.0)
0.4612,-18.16,0.0,0.0,8.02,0.0,0.0,8.0,-18.2,0.0 (cmd 0.0),0.0 (cmd 0.0)
0.46170000000000005,-16.72,0.0,0.0,8.95,0.0,0.0,8.9,-16.7,0.0 (cmd 0.0),0.0 (cmd 0.0)
0.4622,-16.4,0.0,0.0,9.25,0.0,0.0,9.2,-16.4,0.0 (cmd 0.0),0.0 (cmd 0.0)
0.46270000000000006,-15.9,0.0,0.0,9.51,0.0,0.0,9.5,-15.9,0.0 (cmd 0.0),0.0 (cmd 0.0)
0.4632,-13.7,0.0,0.0,9.34,0.0,0.0,9.3,-13.7,0.0 (cmd 0.0),0.0 (cmd 0.0)
0.4637,-12.72,0.0,0.0,7.9,0.0,0.0,7.9,-12.7,0.0 (cmd 0.0),0.0 (cmd 0.0)
0.46420000000000006,-10.47,0.0,0.0,2.25,0.0,0.0,2.2,-10.5,0.0 (cmd 0.0),0.0 (cmd 0.0)
0.4647,-8.55,0.0,0.0,-5.19,0.0,0.0,-5.2,-8.6,0.0 (cmd 0.0),0.0 (cmd 0.0)
0.46520000000000006,-5.62,0.0,0.0,-10.84,0.0,0.0,-10.8,-5.6,0.0 (cmd 0.0),0.0 (cmd 0.0)
0.4657,-3.96,0.0,0.0,-14.96,0.0,0.0,-15.0,-4.0,0.0 (cmd 0.0),0.0 (cmd 0.0)
0.4662,-2.85,0.0,0.0,-19.25,0.0,0.0,-19.2,-2.9,0.0 (cmd 0.0),0.0 (cmd 0.0)
0.46670000000000006,-2.68,0.0,0.0,-20.41,0.0,0.0,-20.4,-2.7,0.0 (cmd 0.0),0.0 (cmd 0.0)
0.4672,-2.12,0.0,0.0,-19.78,0.0,0.0,-19.8,-2.1,0.0 (cmd 0.0),0.0 (cmd 0.0)
0.46770000000000006,-1.14,0.0,0.0,-18.33,0.0,0.0,-18.3,-1.1,0.0 (cmd 0.0),0.0 (cmd 0.0)
0.4682,0.24,0.0,0.0,-11.62,0.0,0.0,-11.6,0.2,0.0 (cmd 0.0),0.0 (cmd 0.0)
0.4687,1.38,0.0,0.0,-11.0,0.0,0.0,-11.0,1.4,0.0 (cmd 0.0),0.0 (cmd 0.0)
0.46920000000000006,1.87,0.0,0.0,-14.47,0.0,0.0,-14.5,1.9,0.0 (cmd 0.0),0.0 (cmd 0.0)
0.4697,3.14,0.0,0.0,-16.11,0.0,0.0,-16.1,3.1,0.0 (cmd 0.0),0.0 (cmd 0.0)
0.47020000000000006,4.11,0.0,0.0,-14.42,0.0,0.0,-14.4,4.1,0.0 (cmd 0.0),0.0 (cmd 0.0)
0.4707,3.52,0.0,0.0,-9.12,0.0,0.0,-9.1,3.5,0.0 (cmd 0.0),0.0 (cmd 0.0)
0.4712,2.58,0.0,0.0,-8.34,0.0,0.0,-8.3,2.6,0.0 (cmd 0.0),0.0 (cmd 0.0)
0.47170000000000006,1.01,0.0,0.0,-6.55,0.0,0.0,-6.5,1.0,0.0 (cmd 0.0),0.0 (cmd 0.0)
0.4722,-1.13,0.0,0.0,-6.96,0.0,0.0,-7.0,-1.1,0.0 (cmd 0.0),0.0 (cmd 0.0)
0.47270000000000006,-4.31,0.0,0.0,-5.51,0.0,0.0,-5.5,-4.3,0.0 (cmd 0.0),0.0 (cmd 0.0)
0.4732,-7.77,0.0,0.0,-4.09,0.0,0.0,-4.1,-7.8,0.0 (cmd 0.0),0.0 (cmd 0.0)
0.4737,-9.52,0.0,0.0,-1.1,0.0,0.0,-1.1,-9.5,0.0 (cmd 0.0),0.0 (cmd 0.0)
0.47420000000000007,-10.8,0.0,0.0,1.09,0.0,0.0,1.1,-10.8,0.0 (cmd 0.0),0.0 (cmd 0.0)
0.4747,-11.67,0.0,0.0,2.48,0.0,0.0,2.5,-11.7,0.0 (cmd 0.0),0.0 (cmd 0.0)
0.47520000000000007,-12.43,0.0,0.0,2.77,0.0,0.0,2.8,-12.4,0.0 (cmd 0.0),0.0 (cmd 0.0)
0.4757,-12.86,0.0,0.0,2.99,0.0,0.0,3.0,-12.9,0.0 (cmd 0.0),0.0 (cmd 0.0)
0.4762,-12.62,0.0,0.0,2.98,0.0,0.0,3.0,-12.6,0.0 (cmd 0.0),0.0 (cmd 0.0)
0.47670000000000007,-13.17,0.0,0.0,3.0,0.0,0.0,3.0,-13.2,0.0 (cmd 0.0),0.0 (cmd 0.0)
0.4772,-13.46,0.0,0.0,3.22,0.0,0.0,3.2,-13.5,0.0 (cmd 0.0),0.0 (cmd 0.0)
0.47770000000000007,-13.36,0.0,0.0,3.8,0.0,0.0,3.8,-13.4,0.0 (cmd 0.0),0.0 (cmd 0.0)
0.4782,-12.81,0.0,0.0,3.76,0.0,0.0,3.8,-12.8,0.0 (cmd 0.0),0.0 (cmd 0.0)
0.4787,-12.1,0.0,0.0,3.77,0.0,0.0,3.8,-12.1,0.0 (cmd 0.0),0.0 (cmd 0.0)
0.47920000000000007,-11.71,0.0,0.0,3.83,0.0,0.0,3.8,-11.7,0.0 (cmd 0.0),0.0 (cmd 0.0)
0.4797,-11.23,0.0,0.0,3.91,0.0,0.0,3.9,-11.2,0.0 (cmd 0.0),0.0 (cmd 0.0)
0.48020000000000007,-10.62,0.0,0.0,4.02,0.0,0.0,4.0,-10.6,0.0 (cmd 0.0),0.0 (cmd 0.0)
0.4807,-10.03,0.0,0.0,4.04,0.0,0.0,4.0,-10.0,0.0 (cmd 0.0),0.0 (cmd 0.0)
0.48119999999999996,-9.14,0.0,0.0,3.83,0.0,0.0,3.8,-9.1,0.0 (cmd 0.0),0.0 (cmd 0.0)
0.4817000000000001,-8.05,0.0,0.0,3.79,0.0,0.0,3.8,-8.1,0.0 (cmd 0.0),0.0 (cmd 0.0)
0.48219999999999996,-7.51,0.0,0.0,3.82,0.0,0.0,3.8,-7.5,0.0 (cmd 0.0),0.0 (cmd 0.0)
0.4827,-7.24,0.0,0.0,3.75,0.0,0.0,3.8,-7.2,0.0 (cmd 0.0),0.0 (cmd 0.0)
0.48319999999999996,-7.23,0.0,0.0,3.39,0.0,0.0,3.4,-7.2,0.0 (cmd 0.0),0.0 (cmd 0.0)
0.48369999999999996,-7.24,0.0,0.0,3.05,0.0,0.0,3.0,-7.2,0.0 (cmd 0.0),0.0 (cmd 0.0)
0.4842,-6.97,0.0,0.0,2.83,0.0,0.0,2.8,-7.0,0.0 (cmd 0.0),0.0 (cmd 0.0)
0.48469999999999996,-6.07,0.0,0.0,2.49,0.0,0.0,2.5,-6.1,0.0 (cmd 0.0),0.0 (cmd 0.0)
0.4852,-5.0,0.0,0.0,1.95,0.0,0.0,1.9,-5.0,0.0 (cmd 0.0),0.0 (cmd 0.0)
0.48569999999999997,-3.58,0.0,0.0,1.39,0.0,0.0,1.4,-3.6,0.0 (cmd 0.0),0.0 (cmd 0.0)
0.48619999999999997,-2.81,0.0,0.0,0.24,0.0,0.0,0.2,-2.8,0.0 (cmd 0.0),0.0 (cmd 0.0)
0.4867,-2.47,0.0,0.0,-0.77,0.0,0.0,-0.8,-2.5,0.0 (cmd 0.0),0.0 (cmd 0.0)
0.48719999999999997,-1.94,0.0,0.0,-2.09,0.0,0.0,-2.1,-1.9,0.0 (cmd 0.0),0.0 (cmd 0.0)
0.4877,-1.57,0.0,0.0,-4.97,0.0,0.0,-5.0,-1.6,0.0 (cmd 0.0),0.0 (cmd 0.0)
0.48819999999999997,-1.15,0.0,0.0,-8.77,0.0,0.0,-8.8,-1.1,0.0 (cmd 0.0),0.0 (cmd 0.0)
0.48869999999999997,-0.63,0.0,0.0,-10.99,0.0,0.0,-11.0,-0.6,0.0 (cmd 0.0),0.0 (cmd 0.0)
0.4892,-0.26,0.0,0.0,-12.4,0.0,0.0,-12.4,-0.3,0.0 (cmd 0.0),0.0 (cmd 0.0)
0.48969999999999997,-0.23,0.0,0.0,-12.97,0.0,0.0,-13.0,-0.2,0.0 (cmd 0.0),0.0 (cmd 0.0)
0.4902,-0.78,0.0,0.0,-12.49,0.0,0.0,-12.5,-0.8,0.0 (cmd 0.0),0.0 (cmd 0.0)
0.49069999999999997,-1.27,0.0,0.0,-10.84,0.0,0.0,-10.8,-1.3,0.0 (cmd 0.0),0.0 (cmd 0.0)
0.49119999999999997,-2.15,0.0,0.0,-9.04,0.0,0.0,-9.0,-2.1,0.0 (cmd 0.0),0.0 (cmd 0.0)
0.4917,-2.28,0.0,0.0,-7.56,0.0,0.0,-7.6,-2.3,0.0 (cmd 0.0),0.0 (cmd 0.0)
0.49219999999999997,-2.15,0.0,0.0,-6.8,0.0,0.0,-6.8,-2.1,0.0 (cmd 0.0),0.0 (cmd 0.0)
0.4927,-1.87,0.0,0.0,-7.27,0.0,0.0,-7.3,-1.9,0.0 (cmd 0.0),0.0 (cmd 0.0)
0.49319999999999997,-1.78,0.0,0.0,-7.49,0.0,0.0,-7.5,-1.8,0.0 (cmd 0.0),0.0 (cmd 0.0)
0.49369999999999997,-1.73,0.0,0.0,-8.19,0.0,0.0,-8.2,-1.7,0.0 (cmd 0.0),0.0 (cmd 0.0)
0.49420000000000003,-1.77,0.0,0.0,-8.87,0.0,0.0,-8.9,-1.8,0.0 (cmd 0.0),0.0 (cmd 0.0)
0.4947,-1.96,0.0,0.0,-9.36,0.0,0.0,-9.4,-2.0,0.0 (cmd 0.0),0.0 (cmd 0.0)
0.49520000000000003,-2.31,0.0,0.0,-9.93,0.0,0.0,-9.9,-2.3,0.0 (cmd 0.0),0.0 (cmd 0.0)
0.4957,-2.45,0.0,0.0,-10.32,0.0,0.0,-10.3,-2.5,0.0 (cmd 0.0),0.0 (cmd 0.0)
0.4962,-2.51,0.0,0.0,-10.48,0.0,0.0,-10.5,-2.5,0.0 (cmd 0.0),0.0 (cmd 0.0)
0.49670000000000003,-2.37,0.0,0.0,-9.98,0.0,0.0,-10.0,-2.4,0.0 (cmd 0.0),0.0 (cmd 0.0)
0.4972,-2.3,0.0,0.0,-8.87,0.0,0.0,-8.9,-2.3,0.0 (cmd 0.0),0.0 (cmd 0.0)
0.49770000000000003,-2.03,0.0,0.0,-7.44,0.0,0.0,-7.4,-2.0,0.0 (cmd 0.0),0.0 (cmd 0.0)
0.4982,-2.01,0.0,0.0,-5.29,0.0,0.0,-5.3,-2.0,0.0 (cmd 0.0),0.0 (cmd 0.0)
0.4987,-2.23,0.0,0.0,-2.5,0.0,0.0,-2.5,-2.2,0.0 (cmd 0.0),0.0 (cmd 0.0)
0.49920000000000003,-3.52,0.0,0.0,-0.31,0.0,0.0,-0.3,-3.5,0.0 (cmd 0.0),0.0 (cmd 0.0)
0.4997,-4.99,0.0,0.0,1.62,0.0,0.0,1.6,-5.0,0.0 (cmd 0.0),0.0 (cmd 0.0)
0.5002000000000001,-6.33,0.0,0.0,3.19,0.0,0.0,3.2,-6.3,0.0 (cmd 0.0),0.0 (cmd 0.0)
0.5007,-7.24,0.0,0.0,3.58,0.0,0.0,3.6,-7.2,0.0 (cmd 0.0),0.0 (cmd 0.0)
0.5012,-7.5,0.0,0.0,3.66,0.0,0.0,3.7,-7.5,0.0 (cmd 0.0),0.0 (cmd 0.0)
0.5017,-7.95,0.0,0.0,4.24,0.0,0.0,4.2,-8.0,0.0 (cmd 0.0),0.0 (cmd 0.0)
0.5022,-8.67,0.0,0.0,4.68,0.0,0.0,4.7,-8.7,0.0 (cmd 0.0),0.0 (cmd 0.0)
0.5027,-9.92,0.0,0.0,4.74,0.0,0.0,4.7,-9.9,0.0 (cmd 0.0),0.0 (cmd 0.0)
0.5032,-10.27,0.0,0.0,4.6,0.0,0.0,4.6,-10.3,0.0 (cmd 0.0),0.0 (cmd 0.0)
0.5037,-10.77,0.0,0.0,4.58,0.0,0.0,4.6,-10.8,0.0 (cmd 0.0),0.0 (cmd 0.0)
0.5042000000000001,-11.27,0.0,0.0,4.6,0.0,0.0,4.6,-11.3,0.0 (cmd 0.0),0.0 (cmd 0.0)
0.5047,-11.32,0.0,0.0,4.61,0.0,0.0,4.6,-11.3,0.0 (cmd 0.0),0.0 (cmd 0.0)
0.5052000000000001,-11.07,0.0,0.0,4.69,0.0,0.0,4.7,-11.1,0.0 (cmd 0.0),0.0 (cmd 0.0)
0.5057,-10.76,0.0,0.0,4.81,0.0,0.0,4.8,-10.8,0.0 (cmd 0.0),0.0 (cmd 0.0)
0.5062,-4.51,0.0,0.0,4.97,0.0,0.0,5.0,-4.5,0.0 (cmd 0.0),0.0 (cmd 0.0)
0.5067,-2.64,0.0,0.0,5.06,0.0,0.0,5.1,-2.6,0.0 (cmd 0.0),0.0 (cmd 0.0)
0.5072,-0.77,0.0,0.0,4.73,0.0,0.0,4.7,-0.8,0.0 (cmd 0.0),0.0 (cmd 0.0)
0.5077,0.87,0.0,0.0,4.35,0.0,0.0,4.3,0.9,0.0 (cmd 0.0),0.0 (cmd 0.0)
0.5082,1.08,0.0,0.0,2.84,0.0,0.0,2.8,1.1,0.0 (cmd 0.0),0.0 (cmd 0.0)
0.5087,1.64,0.0,0.0,1.72,0.0,0.0,1.7,1.6,0.0 (cmd 0.0),0.0 (cmd 0.0)
0.5092000000000001,1.98,0.0,0.0,-2.13,0.0,0.0,-2.1,2.0,0.0 (cmd 0.0),0.0 (cmd 0.0)
0.5097,3.29,0.0,0.0,-5.32,0.0,0.0,-5.3,3.3,0.0 (cmd 0.0),0.0 (cmd 0.0)
0.5102000000000001,3.61,0.0,0.0,-6.6,0.0,0.0,-6.6,3.6,0.0 (cmd 0.0),0.0 (cmd 0.0)
0.5107,3.91,0.0,0.0,-11.41,0.0,0.0,-11.4,3.9,0.0 (cmd 0.0),0.0 (cmd 0.0)
0.5112,3.92,0.0,0.0,-14.66,0.0,0.0,-14.7,3.9,0.0 (cmd 0.0),0.0 (cmd 0.0)
0.5117,3.94,0.0,0.0,-16.91,0.0,0.0,-16.9,3.9,0.0 (cmd 0.0),0.0 (cmd 0.0)
0.5122000000000001,3.98,0.0,0.0,-18.23,0.0,0.0,-18.2,4.0,0.0 (cmd 0.0),0.0 (cmd 0.0)
0.5127,4.11,0.0,0.0,-18.98,0.0,0.0,-19.0,4.1,0.0 (cmd 0.0),0.0 (cmd 0.0)
0.5132000000000001,4.32,0.0,0.0,-18.94,0.0,0.0,-18.9,4.3,0.0 (cmd 0.0),0.0 (cmd 0.0)
0.5136999999999999,4.52,0.0,0.0,-18.32,0.0,0.0,-18.3,4.5,0.0 (cmd 0.0),0.0 (cmd 0.0)
0.5142,4.75,0.0,0.0,-16.7,0.0,0.0,-16.7,4.8,0.0 (cmd 0.0),0.0 (cmd 0.0)
0.5147,5.21,0.0,0.0,-14.32,0.0,0.0,-14.3,5.2,0.0 (cmd 0.0),0.0 (cmd 0.0)
0.5152,6.18,0.0,0.0,-11.21,0.0,0.0,-11.2,6.2,0.0 (cmd 0.0),0.0 (cmd 0.0)
0.5157,6.51,0.0,0.0,-9.33,0.0,0.0,-9.3,6.5,0.0 (cmd 0.0),0.0 (cmd 0.0)
0.5161999999999999,6.84,0.0,0.0,-7.8,0.0,0.0,-7.8,6.8,0.0 (cmd 0.0),0.0 (cmd 0.0)
0.5167,6.27,0.0,0.0,-4.95,0.0,0.0,-5.0,6.3,0.0 (cmd 0.0),0.0 (cmd 0.0)
0.5172,5.3,0.0,0.0,-5.1,0.0,0.0,-5.1,5.3,0.0 (cmd 0.0),0.0 (cmd 0.0)
0.5177,2.63,0.0,0.0,-4.32,0.0,0.0,-4.3,2.6,0.0 (cmd 0.0),0.0 (cmd 0.0)
0.5182,-1.75,0.0,0.0,-2.78,0.0,0.0,-2.8,-1.8,0.0 (cmd 0.0),0.0 (cmd 0.0)
0.5186999999999999,-7.23,0.0,0.0,-0.56,0.0,0.0,-0.6,-7.2,0.0 (cmd 0.0),0.0 (cmd 0.0)
0.5192,-10.65,2.84,0.0,1.22,1.23,0.0,1.2,-10.7,0.0 (cmd 2.8),0.0 (cmd 1.2)
0.5197,-13.27,2.82,0.0,2.02,1.09,0.0,2.0,-13.3,0.0 (cmd 2.8),0.0 (cmd 1.1)
0.5202,-14.93,2.64,0.0,2.45,0.95,0.0,2.5,-14.9,0.0 (cmd 2.6),0.0 (cmd 0.9)
0.5207,-15.88,2.33,0.0,2.62,0.82,0.0,2.6,-15.9,0.0 (cmd 2.3),0.0 (cmd 0.8)
0.5211999999999999,-16.13,1.8,0.0,3.03,0.7,0.0,3.0,-16.1,0.0 (cmd 1.8),0.0 (cmd 0.7)
0.5217,-16.3,1.39,0.0,3.93,0.61,0.0,3.9,-16.3,0.0 (cmd 1.4),0.0 (cmd 0.6)
0.5222,-16.88,1.13,0.0,4.81,0.58,0.0,4.8,-16.9,0.0 (cmd 1.1),0.0 (cmd 0.6)
0.5227,-16.74,0.81,0.0,6.14,0.55,0.0,6.1,-16.7,0.0 (cmd 0.8),0.0 (cmd 0.6)
0.5232,-16.39,0.41,0.0,6.99,0.52,0.0,7.0,-16.4,0.0 (cmd 0.4),0.0 (cmd 0.5)
0.5236999999999999,-15.71,0.1,0.0,7.62,0.47,0.0,7.6,-15.7,0.0 (cmd 0.1),0.0 (cmd 0.5)
0.5242,-15.15,-0.29,0.0,8.15,0.43,0.0,8.2,-15.2,0.0 (cmd -0.3),0.0 (cmd 0.4)
0.5247,-14.42,-0.53,0.0,8.4,0.41,0.0,8.4,-14.4,0.0 (cmd -0.5),0.0 (cmd 0.4)
0.5252,-13.15,-0.71,0.0,8.36,0.39,0.0,8.4,-13.2,0.0 (cmd -0.7),0.0 (cmd 0.4)
0.5257000000000001,-11.09,-1.09,0.0,8.16,0.35,0.0,8.2,-11.1,0.0 (cmd -1.1),0.0 (cmd 0.3)
0.5261999999999999,-10.19,-1.45,0.0,7.62,0.32,0.0,7.6,-10.2,0.0 (cmd -1.4),0.0 (cmd 0.3)
0.5267000000000001,-10.19,-1.39,0.0,6.54,0.27,0.0,6.5,-10.2,0.0 (cmd -1.4),0.0 (cmd 0.3)
0.5272,-6.08,-1.8,0.0,3.9,0.2,0.0,3.9,-6.1,0.0 (cmd -1.8),0.0 (cmd 0.2)
0.5277000000000001,-5.01,-2.27,0.0,-1.1,-0.01,0.0,-1.1,-5.0,0.0 (cmd -2.3),0.0 (cmd -0.0)
0.5282,-3.74,-2.29,0.0,-8.28,-0.68,0.0,-8.3,-3.7,0.0 (cmd -2.3),0.0 (cmd -0.7)
0.5287,-0.4,-2.89,0.0,-15.53,-1.49,0.0,-15.5,-0.4,0.0 (cmd -2.9),0.0 (cmd -1.5)
0.5292,0.12,-2.86,0.0,-18.45,-1.68,0.0,-18.4,0.1,0.0 (cmd -2.9),0.0 (cmd -1.7)
0.5297000000000001,0.72,-2.91,0.0,-19.12,-1.22,0.0,-19.1,0.7,0.0 (cmd -2.9),0.0 (cmd -1.2)
0.5302,1.52,-2.93,0.0,-17.96,-0.6,0.0,-18.0,1.5,0.0 (cmd -2.9),0.0 (cmd -0.6)
0.5307000000000001,2.18,-2.92,0.0,-16.12,-0.06,0.0,-16.1,2.2,0.0 (cmd -2.9),0.0 (cmd -0.1)
0.5311999999999999,2.77,-2.78,0.0,-12.76,0.12,0.0,-12.8,2.8,0.0 (cmd -2.8),0.0 (cmd 0.1)
0.5317000000000001,2.78,-2.45,0.0,-12.07,0.36,0.0,-12.1,2.8,0.0 (cmd -2.5),0.0 (cmd 0.4)
0.5322,2.8,-2.26,0.0,-12.38,0.4,0.0,-12.4,2.8,0.0 (cmd -2.3),0.0 (cmd 0.4)
0.5327000000000001,3.04,-2.16,0.0,-12.31,0.43,0.0,-12.3,3.0,0.0 (cmd -2.2),0.0 (cmd 0.4)
0.5332,3.77,-2.13,0.0,-12.38,0.44,0.0,-12.4,3.8,0.0 (cmd -2.1),0.0 (cmd 0.4)
0.5337,3.89,-2.23,0.0,-12.97,0.42,0.0,-13.0,3.9,0.0 (cmd -2.2),0.0 (cmd 0.4)
0.5342,5.0,-2.24,0.0,-12.85,0.42,0.0,-12.8,5.0,0.0 (cmd -2.2),0.0 (cmd 0.4)
0.5347000000000001,5.05,-2.27,0.0,-12.43,0.45,0.0,-12.4,5.0,0.0 (cmd -2.3),0.0 (cmd 0.5)
0.5352,5.03,-2.12,0.0,-11.91,0.5,0.0,-11.9,5.0,0.0 (cmd -2.1),0.0 (cmd 0.5)
0.5357000000000001,4.99,-2.0,0.0,-11.91,0.54,0.0,-11.9,5.0,0.0 (cmd -2.0),0.0 (cmd 0.5)
0.5361999999999999,4.99,-1.94,0.0,-11.93,0.54,0.0,-11.9,5.0,0.0 (cmd -1.9),0.0 (cmd 0.5)
0.5367000000000001,4.98,-1.88,0.0,-11.87,0.55,0.0,-11.9,5.0,0.0 (cmd -1.9),0.0 (cmd 0.6)
0.5372,4.93,-1.83,0.0,-11.88,0.56,0.0,-11.9,4.9,0.0 (cmd -1.8),0.0 (cmd 0.6)
0.5377000000000001,4.92,-1.79,0.0,-11.58,0.57,0.0,-11.6,4.9,0.0 (cmd -1.8),0.0 (cmd 0.6)
0.5382,5.3,-1.75,0.0,-11.08,0.59,0.0,-11.1,5.3,0.0 (cmd -1.8),0.0 (cmd 0.6)
0.5387,5.62,-1.78,0.0,-10.42,0.58,0.0,-10.4,5.6,0.0 (cmd -1.8),0.0 (cmd 0.6)
0.5392,5.98,-1.88,0.0,-9.79,0.56,0.0,-9.8,6.0,0.0 (cmd -1.9),0.0 (cmd 0.6)
0.5397000000000001,6.11,-1.79,0.0,-9.58,0.58,0.0,-9.6,6.1,0.0 (cmd -1.8),0.0 (cmd 0.6)
0.5402,6.21,-1.77,0.0,-9.57,0.56,0.0,-9.6,6.2,0.0 (cmd -1.8),0.0 (cmd 0.6)
0.5407000000000001,6.4,-1.79,0.0,-9.65,0.54,0.0,-9.7,6.4,0.0 (cmd -1.8),0.0 (cmd 0.5)
0.5411999999999999,6.34,-1.79,0.0,-9.74,0.52,0.0,-9.7,6.3,0.0 (cmd -1.8),0.0 (cmd 0.5)
0.5417000000000001,6.27,-1.73,0.0,-9.72,0.52,0.0,-9.7,6.3,0.0 (cmd -1.7),0.0 (cmd 0.5)
0.5422,6.21,-1.69,0.0,-9.65,0.53,0.0,-9.7,6.2,0.0 (cmd -1.7),0.0 (cmd 0.5)
0.5427000000000001,6.31,-1.68,0.0,-9.57,0.52,0.0,-9.6,6.3,0.0 (cmd -1.7),0.0 (cmd 0.5)
0.5432,6.36,-1.68,0.0,-9.53,0.52,0.0,-9.5,6.4,0.0 (cmd -1.7),0.0 (cmd 0.5)
0.5437,6.36,-1.68,0.0,-9.53,0.51,0.0,-9.5,6.4,0.0 (cmd -1.7),0.0 (cmd 0.5)
0.5442,6.37,-1.67,0.0,-9.62,0.51,0.0,-9.6,6.4,0.0 (cmd -1.7),0.0 (cmd 0.5)
0.5447000000000001,6.3,-1.67,0.0,-9.74,0.5,0.0,-9.7,6.3,0.0 (cmd -1.7),0.0 (cmd 0.5)
0.5452,6.2,-1.65,0.0,-9.89,0.5,0.0,-9.9,6.2,0.0 (cmd -1.6),0.0 (cmd 0.5)
0.5457000000000001,6.2,-1.65,0.0,-10.05,0.5,0.0,-10.1,6.2,0.0 (cmd -1.6),0.0 (cmd 0.5)
0.5461999999999999,6.19,-1.66,0.0,-10.29,0.49,0.0,-10.3,6.2,0.0 (cmd -1.7),0.0 (cmd 0.5)
0.5467000000000001,6.16,-1.67,0.0,-10.53,0.5,0.0,-10.5,6.2,0.0 (cmd -1.7),0.0 (cmd 0.5)
0.5472,6.11,-1.68,0.0,-10.89,0.49,0.0,-10.9,6.1,0.0 (cmd -1.7),0.0 (cmd 0.5)
0.5477000000000001,5.98,-1.7,0.0,-11.3,0.49,0.0,-11.3,6.0,0.0 (cmd -1.7),0.0 (cmd 0.5)
0.5482,5.82,-1.7,0.0,-12.17,0.48,0.0,-12.2,5.8,0.0 (cmd -1.7),0.0 (cmd 0.5)
0.5487,5.57,-1.7,0.0,-12.63,0.48,0.0,-12.6,5.6,0.0 (cmd -1.7),0.0 (cmd 0.5)
0.5492,5.31,-1.7,0.0,-12.93,0.5,0.0,-12.9,5.3,0.0 (cmd -1.7),0.0 (cmd 0.5)
0.5497000000000001,5.02,-1.69,0.0,-13.32,0.52,0.0,-13.3,5.0,0.0 (cmd -1.7),0.0 (cmd 0.5)
0.5502,4.67,-1.61,0.0,-13.32,0.57,0.0,-13.3,4.7,0.0 (cmd -1.6),0.0 (cmd 0.6)
0.5507000000000001,4.44,-1.59,0.0,-13.23,0.58,0.0,-13.2,4.4,0.0 (cmd -1.6),0.0 (cmd 0.6)
0.5511999999999999,4.44,-1.41,0.0,-10.64,0.72,0.0,-10.6,4.4,0.0 (cmd -1.4),0.0 (cmd 0.7)
0.5517000000000001,4.58,-1.41,0.0,-9.25,0.71,0.0,-9.2,4.6,0.0 (cmd -1.4),0.0 (cmd 0.7)
0.5522,4.65,-1.33,0.0,-5.16,0.74,0.0,-5.2,4.7,0.0 (cmd -1.3),0.0 (cmd 0.7)
0.5527000000000001,4.71,-1.11,0.0,-4.72,0.78,0.0,-4.7,4.7,0.0 (cmd -1.1),0.0 (cmd 0.8)
0.5532,4.71,-1.18,0.0,-5.91,0.67,0.0,-5.9,4.7,0.0 (cmd -1.2),0.0 (cmd 0.7)
0.5537,4.57,-1.36,0.0,-7.48,0.52,0.0,-7.5,4.6,0.0 (cmd -1.4),0.0 (cmd 0.5)
0.5542,4.36,-1.47,0.0,-9.36,0.42,0.0,-9.4,4.4,0.0 (cmd -1.5),0.0 (cmd 0.4)
0.5547000000000001,3.5,-1.37,0.0,-10.64,0.41,0.0,-10.6,3.5,0.0 (cmd -1.4),0.0 (cmd 0.4)
0.5552,3.17,-1.35,0.0,-10.74,0.43,0.0,-10.7,3.2,0.0 (cmd -1.4),0.0 (cmd 0.4)
0.5557000000000001,3.17,-1.35,0.0,-10.25,0.47,0.0,-10.2,3.2,0.0 (cmd -1.4),0.0 (cmd 0.5)
0.5561999999999999,3.19,-1.33,0.0,-9.31,0.52,0.0,-9.3,3.2,0.0 (cmd -1.3),0.0 (cmd 0.5)
0.5567000000000001,3.2,-1.33,0.0,-8.38,0.54,0.0,-8.4,3.2,0.0 (cmd -1.3),0.0 (cmd 0.5)
0.5572,3.21,-1.3,0.0,-7.44,0.56,0.0,-7.4,3.2,0.0 (cmd -1.3),0.0 (cmd 0.6)
0.5577000000000001,3.21,-1.25,0.0,-6.63,0.57,0.0,-6.6,3.2,0.0 (cmd -1.2),0.0 (cmd 0.6)
0.5582,3.16,-1.22,0.0,-6.12,0.56,0.0,-6.1,3.2,0.0 (cmd -1.2),0.0 (cmd 0.6)
0.5587,2.96,-1.2,0.0,-5.85,0.53,0.0,-5.8,3.0,0.0 (cmd -1.2),0.0 (cmd 0.5)
0.5592,2.98,-1.16,0.0,-5.69,0.51,0.0,-5.7,3.0,0.0 (cmd -1.2),0.0 (cmd 0.5)
0.5597000000000001,2.92,-1.05,0.0,-2.85,0.54,0.0,-2.9,2.9,0.0 (cmd -1.1),0.0 (cmd 0.5)
0.5602,3.0,-0.92,0.0,-0.95,0.58,0.0,-0.9,3.0,0.0 (cmd -0.9),0.0 (cmd 0.6)
0.5607000000000001,3.19,-0.87,0.0,0.11,0.54,0.0,0.1,3.2,0.0 (cmd -0.9),0.0 (cmd 0.5)
0.5611999999999999,3.27,-0.88,0.0,0.1,0.48,0.0,0.1,3.3,0.0 (cmd -0.9),0.0 (cmd 0.5)
0.5617000000000001,3.35,-0.93,0.0,0.23,0.39,0.0,0.2,3.4,0.0 (cmd -0.9),0.0 (cmd 0.4)
0.5622,3.28,-0.93,0.0,0.5,0.34,0.0,0.5,3.3,0.0 (cmd -0.9),0.0 (cmd 0.3)
0.5627000000000001,2.56,-0.89,0.0,0.45,0.29,0.0,0.5,2.6,0.0 (cmd -0.9),0.0 (cmd 0.3)
0.5632,2.15,-0.69,0.0,0.61,0.29,0.0,0.6,2.1,0.0 (cmd -0.7),0.0 (cmd 0.3)
0.5637,0.93,-0.56,0.0,1.16,0.29,0.0,1.2,0.9,0.0 (cmd -0.6),0.0 (cmd 0.3)
0.5642,-1.74,-0.03,0.0,1.76,0.39,0.0,1.8,-1.7,0.0 (cmd -0.0),0.0 (cmd 0.4)
0.5647000000000001,-4.89,0.58,0.0,2.23,0.49,0.0,2.2,-4.9,0.0 (cmd 0.6),0.0 (cmd 0.5)
0.5652,-7.3,1.16,0.0,3.41,0.57,0.0,3.4,-7.3,0.0 (cmd 1.2),0.0 (cmd 0.6)
0.5657000000000001,-9.83,1.63,0.0,3.78,0.65,0.0,3.8,-9.8,0.0 (cmd 1.6),0.0 (cmd 0.7)
0.5661999999999999,-11.64,1.61,0.0,3.35,0.6,0.0,3.4,-11.6,0.0 (cmd 1.6),0.0 (cmd 0.6)
0.5667000000000001,-12.88,1.54,0.0,2.96,0.54,0.0,3.0,-12.9,0.0 (cmd 1.5),0.0 (cmd 0.5)
0.5672,-13.28,1.21,0.0,2.5,0.45,0.0,2.5,-13.3,0.0 (cmd 1.2),0.0 (cmd 0.5)
0.5677000000000001,-13.66,0.88,0.0,2.44,0.39,0.0,2.4,-13.7,0.0 (cmd 0.9),0.0 (cmd 0.4)
0.5682,-13.75,0.61,0.0,2.55,0.35,0.0,2.5,-13.8,0.0 (cmd 0.6),0.0 (cmd 0.3)
0.5687,-13.33,0.36,0.0,2.76,0.32,0.0,2.8,-13.3,0.0 (cmd 0.4),0.0 (cmd 0.3)
0.5692,-12.82,-0.05,0.0,2.84,0.27,0.0,2.8,-12.8,0.0 (cmd -0.1),0.0 (cmd 0.3)
0.5697000000000001,-13.25,-0.23,0.0,2.68,0.24,0.0,2.7,-13.2,0.0 (cmd -0.2),0.0 (cmd 0.2)
0.5702,-13.87,-0.1,0.0,2.72,0.26,0.0,2.7,-13.9,0.0 (cmd -0.1),0.0 (cmd 0.3)
0.5707000000000001,-13.94,-0.09,0.0,2.96,0.27,0.0,3.0,-13.9,0.0 (cmd -0.1),0.0 (cmd 0.3)
0.5711999999999999,-13.21,-0.32,0.0,3.05,0.25,0.0,3.0,-13.2,0.0 (cmd -0.3),0.0 (cmd 0.2)
0.5717000000000001,-12.37,-0.6,0.0,3.04,0.2,0.0,3.0,-12.4,0.0 (cmd -0.6),0.0 (cmd 0.2)
0.5722,-12.01,-0.79,0.0,3.18,0.18,0.0,3.2,-12.0,0.0 (cmd -0.8),0.0 (cmd 0.2)
0.5727000000000001,-11.76,-0.83,0.0,3.34,0.18,0.0,3.3,-11.8,0.0 (cmd -0.8),0.0 (cmd 0.2)
0.5732,-11.66,-0.82,0.0,3.5,0.18,0.0,3.5,-11.7,0.0 (cmd -0.8),0.0 (cmd 0.2)
0.5736999999999999,-11.58,-0.79,0.0,3.78,0.19,0.0,3.8,-11.6,0.0 (cmd -0.8),0.0 (cmd 0.2)
0.5742,-11.5,-0.76,0.0,3.94,0.2,0.0,3.9,-11.5,0.0 (cmd -0.8),0.0 (cmd 0.2)
0.5747000000000001,-11.53,-0.74,0.0,3.98,0.2,0.0,4.0,-11.5,0.0 (cmd -0.7),0.0 (cmd 0.2)
0.5752,-11.64,-0.69,0.0,4.23,0.21,0.0,4.2,-11.6,0.0 (cmd -0.7),0.0 (cmd 0.2)
0.5757000000000001,-11.64,-0.64,0.0,4.55,0.22,0.0,4.5,-11.6,0.0 (cmd -0.6),0.0 (cmd 0.2)
0.5761999999999999,-11.67,-0.62,0.0,4.71,0.23,0.0,4.7,-11.7,0.0 (cmd -0.6),0.0 (cmd 0.2)
0.5767,-11.68,-0.6,0.0,4.88,0.23,0.0,4.9,-11.7,0.0 (cmd -0.6),0.0 (cmd 0.2)
0.5772,-11.68,-0.59,0.0,5.08,0.23,0.0,5.1,-11.7,0.0 (cmd -0.6),0.0 (cmd 0.2)
0.5777,-11.68,-0.59,0.0,5.2,0.24,0.0,5.2,-11.7,0.0 (cmd -0.6),0.0 (cmd 0.2)
0.5782,-11.69,-0.59,0.0,5.23,0.24,0.0,5.2,-11.7,0.0 (cmd -0.6),0.0 (cmd 0.2)
0.5786999999999999,-11.84,-0.57,0.0,5.24,0.23,0.0,5.2,-11.8,0.0 (cmd -0.6),0.0 (cmd 0.2)
0.5792,-11.96,-0.54,0.0,5.25,0.24,0.0,5.2,-12.0,0.0 (cmd -0.5),0.0 (cmd 0.2)
0.5797,-12.05,-0.5,0.0,5.26,0.24,0.0,5.3,-12.1,0.0 (cmd -0.5),0.0 (cmd 0.2)
0.5802,-12.16,-0.51,0.0,5.23,0.24,0.0,5.2,-12.2,0.0 (cmd -0.5),0.0 (cmd 0.2)
0.5807,-12.12,-0.52,0.0,5.18,0.23,0.0,5.2,-12.1,0.0 (cmd -0.5),0.0 (cmd 0.2)
0.5811999999999999,-12.1,-0.54,0.0,5.1,0.23,0.0,5.1,-12.1,0.0 (cmd -0.5),0.0 (cmd 0.2)
0.5817,-11.94,-0.58,0.0,4.99,0.22,0.0,5.0,-11.9,0.0 (cmd -0.6),0.0 (cmd 0.2)
0.5822,-11.81,-0.63,0.0,4.93,0.21,0.0,4.9,-11.8,0.0 (cmd -0.6),0.0 (cmd 0.2)
0.5827,-11.72,-0.65,0.0,4.97,0.21,0.0,5.0,-11.7,0.0 (cmd -0.7),0.0 (cmd 0.2)
0.5832,-11.74,-0.66,0.0,4.94,0.21,0.0,4.9,-11.7,0.0 (cmd -0.7),0.0 (cmd 0.2)
0.5836999999999999,-12.06,-0.61,0.0,4.83,0.21,0.0,4.8,-12.1,0.0 (cmd -0.6),0.0 (cmd 0.2)
0.5842,-12.14,-0.56,0.0,4.66,0.21,0.0,4.7,-12.1,0.0 (cmd -0.6),0.0 (cmd 0.2)
0.5847,-12.31,-0.55,0.0,4.33,0.2,0.0,4.3,-12.3,0.0 (cmd -0.6),0.0 (cmd 0.2)
0.5852,-12.4,-0.53,0.0,4.16,0.2,0.0,4.2,-12.4,0.0 (cmd -0.5),0.0 (cmd 0.2)
0.5857,-12.51,-0.53,0.0,4.03,0.19,0.0,4.0,-12.5,0.0 (cmd -0.5),0.0 (cmd 0.2)
0.5861999999999999,-12.56,-0.53,0.0,3.98,0.2,0.0,4.0,-12.6,0.0 (cmd -0.5),0.0 (cmd 0.2)
0.5867,-12.68,-0.51,0.0,4.01,0.2,0.0,4.0,-12.7,0.0 (cmd -0.5),0.0 (cmd 0.2)
0.5872,-12.9,-0.5,0.0,4.07,0.21,0.0,4.1,-12.9,0.0 (cmd -0.5),0.0 (cmd 0.2)
0.5877,-12.97,-0.48,0.0,4.21,0.22,0.0,4.2,-13.0,0.0 (cmd -0.5),0.0 (cmd 0.2)
0.5882000000000001,-13.46,-0.44,0.0,4.4,0.23,0.0,4.4,-13.5,0.0 (cmd -0.4),0.0 (cmd 0.2)
0.5886999999999999,-13.48,-0.39,0.0,4.55,0.25,0.0,4.5,-13.5,0.0 (cmd -0.4),0.0 (cmd 0.2)
0.5892000000000001,-15.42,-0.42,0.0,4.57,0.25,0.0,4.6,-15.4,0.0 (cmd -0.4),0.0 (cmd 0.2)
0.5897,-15.7,0.13,0.0,4.54,0.31,0.0,4.5,-15.7,0.0 (cmd 0.1),0.0 (cmd 0.3)
0.5902000000000001,-15.14,-0.09,0.0,4.52,0.29,0.0,4.5,-15.1,0.0 (cmd -0.1),0.0 (cmd 0.3)
0.5907,-13.53,-0.52,0.0,4.57,0.25,0.0,4.6,-13.5,0.0 (cmd -0.5),0.0 (cmd 0.2)
0.5912,-13.17,-0.77,0.0,4.59,0.23,0.0,4.6,-13.2,0.0 (cmd -0.8),0.0 (cmd 0.2)
0.5917,-9.13,-0.82,0.0,4.55,0.22,0.0,4.5,-9.1,0.0 (cmd -0.8),0.0 (cmd 0.2)
0.5922000000000001,-7.25,-2.07,0.0,4.48,0.13,0.0,4.5,-7.2,0.0 (cmd -2.1),0.0 (cmd 0.1)
0.5927,-4.68,-2.23,0.0,4.39,0.1,0.0,4.4,-4.7,0.0 (cmd -2.2),0.0 (cmd 0.1)
0.5932000000000001,-3.97,-2.38,0.0,3.84,0.07,0.0,3.8,-4.0,0.0 (cmd -2.4),0.0 (cmd 0.1)
0.5936999999999999,-3.21,-2.22,0.0,3.57,0.02,0.0,3.6,-3.2,0.0 (cmd -2.2),0.0 (cmd 0.0)
0.5942000000000001,-1.19,-2.11,0.0,3.25,-0.01,0.0,3.2,-1.2,0.0 (cmd -2.1),0.0 (cmd -0.0)
0.5947,-0.86,-2.22,0.0,2.01,-0.08,0.0,2.0,-0.9,0.0 (cmd -2.2),0.0 (cmd -0.1)
0.5952000000000001,-1.59,-2.01,0.0,0.81,-0.14,0.0,0.8,-1.6,0.0 (cmd -2.0),0.0 (cmd -0.1)
0.5957,-1.73,-1.64,0.0,-0.96,-0.2,0.0,-1.0,-1.7,0.0 (cmd -1.6),0.0 (cmd -0.2)
0.5962,-2.02,-1.48,0.0,-2.24,-0.21,0.0,-2.2,-2.0,0.0 (cmd -1.5),0.0 (cmd -0.2)
0.5967,-2.46,-1.3,0.0,-2.91,-0.17,0.0,-2.9,-2.5,0.0 (cmd -1.3),0.0 (cmd -0.2)
0.5972000000000001,-2.72,-1.19,0.0,-3.38,-0.1,0.0,-3.4,-2.7,0.0 (cmd -1.2),0.0 (cmd -0.1)
0.5977,-2.73,-1.11,0.0,-2.82,-0.03,0.0,-2.8,-2.7,0.0 (cmd -1.1),0.0 (cmd -0.0)
0.5982000000000001,-2.27,-1.06,0.0,-1.21,0.04,0.0,-1.2,-2.3,0.0 (cmd -1.1),0.0 (cmd 0.0)
0.5986999999999999,-1.58,-1.1,0.0,0.66,0.13,0.0,0.7,-1.6,0.0 (cmd -1.1),0.0 (cmd 0.1)
0.5992000000000001,0.31,-1.17,0.0,0.04,0.16,0.0,0.0,0.3,0.0 (cmd -1.2),0.0 (cmd 0.2)
0.5997,1.24,-1.62,0.0,-1.35,0.01,0.0,-1.4,1.2,0.0 (cmd -1.6),0.0 (cmd 0.0)
0.6002000000000001,0.27,-1.72,0.0,-4.89,-0.06,0.0,-4.9,0.3,0.0 (cmd -1.7),0.0 (cmd -0.1)
0.6007,-0.42,-1.53,0.0,-13.62,-0.23,0.0,-13.6,-0.4,0.0 (cmd -1.5),0.0 (cmd -0.2)
0.6012,-2.13,-1.42,0.0,-23.98,-1.11,0.0,-24.0,-2.1,0.0 (cmd -1.4),0.0 (cmd -1.1)
0.6017,-2.27,-1.38,0.0,-33.07,-1.55,0.0,-33.1,-2.3,0.0 (cmd -1.4),0.0 (cmd -1.6)
0.6022000000000001,-1.84,-1.67,0.0,-40.33,-2.17,0.0,-40.3,-1.8,0.0 (cmd -1.7),0.0 (cmd -2.2)
0.6027,-1.47,-2.08,0.0,-46.41,-2.3,0.0,-46.4,-1.5,0.0 (cmd -2.1),0.0 (cmd -2.3)
0.6032000000000001,-1.52,-2.37,0.0,-50.17,-2.16,0.0,-50.2,-1.5,0.0 (cmd -2.4),0.0 (cmd -2.2)
0.6036999999999999,-1.82,-2.53,0.0,-51.21,-1.67,0.0,-51.2,-1.8,0.0 (cmd -2.5),0.0 (cmd -1.7)
0.6042000000000001,-2.6,-2.6,0.0,-49.56,-0.86,0.0,-49.6,-2.6,0.0 (cmd -2.6),0.0 (cmd -0.9)
0.6047,-2.82,-2.63,0.0,-46.37,0.04,0.0,-46.4,-2.8,0.0 (cmd -2.6),0.0 (cmd 0.0)
0.6052000000000001,-2.59,-2.55,0.0,-41.56,0.89,0.0,-41.6,-2.6,0.0 (cmd -2.5),0.0 (cmd 0.9)
0.6057,-2.11,-2.5,0.0,-35.27,1.24,0.0,-35.3,-2.1,0.0 (cmd -2.5),0.0 (cmd 1.2)
0.6062,-1.79,-2.06,0.0,-27.52,1.56,0.0,-27.5,-1.8,0.0 (cmd -2.1),0.0 (cmd 1.6)
0.6067,-1.63,-1.36,0.0,-20.26,1.67,0.0,-20.3,-1.6,0.0 (cmd -1.4),0.0 (cmd 1.7)
0.6072000000000001,-1.5,-0.16,0.0,-9.12,1.62,0.0,-9.1,-1.5,0.0 (cmd -0.2),0.0 (cmd 1.6)
0.6077,-1.42,0.81,0.0,-3.11,1.53,0.0,-3.1,-1.4,0.0 (cmd 0.8),0.0 (cmd 1.5)
0.6082000000000001,-3.14,0.92,0.0,-0.84,1.42,0.0,-0.8,-3.1,0.0 (cmd 0.9),0.0 (cmd 1.4)
0.6086999999999999,-5.47,1.3,0.0,1.04,1.37,0.0,1.0,-5.5,0.0 (cmd 1.3),0.0 (cmd 1.4)
0.6092000000000001,-10.4,2.65,0.0,1.15,1.46,0.0,1.1,-10.4,0.0 (cmd 2.6),0.0 (cmd 1.5)
0.6097,-17.56,3.23,0.0,1.69,1.41,0.0,1.7,-17.6,0.0 (cmd 3.2),0.0 (cmd 1.4)
0.6102000000000001,-25.57,4.88,0.0,2.79,1.5,0.0,2.8,-25.6,0.0 (cmd 4.9),0.0 (cmd 1.5)
0.6107,-32.22,4.93,0.0,3.5,1.36,0.0,3.5,-32.2,0.0 (cmd 4.9),0.0 (cmd 1.4)
0.6112,-35.92,6.57,0.0,3.54,1.53,0.0,3.5,-35.9,0.0 (cmd 6.6),0.0 (cmd 1.5)
0.6117,-42.33,6.22,0.0,3.21,1.44,0.0,3.2,-42.3,0.0 (cmd 6.2),0.0 (cmd 1.4)
0.6122000000000001,-46.05,5.86,0.0,3.04,1.35,0.0,3.0,-46.0,0.0 (cmd 5.9),0.0 (cmd 1.4)
0.6127,-48.36,5.11,0.0,2.96,1.19,0.0,3.0,-48.4,0.0 (cmd 5.1),0.0 (cmd 1.2)
0.6132000000000001,-48.31,3.87,0.0,2.93,1.01,0.0,2.9,-48.3,0.0 (cmd 3.9),0.0 (cmd 1.0)
0.6136999999999999,-46.09,2.38,0.0,2.95,0.85,0.0,3.0,-46.1,0.0 (cmd 2.4),0.0 (cmd 0.8)
0.6142000000000001,-43.56,0.93,0.0,3.08,0.71,0.0,3.1,-43.6,0.0 (cmd 0.9),0.0 (cmd 0.7)
0.6147,-38.6,-0.49,0.0,3.53,0.57,0.0,3.5,-38.6,0.0 (cmd -0.5),0.0 (cmd 0.6)
0.6152000000000001,-34.48,-1.47,0.0,4.16,0.47,0.0,4.2,-34.5,0.0 (cmd -1.5),0.0 (cmd 0.5)
0.6157,-28.81,-2.98,0.0,4.49,0.36,0.0,4.5,-28.8,0.0 (cmd -3.0),0.0 (cmd 0.4)
0.6162,-24.18,-3.94,0.0,4.99,0.3,0.0,5.0,-24.2,0.0 (cmd -3.9),0.0 (cmd 0.3)
0.6167,-14.96,-4.76,0.0,5.01,0.28,0.0,5.0,-15.0,0.0 (cmd -4.8),0.0 (cmd 0.3)
0.6172000000000001,-10.93,-5.14,0.0,4.88,0.26,0.0,4.9,-10.9,0.0 (cmd -5.1),0.0 (cmd 0.3)
0.6177,-9.68,-5.01,0.0,4.79,0.26,0.0,4.8,-9.7,0.0 (cmd -5.0),0.0 (cmd 0.3)
0.6182000000000001,-2.42,-5.53,0.0,4.41,0.26,0.0,4.4,-2.4,0.0 (cmd -5.5),0.0 (cmd 0.3)
0.6186999999999999,-2.39,-4.64,0.0,3.76,0.23,0.0,3.8,-2.4,0.0 (cmd -4.6),0.0 (cmd 0.2)
0.6192000000000001,-2.63,-3.81,0.0,1.27,0.12,0.0,1.3,-2.6,0.0 (cmd -3.8),0.0 (cmd 0.1)
0.6197,-2.46,-3.25,0.0,-2.61,-0.09,0.0,-2.6,-2.5,0.0 (cmd -3.2),0.0 (cmd -0.1)
0.6202000000000001,-2.19,-2.94,0.0,-8.93,-0.44,0.0,-8.9,-2.2,0.0 (cmd -2.9),0.0 (cmd -0.4)
0.6207,-2.07,-2.61,0.0,-17.24,-1.17,0.0,-17.2,-2.1,0.0 (cmd -2.6),0.0 (cmd -1.2)
0.6212,-1.71,-2.53,0.0,-23.83,-1.56,0.0,-23.8,-1.7,0.0 (cmd -2.5),0.0 (cmd -1.6)
0.6217,-1.07,-2.54,0.0,-32.09,-2.13,0.0,-32.1,-1.1,0.0 (cmd -2.5),0.0 (cmd -2.1)
0.6222000000000001,-0.79,-2.74,0.0,-38.34,-1.96,0.0,-38.3,-0.8,0.0 (cmd -2.7),0.0 (cmd -2.0)
0.6227,-0.42,-2.79,0.0,-42.69,-2.09,0.0,-42.7,-0.4,0.0 (cmd -2.8),0.0 (cmd -2.1)
0.6232000000000001,-0.2,-2.95,0.0,-47.24,-1.9,0.0,-47.2,-0.2,0.0 (cmd -3.0),0.0 (cmd -1.9)
0.6236999999999999,0.02,-3.06,0.0,-48.91,-1.47,0.0,-48.9,0.0,0.0 (cmd -3.1),0.0 (cmd -1.5)
0.6242000000000001,-0.01,-3.13,0.0,-49.43,-1.0,0.0,-49.4,-0.0,0.0 (cmd -3.1),0.0 (cmd -1.0)
0.6247,-0.18,-3.15,0.0,-47.88,-0.29,0.0,-47.9,-0.2,0.0 (cmd -3.1),0.0 (cmd -0.3)
0.6252000000000001,-0.29,-3.14,0.0,-45.56,0.46,0.0,-45.6,-0.3,0.0 (cmd -3.1),0.0 (cmd 0.5)
0.6257,-0.39,-2.96,0.0,-42.4,0.91,0.0,-42.4,-0.4,0.0 (cmd -3.0),0.0 (cmd 0.9)
0.6262,-0.49,-2.71,0.0,-38.34,1.22,0.0,-38.3,-0.5,0.0 (cmd -2.7),0.0 (cmd 1.2)
0.6267,-0.47,-2.39,0.0,-33.26,1.43,0.0,-33.3,-0.5,0.0 (cmd -2.4),0.0 (cmd 1.4)
0.6272000000000001,-0.31,-2.11,0.0,-28.39,1.55,0.0,-28.4,-0.3,0.0 (cmd -2.1),0.0 (cmd 1.6)
0.6277,0.03,-1.51,0.0,-21.71,1.65,0.0,-21.7,0.0,0.0 (cmd -1.5),0.0 (cmd 1.6)
0.6282000000000001,0.4,-0.94,0.0,-14.7,1.62,0.0,-14.7,0.4,0.0 (cmd -0.9),0.0 (cmd 1.6)
0.6286999999999999,0.79,-1.04,0.0,-6.75,1.5,0.0,-6.8,0.8,0.0 (cmd -1.0),0.0 (cmd 1.5)
0.6292000000000001,1.88,0.17,0.0,-2.84,1.39,0.0,-2.8,1.9,0.0 (cmd 0.2),0.0 (cmd 1.4)
0.6297,4.52,-0.94,0.0,-1.53,1.08,0.0,-1.5,4.5,0.0 (cmd -0.9),0.0 (cmd 1.1)
0.6302000000000001,4.59,-1.32,0.0,-2.4,0.95,0.0,-2.4,4.6,0.0 (cmd -1.3),0.0 (cmd 0.9)
0.6307,4.28,-1.44,0.0,-2.35,0.87,0.0,-2.4,4.3,0.0 (cmd -1.4),0.0 (cmd 0.9)
0.6312,2.87,-1.29,0.0,-1.23,0.8,0.0,-1.2,2.9,0.0 (cmd -1.3),0.0 (cmd 0.8)
0.6317,1.48,-0.82,0.0,0.42,0.79,0.0,0.4,1.5,0.0 (cmd -0.8),0.0 (cmd 0.8)
0.6322000000000001,-1.76,0.04,0.0,0.91,0.85,0.0,0.9,-1.8,0.0 (cmd 0.0),0.0 (cmd 0.8)
0.6327,-3.79,0.74,0.0,2.73,0.87,0.0,2.7,-3.8,0.0 (cmd 0.7),0.0 (cmd 0.9)
0.6332000000000001,-6.78,1.22,0.0,3.16,0.87,0.0,3.2,-6.8,0.0 (cmd 1.2),0.0 (cmd 0.9)
0.6336999999999999,-11.08,1.8,0.0,4.18,0.86,0.0,4.2,-11.1,0.0 (cmd 1.8),0.0 (cmd 0.9)
0.6342000000000001,-15.7,2.53,0.0,4.66,0.89,0.0,4.7,-15.7,0.0 (cmd 2.5),0.0 (cmd 0.9)
0.6347,-16.55,2.83,0.0,5.29,0.88,0.0,5.3,-16.6,0.0 (cmd 2.8),0.0 (cmd 0.9)
0.6352000000000001,-16.77,2.31,0.0,5.43,0.76,0.0,5.4,-16.8,0.0 (cmd 2.3),0.0 (cmd 0.8)
0.6357,-15.67,1.44,0.0,5.64,0.6,0.0,5.6,-15.7,0.0 (cmd 1.4),0.0 (cmd 0.6)
0.6361999999999999,-14.54,0.77,0.0,5.99,0.49,0.0,6.0,-14.5,0.0 (cmd 0.8),0.0 (cmd 0.5)
0.6367,-12.69,0.25,0.0,6.14,0.42,0.0,6.1,-12.7,0.0 (cmd 0.2),0.0 (cmd 0.4)
0.6372000000000001,-12.25,-0.56,0.0,6.51,0.31,0.0,6.5,-12.2,0.0 (cmd -0.6),0.0 (cmd 0.3)
0.6377,-10.96,-0.8,0.0,6.53,0.28,0.0,6.5,-11.0,0.0 (cmd -0.8),0.0 (cmd 0.3)
0.6382000000000001,-9.52,-0.98,0.0,6.57,0.25,0.0,6.6,-9.5,0.0 (cmd -1.0),0.0 (cmd 0.2)
0.6386999999999999,-8.82,-1.3,0.0,6.75,0.23,0.0,6.8,-8.8,0.0 (cmd -1.3),0.0 (cmd 0.2)
0.6392,-8.71,-1.18,0.0,6.94,0.24,0.0,6.9,-8.7,0.0 (cmd -1.2),0.0 (cmd 0.2)
0.6397,-8.59,-1.09,0.0,6.95,0.24,0.0,7.0,-8.6,0.0 (cmd -1.1),0.0 (cmd 0.2)
0.6401999999999999,-8.57,-0.99,0.0,6.92,0.24,0.0,6.9,-8.6,0.0 (cmd -1.0),0.0 (cmd 0.2)
0.6406999999999999,-8.5,-0.92,0.0,7.04,0.24,0.0,7.0,-8.5,0.0 (cmd -0.9),0.0 (cmd 0.2)
0.6412,-8.36,-0.86,0.0,7.16,0.25,0.0,7.2,-8.4,0.0 (cmd -0.9),0.0 (cmd 0.2)
0.6417,-8.3,-0.83,0.0,7.24,0.25,0.0,7.2,-8.3,0.0 (cmd -0.8),0.0 (cmd 0.2)
0.6422,-8.49,-0.78,0.0,7.35,0.26,0.0,7.3,-8.5,0.0 (cmd -0.8),0.0 (cmd 0.3)
0.6426999999999999,-9.11,-0.55,0.0,7.34,0.27,0.0,7.3,-9.1,0.0 (cmd -0.6),0.0 (cmd 0.3)
0.6431999999999999,-9.32,-0.48,0.0,7.25,0.28,0.0,7.2,-9.3,0.0 (cmd -0.5),0.0 (cmd 0.3)
0.6437,-9.33,-0.49,0.0,7.18,0.28,0.0,7.2,-9.3,0.0 (cmd -0.5),0.0 (cmd 0.3)
0.6442,-9.3,-0.52,0.0,7.13,0.28,0.0,7.1,-9.3,0.0 (cmd -0.5),0.0 (cmd 0.3)
0.6447,-9.13,-0.59,0.0,7.06,0.27,0.0,7.1,-9.1,0.0 (cmd -0.6),0.0 (cmd 0.3)
0.6451999999999999,-9.07,-0.6,0.0,6.98,0.27,0.0,7.0,-9.1,0.0 (cmd -0.6),0.0 (cmd 0.3)
0.6456999999999999,-9.05,-0.62,0.0,6.83,0.26,0.0,6.8,-9.1,0.0 (cmd -0.6),0.0 (cmd 0.3)
0.6462,-9.09,-0.62,0.0,6.55,0.25,0.0,6.5,-9.1,0.0 (cmd -0.6),0.0 (cmd 0.2)
0.6467,-9.25,-0.61,0.0,6.4,0.24,0.0,6.4,-9.2,0.0 (cmd -0.6),0.0 (cmd 0.2)
0.6472,-9.45,-0.55,0.0,6.32,0.23,0.0,6.3,-9.4,0.0 (cmd -0.6),0.0 (cmd 0.2)
0.6476999999999999,-9.65,-0.53,0.0,6.22,0.23,0.0,6.2,-9.7,0.0 (cmd -0.5),0.0 (cmd 0.2)
0.6481999999999999,-9.69,-0.5,0.0,6.14,0.23,0.0,6.1,-9.7,0.0 (cmd -0.5),0.0 (cmd 0.2)
0.6487,-9.8,-0.52,0.0,6.1,0.23,0.0,6.1,-9.8,0.0 (cmd -0.5),0.0 (cmd 0.2)
0.6492,-9.98,-0.46,0.0,6.06,0.23,0.0,6.1,-10.0,0.0 (cmd -0.5),0.0 (cmd 0.2)
0.6497,-10.09,-0.48,0.0,6.03,0.23,0.0,6.0,-10.1,0.0 (cmd -0.5),0.0 (cmd 0.2)
0.6501999999999999,-10.45,-0.48,0.0,6.08,0.23,0.0,6.1,-10.4,0.0 (cmd -0.5),0.0 (cmd 0.2)
0.6507,-10.69,-0.42,0.0,6.17,0.24,0.0,6.2,-10.7,0.0 (cmd -0.4),0.0 (cmd 0.2)
0.6512,-10.73,-0.38,0.0,6.26,0.25,0.0,6.3,-10.7,0.0 (cmd -0.4),0.0 (cmd 0.2)
0.6517000000000001,-10.75,-0.42,0.0,6.34,0.25,0.0,6.3,-10.8,0.0 (cmd -0.4),0.0 (cmd 0.2)
0.6522,-10.73,-0.46,0.0,6.3,0.26,0.0,6.3,-10.7,0.0 (cmd -0.5),0.0 (cmd 0.3)
0.6527,-10.76,-0.5,0.0,6.13,0.25,0.0,6.1,-10.8,0.0 (cmd -0.5),0.0 (cmd 0.2)
0.6531999999999999,-11.14,-0.41,0.0,5.97,0.25,0.0,6.0,-11.1,0.0 (cmd -0.4),0.0 (cmd 0.2)
0.6537000000000001,-12.43,-0.12,0.0,5.79,0.27,0.0,5.8,-12.4,0.0 (cmd -0.1),0.0 (cmd 0.3)
0.6542,-12.67,-0.06,0.0,5.73,0.28,0.0,5.7,-12.7,0.0 (cmd -0.1),0.0 (cmd 0.3)
0.6547000000000001,-11.62,-0.28,0.0,5.58,0.26,0.0,5.6,-11.6,0.0 (cmd -0.3),0.0 (cmd 0.3)
0.6551999999999999,-10.65,-0.77,0.0,5.5,0.22,0.0,5.5,-10.7,0.0 (cmd -0.8),0.0 (cmd 0.2)
0.6557,-7.13,-1.1,0.0,5.51,0.19,0.0,5.5,-7.1,0.0 (cmd -1.1),0.0 (cmd 0.2)
0.6562,-6.73,-1.63,0.0,5.27,0.15,0.0,5.3,-6.7,0.0 (cmd -1.6),0.0 (cmd 0.1)
0.6567000000000001,-7.0,-1.42,0.0,5.02,0.13,0.0,5.0,-7.0,0.0 (cmd -1.4),0.0 (cmd 0.1)
0.6572,-6.36,-1.35,0.0,4.94,0.11,0.0,4.9,-6.4,0.0 (cmd -1.4),0.0 (cmd 0.1)
0.6577,-5.92,-1.38,0.0,4.17,0.08,0.0,4.2,-5.9,0.0 (cmd -1.4),0.0 (cmd 0.1)
0.6581999999999999,-5.83,-1.29,0.0,3.32,0.05,0.0,3.3,-5.8,0.0 (cmd -1.3),0.0 (cmd 0.1)
0.6587000000000001,-5.28,-1.22,0.0,2.74,0.0,0.0,2.7,-5.3,0.0 (cmd -1.2),0.0 (cmd 0.0)
0.6592,-5.05,-1.33,0.0,1.19,-0.06,0.0,1.2,-5.0,0.0 (cmd -1.3),0.0 (cmd -0.1)
0.6597000000000001,-4.53,-1.34,0.0,-3.07,-0.16,0.0,-3.1,-4.5,0.0 (cmd -1.3),0.0 (cmd -0.2)
0.6601999999999999,-3.22,-1.78,0.0,-7.84,-0.45,0.0,-7.8,-3.2,0.0 (cmd -1.8),0.0 (cmd -0.5)
0.6607,-3.16,-1.86,0.0,-15.01,-0.66,0.0,-15.0,-3.2,0.0 (cmd -1.9),0.0 (cmd -0.7)
0.6612,-3.41,-1.81,0.0,-21.77,-1.43,0.0,-21.8,-3.4,0.0 (cmd -1.8),0.0 (cmd -1.4)
0.6617000000000001,-3.63,-1.83,0.0,-29.68,-1.88,0.0,-29.7,-3.6,0.0 (cmd -1.8),0.0 (cmd -1.9)
0.6622,-3.74,-1.99,0.0,-38.47,-1.6,0.0,-38.5,-3.7,0.0 (cmd -2.0),0.0 (cmd -1.6)
0.6627,-3.68,-2.13,0.0,-45.02,-2.22,0.0,-45.0,-3.7,0.0 (cmd -2.1),0.0 (cmd -2.2)
0.6631999999999999,-3.25,-2.37,0.0,-50.38,-2.17,0.0,-50.4,-3.2,0.0 (cmd -2.4),0.0 (cmd -2.2)
0.6637000000000001,-2.81,-2.72,0.0,-53.96,-1.98,0.0,-54.0,-2.8,0.0 (cmd -2.7),0.0 (cmd -2.0)
0.6642,-2.8,-2.9,0.0,-55.15,-1.47,0.0,-55.1,-2.8,0.0 (cmd -2.9),0.0 (cmd -1.5)
0.6647000000000001,-2.99,-2.96,0.0,-54.06,-0.81,0.0,-54.1,-3.0,0.0 (cmd -3.0),0.0 (cmd -0.8)
0.6651999999999999,-3.4,-2.99,0.0,-51.91,0.1,0.0,-51.9,-3.4,0.0 (cmd -3.0),0.0 (cmd 0.1)
0.6657,-4.19,-2.8,0.0,-47.08,0.83,0.0,-47.1,-4.2,0.0 (cmd -2.8),0.0 (cmd 0.8)
0.6662,-4.37,-2.43,0.0,-41.33,1.29,0.0,-41.3,-4.4,0.0 (cmd -2.4),0.0 (cmd 1.3)
0.6667000000000001,-4.68,-2.02,0.0,-33.99,1.57,0.0,-34.0,-4.7,0.0 (cmd -2.0),0.0 (cmd 1.6)
0.6672,-4.71,-1.33,0.0,-24.55,1.76,0.0,-24.6,-4.7,0.0 (cmd -1.3),0.0 (cmd 1.8)
0.6677,-4.76,-0.15,0.0,-15.69,1.77,0.0,-15.7,-4.8,0.0 (cmd -0.1),0.0 (cmd 1.8)
0.6681999999999999,-4.71,0.48,0.0,-8.97,1.65,0.0,-9.0,-4.7,0.0 (cmd 0.5),0.0 (cmd 1.6)
0.6687000000000001,-4.53,1.31,0.0,-0.8,1.58,0.0,-0.8,-4.5,0.0 (cmd 1.3),0.0 (cmd 1.6)
0.6692,-3.99,1.34,0.0,0.9,1.47,0.0,0.9,-4.0,0.0 (cmd 1.3),0.0 (cmd 1.5)
0.6697000000000001,-3.02,0.59,0.0,1.18,1.23,0.0,1.2,-3.0,0.0 (cmd 0.6),0.0 (cmd 1.2)
0.6701999999999999,-2.45,-0.12,0.0,2.53,1.01,0.0,2.5,-2.5,0.0 (cmd -0.1),0.0 (cmd 1.0)
0.6707,-2.04,-0.5,0.0,3.27,0.85,0.0,3.3,-2.0,0.0 (cmd -0.5),0.0 (cmd 0.8)
0.6712,-1.79,-0.67,0.0,3.88,0.74,0.0,3.9,-1.8,0.0 (cmd -0.7),0.0 (cmd 0.7)
0.6717000000000001,-1.84,-0.76,0.0,4.15,0.64,0.0,4.2,-1.8,0.0 (cmd -0.8),0.0 (cmd 0.6)
0.6722,-2.62,-0.66,0.0,4.43,0.54,0.0,4.4,-2.6,0.0 (cmd -0.7),0.0 (cmd 0.5)
0.6727,-3.46,-0.36,0.0,4.79,0.48,0.0,4.8,-3.5,0.0 (cmd -0.4),0.0 (cmd 0.5)
0.6731999999999999,-4.03,-0.28,0.0,5.02,0.42,0.0,5.0,-4.0,0.0 (cmd -0.3),0.0 (cmd 0.4)
0.6737000000000001,-7.88,-0.11,0.0,5.16,0.39,0.0,5.2,-7.9,0.0 (cmd -0.1),0.0 (cmd 0.4)
0.6742,-10.56,1.1,0.0,5.67,0.55,0.0,5.7,-10.6,0.0 (cmd 1.1),0.0 (cmd 0.6)
0.6747000000000001,-12.83,1.5,0.0,5.97,0.59,0.0,6.0,-12.8,0.0 (cmd 1.5),0.0 (cmd 0.6)
0.6751999999999999,-15.97,1.65,0.0,6.14,0.59,0.0,6.1,-16.0,0.0 (cmd 1.6),0.0 (cmd 0.6)
0.6757,-16.63,1.87,0.0,5.99,0.62,0.0,6.0,-16.6,0.0 (cmd 1.9),0.0 (cmd 0.6)
0.6762,-16.83,1.38,0.0,5.64,0.53,0.0,5.6,-16.8,0.0 (cmd 1.4),0.0 (cmd 0.5)
0.6767000000000001,-15.42,0.69,0.0,5.58,0.42,0.0,5.6,-15.4,0.0 (cmd 0.7),0.0 (cmd 0.4)
0.6772,-13.99,0.0,0.0,5.61,0.32,0.0,5.6,-14.0,0.0 (cmd 0.0),0.0 (cmd 0.3)
0.6777,-13.36,-0.51,0.0,5.8,0.27,0.0,5.8,-13.4,0.0 (cmd -0.5),0.0 (cmd 0.3)
0.6781999999999999,-12.58,-0.62,0.0,5.98,0.27,0.0,6.0,-12.6,0.0 (cmd -0.6),0.0 (cmd 0.3)
0.6787000000000001,-12.35,-0.71,0.0,6.26,0.27,0.0,6.3,-12.3,0.0 (cmd -0.7),0.0 (cmd 0.3)
0.6792,-12.29,-0.74,0.0,6.36,0.27,0.0,6.4,-12.3,0.0 (cmd -0.7),0.0 (cmd 0.3)
0.6797000000000001,-12.1,-0.75,0.0,6.4,0.28,0.0,6.4,-12.1,0.0 (cmd -0.8),0.0 (cmd 0.3)
0.6801999999999999,-11.86,-0.75,0.0,6.49,0.28,0.0,6.5,-11.9,0.0 (cmd -0.8),0.0 (cmd 0.3)
0.6807,-11.51,-0.79,0.0,6.52,0.28,0.0,6.5,-11.5,0.0 (cmd -0.8),0.0 (cmd 0.3)
0.6812,-10.98,-0.84,0.0,6.61,0.27,0.0,6.6,-11.0,0.0 (cmd -0.8),0.0 (cmd 0.3)
0.6817000000000001,-10.27,-0.93,0.0,6.63,0.27,0.0,6.6,-10.3,0.0 (cmd -0.9),0.0 (cmd 0.3)
0.6822,-9.45,-1.08,0.0,6.6,0.25,0.0,6.6,-9.4,0.0 (cmd -1.1),0.0 (cmd 0.2)
0.6827,-9.36,-1.13,0.0,6.5,0.24,0.0,6.5,-9.4,0.0 (cmd -1.1),0.0 (cmd 0.2)
0.6831999999999999,-12.78,-0.92,0.0,6.46,0.24,0.0,6.5,-12.8,0.0 (cmd -0.9),0.0 (cmd 0.2)
0.6837000000000001,-13.71,0.1,0.0,6.25,0.32,0.0,6.2,-13.7,0.0 (cmd 0.1),0.0 (cmd 0.3)
0.6842,-13.73,0.03,0.0,5.65,0.3,0.0,5.7,-13.7,0.0 (cmd 0.0),0.0 (cmd 0.3)
0.6847000000000001,-13.56,-0.17,0.0,4.55,0.26,0.0,4.5,-13.6,0.0 (cmd -0.2),0.0 (cmd 0.3)
0.6851999999999999,-11.49,-0.39,0.0,3.46,0.19,0.0,3.5,-11.5,0.0 (cmd -0.4),0.0 (cmd 0.2)
0.6857,-9.23,-1.04,0.0,-1.23,0.01,0.0,-1.2,-9.2,0.0 (cmd -1.0),0.0 (cmd 0.0)
0.6862,-7.97,-1.77,0.0,-6.58,-0.27,0.0,-6.6,-8.0,0.0 (cmd -1.8),0.0 (cmd -0.3)
0.6867000000000001,-5.53,-2.11,0.0,-12.91,-0.5,0.0,-12.9,-5.5,0.0 (cmd -2.1),0.0 (cmd -0.5)
0.6872,-3.49,-2.58,0.0,-17.55,-1.32,0.0,-17.6,-3.5,0.0 (cmd -2.6),0.0 (cmd -1.3)
0.6877,-1.95,-2.77,0.0,-19.38,-1.31,0.0,-19.4,-1.9,0.0 (cmd -2.8),0.0 (cmd -1.3)
0.6881999999999999,-1.62,-2.94,0.0,-19.76,-0.95,0.0,-19.8,-1.6,0.0 (cmd -2.9),0.0 (cmd -0.9)
0.6887000000000001,-1.28,-2.94,0.0,-18.17,-0.39,0.0,-18.2,-1.3,0.0 (cmd -2.9),0.0 (cmd -0.4)
0.6892,-0.36,-2.69,0.0,-13.88,0.08,0.0,-13.9,-0.4,0.0 (cmd -2.7),0.0 (cmd 0.1)
0.6897000000000001,0.23,-2.53,0.0,-10.24,0.31,0.0,-10.2,0.2,0.0 (cmd -2.5),0.0 (cmd 0.3)
0.6901999999999999,1.16,-2.29,0.0,-8.18,0.45,0.0,-8.2,1.2,0.0 (cmd -2.3),0.0 (cmd 0.5)
0.6907,1.43,-2.07,0.0,-7.51,0.51,0.0,-7.5,1.4,0.0 (cmd -2.1),0.0 (cmd 0.5)
0.6912,1.45,-1.92,0.0,-7.37,0.49,0.0,-7.4,1.4,0.0 (cmd -1.9),0.0 (cmd 0.5)
0.6917000000000001,1.47,-1.78,0.0,-7.6,0.47,0.0,-7.6,1.5,0.0 (cmd -1.8),0.0 (cmd 0.5)
0.6922,1.74,-1.73,0.0,-7.82,0.43,0.0,-7.8,1.7,0.0 (cmd -1.7),0.0 (cmd 0.4)
0.6927,1.96,-1.74,0.0,-7.98,0.4,0.0,-8.0,2.0,0.0 (cmd -1.7),0.0 (cmd 0.4)
0.6931999999999999,2.22,-1.77,0.0,-8.29,0.37,0.0,-8.3,2.2,0.0 (cmd -1.8),0.0 (cmd 0.4)
0.6937000000000001,2.19,-1.7,0.0,-8.56,0.37,0.0,-8.6,2.2,0.0 (cmd -1.7),0.0 (cmd 0.4)
0.6942,2.17,-1.64,0.0,-8.61,0.38,0.0,-8.6,2.2,0.0 (cmd -1.6),0.0 (cmd 0.4)
0.6947000000000001,2.17,-1.59,0.0,-8.47,0.39,0.0,-8.5,2.2,0.0 (cmd -1.6),0.0 (cmd 0.4)
0.6951999999999999,2.17,-1.53,0.0,-8.13,0.42,0.0,-8.1,2.2,0.0 (cmd -1.5),0.0 (cmd 0.4)
0.6957,2.19,-1.48,0.0,-7.85,0.43,0.0,-7.8,2.2,0.0 (cmd -1.5),0.0 (cmd 0.4)
0.6962,2.23,-1.44,0.0,-7.73,0.43,0.0,-7.7,2.2,0.0 (cmd -1.4),0.0 (cmd 0.4)
0.6967000000000001,2.25,-1.43,0.0,-7.72,0.43,0.0,-7.7,2.2,0.0 (cmd -1.4),0.0 (cmd 0.4)
0.6972,2.32,-1.43,0.0,-7.82,0.42,0.0,-7.8,2.3,0.0 (cmd -1.4),0.0 (cmd 0.4)
0.6977,2.35,-1.45,0.0,-8.02,0.41,0.0,-8.0,2.4,0.0 (cmd -1.4),0.0 (cmd 0.4)
0.6981999999999999,2.28,-1.48,0.0,-9.01,0.38,0.0,-9.0,2.3,0.0 (cmd -1.5),0.0 (cmd 0.4)
0.6987000000000001,2.61,-1.51,0.0,-9.62,0.37,0.0,-9.6,2.6,0.0 (cmd -1.5),0.0 (cmd 0.4)
0.6992,2.63,-1.62,0.0,-9.89,0.34,0.0,-9.9,2.6,0.0 (cmd -1.6),0.0 (cmd 0.3)
0.6997000000000001,2.53,-1.6,0.0,-9.95,0.37,0.0,-9.9,2.5,0.0 (cmd -1.6),0.0 (cmd 0.4)
0.7001999999999999,2.47,-1.54,0.0,-9.82,0.41,0.0,-9.8,2.5,0.0 (cmd -1.5),0.0 (cmd 0.4)
0.7006999999999999,2.48,-1.52,0.0,-9.74,0.43,0.0,-9.7,2.5,0.0 (cmd -1.5),0.0 (cmd 0.4)
0.7012,2.49,-1.52,0.0,-9.69,0.45,0.0,-9.7,2.5,0.0 (cmd -1.5),0.0 (cmd 0.5)
0.7017,2.49,-1.51,0.0,-9.75,0.46,0.0,-9.8,2.5,0.0 (cmd -1.5),0.0 (cmd 0.5)
0.7022,2.53,-1.52,0.0,-9.82,0.46,0.0,-9.8,2.5,0.0 (cmd -1.5),0.0 (cmd 0.5)
0.7026999999999999,2.53,-1.53,0.0,-10.0,0.46,0.0,-10.0,2.5,0.0 (cmd -1.5),0.0 (cmd 0.5)
0.7031999999999999,2.5,-1.54,0.0,-10.45,0.45,0.0,-10.4,2.5,0.0 (cmd -1.5),0.0 (cmd 0.5)
0.7037,2.6,-1.57,0.0,-10.84,0.44,0.0,-10.8,2.6,0.0 (cmd -1.6),0.0 (cmd 0.4)
0.7042,2.65,-1.61,0.0,-10.82,0.45,0.0,-10.8,2.6,0.0 (cmd -1.6),0.0 (cmd 0.5)
0.7047,2.67,-1.6,0.0,-10.41,0.47,0.0,-10.4,2.7,0.0 (cmd -1.6),0.0 (cmd 0.5)
0.7051999999999999,2.72,-1.57,0.0,-9.83,0.49,0.0,-9.8,2.7,0.0 (cmd -1.6),0.0 (cmd 0.5)
0.7056999999999999,2.98,-1.5,0.0,-8.45,0.54,0.0,-8.4,3.0,0.0 (cmd -1.5),0.0 (cmd 0.5)
0.7062,3.06,-1.43,0.0,-6.81,0.58,0.0,-6.8,3.1,0.0 (cmd -1.4),0.0 (cmd 0.6)
0.7067,3.22,-1.28,0.0,-5.75,0.62,0.0,-5.8,3.2,0.0 (cmd -1.3),0.0 (cmd 0.6)
0.7072,3.27,-1.15,0.0,-1.92,0.65,0.0,-1.9,3.3,0.0 (cmd -1.1),0.0 (cmd 0.7)
0.7076999999999999,3.7,-1.1,0.0,-0.95,0.62,0.0,-0.9,3.7,0.0 (cmd -1.1),0.0 (cmd 0.6)
0.7081999999999999,3.66,-1.08,0.0,-0.49,0.55,0.0,-0.5,3.7,0.0 (cmd -1.1),0.0 (cmd 0.6)
0.7087,3.49,-0.99,0.0,0.15,0.5,0.0,0.1,3.5,0.0 (cmd -1.0),0.0 (cmd 0.5)
0.7092,3.03,-0.82,0.0,1.24,0.48,0.0,1.2,3.0,0.0 (cmd -0.8),0.0 (cmd 0.5)
0.7097,2.56,-0.67,0.0,1.93,0.45,0.0,1.9,2.6,0.0 (cmd -0.7),0.0 (cmd 0.5)
0.7101999999999999,0.81,-0.58,0.0,2.42,0.41,0.0,2.4,0.8,0.0 (cmd -0.6),0.0 (cmd 0.4)
0.7106999999999999,-1.62,0.27,0.0,3.06,0.53,0.0,3.1,-1.6,0.0 (cmd 0.3),0.0 (cmd 0.5)
0.7112,-3.54,0.53,0.0,3.54,0.52,0.0,3.5,-3.5,0.0 (cmd 0.5),0.0 (cmd 0.5)
0.7117,-5.5,0.87,0.0,3.76,0.54,0.0,3.8,-5.5,0.0 (cmd 0.9),0.0 (cmd 0.5)
0.7122,-8.94,1.13,0.0,3.93,0.54,0.0,3.9,-8.9,0.0 (cmd 1.1),0.0 (cmd 0.5)
0.7126999999999999,-11.42,1.68,0.0,4.06,0.61,0.0,4.1,-11.4,0.0 (cmd 1.7),0.0 (cmd 0.6)
0.7132,-12.62,1.66,0.0,4.16,0.57,0.0,4.2,-12.6,0.0 (cmd 1.7),0.0 (cmd 0.6)
0.7137,-13.25,1.54,0.0,4.11,0.53,0.0,4.1,-13.2,0.0 (cmd 1.5),0.0 (cmd 0.5)
0.7142000000000001,-12.97,1.04,0.0,4.03,0.44,0.0,4.0,-13.0,0.0 (cmd 1.0),0.0 (cmd 0.4)
0.7147,-12.48,0.49,0.0,3.92,0.35,0.0,3.9,-12.5,0.0 (cmd 0.5),0.0 (cmd 0.3)
0.7152,-12.67,0.21,0.0,4.03,0.31,0.0,4.0,-12.7,0.0 (cmd 0.2),0.0 (cmd 0.3)
0.7156999999999999,-12.95,0.12,0.0,4.28,0.3,0.0,4.3,-12.9,0.0 (cmd 0.1),0.0 (cmd 0.3)
0.7162000000000001,-13.15,0.01,0.0,4.33,0.29,0.0,4.3,-13.2,0.0 (cmd 0.0),0.0 (cmd 0.3)
0.7167,-13.07,-0.08,0.0,4.24,0.28,0.0,4.2,-13.1,0.0 (cmd -0.1),0.0 (cmd 0.3)
0.7172000000000001,-12.75,-0.24,0.0,4.13,0.25,0.0,4.1,-12.8,0.0 (cmd -0.2),0.0 (cmd 0.2)
0.7176999999999999,-12.08,-0.51,0.0,4.08,0.21,0.0,4.1,-12.1,0.0 (cmd -0.5),0.0 (cmd 0.2)
0.7182,-11.5,-0.65,0.0,4.05,0.19,0.0,4.0,-11.5,0.0 (cmd -0.7),0.0 (cmd 0.2)
0.7187,-11.2,-0.75,0.0,4.06,0.18,0.0,4.1,-11.2,0.0 (cmd -0.8),0.0 (cmd 0.2)
0.7192000000000001,-11.32,-0.78,0.0,4.16,0.18,0.0,4.2,-11.3,0.0 (cmd -0.8),0.0 (cmd 0.2)
0.7197,-11.39,-0.7,0.0,4.22,0.19,0.0,4.2,-11.4,0.0 (cmd -0.7),0.0 (cmd 0.2)
0.7202,-11.54,-0.64,0.0,4.29,0.2,0.0,4.3,-11.5,0.0 (cmd -0.6),0.0 (cmd 0.2)
0.7206999999999999,-11.46,-0.62,0.0,4.5,0.2,0.0,4.5,-11.5,0.0 (cmd -0.6),0.0 (cmd 0.2)
0.7212000000000001,-11.27,-0.63,0.0,4.76,0.21,0.0,4.8,-11.3,0.0 (cmd -0.6),0.0 (cmd 0.2)
0.7217,-11.01,-0.68,0.0,4.97,0.21,0.0,5.0,-11.0,0.0 (cmd -0.7),0.0 (cmd 0.2)
0.7222000000000001,-10.64,-0.74,0.0,5.07,0.21,0.0,5.1,-10.6,0.0 (cmd -0.7),0.0 (cmd 0.2)
0.7226999999999999,-10.42,-0.81,0.0,5.0,0.2,0.0,5.0,-10.4,0.0 (cmd -0.8),0.0 (cmd 0.2)
0.7232,-10.07,-0.82,0.0,5.0,0.19,0.0,5.0,-10.1,0.0 (cmd -0.8),0.0 (cmd 0.2)
0.7237,-9.78,-0.87,0.0,5.08,0.18,0.0,5.1,-9.8,0.0 (cmd -0.9),0.0 (cmd 0.2)
0.7242000000000001,-9.54,-0.87,0.0,5.18,0.18,0.0,5.2,-9.5,0.0 (cmd -0.9),0.0 (cmd 0.2)
0.7247,-9.32,-0.86,0.0,5.08,0.18,0.0,5.1,-9.3,0.0 (cmd -0.9),0.0 (cmd 0.2)
0.7252,-9.21,-0.88,0.0,4.9,0.17,0.0,4.9,-9.2,0.0 (cmd -0.9),0.0 (cmd 0.2)
0.7256999999999999,-9.16,-0.84,0.0,4.43,0.15,0.0,4.4,-9.2,0.0 (cmd -0.8),0.0 (cmd 0.1)
0.7262000000000001,-9.12,-0.83,0.0,3.89,0.13,0.0,3.9,-9.1,0.0 (cmd -0.8),0.0 (cmd 0.1)
0.7267,-9.08,-0.82,0.0,3.5,0.11,0.0,3.5,-9.1,0.0 (cmd -0.8),0.0 (cmd 0.1)
0.7272000000000001,-9.02,-0.82,0.0,3.23,0.09,0.0,3.2,-9.0,0.0 (cmd -0.8),0.0 (cmd 0.1)
0.7276999999999999,-8.99,-0.8,0.0,2.89,0.08,0.0,2.9,-9.0,0.0 (cmd -0.8),0.0 (cmd 0.1)
0.7282,-9.04,-0.77,0.0,2.93,0.09,0.0,2.9,-9.0,0.0 (cmd -0.8),0.0 (cmd 0.1)
0.7287,-9.18,-0.73,0.0,2.89,0.11,0.0,2.9,-9.2,0.0 (cmd -0.7),0.0 (cmd 0.1)
0.7292000000000001,-9.44,-0.69,0.0,2.76,0.11,0.0,2.8,-9.4,0.0 (cmd -0.7),0.0 (cmd 0.1)
0.7297,-9.6,-0.62,0.0,2.35,0.12,0.0,2.4,-9.6,0.0 (cmd -0.6),0.0 (cmd 0.1)
0.7302,-9.98,-0.52,0.0,1.9,0.13,0.0,1.9,-10.0,0.0 (cmd -0.5),0.0 (cmd 0.1)
0.7306999999999999,-10.43,-0.53,0.0,1.52,0.12,0.0,1.5,-10.4,0.0 (cmd -0.5),0.0 (cmd 0.1)
0.7312000000000001,-10.81,-0.48,0.0,1.44,0.12,0.0,1.4,-10.8,0.0 (cmd -0.5),0.0 (cmd 0.1)
0.7317,-10.97,-0.4,0.0,1.69,0.15,0.0,1.7,-11.0,0.0 (cmd -0.4),0.0 (cmd 0.1)
0.7322000000000001,-11.2,-0.37,0.0,1.88,0.18,0.0,1.9,-11.2,0.0 (cmd -0.4),0.0 (cmd 0.2)
0.7326999999999999,-11.39,-0.4,0.0,1.99,0.19,0.0,2.0,-11.4,0.0 (cmd -0.4),0.0 (cmd 0.2)
0.7332,-11.58,-0.39,0.0,1.93,0.2,0.0,1.9,-11.6,0.0 (cmd -0.4),0.0 (cmd 0.2)
0.7337,-11.92,-0.38,0.0,1.89,0.2,0.0,1.9,-11.9,0.0 (cmd -0.4),0.0 (cmd 0.2)
0.7342000000000001,-12.41,-0.37,0.0,2.03,0.21,0.0,2.0,-12.4,0.0 (cmd -0.4),0.0 (cmd 0.2)
0.7347,-12.97,-0.27,0.0,2.18,0.23,0.0,2.2,-13.0,0.0 (cmd -0.3),0.0 (cmd 0.2)
0.7352,-13.65,-0.08,0.0,2.71,0.26,0.0,2.7,-13.7,0.0 (cmd -0.1),0.0 (cmd 0.3)
0.7356999999999999,-13.85,-0.05,0.0,3.57,0.32,0.0,3.6,-13.8,0.0 (cmd -0.1),0.0 (cmd 0.3)
0.7362000000000001,-12.97,-0.17,0.0,4.52,0.34,0.0,4.5,-13.0,0.0 (cmd -0.2),0.0 (cmd 0.3)
0.7367,-12.17,-0.62,0.0,5.09,0.28,0.0,5.1,-12.2,0.0 (cmd -0.6),0.0 (cmd 0.3)
0.7372000000000001,-11.4,-0.71,0.0,5.19,0.27,0.0,5.2,-11.4,0.0 (cmd -0.7),0.0 (cmd 0.3)
0.7376999999999999,-9.54,-1.18,0.0,5.22,0.21,0.0,5.2,-9.5,0.0 (cmd -1.2),0.0 (cmd 0.2)
0.7382,-8.16,-1.27,0.0,5.36,0.18,0.0,5.4,-8.2,0.0 (cmd -1.3),0.0 (cmd 0.2)
0.7387,-7.76,-1.41,0.0,5.43,0.16,0.0,5.4,-7.8,0.0 (cmd -1.4),0.0 (cmd 0.2)
0.7392000000000001,-7.88,-1.29,0.0,5.36,0.16,0.0,5.4,-7.9,0.0 (cmd -1.3),0.0 (cmd 0.2)
0.7397,-8.25,-1.13,0.0,5.29,0.15,0.0,5.3,-8.2,0.0 (cmd -1.1),0.0 (cmd 0.1)
0.7402,-8.59,-0.89,0.0,4.98,0.16,0.0,5.0,-8.6,0.0 (cmd -0.9),0.0 (cmd 0.2)
0.7406999999999999,-8.89,-0.76,0.0,4.6,0.15,0.0,4.6,-8.9,0.0 (cmd -0.8),0.0 (cmd 0.1)
0.7412000000000001,-9.45,-0.62,0.0,4.45,0.16,0.0,4.5,-9.4,0.0 (cmd -0.6),0.0 (cmd 0.2)
0.7417,-9.67,-0.55,0.0,4.3,0.16,0.0,4.3,-9.7,0.0 (cmd -0.6),0.0 (cmd 0.2)
0.7422000000000001,-10.1,-0.47,0.0,4.29,0.17,0.0,4.3,-10.1,0.0 (cmd -0.5),0.0 (cmd 0.2)
0.7426999999999999,-10.27,-0.41,0.0,4.36,0.18,0.0,4.4,-10.3,0.0 (cmd -0.4),0.0 (cmd 0.2)
0.7432,-10.2,-0.43,0.0,4.51,0.19,0.0,4.5,-10.2,0.0 (cmd -0.4),0.0 (cmd 0.2)
0.7437,-9.89,-0.52,0.0,4.54,0.18,0.0,4.5,-9.9,0.0 (cmd -0.5),0.0 (cmd 0.2)
0.7442000000000001,-8.96,-0.68,0.0,4.54,0.17,0.0,4.5,-9.0,0.0 (cmd -0.7),0.0 (cmd 0.2)
0.7447,-8.57,-0.82,0.0,4.55,0.15,0.0,4.5,-8.6,0.0 (cmd -0.8),0.0 (cmd 0.1)
0.7452,-8.24,-0.95,0.0,4.44,0.13,0.0,4.4,-8.2,0.0 (cmd -0.9),0.0 (cmd 0.1)
0.7456999999999999,-8.46,-0.86,0.0,4.36,0.13,0.0,4.4,-8.5,0.0 (cmd -0.9),0.0 (cmd 0.1)
0.7462000000000001,-9.55,-0.69,0.0,4.27,0.15,0.0,4.3,-9.6,0.0 (cmd -0.7),0.0 (cmd 0.1)
0.7467,-9.91,-0.45,0.0,3.71,0.16,0.0,3.7,-9.9,0.0 (cmd -0.5),0.0 (cmd 0.2)
0.7472000000000001,-10.31,-0.38,0.0,3.56,0.16,0.0,3.6,-10.3,0.0 (cmd -0.4),0.0 (cmd 0.2)
0.7476999999999999,-10.45,-0.39,0.0,3.54,0.16,0.0,3.5,-10.4,0.0 (cmd -0.4),0.0 (cmd 0.2)
0.7482,-10.45,-0.43,0.0,3.57,0.16,0.0,3.6,-10.4,0.0 (cmd -0.4),0.0 (cmd 0.2)
0.7487,-10.47,-0.47,0.0,3.6,0.17,0.0,3.6,-10.5,0.0 (cmd -0.5),0.0 (cmd 0.2)
0.7492000000000001,-10.48,-0.5,0.0,3.58,0.17,0.0,3.6,-10.5,0.0 (cmd -0.5),0.0 (cmd 0.2)
0.7497,-10.48,-0.53,0.0,3.55,0.17,0.0,3.5,-10.5,0.0 (cmd -0.5),0.0 (cmd 0.2)
0.7502,-10.47,-0.56,0.0,3.39,0.16,0.0,3.4,-10.5,0.0 (cmd -0.6),0.0 (cmd 0.2)
0.7506999999999999,-10.51,-0.58,0.0,3.35,0.16,0.0,3.4,-10.5,0.0 (cmd -0.6),0.0 (cmd 0.2)
0.7512000000000001,-10.61,-0.57,0.0,3.43,0.16,0.0,3.4,-10.6,0.0 (cmd -0.6),0.0 (cmd 0.2)
0.7517,-10.71,-0.56,0.0,3.52,0.17,0.0,3.5,-10.7,0.0 (cmd -0.6),0.0 (cmd 0.2)
0.7522000000000001,-10.76,-0.55,0.0,3.57,0.18,0.0,3.6,-10.8,0.0 (cmd -0.6),0.0 (cmd 0.2)
0.7526999999999999,-10.8,-0.55,0.0,3.61,0.18,0.0,3.6,-10.8,0.0 (cmd -0.6),0.0 (cmd 0.2)
0.7532,-10.82,-0.56,0.0,3.62,0.18,0.0,3.6,-10.8,0.0 (cmd -0.6),0.0 (cmd 0.2)
0.7537,-10.82,-0.58,0.0,3.62,0.18,0.0,3.6,-10.8,0.0 (cmd -0.6),0.0 (cmd 0.2)
0.7542000000000001,-10.86,-0.58,0.0,3.58,0.18,0.0,3.6,-10.9,0.0 (cmd -0.6),0.0 (cmd 0.2)
0.7547,-10.89,-0.58,0.0,3.56,0.18,0.0,3.6,-10.9,0.0 (cmd -0.6),0.0 (cmd 0.2)
0.7552,-10.97,-0.57,0.0,3.54,0.18,0.0,3.5,-11.0,0.0 (cmd -0.6),0.0 (cmd 0.2)
0.7556999999999999,-11.1,-0.57,0.0,3.54,0.18,0.0,3.5,-11.1,0.0 (cmd -0.6),0.0 (cmd 0.2)
0.7562000000000001,-11.3,-0.55,0.0,3.58,0.18,0.0,3.6,-11.3,0.0 (cmd -0.6),0.0 (cmd 0.2)
0.7567,-11.62,-0.48,0.0,3.63,0.19,0.0,3.6,-11.6,0.0 (cmd -0.5),0.0 (cmd 0.2)
0.7572000000000001,-11.7,-0.46,0.0,3.78,0.2,0.0,3.8,-11.7,0.0 (cmd -0.5),0.0 (cmd 0.2)
0.7576999999999999,-11.7,-0.47,0.0,4.02,0.21,0.0,4.0,-11.7,0.0 (cmd -0.5),0.0 (cmd 0.2)
0.7582,-11.68,-0.5,0.0,4.08,0.21,0.0,4.1,-11.7,0.0 (cmd -0.5),0.0 (cmd 0.2)
0.7587,-11.53,-0.55,0.0,4.08,0.21,0.0,4.1,-11.5,0.0 (cmd -0.6),0.0 (cmd 0.2)
0.7592000000000001,-11.2,-0.6,0.0,4.19,0.2,0.0,4.2,-11.2,0.0 (cmd -0.6),0.0 (cmd 0.2)
0.7597,-11.11,-0.68,0.0,4.31,0.2,0.0,4.3,-11.1,0.0 (cmd -0.7),0.0 (cmd 0.2)
0.7602,-10.88,-0.72,0.0,4.46,0.19,0.0,4.5,-10.9,0.0 (cmd -0.7),0.0 (cmd 0.2)
0.7606999999999999,-10.76,-0.71,0.0,4.53,0.2,0.0,4.5,-10.8,0.0 (cmd -0.7),0.0 (cmd 0.2)
0.7612000000000001,-10.56,-0.74,0.0,4.52,0.19,0.0,4.5,-10.6,0.0 (cmd -0.7),0.0 (cmd 0.2)
0.7617,-10.45,-0.77,0.0,4.48,0.18,0.0,4.5,-10.4,0.0 (cmd -0.8),0.0 (cmd 0.2)
0.7622000000000001,-10.31,-0.76,0.0,4.48,0.18,0.0,4.5,-10.3,0.0 (cmd -0.8),0.0 (cmd 0.2)
0.7626999999999999,-10.48,-0.73,0.0,4.54,0.18,0.0,4.5,-10.5,0.0 (cmd -0.7),0.0 (cmd 0.2)
0.7631999999999999,-10.81,-0.61,0.0,4.6,0.19,0.0,4.6,-10.8,0.0 (cmd -0.6),0.0 (cmd 0.2)
0.7637,-10.93,-0.55,0.0,4.65,0.2,0.0,4.7,-10.9,0.0 (cmd -0.6),0.0 (cmd 0.2)
0.7642,-11.0,-0.54,0.0,4.67,0.2,0.0,4.7,-11.0,0.0 (cmd -0.5),0.0 (cmd 0.2)
0.7647,-11.01,-0.54,0.0,4.68,0.2,0.0,4.7,-11.0,0.0 (cmd -0.5),0.0 (cmd 0.2)
0.7651999999999999,-10.99,-0.56,0.0,4.71,0.2,0.0,4.7,-11.0,0.0 (cmd -0.6),0.0 (cmd 0.2)
0.7656999999999999,-10.98,-0.58,0.0,4.74,0.2,0.0,4.7,-11.0,0.0 (cmd -0.6),0.0 (cmd 0.2)
0.7662,-10.99,-0.58,0.0,4.78,0.2,0.0,4.8,-11.0,0.0 (cmd -0.6),0.0 (cmd 0.2)
0.7667,-11.05,-0.58,0.0,4.82,0.2,0.0,4.8,-11.1,0.0 (cmd -0.6),0.0 (cmd 0.2)
0.7672,-11.08,-0.57,0.0,4.89,0.21,0.0,4.9,-11.1,0.0 (cmd -0.6),0.0 (cmd 0.2)
0.7676999999999999,-11.08,-0.57,0.0,4.94,0.21,0.0,4.9,-11.1,0.0 (cmd -0.6),0.0 (cmd 0.2)
0.7681999999999999,-11.05,-0.58,0.0,4.96,0.21,0.0,5.0,-11.1,0.0 (cmd -0.6),0.0 (cmd 0.2)
0.7687,-10.98,-0.6,0.0,4.99,0.21,0.0,5.0,-11.0,0.0 (cmd -0.6),0.0 (cmd 0.2)
0.7692,-10.94,-0.61,0.0,5.01,0.21,0.0,5.0,-10.9,0.0 (cmd -0.6),0.0 (cmd 0.2)
0.7697,-10.93,-0.62,0.0,5.01,0.21,0.0,5.0,-10.9,0.0 (cmd -0.6),0.0 (cmd 0.2)
0.7701999999999999,-10.94,-0.61,0.0,5.03,0.21,0.0,5.0,-10.9,0.0 (cmd -0.6),0.0 (cmd 0.2)
0.7706999999999999,-10.98,-0.6,0.0,5.05,0.21,0.0,5.0,-11.0,0.0 (cmd -0.6),0.0 (cmd 0.2)
0.7712,-11.03,-0.6,0.0,5.05,0.21,0.0,5.0,-11.0,0.0 (cmd -0.6),0.0 (cmd 0.2)
0.7717,-11.02,-0.59,0.0,5.1,0.21,0.0,5.1,-11.0,0.0 (cmd -0.6),0.0 (cmd 0.2)
0.7722,-10.93,-0.61,0.0,5.14,0.21,0.0,5.1,-10.9,0.0 (cmd -0.6),0.0 (cmd 0.2)
0.7726999999999999,-10.74,-0.64,0.0,5.18,0.21,0.0,5.2,-10.7,0.0 (cmd -0.6),0.0 (cmd 0.2)
0.7731999999999999,-10.69,-0.66,0.0,5.24,0.2,0.0,5.2,-10.7,0.0 (cmd -0.7),0.0 (cmd 0.2)
0.7737,-10.65,-0.66,0.0,5.23,0.21,0.0,5.2,-10.7,0.0 (cmd -0.7),0.0 (cmd 0.2)
0.7742,-10.67,-0.65,0.0,5.14,0.2,0.0,5.1,-10.7,0.0 (cmd -0.7),0.0 (cmd 0.2)
0.7747,-10.89,-0.62,0.0,5.03,0.2,0.0,5.0,-10.9,0.0 (cmd -0.6),0.0 (cmd 0.2)
0.7751999999999999,-11.01,-0.58,0.0,4.9,0.2,0.0,4.9,-11.0,0.0 (cmd -0.6),0.0 (cmd 0.2)
0.7757,-11.04,-0.56,0.0,4.79,0.2,0.0,4.8,-11.0,0.0 (cmd -0.6),0.0 (cmd 0.2)
0.7762,-10.95,-0.57,0.0,4.86,0.2,0.0,4.9,-10.9,0.0 (cmd -0.6),0.0 (cmd 0.2)
0.7767000000000001,-10.84,-0.6,0.0,5.01,0.2,0.0,5.0,-10.8,0.0 (cmd -0.6),0.0 (cmd 0.2)
0.7772,-10.73,-0.64,0.0,5.1,0.2,0.0,5.1,-10.7,0.0 (cmd -0.6),0.0 (cmd 0.2)
0.7777,-10.55,-0.68,0.0,5.06,0.2,0.0,5.1,-10.6,0.0 (cmd -0.7),0.0 (cmd 0.2)
0.7781999999999999,-10.49,-0.68,0.0,5.04,0.2,0.0,5.0,-10.5,0.0 (cmd -0.7),0.0 (cmd 0.2)
0.7787000000000001,-10.54,-0.67,0.0,4.96,0.19,0.0,5.0,-10.5,0.0 (cmd -0.7),0.0 (cmd 0.2)
0.7792,-10.58,-0.64,0.0,4.91,0.19,0.0,4.9,-10.6,0.0 (cmd -0.6),0.0 (cmd 0.2)
0.7797000000000001,-10.79,-0.62,0.0,4.86,0.19,0.0,4.9,-10.8,0.0 (cmd -0.6),0.0 (cmd 0.2)
0.7801999999999999,-10.88,-0.57,0.0,4.8,0.2,0.0,4.8,-10.9,0.0 (cmd -0.6),0.0 (cmd 0.2)
0.7807,-10.89,-0.56,0.0,4.72,0.2,0.0,4.7,-10.9,0.0 (cmd -0.6),0.0 (cmd 0.2)
0.7812,-10.86,-0.58,0.0,4.61,0.19,0.0,4.6,-10.9,0.0 (cmd -0.6),0.0 (cmd 0.2)
0.7817000000000001,-10.8,-0.6,0.0,4.54,0.19,0.0,4.5,-10.8,0.0 (cmd -0.6),0.0 (cmd 0.2)
0.7822,-10.41,-0.66,0.0,4.33,0.17,0.0,4.3,-10.4,0.0 (cmd -0.7),0.0 (cmd 0.2)
0.7827,-10.22,-0.74,0.0,3.88,0.16,0.0,3.9,-10.2,0.0 (cmd -0.7),0.0 (cmd 0.2)
0.7831999999999999,-10.53,-0.78,0.0,3.2,0.13,0.0,3.2,-10.5,0.0 (cmd -0.8),0.0 (cmd 0.1)
0.7837000000000001,-12.44,-0.47,0.0,2.51,0.13,0.0,2.5,-12.4,0.0 (cmd -0.5),0.0 (cmd 0.1)
0.7842,-14.82,-0.1,0.0,2.34,0.17,0.0,2.3,-14.8,0.0 (cmd -0.1),0.0 (cmd 0.2)
0.7847000000000001,-16.26,0.39,0.0,2.56,0.26,0.0,2.6,-16.3,0.0 (cmd 0.4),0.0 (cmd 0.3)
0.7851999999999999,-17.58,0.6,0.0,3.12,0.33,0.0,3.1,-17.6,0.0 (cmd 0.6),0.0 (cmd 0.3)
0.7857,-17.78,0.61,0.0,3.72,0.38,0.0,3.7,-17.8,0.0 (cmd 0.6),0.0 (cmd 0.4)
0.7862,-17.61,0.32,0.0,3.89,0.36,0.0,3.9,-17.6,0.0 (cmd 0.3),0.0 (cmd 0.4)
0.7867000000000001,-16.8,0.06,0.0,3.92,0.33,0.0,3.9,-16.8,0.0 (cmd 0.1),0.0 (cmd 0.3)
0.7872,-16.51,-0.29,0.0,4.02,0.3,0.0,4.0,-16.5,0.0 (cmd -0.3),0.0 (cmd 0.3)
0.7877,-16.16,-0.44,0.0,4.14,0.28,0.0,4.1,-16.2,0.0 (cmd -0.4),0.0 (cmd 0.3)
0.7881999999999999,-16.01,-0.56,0.0,4.04,0.27,0.0,4.0,-16.0,0.0 (cmd -0.6),0.0 (cmd 0.3)
0.7887000000000001,-15.76,-0.6,0.0,3.9,0.26,0.0,3.9,-15.8,0.0 (cmd -0.6),0.0 (cmd 0.3)
0.7892,-15.47,-0.68,0.0,3.74,0.24,0.0,3.7,-15.5,0.0 (cmd -0.7),0.0 (cmd 0.2)
0.7897000000000001,-15.37,-0.73,0.0,3.66,0.23,0.0,3.7,-15.4,0.0 (cmd -0.7),0.0 (cmd 0.2)
0.7901999999999999,-15.24,-0.74,0.0,3.63,0.23,0.0,3.6,-15.2,0.0 (cmd -0.7),0.0 (cmd 0.2)
0.7907,-15.84,-0.72,0.0,3.63,0.23,0.0,3.6,-15.8,0.0 (cmd -0.7),0.0 (cmd 0.2)
0.7912,-17.38,-0.32,0.0,3.56,0.27,0.0,3.6,-17.4,0.0 (cmd -0.3),0.0 (cmd 0.3)
0.7917000000000001,-17.43,-0.16,0.0,3.47,0.29,0.0,3.5,-17.4,0.0 (cmd -0.2),0.0 (cmd 0.3)
0.7922,-17.14,-0.29,0.0,3.41,0.27,0.0,3.4,-17.1,0.0 (cmd -0.3),0.0 (cmd 0.3)
0.7927,-16.73,-0.42,0.0,3.3,0.26,0.0,3.3,-16.7,0.0 (cmd -0.4),0.0 (cmd 0.3)
0.7931999999999999,-16.24,-0.66,0.0,3.74,0.25,0.0,3.7,-16.2,0.0 (cmd -0.7),0.0 (cmd 0.2)
0.7937000000000001,-14.64,-0.78,0.0,3.62,0.24,0.0,3.6,-14.6,0.0 (cmd -0.8),0.0 (cmd 0.2)
0.7942,-13.16,-1.16,0.0,3.24,0.19,0.0,3.2,-13.2,0.0 (cmd -1.2),0.0 (cmd 0.2)
0.7947000000000001,-12.39,-1.45,0.0,2.88,0.14,0.0,2.9,-12.4,0.0 (cmd -1.4),0.0 (cmd 0.1)
0.7951999999999999,-11.62,-1.53,0.0,2.61,0.11,0.0,2.6,-11.6,0.0 (cmd -1.5),0.0 (cmd 0.1)
0.7957,-10.41,-1.51,0.0,2.38,0.09,0.0,2.4,-10.4,0.0 (cmd -1.5),0.0 (cmd 0.1)
0.7962,-9.14,-1.63,0.0,2.23,0.06,0.0,2.2,-9.1,0.0 (cmd -1.6),0.0 (cmd 0.1)
0.7967000000000001,-8.45,-1.76,0.0,2.01,0.03,0.0,2.0,-8.4,0.0 (cmd -1.8),0.0 (cmd 0.0)
0.7972,-6.61,-1.74,0.0,1.75,0.01,0.0,1.8,-6.6,0.0 (cmd -1.7),0.0 (cmd 0.0)
0.7977,-4.19,-1.94,0.0,1.39,-0.02,0.0,1.4,-4.2,0.0 (cmd -1.9),0.0 (cmd -0.0)
0.7981999999999999,-2.99,-2.2,0.0,0.87,-0.08,0.0,0.9,-3.0,0.0 (cmd -2.2),0.0 (cmd -0.1)
0.7987000000000001,-2.45,-2.28,0.0,-0.39,-0.15,0.0,-0.4,-2.5,0.0 (cmd -2.3),0.0 (cmd -0.1)
0.7992,-2.93,-2.11,0.0,-1.18,-0.17,0.0,-1.2,-2.9,0.0 (cmd -2.1),0.0 (cmd -0.2)
0.7997000000000001,-4.68,-1.5,0.0,-2.35,-0.13,0.0,-2.4,-4.7,0.0 (cmd -1.5),0.0 (cmd -0.1)
0.8001999999999999,-4.67,-1.18,0.0,-3.69,-0.06,0.0,-3.7,-4.7,0.0 (cmd -1.2),0.0 (cmd -0.1)
0.8007,-4.38,-1.28,0.0,-5.08,-0.1,0.0,-5.1,-4.4,0.0 (cmd -1.3),0.0 (cmd -0.1)
0.8012,-4.31,-1.35,0.0,-6.36,-0.12,0.0,-6.4,-4.3,0.0 (cmd -1.4),0.0 (cmd -0.1)
0.8017000000000001,-3.75,-1.4,0.0,-7.09,-0.07,0.0,-7.1,-3.8,0.0 (cmd -1.4),0.0 (cmd -0.1)
0.8022,-2.97,-1.53,0.0,-7.23,-0.03,0.0,-7.2,-3.0,0.0 (cmd -1.5),0.0 (cmd -0.0)
0.8027,-1.73,-1.74,0.0,-7.19,-0.01,0.0,-7.2,-1.7,0.0 (cmd -1.7),0.0 (cmd -0.0)
0.8031999999999999,-1.08,-1.73,0.0,-6.56,0.04,0.0,-6.6,-1.1,0.0 (cmd -1.7),0.0 (cmd 0.0)
0.8037000000000001,0.05,-1.94,0.0,-5.89,0.07,0.0,-5.9,0.1,0.0 (cmd -1.9),0.0 (cmd 0.1)
0.8042,4.03,-2.5,0.0,-5.03,0.01,0.0,-5.0,4.0,0.0 (cmd -2.5),0.0 (cmd 0.0)
0.8047000000000001,4.87,-2.66,0.0,-4.33,0.02,0.0,-4.3,4.9,0.0 (cmd -2.7),0.0 (cmd 0.0)
0.8051999999999999,4.42,-2.4,0.0,-3.0,0.09,0.0,-3.0,4.4,0.0 (cmd -2.4),0.0 (cmd 0.1)
0.8057,4.38,-1.94,0.0,-2.01,0.18,0.0,-2.0,4.4,0.0 (cmd -1.9),0.0 (cmd 0.2)
0.8062,4.35,-1.67,0.0,0.03,0.26,0.0,0.0,4.3,0.0 (cmd -1.7),0.0 (cmd 0.3)
0.8067000000000001,4.25,-1.38,0.0,1.94,0.35,0.0,1.9,4.2,0.0 (cmd -1.4),0.0 (cmd 0.3)
0.8072,3.91,-1.11,0.0,2.65,0.39,0.0,2.6,3.9,0.0 (cmd -1.1),0.0 (cmd 0.4)
0.8077,4.11,-0.99,0.0,3.3,0.33,0.0,3.3,4.1,0.0 (cmd -1.0),0.0 (cmd 0.3)
0.8081999999999999,4.21,-0.93,0.0,4.53,0.32,0.0,4.5,4.2,0.0 (cmd -0.9),0.0 (cmd 0.3)
0.8087000000000001,3.95,-0.83,0.0,4.13,0.27,0.0,4.1,4.0,0.0 (cmd -0.8),0.0 (cmd 0.3)
0.8092,3.1,-0.79,0.0,3.82,0.2,0.0,3.8,3.1,0.0 (cmd -0.8),0.0 (cmd 0.2)
0.8097000000000001,2.17,-0.51,0.0,3.39,0.2,0.0,3.4,2.2,0.0 (cmd -0.5),0.0 (cmd 0.2)
0.8101999999999999,1.5,-0.43,0.0,3.33,0.18,0.0,3.3,1.5,0.0 (cmd -0.4),0.0 (cmd 0.2)
0.8107,0.96,-0.31,0.0,3.56,0.19,0.0,3.6,1.0,0.0 (cmd -0.3),0.0 (cmd 0.2)
0.8112,0.37,-0.2,0.0,3.55,0.2,0.0,3.5,0.4,0.0 (cmd -0.2),0.0 (cmd 0.2)
0.8117000000000001,-0.53,-0.28,0.0,3.54,0.18,0.0,3.5,-0.5,0.0 (cmd -0.3),0.0 (cmd 0.2)
0.8122,-2.15,0.0,0.0,3.78,0.22,0.0,3.8,-2.1,0.0 (cmd 0.0),0.0 (cmd 0.2)
0.8127,-5.85,0.85,0.0,4.64,0.38,0.0,4.6,-5.8,0.0 (cmd 0.8),0.0 (cmd 0.4)
0.8131999999999999,-9.54,1.09,0.0,5.94,0.46,0.0,5.9,-9.5,0.0 (cmd 1.1),0.0 (cmd 0.5)
0.8137000000000001,-10.27,1.68,0.0,6.1,0.58,0.0,6.1,-10.3,0.0 (cmd 1.7),0.0 (cmd 0.6)
0.8142,-9.95,1.25,0.0,5.77,0.48,0.0,5.8,-9.9,0.0 (cmd 1.2),0.0 (cmd 0.5)
0.8147000000000001,-9.26,0.63,0.0,5.63,0.36,0.0,5.6,-9.3,0.0 (cmd 0.6),0.0 (cmd 0.4)
0.8151999999999999,-8.47,0.19,0.0,5.69,0.29,0.0,5.7,-8.5,0.0 (cmd 0.2),0.0 (cmd 0.3)
0.8157,-8.04,-0.16,0.0,6.04,0.24,0.0,6.0,-8.0,0.0 (cmd -0.2),0.0 (cmd 0.2)
0.8162,-7.73,-0.36,0.0,6.24,0.23,0.0,6.2,-7.7,0.0 (cmd -0.4),0.0 (cmd 0.2)
0.8167000000000001,-7.5,-0.47,0.0,6.57,0.21,0.0,6.6,-7.5,0.0 (cmd -0.5),0.0 (cmd 0.2)
0.8172,-7.41,-0.54,0.0,6.76,0.22,0.0,6.8,-7.4,0.0 (cmd -0.5),0.0 (cmd 0.2)
0.8177,-7.41,-0.55,0.0,6.99,0.22,0.0,7.0,-7.4,0.0 (cmd -0.6),0.0 (cmd 0.2)
0.8181999999999999,-7.66,-0.52,0.0,7.15,0.23,0.0,7.2,-7.7,0.0 (cmd -0.5),0.0 (cmd 0.2)
0.8187000000000001,-7.92,-0.49,0.0,7.3,0.24,0.0,7.3,-7.9,0.0 (cmd -0.5),0.0 (cmd 0.2)
0.8192,-8.77,-0.3,0.0,7.45,0.26,0.0,7.5,-8.8,0.0 (cmd -0.3),0.0 (cmd 0.3)
0.8197000000000001,-9.17,-0.22,0.0,7.55,0.28,0.0,7.5,-9.2,0.0 (cmd -0.2),0.0 (cmd 0.3)
0.8201999999999999,-9.4,-0.16,0.0,7.6,0.3,0.0,7.6,-9.4,0.0 (cmd -0.2),0.0 (cmd 0.3)
0.8207,-9.69,-0.19,0.0,7.77,0.31,0.0,7.8,-9.7,0.0 (cmd -0.2),0.0 (cmd 0.3)
0.8212,-10.55,-0.23,0.0,7.86,0.32,0.0,7.9,-10.6,0.0 (cmd -0.2),0.0 (cmd 0.3)
0.8217000000000001,-10.86,-0.11,0.0,7.89,0.34,0.0,7.9,-10.9,0.0 (cmd -0.1),0.0 (cmd 0.3)
0.8222,-11.34,-0.09,0.0,7.91,0.35,0.0,7.9,-11.3,0.0 (cmd -0.1),0.0 (cmd 0.3)
0.8227,-11.53,-0.08,0.0,7.95,0.36,0.0,8.0,-11.5,0.0 (cmd -0.1),0.0 (cmd 0.4)
0.8231999999999999,-11.51,-0.17,0.0,7.97,0.36,0.0,8.0,-11.5,0.0 (cmd -0.2),0.0 (cmd 0.4)
0.8237000000000001,-11.48,-0.28,0.0,8.07,0.36,0.0,8.1,-11.5,0.0 (cmd -0.3),0.0 (cmd 0.4)
0.8242,-11.36,-0.37,0.0,8.09,0.36,0.0,8.1,-11.4,0.0 (cmd -0.4),0.0 (cmd 0.4)
0.8247000000000001,-10.66,-0.45,0.0,8.17,0.36,0.0,8.2,-10.7,0.0 (cmd -0.5),0.0 (cmd 0.4)
0.8251999999999999,-9.45,-0.8,0.0,8.31,0.34,0.0,8.3,-9.4,0.0 (cmd -0.8),0.0 (cmd 0.3)
0.8256999999999999,-8.09,-1.07,0.0,8.44,0.33,0.0,8.4,-8.1,0.0 (cmd -1.1),0.0 (cmd 0.3)
0.8262,-7.31,-1.31,0.0,8.96,0.31,0.0,9.0,-7.3,0.0 (cmd -1.3),0.0 (cmd 0.3)
0.8267,-6.76,-1.27,0.0,9.24,0.33,0.0,9.2,-6.8,0.0 (cmd -1.3),0.0 (cmd 0.3)
0.8272,-5.42,-1.26,0.0,9.38,0.33,0.0,9.4,-5.4,0.0 (cmd -1.3),0.0 (cmd 0.3)
0.8276999999999999,-4.59,-1.44,0.0,8.75,0.32,0.0,8.8,-4.6,0.0 (cmd -1.4),0.0 (cmd 0.3)
0.8281999999999999,-4.1,-1.54,0.0,7.62,0.3,0.0,7.6,-4.1,0.0 (cmd -1.5),0.0 (cmd 0.3)
0.8287,-3.7,-1.43,0.0,5.93,0.21,0.0,5.9,-3.7,0.0 (cmd -1.4),0.0 (cmd 0.2)
0.8292,-1.85,-1.47,0.0,4.77,0.09,0.0,4.8,-1.9,0.0 (cmd -1.5),0.0 (cmd 0.1)
0.8297,-1.32,-1.83,0.0,2.62,-0.01,0.0,2.6,-1.3,0.0 (cmd -1.8),0.0 (cmd -0.0)
0.8301999999999999,-0.35,-1.97,0.0,-5.31,-0.35,0.0,-5.3,-0.3,0.0 (cmd -2.0),0.0 (cmd -0.3)
0.8306999999999999,0.98,-2.07,0.0,-11.39,-1.22,0.0,-11.4,1.0,0.0 (cmd -2.1),0.0 (cmd -1.2)
0.8312,0.97,-2.08,0.0,-12.92,-1.39,0.0,-12.9,1.0,0.0 (cmd -2.1),0.0 (cmd -1.4)
0.8317,0.7,-2.05,0.0,-12.95,-0.88,0.0,-12.9,0.7,0.0 (cmd -2.0),0.0 (cmd -0.9)
0.8322,0.09,-1.9,0.0,-11.87,-0.33,0.0,-11.9,0.1,0.0 (cmd -1.9),0.0 (cmd -0.3)
0.8326999999999999,0.08,-1.78,0.0,-10.8,0.0,0.0,-10.8,0.1,0.0 (cmd -1.8),0.0 (cmd 0.0)
0.8331999999999999,0.31,-1.67,0.0,-10.15,0.17,0.0,-10.2,0.3,0.0 (cmd -1.7),0.0 (cmd 0.2)
0.8337,0.98,-1.72,0.0,-10.03,0.23,0.0,-10.0,1.0,0.0 (cmd -1.7),0.0 (cmd 0.2)
0.8342,1.05,-1.77,0.0,-9.95,0.27,0.0,-9.9,1.1,0.0 (cmd -1.8),0.0 (cmd 0.3)
0.8347,0.94,-1.67,0.0,-9.74,0.34,0.0,-9.7,0.9,0.0 (cmd -1.7),0.0 (cmd 0.3)
0.8351999999999999,0.91,-1.59,0.0,-9.6,0.37,0.0,-9.6,0.9,0.0 (cmd -1.6),0.0 (cmd 0.4)
0.8356999999999999,0.87,-1.54,0.0,-9.17,0.41,0.0,-9.2,0.9,0.0 (cmd -1.5),0.0 (cmd 0.4)
0.8362,1.08,-1.47,0.0,-8.53,0.45,0.0,-8.5,1.1,0.0 (cmd -1.5),0.0 (cmd 0.5)
0.8367,1.21,-1.46,0.0,-8.0,0.46,0.0,-8.0,1.2,0.0 (cmd -1.5),0.0 (cmd 0.5)
0.8372,1.48,-1.47,0.0,-7.38,0.45,0.0,-7.4,1.5,0.0 (cmd -1.5),0.0 (cmd 0.5)
0.8376999999999999,1.74,-1.44,0.0,-7.03,0.46,0.0,-7.0,1.7,0.0 (cmd -1.4),0.0 (cmd 0.5)
0.8382,1.94,-1.45,0.0,-6.74,0.44,0.0,-6.7,1.9,0.0 (cmd -1.4),0.0 (cmd 0.4)
0.8387,2.08,-1.45,0.0,-6.45,0.43,0.0,-6.5,2.1,0.0 (cmd -1.4),0.0 (cmd 0.4)
0.8392000000000001,2.55,-1.53,0.0,-6.09,0.4,0.0,-6.1,2.5,0.0 (cmd -1.5),0.0 (cmd 0.4)
0.8397,2.74,-1.46,0.0,-5.84,0.4,0.0,-5.8,2.7,0.0 (cmd -1.5),0.0 (cmd 0.4)
0.8402,2.73,-1.46,0.0,-5.74,0.38,0.0,-5.7,2.7,0.0 (cmd -1.5),0.0 (cmd 0.4)
0.8406999999999999,2.71,-1.41,0.0,-5.77,0.37,0.0,-5.8,2.7,0.0 (cmd -1.4),0.0 (cmd 0.4)
0.8412000000000001,2.6,-1.37,0.0,-5.89,0.36,0.0,-5.9,2.6,0.0 (cmd -1.4),0.0 (cmd 0.4)
0.8417,2.59,-1.34,0.0,-6.04,0.35,0.0,-6.0,2.6,0.0 (cmd -1.3),0.0 (cmd 0.3)
0.8422000000000001,2.47,-1.34,0.0,-6.17,0.34,0.0,-6.2,2.5,0.0 (cmd -1.3),0.0 (cmd 0.3)
0.8426999999999999,2.46,-1.31,0.0,-6.36,0.34,0.0,-6.4,2.5,0.0 (cmd -1.3),0.0 (cmd 0.3)
0.8432,2.43,-1.32,0.0,-6.66,0.33,0.0,-6.7,2.4,0.0 (cmd -1.3),0.0 (cmd 0.3)
0.8437,2.42,-1.33,0.0,-7.09,0.32,0.0,-7.1,2.4,0.0 (cmd -1.3),0.0 (cmd 0.3)
0.8442000000000001,2.33,-1.35,0.0,-7.43,0.32,0.0,-7.4,2.3,0.0 (cmd -1.4),0.0 (cmd 0.3)
0.8447,2.24,-1.36,0.0,-7.68,0.32,0.0,-7.7,2.2,0.0 (cmd -1.4),0.0 (cmd 0.3)
0.8452,2.19,-1.35,0.0,-7.7,0.34,0.0,-7.7,2.2,0.0 (cmd -1.4),0.0 (cmd 0.3)
0.8458,2.09,-1.33,0.0,-7.68,0.36,0.0,-7.7,2.1,0.0 (cmd -1.3),0.0 (cmd 0.4)
0.8462999999999999,2.11,-1.33,0.0,-7.63,0.37,0.0,-7.6,2.1,0.0 (cmd -1.3),0.0 (cmd 0.4)
0.8468000000000001,2.33,-1.34,0.0,-7.59,0.38,0.0,-7.6,2.3,0.0 (cmd -1.3),0.0 (cmd 0.4)
0.8473,2.68,-1.42,0.0,-7.51,0.37,0.0,-7.5,2.7,0.0 (cmd -1.4),0.0 (cmd 0.4)
0.8478,2.81,-1.46,0.0,-7.46,0.37,0.0,-7.5,2.8,0.0 (cmd -1.5),0.0 (cmd 0.4)
0.8482999999999999,2.85,-1.48,0.0,-7.44,0.37,0.0,-7.4,2.9,0.0 (cmd -1.5),0.0 (cmd 0.4)
0.8488,2.91,-1.47,0.0,-7.4,0.37,0.0,-7.4,2.9,0.0 (cmd -1.5),0.0 (cmd 0.4)
0.8493,2.88,-1.45,0.0,-7.31,0.38,0.0,-7.3,2.9,0.0 (cmd -1.4),0.0 (cmd 0.4)
0.8498000000000001,2.86,-1.42,0.0,-7.09,0.39,0.0,-7.1,2.9,0.0 (cmd -1.4),0.0 (cmd 0.4)
0.8503,2.81,-1.38,0.0,-6.94,0.4,0.0,-6.9,2.8,0.0 (cmd -1.4),0.0 (cmd 0.4)
0.8508,2.77,-1.35,0.0,-6.78,0.41,0.0,-6.8,2.8,0.0 (cmd -1.4),0.0 (cmd 0.4)
0.8513,2.74,-1.34,0.0,-6.75,0.4,0.0,-6.8,2.7,0.0 (cmd -1.3),0.0 (cmd 0.4)
0.8518000000000001,2.72,-1.31,0.0,-6.49,0.41,0.0,-6.5,2.7,0.0 (cmd -1.3),0.0 (cmd 0.4)
0.8523000000000001,2.72,-1.3,0.0,-6.48,0.4,0.0,-6.5,2.7,0.0 (cmd -1.3),0.0 (cmd 0.4)
0.8528,2.75,-1.31,0.0,-6.53,0.39,0.0,-6.5,2.8,0.0 (cmd -1.3),0.0 (cmd 0.4)
0.8533,2.8,-1.33,0.0,-6.75,0.38,0.0,-6.8,2.8,0.0 (cmd -1.3),0.0 (cmd 0.4)
0.8538,2.82,-1.36,0.0,-6.88,0.36,0.0,-6.9,2.8,0.0 (cmd -1.4),0.0 (cmd 0.4)
0.8543000000000001,2.88,-1.37,0.0,-6.95,0.36,0.0,-7.0,2.9,0.0 (cmd -1.4),0.0 (cmd 0.4)
0.8548000000000001,2.95,-1.39,0.0,-7.07,0.35,0.0,-7.1,3.0,0.0 (cmd -1.4),0.0 (cmd 0.3)
0.8553,2.96,-1.4,0.0,-7.17,0.35,0.0,-7.2,3.0,0.0 (cmd -1.4),0.0 (cmd 0.3)
0.8558,2.98,-1.41,0.0,-7.27,0.35,0.0,-7.3,3.0,0.0 (cmd -1.4),0.0 (cmd 0.3)
0.8563,3.03,-1.41,0.0,-7.39,0.36,0.0,-7.4,3.0,0.0 (cmd -1.4),0.0 (cmd 0.4)
0.8568000000000001,3.07,-1.43,0.0,-7.45,0.36,0.0,-7.5,3.1,0.0 (cmd -1.4),0.0 (cmd 0.4)
0.8573000000000001,3.08,-1.43,0.0,-7.45,0.36,0.0,-7.5,3.1,0.0 (cmd -1.4),0.0 (cmd 0.4)
0.8578,3.1,-1.42,0.0,-7.41,0.37,0.0,-7.4,3.1,0.0 (cmd -1.4),0.0 (cmd 0.4)
0.8583,3.08,-1.4,0.0,-7.23,0.38,0.0,-7.2,3.1,0.0 (cmd -1.4),0.0 (cmd 0.4)
0.8588,3.04,-1.39,0.0,-7.17,0.39,0.0,-7.2,3.0,0.0 (cmd -1.4),0.0 (cmd 0.4)
0.8593000000000001,2.99,-1.37,0.0,-7.15,0.39,0.0,-7.2,3.0,0.0 (cmd -1.4),0.0 (cmd 0.4)
0.8598000000000001,2.96,-1.36,0.0,-7.12,0.4,0.0,-7.1,3.0,0.0 (cmd -1.4),0.0 (cmd 0.4)
0.8603,2.93,-1.35,0.0,-7.08,0.4,0.0,-7.1,2.9,0.0 (cmd -1.4),0.0 (cmd 0.4)
0.8608,2.94,-1.35,0.0,-7.07,0.4,0.0,-7.1,2.9,0.0 (cmd -1.4),0.0 (cmd 0.4)
0.8613,3.02,-1.36,0.0,-7.07,0.39,0.0,-7.1,3.0,0.0 (cmd -1.4),0.0 (cmd 0.4)
0.8618000000000001,3.08,-1.38,0.0,-7.13,0.38,0.0,-7.1,3.1,0.0 (cmd -1.4),0.0 (cmd 0.4)
0.8623000000000001,3.09,-1.39,0.0,-7.18,0.38,0.0,-7.2,3.1,0.0 (cmd -1.4),0.0 (cmd 0.4)
0.8627999999999999,3.1,-1.39,0.0,-7.2,0.38,0.0,-7.2,3.1,0.0 (cmd -1.4),0.0 (cmd 0.4)
0.8633,3.14,-1.4,0.0,-7.24,0.38,0.0,-7.2,3.1,0.0 (cmd -1.4),0.0 (cmd 0.4)
0.8637999999999999,3.15,-1.4,0.0,-7.27,0.38,0.0,-7.3,3.1,0.0 (cmd -1.4),0.0 (cmd 0.4)
0.8643000000000001,3.18,-1.4,0.0,-7.29,0.38,0.0,-7.3,3.2,0.0 (cmd -1.4),0.0 (cmd 0.4)
0.8648,3.24,-1.42,0.0,-7.23,0.38,0.0,-7.2,3.2,0.0 (cmd -1.4),0.0 (cmd 0.4)
0.8653,3.28,-1.41,0.0,-7.17,0.38,0.0,-7.2,3.3,0.0 (cmd -1.4),0.0 (cmd 0.4)
0.8657999999999999,3.27,-1.41,0.0,-7.18,0.38,0.0,-7.2,3.3,0.0 (cmd -1.4),0.0 (cmd 0.4)
0.8663,3.25,-1.41,0.0,-7.35,0.38,0.0,-7.3,3.2,0.0 (cmd -1.4),0.0 (cmd 0.4)
0.8668,3.24,-1.41,0.0,-7.53,0.38,0.0,-7.5,3.2,0.0 (cmd -1.4),0.0 (cmd 0.4)
0.8673000000000001,3.23,-1.42,0.0,-7.63,0.38,0.0,-7.6,3.2,0.0 (cmd -1.4),0.0 (cmd 0.4)
0.8677999999999999,3.23,-1.42,0.0,-7.75,0.38,0.0,-7.8,3.2,0.0 (cmd -1.4),0.0 (cmd 0.4)
0.8683,3.22,-1.43,0.0,-7.81,0.38,0.0,-7.8,3.2,0.0 (cmd -1.4),0.0 (cmd 0.4)
0.8687999999999999,3.21,-1.42,0.0,-7.89,0.39,0.0,-7.9,3.2,0.0 (cmd -1.4),0.0 (cmd 0.4)
0.8693000000000001,3.2,-1.42,0.0,-7.96,0.39,0.0,-8.0,3.2,0.0 (cmd -1.4),0.0 (cmd 0.4)
0.8698,3.21,-1.43,0.0,-8.01,0.39,0.0,-8.0,3.2,0.0 (cmd -1.4),0.0 (cmd 0.4)
0.8703,3.27,-1.43,0.0,-8.02,0.4,0.0,-8.0,3.3,0.0 (cmd -1.4),0.0 (cmd 0.4)
0.8707999999999999,3.31,-1.45,0.0,-8.0,0.4,0.0,-8.0,3.3,0.0 (cmd -1.4),0.0 (cmd 0.4)
0.8713,3.3,-1.45,0.0,-7.97,0.41,0.0,-8.0,3.3,0.0 (cmd -1.4),0.0 (cmd 0.4)
0.8718,3.16,-1.43,0.0,-7.97,0.41,0.0,-8.0,3.2,0.0 (cmd -1.4),0.0 (cmd 0.4)
0.8723000000000001,3.09,-1.4,0.0,-7.98,0.42,0.0,-8.0,3.1,0.0 (cmd -1.4),0.0 (cmd 0.4)
0.8727999999999999,3.04,-1.4,0.0,-8.0,0.42,0.0,-8.0,3.0,0.0 (cmd -1.4),0.0 (cmd 0.4)
0.8733,2.67,-1.32,0.0,-8.0,0.44,0.0,-8.0,2.7,0.0 (cmd -1.3),0.0 (cmd 0.4)
0.8737999999999999,2.78,-1.31,0.0,-8.0,0.44,0.0,-8.0,2.8,0.0 (cmd -1.3),0.0 (cmd 0.4)
0.8743000000000001,2.85,-1.36,0.0,-8.07,0.43,0.0,-8.1,2.9,0.0 (cmd -1.4),0.0 (cmd 0.4)
0.8748,2.85,-1.39,0.0,-8.09,0.42,0.0,-8.1,2.9,0.0 (cmd -1.4),0.0 (cmd 0.4)
0.8753,2.84,-1.4,0.0,-8.2,0.42,0.0,-8.2,2.8,0.0 (cmd -1.4),0.0 (cmd 0.4)
0.8757999999999999,2.82,-1.41,0.0,-8.26,0.42,0.0,-8.3,2.8,0.0 (cmd -1.4),0.0 (cmd 0.4)
0.8763,2.78,-1.43,0.0,-8.6,0.41,0.0,-8.6,2.8,0.0 (cmd -1.4),0.0 (cmd 0.4)
0.8768,2.73,-1.42,0.0,-8.9,0.41,0.0,-8.9,2.7,0.0 (cmd -1.4),0.0 (cmd 0.4)
0.8773000000000001,2.67,-1.45,0.0,-9.12,0.41,0.0,-9.1,2.7,0.0 (cmd -1.4),0.0 (cmd 0.4)
0.8777999999999999,2.53,-1.45,0.0,-9.4,0.41,0.0,-9.4,2.5,0.0 (cmd -1.4),0.0 (cmd 0.4)
0.8783,2.38,-1.42,0.0,-9.53,0.43,0.0,-9.5,2.4,0.0 (cmd -1.4),0.0 (cmd 0.4)
0.8787999999999999,2.19,-1.4,0.0,-9.57,0.44,0.0,-9.6,2.2,0.0 (cmd -1.4),0.0 (cmd 0.4)
0.8793000000000001,2.08,-1.39,0.0,-9.57,0.45,0.0,-9.6,2.1,0.0 (cmd -1.4),0.0 (cmd 0.5)
0.8798,1.87,-1.36,0.0,-9.58,0.47,0.0,-9.6,1.9,0.0 (cmd -1.4),0.0 (cmd 0.5)
0.8803,1.79,-1.34,0.0,-9.6,0.48,0.0,-9.6,1.8,0.0 (cmd -1.3),0.0 (cmd 0.5)
0.8807999999999999,1.7,-1.36,0.0,-9.65,0.48,0.0,-9.7,1.7,0.0 (cmd -1.4),0.0 (cmd 0.5)
0.8813,1.53,-1.35,0.0,-9.68,0.48,0.0,-9.7,1.5,0.0 (cmd -1.4),0.0 (cmd 0.5)
0.8818,1.4,-1.35,0.0,-9.76,0.49,0.0,-9.8,1.4,0.0 (cmd -1.4),0.0 (cmd 0.5)
0.8823000000000001,1.21,-1.34,0.0,-9.79,0.49,0.0,-9.8,1.2,0.0 (cmd -1.3),0.0 (cmd 0.5)
0.8827999999999999,1.17,-1.32,0.0,-9.78,0.49,0.0,-9.8,1.2,0.0 (cmd -1.3),0.0 (cmd 0.5)
0.8833,0.96,-1.3,0.0,-9.77,0.5,0.0,-9.8,1.0,0.0 (cmd -1.3),0.0 (cmd 0.5)
0.8837999999999999,0.95,-1.33,0.0,-9.98,0.49,0.0,-10.0,0.9,0.0 (cmd -1.3),0.0 (cmd 0.5)
0.8843000000000001,0.82,-1.36,0.0,-9.98,0.49,0.0,-10.0,0.8,0.0 (cmd -1.4),0.0 (cmd 0.5)
0.8848,0.74,-1.34,0.0,-10.47,0.49,0.0,-10.5,0.7,0.0 (cmd -1.3),0.0 (cmd 0.5)
0.8853,0.48,-1.34,0.0,-10.79,0.48,0.0,-10.8,0.5,0.0 (cmd -1.3),0.0 (cmd 0.5)
0.8857999999999999,-0.09,-1.29,0.0,-11.02,0.49,0.0,-11.0,-0.1,0.0 (cmd -1.3),0.0 (cmd 0.5)
0.8863,-0.32,-1.29,0.0,-11.58,0.49,0.0,-11.6,-0.3,0.0 (cmd -1.3),0.0 (cmd 0.5)
0.8868,-0.45,-1.28,0.0,-12.24,0.5,0.0,-12.2,-0.5,0.0 (cmd -1.3),0.0 (cmd 0.5)
0.8873000000000001,-0.39,-1.36,0.0,-12.55,0.49,0.0,-12.6,-0.4,0.0 (cmd -1.4),0.0 (cmd 0.5)
0.8877999999999999,-0.23,-1.45,0.0,-12.26,0.49,0.0,-12.3,-0.2,0.0 (cmd -1.4),0.0 (cmd 0.5)
0.8883,-0.19,-1.43,0.0,-10.5,0.54,0.0,-10.5,-0.2,0.0 (cmd -1.4),0.0 (cmd 0.5)
0.8887999999999999,-0.33,-1.33,0.0,-8.67,0.6,0.0,-8.7,-0.3,0.0 (cmd -1.3),0.0 (cmd 0.6)
0.8893000000000001,-0.4,-1.11,0.0,-6.04,0.67,0.0,-6.0,-0.4,0.0 (cmd -1.1),0.0 (cmd 0.7)
0.8898,-0.48,-0.92,0.0,-3.94,0.71,0.0,-3.9,-0.5,0.0 (cmd -0.9),0.0 (cmd 0.7)
0.8903,-0.51,-0.79,0.0,-0.78,0.7,0.0,-0.8,-0.5,0.0 (cmd -0.8),0.0 (cmd 0.7)
0.8907999999999999,-0.54,-0.63,0.0,1.49,0.71,0.0,1.5,-0.5,0.0 (cmd -0.6),0.0 (cmd 0.7)
0.8913,-0.69,-0.5,0.0,3.46,0.69,0.0,3.5,-0.7,0.0 (cmd -0.5),0.0 (cmd 0.7)
0.8918,-1.47,-0.23,0.0,4.8,0.69,0.0,4.8,-1.5,0.0 (cmd -0.2),0.0 (cmd 0.7)
0.8923000000000001,-2.35,0.0,0.0,6.01,0.64,0.0,6.0,-2.4,0.0 (cmd 0.0),0.0 (cmd 0.6)
0.8927999999999999,-2.82,0.09,0.0,6.66,0.56,0.0,6.7,-2.8,0.0 (cmd 0.1),0.0 (cmd 0.6)
0.8933,-3.85,0.04,0.0,7.8,0.49,0.0,7.8,-3.9,0.0 (cmd 0.0),0.0 (cmd 0.5)
0.8937999999999999,-4.15,0.34,0.0,8.39,0.5,0.0,8.4,-4.2,0.0 (cmd 0.3),0.0 (cmd 0.5)
0.8943000000000001,-7.07,0.57,0.0,8.85,0.5,0.0,8.8,-7.1,0.0 (cmd 0.6),0.0 (cmd 0.5)
0.8948,-8.92,1.03,0.0,8.89,0.54,0.0,8.9,-8.9,0.0 (cmd 1.0),0.0 (cmd 0.5)
0.8953,-10.35,1.02,0.0,8.35,0.51,0.0,8.3,-10.3,0.0 (cmd 1.0),0.0 (cmd 0.5)
0.8957999999999999,-11.42,1.09,0.0,7.89,0.48,0.0,7.9,-11.4,0.0 (cmd 1.1),0.0 (cmd 0.5)
0.8963,-12.12,0.96,0.0,7.65,0.45,0.0,7.7,-12.1,0.0 (cmd 1.0),0.0 (cmd 0.5)
0.8968,-12.84,0.63,0.0,7.17,0.38,0.0,7.2,-12.8,0.0 (cmd 0.6),0.0 (cmd 0.4)
0.8973000000000001,-13.13,0.52,0.0,6.97,0.37,0.0,7.0,-13.1,0.0 (cmd 0.5),0.0 (cmd 0.4)
0.8977999999999999,-12.22,0.28,0.0,6.8,0.35,0.0,6.8,-12.2,0.0 (cmd 0.3),0.0 (cmd 0.3)
0.8983,-11.78,-0.23,0.0,6.77,0.3,0.0,6.8,-11.8,0.0 (cmd -0.2),0.0 (cmd 0.3)
0.8987999999999999,-11.76,-0.34,0.0,7.46,0.3,0.0,7.5,-11.8,0.0 (cmd -0.3),0.0 (cmd 0.3)
0.8993000000000001,-11.69,-0.38,0.0,7.57,0.33,0.0,7.6,-11.7,0.0 (cmd -0.4),0.0 (cmd 0.3)
0.8998,-11.08,-0.52,0.0,7.62,0.33,0.0,7.6,-11.1,0.0 (cmd -0.5),0.0 (cmd 0.3)
0.9003,-10.13,-0.96,0.0,7.72,0.3,0.0,7.7,-10.1,0.0 (cmd -1.0),0.0 (cmd 0.3)
0.9007999999999999,-10.25,-0.82,0.0,7.9,0.32,0.0,7.9,-10.2,0.0 (cmd -0.8),0.0 (cmd 0.3)
0.9013,-10.47,-0.69,0.0,8.1,0.33,0.0,8.1,-10.5,0.0 (cmd -0.7),0.0 (cmd 0.3)
0.9018,-10.76,-0.62,0.0,8.33,0.35,0.0,8.3,-10.8,0.0 (cmd -0.6),0.0 (cmd 0.3)
0.9023000000000001,-11.14,-0.5,0.0,8.41,0.36,0.0,8.4,-11.1,0.0 (cmd -0.5),0.0 (cmd 0.4)
0.9027999999999999,-11.25,-0.44,0.0,8.46,0.37,0.0,8.5,-11.2,0.0 (cmd -0.4),0.0 (cmd 0.4)
0.9033,-11.34,-0.44,0.0,8.53,0.38,0.0,8.5,-11.3,0.0 (cmd -0.4),0.0 (cmd 0.4)
0.9037999999999999,-11.4,-0.46,0.0,8.64,0.39,0.0,8.6,-11.4,0.0 (cmd -0.5),0.0 (cmd 0.4)
0.9043000000000001,-11.47,-0.46,0.0,8.64,0.39,0.0,8.6,-11.5,0.0 (cmd -0.5),0.0 (cmd 0.4)
0.9048,-11.56,-0.47,0.0,8.59,0.39,0.0,8.6,-11.6,0.0 (cmd -0.5),0.0 (cmd 0.4)
0.9053,-11.54,-0.49,0.0,8.51,0.39,0.0,8.5,-11.5,0.0 (cmd -0.5),0.0 (cmd 0.4)
0.9057999999999999,-11.47,-0.53,0.0,8.33,0.39,0.0,8.3,-11.5,0.0 (cmd -0.5),0.0 (cmd 0.4)
0.9063,-11.3,-0.57,0.0,8.17,0.38,0.0,8.2,-11.3,0.0 (cmd -0.6),0.0 (cmd 0.4)
0.9068,-11.15,-0.64,0.0,7.95,0.37,0.0,8.0,-11.2,0.0 (cmd -0.6),0.0 (cmd 0.4)
0.9073000000000001,-11.03,-0.68,0.0,7.64,0.34,0.0,7.6,-11.0,0.0 (cmd -0.7),0.0 (cmd 0.3)
0.9077999999999999,-10.83,-0.71,0.0,7.56,0.33,0.0,7.6,-10.8,0.0 (cmd -0.7),0.0 (cmd 0.3)
0.9083,-8.81,-0.8,0.0,8.08,0.33,0.0,8.1,-8.8,0.0 (cmd -0.8),0.0 (cmd 0.3)
0.9087999999999999,-7.51,-1.3,0.0,8.65,0.31,0.0,8.7,-7.5,0.0 (cmd -1.3),0.0 (cmd 0.3)
0.9093000000000001,-6.91,-1.32,0.0,8.78,0.32,0.0,8.8,-6.9,0.0 (cmd -1.3),0.0 (cmd 0.3)
0.9098,-6.4,-1.41,0.0,8.58,0.31,0.0,8.6,-6.4,0.0 (cmd -1.4),0.0 (cmd 0.3)
0.9103,-6.18,-1.31,0.0,7.87,0.28,0.0,7.9,-6.2,0.0 (cmd -1.3),0.0 (cmd 0.3)
0.9107999999999999,-5.99,-1.19,0.0,7.41,0.26,0.0,7.4,-6.0,0.0 (cmd -1.2),0.0 (cmd 0.3)
0.9113,-6.01,-1.12,0.0,7.23,0.24,0.0,7.2,-6.0,0.0 (cmd -1.1),0.0 (cmd 0.2)
0.9118,-6.64,-0.87,0.0,7.07,0.24,0.0,7.1,-6.6,0.0 (cmd -0.9),0.0 (cmd 0.2)
0.9123000000000001,-7.34,-0.74,0.0,7.0,0.23,0.0,7.0,-7.3,0.0 (cmd -0.7),0.0 (cmd 0.2)
0.9128,-8.36,-0.51,0.0,7.11,0.24,0.0,7.1,-8.4,0.0 (cmd -0.5),0.0 (cmd 0.2)
0.9133,-9.03,-0.2,0.0,7.25,0.27,0.0,7.2,-9.0,0.0 (cmd -0.2),0.0 (cmd 0.3)
0.9138,-9.88,-0.02,0.0,7.31,0.29,0.0,7.3,-9.9,0.0 (cmd -0.0),0.0 (cmd 0.3)
0.9143000000000001,-10.22,-0.06,0.0,7.33,0.3,0.0,7.3,-10.2,0.0 (cmd -0.1),0.0 (cmd 0.3)
0.9148000000000001,-10.26,-0.11,0.0,7.38,0.31,0.0,7.4,-10.3,0.0 (cmd -0.1),0.0 (cmd 0.3)
0.9153,-10.16,-0.22,0.0,7.44,0.31,0.0,7.4,-10.2,0.0 (cmd -0.2),0.0 (cmd 0.3)
0.9158,-10.03,-0.33,0.0,7.56,0.31,0.0,7.6,-10.0,0.0 (cmd -0.3),0.0 (cmd 0.3)
0.9163,-9.98,-0.4,0.0,7.71,0.31,0.0,7.7,-10.0,0.0 (cmd -0.4),0.0 (cmd 0.3)
0.9168000000000001,-9.95,-0.46,0.0,7.74,0.32,0.0,7.7,-9.9,0.0 (cmd -0.5),0.0 (cmd 0.3)
0.9173000000000001,-9.94,-0.49,0.0,7.76,0.32,0.0,7.8,-9.9,0.0 (cmd -0.5),0.0 (cmd 0.3)
0.9178,-9.89,-0.52,0.0,7.75,0.32,0.0,7.8,-9.9,0.0 (cmd -0.5),0.0 (cmd 0.3)
0.9183,-9.89,-0.54,0.0,7.78,0.32,0.0,7.8,-9.9,0.0 (cmd -0.5),0.0 (cmd 0.3)
0.9188,-9.89,-0.55,0.0,7.77,0.32,0.0,7.8,-9.9,0.0 (cmd -0.6),0.0 (cmd 0.3)
0.9193000000000001,-9.86,-0.57,0.0,7.75,0.32,0.0,7.8,-9.9,0.0 (cmd -0.6),0.0 (cmd 0.3)
0.9198000000000001,-9.93,-0.57,0.0,7.75,0.32,0.0,7.8,-9.9,0.0 (cmd -0.6),0.0 (cmd 0.3)
0.9203,-10.16,-0.55,0.0,7.73,0.32,0.0,7.7,-10.2,0.0 (cmd -0.6),0.0 (cmd 0.3)
0.9208,-10.33,-0.49,0.0,7.71,0.32,0.0,7.7,-10.3,0.0 (cmd -0.5),0.0 (cmd 0.3)
0.9213,-10.45,-0.48,0.0,7.69,0.33,0.0,7.7,-10.4,0.0 (cmd -0.5),0.0 (cmd 0.3)
0.9218000000000001,-10.52,-0.48,0.0,7.64,0.33,0.0,7.6,-10.5,0.0 (cmd -0.5),0.0 (cmd 0.3)
0.9223000000000001,-10.57,-0.49,0.0,7.59,0.32,0.0,7.6,-10.6,0.0 (cmd -0.5),0.0 (cmd 0.3)
0.9228,-10.74,-0.48,0.0,7.55,0.32,0.0,7.5,-10.7,0.0 (cmd -0.5),0.0 (cmd 0.3)
0.9233,-10.63,-0.49,0.0,7.5,0.32,0.0,7.5,-10.6,0.0 (cmd -0.5),0.0 (cmd 0.3)
0.9238,-10.48,-0.58,0.0,7.44,0.32,0.0,7.4,-10.5,0.0 (cmd -0.6),0.0 (cmd 0.3)
0.9243000000000001,-10.22,-0.66,0.0,7.4,0.31,0.0,7.4,-10.2,0.0 (cmd -0.7),0.0 (cmd 0.3)
0.9248000000000001,-10.18,-0.65,0.0,7.35,0.3,0.0,7.3,-10.2,0.0 (cmd -0.7),0.0 (cmd 0.3)
0.9252999999999999,-10.18,-0.65,0.0,7.28,0.3,0.0,7.3,-10.2,0.0 (cmd -0.7),0.0 (cmd 0.3)
0.9258,-10.15,-0.64,0.0,7.24,0.3,0.0,7.2,-10.2,0.0 (cmd -0.6),0.0 (cmd 0.3)
0.9262999999999999,-9.99,-0.66,0.0,7.21,0.29,0.0,7.2,-10.0,0.0 (cmd -0.7),0.0 (cmd 0.3)
0.9268000000000001,-9.78,-0.67,0.0,7.18,0.29,0.0,7.2,-9.8,0.0 (cmd -0.7),0.0 (cmd 0.3)
0.9273,-9.74,-0.7,0.0,7.13,0.29,0.0,7.1,-9.7,0.0 (cmd -0.7),0.0 (cmd 0.3)
0.9278,-9.7,-0.7,0.0,7.06,0.28,0.0,7.1,-9.7,0.0 (cmd -0.7),0.0 (cmd 0.3)
0.9282999999999999,-9.69,-0.68,0.0,7.0,0.28,0.0,7.0,-9.7,0.0 (cmd -0.7),0.0 (cmd 0.3)
0.9288,-9.64,-0.67,0.0,6.89,0.27,0.0,6.9,-9.6,0.0 (cmd -0.7),0.0 (cmd 0.3)
0.9293,-9.48,-0.68,0.0,6.78,0.27,0.0,6.8,-9.5,0.0 (cmd -0.7),0.0 (cmd 0.3)
0.9298000000000001,-9.49,-0.7,0.0,6.67,0.26,0.0,6.7,-9.5,0.0 (cmd -0.7),0.0 (cmd 0.3)
0.9302999999999999,-9.7,-0.64,0.0,6.5,0.25,0.0,6.5,-9.7,0.0 (cmd -0.6),0.0 (cmd 0.2)
0.9308,-9.8,-0.59,0.0,6.28,0.25,0.0,6.3,-9.8,0.0 (cmd -0.6),0.0 (cmd 0.2)
0.9312999999999999,-9.82,-0.59,0.0,6.02,0.23,0.0,6.0,-9.8,0.0 (cmd -0.6),0.0 (cmd 0.2)
0.9318000000000001,-9.84,-0.6,0.0,5.88,0.22,0.0,5.9,-9.8,0.0 (cmd -0.6),0.0 (cmd 0.2)
0.9323,-9.85,-0.6,0.0,5.77,0.21,0.0,5.8,-9.8,0.0 (cmd -0.6),0.0 (cmd 0.2)
0.9328,-9.69,-0.64,0.0,5.69,0.21,0.0,5.7,-9.7,0.0 (cmd -0.6),0.0 (cmd 0.2)
0.9332999999999999,-9.62,-0.65,0.0,5.62,0.2,0.0,5.6,-9.6,0.0 (cmd -0.7),0.0 (cmd 0.2)
0.9338,-9.63,-0.65,0.0,5.56,0.2,0.0,5.6,-9.6,0.0 (cmd -0.7),0.0 (cmd 0.2)
0.9343,-9.66,-0.64,0.0,5.56,0.2,0.0,5.6,-9.7,0.0 (cmd -0.6),0.0 (cmd 0.2)
0.9348000000000001,-9.67,-0.62,0.0,5.55,0.2,0.0,5.5,-9.7,0.0 (cmd -0.6),0.0 (cmd 0.2)
0.9352999999999999,-9.69,-0.61,0.0,5.53,0.2,0.0,5.5,-9.7,0.0 (cmd -0.6),0.0 (cmd 0.2)
0.9358,-9.57,-0.62,0.0,5.64,0.2,0.0,5.6,-9.6,0.0 (cmd -0.6),0.0 (cmd 0.2)
0.9362999999999999,-9.43,-0.64,0.0,5.82,0.2,0.0,5.8,-9.4,0.0 (cmd -0.6),0.0 (cmd 0.2)
0.9368000000000001,-9.35,-0.66,0.0,5.84,0.2,0.0,5.8,-9.3,0.0 (cmd -0.7),0.0 (cmd 0.2)
0.9373,-9.39,-0.66,0.0,5.69,0.2,0.0,5.7,-9.4,0.0 (cmd -0.7),0.0 (cmd 0.2)
0.9378,-9.45,-0.62,0.0,5.57,0.2,0.0,5.6,-9.4,0.0 (cmd -0.6),0.0 (cmd 0.2)
0.9382999999999999,-9.74,-0.61,0.0,5.58,0.19,0.0,5.6,-9.7,0.0 (cmd -0.6),0.0 (cmd 0.2)
0.9388,-9.66,-0.54,0.0,5.69,0.21,0.0,5.7,-9.7,0.0 (cmd -0.5),0.0 (cmd 0.2)
0.9393,-9.54,-0.58,0.0,5.77,0.21,0.0,5.8,-9.5,0.0 (cmd -0.6),0.0 (cmd 0.2)
0.9398000000000001,-9.38,-0.64,0.0,5.68,0.2,0.0,5.7,-9.4,0.0 (cmd -0.6),0.0 (cmd 0.2)
0.9402999999999999,-9.38,-0.65,0.0,5.65,0.2,0.0,5.7,-9.4,0.0 (cmd -0.7),0.0 (cmd 0.2)
0.9408,-9.49,-0.63,0.0,5.7,0.2,0.0,5.7,-9.5,0.0 (cmd -0.6),0.0 (cmd 0.2)
0.9412999999999999,-9.53,-0.6,0.0,5.74,0.2,0.0,5.7,-9.5,0.0 (cmd -0.6),0.0 (cmd 0.2)
0.9418000000000001,-9.71,-0.53,0.0,5.86,0.21,0.0,5.9,-9.7,0.0 (cmd -0.5),0.0 (cmd 0.2)
0.9423,-9.64,-0.54,0.0,5.98,0.22,0.0,6.0,-9.6,0.0 (cmd -0.5),0.0 (cmd 0.2)
0.9428,-9.49,-0.57,0.0,6.18,0.22,0.0,6.2,-9.5,0.0 (cmd -0.6),0.0 (cmd 0.2)
0.9432999999999999,-9.47,-0.61,0.0,6.22,0.22,0.0,6.2,-9.5,0.0 (cmd -0.6),0.0 (cmd 0.2)
0.9438,-9.49,-0.6,0.0,6.23,0.22,0.0,6.2,-9.5,0.0 (cmd -0.6),0.0 (cmd 0.2)
0.9443,-9.58,-0.59,0.0,6.32,0.23,0.0,6.3,-9.6,0.0 (cmd -0.6),0.0 (cmd 0.2)
0.9448000000000001,-9.66,-0.56,0.0,6.46,0.23,0.0,6.5,-9.7,0.0 (cmd -0.6),0.0 (cmd 0.2)
0.9452999999999999,-9.76,-0.53,0.0,6.57,0.24,0.0,6.6,-9.8,0.0 (cmd -0.5),0.0 (cmd 0.2)
0.9458,-9.72,-0.53,0.0,6.72,0.25,0.0,6.7,-9.7,0.0 (cmd -0.5),0.0 (cmd 0.2)
0.9462999999999999,-9.16,-0.6,0.0,6.82,0.25,0.0,6.8,-9.2,0.0 (cmd -0.6),0.0 (cmd 0.2)
0.9468000000000001,-8.89,-0.74,0.0,6.94,0.25,0.0,6.9,-8.9,0.0 (cmd -0.7),0.0 (cmd 0.2)
0.9473,-8.69,-0.76,0.0,6.99,0.25,0.0,7.0,-8.7,0.0 (cmd -0.8),0.0 (cmd 0.2)
0.9478,-8.65,-0.75,0.0,7.18,0.25,0.0,7.2,-8.7,0.0 (cmd -0.8),0.0 (cmd 0.2)
0.9482999999999999,-8.56,-0.72,0.0,7.27,0.26,0.0,7.3,-8.6,0.0 (cmd -0.7),0.0 (cmd 0.3)
0.9488,-8.46,-0.73,0.0,7.25,0.26,0.0,7.2,-8.5,0.0 (cmd -0.7),0.0 (cmd 0.3)
0.9493,-8.39,-0.71,0.0,7.25,0.26,0.0,7.2,-8.4,0.0 (cmd -0.7),0.0 (cmd 0.3)
0.9498000000000001,-8.35,-0.7,0.0,7.29,0.26,0.0,7.3,-8.3,0.0 (cmd -0.7),0.0 (cmd 0.3)
0.9502999999999999,-8.25,-0.71,0.0,7.29,0.26,0.0,7.3,-8.2,0.0 (cmd -0.7),0.0 (cmd 0.3)
0.9508,-8.17,-0.7,0.0,7.29,0.26,0.0,7.3,-8.2,0.0 (cmd -0.7),0.0 (cmd 0.3)
0.9512999999999999,-8.15,-0.69,0.0,7.24,0.26,0.0,7.2,-8.2,0.0 (cmd -0.7),0.0 (cmd 0.3)
0.9518000000000001,-8.26,-0.65,0.0,7.24,0.26,0.0,7.2,-8.3,0.0 (cmd -0.7),0.0 (cmd 0.3)
0.9523,-8.41,-0.6,0.0,7.24,0.26,0.0,7.2,-8.4,0.0 (cmd -0.6),0.0 (cmd 0.3)
0.9528,-8.91,-0.51,0.0,7.24,0.27,0.0,7.2,-8.9,0.0 (cmd -0.5),0.0 (cmd 0.3)
0.9532999999999999,-9.49,-0.44,0.0,7.23,0.27,0.0,7.2,-9.5,0.0 (cmd -0.4),0.0 (cmd 0.3)
0.9538,-9.93,-0.35,0.0,7.23,0.28,0.0,7.2,-9.9,0.0 (cmd -0.3),0.0 (cmd 0.3)
0.9543,-10.56,-0.19,0.0,7.17,0.3,0.0,7.2,-10.6,0.0 (cmd -0.2),0.0 (cmd 0.3)
0.9548000000000001,-11.5,-0.13,0.0,7.12,0.31,0.0,7.1,-11.5,0.0 (cmd -0.1),0.0 (cmd 0.3)
0.9552999999999999,-11.9,0.0,0.0,7.12,0.32,0.0,7.1,-11.9,0.0 (cmd 0.0),0.0 (cmd 0.3)
0.9558,-12.11,-0.03,0.0,7.05,0.33,0.0,7.0,-12.1,0.0 (cmd -0.0),0.0 (cmd 0.3)
0.9562999999999999,-12.23,-0.15,0.0,7.03,0.32,0.0,7.0,-12.2,0.0 (cmd -0.1),0.0 (cmd 0.3)
0.9568000000000001,-12.21,-0.23,0.0,7.13,0.32,0.0,7.1,-12.2,0.0 (cmd -0.2),0.0 (cmd 0.3)
0.9573,-12.17,-0.31,0.0,7.3,0.33,0.0,7.3,-12.2,0.0 (cmd -0.3),0.0 (cmd 0.3)
0.9578,-12.12,-0.38,0.0,7.46,0.34,0.0,7.5,-12.1,0.0 (cmd -0.4),0.0 (cmd 0.3)
0.9582999999999999,-12.05,-0.43,0.0,7.46,0.34,0.0,7.5,-12.1,0.0 (cmd -0.4),0.0 (cmd 0.3)
0.9588,-11.82,-0.52,0.0,7.32,0.33,0.0,7.3,-11.8,0.0 (cmd -0.5),0.0 (cmd 0.3)
0.9593,-11.65,-0.64,0.0,7.14,0.32,0.0,7.1,-11.7,0.0 (cmd -0.6),0.0 (cmd 0.3)
0.9598000000000001,-11.6,-0.62,0.0,7.07,0.31,0.0,7.1,-11.6,0.0 (cmd -0.6),0.0 (cmd 0.3)
0.9602999999999999,-11.38,-0.64,0.0,6.9,0.31,0.0,6.9,-11.4,0.0 (cmd -0.6),0.0 (cmd 0.3)
0.9608,-11.01,-0.76,0.0,6.8,0.29,0.0,6.8,-11.0,0.0 (cmd -0.8),0.0 (cmd 0.3)
0.9612999999999999,-9.56,-0.83,0.0,6.44,0.27,0.0,6.4,-9.6,0.0 (cmd -0.8),0.0 (cmd 0.3)
0.9618000000000001,-7.7,-1.33,0.0,4.91,0.2,0.0,4.9,-7.7,0.0 (cmd -1.3),0.0 (cmd 0.2)
0.9623,-6.82,-1.73,0.0,0.66,0.09,0.0,0.7,-6.8,0.0 (cmd -1.7),0.0 (cmd 0.1)
0.9628,-5.03,-1.99,0.0,-3.77,-0.2,0.0,-3.8,-5.0,0.0 (cmd -2.0),0.0 (cmd -0.2)
0.9632999999999999,-3.98,-2.09,0.0,-7.13,-0.55,0.0,-7.1,-4.0,0.0 (cmd -2.1),0.0 (cmd -0.6)
0.9638,-3.62,-2.12,0.0,-10.66,-0.87,0.0,-10.7,-3.6,0.0 (cmd -2.1),0.0 (cmd -0.9)
0.9643,-2.71,-2.14,0.0,-11.3,-0.63,0.0,-11.3,-2.7,0.0 (cmd -2.1),0.0 (cmd -0.6)
0.9648000000000001,-1.99,-2.33,0.0,-11.28,-0.44,0.0,-11.3,-2.0,0.0 (cmd -2.3),0.0 (cmd -0.4)
0.9652999999999999,-1.59,-2.17,0.0,-10.26,-0.2,0.0,-10.3,-1.6,0.0 (cmd -2.2),0.0 (cmd -0.2)
0.9658,-1.53,-2.04,0.0,-9.53,-0.02,0.0,-9.5,-1.5,0.0 (cmd -2.0),0.0 (cmd -0.0)
0.9662999999999999,-1.38,-1.89,0.0,-10.0,0.09,0.0,-10.0,-1.4,0.0 (cmd -1.9),0.0 (cmd 0.1)
0.9668000000000001,-1.31,-1.85,0.0,-11.04,0.12,0.0,-11.0,-1.3,0.0 (cmd -1.9),0.0 (cmd 0.1)
0.9673,-1.3,-1.8,0.0,-13.03,0.18,0.0,-13.0,-1.3,0.0 (cmd -1.8),0.0 (cmd 0.2)
0.9678,-1.3,-1.86,0.0,-13.69,0.16,0.0,-13.7,-1.3,0.0 (cmd -1.9),0.0 (cmd 0.2)
0.9682999999999999,-1.24,-1.89,0.0,-14.76,0.19,0.0,-14.8,-1.2,0.0 (cmd -1.9),0.0 (cmd 0.2)
0.9688,-0.5,-1.81,0.0,-13.76,0.32,0.0,-13.8,-0.5,0.0 (cmd -1.8),0.0 (cmd 0.3)
0.9693,1.35,-2.11,0.0,-12.82,0.34,0.0,-12.8,1.4,0.0 (cmd -2.1),0.0 (cmd 0.3)
0.9698000000000001,2.89,-2.43,0.0,-11.75,0.34,0.0,-11.8,2.9,0.0 (cmd -2.4),0.0 (cmd 0.3)
0.9702999999999999,3.69,-2.38,0.0,-10.26,0.41,0.0,-10.3,3.7,0.0 (cmd -2.4),0.0 (cmd 0.4)
0.9708,4.42,-2.31,0.0,-8.83,0.47,0.0,-8.8,4.4,0.0 (cmd -2.3),0.0 (cmd 0.5)
0.9712999999999999,4.6,-2.18,0.0,-8.01,0.47,0.0,-8.0,4.6,0.0 (cmd -2.2),0.0 (cmd 0.5)
0.9718000000000001,4.58,-1.99,0.0,-6.47,0.51,0.0,-6.5,4.6,0.0 (cmd -2.0),0.0 (cmd 0.5)
0.9723,3.39,-1.64,0.0,-4.27,0.59,0.0,-4.3,3.4,0.0 (cmd -1.6),0.0 (cmd 0.6)
0.9728,-0.89,-0.68,0.0,-2.32,0.75,0.0,-2.3,-0.9,0.0 (cmd -0.7),0.0 (cmd 0.8)
0.9732999999999999,-5.3,1.04,0.0,0.27,1.03,0.0,0.3,-5.3,0.0 (cmd 1.0),0.0 (cmd 1.0)
0.9738,-16.49,1.94,0.0,1.93,1.09,0.0,1.9,-16.5,0.0 (cmd 1.9),0.0 (cmd 1.1)
0.9743,-17.99,4.44,0.0,2.66,1.34,0.0,2.7,-18.0,0.0 (cmd 4.4),0.0 (cmd 1.3)
0.9748000000000001,-19.33,3.68,0.0,3.13,1.09,0.0,3.1,-19.3,0.0 (cmd 3.7),0.0 (cmd 1.1)
0.9753,-20.91,3.12,0.0,3.49,0.93,0.0,3.5,-20.9,0.0 (cmd 3.1),0.0 (cmd 0.9)
0.9758,-22.85,2.92,0.0,4.97,0.89,0.0,5.0,-22.9,0.0 (cmd 2.9),0.0 (cmd 0.9)
0.9763,-22.33,2.39,0.0,5.84,0.8,0.0,5.8,-22.3,0.0 (cmd 2.4),0.0 (cmd 0.8)
0.9768000000000001,-20.8,1.43,0.0,6.32,0.67,0.0,6.3,-20.8,0.0 (cmd 1.4),0.0 (cmd 0.7)
0.9773000000000001,-19.65,0.44,0.0,6.56,0.53,0.0,6.6,-19.6,0.0 (cmd 0.4),0.0 (cmd 0.5)
0.9778,-17.35,-0.26,0.0,6.88,0.44,0.0,6.9,-17.4,0.0 (cmd -0.3),0.0 (cmd 0.4)
0.9783,-15.87,-0.87,0.0,7.11,0.37,0.0,7.1,-15.9,0.0 (cmd -0.9),0.0 (cmd 0.4)
0.9788,-15.31,-1.05,0.0,7.33,0.36,0.0,7.3,-15.3,0.0 (cmd -1.1),0.0 (cmd 0.4)
0.9793000000000001,-14.74,-1.04,0.0,7.78,0.36,0.0,7.8,-14.7,0.0 (cmd -1.0),0.0 (cmd 0.4)
0.9798000000000001,-12.52,-1.39,0.0,7.92,0.34,0.0,7.9,-12.5,0.0 (cmd -1.4),0.0 (cmd 0.3)
0.9803,-11.13,-1.78,0.0,8.05,0.32,0.0,8.1,-11.1,0.0 (cmd -1.8),0.0 (cmd 0.3)
0.9808,-11.01,-1.59,0.0,7.9,0.32,0.0,7.9,-11.0,0.0 (cmd -1.6),0.0 (cmd 0.3)
0.9813,-10.71,-1.43,0.0,7.44,0.31,0.0,7.4,-10.7,0.0 (cmd -1.4),0.0 (cmd 0.3)
0.9818000000000001,-9.94,-1.41,0.0,6.5,0.29,0.0,6.5,-9.9,0.0 (cmd -1.4),0.0 (cmd 0.3)
0.9823000000000001,-7.64,-1.74,0.0,4.9,0.21,0.0,4.9,-7.6,0.0 (cmd -1.7),0.0 (cmd 0.2)
0.9828,-5.1,-2.18,0.0,0.12,0.04,0.0,0.1,-5.1,0.0 (cmd -2.2),0.0 (cmd 0.0)
0.9833,-4.49,-2.27,0.0,-4.14,-0.17,0.0,-4.1,-4.5,0.0 (cmd -2.3),0.0 (cmd -0.2)
0.9838,-4.18,-2.26,0.0,-7.51,-0.5,0.0,-7.5,-4.2,0.0 (cmd -2.3),0.0 (cmd -0.5)
0.9843000000000001,-0.89,-2.24,0.0,-10.28,-0.79,0.0,-10.3,-0.9,0.0 (cmd -2.2),0.0 (cmd -0.8)
0.9848000000000001,-0.41,-2.75,0.0,-11.92,-0.89,0.0,-11.9,-0.4,0.0 (cmd -2.8),0.0 (cmd -0.9)
0.9853,-0.14,-2.68,0.0,-12.63,-0.64,0.0,-12.6,-0.1,0.0 (cmd -2.7),0.0 (cmd -0.6)
0.9858,0.52,-2.58,0.0,-11.72,-0.38,0.0,-11.7,0.5,0.0 (cmd -2.6),0.0 (cmd -0.4)
0.9863,1.42,-2.38,0.0,-9.71,-0.06,0.0,-9.7,1.4,0.0 (cmd -2.4),0.0 (cmd -0.1)
0.9868000000000001,2.26,-2.4,0.0,-8.3,0.06,0.0,-8.3,2.3,0.0 (cmd -2.4),0.0 (cmd 0.1)
0.9873000000000001,3.06,-2.21,0.0,-6.06,0.23,0.0,-6.1,3.1,0.0 (cmd -2.2),0.0 (cmd 0.2)
0.9877999999999999,3.67,-2.15,0.0,-6.83,0.24,0.0,-6.8,3.7,0.0 (cmd -2.1),0.0 (cmd 0.2)
0.9883,3.93,-2.17,0.0,-10.51,0.16,0.0,-10.5,3.9,0.0 (cmd -2.2),0.0 (cmd 0.2)
0.9887999999999999,3.97,-2.23,0.0,-13.11,0.08,0.0,-13.1,4.0,0.0 (cmd -2.2),0.0 (cmd 0.1)
0.9893000000000001,4.04,-2.25,0.0,-13.73,0.07,0.0,-13.7,4.0,0.0 (cmd -2.2),0.0 (cmd 0.1)
0.9898,4.13,-2.31,0.0,-18.43,-0.03,0.0,-18.4,4.1,0.0 (cmd -2.3),0.0 (cmd -0.0)
0.9903,4.19,-2.34,0.0,-19.08,-0.08,0.0,-19.1,4.2,0.0 (cmd -2.3),0.0 (cmd -0.1)
0.9907999999999999,4.47,-2.35,0.0,-18.62,0.18,0.0,-18.6,4.5,0.0 (cmd -2.4),0.0 (cmd 0.2)
0.9913,4.76,-2.34,0.0,-17.91,0.39,0.0,-17.9,4.8,0.0 (cmd -2.3),0.0 (cmd 0.4)
0.9918,4.83,-2.26,0.0,-16.88,0.52,0.0,-16.9,4.8,0.0 (cmd -2.3),0.0 (cmd 0.5)
0.9923000000000001,4.96,-2.16,0.0,-16.25,0.6,0.0,-16.2,5.0,0.0 (cmd -2.2),0.0 (cmd 0.6)
0.9927999999999999,5.26,-2.1,0.0,-15.14,0.67,0.0,-15.1,5.3,0.0 (cmd -2.1),0.0 (cmd 0.7)
0.9933,5.61,-2.06,0.0,-14.21,0.7,0.0,-14.2,5.6,0.0 (cmd -2.1),0.0 (cmd 0.7)
0.9937999999999999,6.14,-1.95,0.0,-11.35,0.76,0.0,-11.3,6.1,0.0 (cmd -1.9),0.0 (cmd 0.8)
0.9943000000000001,6.14,-1.86,0.0,-9.42,0.79,0.0,-9.4,6.1,0.0 (cmd -1.9),0.0 (cmd 0.8)
0.9948,5.62,-1.64,0.0,-7.92,0.82,0.0,-7.9,5.6,0.0 (cmd -1.6),0.0 (cmd 0.8)
0.9953,4.87,-1.37,0.0,-6.91,0.82,0.0,-6.9,4.9,0.0 (cmd -1.4),0.0 (cmd 0.8)
0.9957999999999999,2.74,-1.02,0.0,-5.9,0.82,0.0,-5.9,2.7,0.0 (cmd -1.0),0.0 (cmd 0.8)
0.9963,-2.07,-0.18,0.0,-3.55,0.95,0.0,-3.5,-2.1,0.0 (cmd -0.2),0.0 (cmd 0.9)
0.9968,-6.32,0.81,0.0,-0.79,1.1,0.0,-0.8,-6.3,0.0 (cmd 0.8),0.0 (cmd 1.1)
0.9973000000000001,-10.32,2.46,0.0,0.68,1.25,0.0,0.7,-10.3,0.0 (cmd 2.5),0.0 (cmd 1.2)
0.9977999999999999,-13.23,3.23,0.0,1.66,1.24,0.0,1.7,-13.2,0.0 (cmd 3.2),0.0 (cmd 1.2)
0.9983,-17.75,3.01,0.0,2.12,1.08,0.0,2.1,-17.8,0.0 (cmd 3.0),0.0 (cmd 1.1)
0.9987999999999999,-19.98,3.3,0.0,2.79,1.02,0.0,2.8,-20.0,0.0 (cmd 3.3),0.0 (cmd 1.0)
0.9993000000000001,-21.43,3.21,0.0,3.74,0.93,0.0,3.7,-21.4,0.0 (cmd 3.2),0.0 (cmd 0.9)
0.9998,-22.83,2.92,0.0,4.74,0.88,0.0,4.7,-22.8,0.0 (cmd 2.9),0.0 (cmd 0.9)
1.0003,-22.98,2.4,0.0,6.0,0.82,0.0,6.0,-23.0,0.0 (cmd 2.4),0.0 (cmd 0.8)
1.0008,-22.79,1.74,0.0,6.71,0.73,0.0,6.7,-22.8,0.0 (cmd 1.7),0.0 (cmd 0.7)
1.0012999999999999,-21.96,1.04,0.0,7.46,0.64,0.0,7.5,-22.0,0.0 (cmd 1.0),0.0 (cmd 0.6)
1.0018,-20.38,0.39,0.0,8.17,0.55,0.0,8.2,-20.4,0.0 (cmd 0.4),0.0 (cmd 0.6)
1.0023,-18.29,-0.22,0.0,9.18,0.49,0.0,9.2,-18.3,0.0 (cmd -0.2),0.0 (cmd 0.5)
1.0028,-17.84,-0.9,0.0,9.74,0.44,0.0,9.7,-17.8,0.0 (cmd -0.9),0.0 (cmd 0.4)
1.0032999999999999,-14.5,-1.21,0.0,10.44,0.43,0.0,10.4,-14.5,0.0 (cmd -1.2),0.0 (cmd 0.4)
1.0038,-13.37,-1.65,0.0,10.9,0.42,0.0,10.9,-13.4,0.0 (cmd -1.6),0.0 (cmd 0.4)
1.0043,-12.21,-1.64,0.0,11.23,0.43,0.0,11.2,-12.2,0.0 (cmd -1.6),0.0 (cmd 0.4)
1.0048000000000001,-11.15,-1.91,0.0,11.36,0.44,0.0,11.4,-11.2,0.0 (cmd -1.9),0.0 (cmd 0.4)
1.0052999999999999,-9.87,-1.71,0.0,11.41,0.45,0.0,11.4,-9.9,0.0 (cmd -1.7),0.0 (cmd 0.5)
1.0058,-9.03,-1.76,0.0,10.73,0.46,0.0,10.7,-9.0,0.0 (cmd -1.8),0.0 (cmd 0.5)
1.0063,-7.49,-1.9,0.0,9.15,0.46,0.0,9.2,-7.5,0.0 (cmd -1.9),0.0 (cmd 0.5)
1.0068000000000001,-5.98,-1.84,0.0,7.31,0.43,0.0,7.3,-6.0,0.0 (cmd -1.8),0.0 (cmd 0.4)
1.0073,-3.77,-1.86,0.0,4.35,0.32,0.0,4.3,-3.8,0.0 (cmd -1.9),0.0 (cmd 0.3)
1.0078,-2.47,-2.13,0.0,1.2,0.2,0.0,1.2,-2.5,0.0 (cmd -2.1),0.0 (cmd 0.2)
1.0083,-0.84,-2.39,0.0,-2.74,-0.08,0.0,-2.7,-0.8,0.0 (cmd -2.4),0.0 (cmd -0.1)
1.0088,-0.05,-2.35,0.0,-6.05,-0.59,0.0,-6.0,-0.1,0.0 (cmd -2.4),0.0 (cmd -0.6)
1.0093,0.72,-2.4,0.0,-9.97,-1.04,0.0,-10.0,0.7,0.0 (cmd -2.4),0.0 (cmd -1.0)
1.0098,1.16,-2.38,0.0,-12.95,-1.16,0.0,-12.9,1.2,0.0 (cmd -2.4),0.0 (cmd -1.2)
1.0103,1.55,-2.41,0.0,-16.25,-0.99,0.0,-16.2,1.6,0.0 (cmd -2.4),0.0 (cmd -1.0)
1.0108,2.32,-2.46,0.0,-19.28,-1.14,0.0,-19.3,2.3,0.0 (cmd -2.5),0.0 (cmd -1.1)
1.0112999999999999,2.56,-2.57,0.0,-20.31,-0.81,0.0,-20.3,2.6,0.0 (cmd -2.6),0.0 (cmd -0.8)
1.0118,2.97,-2.66,0.0,-18.84,-0.4,0.0,-18.8,3.0,0.0 (cmd -2.7),0.0 (cmd -0.4)
1.0123,3.41,-2.57,0.0,-17.05,0.2,0.0,-17.1,3.4,0.0 (cmd -2.6),0.0 (cmd 0.2)
1.0128,4.53,-2.38,0.0,-10.92,0.46,0.0,-10.9,4.5,0.0 (cmd -2.4),0.0 (cmd 0.5)
1.0132999999999999,5.59,-2.39,0.0,-8.89,0.57,0.0,-8.9,5.6,0.0 (cmd -2.4),0.0 (cmd 0.6)
1.0138,6.56,-2.25,0.0,-7.85,0.59,0.0,-7.8,6.6,0.0 (cmd -2.2),0.0 (cmd 0.6)
1.0143,6.75,-2.17,0.0,-7.36,0.57,0.0,-7.4,6.8,0.0 (cmd -2.2),0.0 (cmd 0.6)
1.0148000000000001,5.54,-2.15,0.0,-2.81,0.52,0.0,-2.8,5.5,0.0 (cmd -2.1),0.0 (cmd 0.5)
1.0152999999999999,-6.46,0.62,0.0,-0.29,1.11,0.0,-0.3,-6.5,0.0 (cmd 0.6),0.0 (cmd 1.1)
1.0158,-11.9,2.46,0.0,0.85,1.29,0.0,0.8,-11.9,0.0 (cmd 2.5),0.0 (cmd 1.3)
1.0163,-14.66,3.5,0.0,2.26,1.32,0.0,2.3,-14.7,0.0 (cmd 3.5),0.0 (cmd 1.3)
1.0168000000000001,-16.93,3.9,0.0,3.59,1.24,0.0,3.6,-16.9,0.0 (cmd 3.9),0.0 (cmd 1.2)
1.0173,-16.93,3.07,0.0,4.36,1.01,0.0,4.4,-16.9,0.0 (cmd 3.1),0.0 (cmd 1.0)
1.0178,-19.35,2.66,0.0,5.83,0.9,0.0,5.8,-19.4,0.0 (cmd 2.7),0.0 (cmd 0.9)
1.0183,-20.27,2.68,0.0,6.77,0.87,0.0,6.8,-20.3,0.0 (cmd 2.7),0.0 (cmd 0.9)
1.0188,-21.25,2.29,0.0,8.23,0.83,0.0,8.2,-21.2,0.0 (cmd 2.3),0.0 (cmd 0.8)
1.0193,-21.63,1.7,0.0,10.52,0.75,0.0,10.5,-21.6,0.0 (cmd 1.7),0.0 (cmd 0.8)
1.0198,-19.78,1.13,0.0,11.96,0.7,0.0,12.0,-19.8,0.0 (cmd 1.1),0.0 (cmd 0.7)
1.0203,-19.28,0.47,0.0,12.75,0.61,0.0,12.8,-19.3,0.0 (cmd 0.5),0.0 (cmd 0.6)
1.0208,-17.62,-0.34,0.0,12.56,0.54,0.0,12.6,-17.6,0.0 (cmd -0.3),0.0 (cmd 0.5)
1.0212999999999999,-14.89,-0.96,0.0,9.78,0.49,0.0,9.8,-14.9,0.0 (cmd -1.0),0.0 (cmd 0.5)
1.0218,-12.04,-1.62,0.0,3.41,0.42,0.0,3.4,-12.0,0.0 (cmd -1.6),0.0 (cmd 0.4)
1.0223,-11.62,-1.86,0.0,-3.37,0.17,0.0,-3.4,-11.6,0.0 (cmd -1.9),0.0 (cmd 0.2)
1.0228,-11.15,-1.96,0.0,-8.37,-0.5,0.0,-8.4,-11.2,0.0 (cmd -2.0),0.0 (cmd -0.5)
1.0232999999999999,-8.4,-1.82,0.0,-15.64,-1.34,0.0,-15.6,-8.4,0.0 (cmd -1.8),0.0 (cmd -1.3)
1.0238,-8.4,-2.43,0.0,-19.92,-1.16,0.0,-19.9,-8.4,0.0 (cmd -2.4),0.0 (cmd -1.2)
1.0243000000000002,-5.27,-2.72,0.0,-21.18,-1.3,0.0,-21.2,-5.3,0.0 (cmd -2.7),0.0 (cmd -1.3)
1.0248,-3.54,-3.21,0.0,-20.96,-0.93,0.0,-21.0,-3.5,0.0 (cmd -3.2),0.0 (cmd -0.9)
1.0252999999999999,-2.73,-3.16,0.0,-17.56,-0.34,0.0,-17.6,-2.7,0.0 (cmd -3.2),0.0 (cmd -0.3)
1.0258,-0.26,-3.44,0.0,-12.62,-0.01,0.0,-12.6,-0.3,0.0 (cmd -3.4),0.0 (cmd -0.0)
1.0263,0.57,-2.94,0.0,-11.54,0.3,0.0,-11.5,0.6,0.0 (cmd -2.9),0.0 (cmd 0.3)
1.0268000000000002,0.87,-2.6,0.0,-9.7,0.42,0.0,-9.7,0.9,0.0 (cmd -2.6),0.0 (cmd 0.4)
1.0272999999999999,1.22,-2.45,0.0,-8.83,0.4,0.0,-8.8,1.2,0.0 (cmd -2.5),0.0 (cmd 0.4)
1.0278,2.52,-2.36,0.0,-7.34,0.43,0.0,-7.3,2.5,0.0 (cmd -2.4),0.0 (cmd 0.4)
1.0283,3.88,-2.36,0.0,-5.52,0.43,0.0,-5.5,3.9,0.0 (cmd -2.4),0.0 (cmd 0.4)
1.0288,6.32,-2.16,0.0,-3.14,0.46,0.0,-3.1,6.3,0.0 (cmd -2.2),0.0 (cmd 0.5)
1.0293,6.75,-2.47,0.0,-0.1,0.39,0.0,-0.1,6.8,0.0 (cmd -2.5),0.0 (cmd 0.4)
1.0298,6.09,-2.05,0.0,1.48,0.46,0.0,1.5,6.1,0.0 (cmd -2.0),0.0 (cmd 0.5)
1.0303,3.48,-1.48,0.0,3.33,0.52,0.0,3.3,3.5,0.0 (cmd -1.5),0.0 (cmd 0.5)
1.0308,-5.16,1.66,0.0,3.97,0.99,0.0,4.0,-5.2,0.0 (cmd 1.7),0.0 (cmd 1.0)
1.0312999999999999,-9.08,2.06,0.0,4.86,0.94,0.0,4.9,-9.1,0.0 (cmd 2.1),0.0 (cmd 0.9)
1.0318000000000003,-12.34,2.64,0.0,6.16,0.94,0.0,6.2,-12.3,0.0 (cmd 2.6),0.0 (cmd 0.9)
1.0323,-21.4,2.88,0.0,7.23,0.91,0.0,7.2,-21.4,0.0 (cmd 2.9),0.0 (cmd 0.9)
1.0328,-22.52,4.9,0.0,8.16,1.22,0.0,8.2,-22.5,0.0 (cmd 4.9),0.0 (cmd 1.2)
1.0332999999999999,-22.85,3.82,0.0,8.7,1.03,0.0,8.7,-22.9,0.0 (cmd 3.8),0.0 (cmd 1.0)
1.0338,-21.51,2.64,0.0,8.75,0.85,0.0,8.8,-21.5,0.0 (cmd 2.6),0.0 (cmd 0.8)
1.0343000000000002,-11.26,-1.26,0.0,7.92,0.37,0.0,7.9,-11.3,0.0 (cmd -1.3),0.0 (cmd 0.4)
1.0348,-9.42,-1.81,0.0,6.24,0.27,0.0,6.2,-9.4,0.0 (cmd -1.8),0.0 (cmd 0.3)
1.0352999999999999,-6.82,-1.92,0.0,2.68,0.15,0.0,2.7,-6.8,0.0 (cmd -1.9),0.0 (cmd 0.1)
1.0358,-4.54,-2.2,0.0,-4.43,-0.05,0.0,-4.4,-4.5,0.0 (cmd -2.2),0.0 (cmd -0.1)
1.0363,-0.26,-3.18,0.0,-10.84,-0.61,0.0,-10.8,-0.3,0.0 (cmd -3.2),0.0 (cmd -0.6)
1.0368000000000002,0.76,-3.17,0.0,-14.34,-1.34,0.0,-14.3,0.8,0.0 (cmd -3.2),0.0 (cmd -1.3)
1.0372999999999999,1.11,-3.12,0.0,-16.59,-1.46,0.0,-16.6,1.1,0.0 (cmd -3.1),0.0 (cmd -1.5)
1.0378,1.16,-2.99,0.0,-18.2,-1.03,0.0,-18.2,1.2,0.0 (cmd -3.0),0.0 (cmd -1.0)
1.0383,1.84,-2.88,0.0,-18.79,-0.72,0.0,-18.8,1.8,0.0 (cmd -2.9),0.0 (cmd -0.7)
1.0388,2.81,-2.94,0.0,-18.75,-0.37,0.0,-18.8,2.8,0.0 (cmd -2.9),0.0 (cmd -0.4)
1.0393000000000001,3.69,-2.99,0.0,-17.75,-0.02,0.0,-17.8,3.7,0.0 (cmd -3.0),0.0 (cmd -0.0)
1.0398,4.63,-3.02,0.0,-16.63,0.17,0.0,-16.6,4.6,0.0 (cmd -3.0),0.0 (cmd 0.2)
1.0403,5.27,-2.84,0.0,-14.96,0.35,0.0,-15.0,5.3,0.0 (cmd -2.8),0.0 (cmd 0.3)
1.0408,5.81,-2.69,0.0,-14.64,0.45,0.0,-14.6,5.8,0.0 (cmd -2.7),0.0 (cmd 0.5)
1.0413,5.99,-2.56,0.0,-12.5,0.51,0.0,-12.5,6.0,0.0 (cmd -2.6),0.0 (cmd 0.5)
1.0418000000000003,6.7,-2.37,0.0,-12.08,0.58,0.0,-12.1,6.7,0.0 (cmd -2.4),0.0 (cmd 0.6)
1.0423,6.89,-2.31,0.0,-11.46,0.59,0.0,-11.5,6.9,0.0 (cmd -2.3),0.0 (cmd 0.6)
1.0428,6.99,-2.17,0.0,-6.92,0.61,0.0,-6.9,7.0,0.0 (cmd -2.2),0.0 (cmd 0.6)
1.0433,6.88,-1.8,0.0,-6.4,0.73,0.0,-6.4,6.9,0.0 (cmd -1.8),0.0 (cmd 0.7)
1.0438,4.11,-1.57,0.0,-5.02,0.7,0.0,-5.0,4.1,0.0 (cmd -1.6),0.0 (cmd 0.7)
1.0443000000000002,-0.67,-0.75,0.0,-1.26,0.84,0.0,-1.3,-0.7,0.0 (cmd -0.8),0.0 (cmd 0.8)
1.0448,-5.65,1.3,0.0,0.04,1.17,0.0,0.0,-5.7,0.0 (cmd 1.3),0.0 (cmd 1.2)
1.0453,-10.05,2.57,0.0,0.9,1.26,0.0,0.9,-10.1,0.0 (cmd 2.6),0.0 (cmd 1.3)
1.0458,-11.63,2.67,0.0,2.05,1.14,0.0,2.0,-11.6,0.0 (cmd 2.7),0.0 (cmd 1.1)
1.0463,-14.31,2.54,0.0,2.74,1.0,0.0,2.7,-14.3,0.0 (cmd 2.5),0.0 (cmd 1.0)
1.0468000000000002,-16.14,3.01,0.0,3.56,0.98,0.0,3.6,-16.1,0.0 (cmd 3.0),0.0 (cmd 1.0)
1.0473,-17.07,2.5,0.0,4.51,0.85,0.0,4.5,-17.1,0.0 (cmd 2.5),0.0 (cmd 0.8)
1.0478,-17.18,2.09,0.0,5.4,0.76,0.0,5.4,-17.2,0.0 (cmd 2.1),0.0 (cmd 0.8)
1.0483,-16.83,1.39,0.0,6.93,0.66,0.0,6.9,-16.8,0.0 (cmd 1.4),0.0 (cmd 0.7)
1.0488,-16.38,0.89,0.0,7.84,0.62,0.0,7.8,-16.4,0.0 (cmd 0.9),0.0 (cmd 0.6)
1.0493000000000001,-15.9,0.51,0.0,8.91,0.57,0.0,8.9,-15.9,0.0 (cmd 0.5),0.0 (cmd 0.6)
1.0497999999999998,-15.22,0.13,0.0,9.49,0.51,0.0,9.5,-15.2,0.0 (cmd 0.1),0.0 (cmd 0.5)
1.0503,-14.71,-0.27,0.0,9.11,0.45,0.0,9.1,-14.7,0.0 (cmd -0.3),0.0 (cmd 0.5)
1.0508,-13.57,-0.54,0.0,8.43,0.41,0.0,8.4,-13.6,0.0 (cmd -0.5),0.0 (cmd 0.4)
1.0513,-8.75,-1.9,0.0,6.78,0.3,0.0,6.8,-8.8,0.0 (cmd -1.9),0.0 (cmd 0.3)
1.0518000000000003,-6.48,-1.98,0.0,2.12,0.19,0.0,2.1,-6.5,0.0 (cmd -2.0),0.0 (cmd 0.2)
1.0523,-2.68,-2.7,0.0,-8.64,-0.3,0.0,-8.6,-2.7,0.0 (cmd -2.7),0.0 (cmd -0.3)
1.0528,0.36,-2.91,0.0,-18.49,-1.02,0.0,-18.5,0.4,0.0 (cmd -2.9),0.0 (cmd -1.0)
1.0533,0.58,-3.01,0.0,-21.9,-2.26,0.0,-21.9,0.6,0.0 (cmd -3.0),0.0 (cmd -2.3)
1.0537999999999998,0.7,-3.02,0.0,-23.69,-1.88,0.0,-23.7,0.7,0.0 (cmd -3.0),0.0 (cmd -1.9)
1.0543000000000002,1.62,-3.06,0.0,-23.73,-1.25,0.0,-23.7,1.6,0.0 (cmd -3.1),0.0 (cmd -1.2)
1.0548,3.14,-3.19,0.0,-21.75,-0.55,0.0,-21.8,3.1,0.0 (cmd -3.2),0.0 (cmd -0.6)
1.0553,4.82,-3.29,0.0,-18.54,-0.01,0.0,-18.5,4.8,0.0 (cmd -3.3),0.0 (cmd -0.0)
1.0557999999999998,5.77,-3.22,0.0,-10.97,0.37,0.0,-11.0,5.8,0.0 (cmd -3.2),0.0 (cmd 0.4)
1.0563,7.45,-2.72,0.0,-10.46,0.58,0.0,-10.5,7.5,0.0 (cmd -2.7),0.0 (cmd 0.6)
1.0568000000000002,7.59,-2.91,0.0,-10.7,0.48,0.0,-10.7,7.6,0.0 (cmd -2.9),0.0 (cmd 0.5)
1.0573,7.02,-2.62,0.0,-10.6,0.51,0.0,-10.6,7.0,0.0 (cmd -2.6),0.0 (cmd 0.5)
1.0577999999999999,3.01,-1.98,0.0,-9.43,0.62,0.0,-9.4,3.0,0.0 (cmd -2.0),0.0 (cmd 0.6)
1.0583,-0.19,-0.71,0.0,-5.45,0.89,0.0,-5.5,-0.2,0.0 (cmd -0.7),0.0 (cmd 0.9)
1.0588,-6.85,1.3,0.0,-1.9,1.26,0.0,-1.9,-6.8,0.0 (cmd 1.3),0.0 (cmd 1.3)
1.0593000000000001,-14.33,2.98,0.0,0.27,1.4,0.0,0.3,-14.3,0.0 (cmd 3.0),0.0 (cmd 1.4)
1.0597999999999999,-17.79,3.84,0.0,1.09,1.38,0.0,1.1,-17.8,0.0 (cmd 3.8),0.0 (cmd 1.4)
1.0603,-20.17,3.98,0.0,2.36,1.26,0.0,2.4,-20.2,0.0 (cmd 4.0),0.0 (cmd 1.3)
1.0608,-22.48,4.04,0.0,3.25,1.15,0.0,3.2,-22.5,0.0 (cmd 4.0),0.0 (cmd 1.1)
1.0613,-23.6,3.47,0.0,4.2,1.01,0.0,4.2,-23.6,0.0 (cmd 3.5),0.0 (cmd 1.0)
1.0618,-22.96,2.86,0.0,5.91,0.92,0.0,5.9,-23.0,0.0 (cmd 2.9),0.0 (cmd 0.9)
1.0623,-21.42,1.55,0.0,7.16,0.74,0.0,7.2,-21.4,0.0 (cmd 1.6),0.0 (cmd 0.7)
1.0628,-17.69,0.77,0.0,8.02,0.65,0.0,8.0,-17.7,0.0 (cmd 0.8),0.0 (cmd 0.7)
1.0633,-15.5,-0.71,0.0,9.61,0.46,0.0,9.6,-15.5,0.0 (cmd -0.7),0.0 (cmd 0.5)
1.0637999999999999,-15.04,-0.97,0.0,10.17,0.43,0.0,10.2,-15.0,0.0 (cmd -1.0),0.0 (cmd 0.4)
1.0643000000000002,-13.32,-1.23,0.0,10.04,0.42,0.0,10.0,-13.3,0.0 (cmd -1.2),0.0 (cmd 0.4)
1.0648,-12.7,-1.47,0.0,8.26,0.38,0.0,8.3,-12.7,0.0 (cmd -1.5),0.0 (cmd 0.4)
1.0653,-8.26,-1.91,0.0,6.57,0.31,0.0,6.6,-8.3,0.0 (cmd -1.9),0.0 (cmd 0.3)
1.0657999999999999,-6.16,-2.39,0.0,-5.8,0.2,0.0,-5.8,-6.2,0.0 (cmd -2.4),0.0 (cmd 0.2)
1.0663,-3.82,-2.6,0.0,-11.62,-0.64,0.0,-11.6,-3.8,0.0 (cmd -2.6),0.0 (cmd -0.6)
1.0668000000000002,-1.24,-2.79,0.0,-16.92,-1.58,0.0,-16.9,-1.2,0.0 (cmd -2.8),0.0 (cmd -1.6)
1.0673,-0.14,-3.16,0.0,-20.25,-1.91,0.0,-20.2,-0.1,0.0 (cmd -3.2),0.0 (cmd -1.9)
1.0677999999999999,0.5,-3.21,0.0,-22.53,-1.54,0.0,-22.5,0.5,0.0 (cmd -3.2),0.0 (cmd -1.5)
1.0683,1.39,-3.22,0.0,-22.7,-1.05,0.0,-22.7,1.4,0.0 (cmd -3.2),0.0 (cmd -1.1)
1.0688,2.2,-3.2,0.0,-19.45,-0.45,0.0,-19.4,2.2,0.0 (cmd -3.2),0.0 (cmd -0.5)
1.0693000000000001,4.36,-3.25,0.0,-15.49,0.11,0.0,-15.5,4.4,0.0 (cmd -3.2),0.0 (cmd 0.1)
1.0697999999999999,5.95,-3.2,0.0,-10.3,0.4,0.0,-10.3,6.0,0.0 (cmd -3.2),0.0 (cmd 0.4)
1.0703,5.65,-2.95,0.0,-11.29,0.45,0.0,-11.3,5.7,0.0 (cmd -3.0),0.0 (cmd 0.5)
1.0708,5.39,-2.5,0.0,-10.55,0.5,0.0,-10.6,5.4,0.0 (cmd -2.5),0.0 (cmd 0.5)
1.0713,1.13,-2.09,0.0,-10.79,0.57,0.0,-10.8,1.1,0.0 (cmd -2.1),0.0 (cmd 0.6)
1.0718,-4.08,-0.71,0.0,-9.01,0.84,0.0,-9.0,-4.1,0.0 (cmd -0.7),0.0 (cmd 0.8)
1.0723,-14.93,1.38,0.0,-4.72,1.25,0.0,-4.7,-14.9,0.0 (cmd 1.4),0.0 (cmd 1.2)
1.0728,-18.66,4.39,0.0,-1.34,1.59,0.0,-1.3,-18.7,0.0 (cmd 4.4),0.0 (cmd 1.6)
1.0733,-22.49,4.75,0.0,-0.73,1.48,0.0,-0.7,-22.5,0.0 (cmd 4.8),0.0 (cmd 1.5)
1.0737999999999999,-26.47,4.63,0.0,0.02,1.31,0.0,0.0,-26.5,0.0 (cmd 4.6),0.0 (cmd 1.3)
1.0743000000000003,-28.24,4.19,0.0,0.39,1.14,0.0,0.4,-28.2,0.0 (cmd 4.2),0.0 (cmd 1.1)
1.0748,-28.53,3.54,0.0,1.27,0.99,0.0,1.3,-28.5,0.0 (cmd 3.5),0.0 (cmd 1.0)
1.0753,-26.99,2.59,0.0,3.26,0.87,0.0,3.3,-27.0,0.0 (cmd 2.6),0.0 (cmd 0.9)
1.0757999999999999,-23.66,1.46,0.0,4.52,0.73,0.0,4.5,-23.7,0.0 (cmd 1.5),0.0 (cmd 0.7)
1.0763,-20.01,-0.28,0.0,6.0,0.53,0.0,6.0,-20.0,0.0 (cmd -0.3),0.0 (cmd 0.5)
1.0768000000000002,-15.45,-1.4,0.0,6.71,0.41,0.0,6.7,-15.4,0.0 (cmd -1.4),0.0 (cmd 0.4)
1.0773,-14.55,-1.99,0.0,6.89,0.35,0.0,6.9,-14.6,0.0 (cmd -2.0),0.0 (cmd 0.3)
1.0777999999999999,-13.49,-1.83,0.0,6.88,0.34,0.0,6.9,-13.5,0.0 (cmd -1.8),0.0 (cmd 0.3)
1.0783,-10.94,-2.34,0.0,5.74,0.28,0.0,5.7,-10.9,0.0 (cmd -2.3),0.0 (cmd 0.3)
1.0788,-7.65,-2.6,0.0,3.53,0.19,0.0,3.5,-7.7,0.0 (cmd -2.6),0.0 (cmd 0.2)
1.0793000000000001,-5.99,-2.78,0.0,-3.13,0.02,0.0,-3.1,-6.0,0.0 (cmd -2.8),0.0 (cmd 0.0)
1.0797999999999999,-3.99,-3.08,0.0,-8.16,-0.26,0.0,-8.2,-4.0,0.0 (cmd -3.1),0.0 (cmd -0.3)
1.0803,-1.14,-3.31,0.0,-12.83,-0.99,0.0,-12.8,-1.1,0.0 (cmd -3.3),0.0 (cmd -1.0)
1.0808,-0.69,-3.16,0.0,-15.4,-1.27,0.0,-15.4,-0.7,0.0 (cmd -3.2),0.0 (cmd -1.3)
1.0813,-0.74,-3.04,0.0,-15.8,-0.94,0.0,-15.8,-0.7,0.0 (cmd -3.0),0.0 (cmd -0.9)
1.0818,-0.65,-2.79,0.0,-14.48,-0.39,0.0,-14.5,-0.7,0.0 (cmd -2.8),0.0 (cmd -0.4)
1.0823,0.3,-2.53,0.0,-11.04,-0.01,0.0,-11.0,0.3,0.0 (cmd -2.5),0.0 (cmd -0.0)
1.0828,1.14,-2.41,0.0,-10.73,0.17,0.0,-10.7,1.1,0.0 (cmd -2.4),0.0 (cmd 0.2)
1.0833,2.18,-2.56,0.0,-13.42,0.14,0.0,-13.4,2.2,0.0 (cmd -2.6),0.0 (cmd 0.1)
1.0837999999999999,3.0,-2.68,0.0,-16.08,0.06,0.0,-16.1,3.0,0.0 (cmd -2.7),0.0 (cmd 0.1)
1.0843000000000003,3.25,-2.76,0.0,-16.97,0.03,0.0,-17.0,3.2,0.0 (cmd -2.8),0.0 (cmd 0.0)
1.0848,3.6,-2.66,0.0,-15.05,0.2,0.0,-15.1,3.6,0.0 (cmd -2.7),0.0 (cmd 0.2)
1.0853,3.81,-2.4,0.0,-10.99,0.41,0.0,-11.0,3.8,0.0 (cmd -2.4),0.0 (cmd 0.4)
1.0857999999999999,4.32,-1.96,0.0,-7.27,0.66,0.0,-7.3,4.3,0.0 (cmd -2.0),0.0 (cmd 0.7)
1.0863,5.3,-1.73,0.0,-3.39,0.73,0.0,-3.4,5.3,0.0 (cmd -1.7),0.0 (cmd 0.7)
1.0868000000000002,5.3,-1.63,0.0,-2.04,0.71,0.0,-2.0,5.3,0.0 (cmd -1.6),0.0 (cmd 0.7)
1.0873,6.02,-1.6,0.0,-2.51,0.61,0.0,-2.5,6.0,0.0 (cmd -1.6),0.0 (cmd 0.6)
1.0877999999999999,5.24,-1.61,0.0,-2.84,0.48,0.0,-2.8,5.2,0.0 (cmd -1.6),0.0 (cmd 0.5)
1.0883,3.42,-1.27,0.0,-0.93,0.48,0.0,-0.9,3.4,0.0 (cmd -1.3),0.0 (cmd 0.5)
1.0888,2.33,-0.36,0.0,0.92,0.66,0.0,0.9,2.3,0.0 (cmd -0.4),0.0 (cmd 0.7)
1.0893000000000002,-1.62,0.28,0.0,1.32,0.74,0.0,1.3,-1.6,0.0 (cmd 0.3),0.0 (cmd 0.7)
1.0897999999999999,-7.05,1.13,0.0,2.48,0.83,0.0,2.5,-7.0,0.0 (cmd 1.1),0.0 (cmd 0.8)
1.0903,-10.17,1.94,0.0,2.58,0.86,0.0,2.6,-10.2,0.0 (cmd 1.9),0.0 (cmd 0.9)
1.0908,-14.67,2.19,0.0,2.44,0.82,0.0,2.4,-14.7,0.0 (cmd 2.2),0.0 (cmd 0.8)
1.0913,-15.43,2.62,0.0,2.2,0.81,0.0,2.2,-15.4,0.0 (cmd 2.6),0.0 (cmd 0.8)
1.0918,-15.01,2.04,0.0,2.23,0.66,0.0,2.2,-15.0,0.0 (cmd 2.0),0.0 (cmd 0.7)
1.0923,-13.99,1.16,0.0,2.66,0.5,0.0,2.7,-14.0,0.0 (cmd 1.2),0.0 (cmd 0.5)
1.0928,-14.36,0.72,0.0,3.13,0.45,0.0,3.1,-14.4,0.0 (cmd 0.7),0.0 (cmd 0.5)
1.0933,-12.12,0.34,0.0,4.24,0.41,0.0,4.2,-12.1,0.0 (cmd 0.3),0.0 (cmd 0.4)
1.0937999999999999,-10.27,-0.59,0.0,4.61,0.29,0.0,4.6,-10.3,0.0 (cmd -0.6),0.0 (cmd 0.3)
1.0943000000000003,-8.24,-0.92,0.0,4.89,0.23,0.0,4.9,-8.2,0.0 (cmd -0.9),0.0 (cmd 0.2)
1.0948,-7.59,-1.29,0.0,5.22,0.18,0.0,5.2,-7.6,0.0 (cmd -1.3),0.0 (cmd 0.2)
1.0953,-7.35,-1.26,0.0,5.56,0.17,0.0,5.6,-7.3,0.0 (cmd -1.3),0.0 (cmd 0.2)
1.0957999999999999,-7.26,-1.15,0.0,5.57,0.18,0.0,5.6,-7.3,0.0 (cmd -1.1),0.0 (cmd 0.2)
1.0963,-7.19,-1.07,0.0,5.05,0.15,0.0,5.0,-7.2,0.0 (cmd -1.1),0.0 (cmd 0.1)
1.0968000000000002,-7.14,-1.0,0.0,4.49,0.13,0.0,4.5,-7.1,0.0 (cmd -1.0),0.0 (cmd 0.1)
1.0973,-7.46,-0.86,0.0,4.1,0.12,0.0,4.1,-7.5,0.0 (cmd -0.9),0.0 (cmd 0.1)
1.0977999999999999,-7.44,-0.82,0.0,3.76,0.1,0.0,3.8,-7.4,0.0 (cmd -0.8),0.0 (cmd 0.1)
1.0983,-7.29,-0.81,0.0,3.72,0.09,0.0,3.7,-7.3,0.0 (cmd -0.8),0.0 (cmd 0.1)
1.0988,-7.19,-0.8,0.0,3.85,0.1,0.0,3.9,-7.2,0.0 (cmd -0.8),0.0 (cmd 0.1)
1.0993000000000002,-7.17,-0.8,0.0,3.9,0.1,0.0,3.9,-7.2,0.0 (cmd -0.8),0.0 (cmd 0.1)
1.0997999999999999,-6.94,-0.8,0.0,4.1,0.11,0.0,4.1,-6.9,0.0 (cmd -0.8),0.0 (cmd 0.1)
1.1003,-6.57,-0.81,0.0,4.84,0.14,0.0,4.8,-6.6,0.0 (cmd -0.8),0.0 (cmd 0.1)
1.1008,-6.06,-0.83,0.0,5.01,0.14,0.0,5.0,-6.1,0.0 (cmd -0.8),0.0 (cmd 0.1)
1.1013,-5.67,-0.95,0.0,5.05,0.13,0.0,5.0,-5.7,0.0 (cmd -0.9),0.0 (cmd 0.1)
1.1018000000000001,-5.58,-0.93,0.0,4.95,0.12,0.0,5.0,-5.6,0.0 (cmd -0.9),0.0 (cmd 0.1)
1.1023,-6.18,-0.85,0.0,4.42,0.11,0.0,4.4,-6.2,0.0 (cmd -0.8),0.0 (cmd 0.1)
1.1028,-7.48,-0.61,0.0,3.96,0.11,0.0,4.0,-7.5,0.0 (cmd -0.6),0.0 (cmd 0.1)
1.1033,-7.76,-0.34,0.0,3.86,0.14,0.0,3.9,-7.8,0.0 (cmd -0.3),0.0 (cmd 0.1)
1.1038,-7.59,-0.4,0.0,3.96,0.14,0.0,4.0,-7.6,0.0 (cmd -0.4),0.0 (cmd 0.1)
1.1043000000000003,-7.43,-0.51,0.0,4.15,0.14,0.0,4.2,-7.4,0.0 (cmd -0.5),0.0 (cmd 0.1)
1.1048,-6.92,-0.62,0.0,4.32,0.14,0.0,4.3,-6.9,0.0 (cmd -0.6),0.0 (cmd 0.1)
1.1053,-6.55,-0.68,0.0,4.49,0.13,0.0,4.5,-6.5,0.0 (cmd -0.7),0.0 (cmd 0.1)
1.1058,-6.46,-0.79,0.0,4.57,0.12,0.0,4.6,-6.5,0.0 (cmd -0.8),0.0 (cmd 0.1)
1.1063,-6.26,-0.76,0.0,5.16,0.16,0.0,5.2,-6.3,0.0 (cmd -0.8),0.0 (cmd 0.2)
1.1068000000000002,-6.16,-0.77,0.0,5.11,0.14,0.0,5.1,-6.2,0.0 (cmd -0.8),0.0 (cmd 0.1)
1.1073,-6.22,-0.75,0.0,4.8,0.13,0.0,4.8,-6.2,0.0 (cmd -0.8),0.0 (cmd 0.1)
1.1078,-7.1,-0.52,0.0,4.32,0.14,0.0,4.3,-7.1,0.0 (cmd -0.5),0.0 (cmd 0.1)
1.1083,-8.06,-0.31,0.0,3.89,0.15,0.0,3.9,-8.1,0.0 (cmd -0.3),0.0 (cmd 0.1)
1.1088,-8.56,-0.27,0.0,3.74,0.15,0.0,3.7,-8.6,0.0 (cmd -0.3),0.0 (cmd 0.1)
1.1093000000000002,-8.6,-0.29,0.0,3.84,0.16,0.0,3.8,-8.6,0.0 (cmd -0.3),0.0 (cmd 0.2)
1.1098,-8.59,-0.35,0.0,4.19,0.17,0.0,4.2,-8.6,0.0 (cmd -0.3),0.0 (cmd 0.2)
1.1103,-8.63,-0.4,0.0,4.4,0.18,0.0,4.4,-8.6,0.0 (cmd -0.4),0.0 (cmd 0.2)
1.1108,-8.47,-0.43,0.0,4.74,0.19,0.0,4.7,-8.5,0.0 (cmd -0.4),0.0 (cmd 0.2)
1.1113,-8.27,-0.5,0.0,5.29,0.19,0.0,5.3,-8.3,0.0 (cmd -0.5),0.0 (cmd 0.2)
1.1118000000000001,-7.86,-0.57,0.0,5.77,0.22,0.0,5.8,-7.9,0.0 (cmd -0.6),0.0 (cmd 0.2)
1.1122999999999998,-7.55,-0.72,0.0,6.03,0.2,0.0,6.0,-7.5,0.0 (cmd -0.7),0.0 (cmd 0.2)
1.1128,-7.58,-0.69,0.0,6.04,0.2,0.0,6.0,-7.6,0.0 (cmd -0.7),0.0 (cmd 0.2)
1.1133,-7.69,-0.67,0.0,5.65,0.19,0.0,5.7,-7.7,0.0 (cmd -0.7),0.0 (cmd 0.2)
1.1138,-8.27,-0.61,0.0,5.4,0.17,0.0,5.4,-8.3,0.0 (cmd -0.6),0.0 (cmd 0.2)
1.1143000000000003,-8.66,-0.46,0.0,5.13,0.18,0.0,5.1,-8.7,0.0 (cmd -0.5),0.0 (cmd 0.2)
1.1148,-8.91,-0.39,0.0,5.1,0.18,0.0,5.1,-8.9,0.0 (cmd -0.4),0.0 (cmd 0.2)
1.1153,-8.89,-0.43,0.0,5.21,0.18,0.0,5.2,-8.9,0.0 (cmd -0.4),0.0 (cmd 0.2)
1.1158,-8.8,-0.49,0.0,5.4,0.18,0.0,5.4,-8.8,0.0 (cmd -0.5),0.0 (cmd 0.2)
1.1162999999999998,-8.52,-0.52,0.0,5.72,0.19,0.0,5.7,-8.5,0.0 (cmd -0.5),0.0 (cmd 0.2)
1.1168000000000002,-8.17,-0.63,0.0,6.14,0.19,0.0,6.1,-8.2,0.0 (cmd -0.6),0.0 (cmd 0.2)
1.1173,-8.06,-0.67,0.0,6.5,0.21,0.0,6.5,-8.1,0.0 (cmd -0.7),0.0 (cmd 0.2)
1.1178,-7.93,-0.67,0.0,6.47,0.21,0.0,6.5,-7.9,0.0 (cmd -0.7),0.0 (cmd 0.2)
1.1182999999999998,-7.7,-0.72,0.0,6.37,0.2,0.0,6.4,-7.7,0.0 (cmd -0.7),0.0 (cmd 0.2)
1.1188,-7.67,-0.74,0.0,5.86,0.19,0.0,5.9,-7.7,0.0 (cmd -0.7),0.0 (cmd 0.2)
1.1193000000000002,-7.68,-0.73,0.0,5.56,0.17,0.0,5.6,-7.7,0.0 (cmd -0.7),0.0 (cmd 0.2)
1.1198,-8.42,-0.57,0.0,5.38,0.17,0.0,5.4,-8.4,0.0 (cmd -0.6),0.0 (cmd 0.2)
1.1202999999999999,-8.98,-0.49,0.0,5.23,0.17,0.0,5.2,-9.0,0.0 (cmd -0.5),0.0 (cmd 0.2)
1.1208,-9.43,-0.41,0.0,5.0,0.17,0.0,5.0,-9.4,0.0 (cmd -0.4),0.0 (cmd 0.2)
1.1213,-9.71,-0.3,0.0,4.52,0.18,0.0,4.5,-9.7,0.0 (cmd -0.3),0.0 (cmd 0.2)
1.1218000000000001,-9.82,-0.35,0.0,4.26,0.17,0.0,4.3,-9.8,0.0 (cmd -0.3),0.0 (cmd 0.2)
1.1222999999999999,-10.24,-0.4,0.0,4.22,0.16,0.0,4.2,-10.2,0.0 (cmd -0.4),0.0 (cmd 0.2)
1.1228,-10.55,-0.33,0.0,4.21,0.17,0.0,4.2,-10.6,0.0 (cmd -0.3),0.0 (cmd 0.2)
1.1233,-10.53,-0.34,0.0,4.18,0.18,0.0,4.2,-10.5,0.0 (cmd -0.3),0.0 (cmd 0.2)
1.1238,-10.52,-0.41,0.0,4.15,0.18,0.0,4.2,-10.5,0.0 (cmd -0.4),0.0 (cmd 0.2)
1.1243,-10.34,-0.5,0.0,4.11,0.17,0.0,4.1,-10.3,0.0 (cmd -0.5),0.0 (cmd 0.2)
1.1248,-10.33,-0.56,0.0,3.97,0.16,0.0,4.0,-10.3,0.0 (cmd -0.6),0.0 (cmd 0.2)
1.1253,-10.51,-0.55,0.0,3.84,0.16,0.0,3.8,-10.5,0.0 (cmd -0.6),0.0 (cmd 0.2)
1.1258,-11.18,-0.38,0.0,3.67,0.18,0.0,3.7,-11.2,0.0 (cmd -0.4),0.0 (cmd 0.2)
1.1262999999999999,-11.71,-0.33,0.0,3.6,0.19,0.0,3.6,-11.7,0.0 (cmd -0.3),0.0 (cmd 0.2)
1.1268000000000002,-11.98,-0.32,0.0,3.41,0.18,0.0,3.4,-12.0,0.0 (cmd -0.3),0.0 (cmd 0.2)
1.1273,-11.93,-0.35,0.0,2.75,0.18,0.0,2.8,-11.9,0.0 (cmd -0.3),0.0 (cmd 0.2)
1.1278,-11.79,-0.46,0.0,2.82,0.15,0.0,2.8,-11.8,0.0 (cmd -0.5),0.0 (cmd 0.1)
1.1282999999999999,-11.45,-0.57,0.0,2.79,0.15,0.0,2.8,-11.4,0.0 (cmd -0.6),0.0 (cmd 0.1)
1.1288,-11.0,-0.66,0.0,2.55,0.15,0.0,2.5,-11.0,0.0 (cmd -0.7),0.0 (cmd 0.1)
1.1293000000000002,-11.14,-0.77,0.0,2.29,0.12,0.0,2.3,-11.1,0.0 (cmd -0.8),0.0 (cmd 0.1)
1.1298,-11.5,-0.69,0.0,1.93,0.12,0.0,1.9,-11.5,0.0 (cmd -0.7),0.0 (cmd 0.1)
1.1302999999999999,-11.84,-0.6,0.0,1.64,0.13,0.0,1.6,-11.8,0.0 (cmd -0.6),0.0 (cmd 0.1)
1.1308,-12.2,-0.56,0.0,1.48,0.14,0.0,1.5,-12.2,0.0 (cmd -0.6),0.0 (cmd 0.1)
1.1313,-12.41,-0.48,0.0,1.4,0.15,0.0,1.4,-12.4,0.0 (cmd -0.5),0.0 (cmd 0.1)
1.1318000000000001,-12.56,-0.47,0.0,1.34,0.16,0.0,1.3,-12.6,0.0 (cmd -0.5),0.0 (cmd 0.2)
1.1322999999999999,-12.81,-0.43,0.0,1.18,0.18,0.0,1.2,-12.8,0.0 (cmd -0.4),0.0 (cmd 0.2)
1.1328,-12.81,-0.47,0.0,1.07,0.17,0.0,1.1,-12.8,0.0 (cmd -0.5),0.0 (cmd 0.2)
1.1333,-12.99,-0.48,0.0,0.99,0.17,0.0,1.0,-13.0,0.0 (cmd -0.5),0.0 (cmd 0.2)
1.1338,-13.16,-0.49,0.0,1.01,0.18,0.0,1.0,-13.2,0.0 (cmd -0.5),0.0 (cmd 0.2)
1.1343,-13.25,-0.49,0.0,1.27,0.19,0.0,1.3,-13.2,0.0 (cmd -0.5),0.0 (cmd 0.2)
1.1348,-13.37,-0.49,0.0,1.4,0.21,0.0,1.4,-13.4,0.0 (cmd -0.5),0.0 (cmd 0.2)
1.1353,-13.4,-0.49,0.0,1.61,0.22,0.0,1.6,-13.4,0.0 (cmd -0.5),0.0 (cmd 0.2)
1.1358,-13.56,-0.49,0.0,1.62,0.22,0.0,1.6,-13.6,0.0 (cmd -0.5),0.0 (cmd 0.2)
1.1362999999999999,-13.74,-0.47,0.0,1.52,0.22,0.0,1.5,-13.7,0.0 (cmd -0.5),0.0 (cmd 0.2)
1.1368000000000003,-14.0,-0.47,0.0,1.54,0.22,0.0,1.5,-14.0,0.0 (cmd -0.5),0.0 (cmd 0.2)
1.1373,-14.21,-0.46,0.0,1.67,0.22,0.0,1.7,-14.2,0.0 (cmd -0.5),0.0 (cmd 0.2)
1.1378,-14.31,-0.41,0.0,1.77,0.23,0.0,1.8,-14.3,0.0 (cmd -0.4),0.0 (cmd 0.2)
1.1382999999999999,-14.7,-0.39,0.0,1.97,0.24,0.0,2.0,-14.7,0.0 (cmd -0.4),0.0 (cmd 0.2)
1.1388,-14.98,-0.35,0.0,2.12,0.26,0.0,2.1,-15.0,0.0 (cmd -0.3),0.0 (cmd 0.3)
1.1393000000000002,-15.11,-0.37,0.0,1.46,0.25,0.0,1.5,-15.1,0.0 (cmd -0.4),0.0 (cmd 0.2)
1.1398,-15.38,-0.42,0.0,0.27,0.18,0.0,0.3,-15.4,0.0 (cmd -0.4),0.0 (cmd 0.2)
1.1402999999999999,-15.47,-0.56,0.0,-3.17,0.02,0.0,-3.2,-15.5,0.0 (cmd -0.6),0.0 (cmd 0.0)
1.1408,-15.28,-0.72,0.0,-5.76,-0.06,0.0,-5.8,-15.3,0.0 (cmd -0.7),0.0 (cmd -0.1)
1.1413,-15.18,-0.87,0.0,-7.4,-0.09,0.0,-7.4,-15.2,0.0 (cmd -0.9),0.0 (cmd -0.1)
1.1418000000000001,-14.96,-1.1,0.0,-11.4,-0.22,0.0,-11.4,-15.0,0.0 (cmd -1.1),0.0 (cmd -0.2)
1.1422999999999999,-14.05,-1.24,0.0,-12.14,-0.16,0.0,-12.1,-14.1,0.0 (cmd -1.2),0.0 (cmd -0.2)
1.1428,-3.34,-2.43,0.0,-12.98,-0.27,0.0,-13.0,-3.3,0.0 (cmd -2.4),0.0 (cmd -0.3)
1.1433,-2.32,-4.05,0.0,-13.13,-0.49,0.0,-13.1,-2.3,0.0 (cmd -4.0),0.0 (cmd -0.5)
1.1438,-2.14,-3.4,0.0,-11.32,-0.26,0.0,-11.3,-2.1,0.0 (cmd -3.4),0.0 (cmd -0.3)
1.1443,-0.25,-3.0,0.0,-9.46,0.03,0.0,-9.5,-0.2,0.0 (cmd -3.0),0.0 (cmd 0.0)
1.1448,2.65,-3.65,0.0,-7.94,-0.02,0.0,-7.9,2.6,0.0 (cmd -3.6),0.0 (cmd -0.0)
1.1453,4.24,-3.46,0.0,-7.31,0.02,0.0,-7.3,4.2,0.0 (cmd -3.5),0.0 (cmd 0.0)
1.1458,4.65,-3.17,0.0,-5.44,0.1,0.0,-5.4,4.7,0.0 (cmd -3.2),0.0 (cmd 0.1)
1.1462999999999999,5.04,-2.77,0.0,-5.13,0.2,0.0,-5.1,5.0,0.0 (cmd -2.8),0.0 (cmd 0.2)
1.1468000000000003,4.54,-2.4,0.0,-4.32,0.24,0.0,-4.3,4.5,0.0 (cmd -2.4),0.0 (cmd 0.2)
1.1473,-0.16,-1.15,0.0,-3.13,0.5,0.0,-3.1,-0.2,0.0 (cmd -1.1),0.0 (cmd 0.5)
1.1478,-4.95,-0.37,0.0,-0.72,0.6,0.0,-0.7,-5.0,0.0 (cmd -0.4),0.0 (cmd 0.6)
1.1482999999999999,-7.37,1.17,0.0,-0.05,0.88,0.0,-0.1,-7.4,0.0 (cmd 1.2),0.0 (cmd 0.9)
1.1488,-12.26,1.49,0.0,0.83,0.86,0.0,0.8,-12.3,0.0 (cmd 1.5),0.0 (cmd 0.9)
1.1493000000000002,-15.33,2.38,0.0,1.49,0.91,0.0,1.5,-15.3,0.0 (cmd 2.4),0.0 (cmd 0.9)
1.1498,-16.06,2.25,0.0,1.85,0.82,0.0,1.9,-16.1,0.0 (cmd 2.2),0.0 (cmd 0.8)
1.1502999999999999,-18.64,2.09,0.0,2.98,0.75,0.0,3.0,-18.6,0.0 (cmd 2.1),0.0 (cmd 0.8)
1.1508,-19.93,2.23,0.0,3.74,0.76,0.0,3.7,-19.9,0.0 (cmd 2.2),0.0 (cmd 0.8)
1.1513,-20.9,2.13,0.0,4.9,0.74,0.0,4.9,-20.9,0.0 (cmd 2.1),0.0 (cmd 0.7)
1.1518000000000002,-20.81,1.65,0.0,6.01,0.68,0.0,6.0,-20.8,0.0 (cmd 1.6),0.0 (cmd 0.7)
1.1522999999999999,-19.52,1.02,0.0,6.71,0.62,0.0,6.7,-19.5,0.0 (cmd 1.0),0.0 (cmd 0.6)
1.1528,-18.53,0.39,0.0,8.37,0.56,0.0,8.4,-18.5,0.0 (cmd 0.4),0.0 (cmd 0.6)
1.1533,-17.85,-0.09,0.0,9.51,0.5,0.0,9.5,-17.9,0.0 (cmd -0.1),0.0 (cmd 0.5)
1.1538,-16.51,-0.5,0.0,10.52,0.47,0.0,10.5,-16.5,0.0 (cmd -0.5),0.0 (cmd 0.5)
1.1543,-14.85,-0.96,0.0,11.02,0.45,0.0,11.0,-14.8,0.0 (cmd -1.0),0.0 (cmd 0.5)
1.1548,-12.1,-1.68,0.0,10.73,0.42,0.0,10.7,-12.1,0.0 (cmd -1.7),0.0 (cmd 0.4)
1.1553,-11.36,-1.76,0.0,7.66,0.4,0.0,7.7,-11.4,0.0 (cmd -1.8),0.0 (cmd 0.4)
1.1558,-9.89,-1.8,0.0,1.44,0.24,0.0,1.4,-9.9,0.0 (cmd -1.8),0.0 (cmd 0.2)
1.1562999999999999,-7.3,-1.99,0.0,-7.44,-0.2,0.0,-7.4,-7.3,0.0 (cmd -2.0),0.0 (cmd -0.2)
1.1568000000000003,-5.36,-2.6,0.0,-13.04,-0.75,0.0,-13.0,-5.4,0.0 (cmd -2.6),0.0 (cmd -0.8)
1.1573,-2.31,-2.83,0.0,-16.67,-1.38,0.0,-16.7,-2.3,0.0 (cmd -2.8),0.0 (cmd -1.4)
1.1578,-1.19,-3.08,0.0,-18.88,-1.5,0.0,-18.9,-1.2,0.0 (cmd -3.1),0.0 (cmd -1.5)
1.1582999999999999,-0.3,-3.16,0.0,-19.88,-1.21,0.0,-19.9,-0.3,0.0 (cmd -3.2),0.0 (cmd -1.2)
1.1588,0.8,-3.32,0.0,-20.42,-0.77,0.0,-20.4,0.8,0.0 (cmd -3.3),0.0 (cmd -0.8)
1.1593000000000002,1.94,-3.26,0.0,-19.62,-0.35,0.0,-19.6,1.9,0.0 (cmd -3.3),0.0 (cmd -0.3)
1.1598,3.08,-3.28,0.0,-17.76,0.01,0.0,-17.8,3.1,0.0 (cmd -3.3),0.0 (cmd 0.0)
1.1602999999999999,3.86,-3.15,0.0,-14.66,0.22,0.0,-14.7,3.9,0.0 (cmd -3.1),0.0 (cmd 0.2)
1.1608,4.43,-2.83,0.0,-12.36,0.42,0.0,-12.4,4.4,0.0 (cmd -2.8),0.0 (cmd 0.4)
1.1613,5.26,-2.59,0.0,-11.63,0.53,0.0,-11.6,5.3,0.0 (cmd -2.6),0.0 (cmd 0.5)
1.1618000000000002,5.79,-2.55,0.0,-11.69,0.51,0.0,-11.7,5.8,0.0 (cmd -2.5),0.0 (cmd 0.5)
1.1622999999999999,6.16,-2.49,0.0,-9.53,0.51,0.0,-9.5,6.2,0.0 (cmd -2.5),0.0 (cmd 0.5)
1.1628,6.0,-2.18,0.0,-8.68,0.6,0.0,-8.7,6.0,0.0 (cmd -2.2),0.0 (cmd 0.6)
1.1633,5.56,-1.96,0.0,-7.29,0.61,0.0,-7.3,5.6,0.0 (cmd -2.0),0.0 (cmd 0.6)
1.1638,-3.65,-0.56,0.0,-4.41,0.88,0.0,-4.4,-3.6,0.0 (cmd -0.6),0.0 (cmd 0.9)
1.1643000000000001,-12.95,2.12,0.0,-1.62,1.35,0.0,-1.6,-12.9,0.0 (cmd 2.1),0.0 (cmd 1.4)
1.1648,-17.82,4.1,0.0,0.45,1.52,0.0,0.5,-17.8,0.0 (cmd 4.1),0.0 (cmd 1.5)
1.1653,-20.79,4.56,0.0,2.04,1.42,0.0,2.0,-20.8,0.0 (cmd 4.6),0.0 (cmd 1.4)
1.1658,-23.48,5.1,0.0,5.19,1.38,0.0,5.2,-23.5,0.0 (cmd 5.1),0.0 (cmd 1.4)
1.1663,-25.67,4.78,0.0,6.41,1.3,0.0,6.4,-25.7,0.0 (cmd 4.8),0.0 (cmd 1.3)
1.1668000000000003,-24.95,3.93,0.0,7.95,1.14,0.0,8.0,-24.9,0.0 (cmd 3.9),0.0 (cmd 1.1)
1.1673,-22.98,2.46,0.0,9.65,0.9,0.0,9.7,-23.0,0.0 (cmd 2.5),0.0 (cmd 0.9)
1.1678,-18.23,0.16,0.0,11.73,0.6,0.0,11.7,-18.2,0.0 (cmd 0.2),0.0 (cmd 0.6)
1.1683,-14.26,-0.22,0.0,12.65,0.55,0.0,12.7,-14.3,0.0 (cmd -0.2),0.0 (cmd 0.6)
1.1688,-14.51,-1.41,0.0,12.65,0.45,0.0,12.7,-14.5,0.0 (cmd -1.4),0.0 (cmd 0.5)
1.1693000000000002,-13.27,-1.14,0.0,11.77,0.47,0.0,11.8,-13.3,0.0 (cmd -1.1),0.0 (cmd 0.5)
1.1698,-10.02,-1.7,0.0,7.66,0.42,0.0,7.7,-10.0,0.0 (cmd -1.7),0.0 (cmd 0.4)
1.1703,-7.71,-2.08,0.0,-0.09,0.27,0.0,-0.1,-7.7,0.0 (cmd -2.1),0.0 (cmd 0.3)
1.1708,-5.23,-2.38,0.0,-6.83,-0.06,0.0,-6.8,-5.2,0.0 (cmd -2.4),0.0 (cmd -0.1)
1.1713,-3.95,-2.79,0.0,-11.2,-0.85,0.0,-11.2,-4.0,0.0 (cmd -2.8),0.0 (cmd -0.8)
1.1718000000000002,-1.93,-2.77,0.0,-15.1,-1.13,0.0,-15.1,-1.9,0.0 (cmd -2.8),0.0 (cmd -1.1)
1.1723,-1.01,-2.98,0.0,-17.52,-1.49,0.0,-17.5,-1.0,0.0 (cmd -3.0),0.0 (cmd -1.5)
1.1728,-0.21,-3.05,0.0,-17.47,-1.07,0.0,-17.5,-0.2,0.0 (cmd -3.0),0.0 (cmd -1.1)
1.1733,1.63,-3.18,0.0,-16.42,-0.58,0.0,-16.4,1.6,0.0 (cmd -3.2),0.0 (cmd -0.6)
1.1738,3.04,-3.13,0.0,-13.41,-0.14,0.0,-13.4,3.0,0.0 (cmd -3.1),0.0 (cmd -0.1)
1.1743000000000001,4.06,-3.04,0.0,-10.0,0.07,0.0,-10.0,4.1,0.0 (cmd -3.0),0.0 (cmd 0.1)
1.1747999999999998,4.66,-2.83,0.0,-8.64,0.28,0.0,-8.6,4.7,0.0 (cmd -2.8),0.0 (cmd 0.3)
1.1753,5.34,-2.57,0.0,-8.95,0.33,0.0,-8.9,5.3,0.0 (cmd -2.6),0.0 (cmd 0.3)
1.1758,4.94,-2.51,0.0,-8.23,0.3,0.0,-8.2,4.9,0.0 (cmd -2.5),0.0 (cmd 0.3)
1.1763,3.85,-1.89,0.0,-7.0,0.47,0.0,-7.0,3.9,0.0 (cmd -1.9),0.0 (cmd 0.5)
1.1768000000000003,0.13,-1.47,0.0,-5.86,0.55,0.0,-5.9,0.1,0.0 (cmd -1.5),0.0 (cmd 0.6)
1.1773,-2.56,-0.29,0.0,-3.61,0.78,0.0,-3.6,-2.6,0.0 (cmd -0.3),0.0 (cmd 0.8)
1.1778,-5.89,0.88,0.0,-0.17,0.99,0.0,-0.2,-5.9,0.0 (cmd 0.9),0.0 (cmd 1.0)
1.1783,-15.2,1.97,0.0,1.84,1.09,0.0,1.8,-15.2,0.0 (cmd 2.0),0.0 (cmd 1.1)
1.1787999999999998,-16.68,3.65,0.0,2.49,1.23,0.0,2.5,-16.7,0.0 (cmd 3.6),0.0 (cmd 1.2)
1.1793000000000002,-18.89,3.55,0.0,3.46,1.09,0.0,3.5,-18.9,0.0 (cmd 3.5),0.0 (cmd 1.1)
1.1798,-20.2,3.14,0.0,4.35,0.96,0.0,4.3,-20.2,0.0 (cmd 3.1),0.0 (cmd 1.0)
1.1803,-21.16,2.69,0.0,5.05,0.85,0.0,5.0,-21.2,0.0 (cmd 2.7),0.0 (cmd 0.8)
1.1807999999999998,-20.3,2.11,0.0,5.7,0.76,0.0,5.7,-20.3,0.0 (cmd 2.1),0.0 (cmd 0.8)
1.1813,-19.81,1.23,0.0,6.21,0.65,0.0,6.2,-19.8,0.0 (cmd 1.2),0.0 (cmd 0.7)
1.1818000000000002,-18.02,0.34,0.0,8.13,0.5,0.0,8.1,-18.0,0.0 (cmd 0.3),0.0 (cmd 0.5)
1.1823,-17.07,-0.03,0.0,8.54,0.5,0.0,8.5,-17.1,0.0 (cmd -0.0),0.0 (cmd 0.5)
1.1827999999999999,-15.57,-0.47,0.0,8.91,0.45,0.0,8.9,-15.6,0.0 (cmd -0.5),0.0 (cmd 0.5)
1.1833,-14.14,-1.03,0.0,9.35,0.4,0.0,9.3,-14.1,0.0 (cmd -1.0),0.0 (cmd 0.4)
1.1838,-13.45,-1.16,0.0,9.78,0.4,0.0,9.8,-13.4,0.0 (cmd -1.2),0.0 (cmd 0.4)
1.1843000000000001,-9.98,-1.83,0.0,9.13,0.37,0.0,9.1,-10.0,0.0 (cmd -1.8),0.0 (cmd 0.4)
1.1847999999999999,-9.37,-1.88,0.0,5.83,0.35,0.0,5.8,-9.4,0.0 (cmd -1.9),0.0 (cmd 0.3)
1.1853,-7.38,-2.03,0.0,1.64,0.22,0.0,1.6,-7.4,0.0 (cmd -2.0),0.0 (cmd 0.2)
1.1858,-5.1,-2.26,0.0,-4.33,-0.17,0.0,-4.3,-5.1,0.0 (cmd -2.3),0.0 (cmd -0.2)
1.1863,-3.74,-2.4,0.0,-8.37,-0.7,0.0,-8.4,-3.7,0.0 (cmd -2.4),0.0 (cmd -0.7)
1.1868,-1.41,-2.6,0.0,-12.85,-1.01,0.0,-12.8,-1.4,0.0 (cmd -2.6),0.0 (cmd -1.0)
1.1873,-0.89,-2.91,0.0,-14.05,-1.14,0.0,-14.1,-0.9,0.0 (cmd -2.9),0.0 (cmd -1.1)
1.1878,-0.61,-2.81,0.0,-13.03,-0.75,0.0,-13.0,-0.6,0.0 (cmd -2.8),0.0 (cmd -0.8)
1.1883,0.12,-2.67,0.0,-10.79,-0.31,0.0,-10.8,0.1,0.0 (cmd -2.7),0.0 (cmd -0.3)
1.1887999999999999,1.4,-2.61,0.0,-7.49,0.0,0.0,-7.5,1.4,0.0 (cmd -2.6),0.0 (cmd 0.0)
1.1893000000000002,2.61,-2.42,0.0,-6.11,0.15,0.0,-6.1,2.6,0.0 (cmd -2.4),0.0 (cmd 0.1)
1.1898,3.29,-2.33,0.0,-5.27,0.2,0.0,-5.3,3.3,0.0 (cmd -2.3),0.0 (cmd 0.2)
1.1903,3.05,-2.08,0.0,-2.82,0.28,0.0,-2.8,3.0,0.0 (cmd -2.1),0.0 (cmd 0.3)
1.1907999999999999,2.76,-1.57,0.0,0.49,0.43,0.0,0.5,2.8,0.0 (cmd -1.6),0.0 (cmd 0.4)
1.1913,2.68,-1.25,0.0,1.42,0.49,0.0,1.4,2.7,0.0 (cmd -1.2),0.0 (cmd 0.5)
1.1918000000000002,2.7,-1.06,0.0,2.73,0.48,0.0,2.7,2.7,0.0 (cmd -1.1),0.0 (cmd 0.5)
1.1923,2.75,-0.94,0.0,3.82,0.45,0.0,3.8,2.8,0.0 (cmd -0.9),0.0 (cmd 0.5)
1.1927999999999999,2.76,-0.91,0.0,3.62,0.34,0.0,3.6,2.8,0.0 (cmd -0.9),0.0 (cmd 0.3)
1.1933,2.38,-0.88,0.0,3.95,0.27,0.0,4.0,2.4,0.0 (cmd -0.9),0.0 (cmd 0.3)
1.1938,1.92,-0.7,0.0,4.48,0.26,0.0,4.5,1.9,0.0 (cmd -0.7),0.0 (cmd 0.3)
1.1943000000000001,1.8,-0.56,0.0,4.74,0.25,0.0,4.7,1.8,0.0 (cmd -0.6),0.0 (cmd 0.2)
1.1947999999999999,2.02,-0.59,0.0,5.08,0.22,0.0,5.1,2.0,0.0 (cmd -0.6),0.0 (cmd 0.2)
1.1953,2.58,-0.77,0.0,5.34,0.17,0.0,5.3,2.6,0.0 (cmd -0.8),0.0 (cmd 0.2)
1.1958,2.91,-0.81,0.0,5.3,0.13,0.0,5.3,2.9,0.0 (cmd -0.8),0.0 (cmd 0.1)
1.1963,2.93,-0.88,0.0,5.17,0.09,0.0,5.2,2.9,0.0 (cmd -0.9),0.0 (cmd 0.1)
1.1968,2.66,-0.85,0.0,5.04,0.07,0.0,5.0,2.7,0.0 (cmd -0.8),0.0 (cmd 0.1)
1.1973,2.2,-0.7,0.0,4.99,0.08,0.0,5.0,2.2,0.0 (cmd -0.7),0.0 (cmd 0.1)
1.1978,1.96,-0.64,0.0,5.02,0.08,0.0,5.0,2.0,0.0 (cmd -0.6),0.0 (cmd 0.1)
1.1983,1.84,-0.6,0.0,5.04,0.08,0.0,5.0,1.8,0.0 (cmd -0.6),0.0 (cmd 0.1)
1.1987999999999999,1.88,-0.62,0.0,5.18,0.08,0.0,5.2,1.9,0.0 (cmd -0.6),0.0 (cmd 0.1)
1.1993000000000003,1.97,-0.67,0.0,5.25,0.07,0.0,5.2,2.0,0.0 (cmd -0.7),0.0 (cmd 0.1)
1.1998,2.21,-0.7,0.0,5.32,0.06,0.0,5.3,2.2,0.0 (cmd -0.7),0.0 (cmd 0.1)
1.2003,2.59,-0.77,0.0,5.39,0.05,0.0,5.4,2.6,0.0 (cmd -0.8),0.0 (cmd 0.1)
1.2007999999999999,2.83,-0.9,0.0,5.49,0.03,0.0,5.5,2.8,0.0 (cmd -0.9),0.0 (cmd 0.0)
1.2013,3.16,-0.92,0.0,5.6,0.03,0.0,5.6,3.2,0.0 (cmd -0.9),0.0 (cmd 0.0)
1.2018000000000002,3.47,-0.93,0.0,5.74,0.02,0.0,5.7,3.5,0.0 (cmd -0.9),0.0 (cmd 0.0)
1.2023,3.63,-0.96,0.0,5.84,0.02,0.0,5.8,3.6,0.0 (cmd -1.0),0.0 (cmd 0.0)
1.2027999999999999,3.86,-0.98,0.0,5.89,0.01,0.0,5.9,3.9,0.0 (cmd -1.0),0.0 (cmd 0.0)
1.2033,3.91,-0.95,0.0,5.89,0.01,0.0,5.9,3.9,0.0 (cmd -0.9),0.0 (cmd 0.0)
1.2038,3.75,-0.89,0.0,5.79,0.01,0.0,5.8,3.8,0.0 (cmd -0.9),0.0 (cmd 0.0)
1.2043000000000001,3.74,-0.84,0.0,5.74,0.01,0.0,5.7,3.7,0.0 (cmd -0.8),0.0 (cmd 0.0)
1.2047999999999999,3.8,-0.83,0.0,5.78,0.01,0.0,5.8,3.8,0.0 (cmd -0.8),0.0 (cmd 0.0)
1.2053,3.76,-0.82,0.0,5.65,0.01,0.0,5.7,3.8,0.0 (cmd -0.8),0.0 (cmd 0.0)
1.2058,3.7,-0.8,0.0,5.52,0.01,0.0,5.5,3.7,0.0 (cmd -0.8),0.0 (cmd 0.0)
1.2063,3.68,-0.79,0.0,5.4,0.0,0.0,5.4,3.7,0.0 (cmd -0.8),0.0 (cmd 0.0)
1.2068,3.64,-0.78,0.0,5.37,0.0,0.0,5.4,3.6,0.0 (cmd -0.8),0.0 (cmd 0.0)
1.2073,3.64,-0.77,0.0,5.3,0.01,0.0,5.3,3.6,0.0 (cmd -0.8),0.0 (cmd 0.0)
1.2078,3.71,-0.79,0.0,5.28,0.0,0.0,5.3,3.7,0.0 (cmd -0.8),0.0 (cmd 0.0)
1.2083,3.86,-0.81,0.0,5.29,0.0,0.0,5.3,3.9,0.0 (cmd -0.8),0.0 (cmd 0.0)
1.2087999999999999,3.91,-0.83,0.0,5.25,0.0,0.0,5.2,3.9,0.0 (cmd -0.8),0.0 (cmd 0.0)
1.2093000000000003,3.89,-0.82,0.0,5.18,0.0,0.0,5.2,3.9,0.0 (cmd -0.8),0.0 (cmd 0.0)
1.2098,3.86,-0.81,0.0,5.13,0.0,0.0,5.1,3.9,0.0 (cmd -0.8),0.0 (cmd 0.0)
1.2103,3.71,-0.77,0.0,5.08,0.01,0.0,5.1,3.7,0.0 (cmd -0.8),0.0 (cmd 0.0)
1.2107999999999999,3.66,-0.76,0.0,5.04,0.01,0.0,5.0,3.7,0.0 (cmd -0.8),0.0 (cmd 0.0)
1.2113,3.61,-0.75,0.0,5.19,0.02,0.0,5.2,3.6,0.0 (cmd -0.8),0.0 (cmd 0.0)
1.2118000000000002,3.75,-0.76,0.0,5.19,0.02,0.0,5.2,3.8,0.0 (cmd -0.8),0.0 (cmd 0.0)
1.2123,3.72,-0.78,0.0,5.06,0.01,0.0,5.1,3.7,0.0 (cmd -0.8),0.0 (cmd 0.0)
1.2127999999999999,3.45,-0.76,0.0,5.02,0.01,0.0,5.0,3.5,0.0 (cmd -0.8),0.0 (cmd 0.0)
1.2133,3.37,-0.72,0.0,4.92,0.02,0.0,4.9,3.4,0.0 (cmd -0.7),0.0 (cmd 0.0)
1.2138,3.29,-0.7,0.0,4.88,0.02,0.0,4.9,3.3,0.0 (cmd -0.7),0.0 (cmd 0.0)
1.2143000000000002,3.25,-0.7,0.0,4.84,0.02,0.0,4.8,3.2,0.0 (cmd -0.7),0.0 (cmd 0.0)
1.2147999999999999,3.21,-0.72,0.0,4.8,0.02,0.0,4.8,3.2,0.0 (cmd -0.7),0.0 (cmd 0.0)
1.2153,3.19,-0.72,0.0,4.82,0.02,0.0,4.8,3.2,0.0 (cmd -0.7),0.0 (cmd 0.0)
1.2158,3.15,-0.73,0.0,4.78,0.02,0.0,4.8,3.1,0.0 (cmd -0.7),0.0 (cmd 0.0)
1.2163,3.09,-0.73,0.0,4.73,0.02,0.0,4.7,3.1,0.0 (cmd -0.7),0.0 (cmd 0.0)
1.2168,2.93,-0.7,0.0,4.7,0.03,0.0,4.7,2.9,0.0 (cmd -0.7),0.0 (cmd 0.0)
1.2173,2.85,-0.7,0.0,4.63,0.03,0.0,4.6,2.9,0.0 (cmd -0.7),0.0 (cmd 0.0)
1.2178,2.79,-0.7,0.0,4.62,0.03,0.0,4.6,2.8,0.0 (cmd -0.7),0.0 (cmd 0.0)
1.2183,2.7,-0.7,0.0,4.47,0.03,0.0,4.5,2.7,0.0 (cmd -0.7),0.0 (cmd 0.0)
1.2187999999999999,2.66,-0.71,0.0,4.5,0.03,0.0,4.5,2.7,0.0 (cmd -0.7),0.0 (cmd 0.0)
1.2193000000000003,2.64,-0.71,0.0,4.46,0.03,0.0,4.5,2.6,0.0 (cmd -0.7),0.0 (cmd 0.0)
1.2198,2.6,-0.73,0.0,4.39,0.03,0.0,4.4,2.6,0.0 (cmd -0.7),0.0 (cmd 0.0)
1.2203,2.43,-0.72,0.0,4.27,0.03,0.0,4.3,2.4,0.0 (cmd -0.7),0.0 (cmd 0.0)
1.2207999999999999,2.41,-0.71,0.0,4.13,0.03,0.0,4.1,2.4,0.0 (cmd -0.7),0.0 (cmd 0.0)
1.2213,2.46,-0.74,0.0,4.01,0.02,0.0,4.0,2.5,0.0 (cmd -0.7),0.0 (cmd 0.0)
1.2218000000000002,2.47,-0.77,0.0,3.91,0.02,0.0,3.9,2.5,0.0 (cmd -0.8),0.0 (cmd 0.0)
1.2223,2.48,-0.78,0.0,3.79,0.01,0.0,3.8,2.5,0.0 (cmd -0.8),0.0 (cmd 0.0)
1.2227999999999999,2.48,-0.8,0.0,3.58,0.0,0.0,3.6,2.5,0.0 (cmd -0.8),0.0 (cmd 0.0)
1.2233,2.53,-0.82,0.0,3.39,0.0,0.0,3.4,2.5,0.0 (cmd -0.8),0.0 (cmd 0.0)
1.2238,2.4,-0.84,0.0,2.8,0.0,0.0,2.8,2.4,0.0 (cmd -0.8),0.0 (cmd 0.0)
1.2243000000000002,1.81,-0.76,0.0,2.67,0.0,0.0,2.7,1.8,0.0 (cmd -0.8),0.0 (cmd 0.0)
1.2247999999999999,1.09,-0.49,0.0,2.77,0.06,0.0,2.8,1.1,0.0 (cmd -0.5),0.0 (cmd 0.1)
1.2253,1.0,-0.52,0.0,3.83,0.1,0.0,3.8,1.0,0.0 (cmd -0.5),0.0 (cmd 0.1)
1.2258,1.16,-0.52,0.0,4.0,0.12,0.0,4.0,1.2,0.0 (cmd -0.5),0.0 (cmd 0.1)
1.2263,2.19,-0.61,0.0,3.99,0.1,0.0,4.0,2.2,0.0 (cmd -0.6),0.0 (cmd 0.1)
1.2268000000000001,2.24,-0.94,0.0,3.95,0.04,0.0,4.0,2.2,0.0 (cmd -0.9),0.0 (cmd 0.0)
1.2273,2.13,-0.87,0.0,3.91,0.04,0.0,3.9,2.1,0.0 (cmd -0.9),0.0 (cmd 0.0)
1.2278,2.1,-0.84,0.0,3.88,0.04,0.0,3.9,2.1,0.0 (cmd -0.8),0.0 (cmd 0.0)
1.2283,2.0,-0.82,0.0,3.78,0.04,0.0,3.8,2.0,0.0 (cmd -0.8),0.0 (cmd 0.0)
1.2288,1.94,-0.8,0.0,3.62,0.04,0.0,3.6,1.9,0.0 (cmd -0.8),0.0 (cmd 0.0)
1.2293000000000003,1.77,-0.77,0.0,3.32,0.04,0.0,3.3,1.8,0.0 (cmd -0.8),0.0 (cmd 0.0)
1.2298,0.78,-0.73,0.0,3.32,0.03,0.0,3.3,0.8,0.0 (cmd -0.7),0.0 (cmd 0.0)
1.2303,-0.5,-0.18,0.0,3.12,0.13,0.0,3.1,-0.5,0.0 (cmd -0.2),0.0 (cmd 0.1)
1.2308,-0.33,-0.32,0.0,1.58,0.09,0.0,1.6,-0.3,0.0 (cmd -0.3),0.0 (cmd 0.1)
1.2313,-0.14,-0.4,0.0,3.9,0.15,0.0,3.9,-0.1,0.0 (cmd -0.4),0.0 (cmd 0.1)
1.2318000000000002,0.34,-0.48,0.0,4.73,0.18,0.0,4.7,0.3,0.0 (cmd -0.5),0.0 (cmd 0.2)
1.2323,1.35,-0.68,0.0,4.65,0.13,0.0,4.7,1.4,0.0 (cmd -0.7),0.0 (cmd 0.1)
1.2328,1.81,-1.04,0.0,4.18,0.04,0.0,4.2,1.8,0.0 (cmd -1.0),0.0 (cmd 0.0)
1.2333,1.87,-1.04,0.0,3.92,0.01,0.0,3.9,1.9,0.0 (cmd -1.0),0.0 (cmd 0.0)
1.2338,1.92,-1.0,0.0,3.77,0.0,0.0,3.8,1.9,0.0 (cmd -1.0),0.0 (cmd 0.0)
1.2343000000000002,1.88,-0.97,0.0,3.77,0.0,0.0,3.8,1.9,0.0 (cmd -1.0),0.0 (cmd 0.0)
1.2348,0.9,-0.83,0.0,3.59,0.03,0.0,3.6,0.9,0.0 (cmd -0.8),0.0 (cmd 0.0)
1.2353,0.09,-0.67,0.0,2.97,0.04,0.0,3.0,0.1,0.0 (cmd -0.7),0.0 (cmd 0.0)
1.2358,-0.48,-0.39,0.0,1.92,0.08,0.0,1.9,-0.5,0.0 (cmd -0.4),0.0 (cmd 0.1)
1.2363,-0.07,-0.48,0.0,1.92,0.04,0.0,1.9,-0.1,0.0 (cmd -0.5),0.0 (cmd 0.0)
1.2368000000000001,0.07,-0.74,0.0,1.39,0.0,0.0,1.4,0.1,0.0 (cmd -0.7),0.0 (cmd 0.0)
1.2372999999999998,0.19,-0.79,0.0,1.44,0.0,0.0,1.4,0.2,0.0 (cmd -0.8),0.0 (cmd 0.0)
1.2378,0.33,-0.86,0.0,1.83,0.02,0.0,1.8,0.3,0.0 (cmd -0.9),0.0 (cmd 0.0)
1.2383,0.35,-0.82,0.0,2.17,0.06,0.0,2.2,0.3,0.0 (cmd -0.8),0.0 (cmd 0.1)
1.2388,0.37,-0.79,0.0,2.7,0.09,0.0,2.7,0.4,0.0 (cmd -0.8),0.0 (cmd 0.1)
1.2393000000000003,0.37,-0.79,0.0,2.78,0.1,0.0,2.8,0.4,0.0 (cmd -0.8),0.0 (cmd 0.1)
1.2398,0.38,-0.79,0.0,2.92,0.09,0.0,2.9,0.4,0.0 (cmd -0.8),0.0 (cmd 0.1)
1.2403,0.41,-0.78,0.0,3.05,0.1,0.0,3.0,0.4,0.0 (cmd -0.8),0.0 (cmd 0.1)
1.2408,0.45,-0.78,0.0,3.05,0.09,0.0,3.0,0.5,0.0 (cmd -0.8),0.0 (cmd 0.1)
1.2412999999999998,0.62,-0.81,0.0,2.88,0.08,0.0,2.9,0.6,0.0 (cmd -0.8),0.0 (cmd 0.1)
1.2418000000000002,0.9,-0.9,0.0,2.73,0.05,0.0,2.7,0.9,0.0 (cmd -0.9),0.0 (cmd 0.1)
1.2423,0.93,-0.92,0.0,2.49,0.03,0.0,2.5,0.9,0.0 (cmd -0.9),0.0 (cmd 0.0)
1.2428,1.05,-0.94,0.0,2.23,0.02,0.0,2.2,1.1,0.0 (cmd -0.9),0.0 (cmd 0.0)
1.2432999999999998,0.98,-0.94,0.0,1.87,0.02,0.0,1.9,1.0,0.0 (cmd -0.9),0.0 (cmd 0.0)
1.2438,0.87,-0.92,0.0,1.51,0.0,0.0,1.5,0.9,0.0 (cmd -0.9),0.0 (cmd 0.0)
1.2443000000000002,0.71,-0.9,0.0,0.77,0.01,0.0,0.8,0.7,0.0 (cmd -0.9),0.0 (cmd 0.0)
1.2448,0.49,-0.88,0.0,0.05,0.0,0.0,0.1,0.5,0.0 (cmd -0.9),0.0 (cmd 0.0)
1.2452999999999999,0.32,-0.85,0.0,-0.04,0.0,0.0,-0.0,0.3,0.0 (cmd -0.8),0.0 (cmd 0.0)
1.2458,0.52,-0.87,0.0,-0.2,0.02,0.0,-0.2,0.5,0.0 (cmd -0.9),0.0 (cmd 0.0)
1.2463,0.6,-0.93,0.0,-0.33,0.03,0.0,-0.3,0.6,0.0 (cmd -0.9),0.0 (cmd 0.0)
1.2468000000000001,1.13,-1.08,0.0,-0.1,0.02,0.0,-0.1,1.1,0.0 (cmd -1.1),0.0 (cmd 0.0)
1.2472999999999999,2.64,-1.09,0.0,-0.03,0.04,0.0,-0.0,2.6,0.0 (cmd -1.1),0.0 (cmd 0.0)
1.2478,4.08,-1.58,0.0,0.2,-0.03,0.0,0.2,4.1,0.0 (cmd -1.6),0.0 (cmd -0.0)
1.2483,4.67,-1.54,0.0,2.26,0.06,0.0,2.3,4.7,0.0 (cmd -1.5),0.0 (cmd 0.1)
1.2488,4.61,-1.52,0.0,2.45,0.05,0.0,2.5,4.6,0.0 (cmd -1.5),0.0 (cmd 0.1)
1.2493,3.93,-1.21,0.0,2.45,0.09,0.0,2.5,3.9,0.0 (cmd -1.2),0.0 (cmd 0.1)
1.2498,2.31,-1.09,0.0,2.2,0.09,0.0,2.2,2.3,0.0 (cmd -1.1),0.0 (cmd 0.1)
1.2503,2.15,-0.67,0.0,1.09,0.12,0.0,1.1,2.1,0.0 (cmd -0.7),0.0 (cmd 0.1)
1.2508,1.71,-0.67,0.0,0.77,0.1,0.0,0.8,1.7,0.0 (cmd -0.7),0.0 (cmd 0.1)
1.2512999999999999,1.65,-0.67,0.0,0.21,0.08,0.0,0.2,1.6,0.0 (cmd -0.7),0.0 (cmd 0.1)
1.2518000000000002,1.7,-0.75,0.0,0.21,0.07,0.0,0.2,1.7,0.0 (cmd -0.8),0.0 (cmd 0.1)
1.2523,1.94,-0.83,0.0,0.21,0.07,0.0,0.2,1.9,0.0 (cmd -0.8),0.0 (cmd 0.1)
1.2528,1.99,-0.91,0.0,-0.11,0.06,0.0,-0.1,2.0,0.0 (cmd -0.9),0.0 (cmd 0.1)
1.2532999999999999,2.07,-0.94,0.0,0.49,0.06,0.0,0.5,2.1,0.0 (cmd -0.9),0.0 (cmd 0.1)
1.2538,2.11,-0.87,0.0,1.48,0.13,0.0,1.5,2.1,0.0 (cmd -0.9),0.0 (cmd 0.1)
1.2543000000000002,2.24,-0.78,0.0,2.67,0.2,0.0,2.7,2.2,0.0 (cmd -0.8),0.0 (cmd 0.2)
1.2548,2.63,-0.85,0.0,2.72,0.16,0.0,2.7,2.6,0.0 (cmd -0.8),0.0 (cmd 0.2)
1.2552999999999999,3.03,-0.95,0.0,2.67,0.12,0.0,2.7,3.0,0.0 (cmd -0.9),0.0 (cmd 0.1)
1.2558,3.66,-1.14,0.0,2.57,0.06,0.0,2.6,3.7,0.0 (cmd -1.1),0.0 (cmd 0.1)
1.2563,3.85,-1.17,0.0,1.92,0.02,0.0,1.9,3.9,0.0 (cmd -1.2),0.0 (cmd 0.0)
1.2568000000000001,3.91,-1.22,0.0,1.28,-0.02,0.0,1.3,3.9,0.0 (cmd -1.2),0.0 (cmd -0.0)
1.2572999999999999,3.86,-1.16,0.0,1.15,-0.01,0.0,1.1,3.9,0.0 (cmd -1.2),0.0 (cmd -0.0)
1.2578,3.6,-1.09,0.0,1.17,0.0,0.0,1.2,3.6,0.0 (cmd -1.1),0.0 (cmd 0.0)
1.2583,3.19,-0.97,0.0,1.26,0.04,0.0,1.3,3.2,0.0 (cmd -1.0),0.0 (cmd 0.0)
1.2588,3.05,-0.83,0.0,1.87,0.08,0.0,1.9,3.0,0.0 (cmd -0.8),0.0 (cmd 0.1)
1.2593,3.03,-0.78,0.0,2.66,0.12,0.0,2.7,3.0,0.0 (cmd -0.8),0.0 (cmd 0.1)
1.2598,3.03,-0.76,0.0,2.85,0.13,0.0,2.9,3.0,0.0 (cmd -0.8),0.0 (cmd 0.1)
1.2603,3.03,-0.76,0.0,2.93,0.13,0.0,2.9,3.0,0.0 (cmd -0.8),0.0 (cmd 0.1)
1.2608,3.38,-0.83,0.0,2.61,0.09,0.0,2.6,3.4,0.0 (cmd -0.8),0.0 (cmd 0.1)
1.2612999999999999,3.58,-0.92,0.0,2.48,0.05,0.0,2.5,3.6,0.0 (cmd -0.9),0.0 (cmd 0.1)
1.2618000000000003,3.35,-0.97,0.0,1.72,0.02,0.0,1.7,3.4,0.0 (cmd -1.0),0.0 (cmd 0.0)
1.2623,3.05,-0.9,0.0,1.11,0.02,0.0,1.1,3.0,0.0 (cmd -0.9),0.0 (cmd 0.0)
1.2628,2.81,-0.84,0.0,0.94,0.02,0.0,0.9,2.8,0.0 (cmd -0.8),0.0 (cmd 0.0)
1.2632999999999999,2.65,-0.87,0.0,0.28,0.01,0.0,0.3,2.6,0.0 (cmd -0.9),0.0 (cmd 0.0)
1.2638,2.51,-0.87,0.0,0.0,0.02,0.0,0.0,2.5,0.0 (cmd -0.9),0.0 (cmd 0.0)
1.2643000000000002,1.82,-0.84,0.0,0.0,0.04,0.0,0.0,1.8,0.0 (cmd -0.8),0.0 (cmd 0.0)
1.2648,1.59,-0.68,0.0,0.07,0.09,0.0,0.1,1.6,0.0 (cmd -0.7),0.0 (cmd 0.1)
1.2652999999999999,2.0,-0.77,0.0,0.26,0.1,0.0,0.3,2.0,0.0 (cmd -0.8),0.0 (cmd 0.1)
1.2658,2.37,-0.86,0.0,0.56,0.1,0.0,0.6,2.4,0.0 (cmd -0.9),0.0 (cmd 0.1)
1.2663,2.33,-0.96,0.0,0.74,0.09,0.0,0.7,2.3,0.0 (cmd -1.0),0.0 (cmd 0.1)
1.2668000000000001,2.02,-0.81,0.0,1.4,0.15,0.0,1.4,2.0,0.0 (cmd -0.8),0.0 (cmd 0.1)
1.2672999999999999,2.02,-0.79,0.0,0.09,0.14,0.0,0.1,2.0,0.0 (cmd -0.8),0.0 (cmd 0.1)
1.2678,1.06,-0.65,0.0,0.11,0.11,0.0,0.1,1.1,0.0 (cmd -0.7),0.0 (cmd 0.1)
1.2683,1.37,-0.66,0.0,0.44,0.12,0.0,0.4,1.4,0.0 (cmd -0.7),0.0 (cmd 0.1)
1.2688,2.57,-0.85,0.0,0.6,0.11,0.0,0.6,2.6,0.0 (cmd -0.8),0.0 (cmd 0.1)
1.2693,2.46,-1.1,0.0,1.16,0.07,0.0,1.2,2.5,0.0 (cmd -1.1),0.0 (cmd 0.1)
1.2698,2.1,-0.89,0.0,1.68,0.13,0.0,1.7,2.1,0.0 (cmd -0.9),0.0 (cmd 0.1)
1.2703,1.93,-0.81,0.0,1.49,0.15,0.0,1.5,1.9,0.0 (cmd -0.8),0.0 (cmd 0.1)
1.2708,1.58,-0.77,0.0,0.92,0.12,0.0,0.9,1.6,0.0 (cmd -0.8),0.0 (cmd 0.1)
1.2712999999999999,1.25,-0.75,0.0,0.78,0.1,0.0,0.8,1.2,0.0 (cmd -0.8),0.0 (cmd 0.1)
1.2718000000000003,0.74,-0.68,0.0,0.77,0.12,0.0,0.8,0.7,0.0 (cmd -0.7),0.0 (cmd 0.1)
1.2723,0.75,-0.66,0.0,0.82,0.12,0.0,0.8,0.8,0.0 (cmd -0.7),0.0 (cmd 0.1)
1.2728,1.02,-0.75,0.0,1.98,0.12,0.0,2.0,1.0,0.0 (cmd -0.8),0.0 (cmd 0.1)
1.2732999999999999,1.42,-0.72,0.0,2.71,0.17,0.0,2.7,1.4,0.0 (cmd -0.7),0.0 (cmd 0.2)
1.2738,1.58,-0.87,0.0,2.14,0.11,0.0,2.1,1.6,0.0 (cmd -0.9),0.0 (cmd 0.1)
1.2743000000000002,1.94,-0.99,0.0,2.24,0.08,0.0,2.2,1.9,0.0 (cmd -1.0),0.0 (cmd 0.1)
1.2748,1.82,-0.95,0.0,2.27,0.09,0.0,2.3,1.8,0.0 (cmd -0.9),0.0 (cmd 0.1)
1.2752999999999999,1.28,-0.77,0.0,2.27,0.11,0.0,2.3,1.3,0.0 (cmd -0.8),0.0 (cmd 0.1)
1.2758,1.11,-0.75,0.0,2.31,0.11,0.0,2.3,1.1,0.0 (cmd -0.8),0.0 (cmd 0.1)
1.2763,1.22,-0.76,0.0,2.2,0.1,0.0,2.2,1.2,0.0 (cmd -0.8),0.0 (cmd 0.1)
1.2768000000000002,0.93,-0.8,0.0,2.09,0.08,0.0,2.1,0.9,0.0 (cmd -0.8),0.0 (cmd 0.1)
1.2772999999999999,0.82,-0.72,0.0,2.0,0.09,0.0,2.0,0.8,0.0 (cmd -0.7),0.0 (cmd 0.1)
1.2778,0.31,-0.6,0.0,1.96,0.11,0.0,2.0,0.3,0.0 (cmd -0.6),0.0 (cmd 0.1)
1.2783,-0.33,-0.61,0.0,1.97,0.11,0.0,2.0,-0.3,0.0 (cmd -0.6),0.0 (cmd 0.1)
1.2788,-0.35,-0.52,0.0,2.01,0.13,0.0,2.0,-0.3,0.0 (cmd -0.5),0.0 (cmd 0.1)
1.2793,-0.98,-0.41,0.0,1.99,0.15,0.0,2.0,-1.0,0.0 (cmd -0.4),0.0 (cmd 0.1)
1.2798,-1.04,-0.47,0.0,1.94,0.14,0.0,1.9,-1.0,0.0 (cmd -0.5),0.0 (cmd 0.1)
1.2803,-0.93,-0.56,0.0,1.83,0.12,0.0,1.8,-0.9,0.0 (cmd -0.6),0.0 (cmd 0.1)
1.2808000000000002,-0.62,-0.66,0.0,1.64,0.09,0.0,1.6,-0.6,0.0 (cmd -0.7),0.0 (cmd 0.1)
1.2812999999999999,-0.63,-0.77,0.0,1.5,0.08,0.0,1.5,-0.6,0.0 (cmd -0.8),0.0 (cmd 0.1)
1.2818000000000003,-0.83,-0.77,0.0,1.45,0.07,0.0,1.4,-0.8,0.0 (cmd -0.8),0.0 (cmd 0.1)
1.2823,-1.07,-0.73,0.0,1.38,0.09,0.0,1.4,-1.1,0.0 (cmd -0.7),0.0 (cmd 0.1)
1.2828,-1.17,-0.69,0.0,1.28,0.09,0.0,1.3,-1.2,0.0 (cmd -0.7),0.0 (cmd 0.1)
1.2833,-1.17,-0.72,0.0,1.26,0.09,0.0,1.3,-1.2,0.0 (cmd -0.7),0.0 (cmd 0.1)
1.2838,-1.2,-0.74,0.0,1.11,0.08,0.0,1.1,-1.2,0.0 (cmd -0.7),0.0 (cmd 0.1)
1.2843000000000002,-1.31,-0.74,0.0,1.12,0.09,0.0,1.1,-1.3,0.0 (cmd -0.7),0.0 (cmd 0.1)
1.2848,-1.36,-0.75,0.0,1.17,0.1,0.0,1.2,-1.4,0.0 (cmd -0.8),0.0 (cmd 0.1)
1.2852999999999999,-1.38,-0.74,0.0,1.18,0.1,0.0,1.2,-1.4,0.0 (cmd -0.7),0.0 (cmd 0.1)
1.2858000000000003,-1.37,-0.77,0.0,1.09,0.1,0.0,1.1,-1.4,0.0 (cmd -0.8),0.0 (cmd 0.1)
1.2863,-1.43,-0.77,0.0,1.06,0.1,0.0,1.1,-1.4,0.0 (cmd -0.8),0.0 (cmd 0.1)
1.2868000000000002,-1.42,-0.78,0.0,1.04,0.1,0.0,1.0,-1.4,0.0 (cmd -0.8),0.0 (cmd 0.1)
1.2872999999999999,-1.33,-0.81,0.0,1.04,0.09,0.0,1.0,-1.3,0.0 (cmd -0.8),0.0 (cmd 0.1)
1.2878,-1.02,-0.83,0.0,1.07,0.09,0.0,1.1,-1.0,0.0 (cmd -0.8),0.0 (cmd 0.1)
1.2883000000000002,-0.78,-0.95,0.0,1.09,0.08,0.0,1.1,-0.8,0.0 (cmd -0.9),0.0 (cmd 0.1)
1.2888,-0.44,-1.02,0.0,1.13,0.06,0.0,1.1,-0.4,0.0 (cmd -1.0),0.0 (cmd 0.1)
1.2893000000000001,-0.45,-1.0,0.0,1.21,0.07,0.0,1.2,-0.5,0.0 (cmd -1.0),0.0 (cmd 0.1)
1.2898,-0.6,-0.93,0.0,1.94,0.09,0.0,1.9,-0.6,0.0 (cmd -0.9),0.0 (cmd 0.1)
1.2903,-0.65,-0.83,0.0,1.87,0.12,0.0,1.9,-0.7,0.0 (cmd -0.8),0.0 (cmd 0.1)
1.2908000000000002,-0.83,-0.81,0.0,1.66,0.11,0.0,1.7,-0.8,0.0 (cmd -0.8),0.0 (cmd 0.1)
1.2913,-0.88,-0.79,0.0,1.58,0.1,0.0,1.6,-0.9,0.0 (cmd -0.8),0.0 (cmd 0.1)
1.2918000000000003,-0.92,-0.78,0.0,1.51,0.1,0.0,1.5,-0.9,0.0 (cmd -0.8),0.0 (cmd 0.1)
1.2923,-0.88,-0.79,0.0,1.56,0.1,0.0,1.6,-0.9,0.0 (cmd -0.8),0.0 (cmd 0.1)
1.2928,-0.8,-0.81,0.0,1.87,0.09,0.0,1.9,-0.8,0.0 (cmd -0.8),0.0 (cmd 0.1)
1.2933000000000001,-0.52,-0.82,0.0,2.11,0.11,0.0,2.1,-0.5,0.0 (cmd -0.8),0.0 (cmd 0.1)
1.2938,-0.29,-0.87,0.0,2.43,0.1,0.0,2.4,-0.3,0.0 (cmd -0.9),0.0 (cmd 0.1)
1.2943000000000002,0.0,-0.95,0.0,2.71,0.09,0.0,2.7,0.0,0.0 (cmd -0.9),0.0 (cmd 0.1)
1.2948,0.6,-0.96,0.0,2.94,0.09,0.0,2.9,0.6,0.0 (cmd -1.0),0.0 (cmd 0.1)
1.2953,0.99,-1.09,0.0,2.99,0.06,0.0,3.0,1.0,0.0 (cmd -1.1),0.0 (cmd 0.1)
1.2958000000000003,1.3,-1.14,0.0,3.02,0.04,0.0,3.0,1.3,0.0 (cmd -1.1),0.0 (cmd 0.0)
1.2963,1.4,-1.09,0.0,2.98,0.04,0.0,3.0,1.4,0.0 (cmd -1.1),0.0 (cmd 0.0)
1.2968000000000002,1.47,-1.05,0.0,3.05,0.04,0.0,3.0,1.5,0.0 (cmd -1.1),0.0 (cmd 0.0)
1.2973,1.74,-1.03,0.0,3.17,0.04,0.0,3.2,1.7,0.0 (cmd -1.0),0.0 (cmd 0.0)
1.2978,2.15,-1.09,0.0,3.18,0.03,0.0,3.2,2.1,0.0 (cmd -1.1),0.0 (cmd 0.0)
1.2983000000000002,2.33,-1.12,0.0,3.19,0.01,0.0,3.2,2.3,0.0 (cmd -1.1),0.0 (cmd 0.0)
1.2988,2.04,-1.04,0.0,3.34,0.02,0.0,3.3,2.0,0.0 (cmd -1.0),0.0 (cmd 0.0)
1.2993000000000001,1.61,-0.86,0.0,4.13,0.06,0.0,4.1,1.6,0.0 (cmd -0.9),0.0 (cmd 0.1)
1.2997999999999998,1.31,-0.67,0.0,4.32,0.13,0.0,4.3,1.3,0.0 (cmd -0.7),0.0 (cmd 0.1)
1.3003,0.83,-0.58,0.0,4.64,0.14,0.0,4.6,0.8,0.0 (cmd -0.6),0.0 (cmd 0.1)
1.3008000000000002,0.5,-0.48,0.0,5.02,0.15,0.0,5.0,0.5,0.0 (cmd -0.5),0.0 (cmd 0.1)
1.3013,0.24,-0.42,0.0,5.49,0.17,0.0,5.5,0.2,0.0 (cmd -0.4),0.0 (cmd 0.2)
1.3018000000000003,0.08,-0.42,0.0,5.73,0.18,0.0,5.7,0.1,0.0 (cmd -0.4),0.0 (cmd 0.2)
1.3023,-0.11,-0.37,0.0,6.78,0.21,0.0,6.8,-0.1,0.0 (cmd -0.4),0.0 (cmd 0.2)
1.3028,-0.16,-0.38,0.0,6.86,0.2,0.0,6.9,-0.2,0.0 (cmd -0.4),0.0 (cmd 0.2)
1.3033000000000001,-0.72,-0.42,0.0,6.96,0.18,0.0,7.0,-0.7,0.0 (cmd -0.4),0.0 (cmd 0.2)
1.3037999999999998,-1.05,-0.3,0.0,7.28,0.19,0.0,7.3,-1.1,0.0 (cmd -0.3),0.0 (cmd 0.2)
1.3043000000000002,-1.12,-0.27,0.0,7.42,0.19,0.0,7.4,-1.1,0.0 (cmd -0.3),0.0 (cmd 0.2)
1.3048,-1.07,-0.34,0.0,7.63,0.19,0.0,7.6,-1.1,0.0 (cmd -0.3),0.0 (cmd 0.2)
1.3053,-0.92,-0.42,0.0,7.63,0.17,0.0,7.6,-0.9,0.0 (cmd -0.4),0.0 (cmd 0.2)
1.3058,-0.81,-0.51,0.0,7.69,0.15,0.0,7.7,-0.8,0.0 (cmd -0.5),0.0 (cmd 0.1)
1.3063,-0.85,-0.56,0.0,7.72,0.14,0.0,7.7,-0.8,0.0 (cmd -0.6),0.0 (cmd 0.1)
1.3068000000000002,-1.16,-0.5,0.0,7.69,0.15,0.0,7.7,-1.2,0.0 (cmd -0.5),0.0 (cmd 0.1)
1.3073,-1.43,-0.44,0.0,7.7,0.16,0.0,7.7,-1.4,0.0 (cmd -0.4),0.0 (cmd 0.2)
1.3077999999999999,-1.61,-0.45,0.0,7.75,0.16,0.0,7.8,-1.6,0.0 (cmd -0.5),0.0 (cmd 0.2)
1.3083000000000002,-1.75,-0.43,0.0,7.81,0.17,0.0,7.8,-1.8,0.0 (cmd -0.4),0.0 (cmd 0.2)
1.3088,-1.81,-0.44,0.0,7.88,0.17,0.0,7.9,-1.8,0.0 (cmd -0.4),0.0 (cmd 0.2)
1.3093000000000001,-1.71,-0.48,0.0,7.81,0.18,0.0,7.8,-1.7,0.0 (cmd -0.5),0.0 (cmd 0.2)
1.3097999999999999,-1.41,-0.61,0.0,7.73,0.17,0.0,7.7,-1.4,0.0 (cmd -0.6),0.0 (cmd 0.2)
1.3103,-1.35,-0.64,0.0,7.68,0.16,0.0,7.7,-1.4,0.0 (cmd -0.6),0.0 (cmd 0.2)
1.3108000000000002,-1.35,-0.65,0.0,7.59,0.16,0.0,7.6,-1.4,0.0 (cmd -0.7),0.0 (cmd 0.2)
1.3113,-1.37,-0.65,0.0,7.49,0.15,0.0,7.5,-1.4,0.0 (cmd -0.7),0.0 (cmd 0.1)
1.3118,-1.4,-0.64,0.0,7.45,0.15,0.0,7.5,-1.4,0.0 (cmd -0.6),0.0 (cmd 0.1)
1.3123,-1.4,-0.64,0.0,7.41,0.15,0.0,7.4,-1.4,0.0 (cmd -0.6),0.0 (cmd 0.1)
1.3128,-1.19,-0.64,0.0,7.38,0.14,0.0,7.4,-1.2,0.0 (cmd -0.6),0.0 (cmd 0.1)
1.3133000000000001,-1.1,-0.71,0.0,7.29,0.14,0.0,7.3,-1.1,0.0 (cmd -0.7),0.0 (cmd 0.1)
1.3137999999999999,-0.47,-0.8,0.0,7.27,0.13,0.0,7.3,-0.5,0.0 (cmd -0.8),0.0 (cmd 0.1)
1.3143000000000002,-0.08,-0.88,0.0,7.2,0.12,0.0,7.2,-0.1,0.0 (cmd -0.9),0.0 (cmd 0.1)
1.3148,0.15,-0.92,0.0,7.12,0.11,0.0,7.1,0.1,0.0 (cmd -0.9),0.0 (cmd 0.1)
1.3153,0.24,-0.93,0.0,7.07,0.1,0.0,7.1,0.2,0.0 (cmd -0.9),0.0 (cmd 0.1)
1.3158,0.13,-0.88,0.0,6.97,0.09,0.0,7.0,0.1,0.0 (cmd -0.9),0.0 (cmd 0.1)
1.3163,0.03,-0.8,0.0,6.85,0.09,0.0,6.8,0.0,0.0 (cmd -0.8),0.0 (cmd 0.1)
1.3168000000000002,0.12,-0.75,0.0,7.03,0.09,0.0,7.0,0.1,0.0 (cmd -0.8),0.0 (cmd 0.1)
1.3173,0.21,-0.76,0.0,7.18,0.09,0.0,7.2,0.2,0.0 (cmd -0.8),0.0 (cmd 0.1)
1.3177999999999999,0.75,-0.84,0.0,7.18,0.09,0.0,7.2,0.8,0.0 (cmd -0.8),0.0 (cmd 0.1)
1.3183000000000002,1.04,-0.91,0.0,7.06,0.08,0.0,7.1,1.0,0.0 (cmd -0.9),0.0 (cmd 0.1)
1.3188,1.31,-0.94,0.0,6.69,0.06,0.0,6.7,1.3,0.0 (cmd -0.9),0.0 (cmd 0.1)
1.3193000000000001,1.74,-0.95,0.0,6.5,0.05,0.0,6.5,1.7,0.0 (cmd -0.9),0.0 (cmd 0.1)
1.3197999999999999,1.97,-0.99,0.0,6.35,0.03,0.0,6.3,2.0,0.0 (cmd -1.0),0.0 (cmd 0.0)
1.3203,2.48,-1.04,0.0,6.27,0.01,0.0,6.3,2.5,0.0 (cmd -1.0),0.0 (cmd 0.0)
1.3208000000000002,2.91,-1.14,0.0,6.21,0.0,0.0,6.2,2.9,0.0 (cmd -1.1),0.0 (cmd 0.0)
1.3213,3.11,-1.09,0.0,6.13,0.0,0.0,6.1,3.1,0.0 (cmd -1.1),0.0 (cmd 0.0)
1.3218,3.42,-1.14,0.0,5.99,-0.02,0.0,6.0,3.4,0.0 (cmd -1.1),0.0 (cmd -0.0)
1.3223,3.68,-1.11,0.0,5.81,-0.03,0.0,5.8,3.7,0.0 (cmd -1.1),0.0 (cmd -0.0)
1.3228,3.85,-1.08,0.0,5.74,-0.04,0.0,5.7,3.9,0.0 (cmd -1.1),0.0 (cmd -0.0)
1.3233000000000001,4.06,-1.04,0.0,5.64,-0.03,0.0,5.6,4.1,0.0 (cmd -1.0),0.0 (cmd -0.0)
1.3237999999999999,4.2,-1.07,0.0,5.5,-0.05,0.0,5.5,4.2,0.0 (cmd -1.1),0.0 (cmd -0.1)
1.3243000000000003,4.26,-1.03,0.0,5.4,-0.04,0.0,5.4,4.3,0.0 (cmd -1.0),0.0 (cmd -0.0)
1.3248,4.17,-0.98,0.0,5.24,-0.04,0.0,5.2,4.2,0.0 (cmd -1.0),0.0 (cmd -0.0)
1.3253,4.12,-0.93,0.0,5.19,-0.03,0.0,5.2,4.1,0.0 (cmd -0.9),0.0 (cmd -0.0)
1.3258,4.25,-0.88,0.0,5.13,-0.01,0.0,5.1,4.2,0.0 (cmd -0.9),0.0 (cmd -0.0)
1.3263,4.38,-0.91,0.0,5.12,-0.02,0.0,5.1,4.4,0.0 (cmd -0.9),0.0 (cmd -0.0)
1.3268000000000002,4.58,-0.93,0.0,5.09,-0.02,0.0,5.1,4.6,0.0 (cmd -0.9),0.0 (cmd -0.0)
1.3273,4.58,-0.94,0.0,4.92,-0.02,0.0,4.9,4.6,0.0 (cmd -0.9),0.0 (cmd -0.0)
1.3277999999999999,4.3,-0.9,0.0,4.61,-0.02,0.0,4.6,4.3,0.0 (cmd -0.9),0.0 (cmd -0.0)
1.3283000000000003,4.14,-0.81,0.0,4.32,-0.02,0.0,4.3,4.1,0.0 (cmd -0.8),0.0 (cmd -0.0)
1.3288,3.88,-0.76,0.0,4.1,-0.01,0.0,4.1,3.9,0.0 (cmd -0.8),0.0 (cmd -0.0)
1.3293000000000001,3.78,-0.75,0.0,4.03,0.0,0.0,4.0,3.8,0.0 (cmd -0.8),0.0 (cmd 0.0)
1.3297999999999999,3.63,-0.74,0.0,4.02,0.0,0.0,4.0,3.6,0.0 (cmd -0.7),0.0 (cmd 0.0)
1.3303,3.53,-0.72,0.0,4.13,0.01,0.0,4.1,3.5,0.0 (cmd -0.7),0.0 (cmd 0.0)
1.3308000000000002,3.44,-0.71,0.0,4.19,0.02,0.0,4.2,3.4,0.0 (cmd -0.7),0.0 (cmd 0.0)
1.3313,3.28,-0.69,0.0,4.32,0.04,0.0,4.3,3.3,0.0 (cmd -0.7),0.0 (cmd 0.0)
1.3318,3.09,-0.68,0.0,4.4,0.04,0.0,4.4,3.1,0.0 (cmd -0.7),0.0 (cmd 0.0)
1.3323,3.0,-0.64,0.0,4.35,0.05,0.0,4.3,3.0,0.0 (cmd -0.6),0.0 (cmd 0.1)
1.3328,2.87,-0.64,0.0,4.29,0.05,0.0,4.3,2.9,0.0 (cmd -0.6),0.0 (cmd 0.1)
1.3333000000000002,2.82,-0.66,0.0,4.4,0.05,0.0,4.4,2.8,0.0 (cmd -0.7),0.0 (cmd 0.1)
1.3337999999999999,2.94,-0.67,0.0,4.41,0.05,0.0,4.4,2.9,0.0 (cmd -0.7),0.0 (cmd 0.1)
1.3343000000000003,3.18,-0.77,0.0,4.24,0.03,0.0,4.2,3.2,0.0 (cmd -0.8),0.0 (cmd 0.0)
1.3348,3.24,-0.85,0.0,4.12,0.0,0.0,4.1,3.2,0.0 (cmd -0.8),0.0 (cmd 0.0)
1.3353,3.2,-0.83,0.0,4.11,0.01,0.0,4.1,3.2,0.0 (cmd -0.8),0.0 (cmd 0.0)
1.3358,3.2,-0.82,0.0,4.17,0.01,0.0,4.2,3.2,0.0 (cmd -0.8),0.0 (cmd 0.0)
1.3363,2.83,-0.78,0.0,4.28,0.02,0.0,4.3,2.8,0.0 (cmd -0.8),0.0 (cmd 0.0)
1.3368000000000002,2.52,-0.69,0.0,4.18,0.04,0.0,4.2,2.5,0.0 (cmd -0.7),0.0 (cmd 0.0)
1.3373,2.39,-0.65,0.0,4.08,0.05,0.0,4.1,2.4,0.0 (cmd -0.7),0.0 (cmd 0.1)
1.3377999999999999,2.31,-0.64,0.0,4.08,0.05,0.0,4.1,2.3,0.0 (cmd -0.6),0.0 (cmd 0.1)
1.3383000000000003,2.37,-0.68,0.0,4.07,0.05,0.0,4.1,2.4,0.0 (cmd -0.7),0.0 (cmd 0.1)
1.3388,2.42,-0.72,0.0,4.07,0.04,0.0,4.1,2.4,0.0 (cmd -0.7),0.0 (cmd 0.0)
1.3393000000000002,2.4,-0.74,0.0,4.06,0.04,0.0,4.1,2.4,0.0 (cmd -0.7),0.0 (cmd 0.0)
1.3397999999999999,2.36,-0.74,0.0,4.04,0.04,0.0,4.0,2.4,0.0 (cmd -0.7),0.0 (cmd 0.0)
1.3403,2.35,-0.75,0.0,4.05,0.04,0.0,4.0,2.4,0.0 (cmd -0.8),0.0 (cmd 0.0)
1.3408000000000002,2.37,-0.76,0.0,4.07,0.04,0.0,4.1,2.4,0.0 (cmd -0.8),0.0 (cmd 0.0)
1.3413,2.38,-0.77,0.0,4.07,0.04,0.0,4.1,2.4,0.0 (cmd -0.8),0.0 (cmd 0.0)
1.3418,2.38,-0.77,0.0,4.05,0.03,0.0,4.0,2.4,0.0 (cmd -0.8),0.0 (cmd 0.0)
1.3423,2.36,-0.77,0.0,4.01,0.03,0.0,4.0,2.4,0.0 (cmd -0.8),0.0 (cmd 0.0)
1.3428,2.18,-0.77,0.0,4.01,0.03,0.0,4.0,2.2,0.0 (cmd -0.8),0.0 (cmd 0.0)
1.3433000000000002,2.18,-0.73,0.0,4.04,0.04,0.0,4.0,2.2,0.0 (cmd -0.7),0.0 (cmd 0.0)
1.3437999999999999,2.2,-0.75,0.0,4.06,0.04,0.0,4.1,2.2,0.0 (cmd -0.8),0.0 (cmd 0.0)
1.3443000000000003,2.17,-0.76,0.0,4.05,0.04,0.0,4.0,2.2,0.0 (cmd -0.8),0.0 (cmd 0.0)
1.3448,2.15,-0.76,0.0,4.02,0.04,0.0,4.0,2.1,0.0 (cmd -0.8),0.0 (cmd 0.0)
1.3453,2.01,-0.75,0.0,4.0,0.04,0.0,4.0,2.0,0.0 (cmd -0.8),0.0 (cmd 0.0)
1.3458,1.84,-0.71,0.0,3.97,0.05,0.0,4.0,1.8,0.0 (cmd -0.7),0.0 (cmd 0.1)
1.3463,1.79,-0.71,0.0,3.89,0.05,0.0,3.9,1.8,0.0 (cmd -0.7),0.0 (cmd 0.1)
1.3468000000000002,1.7,-0.7,0.0,3.8,0.04,0.0,3.8,1.7,0.0 (cmd -0.7),0.0 (cmd 0.0)
1.3473,1.58,-0.71,0.0,3.72,0.04,0.0,3.7,1.6,0.0 (cmd -0.7),0.0 (cmd 0.0)
1.3477999999999999,1.5,-0.7,0.0,3.68,0.04,0.0,3.7,1.5,0.0 (cmd -0.7),0.0 (cmd 0.0)
1.3483000000000003,1.35,-0.68,0.0,3.62,0.05,0.0,3.6,1.4,0.0 (cmd -0.7),0.0 (cmd 0.1)
1.3488,1.08,-0.64,0.0,3.48,0.06,0.0,3.5,1.1,0.0 (cmd -0.6),0.0 (cmd 0.1)
1.3493000000000002,0.9,-0.66,0.0,3.35,0.05,0.0,3.4,0.9,0.0 (cmd -0.7),0.0 (cmd 0.1)
1.3497999999999999,0.74,-0.63,0.0,3.21,0.06,0.0,3.2,0.7,0.0 (cmd -0.6),0.0 (cmd 0.1)
1.3503,0.61,-0.63,0.0,3.16,0.05,0.0,3.2,0.6,0.0 (cmd -0.6),0.0 (cmd 0.1)
1.3508000000000002,0.5,-0.65,0.0,3.02,0.06,0.0,3.0,0.5,0.0 (cmd -0.7),0.0 (cmd 0.1)
1.3513,0.46,-0.67,0.0,2.85,0.05,0.0,2.9,0.5,0.0 (cmd -0.7),0.0 (cmd 0.1)
1.3518000000000001,0.31,-0.7,0.0,2.5,0.04,0.0,2.5,0.3,0.0 (cmd -0.7),0.0 (cmd 0.0)
1.3523,0.26,-0.69,0.0,2.28,0.04,0.0,2.3,0.3,0.0 (cmd -0.7),0.0 (cmd 0.0)
1.3528,-0.02,-0.7,0.0,2.06,0.04,0.0,2.1,-0.0,0.0 (cmd -0.7),0.0 (cmd 0.0)
1.3533000000000002,-0.14,-0.68,0.0,2.06,0.05,0.0,2.1,-0.1,0.0 (cmd -0.7),0.0 (cmd 0.1)
1.3538,-0.18,-0.67,0.0,2.2,0.07,0.0,2.2,-0.2,0.0 (cmd -0.7),0.0 (cmd 0.1)
1.3543000000000003,-0.07,-0.7,0.0,2.3,0.07,0.0,2.3,-0.1,0.0 (cmd -0.7),0.0 (cmd 0.1)
1.3548,-0.01,-0.75,0.0,2.29,0.07,0.0,2.3,-0.0,0.0 (cmd -0.8),0.0 (cmd 0.1)
1.3553,0.05,-0.78,0.0,2.22,0.07,0.0,2.2,0.1,0.0 (cmd -0.8),0.0 (cmd 0.1)
1.3558000000000001,0.07,-0.8,0.0,2.19,0.06,0.0,2.2,0.1,0.0 (cmd -0.8),0.0 (cmd 0.1)
1.3563,-0.03,-0.81,0.0,2.1,0.06,0.0,2.1,-0.0,0.0 (cmd -0.8),0.0 (cmd 0.1)
1.3568000000000002,0.0,-0.79,0.0,2.01,0.07,0.0,2.0,0.0,0.0 (cmd -0.8),0.0 (cmd 0.1)
1.3573,0.04,-0.83,0.0,1.95,0.06,0.0,1.9,0.0,0.0 (cmd -0.8),0.0 (cmd 0.1)
1.3578,0.16,-0.81,0.0,2.06,0.07,0.0,2.1,0.2,0.0 (cmd -0.8),0.0 (cmd 0.1)
1.3583000000000003,0.44,-0.84,0.0,2.21,0.07,0.0,2.2,0.4,0.0 (cmd -0.8),0.0 (cmd 0.1)
1.3588,0.87,-0.97,0.0,2.46,0.06,0.0,2.5,0.9,0.0 (cmd -1.0),0.0 (cmd 0.1)
1.3593000000000002,1.15,-1.02,0.0,2.62,0.05,0.0,2.6,1.1,0.0 (cmd -1.0),0.0 (cmd 0.1)
1.3598,1.47,-1.01,0.0,3.33,0.06,0.0,3.3,1.5,0.0 (cmd -1.0),0.0 (cmd 0.1)
1.3603,2.31,-1.03,0.0,4.35,0.07,0.0,4.3,2.3,0.0 (cmd -1.0),0.0 (cmd 0.1)
1.3608000000000002,3.01,-1.2,0.0,5.32,0.08,0.0,5.3,3.0,0.0 (cmd -1.2),0.0 (cmd 0.1)
1.3613,3.24,-1.19,0.0,5.51,0.09,0.0,5.5,3.2,0.0 (cmd -1.2),0.0 (cmd 0.1)
1.3618000000000001,3.24,-1.09,0.0,5.55,0.08,0.0,5.5,3.2,0.0 (cmd -1.1),0.0 (cmd 0.1)
1.3622999999999998,3.32,-1.03,0.0,5.18,0.06,0.0,5.2,3.3,0.0 (cmd -1.0),0.0 (cmd 0.1)
1.3628,3.35,-1.0,0.0,4.82,0.03,0.0,4.8,3.4,0.0 (cmd -1.0),0.0 (cmd 0.0)
1.3633000000000002,3.44,-0.99,0.0,4.56,0.0,0.0,4.6,3.4,0.0 (cmd -1.0),0.0 (cmd 0.0)
1.3638,3.15,-0.92,0.0,4.6,0.0,0.0,4.6,3.1,0.0 (cmd -0.9),0.0 (cmd 0.0)
1.3643000000000003,2.42,-0.78,0.0,4.61,0.03,0.0,4.6,2.4,0.0 (cmd -0.8),0.0 (cmd 0.0)
1.3648,1.1,-0.66,0.0,4.43,0.05,0.0,4.4,1.1,0.0 (cmd -0.7),0.0 (cmd 0.1)
1.3653,1.14,-0.37,0.0,3.67,0.08,0.0,3.7,1.1,0.0 (cmd -0.4),0.0 (cmd 0.1)
1.3658000000000001,1.43,-0.56,0.0,3.06,0.04,0.0,3.1,1.4,0.0 (cmd -0.6),0.0 (cmd 0.0)
1.3662999999999998,1.74,-0.75,0.0,2.68,0.0,0.0,2.7,1.7,0.0 (cmd -0.8),0.0 (cmd 0.0)
1.3668000000000002,1.81,-0.82,0.0,2.72,-0.02,0.0,2.7,1.8,0.0 (cmd -0.8),0.0 (cmd -0.0)
1.3673,1.98,-0.84,0.0,2.96,0.0,0.0,3.0,2.0,0.0 (cmd -0.8),0.0 (cmd 0.0)
1.3678,2.71,-0.99,0.0,3.05,0.0,0.0,3.0,2.7,0.0 (cmd -1.0),0.0 (cmd 0.0)
1.3683,4.19,-1.34,0.0,3.37,-0.05,0.0,3.4,4.2,0.0 (cmd -1.3),0.0 (cmd -0.1)
1.3688,4.38,-1.27,0.0,6.29,0.02,0.0,6.3,4.4,0.0 (cmd -1.3),0.0 (cmd 0.0)
1.3693000000000002,4.25,-1.05,0.0,6.25,0.11,0.0,6.2,4.2,0.0 (cmd -1.1),0.0 (cmd 0.1)
1.3698,4.2,-0.94,0.0,5.95,0.09,0.0,6.0,4.2,0.0 (cmd -0.9),0.0 (cmd 0.1)
1.3702999999999999,4.05,-0.92,0.0,5.45,0.04,0.0,5.5,4.0,0.0 (cmd -0.9),0.0 (cmd 0.0)
1.3708000000000002,3.67,-0.84,0.0,5.19,0.03,0.0,5.2,3.7,0.0 (cmd -0.8),0.0 (cmd 0.0)
1.3713,2.78,-0.72,0.0,4.85,0.03,0.0,4.8,2.8,0.0 (cmd -0.7),0.0 (cmd 0.0)
1.3718000000000001,1.37,-0.51,0.0,4.46,0.05,0.0,4.5,1.4,0.0 (cmd -0.5),0.0 (cmd 0.1)
1.3722999999999999,0.75,-0.17,0.0,3.57,0.11,0.0,3.6,0.8,0.0 (cmd -0.2),0.0 (cmd 0.1)
1.3728,0.76,-0.32,0.0,2.78,0.06,0.0,2.8,0.8,0.0 (cmd -0.3),0.0 (cmd 0.1)
1.3733000000000002,0.74,-0.48,0.0,2.6,0.01,0.0,2.6,0.7,0.0 (cmd -0.5),0.0 (cmd 0.0)
1.3738,0.81,-0.55,0.0,2.71,0.02,0.0,2.7,0.8,0.0 (cmd -0.6),0.0 (cmd 0.0)
1.3743,0.98,-0.64,0.0,2.89,0.03,0.0,2.9,1.0,0.0 (cmd -0.6),0.0 (cmd 0.0)
1.3748,1.07,-0.71,0.0,3.02,0.03,0.0,3.0,1.1,0.0 (cmd -0.7),0.0 (cmd 0.0)
1.3753,1.96,-0.76,0.0,3.11,0.04,0.0,3.1,2.0,0.0 (cmd -0.8),0.0 (cmd 0.0)
1.3758000000000001,3.19,-1.04,0.0,3.29,0.0,0.0,3.3,3.2,0.0 (cmd -1.0),0.0 (cmd 0.0)
1.3762999999999999,3.56,-1.32,0.0,6.58,-0.02,0.0,6.6,3.6,0.0 (cmd -1.3),0.0 (cmd -0.0)
1.3768000000000002,3.88,-1.09,0.0,6.83,0.14,0.0,6.8,3.9,0.0 (cmd -1.1),0.0 (cmd 0.1)
1.3773,3.75,-1.0,0.0,6.75,0.12,0.0,6.8,3.8,0.0 (cmd -1.0),0.0 (cmd 0.1)
1.3778,3.92,-0.92,0.0,6.55,0.09,0.0,6.5,3.9,0.0 (cmd -0.9),0.0 (cmd 0.1)
1.3783,3.92,-0.93,0.0,6.28,0.06,0.0,6.3,3.9,0.0 (cmd -0.9),0.0 (cmd 0.1)
1.3788,3.05,-0.81,0.0,5.67,0.04,0.0,5.7,3.0,0.0 (cmd -0.8),0.0 (cmd 0.0)
1.3793000000000002,1.57,-0.59,0.0,4.3,0.02,0.0,4.3,1.6,0.0 (cmd -0.6),0.0 (cmd 0.0)
1.3798,0.74,-0.29,0.0,3.66,0.06,0.0,3.7,0.7,0.0 (cmd -0.3),0.0 (cmd 0.1)
1.3802999999999999,0.8,-0.36,0.0,3.33,0.02,0.0,3.3,0.8,0.0 (cmd -0.4),0.0 (cmd 0.0)
1.3808000000000002,1.07,-0.52,0.0,3.27,0.01,0.0,3.3,1.1,0.0 (cmd -0.5),0.0 (cmd 0.0)
1.3813,1.22,-0.67,0.0,3.31,0.0,0.0,3.3,1.2,0.0 (cmd -0.7),0.0 (cmd 0.0)
1.3818000000000001,1.37,-0.71,0.0,3.5,0.01,0.0,3.5,1.4,0.0 (cmd -0.7),0.0 (cmd 0.0)
1.3822999999999999,1.74,-0.75,0.0,3.63,0.03,0.0,3.6,1.7,0.0 (cmd -0.8),0.0 (cmd 0.0)
1.3828,2.16,-0.91,0.0,3.85,0.01,0.0,3.9,2.2,0.0 (cmd -0.9),0.0 (cmd 0.0)
1.3833000000000002,2.66,-0.84,0.0,6.02,0.09,0.0,6.0,2.7,0.0 (cmd -0.8),0.0 (cmd 0.1)
1.3838,3.76,-1.12,0.0,6.47,0.09,0.0,6.5,3.8,0.0 (cmd -1.1),0.0 (cmd 0.1)
1.3843,4.21,-1.2,0.0,6.45,0.05,0.0,6.5,4.2,0.0 (cmd -1.2),0.0 (cmd 0.1)
1.3848,4.1,-1.11,0.0,6.22,0.04,0.0,6.2,4.1,0.0 (cmd -1.1),0.0 (cmd 0.0)
1.3853,3.92,-0.99,0.0,6.12,0.02,0.0,6.1,3.9,0.0 (cmd -1.0),0.0 (cmd 0.0)
1.3858000000000001,3.53,-0.89,0.0,5.83,0.03,0.0,5.8,3.5,0.0 (cmd -0.9),0.0 (cmd 0.0)
1.3862999999999999,2.81,-0.75,0.0,5.25,0.02,0.0,5.2,2.8,0.0 (cmd -0.8),0.0 (cmd 0.0)
1.3868000000000003,2.1,-0.53,0.0,4.6,0.03,0.0,4.6,2.1,0.0 (cmd -0.5),0.0 (cmd 0.0)
1.3873,1.09,-0.32,0.0,4.24,0.06,0.0,4.2,1.1,0.0 (cmd -0.3),0.0 (cmd 0.1)
1.3878,0.83,-0.35,0.0,4.02,0.05,0.0,4.0,0.8,0.0 (cmd -0.3),0.0 (cmd 0.1)
1.3883,0.35,-0.33,0.0,4.05,0.06,0.0,4.0,0.3,0.0 (cmd -0.3),0.0 (cmd 0.1)
1.3888,0.6,-0.4,0.0,4.22,0.07,0.0,4.2,0.6,0.0 (cmd -0.4),0.0 (cmd 0.1)
1.3893000000000002,1.14,-0.55,0.0,4.58,0.07,0.0,4.6,1.1,0.0 (cmd -0.6),0.0 (cmd 0.1)
1.3898,1.42,-0.72,0.0,4.71,0.06,0.0,4.7,1.4,0.0 (cmd -0.7),0.0 (cmd 0.1)
1.3902999999999999,1.53,-0.77,0.0,5.1,0.05,0.0,5.1,1.5,0.0 (cmd -0.8),0.0 (cmd 0.1)
1.3908000000000003,1.65,-0.77,0.0,5.61,0.07,0.0,5.6,1.6,0.0 (cmd -0.8),0.0 (cmd 0.1)
1.3913,2.32,-0.77,0.0,5.96,0.09,0.0,6.0,2.3,0.0 (cmd -0.8),0.0 (cmd 0.1)
1.3918000000000001,2.58,-0.93,0.0,6.04,0.06,0.0,6.0,2.6,0.0 (cmd -0.9),0.0 (cmd 0.1)
1.3922999999999999,2.59,-0.91,0.0,5.96,0.05,0.0,6.0,2.6,0.0 (cmd -0.9),0.0 (cmd 0.1)
1.3928,2.66,-0.88,0.0,5.96,0.04,0.0,6.0,2.7,0.0 (cmd -0.9),0.0 (cmd 0.0)
1.3933000000000002,2.71,-0.87,0.0,5.97,0.04,0.0,6.0,2.7,0.0 (cmd -0.9),0.0 (cmd 0.0)
1.3938,2.83,-0.88,0.0,5.91,0.03,0.0,5.9,2.8,0.0 (cmd -0.9),0.0 (cmd 0.0)
1.3943,2.75,-0.85,0.0,5.8,0.02,0.0,5.8,2.8,0.0 (cmd -0.8),0.0 (cmd 0.0)
1.3948,2.63,-0.8,0.0,5.67,0.02,0.0,5.7,2.6,0.0 (cmd -0.8),0.0 (cmd 0.0)
1.3953,2.42,-0.74,0.0,5.4,0.03,0.0,5.4,2.4,0.0 (cmd -0.7),0.0 (cmd 0.0)
1.3958000000000002,1.79,-0.67,0.0,4.94,0.02,0.0,4.9,1.8,0.0 (cmd -0.7),0.0 (cmd 0.0)
1.3962999999999999,1.43,-0.58,0.0,4.44,0.02,0.0,4.4,1.4,0.0 (cmd -0.6),0.0 (cmd 0.0)
1.3968000000000003,1.32,-0.59,0.0,4.27,0.01,0.0,4.3,1.3,0.0 (cmd -0.6),0.0 (cmd 0.0)
1.3973,1.29,-0.59,0.0,4.3,0.02,0.0,4.3,1.3,0.0 (cmd -0.6),0.0 (cmd 0.0)
1.3978,1.49,-0.64,0.0,4.46,0.03,0.0,4.5,1.5,0.0 (cmd -0.6),0.0 (cmd 0.0)
1.3983,1.71,-0.71,0.0,4.5,0.03,0.0,4.5,1.7,0.0 (cmd -0.7),0.0 (cmd 0.0)
1.3988,1.76,-0.79,0.0,4.46,0.02,0.0,4.5,1.8,0.0 (cmd -0.8),0.0 (cmd 0.0)
1.3993000000000002,1.75,-0.77,0.0,4.36,0.02,0.0,4.4,1.8,0.0 (cmd -0.8),0.0 (cmd 0.0)
1.3998,1.86,-0.79,0.0,4.41,0.02,0.0,4.4,1.9,0.0 (cmd -0.8),0.0 (cmd 0.0)
1.4002999999999999,1.97,-0.79,0.0,4.7,0.03,0.0,4.7,2.0,0.0 (cmd -0.8),0.0 (cmd 0.0)
1.4008000000000003,2.23,-0.82,0.0,5.17,0.05,0.0,5.2,2.2,0.0 (cmd -0.8),0.0 (cmd 0.1)
1.4013,2.94,-0.93,0.0,5.43,0.04,0.0,5.4,2.9,0.0 (cmd -0.9),0.0 (cmd 0.0)
1.4018000000000002,3.28,-0.98,0.0,5.67,0.03,0.0,5.7,3.3,0.0 (cmd -1.0),0.0 (cmd 0.0)
1.4022999999999999,3.47,-1.02,0.0,5.78,0.02,0.0,5.8,3.5,0.0 (cmd -1.0),0.0 (cmd 0.0)
1.4028,3.59,-0.99,0.0,5.89,0.02,0.0,5.9,3.6,0.0 (cmd -1.0),0.0 (cmd 0.0)
1.4033000000000002,3.78,-0.97,0.0,5.9,0.02,0.0,5.9,3.8,0.0 (cmd -1.0),0.0 (cmd 0.0)
1.4038,3.77,-0.98,0.0,5.75,0.01,0.0,5.8,3.8,0.0 (cmd -1.0),0.0 (cmd 0.0)
1.4043,3.36,-0.91,0.0,5.21,0.0,0.0,5.2,3.4,0.0 (cmd -0.9),0.0 (cmd 0.0)
1.4048,2.26,-0.68,0.0,4.9,0.01,0.0,4.9,2.3,0.0 (cmd -0.7),0.0 (cmd 0.0)
1.4053,1.66,-0.53,0.0,4.49,0.04,0.0,4.5,1.7,0.0 (cmd -0.5),0.0 (cmd 0.0)
1.4058000000000002,1.41,-0.41,0.0,3.62,0.05,0.0,3.6,1.4,0.0 (cmd -0.4),0.0 (cmd 0.1)
1.4062999999999999,1.61,-0.53,0.0,3.27,0.01,0.0,3.3,1.6,0.0 (cmd -0.5),0.0 (cmd 0.0)
1.4068000000000003,2.03,-0.7,0.0,2.99,-0.02,0.0,3.0,2.0,0.0 (cmd -0.7),0.0 (cmd -0.0)
1.4073,2.23,-0.83,0.0,2.75,-0.03,0.0,2.8,2.2,0.0 (cmd -0.8),0.0 (cmd -0.0)
1.4078,2.43,-0.91,0.0,2.73,-0.03,0.0,2.7,2.4,0.0 (cmd -0.9),0.0 (cmd -0.0)
1.4083,3.13,-0.96,0.0,2.75,-0.02,0.0,2.8,3.1,0.0 (cmd -1.0),0.0 (cmd -0.0)
1.4088,4.31,-1.11,0.0,4.22,-0.03,0.0,4.2,4.3,0.0 (cmd -1.1),0.0 (cmd -0.0)
1.4093000000000002,5.1,-1.39,0.0,5.21,0.01,0.0,5.2,5.1,0.0 (cmd -1.4),0.0 (cmd 0.0)
1.4098,5.22,-1.3,0.0,5.01,0.01,0.0,5.0,5.2,0.0 (cmd -1.3),0.0 (cmd 0.0)
1.4102999999999999,5.12,-1.21,0.0,4.73,0.0,0.0,4.7,5.1,0.0 (cmd -1.2),0.0 (cmd 0.0)
1.4108000000000003,4.93,-1.11,0.0,4.28,-0.02,0.0,4.3,4.9,0.0 (cmd -1.1),0.0 (cmd -0.0)
1.4113,4.55,-0.97,0.0,4.05,-0.02,0.0,4.0,4.5,0.0 (cmd -1.0),0.0 (cmd -0.0)
1.4118000000000002,4.28,-0.84,0.0,4.32,0.01,0.0,4.3,4.3,0.0 (cmd -0.8),0.0 (cmd 0.0)
1.4122999999999999,3.63,-0.7,0.0,4.99,0.07,0.0,5.0,3.6,0.0 (cmd -0.7),0.0 (cmd 0.1)
1.4128,3.35,-0.54,0.0,5.6,0.1,0.0,5.6,3.4,0.0 (cmd -0.5),0.0 (cmd 0.1)
1.4133000000000002,-8.81,-0.38,0.0,6.16,0.15,0.0,6.2,-8.8,0.0 (cmd -0.4),0.0 (cmd 0.1)
1.4138,-14.91,2.69,0.0,6.63,0.76,0.0,6.6,-14.9,0.0 (cmd 2.7),0.0 (cmd 0.8)
1.4143000000000001,-17.36,4.03,0.0,7.15,0.98,0.0,7.2,-17.4,0.0 (cmd 4.0),0.0 (cmd 1.0)
1.4148,-19.55,3.96,0.0,7.61,0.95,0.0,7.6,-19.6,0.0 (cmd 4.0),0.0 (cmd 0.9)
1.4153,-19.8,3.25,0.0,7.87,0.84,0.0,7.9,-19.8,0.0 (cmd 3.2),0.0 (cmd 0.8)
1.4158000000000002,-17.71,2.11,0.0,8.33,0.68,0.0,8.3,-17.7,0.0 (cmd 2.1),0.0 (cmd 0.7)
1.4163,-17.71,1.09,0.0,8.51,0.54,0.0,8.5,-17.7,0.0 (cmd 1.1),0.0 (cmd 0.5)
1.4168000000000003,-14.93,0.24,0.0,9.69,0.46,0.0,9.7,-14.9,0.0 (cmd 0.2),0.0 (cmd 0.5)
1.4173,-10.76,-0.25,0.0,10.45,0.46,0.0,10.4,-10.8,0.0 (cmd -0.2),0.0 (cmd 0.5)
1.4178,-8.44,-1.8,0.0,10.34,0.4,0.0,10.3,-8.4,0.0 (cmd -1.8),0.0 (cmd 0.4)
1.4183000000000001,-7.61,-1.84,0.0,7.79,0.38,0.0,7.8,-7.6,0.0 (cmd -1.8),0.0 (cmd 0.4)
1.4188,-6.22,-1.89,0.0,4.24,0.23,0.0,4.2,-6.2,0.0 (cmd -1.9),0.0 (cmd 0.2)
1.4193000000000002,-2.9,-1.95,0.0,-1.69,0.09,0.0,-1.7,-2.9,0.0 (cmd -1.9),0.0 (cmd 0.1)
1.4198,-1.58,-2.41,0.0,-12.37,-0.67,0.0,-12.4,-1.6,0.0 (cmd -2.4),0.0 (cmd -0.7)
1.4203,0.5,-2.82,0.0,-14.07,-1.55,0.0,-14.1,0.5,0.0 (cmd -2.8),0.0 (cmd -1.6)
1.4208000000000003,0.72,-2.66,0.0,-19.92,-1.94,0.0,-19.9,0.7,0.0 (cmd -2.7),0.0 (cmd -1.9)
1.4213,1.06,-2.73,0.0,-22.26,-1.54,0.0,-22.3,1.1,0.0 (cmd -2.7),0.0 (cmd -1.5)
1.4218000000000002,1.32,-2.77,0.0,-24.19,-1.26,0.0,-24.2,1.3,0.0 (cmd -2.8),0.0 (cmd -1.3)
1.4223,2.65,-3.02,0.0,-24.33,-0.83,0.0,-24.3,2.6,0.0 (cmd -3.0),0.0 (cmd -0.8)
1.4228,3.02,-3.05,0.0,-23.74,-0.31,0.0,-23.7,3.0,0.0 (cmd -3.0),0.0 (cmd -0.3)
1.4233000000000002,3.22,-2.99,0.0,-23.37,0.14,0.0,-23.4,3.2,0.0 (cmd -3.0),0.0 (cmd 0.1)
1.4238,3.55,-2.85,0.0,-21.45,0.4,0.0,-21.4,3.5,0.0 (cmd -2.9),0.0 (cmd 0.4)
1.4243000000000001,3.42,-2.67,0.0,-9.96,0.59,0.0,-10.0,3.4,0.0 (cmd -2.7),0.0 (cmd 0.6)
1.4247999999999998,3.08,-1.71,0.0,-8.04,0.99,0.0,-8.0,3.1,0.0 (cmd -1.7),0.0 (cmd 1.0)
1.4253,-1.01,-0.72,0.0,-7.78,1.1,0.0,-7.8,-1.0,0.0 (cmd -0.7),0.0 (cmd 1.1)
1.4258000000000002,-10.16,-0.11,0.0,-7.79,1.1,0.0,-7.8,-10.2,0.0 (cmd -0.1),0.0 (cmd 1.1)
1.4263,-17.8,1.8,0.0,-5.11,1.34,0.0,-5.1,-17.8,0.0 (cmd 1.8),0.0 (cmd 1.3)
1.4268000000000003,-18.93,4.37,0.0,-2.12,1.58,0.0,-2.1,-18.9,0.0 (cmd 4.4),0.0 (cmd 1.6)
1.4273,-19.95,4.01,0.0,1.09,1.39,0.0,1.1,-19.9,0.0 (cmd 4.0),0.0 (cmd 1.4)
1.4278,-27.92,3.52,0.0,2.11,1.22,0.0,2.1,-27.9,0.0 (cmd 3.5),0.0 (cmd 1.2)
1.4283000000000001,-28.94,5.06,0.0,3.07,1.32,0.0,3.1,-28.9,0.0 (cmd 5.1),0.0 (cmd 1.3)
1.4287999999999998,-28.92,3.94,0.0,4.44,1.12,0.0,4.4,-28.9,0.0 (cmd 3.9),0.0 (cmd 1.1)
1.4293000000000002,-27.0,2.64,0.0,5.8,0.93,0.0,5.8,-27.0,0.0 (cmd 2.6),0.0 (cmd 0.9)
1.4298,-22.64,1.21,0.0,6.76,0.74,0.0,6.8,-22.6,0.0 (cmd 1.2),0.0 (cmd 0.7)
1.4303,-18.47,-0.38,0.0,8.59,0.52,0.0,8.6,-18.5,0.0 (cmd -0.4),0.0 (cmd 0.5)
1.4308,-14.33,-2.3,0.0,8.69,0.36,0.0,8.7,-14.3,0.0 (cmd -2.3),0.0 (cmd 0.4)
1.4313,-13.87,-2.16,0.0,8.61,0.36,0.0,8.6,-13.9,0.0 (cmd -2.2),0.0 (cmd 0.4)
1.4318000000000002,-12.6,-2.07,0.0,7.39,0.34,0.0,7.4,-12.6,0.0 (cmd -2.1),0.0 (cmd 0.3)
1.4323,-12.55,-1.95,0.0,2.63,0.26,0.0,2.6,-12.6,0.0 (cmd -1.9),0.0 (cmd 0.3)
1.4327999999999999,-11.42,-1.87,0.0,-4.86,0.0,0.0,-4.9,-11.4,0.0 (cmd -1.9),0.0 (cmd 0.0)
1.4333000000000002,-8.12,-2.22,0.0,-9.57,-0.42,0.0,-9.6,-8.1,0.0 (cmd -2.2),0.0 (cmd -0.4)
1.4338,-2.73,-3.36,0.0,-17.0,-1.25,0.0,-17.0,-2.7,0.0 (cmd -3.4),0.0 (cmd -1.2)
1.4343000000000001,-0.98,-3.65,0.0,-19.45,-1.55,0.0,-19.4,-1.0,0.0 (cmd -3.6),0.0 (cmd -1.6)
1.4347999999999999,-0.83,-3.54,0.0,-20.64,-1.31,0.0,-20.6,-0.8,0.0 (cmd -3.5),0.0 (cmd -1.3)
1.4353,-0.67,-3.34,0.0,-19.61,-0.74,0.0,-19.6,-0.7,0.0 (cmd -3.3),0.0 (cmd -0.7)
1.4358000000000002,-0.31,-3.12,0.0,-18.89,-0.19,0.0,-18.9,-0.3,0.0 (cmd -3.1),0.0 (cmd -0.2)
1.4363,0.77,-3.04,0.0,-18.31,0.04,0.0,-18.3,0.8,0.0 (cmd -3.0),0.0 (cmd 0.0)
1.4368,1.99,-2.82,0.0,-17.2,0.26,0.0,-17.2,2.0,0.0 (cmd -2.8),0.0 (cmd 0.3)
1.4373,2.74,-2.88,0.0,-14.59,0.37,0.0,-14.6,2.7,0.0 (cmd -2.9),0.0 (cmd 0.4)
1.4378,3.56,-2.77,0.0,-13.64,0.44,0.0,-13.6,3.6,0.0 (cmd -2.8),0.0 (cmd 0.4)
1.4383000000000001,3.72,-2.59,0.0,-12.35,0.5,0.0,-12.3,3.7,0.0 (cmd -2.6),0.0 (cmd 0.5)
1.4387999999999999,3.82,-2.29,0.0,-10.65,0.59,0.0,-10.7,3.8,0.0 (cmd -2.3),0.0 (cmd 0.6)
1.4393000000000002,3.04,-2.05,0.0,-8.0,0.63,0.0,-8.0,3.0,0.0 (cmd -2.0),0.0 (cmd 0.6)
1.4398,0.72,-1.29,0.0,-7.01,0.78,0.0,-7.0,0.7,0.0 (cmd -1.3),0.0 (cmd 0.8)
1.4403,-6.64,-0.34,0.0,-6.38,0.9,0.0,-6.4,-6.6,0.0 (cmd -0.3),0.0 (cmd 0.9)
1.4408,-11.09,1.45,0.0,-2.83,1.18,0.0,-2.8,-11.1,0.0 (cmd 1.4),0.0 (cmd 1.2)
1.4413,-18.74,4.05,0.0,0.17,1.48,0.0,0.2,-18.7,0.0 (cmd 4.0),0.0 (cmd 1.5)
1.4418000000000002,-21.58,4.25,0.0,0.95,1.36,0.0,0.9,-21.6,0.0 (cmd 4.2),0.0 (cmd 1.4)
1.4423,-22.76,4.03,0.0,1.07,1.19,0.0,1.1,-22.8,0.0 (cmd 4.0),0.0 (cmd 1.2)
1.4427999999999999,-23.33,3.14,0.0,1.44,0.96,0.0,1.4,-23.3,0.0 (cmd 3.1),0.0 (cmd 1.0)
1.4433000000000002,-23.36,2.47,0.0,2.09,0.83,0.0,2.1,-23.4,0.0 (cmd 2.5),0.0 (cmd 0.8)
1.4438,-22.75,1.73,0.0,3.14,0.71,0.0,3.1,-22.8,0.0 (cmd 1.7),0.0 (cmd 0.7)
1.4443000000000001,-19.18,0.59,0.0,4.15,0.58,0.0,4.2,-19.2,0.0 (cmd 0.6),0.0 (cmd 0.6)
1.4447999999999999,-15.18,-0.67,0.0,4.63,0.4,0.0,4.6,-15.2,0.0 (cmd -0.7),0.0 (cmd 0.4)
1.4453,-11.37,-1.55,0.0,4.66,0.29,0.0,4.7,-11.4,0.0 (cmd -1.6),0.0 (cmd 0.3)
1.4458000000000002,-10.04,-2.33,0.0,4.64,0.2,0.0,4.6,-10.0,0.0 (cmd -2.3),0.0 (cmd 0.2)
1.4463,-9.38,-2.11,0.0,4.75,0.18,0.0,4.8,-9.4,0.0 (cmd -2.1),0.0 (cmd 0.2)
1.4468,-7.8,-2.12,0.0,4.73,0.16,0.0,4.7,-7.8,0.0 (cmd -2.1),0.0 (cmd 0.2)
1.4473,-6.77,-2.16,0.0,4.14,0.12,0.0,4.1,-6.8,0.0 (cmd -2.2),0.0 (cmd 0.1)
1.4478,-5.88,-2.06,0.0,3.09,0.06,0.0,3.1,-5.9,0.0 (cmd -2.1),0.0 (cmd 0.1)
1.4483000000000001,-2.71,-2.42,0.0,1.55,-0.03,0.0,1.6,-2.7,0.0 (cmd -2.4),0.0 (cmd -0.0)
1.4487999999999999,-1.85,-2.57,0.0,-0.86,-0.16,0.0,-0.9,-1.9,0.0 (cmd -2.6),0.0 (cmd -0.2)
1.4493000000000003,-0.03,-2.73,0.0,-4.0,-0.34,0.0,-4.0,-0.0,0.0 (cmd -2.7),0.0 (cmd -0.3)
1.4498,0.43,-2.62,0.0,-7.81,-0.51,0.0,-7.8,0.4,0.0 (cmd -2.6),0.0 (cmd -0.5)
1.4503,0.99,-2.58,0.0,-11.31,-0.77,0.0,-11.3,1.0,0.0 (cmd -2.6),0.0 (cmd -0.8)
1.4508,1.14,-2.49,0.0,-12.51,-0.81,0.0,-12.5,1.1,0.0 (cmd -2.5),0.0 (cmd -0.8)
1.4513,1.19,-2.4,0.0,-15.55,-0.72,0.0,-15.6,1.2,0.0 (cmd -2.4),0.0 (cmd -0.7)
1.4518000000000002,1.65,-2.38,0.0,-16.07,-0.45,0.0,-16.1,1.6,0.0 (cmd -2.4),0.0 (cmd -0.5)
1.4523,1.99,-2.39,0.0,-15.55,-0.08,0.0,-15.6,2.0,0.0 (cmd -2.4),0.0 (cmd -0.1)
1.4527999999999999,2.12,-2.31,0.0,-13.62,0.16,0.0,-13.6,2.1,0.0 (cmd -2.3),0.0 (cmd 0.2)
1.4533000000000003,2.4,-2.08,0.0,-12.23,0.37,0.0,-12.2,2.4,0.0 (cmd -2.1),0.0 (cmd 0.4)
1.4538,2.83,-2.0,0.0,-9.87,0.47,0.0,-9.9,2.8,0.0 (cmd -2.0),0.0 (cmd 0.5)
1.4543000000000001,3.18,-1.83,0.0,-8.23,0.54,0.0,-8.2,3.2,0.0 (cmd -1.8),0.0 (cmd 0.5)
1.4547999999999999,3.55,-1.56,0.0,-5.94,0.66,0.0,-5.9,3.5,0.0 (cmd -1.6),0.0 (cmd 0.7)
1.4553,3.81,-1.64,0.0,-4.35,0.56,0.0,-4.3,3.8,0.0 (cmd -1.6),0.0 (cmd 0.6)
1.4558000000000002,3.83,-1.46,0.0,-3.79,0.59,0.0,-3.8,3.8,0.0 (cmd -1.5),0.0 (cmd 0.6)
1.4563,3.65,-1.33,0.0,-2.99,0.55,0.0,-3.0,3.6,0.0 (cmd -1.3),0.0 (cmd 0.6)
1.4568,3.37,-1.2,0.0,-2.36,0.52,0.0,-2.4,3.4,0.0 (cmd -1.2),0.0 (cmd 0.5)
1.4573,3.0,-1.03,0.0,-1.87,0.5,0.0,-1.9,3.0,0.0 (cmd -1.0),0.0 (cmd 0.5)
1.4578,2.86,-0.93,0.0,-1.37,0.47,0.0,-1.4,2.9,0.0 (cmd -0.9),0.0 (cmd 0.5)
1.4583000000000002,2.25,-0.89,0.0,-0.68,0.43,0.0,-0.7,2.2,0.0 (cmd -0.9),0.0 (cmd 0.4)
1.4587999999999999,1.95,-0.69,0.0,0.0,0.44,0.0,0.0,1.9,0.0 (cmd -0.7),0.0 (cmd 0.4)
1.4593000000000003,1.22,-0.59,0.0,0.78,0.43,0.0,0.8,1.2,0.0 (cmd -0.6),0.0 (cmd 0.4)
1.4598,0.93,-0.46,0.0,1.56,0.42,0.0,1.6,0.9,0.0 (cmd -0.5),0.0 (cmd 0.4)
1.4603,0.71,-0.36,0.0,2.53,0.41,0.0,2.5,0.7,0.0 (cmd -0.4),0.0 (cmd 0.4)
1.4608,0.66,-0.39,0.0,2.85,0.36,0.0,2.9,0.7,0.0 (cmd -0.4),0.0 (cmd 0.4)
1.4613,0.69,-0.46,0.0,3.06,0.3,0.0,3.1,0.7,0.0 (cmd -0.5),0.0 (cmd 0.3)
1.4618000000000002,0.71,-0.53,0.0,3.52,0.25,0.0,3.5,0.7,0.0 (cmd -0.5),0.0 (cmd 0.2)
1.4623,0.92,-0.57,0.0,3.67,0.22,0.0,3.7,0.9,0.0 (cmd -0.6),0.0 (cmd 0.2)
1.4627999999999999,1.18,-0.68,0.0,3.84,0.18,0.0,3.8,1.2,0.0 (cmd -0.7),0.0 (cmd 0.2)
1.4633000000000003,2.09,-0.76,0.0,4.11,0.15,0.0,4.1,2.1,0.0 (cmd -0.8),0.0 (cmd 0.1)
1.4638,2.49,-1.02,0.0,4.23,0.09,0.0,4.2,2.5,0.0 (cmd -1.0),0.0 (cmd 0.1)
1.4643000000000002,3.45,-1.2,0.0,4.28,0.04,0.0,4.3,3.5,0.0 (cmd -1.2),0.0 (cmd 0.0)
1.4647999999999999,4.19,-1.28,0.0,4.32,0.01,0.0,4.3,4.2,0.0 (cmd -1.3),0.0 (cmd 0.0)
1.4653,4.26,-1.3,0.0,4.24,0.0,0.0,4.2,4.3,0.0 (cmd -1.3),0.0 (cmd 0.0)
1.4658000000000002,4.19,-1.2,0.0,4.0,-0.01,0.0,4.0,4.2,0.0 (cmd -1.2),0.0 (cmd -0.0)
1.4663,3.51,-1.02,0.0,3.91,0.0,0.0,3.9,3.5,0.0 (cmd -1.0),0.0 (cmd 0.0)
1.4668,2.54,-0.84,0.0,4.01,0.03,0.0,4.0,2.5,0.0 (cmd -0.8),0.0 (cmd 0.0)
1.4673,1.61,-0.56,0.0,4.05,0.08,0.0,4.0,1.6,0.0 (cmd -0.6),0.0 (cmd 0.1)
1.4678,1.61,-0.42,0.0,4.12,0.11,0.0,4.1,1.6,0.0 (cmd -0.4),0.0 (cmd 0.1)
1.4683000000000002,-0.02,-0.08,0.0,4.42,0.17,0.0,4.4,-0.0,0.0 (cmd -0.1),0.0 (cmd 0.2)
1.4687999999999999,-1.42,-0.06,0.0,4.64,0.19,0.0,4.6,-1.4,0.0 (cmd -0.1),0.0 (cmd 0.2)
1.4693000000000003,-3.57,0.18,0.0,4.73,0.24,0.0,4.7,-3.6,0.0 (cmd 0.2),0.0 (cmd 0.2)
1.4698,-3.85,0.5,0.0,4.73,0.29,0.0,4.7,-3.9,0.0 (cmd 0.5),0.0 (cmd 0.3)
1.4703,-4.22,0.3,0.0,4.61,0.25,0.0,4.6,-4.2,0.0 (cmd 0.3),0.0 (cmd 0.2)
1.4708,-4.41,0.16,0.0,3.97,0.22,0.0,4.0,-4.4,0.0 (cmd 0.2),0.0 (cmd 0.2)
1.4713,-4.39,-0.06,0.0,2.88,0.15,0.0,2.9,-4.4,0.0 (cmd -0.1),0.0 (cmd 0.1)
1.4718000000000002,-3.47,-0.49,0.0,1.76,0.02,0.0,1.8,-3.5,0.0 (cmd -0.5),0.0 (cmd 0.0)
1.4723,-3.37,-0.75,0.0,-2.45,-0.08,0.0,-2.5,-3.4,0.0 (cmd -0.8),0.0 (cmd -0.1)
1.4727999999999999,-3.13,-1.02,0.0,-6.67,-0.29,0.0,-6.7,-3.1,0.0 (cmd -1.0),0.0 (cmd -0.3)
1.4733000000000003,-2.73,-1.27,0.0,-9.79,-0.51,0.0,-9.8,-2.7,0.0 (cmd -1.3),0.0 (cmd -0.5)
1.4738,-2.42,-1.47,0.0,-12.81,-0.6,0.0,-12.8,-2.4,0.0 (cmd -1.5),0.0 (cmd -0.6)
1.4743000000000002,-2.3,-1.61,0.0,-13.93,-0.4,0.0,-13.9,-2.3,0.0 (cmd -1.6),0.0 (cmd -0.4)
1.4747999999999999,-1.79,-1.8,0.0,-14.03,-0.2,0.0,-14.0,-1.8,0.0 (cmd -1.8),0.0 (cmd -0.2)
1.4753,-1.54,-1.85,0.0,-13.88,0.0,0.0,-13.9,-1.5,0.0 (cmd -1.9),0.0 (cmd 0.0)
1.4758000000000002,-1.36,-1.8,0.0,-13.62,0.16,0.0,-13.6,-1.4,0.0 (cmd -1.8),0.0 (cmd 0.2)
1.4763,-0.89,-1.82,0.0,-13.3,0.25,0.0,-13.3,-0.9,0.0 (cmd -1.8),0.0 (cmd 0.2)
1.4768000000000001,-0.68,-1.85,0.0,-13.35,0.32,0.0,-13.3,-0.7,0.0 (cmd -1.9),0.0 (cmd 0.3)
1.4773,-0.36,-1.88,0.0,-13.66,0.36,0.0,-13.7,-0.4,0.0 (cmd -1.9),0.0 (cmd 0.4)
1.4778,-0.18,-1.88,0.0,-13.69,0.4,0.0,-13.7,-0.2,0.0 (cmd -1.9),0.0 (cmd 0.4)
1.4783000000000002,0.04,-1.86,0.0,-13.53,0.44,0.0,-13.5,0.0,0.0 (cmd -1.9),0.0 (cmd 0.4)
1.4788,0.33,-1.83,0.0,-13.43,0.48,0.0,-13.4,0.3,0.0 (cmd -1.8),0.0 (cmd 0.5)
1.4793000000000003,0.99,-1.82,0.0,-13.25,0.5,0.0,-13.2,1.0,0.0 (cmd -1.8),0.0 (cmd 0.5)
1.4798,1.23,-2.0,0.0,-13.16,0.48,0.0,-13.2,1.2,0.0 (cmd -2.0),0.0 (cmd 0.5)
1.4803,1.99,-2.08,0.0,-12.85,0.47,0.0,-12.8,2.0,0.0 (cmd -2.1),0.0 (cmd 0.5)
1.4808000000000001,1.99,-1.95,0.0,-11.7,0.53,0.0,-11.7,2.0,0.0 (cmd -1.9),0.0 (cmd 0.5)
1.4813,2.29,-1.78,0.0,-9.35,0.61,0.0,-9.3,2.3,0.0 (cmd -1.8),0.0 (cmd 0.6)
1.4818000000000002,3.2,-1.69,0.0,-8.04,0.62,0.0,-8.0,3.2,0.0 (cmd -1.7),0.0 (cmd 0.6)
1.4823,2.12,-1.83,0.0,-6.35,0.59,0.0,-6.3,2.1,0.0 (cmd -1.8),0.0 (cmd 0.6)
1.4828,-0.27,-1.06,0.0,-3.8,0.73,0.0,-3.8,-0.3,0.0 (cmd -1.1),0.0 (cmd 0.7)
1.4833000000000003,-2.81,-0.16,0.0,-2.4,0.87,0.0,-2.4,-2.8,0.0 (cmd -0.2),0.0 (cmd 0.9)
1.4838,-9.11,0.77,0.0,-0.34,0.96,0.0,-0.3,-9.1,0.0 (cmd 0.8),0.0 (cmd 1.0)
1.4843000000000002,-10.55,2.07,0.0,1.02,1.08,0.0,1.0,-10.6,0.0 (cmd 2.1),0.0 (cmd 1.1)
1.4848,-11.72,1.9,0.0,1.52,0.93,0.0,1.5,-11.7,0.0 (cmd 1.9),0.0 (cmd 0.9)
1.4853,-15.84,1.96,0.0,1.88,0.86,0.0,1.9,-15.8,0.0 (cmd 2.0),0.0 (cmd 0.9)
1.4858000000000002,-17.38,2.13,0.0,2.42,0.81,0.0,2.4,-17.4,0.0 (cmd 2.1),0.0 (cmd 0.8)
1.4863,-17.53,1.95,0.0,3.23,0.73,0.0,3.2,-17.5,0.0 (cmd 1.9),0.0 (cmd 0.7)
1.4868000000000001,-17.84,1.51,0.0,4.1,0.66,0.0,4.1,-17.8,0.0 (cmd 1.5),0.0 (cmd 0.7)
1.4872999999999998,-18.1,1.2,0.0,4.54,0.61,0.0,4.5,-18.1,0.0 (cmd 1.2),0.0 (cmd 0.6)
1.4878,-18.29,0.86,0.0,4.78,0.55,0.0,4.8,-18.3,0.0 (cmd 0.9),0.0 (cmd 0.6)
1.4883000000000002,-13.59,0.43,0.0,4.81,0.47,0.0,4.8,-13.6,0.0 (cmd 0.4),0.0 (cmd 0.5)
1.4888,-11.98,-1.29,0.0,4.83,0.24,0.0,4.8,-12.0,0.0 (cmd -1.3),0.0 (cmd 0.2)
1.4893000000000003,-11.12,-1.33,0.0,4.85,0.22,0.0,4.8,-11.1,0.0 (cmd -1.3),0.0 (cmd 0.2)
1.4898,-10.84,-1.33,0.0,4.39,0.19,0.0,4.4,-10.8,0.0 (cmd -1.3),0.0 (cmd 0.2)
1.4903,-10.45,-1.37,0.0,3.33,0.14,0.0,3.3,-10.4,0.0 (cmd -1.4),0.0 (cmd 0.1)
1.4908000000000001,-9.52,-1.37,0.0,2.02,0.08,0.0,2.0,-9.5,0.0 (cmd -1.4),0.0 (cmd 0.1)
1.4912999999999998,-9.26,-1.45,0.0,-0.12,-0.02,0.0,-0.1,-9.3,0.0 (cmd -1.4),0.0 (cmd -0.0)
1.4918000000000002,-8.57,-1.44,0.0,-1.73,-0.11,0.0,-1.7,-8.6,0.0 (cmd -1.4),0.0 (cmd -0.1)
1.4923,-7.47,-1.6,0.0,-5.73,-0.19,0.0,-5.7,-7.5,0.0 (cmd -1.6),0.0 (cmd -0.2)
1.4928,-6.65,-1.76,0.0,-6.25,-0.33,0.0,-6.2,-6.7,0.0 (cmd -1.8),0.0 (cmd -0.3)
1.4933,-5.63,-2.0,0.0,-5.88,-0.27,0.0,-5.9,-5.6,0.0 (cmd -2.0),0.0 (cmd -0.3)
1.4938,-2.58,-1.85,0.0,-5.88,-0.15,0.0,-5.9,-2.6,0.0 (cmd -1.9),0.0 (cmd -0.1)
1.4943000000000002,-1.2,-2.6,0.0,-7.14,-0.28,0.0,-7.1,-1.2,0.0 (cmd -2.6),0.0 (cmd -0.3)
1.4948,-0.44,-2.62,0.0,-8.53,-0.27,0.0,-8.5,-0.4,0.0 (cmd -2.6),0.0 (cmd -0.3)
1.4952999999999999,0.29,-2.55,0.0,-9.11,-0.2,0.0,-9.1,0.3,0.0 (cmd -2.5),0.0 (cmd -0.2)
1.4958000000000002,1.57,-2.58,0.0,-9.29,-0.16,0.0,-9.3,1.6,0.0 (cmd -2.6),0.0 (cmd -0.2)
1.4963,2.18,-2.51,0.0,-9.13,-0.07,0.0,-9.1,2.2,0.0 (cmd -2.5),0.0 (cmd -0.1)
1.4968000000000001,2.33,-2.39,0.0,-8.09,0.03,0.0,-8.1,2.3,0.0 (cmd -2.4),0.0 (cmd 0.0)
1.4972999999999999,2.22,-2.07,0.0,-7.17,0.2,0.0,-7.2,2.2,0.0 (cmd -2.1),0.0 (cmd 0.2)
1.4978,2.24,-1.85,0.0,-5.42,0.28,0.0,-5.4,2.2,0.0 (cmd -1.9),0.0 (cmd 0.3)
1.4983000000000002,2.42,-1.57,0.0,-3.12,0.4,0.0,-3.1,2.4,0.0 (cmd -1.6),0.0 (cmd 0.4)
1.4988,2.66,-1.43,0.0,-1.85,0.42,0.0,-1.9,2.7,0.0 (cmd -1.4),0.0 (cmd 0.4)
1.4993,2.92,-1.34,0.0,-0.18,0.42,0.0,-0.2,2.9,0.0 (cmd -1.3),0.0 (cmd 0.4)
1.4998,2.79,-1.09,0.0,2.54,0.49,0.0,2.5,2.8,0.0 (cmd -1.1),0.0 (cmd 0.5)
1.5003,1.97,-0.89,0.0,2.77,0.48,0.0,2.8,2.0,0.0 (cmd -0.9),0.0 (cmd 0.5)
1.5008000000000001,-0.24,-0.42,0.0,2.87,0.46,0.0,2.9,-0.2,0.0 (cmd -0.4),0.0 (cmd 0.5)
1.5012999999999999,-2.2,0.26,0.0,3.33,0.52,0.0,3.3,-2.2,0.0 (cmd 0.3),0.0 (cmd 0.5)
1.5018000000000002,-6.72,0.77,0.0,4.84,0.58,0.0,4.8,-6.7,0.0 (cmd 0.8),0.0 (cmd 0.6)
1.5023,-9.25,1.85,0.0,6.27,0.74,0.0,6.3,-9.2,0.0 (cmd 1.9),0.0 (cmd 0.7)
1.5028,-10.81,2.19,0.0,6.78,0.77,0.0,6.8,-10.8,0.0 (cmd 2.2),0.0 (cmd 0.8)
1.5033,-13.91,2.13,0.0,6.4,0.71,0.0,6.4,-13.9,0.0 (cmd 2.1),0.0 (cmd 0.7)
1.5038,-14.69,1.79,0.0,6.17,0.6,0.0,6.2,-14.7,0.0 (cmd 1.8),0.0 (cmd 0.6)
1.5043000000000002,-14.79,1.44,0.0,6.23,0.54,0.0,6.2,-14.8,0.0 (cmd 1.4),0.0 (cmd 0.5)
1.5048,-14.7,0.97,0.0,6.44,0.47,0.0,6.4,-14.7,0.0 (cmd 1.0),0.0 (cmd 0.5)
1.5052999999999999,-14.44,0.56,0.0,6.52,0.41,0.0,6.5,-14.4,0.0 (cmd 0.6),0.0 (cmd 0.4)
1.5058000000000002,-14.27,0.25,0.0,6.54,0.37,0.0,6.5,-14.3,0.0 (cmd 0.2),0.0 (cmd 0.4)
1.5063,-13.9,-0.08,0.0,6.63,0.33,0.0,6.6,-13.9,0.0 (cmd -0.1),0.0 (cmd 0.3)
1.5068000000000001,-13.39,-0.25,0.0,6.75,0.32,0.0,6.8,-13.4,0.0 (cmd -0.2),0.0 (cmd 0.3)
1.5072999999999999,-12.97,-0.46,0.0,6.92,0.32,0.0,6.9,-13.0,0.0 (cmd -0.5),0.0 (cmd 0.3)
1.5078,-12.49,-0.61,0.0,6.96,0.32,0.0,7.0,-12.5,0.0 (cmd -0.6),0.0 (cmd 0.3)
1.5083000000000002,-12.25,-0.74,0.0,6.88,0.31,0.0,6.9,-12.2,0.0 (cmd -0.7),0.0 (cmd 0.3)
1.5088,-12.1,-0.71,0.0,6.85,0.3,0.0,6.8,-12.1,0.0 (cmd -0.7),0.0 (cmd 0.3)
1.5093,-12.05,-0.72,0.0,6.89,0.3,0.0,6.9,-12.1,0.0 (cmd -0.7),0.0 (cmd 0.3)
1.5098,-12.11,-0.69,0.0,6.91,0.31,0.0,6.9,-12.1,0.0 (cmd -0.7),0.0 (cmd 0.3)
1.5103,-12.41,-0.64,0.0,6.91,0.31,0.0,6.9,-12.4,0.0 (cmd -0.6),0.0 (cmd 0.3)
1.5108000000000001,-13.6,-0.54,0.0,6.84,0.31,0.0,6.8,-13.6,0.0 (cmd -0.5),0.0 (cmd 0.3)
1.5112999999999999,-14.09,-0.14,0.0,6.77,0.34,0.0,6.8,-14.1,0.0 (cmd -0.1),0.0 (cmd 0.3)
1.5118000000000003,-14.06,-0.23,0.0,6.66,0.34,0.0,6.7,-14.1,0.0 (cmd -0.2),0.0 (cmd 0.3)
1.5123,-13.74,-0.38,0.0,6.47,0.32,0.0,6.5,-13.7,0.0 (cmd -0.4),0.0 (cmd 0.3)
1.5128,-13.63,-0.49,0.0,6.36,0.31,0.0,6.4,-13.6,0.0 (cmd -0.5),0.0 (cmd 0.3)
1.5133,-13.58,-0.54,0.0,6.16,0.3,0.0,6.2,-13.6,0.0 (cmd -0.5),0.0 (cmd 0.3)
1.5138,-12.86,-0.74,0.0,6.0,0.28,0.0,6.0,-12.9,0.0 (cmd -0.7),0.0 (cmd 0.3)
1.5143000000000002,-12.21,-0.88,0.0,5.82,0.26,0.0,5.8,-12.2,0.0 (cmd -0.9),0.0 (cmd 0.3)
1.5148,-12.25,-0.86,0.0,5.75,0.25,0.0,5.8,-12.2,0.0 (cmd -0.9),0.0 (cmd 0.2)
1.5152999999999999,-12.43,-0.76,0.0,5.74,0.25,0.0,5.7,-12.4,0.0 (cmd -0.8),0.0 (cmd 0.2)
1.5158000000000003,-12.6,-0.71,0.0,5.52,0.25,0.0,5.5,-12.6,0.0 (cmd -0.7),0.0 (cmd 0.2)
1.5163,-12.55,-0.66,0.0,5.39,0.24,0.0,5.4,-12.6,0.0 (cmd -0.7),0.0 (cmd 0.2)
1.5168000000000001,-12.57,-0.73,0.0,5.35,0.23,0.0,5.3,-12.6,0.0 (cmd -0.7),0.0 (cmd 0.2)
1.5172999999999999,-12.42,-0.63,0.0,5.33,0.24,0.0,5.3,-12.4,0.0 (cmd -0.6),0.0 (cmd 0.2)
1.5178,-12.48,-0.66,0.0,5.32,0.23,0.0,5.3,-12.5,0.0 (cmd -0.7),0.0 (cmd 0.2)
1.5183000000000002,-12.62,-0.62,0.0,5.3,0.24,0.0,5.3,-12.6,0.0 (cmd -0.6),0.0 (cmd 0.2)
1.5188,-12.82,-0.55,0.0,5.28,0.24,0.0,5.3,-12.8,0.0 (cmd -0.6),0.0 (cmd 0.2)
1.5193,-13.09,-0.5,0.0,5.22,0.24,0.0,5.2,-13.1,0.0 (cmd -0.5),0.0 (cmd 0.2)
1.5198,-13.2,-0.48,0.0,5.21,0.25,0.0,5.2,-13.2,0.0 (cmd -0.5),0.0 (cmd 0.2)
1.5203,-13.21,-0.48,0.0,5.14,0.25,0.0,5.1,-13.2,0.0 (cmd -0.5),0.0 (cmd 0.2)
1.5208000000000002,-13.2,-0.52,0.0,5.11,0.24,0.0,5.1,-13.2,0.0 (cmd -0.5),0.0 (cmd 0.2)
1.5212999999999999,-13.1,-0.56,0.0,4.77,0.22,0.0,4.8,-13.1,0.0 (cmd -0.6),0.0 (cmd 0.2)
1.5218000000000003,-13.14,-0.58,0.0,4.71,0.22,0.0,4.7,-13.1,0.0 (cmd -0.6),0.0 (cmd 0.2)
1.5223,-13.21,-0.56,0.0,4.66,0.22,0.0,4.7,-13.2,0.0 (cmd -0.6),0.0 (cmd 0.2)
1.5228,-13.38,-0.57,0.0,4.61,0.22,0.0,4.6,-13.4,0.0 (cmd -0.6),0.0 (cmd 0.2)
1.5233,-13.52,-0.53,0.0,4.59,0.23,0.0,4.6,-13.5,0.0 (cmd -0.5),0.0 (cmd 0.2)
1.5238,-14.1,-0.44,0.0,4.6,0.24,0.0,4.6,-14.1,0.0 (cmd -0.4),0.0 (cmd 0.2)
1.5243000000000002,-14.77,-0.24,0.0,4.61,0.27,0.0,4.6,-14.8,0.0 (cmd -0.2),0.0 (cmd 0.3)
1.5248,-14.93,-0.27,0.0,4.64,0.27,0.0,4.6,-14.9,0.0 (cmd -0.3),0.0 (cmd 0.3)
1.5252999999999999,-14.96,-0.32,0.0,4.66,0.27,0.0,4.7,-15.0,0.0 (cmd -0.3),0.0 (cmd 0.3)
1.5258000000000003,-15.01,-0.36,0.0,4.62,0.27,0.0,4.6,-15.0,0.0 (cmd -0.4),0.0 (cmd 0.3)
1.5263,-15.08,-0.42,0.0,4.41,0.26,0.0,4.4,-15.1,0.0 (cmd -0.4),0.0 (cmd 0.3)
1.5268000000000002,-15.16,-0.43,0.0,4.32,0.25,0.0,4.3,-15.2,0.0 (cmd -0.4),0.0 (cmd 0.2)
1.5272999999999999,-15.26,-0.44,0.0,4.32,0.25,0.0,4.3,-15.3,0.0 (cmd -0.4),0.0 (cmd 0.2)
1.5278,-15.36,-0.48,0.0,4.16,0.25,0.0,4.2,-15.4,0.0 (cmd -0.5),0.0 (cmd 0.2)
