timestamp,R_angle(θ),R_Torque Cmd,R_Torque Est,L_angle(θ),L_Torque Cmd,L_Torque Est,Lθ Display,Rθ Display,Lτ Display,Rτ Display
0.21739999999999998,-97.0,0.0,0.0,-97.0,0.0,0.0,-97.0,-97.0,0.0 (cmd 0.0),0.0 (cmd 0.0)
0.21789999999999998,-97.0,0.0,0.0,-97.0,0.0,0.0,-97.0,-97.0,0.0 (cmd 0.0),0.0 (cmd 0.0)
0.2184,-97.0,0.0,0.0,-97.0,0.0,0.0,-97.0,-97.0,0.0 (cmd 0.0),0.0 (cmd 0.0)
0.2189,-97.0,0.0,0.0,-97.0,0.0,0.0,-97.0,-97.0,0.0 (cmd 0.0),0.0 (cmd 0.0)
0.2194,-97.0,0.0,0.0,-97.0,0.0,0.0,-97.0,-97.0,0.0 (cmd 0.0),0.0 (cmd 0.0)
0.21989999999999998,-97.0,0.0,0.0,-97.0,0.0,0.0,-97.0,-97.0,0.0 (cmd 0.0),0.0 (cmd 0.0)
0.22039999999999998,-97.0,0.0,0.0,-97.0,0.0,0.0,-97.0,-97.0,0.0 (cmd 0.0),0.0 (cmd 0.0)
0.2209,-97.0,0.0,0.0,-97.0,0.0,0.0,-97.0,-97.0,0.0 (cmd 0.0),0.0 (cmd 0.0)
0.2214,-97.0,0.0,0.0,-97.0,0.0,0.0,-97.0,-97.0,0.0 (cmd 0.0),0.0 (cmd 0.0)
0.22190000000000001,-97.0,0.0,0.0,-97.0,0.0,0.0,-97.0,-97.0,0.0 (cmd 0.0),0.0 (cmd 0.0)
0.2224,-97.0,0.0,0.0,-97.0,0.0,0.0,-97.0,-97.0,0.0 (cmd 0.0),0.0 (cmd 0.0)
0.2229,-97.0,0.0,0.0,-97.0,0.0,0.0,-97.0,-97.0,0.0 (cmd 0.0),0.0 (cmd 0.0)
0.22340000000000002,-97.0,0.0,0.0,-97.0,0.0,0.0,-97.0,-97.0,0.0 (cmd 0.0),0.0 (cmd 0.0)
0.22390000000000002,-97.0,0.0,0.0,-97.0,0.0,0.0,-97.0,-97.0,0.0 (cmd 0.0),0.0 (cmd 0.0)
0.22440000000000002,-97.0,0.0,0.0,-97.0,0.0,0.0,-97.0,-97.0,0.0 (cmd 0.0),0.0 (cmd 0.0)
0.2249,-97.0,0.0,0.0,-97.0,0.0,0.0,-97.0,-97.0,0.0 (cmd 0.0),0.0 (cmd 0.0)
0.2254,-97.0,0.0,0.0,-97.0,0.0,0.0,-97.0,-97.0,0.0 (cmd 0.0),0.0 (cmd 0.0)
0.22590000000000002,-97.0,0.0,0.0,-97.0,0.0,0.0,-97.0,-97.0,0.0 (cmd 0.0),0.0 (cmd 0.0)
0.22640000000000002,-97.0,0.0,0.0,-97.0,0.0,0.0,-97.0,-97.0,0.0 (cmd 0.0),0.0 (cmd 0.0)
0.22690000000000002,-97.0,0.0,0.0,-97.0,0.0,0.0,-97.0,-97.0,0.0 (cmd 0.0),0.0 (cmd 0.0)
0.2274,-97.0,0.0,0.0,-97.0,0.0,0.0,-97.0,-97.0,0.0 (cmd 0.0),0.0 (cmd 0.0)
0.22789999999999996,-97.0,0.0,0.0,-97.0,0.0,0.0,-97.0,-97.0,0.0 (cmd 0.0),0.0 (cmd 0.0)
0.2284,-97.0,0.0,0.0,-97.0,0.0,0.0,-97.0,-97.0,0.0 (cmd 0.0),0.0 (cmd 0.0)
0.2289,-97.0,0.0,0.0,-97.0,0.0,0.0,-97.0,-97.0,0.0 (cmd 0.0),0.0 (cmd 0.0)
0.2294,-97.0,0.0,0.0,-97.0,0.0,0.0,-97.0,-97.0,0.0 (cmd 0.0),0.0 (cmd 0.0)
0.22989999999999997,-97.0,0.0,0.0,-97.0,0.0,0.0,-97.0,-97.0,0.0 (cmd 0.0),0.0 (cmd 0.0)
0.23039999999999997,-97.0,0.0,0.0,-97.0,0.0,0.0,-97.0,-97.0,0.0 (cmd 0.0),0.0 (cmd 0.0)
0.2309,-97.0,0.0,0.0,-97.0,0.0,0.0,-97.0,-97.0,0.0 (cmd 0.0),0.0 (cmd 0.0)
0.2314,-97.0,0.0,0.0,-97.0,0.0,0.0,-97.0,-97.0,0.0 (cmd 0.0),0.0 (cmd 0.0)
0.2319,-97.0,0.0,0.0,-97.0,0.0,0.0,-97.0,-97.0,0.0 (cmd 0.0),0.0 (cmd 0.0)
0.23239999999999997,-97.0,0.0,0.0,-97.0,0.0,0.0,-97.0,-97.0,0.0 (cmd 0.0),0.0 (cmd 0.0)
0.23289999999999997,-97.0,0.0,0.0,-97.0,0.0,0.0,-97.0,-97.0,0.0 (cmd 0.0),0.0 (cmd 0.0)
0.2334,-97.0,0.0,0.0,-97.0,0.0,0.0,-97.0,-97.0,0.0 (cmd 0.0),0.0 (cmd 0.0)
0.2339,-97.0,0.0,0.0,-97.0,0.0,0.0,-97.0,-97.0,0.0 (cmd 0.0),0.0 (cmd 0.0)
0.2344,-97.0,0.0,0.0,-97.0,0.0,0.0,-97.0,-97.0,0.0 (cmd 0.0),0.0 (cmd 0.0)
0.23489999999999997,-97.0,0.0,0.0,-97.0,0.0,0.0,-97.0,-97.0,0.0 (cmd 0.0),0.0 (cmd 0.0)
0.23539999999999997,-97.0,0.0,0.0,-97.0,0.0,0.0,-97.0,-97.0,0.0 (cmd 0.0),0.0 (cmd 0.0)
0.2359,-97.0,0.0,0.0,-97.0,0.0,0.0,-97.0,-97.0,0.0 (cmd 0.0),0.0 (cmd 0.0)
0.2364,-97.0,0.0,0.0,-97.0,0.0,0.0,-97.0,-97.0,0.0 (cmd 0.0),0.0 (cmd 0.0)
0.2369,-97.0,0.0,0.0,-97.0,0.0,0.0,-97.0,-97.0,0.0 (cmd 0.0),0.0 (cmd 0.0)
0.23739999999999997,-97.0,0.0,0.0,-97.0,0.0,0.0,-97.0,-97.0,0.0 (cmd 0.0),0.0 (cmd 0.0)
0.23789999999999997,-97.0,0.0,0.0,-97.0,0.0,0.0,-97.0,-97.0,0.0 (cmd 0.0),0.0 (cmd 0.0)
0.2384,-97.0,0.0,0.0,-97.0,0.0,0.0,-97.0,-97.0,0.0 (cmd 0.0),0.0 (cmd 0.0)
0.2389,-97.0,0.0,0.0,-97.0,0.0,0.0,-97.0,-97.0,0.0 (cmd 0.0),0.0 (cmd 0.0)
0.2394,-97.0,0.0,0.0,-97.0,0.0,0.0,-97.0,-97.0,0.0 (cmd 0.0),0.0 (cmd 0.0)
0.23989999999999997,-97.0,0.0,0.0,-97.0,0.0,0.0,-97.0,-97.0,0.0 (cmd 0.0),0.0 (cmd 0.0)
0.24039999999999997,-97.0,0.0,0.0,-97.0,0.0,0.0,-97.0,-97.0,0.0 (cmd 0.0),0.0 (cmd 0.0)
0.2409,-97.0,0.0,0.0,-97.0,0.0,0.0,-97.0,-97.0,0.0 (cmd 0.0),0.0 (cmd 0.0)
0.2414,-97.0,0.0,0.0,-97.0,0.0,0.0,-97.0,-97.0,0.0 (cmd 0.0),0.0 (cmd 0.0)
0.2419,-97.0,0.0,0.0,-97.0,0.0,0.0,-97.0,-97.0,0.0 (cmd 0.0),0.0 (cmd 0.0)
0.24239999999999998,-97.0,0.0,0.0,-97.0,0.0,0.0,-97.0,-97.0,0.0 (cmd 0.0),0.0 (cmd 0.0)
0.24289999999999998,-97.0,0.0,0.0,-97.0,0.0,0.0,-97.0,-97.0,0.0 (cmd 0.0),0.0 (cmd 0.0)
0.2434,-97.0,0.0,0.0,-97.0,0.0,0.0,-97.0,-97.0,0.0 (cmd 0.0),0.0 (cmd 0.0)
0.2439,-97.0,0.0,0.0,-97.0,0.0,0.0,-97.0,-97.0,0.0 (cmd 0.0),0.0 (cmd 0.0)
0.2444,-97.0,0.0,0.0,-97.0,0.0,0.0,-97.0,-97.0,0.0 (cmd 0.0),0.0 (cmd 0.0)
0.24489999999999998,-97.0,0.0,0.0,-97.0,0.0,0.0,-97.0,-97.0,0.0 (cmd 0.0),0.0 (cmd 0.0)
0.24539999999999998,-97.0,0.0,0.0,-97.0,0.0,0.0,-97.0,-97.0,0.0 (cmd 0.0),0.0 (cmd 0.0)
0.2459,-97.0,0.0,0.0,-97.0,0.0,0.0,-97.0,-97.0,0.0 (cmd 0.0),0.0 (cmd 0.0)
0.2464,-97.0,0.0,0.0,-97.0,0.0,0.0,-97.0,-97.0,0.0 (cmd 0.0),0.0 (cmd 0.0)
0.2469,-97.0,0.0,0.0,-97.0,0.0,0.0,-97.0,-97.0,0.0 (cmd 0.0),0.0 (cmd 0.0)
0.24739999999999998,-97.0,0.0,0.0,-97.0,0.0,0.0,-97.0,-97.0,0.0 (cmd 0.0),0.0 (cmd 0.0)
0.24789999999999998,-97.0,0.0,0.0,-97.0,0.0,0.0,-97.0,-97.0,0.0 (cmd 0.0),0.0 (cmd 0.0)
0.2484,-97.0,0.0,0.0,-97.0,0.0,0.0,-97.0,-97.0,0.0 (cmd 0.0),0.0 (cmd 0.0)
0.2489,-97.0,0.0,0.0,-97.0,0.0,0.0,-97.0,-97.0,0.0 (cmd 0.0),0.0 (cmd 0.0)
0.2494,-97.0,0.0,0.0,-97.0,0.0,0.0,-97.0,-97.0,0.0 (cmd 0.0),0.0 (cmd 0.0)
0.24989999999999998,-97.0,0.0,0.0,-97.0,0.0,0.0,-97.0,-97.0,0.0 (cmd 0.0),0.0 (cmd 0.0)
0.25039999999999996,-97.0,0.0,0.0,-97.0,0.0,0.0,-97.0,-97.0,0.0 (cmd 0.0),0.0 (cmd 0.0)
0.2509,-97.0,0.0,0.0,-97.0,0.0,0.0,-97.0,-97.0,0.0 (cmd 0.0),0.0 (cmd 0.0)
0.2514,-97.0,0.0,0.0,-97.0,0.0,0.0,-97.0,-97.0,0.0 (cmd 0.0),0.0 (cmd 0.0)
0.2519,-97.0,0.0,0.0,-97.0,0.0,0.0,-97.0,-97.0,0.0 (cmd 0.0),0.0 (cmd 0.0)
0.25239999999999996,-97.0,0.0,0.0,-97.0,0.0,0.0,-97.0,-97.0,0.0 (cmd 0.0),0.0 (cmd 0.0)
0.25289999999999996,-97.0,0.0,0.0,-97.0,0.0,0.0,-97.0,-97.0,0.0 (cmd 0.0),0.0 (cmd 0.0)
0.2534,-97.0,0.0,0.0,-97.0,0.0,0.0,-97.0,-97.0,0.0 (cmd 0.0),0.0 (cmd 0.0)
0.2539,-97.0,0.0,0.0,-97.0,0.0,0.0,-97.0,-97.0,0.0 (cmd 0.0),0.0 (cmd 0.0)
0.2544,-97.0,0.0,0.0,-97.0,0.0,0.0,-97.0,-97.0,0.0 (cmd 0.0),0.0 (cmd 0.0)
0.25489999999999996,-97.0,0.0,0.0,-97.0,0.0,0.0,-97.0,-97.0,0.0 (cmd 0.0),0.0 (cmd 0.0)
0.25539999999999996,-97.0,0.0,0.0,-97.0,0.0,0.0,-97.0,-97.0,0.0 (cmd 0.0),0.0 (cmd 0.0)
0.2559,-97.0,0.0,0.0,-97.0,0.0,0.0,-97.0,-97.0,0.0 (cmd 0.0),0.0 (cmd 0.0)
0.25639999999999996,-97.0,0.0,0.0,-97.0,0.0,0.0,-97.0,-97.0,0.0 (cmd 0.0),0.0 (cmd 0.0)
0.2569,-97.0,0.0,0.0,-97.0,0.0,0.0,-97.0,-97.0,0.0 (cmd 0.0),0.0 (cmd 0.0)
0.25739999999999996,-97.0,0.0,0.0,-97.0,0.0,0.0,-97.0,-97.0,0.0 (cmd 0.0),0.0 (cmd 0.0)
0.25789999999999996,-97.0,0.0,0.0,-97.0,0.0,0.0,-97.0,-97.0,0.0 (cmd 0.0),0.0 (cmd 0.0)
0.25839999999999996,-97.0,0.0,0.0,-97.0,0.0,0.0,-97.0,-97.0,0.0 (cmd 0.0),0.0 (cmd 0.0)
0.25889999999999996,-97.0,0.0,0.0,-97.0,0.0,0.0,-97.0,-97.0,0.0 (cmd 0.0),0.0 (cmd 0.0)
0.2594,-97.0,0.0,0.0,-97.0,0.0,0.0,-97.0,-97.0,0.0 (cmd 0.0),0.0 (cmd 0.0)
0.25989999999999996,-97.0,0.0,0.0,-97.0,0.0,0.0,-97.0,-97.0,0.0 (cmd 0.0),0.0 (cmd 0.0)
0.26039999999999996,-97.0,0.0,0.0,-97.0,0.0,0.0,-97.0,-97.0,0.0 (cmd 0.0),0.0 (cmd 0.0)
0.26089999999999997,-97.0,0.0,0.0,-97.0,0.0,0.0,-97.0,-97.0,0.0 (cmd 0.0),0.0 (cmd 0.0)
0.26139999999999997,-97.0,0.0,0.0,-97.0,0.0,0.0,-97.0,-97.0,0.0 (cmd 0.0),0.0 (cmd 0.0)
0.2619,-97.0,0.0,0.0,-97.0,0.0,0.0,-97.0,-97.0,0.0 (cmd 0.0),0.0 (cmd 0.0)
0.26239999999999997,-97.0,0.0,0.0,-97.0,0.0,0.0,-97.0,-97.0,0.0 (cmd 0.0),0.0 (cmd 0.0)
0.26289999999999997,-97.0,0.0,0.0,-97.0,0.0,0.0,-97.0,-97.0,0.0 (cmd 0.0),0.0 (cmd 0.0)
0.26339999999999997,-97.0,0.0,0.0,-97.0,0.0,0.0,-97.0,-97.0,0.0 (cmd 0.0),0.0 (cmd 0.0)
0.26389999999999997,-97.0,0.0,0.0,-97.0,0.0,0.0,-97.0,-97.0,0.0 (cmd 0.0),0.0 (cmd 0.0)
0.2644,-97.0,0.0,0.0,-97.0,0.0,0.0,-97.0,-97.0,0.0 (cmd 0.0),0.0 (cmd 0.0)
0.26489999999999997,-97.0,0.0,0.0,-97.0,0.0,0.0,-97.0,-97.0,0.0 (cmd 0.0),0.0 (cmd 0.0)
0.26539999999999997,-97.0,0.0,0.0,-97.0,0.0,0.0,-97.0,-97.0,0.0 (cmd 0.0),0.0 (cmd 0.0)
0.26589999999999997,-97.0,0.0,0.0,-97.0,0.0,0.0,-97.0,-97.0,0.0 (cmd 0.0),0.0 (cmd 0.0)
0.26639999999999997,-97.0,0.0,0.0,-97.0,0.0,0.0,-97.0,-97.0,0.0 (cmd 0.0),0.0 (cmd 0.0)
0.2669,-97.0,0.0,0.0,-97.0,0.0,0.0,-97.0,-97.0,0.0 (cmd 0.0),0.0 (cmd 0.0)
0.26739999999999997,-97.0,0.0,0.0,-97.0,0.0,0.0,-97.0,-97.0,0.0 (cmd 0.0),0.0 (cmd 0.0)
0.26789999999999997,-97.0,0.0,0.0,-97.0,0.0,0.0,-97.0,-97.0,0.0 (cmd 0.0),0.0 (cmd 0.0)
0.26839999999999997,-97.0,0.0,0.0,-97.0,0.0,0.0,-97.0,-97.0,0.0 (cmd 0.0),0.0 (cmd 0.0)
0.2689,-97.0,0.0,0.0,-97.0,0.0,0.0,-97.0,-97.0,0.0 (cmd 0.0),0.0 (cmd 0.0)
0.26940000000000003,-97.0,0.0,0.0,-97.0,0.0,0.0,-97.0,-97.0,0.0 (cmd 0.0),0.0 (cmd 0.0)
0.2699,-97.0,0.0,0.0,-97.0,0.0,0.0,-97.0,-97.0,0.0 (cmd 0.0),0.0 (cmd 0.0)
0.2704,-97.0,0.0,0.0,-97.0,0.0,0.0,-97.0,-97.0,0.0 (cmd 0.0),0.0 (cmd 0.0)
0.2709,-97.0,0.0,0.0,-97.0,0.0,0.0,-97.0,-97.0,0.0 (cmd 0.0),0.0 (cmd 0.0)
0.2714,-97.0,0.0,0.0,-97.0,0.0,0.0,-97.0,-97.0,0.0 (cmd 0.0),0.0 (cmd 0.0)
0.27190000000000003,-97.0,0.0,0.0,-97.0,0.0,0.0,-97.0,-97.0,0.0 (cmd 0.0),0.0 (cmd 0.0)
0.2724,-97.0,0.0,0.0,-97.0,0.0,0.0,-97.0,-97.0,0.0 (cmd 0.0),0.0 (cmd 0.0)
0.2729,-97.0,0.0,0.0,-97.0,0.0,0.0,-97.0,-97.0,0.0 (cmd 0.0),0.0 (cmd 0.0)
0.2734,-97.0,0.0,0.0,-97.0,0.0,0.0,-97.0,-97.0,0.0 (cmd 0.0),0.0 (cmd 0.0)
0.2739,-97.0,0.0,0.0,-97.0,0.0,0.0,-97.0,-97.0,0.0 (cmd 0.0),0.0 (cmd 0.0)
0.27440000000000003,-97.0,0.0,0.0,-97.0,0.0,0.0,-97.0,-97.0,0.0 (cmd 0.0),0.0 (cmd 0.0)
0.2749,-97.0,0.0,0.0,-97.0,0.0,0.0,-97.0,-97.0,0.0 (cmd 0.0),0.0 (cmd 0.0)
0.2754,-97.0,0.0,0.0,-97.0,0.0,0.0,-97.0,-97.0,0.0 (cmd 0.0),0.0 (cmd 0.0)
0.2759,-97.0,0.0,0.0,-97.0,0.0,0.0,-97.0,-97.0,0.0 (cmd 0.0),0.0 (cmd 0.0)
0.2764,-97.0,0.0,0.0,-97.0,0.0,0.0,-97.0,-97.0,0.0 (cmd 0.0),0.0 (cmd 0.0)
0.27690000000000003,-97.0,0.0,0.0,-97.0,0.0,0.0,-97.0,-97.0,0.0 (cmd 0.0),0.0 (cmd 0.0)
0.2774,-97.0,0.0,0.0,-97.0,0.0,0.0,-97.0,-97.0,0.0 (cmd 0.0),0.0 (cmd 0.0)
0.2779,-97.0,0.0,0.0,-97.0,0.0,0.0,-97.0,-97.0,0.0 (cmd 0.0),0.0 (cmd 0.0)
0.2784,-97.0,0.0,0.0,-97.0,0.0,0.0,-97.0,-97.0,0.0 (cmd 0.0),0.0 (cmd 0.0)
0.2789,-97.0,0.0,0.0,-97.0,0.0,0.0,-97.0,-97.0,0.0 (cmd 0.0),0.0 (cmd 0.0)
0.27940000000000004,-97.0,0.0,0.0,-97.0,0.0,0.0,-97.0,-97.0,0.0 (cmd 0.0),0.0 (cmd 0.0)
0.2799,-97.0,0.0,0.0,-97.0,0.0,0.0,-97.0,-97.0,0.0 (cmd 0.0),0.0 (cmd 0.0)
0.2804,-97.0,0.0,0.0,-97.0,0.0,0.0,-97.0,-97.0,0.0 (cmd 0.0),0.0 (cmd 0.0)
0.2809,-97.0,0.0,0.0,-97.0,0.0,0.0,-97.0,-97.0,0.0 (cmd 0.0),0.0 (cmd 0.0)
0.2814,-97.0,0.0,0.0,-97.0,0.0,0.0,-97.0,-97.0,0.0 (cmd 0.0),0.0 (cmd 0.0)
0.28190000000000004,-97.0,0.0,0.0,-97.0,0.0,0.0,-97.0,-97.0,0.0 (cmd 0.0),0.0 (cmd 0.0)
0.2824,-97.0,0.0,0.0,-97.0,0.0,0.0,-97.0,-97.0,0.0 (cmd 0.0),0.0 (cmd 0.0)
0.2829,-97.0,0.0,0.0,-97.0,0.0,0.0,-97.0,-97.0,0.0 (cmd 0.0),0.0 (cmd 0.0)
0.2834,-97.0,0.0,0.0,-97.0,0.0,0.0,-97.0,-97.0,0.0 (cmd 0.0),0.0 (cmd 0.0)
0.2839,-97.0,0.0,0.0,-97.0,0.0,0.0,-97.0,-97.0,0.0 (cmd 0.0),0.0 (cmd 0.0)
0.28440000000000004,-97.0,0.0,0.0,-97.0,0.0,0.0,-97.0,-97.0,0.0 (cmd 0.0),0.0 (cmd 0.0)
0.2849,-97.0,0.0,0.0,-97.0,0.0,0.0,-97.0,-97.0,0.0 (cmd 0.0),0.0 (cmd 0.0)
0.2854,-97.0,0.0,0.0,-97.0,0.0,0.0,-97.0,-97.0,0.0 (cmd 0.0),0.0 (cmd 0.0)
0.2859,-97.0,0.0,0.0,-97.0,0.0,0.0,-97.0,-97.0,0.0 (cmd 0.0),0.0 (cmd 0.0)
0.2864,-97.0,0.0,0.0,-97.0,0.0,0.0,-97.0,-97.0,0.0 (cmd 0.0),0.0 (cmd 0.0)
0.28690000000000004,-97.0,0.0,0.0,-97.0,0.0,0.0,-97.0,-97.0,0.0 (cmd 0.0),0.0 (cmd 0.0)
0.2874,-97.0,0.0,0.0,-97.0,0.0,0.0,-97.0,-97.0,0.0 (cmd 0.0),0.0 (cmd 0.0)
0.2879,-97.0,0.0,0.0,-97.0,0.0,0.0,-97.0,-97.0,0.0 (cmd 0.0),0.0 (cmd 0.0)
0.2884,-97.0,0.0,0.0,-97.0,0.0,0.0,-97.0,-97.0,0.0 (cmd 0.0),0.0 (cmd 0.0)
0.2889,-97.0,0.0,0.0,-97.0,0.0,0.0,-97.0,-97.0,0.0 (cmd 0.0),0.0 (cmd 0.0)
0.28940000000000005,-97.0,0.0,0.0,-97.0,0.0,0.0,-97.0,-97.0,0.0 (cmd 0.0),0.0 (cmd 0.0)
0.2899,-97.0,0.0,0.0,-97.0,0.0,0.0,-97.0,-97.0,0.0 (cmd 0.0),0.0 (cmd 0.0)
0.2904,-97.0,0.0,0.0,-97.0,0.0,0.0,-97.0,-97.0,0.0 (cmd 0.0),0.0 (cmd 0.0)
0.2909,-97.0,0.0,0.0,-97.0,0.0,0.0,-97.0,-97.0,0.0 (cmd 0.0),0.0 (cmd 0.0)
0.2914,-97.0,0.0,0.0,-97.0,0.0,0.0,-97.0,-97.0,0.0 (cmd 0.0),0.0 (cmd 0.0)
0.29190000000000005,-97.0,0.0,0.0,-97.0,0.0,0.0,-97.0,-97.0,0.0 (cmd 0.0),0.0 (cmd 0.0)
0.2924,-97.0,0.0,0.0,-97.0,0.0,0.0,-97.0,-97.0,0.0 (cmd 0.0),0.0 (cmd 0.0)
0.2929,-97.0,0.0,0.0,-97.0,0.0,0.0,-97.0,-97.0,0.0 (cmd 0.0),0.0 (cmd 0.0)
0.2934,-97.0,0.0,0.0,-97.0,0.0,0.0,-97.0,-97.0,0.0 (cmd 0.0),0.0 (cmd 0.0)
0.2939,-97.0,0.0,0.0,-97.0,0.0,0.0,-97.0,-97.0,0.0 (cmd 0.0),0.0 (cmd 0.0)
0.29440000000000005,-97.0,0.0,0.0,-97.0,0.0,0.0,-97.0,-97.0,0.0 (cmd 0.0),0.0 (cmd 0.0)
0.2949,-97.0,0.0,0.0,-97.0,0.0,0.0,-97.0,-97.0,0.0 (cmd 0.0),0.0 (cmd 0.0)
0.2954,-97.0,0.0,0.0,-97.0,0.0,0.0,-97.0,-97.0,0.0 (cmd 0.0),0.0 (cmd 0.0)
0.2959,-97.0,0.0,0.0,-97.0,0.0,0.0,-97.0,-97.0,0.0 (cmd 0.0),0.0 (cmd 0.0)
0.2964,-97.0,0.0,0.0,-97.0,0.0,0.0,-97.0,-97.0,0.0 (cmd 0.0),0.0 (cmd 0.0)
0.29690000000000005,-97.0,0.0,0.0,-97.0,0.0,0.0,-97.0,-97.0,0.0 (cmd 0.0),0.0 (cmd 0.0)
0.2974,-97.0,0.0,0.0,-97.0,0.0,0.0,-97.0,-97.0,0.0 (cmd 0.0),0.0 (cmd 0.0)
0.2979,-97.0,0.0,0.0,-97.0,0.0,0.0,-97.0,-97.0,0.0 (cmd 0.0),0.0 (cmd 0.0)
0.2984,-97.0,0.0,0.0,-97.0,0.0,0.0,-97.0,-97.0,0.0 (cmd 0.0),0.0 (cmd 0.0)
0.2989,-97.0,0.0,0.0,-97.0,0.0,0.0,-97.0,-97.0,0.0 (cmd 0.0),0.0 (cmd 0.0)
0.29940000000000005,-97.0,0.0,0.0,-97.0,0.0,0.0,-97.0,-97.0,0.0 (cmd 0.0),0.0 (cmd 0.0)
0.2999,-97.0,0.0,0.0,-97.0,0.0,0.0,-97.0,-97.0,0.0 (cmd 0.0),0.0 (cmd 0.0)
0.3004,-97.0,0.0,0.0,-97.0,0.0,0.0,-97.0,-97.0,0.0 (cmd 0.0),0.0 (cmd 0.0)
0.3009,-97.0,0.0,0.0,-97.0,0.0,0.0,-97.0,-97.0,0.0 (cmd 0.0),0.0 (cmd 0.0)
0.3014,-97.0,0.0,0.0,-97.0,0.0,0.0,-97.0,-97.0,0.0 (cmd 0.0),0.0 (cmd 0.0)
0.30190000000000006,-97.0,0.0,0.0,-97.0,0.0,0.0,-97.0,-97.0,0.0 (cmd 0.0),0.0 (cmd 0.0)
0.3024,-97.0,0.0,0.0,-97.0,0.0,0.0,-97.0,-97.0,0.0 (cmd 0.0),0.0 (cmd 0.0)
0.3029,-97.0,0.0,0.0,-97.0,0.0,0.0,-97.0,-97.0,0.0 (cmd 0.0),0.0 (cmd 0.0)
0.3034,-97.0,0.0,0.0,-97.0,0.0,0.0,-97.0,-97.0,0.0 (cmd 0.0),0.0 (cmd 0.0)
0.3039,-97.0,0.0,0.0,-97.0,0.0,0.0,-97.0,-97.0,0.0 (cmd 0.0),0.0 (cmd 0.0)
0.30440000000000006,-97.0,0.0,0.0,-97.0,0.0,0.0,-97.0,-97.0,0.0 (cmd 0.0),0.0 (cmd 0.0)
0.3049,-97.0,0.0,0.0,-97.0,0.0,0.0,-97.0,-97.0,0.0 (cmd 0.0),0.0 (cmd 0.0)
0.3054,-97.0,0.0,0.0,-97.0,0.0,0.0,-97.0,-97.0,0.0 (cmd 0.0),0.0 (cmd 0.0)
0.30589999999999995,-97.0,0.0,0.0,-97.0,0.0,0.0,-97.0,-97.0,0.0 (cmd 0.0),0.0 (cmd 0.0)
0.30639999999999995,-97.0,0.0,0.0,-97.0,0.0,0.0,-97.0,-97.0,0.0 (cmd 0.0),0.0 (cmd 0.0)
0.30690000000000006,-97.0,0.0,0.0,-97.0,0.0,0.0,-97.0,-97.0,0.0 (cmd 0.0),0.0 (cmd 0.0)
0.30739999999999995,-97.0,0.0,0.0,-97.0,0.0,0.0,-97.0,-97.0,0.0 (cmd 0.0),0.0 (cmd 0.0)
0.30789999999999995,-97.0,0.0,0.0,-97.0,0.0,0.0,-97.0,-97.0,0.0 (cmd 0.0),0.0 (cmd 0.0)
0.30839999999999995,-97.0,0.0,0.0,-97.0,0.0,0.0,-97.0,-97.0,0.0 (cmd 0.0),0.0 (cmd 0.0)
0.30889999999999995,-97.0,0.0,0.0,-97.0,0.0,0.0,-97.0,-97.0,0.0 (cmd 0.0),0.0 (cmd 0.0)
0.3094,-97.0,0.0,0.0,-97.0,0.0,0.0,-97.0,-97.0,0.0 (cmd 0.0),0.0 (cmd 0.0)
0.30989999999999995,-97.0,0.0,0.0,-97.0,0.0,0.0,-97.0,-97.0,0.0 (cmd 0.0),0.0 (cmd 0.0)
0.31039999999999995,-97.0,0.0,0.0,-97.0,0.0,0.0,-97.0,-97.0,0.0 (cmd 0.0),0.0 (cmd 0.0)
0.31089999999999995,-97.0,0.0,0.0,-97.0,0.0,0.0,-97.0,-97.0,0.0 (cmd 0.0),0.0 (cmd 0.0)
0.31139999999999995,-97.0,0.0,0.0,-97.0,0.0,0.0,-97.0,-97.0,0.0 (cmd 0.0),0.0 (cmd 0.0)
0.3119,-97.0,0.0,0.0,-97.0,0.0,0.0,-97.0,-97.0,0.0 (cmd 0.0),0.0 (cmd 0.0)
0.31239999999999996,-97.0,0.0,0.0,-97.0,0.0,0.0,-97.0,-97.0,0.0 (cmd 0.0),0.0 (cmd 0.0)
0.31289999999999996,-97.0,0.0,0.0,-97.0,0.0,0.0,-97.0,-97.0,0.0 (cmd 0.0),0.0 (cmd 0.0)
0.31339999999999996,-97.0,0.0,0.0,-97.0,0.0,0.0,-97.0,-97.0,0.0 (cmd 0.0),0.0 (cmd 0.0)
0.31389999999999996,-97.0,0.0,0.0,-97.0,0.0,0.0,-97.0,-97.0,0.0 (cmd 0.0),0.0 (cmd 0.0)
0.3144,-97.0,0.0,0.0,-97.0,0.0,0.0,-97.0,-97.0,0.0 (cmd 0.0),0.0 (cmd 0.0)
0.31489999999999996,-97.0,0.0,0.0,-97.0,0.0,0.0,-97.0,-97.0,0.0 (cmd 0.0),0.0 (cmd 0.0)
0.31539999999999996,-97.0,0.0,0.0,-97.0,0.0,0.0,-97.0,-97.0,0.0 (cmd 0.0),0.0 (cmd 0.0)
0.31589999999999996,-97.0,0.0,0.0,-97.0,0.0,0.0,-97.0,-97.0,0.0 (cmd 0.0),0.0 (cmd 0.0)
0.31639999999999996,-97.0,0.0,0.0,-97.0,0.0,0.0,-97.0,-97.0,0.0 (cmd 0.0),0.0 (cmd 0.0)
0.3169,-97.0,0.0,0.0,-97.0,0.0,0.0,-97.0,-97.0,0.0 (cmd 0.0),0.0 (cmd 0.0)
0.31739999999999996,-97.0,0.0,0.0,-97.0,0.0,0.0,-97.0,-97.0,0.0 (cmd 0.0),0.0 (cmd 0.0)
0.31789999999999996,-97.0,0.0,0.0,-97.0,0.0,0.0,-97.0,-97.0,0.0 (cmd 0.0),0.0 (cmd 0.0)
0.3185,-97.0,0.0,0.0,-97.0,0.0,0.0,-97.0,-97.0,0.0 (cmd 0.0),0.0 (cmd 0.0)
0.319,-97.0,0.0,0.0,-97.0,0.0,0.0,-97.0,-97.0,0.0 (cmd 0.0),0.0 (cmd 0.0)
0.3195,-97.0,0.0,0.0,-97.0,0.0,0.0,-97.0,-97.0,0.0 (cmd 0.0),0.0 (cmd 0.0)
0.32,-97.0,0.0,0.0,-97.0,0.0,0.0,-97.0,-97.0,0.0 (cmd 0.0),0.0 (cmd 0.0)
0.3205,-97.0,0.0,0.0,-97.0,0.0,0.0,-97.0,-97.0,0.0 (cmd 0.0),0.0 (cmd 0.0)
0.321,-97.0,0.0,0.0,-97.0,0.0,0.0,-97.0,-97.0,0.0 (cmd 0.0),0.0 (cmd 0.0)
0.3215,-97.0,0.0,0.0,-97.0,0.0,0.0,-97.0,-97.0,0.0 (cmd 0.0),0.0 (cmd 0.0)
0.322,-97.0,0.0,0.0,-97.0,0.0,0.0,-97.0,-97.0,0.0 (cmd 0.0),0.0 (cmd 0.0)
0.3225,-97.0,0.0,0.0,-97.0,0.0,0.0,-97.0,-97.0,0.0 (cmd 0.0),0.0 (cmd 0.0)
0.323,-97.0,0.0,0.0,-97.0,0.0,0.0,-97.0,-97.0,0.0 (cmd 0.0),0.0 (cmd 0.0)
0.3235,-97.0,0.0,0.0,-97.0,0.0,0.0,-97.0,-97.0,0.0 (cmd 0.0),0.0 (cmd 0.0)
0.324,-97.0,0.0,0.0,-97.0,0.0,0.0,-97.0,-97.0,0.0 (cmd 0.0),0.0 (cmd 0.0)
0.3245,-97.0,0.0,0.0,-97.0,0.0,0.0,-97.0,-97.0,0.0 (cmd 0.0),0.0 (cmd 0.0)
0.325,-97.0,0.0,0.0,-97.0,0.0,0.0,-97.0,-97.0,0.0 (cmd 0.0),0.0 (cmd 0.0)
0.3255,-97.0,0.0,0.0,-97.0,0.0,0.0,-97.0,-97.0,0.0 (cmd 0.0),0.0 (cmd 0.0)
0.326,-97.0,0.0,0.0,-97.0,0.0,0.0,-97.0,-97.0,0.0 (cmd 0.0),0.0 (cmd 0.0)
0.3265,-97.0,0.0,0.0,-97.0,0.0,0.0,-97.0,-97.0,0.0 (cmd 0.0),0.0 (cmd 0.0)
0.327,-97.0,0.0,0.0,-97.0,0.0,0.0,-97.0,-97.0,0.0 (cmd 0.0),0.0 (cmd 0.0)
0.3275,-97.0,0.0,0.0,-97.0,0.0,0.0,-97.0,-97.0,0.0 (cmd 0.0),0.0 (cmd 0.0)
0.328,-97.0,0.0,0.0,-97.0,0.0,0.0,-97.0,-97.0,0.0 (cmd 0.0),0.0 (cmd 0.0)
0.3285,-97.0,0.0,0.0,-97.0,0.0,0.0,-97.0,-97.0,0.0 (cmd 0.0),0.0 (cmd 0.0)
0.329,-97.0,0.0,0.0,-97.0,0.0,0.0,-97.0,-97.0,0.0 (cmd 0.0),0.0 (cmd 0.0)
0.3295,-97.0,0.0,0.0,-97.0,0.0,0.0,-97.0,-97.0,0.0 (cmd 0.0),0.0 (cmd 0.0)
0.33,-97.0,0.0,0.0,-97.0,0.0,0.0,-97.0,-97.0,0.0 (cmd 0.0),0.0 (cmd 0.0)
0.3305,-97.0,0.0,0.0,-97.0,0.0,0.0,-97.0,-97.0,0.0 (cmd 0.0),0.0 (cmd 0.0)
0.331,-97.0,0.0,0.0,-97.0,0.0,0.0,-97.0,-97.0,0.0 (cmd 0.0),0.0 (cmd 0.0)
0.3315,-97.0,0.0,0.0,-97.0,0.0,0.0,-97.0,-97.0,0.0 (cmd 0.0),0.0 (cmd 0.0)
0.332,-97.0,0.0,0.0,-97.0,0.0,0.0,-97.0,-97.0,0.0 (cmd 0.0),0.0 (cmd 0.0)
0.3325,-97.0,0.0,0.0,-97.0,0.0,0.0,-97.0,-97.0,0.0 (cmd 0.0),0.0 (cmd 0.0)
0.333,-97.0,0.0,0.0,-97.0,0.0,0.0,-97.0,-97.0,0.0 (cmd 0.0),0.0 (cmd 0.0)
0.3335,-97.0,0.0,0.0,-97.0,0.0,0.0,-97.0,-97.0,0.0 (cmd 0.0),0.0 (cmd 0.0)
0.334,-97.0,0.0,0.0,-97.0,0.0,0.0,-97.0,-97.0,0.0 (cmd 0.0),0.0 (cmd 0.0)
0.3345,-97.0,0.0,0.0,-97.0,0.0,0.0,-97.0,-97.0,0.0 (cmd 0.0),0.0 (cmd 0.0)
0.335,-97.0,0.0,0.0,-97.0,0.0,0.0,-97.0,-97.0,0.0 (cmd 0.0),0.0 (cmd 0.0)
0.3355,-97.0,0.0,0.0,-97.0,0.0,0.0,-97.0,-97.0,0.0 (cmd 0.0),0.0 (cmd 0.0)
0.336,-97.0,0.0,0.0,-97.0,0.0,0.0,-97.0,-97.0,0.0 (cmd 0.0),0.0 (cmd 0.0)
0.3365,-97.0,0.0,0.0,-97.0,0.0,0.0,-97.0,-97.0,0.0 (cmd 0.0),0.0 (cmd 0.0)
0.337,-97.0,0.0,0.0,-97.0,0.0,0.0,-97.0,-97.0,0.0 (cmd 0.0),0.0 (cmd 0.0)
0.3375,-97.0,0.0,0.0,-97.0,0.0,0.0,-97.0,-97.0,0.0 (cmd 0.0),0.0 (cmd 0.0)
0.338,-97.0,0.0,0.0,-97.0,0.0,0.0,-97.0,-97.0,0.0 (cmd 0.0),0.0 (cmd 0.0)
0.3385,-97.0,0.0,0.0,-97.0,0.0,0.0,-97.0,-97.0,0.0 (cmd 0.0),0.0 (cmd 0.0)
0.339,-97.0,0.0,0.0,-97.0,0.0,0.0,-97.0,-97.0,0.0 (cmd 0.0),0.0 (cmd 0.0)
0.3395,-97.0,0.0,0.0,-97.0,0.0,0.0,-97.0,-97.0,0.0 (cmd 0.0),0.0 (cmd 0.0)
0.34,-97.0,0.0,0.0,-97.0,0.0,0.0,-97.0,-97.0,0.0 (cmd 0.0),0.0 (cmd 0.0)
0.3405,-97.0,0.0,0.0,-97.0,0.0,0.0,-97.0,-97.0,0.0 (cmd 0.0),0.0 (cmd 0.0)
0.341,-97.0,0.0,0.0,-97.0,0.0,0.0,-97.0,-97.0,0.0 (cmd 0.0),0.0 (cmd 0.0)
0.3415,-97.0,0.0,0.0,-97.0,0.0,0.0,-97.0,-97.0,0.0 (cmd 0.0),0.0 (cmd 0.0)
0.342,-97.0,0.0,0.0,-97.0,0.0,0.0,-97.0,-97.0,0.0 (cmd 0.0),0.0 (cmd 0.0)
0.3425,-97.0,0.0,0.0,-97.0,0.0,0.0,-97.0,-97.0,0.0 (cmd 0.0),0.0 (cmd 0.0)
0.343,-97.0,0.0,0.0,-97.0,0.0,0.0,-97.0,-97.0,0.0 (cmd 0.0),0.0 (cmd 0.0)
0.3435,-97.0,0.0,0.0,-97.0,0.0,0.0,-97.0,-97.0,0.0 (cmd 0.0),0.0 (cmd 0.0)
0.344,-97.0,0.0,0.0,-97.0,0.0,0.0,-97.0,-97.0,0.0 (cmd 0.0),0.0 (cmd 0.0)
0.3445,-97.0,0.0,0.0,-97.0,0.0,0.0,-97.0,-97.0,0.0 (cmd 0.0),0.0 (cmd 0.0)
0.345,-97.0,0.0,0.0,-97.0,0.0,0.0,-97.0,-97.0,0.0 (cmd 0.0),0.0 (cmd 0.0)
0.3455,-97.0,0.0,0.0,-97.0,0.0,0.0,-97.0,-97.0,0.0 (cmd 0.0),0.0 (cmd 0.0)
0.346,-97.0,0.0,0.0,-97.0,0.0,0.0,-97.0,-97.0,0.0 (cmd 0.0),0.0 (cmd 0.0)
0.3465,-97.0,0.0,0.0,-97.0,0.0,0.0,-97.0,-97.0,0.0 (cmd 0.0),0.0 (cmd 0.0)
0.347,-97.0,0.0,0.0,-97.0,0.0,0.0,-97.0,-97.0,0.0 (cmd 0.0),0.0 (cmd 0.0)
0.3475,-97.0,0.0,0.0,-97.0,0.0,0.0,-97.0,-97.0,0.0 (cmd 0.0),0.0 (cmd 0.0)
0.348,-97.0,0.0,0.0,-97.0,0.0,0.0,-97.0,-97.0,0.0 (cmd 0.0),0.0 (cmd 0.0)
0.3485,-97.0,0.0,0.0,-97.0,0.0,0.0,-97.0,-97.0,0.0 (cmd 0.0),0.0 (cmd 0.0)
0.349,-97.0,0.0,0.0,-97.0,0.0,0.0,-97.0,-97.0,0.0 (cmd 0.0),0.0 (cmd 0.0)
0.3495,-97.0,0.0,0.0,-97.0,0.0,0.0,-97.0,-97.0,0.0 (cmd 0.0),0.0 (cmd 0.0)
0.35,-97.0,0.0,0.0,-97.0,0.0,0.0,-97.0,-97.0,0.0 (cmd 0.0),0.0 (cmd 0.0)
0.3505,-97.0,0.0,0.0,-97.0,0.0,0.0,-97.0,-97.0,0.0 (cmd 0.0),0.0 (cmd 0.0)
0.351,-97.0,0.0,0.0,-97.0,0.0,0.0,-97.0,-97.0,0.0 (cmd 0.0),0.0 (cmd 0.0)
0.3515,-97.0,0.0,0.0,-97.0,0.0,0.0,-97.0,-97.0,0.0 (cmd 0.0),0.0 (cmd 0.0)
0.352,-97.0,0.0,0.0,-97.0,0.0,0.0,-97.0,-97.0,0.0 (cmd 0.0),0.0 (cmd 0.0)
0.3525,-97.0,0.0,0.0,-97.0,0.0,0.0,-97.0,-97.0,0.0 (cmd 0.0),0.0 (cmd 0.0)
0.353,-97.0,0.0,0.0,-97.0,0.0,0.0,-97.0,-97.0,0.0 (cmd 0.0),0.0 (cmd 0.0)
0.3535,-97.0,0.0,0.0,-97.0,0.0,0.0,-97.0,-97.0,0.0 (cmd 0.0),0.0 (cmd 0.0)
0.354,-97.0,0.0,0.0,-97.0,0.0,0.0,-97.0,-97.0,0.0 (cmd 0.0),0.0 (cmd 0.0)
0.3545,-97.0,0.0,0.0,-97.0,0.0,0.0,-97.0,-97.0,0.0 (cmd 0.0),0.0 (cmd 0.0)
0.355,-97.0,0.0,0.0,-97.0,0.0,0.0,-97.0,-97.0,0.0 (cmd 0.0),0.0 (cmd 0.0)
0.3555,-97.0,0.0,0.0,-97.0,0.0,0.0,-97.0,-97.0,0.0 (cmd 0.0),0.0 (cmd 0.0)
0.356,-97.0,0.0,0.0,-97.0,0.0,0.0,-97.0,-97.0,0.0 (cmd 0.0),0.0 (cmd 0.0)
0.3565,-97.0,0.0,0.0,-97.0,0.0,0.0,-97.0,-97.0,0.0 (cmd 0.0),0.0 (cmd 0.0)
0.357,-97.0,0.0,0.0,-97.0,0.0,0.0,-97.0,-97.0,0.0 (cmd 0.0),0.0 (cmd 0.0)
0.3575,-97.0,0.0,0.0,-97.0,0.0,0.0,-97.0,-97.0,0.0 (cmd 0.0),0.0 (cmd 0.0)
0.358,-97.0,0.0,0.0,-97.0,0.0,0.0,-97.0,-97.0,0.0 (cmd 0.0),0.0 (cmd 0.0)
0.3585,-97.0,0.0,0.0,-97.0,0.0,0.0,-97.0,-97.0,0.0 (cmd 0.0),0.0 (cmd 0.0)
0.359,-97.0,0.0,0.0,-97.0,0.0,0.0,-97.0,-97.0,0.0 (cmd 0.0),0.0 (cmd 0.0)
0.3595,-97.0,0.0,0.0,-97.0,0.0,0.0,-97.0,-97.0,0.0 (cmd 0.0),0.0 (cmd 0.0)
0.36,-97.0,0.0,0.0,-97.0,0.0,0.0,-97.0,-97.0,0.0 (cmd 0.0),0.0 (cmd 0.0)
0.3605,-97.0,0.0,0.0,-97.0,0.0,0.0,-97.0,-97.0,0.0 (cmd 0.0),0.0 (cmd 0.0)
0.361,-97.0,0.0,0.0,-97.0,0.0,0.0,-97.0,-97.0,0.0 (cmd 0.0),0.0 (cmd 0.0)
0.3615,-97.0,0.0,0.0,-97.0,0.0,0.0,-97.0,-97.0,0.0 (cmd 0.0),0.0 (cmd 0.0)
0.362,-97.0,0.0,0.0,-97.0,0.0,0.0,-97.0,-97.0,0.0 (cmd 0.0),0.0 (cmd 0.0)
0.3625,-97.0,0.0,0.0,-97.0,0.0,0.0,-97.0,-97.0,0.0 (cmd 0.0),0.0 (cmd 0.0)
0.363,-97.0,0.0,0.0,-97.0,0.0,0.0,-97.0,-97.0,0.0 (cmd 0.0),0.0 (cmd 0.0)
0.3635,-97.0,0.0,0.0,-97.0,0.0,0.0,-97.0,-97.0,0.0 (cmd 0.0),0.0 (cmd 0.0)
0.364,-97.0,0.0,0.0,-97.0,0.0,0.0,-97.0,-97.0,0.0 (cmd 0.0),0.0 (cmd 0.0)
0.3645,-97.0,0.0,0.0,-97.0,0.0,0.0,-97.0,-97.0,0.0 (cmd 0.0),0.0 (cmd 0.0)
0.365,-97.0,0.0,0.0,-97.0,0.0,0.0,-97.0,-97.0,0.0 (cmd 0.0),0.0 (cmd 0.0)
0.3655,-97.0,0.0,0.0,-97.0,0.0,0.0,-97.0,-97.0,0.0 (cmd 0.0),0.0 (cmd 0.0)
0.366,-97.0,0.0,0.0,-97.0,0.0,0.0,-97.0,-97.0,0.0 (cmd 0.0),0.0 (cmd 0.0)
0.3665,-97.0,0.0,0.0,-97.0,0.0,0.0,-97.0,-97.0,0.0 (cmd 0.0),0.0 (cmd 0.0)
0.367,-97.0,0.0,0.0,-97.0,0.0,0.0,-97.0,-97.0,0.0 (cmd 0.0),0.0 (cmd 0.0)
0.3675,-97.0,0.0,0.0,-97.0,0.0,0.0,-97.0,-97.0,0.0 (cmd 0.0),0.0 (cmd 0.0)
0.368,-97.0,0.0,0.0,-97.0,0.0,0.0,-97.0,-97.0,0.0 (cmd 0.0),0.0 (cmd 0.0)
0.3685,-97.0,0.0,0.0,-97.0,0.0,0.0,-97.0,-97.0,0.0 (cmd 0.0),0.0 (cmd 0.0)
0.369,-97.0,0.0,0.0,-97.0,0.0,0.0,-97.0,-97.0,0.0 (cmd 0.0),0.0 (cmd 0.0)
0.3695,-97.0,0.0,0.0,-97.0,0.0,0.0,-97.0,-97.0,0.0 (cmd 0.0),0.0 (cmd 0.0)
0.37,-97.0,0.0,0.0,-97.0,0.0,0.0,-97.0,-97.0,0.0 (cmd 0.0),0.0 (cmd 0.0)
0.3705,-97.0,0.0,0.0,-97.0,0.0,0.0,-97.0,-97.0,0.0 (cmd 0.0),0.0 (cmd 0.0)
0.371,-97.0,0.0,0.0,-97.0,0.0,0.0,-97.0,-97.0,0.0 (cmd 0.0),0.0 (cmd 0.0)
0.3715,-97.0,0.0,0.0,-97.0,0.0,0.0,-97.0,-97.0,0.0 (cmd 0.0),0.0 (cmd 0.0)
0.372,-97.0,0.0,0.0,-97.0,0.0,0.0,-97.0,-97.0,0.0 (cmd 0.0),0.0 (cmd 0.0)
0.3725,-97.0,0.0,0.0,-97.0,0.0,0.0,-97.0,-97.0,0.0 (cmd 0.0),0.0 (cmd 0.0)
0.373,-97.0,0.0,0.0,-97.0,0.0,0.0,-97.0,-97.0,0.0 (cmd 0.0),0.0 (cmd 0.0)
0.3735,-97.0,0.0,0.0,-97.0,0.0,0.0,-97.0,-97.0,0.0 (cmd 0.0),0.0 (cmd 0.0)
0.374,-97.0,0.0,0.0,-97.0,0.0,0.0,-97.0,-97.0,0.0 (cmd 0.0),0.0 (cmd 0.0)
0.3745,-97.0,0.0,0.0,-97.0,0.0,0.0,-97.0,-97.0,0.0 (cmd 0.0),0.0 (cmd 0.0)
0.375,-97.0,0.0,0.0,-97.0,0.0,0.0,-97.0,-97.0,0.0 (cmd 0.0),0.0 (cmd 0.0)
0.3755,-97.0,0.0,0.0,-97.0,0.0,0.0,-97.0,-97.0,0.0 (cmd 0.0),0.0 (cmd 0.0)
0.376,-97.0,0.0,0.0,-97.0,0.0,0.0,-97.0,-97.0,0.0 (cmd 0.0),0.0 (cmd 0.0)
0.3765,-97.0,0.0,0.0,-97.0,0.0,0.0,-97.0,-97.0,0.0 (cmd 0.0),0.0 (cmd 0.0)
0.377,-97.0,0.0,0.0,-97.0,0.0,0.0,-97.0,-97.0,0.0 (cmd 0.0),0.0 (cmd 0.0)
0.3775,-97.0,0.0,0.0,-97.0,0.0,0.0,-97.0,-97.0,0.0 (cmd 0.0),0.0 (cmd 0.0)
0.378,-97.0,0.0,0.0,-97.0,0.0,0.0,-97.0,-97.0,0.0 (cmd 0.0),0.0 (cmd 0.0)
0.3785,-97.0,0.0,0.0,-97.0,0.0,0.0,-97.0,-97.0,0.0 (cmd 0.0),0.0 (cmd 0.0)
0.379,-97.0,0.0,0.0,-97.0,0.0,0.0,-97.0,-97.0,0.0 (cmd 0.0),0.0 (cmd 0.0)
0.3795,-97.0,0.0,0.0,-97.0,0.0,0.0,-97.0,-97.0,0.0 (cmd 0.0),0.0 (cmd 0.0)
0.38,-97.0,0.0,0.0,-97.0,0.0,0.0,-97.0,-97.0,0.0 (cmd 0.0),0.0 (cmd 0.0)
0.3805,-97.0,0.0,0.0,-97.0,0.0,0.0,-97.0,-97.0,0.0 (cmd 0.0),0.0 (cmd 0.0)
0.381,-97.0,0.0,0.0,-97.0,0.0,0.0,-97.0,-97.0,0.0 (cmd 0.0),0.0 (cmd 0.0)
0.3815,-97.0,0.0,0.0,-97.0,0.0,0.0,-97.0,-97.0,0.0 (cmd 0.0),0.0 (cmd 0.0)
0.382,-97.0,0.0,0.0,-97.0,0.0,0.0,-97.0,-97.0,0.0 (cmd 0.0),0.0 (cmd 0.0)
0.3825,-97.0,0.0,0.0,-97.0,0.0,0.0,-97.0,-97.0,0.0 (cmd 0.0),0.0 (cmd 0.0)
0.383,-97.0,0.0,0.0,-97.0,0.0,0.0,-97.0,-97.0,0.0 (cmd 0.0),0.0 (cmd 0.0)
0.3835,-97.0,0.0,0.0,-97.0,0.0,0.0,-97.0,-97.0,0.0 (cmd 0.0),0.0 (cmd 0.0)
0.384,-97.0,0.0,0.0,-97.0,0.0,0.0,-97.0,-97.0,0.0 (cmd 0.0),0.0 (cmd 0.0)
0.3845,-97.0,0.0,0.0,-97.0,0.0,0.0,-97.0,-97.0,0.0 (cmd 0.0),0.0 (cmd 0.0)
0.385,-97.0,0.0,0.0,-97.0,0.0,0.0,-97.0,-97.0,0.0 (cmd 0.0),0.0 (cmd 0.0)
0.3855,-97.0,0.0,0.0,-97.0,0.0,0.0,-97.0,-97.0,0.0 (cmd 0.0),0.0 (cmd 0.0)
0.386,-97.0,0.0,0.0,-97.0,0.0,0.0,-97.0,-97.0,0.0 (cmd 0.0),0.0 (cmd 0.0)
0.3865,-97.0,0.0,0.0,-97.0,0.0,0.0,-97.0,-97.0,0.0 (cmd 0.0),0.0 (cmd 0.0)
0.387,-97.0,0.0,0.0,-97.0,0.0,0.0,-97.0,-97.0,0.0 (cmd 0.0),0.0 (cmd 0.0)
0.3875,-97.0,0.0,0.0,-97.0,0.0,0.0,-97.0,-97.0,0.0 (cmd 0.0),0.0 (cmd 0.0)
0.388,-97.0,0.0,0.0,-97.0,0.0,0.0,-97.0,-97.0,0.0 (cmd 0.0),0.0 (cmd 0.0)
0.3885,-97.0,0.0,0.0,-97.0,0.0,0.0,-97.0,-97.0,0.0 (cmd 0.0),0.0 (cmd 0.0)
0.389,-97.0,0.0,0.0,-97.0,0.0,0.0,-97.0,-97.0,0.0 (cmd 0.0),0.0 (cmd 0.0)
0.3895,-97.0,0.0,0.0,-97.0,0.0,0.0,-97.0,-97.0,0.0 (cmd 0.0),0.0 (cmd 0.0)
0.39,-97.0,0.0,0.0,-97.0,0.0,0.0,-97.0,-97.0,0.0 (cmd 0.0),0.0 (cmd 0.0)
0.3905,-97.0,0.0,0.0,-97.0,0.0,0.0,-97.0,-97.0,0.0 (cmd 0.0),0.0 (cmd 0.0)
0.391,-97.0,0.0,0.0,-97.0,0.0,0.0,-97.0,-97.0,0.0 (cmd 0.0),0.0 (cmd 0.0)
0.3915,-97.0,0.0,0.0,-97.0,0.0,0.0,-97.0,-97.0,0.0 (cmd 0.0),0.0 (cmd 0.0)
0.392,-97.0,0.0,0.0,-97.0,0.0,0.0,-97.0,-97.0,0.0 (cmd 0.0),0.0 (cmd 0.0)
0.3925,-97.0,0.0,0.0,-97.0,0.0,0.0,-97.0,-97.0,0.0 (cmd 0.0),0.0 (cmd 0.0)
0.393,-97.0,0.0,0.0,-97.0,0.0,0.0,-97.0,-97.0,0.0 (cmd 0.0),0.0 (cmd 0.0)
0.3935,-97.0,0.0,0.0,-97.0,0.0,0.0,-97.0,-97.0,0.0 (cmd 0.0),0.0 (cmd 0.0)
0.394,-97.0,0.0,0.0,-97.0,0.0,0.0,-97.0,-97.0,0.0 (cmd 0.0),0.0 (cmd 0.0)
0.3945,-97.0,0.0,0.0,-97.0,0.0,0.0,-97.0,-97.0,0.0 (cmd 0.0),0.0 (cmd 0.0)
0.395,-97.0,0.0,0.0,-97.0,0.0,0.0,-97.0,-97.0,0.0 (cmd 0.0),0.0 (cmd 0.0)
0.3955,-97.0,0.0,0.0,-97.0,0.0,0.0,-97.0,-97.0,0.0 (cmd 0.0),0.0 (cmd 0.0)
0.396,-97.0,0.0,0.0,-97.0,0.0,0.0,-97.0,-97.0,0.0 (cmd 0.0),0.0 (cmd 0.0)
0.3965,-97.0,0.0,0.0,-97.0,0.0,0.0,-97.0,-97.0,0.0 (cmd 0.0),0.0 (cmd 0.0)
0.397,-97.0,0.0,0.0,-97.0,0.0,0.0,-97.0,-97.0,0.0 (cmd 0.0),0.0 (cmd 0.0)
0.3975,-97.0,0.0,0.0,-97.0,0.0,0.0,-97.0,-97.0,0.0 (cmd 0.0),0.0 (cmd 0.0)
0.398,-97.0,0.0,0.0,-97.0,0.0,0.0,-97.0,-97.0,0.0 (cmd 0.0),0.0 (cmd 0.0)
0.3985,-97.0,0.0,0.0,-97.0,0.0,0.0,-97.0,-97.0,0.0 (cmd 0.0),0.0 (cmd 0.0)
0.399,-97.0,0.0,0.0,-97.0,0.0,0.0,-97.0,-97.0,0.0 (cmd 0.0),0.0 (cmd 0.0)
0.3995,-97.0,0.0,0.0,-97.0,0.0,0.0,-97.0,-97.0,0.0 (cmd 0.0),0.0 (cmd 0.0)
0.4,-97.0,0.0,0.0,-97.0,0.0,0.0,-97.0,-97.0,0.0 (cmd 0.0),0.0 (cmd 0.0)
0.4005,-97.0,0.0,0.0,-97.0,0.0,0.0,-97.0,-97.0,0.0 (cmd 0.0),0.0 (cmd 0.0)
0.401,-97.0,0.0,0.0,-97.0,0.0,0.0,-97.0,-97.0,0.0 (cmd 0.0),0.0 (cmd 0.0)
0.4015,-97.0,0.0,0.0,-97.0,0.0,0.0,-97.0,-97.0,0.0 (cmd 0.0),0.0 (cmd 0.0)
0.402,-97.0,0.0,0.0,-97.0,0.0,0.0,-97.0,-97.0,0.0 (cmd 0.0),0.0 (cmd 0.0)
0.4025,-97.0,0.0,0.0,-97.0,0.0,0.0,-97.0,-97.0,0.0 (cmd 0.0),0.0 (cmd 0.0)
0.403,-97.0,0.0,0.0,-97.0,0.0,0.0,-97.0,-97.0,0.0 (cmd 0.0),0.0 (cmd 0.0)
0.4035,-97.0,0.0,0.0,-97.0,0.0,0.0,-97.0,-97.0,0.0 (cmd 0.0),0.0 (cmd 0.0)
0.404,-97.0,0.0,0.0,-97.0,0.0,0.0,-97.0,-97.0,0.0 (cmd 0.0),0.0 (cmd 0.0)
0.4045,-97.0,0.0,0.0,-97.0,0.0,0.0,-97.0,-97.0,0.0 (cmd 0.0),0.0 (cmd 0.0)
0.405,-97.0,0.0,0.0,-97.0,0.0,0.0,-97.0,-97.0,0.0 (cmd 0.0),0.0 (cmd 0.0)
0.4055,-97.0,0.0,0.0,-97.0,0.0,0.0,-97.0,-97.0,0.0 (cmd 0.0),0.0 (cmd 0.0)
0.406,-97.0,0.0,0.0,-97.0,0.0,0.0,-97.0,-97.0,0.0 (cmd 0.0),0.0 (cmd 0.0)
0.4065,-97.0,0.0,0.0,-97.0,0.0,0.0,-97.0,-97.0,0.0 (cmd 0.0),0.0 (cmd 0.0)
0.407,-97.0,0.0,0.0,-97.0,0.0,0.0,-97.0,-97.0,0.0 (cmd 0.0),0.0 (cmd 0.0)
0.4075,-97.0,0.0,0.0,-97.0,0.0,0.0,-97.0,-97.0,0.0 (cmd 0.0),0.0 (cmd 0.0)
0.408,-97.0,0.0,0.0,-97.0,0.0,0.0,-97.0,-97.0,0.0 (cmd 0.0),0.0 (cmd 0.0)
0.4085,-97.0,0.0,0.0,-97.0,0.0,0.0,-97.0,-97.0,0.0 (cmd 0.0),0.0 (cmd 0.0)
0.409,-97.0,0.0,0.0,-97.0,0.0,0.0,-97.0,-97.0,0.0 (cmd 0.0),0.0 (cmd 0.0)
0.4095,-97.0,0.0,0.0,-97.0,0.0,0.0,-97.0,-97.0,0.0 (cmd 0.0),0.0 (cmd 0.0)
0.41,-97.0,0.0,0.0,-97.0,0.0,0.0,-97.0,-97.0,0.0 (cmd 0.0),0.0 (cmd 0.0)
0.4105,-97.0,0.0,0.0,-97.0,0.0,0.0,-97.0,-97.0,0.0 (cmd 0.0),0.0 (cmd 0.0)
0.411,-97.0,0.0,0.0,-97.0,0.0,0.0,-97.0,-97.0,0.0 (cmd 0.0),0.0 (cmd 0.0)
0.4115,-97.0,0.0,0.0,-97.0,0.0,0.0,-97.0,-97.0,0.0 (cmd 0.0),0.0 (cmd 0.0)
0.412,-97.0,0.0,0.0,-97.0,0.0,0.0,-97.0,-97.0,0.0 (cmd 0.0),0.0 (cmd 0.0)
0.4125,-97.0,0.0,0.0,-97.0,0.0,0.0,-97.0,-97.0,0.0 (cmd 0.0),0.0 (cmd 0.0)
0.413,-97.0,0.0,0.0,-97.0,0.0,0.0,-97.0,-97.0,0.0 (cmd 0.0),0.0 (cmd 0.0)
0.4135,-97.0,0.0,0.0,-97.0,0.0,0.0,-97.0,-97.0,0.0 (cmd 0.0),0.0 (cmd 0.0)
0.414,-97.0,0.0,0.0,-97.0,0.0,0.0,-97.0,-97.0,0.0 (cmd 0.0),0.0 (cmd 0.0)
0.4145,-97.0,0.0,0.0,-97.0,0.0,0.0,-97.0,-97.0,0.0 (cmd 0.0),0.0 (cmd 0.0)
0.415,-97.0,0.0,0.0,-97.0,0.0,0.0,-97.0,-97.0,0.0 (cmd 0.0),0.0 (cmd 0.0)
0.4155,-97.0,0.0,0.0,-97.0,0.0,0.0,-97.0,-97.0,0.0 (cmd 0.0),0.0 (cmd 0.0)
0.416,-97.0,0.0,0.0,-97.0,0.0,0.0,-97.0,-97.0,0.0 (cmd 0.0),0.0 (cmd 0.0)
0.4165,-97.0,0.0,0.0,-97.0,0.0,0.0,-97.0,-97.0,0.0 (cmd 0.0),0.0 (cmd 0.0)
0.417,-97.0,0.0,0.0,-97.0,0.0,0.0,-97.0,-97.0,0.0 (cmd 0.0),0.0 (cmd 0.0)
0.4175,-97.0,0.0,0.0,-97.0,0.0,0.0,-97.0,-97.0,0.0 (cmd 0.0),0.0 (cmd 0.0)
0.418,-97.0,0.0,0.0,-97.0,0.0,0.0,-97.0,-97.0,0.0 (cmd 0.0),0.0 (cmd 0.0)
0.4185,-97.0,0.0,0.0,-97.0,0.0,0.0,-97.0,-97.0,0.0 (cmd 0.0),0.0 (cmd 0.0)
0.419,-97.0,0.0,0.0,-97.0,0.0,0.0,-97.0,-97.0,0.0 (cmd 0.0),0.0 (cmd 0.0)
0.4195,-97.0,0.0,0.0,-97.0,0.0,0.0,-97.0,-97.0,0.0 (cmd 0.0),0.0 (cmd 0.0)
0.42,-97.0,0.0,0.0,-97.0,0.0,0.0,-97.0,-97.0,0.0 (cmd 0.0),0.0 (cmd 0.0)
0.4205,-97.0,0.0,0.0,-97.0,0.0,0.0,-97.0,-97.0,0.0 (cmd 0.0),0.0 (cmd 0.0)
0.421,-97.0,0.0,0.0,-97.0,0.0,0.0,-97.0,-97.0,0.0 (cmd 0.0),0.0 (cmd 0.0)
0.4215,-97.0,0.0,0.0,-97.0,0.0,0.0,-97.0,-97.0,0.0 (cmd 0.0),0.0 (cmd 0.0)
0.422,-97.0,0.0,0.0,-97.0,0.0,0.0,-97.0,-97.0,0.0 (cmd 0.0),0.0 (cmd 0.0)
0.4225,-97.0,0.0,0.0,-97.0,0.0,0.0,-97.0,-97.0,0.0 (cmd 0.0),0.0 (cmd 0.0)
0.423,-97.0,0.0,0.0,-97.0,0.0,0.0,-97.0,-97.0,0.0 (cmd 0.0),0.0 (cmd 0.0)
0.4235,-97.0,0.0,0.0,-97.0,0.0,0.0,-97.0,-97.0,0.0 (cmd 0.0),0.0 (cmd 0.0)
0.424,-97.0,0.0,0.0,-97.0,0.0,0.0,-97.0,-97.0,0.0 (cmd 0.0),0.0 (cmd 0.0)
0.4245,-97.0,0.0,0.0,-97.0,0.0,0.0,-97.0,-97.0,0.0 (cmd 0.0),0.0 (cmd 0.0)
0.425,-97.0,0.0,0.0,-97.0,0.0,0.0,-97.0,-97.0,0.0 (cmd 0.0),0.0 (cmd 0.0)
0.4255,-97.0,0.0,0.0,-97.0,0.0,0.0,-97.0,-97.0,0.0 (cmd 0.0),0.0 (cmd 0.0)
0.426,-97.0,0.0,0.0,-97.0,0.0,0.0,-97.0,-97.0,0.0 (cmd 0.0),0.0 (cmd 0.0)
0.4265,-97.0,0.0,0.0,-97.0,0.0,0.0,-97.0,-97.0,0.0 (cmd 0.0),0.0 (cmd 0.0)
0.427,-97.0,0.0,0.0,-97.0,0.0,0.0,-97.0,-97.0,0.0 (cmd 0.0),0.0 (cmd 0.0)
0.4275,-97.0,0.0,0.0,-97.0,0.0,0.0,-97.0,-97.0,0.0 (cmd 0.0),0.0 (cmd 0.0)
0.428,-97.0,0.0,0.0,-97.0,0.0,0.0,-97.0,-97.0,0.0 (cmd 0.0),0.0 (cmd 0.0)
0.4285,-97.0,0.0,0.0,-97.0,0.0,0.0,-97.0,-97.0,0.0 (cmd 0.0),0.0 (cmd 0.0)
0.429,-97.0,0.0,0.0,-97.0,0.0,0.0,-97.0,-97.0,0.0 (cmd 0.0),0.0 (cmd 0.0)
0.4295,-97.0,0.0,0.0,-97.0,0.0,0.0,-97.0,-97.0,0.0 (cmd 0.0),0.0 (cmd 0.0)
0.43,-97.0,0.0,0.0,-97.0,0.0,0.0,-97.0,-97.0,0.0 (cmd 0.0),0.0 (cmd 0.0)
0.4305,-97.0,0.0,0.0,-97.0,0.0,0.0,-97.0,-97.0,0.0 (cmd 0.0),0.0 (cmd 0.0)
0.431,-97.0,0.0,0.0,-97.0,0.0,0.0,-97.0,-97.0,0.0 (cmd 0.0),0.0 (cmd 0.0)
0.4315,-97.0,0.0,0.0,-97.0,0.0,0.0,-97.0,-97.0,0.0 (cmd 0.0),0.0 (cmd 0.0)
0.432,-97.0,0.0,0.0,-97.0,0.0,0.0,-97.0,-97.0,0.0 (cmd 0.0),0.0 (cmd 0.0)
0.4325,-97.0,0.0,0.0,-97.0,0.0,0.0,-97.0,-97.0,0.0 (cmd 0.0),0.0 (cmd 0.0)
0.433,-97.0,0.0,0.0,-97.0,0.0,0.0,-97.0,-97.0,0.0 (cmd 0.0),0.0 (cmd 0.0)
0.4335,-97.0,0.0,0.0,-97.0,0.0,0.0,-97.0,-97.0,0.0 (cmd 0.0),0.0 (cmd 0.0)
0.434,-97.0,0.0,0.0,-97.0,0.0,0.0,-97.0,-97.0,0.0 (cmd 0.0),0.0 (cmd 0.0)
0.4345,-97.0,0.0,0.0,-97.0,0.0,0.0,-97.0,-97.0,0.0 (cmd 0.0),0.0 (cmd 0.0)
0.435,-97.0,0.0,0.0,-97.0,0.0,0.0,-97.0,-97.0,0.0 (cmd 0.0),0.0 (cmd 0.0)
0.4355,-97.0,0.0,0.0,-97.0,0.0,0.0,-97.0,-97.0,0.0 (cmd 0.0),0.0 (cmd 0.0)
0.436,-97.0,0.0,0.0,-97.0,0.0,0.0,-97.0,-97.0,0.0 (cmd 0.0),0.0 (cmd 0.0)
0.4365,-97.0,0.0,0.0,-97.0,0.0,0.0,-97.0,-97.0,0.0 (cmd 0.0),0.0 (cmd 0.0)
0.437,-97.0,0.0,0.0,-97.0,0.0,0.0,-97.0,-97.0,0.0 (cmd 0.0),0.0 (cmd 0.0)
0.4375,-97.0,0.0,0.0,-97.0,0.0,0.0,-97.0,-97.0,0.0 (cmd 0.0),0.0 (cmd 0.0)
0.438,-97.0,0.0,0.0,-97.0,0.0,0.0,-97.0,-97.0,0.0 (cmd 0.0),0.0 (cmd 0.0)
0.4385,-97.0,0.0,0.0,-97.0,0.0,0.0,-97.0,-97.0,0.0 (cmd 0.0),0.0 (cmd 0.0)
0.439,-97.0,0.0,0.0,-97.0,0.0,0.0,-97.0,-97.0,0.0 (cmd 0.0),0.0 (cmd 0.0)
0.4395,-97.0,0.0,0.0,-97.0,0.0,0.0,-97.0,-97.0,0.0 (cmd 0.0),0.0 (cmd 0.0)
0.44,-97.0,0.0,0.0,-97.0,0.0,0.0,-97.0,-97.0,0.0 (cmd 0.0),0.0 (cmd 0.0)
0.4405,-97.0,0.0,0.0,-97.0,0.0,0.0,-97.0,-97.0,0.0 (cmd 0.0),0.0 (cmd 0.0)
0.441,-97.0,0.0,0.0,-97.0,0.0,0.0,-97.0,-97.0,0.0 (cmd 0.0),0.0 (cmd 0.0)
0.4415,-97.0,0.0,0.0,-97.0,0.0,0.0,-97.0,-97.0,0.0 (cmd 0.0),0.0 (cmd 0.0)
0.442,-97.0,0.0,0.0,-97.0,0.0,0.0,-97.0,-97.0,0.0 (cmd 0.0),0.0 (cmd 0.0)
0.4425,-97.0,0.0,0.0,-97.0,0.0,0.0,-97.0,-97.0,0.0 (cmd 0.0),0.0 (cmd 0.0)
0.443,-97.0,0.0,0.0,-97.0,0.0,0.0,-97.0,-97.0,0.0 (cmd 0.0),0.0 (cmd 0.0)
0.4435,-97.0,0.0,0.0,-97.0,0.0,0.0,-97.0,-97.0,0.0 (cmd 0.0),0.0 (cmd 0.0)
0.444,-97.0,0.0,0.0,-97.0,0.0,0.0,-97.0,-97.0,0.0 (cmd 0.0),0.0 (cmd 0.0)
0.4445,-97.0,0.0,0.0,-97.0,0.0,0.0,-97.0,-97.0,0.0 (cmd 0.0),0.0 (cmd 0.0)
0.445,-97.0,0.0,0.0,-97.0,0.0,0.0,-97.0,-97.0,0.0 (cmd 0.0),0.0 (cmd 0.0)
0.4455,-97.0,0.0,0.0,-97.0,0.0,0.0,-97.0,-97.0,0.0 (cmd 0.0),0.0 (cmd 0.0)
0.446,-97.0,0.0,0.0,-97.0,0.0,0.0,-97.0,-97.0,0.0 (cmd 0.0),0.0 (cmd 0.0)
0.4465,-97.0,0.0,0.0,-97.0,0.0,0.0,-97.0,-97.0,0.0 (cmd 0.0),0.0 (cmd 0.0)
0.447,-97.0,0.0,0.0,-97.0,0.0,0.0,-97.0,-97.0,0.0 (cmd 0.0),0.0 (cmd 0.0)
0.4475,-97.0,0.0,0.0,-97.0,0.0,0.0,-97.0,-97.0,0.0 (cmd 0.0),0.0 (cmd 0.0)
0.448,-97.0,0.0,0.0,-97.0,0.0,0.0,-97.0,-97.0,0.0 (cmd 0.0),0.0 (cmd 0.0)
0.4485,-97.0,0.0,0.0,-97.0,0.0,0.0,-97.0,-97.0,0.0 (cmd 0.0),0.0 (cmd 0.0)
0.449,-97.0,0.0,0.0,-97.0,0.0,0.0,-97.0,-97.0,0.0 (cmd 0.0),0.0 (cmd 0.0)
0.4495,-97.0,0.0,0.0,-97.0,0.0,0.0,-97.0,-97.0,0.0 (cmd 0.0),0.0 (cmd 0.0)
0.45,-97.0,0.0,0.0,-97.0,0.0,0.0,-97.0,-97.0,0.0 (cmd 0.0),0.0 (cmd 0.0)
0.4505,-97.0,0.0,0.0,-97.0,0.0,0.0,-97.0,-97.0,0.0 (cmd 0.0),0.0 (cmd 0.0)
0.451,-97.0,0.0,0.0,-97.0,0.0,0.0,-97.0,-97.0,0.0 (cmd 0.0),0.0 (cmd 0.0)
0.4515,-97.0,0.0,0.0,-97.0,0.0,0.0,-97.0,-97.0,0.0 (cmd 0.0),0.0 (cmd 0.0)
0.452,-97.0,0.0,0.0,-97.0,0.0,0.0,-97.0,-97.0,0.0 (cmd 0.0),0.0 (cmd 0.0)
0.4525,-97.0,0.0,0.0,-97.0,0.0,0.0,-97.0,-97.0,0.0 (cmd 0.0),0.0 (cmd 0.0)
0.453,-97.0,0.0,0.0,-97.0,0.0,0.0,-97.0,-97.0,0.0 (cmd 0.0),0.0 (cmd 0.0)
0.4535,-97.0,0.0,0.0,-97.0,0.0,0.0,-97.0,-97.0,0.0 (cmd 0.0),0.0 (cmd 0.0)
0.454,-97.0,0.0,0.0,-97.0,0.0,0.0,-97.0,-97.0,0.0 (cmd 0.0),0.0 (cmd 0.0)
0.4545,-97.0,0.0,0.0,-97.0,0.0,0.0,-97.0,-97.0,0.0 (cmd 0.0),0.0 (cmd 0.0)
0.455,-97.0,0.0,0.0,-97.0,0.0,0.0,-97.0,-97.0,0.0 (cmd 0.0),0.0 (cmd 0.0)
0.4555,-97.0,0.0,0.0,-97.0,0.0,0.0,-97.0,-97.0,0.0 (cmd 0.0),0.0 (cmd 0.0)
0.456,-97.0,0.0,0.0,-97.0,0.0,0.0,-97.0,-97.0,0.0 (cmd 0.0),0.0 (cmd 0.0)
0.4565,-97.0,0.0,0.0,-97.0,0.0,0.0,-97.0,-97.0,0.0 (cmd 0.0),0.0 (cmd 0.0)
0.457,-97.0,0.0,0.0,-97.0,0.0,0.0,-97.0,-97.0,0.0 (cmd 0.0),0.0 (cmd 0.0)
0.4575,-97.0,0.0,0.0,-97.0,0.0,0.0,-97.0,-97.0,0.0 (cmd 0.0),0.0 (cmd 0.0)
0.458,-97.0,0.0,0.0,-97.0,0.0,0.0,-97.0,-97.0,0.0 (cmd 0.0),0.0 (cmd 0.0)
0.4585,-97.0,0.0,0.0,-97.0,0.0,0.0,-97.0,-97.0,0.0 (cmd 0.0),0.0 (cmd 0.0)
0.459,-97.0,0.0,0.0,-97.0,0.0,0.0,-97.0,-97.0,0.0 (cmd 0.0),0.0 (cmd 0.0)
0.4595,-97.0,0.0,0.0,-97.0,0.0,0.0,-97.0,-97.0,0.0 (cmd 0.0),0.0 (cmd 0.0)
0.46,-97.0,0.0,0.0,-97.0,0.0,0.0,-97.0,-97.0,0.0 (cmd 0.0),0.0 (cmd 0.0)
0.4605,-97.0,0.0,0.0,-97.0,0.0,0.0,-97.0,-97.0,0.0 (cmd 0.0),0.0 (cmd 0.0)
0.461,-97.0,0.0,0.0,-97.0,0.0,0.0,-97.0,-97.0,0.0 (cmd 0.0),0.0 (cmd 0.0)
0.4615,-97.0,0.0,0.0,-97.0,0.0,0.0,-97.0,-97.0,0.0 (cmd 0.0),0.0 (cmd 0.0)
0.462,-97.0,0.0,0.0,-97.0,0.0,0.0,-97.0,-97.0,0.0 (cmd 0.0),0.0 (cmd 0.0)
0.4625,-97.0,0.0,0.0,-97.0,0.0,0.0,-97.0,-97.0,0.0 (cmd 0.0),0.0 (cmd 0.0)
0.463,-97.0,0.0,0.0,-97.0,0.0,0.0,-97.0,-97.0,0.0 (cmd 0.0),0.0 (cmd 0.0)
0.4635,-97.0,0.0,0.0,-97.0,0.0,0.0,-97.0,-97.0,0.0 (cmd 0.0),0.0 (cmd 0.0)
0.464,-97.0,0.0,0.0,-97.0,0.0,0.0,-97.0,-97.0,0.0 (cmd 0.0),0.0 (cmd 0.0)
0.4645,-97.0,0.0,0.0,-97.0,0.0,0.0,-97.0,-97.0,0.0 (cmd 0.0),0.0 (cmd 0.0)
0.465,-97.0,0.0,0.0,-97.0,0.0,0.0,-97.0,-97.0,0.0 (cmd 0.0),0.0 (cmd 0.0)
0.4655,-97.0,0.0,0.0,-97.0,0.0,0.0,-97.0,-97.0,0.0 (cmd 0.0),0.0 (cmd 0.0)
0.466,-97.0,0.0,0.0,-97.0,0.0,0.0,-97.0,-97.0,0.0 (cmd 0.0),0.0 (cmd 0.0)
0.4665,-97.0,0.0,0.0,-97.0,0.0,0.0,-97.0,-97.0,0.0 (cmd 0.0),0.0 (cmd 0.0)
0.467,-97.0,0.0,0.0,-97.0,0.0,0.0,-97.0,-97.0,0.0 (cmd 0.0),0.0 (cmd 0.0)
0.4675,-97.0,0.0,0.0,-97.0,0.0,0.0,-97.0,-97.0,0.0 (cmd 0.0),0.0 (cmd 0.0)
0.468,-97.0,0.0,0.0,-97.0,0.0,0.0,-97.0,-97.0,0.0 (cmd 0.0),0.0 (cmd 0.0)
0.4685,-97.0,0.0,0.0,-97.0,0.0,0.0,-97.0,-97.0,0.0 (cmd 0.0),0.0 (cmd 0.0)
0.469,-97.0,0.0,0.0,-97.0,0.0,0.0,-97.0,-97.0,0.0 (cmd 0.0),0.0 (cmd 0.0)
0.4695,-97.0,0.0,0.0,-97.0,0.0,0.0,-97.0,-97.0,0.0 (cmd 0.0),0.0 (cmd 0.0)
0.47,-97.0,0.0,0.0,-97.0,0.0,0.0,-97.0,-97.0,0.0 (cmd 0.0),0.0 (cmd 0.0)
0.4705,-97.0,0.0,0.0,-97.0,0.0,0.0,-97.0,-97.0,0.0 (cmd 0.0),0.0 (cmd 0.0)
0.471,-97.0,0.0,0.0,-97.0,0.0,0.0,-97.0,-97.0,0.0 (cmd 0.0),0.0 (cmd 0.0)
0.4715,-97.0,0.0,0.0,-97.0,0.0,0.0,-97.0,-97.0,0.0 (cmd 0.0),0.0 (cmd 0.0)
0.472,-97.0,0.0,0.0,-97.0,0.0,0.0,-97.0,-97.0,0.0 (cmd 0.0),0.0 (cmd 0.0)
0.4725,-97.0,0.0,0.0,-97.0,0.0,0.0,-97.0,-97.0,0.0 (cmd 0.0),0.0 (cmd 0.0)
0.473,-97.0,0.0,0.0,-97.0,0.0,0.0,-97.0,-97.0,0.0 (cmd 0.0),0.0 (cmd 0.0)
0.4735,-97.0,0.0,0.0,-97.0,0.0,0.0,-97.0,-97.0,0.0 (cmd 0.0),0.0 (cmd 0.0)
0.474,-97.0,0.0,0.0,-97.0,0.0,0.0,-97.0,-97.0,0.0 (cmd 0.0),0.0 (cmd 0.0)
0.4745,-97.0,0.0,0.0,-97.0,0.0,0.0,-97.0,-97.0,0.0 (cmd 0.0),0.0 (cmd 0.0)
0.475,-97.0,0.0,0.0,-97.0,0.0,0.0,-97.0,-97.0,0.0 (cmd 0.0),0.0 (cmd 0.0)
0.4755,-97.0,0.0,0.0,-97.0,0.0,0.0,-97.0,-97.0,0.0 (cmd 0.0),0.0 (cmd 0.0)
0.476,-97.0,0.0,0.0,-97.0,0.0,0.0,-97.0,-97.0,0.0 (cmd 0.0),0.0 (cmd 0.0)
0.4765,-97.0,0.0,0.0,-97.0,0.0,0.0,-97.0,-97.0,0.0 (cmd 0.0),0.0 (cmd 0.0)
0.477,-97.0,0.0,0.0,-97.0,0.0,0.0,-97.0,-97.0,0.0 (cmd 0.0),0.0 (cmd 0.0)
0.4775,-97.0,0.0,0.0,-97.0,0.0,0.0,-97.0,-97.0,0.0 (cmd 0.0),0.0 (cmd 0.0)
0.478,-97.0,0.0,0.0,-97.0,0.0,0.0,-97.0,-97.0,0.0 (cmd 0.0),0.0 (cmd 0.0)
0.4785,-97.0,0.0,0.0,-97.0,0.0,0.0,-97.0,-97.0,0.0 (cmd 0.0),0.0 (cmd 0.0)
0.479,-97.0,0.0,0.0,-97.0,0.0,0.0,-97.0,-97.0,0.0 (cmd 0.0),0.0 (cmd 0.0)
0.4795,-97.0,0.0,0.0,-97.0,0.0,0.0,-97.0,-97.0,0.0 (cmd 0.0),0.0 (cmd 0.0)
0.48,-97.0,0.0,0.0,-97.0,0.0,0.0,-97.0,-97.0,0.0 (cmd 0.0),0.0 (cmd 0.0)
0.4805,-97.0,0.0,0.0,-97.0,0.0,0.0,-97.0,-97.0,0.0 (cmd 0.0),0.0 (cmd 0.0)
0.481,-97.0,0.0,0.0,-97.0,0.0,0.0,-97.0,-97.0,0.0 (cmd 0.0),0.0 (cmd 0.0)
0.4815,-97.0,0.0,0.0,-97.0,0.0,0.0,-97.0,-97.0,0.0 (cmd 0.0),0.0 (cmd 0.0)
0.482,-97.0,0.0,0.0,-97.0,0.0,0.0,-97.0,-97.0,0.0 (cmd 0.0),0.0 (cmd 0.0)
0.4825,-97.0,0.0,0.0,-97.0,0.0,0.0,-97.0,-97.0,0.0 (cmd 0.0),0.0 (cmd 0.0)
0.483,-97.0,0.0,0.0,-97.0,0.0,0.0,-97.0,-97.0,0.0 (cmd 0.0),0.0 (cmd 0.0)
0.4835,-97.0,0.0,0.0,-97.0,0.0,0.0,-97.0,-97.0,0.0 (cmd 0.0),0.0 (cmd 0.0)
0.484,-97.0,0.0,0.0,-97.0,0.0,0.0,-97.0,-97.0,0.0 (cmd 0.0),0.0 (cmd 0.0)
0.4845,-97.0,0.0,0.0,-97.0,0.0,0.0,-97.0,-97.0,0.0 (cmd 0.0),0.0 (cmd 0.0)
0.485,-97.0,0.0,0.0,-97.0,0.0,0.0,-97.0,-97.0,0.0 (cmd 0.0),0.0 (cmd 0.0)
0.4855,-97.0,0.0,0.0,-97.0,0.0,0.0,-97.0,-97.0,0.0 (cmd 0.0),0.0 (cmd 0.0)
0.486,-97.0,0.0,0.0,-97.0,0.0,0.0,-97.0,-97.0,0.0 (cmd 0.0),0.0 (cmd 0.0)
0.4865,-97.0,0.0,0.0,-97.0,0.0,0.0,-97.0,-97.0,0.0 (cmd 0.0),0.0 (cmd 0.0)
0.487,-97.0,0.0,0.0,-97.0,0.0,0.0,-97.0,-97.0,0.0 (cmd 0.0),0.0 (cmd 0.0)
0.4875,-97.0,0.0,0.0,-97.0,0.0,0.0,-97.0,-97.0,0.0 (cmd 0.0),0.0 (cmd 0.0)
0.488,-97.0,0.0,0.0,-97.0,0.0,0.0,-97.0,-97.0,0.0 (cmd 0.0),0.0 (cmd 0.0)
0.4885,-97.0,0.0,0.0,-97.0,0.0,0.0,-97.0,-97.0,0.0 (cmd 0.0),0.0 (cmd 0.0)
0.489,-97.0,0.0,0.0,-97.0,0.0,0.0,-97.0,-97.0,0.0 (cmd 0.0),0.0 (cmd 0.0)
0.4895,-97.0,0.0,0.0,-97.0,0.0,0.0,-97.0,-97.0,0.0 (cmd 0.0),0.0 (cmd 0.0)
0.49,-97.0,0.0,0.0,-97.0,0.0,0.0,-97.0,-97.0,0.0 (cmd 0.0),0.0 (cmd 0.0)
0.4905,-97.0,0.0,0.0,-97.0,0.0,0.0,-97.0,-97.0,0.0 (cmd 0.0),0.0 (cmd 0.0)
0.491,-97.0,0.0,0.0,-97.0,0.0,0.0,-97.0,-97.0,0.0 (cmd 0.0),0.0 (cmd 0.0)
0.4915,-97.0,0.0,0.0,-97.0,0.0,0.0,-97.0,-97.0,0.0 (cmd 0.0),0.0 (cmd 0.0)
0.492,-97.0,0.0,0.0,-97.0,0.0,0.0,-97.0,-97.0,0.0 (cmd 0.0),0.0 (cmd 0.0)
0.4925,-97.0,0.0,0.0,-97.0,0.0,0.0,-97.0,-97.0,0.0 (cmd 0.0),0.0 (cmd 0.0)
0.493,-97.0,0.0,0.0,-97.0,0.0,0.0,-97.0,-97.0,0.0 (cmd 0.0),0.0 (cmd 0.0)
0.4935,-97.0,0.0,0.0,-97.0,0.0,0.0,-97.0,-97.0,0.0 (cmd 0.0),0.0 (cmd 0.0)
0.494,-97.0,0.0,0.0,-97.0,0.0,0.0,-97.0,-97.0,0.0 (cmd 0.0),0.0 (cmd 0.0)
0.4945,-97.0,0.0,0.0,-97.0,0.0,0.0,-97.0,-97.0,0.0 (cmd 0.0),0.0 (cmd 0.0)
0.495,-97.0,0.0,0.0,-97.0,0.0,0.0,-97.0,-97.0,0.0 (cmd 0.0),0.0 (cmd 0.0)
0.4955,-97.0,0.0,0.0,-97.0,0.0,0.0,-97.0,-97.0,0.0 (cmd 0.0),0.0 (cmd 0.0)
0.496,-97.0,0.0,0.0,-97.0,0.0,0.0,-97.0,-97.0,0.0 (cmd 0.0),0.0 (cmd 0.0)
0.4965,-97.0,0.0,0.0,-97.0,0.0,0.0,-97.0,-97.0,0.0 (cmd 0.0),0.0 (cmd 0.0)
0.497,-97.0,0.0,0.0,-97.0,0.0,0.0,-97.0,-97.0,0.0 (cmd 0.0),0.0 (cmd 0.0)
0.4975,-97.0,0.0,0.0,-97.0,0.0,0.0,-97.0,-97.0,0.0 (cmd 0.0),0.0 (cmd 0.0)
0.498,-97.0,0.0,0.0,-97.0,0.0,0.0,-97.0,-97.0,0.0 (cmd 0.0),0.0 (cmd 0.0)
0.4985,-97.0,0.0,0.0,-97.0,0.0,0.0,-97.0,-97.0,0.0 (cmd 0.0),0.0 (cmd 0.0)
0.499,-97.0,0.0,0.0,-97.0,0.0,0.0,-97.0,-97.0,0.0 (cmd 0.0),0.0 (cmd 0.0)
0.4995,-97.0,0.0,0.0,-97.0,0.0,0.0,-97.0,-97.0,0.0 (cmd 0.0),0.0 (cmd 0.0)
0.5,-97.0,0.0,0.0,-97.0,0.0,0.0,-97.0,-97.0,0.0 (cmd 0.0),0.0 (cmd 0.0)
0.5005,-97.0,0.0,0.0,-97.0,0.0,0.0,-97.0,-97.0,0.0 (cmd 0.0),0.0 (cmd 0.0)
0.501,-97.0,0.0,0.0,-97.0,0.0,0.0,-97.0,-97.0,0.0 (cmd 0.0),0.0 (cmd 0.0)
0.5015,-97.0,0.0,0.0,-97.0,0.0,0.0,-97.0,-97.0,0.0 (cmd 0.0),0.0 (cmd 0.0)
0.502,-97.0,0.0,0.0,-97.0,0.0,0.0,-97.0,-97.0,0.0 (cmd 0.0),0.0 (cmd 0.0)
0.5025,-97.0,0.0,0.0,-97.0,0.0,0.0,-97.0,-97.0,0.0 (cmd 0.0),0.0 (cmd 0.0)
0.503,-97.0,0.0,0.0,-97.0,0.0,0.0,-97.0,-97.0,0.0 (cmd 0.0),0.0 (cmd 0.0)
0.5035,-97.0,0.0,0.0,-97.0,0.0,0.0,-97.0,-97.0,0.0 (cmd 0.0),0.0 (cmd 0.0)
0.504,-97.0,0.0,0.0,-97.0,0.0,0.0,-97.0,-97.0,0.0 (cmd 0.0),0.0 (cmd 0.0)
0.5045,-97.0,0.0,0.0,-97.0,0.0,0.0,-97.0,-97.0,0.0 (cmd 0.0),0.0 (cmd 0.0)
0.505,-97.0,0.0,0.0,-97.0,0.0,0.0,-97.0,-97.0,0.0 (cmd 0.0),0.0 (cmd 0.0)
0.5055,-97.0,0.0,0.0,-97.0,0.0,0.0,-97.0,-97.0,0.0 (cmd 0.0),0.0 (cmd 0.0)
0.506,-97.0,0.0,0.0,-97.0,0.0,0.0,-97.0,-97.0,0.0 (cmd 0.0),0.0 (cmd 0.0)
0.5065,-97.0,0.0,0.0,-97.0,0.0,0.0,-97.0,-97.0,0.0 (cmd 0.0),0.0 (cmd 0.0)
0.507,-97.0,0.0,0.0,-97.0,0.0,0.0,-97.0,-97.0,0.0 (cmd 0.0),0.0 (cmd 0.0)
0.5075,-97.0,0.0,0.0,-97.0,0.0,0.0,-97.0,-97.0,0.0 (cmd 0.0),0.0 (cmd 0.0)
0.508,-97.0,0.0,0.0,-97.0,0.0,0.0,-97.0,-97.0,0.0 (cmd 0.0),0.0 (cmd 0.0)
0.5085,-97.0,0.0,0.0,-97.0,0.0,0.0,-97.0,-97.0,0.0 (cmd 0.0),0.0 (cmd 0.0)
0.509,-97.0,0.0,0.0,-97.0,0.0,0.0,-97.0,-97.0,0.0 (cmd 0.0),0.0 (cmd 0.0)
0.5095,-97.0,0.0,0.0,-97.0,0.0,0.0,-97.0,-97.0,0.0 (cmd 0.0),0.0 (cmd 0.0)
0.51,-97.0,0.0,0.0,-97.0,0.0,0.0,-97.0,-97.0,0.0 (cmd 0.0),0.0 (cmd 0.0)
0.5105,-97.0,0.0,0.0,-97.0,0.0,0.0,-97.0,-97.0,0.0 (cmd 0.0),0.0 (cmd 0.0)
0.511,-97.0,0.0,0.0,-97.0,0.0,0.0,-97.0,-97.0,0.0 (cmd 0.0),0.0 (cmd 0.0)
0.5115,-97.0,0.0,0.0,-97.0,0.0,0.0,-97.0,-97.0,0.0 (cmd 0.0),0.0 (cmd 0.0)
0.512,-97.0,0.0,0.0,-97.0,0.0,0.0,-97.0,-97.0,0.0 (cmd 0.0),0.0 (cmd 0.0)
0.5125,-97.0,0.0,0.0,-97.0,0.0,0.0,-97.0,-97.0,0.0 (cmd 0.0),0.0 (cmd 0.0)
0.513,-97.0,0.0,0.0,-97.0,0.0,0.0,-97.0,-97.0,0.0 (cmd 0.0),0.0 (cmd 0.0)
0.5135,-97.0,0.0,0.0,-97.0,0.0,0.0,-97.0,-97.0,0.0 (cmd 0.0),0.0 (cmd 0.0)
0.514,-97.0,0.0,0.0,-97.0,0.0,0.0,-97.0,-97.0,0.0 (cmd 0.0),0.0 (cmd 0.0)
0.5145,-97.0,0.0,0.0,-97.0,0.0,0.0,-97.0,-97.0,0.0 (cmd 0.0),0.0 (cmd 0.0)
0.515,-97.0,0.0,0.0,-97.0,0.0,0.0,-97.0,-97.0,0.0 (cmd 0.0),0.0 (cmd 0.0)
0.5155,-97.0,0.0,0.0,-97.0,0.0,0.0,-97.0,-97.0,0.0 (cmd 0.0),0.0 (cmd 0.0)
0.516,-97.0,0.0,0.0,-97.0,0.0,0.0,-97.0,-97.0,0.0 (cmd 0.0),0.0 (cmd 0.0)
0.5165,-97.0,0.0,0.0,-97.0,0.0,0.0,-97.0,-97.0,0.0 (cmd 0.0),0.0 (cmd 0.0)
0.517,-97.0,0.0,0.0,-97.0,0.0,0.0,-97.0,-97.0,0.0 (cmd 0.0),0.0 (cmd 0.0)
0.5175,-97.0,0.0,0.0,-97.0,0.0,0.0,-97.0,-97.0,0.0 (cmd 0.0),0.0 (cmd 0.0)
0.518,-97.0,0.0,0.0,-97.0,0.0,0.0,-97.0,-97.0,0.0 (cmd 0.0),0.0 (cmd 0.0)
0.5185,-97.0,0.0,0.0,-97.0,0.0,0.0,-97.0,-97.0,0.0 (cmd 0.0),0.0 (cmd 0.0)
0.519,-97.0,0.0,0.0,-97.0,0.0,0.0,-97.0,-97.0,0.0 (cmd 0.0),0.0 (cmd 0.0)
0.5195,-97.0,0.0,0.0,-97.0,0.0,0.0,-97.0,-97.0,0.0 (cmd 0.0),0.0 (cmd 0.0)
0.52,-97.0,0.0,0.0,-97.0,0.0,0.0,-97.0,-97.0,0.0 (cmd 0.0),0.0 (cmd 0.0)
0.5205,-97.0,0.0,0.0,-97.0,0.0,0.0,-97.0,-97.0,0.0 (cmd 0.0),0.0 (cmd 0.0)
0.521,-97.0,0.0,0.0,-97.0,0.0,0.0,-97.0,-97.0,0.0 (cmd 0.0),0.0 (cmd 0.0)
0.5215,-97.0,0.0,0.0,-97.0,0.0,0.0,-97.0,-97.0,0.0 (cmd 0.0),0.0 (cmd 0.0)
0.522,-97.0,0.0,0.0,-97.0,0.0,0.0,-97.0,-97.0,0.0 (cmd 0.0),0.0 (cmd 0.0)
0.5225,-97.0,0.0,0.0,-97.0,0.0,0.0,-97.0,-97.0,0.0 (cmd 0.0),0.0 (cmd 0.0)
0.523,-97.0,0.0,0.0,-97.0,0.0,0.0,-97.0,-97.0,0.0 (cmd 0.0),0.0 (cmd 0.0)
0.5235,-97.0,0.0,0.0,-97.0,0.0,0.0,-97.0,-97.0,0.0 (cmd 0.0),0.0 (cmd 0.0)
0.524,-97.0,0.0,0.0,-97.0,0.0,0.0,-97.0,-97.0,0.0 (cmd 0.0),0.0 (cmd 0.0)
0.5245,-97.0,0.0,0.0,-97.0,0.0,0.0,-97.0,-97.0,0.0 (cmd 0.0),0.0 (cmd 0.0)
0.525,-97.0,0.0,0.0,-97.0,0.0,0.0,-97.0,-97.0,0.0 (cmd 0.0),0.0 (cmd 0.0)
0.5255,-97.0,0.0,0.0,-97.0,0.0,0.0,-97.0,-97.0,0.0 (cmd 0.0),0.0 (cmd 0.0)
0.526,-97.0,0.0,0.0,-97.0,0.0,0.0,-97.0,-97.0,0.0 (cmd 0.0),0.0 (cmd 0.0)
0.5265,-97.0,0.0,0.0,-97.0,0.0,0.0,-97.0,-97.0,0.0 (cmd 0.0),0.0 (cmd 0.0)
0.527,-97.0,0.0,0.0,-97.0,0.0,0.0,-97.0,-97.0,0.0 (cmd 0.0),0.0 (cmd 0.0)
0.5275,-97.0,0.0,0.0,-97.0,0.0,0.0,-97.0,-97.0,0.0 (cmd 0.0),0.0 (cmd 0.0)
0.528,-97.0,0.0,0.0,-97.0,0.0,0.0,-97.0,-97.0,0.0 (cmd 0.0),0.0 (cmd 0.0)
0.5285,-97.0,0.0,0.0,-97.0,0.0,0.0,-97.0,-97.0,0.0 (cmd 0.0),0.0 (cmd 0.0)
0.529,-97.0,0.0,0.0,-97.0,0.0,0.0,-97.0,-97.0,0.0 (cmd 0.0),0.0 (cmd 0.0)
0.5295,-97.0,0.0,0.0,-97.0,0.0,0.0,-97.0,-97.0,0.0 (cmd 0.0),0.0 (cmd 0.0)
0.53,-97.0,0.0,0.0,-97.0,0.0,0.0,-97.0,-97.0,0.0 (cmd 0.0),0.0 (cmd 0.0)
0.5305,-97.0,0.0,0.0,-97.0,0.0,0.0,-97.0,-97.0,0.0 (cmd 0.0),0.0 (cmd 0.0)
0.531,-97.0,0.0,0.0,-97.0,0.0,0.0,-97.0,-97.0,0.0 (cmd 0.0),0.0 (cmd 0.0)
0.5315,-97.0,0.0,0.0,-97.0,0.0,0.0,-97.0,-97.0,0.0 (cmd 0.0),0.0 (cmd 0.0)
0.532,-97.0,0.0,0.0,-97.0,0.0,0.0,-97.0,-97.0,0.0 (cmd 0.0),0.0 (cmd 0.0)
0.5325,-97.0,0.0,0.0,-97.0,0.0,0.0,-97.0,-97.0,0.0 (cmd 0.0),0.0 (cmd 0.0)
0.533,-97.0,0.0,0.0,-97.0,0.0,0.0,-97.0,-97.0,0.0 (cmd 0.0),0.0 (cmd 0.0)
0.5335,-97.0,0.0,0.0,-97.0,0.0,0.0,-97.0,-97.0,0.0 (cmd 0.0),0.0 (cmd 0.0)
0.534,-97.0,0.0,0.0,-97.0,0.0,0.0,-97.0,-97.0,0.0 (cmd 0.0),0.0 (cmd 0.0)
0.5345,-97.0,0.0,0.0,-97.0,0.0,0.0,-97.0,-97.0,0.0 (cmd 0.0),0.0 (cmd 0.0)
0.535,-97.0,0.0,0.0,-97.0,0.0,0.0,-97.0,-97.0,0.0 (cmd 0.0),0.0 (cmd 0.0)
0.5355,-97.0,0.0,0.0,-97.0,0.0,0.0,-97.0,-97.0,0.0 (cmd 0.0),0.0 (cmd 0.0)
0.536,-97.0,0.0,0.0,-97.0,0.0,0.0,-97.0,-97.0,0.0 (cmd 0.0),0.0 (cmd 0.0)
0.5365,-97.0,0.0,0.0,-97.0,0.0,0.0,-97.0,-97.0,0.0 (cmd 0.0),0.0 (cmd 0.0)
0.537,-97.0,0.0,0.0,-97.0,0.0,0.0,-97.0,-97.0,0.0 (cmd 0.0),0.0 (cmd 0.0)
0.5375,-97.0,0.0,0.0,-97.0,0.0,0.0,-97.0,-97.0,0.0 (cmd 0.0),0.0 (cmd 0.0)
0.538,-97.0,0.0,0.0,-97.0,0.0,0.0,-97.0,-97.0,0.0 (cmd 0.0),0.0 (cmd 0.0)
0.5385,-97.0,0.0,0.0,-97.0,0.0,0.0,-97.0,-97.0,0.0 (cmd 0.0),0.0 (cmd 0.0)
0.539,-97.0,0.0,0.0,-97.0,0.0,0.0,-97.0,-97.0,0.0 (cmd 0.0),0.0 (cmd 0.0)
0.5395,-97.0,0.0,0.0,-97.0,0.0,0.0,-97.0,-97.0,0.0 (cmd 0.0),0.0 (cmd 0.0)
0.54,-97.0,0.0,0.0,-97.0,0.0,0.0,-97.0,-97.0,0.0 (cmd 0.0),0.0 (cmd 0.0)
0.5405,-97.0,0.0,0.0,-97.0,0.0,0.0,-97.0,-97.0,0.0 (cmd 0.0),0.0 (cmd 0.0)
0.541,-97.0,0.0,0.0,-97.0,0.0,0.0,-97.0,-97.0,0.0 (cmd 0.0),0.0 (cmd 0.0)
0.5415,-97.0,0.0,0.0,-97.0,0.0,0.0,-97.0,-97.0,0.0 (cmd 0.0),0.0 (cmd 0.0)
0.542,-97.0,0.0,0.0,-97.0,0.0,0.0,-97.0,-97.0,0.0 (cmd 0.0),0.0 (cmd 0.0)
0.5425,-97.0,0.0,0.0,-97.0,0.0,0.0,-97.0,-97.0,0.0 (cmd 0.0),0.0 (cmd 0.0)
0.543,-97.0,0.0,0.0,-97.0,0.0,0.0,-97.0,-97.0,0.0 (cmd 0.0),0.0 (cmd 0.0)
0.5435,-97.0,0.0,0.0,-97.0,0.0,0.0,-97.0,-97.0,0.0 (cmd 0.0),0.0 (cmd 0.0)
0.544,-97.0,0.0,0.0,-97.0,0.0,0.0,-97.0,-97.0,0.0 (cmd 0.0),0.0 (cmd 0.0)
0.5445,-97.0,0.0,0.0,-97.0,0.0,0.0,-97.0,-97.0,0.0 (cmd 0.0),0.0 (cmd 0.0)
0.545,-97.0,0.0,0.0,-97.0,0.0,0.0,-97.0,-97.0,0.0 (cmd 0.0),0.0 (cmd 0.0)
0.5455,-97.0,0.0,0.0,-97.0,0.0,0.0,-97.0,-97.0,0.0 (cmd 0.0),0.0 (cmd 0.0)
0.546,-97.0,0.0,0.0,-97.0,0.0,0.0,-97.0,-97.0,0.0 (cmd 0.0),0.0 (cmd 0.0)
0.5465,-97.0,0.0,0.0,-97.0,0.0,0.0,-97.0,-97.0,0.0 (cmd 0.0),0.0 (cmd 0.0)
0.547,-97.0,0.0,0.0,-97.0,0.0,0.0,-97.0,-97.0,0.0 (cmd 0.0),0.0 (cmd 0.0)
0.5475,-97.0,0.0,0.0,-97.0,0.0,0.0,-97.0,-97.0,0.0 (cmd 0.0),0.0 (cmd 0.0)
0.548,-97.0,0.0,0.0,-97.0,0.0,0.0,-97.0,-97.0,0.0 (cmd 0.0),0.0 (cmd 0.0)
0.5485,-97.0,0.0,0.0,-97.0,0.0,0.0,-97.0,-97.0,0.0 (cmd 0.0),0.0 (cmd 0.0)
0.549,-97.0,0.0,0.0,-97.0,0.0,0.0,-97.0,-97.0,0.0 (cmd 0.0),0.0 (cmd 0.0)
0.5495,-97.0,0.0,0.0,-97.0,0.0,0.0,-97.0,-97.0,0.0 (cmd 0.0),0.0 (cmd 0.0)
0.55,-97.0,0.0,0.0,-97.0,0.0,0.0,-97.0,-97.0,0.0 (cmd 0.0),0.0 (cmd 0.0)
0.5505,-97.0,0.0,0.0,-97.0,0.0,0.0,-97.0,-97.0,0.0 (cmd 0.0),0.0 (cmd 0.0)
0.551,-97.0,0.0,0.0,-97.0,0.0,0.0,-97.0,-97.0,0.0 (cmd 0.0),0.0 (cmd 0.0)
0.5515,-97.0,0.0,0.0,-97.0,0.0,0.0,-97.0,-97.0,0.0 (cmd 0.0),0.0 (cmd 0.0)
0.552,-97.0,0.0,0.0,-97.0,0.0,0.0,-97.0,-97.0,0.0 (cmd 0.0),0.0 (cmd 0.0)
0.5525,-97.0,0.0,0.0,-97.0,0.0,0.0,-97.0,-97.0,0.0 (cmd 0.0),0.0 (cmd 0.0)
0.553,-97.0,0.0,0.0,-97.0,0.0,0.0,-97.0,-97.0,0.0 (cmd 0.0),0.0 (cmd 0.0)
0.5535,-97.0,0.0,0.0,-97.0,0.0,0.0,-97.0,-97.0,0.0 (cmd 0.0),0.0 (cmd 0.0)
0.554,-97.0,0.0,0.0,-97.0,0.0,0.0,-97.0,-97.0,0.0 (cmd 0.0),0.0 (cmd 0.0)
0.5545,-97.0,0.0,0.0,-97.0,0.0,0.0,-97.0,-97.0,0.0 (cmd 0.0),0.0 (cmd 0.0)
0.555,-97.0,0.0,0.0,-97.0,0.0,0.0,-97.0,-97.0,0.0 (cmd 0.0),0.0 (cmd 0.0)
0.5555,-97.0,0.0,0.0,-97.0,0.0,0.0,-97.0,-97.0,0.0 (cmd 0.0),0.0 (cmd 0.0)
0.556,-97.0,0.0,0.0,-97.0,0.0,0.0,-97.0,-97.0,0.0 (cmd 0.0),0.0 (cmd 0.0)
0.5565,-97.0,0.0,0.0,-97.0,0.0,0.0,-97.0,-97.0,0.0 (cmd 0.0),0.0 (cmd 0.0)
0.557,-97.0,0.0,0.0,-97.0,0.0,0.0,-97.0,-97.0,0.0 (cmd 0.0),0.0 (cmd 0.0)
0.5575,-97.0,0.0,0.0,-97.0,0.0,0.0,-97.0,-97.0,0.0 (cmd 0.0),0.0 (cmd 0.0)
0.558,-97.0,0.0,0.0,-97.0,0.0,0.0,-97.0,-97.0,0.0 (cmd 0.0),0.0 (cmd 0.0)
0.5585,-97.0,0.0,0.0,-97.0,0.0,0.0,-97.0,-97.0,0.0 (cmd 0.0),0.0 (cmd 0.0)
0.559,-97.0,0.0,0.0,-97.0,0.0,0.0,-97.0,-97.0,0.0 (cmd 0.0),0.0 (cmd 0.0)
0.5595,-97.0,0.0,0.0,-97.0,0.0,0.0,-97.0,-97.0,0.0 (cmd 0.0),0.0 (cmd 0.0)
0.56,-97.0,0.0,0.0,-97.0,0.0,0.0,-97.0,-97.0,0.0 (cmd 0.0),0.0 (cmd 0.0)
0.5605,-97.0,0.0,0.0,-97.0,0.0,0.0,-97.0,-97.0,0.0 (cmd 0.0),0.0 (cmd 0.0)
0.561,-97.0,0.0,0.0,-97.0,0.0,0.0,-97.0,-97.0,0.0 (cmd 0.0),0.0 (cmd 0.0)
0.5615,-97.0,0.0,0.0,-97.0,0.0,0.0,-97.0,-97.0,0.0 (cmd 0.0),0.0 (cmd 0.0)
0.562,-97.0,0.0,0.0,-97.0,0.0,0.0,-97.0,-97.0,0.0 (cmd 0.0),0.0 (cmd 0.0)
0.5625,-97.0,0.0,0.0,-97.0,0.0,0.0,-97.0,-97.0,0.0 (cmd 0.0),0.0 (cmd 0.0)
0.563,-97.0,0.0,0.0,-97.0,0.0,0.0,-97.0,-97.0,0.0 (cmd 0.0),0.0 (cmd 0.0)
0.5635,-97.0,0.0,0.0,-97.0,0.0,0.0,-97.0,-97.0,0.0 (cmd 0.0),0.0 (cmd 0.0)
0.564,-97.0,0.0,0.0,-97.0,0.0,0.0,-97.0,-97.0,0.0 (cmd 0.0),0.0 (cmd 0.0)
0.5645,-97.0,0.0,0.0,-97.0,0.0,0.0,-97.0,-97.0,0.0 (cmd 0.0),0.0 (cmd 0.0)
0.565,-97.0,0.0,0.0,-97.0,0.0,0.0,-97.0,-97.0,0.0 (cmd 0.0),0.0 (cmd 0.0)
0.5655,-97.0,0.0,0.0,-97.0,0.0,0.0,-97.0,-97.0,0.0 (cmd 0.0),0.0 (cmd 0.0)
0.566,-97.0,0.0,0.0,-97.0,0.0,0.0,-97.0,-97.0,0.0 (cmd 0.0),0.0 (cmd 0.0)
0.5665,-97.0,0.0,0.0,-97.0,0.0,0.0,-97.0,-97.0,0.0 (cmd 0.0),0.0 (cmd 0.0)
0.567,-97.0,0.0,0.0,-97.0,0.0,0.0,-97.0,-97.0,0.0 (cmd 0.0),0.0 (cmd 0.0)
0.5675,-97.0,0.0,0.0,-97.0,0.0,0.0,-97.0,-97.0,0.0 (cmd 0.0),0.0 (cmd 0.0)
0.568,-97.0,0.0,0.0,-97.0,0.0,0.0,-97.0,-97.0,0.0 (cmd 0.0),0.0 (cmd 0.0)
0.5685,-97.0,0.0,0.0,-97.0,0.0,0.0,-97.0,-97.0,0.0 (cmd 0.0),0.0 (cmd 0.0)
0.569,-97.0,0.0,0.0,-97.0,0.0,0.0,-97.0,-97.0,0.0 (cmd 0.0),0.0 (cmd 0.0)
0.5695,-97.0,0.0,0.0,-97.0,0.0,0.0,-97.0,-97.0,0.0 (cmd 0.0),0.0 (cmd 0.0)
0.57,-97.0,0.0,0.0,-97.0,0.0,0.0,-97.0,-97.0,0.0 (cmd 0.0),0.0 (cmd 0.0)
0.5705,-97.0,0.0,0.0,-97.0,0.0,0.0,-97.0,-97.0,0.0 (cmd 0.0),0.0 (cmd 0.0)
0.571,-97.0,0.0,0.0,-97.0,0.0,0.0,-97.0,-97.0,0.0 (cmd 0.0),0.0 (cmd 0.0)
0.5715,-97.0,0.0,0.0,-97.0,0.0,0.0,-97.0,-97.0,0.0 (cmd 0.0),0.0 (cmd 0.0)
0.572,-97.0,0.0,0.0,-97.0,0.0,0.0,-97.0,-97.0,0.0 (cmd 0.0),0.0 (cmd 0.0)
0.5725,-97.0,0.0,0.0,-97.0,0.0,0.0,-97.0,-97.0,0.0 (cmd 0.0),0.0 (cmd 0.0)
0.573,-97.0,0.0,0.0,-97.0,0.0,0.0,-97.0,-97.0,0.0 (cmd 0.0),0.0 (cmd 0.0)
0.5735,-97.0,0.0,0.0,-97.0,0.0,0.0,-97.0,-97.0,0.0 (cmd 0.0),0.0 (cmd 0.0)
0.574,-97.0,0.0,0.0,-97.0,0.0,0.0,-97.0,-97.0,0.0 (cmd 0.0),0.0 (cmd 0.0)
0.5745,-97.0,0.0,0.0,-97.0,0.0,0.0,-97.0,-97.0,0.0 (cmd 0.0),0.0 (cmd 0.0)
0.575,-97.0,0.0,0.0,-97.0,0.0,0.0,-97.0,-97.0,0.0 (cmd 0.0),0.0 (cmd 0.0)
0.5755,-97.0,0.0,0.0,-97.0,0.0,0.0,-97.0,-97.0,0.0 (cmd 0.0),0.0 (cmd 0.0)
0.576,-97.0,0.0,0.0,-97.0,0.0,0.0,-97.0,-97.0,0.0 (cmd 0.0),0.0 (cmd 0.0)
0.5765,-97.0,0.0,0.0,-97.0,0.0,0.0,-97.0,-97.0,0.0 (cmd 0.0),0.0 (cmd 0.0)
0.577,-97.0,0.0,0.0,-97.0,0.0,0.0,-97.0,-97.0,0.0 (cmd 0.0),0.0 (cmd 0.0)
0.5775,-97.0,0.0,0.0,-97.0,0.0,0.0,-97.0,-97.0,0.0 (cmd 0.0),0.0 (cmd 0.0)
0.578,-97.0,0.0,0.0,-97.0,0.0,0.0,-97.0,-97.0,0.0 (cmd 0.0),0.0 (cmd 0.0)
0.5785,-97.0,0.0,0.0,-97.0,0.0,0.0,-97.0,-97.0,0.0 (cmd 0.0),0.0 (cmd 0.0)
0.579,-97.0,0.0,0.0,-97.0,0.0,0.0,-97.0,-97.0,0.0 (cmd 0.0),0.0 (cmd 0.0)
0.5795,-97.0,0.0,0.0,-97.0,0.0,0.0,-97.0,-97.0,0.0 (cmd 0.0),0.0 (cmd 0.0)
0.58,-97.0,0.0,0.0,-97.0,0.0,0.0,-97.0,-97.0,0.0 (cmd 0.0),0.0 (cmd 0.0)
0.5805,-97.0,0.0,0.0,-97.0,0.0,0.0,-97.0,-97.0,0.0 (cmd 0.0),0.0 (cmd 0.0)
0.581,-97.0,0.0,0.0,-97.0,0.0,0.0,-97.0,-97.0,0.0 (cmd 0.0),0.0 (cmd 0.0)
0.5815,-97.0,0.0,0.0,-97.0,0.0,0.0,-97.0,-97.0,0.0 (cmd 0.0),0.0 (cmd 0.0)
0.582,-97.0,0.0,0.0,-97.0,0.0,0.0,-97.0,-97.0,0.0 (cmd 0.0),0.0 (cmd 0.0)
0.5825,-97.0,0.0,0.0,-97.0,0.0,0.0,-97.0,-97.0,0.0 (cmd 0.0),0.0 (cmd 0.0)
0.583,-97.0,0.0,0.0,-97.0,0.0,0.0,-97.0,-97.0,0.0 (cmd 0.0),0.0 (cmd 0.0)
0.5835,-97.0,0.0,0.0,-97.0,0.0,0.0,-97.0,-97.0,0.0 (cmd 0.0),0.0 (cmd 0.0)
0.584,-97.0,0.0,0.0,-97.0,0.0,0.0,-97.0,-97.0,0.0 (cmd 0.0),0.0 (cmd 0.0)
0.5845,-97.0,0.0,0.0,-97.0,0.0,0.0,-97.0,-97.0,0.0 (cmd 0.0),0.0 (cmd 0.0)
0.585,-97.0,0.0,0.0,-97.0,0.0,0.0,-97.0,-97.0,0.0 (cmd 0.0),0.0 (cmd 0.0)
0.5855,-97.0,0.0,0.0,-97.0,0.0,0.0,-97.0,-97.0,0.0 (cmd 0.0),0.0 (cmd 0.0)
0.586,-97.0,0.0,0.0,-97.0,0.0,0.0,-97.0,-97.0,0.0 (cmd 0.0),0.0 (cmd 0.0)
0.5865,-97.0,0.0,0.0,-97.0,0.0,0.0,-97.0,-97.0,0.0 (cmd 0.0),0.0 (cmd 0.0)
0.587,-97.0,0.0,0.0,-97.0,0.0,0.0,-97.0,-97.0,0.0 (cmd 0.0),0.0 (cmd 0.0)
0.5875,-97.0,0.0,0.0,-97.0,0.0,0.0,-97.0,-97.0,0.0 (cmd 0.0),0.0 (cmd 0.0)
0.588,-97.0,0.0,0.0,-97.0,0.0,0.0,-97.0,-97.0,0.0 (cmd 0.0),0.0 (cmd 0.0)
0.5885,-97.0,0.0,0.0,-97.0,0.0,0.0,-97.0,-97.0,0.0 (cmd 0.0),0.0 (cmd 0.0)
0.589,-97.0,0.0,0.0,-97.0,0.0,0.0,-97.0,-97.0,0.0 (cmd 0.0),0.0 (cmd 0.0)
0.5895,-97.0,0.0,0.0,-97.0,0.0,0.0,-97.0,-97.0,0.0 (cmd 0.0),0.0 (cmd 0.0)
0.59,-97.0,0.0,0.0,-97.0,0.0,0.0,-97.0,-97.0,0.0 (cmd 0.0),0.0 (cmd 0.0)
0.5905,-97.0,0.0,0.0,-97.0,0.0,0.0,-97.0,-97.0,0.0 (cmd 0.0),0.0 (cmd 0.0)
0.591,-97.0,0.0,0.0,-97.0,0.0,0.0,-97.0,-97.0,0.0 (cmd 0.0),0.0 (cmd 0.0)
0.5915,-97.0,0.0,0.0,-97.0,0.0,0.0,-97.0,-97.0,0.0 (cmd 0.0),0.0 (cmd 0.0)
0.592,-97.0,0.0,0.0,-97.0,0.0,0.0,-97.0,-97.0,0.0 (cmd 0.0),0.0 (cmd 0.0)
0.5925,-97.0,0.0,0.0,-97.0,0.0,0.0,-97.0,-97.0,0.0 (cmd 0.0),0.0 (cmd 0.0)
0.593,-97.0,0.0,0.0,-97.0,0.0,0.0,-97.0,-97.0,0.0 (cmd 0.0),0.0 (cmd 0.0)
0.5935,-97.0,0.0,0.0,-97.0,0.0,0.0,-97.0,-97.0,0.0 (cmd 0.0),0.0 (cmd 0.0)
0.594,-97.0,0.0,0.0,-97.0,0.0,0.0,-97.0,-97.0,0.0 (cmd 0.0),0.0 (cmd 0.0)
0.5945,-97.0,0.0,0.0,-97.0,0.0,0.0,-97.0,-97.0,0.0 (cmd 0.0),0.0 (cmd 0.0)
0.595,-97.0,0.0,0.0,-97.0,0.0,0.0,-97.0,-97.0,0.0 (cmd 0.0),0.0 (cmd 0.0)
0.5955,-97.0,0.0,0.0,-97.0,0.0,0.0,-97.0,-97.0,0.0 (cmd 0.0),0.0 (cmd 0.0)
0.596,-97.0,0.0,0.0,-97.0,0.0,0.0,-97.0,-97.0,0.0 (cmd 0.0),0.0 (cmd 0.0)
0.5965,-97.0,0.0,0.0,-97.0,0.0,0.0,-97.0,-97.0,0.0 (cmd 0.0),0.0 (cmd 0.0)
0.597,-97.0,0.0,0.0,-97.0,0.0,0.0,-97.0,-97.0,0.0 (cmd 0.0),0.0 (cmd 0.0)
0.5975,-97.0,0.0,0.0,-97.0,0.0,0.0,-97.0,-97.0,0.0 (cmd 0.0),0.0 (cmd 0.0)
0.598,-97.0,0.0,0.0,-97.0,0.0,0.0,-97.0,-97.0,0.0 (cmd 0.0),0.0 (cmd 0.0)
0.5985,-97.0,0.0,0.0,-97.0,0.0,0.0,-97.0,-97.0,0.0 (cmd 0.0),0.0 (cmd 0.0)
0.599,-97.0,0.0,0.0,-97.0,0.0,0.0,-97.0,-97.0,0.0 (cmd 0.0),0.0 (cmd 0.0)
0.5995,-97.0,0.0,0.0,-97.0,0.0,0.0,-97.0,-97.0,0.0 (cmd 0.0),0.0 (cmd 0.0)
0.6,-97.0,0.0,0.0,-97.0,0.0,0.0,-97.0,-97.0,0.0 (cmd 0.0),0.0 (cmd 0.0)
0.6005,-97.0,0.0,0.0,-97.0,0.0,0.0,-97.0,-97.0,0.0 (cmd 0.0),0.0 (cmd 0.0)
0.601,-97.0,0.0,0.0,-97.0,0.0,0.0,-97.0,-97.0,0.0 (cmd 0.0),0.0 (cmd 0.0)
0.6015,-97.0,0.0,0.0,-97.0,0.0,0.0,-97.0,-97.0,0.0 (cmd 0.0),0.0 (cmd 0.0)
0.602,-97.0,0.0,0.0,-97.0,0.0,0.0,-97.0,-97.0,0.0 (cmd 0.0),0.0 (cmd 0.0)
0.6025,-97.0,0.0,0.0,-97.0,0.0,0.0,-97.0,-97.0,0.0 (cmd 0.0),0.0 (cmd 0.0)
0.603,-97.0,0.0,0.0,-97.0,0.0,0.0,-97.0,-97.0,0.0 (cmd 0.0),0.0 (cmd 0.0)
0.6035,-97.0,0.0,0.0,-97.0,0.0,0.0,-97.0,-97.0,0.0 (cmd 0.0),0.0 (cmd 0.0)
0.604,-97.0,0.0,0.0,-97.0,0.0,0.0,-97.0,-97.0,0.0 (cmd 0.0),0.0 (cmd 0.0)
0.6045,-97.0,0.0,0.0,-97.0,0.0,0.0,-97.0,-97.0,0.0 (cmd 0.0),0.0 (cmd 0.0)
0.605,-97.0,0.0,0.0,-97.0,0.0,0.0,-97.0,-97.0,0.0 (cmd 0.0),0.0 (cmd 0.0)
0.6055,-97.0,0.0,0.0,-97.0,0.0,0.0,-97.0,-97.0,0.0 (cmd 0.0),0.0 (cmd 0.0)
0.606,-97.0,0.0,0.0,-97.0,0.0,0.0,-97.0,-97.0,0.0 (cmd 0.0),0.0 (cmd 0.0)
0.6065,-97.0,0.0,0.0,-97.0,0.0,0.0,-97.0,-97.0,0.0 (cmd 0.0),0.0 (cmd 0.0)
0.607,-97.0,0.0,0.0,-97.0,0.0,0.0,-97.0,-97.0,0.0 (cmd 0.0),0.0 (cmd 0.0)
0.6075,-97.0,0.0,0.0,-97.0,0.0,0.0,-97.0,-97.0,0.0 (cmd 0.0),0.0 (cmd 0.0)
0.608,-97.0,0.0,0.0,-97.0,0.0,0.0,-97.0,-97.0,0.0 (cmd 0.0),0.0 (cmd 0.0)
0.6085,-97.0,0.0,0.0,-97.0,0.0,0.0,-97.0,-97.0,0.0 (cmd 0.0),0.0 (cmd 0.0)
0.609,-97.0,0.0,0.0,-97.0,0.0,0.0,-97.0,-97.0,0.0 (cmd 0.0),0.0 (cmd 0.0)
0.6095,-97.0,0.0,0.0,-97.0,0.0,0.0,-97.0,-97.0,0.0 (cmd 0.0),0.0 (cmd 0.0)
0.61,-97.0,0.0,0.0,-97.0,0.0,0.0,-97.0,-97.0,0.0 (cmd 0.0),0.0 (cmd 0.0)
0.6105,-97.0,0.0,0.0,-97.0,0.0,0.0,-97.0,-97.0,0.0 (cmd 0.0),0.0 (cmd 0.0)
0.611,-97.0,0.0,0.0,-97.0,0.0,0.0,-97.0,-97.0,0.0 (cmd 0.0),0.0 (cmd 0.0)
0.6115,-97.0,0.0,0.0,-97.0,0.0,0.0,-97.0,-97.0,0.0 (cmd 0.0),0.0 (cmd 0.0)
0.612,-97.0,0.0,0.0,-97.0,0.0,0.0,-97.0,-97.0,0.0 (cmd 0.0),0.0 (cmd 0.0)
0.6125,-97.0,0.0,0.0,-97.0,0.0,0.0,-97.0,-97.0,0.0 (cmd 0.0),0.0 (cmd 0.0)
0.613,-97.0,0.0,0.0,-97.0,0.0,0.0,-97.0,-97.0,0.0 (cmd 0.0),0.0 (cmd 0.0)
0.6135,-97.0,0.0,0.0,-97.0,0.0,0.0,-97.0,-97.0,0.0 (cmd 0.0),0.0 (cmd 0.0)
0.614,-97.0,0.0,0.0,-97.0,0.0,0.0,-97.0,-97.0,0.0 (cmd 0.0),0.0 (cmd 0.0)
0.6145,-97.0,0.0,0.0,-97.0,0.0,0.0,-97.0,-97.0,0.0 (cmd 0.0),0.0 (cmd 0.0)
0.615,-97.0,0.0,0.0,-97.0,0.0,0.0,-97.0,-97.0,0.0 (cmd 0.0),0.0 (cmd 0.0)
0.6155,-97.0,0.0,0.0,-97.0,0.0,0.0,-97.0,-97.0,0.0 (cmd 0.0),0.0 (cmd 0.0)
0.616,-97.0,0.0,0.0,-97.0,0.0,0.0,-97.0,-97.0,0.0 (cmd 0.0),0.0 (cmd 0.0)
0.6165,-97.0,0.0,0.0,-97.0,0.0,0.0,-97.0,-97.0,0.0 (cmd 0.0),0.0 (cmd 0.0)
0.617,-97.0,0.0,0.0,-97.0,0.0,0.0,-97.0,-97.0,0.0 (cmd 0.0),0.0 (cmd 0.0)
0.6175,-97.0,0.0,0.0,-97.0,0.0,0.0,-97.0,-97.0,0.0 (cmd 0.0),0.0 (cmd 0.0)
0.618,-97.0,0.0,0.0,-97.0,0.0,0.0,-97.0,-97.0,0.0 (cmd 0.0),0.0 (cmd 0.0)
0.6185,-97.0,0.0,0.0,-97.0,0.0,0.0,-97.0,-97.0,0.0 (cmd 0.0),0.0 (cmd 0.0)
0.619,-97.0,0.0,0.0,-97.0,0.0,0.0,-97.0,-97.0,0.0 (cmd 0.0),0.0 (cmd 0.0)
0.6195,-97.0,0.0,0.0,-97.0,0.0,0.0,-97.0,-97.0,0.0 (cmd 0.0),0.0 (cmd 0.0)
0.62,-97.0,0.0,0.0,-97.0,0.0,0.0,-97.0,-97.0,0.0 (cmd 0.0),0.0 (cmd 0.0)
0.6205,-97.0,0.0,0.0,-97.0,0.0,0.0,-97.0,-97.0,0.0 (cmd 0.0),0.0 (cmd 0.0)
0.621,-97.0,0.0,0.0,-97.0,0.0,0.0,-97.0,-97.0,0.0 (cmd 0.0),0.0 (cmd 0.0)
0.6215,-97.0,0.0,0.0,-97.0,0.0,0.0,-97.0,-97.0,0.0 (cmd 0.0),0.0 (cmd 0.0)
0.622,-97.0,0.0,0.0,-97.0,0.0,0.0,-97.0,-97.0,0.0 (cmd 0.0),0.0 (cmd 0.0)
0.6225,-97.0,0.0,0.0,-97.0,0.0,0.0,-97.0,-97.0,0.0 (cmd 0.0),0.0 (cmd 0.0)
0.623,-97.0,0.0,0.0,-97.0,0.0,0.0,-97.0,-97.0,0.0 (cmd 0.0),0.0 (cmd 0.0)
0.6235,-97.0,0.0,0.0,-97.0,0.0,0.0,-97.0,-97.0,0.0 (cmd 0.0),0.0 (cmd 0.0)
0.624,-97.0,0.0,0.0,-97.0,0.0,0.0,-97.0,-97.0,0.0 (cmd 0.0),0.0 (cmd 0.0)
0.6245,-97.0,0.0,0.0,-97.0,0.0,0.0,-97.0,-97.0,0.0 (cmd 0.0),0.0 (cmd 0.0)
0.625,-97.0,0.0,0.0,-97.0,0.0,0.0,-97.0,-97.0,0.0 (cmd 0.0),0.0 (cmd 0.0)
0.6255,-97.0,0.0,0.0,-97.0,0.0,0.0,-97.0,-97.0,0.0 (cmd 0.0),0.0 (cmd 0.0)
0.626,-97.0,0.0,0.0,-97.0,0.0,0.0,-97.0,-97.0,0.0 (cmd 0.0),0.0 (cmd 0.0)
0.6265,-97.0,0.0,0.0,-97.0,0.0,0.0,-97.0,-97.0,0.0 (cmd 0.0),0.0 (cmd 0.0)
0.627,-97.0,0.0,0.0,-97.0,0.0,0.0,-97.0,-97.0,0.0 (cmd 0.0),0.0 (cmd 0.0)
0.6275,-97.0,0.0,0.0,-97.0,0.0,0.0,-97.0,-97.0,0.0 (cmd 0.0),0.0 (cmd 0.0)
0.628,-97.0,0.0,0.0,-97.0,0.0,0.0,-97.0,-97.0,0.0 (cmd 0.0),0.0 (cmd 0.0)
0.6285,-97.0,0.0,0.0,-97.0,0.0,0.0,-97.0,-97.0,0.0 (cmd 0.0),0.0 (cmd 0.0)
0.629,-97.0,0.0,0.0,-97.0,0.0,0.0,-97.0,-97.0,0.0 (cmd 0.0),0.0 (cmd 0.0)
0.6295,-97.0,0.0,0.0,-97.0,0.0,0.0,-97.0,-97.0,0.0 (cmd 0.0),0.0 (cmd 0.0)
0.63,-97.0,0.0,0.0,-97.0,0.0,0.0,-97.0,-97.0,0.0 (cmd 0.0),0.0 (cmd 0.0)
0.6305,-97.0,0.0,0.0,-97.0,0.0,0.0,-97.0,-97.0,0.0 (cmd 0.0),0.0 (cmd 0.0)
0.631,-97.0,0.0,0.0,-97.0,0.0,0.0,-97.0,-97.0,0.0 (cmd 0.0),0.0 (cmd 0.0)
0.6315,-97.0,0.0,0.0,-97.0,0.0,0.0,-97.0,-97.0,0.0 (cmd 0.0),0.0 (cmd 0.0)
0.632,-97.0,0.0,0.0,-97.0,0.0,0.0,-97.0,-97.0,0.0 (cmd 0.0),0.0 (cmd 0.0)
0.6325,-97.0,0.0,0.0,-97.0,0.0,0.0,-97.0,-97.0,0.0 (cmd 0.0),0.0 (cmd 0.0)
0.633,-97.0,0.0,0.0,-97.0,0.0,0.0,-97.0,-97.0,0.0 (cmd 0.0),0.0 (cmd 0.0)
0.6335,-97.0,0.0,0.0,-97.0,0.0,0.0,-97.0,-97.0,0.0 (cmd 0.0),0.0 (cmd 0.0)
0.634,-97.0,0.0,0.0,-97.0,0.0,0.0,-97.0,-97.0,0.0 (cmd 0.0),0.0 (cmd 0.0)
0.6345,-97.0,0.0,0.0,-97.0,0.0,0.0,-97.0,-97.0,0.0 (cmd 0.0),0.0 (cmd 0.0)
0.635,-97.0,0.0,0.0,-97.0,0.0,0.0,-97.0,-97.0,0.0 (cmd 0.0),0.0 (cmd 0.0)
0.6355,-97.0,0.0,0.0,-97.0,0.0,0.0,-97.0,-97.0,0.0 (cmd 0.0),0.0 (cmd 0.0)
0.636,-97.0,0.0,0.0,-97.0,0.0,0.0,-97.0,-97.0,0.0 (cmd 0.0),0.0 (cmd 0.0)
0.6365,-97.0,0.0,0.0,-97.0,0.0,0.0,-97.0,-97.0,0.0 (cmd 0.0),0.0 (cmd 0.0)
0.637,-97.0,0.0,0.0,-97.0,0.0,0.0,-97.0,-97.0,0.0 (cmd 0.0),0.0 (cmd 0.0)
0.6375,-97.0,0.0,0.0,-97.0,0.0,0.0,-97.0,-97.0,0.0 (cmd 0.0),0.0 (cmd 0.0)
0.638,-97.0,0.0,0.0,-97.0,0.0,0.0,-97.0,-97.0,0.0 (cmd 0.0),0.0 (cmd 0.0)
0.6385,-97.0,0.0,0.0,-97.0,0.0,0.0,-97.0,-97.0,0.0 (cmd 0.0),0.0 (cmd 0.0)
0.639,-97.0,0.0,0.0,-97.0,0.0,0.0,-97.0,-97.0,0.0 (cmd 0.0),0.0 (cmd 0.0)
0.6395,-97.0,0.0,0.0,-97.0,0.0,0.0,-97.0,-97.0,0.0 (cmd 0.0),0.0 (cmd 0.0)
0.64,-97.0,0.0,0.0,-97.0,0.0,0.0,-97.0,-97.0,0.0 (cmd 0.0),0.0 (cmd 0.0)
0.6405,-97.0,0.0,0.0,-97.0,0.0,0.0,-97.0,-97.0,0.0 (cmd 0.0),0.0 (cmd 0.0)
0.641,-97.0,0.0,0.0,-97.0,0.0,0.0,-97.0,-97.0,0.0 (cmd 0.0),0.0 (cmd 0.0)
0.6415,-97.0,0.0,0.0,-97.0,0.0,0.0,-97.0,-97.0,0.0 (cmd 0.0),0.0 (cmd 0.0)
0.642,-97.0,0.0,0.0,-97.0,0.0,0.0,-97.0,-97.0,0.0 (cmd 0.0),0.0 (cmd 0.0)
0.6425,-97.0,0.0,0.0,-97.0,0.0,0.0,-97.0,-97.0,0.0 (cmd 0.0),0.0 (cmd 0.0)
0.643,-97.0,0.0,0.0,-97.0,0.0,0.0,-97.0,-97.0,0.0 (cmd 0.0),0.0 (cmd 0.0)
0.6435,-97.0,0.0,0.0,-97.0,0.0,0.0,-97.0,-97.0,0.0 (cmd 0.0),0.0 (cmd 0.0)
0.644,-97.0,0.0,0.0,-97.0,0.0,0.0,-97.0,-97.0,0.0 (cmd 0.0),0.0 (cmd 0.0)
0.6445,-97.0,0.0,0.0,-97.0,0.0,0.0,-97.0,-97.0,0.0 (cmd 0.0),0.0 (cmd 0.0)
0.645,-97.0,0.0,0.0,-97.0,0.0,0.0,-97.0,-97.0,0.0 (cmd 0.0),0.0 (cmd 0.0)
0.6455,-97.0,0.0,0.0,-97.0,0.0,0.0,-97.0,-97.0,0.0 (cmd 0.0),0.0 (cmd 0.0)
0.646,-97.0,0.0,0.0,-97.0,0.0,0.0,-97.0,-97.0,0.0 (cmd 0.0),0.0 (cmd 0.0)
0.6465,-97.0,0.0,0.0,-97.0,0.0,0.0,-97.0,-97.0,0.0 (cmd 0.0),0.0 (cmd 0.0)
0.647,-97.0,0.0,0.0,-97.0,0.0,0.0,-97.0,-97.0,0.0 (cmd 0.0),0.0 (cmd 0.0)
0.6475,-97.0,0.0,0.0,-97.0,0.0,0.0,-97.0,-97.0,0.0 (cmd 0.0),0.0 (cmd 0.0)
0.648,-97.0,0.0,0.0,-97.0,0.0,0.0,-97.0,-97.0,0.0 (cmd 0.0),0.0 (cmd 0.0)
0.6485,-97.0,0.0,0.0,-97.0,0.0,0.0,-97.0,-97.0,0.0 (cmd 0.0),0.0 (cmd 0.0)
0.649,-97.0,0.0,0.0,-97.0,0.0,0.0,-97.0,-97.0,0.0 (cmd 0.0),0.0 (cmd 0.0)
0.6495,-97.0,0.0,0.0,-97.0,0.0,0.0,-97.0,-97.0,0.0 (cmd 0.0),0.0 (cmd 0.0)
0.65,-97.0,0.0,0.0,-97.0,0.0,0.0,-97.0,-97.0,0.0 (cmd 0.0),0.0 (cmd 0.0)
0.6505,-97.0,0.0,0.0,-97.0,0.0,0.0,-97.0,-97.0,0.0 (cmd 0.0),0.0 (cmd 0.0)
0.651,-97.0,0.0,0.0,-97.0,0.0,0.0,-97.0,-97.0,0.0 (cmd 0.0),0.0 (cmd 0.0)
0.6515,-97.0,0.0,0.0,-97.0,0.0,0.0,-97.0,-97.0,0.0 (cmd 0.0),0.0 (cmd 0.0)
0.652,-97.0,0.0,0.0,-97.0,0.0,0.0,-97.0,-97.0,0.0 (cmd 0.0),0.0 (cmd 0.0)
0.6525,-97.0,0.0,0.0,-97.0,0.0,0.0,-97.0,-97.0,0.0 (cmd 0.0),0.0 (cmd 0.0)
0.653,-97.0,0.0,0.0,-97.0,0.0,0.0,-97.0,-97.0,0.0 (cmd 0.0),0.0 (cmd 0.0)
0.6535,-97.0,0.0,0.0,-97.0,0.0,0.0,-97.0,-97.0,0.0 (cmd 0.0),0.0 (cmd 0.0)
0.654,-97.0,0.0,0.0,-97.0,0.0,0.0,-97.0,-97.0,0.0 (cmd 0.0),0.0 (cmd 0.0)
0.6545,-97.0,0.0,0.0,-97.0,0.0,0.0,-97.0,-97.0,0.0 (cmd 0.0),0.0 (cmd 0.0)
0.655,-97.0,0.0,0.0,-97.0,0.0,0.0,-97.0,-97.0,0.0 (cmd 0.0),0.0 (cmd 0.0)
0.6555,-97.0,0.0,0.0,-97.0,0.0,0.0,-97.0,-97.0,0.0 (cmd 0.0),0.0 (cmd 0.0)
0.656,-97.0,0.0,0.0,-97.0,0.0,0.0,-97.0,-97.0,0.0 (cmd 0.0),0.0 (cmd 0.0)
0.6565,-97.0,0.0,0.0,-97.0,0.0,0.0,-97.0,-97.0,0.0 (cmd 0.0),0.0 (cmd 0.0)
0.657,-97.0,0.0,0.0,-97.0,0.0,0.0,-97.0,-97.0,0.0 (cmd 0.0),0.0 (cmd 0.0)
0.6575,-97.0,0.0,0.0,-97.0,0.0,0.0,-97.0,-97.0,0.0 (cmd 0.0),0.0 (cmd 0.0)
0.658,-97.0,0.0,0.0,-97.0,0.0,0.0,-97.0,-97.0,0.0 (cmd 0.0),0.0 (cmd 0.0)
0.6585,-97.0,0.0,0.0,-97.0,0.0,0.0,-97.0,-97.0,0.0 (cmd 0.0),0.0 (cmd 0.0)
0.659,-97.0,0.0,0.0,-97.0,0.0,0.0,-97.0,-97.0,0.0 (cmd 0.0),0.0 (cmd 0.0)
0.6595,-97.0,0.0,0.0,-97.0,0.0,0.0,-97.0,-97.0,0.0 (cmd 0.0),0.0 (cmd 0.0)
0.66,-97.0,0.0,0.0,-97.0,0.0,0.0,-97.0,-97.0,0.0 (cmd 0.0),0.0 (cmd 0.0)
0.6605,-97.0,0.0,0.0,-97.0,0.0,0.0,-97.0,-97.0,0.0 (cmd 0.0),0.0 (cmd 0.0)
0.661,-97.0,0.0,0.0,-97.0,0.0,0.0,-97.0,-97.0,0.0 (cmd 0.0),0.0 (cmd 0.0)
0.6615,-97.0,0.0,0.0,-97.0,0.0,0.0,-97.0,-97.0,0.0 (cmd 0.0),0.0 (cmd 0.0)
0.662,-97.0,0.0,0.0,-97.0,0.0,0.0,-97.0,-97.0,0.0 (cmd 0.0),0.0 (cmd 0.0)
0.6625,-97.0,0.0,0.0,-97.0,0.0,0.0,-97.0,-97.0,0.0 (cmd 0.0),0.0 (cmd 0.0)
0.663,-97.0,0.0,0.0,-97.0,0.0,0.0,-97.0,-97.0,0.0 (cmd 0.0),0.0 (cmd 0.0)
0.6635,-97.0,0.0,0.0,-97.0,0.0,0.0,-97.0,-97.0,0.0 (cmd 0.0),0.0 (cmd 0.0)
0.664,-97.0,0.0,0.0,-97.0,0.0,0.0,-97.0,-97.0,0.0 (cmd 0.0),0.0 (cmd 0.0)
0.6645,-97.0,0.0,0.0,-97.0,0.0,0.0,-97.0,-97.0,0.0 (cmd 0.0),0.0 (cmd 0.0)
0.665,-97.0,0.0,0.0,-97.0,0.0,0.0,-97.0,-97.0,0.0 (cmd 0.0),0.0 (cmd 0.0)
0.6655,-97.0,0.0,0.0,-97.0,0.0,0.0,-97.0,-97.0,0.0 (cmd 0.0),0.0 (cmd 0.0)
0.666,-97.0,0.0,0.0,-97.0,0.0,0.0,-97.0,-97.0,0.0 (cmd 0.0),0.0 (cmd 0.0)
0.6665,-97.0,0.0,0.0,-97.0,0.0,0.0,-97.0,-97.0,0.0 (cmd 0.0),0.0 (cmd 0.0)
0.667,-97.0,0.0,0.0,-97.0,0.0,0.0,-97.0,-97.0,0.0 (cmd 0.0),0.0 (cmd 0.0)
0.6675,-97.0,0.0,0.0,-97.0,0.0,0.0,-97.0,-97.0,0.0 (cmd 0.0),0.0 (cmd 0.0)
0.668,-97.0,0.0,0.0,-97.0,0.0,0.0,-97.0,-97.0,0.0 (cmd 0.0),0.0 (cmd 0.0)
0.6685,-97.0,0.0,0.0,-97.0,0.0,0.0,-97.0,-97.0,0.0 (cmd 0.0),0.0 (cmd 0.0)
0.669,-97.0,0.0,0.0,-97.0,0.0,0.0,-97.0,-97.0,0.0 (cmd 0.0),0.0 (cmd 0.0)
0.6695,-97.0,0.0,0.0,-97.0,0.0,0.0,-97.0,-97.0,0.0 (cmd 0.0),0.0 (cmd 0.0)
0.67,-97.0,0.0,0.0,-97.0,0.0,0.0,-97.0,-97.0,0.0 (cmd 0.0),0.0 (cmd 0.0)
0.6705,-97.0,0.0,0.0,-97.0,0.0,0.0,-97.0,-97.0,0.0 (cmd 0.0),0.0 (cmd 0.0)
0.671,-97.0,0.0,0.0,-97.0,0.0,0.0,-97.0,-97.0,0.0 (cmd 0.0),0.0 (cmd 0.0)
0.6715,-97.0,0.0,0.0,-97.0,0.0,0.0,-97.0,-97.0,0.0 (cmd 0.0),0.0 (cmd 0.0)
0.672,-97.0,0.0,0.0,-97.0,0.0,0.0,-97.0,-97.0,0.0 (cmd 0.0),0.0 (cmd 0.0)
0.6725,-97.0,0.0,0.0,-97.0,0.0,0.0,-97.0,-97.0,0.0 (cmd 0.0),0.0 (cmd 0.0)
0.673,-97.0,0.0,0.0,-97.0,0.0,0.0,-97.0,-97.0,0.0 (cmd 0.0),0.0 (cmd 0.0)
0.6735,-97.0,0.0,0.0,-97.0,0.0,0.0,-97.0,-97.0,0.0 (cmd 0.0),0.0 (cmd 0.0)
0.674,-97.0,0.0,0.0,-97.0,0.0,0.0,-97.0,-97.0,0.0 (cmd 0.0),0.0 (cmd 0.0)
0.6745,-97.0,0.0,0.0,-97.0,0.0,0.0,-97.0,-97.0,0.0 (cmd 0.0),0.0 (cmd 0.0)
0.675,-97.0,0.0,0.0,-97.0,0.0,0.0,-97.0,-97.0,0.0 (cmd 0.0),0.0 (cmd 0.0)
0.6755,-97.0,0.0,0.0,-97.0,0.0,0.0,-97.0,-97.0,0.0 (cmd 0.0),0.0 (cmd 0.0)
0.676,-97.0,0.0,0.0,-97.0,0.0,0.0,-97.0,-97.0,0.0 (cmd 0.0),0.0 (cmd 0.0)
0.6765,-97.0,0.0,0.0,-97.0,0.0,0.0,-97.0,-97.0,0.0 (cmd 0.0),0.0 (cmd 0.0)
0.677,-97.0,0.0,0.0,-97.0,0.0,0.0,-97.0,-97.0,0.0 (cmd 0.0),0.0 (cmd 0.0)
0.6775,-97.0,0.0,0.0,-97.0,0.0,0.0,-97.0,-97.0,0.0 (cmd 0.0),0.0 (cmd 0.0)
0.678,-97.0,0.0,0.0,-97.0,0.0,0.0,-97.0,-97.0,0.0 (cmd 0.0),0.0 (cmd 0.0)
0.6785,-97.0,0.0,0.0,-97.0,0.0,0.0,-97.0,-97.0,0.0 (cmd 0.0),0.0 (cmd 0.0)
0.679,-97.0,0.0,0.0,-97.0,0.0,0.0,-97.0,-97.0,0.0 (cmd 0.0),0.0 (cmd 0.0)
0.6795,-97.0,0.0,0.0,-97.0,0.0,0.0,-97.0,-97.0,0.0 (cmd 0.0),0.0 (cmd 0.0)
0.68,-97.0,0.0,0.0,-97.0,0.0,0.0,-97.0,-97.0,0.0 (cmd 0.0),0.0 (cmd 0.0)
0.6805,-97.0,0.0,0.0,-97.0,0.0,0.0,-97.0,-97.0,0.0 (cmd 0.0),0.0 (cmd 0.0)
0.681,-97.0,0.0,0.0,-97.0,0.0,0.0,-97.0,-97.0,0.0 (cmd 0.0),0.0 (cmd 0.0)
0.6815,-97.0,0.0,0.0,-97.0,0.0,0.0,-97.0,-97.0,0.0 (cmd 0.0),0.0 (cmd 0.0)
0.682,-97.0,0.0,0.0,-97.0,0.0,0.0,-97.0,-97.0,0.0 (cmd 0.0),0.0 (cmd 0.0)
0.6825,-97.0,0.0,0.0,-97.0,0.0,0.0,-97.0,-97.0,0.0 (cmd 0.0),0.0 (cmd 0.0)
0.683,-97.0,0.0,0.0,-97.0,0.0,0.0,-97.0,-97.0,0.0 (cmd 0.0),0.0 (cmd 0.0)
0.6835,-97.0,0.0,0.0,-97.0,0.0,0.0,-97.0,-97.0,0.0 (cmd 0.0),0.0 (cmd 0.0)
0.684,-97.0,0.0,0.0,-97.0,0.0,0.0,-97.0,-97.0,0.0 (cmd 0.0),0.0 (cmd 0.0)
0.6845,-97.0,0.0,0.0,-97.0,0.0,0.0,-97.0,-97.0,0.0 (cmd 0.0),0.0 (cmd 0.0)
0.685,-97.0,0.0,0.0,-97.0,0.0,0.0,-97.0,-97.0,0.0 (cmd 0.0),0.0 (cmd 0.0)
0.6855,-97.0,0.0,0.0,-97.0,0.0,0.0,-97.0,-97.0,0.0 (cmd 0.0),0.0 (cmd 0.0)
0.686,-97.0,0.0,0.0,-97.0,0.0,0.0,-97.0,-97.0,0.0 (cmd 0.0),0.0 (cmd 0.0)
0.6865,-97.0,0.0,0.0,-97.0,0.0,0.0,-97.0,-97.0,0.0 (cmd 0.0),0.0 (cmd 0.0)
0.687,-97.0,0.0,0.0,-97.0,0.0,0.0,-97.0,-97.0,0.0 (cmd 0.0),0.0 (cmd 0.0)
0.6875,-97.0,0.0,0.0,-97.0,0.0,0.0,-97.0,-97.0,0.0 (cmd 0.0),0.0 (cmd 0.0)
0.688,-97.0,0.0,0.0,-97.0,0.0,0.0,-97.0,-97.0,0.0 (cmd 0.0),0.0 (cmd 0.0)
0.6885,-97.0,0.0,0.0,-97.0,0.0,0.0,-97.0,-97.0,0.0 (cmd 0.0),0.0 (cmd 0.0)
0.689,-97.0,0.0,0.0,-97.0,0.0,0.0,-97.0,-97.0,0.0 (cmd 0.0),0.0 (cmd 0.0)
0.6895,-97.0,0.0,0.0,-97.0,0.0,0.0,-97.0,-97.0,0.0 (cmd 0.0),0.0 (cmd 0.0)
0.69,-97.0,0.0,0.0,-97.0,0.0,0.0,-97.0,-97.0,0.0 (cmd 0.0),0.0 (cmd 0.0)
0.6905,-97.0,0.0,0.0,-97.0,0.0,0.0,-97.0,-97.0,0.0 (cmd 0.0),0.0 (cmd 0.0)
0.691,-97.0,0.0,0.0,-97.0,0.0,0.0,-97.0,-97.0,0.0 (cmd 0.0),0.0 (cmd 0.0)
0.6915,-97.0,0.0,0.0,-97.0,0.0,0.0,-97.0,-97.0,0.0 (cmd 0.0),0.0 (cmd 0.0)
0.692,-97.0,0.0,0.0,-97.0,0.0,0.0,-97.0,-97.0,0.0 (cmd 0.0),0.0 (cmd 0.0)
0.6925,-97.0,0.0,0.0,-97.0,0.0,0.0,-97.0,-97.0,0.0 (cmd 0.0),0.0 (cmd 0.0)
0.693,-97.0,0.0,0.0,-97.0,0.0,0.0,-97.0,-97.0,0.0 (cmd 0.0),0.0 (cmd 0.0)
0.6935,-97.0,0.0,0.0,-97.0,0.0,0.0,-97.0,-97.0,0.0 (cmd 0.0),0.0 (cmd 0.0)
0.694,-97.0,0.0,0.0,-97.0,0.0,0.0,-97.0,-97.0,0.0 (cmd 0.0),0.0 (cmd 0.0)
0.6945,-97.0,0.0,0.0,-97.0,0.0,0.0,-97.0,-97.0,0.0 (cmd 0.0),0.0 (cmd 0.0)
0.695,-97.0,0.0,0.0,-97.0,0.0,0.0,-97.0,-97.0,0.0 (cmd 0.0),0.0 (cmd 0.0)
0.6955,-97.0,0.0,0.0,-97.0,0.0,0.0,-97.0,-97.0,0.0 (cmd 0.0),0.0 (cmd 0.0)
0.696,-97.0,0.0,0.0,-97.0,0.0,0.0,-97.0,-97.0,0.0 (cmd 0.0),0.0 (cmd 0.0)
0.6965,-97.0,0.0,0.0,-97.0,0.0,0.0,-97.0,-97.0,0.0 (cmd 0.0),0.0 (cmd 0.0)
0.697,-97.0,0.0,0.0,-97.0,0.0,0.0,-97.0,-97.0,0.0 (cmd 0.0),0.0 (cmd 0.0)
0.6975,-97.0,0.0,0.0,-97.0,0.0,0.0,-97.0,-97.0,0.0 (cmd 0.0),0.0 (cmd 0.0)
0.698,-97.0,0.0,0.0,-97.0,0.0,0.0,-97.0,-97.0,0.0 (cmd 0.0),0.0 (cmd 0.0)
0.6985,-97.0,0.0,0.0,-97.0,0.0,0.0,-97.0,-97.0,0.0 (cmd 0.0),0.0 (cmd 0.0)
0.699,-97.0,0.0,0.0,-97.0,0.0,0.0,-97.0,-97.0,0.0 (cmd 0.0),0.0 (cmd 0.0)
0.6995,-97.0,0.0,0.0,-97.0,0.0,0.0,-97.0,-97.0,0.0 (cmd 0.0),0.0 (cmd 0.0)
0.7,-97.0,0.0,0.0,-97.0,0.0,0.0,-97.0,-97.0,0.0 (cmd 0.0),0.0 (cmd 0.0)
0.7005,-97.0,0.0,0.0,-97.0,0.0,0.0,-97.0,-97.0,0.0 (cmd 0.0),0.0 (cmd 0.0)
0.701,-97.0,0.0,0.0,-97.0,0.0,0.0,-97.0,-97.0,0.0 (cmd 0.0),0.0 (cmd 0.0)
0.7015,-97.0,0.0,0.0,-97.0,0.0,0.0,-97.0,-97.0,0.0 (cmd 0.0),0.0 (cmd 0.0)
0.702,-97.0,0.0,0.0,-97.0,0.0,0.0,-97.0,-97.0,0.0 (cmd 0.0),0.0 (cmd 0.0)
0.7025,-97.0,0.0,0.0,-97.0,0.0,0.0,-97.0,-97.0,0.0 (cmd 0.0),0.0 (cmd 0.0)
0.703,-97.0,0.0,0.0,-97.0,0.0,0.0,-97.0,-97.0,0.0 (cmd 0.0),0.0 (cmd 0.0)
0.7035,-97.0,0.0,0.0,-97.0,0.0,0.0,-97.0,-97.0,0.0 (cmd 0.0),0.0 (cmd 0.0)
0.704,-97.0,0.0,0.0,-97.0,0.0,0.0,-97.0,-97.0,0.0 (cmd 0.0),0.0 (cmd 0.0)
0.7045,-97.0,0.0,0.0,-97.0,0.0,0.0,-97.0,-97.0,0.0 (cmd 0.0),0.0 (cmd 0.0)
0.705,-97.0,0.0,0.0,-97.0,0.0,0.0,-97.0,-97.0,0.0 (cmd 0.0),0.0 (cmd 0.0)
0.7055,-97.0,0.0,0.0,-97.0,0.0,0.0,-97.0,-97.0,0.0 (cmd 0.0),0.0 (cmd 0.0)
0.706,-97.0,0.0,0.0,-97.0,0.0,0.0,-97.0,-97.0,0.0 (cmd 0.0),0.0 (cmd 0.0)
0.7065,-97.0,0.0,0.0,-97.0,0.0,0.0,-97.0,-97.0,0.0 (cmd 0.0),0.0 (cmd 0.0)
0.707,-97.0,0.0,0.0,-97.0,0.0,0.0,-97.0,-97.0,0.0 (cmd 0.0),0.0 (cmd 0.0)
0.7075,-97.0,0.0,0.0,-97.0,0.0,0.0,-97.0,-97.0,0.0 (cmd 0.0),0.0 (cmd 0.0)
0.708,-97.0,0.0,0.0,-97.0,0.0,0.0,-97.0,-97.0,0.0 (cmd 0.0),0.0 (cmd 0.0)
0.7085,-97.0,0.0,0.0,-97.0,0.0,0.0,-97.0,-97.0,0.0 (cmd 0.0),0.0 (cmd 0.0)
0.709,-97.0,0.0,0.0,-97.0,0.0,0.0,-97.0,-97.0,0.0 (cmd 0.0),0.0 (cmd 0.0)
0.7095,-97.0,0.0,0.0,-97.0,0.0,0.0,-97.0,-97.0,0.0 (cmd 0.0),0.0 (cmd 0.0)
0.71,-97.0,0.0,0.0,-97.0,0.0,0.0,-97.0,-97.0,0.0 (cmd 0.0),0.0 (cmd 0.0)
0.7105,-97.0,0.0,0.0,-97.0,0.0,0.0,-97.0,-97.0,0.0 (cmd 0.0),0.0 (cmd 0.0)
0.711,-97.0,0.0,0.0,-97.0,0.0,0.0,-97.0,-97.0,0.0 (cmd 0.0),0.0 (cmd 0.0)
0.7115,-97.0,0.0,0.0,-97.0,0.0,0.0,-97.0,-97.0,0.0 (cmd 0.0),0.0 (cmd 0.0)
0.712,-97.0,0.0,0.0,-97.0,0.0,0.0,-97.0,-97.0,0.0 (cmd 0.0),0.0 (cmd 0.0)
0.7125,-97.0,0.0,0.0,-97.0,0.0,0.0,-97.0,-97.0,0.0 (cmd 0.0),0.0 (cmd 0.0)
0.713,-97.0,0.0,0.0,-97.0,0.0,0.0,-97.0,-97.0,0.0 (cmd 0.0),0.0 (cmd 0.0)
0.7135,-97.0,0.0,0.0,-97.0,0.0,0.0,-97.0,-97.0,0.0 (cmd 0.0),0.0 (cmd 0.0)
0.714,-97.0,0.0,0.0,-97.0,0.0,0.0,-97.0,-97.0,0.0 (cmd 0.0),0.0 (cmd 0.0)
0.7145,-97.0,0.0,0.0,-97.0,0.0,0.0,-97.0,-97.0,0.0 (cmd 0.0),0.0 (cmd 0.0)
0.715,-97.0,0.0,0.0,-97.0,0.0,0.0,-97.0,-97.0,0.0 (cmd 0.0),0.0 (cmd 0.0)
0.7155,-97.0,0.0,0.0,-97.0,0.0,0.0,-97.0,-97.0,0.0 (cmd 0.0),0.0 (cmd 0.0)
0.716,-97.0,0.0,0.0,-97.0,0.0,0.0,-97.0,-97.0,0.0 (cmd 0.0),0.0 (cmd 0.0)
0.7165,-97.0,0.0,0.0,-97.0,0.0,0.0,-97.0,-97.0,0.0 (cmd 0.0),0.0 (cmd 0.0)
0.717,-97.0,0.0,0.0,-97.0,0.0,0.0,-97.0,-97.0,0.0 (cmd 0.0),0.0 (cmd 0.0)
0.7175,-97.0,0.0,0.0,-97.0,0.0,0.0,-97.0,-97.0,0.0 (cmd 0.0),0.0 (cmd 0.0)
0.718,-97.0,0.0,0.0,-97.0,0.0,0.0,-97.0,-97.0,0.0 (cmd 0.0),0.0 (cmd 0.0)
0.7185,-97.0,0.0,0.0,-97.0,0.0,0.0,-97.0,-97.0,0.0 (cmd 0.0),0.0 (cmd 0.0)
0.719,-97.0,0.0,0.0,-97.0,0.0,0.0,-97.0,-97.0,0.0 (cmd 0.0),0.0 (cmd 0.0)
0.7195,-97.0,0.0,0.0,-97.0,0.0,0.0,-97.0,-97.0,0.0 (cmd 0.0),0.0 (cmd 0.0)
0.72,-97.0,0.0,0.0,-97.0,0.0,0.0,-97.0,-97.0,0.0 (cmd 0.0),0.0 (cmd 0.0)
0.7205,-97.0,0.0,0.0,-97.0,0.0,0.0,-97.0,-97.0,0.0 (cmd 0.0),0.0 (cmd 0.0)
0.721,-97.0,0.0,0.0,-97.0,0.0,0.0,-97.0,-97.0,0.0 (cmd 0.0),0.0 (cmd 0.0)
0.7215,-97.0,0.0,0.0,-97.0,0.0,0.0,-97.0,-97.0,0.0 (cmd 0.0),0.0 (cmd 0.0)
0.722,-97.0,0.0,0.0,-97.0,0.0,0.0,-97.0,-97.0,0.0 (cmd 0.0),0.0 (cmd 0.0)
0.7225,-97.0,0.0,0.0,-97.0,0.0,0.0,-97.0,-97.0,0.0 (cmd 0.0),0.0 (cmd 0.0)
0.723,-97.0,0.0,0.0,-97.0,0.0,0.0,-97.0,-97.0,0.0 (cmd 0.0),0.0 (cmd 0.0)
0.7235,-97.0,0.0,0.0,-97.0,0.0,0.0,-97.0,-97.0,0.0 (cmd 0.0),0.0 (cmd 0.0)
0.724,-97.0,0.0,0.0,-97.0,0.0,0.0,-97.0,-97.0,0.0 (cmd 0.0),0.0 (cmd 0.0)
0.7245,-97.0,0.0,0.0,-97.0,0.0,0.0,-97.0,-97.0,0.0 (cmd 0.0),0.0 (cmd 0.0)
0.725,-97.0,0.0,0.0,-97.0,0.0,0.0,-97.0,-97.0,0.0 (cmd 0.0),0.0 (cmd 0.0)
0.7255,-97.0,0.0,0.0,-97.0,0.0,0.0,-97.0,-97.0,0.0 (cmd 0.0),0.0 (cmd 0.0)
0.726,-97.0,0.0,0.0,-97.0,0.0,0.0,-97.0,-97.0,0.0 (cmd 0.0),0.0 (cmd 0.0)
0.7265,-97.0,0.0,0.0,-97.0,0.0,0.0,-97.0,-97.0,0.0 (cmd 0.0),0.0 (cmd 0.0)
0.727,-97.0,0.0,0.0,-97.0,0.0,0.0,-97.0,-97.0,0.0 (cmd 0.0),0.0 (cmd 0.0)
0.7275,-97.0,0.0,0.0,-97.0,0.0,0.0,-97.0,-97.0,0.0 (cmd 0.0),0.0 (cmd 0.0)
0.728,-97.0,0.0,0.0,-97.0,0.0,0.0,-97.0,-97.0,0.0 (cmd 0.0),0.0 (cmd 0.0)
0.7285,-97.0,0.0,0.0,-97.0,0.0,0.0,-97.0,-97.0,0.0 (cmd 0.0),0.0 (cmd 0.0)
0.729,-97.0,0.0,0.0,-97.0,0.0,0.0,-97.0,-97.0,0.0 (cmd 0.0),0.0 (cmd 0.0)
0.7295,-97.0,0.0,0.0,-97.0,0.0,0.0,-97.0,-97.0,0.0 (cmd 0.0),0.0 (cmd 0.0)
0.73,-97.0,0.0,0.0,-97.0,0.0,0.0,-97.0,-97.0,0.0 (cmd 0.0),0.0 (cmd 0.0)
0.7305,-97.0,0.0,0.0,-97.0,0.0,0.0,-97.0,-97.0,0.0 (cmd 0.0),0.0 (cmd 0.0)
0.731,-97.0,0.0,0.0,-97.0,0.0,0.0,-97.0,-97.0,0.0 (cmd 0.0),0.0 (cmd 0.0)
0.7315999999999999,-97.0,0.0,0.0,-97.0,0.0,0.0,-97.0,-97.0,0.0 (cmd 0.0),0.0 (cmd 0.0)
0.732,-97.0,0.0,0.0,-97.0,0.0,0.0,-97.0,-97.0,0.0 (cmd 0.0),0.0 (cmd 0.0)
0.7326,-97.0,0.0,0.0,-97.0,0.0,0.0,-97.0,-97.0,0.0 (cmd 0.0),0.0 (cmd 0.0)
0.7331,-97.0,0.0,0.0,-97.0,0.0,0.0,-97.0,-97.0,0.0 (cmd 0.0),0.0 (cmd 0.0)
0.7336,-97.0,0.0,0.0,-97.0,0.0,0.0,-97.0,-97.0,0.0 (cmd 0.0),0.0 (cmd 0.0)
0.7340999999999999,-97.0,0.0,0.0,-97.0,0.0,0.0,-97.0,-97.0,0.0 (cmd 0.0),0.0 (cmd 0.0)
0.7345999999999999,-97.0,0.0,0.0,-97.0,0.0,0.0,-97.0,-97.0,0.0 (cmd 0.0),0.0 (cmd 0.0)
0.7351,-97.0,0.0,0.0,-97.0,0.0,0.0,-97.0,-97.0,0.0 (cmd 0.0),0.0 (cmd 0.0)
0.7356,-97.0,0.0,0.0,-97.0,0.0,0.0,-97.0,-97.0,0.0 (cmd 0.0),0.0 (cmd 0.0)
0.7361,-97.0,0.0,0.0,-97.0,0.0,0.0,-97.0,-97.0,0.0 (cmd 0.0),0.0 (cmd 0.0)
0.7365999999999999,-97.0,0.0,0.0,-97.0,0.0,0.0,-97.0,-97.0,0.0 (cmd 0.0),0.0 (cmd 0.0)
0.7370999999999999,-97.0,0.0,0.0,-97.0,0.0,0.0,-97.0,-97.0,0.0 (cmd 0.0),0.0 (cmd 0.0)
0.7376,-97.0,0.0,0.0,-97.0,0.0,0.0,-97.0,-97.0,0.0 (cmd 0.0),0.0 (cmd 0.0)
0.7381,-97.0,0.0,0.0,-97.0,0.0,0.0,-97.0,-97.0,0.0 (cmd 0.0),0.0 (cmd 0.0)
0.7386,-97.0,0.0,0.0,-97.0,0.0,0.0,-97.0,-97.0,0.0 (cmd 0.0),0.0 (cmd 0.0)
0.7390999999999999,-97.0,0.0,0.0,-97.0,0.0,0.0,-97.0,-97.0,0.0 (cmd 0.0),0.0 (cmd 0.0)
0.7395999999999999,-97.0,0.0,0.0,-97.0,0.0,0.0,-97.0,-97.0,0.0 (cmd 0.0),0.0 (cmd 0.0)
0.7401,-97.0,0.0,0.0,-97.0,0.0,0.0,-97.0,-97.0,0.0 (cmd 0.0),0.0 (cmd 0.0)
0.7406,-97.0,0.0,0.0,-97.0,0.0,0.0,-97.0,-97.0,0.0 (cmd 0.0),0.0 (cmd 0.0)
0.7411,-97.0,0.0,0.0,-97.0,0.0,0.0,-97.0,-97.0,0.0 (cmd 0.0),0.0 (cmd 0.0)
0.7415999999999999,-97.0,0.0,0.0,-97.0,0.0,0.0,-97.0,-97.0,0.0 (cmd 0.0),0.0 (cmd 0.0)
0.7420999999999999,-97.0,0.0,0.0,-97.0,0.0,0.0,-97.0,-97.0,0.0 (cmd 0.0),0.0 (cmd 0.0)
0.7426,-97.0,0.0,0.0,-97.0,0.0,0.0,-97.0,-97.0,0.0 (cmd 0.0),0.0 (cmd 0.0)
0.7431,-97.0,0.0,0.0,-97.0,0.0,0.0,-97.0,-97.0,0.0 (cmd 0.0),0.0 (cmd 0.0)
0.7436,-97.0,0.0,0.0,-97.0,0.0,0.0,-97.0,-97.0,0.0 (cmd 0.0),0.0 (cmd 0.0)
0.7440999999999999,-97.0,0.0,0.0,-97.0,0.0,0.0,-97.0,-97.0,0.0 (cmd 0.0),0.0 (cmd 0.0)
0.7445999999999999,-97.0,0.0,0.0,-97.0,0.0,0.0,-97.0,-97.0,0.0 (cmd 0.0),0.0 (cmd 0.0)
0.7451,-97.0,0.0,0.0,-97.0,0.0,0.0,-97.0,-97.0,0.0 (cmd 0.0),0.0 (cmd 0.0)
0.7456,-97.0,0.0,0.0,-97.0,0.0,0.0,-97.0,-97.0,0.0 (cmd 0.0),0.0 (cmd 0.0)
0.7461,-97.0,0.0,0.0,-97.0,0.0,0.0,-97.0,-97.0,0.0 (cmd 0.0),0.0 (cmd 0.0)
0.7465999999999999,-97.0,0.0,0.0,-97.0,0.0,0.0,-97.0,-97.0,0.0 (cmd 0.0),0.0 (cmd 0.0)
0.7470999999999999,-97.0,0.0,0.0,-97.0,0.0,0.0,-97.0,-97.0,0.0 (cmd 0.0),0.0 (cmd 0.0)
0.7476,-97.0,0.0,0.0,-97.0,0.0,0.0,-97.0,-97.0,0.0 (cmd 0.0),0.0 (cmd 0.0)
0.7481,-97.0,0.0,0.0,-97.0,0.0,0.0,-97.0,-97.0,0.0 (cmd 0.0),0.0 (cmd 0.0)
0.7486,-97.0,0.0,0.0,-97.0,0.0,0.0,-97.0,-97.0,0.0 (cmd 0.0),0.0 (cmd 0.0)
0.7490999999999999,-97.0,0.0,0.0,-97.0,0.0,0.0,-97.0,-97.0,0.0 (cmd 0.0),0.0 (cmd 0.0)
0.7495999999999999,-97.0,0.0,0.0,-97.0,0.0,0.0,-97.0,-97.0,0.0 (cmd 0.0),0.0 (cmd 0.0)
0.7501,-97.0,0.0,0.0,-97.0,0.0,0.0,-97.0,-97.0,0.0 (cmd 0.0),0.0 (cmd 0.0)
0.7506,-97.0,0.0,0.0,-97.0,0.0,0.0,-97.0,-97.0,0.0 (cmd 0.0),0.0 (cmd 0.0)
0.7511,-97.0,0.0,0.0,-97.0,0.0,0.0,-97.0,-97.0,0.0 (cmd 0.0),0.0 (cmd 0.0)
0.7515999999999999,-97.0,0.0,0.0,-97.0,0.0,0.0,-97.0,-97.0,0.0 (cmd 0.0),0.0 (cmd 0.0)
0.7520999999999999,-97.0,0.0,0.0,-97.0,0.0,0.0,-97.0,-97.0,0.0 (cmd 0.0),0.0 (cmd 0.0)
0.7526,-97.0,0.0,0.0,-97.0,0.0,0.0,-97.0,-97.0,0.0 (cmd 0.0),0.0 (cmd 0.0)
0.7531,-97.0,0.0,0.0,-97.0,0.0,0.0,-97.0,-97.0,0.0 (cmd 0.0),0.0 (cmd 0.0)
0.7536,-97.0,0.0,0.0,-97.0,0.0,0.0,-97.0,-97.0,0.0 (cmd 0.0),0.0 (cmd 0.0)
0.7540999999999999,-97.0,0.0,0.0,-97.0,0.0,0.0,-97.0,-97.0,0.0 (cmd 0.0),0.0 (cmd 0.0)
0.7545999999999999,-97.0,0.0,0.0,-97.0,0.0,0.0,-97.0,-97.0,0.0 (cmd 0.0),0.0 (cmd 0.0)
0.7551,-97.0,0.0,0.0,-97.0,0.0,0.0,-97.0,-97.0,0.0 (cmd 0.0),0.0 (cmd 0.0)
0.7556,-97.0,0.0,0.0,-97.0,0.0,0.0,-97.0,-97.0,0.0 (cmd 0.0),0.0 (cmd 0.0)
0.7561,-97.0,0.0,0.0,-97.0,0.0,0.0,-97.0,-97.0,0.0 (cmd 0.0),0.0 (cmd 0.0)
0.7565999999999999,-97.0,0.0,0.0,-97.0,0.0,0.0,-97.0,-97.0,0.0 (cmd 0.0),0.0 (cmd 0.0)
0.7570999999999999,-97.0,0.0,0.0,-97.0,0.0,0.0,-97.0,-97.0,0.0 (cmd 0.0),0.0 (cmd 0.0)
0.7576,-97.0,0.0,0.0,-97.0,0.0,0.0,-97.0,-97.0,0.0 (cmd 0.0),0.0 (cmd 0.0)
0.7581,-97.0,0.0,0.0,-97.0,0.0,0.0,-97.0,-97.0,0.0 (cmd 0.0),0.0 (cmd 0.0)
0.7586,-97.0,0.0,0.0,-97.0,0.0,0.0,-97.0,-97.0,0.0 (cmd 0.0),0.0 (cmd 0.0)
0.7590999999999999,-97.0,0.0,0.0,-97.0,0.0,0.0,-97.0,-97.0,0.0 (cmd 0.0),0.0 (cmd 0.0)
0.7595999999999999,-97.0,0.0,0.0,-97.0,0.0,0.0,-97.0,-97.0,0.0 (cmd 0.0),0.0 (cmd 0.0)
0.7601,-97.0,0.0,0.0,-97.0,0.0,0.0,-97.0,-97.0,0.0 (cmd 0.0),0.0 (cmd 0.0)
0.7606,-97.0,0.0,0.0,-97.0,0.0,0.0,-97.0,-97.0,0.0 (cmd 0.0),0.0 (cmd 0.0)
0.7611,-97.0,0.0,0.0,-97.0,0.0,0.0,-97.0,-97.0,0.0 (cmd 0.0),0.0 (cmd 0.0)
0.7615999999999999,-97.0,0.0,0.0,-97.0,0.0,0.0,-97.0,-97.0,0.0 (cmd 0.0),0.0 (cmd 0.0)
0.7620999999999999,-97.0,0.0,0.0,-97.0,0.0,0.0,-97.0,-97.0,0.0 (cmd 0.0),0.0 (cmd 0.0)
0.7626000000000001,-97.0,0.0,0.0,-97.0,0.0,0.0,-97.0,-97.0,0.0 (cmd 0.0),0.0 (cmd 0.0)
0.7631,-97.0,0.0,0.0,-97.0,0.0,0.0,-97.0,-97.0,0.0 (cmd 0.0),0.0 (cmd 0.0)
0.7636000000000001,-97.0,0.0,0.0,-97.0,0.0,0.0,-97.0,-97.0,0.0 (cmd 0.0),0.0 (cmd 0.0)
0.7640999999999999,-97.0,0.0,0.0,-97.0,0.0,0.0,-97.0,-97.0,0.0 (cmd 0.0),0.0 (cmd 0.0)
0.7646,-97.0,0.0,0.0,-97.0,0.0,0.0,-97.0,-97.0,0.0 (cmd 0.0),0.0 (cmd 0.0)
0.7651,-97.0,0.0,0.0,-97.0,0.0,0.0,-97.0,-97.0,0.0 (cmd 0.0),0.0 (cmd 0.0)
0.7656000000000001,-97.0,0.0,0.0,-97.0,0.0,0.0,-97.0,-97.0,0.0 (cmd 0.0),0.0 (cmd 0.0)
0.7661,-97.0,0.0,0.0,-97.0,0.0,0.0,-97.0,-97.0,0.0 (cmd 0.0),0.0 (cmd 0.0)
0.7666,-97.0,0.0,0.0,-97.0,0.0,0.0,-97.0,-97.0,0.0 (cmd 0.0),0.0 (cmd 0.0)
0.7670999999999999,-97.0,0.0,0.0,-97.0,0.0,0.0,-97.0,-97.0,0.0 (cmd 0.0),0.0 (cmd 0.0)
0.7676000000000001,-97.0,0.0,0.0,-97.0,0.0,0.0,-97.0,-97.0,0.0 (cmd 0.0),0.0 (cmd 0.0)
0.7681,-97.0,0.0,0.0,-97.0,0.0,0.0,-97.0,-97.0,0.0 (cmd 0.0),0.0 (cmd 0.0)
0.7686000000000001,-97.0,0.0,0.0,-97.0,0.0,0.0,-97.0,-97.0,0.0 (cmd 0.0),0.0 (cmd 0.0)
0.7690999999999999,-97.0,0.0,0.0,-97.0,0.0,0.0,-97.0,-97.0,0.0 (cmd 0.0),0.0 (cmd 0.0)
0.7696,-97.0,0.0,0.0,-97.0,0.0,0.0,-97.0,-97.0,0.0 (cmd 0.0),0.0 (cmd 0.0)
0.7701,-97.0,0.0,0.0,-97.0,0.0,0.0,-97.0,-97.0,0.0 (cmd 0.0),0.0 (cmd 0.0)
0.7706000000000001,-97.0,0.0,0.0,-97.0,0.0,0.0,-97.0,-97.0,0.0 (cmd 0.0),0.0 (cmd 0.0)
0.7711,-97.0,0.0,0.0,-97.0,0.0,0.0,-97.0,-97.0,0.0 (cmd 0.0),0.0 (cmd 0.0)
0.7716,-97.0,0.0,0.0,-97.0,0.0,0.0,-97.0,-97.0,0.0 (cmd 0.0),0.0 (cmd 0.0)
0.7720999999999999,-97.0,0.0,0.0,-97.0,0.0,0.0,-97.0,-97.0,0.0 (cmd 0.0),0.0 (cmd 0.0)
0.7726000000000001,-97.0,0.0,0.0,-97.0,0.0,0.0,-97.0,-97.0,0.0 (cmd 0.0),0.0 (cmd 0.0)
0.7731,-97.0,0.0,0.0,-97.0,0.0,0.0,-97.0,-97.0,0.0 (cmd 0.0),0.0 (cmd 0.0)
0.7736000000000001,-97.0,0.0,0.0,-97.0,0.0,0.0,-97.0,-97.0,0.0 (cmd 0.0),0.0 (cmd 0.0)
0.7740999999999999,-97.0,0.0,0.0,-97.0,0.0,0.0,-97.0,-97.0,0.0 (cmd 0.0),0.0 (cmd 0.0)
0.7746,-97.0,0.0,0.0,-97.0,0.0,0.0,-97.0,-97.0,0.0 (cmd 0.0),0.0 (cmd 0.0)
0.7751,-97.0,0.0,0.0,-97.0,0.0,0.0,-97.0,-97.0,0.0 (cmd 0.0),0.0 (cmd 0.0)
0.7756000000000001,-97.0,0.0,0.0,-97.0,0.0,0.0,-97.0,-97.0,0.0 (cmd 0.0),0.0 (cmd 0.0)
0.7761,-97.0,0.0,0.0,-97.0,0.0,0.0,-97.0,-97.0,0.0 (cmd 0.0),0.0 (cmd 0.0)
0.7766,-97.0,0.0,0.0,-97.0,0.0,0.0,-97.0,-97.0,0.0 (cmd 0.0),0.0 (cmd 0.0)
0.7770999999999999,-97.0,0.0,0.0,-97.0,0.0,0.0,-97.0,-97.0,0.0 (cmd 0.0),0.0 (cmd 0.0)
0.7776000000000001,-97.0,0.0,0.0,-97.0,0.0,0.0,-97.0,-97.0,0.0 (cmd 0.0),0.0 (cmd 0.0)
0.7781,-97.0,0.0,0.0,-97.0,0.0,0.0,-97.0,-97.0,0.0 (cmd 0.0),0.0 (cmd 0.0)
0.7786000000000001,-97.0,0.0,0.0,-97.0,0.0,0.0,-97.0,-97.0,0.0 (cmd 0.0),0.0 (cmd 0.0)
0.7790999999999999,-97.0,0.0,0.0,-97.0,0.0,0.0,-97.0,-97.0,0.0 (cmd 0.0),0.0 (cmd 0.0)
0.7796,-97.0,0.0,0.0,-97.0,0.0,0.0,-97.0,-97.0,0.0 (cmd 0.0),0.0 (cmd 0.0)
0.7801,-97.0,0.0,0.0,-97.0,0.0,0.0,-97.0,-97.0,0.0 (cmd 0.0),0.0 (cmd 0.0)
0.7806000000000001,-97.0,0.0,0.0,-97.0,0.0,0.0,-97.0,-97.0,0.0 (cmd 0.0),0.0 (cmd 0.0)
0.7811,-97.0,0.0,0.0,-97.0,0.0,0.0,-97.0,-97.0,0.0 (cmd 0.0),0.0 (cmd 0.0)
0.7816,-97.0,0.0,0.0,-97.0,0.0,0.0,-97.0,-97.0,0.0 (cmd 0.0),0.0 (cmd 0.0)
0.7820999999999999,-97.0,0.0,0.0,-97.0,0.0,0.0,-97.0,-97.0,0.0 (cmd 0.0),0.0 (cmd 0.0)
0.7826000000000001,-97.0,0.0,0.0,-97.0,0.0,0.0,-97.0,-97.0,0.0 (cmd 0.0),0.0 (cmd 0.0)
0.7831,-97.0,0.0,0.0,-97.0,0.0,0.0,-97.0,-97.0,0.0 (cmd 0.0),0.0 (cmd 0.0)
0.7836000000000001,-97.0,0.0,0.0,-97.0,0.0,0.0,-97.0,-97.0,0.0 (cmd 0.0),0.0 (cmd 0.0)
0.7840999999999999,-97.0,0.0,0.0,-97.0,0.0,0.0,-97.0,-97.0,0.0 (cmd 0.0),0.0 (cmd 0.0)
0.7846,-97.0,0.0,0.0,-97.0,0.0,0.0,-97.0,-97.0,0.0 (cmd 0.0),0.0 (cmd 0.0)
0.7851,-97.0,0.0,0.0,-97.0,0.0,0.0,-97.0,-97.0,0.0 (cmd 0.0),0.0 (cmd 0.0)
0.7856000000000001,-97.0,0.0,0.0,-97.0,0.0,0.0,-97.0,-97.0,0.0 (cmd 0.0),0.0 (cmd 0.0)
0.7861,-97.0,0.0,0.0,-97.0,0.0,0.0,-97.0,-97.0,0.0 (cmd 0.0),0.0 (cmd 0.0)
0.7865999999999999,-97.0,0.0,0.0,-97.0,0.0,0.0,-97.0,-97.0,0.0 (cmd 0.0),0.0 (cmd 0.0)
0.7870999999999999,-97.0,0.0,0.0,-97.0,0.0,0.0,-97.0,-97.0,0.0 (cmd 0.0),0.0 (cmd 0.0)
0.7876000000000001,-97.0,0.0,0.0,-97.0,0.0,0.0,-97.0,-97.0,0.0 (cmd 0.0),0.0 (cmd 0.0)
0.7881,-97.0,0.0,0.0,-97.0,0.0,0.0,-97.0,-97.0,0.0 (cmd 0.0),0.0 (cmd 0.0)
0.7886,-97.0,0.0,0.0,-97.0,0.0,0.0,-97.0,-97.0,0.0 (cmd 0.0),0.0 (cmd 0.0)
0.7890999999999999,-97.0,0.0,0.0,-97.0,0.0,0.0,-97.0,-97.0,0.0 (cmd 0.0),0.0 (cmd 0.0)
0.7895999999999999,-97.0,0.0,0.0,-97.0,0.0,0.0,-97.0,-97.0,0.0 (cmd 0.0),0.0 (cmd 0.0)
0.7901,-97.0,0.0,0.0,-97.0,0.0,0.0,-97.0,-97.0,0.0 (cmd 0.0),0.0 (cmd 0.0)
0.7906,-97.0,0.0,0.0,-97.0,0.0,0.0,-97.0,-97.0,0.0 (cmd 0.0),0.0 (cmd 0.0)
0.7911,-97.0,0.0,0.0,-97.0,0.0,0.0,-97.0,-97.0,0.0 (cmd 0.0),0.0 (cmd 0.0)
0.7915999999999999,-97.0,0.0,0.0,-97.0,0.0,0.0,-97.0,-97.0,0.0 (cmd 0.0),0.0 (cmd 0.0)
0.7920999999999999,-97.0,0.0,0.0,-97.0,0.0,0.0,-97.0,-97.0,0.0 (cmd 0.0),0.0 (cmd 0.0)
0.7926,-97.0,0.0,0.0,-97.0,0.0,0.0,-97.0,-97.0,0.0 (cmd 0.0),0.0 (cmd 0.0)
0.7931,-97.0,0.0,0.0,-97.0,0.0,0.0,-97.0,-97.0,0.0 (cmd 0.0),0.0 (cmd 0.0)
0.7936,-97.0,0.0,0.0,-97.0,0.0,0.0,-97.0,-97.0,0.0 (cmd 0.0),0.0 (cmd 0.0)
0.7940999999999999,-97.0,0.0,0.0,-97.0,0.0,0.0,-97.0,-97.0,0.0 (cmd 0.0),0.0 (cmd 0.0)
0.7945999999999999,-97.0,0.0,0.0,-97.0,0.0,0.0,-97.0,-97.0,0.0 (cmd 0.0),0.0 (cmd 0.0)
0.7951,-97.0,0.0,0.0,-97.0,0.0,0.0,-97.0,-97.0,0.0 (cmd 0.0),0.0 (cmd 0.0)
0.7956,-97.0,0.0,0.0,-97.0,0.0,0.0,-97.0,-97.0,0.0 (cmd 0.0),0.0 (cmd 0.0)
0.7961,-97.0,0.0,0.0,-97.0,0.0,0.0,-97.0,-97.0,0.0 (cmd 0.0),0.0 (cmd 0.0)
0.7965999999999999,-97.0,0.0,0.0,-97.0,0.0,0.0,-97.0,-97.0,0.0 (cmd 0.0),0.0 (cmd 0.0)
0.7970999999999999,-97.0,0.0,0.0,-97.0,0.0,0.0,-97.0,-97.0,0.0 (cmd 0.0),0.0 (cmd 0.0)
0.7976,-97.0,0.0,0.0,-97.0,0.0,0.0,-97.0,-97.0,0.0 (cmd 0.0),0.0 (cmd 0.0)
0.7981,-97.0,0.0,0.0,-97.0,0.0,0.0,-97.0,-97.0,0.0 (cmd 0.0),0.0 (cmd 0.0)
0.7986,-97.0,0.0,0.0,-97.0,0.0,0.0,-97.0,-97.0,0.0 (cmd 0.0),0.0 (cmd 0.0)
0.7990999999999999,-97.0,0.0,0.0,-97.0,0.0,0.0,-97.0,-97.0,0.0 (cmd 0.0),0.0 (cmd 0.0)
0.7995999999999999,-97.0,0.0,0.0,-97.0,0.0,0.0,-97.0,-97.0,0.0 (cmd 0.0),0.0 (cmd 0.0)
0.8001,-97.0,0.0,0.0,-97.0,0.0,0.0,-97.0,-97.0,0.0 (cmd 0.0),0.0 (cmd 0.0)
0.8006,-97.0,0.0,0.0,-97.0,0.0,0.0,-97.0,-97.0,0.0 (cmd 0.0),0.0 (cmd 0.0)
0.8011,-97.0,0.0,0.0,-97.0,0.0,0.0,-97.0,-97.0,0.0 (cmd 0.0),0.0 (cmd 0.0)
0.8015999999999999,-97.0,0.0,0.0,-97.0,0.0,0.0,-97.0,-97.0,0.0 (cmd 0.0),0.0 (cmd 0.0)
0.8020999999999999,-97.0,0.0,0.0,-97.0,0.0,0.0,-97.0,-97.0,0.0 (cmd 0.0),0.0 (cmd 0.0)
0.8026,-97.0,0.0,0.0,-97.0,0.0,0.0,-97.0,-97.0,0.0 (cmd 0.0),0.0 (cmd 0.0)
0.8031,-97.0,0.0,0.0,-97.0,0.0,0.0,-97.0,-97.0,0.0 (cmd 0.0),0.0 (cmd 0.0)
0.8036,-97.0,0.0,0.0,-97.0,0.0,0.0,-97.0,-97.0,0.0 (cmd 0.0),0.0 (cmd 0.0)
0.8040999999999999,-97.0,0.0,0.0,-97.0,0.0,0.0,-97.0,-97.0,0.0 (cmd 0.0),0.0 (cmd 0.0)
0.8045999999999999,-97.0,0.0,0.0,-97.0,0.0,0.0,-97.0,-97.0,0.0 (cmd 0.0),0.0 (cmd 0.0)
0.8051,-97.0,0.0,0.0,-97.0,0.0,0.0,-97.0,-97.0,0.0 (cmd 0.0),0.0 (cmd 0.0)
0.8056,-97.0,0.0,0.0,-97.0,0.0,0.0,-97.0,-97.0,0.0 (cmd 0.0),0.0 (cmd 0.0)
0.8061,-97.0,0.0,0.0,-97.0,0.0,0.0,-97.0,-97.0,0.0 (cmd 0.0),0.0 (cmd 0.0)
0.8065999999999999,-97.0,0.0,0.0,-97.0,0.0,0.0,-97.0,-97.0,0.0 (cmd 0.0),0.0 (cmd 0.0)
0.8070999999999999,-97.0,0.0,0.0,-97.0,0.0,0.0,-97.0,-97.0,0.0 (cmd 0.0),0.0 (cmd 0.0)
0.8076,-97.0,0.0,0.0,-97.0,0.0,0.0,-97.0,-97.0,0.0 (cmd 0.0),0.0 (cmd 0.0)
0.8081,-97.0,0.0,0.0,-97.0,0.0,0.0,-97.0,-97.0,0.0 (cmd 0.0),0.0 (cmd 0.0)
0.8086,-97.0,0.0,0.0,-97.0,0.0,0.0,-97.0,-97.0,0.0 (cmd 0.0),0.0 (cmd 0.0)
0.8090999999999999,-97.0,0.0,0.0,-97.0,0.0,0.0,-97.0,-97.0,0.0 (cmd 0.0),0.0 (cmd 0.0)
0.8095999999999999,-97.0,0.0,0.0,-97.0,0.0,0.0,-97.0,-97.0,0.0 (cmd 0.0),0.0 (cmd 0.0)
0.8101,-97.0,0.0,0.0,-97.0,0.0,0.0,-97.0,-97.0,0.0 (cmd 0.0),0.0 (cmd 0.0)
0.8106,-97.0,0.0,0.0,-97.0,0.0,0.0,-97.0,-97.0,0.0 (cmd 0.0),0.0 (cmd 0.0)
0.8111,-97.0,0.0,0.0,-97.0,0.0,0.0,-97.0,-97.0,0.0 (cmd 0.0),0.0 (cmd 0.0)
0.8115999999999999,-97.0,0.0,0.0,-97.0,0.0,0.0,-97.0,-97.0,0.0 (cmd 0.0),0.0 (cmd 0.0)
0.8120999999999999,-97.0,0.0,0.0,-97.0,0.0,0.0,-97.0,-97.0,0.0 (cmd 0.0),0.0 (cmd 0.0)
0.8126,-97.0,0.0,0.0,-97.0,0.0,0.0,-97.0,-97.0,0.0 (cmd 0.0),0.0 (cmd 0.0)
0.8131,-97.0,0.0,0.0,-97.0,0.0,0.0,-97.0,-97.0,0.0 (cmd 0.0),0.0 (cmd 0.0)
0.8136,-97.0,0.0,0.0,-97.0,0.0,0.0,-97.0,-97.0,0.0 (cmd 0.0),0.0 (cmd 0.0)
0.8140999999999999,-97.0,0.0,0.0,-97.0,0.0,0.0,-97.0,-97.0,0.0 (cmd 0.0),0.0 (cmd 0.0)
0.8145999999999999,-97.0,0.0,0.0,-97.0,0.0,0.0,-97.0,-97.0,0.0 (cmd 0.0),0.0 (cmd 0.0)
0.8151,-97.0,0.0,0.0,-97.0,0.0,0.0,-97.0,-97.0,0.0 (cmd 0.0),0.0 (cmd 0.0)
0.8156,-97.0,0.0,0.0,-97.0,0.0,0.0,-97.0,-97.0,0.0 (cmd 0.0),0.0 (cmd 0.0)
0.8161,-97.0,0.0,0.0,-97.0,0.0,0.0,-97.0,-97.0,0.0 (cmd 0.0),0.0 (cmd 0.0)
0.8165999999999999,-97.0,0.0,0.0,-97.0,0.0,0.0,-97.0,-97.0,0.0 (cmd 0.0),0.0 (cmd 0.0)
0.8170999999999999,-97.0,0.0,0.0,-97.0,0.0,0.0,-97.0,-97.0,0.0 (cmd 0.0),0.0 (cmd 0.0)
0.8176,-97.0,0.0,0.0,-97.0,0.0,0.0,-97.0,-97.0,0.0 (cmd 0.0),0.0 (cmd 0.0)
0.8181,-97.0,0.0,0.0,-97.0,0.0,0.0,-97.0,-97.0,0.0 (cmd 0.0),0.0 (cmd 0.0)
0.8186,-97.0,0.0,0.0,-97.0,0.0,0.0,-97.0,-97.0,0.0 (cmd 0.0),0.0 (cmd 0.0)
0.8190999999999999,-97.0,0.0,0.0,-97.0,0.0,0.0,-97.0,-97.0,0.0 (cmd 0.0),0.0 (cmd 0.0)
0.8195999999999999,-97.0,0.0,0.0,-97.0,0.0,0.0,-97.0,-97.0,0.0 (cmd 0.0),0.0 (cmd 0.0)
0.8201,-97.0,0.0,0.0,-97.0,0.0,0.0,-97.0,-97.0,0.0 (cmd 0.0),0.0 (cmd 0.0)
0.8206,-97.0,0.0,0.0,-97.0,0.0,0.0,-97.0,-97.0,0.0 (cmd 0.0),0.0 (cmd 0.0)
0.8211,-97.0,0.0,0.0,-97.0,0.0,0.0,-97.0,-97.0,0.0 (cmd 0.0),0.0 (cmd 0.0)
0.8215999999999999,-97.0,0.0,0.0,-97.0,0.0,0.0,-97.0,-97.0,0.0 (cmd 0.0),0.0 (cmd 0.0)
0.8220999999999999,-97.0,0.0,0.0,-97.0,0.0,0.0,-97.0,-97.0,0.0 (cmd 0.0),0.0 (cmd 0.0)
0.8226,-97.0,0.0,0.0,-97.0,0.0,0.0,-97.0,-97.0,0.0 (cmd 0.0),0.0 (cmd 0.0)
0.8231,-97.0,0.0,0.0,-97.0,0.0,0.0,-97.0,-97.0,0.0 (cmd 0.0),0.0 (cmd 0.0)
0.8236,-97.0,0.0,0.0,-97.0,0.0,0.0,-97.0,-97.0,0.0 (cmd 0.0),0.0 (cmd 0.0)
0.8240999999999999,-97.0,0.0,0.0,-97.0,0.0,0.0,-97.0,-97.0,0.0 (cmd 0.0),0.0 (cmd 0.0)
0.8245999999999999,-97.0,0.0,0.0,-97.0,0.0,0.0,-97.0,-97.0,0.0 (cmd 0.0),0.0 (cmd 0.0)
0.8251000000000001,-97.0,0.0,0.0,-97.0,0.0,0.0,-97.0,-97.0,0.0 (cmd 0.0),0.0 (cmd 0.0)
0.8256,-97.0,0.0,0.0,-97.0,0.0,0.0,-97.0,-97.0,0.0 (cmd 0.0),0.0 (cmd 0.0)
0.8261000000000001,-97.0,0.0,0.0,-97.0,0.0,0.0,-97.0,-97.0,0.0 (cmd 0.0),0.0 (cmd 0.0)
0.8265999999999999,-97.0,0.0,0.0,-97.0,0.0,0.0,-97.0,-97.0,0.0 (cmd 0.0),0.0 (cmd 0.0)
0.8271,-97.0,0.0,0.0,-97.0,0.0,0.0,-97.0,-97.0,0.0 (cmd 0.0),0.0 (cmd 0.0)
0.8276,-97.0,0.0,0.0,-97.0,0.0,0.0,-97.0,-97.0,0.0 (cmd 0.0),0.0 (cmd 0.0)
0.8281000000000001,-97.0,0.0,0.0,-97.0,0.0,0.0,-97.0,-97.0,0.0 (cmd 0.0),0.0 (cmd 0.0)
0.8286,-97.0,0.0,0.0,-97.0,0.0,0.0,-97.0,-97.0,0.0 (cmd 0.0),0.0 (cmd 0.0)
0.8291,-97.0,0.0,0.0,-97.0,0.0,0.0,-97.0,-97.0,0.0 (cmd 0.0),0.0 (cmd 0.0)
0.8295999999999999,-97.0,0.0,0.0,-97.0,0.0,0.0,-97.0,-97.0,0.0 (cmd 0.0),0.0 (cmd 0.0)
0.8301000000000001,-97.0,0.0,0.0,-97.0,0.0,0.0,-97.0,-97.0,0.0 (cmd 0.0),0.0 (cmd 0.0)
0.8306,-97.0,0.0,0.0,-97.0,0.0,0.0,-97.0,-97.0,0.0 (cmd 0.0),0.0 (cmd 0.0)
0.8311000000000001,-97.0,0.0,0.0,-97.0,0.0,0.0,-97.0,-97.0,0.0 (cmd 0.0),0.0 (cmd 0.0)
0.8315999999999999,-97.0,0.0,0.0,-97.0,0.0,0.0,-97.0,-97.0,0.0 (cmd 0.0),0.0 (cmd 0.0)
0.8321,-97.0,0.0,0.0,-97.0,0.0,0.0,-97.0,-97.0,0.0 (cmd 0.0),0.0 (cmd 0.0)
0.8326,-97.0,0.0,0.0,-97.0,0.0,0.0,-97.0,-97.0,0.0 (cmd 0.0),0.0 (cmd 0.0)
0.8331000000000001,-97.0,0.0,0.0,-97.0,0.0,0.0,-97.0,-97.0,0.0 (cmd 0.0),0.0 (cmd 0.0)
0.8336,-97.0,0.0,0.0,-97.0,0.0,0.0,-97.0,-97.0,0.0 (cmd 0.0),0.0 (cmd 0.0)
0.8341,-97.0,0.0,0.0,-97.0,0.0,0.0,-97.0,-97.0,0.0 (cmd 0.0),0.0 (cmd 0.0)
0.8345999999999999,-97.0,0.0,0.0,-97.0,0.0,0.0,-97.0,-97.0,0.0 (cmd 0.0),0.0 (cmd 0.0)
0.8351000000000001,-97.0,0.0,0.0,-97.0,0.0,0.0,-97.0,-97.0,0.0 (cmd 0.0),0.0 (cmd 0.0)
0.8356,-97.0,0.0,0.0,-97.0,0.0,0.0,-97.0,-97.0,0.0 (cmd 0.0),0.0 (cmd 0.0)
0.8361000000000001,-97.0,0.0,0.0,-97.0,0.0,0.0,-97.0,-97.0,0.0 (cmd 0.0),0.0 (cmd 0.0)
0.8365999999999999,-97.0,0.0,0.0,-97.0,0.0,0.0,-97.0,-97.0,0.0 (cmd 0.0),0.0 (cmd 0.0)
0.8371,-97.0,0.0,0.0,-97.0,0.0,0.0,-97.0,-97.0,0.0 (cmd 0.0),0.0 (cmd 0.0)
0.8376,-97.0,0.0,0.0,-97.0,0.0,0.0,-97.0,-97.0,0.0 (cmd 0.0),0.0 (cmd 0.0)
0.8381000000000001,-97.0,0.0,0.0,-97.0,0.0,0.0,-97.0,-97.0,0.0 (cmd 0.0),0.0 (cmd 0.0)
0.8386,-97.0,0.0,0.0,-97.0,0.0,0.0,-97.0,-97.0,0.0 (cmd 0.0),0.0 (cmd 0.0)
0.8391,-97.0,0.0,0.0,-97.0,0.0,0.0,-97.0,-97.0,0.0 (cmd 0.0),0.0 (cmd 0.0)
0.8395999999999999,-97.0,0.0,0.0,-97.0,0.0,0.0,-97.0,-97.0,0.0 (cmd 0.0),0.0 (cmd 0.0)
0.8401000000000001,-97.0,0.0,0.0,-97.0,0.0,0.0,-97.0,-97.0,0.0 (cmd 0.0),0.0 (cmd 0.0)
0.8406,-97.0,0.0,0.0,-97.0,0.0,0.0,-97.0,-97.0,0.0 (cmd 0.0),0.0 (cmd 0.0)
0.8411000000000001,-97.0,0.0,0.0,-97.0,0.0,0.0,-97.0,-97.0,0.0 (cmd 0.0),0.0 (cmd 0.0)
0.8415999999999999,-97.0,0.0,0.0,-97.0,0.0,0.0,-97.0,-97.0,0.0 (cmd 0.0),0.0 (cmd 0.0)
0.8421,-97.0,0.0,0.0,-97.0,0.0,0.0,-97.0,-97.0,0.0 (cmd 0.0),0.0 (cmd 0.0)
0.8426,-97.0,0.0,0.0,-97.0,0.0,0.0,-97.0,-97.0,0.0 (cmd 0.0),0.0 (cmd 0.0)
0.8431000000000001,-97.0,0.0,0.0,-97.0,0.0,0.0,-97.0,-97.0,0.0 (cmd 0.0),0.0 (cmd 0.0)
0.8436,-97.0,0.0,0.0,-97.0,0.0,0.0,-97.0,-97.0,0.0 (cmd 0.0),0.0 (cmd 0.0)
0.8441,-97.0,0.0,0.0,-97.0,0.0,0.0,-97.0,-97.0,0.0 (cmd 0.0),0.0 (cmd 0.0)
0.8445999999999999,-97.0,0.0,0.0,-97.0,0.0,0.0,-97.0,-97.0,0.0 (cmd 0.0),0.0 (cmd 0.0)
0.8451000000000001,-97.0,0.0,0.0,-97.0,0.0,0.0,-97.0,-97.0,0.0 (cmd 0.0),0.0 (cmd 0.0)
0.8456,-97.0,0.0,0.0,-97.0,0.0,0.0,-97.0,-97.0,0.0 (cmd 0.0),0.0 (cmd 0.0)
0.8461000000000001,-97.0,0.0,0.0,-97.0,0.0,0.0,-97.0,-97.0,0.0 (cmd 0.0),0.0 (cmd 0.0)
0.8465999999999999,-97.0,0.0,0.0,-97.0,0.0,0.0,-97.0,-97.0,0.0 (cmd 0.0),0.0 (cmd 0.0)
0.8471,-97.0,0.0,0.0,-97.0,0.0,0.0,-97.0,-97.0,0.0 (cmd 0.0),0.0 (cmd 0.0)
0.8476,-97.0,0.0,0.0,-97.0,0.0,0.0,-97.0,-97.0,0.0 (cmd 0.0),0.0 (cmd 0.0)
0.8481000000000001,-97.0,0.0,0.0,-97.0,0.0,0.0,-97.0,-97.0,0.0 (cmd 0.0),0.0 (cmd 0.0)
0.8486,-97.0,0.0,0.0,-97.0,0.0,0.0,-97.0,-97.0,0.0 (cmd 0.0),0.0 (cmd 0.0)
0.8490999999999999,-97.0,0.0,0.0,-97.0,0.0,0.0,-97.0,-97.0,0.0 (cmd 0.0),0.0 (cmd 0.0)
0.8495999999999999,-97.0,0.0,0.0,-97.0,0.0,0.0,-97.0,-97.0,0.0 (cmd 0.0),0.0 (cmd 0.0)
0.8501000000000001,-97.0,0.0,0.0,-97.0,0.0,0.0,-97.0,-97.0,0.0 (cmd 0.0),0.0 (cmd 0.0)
0.8506,-97.0,0.0,0.0,-97.0,0.0,0.0,-97.0,-97.0,0.0 (cmd 0.0),0.0 (cmd 0.0)
0.8511,-97.0,0.0,0.0,-97.0,0.0,0.0,-97.0,-97.0,0.0 (cmd 0.0),0.0 (cmd 0.0)
0.8515999999999999,-97.0,0.0,0.0,-97.0,0.0,0.0,-97.0,-97.0,0.0 (cmd 0.0),0.0 (cmd 0.0)
0.8520999999999999,-97.0,0.0,0.0,-97.0,0.0,0.0,-97.0,-97.0,0.0 (cmd 0.0),0.0 (cmd 0.0)
0.8526,-97.0,0.0,0.0,-97.0,0.0,0.0,-97.0,-97.0,0.0 (cmd 0.0),0.0 (cmd 0.0)
0.8531,-97.0,0.0,0.0,-97.0,0.0,0.0,-97.0,-97.0,0.0 (cmd 0.0),0.0 (cmd 0.0)
0.8536,-97.0,0.0,0.0,-97.0,0.0,0.0,-97.0,-97.0,0.0 (cmd 0.0),0.0 (cmd 0.0)
0.8540999999999999,-97.0,0.0,0.0,-97.0,0.0,0.0,-97.0,-97.0,0.0 (cmd 0.0),0.0 (cmd 0.0)
0.8545999999999999,-97.0,0.0,0.0,-97.0,0.0,0.0,-97.0,-97.0,0.0 (cmd 0.0),0.0 (cmd 0.0)
0.8551,-97.0,0.0,0.0,-97.0,0.0,0.0,-97.0,-97.0,0.0 (cmd 0.0),0.0 (cmd 0.0)
0.8556,-97.0,0.0,0.0,-97.0,0.0,0.0,-97.0,-97.0,0.0 (cmd 0.0),0.0 (cmd 0.0)
0.8561,-97.0,0.0,0.0,-97.0,0.0,0.0,-97.0,-97.0,0.0 (cmd 0.0),0.0 (cmd 0.0)
0.8565999999999999,-97.0,0.0,0.0,-97.0,0.0,0.0,-97.0,-97.0,0.0 (cmd 0.0),0.0 (cmd 0.0)
0.8570999999999999,-97.0,0.0,0.0,-97.0,0.0,0.0,-97.0,-97.0,0.0 (cmd 0.0),0.0 (cmd 0.0)
0.8576,-97.0,0.0,0.0,-97.0,0.0,0.0,-97.0,-97.0,0.0 (cmd 0.0),0.0 (cmd 0.0)
0.8581,-97.0,0.0,0.0,-97.0,0.0,0.0,-97.0,-97.0,0.0 (cmd 0.0),0.0 (cmd 0.0)
0.8586,-97.0,0.0,0.0,-97.0,0.0,0.0,-97.0,-97.0,0.0 (cmd 0.0),0.0 (cmd 0.0)
0.8590999999999999,-97.0,0.0,0.0,-97.0,0.0,0.0,-97.0,-97.0,0.0 (cmd 0.0),0.0 (cmd 0.0)
0.8595999999999999,-97.0,0.0,0.0,-97.0,0.0,0.0,-97.0,-97.0,0.0 (cmd 0.0),0.0 (cmd 0.0)
0.8601,-97.0,0.0,0.0,-97.0,0.0,0.0,-97.0,-97.0,0.0 (cmd 0.0),0.0 (cmd 0.0)
0.8606,-97.0,0.0,0.0,-97.0,0.0,0.0,-97.0,-97.0,0.0 (cmd 0.0),0.0 (cmd 0.0)
0.8611,-97.0,0.0,0.0,-97.0,0.0,0.0,-97.0,-97.0,0.0 (cmd 0.0),0.0 (cmd 0.0)
0.8615999999999999,-97.0,0.0,0.0,-97.0,0.0,0.0,-97.0,-97.0,0.0 (cmd 0.0),0.0 (cmd 0.0)
0.8620999999999999,-97.0,0.0,0.0,-97.0,0.0,0.0,-97.0,-97.0,0.0 (cmd 0.0),0.0 (cmd 0.0)
0.8626,-97.0,0.0,0.0,-97.0,0.0,0.0,-97.0,-97.0,0.0 (cmd 0.0),0.0 (cmd 0.0)
0.8631,-97.0,0.0,0.0,-97.0,0.0,0.0,-97.0,-97.0,0.0 (cmd 0.0),0.0 (cmd 0.0)
0.8636,-97.0,0.0,0.0,-97.0,0.0,0.0,-97.0,-97.0,0.0 (cmd 0.0),0.0 (cmd 0.0)
0.8640999999999999,-97.0,0.0,0.0,-97.0,0.0,0.0,-97.0,-97.0,0.0 (cmd 0.0),0.0 (cmd 0.0)
0.8645999999999999,-97.0,0.0,0.0,-97.0,0.0,0.0,-97.0,-97.0,0.0 (cmd 0.0),0.0 (cmd 0.0)
0.8651,-97.0,0.0,0.0,-97.0,0.0,0.0,-97.0,-97.0,0.0 (cmd 0.0),0.0 (cmd 0.0)
0.8656,-97.0,0.0,0.0,-97.0,0.0,0.0,-97.0,-97.0,0.0 (cmd 0.0),0.0 (cmd 0.0)
0.8661,-97.0,0.0,0.0,-97.0,0.0,0.0,-97.0,-97.0,0.0 (cmd 0.0),0.0 (cmd 0.0)
0.8665999999999999,-97.0,0.0,0.0,-97.0,0.0,0.0,-97.0,-97.0,0.0 (cmd 0.0),0.0 (cmd 0.0)
0.8670999999999999,-97.0,0.0,0.0,-97.0,0.0,0.0,-97.0,-97.0,0.0 (cmd 0.0),0.0 (cmd 0.0)
0.8676,-97.0,0.0,0.0,-97.0,0.0,0.0,-97.0,-97.0,0.0 (cmd 0.0),0.0 (cmd 0.0)
0.8681,-97.0,0.0,0.0,-97.0,0.0,0.0,-97.0,-97.0,0.0 (cmd 0.0),0.0 (cmd 0.0)
0.8686,-97.0,0.0,0.0,-97.0,0.0,0.0,-97.0,-97.0,0.0 (cmd 0.0),0.0 (cmd 0.0)
0.8690999999999999,-97.0,0.0,0.0,-97.0,0.0,0.0,-97.0,-97.0,0.0 (cmd 0.0),0.0 (cmd 0.0)
0.8695999999999999,-97.0,0.0,0.0,-97.0,0.0,0.0,-97.0,-97.0,0.0 (cmd 0.0),0.0 (cmd 0.0)
0.8701,-97.0,0.0,0.0,-97.0,0.0,0.0,-97.0,-97.0,0.0 (cmd 0.0),0.0 (cmd 0.0)
0.8706,-97.0,0.0,0.0,-97.0,0.0,0.0,-97.0,-97.0,0.0 (cmd 0.0),0.0 (cmd 0.0)
0.8711,-97.0,0.0,0.0,-97.0,0.0,0.0,-97.0,-97.0,0.0 (cmd 0.0),0.0 (cmd 0.0)
0.8715999999999999,-97.0,0.0,0.0,-97.0,0.0,0.0,-97.0,-97.0,0.0 (cmd 0.0),0.0 (cmd 0.0)
0.8720999999999999,-97.0,0.0,0.0,-97.0,0.0,0.0,-97.0,-97.0,0.0 (cmd 0.0),0.0 (cmd 0.0)
0.8726,-97.0,0.0,0.0,-97.0,0.0,0.0,-97.0,-97.0,0.0 (cmd 0.0),0.0 (cmd 0.0)
0.8731,-97.0,0.0,0.0,-97.0,0.0,0.0,-97.0,-97.0,0.0 (cmd 0.0),0.0 (cmd 0.0)
0.8736,-97.0,0.0,0.0,-97.0,0.0,0.0,-97.0,-97.0,0.0 (cmd 0.0),0.0 (cmd 0.0)
0.8740999999999999,-97.0,0.0,0.0,-97.0,0.0,0.0,-97.0,-97.0,0.0 (cmd 0.0),0.0 (cmd 0.0)
0.8745999999999999,-97.0,0.0,0.0,-97.0,0.0,0.0,-97.0,-97.0,0.0 (cmd 0.0),0.0 (cmd 0.0)
0.8751,-97.0,0.0,0.0,-97.0,0.0,0.0,-97.0,-97.0,0.0 (cmd 0.0),0.0 (cmd 0.0)
0.8756,-97.0,0.0,0.0,-97.0,0.0,0.0,-97.0,-97.0,0.0 (cmd 0.0),0.0 (cmd 0.0)
0.8761,-97.0,0.0,0.0,-97.0,0.0,0.0,-97.0,-97.0,0.0 (cmd 0.0),0.0 (cmd 0.0)
0.8765999999999999,-97.0,0.0,0.0,-97.0,0.0,0.0,-97.0,-97.0,0.0 (cmd 0.0),0.0 (cmd 0.0)
0.8770999999999999,-97.0,0.0,0.0,-97.0,0.0,0.0,-97.0,-97.0,0.0 (cmd 0.0),0.0 (cmd 0.0)
0.8776,-97.0,0.0,0.0,-97.0,0.0,0.0,-97.0,-97.0,0.0 (cmd 0.0),0.0 (cmd 0.0)
0.8781,-97.0,0.0,0.0,-97.0,0.0,0.0,-97.0,-97.0,0.0 (cmd 0.0),0.0 (cmd 0.0)
0.8786,-97.0,0.0,0.0,-97.0,0.0,0.0,-97.0,-97.0,0.0 (cmd 0.0),0.0 (cmd 0.0)
0.8790999999999999,-97.0,0.0,0.0,-97.0,0.0,0.0,-97.0,-97.0,0.0 (cmd 0.0),0.0 (cmd 0.0)
0.8795999999999999,-97.0,0.0,0.0,-97.0,0.0,0.0,-97.0,-97.0,0.0 (cmd 0.0),0.0 (cmd 0.0)
0.8801,-97.0,0.0,0.0,-97.0,0.0,0.0,-97.0,-97.0,0.0 (cmd 0.0),0.0 (cmd 0.0)
0.8806,-97.0,0.0,0.0,-97.0,0.0,0.0,-97.0,-97.0,0.0 (cmd 0.0),0.0 (cmd 0.0)
0.8811,-97.0,0.0,0.0,-97.0,0.0,0.0,-97.0,-97.0,0.0 (cmd 0.0),0.0 (cmd 0.0)
0.8815999999999999,-97.0,0.0,0.0,-97.0,0.0,0.0,-97.0,-97.0,0.0 (cmd 0.0),0.0 (cmd 0.0)
0.8820999999999999,-97.0,0.0,0.0,-97.0,0.0,0.0,-97.0,-97.0,0.0 (cmd 0.0),0.0 (cmd 0.0)
0.8826,-97.0,0.0,0.0,-97.0,0.0,0.0,-97.0,-97.0,0.0 (cmd 0.0),0.0 (cmd 0.0)
0.8831,-97.0,0.0,0.0,-97.0,0.0,0.0,-97.0,-97.0,0.0 (cmd 0.0),0.0 (cmd 0.0)
0.8836,-97.0,0.0,0.0,-97.0,0.0,0.0,-97.0,-97.0,0.0 (cmd 0.0),0.0 (cmd 0.0)
0.8840999999999999,-97.0,0.0,0.0,-97.0,0.0,0.0,-97.0,-97.0,0.0 (cmd 0.0),0.0 (cmd 0.0)
0.8845999999999999,-97.0,0.0,0.0,-97.0,0.0,0.0,-97.0,-97.0,0.0 (cmd 0.0),0.0 (cmd 0.0)
0.8851,-97.0,0.0,0.0,-97.0,0.0,0.0,-97.0,-97.0,0.0 (cmd 0.0),0.0 (cmd 0.0)
0.8856,-97.0,0.0,0.0,-97.0,0.0,0.0,-97.0,-97.0,0.0 (cmd 0.0),0.0 (cmd 0.0)
0.8861,-97.0,0.0,0.0,-97.0,0.0,0.0,-97.0,-97.0,0.0 (cmd 0.0),0.0 (cmd 0.0)
0.8865999999999999,-97.0,0.0,0.0,-97.0,0.0,0.0,-97.0,-97.0,0.0 (cmd 0.0),0.0 (cmd 0.0)
0.8870999999999999,-97.0,0.0,0.0,-97.0,0.0,0.0,-97.0,-97.0,0.0 (cmd 0.0),0.0 (cmd 0.0)
0.8876000000000001,-97.0,0.0,0.0,-97.0,0.0,0.0,-97.0,-97.0,0.0 (cmd 0.0),0.0 (cmd 0.0)
0.8881,-97.0,0.0,0.0,-97.0,0.0,0.0,-97.0,-97.0,0.0 (cmd 0.0),0.0 (cmd 0.0)
0.8886000000000001,-97.0,0.0,0.0,-97.0,0.0,0.0,-97.0,-97.0,0.0 (cmd 0.0),0.0 (cmd 0.0)
0.8890999999999999,-97.0,0.0,0.0,-97.0,0.0,0.0,-97.0,-97.0,0.0 (cmd 0.0),0.0 (cmd 0.0)
0.8896,-97.0,0.0,0.0,-97.0,0.0,0.0,-97.0,-97.0,0.0 (cmd 0.0),0.0 (cmd 0.0)
0.8901,-97.0,0.0,0.0,-97.0,0.0,0.0,-97.0,-97.0,0.0 (cmd 0.0),0.0 (cmd 0.0)
0.8906000000000001,-97.0,0.0,0.0,-97.0,0.0,0.0,-97.0,-97.0,0.0 (cmd 0.0),0.0 (cmd 0.0)
0.8911,-97.0,0.0,0.0,-97.0,0.0,0.0,-97.0,-97.0,0.0 (cmd 0.0),0.0 (cmd 0.0)
0.8916,-97.0,0.0,0.0,-97.0,0.0,0.0,-97.0,-97.0,0.0 (cmd 0.0),0.0 (cmd 0.0)
0.8920999999999999,-97.0,0.0,0.0,-97.0,0.0,0.0,-97.0,-97.0,0.0 (cmd 0.0),0.0 (cmd 0.0)
0.8926000000000001,-97.0,0.0,0.0,-97.0,0.0,0.0,-97.0,-97.0,0.0 (cmd 0.0),0.0 (cmd 0.0)
0.8931,-97.0,0.0,0.0,-97.0,0.0,0.0,-97.0,-97.0,0.0 (cmd 0.0),0.0 (cmd 0.0)
0.8936000000000001,-97.0,0.0,0.0,-97.0,0.0,0.0,-97.0,-97.0,0.0 (cmd 0.0),0.0 (cmd 0.0)
0.8940999999999999,-97.0,0.0,0.0,-97.0,0.0,0.0,-97.0,-97.0,0.0 (cmd 0.0),0.0 (cmd 0.0)
0.8946,-97.0,0.0,0.0,-97.0,0.0,0.0,-97.0,-97.0,0.0 (cmd 0.0),0.0 (cmd 0.0)
0.8951,-97.0,0.0,0.0,-97.0,0.0,0.0,-97.0,-97.0,0.0 (cmd 0.0),0.0 (cmd 0.0)
0.8956000000000001,-97.0,0.0,0.0,-97.0,0.0,0.0,-97.0,-97.0,0.0 (cmd 0.0),0.0 (cmd 0.0)
0.8961,-97.0,0.0,0.0,-97.0,0.0,0.0,-97.0,-97.0,0.0 (cmd 0.0),0.0 (cmd 0.0)
0.8966,-97.0,0.0,0.0,-97.0,0.0,0.0,-97.0,-97.0,0.0 (cmd 0.0),0.0 (cmd 0.0)
0.8970999999999999,-97.0,0.0,0.0,-97.0,0.0,0.0,-97.0,-97.0,0.0 (cmd 0.0),0.0 (cmd 0.0)
0.8976000000000001,-97.0,0.0,0.0,-97.0,0.0,0.0,-97.0,-97.0,0.0 (cmd 0.0),0.0 (cmd 0.0)
0.8981,-97.0,0.0,0.0,-97.0,0.0,0.0,-97.0,-97.0,0.0 (cmd 0.0),0.0 (cmd 0.0)
0.8986000000000001,-97.0,0.0,0.0,-97.0,0.0,0.0,-97.0,-97.0,0.0 (cmd 0.0),0.0 (cmd 0.0)
0.8990999999999999,-97.0,0.0,0.0,-97.0,0.0,0.0,-97.0,-97.0,0.0 (cmd 0.0),0.0 (cmd 0.0)
0.8996,-97.0,0.0,0.0,-97.0,0.0,0.0,-97.0,-97.0,0.0 (cmd 0.0),0.0 (cmd 0.0)
0.9001,-97.0,0.0,0.0,-97.0,0.0,0.0,-97.0,-97.0,0.0 (cmd 0.0),0.0 (cmd 0.0)
0.9006000000000001,-97.0,0.0,0.0,-97.0,0.0,0.0,-97.0,-97.0,0.0 (cmd 0.0),0.0 (cmd 0.0)
0.9011,-97.0,0.0,0.0,-97.0,0.0,0.0,-97.0,-97.0,0.0 (cmd 0.0),0.0 (cmd 0.0)
0.9016,-97.0,0.0,0.0,-97.0,0.0,0.0,-97.0,-97.0,0.0 (cmd 0.0),0.0 (cmd 0.0)
0.9020999999999999,-97.0,0.0,0.0,-97.0,0.0,0.0,-97.0,-97.0,0.0 (cmd 0.0),0.0 (cmd 0.0)
0.9026000000000001,-97.0,0.0,0.0,-97.0,0.0,0.0,-97.0,-97.0,0.0 (cmd 0.0),0.0 (cmd 0.0)
0.9031,-97.0,0.0,0.0,-97.0,0.0,0.0,-97.0,-97.0,0.0 (cmd 0.0),0.0 (cmd 0.0)
0.9036000000000001,-97.0,0.0,0.0,-97.0,0.0,0.0,-97.0,-97.0,0.0 (cmd 0.0),0.0 (cmd 0.0)
0.9040999999999999,-97.0,0.0,0.0,-97.0,0.0,0.0,-97.0,-97.0,0.0 (cmd 0.0),0.0 (cmd 0.0)
0.9046,-97.0,0.0,0.0,-97.0,0.0,0.0,-97.0,-97.0,0.0 (cmd 0.0),0.0 (cmd 0.0)
0.9051,-97.0,0.0,0.0,-97.0,0.0,0.0,-97.0,-97.0,0.0 (cmd 0.0),0.0 (cmd 0.0)
0.9056000000000001,-97.0,0.0,0.0,-97.0,0.0,0.0,-97.0,-97.0,0.0 (cmd 0.0),0.0 (cmd 0.0)
0.9061,-97.0,0.0,0.0,-97.0,0.0,0.0,-97.0,-97.0,0.0 (cmd 0.0),0.0 (cmd 0.0)
0.9066,-97.0,0.0,0.0,-97.0,0.0,0.0,-97.0,-97.0,0.0 (cmd 0.0),0.0 (cmd 0.0)
0.9070999999999999,-97.0,0.0,0.0,-97.0,0.0,0.0,-97.0,-97.0,0.0 (cmd 0.0),0.0 (cmd 0.0)
0.9076000000000001,-97.0,0.0,0.0,-97.0,0.0,0.0,-97.0,-97.0,0.0 (cmd 0.0),0.0 (cmd 0.0)
0.9081,-97.0,0.0,0.0,-97.0,0.0,0.0,-97.0,-97.0,0.0 (cmd 0.0),0.0 (cmd 0.0)
0.9086000000000001,-97.0,0.0,0.0,-97.0,0.0,0.0,-97.0,-97.0,0.0 (cmd 0.0),0.0 (cmd 0.0)
0.9090999999999999,-97.0,0.0,0.0,-97.0,0.0,0.0,-97.0,-97.0,0.0 (cmd 0.0),0.0 (cmd 0.0)
0.9096,-97.0,0.0,0.0,-97.0,0.0,0.0,-97.0,-97.0,0.0 (cmd 0.0),0.0 (cmd 0.0)
0.9101,-97.0,0.0,0.0,-97.0,0.0,0.0,-97.0,-97.0,0.0 (cmd 0.0),0.0 (cmd 0.0)
0.9106000000000001,-97.0,0.0,0.0,-97.0,0.0,0.0,-97.0,-97.0,0.0 (cmd 0.0),0.0 (cmd 0.0)
0.9111,-97.0,0.0,0.0,-97.0,0.0,0.0,-97.0,-97.0,0.0 (cmd 0.0),0.0 (cmd 0.0)
0.9115999999999999,-97.0,0.0,0.0,-97.0,0.0,0.0,-97.0,-97.0,0.0 (cmd 0.0),0.0 (cmd 0.0)
0.9120999999999999,-97.0,0.0,0.0,-97.0,0.0,0.0,-97.0,-97.0,0.0 (cmd 0.0),0.0 (cmd 0.0)
0.9126000000000001,-97.0,0.0,0.0,-97.0,0.0,0.0,-97.0,-97.0,0.0 (cmd 0.0),0.0 (cmd 0.0)
0.9131,-97.0,0.0,0.0,-97.0,0.0,0.0,-97.0,-97.0,0.0 (cmd 0.0),0.0 (cmd 0.0)
0.9136,-97.0,0.0,0.0,-97.0,0.0,0.0,-97.0,-97.0,0.0 (cmd 0.0),0.0 (cmd 0.0)
0.9140999999999999,-97.0,0.0,0.0,-97.0,0.0,0.0,-97.0,-97.0,0.0 (cmd 0.0),0.0 (cmd 0.0)
0.9145999999999999,-97.0,0.0,0.0,-97.0,0.0,0.0,-97.0,-97.0,0.0 (cmd 0.0),0.0 (cmd 0.0)
0.9151,-97.0,0.0,0.0,-97.0,0.0,0.0,-97.0,-97.0,0.0 (cmd 0.0),0.0 (cmd 0.0)
0.9156,-97.0,0.0,0.0,-97.0,0.0,0.0,-97.0,-97.0,0.0 (cmd 0.0),0.0 (cmd 0.0)
0.9161,-97.0,0.0,0.0,-97.0,0.0,0.0,-97.0,-97.0,0.0 (cmd 0.0),0.0 (cmd 0.0)
0.9165999999999999,-97.0,0.0,0.0,-97.0,0.0,0.0,-97.0,-97.0,0.0 (cmd 0.0),0.0 (cmd 0.0)
0.9170999999999999,-97.0,0.0,0.0,-97.0,0.0,0.0,-97.0,-97.0,0.0 (cmd 0.0),0.0 (cmd 0.0)
0.9176,-97.0,0.0,0.0,-97.0,0.0,0.0,-97.0,-97.0,0.0 (cmd 0.0),0.0 (cmd 0.0)
0.9181,-97.0,0.0,0.0,-97.0,0.0,0.0,-97.0,-97.0,0.0 (cmd 0.0),0.0 (cmd 0.0)
0.9186,-97.0,0.0,0.0,-97.0,0.0,0.0,-97.0,-97.0,0.0 (cmd 0.0),0.0 (cmd 0.0)
0.9190999999999999,-97.0,0.0,0.0,-97.0,0.0,0.0,-97.0,-97.0,0.0 (cmd 0.0),0.0 (cmd 0.0)
0.9195999999999999,-97.0,0.0,0.0,-97.0,0.0,0.0,-97.0,-97.0,0.0 (cmd 0.0),0.0 (cmd 0.0)
0.9201,-97.0,0.0,0.0,-97.0,0.0,0.0,-97.0,-97.0,0.0 (cmd 0.0),0.0 (cmd 0.0)
0.9206,-97.0,0.0,0.0,-97.0,0.0,0.0,-97.0,-97.0,0.0 (cmd 0.0),0.0 (cmd 0.0)
0.9211,-97.0,0.0,0.0,-97.0,0.0,0.0,-97.0,-97.0,0.0 (cmd 0.0),0.0 (cmd 0.0)
0.9215999999999999,-97.0,0.0,0.0,-97.0,0.0,0.0,-97.0,-97.0,0.0 (cmd 0.0),0.0 (cmd 0.0)
0.9220999999999999,-97.0,0.0,0.0,-97.0,0.0,0.0,-97.0,-97.0,0.0 (cmd 0.0),0.0 (cmd 0.0)
0.9226,-97.0,0.0,0.0,-97.0,0.0,0.0,-97.0,-97.0,0.0 (cmd 0.0),0.0 (cmd 0.0)
0.9231,-97.0,0.0,0.0,-97.0,0.0,0.0,-97.0,-97.0,0.0 (cmd 0.0),0.0 (cmd 0.0)
0.9236,-97.0,0.0,0.0,-97.0,0.0,0.0,-97.0,-97.0,0.0 (cmd 0.0),0.0 (cmd 0.0)
0.9240999999999999,-97.0,0.0,0.0,-97.0,0.0,0.0,-97.0,-97.0,0.0 (cmd 0.0),0.0 (cmd 0.0)
0.9245999999999999,-97.0,0.0,0.0,-97.0,0.0,0.0,-97.0,-97.0,0.0 (cmd 0.0),0.0 (cmd 0.0)
0.9251,-97.0,0.0,0.0,-97.0,0.0,0.0,-97.0,-97.0,0.0 (cmd 0.0),0.0 (cmd 0.0)
0.9256,-97.0,0.0,0.0,-97.0,0.0,0.0,-97.0,-97.0,0.0 (cmd 0.0),0.0 (cmd 0.0)
0.9261,-97.0,0.0,0.0,-97.0,0.0,0.0,-97.0,-97.0,0.0 (cmd 0.0),0.0 (cmd 0.0)
0.9265999999999999,-97.0,0.0,0.0,-97.0,0.0,0.0,-97.0,-97.0,0.0 (cmd 0.0),0.0 (cmd 0.0)
0.9270999999999999,-97.0,0.0,0.0,-97.0,0.0,0.0,-97.0,-97.0,0.0 (cmd 0.0),0.0 (cmd 0.0)
0.9276,-97.0,0.0,0.0,-97.0,0.0,0.0,-97.0,-97.0,0.0 (cmd 0.0),0.0 (cmd 0.0)
0.9281,-97.0,0.0,0.0,-97.0,0.0,0.0,-97.0,-97.0,0.0 (cmd 0.0),0.0 (cmd 0.0)
0.9286,-97.0,0.0,0.0,-97.0,0.0,0.0,-97.0,-97.0,0.0 (cmd 0.0),0.0 (cmd 0.0)
0.9290999999999999,-97.0,0.0,0.0,-97.0,0.0,0.0,-97.0,-97.0,0.0 (cmd 0.0),0.0 (cmd 0.0)
0.9295999999999999,-97.0,0.0,0.0,-97.0,0.0,0.0,-97.0,-97.0,0.0 (cmd 0.0),0.0 (cmd 0.0)
0.9301,-97.0,0.0,0.0,-97.0,0.0,0.0,-97.0,-97.0,0.0 (cmd 0.0),0.0 (cmd 0.0)
0.9306,-97.0,0.0,0.0,-97.0,0.0,0.0,-97.0,-97.0,0.0 (cmd 0.0),0.0 (cmd 0.0)
0.9311,-97.0,0.0,0.0,-97.0,0.0,0.0,-97.0,-97.0,0.0 (cmd 0.0),0.0 (cmd 0.0)
0.9315999999999999,-97.0,0.0,0.0,-97.0,0.0,0.0,-97.0,-97.0,0.0 (cmd 0.0),0.0 (cmd 0.0)
0.9320999999999999,-97.0,0.0,0.0,-97.0,0.0,0.0,-97.0,-97.0,0.0 (cmd 0.0),0.0 (cmd 0.0)
0.9326,-97.0,0.0,0.0,-97.0,0.0,0.0,-97.0,-97.0,0.0 (cmd 0.0),0.0 (cmd 0.0)
0.9331,-97.0,0.0,0.0,-97.0,0.0,0.0,-97.0,-97.0,0.0 (cmd 0.0),0.0 (cmd 0.0)
0.9336,-97.0,0.0,0.0,-97.0,0.0,0.0,-97.0,-97.0,0.0 (cmd 0.0),0.0 (cmd 0.0)
0.9340999999999999,-97.0,0.0,0.0,-97.0,0.0,0.0,-97.0,-97.0,0.0 (cmd 0.0),0.0 (cmd 0.0)
0.9345999999999999,-97.0,0.0,0.0,-97.0,0.0,0.0,-97.0,-97.0,0.0 (cmd 0.0),0.0 (cmd 0.0)
0.9351,-97.0,0.0,0.0,-97.0,0.0,0.0,-97.0,-97.0,0.0 (cmd 0.0),0.0 (cmd 0.0)
0.9356,-97.0,0.0,0.0,-97.0,0.0,0.0,-97.0,-97.0,0.0 (cmd 0.0),0.0 (cmd 0.0)
0.9361,-97.0,0.0,0.0,-97.0,0.0,0.0,-97.0,-97.0,0.0 (cmd 0.0),0.0 (cmd 0.0)
0.9365999999999999,-97.0,0.0,0.0,-97.0,0.0,0.0,-97.0,-97.0,0.0 (cmd 0.0),0.0 (cmd 0.0)
0.9370999999999999,-97.0,0.0,0.0,-97.0,0.0,0.0,-97.0,-97.0,0.0 (cmd 0.0),0.0 (cmd 0.0)
0.9376,-97.0,0.0,0.0,-97.0,0.0,0.0,-97.0,-97.0,0.0 (cmd 0.0),0.0 (cmd 0.0)
0.9381,-97.0,0.0,0.0,-97.0,0.0,0.0,-97.0,-97.0,0.0 (cmd 0.0),0.0 (cmd 0.0)
0.9386,-97.0,0.0,0.0,-97.0,0.0,0.0,-97.0,-97.0,0.0 (cmd 0.0),0.0 (cmd 0.0)
0.9390999999999999,-97.0,0.0,0.0,-97.0,0.0,0.0,-97.0,-97.0,0.0 (cmd 0.0),0.0 (cmd 0.0)
0.9395999999999999,-97.0,0.0,0.0,-97.0,0.0,0.0,-97.0,-97.0,0.0 (cmd 0.0),0.0 (cmd 0.0)
0.9401,-97.0,0.0,0.0,-97.0,0.0,0.0,-97.0,-97.0,0.0 (cmd 0.0),0.0 (cmd 0.0)
0.9406,-97.0,0.0,0.0,-97.0,0.0,0.0,-97.0,-97.0,0.0 (cmd 0.0),0.0 (cmd 0.0)
0.9411,-97.0,0.0,0.0,-97.0,0.0,0.0,-97.0,-97.0,0.0 (cmd 0.0),0.0 (cmd 0.0)
0.9415999999999999,-97.0,0.0,0.0,-97.0,0.0,0.0,-97.0,-97.0,0.0 (cmd 0.0),0.0 (cmd 0.0)
0.9420999999999999,-97.0,0.0,0.0,-97.0,0.0,0.0,-97.0,-97.0,0.0 (cmd 0.0),0.0 (cmd 0.0)
0.9426,-97.0,0.0,0.0,-97.0,0.0,0.0,-97.0,-97.0,0.0 (cmd 0.0),0.0 (cmd 0.0)
0.9431,-97.0,0.0,0.0,-97.0,0.0,0.0,-97.0,-97.0,0.0 (cmd 0.0),0.0 (cmd 0.0)
0.9436,-97.0,0.0,0.0,-97.0,0.0,0.0,-97.0,-97.0,0.0 (cmd 0.0),0.0 (cmd 0.0)
0.9440999999999999,-97.0,0.0,0.0,-97.0,0.0,0.0,-97.0,-97.0,0.0 (cmd 0.0),0.0 (cmd 0.0)
0.9445999999999999,-97.0,0.0,0.0,-97.0,0.0,0.0,-97.0,-97.0,0.0 (cmd 0.0),0.0 (cmd 0.0)
0.9451,-97.0,0.0,0.0,-97.0,0.0,0.0,-97.0,-97.0,0.0 (cmd 0.0),0.0 (cmd 0.0)
0.9456,-97.0,0.0,0.0,-97.0,0.0,0.0,-97.0,-97.0,0.0 (cmd 0.0),0.0 (cmd 0.0)
0.9461,-97.0,0.0,0.0,-97.0,0.0,0.0,-97.0,-97.0,0.0 (cmd 0.0),0.0 (cmd 0.0)
0.9465999999999999,-97.0,0.0,0.0,-97.0,0.0,0.0,-97.0,-97.0,0.0 (cmd 0.0),0.0 (cmd 0.0)
0.9470999999999999,-97.0,0.0,0.0,-97.0,0.0,0.0,-97.0,-97.0,0.0 (cmd 0.0),0.0 (cmd 0.0)
0.9476,-97.0,0.0,0.0,-97.0,0.0,0.0,-97.0,-97.0,0.0 (cmd 0.0),0.0 (cmd 0.0)
0.9481,-97.0,0.0,0.0,-97.0,0.0,0.0,-97.0,-97.0,0.0 (cmd 0.0),0.0 (cmd 0.0)
0.9486,-97.0,0.0,0.0,-97.0,0.0,0.0,-97.0,-97.0,0.0 (cmd 0.0),0.0 (cmd 0.0)
0.9490999999999999,-97.0,0.0,0.0,-97.0,0.0,0.0,-97.0,-97.0,0.0 (cmd 0.0),0.0 (cmd 0.0)
0.9495999999999999,-97.0,0.0,0.0,-97.0,0.0,0.0,-97.0,-97.0,0.0 (cmd 0.0),0.0 (cmd 0.0)
0.9501000000000001,-97.0,0.0,0.0,-97.0,0.0,0.0,-97.0,-97.0,0.0 (cmd 0.0),0.0 (cmd 0.0)
0.9506,-97.0,0.0,0.0,-97.0,0.0,0.0,-97.0,-97.0,0.0 (cmd 0.0),0.0 (cmd 0.0)
0.9511000000000001,-97.0,0.0,0.0,-97.0,0.0,0.0,-97.0,-97.0,0.0 (cmd 0.0),0.0 (cmd 0.0)
0.9515999999999999,-97.0,0.0,0.0,-97.0,0.0,0.0,-97.0,-97.0,0.0 (cmd 0.0),0.0 (cmd 0.0)
0.9521,-97.0,0.0,0.0,-97.0,0.0,0.0,-97.0,-97.0,0.0 (cmd 0.0),0.0 (cmd 0.0)
0.9526,-97.0,0.0,0.0,-97.0,0.0,0.0,-97.0,-97.0,0.0 (cmd 0.0),0.0 (cmd 0.0)
0.9531000000000001,-97.0,0.0,0.0,-97.0,0.0,0.0,-97.0,-97.0,0.0 (cmd 0.0),0.0 (cmd 0.0)
0.9536,-97.0,0.0,0.0,-97.0,0.0,0.0,-97.0,-97.0,0.0 (cmd 0.0),0.0 (cmd 0.0)
0.9541,-97.0,0.0,0.0,-97.0,0.0,0.0,-97.0,-97.0,0.0 (cmd 0.0),0.0 (cmd 0.0)
0.9545999999999999,-97.0,0.0,0.0,-97.0,0.0,0.0,-97.0,-97.0,0.0 (cmd 0.0),0.0 (cmd 0.0)
0.9551000000000001,-97.0,0.0,0.0,-97.0,0.0,0.0,-97.0,-97.0,0.0 (cmd 0.0),0.0 (cmd 0.0)
0.9556,-97.0,0.0,0.0,-97.0,0.0,0.0,-97.0,-97.0,0.0 (cmd 0.0),0.0 (cmd 0.0)
0.9561000000000001,-97.0,0.0,0.0,-97.0,0.0,0.0,-97.0,-97.0,0.0 (cmd 0.0),0.0 (cmd 0.0)
0.9565999999999999,-97.0,0.0,0.0,-97.0,0.0,0.0,-97.0,-97.0,0.0 (cmd 0.0),0.0 (cmd 0.0)
0.9571,-97.0,0.0,0.0,-97.0,0.0,0.0,-97.0,-97.0,0.0 (cmd 0.0),0.0 (cmd 0.0)
0.9576,-97.0,0.0,0.0,-97.0,0.0,0.0,-97.0,-97.0,0.0 (cmd 0.0),0.0 (cmd 0.0)
0.9581000000000001,-97.0,0.0,0.0,-97.0,0.0,0.0,-97.0,-97.0,0.0 (cmd 0.0),0.0 (cmd 0.0)
0.9586,-97.0,0.0,0.0,-97.0,0.0,0.0,-97.0,-97.0,0.0 (cmd 0.0),0.0 (cmd 0.0)
0.9591,-97.0,0.0,0.0,-97.0,0.0,0.0,-97.0,-97.0,0.0 (cmd 0.0),0.0 (cmd 0.0)
0.9595999999999999,-97.0,0.0,0.0,-97.0,0.0,0.0,-97.0,-97.0,0.0 (cmd 0.0),0.0 (cmd 0.0)
0.9601000000000001,-97.0,0.0,0.0,-97.0,0.0,0.0,-97.0,-97.0,0.0 (cmd 0.0),0.0 (cmd 0.0)
0.9606,-97.0,0.0,0.0,-97.0,0.0,0.0,-97.0,-97.0,0.0 (cmd 0.0),0.0 (cmd 0.0)
0.9611000000000001,-97.0,0.0,0.0,-97.0,0.0,0.0,-97.0,-97.0,0.0 (cmd 0.0),0.0 (cmd 0.0)
0.9615999999999999,-97.0,0.0,0.0,-97.0,0.0,0.0,-97.0,-97.0,0.0 (cmd 0.0),0.0 (cmd 0.0)
0.9621,-97.0,0.0,0.0,-97.0,0.0,0.0,-97.0,-97.0,0.0 (cmd 0.0),0.0 (cmd 0.0)
0.9626,-97.0,0.0,0.0,-97.0,0.0,0.0,-97.0,-97.0,0.0 (cmd 0.0),0.0 (cmd 0.0)
0.9631000000000001,-97.0,0.0,0.0,-97.0,0.0,0.0,-97.0,-97.0,0.0 (cmd 0.0),0.0 (cmd 0.0)
0.9636,-97.0,0.0,0.0,-97.0,0.0,0.0,-97.0,-97.0,0.0 (cmd 0.0),0.0 (cmd 0.0)
0.9641,-97.0,0.0,0.0,-97.0,0.0,0.0,-97.0,-97.0,0.0 (cmd 0.0),0.0 (cmd 0.0)
0.9645999999999999,-97.0,0.0,0.0,-97.0,0.0,0.0,-97.0,-97.0,0.0 (cmd 0.0),0.0 (cmd 0.0)
0.9651000000000001,-97.0,0.0,0.0,-97.0,0.0,0.0,-97.0,-97.0,0.0 (cmd 0.0),0.0 (cmd 0.0)
0.9656,-97.0,0.0,0.0,-97.0,0.0,0.0,-97.0,-97.0,0.0 (cmd 0.0),0.0 (cmd 0.0)
0.9661000000000001,-97.0,0.0,0.0,-97.0,0.0,0.0,-97.0,-97.0,0.0 (cmd 0.0),0.0 (cmd 0.0)
0.9665999999999999,-97.0,0.0,0.0,-97.0,0.0,0.0,-97.0,-97.0,0.0 (cmd 0.0),0.0 (cmd 0.0)
0.9671,-97.0,0.0,0.0,-97.0,0.0,0.0,-97.0,-97.0,0.0 (cmd 0.0),0.0 (cmd 0.0)
0.9676,-97.0,0.0,0.0,-97.0,0.0,0.0,-97.0,-97.0,0.0 (cmd 0.0),0.0 (cmd 0.0)
0.9681000000000001,-97.0,0.0,0.0,-97.0,0.0,0.0,-97.0,-97.0,0.0 (cmd 0.0),0.0 (cmd 0.0)
0.9686,-97.0,0.0,0.0,-97.0,0.0,0.0,-97.0,-97.0,0.0 (cmd 0.0),0.0 (cmd 0.0)
0.9691,-97.0,0.0,0.0,-97.0,0.0,0.0,-97.0,-97.0,0.0 (cmd 0.0),0.0 (cmd 0.0)
0.9695999999999999,-97.0,0.0,0.0,-97.0,0.0,0.0,-97.0,-97.0,0.0 (cmd 0.0),0.0 (cmd 0.0)
0.9701000000000001,-97.0,0.0,0.0,-97.0,0.0,0.0,-97.0,-97.0,0.0 (cmd 0.0),0.0 (cmd 0.0)
0.9706,-97.0,0.0,0.0,-97.0,0.0,0.0,-97.0,-97.0,0.0 (cmd 0.0),0.0 (cmd 0.0)
0.9711000000000001,-97.0,0.0,0.0,-97.0,0.0,0.0,-97.0,-97.0,0.0 (cmd 0.0),0.0 (cmd 0.0)
0.9715999999999999,-97.0,0.0,0.0,-97.0,0.0,0.0,-97.0,-97.0,0.0 (cmd 0.0),0.0 (cmd 0.0)
0.9721,-97.0,0.0,0.0,-97.0,0.0,0.0,-97.0,-97.0,0.0 (cmd 0.0),0.0 (cmd 0.0)
0.9726,-97.0,0.0,0.0,-97.0,0.0,0.0,-97.0,-97.0,0.0 (cmd 0.0),0.0 (cmd 0.0)
0.9731000000000001,-97.0,0.0,0.0,-97.0,0.0,0.0,-97.0,-97.0,0.0 (cmd 0.0),0.0 (cmd 0.0)
0.9736,-97.0,0.0,0.0,-97.0,0.0,0.0,-97.0,-97.0,0.0 (cmd 0.0),0.0 (cmd 0.0)
0.9740999999999999,-97.0,0.0,0.0,-97.0,0.0,0.0,-97.0,-97.0,0.0 (cmd 0.0),0.0 (cmd 0.0)
0.9745999999999999,-97.0,0.0,0.0,-97.0,0.0,0.0,-97.0,-97.0,0.0 (cmd 0.0),0.0 (cmd 0.0)
0.9751000000000001,-97.0,0.0,0.0,-97.0,0.0,0.0,-97.0,-97.0,0.0 (cmd 0.0),0.0 (cmd 0.0)
0.9756,-97.0,0.0,0.0,-97.0,0.0,0.0,-97.0,-97.0,0.0 (cmd 0.0),0.0 (cmd 0.0)
0.9761,-97.0,0.0,0.0,-97.0,0.0,0.0,-97.0,-97.0,0.0 (cmd 0.0),0.0 (cmd 0.0)
0.9765999999999999,-97.0,0.0,0.0,-97.0,0.0,0.0,-97.0,-97.0,0.0 (cmd 0.0),0.0 (cmd 0.0)
0.9770999999999999,-97.0,0.0,0.0,-97.0,0.0,0.0,-97.0,-97.0,0.0 (cmd 0.0),0.0 (cmd 0.0)
0.9776,-97.0,0.0,0.0,-97.0,0.0,0.0,-97.0,-97.0,0.0 (cmd 0.0),0.0 (cmd 0.0)
0.9781,-97.0,0.0,0.0,-97.0,0.0,0.0,-97.0,-97.0,0.0 (cmd 0.0),0.0 (cmd 0.0)
0.9786,-97.0,0.0,0.0,-97.0,0.0,0.0,-97.0,-97.0,0.0 (cmd 0.0),0.0 (cmd 0.0)
0.9790999999999999,-97.0,0.0,0.0,-97.0,0.0,0.0,-97.0,-97.0,0.0 (cmd 0.0),0.0 (cmd 0.0)
0.9795999999999999,-97.0,0.0,0.0,-97.0,0.0,0.0,-97.0,-97.0,0.0 (cmd 0.0),0.0 (cmd 0.0)
0.9801,-97.0,0.0,0.0,-97.0,0.0,0.0,-97.0,-97.0,0.0 (cmd 0.0),0.0 (cmd 0.0)
0.9806,-97.0,0.0,0.0,-97.0,0.0,0.0,-97.0,-97.0,0.0 (cmd 0.0),0.0 (cmd 0.0)
0.9811,-97.0,0.0,0.0,-97.0,0.0,0.0,-97.0,-97.0,0.0 (cmd 0.0),0.0 (cmd 0.0)
0.9815999999999999,-97.0,0.0,0.0,-97.0,0.0,0.0,-97.0,-97.0,0.0 (cmd 0.0),0.0 (cmd 0.0)
0.9820999999999999,-97.0,0.0,0.0,-97.0,0.0,0.0,-97.0,-97.0,0.0 (cmd 0.0),0.0 (cmd 0.0)
0.9826,-97.0,0.0,0.0,-97.0,0.0,0.0,-97.0,-97.0,0.0 (cmd 0.0),0.0 (cmd 0.0)
0.9831,-97.0,0.0,0.0,-97.0,0.0,0.0,-97.0,-97.0,0.0 (cmd 0.0),0.0 (cmd 0.0)
0.9836,-97.0,0.0,0.0,-97.0,0.0,0.0,-97.0,-97.0,0.0 (cmd 0.0),0.0 (cmd 0.0)
0.9840999999999999,-97.0,0.0,0.0,-97.0,0.0,0.0,-97.0,-97.0,0.0 (cmd 0.0),0.0 (cmd 0.0)
0.9845999999999999,-97.0,0.0,0.0,-97.0,0.0,0.0,-97.0,-97.0,0.0 (cmd 0.0),0.0 (cmd 0.0)
0.9851,-97.0,0.0,0.0,-97.0,0.0,0.0,-97.0,-97.0,0.0 (cmd 0.0),0.0 (cmd 0.0)
0.9856,-97.0,0.0,0.0,-97.0,0.0,0.0,-97.0,-97.0,0.0 (cmd 0.0),0.0 (cmd 0.0)
0.9861,-97.0,0.0,0.0,-97.0,0.0,0.0,-97.0,-97.0,0.0 (cmd 0.0),0.0 (cmd 0.0)
0.9865999999999999,-97.0,0.0,0.0,-97.0,0.0,0.0,-97.0,-97.0,0.0 (cmd 0.0),0.0 (cmd 0.0)
0.9870999999999999,-97.0,0.0,0.0,-97.0,0.0,0.0,-97.0,-97.0,0.0 (cmd 0.0),0.0 (cmd 0.0)
0.9876,-97.0,0.0,0.0,-97.0,0.0,0.0,-97.0,-97.0,0.0 (cmd 0.0),0.0 (cmd 0.0)
0.9881,-97.0,0.0,0.0,-97.0,0.0,0.0,-97.0,-97.0,0.0 (cmd 0.0),0.0 (cmd 0.0)
0.9886,-97.0,0.0,0.0,-97.0,0.0,0.0,-97.0,-97.0,0.0 (cmd 0.0),0.0 (cmd 0.0)
0.9890999999999999,-97.0,0.0,0.0,-97.0,0.0,0.0,-97.0,-97.0,0.0 (cmd 0.0),0.0 (cmd 0.0)
0.9895999999999999,-97.0,0.0,0.0,-97.0,0.0,0.0,-97.0,-97.0,0.0 (cmd 0.0),0.0 (cmd 0.0)
0.9901,-97.0,0.0,0.0,-97.0,0.0,0.0,-97.0,-97.0,0.0 (cmd 0.0),0.0 (cmd 0.0)
0.9906,-97.0,0.0,0.0,-97.0,0.0,0.0,-97.0,-97.0,0.0 (cmd 0.0),0.0 (cmd 0.0)
0.9911,-97.0,0.0,0.0,-97.0,0.0,0.0,-97.0,-97.0,0.0 (cmd 0.0),0.0 (cmd 0.0)
0.9915999999999999,-97.0,0.0,0.0,-97.0,0.0,0.0,-97.0,-97.0,0.0 (cmd 0.0),0.0 (cmd 0.0)
0.9920999999999999,-97.0,0.0,0.0,-97.0,0.0,0.0,-97.0,-97.0,0.0 (cmd 0.0),0.0 (cmd 0.0)
0.9926,-97.0,0.0,0.0,-97.0,0.0,0.0,-97.0,-97.0,0.0 (cmd 0.0),0.0 (cmd 0.0)
0.9931,-97.0,0.0,0.0,-97.0,0.0,0.0,-97.0,-97.0,0.0 (cmd 0.0),0.0 (cmd 0.0)
0.9936,-97.0,0.0,0.0,-97.0,0.0,0.0,-97.0,-97.0,0.0 (cmd 0.0),0.0 (cmd 0.0)
0.9940999999999999,-97.0,0.0,0.0,-97.0,0.0,0.0,-97.0,-97.0,0.0 (cmd 0.0),0.0 (cmd 0.0)
0.9945999999999999,-97.0,0.0,0.0,-97.0,0.0,0.0,-97.0,-97.0,0.0 (cmd 0.0),0.0 (cmd 0.0)
0.9951,-97.0,0.0,0.0,-97.0,0.0,0.0,-97.0,-97.0,0.0 (cmd 0.0),0.0 (cmd 0.0)
0.9956,-97.0,0.0,0.0,-97.0,0.0,0.0,-97.0,-97.0,0.0 (cmd 0.0),0.0 (cmd 0.0)
0.9961,-97.0,0.0,0.0,-97.0,0.0,0.0,-97.0,-97.0,0.0 (cmd 0.0),0.0 (cmd 0.0)
0.9965999999999999,-97.0,0.0,0.0,-97.0,0.0,0.0,-97.0,-97.0,0.0 (cmd 0.0),0.0 (cmd 0.0)
0.9970999999999999,-97.0,0.0,0.0,-97.0,0.0,0.0,-97.0,-97.0,0.0 (cmd 0.0),0.0 (cmd 0.0)
0.9976,-97.0,0.0,0.0,-97.0,0.0,0.0,-97.0,-97.0,0.0 (cmd 0.0),0.0 (cmd 0.0)
0.9981,-97.0,0.0,0.0,-97.0,0.0,0.0,-97.0,-97.0,0.0 (cmd 0.0),0.0 (cmd 0.0)
0.9986,-97.0,0.0,0.0,-97.0,0.0,0.0,-97.0,-97.0,0.0 (cmd 0.0),0.0 (cmd 0.0)
0.9990999999999999,-97.0,0.0,0.0,-97.0,0.0,0.0,-97.0,-97.0,0.0 (cmd 0.0),0.0 (cmd 0.0)
0.9995999999999999,-97.0,0.0,0.0,-97.0,0.0,0.0,-97.0,-97.0,0.0 (cmd 0.0),0.0 (cmd 0.0)
1.0001,-97.0,0.0,0.0,-97.0,0.0,0.0,-97.0,-97.0,0.0 (cmd 0.0),0.0 (cmd 0.0)
1.0006,-97.0,0.0,0.0,-97.0,0.0,0.0,-97.0,-97.0,0.0 (cmd 0.0),0.0 (cmd 0.0)
1.0011,-97.0,0.0,0.0,-97.0,0.0,0.0,-97.0,-97.0,0.0 (cmd 0.0),0.0 (cmd 0.0)
1.0015999999999998,-97.0,0.0,0.0,-97.0,0.0,0.0,-97.0,-97.0,0.0 (cmd 0.0),0.0 (cmd 0.0)
1.0021,-97.0,0.0,0.0,-97.0,0.0,0.0,-97.0,-97.0,0.0 (cmd 0.0),0.0 (cmd 0.0)
1.0026,-97.0,0.0,0.0,-97.0,0.0,0.0,-97.0,-97.0,0.0 (cmd 0.0),0.0 (cmd 0.0)
1.0031,-97.0,0.0,0.0,-97.0,0.0,0.0,-97.0,-97.0,0.0 (cmd 0.0),0.0 (cmd 0.0)
1.0036,-97.0,0.0,0.0,-97.0,0.0,0.0,-97.0,-97.0,0.0 (cmd 0.0),0.0 (cmd 0.0)
1.0041,-97.0,0.0,0.0,-97.0,0.0,0.0,-97.0,-97.0,0.0 (cmd 0.0),0.0 (cmd 0.0)
1.0046,-97.0,0.0,0.0,-97.0,0.0,0.0,-97.0,-97.0,0.0 (cmd 0.0),0.0 (cmd 0.0)
1.0051,-97.0,0.0,0.0,-97.0,0.0,0.0,-97.0,-97.0,0.0 (cmd 0.0),0.0 (cmd 0.0)
1.0056,-97.0,0.0,0.0,-97.0,0.0,0.0,-97.0,-97.0,0.0 (cmd 0.0),0.0 (cmd 0.0)
1.0061,-97.0,0.0,0.0,-97.0,0.0,0.0,-97.0,-97.0,0.0 (cmd 0.0),0.0 (cmd 0.0)
1.0066,-97.0,0.0,0.0,-97.0,0.0,0.0,-97.0,-97.0,0.0 (cmd 0.0),0.0 (cmd 0.0)
1.0070999999999999,-97.0,0.0,0.0,-97.0,0.0,0.0,-97.0,-97.0,0.0 (cmd 0.0),0.0 (cmd 0.0)
1.0076,-97.0,0.0,0.0,-97.0,0.0,0.0,-97.0,-97.0,0.0 (cmd 0.0),0.0 (cmd 0.0)
1.0081,-97.0,0.0,0.0,-97.0,0.0,0.0,-97.0,-97.0,0.0 (cmd 0.0),0.0 (cmd 0.0)
1.0086,-97.0,0.0,0.0,-97.0,0.0,0.0,-97.0,-97.0,0.0 (cmd 0.0),0.0 (cmd 0.0)
1.0090999999999999,-97.0,0.0,0.0,-97.0,0.0,0.0,-97.0,-97.0,0.0 (cmd 0.0),0.0 (cmd 0.0)
1.0095999999999998,-97.0,0.0,0.0,-97.0,0.0,0.0,-97.0,-97.0,0.0 (cmd 0.0),0.0 (cmd 0.0)
1.0101,-97.0,0.0,0.0,-97.0,0.0,0.0,-97.0,-97.0,0.0 (cmd 0.0),0.0 (cmd 0.0)
1.0106,-97.0,0.0,0.0,-97.0,0.0,0.0,-97.0,-97.0,0.0 (cmd 0.0),0.0 (cmd 0.0)
1.0111,-97.0,0.0,0.0,-97.0,0.0,0.0,-97.0,-97.0,0.0 (cmd 0.0),0.0 (cmd 0.0)
1.0115999999999998,-97.0,0.0,0.0,-97.0,0.0,0.0,-97.0,-97.0,0.0 (cmd 0.0),0.0 (cmd 0.0)
1.0121,-97.0,0.0,0.0,-97.0,0.0,0.0,-97.0,-97.0,0.0 (cmd 0.0),0.0 (cmd 0.0)
1.0126,-97.0,0.0,0.0,-97.0,0.0,0.0,-97.0,-97.0,0.0 (cmd 0.0),0.0 (cmd 0.0)
1.0131000000000001,-97.0,0.0,0.0,-97.0,0.0,0.0,-97.0,-97.0,0.0 (cmd 0.0),0.0 (cmd 0.0)
1.0136,-97.0,0.0,0.0,-97.0,0.0,0.0,-97.0,-97.0,0.0 (cmd 0.0),0.0 (cmd 0.0)
1.0141,-97.0,0.0,0.0,-97.0,0.0,0.0,-97.0,-97.0,0.0 (cmd 0.0),0.0 (cmd 0.0)
1.0146,-97.0,0.0,0.0,-97.0,0.0,0.0,-97.0,-97.0,0.0 (cmd 0.0),0.0 (cmd 0.0)
1.0151000000000001,-97.0,0.0,0.0,-97.0,0.0,0.0,-97.0,-97.0,0.0 (cmd 0.0),0.0 (cmd 0.0)
1.0156,-97.0,0.0,0.0,-97.0,0.0,0.0,-97.0,-97.0,0.0 (cmd 0.0),0.0 (cmd 0.0)
1.0161,-97.0,0.0,0.0,-97.0,0.0,0.0,-97.0,-97.0,0.0 (cmd 0.0),0.0 (cmd 0.0)
1.0166,-97.0,0.0,0.0,-97.0,0.0,0.0,-97.0,-97.0,0.0 (cmd 0.0),0.0 (cmd 0.0)
1.0171,-97.0,0.0,0.0,-97.0,0.0,0.0,-97.0,-97.0,0.0 (cmd 0.0),0.0 (cmd 0.0)
1.0176,-97.0,0.0,0.0,-97.0,0.0,0.0,-97.0,-97.0,0.0 (cmd 0.0),0.0 (cmd 0.0)
1.0181,-97.0,0.0,0.0,-97.0,0.0,0.0,-97.0,-97.0,0.0 (cmd 0.0),0.0 (cmd 0.0)
1.0186,-97.0,0.0,0.0,-97.0,0.0,0.0,-97.0,-97.0,0.0 (cmd 0.0),0.0 (cmd 0.0)
1.0191,-97.0,0.0,0.0,-97.0,0.0,0.0,-97.0,-97.0,0.0 (cmd 0.0),0.0 (cmd 0.0)
1.0195999999999998,-97.0,0.0,0.0,-97.0,0.0,0.0,-97.0,-97.0,0.0 (cmd 0.0),0.0 (cmd 0.0)
1.0201,-97.0,0.0,0.0,-97.0,0.0,0.0,-97.0,-97.0,0.0 (cmd 0.0),0.0 (cmd 0.0)
1.0206,-97.0,0.0,0.0,-97.0,0.0,0.0,-97.0,-97.0,0.0 (cmd 0.0),0.0 (cmd 0.0)
1.0211000000000001,-97.0,0.0,0.0,-97.0,0.0,0.0,-97.0,-97.0,0.0 (cmd 0.0),0.0 (cmd 0.0)
1.0215999999999998,-97.0,0.0,0.0,-97.0,0.0,0.0,-97.0,-97.0,0.0 (cmd 0.0),0.0 (cmd 0.0)
1.0221,-97.0,0.0,0.0,-97.0,0.0,0.0,-97.0,-97.0,0.0 (cmd 0.0),0.0 (cmd 0.0)
1.0226,-97.0,0.0,0.0,-97.0,0.0,0.0,-97.0,-97.0,0.0 (cmd 0.0),0.0 (cmd 0.0)
1.0231000000000001,-97.0,0.0,0.0,-97.0,0.0,0.0,-97.0,-97.0,0.0 (cmd 0.0),0.0 (cmd 0.0)
1.0236,-97.0,0.0,0.0,-97.0,0.0,0.0,-97.0,-97.0,0.0 (cmd 0.0),0.0 (cmd 0.0)
1.0241,-97.0,0.0,0.0,-97.0,0.0,0.0,-97.0,-97.0,0.0 (cmd 0.0),0.0 (cmd 0.0)
1.0246,-97.0,0.0,0.0,-97.0,0.0,0.0,-97.0,-97.0,0.0 (cmd 0.0),0.0 (cmd 0.0)
1.0251000000000001,-97.0,0.0,0.0,-97.0,0.0,0.0,-97.0,-97.0,0.0 (cmd 0.0),0.0 (cmd 0.0)
1.0255999999999998,-97.0,0.0,0.0,-97.0,0.0,0.0,-97.0,-97.0,0.0 (cmd 0.0),0.0 (cmd 0.0)
1.0261,-97.0,0.0,0.0,-97.0,0.0,0.0,-97.0,-97.0,0.0 (cmd 0.0),0.0 (cmd 0.0)
1.0266,-97.0,0.0,0.0,-97.0,0.0,0.0,-97.0,-97.0,0.0 (cmd 0.0),0.0 (cmd 0.0)
1.0271,-97.0,0.0,0.0,-97.0,0.0,0.0,-97.0,-97.0,0.0 (cmd 0.0),0.0 (cmd 0.0)
1.0276,-97.0,0.0,0.0,-97.0,0.0,0.0,-97.0,-97.0,0.0 (cmd 0.0),0.0 (cmd 0.0)
1.0281,-97.0,0.0,0.0,-97.0,0.0,0.0,-97.0,-97.0,0.0 (cmd 0.0),0.0 (cmd 0.0)
1.0286,-97.0,0.0,0.0,-97.0,0.0,0.0,-97.0,-97.0,0.0 (cmd 0.0),0.0 (cmd 0.0)
1.0291,-97.0,0.0,0.0,-97.0,0.0,0.0,-97.0,-97.0,0.0 (cmd 0.0),0.0 (cmd 0.0)
1.0295999999999998,-97.0,0.0,0.0,-97.0,0.0,0.0,-97.0,-97.0,0.0 (cmd 0.0),0.0 (cmd 0.0)
1.0301000000000002,-97.0,0.0,0.0,-97.0,0.0,0.0,-97.0,-97.0,0.0 (cmd 0.0),0.0 (cmd 0.0)
1.0306,-97.0,0.0,0.0,-97.0,0.0,0.0,-97.0,-97.0,0.0 (cmd 0.0),0.0 (cmd 0.0)
1.0311,-97.0,0.0,0.0,-97.0,0.0,0.0,-97.0,-97.0,0.0 (cmd 0.0),0.0 (cmd 0.0)
1.0315999999999999,-97.0,0.0,0.0,-97.0,0.0,0.0,-97.0,-97.0,0.0 (cmd 0.0),0.0 (cmd 0.0)
1.0321,-97.0,0.0,0.0,-97.0,0.0,0.0,-97.0,-97.0,0.0 (cmd 0.0),0.0 (cmd 0.0)
1.0326000000000002,-97.0,0.0,0.0,-97.0,0.0,0.0,-97.0,-97.0,0.0 (cmd 0.0),0.0 (cmd 0.0)
1.0331,-97.0,0.0,0.0,-97.0,0.0,0.0,-97.0,-97.0,0.0 (cmd 0.0),0.0 (cmd 0.0)
1.0335999999999999,-97.0,0.0,0.0,-97.0,0.0,0.0,-97.0,-97.0,0.0 (cmd 0.0),0.0 (cmd 0.0)
1.0341,-97.0,0.0,0.0,-97.0,0.0,0.0,-97.0,-97.0,0.0 (cmd 0.0),0.0 (cmd 0.0)
1.0346,-97.0,0.0,0.0,-97.0,0.0,0.0,-97.0,-97.0,0.0 (cmd 0.0),0.0 (cmd 0.0)
1.0351000000000001,-97.0,0.0,0.0,-97.0,0.0,0.0,-97.0,-97.0,0.0 (cmd 0.0),0.0 (cmd 0.0)
1.0355999999999999,-97.0,0.0,0.0,-97.0,0.0,0.0,-97.0,-97.0,0.0 (cmd 0.0),0.0 (cmd 0.0)
1.0360999999999998,-97.0,0.0,0.0,-97.0,0.0,0.0,-97.0,-97.0,0.0 (cmd 0.0),0.0 (cmd 0.0)
1.0366,-97.0,0.0,0.0,-97.0,0.0,0.0,-97.0,-97.0,0.0 (cmd 0.0),0.0 (cmd 0.0)
1.0371,-97.0,0.0,0.0,-97.0,0.0,0.0,-97.0,-97.0,0.0 (cmd 0.0),0.0 (cmd 0.0)
1.0376,-97.0,0.0,0.0,-97.0,0.0,0.0,-97.0,-97.0,0.0 (cmd 0.0),0.0 (cmd 0.0)
1.0380999999999998,-97.0,0.0,0.0,-97.0,0.0,0.0,-97.0,-97.0,0.0 (cmd 0.0),0.0 (cmd 0.0)
1.0386,-97.0,0.0,0.0,-97.0,0.0,0.0,-97.0,-97.0,0.0 (cmd 0.0),0.0 (cmd 0.0)
1.0391,-97.0,0.0,0.0,-97.0,0.0,0.0,-97.0,-97.0,0.0 (cmd 0.0),0.0 (cmd 0.0)
1.0395999999999999,-97.0,0.0,0.0,-97.0,0.0,0.0,-97.0,-97.0,0.0 (cmd 0.0),0.0 (cmd 0.0)
1.0401000000000002,-97.0,0.0,0.0,-97.0,0.0,0.0,-97.0,-97.0,0.0 (cmd 0.0),0.0 (cmd 0.0)
1.0406,-97.0,0.0,0.0,-97.0,0.0,0.0,-97.0,-97.0,0.0 (cmd 0.0),0.0 (cmd 0.0)
1.0411,-97.0,0.0,0.0,-97.0,0.0,0.0,-97.0,-97.0,0.0 (cmd 0.0),0.0 (cmd 0.0)
1.0415999999999999,-97.0,0.0,0.0,-97.0,0.0,0.0,-97.0,-97.0,0.0 (cmd 0.0),0.0 (cmd 0.0)
1.0420999999999998,-97.0,0.0,0.0,-97.0,0.0,0.0,-97.0,-97.0,0.0 (cmd 0.0),0.0 (cmd 0.0)
1.0426000000000002,-97.0,0.0,0.0,-97.0,0.0,0.0,-97.0,-97.0,0.0 (cmd 0.0),0.0 (cmd 0.0)
1.0431,-97.0,0.0,0.0,-97.0,0.0,0.0,-97.0,-97.0,0.0 (cmd 0.0),0.0 (cmd 0.0)
1.0435999999999999,-97.0,0.0,0.0,-97.0,0.0,0.0,-97.0,-97.0,0.0 (cmd 0.0),0.0 (cmd 0.0)
1.0440999999999998,-97.0,0.0,0.0,-97.0,0.0,0.0,-97.0,-97.0,0.0 (cmd 0.0),0.0 (cmd 0.0)
1.0446,-97.0,0.0,0.0,-97.0,0.0,0.0,-97.0,-97.0,0.0 (cmd 0.0),0.0 (cmd 0.0)
1.0451000000000001,-97.0,0.0,0.0,-97.0,0.0,0.0,-97.0,-97.0,0.0 (cmd 0.0),0.0 (cmd 0.0)
1.0455999999999999,-97.0,0.0,0.0,-97.0,0.0,0.0,-97.0,-97.0,0.0 (cmd 0.0),0.0 (cmd 0.0)
1.0460999999999998,-97.0,0.0,0.0,-97.0,0.0,0.0,-97.0,-97.0,0.0 (cmd 0.0),0.0 (cmd 0.0)
1.0466,-97.0,0.0,0.0,-97.0,0.0,0.0,-97.0,-97.0,0.0 (cmd 0.0),0.0 (cmd 0.0)
1.0471,-97.0,0.0,0.0,-97.0,0.0,0.0,-97.0,-97.0,0.0 (cmd 0.0),0.0 (cmd 0.0)
1.0476,-97.0,0.0,0.0,-97.0,0.0,0.0,-97.0,-97.0,0.0 (cmd 0.0),0.0 (cmd 0.0)
1.0480999999999998,-97.0,0.0,0.0,-97.0,0.0,0.0,-97.0,-97.0,0.0 (cmd 0.0),0.0 (cmd 0.0)
1.0486,-97.0,0.0,0.0,-97.0,0.0,0.0,-97.0,-97.0,0.0 (cmd 0.0),0.0 (cmd 0.0)
1.0491,-97.0,0.0,0.0,-97.0,0.0,0.0,-97.0,-97.0,0.0 (cmd 0.0),0.0 (cmd 0.0)
1.0495999999999999,-97.0,0.0,0.0,-97.0,0.0,0.0,-97.0,-97.0,0.0 (cmd 0.0),0.0 (cmd 0.0)
1.0501,-97.0,0.0,0.0,-97.0,0.0,0.0,-97.0,-97.0,0.0 (cmd 0.0),0.0 (cmd 0.0)
1.0506,-97.0,0.0,0.0,-97.0,0.0,0.0,-97.0,-97.0,0.0 (cmd 0.0),0.0 (cmd 0.0)
1.0511,-97.0,0.0,0.0,-97.0,0.0,0.0,-97.0,-97.0,0.0 (cmd 0.0),0.0 (cmd 0.0)
1.0515999999999999,-97.0,0.0,0.0,-97.0,0.0,0.0,-97.0,-97.0,0.0 (cmd 0.0),0.0 (cmd 0.0)
1.0520999999999998,-97.0,0.0,0.0,-97.0,0.0,0.0,-97.0,-97.0,0.0 (cmd 0.0),0.0 (cmd 0.0)
1.0526000000000002,-97.0,0.0,0.0,-97.0,0.0,0.0,-97.0,-97.0,0.0 (cmd 0.0),0.0 (cmd 0.0)
1.0531,-97.0,0.0,0.0,-97.0,0.0,0.0,-97.0,-97.0,0.0 (cmd 0.0),0.0 (cmd 0.0)
1.0535999999999999,-97.0,0.0,0.0,-97.0,0.0,0.0,-97.0,-97.0,0.0 (cmd 0.0),0.0 (cmd 0.0)
1.0540999999999998,-97.0,0.0,0.0,-97.0,0.0,0.0,-97.0,-97.0,0.0 (cmd 0.0),0.0 (cmd 0.0)
1.0546,-97.0,0.0,0.0,-97.0,0.0,0.0,-97.0,-97.0,0.0 (cmd 0.0),0.0 (cmd 0.0)
1.0551000000000001,-97.0,0.0,0.0,-97.0,0.0,0.0,-97.0,-97.0,0.0 (cmd 0.0),0.0 (cmd 0.0)
1.0555999999999999,-97.0,0.0,0.0,-97.0,0.0,0.0,-97.0,-97.0,0.0 (cmd 0.0),0.0 (cmd 0.0)
1.0560999999999998,-97.0,0.0,0.0,-97.0,0.0,0.0,-97.0,-97.0,0.0 (cmd 0.0),0.0 (cmd 0.0)
1.0566,-97.0,0.0,0.0,-97.0,0.0,0.0,-97.0,-97.0,0.0 (cmd 0.0),0.0 (cmd 0.0)
1.0571,-97.0,0.0,0.0,-97.0,0.0,0.0,-97.0,-97.0,0.0 (cmd 0.0),0.0 (cmd 0.0)
1.0576,-97.0,0.0,0.0,-97.0,0.0,0.0,-97.0,-97.0,0.0 (cmd 0.0),0.0 (cmd 0.0)
1.0580999999999998,-97.0,0.0,0.0,-97.0,0.0,0.0,-97.0,-97.0,0.0 (cmd 0.0),0.0 (cmd 0.0)
1.0586,-97.0,0.0,0.0,-97.0,0.0,0.0,-97.0,-97.0,0.0 (cmd 0.0),0.0 (cmd 0.0)
1.0591,-97.0,0.0,0.0,-97.0,0.0,0.0,-97.0,-97.0,0.0 (cmd 0.0),0.0 (cmd 0.0)
1.0595999999999999,-97.0,0.0,0.0,-97.0,0.0,0.0,-97.0,-97.0,0.0 (cmd 0.0),0.0 (cmd 0.0)
1.0601,-97.0,0.0,0.0,-97.0,0.0,0.0,-97.0,-97.0,0.0 (cmd 0.0),0.0 (cmd 0.0)
1.0606,-97.0,0.0,0.0,-97.0,0.0,0.0,-97.0,-97.0,0.0 (cmd 0.0),0.0 (cmd 0.0)
1.0611,-97.0,0.0,0.0,-97.0,0.0,0.0,-97.0,-97.0,0.0 (cmd 0.0),0.0 (cmd 0.0)
1.0615999999999999,-97.0,0.0,0.0,-97.0,0.0,0.0,-97.0,-97.0,0.0 (cmd 0.0),0.0 (cmd 0.0)
1.0620999999999998,-97.0,0.0,0.0,-97.0,0.0,0.0,-97.0,-97.0,0.0 (cmd 0.0),0.0 (cmd 0.0)
1.0626000000000002,-97.0,0.0,0.0,-97.0,0.0,0.0,-97.0,-97.0,0.0 (cmd 0.0),0.0 (cmd 0.0)
1.0631,-97.0,0.0,0.0,-97.0,0.0,0.0,-97.0,-97.0,0.0 (cmd 0.0),0.0 (cmd 0.0)
1.0635999999999999,-97.0,0.0,0.0,-97.0,0.0,0.0,-97.0,-97.0,0.0 (cmd 0.0),0.0 (cmd 0.0)
1.0640999999999998,-97.0,0.0,0.0,-97.0,0.0,0.0,-97.0,-97.0,0.0 (cmd 0.0),0.0 (cmd 0.0)
1.0646,-97.0,0.0,0.0,-97.0,0.0,0.0,-97.0,-97.0,0.0 (cmd 0.0),0.0 (cmd 0.0)
1.0651000000000002,-97.0,0.0,0.0,-97.0,0.0,0.0,-97.0,-97.0,0.0 (cmd 0.0),0.0 (cmd 0.0)
1.0655999999999999,-97.0,0.0,0.0,-97.0,0.0,0.0,-97.0,-97.0,0.0 (cmd 0.0),0.0 (cmd 0.0)
1.0660999999999998,-97.0,0.0,0.0,-97.0,0.0,0.0,-97.0,-97.0,0.0 (cmd 0.0),0.0 (cmd 0.0)
1.0666,-97.0,0.0,0.0,-97.0,0.0,0.0,-97.0,-97.0,0.0 (cmd 0.0),0.0 (cmd 0.0)
1.0671,-97.0,0.0,0.0,-97.0,0.0,0.0,-97.0,-97.0,0.0 (cmd 0.0),0.0 (cmd 0.0)
1.0676,-97.0,0.0,0.0,-97.0,0.0,0.0,-97.0,-97.0,0.0 (cmd 0.0),0.0 (cmd 0.0)
1.0680999999999998,-97.0,0.0,0.0,-97.0,0.0,0.0,-97.0,-97.0,0.0 (cmd 0.0),0.0 (cmd 0.0)
1.0686,-97.0,0.0,0.0,-97.0,0.0,0.0,-97.0,-97.0,0.0 (cmd 0.0),0.0 (cmd 0.0)
1.0691,-97.0,0.0,0.0,-97.0,0.0,0.0,-97.0,-97.0,0.0 (cmd 0.0),0.0 (cmd 0.0)
1.0695999999999999,-97.0,1.38,0.0,-97.0,0.79,0.0,-97.0,-97.0,0.0 (cmd 1.4),0.0 (cmd 0.8)
1.0701,-97.0,1.38,0.0,-97.0,0.79,0.0,-97.0,-97.0,0.0 (cmd 1.4),0.0 (cmd 0.8)
1.0706,-97.0,0.0,0.0,-97.0,-0.01,0.0,-97.0,-97.0,0.0 (cmd 0.0),0.0 (cmd -0.0)
1.0711,-97.0,0.0,0.0,-97.0,-0.01,0.0,-97.0,-97.0,0.0 (cmd 0.0),0.0 (cmd -0.0)
1.0715999999999999,-97.0,0.0,0.0,-97.0,-0.01,0.0,-97.0,-97.0,0.0 (cmd 0.0),0.0 (cmd -0.0)
1.0720999999999998,-97.0,0.0,0.0,-97.0,-0.01,0.0,-97.0,-97.0,0.0 (cmd 0.0),0.0 (cmd -0.0)
1.0726000000000002,-97.0,0.0,0.0,-97.0,-0.01,0.0,-97.0,-97.0,0.0 (cmd 0.0),0.0 (cmd -0.0)
1.0731,-97.0,0.0,0.0,-97.0,-0.01,0.0,-97.0,-97.0,0.0 (cmd 0.0),0.0 (cmd -0.0)
1.0735999999999999,-97.0,0.0,0.0,-97.0,-0.01,0.0,-97.0,-97.0,0.0 (cmd 0.0),0.0 (cmd -0.0)
1.0740999999999998,-97.0,0.0,0.0,-97.0,-0.01,0.0,-97.0,-97.0,0.0 (cmd 0.0),0.0 (cmd -0.0)
1.0746,-97.0,0.0,0.0,-97.0,-0.01,0.0,-97.0,-97.0,0.0 (cmd 0.0),0.0 (cmd -0.0)
1.0751000000000002,-97.0,0.0,0.0,-97.0,-0.01,0.0,-97.0,-97.0,0.0 (cmd 0.0),0.0 (cmd -0.0)
1.0756,-97.0,0.0,0.0,-97.0,-0.01,0.0,-97.0,-97.0,0.0 (cmd 0.0),0.0 (cmd -0.0)
1.0760999999999998,-97.0,0.0,0.0,-97.0,-0.01,0.0,-97.0,-97.0,0.0 (cmd 0.0),0.0 (cmd -0.0)
1.0766,-97.0,0.0,0.0,-97.0,-0.01,0.0,-97.0,-97.0,0.0 (cmd 0.0),0.0 (cmd -0.0)
1.0771,-97.0,0.0,0.0,-97.0,-0.01,0.0,-97.0,-97.0,0.0 (cmd 0.0),0.0 (cmd -0.0)
1.0776000000000001,-97.0,0.0,0.0,-97.0,-0.01,0.0,-97.0,-97.0,0.0 (cmd 0.0),0.0 (cmd -0.0)
1.0780999999999998,-97.0,0.0,0.0,-97.0,-0.01,0.0,-97.0,-97.0,0.0 (cmd 0.0),0.0 (cmd -0.0)
1.0786,-97.0,0.0,0.0,-97.0,-0.01,0.0,-97.0,-97.0,0.0 (cmd 0.0),0.0 (cmd -0.0)
1.0791,-97.0,0.0,0.0,-97.0,-0.01,0.0,-97.0,-97.0,0.0 (cmd 0.0),0.0 (cmd -0.0)
1.0796,-97.0,0.0,0.0,-97.0,-0.01,0.0,-97.0,-97.0,0.0 (cmd 0.0),0.0 (cmd -0.0)
1.0801,-97.0,0.0,0.0,-97.0,-0.01,0.0,-97.0,-97.0,0.0 (cmd 0.0),0.0 (cmd -0.0)
1.0806,-97.0,0.0,0.0,-97.0,-0.01,0.0,-97.0,-97.0,0.0 (cmd 0.0),0.0 (cmd -0.0)
1.0811,-97.0,0.0,0.0,-97.0,-0.01,0.0,-97.0,-97.0,0.0 (cmd 0.0),0.0 (cmd -0.0)
1.0816,-97.0,0.0,0.0,-97.0,-0.01,0.0,-97.0,-97.0,0.0 (cmd 0.0),0.0 (cmd -0.0)
1.0820999999999998,-97.0,0.0,0.0,-97.0,-0.01,0.0,-97.0,-97.0,0.0 (cmd 0.0),0.0 (cmd -0.0)
1.0826000000000002,-97.0,0.0,0.0,-97.0,-0.01,0.0,-97.0,-97.0,0.0 (cmd 0.0),0.0 (cmd -0.0)
1.0831,-97.0,0.0,0.0,-97.0,-0.01,0.0,-97.0,-97.0,0.0 (cmd 0.0),0.0 (cmd -0.0)
1.0836,-97.0,0.0,0.0,-97.0,-0.01,0.0,-97.0,-97.0,0.0 (cmd 0.0),0.0 (cmd -0.0)
1.0840999999999998,-97.0,0.0,0.0,-97.0,-0.01,0.0,-97.0,-97.0,0.0 (cmd 0.0),0.0 (cmd -0.0)
1.0846,-97.0,0.0,0.0,-97.0,-0.01,0.0,-97.0,-97.0,0.0 (cmd 0.0),0.0 (cmd -0.0)
1.0851000000000002,-97.0,0.0,0.0,-97.0,-0.01,0.0,-97.0,-97.0,0.0 (cmd 0.0),0.0 (cmd -0.0)
1.0856,-97.0,0.0,0.0,-97.0,-0.01,0.0,-97.0,-97.0,0.0 (cmd 0.0),0.0 (cmd -0.0)
1.0860999999999998,-97.0,0.0,0.0,-97.0,-0.01,0.0,-97.0,-97.0,0.0 (cmd 0.0),0.0 (cmd -0.0)
1.0866,-97.0,0.0,0.0,-97.0,-0.01,0.0,-97.0,-97.0,0.0 (cmd 0.0),0.0 (cmd -0.0)
1.0871,-97.0,0.0,0.0,-97.0,-0.01,0.0,-97.0,-97.0,0.0 (cmd 0.0),0.0 (cmd -0.0)
1.0876000000000001,-97.0,0.0,0.0,-97.0,-0.01,0.0,-97.0,-97.0,0.0 (cmd 0.0),0.0 (cmd -0.0)
1.0880999999999998,-97.0,0.0,0.0,-97.0,-0.01,0.0,-97.0,-97.0,0.0 (cmd 0.0),0.0 (cmd -0.0)
1.0886,-97.0,0.0,0.0,-97.0,-0.01,0.0,-97.0,-97.0,0.0 (cmd 0.0),0.0 (cmd -0.0)
1.0891,-97.0,0.0,0.0,-97.0,-0.01,0.0,-97.0,-97.0,0.0 (cmd 0.0),0.0 (cmd -0.0)
1.0896,-97.0,0.0,0.0,-97.0,-0.01,0.0,-97.0,-97.0,0.0 (cmd 0.0),0.0 (cmd -0.0)
1.0901,-97.0,0.0,0.0,-97.0,-0.01,0.0,-97.0,-97.0,0.0 (cmd 0.0),0.0 (cmd -0.0)
1.0906,-97.0,0.0,0.0,-97.0,-0.01,0.0,-97.0,-97.0,0.0 (cmd 0.0),0.0 (cmd -0.0)
1.0911,-97.0,0.0,0.0,-97.0,-0.01,0.0,-97.0,-97.0,0.0 (cmd 0.0),0.0 (cmd -0.0)
1.0916,-97.0,0.0,0.0,-97.0,-0.01,0.0,-97.0,-97.0,0.0 (cmd 0.0),0.0 (cmd -0.0)
1.0920999999999998,-97.0,0.0,0.0,-97.0,-0.01,0.0,-97.0,-97.0,0.0 (cmd 0.0),0.0 (cmd -0.0)
1.0926000000000002,-97.0,0.0,0.0,-97.0,-0.01,0.0,-97.0,-97.0,0.0 (cmd 0.0),0.0 (cmd -0.0)
1.0931,-97.0,0.0,0.0,-97.0,-0.01,0.0,-97.0,-97.0,0.0 (cmd 0.0),0.0 (cmd -0.0)
1.0936,-97.0,0.0,0.0,-97.0,-0.01,0.0,-97.0,-97.0,0.0 (cmd 0.0),0.0 (cmd -0.0)
1.0940999999999999,-97.0,0.0,0.0,-97.0,-0.01,0.0,-97.0,-97.0,0.0 (cmd 0.0),0.0 (cmd -0.0)
1.0946,-97.0,0.0,0.0,-97.0,-0.01,0.0,-97.0,-97.0,0.0 (cmd 0.0),0.0 (cmd -0.0)
1.0951000000000002,-97.0,0.0,0.0,-97.0,-0.01,0.0,-97.0,-97.0,0.0 (cmd 0.0),0.0 (cmd -0.0)
1.0956,-97.0,0.0,0.0,-97.0,-0.01,0.0,-97.0,-97.0,0.0 (cmd 0.0),0.0 (cmd -0.0)
1.0960999999999999,-97.0,0.0,0.0,-97.0,-0.01,0.0,-97.0,-97.0,0.0 (cmd 0.0),0.0 (cmd -0.0)
1.0966,-97.0,0.0,0.0,-97.0,-0.01,0.0,-97.0,-97.0,0.0 (cmd 0.0),0.0 (cmd -0.0)
1.0971,-97.0,0.0,0.0,-97.0,-0.01,0.0,-97.0,-97.0,0.0 (cmd 0.0),0.0 (cmd -0.0)
1.0976000000000001,-97.0,0.0,0.0,-97.0,-0.01,0.0,-97.0,-97.0,0.0 (cmd 0.0),0.0 (cmd -0.0)
1.0980999999999999,-97.0,0.0,0.0,-97.0,-0.01,0.0,-97.0,-97.0,0.0 (cmd 0.0),0.0 (cmd -0.0)
1.0985999999999998,-97.0,0.0,0.0,-97.0,-0.01,0.0,-97.0,-97.0,0.0 (cmd 0.0),0.0 (cmd -0.0)
1.0991,-97.0,0.0,0.0,-97.0,-0.01,0.0,-97.0,-97.0,0.0 (cmd 0.0),0.0 (cmd -0.0)
1.0996,-97.0,0.0,0.0,-97.0,-0.01,0.0,-97.0,-97.0,0.0 (cmd 0.0),0.0 (cmd -0.0)
1.1001,-97.0,0.0,0.0,-97.0,-0.01,0.0,-97.0,-97.0,0.0 (cmd 0.0),0.0 (cmd -0.0)
1.1005999999999998,-97.0,0.0,0.0,-97.0,-0.01,0.0,-97.0,-97.0,0.0 (cmd 0.0),0.0 (cmd -0.0)
1.1011,-97.0,0.0,0.0,-97.0,-0.01,0.0,-97.0,-97.0,0.0 (cmd 0.0),0.0 (cmd -0.0)
1.1016,-97.0,0.0,0.0,-97.0,-0.01,0.0,-97.0,-97.0,0.0 (cmd 0.0),0.0 (cmd -0.0)
1.1020999999999999,-97.0,0.0,0.0,-97.0,-0.01,0.0,-97.0,-97.0,0.0 (cmd 0.0),0.0 (cmd -0.0)
1.1026000000000002,-97.0,0.0,0.0,-97.0,-0.01,0.0,-97.0,-97.0,0.0 (cmd 0.0),0.0 (cmd -0.0)
1.1031,-97.0,0.0,0.0,-97.0,-0.01,0.0,-97.0,-97.0,0.0 (cmd 0.0),0.0 (cmd -0.0)
1.1036,-97.0,0.0,0.0,-97.0,-0.01,0.0,-97.0,-97.0,0.0 (cmd 0.0),0.0 (cmd -0.0)
1.1040999999999999,-97.0,0.0,0.0,-97.0,-0.01,0.0,-97.0,-97.0,0.0 (cmd 0.0),0.0 (cmd -0.0)
1.1045999999999998,-97.0,0.0,0.0,-97.0,-0.01,0.0,-97.0,-97.0,0.0 (cmd 0.0),0.0 (cmd -0.0)
1.1051000000000002,-97.0,0.0,0.0,-97.0,-0.01,0.0,-97.0,-97.0,0.0 (cmd 0.0),0.0 (cmd -0.0)
1.1056,-97.0,0.0,0.0,-97.0,-0.01,0.0,-97.0,-97.0,0.0 (cmd 0.0),0.0 (cmd -0.0)
1.1060999999999999,-97.0,0.0,0.0,-97.0,-0.01,0.0,-97.0,-97.0,0.0 (cmd 0.0),0.0 (cmd -0.0)
1.1065999999999998,-97.0,0.0,0.0,-97.0,-0.01,0.0,-97.0,-97.0,0.0 (cmd 0.0),0.0 (cmd -0.0)
1.1071,-97.0,0.0,0.0,-97.0,-0.01,0.0,-97.0,-97.0,0.0 (cmd 0.0),0.0 (cmd -0.0)
1.1076000000000001,-97.0,0.0,0.0,-97.0,-0.01,0.0,-97.0,-97.0,0.0 (cmd 0.0),0.0 (cmd -0.0)
1.1080999999999999,-97.0,0.0,0.0,-97.0,-0.01,0.0,-97.0,-97.0,0.0 (cmd 0.0),0.0 (cmd -0.0)
1.1085999999999998,-97.0,0.0,0.0,-97.0,-0.01,0.0,-97.0,-97.0,0.0 (cmd 0.0),0.0 (cmd -0.0)
1.1091,-97.0,0.0,0.0,-97.0,-0.01,0.0,-97.0,-97.0,0.0 (cmd 0.0),0.0 (cmd -0.0)
1.1096,-97.0,0.0,0.0,-97.0,-0.01,0.0,-97.0,-97.0,0.0 (cmd 0.0),0.0 (cmd -0.0)
1.1101,-97.0,0.0,0.0,-97.0,-0.01,0.0,-97.0,-97.0,0.0 (cmd 0.0),0.0 (cmd -0.0)
1.1105999999999998,-97.0,0.0,0.0,-97.0,-0.01,0.0,-97.0,-97.0,0.0 (cmd 0.0),0.0 (cmd -0.0)
1.1111,-97.0,0.0,0.0,-97.0,-0.01,0.0,-97.0,-97.0,0.0 (cmd 0.0),0.0 (cmd -0.0)
1.1116,-97.0,0.0,0.0,-97.0,-0.01,0.0,-97.0,-97.0,0.0 (cmd 0.0),0.0 (cmd -0.0)
1.1120999999999999,-97.0,0.0,0.0,-97.0,-0.01,0.0,-97.0,-97.0,0.0 (cmd 0.0),0.0 (cmd -0.0)
1.1126,-97.0,0.0,0.0,-97.0,-0.01,0.0,-97.0,-97.0,0.0 (cmd 0.0),0.0 (cmd -0.0)
1.1131,-97.0,0.0,0.0,-97.0,-0.01,0.0,-97.0,-97.0,0.0 (cmd 0.0),0.0 (cmd -0.0)
1.1136,-97.0,0.0,0.0,-97.0,-0.01,0.0,-97.0,-97.0,0.0 (cmd 0.0),0.0 (cmd -0.0)
1.1140999999999999,-97.0,0.0,0.0,-97.0,-0.01,0.0,-97.0,-97.0,0.0 (cmd 0.0),0.0 (cmd -0.0)
1.1145999999999998,-97.0,0.0,0.0,-97.0,-0.01,0.0,-97.0,-97.0,0.0 (cmd 0.0),0.0 (cmd -0.0)
1.1151000000000002,-97.0,0.0,0.0,-97.0,-0.01,0.0,-97.0,-97.0,0.0 (cmd 0.0),0.0 (cmd -0.0)
1.1156,-97.0,0.0,0.0,-97.0,-0.01,0.0,-97.0,-97.0,0.0 (cmd 0.0),0.0 (cmd -0.0)
1.1160999999999999,-97.0,0.0,0.0,-97.0,-0.01,0.0,-97.0,-97.0,0.0 (cmd 0.0),0.0 (cmd -0.0)
1.1165999999999998,-97.0,0.0,0.0,-97.0,-0.01,0.0,-97.0,-97.0,0.0 (cmd 0.0),0.0 (cmd -0.0)
1.1171,-97.0,0.0,0.0,-97.0,-0.01,0.0,-97.0,-97.0,0.0 (cmd 0.0),0.0 (cmd -0.0)
1.1176000000000001,-97.0,0.0,0.0,-97.0,-0.01,0.0,-97.0,-97.0,0.0 (cmd 0.0),0.0 (cmd -0.0)
1.1180999999999999,-97.0,0.0,0.0,-97.0,-0.01,0.0,-97.0,-97.0,0.0 (cmd 0.0),0.0 (cmd -0.0)
1.1185999999999998,-97.0,0.0,0.0,-97.0,-0.01,0.0,-97.0,-97.0,0.0 (cmd 0.0),0.0 (cmd -0.0)
1.1191,-97.0,0.0,0.0,-97.0,-0.01,0.0,-97.0,-97.0,0.0 (cmd 0.0),0.0 (cmd -0.0)
1.1196,-97.0,0.0,0.0,-97.0,-0.01,0.0,-97.0,-97.0,0.0 (cmd 0.0),0.0 (cmd -0.0)
1.1201,-97.0,0.0,0.0,-97.0,-0.01,0.0,-97.0,-97.0,0.0 (cmd 0.0),0.0 (cmd -0.0)
1.1205999999999998,-97.0,0.0,0.0,-97.0,-0.01,0.0,-97.0,-97.0,0.0 (cmd 0.0),0.0 (cmd -0.0)
1.1211,-97.0,0.0,0.0,-97.0,-0.01,0.0,-97.0,-97.0,0.0 (cmd 0.0),0.0 (cmd -0.0)
1.1216,-97.0,0.0,0.0,-97.0,-0.01,0.0,-97.0,-97.0,0.0 (cmd 0.0),0.0 (cmd -0.0)
1.1220999999999999,-97.0,0.0,0.0,-97.0,-0.01,0.0,-97.0,-97.0,0.0 (cmd 0.0),0.0 (cmd -0.0)
1.1226,-97.0,0.0,0.0,-97.0,-0.01,0.0,-97.0,-97.0,0.0 (cmd 0.0),0.0 (cmd -0.0)
1.1231,-97.0,0.0,0.0,-97.0,-0.01,0.0,-97.0,-97.0,0.0 (cmd 0.0),0.0 (cmd -0.0)
1.1236,-97.0,0.0,0.0,-97.0,-0.01,0.0,-97.0,-97.0,0.0 (cmd 0.0),0.0 (cmd -0.0)
1.1240999999999999,-97.0,0.0,0.0,-97.0,-0.01,0.0,-97.0,-97.0,0.0 (cmd 0.0),0.0 (cmd -0.0)
1.1245999999999998,-97.0,0.0,0.0,-97.0,-0.01,0.0,-97.0,-97.0,0.0 (cmd 0.0),0.0 (cmd -0.0)
1.1251000000000002,-97.0,0.0,0.0,-97.0,-0.01,0.0,-97.0,-97.0,0.0 (cmd 0.0),0.0 (cmd -0.0)
1.1256,-97.0,0.0,0.0,-97.0,-0.01,0.0,-97.0,-97.0,0.0 (cmd 0.0),0.0 (cmd -0.0)
1.1260999999999999,-97.0,0.0,0.0,-97.0,-0.01,0.0,-97.0,-97.0,0.0 (cmd 0.0),0.0 (cmd -0.0)
1.1265999999999998,-97.0,0.0,0.0,-97.0,-0.01,0.0,-97.0,-97.0,0.0 (cmd 0.0),0.0 (cmd -0.0)
1.1271,-97.0,0.0,0.0,-97.0,-0.01,0.0,-97.0,-97.0,0.0 (cmd 0.0),0.0 (cmd -0.0)
1.1276000000000002,-97.0,0.0,0.0,-97.0,-0.01,0.0,-97.0,-97.0,0.0 (cmd 0.0),0.0 (cmd -0.0)
1.1280999999999999,-97.0,0.0,0.0,-97.0,-0.01,0.0,-97.0,-97.0,0.0 (cmd 0.0),0.0 (cmd -0.0)
1.1285999999999998,-97.0,0.0,0.0,-97.0,-0.01,0.0,-97.0,-97.0,0.0 (cmd 0.0),0.0 (cmd -0.0)
1.1291,-97.0,0.0,0.0,-97.0,-0.01,0.0,-97.0,-97.0,0.0 (cmd 0.0),0.0 (cmd -0.0)
1.1296,-97.0,0.0,0.0,-97.0,-0.01,0.0,-97.0,-97.0,0.0 (cmd 0.0),0.0 (cmd -0.0)
1.1301,-97.0,0.0,0.0,-97.0,-0.01,0.0,-97.0,-97.0,0.0 (cmd 0.0),0.0 (cmd -0.0)
1.1305999999999998,-97.0,0.0,0.0,-97.0,-0.01,0.0,-97.0,-97.0,0.0 (cmd 0.0),0.0 (cmd -0.0)
1.1311,-97.0,0.0,0.0,-97.0,-0.01,0.0,-97.0,-97.0,0.0 (cmd 0.0),0.0 (cmd -0.0)
1.1316,-97.0,0.0,0.0,-97.0,-0.01,0.0,-97.0,-97.0,0.0 (cmd 0.0),0.0 (cmd -0.0)
1.1320999999999999,-97.0,0.0,0.0,-97.0,-0.01,0.0,-97.0,-97.0,0.0 (cmd 0.0),0.0 (cmd -0.0)
1.1326,-97.0,0.0,0.0,-97.0,-0.01,0.0,-97.0,-97.0,0.0 (cmd 0.0),0.0 (cmd -0.0)
1.1331,-97.0,0.0,0.0,-97.0,-0.01,0.0,-97.0,-97.0,0.0 (cmd 0.0),0.0 (cmd -0.0)
1.1336,-97.0,0.0,0.0,-97.0,-0.01,0.0,-97.0,-97.0,0.0 (cmd 0.0),0.0 (cmd -0.0)
1.1340999999999999,-97.0,0.0,0.0,-97.0,-0.01,0.0,-97.0,-97.0,0.0 (cmd 0.0),0.0 (cmd -0.0)
1.1345999999999998,-97.0,0.0,0.0,-97.0,-0.01,0.0,-97.0,-97.0,0.0 (cmd 0.0),0.0 (cmd -0.0)
1.1351000000000002,-97.0,0.0,0.0,-97.0,-0.01,0.0,-97.0,-97.0,0.0 (cmd 0.0),0.0 (cmd -0.0)
1.1356,-97.0,0.0,0.0,-97.0,-0.01,0.0,-97.0,-97.0,0.0 (cmd 0.0),0.0 (cmd -0.0)
1.1360999999999999,-97.0,0.0,0.0,-97.0,-0.01,0.0,-97.0,-97.0,0.0 (cmd 0.0),0.0 (cmd -0.0)
1.1365999999999998,-97.0,0.0,0.0,-97.0,-0.01,0.0,-97.0,-97.0,0.0 (cmd 0.0),0.0 (cmd -0.0)
1.1371,-97.0,0.0,0.0,-97.0,-0.01,0.0,-97.0,-97.0,0.0 (cmd 0.0),0.0 (cmd -0.0)
1.1376000000000002,-97.0,0.0,0.0,-97.0,-0.01,0.0,-97.0,-97.0,0.0 (cmd 0.0),0.0 (cmd -0.0)
1.1381,-97.0,0.0,0.0,-97.0,-0.01,0.0,-97.0,-97.0,0.0 (cmd 0.0),0.0 (cmd -0.0)
1.1385999999999998,-97.0,0.0,0.0,-97.0,-0.01,0.0,-97.0,-97.0,0.0 (cmd 0.0),0.0 (cmd -0.0)
1.1391,-97.0,0.0,0.0,-97.0,-0.01,0.0,-97.0,-97.0,0.0 (cmd 0.0),0.0 (cmd -0.0)
1.1396,-97.0,0.0,0.0,-97.0,-0.01,0.0,-97.0,-97.0,0.0 (cmd 0.0),0.0 (cmd -0.0)
1.1401000000000001,-97.0,0.0,0.0,-97.0,-0.01,0.0,-97.0,-97.0,0.0 (cmd 0.0),0.0 (cmd -0.0)
1.1405999999999998,-97.0,0.0,0.0,-97.0,-0.01,0.0,-97.0,-97.0,0.0 (cmd 0.0),0.0 (cmd -0.0)
1.1411,-97.0,0.0,0.0,-97.0,-0.01,0.0,-97.0,-97.0,0.0 (cmd 0.0),0.0 (cmd -0.0)
1.1416,-97.0,0.0,0.0,-97.0,-0.01,0.0,-97.0,-97.0,0.0 (cmd 0.0),0.0 (cmd -0.0)
1.1421,-97.0,0.0,0.0,-97.0,-0.01,0.0,-97.0,-97.0,0.0 (cmd 0.0),0.0 (cmd -0.0)
1.1426,-97.0,0.0,0.0,-97.0,-0.01,0.0,-97.0,-97.0,0.0 (cmd 0.0),0.0 (cmd -0.0)
1.1431,-97.0,0.0,0.0,-97.0,-0.01,0.0,-97.0,-97.0,0.0 (cmd 0.0),0.0 (cmd -0.0)
1.1436,-97.0,0.0,0.0,-97.0,-0.01,0.0,-97.0,-97.0,0.0 (cmd 0.0),0.0 (cmd -0.0)
1.1441,-97.0,0.0,0.0,-97.0,-0.01,0.0,-97.0,-97.0,0.0 (cmd 0.0),0.0 (cmd -0.0)
1.1445999999999998,-97.0,0.0,0.0,-97.0,-0.01,0.0,-97.0,-97.0,0.0 (cmd 0.0),0.0 (cmd -0.0)
1.1451000000000002,-97.0,0.0,0.0,-97.0,-0.01,0.0,-97.0,-97.0,0.0 (cmd 0.0),0.0 (cmd -0.0)
1.1456,-97.0,0.0,0.0,-97.0,-0.01,0.0,-97.0,-97.0,0.0 (cmd 0.0),0.0 (cmd -0.0)
1.1461,-97.0,0.0,0.0,-97.0,-0.01,0.0,-97.0,-97.0,0.0 (cmd 0.0),0.0 (cmd -0.0)
1.1465999999999998,-97.0,0.0,0.0,-97.0,-0.01,0.0,-97.0,-97.0,0.0 (cmd 0.0),0.0 (cmd -0.0)
1.1471,-97.0,0.0,0.0,-97.0,-0.01,0.0,-97.0,-97.0,0.0 (cmd 0.0),0.0 (cmd -0.0)
1.1476000000000002,-97.0,0.0,0.0,-97.0,-0.01,0.0,-97.0,-97.0,0.0 (cmd 0.0),0.0 (cmd -0.0)
1.1481,-97.0,0.0,0.0,-97.0,-0.01,0.0,-97.0,-97.0,0.0 (cmd 0.0),0.0 (cmd -0.0)
1.1485999999999998,-97.0,0.0,0.0,-97.0,-0.01,0.0,-97.0,-97.0,0.0 (cmd 0.0),0.0 (cmd -0.0)
1.1491,-97.0,0.0,0.0,-97.0,-0.01,0.0,-97.0,-97.0,0.0 (cmd 0.0),0.0 (cmd -0.0)
1.1496,-97.0,0.0,0.0,-97.0,-0.01,0.0,-97.0,-97.0,0.0 (cmd 0.0),0.0 (cmd -0.0)
1.1501000000000001,-97.0,0.0,0.0,-97.0,-0.01,0.0,-97.0,-97.0,0.0 (cmd 0.0),0.0 (cmd -0.0)
1.1505999999999998,-97.0,0.0,0.0,-97.0,-0.01,0.0,-97.0,-97.0,0.0 (cmd 0.0),0.0 (cmd -0.0)
1.1511,-97.0,0.0,0.0,-97.0,-0.01,0.0,-97.0,-97.0,0.0 (cmd 0.0),0.0 (cmd -0.0)
1.1516,-97.0,0.0,0.0,-97.0,-0.01,0.0,-97.0,-97.0,0.0 (cmd 0.0),0.0 (cmd -0.0)
1.1521,-97.0,0.0,0.0,-97.0,-0.01,0.0,-97.0,-97.0,0.0 (cmd 0.0),0.0 (cmd -0.0)
1.1526,-97.0,0.0,0.0,-97.0,-0.01,0.0,-97.0,-97.0,0.0 (cmd 0.0),0.0 (cmd -0.0)
1.1531,-97.0,0.0,0.0,-97.0,-0.01,0.0,-97.0,-97.0,0.0 (cmd 0.0),0.0 (cmd -0.0)
1.1536,-97.0,0.0,0.0,-97.0,-0.01,0.0,-97.0,-97.0,0.0 (cmd 0.0),0.0 (cmd -0.0)
1.1541,-97.0,0.0,0.0,-97.0,-0.01,0.0,-97.0,-97.0,0.0 (cmd 0.0),0.0 (cmd -0.0)
1.1545999999999998,-97.0,0.0,0.0,-97.0,-0.01,0.0,-97.0,-97.0,0.0 (cmd 0.0),0.0 (cmd -0.0)
1.1551000000000002,-97.0,0.0,0.0,-97.0,-0.01,0.0,-97.0,-97.0,0.0 (cmd 0.0),0.0 (cmd -0.0)
1.1556,-97.0,0.0,0.0,-97.0,-0.01,0.0,-97.0,-97.0,0.0 (cmd 0.0),0.0 (cmd -0.0)
1.1561,-97.0,0.0,0.0,-97.0,-0.01,0.0,-97.0,-97.0,0.0 (cmd 0.0),0.0 (cmd -0.0)
1.1565999999999999,-97.0,0.0,0.0,-97.0,-0.01,0.0,-97.0,-97.0,0.0 (cmd 0.0),0.0 (cmd -0.0)
1.1571,-97.0,0.0,0.0,-97.0,-0.01,0.0,-97.0,-97.0,0.0 (cmd 0.0),0.0 (cmd -0.0)
1.1576000000000002,-97.0,0.0,0.0,-97.0,-0.01,0.0,-97.0,-97.0,0.0 (cmd 0.0),0.0 (cmd -0.0)
1.1581,-97.0,0.0,0.0,-97.0,-0.01,0.0,-97.0,-97.0,0.0 (cmd 0.0),0.0 (cmd -0.0)
1.1585999999999999,-97.0,0.0,0.0,-97.0,-0.01,0.0,-97.0,-97.0,0.0 (cmd 0.0),0.0 (cmd -0.0)
1.1591,-97.0,0.0,0.0,-97.0,-0.01,0.0,-97.0,-97.0,0.0 (cmd 0.0),0.0 (cmd -0.0)
1.1596,-97.0,0.0,0.0,-97.0,-0.01,0.0,-97.0,-97.0,0.0 (cmd 0.0),0.0 (cmd -0.0)
1.1601000000000001,-97.0,0.0,0.0,-97.0,-0.01,0.0,-97.0,-97.0,0.0 (cmd 0.0),0.0 (cmd -0.0)
1.1605999999999999,-97.0,0.0,0.0,-97.0,-0.01,0.0,-97.0,-97.0,0.0 (cmd 0.0),0.0 (cmd -0.0)
1.1610999999999998,-97.0,0.0,0.0,-97.0,-0.01,0.0,-97.0,-97.0,0.0 (cmd 0.0),0.0 (cmd -0.0)
1.1616,-97.0,0.0,0.0,-97.0,-0.01,0.0,-97.0,-97.0,0.0 (cmd 0.0),0.0 (cmd -0.0)
1.1621,-97.0,0.0,0.0,-97.0,-0.01,0.0,-97.0,-97.0,0.0 (cmd 0.0),0.0 (cmd -0.0)
1.1626,-97.0,0.0,0.0,-97.0,-0.01,0.0,-97.0,-97.0,0.0 (cmd 0.0),0.0 (cmd -0.0)
1.1630999999999998,-97.0,0.0,0.0,-97.0,-0.01,0.0,-97.0,-97.0,0.0 (cmd 0.0),0.0 (cmd -0.0)
1.1636,-97.0,0.0,0.0,-97.0,-0.01,0.0,-97.0,-97.0,0.0 (cmd 0.0),0.0 (cmd -0.0)
1.1641,-97.0,0.0,0.0,-97.0,-0.01,0.0,-97.0,-97.0,0.0 (cmd 0.0),0.0 (cmd -0.0)
1.1645999999999999,-97.0,0.0,0.0,-97.0,-0.01,0.0,-97.0,-97.0,0.0 (cmd 0.0),0.0 (cmd -0.0)
1.1651000000000002,-97.0,0.0,0.0,-97.0,-0.01,0.0,-97.0,-97.0,0.0 (cmd 0.0),0.0 (cmd -0.0)
1.1656,-97.0,0.0,0.0,-97.0,-0.01,0.0,-97.0,-97.0,0.0 (cmd 0.0),0.0 (cmd -0.0)
1.1661,-97.0,0.0,0.0,-97.0,-0.01,0.0,-97.0,-97.0,0.0 (cmd 0.0),0.0 (cmd -0.0)
1.1665999999999999,-97.0,0.0,0.0,-97.0,-0.01,0.0,-97.0,-97.0,0.0 (cmd 0.0),0.0 (cmd -0.0)
1.1670999999999998,-97.0,0.0,0.0,-97.0,-0.01,0.0,-97.0,-97.0,0.0 (cmd 0.0),0.0 (cmd -0.0)
1.1676000000000002,-97.0,0.0,0.0,-97.0,-0.01,0.0,-97.0,-97.0,0.0 (cmd 0.0),0.0 (cmd -0.0)
1.1681,-97.0,0.0,0.0,-97.0,-0.01,0.0,-97.0,-97.0,0.0 (cmd 0.0),0.0 (cmd -0.0)
1.1685999999999999,-97.0,0.0,0.0,-97.0,-0.01,0.0,-97.0,-97.0,0.0 (cmd 0.0),0.0 (cmd -0.0)
1.1690999999999998,-97.0,0.0,0.0,-97.0,-0.01,0.0,-97.0,-97.0,0.0 (cmd 0.0),0.0 (cmd -0.0)
1.1696,-97.0,0.0,0.0,-97.0,-0.01,0.0,-97.0,-97.0,0.0 (cmd 0.0),0.0 (cmd -0.0)
1.1701000000000001,-97.0,0.0,0.0,-97.0,-0.01,0.0,-97.0,-97.0,0.0 (cmd 0.0),0.0 (cmd -0.0)
1.1705999999999999,-97.0,0.0,0.0,-97.0,-0.01,0.0,-97.0,-97.0,0.0 (cmd 0.0),0.0 (cmd -0.0)
1.1710999999999998,-97.0,0.0,0.0,-97.0,-0.01,0.0,-97.0,-97.0,0.0 (cmd 0.0),0.0 (cmd -0.0)
1.1716,-97.0,0.0,0.0,-97.0,-0.01,0.0,-97.0,-97.0,0.0 (cmd 0.0),0.0 (cmd -0.0)
1.1721,-97.0,0.0,0.0,-97.0,-0.01,0.0,-97.0,-97.0,0.0 (cmd 0.0),0.0 (cmd -0.0)
1.1726,-97.0,0.0,0.0,-97.0,-0.01,0.0,-97.0,-97.0,0.0 (cmd 0.0),0.0 (cmd -0.0)
1.1730999999999998,-97.0,0.0,0.0,-97.0,-0.01,0.0,-97.0,-97.0,0.0 (cmd 0.0),0.0 (cmd -0.0)
1.1736,-97.0,0.0,0.0,-97.0,-0.01,0.0,-97.0,-97.0,0.0 (cmd 0.0),0.0 (cmd -0.0)
1.1741,-97.0,0.0,0.0,-97.0,-0.01,0.0,-97.0,-97.0,0.0 (cmd 0.0),0.0 (cmd -0.0)
1.1745999999999999,-97.0,0.0,0.0,-97.0,-0.01,0.0,-97.0,-97.0,0.0 (cmd 0.0),0.0 (cmd -0.0)
1.1751,-97.0,0.0,0.0,-97.0,-0.01,0.0,-97.0,-97.0,0.0 (cmd 0.0),0.0 (cmd -0.0)
1.1756,-97.0,0.0,0.0,-97.0,-0.01,0.0,-97.0,-97.0,0.0 (cmd 0.0),0.0 (cmd -0.0)
1.1761,-97.0,0.0,0.0,-97.0,-0.01,0.0,-97.0,-97.0,0.0 (cmd 0.0),0.0 (cmd -0.0)
1.1765999999999999,-97.0,0.0,0.0,-97.0,-0.01,0.0,-97.0,-97.0,0.0 (cmd 0.0),0.0 (cmd -0.0)
1.1770999999999998,-97.0,0.0,0.0,-97.0,-0.01,0.0,-97.0,-97.0,0.0 (cmd 0.0),0.0 (cmd -0.0)
1.1776000000000002,-97.0,0.0,0.0,-97.0,-0.01,0.0,-97.0,-97.0,0.0 (cmd 0.0),0.0 (cmd -0.0)
1.1781,-97.0,0.0,0.0,-97.0,-0.01,0.0,-97.0,-97.0,0.0 (cmd 0.0),0.0 (cmd -0.0)
1.1785999999999999,-97.0,0.0,0.0,-97.0,-0.01,0.0,-97.0,-97.0,0.0 (cmd 0.0),0.0 (cmd -0.0)
1.1790999999999998,-97.0,0.0,0.0,-97.0,-0.01,0.0,-97.0,-97.0,0.0 (cmd 0.0),0.0 (cmd -0.0)
1.1796,-97.0,0.0,0.0,-97.0,-0.01,0.0,-97.0,-97.0,0.0 (cmd 0.0),0.0 (cmd -0.0)
1.1801000000000001,-97.0,0.0,0.0,-97.0,-0.01,0.0,-97.0,-97.0,0.0 (cmd 0.0),0.0 (cmd -0.0)
1.1805999999999999,-97.0,0.0,0.0,-97.0,-0.01,0.0,-97.0,-97.0,0.0 (cmd 0.0),0.0 (cmd -0.0)
1.1810999999999998,-97.0,0.0,0.0,-97.0,-0.01,0.0,-97.0,-97.0,0.0 (cmd 0.0),0.0 (cmd -0.0)
1.1816,-97.0,0.0,0.0,-97.0,-0.01,0.0,-97.0,-97.0,0.0 (cmd 0.0),0.0 (cmd -0.0)
1.1821,-97.0,0.0,0.0,-97.0,-0.01,0.0,-97.0,-97.0,0.0 (cmd 0.0),0.0 (cmd -0.0)
1.1826,-97.0,0.0,0.0,-97.0,-0.01,0.0,-97.0,-97.0,0.0 (cmd 0.0),0.0 (cmd -0.0)
1.1830999999999998,-97.0,0.0,0.0,-97.0,-0.01,0.0,-97.0,-97.0,0.0 (cmd 0.0),0.0 (cmd -0.0)
1.1836,-97.0,0.0,0.0,-97.0,-0.01,0.0,-97.0,-97.0,0.0 (cmd 0.0),0.0 (cmd -0.0)
1.1841,-97.0,0.0,0.0,-97.0,-0.01,0.0,-97.0,-97.0,0.0 (cmd 0.0),0.0 (cmd -0.0)
1.1845999999999999,-97.0,0.0,0.0,-97.0,-0.01,0.0,-97.0,-97.0,0.0 (cmd 0.0),0.0 (cmd -0.0)
1.1851,-97.0,0.0,0.0,-97.0,-0.01,0.0,-97.0,-97.0,0.0 (cmd 0.0),0.0 (cmd -0.0)
1.1856,-97.0,0.0,0.0,-97.0,-0.01,0.0,-97.0,-97.0,0.0 (cmd 0.0),0.0 (cmd -0.0)
1.1861,-97.0,0.0,0.0,-97.0,-0.01,0.0,-97.0,-97.0,0.0 (cmd 0.0),0.0 (cmd -0.0)
1.1865999999999999,-97.0,0.0,0.0,-97.0,-0.01,0.0,-97.0,-97.0,0.0 (cmd 0.0),0.0 (cmd -0.0)
1.1870999999999998,-97.0,0.0,0.0,-97.0,-0.01,0.0,-97.0,-97.0,0.0 (cmd 0.0),0.0 (cmd -0.0)
1.1876000000000002,-97.0,0.0,0.0,-97.0,-0.01,0.0,-97.0,-97.0,0.0 (cmd 0.0),0.0 (cmd -0.0)
1.1881,-97.0,0.0,0.0,-97.0,-0.01,0.0,-97.0,-97.0,0.0 (cmd 0.0),0.0 (cmd -0.0)
1.1885999999999999,-97.0,0.0,0.0,-97.0,-0.01,0.0,-97.0,-97.0,0.0 (cmd 0.0),0.0 (cmd -0.0)
1.1890999999999998,-97.0,0.0,0.0,-97.0,-0.01,0.0,-97.0,-97.0,0.0 (cmd 0.0),0.0 (cmd -0.0)
1.1896,-97.0,0.0,0.0,-97.0,-0.01,0.0,-97.0,-97.0,0.0 (cmd 0.0),0.0 (cmd -0.0)
1.1901000000000002,-97.0,0.0,0.0,-97.0,-0.01,0.0,-97.0,-97.0,0.0 (cmd 0.0),0.0 (cmd -0.0)
1.1905999999999999,-97.0,0.0,0.0,-97.0,-0.01,0.0,-97.0,-97.0,0.0 (cmd 0.0),0.0 (cmd -0.0)
1.1910999999999998,-97.0,0.0,0.0,-97.0,-0.01,0.0,-97.0,-97.0,0.0 (cmd 0.0),0.0 (cmd -0.0)
1.1916,-97.0,0.0,0.0,-97.0,-0.01,0.0,-97.0,-97.0,0.0 (cmd 0.0),0.0 (cmd -0.0)
1.1921,-97.0,0.0,0.0,-97.0,-0.01,0.0,-97.0,-97.0,0.0 (cmd 0.0),0.0 (cmd -0.0)
1.1926,-97.0,0.0,0.0,-97.0,-0.01,0.0,-97.0,-97.0,0.0 (cmd 0.0),0.0 (cmd -0.0)
1.1930999999999998,-97.0,0.0,0.0,-97.0,-0.01,0.0,-97.0,-97.0,0.0 (cmd 0.0),0.0 (cmd -0.0)
1.1936,-97.0,0.0,0.0,-97.0,-0.01,0.0,-97.0,-97.0,0.0 (cmd 0.0),0.0 (cmd -0.0)
1.1941,-97.0,0.0,0.0,-97.0,-0.01,0.0,-97.0,-97.0,0.0 (cmd 0.0),0.0 (cmd -0.0)
1.1945999999999999,-97.0,0.0,0.0,-97.0,-0.01,0.0,-97.0,-97.0,0.0 (cmd 0.0),0.0 (cmd -0.0)
1.1951,-97.0,0.0,0.0,-97.0,-0.01,0.0,-97.0,-97.0,0.0 (cmd 0.0),0.0 (cmd -0.0)
1.1956,-97.0,0.0,0.0,-97.0,-0.01,0.0,-97.0,-97.0,0.0 (cmd 0.0),0.0 (cmd -0.0)
1.1961,-97.0,0.0,0.0,-97.0,-0.01,0.0,-97.0,-97.0,0.0 (cmd 0.0),0.0 (cmd -0.0)
1.1965999999999999,-97.0,0.0,0.0,-97.0,-0.01,0.0,-97.0,-97.0,0.0 (cmd 0.0),0.0 (cmd -0.0)
1.1970999999999998,-97.0,0.0,0.0,-97.0,-0.01,0.0,-97.0,-97.0,0.0 (cmd 0.0),0.0 (cmd -0.0)
1.1976000000000002,-97.0,0.0,0.0,-97.0,-0.01,0.0,-97.0,-97.0,0.0 (cmd 0.0),0.0 (cmd -0.0)
1.1981,-97.0,0.0,0.0,-97.0,-0.01,0.0,-97.0,-97.0,0.0 (cmd 0.0),0.0 (cmd -0.0)
1.1985999999999999,-97.0,0.0,0.0,-97.0,-0.01,0.0,-97.0,-97.0,0.0 (cmd 0.0),0.0 (cmd -0.0)
1.1990999999999998,-97.0,0.0,0.0,-97.0,-0.01,0.0,-97.0,-97.0,0.0 (cmd 0.0),0.0 (cmd -0.0)
1.1996,-97.0,0.0,0.0,-97.0,-0.01,0.0,-97.0,-97.0,0.0 (cmd 0.0),0.0 (cmd -0.0)
1.2001000000000002,-97.0,0.0,0.0,-97.0,-0.01,0.0,-97.0,-97.0,0.0 (cmd 0.0),0.0 (cmd -0.0)
1.2006,-97.0,0.0,0.0,-97.0,-0.01,0.0,-97.0,-97.0,0.0 (cmd 0.0),0.0 (cmd -0.0)
1.2010999999999998,-97.0,0.0,0.0,-97.0,-0.01,0.0,-97.0,-97.0,0.0 (cmd 0.0),0.0 (cmd -0.0)
1.2016,-97.0,0.0,0.0,-97.0,-0.01,0.0,-97.0,-97.0,0.0 (cmd 0.0),0.0 (cmd -0.0)
1.2021,-97.0,0.0,0.0,-97.0,-0.01,0.0,-97.0,-97.0,0.0 (cmd 0.0),0.0 (cmd -0.0)
1.2026000000000001,-97.0,0.0,0.0,-97.0,-0.01,0.0,-97.0,-97.0,0.0 (cmd 0.0),0.0 (cmd -0.0)
1.2030999999999998,-97.0,0.0,0.0,-97.0,-0.01,0.0,-97.0,-97.0,0.0 (cmd 0.0),0.0 (cmd -0.0)
1.2036,-97.0,0.0,0.0,-97.0,-0.01,0.0,-97.0,-97.0,0.0 (cmd 0.0),0.0 (cmd -0.0)
1.2041,-97.0,0.0,0.0,-97.0,-0.01,0.0,-97.0,-97.0,0.0 (cmd 0.0),0.0 (cmd -0.0)
1.2046,-97.0,0.0,0.0,-97.0,-0.01,0.0,-97.0,-97.0,0.0 (cmd 0.0),0.0 (cmd -0.0)
1.2051,-97.0,0.0,0.0,-97.0,-0.01,0.0,-97.0,-97.0,0.0 (cmd 0.0),0.0 (cmd -0.0)
1.2056,-97.0,0.0,0.0,-97.0,-0.01,0.0,-97.0,-97.0,0.0 (cmd 0.0),0.0 (cmd -0.0)
1.2061,-97.0,0.0,0.0,-97.0,-0.01,0.0,-97.0,-97.0,0.0 (cmd 0.0),0.0 (cmd -0.0)
1.2066,-97.0,0.0,0.0,-97.0,-0.01,0.0,-97.0,-97.0,0.0 (cmd 0.0),0.0 (cmd -0.0)
1.2070999999999998,-97.0,0.0,0.0,-97.0,-0.01,0.0,-97.0,-97.0,0.0 (cmd 0.0),0.0 (cmd -0.0)
1.2076000000000002,-97.0,0.0,0.0,-97.0,-0.01,0.0,-97.0,-97.0,0.0 (cmd 0.0),0.0 (cmd -0.0)
1.2081,-97.0,0.0,0.0,-97.0,-0.01,0.0,-97.0,-97.0,0.0 (cmd 0.0),0.0 (cmd -0.0)
1.2086,-97.0,0.0,0.0,-97.0,-0.01,0.0,-97.0,-97.0,0.0 (cmd 0.0),0.0 (cmd -0.0)
1.2090999999999998,-97.0,0.0,0.0,-97.0,-0.01,0.0,-97.0,-97.0,0.0 (cmd 0.0),0.0 (cmd -0.0)
1.2096,-97.0,0.0,0.0,-97.0,-0.01,0.0,-97.0,-97.0,0.0 (cmd 0.0),0.0 (cmd -0.0)
1.2101000000000002,-97.0,0.0,0.0,-97.0,-0.01,0.0,-97.0,-97.0,0.0 (cmd 0.0),0.0 (cmd -0.0)
1.2106,-97.0,0.0,0.0,-97.0,-0.01,0.0,-97.0,-97.0,0.0 (cmd 0.0),0.0 (cmd -0.0)
1.2110999999999998,-97.0,0.0,0.0,-97.0,-0.01,0.0,-97.0,-97.0,0.0 (cmd 0.0),0.0 (cmd -0.0)
1.2116,-97.0,0.0,0.0,-97.0,-0.01,0.0,-97.0,-97.0,0.0 (cmd 0.0),0.0 (cmd -0.0)
1.2121,-97.0,0.0,0.0,-97.0,-0.01,0.0,-97.0,-97.0,0.0 (cmd 0.0),0.0 (cmd -0.0)
1.2126000000000001,-97.0,0.0,0.0,-97.0,-0.01,0.0,-97.0,-97.0,0.0 (cmd 0.0),0.0 (cmd -0.0)
1.2130999999999998,-97.0,0.0,0.0,-97.0,-0.01,0.0,-97.0,-97.0,0.0 (cmd 0.0),0.0 (cmd -0.0)
1.2136,-97.0,0.0,0.0,-97.0,-0.01,0.0,-97.0,-97.0,0.0 (cmd 0.0),0.0 (cmd -0.0)
1.2141,-97.0,0.0,0.0,-97.0,-0.01,0.0,-97.0,-97.0,0.0 (cmd 0.0),0.0 (cmd -0.0)
1.2146,-97.0,0.0,0.0,-97.0,-0.01,0.0,-97.0,-97.0,0.0 (cmd 0.0),0.0 (cmd -0.0)
1.2151,-97.0,0.0,0.0,-97.0,-0.01,0.0,-97.0,-97.0,0.0 (cmd 0.0),0.0 (cmd -0.0)
1.2156,-97.0,0.0,0.0,-97.0,-0.01,0.0,-97.0,-97.0,0.0 (cmd 0.0),0.0 (cmd -0.0)
1.2161,-97.0,0.0,0.0,-97.0,-0.01,0.0,-97.0,-97.0,0.0 (cmd 0.0),0.0 (cmd -0.0)
1.2166,-97.0,0.0,0.0,-97.0,-0.01,0.0,-97.0,-97.0,0.0 (cmd 0.0),0.0 (cmd -0.0)
1.2170999999999998,-97.0,0.0,0.0,-97.0,-0.01,0.0,-97.0,-97.0,0.0 (cmd 0.0),0.0 (cmd -0.0)
1.2176000000000002,-97.0,0.0,0.0,-97.0,-0.01,0.0,-97.0,-97.0,0.0 (cmd 0.0),0.0 (cmd -0.0)
1.2181,-97.0,0.0,0.0,-97.0,-0.01,0.0,-97.0,-97.0,0.0 (cmd 0.0),0.0 (cmd -0.0)
1.2186,-97.0,0.0,0.0,-97.0,-0.01,0.0,-97.0,-97.0,0.0 (cmd 0.0),0.0 (cmd -0.0)
1.2190999999999999,-97.0,0.0,0.0,-97.0,-0.01,0.0,-97.0,-97.0,0.0 (cmd 0.0),0.0 (cmd -0.0)
1.2196,-97.0,0.0,0.0,-97.0,-0.01,0.0,-97.0,-97.0,0.0 (cmd 0.0),0.0 (cmd -0.0)
1.2201000000000002,-97.0,0.0,0.0,-97.0,-0.01,0.0,-97.0,-97.0,0.0 (cmd 0.0),0.0 (cmd -0.0)
1.2206,-97.0,0.0,0.0,-97.0,-0.01,0.0,-97.0,-97.0,0.0 (cmd 0.0),0.0 (cmd -0.0)
1.2210999999999999,-97.0,0.0,0.0,-97.0,-0.01,0.0,-97.0,-97.0,0.0 (cmd 0.0),0.0 (cmd -0.0)
1.2216,-97.0,0.0,0.0,-97.0,-0.01,0.0,-97.0,-97.0,0.0 (cmd 0.0),0.0 (cmd -0.0)
1.2221,-97.0,0.0,0.0,-97.0,-0.01,0.0,-97.0,-97.0,0.0 (cmd 0.0),0.0 (cmd -0.0)
1.2226000000000001,-97.0,0.0,0.0,-97.0,-0.01,0.0,-97.0,-97.0,0.0 (cmd 0.0),0.0 (cmd -0.0)
1.2230999999999999,-97.0,0.0,0.0,-97.0,-0.01,0.0,-97.0,-97.0,0.0 (cmd 0.0),0.0 (cmd -0.0)
1.2235999999999998,-97.0,0.0,0.0,-97.0,-0.01,0.0,-97.0,-97.0,0.0 (cmd 0.0),0.0 (cmd -0.0)
1.2241,-97.0,0.0,0.0,-97.0,-0.01,0.0,-97.0,-97.0,0.0 (cmd 0.0),0.0 (cmd -0.0)
1.2246,-97.0,0.0,0.0,-97.0,-0.01,0.0,-97.0,-97.0,0.0 (cmd 0.0),0.0 (cmd -0.0)
1.2251,-97.0,0.0,0.0,-97.0,-0.01,0.0,-97.0,-97.0,0.0 (cmd 0.0),0.0 (cmd -0.0)
1.2255999999999998,-97.0,0.0,0.0,-97.0,-0.01,0.0,-97.0,-97.0,0.0 (cmd 0.0),0.0 (cmd -0.0)
1.2261,-97.0,0.0,0.0,-97.0,-0.01,0.0,-97.0,-97.0,0.0 (cmd 0.0),0.0 (cmd -0.0)
1.2266,-97.0,0.0,0.0,-97.0,-0.01,0.0,-97.0,-97.0,0.0 (cmd 0.0),0.0 (cmd -0.0)
1.2270999999999999,-97.0,0.0,0.0,-97.0,-0.01,0.0,-97.0,-97.0,0.0 (cmd 0.0),0.0 (cmd -0.0)
1.2276000000000002,-97.0,0.0,0.0,-97.0,-0.01,0.0,-97.0,-97.0,0.0 (cmd 0.0),0.0 (cmd -0.0)
1.2281,-97.0,0.0,0.0,-97.0,-0.01,0.0,-97.0,-97.0,0.0 (cmd 0.0),0.0 (cmd -0.0)
1.2286,-97.0,0.0,0.0,-97.0,-0.01,0.0,-97.0,-97.0,0.0 (cmd 0.0),0.0 (cmd -0.0)
1.2290999999999999,-97.0,0.0,0.0,-97.0,-0.01,0.0,-97.0,-97.0,0.0 (cmd 0.0),0.0 (cmd -0.0)
1.2295999999999998,-97.0,0.0,0.0,-97.0,-0.01,0.0,-97.0,-97.0,0.0 (cmd 0.0),0.0 (cmd -0.0)
1.2301000000000002,-97.0,0.0,0.0,-97.0,-0.01,0.0,-97.0,-97.0,0.0 (cmd 0.0),0.0 (cmd -0.0)
1.2306,-97.0,0.0,0.0,-97.0,-0.01,0.0,-97.0,-97.0,0.0 (cmd 0.0),0.0 (cmd -0.0)
1.2310999999999999,-97.0,0.0,0.0,-97.0,-0.01,0.0,-97.0,-97.0,0.0 (cmd 0.0),0.0 (cmd -0.0)
1.2315999999999998,-97.0,0.0,0.0,-97.0,-0.01,0.0,-97.0,-97.0,0.0 (cmd 0.0),0.0 (cmd -0.0)
1.2321,-97.0,0.0,0.0,-97.0,-0.01,0.0,-97.0,-97.0,0.0 (cmd 0.0),0.0 (cmd -0.0)
1.2326000000000001,-97.0,0.0,0.0,-97.0,-0.01,0.0,-97.0,-97.0,0.0 (cmd 0.0),0.0 (cmd -0.0)
1.2330999999999999,-97.0,0.0,0.0,-97.0,-0.01,0.0,-97.0,-97.0,0.0 (cmd 0.0),0.0 (cmd -0.0)
1.2335999999999998,-97.0,0.0,0.0,-97.0,-0.01,0.0,-97.0,-97.0,0.0 (cmd 0.0),0.0 (cmd -0.0)
1.2341,-97.0,0.0,0.0,-97.0,-0.01,0.0,-97.0,-97.0,0.0 (cmd 0.0),0.0 (cmd -0.0)
1.2346,-97.0,0.0,0.0,-97.0,-0.01,0.0,-97.0,-97.0,0.0 (cmd 0.0),0.0 (cmd -0.0)
1.2351,-97.0,0.0,0.0,-97.0,-0.01,0.0,-97.0,-97.0,0.0 (cmd 0.0),0.0 (cmd -0.0)
1.2355999999999998,-97.0,0.0,0.0,-97.0,-0.01,0.0,-97.0,-97.0,0.0 (cmd 0.0),0.0 (cmd -0.0)
1.2361,-97.0,0.0,0.0,-97.0,-0.01,0.0,-97.0,-97.0,0.0 (cmd 0.0),0.0 (cmd -0.0)
1.2366,-97.0,0.0,0.0,-97.0,-0.01,0.0,-97.0,-97.0,0.0 (cmd 0.0),0.0 (cmd -0.0)
1.2370999999999999,-97.0,0.0,0.0,-97.0,-0.01,0.0,-97.0,-97.0,0.0 (cmd 0.0),0.0 (cmd -0.0)
1.2376,-97.0,0.0,0.0,-97.0,-0.01,0.0,-97.0,-97.0,0.0 (cmd 0.0),0.0 (cmd -0.0)
1.2381,-97.0,0.0,0.0,-97.0,-0.01,0.0,-97.0,-97.0,0.0 (cmd 0.0),0.0 (cmd -0.0)
1.2386,-97.0,0.0,0.0,-97.0,-0.01,0.0,-97.0,-97.0,0.0 (cmd 0.0),0.0 (cmd -0.0)
1.2390999999999999,-97.0,0.0,0.0,-97.0,-0.01,0.0,-97.0,-97.0,0.0 (cmd 0.0),0.0 (cmd -0.0)
1.2395999999999998,-97.0,0.0,0.0,-97.0,-0.01,0.0,-97.0,-97.0,0.0 (cmd 0.0),0.0 (cmd -0.0)
1.2401000000000002,-97.0,0.0,0.0,-97.0,-0.01,0.0,-97.0,-97.0,0.0 (cmd 0.0),0.0 (cmd -0.0)
1.2406,-97.0,0.0,0.0,-97.0,-0.01,0.0,-97.0,-97.0,0.0 (cmd 0.0),0.0 (cmd -0.0)
1.2410999999999999,-97.0,0.0,0.0,-97.0,-0.01,0.0,-97.0,-97.0,0.0 (cmd 0.0),0.0 (cmd -0.0)
1.2415999999999998,-97.0,0.0,0.0,-97.0,-0.01,0.0,-97.0,-97.0,0.0 (cmd 0.0),0.0 (cmd -0.0)
1.2421,-97.0,0.0,0.0,-97.0,-0.01,0.0,-97.0,-97.0,0.0 (cmd 0.0),0.0 (cmd -0.0)
1.2426000000000001,-97.0,0.0,0.0,-97.0,-0.01,0.0,-97.0,-97.0,0.0 (cmd 0.0),0.0 (cmd -0.0)
1.2430999999999999,-97.0,0.0,0.0,-97.0,-0.01,0.0,-97.0,-97.0,0.0 (cmd 0.0),0.0 (cmd -0.0)
1.2435999999999998,-97.0,0.0,0.0,-97.0,-0.01,0.0,-97.0,-97.0,0.0 (cmd 0.0),0.0 (cmd -0.0)
1.2441,-97.0,0.0,0.0,-97.0,-0.01,0.0,-97.0,-97.0,0.0 (cmd 0.0),0.0 (cmd -0.0)
1.2446,-97.0,0.0,0.0,-97.0,-0.01,0.0,-97.0,-97.0,0.0 (cmd 0.0),0.0 (cmd -0.0)
1.2451,-97.0,0.0,0.0,-97.0,-0.01,0.0,-97.0,-97.0,0.0 (cmd 0.0),0.0 (cmd -0.0)
1.2455999999999998,-97.0,0.0,0.0,-97.0,-0.01,0.0,-97.0,-97.0,0.0 (cmd 0.0),0.0 (cmd -0.0)
1.2461,-97.0,0.0,0.0,-97.0,-0.01,0.0,-97.0,-97.0,0.0 (cmd 0.0),0.0 (cmd -0.0)
1.2466,-97.0,0.0,0.0,-97.0,-0.01,0.0,-97.0,-97.0,0.0 (cmd 0.0),0.0 (cmd -0.0)
1.2470999999999999,-97.0,0.0,0.0,-97.0,-0.01,0.0,-97.0,-97.0,0.0 (cmd 0.0),0.0 (cmd -0.0)
1.2476,-97.0,0.0,0.0,-97.0,-0.01,0.0,-97.0,-97.0,0.0 (cmd 0.0),0.0 (cmd -0.0)
1.2481,-97.0,0.0,0.0,-97.0,-0.01,0.0,-97.0,-97.0,0.0 (cmd 0.0),0.0 (cmd -0.0)
0.0005,18.17,3.54,0.0,4.83,-11.99,0.0,4.8,18.2,0.0 (cmd 3.5),0.0 (cmd -12.0)
0.001,18.06,4.56,0.0,8.39,3.34,0.0,8.4,18.1,0.0 (cmd 4.6),0.0 (cmd 3.3)
0.0015,17.87,3.5,0.0,11.34,3.35,0.0,11.3,17.9,0.0 (cmd 3.5),0.0 (cmd 3.4)
0.002,17.7,2.78,0.0,11.49,2.94,0.0,11.5,17.7,0.0 (cmd 2.8),0.0 (cmd 2.9)
0.0025,17.67,2.33,0.0,11.59,2.27,0.0,11.6,17.7,0.0 (cmd 2.3),0.0 (cmd 2.3)
0.003,17.65,1.95,0.0,12.13,1.91,0.0,12.1,17.6,0.0 (cmd 1.9),0.0 (cmd 1.9)
0.0035,17.7,1.66,0.0,12.23,1.53,0.0,12.2,17.7,0.0 (cmd 1.7),0.0 (cmd 1.5)
0.004,17.79,1.45,0.0,12.23,1.27,0.0,12.2,17.8,0.0 (cmd 1.4),0.0 (cmd 1.3)
0.0045,17.86,1.29,0.0,12.84,1.12,0.0,12.8,17.9,0.0 (cmd 1.3),0.0 (cmd 1.1)
0.005,17.96,1.13,0.0,13.78,1.21,0.0,13.8,18.0,0.0 (cmd 1.1),0.0 (cmd 1.2)
0.0055,18.27,1.0,0.0,14.01,1.29,0.0,14.0,18.3,0.0 (cmd 1.0),0.0 (cmd 1.3)
0.006,18.69,0.97,0.0,14.27,1.3,0.0,14.3,18.7,0.0 (cmd 1.0),0.0 (cmd 1.3)
0.0065,18.91,0.88,0.0,15.47,1.52,0.0,15.5,18.9,0.0 (cmd 0.9),0.0 (cmd 1.5)
0.007,19.08,0.71,0.0,16.11,1.6,0.0,16.1,19.1,0.0 (cmd 0.7),0.0 (cmd 1.6)
0.0075,19.11,0.53,0.0,16.39,1.75,0.0,16.4,19.1,0.0 (cmd 0.5),0.0 (cmd 1.8)
0.008,19.01,0.32,0.0,16.51,1.86,0.0,16.5,19.0,0.0 (cmd 0.3),0.0 (cmd 1.9)
0.0085,16.8,0.01,0.0,16.48,1.88,0.0,16.5,16.8,0.0 (cmd 0.0),0.0 (cmd 1.9)
0.009,13.79,-0.46,0.0,16.41,1.85,0.0,16.4,13.8,0.0 (cmd -0.5),0.0 (cmd 1.9)
0.0095,10.55,-0.91,0.0,16.37,1.84,0.0,16.4,10.6,0.0 (cmd -0.9),0.0 (cmd 1.8)
0.01,6.29,-2.14,0.0,16.26,1.95,0.0,16.3,6.3,0.0 (cmd -2.1),0.0 (cmd 1.9)
0.0105,2.42,-2.53,0.0,16.17,1.93,0.0,16.2,2.4,0.0 (cmd -2.5),0.0 (cmd 1.9)
0.011,-7.74,-3.61,0.0,16.13,2.07,0.0,16.1,-7.7,0.0 (cmd -3.6),0.0 (cmd 2.1)
0.0115,-9.08,-4.29,0.0,16.13,2.07,0.0,16.1,-9.1,0.0 (cmd -4.3),0.0 (cmd 2.1)
0.012,-24.23,-5.09,0.0,16.27,2.11,0.0,16.3,-24.2,0.0 (cmd -5.1),0.0 (cmd 2.1)
0.0125,-31.18,-7.87,0.0,16.37,2.7,0.0,16.4,-31.2,0.0 (cmd -7.9),0.0 (cmd 2.7)
0.013,-27.35,-5.35,0.0,16.37,2.0,0.0,16.4,-27.4,0.0 (cmd -5.3),0.0 (cmd 2.0)
0.0135,-3.6,-2.31,0.0,16.8,1.48,0.0,16.8,-3.6,0.0 (cmd -2.3),0.0 (cmd 1.5)
0.014,1.54,2.91,0.0,17.81,1.24,0.0,17.8,1.5,0.0 (cmd 2.9),0.0 (cmd 1.2)
0.0145,4.66,2.8,0.0,17.74,1.31,0.0,17.7,4.7,0.0 (cmd 2.8),0.0 (cmd 1.3)
0.015,7.87,2.59,0.0,17.55,1.34,0.0,17.6,7.9,0.0 (cmd 2.6),0.0 (cmd 1.3)
0.0155,10.19,2.13,0.0,17.51,1.45,0.0,17.5,10.2,0.0 (cmd 2.1),0.0 (cmd 1.4)
0.016,12.8,1.73,0.0,17.41,1.56,0.0,17.4,12.8,0.0 (cmd 1.7),0.0 (cmd 1.6)
0.0165,13.85,1.37,0.0,17.31,1.7,0.0,17.3,13.8,0.0 (cmd 1.4),0.0 (cmd 1.7)
0.017,15.85,0.96,0.0,17.27,1.87,0.0,17.3,15.8,0.0 (cmd 1.0),0.0 (cmd 1.9)
0.0175,19.42,0.65,0.0,17.26,2.06,0.0,17.3,19.4,0.0 (cmd 0.7),0.0 (cmd 2.1)
0.018,19.14,0.34,0.0,17.24,2.26,0.0,17.2,19.1,0.0 (cmd 0.3),0.0 (cmd 2.3)
0.0185,19.11,-0.01,0.0,17.16,2.35,0.0,17.2,19.1,0.0 (cmd -0.0),0.0 (cmd 2.4)
0.019,19.66,-0.23,0.0,17.1,2.42,0.0,17.1,19.7,0.0 (cmd -0.2),0.0 (cmd 2.4)
0.0195,20.38,-0.38,0.0,17.11,2.48,0.0,17.1,20.4,0.0 (cmd -0.4),0.0 (cmd 2.5)
0.02,20.6,-0.48,0.0,17.24,2.53,0.0,17.2,20.6,0.0 (cmd -0.5),0.0 (cmd 2.5)
0.0205,20.47,-0.56,0.0,17.28,2.58,0.0,17.3,20.5,0.0 (cmd -0.6),0.0 (cmd 2.6)
0.021,20.13,-0.67,0.0,17.35,2.58,0.0,17.4,20.1,0.0 (cmd -0.7),0.0 (cmd 2.6)
0.0215,20.08,-0.75,0.0,17.37,2.59,0.0,17.4,20.1,0.0 (cmd -0.8),0.0 (cmd 2.6)
0.022,20.1,-0.79,0.0,17.39,2.6,0.0,17.4,20.1,0.0 (cmd -0.8),0.0 (cmd 2.6)
0.0225,20.08,-0.84,0.0,17.39,2.61,0.0,17.4,20.1,0.0 (cmd -0.8),0.0 (cmd 2.6)
0.023,20.02,-0.87,0.0,17.39,2.61,0.0,17.4,20.0,0.0 (cmd -0.9),0.0 (cmd 2.6)
0.0235,20.04,-0.91,0.0,17.34,2.6,0.0,17.3,20.0,0.0 (cmd -0.9),0.0 (cmd 2.6)
0.024,20.08,-0.93,0.0,17.27,2.6,0.0,17.3,20.1,0.0 (cmd -0.9),0.0 (cmd 2.6)
0.0245,20.04,-0.95,0.0,17.22,2.58,0.0,17.2,20.0,0.0 (cmd -0.9),0.0 (cmd 2.6)
0.025,20.0,-0.95,0.0,17.24,2.57,0.0,17.2,20.0,0.0 (cmd -0.9),0.0 (cmd 2.6)
0.0255,19.99,-0.95,0.0,17.26,2.57,0.0,17.3,20.0,0.0 (cmd -0.9),0.0 (cmd 2.6)
0.026,19.98,-0.94,0.0,17.26,2.58,0.0,17.3,20.0,0.0 (cmd -0.9),0.0 (cmd 2.6)
0.0265,19.95,-0.95,0.0,17.24,2.57,0.0,17.2,19.9,0.0 (cmd -0.9),0.0 (cmd 2.6)
0.027,19.93,-0.95,0.0,17.25,2.57,0.0,17.2,19.9,0.0 (cmd -0.9),0.0 (cmd 2.6)
0.0275,19.95,-0.95,0.0,17.29,2.57,0.0,17.3,19.9,0.0 (cmd -0.9),0.0 (cmd 2.6)
0.028,19.95,-0.94,0.0,17.32,2.58,0.0,17.3,19.9,0.0 (cmd -0.9),0.0 (cmd 2.6)
0.0285,19.96,-0.94,0.0,17.35,2.59,0.0,17.4,20.0,0.0 (cmd -0.9),0.0 (cmd 2.6)
0.029,19.97,-0.95,0.0,17.35,2.6,0.0,17.4,20.0,0.0 (cmd -0.9),0.0 (cmd 2.6)
0.0295,19.96,-0.96,0.0,17.35,2.6,0.0,17.4,20.0,0.0 (cmd -1.0),0.0 (cmd 2.6)
0.03,19.95,-0.97,0.0,17.34,2.6,0.0,17.3,19.9,0.0 (cmd -1.0),0.0 (cmd 2.6)
0.0305,19.93,-0.97,0.0,17.34,2.6,0.0,17.3,19.9,0.0 (cmd -1.0),0.0 (cmd 2.6)
0.031,19.9,-0.97,0.0,17.31,2.6,0.0,17.3,19.9,0.0 (cmd -1.0),0.0 (cmd 2.6)
0.0315,19.84,-0.97,0.0,17.3,2.59,0.0,17.3,19.8,0.0 (cmd -1.0),0.0 (cmd 2.6)
0.032,19.78,-0.98,0.0,17.3,2.59,0.0,17.3,19.8,0.0 (cmd -1.0),0.0 (cmd 2.6)
0.0325,19.68,-0.98,0.0,17.27,2.57,0.0,17.3,19.7,0.0 (cmd -1.0),0.0 (cmd 2.6)
0.033,19.6,-0.98,0.0,17.26,2.57,0.0,17.3,19.6,0.0 (cmd -1.0),0.0 (cmd 2.6)
0.0335,19.49,-0.97,0.0,17.27,2.56,0.0,17.3,19.5,0.0 (cmd -1.0),0.0 (cmd 2.6)
0.034,19.45,-0.97,0.0,17.29,2.55,0.0,17.3,19.4,0.0 (cmd -1.0),0.0 (cmd 2.5)
0.0345,19.45,-0.97,0.0,17.28,2.55,0.0,17.3,19.4,0.0 (cmd -1.0),0.0 (cmd 2.5)
0.035,19.42,-0.96,0.0,17.3,2.55,0.0,17.3,19.4,0.0 (cmd -1.0),0.0 (cmd 2.5)
0.0355,19.4,-0.96,0.0,17.3,2.55,0.0,17.3,19.4,0.0 (cmd -1.0),0.0 (cmd 2.5)
0.036,19.37,-0.95,0.0,17.31,2.55,0.0,17.3,19.4,0.0 (cmd -0.9),0.0 (cmd 2.5)
0.0365,19.32,-0.96,0.0,17.3,2.55,0.0,17.3,19.3,0.0 (cmd -1.0),0.0 (cmd 2.5)
0.037,19.28,-0.96,0.0,17.3,2.55,0.0,17.3,19.3,0.0 (cmd -1.0),0.0 (cmd 2.5)
0.0375,19.24,-0.95,0.0,17.29,2.54,0.0,17.3,19.2,0.0 (cmd -0.9),0.0 (cmd 2.5)
0.038,19.2,-0.95,0.0,17.28,2.54,0.0,17.3,19.2,0.0 (cmd -0.9),0.0 (cmd 2.5)
0.0385,19.17,-0.95,0.0,17.27,2.53,0.0,17.3,19.2,0.0 (cmd -0.9),0.0 (cmd 2.5)
0.039,19.14,-0.95,0.0,17.24,2.52,0.0,17.2,19.1,0.0 (cmd -0.9),0.0 (cmd 2.5)
0.0395,19.13,-0.94,0.0,17.22,2.52,0.0,17.2,19.1,0.0 (cmd -0.9),0.0 (cmd 2.5)
0.04,19.04,-0.94,0.0,17.21,2.51,0.0,17.2,19.0,0.0 (cmd -0.9),0.0 (cmd 2.5)
0.0405,18.98,-0.94,0.0,17.17,2.5,0.0,17.2,19.0,0.0 (cmd -0.9),0.0 (cmd 2.5)
0.041,18.94,-0.94,0.0,17.09,2.48,0.0,17.1,18.9,0.0 (cmd -0.9),0.0 (cmd 2.5)
0.0415,18.89,-0.93,0.0,16.99,2.45,0.0,17.0,18.9,0.0 (cmd -0.9),0.0 (cmd 2.5)
0.042,18.84,-0.91,0.0,16.8,2.43,0.0,16.8,18.8,0.0 (cmd -0.9),0.0 (cmd 2.4)
0.0425,18.8,-0.89,0.0,16.75,2.37,0.0,16.8,18.8,0.0 (cmd -0.9),0.0 (cmd 2.4)
0.043,18.75,-0.86,0.0,16.72,2.34,0.0,16.7,18.8,0.0 (cmd -0.9),0.0 (cmd 2.3)
0.0435,18.69,-0.84,0.0,16.67,2.31,0.0,16.7,18.7,0.0 (cmd -0.8),0.0 (cmd 2.3)
0.044,18.65,-0.81,0.0,16.65,2.29,0.0,16.6,18.6,0.0 (cmd -0.8),0.0 (cmd 2.3)
0.0445,18.62,-0.78,0.0,16.68,2.28,0.0,16.7,18.6,0.0 (cmd -0.8),0.0 (cmd 2.3)
0.045,18.56,-0.76,0.0,16.68,2.28,0.0,16.7,18.6,0.0 (cmd -0.8),0.0 (cmd 2.3)
0.0455,18.47,-0.75,0.0,16.67,2.28,0.0,16.7,18.5,0.0 (cmd -0.8),0.0 (cmd 2.3)
0.046,18.43,-0.75,0.0,16.66,2.26,0.0,16.7,18.4,0.0 (cmd -0.8),0.0 (cmd 2.3)
0.0465,18.41,-0.74,0.0,16.61,2.24,0.0,16.6,18.4,0.0 (cmd -0.7),0.0 (cmd 2.2)
0.047,18.41,-0.72,0.0,16.58,2.23,0.0,16.6,18.4,0.0 (cmd -0.7),0.0 (cmd 2.2)
0.0475,18.4,-0.71,0.0,16.56,2.22,0.0,16.6,18.4,0.0 (cmd -0.7),0.0 (cmd 2.2)
0.048,18.39,-0.69,0.0,16.51,2.21,0.0,16.5,18.4,0.0 (cmd -0.7),0.0 (cmd 2.2)
0.0485,18.39,-0.68,0.0,16.5,2.2,0.0,16.5,18.4,0.0 (cmd -0.7),0.0 (cmd 2.2)
0.049,18.41,-0.67,0.0,16.49,2.19,0.0,16.5,18.4,0.0 (cmd -0.7),0.0 (cmd 2.2)
0.0495,18.41,-0.65,0.0,16.46,2.19,0.0,16.5,18.4,0.0 (cmd -0.7),0.0 (cmd 2.2)
0.05,18.4,-0.65,0.0,16.45,2.18,0.0,16.4,18.4,0.0 (cmd -0.7),0.0 (cmd 2.2)
0.0505,18.39,-0.64,0.0,16.47,2.17,0.0,16.5,18.4,0.0 (cmd -0.6),0.0 (cmd 2.2)
0.051,18.36,-0.63,0.0,16.45,2.17,0.0,16.4,18.4,0.0 (cmd -0.6),0.0 (cmd 2.2)
0.0515,18.35,-0.63,0.0,16.39,2.16,0.0,16.4,18.4,0.0 (cmd -0.6),0.0 (cmd 2.2)
0.052,18.34,-0.62,0.0,16.36,2.15,0.0,16.4,18.3,0.0 (cmd -0.6),0.0 (cmd 2.1)
0.0525,18.36,-0.61,0.0,16.34,2.14,0.0,16.3,18.4,0.0 (cmd -0.6),0.0 (cmd 2.1)
0.053,18.38,-0.6,0.0,16.34,2.13,0.0,16.3,18.4,0.0 (cmd -0.6),0.0 (cmd 2.1)
0.0535,18.41,-0.59,0.0,16.33,2.13,0.0,16.3,18.4,0.0 (cmd -0.6),0.0 (cmd 2.1)
0.054,18.45,-0.58,0.0,16.32,2.13,0.0,16.3,18.4,0.0 (cmd -0.6),0.0 (cmd 2.1)
0.0545,18.51,-0.57,0.0,16.31,2.12,0.0,16.3,18.5,0.0 (cmd -0.6),0.0 (cmd 2.1)
0.055,18.54,-0.56,0.0,16.31,2.12,0.0,16.3,18.5,0.0 (cmd -0.6),0.0 (cmd 2.1)
0.0555,18.56,-0.56,0.0,16.29,2.12,0.0,16.3,18.6,0.0 (cmd -0.6),0.0 (cmd 2.1)
0.056,18.57,-0.56,0.0,16.22,2.11,0.0,16.2,18.6,0.0 (cmd -0.6),0.0 (cmd 2.1)
0.0565,18.56,-0.56,0.0,16.2,2.1,0.0,16.2,18.6,0.0 (cmd -0.6),0.0 (cmd 2.1)
0.057,18.53,-0.55,0.0,16.17,2.08,0.0,16.2,18.5,0.0 (cmd -0.6),0.0 (cmd 2.1)
0.0575,18.51,-0.55,0.0,16.15,2.07,0.0,16.1,18.5,0.0 (cmd -0.6),0.0 (cmd 2.1)
0.058,18.51,-0.54,0.0,16.15,2.07,0.0,16.1,18.5,0.0 (cmd -0.5),0.0 (cmd 2.1)
0.0585,18.52,-0.53,0.0,16.13,2.06,0.0,16.1,18.5,0.0 (cmd -0.5),0.0 (cmd 2.1)
0.059,18.52,-0.52,0.0,16.13,2.06,0.0,16.1,18.5,0.0 (cmd -0.5),0.0 (cmd 2.1)
0.0595,18.54,-0.51,0.0,16.13,2.05,0.0,16.1,18.5,0.0 (cmd -0.5),0.0 (cmd 2.0)
0.06,18.56,-0.51,0.0,16.13,2.05,0.0,16.1,18.6,0.0 (cmd -0.5),0.0 (cmd 2.0)
0.0605,18.57,-0.5,0.0,16.13,2.05,0.0,16.1,18.6,0.0 (cmd -0.5),0.0 (cmd 2.0)
0.061,18.63,-0.5,0.0,16.12,2.05,0.0,16.1,18.6,0.0 (cmd -0.5),0.0 (cmd 2.0)
0.0615,18.69,-0.49,0.0,16.12,2.05,0.0,16.1,18.7,0.0 (cmd -0.5),0.0 (cmd 2.0)
0.062,18.72,-0.49,0.0,16.16,2.05,0.0,16.2,18.7,0.0 (cmd -0.5),0.0 (cmd 2.0)
0.0625,18.76,-0.48,0.0,16.18,2.07,0.0,16.2,18.8,0.0 (cmd -0.5),0.0 (cmd 2.1)
0.063,18.78,-0.49,0.0,16.24,2.07,0.0,16.2,18.8,0.0 (cmd -0.5),0.0 (cmd 2.1)
0.0635,18.8,-0.49,0.0,16.34,2.09,0.0,16.3,18.8,0.0 (cmd -0.5),0.0 (cmd 2.1)
0.064,18.81,-0.5,0.0,16.4,2.12,0.0,16.4,18.8,0.0 (cmd -0.5),0.0 (cmd 2.1)
0.0645,18.82,-0.51,0.0,16.42,2.14,0.0,16.4,18.8,0.0 (cmd -0.5),0.0 (cmd 2.1)
0.065,18.84,-0.53,0.0,16.43,2.15,0.0,16.4,18.8,0.0 (cmd -0.5),0.0 (cmd 2.1)
0.0655,18.84,-0.55,0.0,16.43,2.16,0.0,16.4,18.8,0.0 (cmd -0.6),0.0 (cmd 2.2)
0.066,18.86,-0.56,0.0,16.43,2.16,0.0,16.4,18.9,0.0 (cmd -0.6),0.0 (cmd 2.2)
0.0665,18.9,-0.57,0.0,16.45,2.17,0.0,16.4,18.9,0.0 (cmd -0.6),0.0 (cmd 2.2)
0.067,18.92,-0.57,0.0,16.46,2.17,0.0,16.5,18.9,0.0 (cmd -0.6),0.0 (cmd 2.2)
0.0675,18.98,-0.58,0.0,16.46,2.18,0.0,16.5,19.0,0.0 (cmd -0.6),0.0 (cmd 2.2)
0.068,19.02,-0.58,0.0,16.47,2.19,0.0,16.5,19.0,0.0 (cmd -0.6),0.0 (cmd 2.2)
0.0685,19.05,-0.59,0.0,16.48,2.2,0.0,16.5,19.1,0.0 (cmd -0.6),0.0 (cmd 2.2)
0.069,19.07,-0.6,0.0,16.46,2.2,0.0,16.5,19.1,0.0 (cmd -0.6),0.0 (cmd 2.2)
0.0695,19.05,-0.6,0.0,16.46,2.2,0.0,16.5,19.1,0.0 (cmd -0.6),0.0 (cmd 2.2)
0.07,19.03,-0.61,0.0,16.5,2.19,0.0,16.5,19.0,0.0 (cmd -0.6),0.0 (cmd 2.2)
0.0705,19.03,-0.61,0.0,16.55,2.2,0.0,16.6,19.0,0.0 (cmd -0.6),0.0 (cmd 2.2)
0.071,18.99,-0.62,0.0,16.57,2.22,0.0,16.6,19.0,0.0 (cmd -0.6),0.0 (cmd 2.2)
0.0715,18.96,-0.62,0.0,16.69,2.25,0.0,16.7,19.0,0.0 (cmd -0.6),0.0 (cmd 2.2)
0.072,18.92,-0.64,0.0,16.8,2.27,0.0,16.8,18.9,0.0 (cmd -0.6),0.0 (cmd 2.3)
0.0725,18.84,-0.66,0.0,16.86,2.3,0.0,16.9,18.8,0.0 (cmd -0.7),0.0 (cmd 2.3)
0.073,18.76,-0.68,0.0,16.98,2.33,0.0,17.0,18.8,0.0 (cmd -0.7),0.0 (cmd 2.3)
0.0735,18.69,-0.72,0.0,16.98,2.34,0.0,17.0,18.7,0.0 (cmd -0.7),0.0 (cmd 2.3)
0.074,18.64,-0.74,0.0,16.97,2.35,0.0,17.0,18.6,0.0 (cmd -0.7),0.0 (cmd 2.4)
0.0745,18.6,-0.76,0.0,16.96,2.35,0.0,17.0,18.6,0.0 (cmd -0.8),0.0 (cmd 2.4)
0.075,18.55,-0.77,0.0,16.93,2.35,0.0,16.9,18.6,0.0 (cmd -0.8),0.0 (cmd 2.4)
0.0755,18.46,-0.78,0.0,16.94,2.35,0.0,16.9,18.5,0.0 (cmd -0.8),0.0 (cmd 2.4)
0.076,18.41,-0.79,0.0,16.96,2.35,0.0,17.0,18.4,0.0 (cmd -0.8),0.0 (cmd 2.4)
0.0765,18.36,-0.79,0.0,16.96,2.35,0.0,17.0,18.4,0.0 (cmd -0.8),0.0 (cmd 2.4)
0.077,18.33,-0.79,0.0,16.97,2.35,0.0,17.0,18.3,0.0 (cmd -0.8),0.0 (cmd 2.4)
0.0775,18.28,-0.79,0.0,16.97,2.35,0.0,17.0,18.3,0.0 (cmd -0.8),0.0 (cmd 2.4)
0.078,18.25,-0.79,0.0,16.98,2.35,0.0,17.0,18.2,0.0 (cmd -0.8),0.0 (cmd 2.4)
0.0785,18.13,-0.8,0.0,16.84,2.35,0.0,16.8,18.1,0.0 (cmd -0.8),0.0 (cmd 2.4)
0.079,18.08,-0.81,0.0,16.78,2.3,0.0,16.8,18.1,0.0 (cmd -0.8),0.0 (cmd 2.3)
0.0795,18.04,-0.79,0.0,16.71,2.29,0.0,16.7,18.0,0.0 (cmd -0.8),0.0 (cmd 2.3)
0.08,17.97,-0.78,0.0,16.62,2.27,0.0,16.6,18.0,0.0 (cmd -0.8),0.0 (cmd 2.3)
0.0805,17.89,-0.77,0.0,16.58,2.23,0.0,16.6,17.9,0.0 (cmd -0.8),0.0 (cmd 2.2)
0.081,17.81,-0.75,0.0,16.58,2.21,0.0,16.6,17.8,0.0 (cmd -0.8),0.0 (cmd 2.2)
0.0815,17.74,-0.73,0.0,16.59,2.2,0.0,16.6,17.7,0.0 (cmd -0.7),0.0 (cmd 2.2)
0.082,17.68,-0.71,0.0,16.52,2.2,0.0,16.5,17.7,0.0 (cmd -0.7),0.0 (cmd 2.2)
0.0825,17.59,-0.7,0.0,16.52,2.17,0.0,16.5,17.6,0.0 (cmd -0.7),0.0 (cmd 2.2)
0.083,17.56,-0.69,0.0,16.5,2.16,0.0,16.5,17.6,0.0 (cmd -0.7),0.0 (cmd 2.2)
0.0835,17.52,-0.67,0.0,16.47,2.15,0.0,16.5,17.5,0.0 (cmd -0.7),0.0 (cmd 2.1)
0.084,17.43,-0.66,0.0,16.43,2.14,0.0,16.4,17.4,0.0 (cmd -0.7),0.0 (cmd 2.1)
0.0845,17.42,-0.65,0.0,16.42,2.12,0.0,16.4,17.4,0.0 (cmd -0.7),0.0 (cmd 2.1)
0.085,17.42,-0.63,0.0,16.38,2.11,0.0,16.4,17.4,0.0 (cmd -0.6),0.0 (cmd 2.1)
0.0855,17.45,-0.62,0.0,16.35,2.09,0.0,16.4,17.4,0.0 (cmd -0.6),0.0 (cmd 2.1)
0.086,17.45,-0.6,0.0,16.32,2.09,0.0,16.3,17.4,0.0 (cmd -0.6),0.0 (cmd 2.1)
0.0865,17.46,-0.59,0.0,16.31,2.08,0.0,16.3,17.5,0.0 (cmd -0.6),0.0 (cmd 2.1)
0.087,17.46,-0.57,0.0,16.3,2.07,0.0,16.3,17.5,0.0 (cmd -0.6),0.0 (cmd 2.1)
0.0875,17.47,-0.57,0.0,16.22,2.06,0.0,16.2,17.5,0.0 (cmd -0.6),0.0 (cmd 2.1)
0.088,17.48,-0.55,0.0,16.2,2.05,0.0,16.2,17.5,0.0 (cmd -0.6),0.0 (cmd 2.0)
0.0885,17.48,-0.54,0.0,16.19,2.04,0.0,16.2,17.5,0.0 (cmd -0.5),0.0 (cmd 2.0)
0.089,17.51,-0.53,0.0,16.11,2.03,0.0,16.1,17.5,0.0 (cmd -0.5),0.0 (cmd 2.0)
0.0895,17.56,-0.52,0.0,16.05,2.0,0.0,16.1,17.6,0.0 (cmd -0.5),0.0 (cmd 2.0)
0.09,17.6,-0.5,0.0,16.04,1.99,0.0,16.0,17.6,0.0 (cmd -0.5),0.0 (cmd 2.0)
0.0905,17.66,-0.48,0.0,16.03,1.99,0.0,16.0,17.7,0.0 (cmd -0.5),0.0 (cmd 2.0)
0.091,17.72,-0.46,0.0,16.03,1.98,0.0,16.0,17.7,0.0 (cmd -0.5),0.0 (cmd 2.0)
0.0915,17.76,-0.46,0.0,15.93,1.97,0.0,15.9,17.8,0.0 (cmd -0.5),0.0 (cmd 2.0)
0.092,17.81,-0.45,0.0,15.87,1.96,0.0,15.9,17.8,0.0 (cmd -0.5),0.0 (cmd 2.0)
0.0925,17.84,-0.43,0.0,15.86,1.94,0.0,15.9,17.8,0.0 (cmd -0.4),0.0 (cmd 1.9)
0.093,17.88,-0.42,0.0,15.86,1.93,0.0,15.9,17.9,0.0 (cmd -0.4),0.0 (cmd 1.9)
0.0935,17.92,-0.41,0.0,15.86,1.93,0.0,15.9,17.9,0.0 (cmd -0.4),0.0 (cmd 1.9)
0.094,17.96,-0.4,0.0,15.89,1.93,0.0,15.9,18.0,0.0 (cmd -0.4),0.0 (cmd 1.9)
0.0945,17.98,-0.39,0.0,15.87,1.93,0.0,15.9,18.0,0.0 (cmd -0.4),0.0 (cmd 1.9)
0.095,18.02,-0.39,0.0,15.86,1.93,0.0,15.9,18.0,0.0 (cmd -0.4),0.0 (cmd 1.9)
0.0955,18.03,-0.39,0.0,15.8,1.91,0.0,15.8,18.0,0.0 (cmd -0.4),0.0 (cmd 1.9)
0.096,18.05,-0.39,0.0,15.8,1.91,0.0,15.8,18.1,0.0 (cmd -0.4),0.0 (cmd 1.9)
0.0965,18.07,-0.38,0.0,15.8,1.91,0.0,15.8,18.1,0.0 (cmd -0.4),0.0 (cmd 1.9)
0.097,18.1,-0.38,0.0,15.8,1.91,0.0,15.8,18.1,0.0 (cmd -0.4),0.0 (cmd 1.9)
0.0975,18.12,-0.37,0.0,15.8,1.91,0.0,15.8,18.1,0.0 (cmd -0.4),0.0 (cmd 1.9)
0.098,18.13,-0.37,0.0,15.78,1.9,0.0,15.8,18.1,0.0 (cmd -0.4),0.0 (cmd 1.9)
0.0985,18.15,-0.37,0.0,15.79,1.9,0.0,15.8,18.1,0.0 (cmd -0.4),0.0 (cmd 1.9)
0.099,18.16,-0.37,0.0,15.79,1.9,0.0,15.8,18.2,0.0 (cmd -0.4),0.0 (cmd 1.9)
0.0995,18.17,-0.37,0.0,15.78,1.9,0.0,15.8,18.2,0.0 (cmd -0.4),0.0 (cmd 1.9)
0.1,18.18,-0.37,0.0,15.76,1.9,0.0,15.8,18.2,0.0 (cmd -0.4),0.0 (cmd 1.9)
0.1005,18.22,-0.36,0.0,15.76,1.9,0.0,15.8,18.2,0.0 (cmd -0.4),0.0 (cmd 1.9)
0.101,18.24,-0.36,0.0,15.75,1.89,0.0,15.8,18.2,0.0 (cmd -0.4),0.0 (cmd 1.9)
0.1015,18.26,-0.36,0.0,15.77,1.9,0.0,15.8,18.3,0.0 (cmd -0.4),0.0 (cmd 1.9)
0.102,18.29,-0.35,0.0,15.81,1.9,0.0,15.8,18.3,0.0 (cmd -0.3),0.0 (cmd 1.9)
0.1025,18.3,-0.35,0.0,15.84,1.92,0.0,15.8,18.3,0.0 (cmd -0.3),0.0 (cmd 1.9)
0.103,18.32,-0.36,0.0,15.86,1.92,0.0,15.9,18.3,0.0 (cmd -0.4),0.0 (cmd 1.9)
0.1035,18.37,-0.36,0.0,15.87,1.93,0.0,15.9,18.4,0.0 (cmd -0.4),0.0 (cmd 1.9)
0.104,18.4,-0.36,0.0,15.91,1.94,0.0,15.9,18.4,0.0 (cmd -0.4),0.0 (cmd 1.9)
0.1045,18.42,-0.37,0.0,15.93,1.95,0.0,15.9,18.4,0.0 (cmd -0.4),0.0 (cmd 1.9)
0.105,18.42,-0.38,0.0,15.96,1.96,0.0,16.0,18.4,0.0 (cmd -0.4),0.0 (cmd 2.0)
0.1055,18.43,-0.39,0.0,16.0,1.96,0.0,16.0,18.4,0.0 (cmd -0.4),0.0 (cmd 2.0)
0.106,18.5,-0.39,0.0,16.04,1.99,0.0,16.0,18.5,0.0 (cmd -0.4),0.0 (cmd 2.0)
0.1065,18.54,-0.4,0.0,16.1,2.01,0.0,16.1,18.5,0.0 (cmd -0.4),0.0 (cmd 2.0)
0.107,18.66,-0.41,0.0,16.09,2.02,0.0,16.1,18.7,0.0 (cmd -0.4),0.0 (cmd 2.0)
0.1075,18.64,-0.42,0.0,16.08,2.02,0.0,16.1,18.6,0.0 (cmd -0.4),0.0 (cmd 2.0)
0.108,18.44,-0.44,0.0,16.08,2.02,0.0,16.1,18.4,0.0 (cmd -0.4),0.0 (cmd 2.0)
0.1085,17.72,-0.5,0.0,16.07,1.99,0.0,16.1,17.7,0.0 (cmd -0.5),0.0 (cmd 2.0)
0.109,16.18,-0.59,0.0,16.25,1.94,0.0,16.2,16.2,0.0 (cmd -0.6),0.0 (cmd 1.9)
0.1095,13.59,-1.03,0.0,16.3,1.92,0.0,16.3,13.6,0.0 (cmd -1.0),0.0 (cmd 1.9)
0.11,9.3,-1.39,0.0,15.87,1.85,0.0,15.9,9.3,0.0 (cmd -1.4),0.0 (cmd 1.9)
0.1105,3.85,-1.74,0.0,15.0,1.62,0.0,15.0,3.9,0.0 (cmd -1.7),0.0 (cmd 1.6)
0.111,-3.52,-3.17,0.0,14.73,1.76,0.0,14.7,-3.5,0.0 (cmd -3.2),0.0 (cmd 1.8)
0.1115,-9.1,-4.33,0.0,14.46,1.81,0.0,14.5,-9.1,0.0 (cmd -4.3),0.0 (cmd 1.8)
0.112,-16.79,-4.76,0.0,14.49,1.76,0.0,14.5,-16.8,0.0 (cmd -4.8),0.0 (cmd 1.8)
0.1125,-23.43,-4.85,0.0,15.05,1.75,0.0,15.1,-23.4,0.0 (cmd -4.8),0.0 (cmd 1.8)
0.113,-26.13,-6.1,0.0,16.28,2.14,0.0,16.3,-26.1,0.0 (cmd -6.1),0.0 (cmd 2.1)
0.1135,-28.92,-5.11,0.0,16.13,1.97,0.0,16.1,-28.9,0.0 (cmd -5.1),0.0 (cmd 2.0)
0.114,-31.93,-3.86,0.0,16.12,1.72,0.0,16.1,-31.9,0.0 (cmd -3.9),0.0 (cmd 1.7)
0.1145,-32.15,-2.95,0.0,16.12,1.57,0.0,16.1,-32.1,0.0 (cmd -3.0),0.0 (cmd 1.6)
0.115,-31.74,-1.86,0.0,16.12,1.39,0.0,16.1,-31.7,0.0 (cmd -1.9),0.0 (cmd 1.4)
0.1155,-30.47,-0.95,0.0,16.08,1.23,0.0,16.1,-30.5,0.0 (cmd -0.9),0.0 (cmd 1.2)
0.116,-26.86,0.14,0.0,15.98,1.04,0.0,16.0,-26.9,0.0 (cmd 0.1),0.0 (cmd 1.0)
0.1165,-22.52,0.99,0.0,16.05,0.89,0.0,16.1,-22.5,0.0 (cmd 1.0),0.0 (cmd 0.9)
0.117,-17.95,2.18,0.0,16.26,0.77,0.0,16.3,-17.9,0.0 (cmd 2.2),0.0 (cmd 0.8)
0.1175,-13.77,2.71,0.0,16.53,0.79,0.0,16.5,-13.8,0.0 (cmd 2.7),0.0 (cmd 0.8)
0.118,-5.64,2.88,0.0,16.53,0.8,0.0,16.5,-5.6,0.0 (cmd 2.9),0.0 (cmd 0.8)
0.1185,-0.74,4.09,0.0,16.81,0.81,0.0,16.8,-0.7,0.0 (cmd 4.1),0.0 (cmd 0.8)
0.119,6.73,4.0,0.0,17.03,0.91,0.0,17.0,6.7,0.0 (cmd 4.0),0.0 (cmd 0.9)
0.1195,11.13,3.92,0.0,17.33,1.09,0.0,17.3,11.1,0.0 (cmd 3.9),0.0 (cmd 1.1)
0.12,12.02,3.35,0.0,17.62,1.34,0.0,17.6,12.0,0.0 (cmd 3.4),0.0 (cmd 1.3)
0.1205,15.13,2.53,0.0,17.75,1.58,0.0,17.8,15.1,0.0 (cmd 2.5),0.0 (cmd 1.6)
0.121,16.33,1.92,0.0,17.88,1.81,0.0,17.9,16.3,0.0 (cmd 1.9),0.0 (cmd 1.8)
0.1215,16.21,1.19,0.0,17.91,2.01,0.0,17.9,16.2,0.0 (cmd 1.2),0.0 (cmd 2.0)
0.122,16.3,0.7,0.0,17.99,2.14,0.0,18.0,16.3,0.0 (cmd 0.7),0.0 (cmd 2.1)
0.1225,16.48,0.28,0.0,17.75,2.27,0.0,17.8,16.5,0.0 (cmd 0.3),0.0 (cmd 2.3)
0.123,16.62,-0.05,0.0,17.58,2.32,0.0,17.6,16.6,0.0 (cmd -0.1),0.0 (cmd 2.3)
0.1235,16.7,-0.31,0.0,16.91,2.32,0.0,16.9,16.7,0.0 (cmd -0.3),0.0 (cmd 2.3)
0.124,17.21,-0.46,0.0,16.3,2.27,0.0,16.3,17.2,0.0 (cmd -0.5),0.0 (cmd 2.3)
0.1245,17.71,-0.61,0.0,16.09,2.12,0.0,16.1,17.7,0.0 (cmd -0.6),0.0 (cmd 2.1)
0.125,18.17,-0.53,0.0,15.11,2.12,0.0,15.1,18.2,0.0 (cmd -0.5),0.0 (cmd 2.1)
0.1255,18.37,-1.56,0.0,0.86,0.61,0.0,0.9,18.4,0.0 (cmd -1.6),0.0 (cmd 0.6)
0.126,18.37,-1.29,0.0,-1.62,-3.39,0.0,-1.6,18.4,0.0 (cmd -1.3),0.0 (cmd -3.4)
0.1265,18.71,0.29,0.0,-1.98,-4.03,0.0,-2.0,18.7,0.0 (cmd 0.3),0.0 (cmd -4.0)
0.127,19.02,1.05,0.0,-1.03,-3.59,0.0,-1.0,19.0,0.0 (cmd 1.1),0.0 (cmd -3.6)
0.1275,19.04,1.34,0.0,0.11,-2.47,0.0,0.1,19.0,0.0 (cmd 1.3),0.0 (cmd -2.5)
0.128,19.13,1.49,0.0,2.33,-1.43,0.0,2.3,19.1,0.0 (cmd 1.5),0.0 (cmd -1.4)
0.1285,19.31,1.44,0.0,6.97,0.37,0.0,7.0,19.3,0.0 (cmd 1.4),0.0 (cmd 0.4)
0.129,19.46,1.23,0.0,10.29,1.21,0.0,10.3,19.5,0.0 (cmd 1.2),0.0 (cmd 1.2)
0.1295,19.53,1.02,0.0,13.36,1.64,0.0,13.4,19.5,0.0 (cmd 1.0),0.0 (cmd 1.6)
0.13,19.42,0.76,0.0,14.05,2.17,0.0,14.1,19.4,0.0 (cmd 0.8),0.0 (cmd 2.2)
0.1305,19.29,0.51,0.0,16.61,2.53,0.0,16.6,19.3,0.0 (cmd 0.5),0.0 (cmd 2.5)
0.131,19.07,0.38,0.0,16.96,2.3,0.0,17.0,19.1,0.0 (cmd 0.4),0.0 (cmd 2.3)
0.1315,19.1,0.31,0.0,16.69,2.13,0.0,16.7,19.1,0.0 (cmd 0.3),0.0 (cmd 2.1)
0.132,19.65,0.36,0.0,16.17,1.91,0.0,16.2,19.6,0.0 (cmd 0.4),0.0 (cmd 1.9)
0.1325,19.66,0.4,0.0,16.47,1.78,0.0,16.5,19.7,0.0 (cmd 0.4),0.0 (cmd 1.8)
0.133,19.56,0.22,0.0,16.41,1.87,0.0,16.4,19.6,0.0 (cmd 0.2),0.0 (cmd 1.9)
0.1335,19.42,0.04,0.0,16.67,1.91,0.0,16.7,19.4,0.0 (cmd 0.0),0.0 (cmd 1.9)
0.134,19.53,-0.09,0.0,16.56,2.02,0.0,16.6,19.5,0.0 (cmd -0.1),0.0 (cmd 2.0)
0.1345,19.59,-0.2,0.0,16.48,2.06,0.0,16.5,19.6,0.0 (cmd -0.2),0.0 (cmd 2.1)
0.135,19.65,-0.29,0.0,16.47,2.09,0.0,16.5,19.6,0.0 (cmd -0.3),0.0 (cmd 2.1)
0.1355,19.72,-0.36,0.0,16.43,2.13,0.0,16.4,19.7,0.0 (cmd -0.4),0.0 (cmd 2.1)
0.136,19.74,-0.42,0.0,16.41,2.14,0.0,16.4,19.7,0.0 (cmd -0.4),0.0 (cmd 2.1)
0.1365,19.74,-0.46,0.0,16.26,2.16,0.0,16.3,19.7,0.0 (cmd -0.5),0.0 (cmd 2.2)
0.137,19.73,-0.5,0.0,16.26,2.13,0.0,16.3,19.7,0.0 (cmd -0.5),0.0 (cmd 2.1)
0.1375,19.73,-0.52,0.0,16.35,2.14,0.0,16.4,19.7,0.0 (cmd -0.5),0.0 (cmd 2.1)
0.138,19.73,-0.52,0.0,16.45,2.18,0.0,16.4,19.7,0.0 (cmd -0.5),0.0 (cmd 2.2)
0.1385,19.62,-0.54,0.0,16.49,2.19,0.0,16.5,19.6,0.0 (cmd -0.5),0.0 (cmd 2.2)
0.139,19.59,-0.56,0.0,16.58,2.22,0.0,16.6,19.6,0.0 (cmd -0.6),0.0 (cmd 2.2)
0.1395,19.6,-0.59,0.0,16.62,2.24,0.0,16.6,19.6,0.0 (cmd -0.6),0.0 (cmd 2.2)
0.14,19.67,-0.61,0.0,16.62,2.25,0.0,16.6,19.7,0.0 (cmd -0.6),0.0 (cmd 2.2)
0.1405,19.74,-0.62,0.0,16.63,2.27,0.0,16.6,19.7,0.0 (cmd -0.6),0.0 (cmd 2.3)
0.141,19.79,-0.63,0.0,16.65,2.28,0.0,16.6,19.8,0.0 (cmd -0.6),0.0 (cmd 2.3)
0.1415,19.83,-0.64,0.0,16.7,2.29,0.0,16.7,19.8,0.0 (cmd -0.6),0.0 (cmd 2.3)
0.142,19.94,-0.65,0.0,16.72,2.32,0.0,16.7,19.9,0.0 (cmd -0.7),0.0 (cmd 2.3)
0.1425,20.01,-0.66,0.0,16.73,2.33,0.0,16.7,20.0,0.0 (cmd -0.7),0.0 (cmd 2.3)
0.143,20.05,-0.68,0.0,16.75,2.34,0.0,16.8,20.1,0.0 (cmd -0.7),0.0 (cmd 2.3)
0.1435,20.1,-0.69,0.0,16.75,2.35,0.0,16.8,20.1,0.0 (cmd -0.7),0.0 (cmd 2.4)
0.144,20.09,-0.7,0.0,16.74,2.36,0.0,16.7,20.1,0.0 (cmd -0.7),0.0 (cmd 2.4)
0.1445,20.07,-0.72,0.0,16.73,2.36,0.0,16.7,20.1,0.0 (cmd -0.7),0.0 (cmd 2.4)
0.145,20.06,-0.73,0.0,16.56,2.35,0.0,16.6,20.1,0.0 (cmd -0.7),0.0 (cmd 2.4)
0.1455,20.07,-0.78,0.0,16.09,2.23,0.0,16.1,20.1,0.0 (cmd -0.8),0.0 (cmd 2.2)
0.146,20.03,-0.74,0.0,16.09,2.18,0.0,16.1,20.0,0.0 (cmd -0.7),0.0 (cmd 2.2)
0.1465,19.96,-0.69,0.0,16.08,2.16,0.0,16.1,20.0,0.0 (cmd -0.7),0.0 (cmd 2.2)
0.147,19.9,-0.65,0.0,16.04,2.14,0.0,16.0,19.9,0.0 (cmd -0.7),0.0 (cmd 2.1)
0.1475,19.87,-0.63,0.0,15.99,2.11,0.0,16.0,19.9,0.0 (cmd -0.6),0.0 (cmd 2.1)
0.148,19.84,-0.6,0.0,15.95,2.09,0.0,15.9,19.8,0.0 (cmd -0.6),0.0 (cmd 2.1)
0.1485,19.8,-0.57,0.0,15.89,2.07,0.0,15.9,19.8,0.0 (cmd -0.6),0.0 (cmd 2.1)
0.149,19.75,-0.55,0.0,15.89,2.04,0.0,15.9,19.8,0.0 (cmd -0.6),0.0 (cmd 2.0)
0.1495,19.64,-0.53,0.0,15.86,2.03,0.0,15.9,19.6,0.0 (cmd -0.5),0.0 (cmd 2.0)
0.15,19.54,-0.51,0.0,15.86,2.01,0.0,15.9,19.5,0.0 (cmd -0.5),0.0 (cmd 2.0)
0.1505,19.47,-0.5,0.0,15.79,2.0,0.0,15.8,19.5,0.0 (cmd -0.5),0.0 (cmd 2.0)
0.151,19.42,-0.49,0.0,15.76,1.97,0.0,15.8,19.4,0.0 (cmd -0.5),0.0 (cmd 2.0)
0.1515,19.39,-0.47,0.0,15.74,1.96,0.0,15.7,19.4,0.0 (cmd -0.5),0.0 (cmd 2.0)
0.152,19.36,-0.46,0.0,15.69,1.94,0.0,15.7,19.4,0.0 (cmd -0.5),0.0 (cmd 1.9)
0.1525,19.32,-0.44,0.0,15.68,1.93,0.0,15.7,19.3,0.0 (cmd -0.4),0.0 (cmd 1.9)
0.153,19.31,-0.42,0.0,15.67,1.92,0.0,15.7,19.3,0.0 (cmd -0.4),0.0 (cmd 1.9)
0.1535,19.29,-0.41,0.0,15.67,1.91,0.0,15.7,19.3,0.0 (cmd -0.4),0.0 (cmd 1.9)
0.154,19.27,-0.4,0.0,15.6,1.9,0.0,15.6,19.3,0.0 (cmd -0.4),0.0 (cmd 1.9)
0.1545,19.27,-0.39,0.0,15.6,1.89,0.0,15.6,19.3,0.0 (cmd -0.4),0.0 (cmd 1.9)
0.155,19.3,-0.37,0.0,15.6,1.88,0.0,15.6,19.3,0.0 (cmd -0.4),0.0 (cmd 1.9)
0.1555,19.35,-0.36,0.0,15.63,1.88,0.0,15.6,19.4,0.0 (cmd -0.4),0.0 (cmd 1.9)
0.156,19.41,-0.35,0.0,15.67,1.89,0.0,15.7,19.4,0.0 (cmd -0.3),0.0 (cmd 1.9)
0.1565,19.46,-0.34,0.0,15.69,1.9,0.0,15.7,19.5,0.0 (cmd -0.3),0.0 (cmd 1.9)
0.157,19.48,-0.33,0.0,15.7,1.91,0.0,15.7,19.5,0.0 (cmd -0.3),0.0 (cmd 1.9)
0.1575,19.54,-0.34,0.0,15.75,1.92,0.0,15.8,19.5,0.0 (cmd -0.3),0.0 (cmd 1.9)
0.158,19.64,-0.34,0.0,15.81,1.94,0.0,15.8,19.6,0.0 (cmd -0.3),0.0 (cmd 1.9)
0.1585,19.67,-0.34,0.0,15.83,1.96,0.0,15.8,19.7,0.0 (cmd -0.3),0.0 (cmd 2.0)
0.159,19.68,-0.35,0.0,15.85,1.96,0.0,15.8,19.7,0.0 (cmd -0.3),0.0 (cmd 2.0)
0.1595,19.72,-0.36,0.0,15.85,1.97,0.0,15.8,19.7,0.0 (cmd -0.4),0.0 (cmd 2.0)
0.16,19.73,-0.37,0.0,15.86,1.98,0.0,15.9,19.7,0.0 (cmd -0.4),0.0 (cmd 2.0)
0.1605,19.76,-0.38,0.0,15.88,1.99,0.0,15.9,19.8,0.0 (cmd -0.4),0.0 (cmd 2.0)
0.161,19.77,-0.39,0.0,15.89,1.99,0.0,15.9,19.8,0.0 (cmd -0.4),0.0 (cmd 2.0)
0.1615,19.78,-0.4,0.0,15.92,2.0,0.0,15.9,19.8,0.0 (cmd -0.4),0.0 (cmd 2.0)
0.162,19.76,-0.4,0.0,15.94,2.01,0.0,15.9,19.8,0.0 (cmd -0.4),0.0 (cmd 2.0)
0.1625,19.68,-0.42,0.0,15.99,2.01,0.0,16.0,19.7,0.0 (cmd -0.4),0.0 (cmd 2.0)
0.163,19.62,-0.43,0.0,16.01,2.02,0.0,16.0,19.6,0.0 (cmd -0.4),0.0 (cmd 2.0)
0.1635,19.61,-0.44,0.0,16.05,2.03,0.0,16.1,19.6,0.0 (cmd -0.4),0.0 (cmd 2.0)
0.164,19.61,-0.45,0.0,16.07,2.05,0.0,16.1,19.6,0.0 (cmd -0.5),0.0 (cmd 2.0)
0.1645,19.61,-0.46,0.0,16.22,2.07,0.0,16.2,19.6,0.0 (cmd -0.5),0.0 (cmd 2.1)
0.165,19.62,-0.47,0.0,16.27,2.09,0.0,16.3,19.6,0.0 (cmd -0.5),0.0 (cmd 2.1)
0.1655,19.63,-0.48,0.0,16.34,2.12,0.0,16.3,19.6,0.0 (cmd -0.5),0.0 (cmd 2.1)
0.166,19.65,-0.5,0.0,16.39,2.14,0.0,16.4,19.6,0.0 (cmd -0.5),0.0 (cmd 2.1)
0.1665,19.65,-0.52,0.0,16.43,2.16,0.0,16.4,19.6,0.0 (cmd -0.5),0.0 (cmd 2.2)
0.167,19.67,-0.54,0.0,16.45,2.18,0.0,16.4,19.7,0.0 (cmd -0.5),0.0 (cmd 2.2)
0.1675,19.67,-0.55,0.0,16.5,2.19,0.0,16.5,19.7,0.0 (cmd -0.6),0.0 (cmd 2.2)
0.168,19.67,-0.57,0.0,16.56,2.21,0.0,16.6,19.7,0.0 (cmd -0.6),0.0 (cmd 2.2)
0.1685,19.67,-0.59,0.0,16.58,2.24,0.0,16.6,19.7,0.0 (cmd -0.6),0.0 (cmd 2.2)
0.169,19.66,-0.61,0.0,16.61,2.25,0.0,16.6,19.7,0.0 (cmd -0.6),0.0 (cmd 2.2)
0.1695,19.67,-0.62,0.0,16.69,2.26,0.0,16.7,19.7,0.0 (cmd -0.6),0.0 (cmd 2.3)
0.17,19.67,-0.64,0.0,16.73,2.29,0.0,16.7,19.7,0.0 (cmd -0.6),0.0 (cmd 2.3)
0.1705,19.73,-0.66,0.0,16.74,2.31,0.0,16.7,19.7,0.0 (cmd -0.7),0.0 (cmd 2.3)
0.171,19.76,-0.67,0.0,16.76,2.32,0.0,16.8,19.8,0.0 (cmd -0.7),0.0 (cmd 2.3)
0.1715,19.86,-0.68,0.0,16.79,2.33,0.0,16.8,19.9,0.0 (cmd -0.7),0.0 (cmd 2.3)
0.172,19.88,-0.69,0.0,16.8,2.35,0.0,16.8,19.9,0.0 (cmd -0.7),0.0 (cmd 2.4)
0.1725,19.9,-0.71,0.0,16.81,2.36,0.0,16.8,19.9,0.0 (cmd -0.7),0.0 (cmd 2.4)
0.173,19.91,-0.72,0.0,16.84,2.37,0.0,16.8,19.9,0.0 (cmd -0.7),0.0 (cmd 2.4)
0.1735,19.93,-0.73,0.0,16.86,2.38,0.0,16.9,19.9,0.0 (cmd -0.7),0.0 (cmd 2.4)
0.174,19.9,-0.74,0.0,16.85,2.39,0.0,16.9,19.9,0.0 (cmd -0.7),0.0 (cmd 2.4)
0.1745,19.88,-0.76,0.0,16.87,2.39,0.0,16.9,19.9,0.0 (cmd -0.8),0.0 (cmd 2.4)
0.175,19.87,-0.77,0.0,16.89,2.39,0.0,16.9,19.9,0.0 (cmd -0.8),0.0 (cmd 2.4)
0.1755,19.87,-0.77,0.0,16.89,2.4,0.0,16.9,19.9,0.0 (cmd -0.8),0.0 (cmd 2.4)
0.176,19.87,-0.78,0.0,16.89,2.4,0.0,16.9,19.9,0.0 (cmd -0.8),0.0 (cmd 2.4)
0.1765,19.91,-0.78,0.0,16.9,2.41,0.0,16.9,19.9,0.0 (cmd -0.8),0.0 (cmd 2.4)
0.177,19.93,-0.78,0.0,16.9,2.41,0.0,16.9,19.9,0.0 (cmd -0.8),0.0 (cmd 2.4)
0.1775,19.92,-0.79,0.0,16.91,2.42,0.0,16.9,19.9,0.0 (cmd -0.8),0.0 (cmd 2.4)
0.178,19.91,-0.79,0.0,16.92,2.42,0.0,16.9,19.9,0.0 (cmd -0.8),0.0 (cmd 2.4)
0.1785,19.89,-0.8,0.0,16.92,2.42,0.0,16.9,19.9,0.0 (cmd -0.8),0.0 (cmd 2.4)
0.179,19.87,-0.8,0.0,16.91,2.42,0.0,16.9,19.9,0.0 (cmd -0.8),0.0 (cmd 2.4)
0.1795,19.85,-0.81,0.0,16.91,2.42,0.0,16.9,19.9,0.0 (cmd -0.8),0.0 (cmd 2.4)
0.18,19.79,-0.81,0.0,16.9,2.42,0.0,16.9,19.8,0.0 (cmd -0.8),0.0 (cmd 2.4)
0.1805,19.74,-0.82,0.0,16.88,2.41,0.0,16.9,19.7,0.0 (cmd -0.8),0.0 (cmd 2.4)
0.181,19.66,-0.82,0.0,16.88,2.4,0.0,16.9,19.7,0.0 (cmd -0.8),0.0 (cmd 2.4)
0.1815,19.58,-0.82,0.0,16.87,2.4,0.0,16.9,19.6,0.0 (cmd -0.8),0.0 (cmd 2.4)
0.182,19.45,-0.82,0.0,16.8,2.39,0.0,16.8,19.4,0.0 (cmd -0.8),0.0 (cmd 2.4)
0.1825,19.39,-0.82,0.0,16.8,2.37,0.0,16.8,19.4,0.0 (cmd -0.8),0.0 (cmd 2.4)
0.183,19.38,-0.81,0.0,16.78,2.36,0.0,16.8,19.4,0.0 (cmd -0.8),0.0 (cmd 2.4)
0.1835,19.34,-0.8,0.0,16.76,2.35,0.0,16.8,19.3,0.0 (cmd -0.8),0.0 (cmd 2.4)
0.184,19.29,-0.79,0.0,16.73,2.34,0.0,16.7,19.3,0.0 (cmd -0.8),0.0 (cmd 2.3)
0.1845,19.2,-0.79,0.0,16.71,2.33,0.0,16.7,19.2,0.0 (cmd -0.8),0.0 (cmd 2.3)
0.185,19.14,-0.78,0.0,16.6,2.32,0.0,16.6,19.1,0.0 (cmd -0.8),0.0 (cmd 2.3)
0.1855,19.12,-0.78,0.0,16.4,2.28,0.0,16.4,19.1,0.0 (cmd -0.8),0.0 (cmd 2.3)
0.186,19.1,-0.76,0.0,16.2,2.22,0.0,16.2,19.1,0.0 (cmd -0.8),0.0 (cmd 2.2)
0.1865,19.1,-0.73,0.0,16.12,2.17,0.0,16.1,19.1,0.0 (cmd -0.7),0.0 (cmd 2.2)
0.187,19.08,-0.68,0.0,16.06,2.13,0.0,16.1,19.1,0.0 (cmd -0.7),0.0 (cmd 2.1)
0.1875,19.01,-0.65,0.0,16.03,2.1,0.0,16.0,19.0,0.0 (cmd -0.7),0.0 (cmd 2.1)
0.188,18.97,-0.62,0.0,16.01,2.07,0.0,16.0,19.0,0.0 (cmd -0.6),0.0 (cmd 2.1)
0.1885,18.93,-0.59,0.0,15.89,2.05,0.0,15.9,18.9,0.0 (cmd -0.6),0.0 (cmd 2.0)
0.189,18.91,-0.56,0.0,15.79,2.01,0.0,15.8,18.9,0.0 (cmd -0.6),0.0 (cmd 2.0)
0.1895,18.89,-0.53,0.0,15.72,1.98,0.0,15.7,18.9,0.0 (cmd -0.5),0.0 (cmd 2.0)
0.19,18.87,-0.5,0.0,15.65,1.95,0.0,15.7,18.9,0.0 (cmd -0.5),0.0 (cmd 1.9)
0.1905,18.86,-0.47,0.0,15.63,1.92,0.0,15.6,18.9,0.0 (cmd -0.5),0.0 (cmd 1.9)
0.191,18.81,-0.44,0.0,15.61,1.9,0.0,15.6,18.8,0.0 (cmd -0.4),0.0 (cmd 1.9)
0.1915,18.8,-0.42,0.0,15.55,1.88,0.0,15.6,18.8,0.0 (cmd -0.4),0.0 (cmd 1.9)
0.192,18.76,-0.4,0.0,15.52,1.86,0.0,15.5,18.8,0.0 (cmd -0.4),0.0 (cmd 1.9)
0.1925,18.74,-0.38,0.0,15.45,1.84,0.0,15.4,18.7,0.0 (cmd -0.4),0.0 (cmd 1.8)
0.193,18.75,-0.36,0.0,15.56,1.82,0.0,15.6,18.8,0.0 (cmd -0.4),0.0 (cmd 1.8)
0.1935,18.78,-0.34,0.0,15.6,1.84,0.0,15.6,18.8,0.0 (cmd -0.3),0.0 (cmd 1.8)
0.194,18.84,-0.32,0.0,15.7,1.86,0.0,15.7,18.8,0.0 (cmd -0.3),0.0 (cmd 1.9)
0.1945,18.86,-0.32,0.0,15.69,1.88,0.0,15.7,18.9,0.0 (cmd -0.3),0.0 (cmd 1.9)
0.195,18.76,-0.32,0.0,15.7,1.88,0.0,15.7,18.8,0.0 (cmd -0.3),0.0 (cmd 1.9)
0.1955,18.74,-0.34,0.0,15.69,1.88,0.0,15.7,18.7,0.0 (cmd -0.3),0.0 (cmd 1.9)
0.196,18.73,-0.34,0.0,15.7,1.88,0.0,15.7,18.7,0.0 (cmd -0.3),0.0 (cmd 1.9)
0.1965,18.71,-0.34,0.0,15.73,1.89,0.0,15.7,18.7,0.0 (cmd -0.3),0.0 (cmd 1.9)
0.197,18.69,-0.35,0.0,15.78,1.89,0.0,15.8,18.7,0.0 (cmd -0.3),0.0 (cmd 1.9)
0.1975,18.67,-0.35,0.0,15.8,1.91,0.0,15.8,18.7,0.0 (cmd -0.3),0.0 (cmd 1.9)
0.198,18.63,-0.36,0.0,15.77,1.91,0.0,15.8,18.6,0.0 (cmd -0.4),0.0 (cmd 1.9)
0.1985,18.57,-0.37,0.0,15.73,1.9,0.0,15.7,18.6,0.0 (cmd -0.4),0.0 (cmd 1.9)
0.199,18.57,-0.37,0.0,15.67,1.89,0.0,15.7,18.6,0.0 (cmd -0.4),0.0 (cmd 1.9)
0.1995,18.54,-0.37,0.0,15.54,1.87,0.0,15.5,18.5,0.0 (cmd -0.4),0.0 (cmd 1.9)
0.2,18.6,-0.37,0.0,15.38,1.84,0.0,15.4,18.6,0.0 (cmd -0.4),0.0 (cmd 1.8)
0.2005,18.64,-0.35,0.0,15.33,1.8,0.0,15.3,18.6,0.0 (cmd -0.3),0.0 (cmd 1.8)
0.201,18.6,-0.33,0.0,15.24,1.76,0.0,15.2,18.6,0.0 (cmd -0.3),0.0 (cmd 1.8)
0.2015,18.48,-0.3,0.0,15.2,1.74,0.0,15.2,18.5,0.0 (cmd -0.3),0.0 (cmd 1.7)
0.202,18.31,-0.29,0.0,15.18,1.72,0.0,15.2,18.3,0.0 (cmd -0.3),0.0 (cmd 1.7)
0.2025,18.11,-0.28,0.0,15.26,1.7,0.0,15.3,18.1,0.0 (cmd -0.3),0.0 (cmd 1.7)
0.203,17.96,-0.28,0.0,15.41,1.71,0.0,15.4,18.0,0.0 (cmd -0.3),0.0 (cmd 1.7)
0.2035,17.45,-0.28,0.0,15.43,1.73,0.0,15.4,17.4,0.0 (cmd -0.3),0.0 (cmd 1.7)
0.204,17.35,-0.32,0.0,15.42,1.71,0.0,15.4,17.4,0.0 (cmd -0.3),0.0 (cmd 1.7)
0.2045,17.17,-0.32,0.0,15.41,1.7,0.0,15.4,17.2,0.0 (cmd -0.3),0.0 (cmd 1.7)
0.205,16.93,-0.32,0.0,15.4,1.7,0.0,15.4,16.9,0.0 (cmd -0.3),0.0 (cmd 1.7)
0.2055,16.81,-0.33,0.0,15.26,1.69,0.0,15.3,16.8,0.0 (cmd -0.3),0.0 (cmd 1.7)
0.206,16.73,-0.32,0.0,15.36,1.65,0.0,15.4,16.7,0.0 (cmd -0.3),0.0 (cmd 1.6)
0.2065,16.69,-0.3,0.0,15.7,1.68,0.0,15.7,16.7,0.0 (cmd -0.3),0.0 (cmd 1.7)
0.207,16.55,-0.3,0.0,15.77,1.74,0.0,15.8,16.6,0.0 (cmd -0.3),0.0 (cmd 1.7)
0.2075,16.43,-0.32,0.0,15.71,1.76,0.0,15.7,16.4,0.0 (cmd -0.3),0.0 (cmd 1.8)
0.208,16.26,-0.34,0.0,15.45,1.75,0.0,15.4,16.3,0.0 (cmd -0.3),0.0 (cmd 1.8)
0.2085,15.98,-0.35,0.0,15.28,1.69,0.0,15.3,16.0,0.0 (cmd -0.3),0.0 (cmd 1.7)
0.209,15.74,-0.35,0.0,15.28,1.64,0.0,15.3,15.7,0.0 (cmd -0.3),0.0 (cmd 1.6)
0.2095,15.62,-0.34,0.0,15.26,1.62,0.0,15.3,15.6,0.0 (cmd -0.3),0.0 (cmd 1.6)
0.21,15.57,-0.32,0.0,15.37,1.61,0.0,15.4,15.6,0.0 (cmd -0.3),0.0 (cmd 1.6)
0.2105,15.56,-0.29,0.0,15.56,1.62,0.0,15.6,15.6,0.0 (cmd -0.3),0.0 (cmd 1.6)
0.211,15.57,-0.28,0.0,15.73,1.66,0.0,15.7,15.6,0.0 (cmd -0.3),0.0 (cmd 1.7)
0.2115,15.67,-0.28,0.0,16.04,1.72,0.0,16.0,15.7,0.0 (cmd -0.3),0.0 (cmd 1.7)
0.212,15.95,-0.28,0.0,16.15,1.79,0.0,16.1,15.9,0.0 (cmd -0.3),0.0 (cmd 1.8)
0.2125,16.05,-0.27,0.0,16.17,1.84,0.0,16.2,16.1,0.0 (cmd -0.3),0.0 (cmd 1.8)
0.213,16.06,-0.3,0.0,16.18,1.87,0.0,16.2,16.1,0.0 (cmd -0.3),0.0 (cmd 1.9)
0.2135,16.04,-0.33,0.0,16.2,1.88,0.0,16.2,16.0,0.0 (cmd -0.3),0.0 (cmd 1.9)
0.214,16.03,-0.36,0.0,16.25,1.9,0.0,16.2,16.0,0.0 (cmd -0.4),0.0 (cmd 1.9)
0.2145,16.01,-0.39,0.0,16.26,1.92,0.0,16.3,16.0,0.0 (cmd -0.4),0.0 (cmd 1.9)
0.215,15.99,-0.41,0.0,16.3,1.93,0.0,16.3,16.0,0.0 (cmd -0.4),0.0 (cmd 1.9)
0.2155,15.98,-0.43,0.0,16.36,1.94,0.0,16.4,16.0,0.0 (cmd -0.4),0.0 (cmd 1.9)
0.216,16.0,-0.45,0.0,16.39,1.96,0.0,16.4,16.0,0.0 (cmd -0.5),0.0 (cmd 2.0)
0.2165,16.0,-0.46,0.0,16.41,1.97,0.0,16.4,16.0,0.0 (cmd -0.5),0.0 (cmd 2.0)
0.217,16.04,-0.48,0.0,16.46,1.98,0.0,16.5,16.0,0.0 (cmd -0.5),0.0 (cmd 2.0)
0.2175,16.09,-0.48,0.0,16.48,2.0,0.0,16.5,16.1,0.0 (cmd -0.5),0.0 (cmd 2.0)
0.218,16.09,-0.49,0.0,16.59,2.02,0.0,16.6,16.1,0.0 (cmd -0.5),0.0 (cmd 2.0)
0.2185,16.14,-0.51,0.0,16.79,2.04,0.0,16.8,16.1,0.0 (cmd -0.5),0.0 (cmd 2.0)
0.219,16.19,-0.52,0.0,16.87,2.09,0.0,16.9,16.2,0.0 (cmd -0.5),0.0 (cmd 2.1)
0.2195,16.21,-0.55,0.0,16.89,2.13,0.0,16.9,16.2,0.0 (cmd -0.6),0.0 (cmd 2.1)
0.22,16.18,-0.58,0.0,16.93,2.14,0.0,16.9,16.2,0.0 (cmd -0.6),0.0 (cmd 2.1)
0.2205,16.12,-0.61,0.0,16.98,2.16,0.0,17.0,16.1,0.0 (cmd -0.6),0.0 (cmd 2.2)
0.221,16.08,-0.64,0.0,17.0,2.18,0.0,17.0,16.1,0.0 (cmd -0.6),0.0 (cmd 2.2)
0.2215,16.07,-0.66,0.0,17.03,2.19,0.0,17.0,16.1,0.0 (cmd -0.7),0.0 (cmd 2.2)
0.222,16.08,-0.67,0.0,17.09,2.2,0.0,17.1,16.1,0.0 (cmd -0.7),0.0 (cmd 2.2)
0.2225,16.05,-0.69,0.0,17.17,2.22,0.0,17.2,16.1,0.0 (cmd -0.7),0.0 (cmd 2.2)
0.223,16.02,-0.71,0.0,17.21,2.25,0.0,17.2,16.0,0.0 (cmd -0.7),0.0 (cmd 2.2)
0.2235,16.0,-0.73,0.0,17.25,2.26,0.0,17.2,16.0,0.0 (cmd -0.7),0.0 (cmd 2.3)
0.224,16.01,-0.74,0.0,17.25,2.27,0.0,17.2,16.0,0.0 (cmd -0.7),0.0 (cmd 2.3)
0.2245,15.97,-0.76,0.0,17.28,2.28,0.0,17.3,16.0,0.0 (cmd -0.8),0.0 (cmd 2.3)
0.225,15.94,-0.77,0.0,17.35,2.29,0.0,17.4,15.9,0.0 (cmd -0.8),0.0 (cmd 2.3)
0.2255,15.95,-0.79,0.0,17.36,2.31,0.0,17.4,15.9,0.0 (cmd -0.8),0.0 (cmd 2.3)
0.226,15.92,-0.8,0.0,17.36,2.32,0.0,17.4,15.9,0.0 (cmd -0.8),0.0 (cmd 2.3)
0.2265,15.9,-0.81,0.0,17.36,2.32,0.0,17.4,15.9,0.0 (cmd -0.8),0.0 (cmd 2.3)
0.227,15.91,-0.82,0.0,17.35,2.33,0.0,17.4,15.9,0.0 (cmd -0.8),0.0 (cmd 2.3)
0.2275,15.95,-0.82,0.0,17.32,2.33,0.0,17.3,15.9,0.0 (cmd -0.8),0.0 (cmd 2.3)
0.228,15.84,-0.82,0.0,17.26,2.33,0.0,17.3,15.8,0.0 (cmd -0.8),0.0 (cmd 2.3)
0.2285,15.79,-0.83,0.0,17.25,2.31,0.0,17.2,15.8,0.0 (cmd -0.8),0.0 (cmd 2.3)
0.229,15.72,-0.84,0.0,17.18,2.3,0.0,17.2,15.7,0.0 (cmd -0.8),0.0 (cmd 2.3)
0.2295,15.7,-0.84,0.0,17.08,2.28,0.0,17.1,15.7,0.0 (cmd -0.8),0.0 (cmd 2.3)
0.23,15.68,-0.82,0.0,17.04,2.25,0.0,17.0,15.7,0.0 (cmd -0.8),0.0 (cmd 2.2)
0.2305,15.59,-0.81,0.0,17.03,2.24,0.0,17.0,15.6,0.0 (cmd -0.8),0.0 (cmd 2.2)
0.231,15.41,-0.8,0.0,17.03,2.22,0.0,17.0,15.4,0.0 (cmd -0.8),0.0 (cmd 2.2)
0.2315,15.39,-0.8,0.0,17.02,2.21,0.0,17.0,15.4,0.0 (cmd -0.8),0.0 (cmd 2.2)
0.232,15.47,-0.78,0.0,17.01,2.2,0.0,17.0,15.5,0.0 (cmd -0.8),0.0 (cmd 2.2)
0.2325,15.57,-0.76,0.0,17.0,2.2,0.0,17.0,15.6,0.0 (cmd -0.8),0.0 (cmd 2.2)
0.233,15.32,-0.74,0.0,16.99,2.2,0.0,17.0,15.3,0.0 (cmd -0.7),0.0 (cmd 2.2)
0.2335,15.05,-0.76,0.0,16.98,2.18,0.0,17.0,15.1,0.0 (cmd -0.8),0.0 (cmd 2.2)
0.234,14.33,-0.81,0.0,16.94,2.15,0.0,16.9,14.3,0.0 (cmd -0.8),0.0 (cmd 2.1)
0.2345,13.53,-0.85,0.0,16.81,2.11,0.0,16.8,13.5,0.0 (cmd -0.8),0.0 (cmd 2.1)
0.235,11.24,-0.96,0.0,16.79,2.03,0.0,16.8,11.2,0.0 (cmd -1.0),0.0 (cmd 2.0)
0.2355,10.61,-1.14,0.0,16.76,1.94,0.0,16.8,10.6,0.0 (cmd -1.1),0.0 (cmd 1.9)
0.236,6.94,-1.22,0.0,16.74,1.89,0.0,16.7,6.9,0.0 (cmd -1.2),0.0 (cmd 1.9)
0.2365,-9.76,-3.88,0.0,16.71,2.35,0.0,16.7,-9.8,0.0 (cmd -3.9),0.0 (cmd 2.4)
0.237,-13.99,-5.13,0.0,16.61,2.38,0.0,16.6,-14.0,0.0 (cmd -5.1),0.0 (cmd 2.4)
0.2375,-16.21,-5.13,0.0,16.59,2.21,0.0,16.6,-16.2,0.0 (cmd -5.1),0.0 (cmd 2.2)
0.238,-20.27,-4.44,0.0,16.57,1.96,0.0,16.6,-20.3,0.0 (cmd -4.4),0.0 (cmd 2.0)
0.2385,-21.75,-3.87,0.0,16.35,1.77,0.0,16.4,-21.8,0.0 (cmd -3.9),0.0 (cmd 1.8)
0.239,-22.48,-3.06,0.0,16.13,1.53,0.0,16.1,-22.5,0.0 (cmd -3.1),0.0 (cmd 1.5)
0.2395,-22.06,-2.12,0.0,15.82,1.25,0.0,15.8,-22.1,0.0 (cmd -2.1),0.0 (cmd 1.2)
0.24,-20.54,-1.23,0.0,15.79,1.06,0.0,15.8,-20.5,0.0 (cmd -1.2),0.0 (cmd 1.1)
0.2405,-18.08,-0.36,0.0,16.0,0.92,0.0,16.0,-18.1,0.0 (cmd -0.4),0.0 (cmd 0.9)
0.241,-13.45,0.77,0.0,15.9,0.85,0.0,15.9,-13.4,0.0 (cmd 0.8),0.0 (cmd 0.8)
0.2415,-8.42,1.63,0.0,15.56,0.75,0.0,15.6,-8.4,0.0 (cmd 1.6),0.0 (cmd 0.8)
0.242,-1.61,2.17,0.0,15.52,0.71,0.0,15.5,-1.6,0.0 (cmd 2.2),0.0 (cmd 0.7)
0.2425,3.56,2.93,0.0,15.52,0.8,0.0,15.5,3.6,0.0 (cmd 2.9),0.0 (cmd 0.8)
0.243,6.55,3.01,0.0,15.54,0.91,0.0,15.5,6.5,0.0 (cmd 3.0),0.0 (cmd 0.9)
0.2435,8.5,2.64,0.0,15.64,1.07,0.0,15.6,8.5,0.0 (cmd 2.6),0.0 (cmd 1.1)
0.244,10.51,2.18,0.0,15.73,1.23,0.0,15.7,10.5,0.0 (cmd 2.2),0.0 (cmd 1.2)
0.2445,10.29,1.79,0.0,15.83,1.37,0.0,15.8,10.3,0.0 (cmd 1.8),0.0 (cmd 1.4)
0.245,9.9,1.24,0.0,16.27,1.4,0.0,16.3,9.9,0.0 (cmd 1.2),0.0 (cmd 1.4)
0.2455,10.79,0.96,0.0,16.41,1.54,0.0,16.4,10.8,0.0 (cmd 1.0),0.0 (cmd 1.5)
0.246,11.3,0.79,0.0,16.22,1.62,0.0,16.2,11.3,0.0 (cmd 0.8),0.0 (cmd 1.6)
0.2465,11.36,0.57,0.0,14.23,1.59,0.0,14.2,11.4,0.0 (cmd 0.6),0.0 (cmd 1.6)
0.247,10.76,-0.05,0.0,10.99,0.71,0.0,11.0,10.8,0.0 (cmd -0.1),0.0 (cmd 0.7)
0.2475,10.0,0.08,0.0,10.99,0.37,0.0,11.0,10.0,0.0 (cmd 0.1),0.0 (cmd 0.4)
0.248,9.41,0.25,0.0,2.43,0.32,0.0,2.4,9.4,0.0 (cmd 0.2),0.0 (cmd 0.3)
0.2485,9.62,0.07,0.0,-4.63,-2.44,0.0,-4.6,9.6,0.0 (cmd 0.1),0.0 (cmd -2.4)
0.249,9.88,-0.1,0.0,-29.7,-8.88,0.0,-29.7,9.9,0.0 (cmd -0.1),0.0 (cmd -8.9)
0.2495,10.18,0.02,0.0,-30.42,-12.65,0.0,-30.4,10.2,0.0 (cmd 0.0),0.0 (cmd -12.7)
0.25,10.59,1.41,0.0,-30.7,-9.92,0.0,-30.7,10.6,0.0 (cmd 1.4),0.0 (cmd -9.9)
0.2505,11.03,2.13,0.0,-27.68,-7.25,0.0,-27.7,11.0,0.0 (cmd 2.1),0.0 (cmd -7.2)
0.251,11.13,2.51,0.0,-26.14,-4.17,0.0,-26.1,11.1,0.0 (cmd 2.5),0.0 (cmd -4.2)
0.2515,11.25,2.64,0.0,-23.1,-2.19,0.0,-23.1,11.2,0.0 (cmd 2.6),0.0 (cmd -2.2)
0.252,11.4,2.68,0.0,-12.13,-0.65,0.0,-12.1,11.4,0.0 (cmd 2.7),0.0 (cmd -0.7)
0.2525,11.57,1.55,0.0,-1.95,3.99,0.0,-1.9,11.6,0.0 (cmd 1.6),0.0 (cmd 4.0)
0.253,11.59,-0.02,0.0,5.81,5.87,0.0,5.8,11.6,0.0 (cmd -0.0),0.0 (cmd 5.9)
0.2535,11.47,-0.7,0.0,8.24,6.15,0.0,8.2,11.5,0.0 (cmd -0.7),0.0 (cmd 6.2)
0.254,10.13,-0.31,0.0,12.83,5.15,0.0,12.8,10.1,0.0 (cmd -0.3),0.0 (cmd 5.2)
0.2545,8.16,-1.22,0.0,12.83,5.24,0.0,12.8,8.2,0.0 (cmd -1.2),0.0 (cmd 5.2)
0.255,6.51,-1.23,0.0,12.78,4.2,0.0,12.8,6.5,0.0 (cmd -1.2),0.0 (cmd 4.2)
0.2555,4.23,-1.15,0.0,14.0,3.33,0.0,14.0,4.2,0.0 (cmd -1.1),0.0 (cmd 3.3)
0.256,1.82,-1.77,0.0,16.28,3.33,0.0,16.3,1.8,0.0 (cmd -1.8),0.0 (cmd 3.3)
0.2565,-1.63,-2.22,0.0,16.43,3.11,0.0,16.4,-1.6,0.0 (cmd -2.2),0.0 (cmd 3.1)
0.257,-4.62,-2.74,0.0,16.4,2.72,0.0,16.4,-4.6,0.0 (cmd -2.7),0.0 (cmd 2.7)
0.2575,-8.94,-2.91,0.0,16.48,2.39,0.0,16.5,-8.9,0.0 (cmd -2.9),0.0 (cmd 2.4)
0.258,-13.25,-3.29,0.0,16.54,2.21,0.0,16.5,-13.2,0.0 (cmd -3.3),0.0 (cmd 2.2)
0.2585,-17.33,-3.55,0.0,16.72,2.07,0.0,16.7,-17.3,0.0 (cmd -3.5),0.0 (cmd 2.1)
0.259,-20.84,-3.6,0.0,16.73,1.98,0.0,16.7,-20.8,0.0 (cmd -3.6),0.0 (cmd 2.0)
0.2595,-22.44,-3.33,0.0,16.65,1.86,0.0,16.6,-22.4,0.0 (cmd -3.3),0.0 (cmd 1.9)
0.26,-24.31,-2.58,0.0,16.65,1.68,0.0,16.6,-24.3,0.0 (cmd -2.6),0.0 (cmd 1.7)
0.2605,-25.34,-2.05,0.0,16.53,1.55,0.0,16.5,-25.3,0.0 (cmd -2.0),0.0 (cmd 1.6)
0.261,-24.74,-1.43,0.0,16.11,1.38,0.0,16.1,-24.7,0.0 (cmd -1.4),0.0 (cmd 1.4)
0.2615,-24.18,-0.69,0.0,15.8,1.14,0.0,15.8,-24.2,0.0 (cmd -0.7),0.0 (cmd 1.1)
0.262,-21.73,0.11,0.0,15.75,0.95,0.0,15.8,-21.7,0.0 (cmd 0.1),0.0 (cmd 0.9)
0.2625,-19.8,0.69,0.0,15.72,0.87,0.0,15.7,-19.8,0.0 (cmd 0.7),0.0 (cmd 0.9)
0.263,-17.4,1.06,0.0,15.91,0.82,0.0,15.9,-17.4,0.0 (cmd 1.1),0.0 (cmd 0.8)
0.2635,-16.56,1.49,0.0,16.3,0.87,0.0,16.3,-16.6,0.0 (cmd 1.5),0.0 (cmd 0.9)
0.264,-15.72,1.41,0.0,16.54,0.94,0.0,16.5,-15.7,0.0 (cmd 1.4),0.0 (cmd 0.9)
0.2645,-10.59,1.41,0.0,16.56,0.96,0.0,16.6,-10.6,0.0 (cmd 1.4),0.0 (cmd 1.0)
0.265,-7.93,2.36,0.0,16.48,0.89,0.0,16.5,-7.9,0.0 (cmd 2.4),0.0 (cmd 0.9)
0.2655,-5.05,2.42,0.0,16.48,0.88,0.0,16.5,-5.0,0.0 (cmd 2.4),0.0 (cmd 0.9)
0.266,-2.31,2.46,0.0,16.48,0.92,0.0,16.5,-2.3,0.0 (cmd 2.5),0.0 (cmd 0.9)
0.2665,-1.13,2.28,0.0,16.49,0.98,0.0,16.5,-1.1,0.0 (cmd 2.3),0.0 (cmd 1.0)
0.267,0.87,2.09,0.0,16.49,1.04,0.0,16.5,0.9,0.0 (cmd 2.1),0.0 (cmd 1.0)
0.2675,3.66,1.93,0.0,16.68,1.1,0.0,16.7,3.7,0.0 (cmd 1.9),0.0 (cmd 1.1)
0.268,4.77,1.86,0.0,16.75,1.24,0.0,16.8,4.8,0.0 (cmd 1.9),0.0 (cmd 1.2)
0.2685,6.28,1.56,0.0,16.75,1.29,0.0,16.8,6.3,0.0 (cmd 1.6),0.0 (cmd 1.3)
0.269,7.33,1.41,0.0,16.7,1.36,0.0,16.7,7.3,0.0 (cmd 1.4),0.0 (cmd 1.4)
0.2695,6.73,1.05,0.0,16.65,1.42,0.0,16.6,6.7,0.0 (cmd 1.1),0.0 (cmd 1.4)
0.27,7.2,0.72,0.0,16.65,1.45,0.0,16.6,7.2,0.0 (cmd 0.7),0.0 (cmd 1.4)
0.2705,8.34,0.56,0.0,16.59,1.49,0.0,16.6,8.3,0.0 (cmd 0.6),0.0 (cmd 1.5)
0.271,9.47,0.4,0.0,13.55,1.34,0.0,13.6,9.5,0.0 (cmd 0.4),0.0 (cmd 1.3)
0.2715,10.4,-0.13,0.0,9.86,0.39,0.0,9.9,10.4,0.0 (cmd -0.1),0.0 (cmd 0.4)
0.272,10.66,0.18,0.0,4.46,0.07,0.0,4.5,10.7,0.0 (cmd 0.2),0.0 (cmd 0.1)
0.2725,10.71,0.26,0.0,2.98,-1.71,0.0,3.0,10.7,0.0 (cmd 0.3),0.0 (cmd -1.7)
0.273,10.72,1.02,0.0,2.25,-2.0,0.0,2.2,10.7,0.0 (cmd 1.0),0.0 (cmd -2.0)
0.2735,10.44,1.32,0.0,1.94,-2.02,0.0,1.9,10.4,0.0 (cmd 1.3),0.0 (cmd -2.0)
0.274,10.26,1.32,0.0,2.06,-1.74,0.0,2.1,10.3,0.0 (cmd 1.3),0.0 (cmd -1.7)
0.2745,10.12,1.24,0.0,2.38,-1.34,0.0,2.4,10.1,0.0 (cmd 1.2),0.0 (cmd -1.3)
0.275,10.02,1.08,0.0,4.51,-0.35,0.0,4.5,10.0,0.0 (cmd 1.1),0.0 (cmd -0.3)
0.2755,10.22,1.0,0.0,6.49,-0.09,0.0,6.5,10.2,0.0 (cmd 1.0),0.0 (cmd -0.1)
0.276,10.31,0.92,0.0,6.96,0.37,0.0,7.0,10.3,0.0 (cmd 0.9),0.0 (cmd 0.4)
0.2765,10.55,0.92,0.0,7.83,0.41,0.0,7.8,10.6,0.0 (cmd 0.9),0.0 (cmd 0.4)
0.277,11.04,0.8,0.0,9.91,0.92,0.0,9.9,11.0,0.0 (cmd 0.8),0.0 (cmd 0.9)
0.2775,11.41,0.85,0.0,11.56,0.97,0.0,11.6,11.4,0.0 (cmd 0.8),0.0 (cmd 1.0)
0.278,12.04,0.88,0.0,12.71,1.2,0.0,12.7,12.0,0.0 (cmd 0.9),0.0 (cmd 1.2)
0.2785,13.27,0.95,0.0,13.61,1.3,0.0,13.6,13.3,0.0 (cmd 0.9),0.0 (cmd 1.3)
0.279,16.69,1.18,0.0,14.04,1.38,0.0,14.0,16.7,0.0 (cmd 1.2),0.0 (cmd 1.4)
0.2795,18.47,1.95,0.0,14.74,1.4,0.0,14.7,18.5,0.0 (cmd 1.9),0.0 (cmd 1.4)
0.28,18.74,1.72,0.0,15.24,1.49,0.0,15.2,18.7,0.0 (cmd 1.7),0.0 (cmd 1.5)
0.2805,18.76,1.37,0.0,15.51,1.57,0.0,15.5,18.8,0.0 (cmd 1.4),0.0 (cmd 1.6)
0.281,18.74,1.02,0.0,15.69,1.61,0.0,15.7,18.7,0.0 (cmd 1.0),0.0 (cmd 1.6)
0.28329999999999994,18.72,0.96,0.0,15.74,1.61,0.0,15.7,18.7,0.0 (cmd 1.0),0.0 (cmd 1.6)
0.2845,18.14,0.74,0.0,16.76,1.67,0.0,16.8,18.1,0.0 (cmd 0.7),0.0 (cmd 1.7)
0.285,18.19,0.42,0.0,17.25,1.88,0.0,17.2,18.2,0.0 (cmd 0.4),0.0 (cmd 1.9)
0.28559999999999997,18.21,0.37,0.0,17.35,1.89,0.0,17.4,18.2,0.0 (cmd 0.4),0.0 (cmd 1.9)
0.2861,18.33,0.15,0.0,17.92,2.07,0.0,17.9,18.3,0.0 (cmd 0.1),0.0 (cmd 2.1)
0.2866,18.45,-0.06,0.0,18.01,2.27,0.0,18.0,18.4,0.0 (cmd -0.1),0.0 (cmd 2.3)
0.2871,18.55,-0.26,0.0,18.04,2.38,0.0,18.0,18.6,0.0 (cmd -0.3),0.0 (cmd 2.4)
0.2876,18.47,-0.45,0.0,17.98,2.47,0.0,18.0,18.5,0.0 (cmd -0.5),0.0 (cmd 2.5)
0.28809999999999997,18.46,-0.61,0.0,17.89,2.52,0.0,17.9,18.5,0.0 (cmd -0.6),0.0 (cmd 2.5)
0.2886,18.44,-0.73,0.0,17.86,2.55,0.0,17.9,18.4,0.0 (cmd -0.7),0.0 (cmd 2.5)
0.2891,18.43,-0.82,0.0,17.85,2.58,0.0,17.9,18.4,0.0 (cmd -0.8),0.0 (cmd 2.6)
0.2896,18.36,-0.88,0.0,17.84,2.61,0.0,17.8,18.4,0.0 (cmd -0.9),0.0 (cmd 2.6)
0.2901,18.35,-0.94,0.0,17.82,2.63,0.0,17.8,18.4,0.0 (cmd -0.9),0.0 (cmd 2.6)
0.29059999999999997,18.35,-0.97,0.0,17.83,2.64,0.0,17.8,18.4,0.0 (cmd -1.0),0.0 (cmd 2.6)
0.2911,18.19,-1.0,0.0,17.84,2.66,0.0,17.8,18.2,0.0 (cmd -1.0),0.0 (cmd 2.7)
0.2916,17.96,-1.03,0.0,17.89,2.66,0.0,17.9,18.0,0.0 (cmd -1.0),0.0 (cmd 2.7)
0.2921,17.86,-1.07,0.0,17.9,2.66,0.0,17.9,17.9,0.0 (cmd -1.1),0.0 (cmd 2.7)
0.2926,17.78,-1.08,0.0,17.93,2.67,0.0,17.9,17.8,0.0 (cmd -1.1),0.0 (cmd 2.7)
0.29309999999999997,17.76,-1.09,0.0,17.93,2.67,0.0,17.9,17.8,0.0 (cmd -1.1),0.0 (cmd 2.7)
0.2936,17.74,-1.1,0.0,17.92,2.68,0.0,17.9,17.7,0.0 (cmd -1.1),0.0 (cmd 2.7)
0.29410000000000003,17.72,-1.1,0.0,17.92,2.68,0.0,17.9,17.7,0.0 (cmd -1.1),0.0 (cmd 2.7)
0.29460000000000003,17.69,-1.1,0.0,17.96,2.68,0.0,18.0,17.7,0.0 (cmd -1.1),0.0 (cmd 2.7)
0.29510000000000003,17.69,-1.1,0.0,18.04,2.69,0.0,18.0,17.7,0.0 (cmd -1.1),0.0 (cmd 2.7)
0.2956,17.75,-1.1,0.0,18.17,2.71,0.0,18.2,17.8,0.0 (cmd -1.1),0.0 (cmd 2.7)
0.29610000000000003,17.81,-1.1,0.0,18.24,2.74,0.0,18.2,17.8,0.0 (cmd -1.1),0.0 (cmd 2.7)
0.29660000000000003,17.95,-1.11,0.0,18.27,2.77,0.0,18.3,17.9,0.0 (cmd -1.1),0.0 (cmd 2.8)
0.29710000000000003,18.12,-1.12,0.0,18.42,2.8,0.0,18.4,18.1,0.0 (cmd -1.1),0.0 (cmd 2.8)
0.29760000000000003,18.25,-1.13,0.0,18.54,2.86,0.0,18.5,18.2,0.0 (cmd -1.1),0.0 (cmd 2.9)
0.2981,18.35,-1.16,0.0,18.53,2.9,0.0,18.5,18.4,0.0 (cmd -1.2),0.0 (cmd 2.9)
0.29860000000000003,18.45,-1.2,0.0,18.47,2.91,0.0,18.5,18.4,0.0 (cmd -1.2),0.0 (cmd 2.9)
0.29910000000000003,18.53,-1.23,0.0,18.3,2.92,0.0,18.3,18.5,0.0 (cmd -1.2),0.0 (cmd 2.9)
0.29960000000000003,18.59,-1.25,0.0,18.12,2.89,0.0,18.1,18.6,0.0 (cmd -1.2),0.0 (cmd 2.9)
0.30010000000000003,18.59,-1.26,0.0,18.09,2.86,0.0,18.1,18.6,0.0 (cmd -1.3),0.0 (cmd 2.9)
0.3006,18.57,-1.25,0.0,18.12,2.85,0.0,18.1,18.6,0.0 (cmd -1.2),0.0 (cmd 2.9)
0.30110000000000003,18.54,-1.24,0.0,18.17,2.85,0.0,18.2,18.5,0.0 (cmd -1.2),0.0 (cmd 2.9)
0.30160000000000003,18.59,-1.23,0.0,18.16,2.85,0.0,18.2,18.6,0.0 (cmd -1.2),0.0 (cmd 2.9)
0.30210000000000004,18.63,-1.23,0.0,18.14,2.85,0.0,18.1,18.6,0.0 (cmd -1.2),0.0 (cmd 2.9)
0.30260000000000004,18.7,-1.22,0.0,18.13,2.84,0.0,18.1,18.7,0.0 (cmd -1.2),0.0 (cmd 2.8)
0.3031,18.74,-1.22,0.0,18.09,2.85,0.0,18.1,18.7,0.0 (cmd -1.2),0.0 (cmd 2.9)
0.30360000000000004,18.8,-1.22,0.0,18.08,2.84,0.0,18.1,18.8,0.0 (cmd -1.2),0.0 (cmd 2.8)
0.30410000000000004,18.86,-1.22,0.0,18.04,2.83,0.0,18.0,18.9,0.0 (cmd -1.2),0.0 (cmd 2.8)
0.30460000000000004,18.99,-1.2,0.0,18.04,2.83,0.0,18.0,19.0,0.0 (cmd -1.2),0.0 (cmd 2.8)
0.30510000000000004,19.09,-1.19,0.0,18.1,2.85,0.0,18.1,19.1,0.0 (cmd -1.2),0.0 (cmd 2.9)
0.3056,19.21,-1.19,0.0,18.12,2.85,0.0,18.1,19.2,0.0 (cmd -1.2),0.0 (cmd 2.9)
0.30610000000000004,19.25,-1.19,0.0,18.14,2.87,0.0,18.1,19.2,0.0 (cmd -1.2),0.0 (cmd 2.9)
0.30660000000000004,19.3,-1.2,0.0,18.38,2.87,0.0,18.4,19.3,0.0 (cmd -1.2),0.0 (cmd 2.9)
0.30710000000000004,19.34,-1.19,0.0,18.51,2.93,0.0,18.5,19.3,0.0 (cmd -1.2),0.0 (cmd 2.9)
0.30760000000000004,19.31,-1.22,0.0,18.49,2.98,0.0,18.5,19.3,0.0 (cmd -1.2),0.0 (cmd 3.0)
0.3081,19.29,-1.26,0.0,18.45,2.98,0.0,18.4,19.3,0.0 (cmd -1.3),0.0 (cmd 3.0)
0.30860000000000004,19.28,-1.29,0.0,18.41,2.99,0.0,18.4,19.3,0.0 (cmd -1.3),0.0 (cmd 3.0)
0.30910000000000004,19.24,-1.31,0.0,18.4,2.98,0.0,18.4,19.2,0.0 (cmd -1.3),0.0 (cmd 3.0)
0.30960000000000004,19.18,-1.32,0.0,18.26,2.98,0.0,18.3,19.2,0.0 (cmd -1.3),0.0 (cmd 3.0)
0.31010000000000004,19.16,-1.34,0.0,18.22,2.95,0.0,18.2,19.2,0.0 (cmd -1.3),0.0 (cmd 3.0)
0.3106,19.13,-1.33,0.0,18.11,2.93,0.0,18.1,19.1,0.0 (cmd -1.3),0.0 (cmd 2.9)
0.31110000000000004,19.1,-1.32,0.0,18.04,2.91,0.0,18.0,19.1,0.0 (cmd -1.3),0.0 (cmd 2.9)
0.31160000000000004,19.09,-1.3,0.0,18.01,2.88,0.0,18.0,19.1,0.0 (cmd -1.3),0.0 (cmd 2.9)
0.31210000000000004,19.08,-1.28,0.0,17.98,2.86,0.0,18.0,19.1,0.0 (cmd -1.3),0.0 (cmd 2.9)
0.31260000000000004,19.03,-1.26,0.0,17.97,2.84,0.0,18.0,19.0,0.0 (cmd -1.3),0.0 (cmd 2.8)
0.3131,18.99,-1.25,0.0,17.96,2.83,0.0,18.0,19.0,0.0 (cmd -1.2),0.0 (cmd 2.8)
0.31360000000000005,18.96,-1.24,0.0,17.9,2.82,0.0,17.9,19.0,0.0 (cmd -1.2),0.0 (cmd 2.8)
0.31410000000000005,18.92,-1.22,0.0,17.84,2.8,0.0,17.8,18.9,0.0 (cmd -1.2),0.0 (cmd 2.8)
0.31460000000000005,18.89,-1.21,0.0,17.83,2.78,0.0,17.8,18.9,0.0 (cmd -1.2),0.0 (cmd 2.8)
0.31510000000000005,18.87,-1.19,0.0,17.78,2.76,0.0,17.8,18.9,0.0 (cmd -1.2),0.0 (cmd 2.8)
0.3156,18.84,-1.18,0.0,17.78,2.74,0.0,17.8,18.8,0.0 (cmd -1.2),0.0 (cmd 2.7)
0.31610000000000005,18.83,-1.16,0.0,17.76,2.73,0.0,17.8,18.8,0.0 (cmd -1.2),0.0 (cmd 2.7)
0.31660000000000005,18.83,-1.15,0.0,17.75,2.72,0.0,17.8,18.8,0.0 (cmd -1.1),0.0 (cmd 2.7)
0.31710000000000005,18.82,-1.14,0.0,17.69,2.7,0.0,17.7,18.8,0.0 (cmd -1.1),0.0 (cmd 2.7)
0.31760000000000005,18.84,-1.12,0.0,17.7,2.7,0.0,17.7,18.8,0.0 (cmd -1.1),0.0 (cmd 2.7)
0.31809999999999994,18.86,-1.11,0.0,17.69,2.69,0.0,17.7,18.9,0.0 (cmd -1.1),0.0 (cmd 2.7)
0.31860000000000005,18.84,-1.1,0.0,17.67,2.69,0.0,17.7,18.8,0.0 (cmd -1.1),0.0 (cmd 2.7)
0.31910000000000005,18.8,-1.09,0.0,17.62,2.68,0.0,17.6,18.8,0.0 (cmd -1.1),0.0 (cmd 2.7)
0.3196,18.79,-1.09,0.0,17.6,2.66,0.0,17.6,18.8,0.0 (cmd -1.1),0.0 (cmd 2.7)
0.32009999999999994,18.8,-1.08,0.0,17.58,2.65,0.0,17.6,18.8,0.0 (cmd -1.1),0.0 (cmd 2.6)
0.3206,18.86,-1.06,0.0,17.53,2.64,0.0,17.5,18.9,0.0 (cmd -1.1),0.0 (cmd 2.6)
0.3211,18.9,-1.05,0.0,17.51,2.63,0.0,17.5,18.9,0.0 (cmd -1.1),0.0 (cmd 2.6)
0.32159999999999994,18.9,-1.04,0.0,17.49,2.62,0.0,17.5,18.9,0.0 (cmd -1.0),0.0 (cmd 2.6)
0.3221,18.95,-1.03,0.0,17.47,2.62,0.0,17.5,18.9,0.0 (cmd -1.0),0.0 (cmd 2.6)
0.32259999999999994,18.95,-1.02,0.0,17.45,2.61,0.0,17.4,18.9,0.0 (cmd -1.0),0.0 (cmd 2.6)
0.3231,18.87,-1.02,0.0,17.41,2.6,0.0,17.4,18.9,0.0 (cmd -1.0),0.0 (cmd 2.6)
0.3236,18.79,-1.01,0.0,17.36,2.58,0.0,17.4,18.8,0.0 (cmd -1.0),0.0 (cmd 2.6)
0.32409999999999994,18.78,-1.01,0.0,17.24,2.56,0.0,17.2,18.8,0.0 (cmd -1.0),0.0 (cmd 2.6)
0.3246,18.82,-0.99,0.0,17.23,2.52,0.0,17.2,18.8,0.0 (cmd -1.0),0.0 (cmd 2.5)
0.32509999999999994,18.87,-0.98,0.0,17.06,2.49,0.0,17.1,18.9,0.0 (cmd -1.0),0.0 (cmd 2.5)
0.3256,19.03,-0.94,0.0,16.92,2.47,0.0,16.9,19.0,0.0 (cmd -0.9),0.0 (cmd 2.5)
0.3261,19.32,-0.92,0.0,16.91,2.44,0.0,16.9,19.3,0.0 (cmd -0.9),0.0 (cmd 2.4)
0.32659999999999995,19.44,-0.87,0.0,16.81,2.44,0.0,16.8,19.4,0.0 (cmd -0.9),0.0 (cmd 2.4)
0.3271,19.42,-0.85,0.0,16.76,2.41,0.0,16.8,19.4,0.0 (cmd -0.8),0.0 (cmd 2.4)
0.32759999999999995,19.36,-0.84,0.0,16.7,2.38,0.0,16.7,19.4,0.0 (cmd -0.8),0.0 (cmd 2.4)
0.3281,19.32,-0.82,0.0,16.65,2.35,0.0,16.6,19.3,0.0 (cmd -0.8),0.0 (cmd 2.4)
0.3286,19.35,-0.8,0.0,16.65,2.33,0.0,16.6,19.4,0.0 (cmd -0.8),0.0 (cmd 2.3)
0.32909999999999995,19.47,-0.77,0.0,16.64,2.32,0.0,16.6,19.5,0.0 (cmd -0.8),0.0 (cmd 2.3)
0.3296,19.65,-0.74,0.0,16.56,2.32,0.0,16.6,19.6,0.0 (cmd -0.7),0.0 (cmd 2.3)
0.33009999999999995,19.82,-0.73,0.0,16.59,2.31,0.0,16.6,19.8,0.0 (cmd -0.7),0.0 (cmd 2.3)
0.3306,19.86,-0.7,0.0,16.71,2.33,0.0,16.7,19.9,0.0 (cmd -0.7),0.0 (cmd 2.3)
0.3311,19.88,-0.7,0.0,16.71,2.34,0.0,16.7,19.9,0.0 (cmd -0.7),0.0 (cmd 2.3)
0.33159999999999995,19.91,-0.7,0.0,16.64,2.34,0.0,16.6,19.9,0.0 (cmd -0.7),0.0 (cmd 2.3)
0.3321,19.93,-0.72,0.0,16.63,2.33,0.0,16.6,19.9,0.0 (cmd -0.7),0.0 (cmd 2.3)
0.33259999999999995,19.94,-0.72,0.0,16.62,2.32,0.0,16.6,19.9,0.0 (cmd -0.7),0.0 (cmd 2.3)
0.3331,19.92,-0.71,0.0,16.62,2.32,0.0,16.6,19.9,0.0 (cmd -0.7),0.0 (cmd 2.3)
0.3336,19.92,-0.71,0.0,16.53,2.31,0.0,16.5,19.9,0.0 (cmd -0.7),0.0 (cmd 2.3)
0.33409999999999995,19.91,-0.72,0.0,16.52,2.29,0.0,16.5,19.9,0.0 (cmd -0.7),0.0 (cmd 2.3)
0.3346,19.92,-0.71,0.0,16.53,2.28,0.0,16.5,19.9,0.0 (cmd -0.7),0.0 (cmd 2.3)
0.33509999999999995,19.92,-0.7,0.0,16.53,2.28,0.0,16.5,19.9,0.0 (cmd -0.7),0.0 (cmd 2.3)
0.3356,19.94,-0.69,0.0,16.52,2.28,0.0,16.5,19.9,0.0 (cmd -0.7),0.0 (cmd 2.3)
0.3361,19.96,-0.68,0.0,16.46,2.28,0.0,16.5,20.0,0.0 (cmd -0.7),0.0 (cmd 2.3)
0.33659999999999995,19.97,-0.69,0.0,16.37,2.24,0.0,16.4,20.0,0.0 (cmd -0.7),0.0 (cmd 2.2)
0.3371,19.94,-0.69,0.0,16.27,2.21,0.0,16.3,19.9,0.0 (cmd -0.7),0.0 (cmd 2.2)
0.33759999999999996,19.87,-0.67,0.0,16.26,2.2,0.0,16.3,19.9,0.0 (cmd -0.7),0.0 (cmd 2.2)
0.3381,19.75,-0.67,0.0,16.13,2.15,0.0,16.1,19.8,0.0 (cmd -0.7),0.0 (cmd 2.1)
0.3386,19.77,-0.64,0.0,16.13,2.14,0.0,16.1,19.8,0.0 (cmd -0.6),0.0 (cmd 2.1)
0.33909999999999996,19.77,-0.61,0.0,16.11,2.13,0.0,16.1,19.8,0.0 (cmd -0.6),0.0 (cmd 2.1)
0.3396,19.79,-0.59,0.0,16.11,2.12,0.0,16.1,19.8,0.0 (cmd -0.6),0.0 (cmd 2.1)
0.34009999999999996,19.82,-0.57,0.0,16.12,2.11,0.0,16.1,19.8,0.0 (cmd -0.6),0.0 (cmd 2.1)
0.3406,19.87,-0.55,0.0,16.13,2.12,0.0,16.1,19.9,0.0 (cmd -0.6),0.0 (cmd 2.1)
0.3411,19.91,-0.54,0.0,16.13,2.12,0.0,16.1,19.9,0.0 (cmd -0.5),0.0 (cmd 2.1)
0.34159999999999996,19.93,-0.53,0.0,16.2,2.12,0.0,16.2,19.9,0.0 (cmd -0.5),0.0 (cmd 2.1)
0.3421,19.96,-0.53,0.0,16.23,2.13,0.0,16.2,20.0,0.0 (cmd -0.5),0.0 (cmd 2.1)
0.34259999999999996,19.97,-0.53,0.0,16.32,2.14,0.0,16.3,20.0,0.0 (cmd -0.5),0.0 (cmd 2.1)
0.3431,19.98,-0.53,0.0,16.35,2.17,0.0,16.4,20.0,0.0 (cmd -0.5),0.0 (cmd 2.2)
0.3436,19.99,-0.54,0.0,16.48,2.2,0.0,16.5,20.0,0.0 (cmd -0.5),0.0 (cmd 2.2)
0.34409999999999996,20.02,-0.56,0.0,16.51,2.22,0.0,16.5,20.0,0.0 (cmd -0.6),0.0 (cmd 2.2)
0.3446,20.04,-0.57,0.0,16.56,2.24,0.0,16.6,20.0,0.0 (cmd -0.6),0.0 (cmd 2.2)
0.34509999999999996,20.06,-0.59,0.0,16.6,2.26,0.0,16.6,20.1,0.0 (cmd -0.6),0.0 (cmd 2.3)
0.3456,20.05,-0.61,0.0,16.7,2.27,0.0,16.7,20.1,0.0 (cmd -0.6),0.0 (cmd 2.3)
0.3461,20.04,-0.63,0.0,16.78,2.31,0.0,16.8,20.0,0.0 (cmd -0.6),0.0 (cmd 2.3)
0.34659999999999996,20.04,-0.66,0.0,16.84,2.33,0.0,16.8,20.0,0.0 (cmd -0.7),0.0 (cmd 2.3)
0.3471,20.04,-0.68,0.0,16.88,2.36,0.0,16.9,20.0,0.0 (cmd -0.7),0.0 (cmd 2.4)
0.34759999999999996,20.04,-0.71,0.0,16.96,2.38,0.0,17.0,20.0,0.0 (cmd -0.7),0.0 (cmd 2.4)
0.3481,20.06,-0.73,0.0,16.96,2.41,0.0,17.0,20.1,0.0 (cmd -0.7),0.0 (cmd 2.4)
0.3486,20.06,-0.75,0.0,16.97,2.42,0.0,17.0,20.1,0.0 (cmd -0.8),0.0 (cmd 2.4)
0.34909999999999997,20.07,-0.77,0.0,16.97,2.43,0.0,17.0,20.1,0.0 (cmd -0.8),0.0 (cmd 2.4)
0.3496,20.08,-0.78,0.0,16.98,2.44,0.0,17.0,20.1,0.0 (cmd -0.8),0.0 (cmd 2.4)
0.35009999999999997,20.09,-0.79,0.0,17.04,2.46,0.0,17.0,20.1,0.0 (cmd -0.8),0.0 (cmd 2.5)
0.3506,20.12,-0.81,0.0,17.07,2.47,0.0,17.1,20.1,0.0 (cmd -0.8),0.0 (cmd 2.5)
0.3511,20.15,-0.82,0.0,17.09,2.48,0.0,17.1,20.1,0.0 (cmd -0.8),0.0 (cmd 2.5)
0.35159999999999997,20.16,-0.83,0.0,17.12,2.49,0.0,17.1,20.2,0.0 (cmd -0.8),0.0 (cmd 2.5)
0.3521,20.18,-0.84,0.0,17.17,2.5,0.0,17.2,20.2,0.0 (cmd -0.8),0.0 (cmd 2.5)
0.35259999999999997,20.19,-0.85,0.0,17.2,2.52,0.0,17.2,20.2,0.0 (cmd -0.8),0.0 (cmd 2.5)
0.3531,20.19,-0.86,0.0,17.26,2.53,0.0,17.3,20.2,0.0 (cmd -0.9),0.0 (cmd 2.5)
0.0005,3.83,1.92,0.0,0.62,0.04,0.0,0.6,3.8,0.0 (cmd 1.9),0.0 (cmd 0.0)
0.001,3.92,1.69,0.0,0.98,0.13,0.0,1.0,3.9,0.0 (cmd 1.7),0.0 (cmd 0.1)
0.0015,4.18,1.57,0.0,1.37,0.27,0.0,1.4,4.2,0.0 (cmd 1.6),0.0 (cmd 0.3)
0.002,4.2,1.42,0.0,1.5,0.25,0.0,1.5,4.2,0.0 (cmd 1.4),0.0 (cmd 0.2)
0.0025,4.14,1.3,0.0,1.54,0.26,0.0,1.5,4.1,0.0 (cmd 1.3),0.0 (cmd 0.3)
0.003,4.08,1.19,0.0,1.56,0.22,0.0,1.6,4.1,0.0 (cmd 1.2),0.0 (cmd 0.2)
0.0035,3.92,1.1,0.0,1.55,0.19,0.0,1.6,3.9,0.0 (cmd 1.1),0.0 (cmd 0.2)
0.004,3.82,1.04,0.0,1.52,0.16,0.0,1.5,3.8,0.0 (cmd 1.0),0.0 (cmd 0.2)
0.0045,3.78,0.99,0.0,1.38,0.11,0.0,1.4,3.8,0.0 (cmd 1.0),0.0 (cmd 0.1)
0.005,3.64,0.96,0.0,1.34,0.09,0.0,1.3,3.6,0.0 (cmd 1.0),0.0 (cmd 0.1)
0.0055,3.68,0.93,0.0,1.46,0.1,0.0,1.5,3.7,0.0 (cmd 0.9),0.0 (cmd 0.1)
0.006,3.74,0.93,0.0,1.59,0.14,0.0,1.6,3.7,0.0 (cmd 0.9),0.0 (cmd 0.1)
0.0065,3.92,0.95,0.0,1.62,0.13,0.0,1.6,3.9,0.0 (cmd 0.9),0.0 (cmd 0.1)
0.007,4.07,0.98,0.0,1.64,0.12,0.0,1.6,4.1,0.0 (cmd 1.0),0.0 (cmd 0.1)
0.0075,4.27,1.03,0.0,1.67,0.1,0.0,1.7,4.3,0.0 (cmd 1.0),0.0 (cmd 0.1)
0.008,4.4,1.03,0.0,1.92,0.14,0.0,1.9,4.4,0.0 (cmd 1.0),0.0 (cmd 0.1)
0.0085,4.65,1.07,0.0,1.98,0.14,0.0,2.0,4.7,0.0 (cmd 1.1),0.0 (cmd 0.1)
0.009,4.67,1.05,0.0,2.04,0.14,0.0,2.0,4.7,0.0 (cmd 1.1),0.0 (cmd 0.1)
0.0095,4.67,1.02,0.0,2.07,0.13,0.0,2.1,4.7,0.0 (cmd 1.0),0.0 (cmd 0.1)
0.01,4.65,0.99,0.0,2.05,0.11,0.0,2.0,4.7,0.0 (cmd 1.0),0.0 (cmd 0.1)
0.0105,4.64,0.97,0.0,2.06,0.1,0.0,2.1,4.6,0.0 (cmd 1.0),0.0 (cmd 0.1)
0.011,4.65,0.96,0.0,2.08,0.1,0.0,2.1,4.7,0.0 (cmd 1.0),0.0 (cmd 0.1)
0.0115,4.69,0.96,0.0,2.09,0.09,0.0,2.1,4.7,0.0 (cmd 1.0),0.0 (cmd 0.1)
0.012,4.7,0.95,0.0,2.13,0.09,0.0,2.1,4.7,0.0 (cmd 0.9),0.0 (cmd 0.1)
0.0125,4.69,0.94,0.0,2.12,0.08,0.0,2.1,4.7,0.0 (cmd 0.9),0.0 (cmd 0.1)
0.013,4.67,0.93,0.0,2.07,0.07,0.0,2.1,4.7,0.0 (cmd 0.9),0.0 (cmd 0.1)
0.0135,4.63,0.92,0.0,2.05,0.06,0.0,2.0,4.6,0.0 (cmd 0.9),0.0 (cmd 0.1)
0.014,4.56,0.9,0.0,2.02,0.05,0.0,2.0,4.6,0.0 (cmd 0.9),0.0 (cmd 0.1)
0.0145,4.5,0.89,0.0,2.01,0.05,0.0,2.0,4.5,0.0 (cmd 0.9),0.0 (cmd 0.1)
0.015,4.47,0.88,0.0,1.96,0.05,0.0,2.0,4.5,0.0 (cmd 0.9),0.0 (cmd 0.1)
0.0155,4.45,0.89,0.0,1.9,0.03,0.0,1.9,4.5,0.0 (cmd 0.9),0.0 (cmd 0.0)
0.016,4.42,0.9,0.0,1.88,0.02,0.0,1.9,4.4,0.0 (cmd 0.9),0.0 (cmd 0.0)
0.0165,4.37,0.89,0.0,1.86,0.02,0.0,1.9,4.4,0.0 (cmd 0.9),0.0 (cmd 0.0)
0.017,4.35,0.89,0.0,1.85,0.03,0.0,1.9,4.3,0.0 (cmd 0.9),0.0 (cmd 0.0)
0.0175,4.34,0.89,0.0,1.83,0.03,0.0,1.8,4.3,0.0 (cmd 0.9),0.0 (cmd 0.0)
0.018,4.34,0.89,0.0,1.81,0.03,0.0,1.8,4.3,0.0 (cmd 0.9),0.0 (cmd 0.0)
0.0185,4.34,0.9,0.0,1.78,0.03,0.0,1.8,4.3,0.0 (cmd 0.9),0.0 (cmd 0.0)
0.019,4.33,0.91,0.0,1.77,0.03,0.0,1.8,4.3,0.0 (cmd 0.9),0.0 (cmd 0.0)
0.0195,4.31,0.91,0.0,1.76,0.03,0.0,1.8,4.3,0.0 (cmd 0.9),0.0 (cmd 0.0)
0.02,4.31,0.91,0.0,1.74,0.04,0.0,1.7,4.3,0.0 (cmd 0.9),0.0 (cmd 0.0)
0.0205,4.3,0.91,0.0,1.72,0.04,0.0,1.7,4.3,0.0 (cmd 0.9),0.0 (cmd 0.0)
0.021,4.3,0.91,0.0,1.72,0.04,0.0,1.7,4.3,0.0 (cmd 0.9),0.0 (cmd 0.0)
0.0215,4.3,0.92,0.0,1.72,0.04,0.0,1.7,4.3,0.0 (cmd 0.9),0.0 (cmd 0.0)
0.022,4.29,0.91,0.0,1.72,0.05,0.0,1.7,4.3,0.0 (cmd 0.9),0.0 (cmd 0.1)
0.0225,4.27,0.91,0.0,1.71,0.05,0.0,1.7,4.3,0.0 (cmd 0.9),0.0 (cmd 0.1)
0.023,4.26,0.91,0.0,1.68,0.05,0.0,1.7,4.3,0.0 (cmd 0.9),0.0 (cmd 0.1)
0.0235,4.25,0.92,0.0,1.65,0.04,0.0,1.6,4.2,0.0 (cmd 0.9),0.0 (cmd 0.0)
0.024,4.25,0.92,0.0,1.62,0.04,0.0,1.6,4.2,0.0 (cmd 0.9),0.0 (cmd 0.0)
0.0245,4.25,0.92,0.0,1.57,0.03,0.0,1.6,4.2,0.0 (cmd 0.9),0.0 (cmd 0.0)
0.025,4.25,0.93,0.0,1.51,0.02,0.0,1.5,4.2,0.0 (cmd 0.9),0.0 (cmd 0.0)
0.0255,4.26,0.93,0.0,1.5,0.02,0.0,1.5,4.3,0.0 (cmd 0.9),0.0 (cmd 0.0)
0.026,4.27,0.94,0.0,1.48,0.03,0.0,1.5,4.3,0.0 (cmd 0.9),0.0 (cmd 0.0)
0.0265,4.27,0.94,0.0,1.44,0.02,0.0,1.4,4.3,0.0 (cmd 0.9),0.0 (cmd 0.0)
0.027,4.26,0.94,0.0,1.44,0.03,0.0,1.4,4.3,0.0 (cmd 0.9),0.0 (cmd 0.0)
0.0275,4.27,0.94,0.0,1.43,0.04,0.0,1.4,4.3,0.0 (cmd 0.9),0.0 (cmd 0.0)
0.028,4.25,0.94,0.0,1.4,0.04,0.0,1.4,4.2,0.0 (cmd 0.9),0.0 (cmd 0.0)
0.0285,4.24,0.93,0.0,1.39,0.04,0.0,1.4,4.2,0.0 (cmd 0.9),0.0 (cmd 0.0)
0.029,4.22,0.93,0.0,1.39,0.05,0.0,1.4,4.2,0.0 (cmd 0.9),0.0 (cmd 0.1)
0.0295,4.21,0.93,0.0,1.37,0.05,0.0,1.4,4.2,0.0 (cmd 0.9),0.0 (cmd 0.1)
0.03,4.2,0.93,0.0,1.37,0.05,0.0,1.4,4.2,0.0 (cmd 0.9),0.0 (cmd 0.1)
0.0305,4.21,0.93,0.0,1.36,0.05,0.0,1.4,4.2,0.0 (cmd 0.9),0.0 (cmd 0.1)
0.031,4.19,0.93,0.0,1.36,0.06,0.0,1.4,4.2,0.0 (cmd 0.9),0.0 (cmd 0.1)
0.0315,4.18,0.93,0.0,1.34,0.06,0.0,1.3,4.2,0.0 (cmd 0.9),0.0 (cmd 0.1)
0.032,4.15,0.93,0.0,1.33,0.06,0.0,1.3,4.2,0.0 (cmd 0.9),0.0 (cmd 0.1)
0.0325,4.02,0.91,0.0,1.21,0.05,0.0,1.2,4.0,0.0 (cmd 0.9),0.0 (cmd 0.1)
0.033,3.07,0.83,0.0,1.11,0.05,0.0,1.1,3.1,0.0 (cmd 0.8),0.0 (cmd 0.1)
0.0335,2.75,0.73,0.0,0.12,-0.15,0.0,0.1,2.8,0.0 (cmd 0.7),0.0 (cmd -0.1)
0.034,1.61,0.48,0.0,-0.12,-0.1,0.0,-0.1,1.6,0.0 (cmd 0.5),0.0 (cmd -0.1)
0.0345,0.7,0.4,0.0,-1.19,-0.13,0.0,-1.2,0.7,0.0 (cmd 0.4),0.0 (cmd -0.1)
0.035,0.2,0.46,0.0,-1.6,-0.39,0.0,-1.6,0.2,0.0 (cmd 0.5),0.0 (cmd -0.4)
0.0355,-0.21,0.46,0.0,-1.72,-0.28,0.0,-1.7,-0.2,0.0 (cmd 0.5),0.0 (cmd -0.3)
0.036,-0.5,0.45,0.0,-2.13,-0.18,0.0,-2.1,-0.5,0.0 (cmd 0.5),0.0 (cmd -0.2)
0.0365,-0.97,0.51,0.0,-2.13,-0.19,0.0,-2.1,-1.0,0.0 (cmd 0.5),0.0 (cmd -0.2)
0.037,-1.08,0.54,0.0,-2.17,-0.1,0.0,-2.2,-1.1,0.0 (cmd 0.5),0.0 (cmd -0.1)
0.0375,-1.24,0.59,0.0,-2.2,-0.04,0.0,-2.2,-1.2,0.0 (cmd 0.6),0.0 (cmd -0.0)
0.038,-1.33,0.62,0.0,-2.22,0.01,0.0,-2.2,-1.3,0.0 (cmd 0.6),0.0 (cmd 0.0)
0.0385,-1.32,0.7,0.0,-2.23,0.04,0.0,-2.2,-1.3,0.0 (cmd 0.7),0.0 (cmd 0.0)
0.039,-1.3,0.76,0.0,-2.25,0.07,0.0,-2.2,-1.3,0.0 (cmd 0.8),0.0 (cmd 0.1)
0.0395,-1.27,0.81,0.0,-2.25,0.09,0.0,-2.2,-1.3,0.0 (cmd 0.8),0.0 (cmd 0.1)
0.04,-1.2,0.86,0.0,-2.23,0.1,0.0,-2.2,-1.2,0.0 (cmd 0.9),0.0 (cmd 0.1)
0.0405,-1.27,0.87,0.0,-2.16,0.13,0.0,-2.2,-1.3,0.0 (cmd 0.9),0.0 (cmd 0.1)
0.041,-1.31,0.87,0.0,-2.11,0.17,0.0,-2.1,-1.3,0.0 (cmd 0.9),0.0 (cmd 0.2)
0.0415,-1.27,0.88,0.0,-2.11,0.18,0.0,-2.1,-1.3,0.0 (cmd 0.9),0.0 (cmd 0.2)
0.042,-1.29,0.9,0.0,-2.05,0.17,0.0,-2.0,-1.3,0.0 (cmd 0.9),0.0 (cmd 0.2)
0.0425,-1.38,0.9,0.0,-1.86,0.2,0.0,-1.9,-1.4,0.0 (cmd 0.9),0.0 (cmd 0.2)
0.043,-1.41,0.87,0.0,-1.87,0.24,0.0,-1.9,-1.4,0.0 (cmd 0.9),0.0 (cmd 0.2)
0.0435,-1.46,0.87,0.0,-1.84,0.23,0.0,-1.8,-1.5,0.0 (cmd 0.9),0.0 (cmd 0.2)
0.044,-1.46,0.88,0.0,-1.83,0.22,0.0,-1.8,-1.5,0.0 (cmd 0.9),0.0 (cmd 0.2)
0.0445,-1.49,0.88,0.0,-1.84,0.21,0.0,-1.8,-1.5,0.0 (cmd 0.9),0.0 (cmd 0.2)
0.045,-1.54,0.88,0.0,-1.98,0.2,0.0,-2.0,-1.5,0.0 (cmd 0.9),0.0 (cmd 0.2)
0.0455,-1.55,0.9,0.0,-2.11,0.13,0.0,-2.1,-1.6,0.0 (cmd 0.9),0.0 (cmd 0.1)
0.046,-1.59,0.91,0.0,-2.16,0.12,0.0,-2.2,-1.6,0.0 (cmd 0.9),0.0 (cmd 0.1)
0.0465,-1.68,0.89,0.0,-2.18,0.13,0.0,-2.2,-1.7,0.0 (cmd 0.9),0.0 (cmd 0.1)
0.047,-1.8,0.88,0.0,-2.2,0.14,0.0,-2.2,-1.8,0.0 (cmd 0.9),0.0 (cmd 0.1)
0.0475,-2.0,0.89,0.0,-2.37,0.11,0.0,-2.4,-2.0,0.0 (cmd 0.9),0.0 (cmd 0.1)
0.048,-1.99,0.85,0.0,-2.43,0.11,0.0,-2.4,-2.0,0.0 (cmd 0.8),0.0 (cmd 0.1)
0.0485,-1.92,0.88,0.0,-2.49,0.11,0.0,-2.5,-1.9,0.0 (cmd 0.9),0.0 (cmd 0.1)
0.049,-1.53,0.95,0.0,-2.07,0.12,0.0,-2.1,-1.5,0.0 (cmd 0.9),0.0 (cmd 0.1)
0.0495,-1.34,1.01,0.0,-1.23,0.32,0.0,-1.2,-1.3,0.0 (cmd 1.0),0.0 (cmd 0.3)
0.05,-0.18,0.94,0.0,-1.01,0.49,0.0,-1.0,-0.2,0.0 (cmd 0.9),0.0 (cmd 0.5)
0.0505,1.18,1.34,0.0,-0.25,0.34,0.0,-0.2,1.2,0.0 (cmd 1.3),0.0 (cmd 0.3)
0.051,1.58,1.45,0.0,0.24,0.54,0.0,0.2,1.6,0.0 (cmd 1.4),0.0 (cmd 0.5)
0.0515,2.5,1.66,0.0,0.5,0.43,0.0,0.5,2.5,0.0 (cmd 1.7),0.0 (cmd 0.4)
0.052,2.76,1.58,0.0,0.49,0.41,0.0,0.5,2.8,0.0 (cmd 1.6),0.0 (cmd 0.4)
0.0525,2.62,1.44,0.0,0.44,0.31,0.0,0.4,2.6,0.0 (cmd 1.4),0.0 (cmd 0.3)
0.053,2.47,1.27,0.0,0.34,0.25,0.0,0.3,2.5,0.0 (cmd 1.3),0.0 (cmd 0.2)
0.0535,2.41,1.16,0.0,0.11,0.22,0.0,0.1,2.4,0.0 (cmd 1.2),0.0 (cmd 0.2)
0.054,2.41,1.12,0.0,0.05,0.12,0.0,0.1,2.4,0.0 (cmd 1.1),0.0 (cmd 0.1)
0.0545,2.56,1.1,0.0,0.03,0.1,0.0,0.0,2.6,0.0 (cmd 1.1),0.0 (cmd 0.1)
0.055,2.67,1.11,0.0,0.06,0.1,0.0,0.1,2.7,0.0 (cmd 1.1),0.0 (cmd 0.1)
0.0555,2.75,1.1,0.0,0.14,0.11,0.0,0.1,2.8,0.0 (cmd 1.1),0.0 (cmd 0.1)
0.056,2.76,1.08,0.0,-0.07,0.11,0.0,-0.1,2.8,0.0 (cmd 1.1),0.0 (cmd 0.1)
0.0565,2.21,1.06,0.0,-0.13,0.05,0.0,-0.1,2.2,0.0 (cmd 1.1),0.0 (cmd 0.1)
0.057,2.21,0.91,0.0,-0.26,0.03,0.0,-0.3,2.2,0.0 (cmd 0.9),0.0 (cmd 0.0)
0.0575,1.22,0.64,0.0,-0.39,0.11,0.0,-0.4,1.2,0.0 (cmd 0.6),0.0 (cmd 0.1)
0.058,0.21,0.52,0.0,-0.64,0.11,0.0,-0.6,0.2,0.0 (cmd 0.5),0.0 (cmd 0.1)
0.0585,-0.25,0.5,0.0,-0.68,0.07,0.0,-0.7,-0.2,0.0 (cmd 0.5),0.0 (cmd 0.1)
0.059,-0.87,0.48,0.0,-0.78,0.08,0.0,-0.8,-0.9,0.0 (cmd 0.5),0.0 (cmd 0.1)
0.0595,-1.12,0.42,0.0,-1.1,0.09,0.0,-1.1,-1.1,0.0 (cmd 0.4),0.0 (cmd 0.1)
0.06,-1.95,0.32,0.0,-1.97,0.05,0.0,-2.0,-1.9,0.0 (cmd 0.3),0.0 (cmd 0.1)
0.0605,-2.49,0.45,0.0,-2.24,-0.13,0.0,-2.2,-2.5,0.0 (cmd 0.5),0.0 (cmd -0.1)
0.061,-2.89,0.47,0.0,-2.76,-0.19,0.0,-2.8,-2.9,0.0 (cmd 0.5),0.0 (cmd -0.2)
0.0615,-3.05,0.49,0.0,-2.86,-0.15,0.0,-2.9,-3.0,0.0 (cmd 0.5),0.0 (cmd -0.1)
0.062,-3.04,0.56,0.0,-2.92,-0.09,0.0,-2.9,-3.0,0.0 (cmd 0.6),0.0 (cmd -0.1)
0.0625,-2.72,0.72,0.0,-2.54,-0.02,0.0,-2.5,-2.7,0.0 (cmd 0.7),0.0 (cmd -0.0)
0.063,-2.11,0.76,0.0,-2.03,0.15,0.0,-2.0,-2.1,0.0 (cmd 0.8),0.0 (cmd 0.1)
0.0635,-1.8,0.95,0.0,-1.72,0.22,0.0,-1.7,-1.8,0.0 (cmd 0.9),0.0 (cmd 0.2)
0.064,-1.27,1.09,0.0,-1.49,0.28,0.0,-1.5,-1.3,0.0 (cmd 1.1),0.0 (cmd 0.3)
0.0645,-0.88,1.12,0.0,-1.47,0.29,0.0,-1.5,-0.9,0.0 (cmd 1.1),0.0 (cmd 0.3)
0.065,-0.53,1.14,0.0,-1.75,0.25,0.0,-1.8,-0.5,0.0 (cmd 1.1),0.0 (cmd 0.2)
0.0655,-1.54,1.2,0.0,-1.8,0.13,0.0,-1.8,-1.5,0.0 (cmd 1.2),0.0 (cmd 0.1)
0.066,-2.52,0.6,0.0,-1.82,0.23,0.0,-1.8,-2.5,0.0 (cmd 0.6),0.0 (cmd 0.2)
0.0665,-4.58,0.32,0.0,-1.85,0.28,0.0,-1.9,-4.6,0.0 (cmd 0.3),0.0 (cmd 0.3)
0.067,-11.86,0.25,0.0,-1.92,0.27,0.0,-1.9,-11.9,0.0 (cmd 0.2),0.0 (cmd 0.3)
0.0675,-12.72,-1.37,0.0,-2.01,0.54,0.0,-2.0,-12.7,0.0 (cmd -1.4),0.0 (cmd 0.5)
0.068,-12.63,-1.18,0.0,-2.15,0.5,0.0,-2.1,-12.6,0.0 (cmd -1.2),0.0 (cmd 0.5)
0.0685,-11.09,-0.62,0.0,-2.28,0.32,0.0,-2.3,-11.1,0.0 (cmd -0.6),0.0 (cmd 0.3)
0.069,-10.32,0.05,0.0,-3.02,0.11,0.0,-3.0,-10.3,0.0 (cmd 0.1),0.0 (cmd 0.1)
0.0695,-8.6,0.73,0.0,-3.74,-0.25,0.0,-3.7,-8.6,0.0 (cmd 0.7),0.0 (cmd -0.2)
0.07,-7.31,1.14,0.0,-6.84,-0.37,0.0,-6.8,-7.3,0.0 (cmd 1.1),0.0 (cmd -0.4)
0.0705,-6.61,1.52,0.0,-11.49,-1.46,0.0,-11.5,-6.6,0.0 (cmd 1.5),0.0 (cmd -1.5)
0.071,-5.23,1.94,0.0,-14.93,-3.06,0.0,-14.9,-5.2,0.0 (cmd 1.9),0.0 (cmd -3.1)
0.0715,-4.58,2.26,0.0,-21.2,-4.14,0.0,-21.2,-4.6,0.0 (cmd 2.3),0.0 (cmd -4.1)
0.072,-4.15,2.4,0.0,-30.48,-3.9,0.0,-30.5,-4.2,0.0 (cmd 2.4),0.0 (cmd -3.9)
0.0725,-3.47,2.51,0.0,-33.17,-6.14,0.0,-33.2,-3.5,0.0 (cmd 2.5),0.0 (cmd -6.1)
0.073,-3.16,2.67,0.0,-37.33,-5.91,0.0,-37.3,-3.2,0.0 (cmd 2.7),0.0 (cmd -5.9)
0.0735,-2.83,2.8,0.0,-39.11,-4.97,0.0,-39.1,-2.8,0.0 (cmd 2.8),0.0 (cmd -5.0)
0.074,-2.61,2.9,0.0,-38.9,-3.79,0.0,-38.9,-2.6,0.0 (cmd 2.9),0.0 (cmd -3.8)
0.0745,-2.54,2.93,0.0,-38.48,-2.37,0.0,-38.5,-2.5,0.0 (cmd 2.9),0.0 (cmd -2.4)
0.075,-2.44,2.81,0.0,-34.81,-0.6,0.0,-34.8,-2.4,0.0 (cmd 2.8),0.0 (cmd -0.6)
0.0755,-2.29,2.7,0.0,-28.94,0.18,0.0,-28.9,-2.3,0.0 (cmd 2.7),0.0 (cmd 0.2)
0.076,-2.06,2.18,0.0,-25.16,2.66,0.0,-25.2,-2.1,0.0 (cmd 2.2),0.0 (cmd 2.7)
0.0765,-1.74,1.91,0.0,-18.06,3.43,0.0,-18.1,-1.7,0.0 (cmd 1.9),0.0 (cmd 3.4)
0.077,-1.56,1.42,0.0,-15.07,4.4,0.0,-15.1,-1.6,0.0 (cmd 1.4),0.0 (cmd 4.4)
0.0775,-1.43,1.26,0.0,-12.14,4.39,0.0,-12.1,-1.4,0.0 (cmd 1.3),0.0 (cmd 4.4)
0.078,-1.3,1.27,0.0,-9.55,3.93,0.0,-9.6,-1.3,0.0 (cmd 1.3),0.0 (cmd 3.9)
0.0785,-1.44,0.01,0.0,-2.32,5.61,0.0,-2.3,-1.4,0.0 (cmd 0.0),0.0 (cmd 5.6)
0.079,-2.75,0.18,0.0,-1.31,4.64,0.0,-1.3,-2.8,0.0 (cmd 0.2),0.0 (cmd 4.6)
0.0795,-5.45,-0.1,0.0,-0.63,4.08,0.0,-0.6,-5.5,0.0 (cmd -0.1),0.0 (cmd 4.1)
0.08,-8.76,-1.26,0.0,0.4,3.68,0.0,0.4,-8.8,0.0 (cmd -1.3),0.0 (cmd 3.7)
0.0805,-14.11,-1.22,0.0,1.69,3.29,0.0,1.7,-14.1,0.0 (cmd -1.2),0.0 (cmd 3.3)
0.081,-32.71,-7.26,0.0,1.92,3.63,0.0,1.9,-32.7,0.0 (cmd -7.3),0.0 (cmd 3.6)
0.0815,-38.46,-8.14,0.0,1.16,3.25,0.0,1.2,-38.5,0.0 (cmd -8.1),0.0 (cmd 3.2)
0.082,-39.96,-6.82,0.0,0.77,2.41,0.0,0.8,-40.0,0.0 (cmd -6.8),0.0 (cmd 2.4)
0.0825,-39.34,-4.98,0.0,0.24,1.81,0.0,0.2,-39.3,0.0 (cmd -5.0),0.0 (cmd 1.8)
0.083,-37.88,-3.32,0.0,0.03,1.28,0.0,0.0,-37.9,0.0 (cmd -3.3),0.0 (cmd 1.3)
0.0835,-29.83,-1.86,0.0,-0.3,0.91,0.0,-0.3,-29.8,0.0 (cmd -1.9),0.0 (cmd 0.9)
0.084,-28.67,0.74,0.0,-0.78,0.47,0.0,-0.8,-28.7,0.0 (cmd 0.7),0.0 (cmd 0.5)
0.0845,-3.55,1.37,0.0,-1.06,0.29,0.0,-1.1,-3.5,0.0 (cmd 1.4),0.0 (cmd 0.3)
0.085,0.18,6.74,0.0,-3.62,-0.37,0.0,-3.6,0.2,0.0 (cmd 6.7),0.0 (cmd -0.4)
0.0855,1.47,6.07,0.0,-8.01,-1.11,0.0,-8.0,1.5,0.0 (cmd 6.1),0.0 (cmd -1.1)
0.086,0.3,5.23,0.0,-14.44,-2.08,0.0,-14.4,0.3,0.0 (cmd 5.2),0.0 (cmd -2.1)
0.0865,-0.3,4.27,0.0,-21.53,-4.13,0.0,-21.5,-0.3,0.0 (cmd 4.3),0.0 (cmd -4.1)
0.087,-0.66,3.68,0.0,-26.78,-6.26,0.0,-26.8,-0.7,0.0 (cmd 3.7),0.0 (cmd -6.3)
0.0875,-1.08,3.39,0.0,-38.01,-7.44,0.0,-38.0,-1.1,0.0 (cmd 3.4),0.0 (cmd -7.4)
0.088,-1.01,3.19,0.0,-41.51,-7.72,0.0,-41.5,-1.0,0.0 (cmd 3.2),0.0 (cmd -7.7)
0.0885,-0.92,3.19,0.0,-46.29,-6.81,0.0,-46.3,-0.9,0.0 (cmd 3.2),0.0 (cmd -6.8)
0.089,-1.04,3.16,0.0,-47.64,-6.75,0.0,-47.6,-1.0,0.0 (cmd 3.2),0.0 (cmd -6.8)
0.0895,-1.26,3.15,0.0,-49.29,-5.25,0.0,-49.3,-1.3,0.0 (cmd 3.1),0.0 (cmd -5.2)
0.09,-1.66,3.12,0.0,-49.64,-4.02,0.0,-49.6,-1.7,0.0 (cmd 3.1),0.0 (cmd -4.0)
0.0905,-1.91,3.05,0.0,-46.2,-2.51,0.0,-46.2,-1.9,0.0 (cmd 3.0),0.0 (cmd -2.5)
0.091,-2.21,2.85,0.0,-42.85,-0.12,0.0,-42.9,-2.2,0.0 (cmd 2.9),0.0 (cmd -0.1)
0.0915,-2.07,2.65,0.0,-39.57,1.06,0.0,-39.6,-2.1,0.0 (cmd 2.6),0.0 (cmd 1.1)
0.092,-1.91,2.49,0.0,-37.73,2.0,0.0,-37.7,-1.9,0.0 (cmd 2.5),0.0 (cmd 2.0)
0.0925,-0.96,2.61,0.0,-29.99,2.03,0.0,-30.0,-1.0,0.0 (cmd 2.6),0.0 (cmd 2.0)
0.093,-0.72,1.47,0.0,-19.55,5.69,0.0,-19.6,-0.7,0.0 (cmd 1.5),0.0 (cmd 5.7)
0.0935,-0.57,1.01,0.0,-13.1,5.96,0.0,-13.1,-0.6,0.0 (cmd 1.0),0.0 (cmd 6.0)
0.094,-0.37,-0.21,0.0,-8.06,7.09,0.0,-8.1,-0.4,0.0 (cmd -0.2),0.0 (cmd 7.1)
0.0945,-0.62,0.02,0.0,-6.2,6.18,0.0,-6.2,-0.6,0.0 (cmd 0.0),0.0 (cmd 6.2)
0.095,-1.1,0.21,0.0,-5.08,5.31,0.0,-5.1,-1.1,0.0 (cmd 0.2),0.0 (cmd 5.3)
0.0955,-2.18,0.2,0.0,-3.38,4.65,0.0,-3.4,-2.2,0.0 (cmd 0.2),0.0 (cmd 4.7)
0.096,-5.95,-0.2,0.0,-3.12,4.03,0.0,-3.1,-6.0,0.0 (cmd -0.2),0.0 (cmd 4.0)
0.0965,-21.8,-0.92,0.0,-3.01,3.4,0.0,-3.0,-21.8,0.0 (cmd -0.9),0.0 (cmd 3.4)
0.097,-33.24,-7.88,0.0,-2.78,3.72,0.0,-2.8,-33.2,0.0 (cmd -7.9),0.0 (cmd 3.7)
0.0975,-37.94,-7.96,0.0,-2.35,3.19,0.0,-2.4,-37.9,0.0 (cmd -8.0),0.0 (cmd 3.2)
0.098,-39.06,-6.78,0.0,-1.93,2.65,0.0,-1.9,-39.1,0.0 (cmd -6.8),0.0 (cmd 2.6)
0.0985,-39.24,-5.25,0.0,-1.52,2.21,0.0,-1.5,-39.2,0.0 (cmd -5.2),0.0 (cmd 2.2)
0.099,-38.25,-3.8,0.0,-1.27,1.89,0.0,-1.3,-38.2,0.0 (cmd -3.8),0.0 (cmd 1.9)
0.0995,-36.52,-2.43,0.0,-0.88,1.58,0.0,-0.9,-36.5,0.0 (cmd -2.4),0.0 (cmd 1.6)
0.1,-33.44,-0.91,0.0,-1.2,1.25,0.0,-1.2,-33.4,0.0 (cmd -0.9),0.0 (cmd 1.2)
0.1005,-17.78,2.39,0.0,-1.63,0.57,0.0,-1.6,-17.8,0.0 (cmd 2.4),0.0 (cmd 0.6)
0.101,-11.96,4.26,0.0,-3.51,0.35,0.0,-3.5,-12.0,0.0 (cmd 4.3),0.0 (cmd 0.3)
0.1015,-6.53,4.86,0.0,-6.81,-0.54,0.0,-6.8,-6.5,0.0 (cmd 4.9),0.0 (cmd -0.5)
0.102,-5.38,5.18,0.0,-15.19,-1.4,0.0,-15.2,-5.4,0.0 (cmd 5.2),0.0 (cmd -1.4)
0.1025,-5.01,4.56,0.0,-21.12,-3.81,0.0,-21.1,-5.0,0.0 (cmd 4.6),0.0 (cmd -3.8)
0.103,-6.22,3.98,0.0,-30.54,-5.89,0.0,-30.5,-6.2,0.0 (cmd 4.0),0.0 (cmd -5.9)
0.1035,-6.88,3.37,0.0,-35.44,-5.85,0.0,-35.4,-6.9,0.0 (cmd 3.4),0.0 (cmd -5.8)
0.104,-7.88,2.95,0.0,-39.08,-5.75,0.0,-39.1,-7.9,0.0 (cmd 3.0),0.0 (cmd -5.8)
0.1045,-8.06,2.83,0.0,-40.7,-5.61,0.0,-40.7,-8.1,0.0 (cmd 2.8),0.0 (cmd -5.6)
0.105,-7.72,2.85,0.0,-44.92,-4.16,0.0,-44.9,-7.7,0.0 (cmd 2.9),0.0 (cmd -4.2)
0.1055,-7.39,2.95,0.0,-46.73,-4.72,0.0,-46.7,-7.4,0.0 (cmd 3.0),0.0 (cmd -4.7)
0.106,-6.86,3.11,0.0,-47.26,-3.5,0.0,-47.3,-6.9,0.0 (cmd 3.1),0.0 (cmd -3.5)
0.1065,-6.43,3.17,0.0,-47.3,-2.51,0.0,-47.3,-6.4,0.0 (cmd 3.2),0.0 (cmd -2.5)
0.107,-6.08,3.19,0.0,-46.54,-1.57,0.0,-46.5,-6.1,0.0 (cmd 3.2),0.0 (cmd -1.6)
0.1075,-5.68,3.12,0.0,-45.93,-0.63,0.0,-45.9,-5.7,0.0 (cmd 3.1),0.0 (cmd -0.6)
0.108,-5.32,3.11,0.0,-44.65,-0.08,0.0,-44.6,-5.3,0.0 (cmd 3.1),0.0 (cmd -0.1)
0.1085,-5.14,2.99,0.0,-43.49,0.67,0.0,-43.5,-5.1,0.0 (cmd 3.0),0.0 (cmd 0.7)
0.109,-4.56,2.96,0.0,-43.25,1.04,0.0,-43.2,-4.6,0.0 (cmd 3.0),0.0 (cmd 1.0)
0.1095,-4.14,2.84,0.0,-41.43,1.69,0.0,-41.4,-4.1,0.0 (cmd 2.8),0.0 (cmd 1.7)
0.11,-3.19,2.91,0.0,-39.7,1.91,0.0,-39.7,-3.2,0.0 (cmd 2.9),0.0 (cmd 1.9)
0.1105,-2.33,2.89,0.0,-38.22,2.07,0.0,-38.2,-2.3,0.0 (cmd 2.9),0.0 (cmd 2.1)
0.111,-1.46,3.03,0.0,-38.22,2.06,0.0,-38.2,-1.5,0.0 (cmd 3.0),0.0 (cmd 2.1)
0.1115,-0.55,2.78,0.0,-34.14,2.9,0.0,-34.1,-0.6,0.0 (cmd 2.8),0.0 (cmd 2.9)
0.112,-0.3,2.88,0.0,-32.47,2.76,0.0,-32.5,-0.3,0.0 (cmd 2.9),0.0 (cmd 2.8)
0.1125,-0.19,2.66,0.0,-31.23,3.03,0.0,-31.2,-0.2,0.0 (cmd 2.7),0.0 (cmd 3.0)
0.113,0.06,2.65,0.0,-30.58,2.58,0.0,-30.6,0.1,0.0 (cmd 2.6),0.0 (cmd 2.6)
0.1135,0.32,2.5,0.0,-23.21,2.81,0.0,-23.2,0.3,0.0 (cmd 2.5),0.0 (cmd 2.8)
0.114,0.68,1.96,0.0,-20.87,4.12,0.0,-20.9,0.7,0.0 (cmd 2.0),0.0 (cmd 4.1)
0.1145,1.41,2.09,0.0,-18.57,3.77,0.0,-18.6,1.4,0.0 (cmd 2.1),0.0 (cmd 3.8)
0.115,1.81,1.85,0.0,-14.9,4.1,0.0,-14.9,1.8,0.0 (cmd 1.9),0.0 (cmd 4.1)
0.1155,2.04,1.59,0.0,-12.23,4.27,0.0,-12.2,2.0,0.0 (cmd 1.6),0.0 (cmd 4.3)
0.116,2.38,1.57,0.0,-10.66,3.92,0.0,-10.7,2.4,0.0 (cmd 1.6),0.0 (cmd 3.9)
0.1165,2.75,1.63,0.0,-10.15,3.42,0.0,-10.2,2.8,0.0 (cmd 1.6),0.0 (cmd 3.4)
0.117,3.21,1.36,0.0,-5.37,3.84,0.0,-5.4,3.2,0.0 (cmd 1.4),0.0 (cmd 3.8)
0.1175,3.9,1.39,0.0,-5.08,3.49,0.0,-5.1,3.9,0.0 (cmd 1.4),0.0 (cmd 3.5)
0.118,4.04,1.55,0.0,-4.81,2.78,0.0,-4.8,4.0,0.0 (cmd 1.6),0.0 (cmd 2.8)
0.1185,4.01,1.46,0.0,-4.43,2.38,0.0,-4.4,4.0,0.0 (cmd 1.5),0.0 (cmd 2.4)
0.119,3.99,1.38,0.0,-3.12,1.99,0.0,-3.1,4.0,0.0 (cmd 1.4),0.0 (cmd 2.0)
0.1195,4.12,1.27,0.0,-3.05,1.94,0.0,-3.0,4.1,0.0 (cmd 1.3),0.0 (cmd 1.9)
0.12,4.28,1.3,0.0,-2.72,1.57,0.0,-2.7,4.3,0.0 (cmd 1.3),0.0 (cmd 1.6)
0.1205,4.39,1.27,0.0,-2.48,1.36,0.0,-2.5,4.4,0.0 (cmd 1.3),0.0 (cmd 1.4)
0.121,4.7,1.24,0.0,-2.32,1.16,0.0,-2.3,4.7,0.0 (cmd 1.2),0.0 (cmd 1.2)
0.1215,4.89,1.31,0.0,-2.32,0.95,0.0,-2.3,4.9,0.0 (cmd 1.3),0.0 (cmd 0.9)
0.122,5.05,1.31,0.0,-2.08,0.82,0.0,-2.1,5.0,0.0 (cmd 1.3),0.0 (cmd 0.8)
0.1225,5.11,1.31,0.0,-1.8,0.69,0.0,-1.8,5.1,0.0 (cmd 1.3),0.0 (cmd 0.7)
0.123,5.38,1.25,0.0,-1.55,0.72,0.0,-1.6,5.4,0.0 (cmd 1.2),0.0 (cmd 0.7)
0.1235,5.53,1.27,0.0,-1.39,0.58,0.0,-1.4,5.5,0.0 (cmd 1.3),0.0 (cmd 0.6)
0.124,5.76,1.28,0.0,-1.36,0.53,0.0,-1.4,5.8,0.0 (cmd 1.3),0.0 (cmd 0.5)
0.1245,6.16,1.28,0.0,-1.4,0.44,0.0,-1.4,6.2,0.0 (cmd 1.3),0.0 (cmd 0.4)
0.125,6.47,1.39,0.0,-2.24,0.32,0.0,-2.2,6.5,0.0 (cmd 1.4),0.0 (cmd 0.3)
0.1255,6.67,1.49,0.0,-3.72,0.04,0.0,-3.7,6.7,0.0 (cmd 1.5),0.0 (cmd 0.0)
0.126,6.76,1.54,0.0,-4.16,-0.39,0.0,-4.2,6.8,0.0 (cmd 1.5),0.0 (cmd -0.4)
0.1265,6.85,1.54,0.0,-5.32,-0.36,0.0,-5.3,6.8,0.0 (cmd 1.5),0.0 (cmd -0.4)
0.127,6.84,1.59,0.0,-5.73,-0.56,0.0,-5.7,6.8,0.0 (cmd 1.6),0.0 (cmd -0.6)
0.1275,6.82,1.6,0.0,-6.4,-0.58,0.0,-6.4,6.8,0.0 (cmd 1.6),0.0 (cmd -0.6)
0.128,6.75,1.58,0.0,-6.85,-0.41,0.0,-6.8,6.8,0.0 (cmd 1.6),0.0 (cmd -0.4)
0.1285,6.74,1.59,0.0,-7.25,-0.4,0.0,-7.2,6.7,0.0 (cmd 1.6),0.0 (cmd -0.4)
0.129,6.73,1.6,0.0,-7.56,-0.31,0.0,-7.6,6.7,0.0 (cmd 1.6),0.0 (cmd -0.3)
0.1295,6.65,1.6,0.0,-7.73,-0.23,0.0,-7.7,6.7,0.0 (cmd 1.6),0.0 (cmd -0.2)
0.13,6.61,1.58,0.0,-7.98,-0.13,0.0,-8.0,6.6,0.0 (cmd 1.6),0.0 (cmd -0.1)
0.1305,6.53,1.58,0.0,-8.48,-0.09,0.0,-8.5,6.5,0.0 (cmd 1.6),0.0 (cmd -0.1)
0.131,6.4,1.58,0.0,-8.76,-0.06,0.0,-8.8,6.4,0.0 (cmd 1.6),0.0 (cmd -0.1)
0.1315,6.36,1.58,0.0,-8.93,-0.01,0.0,-8.9,6.4,0.0 (cmd 1.6),0.0 (cmd -0.0)
0.132,6.34,1.59,0.0,-9.04,0.07,0.0,-9.0,6.3,0.0 (cmd 1.6),0.0 (cmd 0.1)
0.1325,6.3,1.61,0.0,-9.6,0.08,0.0,-9.6,6.3,0.0 (cmd 1.6),0.0 (cmd 0.1)
0.133,6.25,1.63,0.0,-9.71,0.05,0.0,-9.7,6.2,0.0 (cmd 1.6),0.0 (cmd 0.1)
0.1335,6.2,1.64,0.0,-9.97,0.06,0.0,-10.0,6.2,0.0 (cmd 1.6),0.0 (cmd 0.1)
0.134,6.08,1.62,0.0,-10.16,0.17,0.0,-10.2,6.1,0.0 (cmd 1.6),0.0 (cmd 0.2)
0.1345,5.93,1.61,0.0,-10.29,0.19,0.0,-10.3,5.9,0.0 (cmd 1.6),0.0 (cmd 0.2)
0.135,5.8,1.6,0.0,-10.44,0.25,0.0,-10.4,5.8,0.0 (cmd 1.6),0.0 (cmd 0.2)
0.1355,5.66,1.6,0.0,-10.57,0.26,0.0,-10.6,5.7,0.0 (cmd 1.6),0.0 (cmd 0.3)
0.136,5.3,1.61,0.0,-12.01,0.21,0.0,-12.0,5.3,0.0 (cmd 1.6),0.0 (cmd 0.2)
0.1365,5.27,1.62,0.0,-12.44,0.02,0.0,-12.4,5.3,0.0 (cmd 1.6),0.0 (cmd 0.0)
0.137,5.19,1.65,0.0,-12.4,0.04,0.0,-12.4,5.2,0.0 (cmd 1.6),0.0 (cmd 0.0)
0.1375,5.04,1.63,0.0,-12.33,0.21,0.0,-12.3,5.0,0.0 (cmd 1.6),0.0 (cmd 0.2)
0.138,4.91,1.62,0.0,-12.14,0.32,0.0,-12.1,4.9,0.0 (cmd 1.6),0.0 (cmd 0.3)
0.1385,4.7,1.6,0.0,-12.12,0.43,0.0,-12.1,4.7,0.0 (cmd 1.6),0.0 (cmd 0.4)
0.139,4.6,1.6,0.0,-12.36,0.42,0.0,-12.4,4.6,0.0 (cmd 1.6),0.0 (cmd 0.4)
0.1395,4.37,1.59,0.0,-12.66,0.4,0.0,-12.7,4.4,0.0 (cmd 1.6),0.0 (cmd 0.4)
0.14,4.21,1.58,0.0,-12.84,0.4,0.0,-12.8,4.2,0.0 (cmd 1.6),0.0 (cmd 0.4)
0.1405,4.1,1.61,0.0,-12.89,0.41,0.0,-12.9,4.1,0.0 (cmd 1.6),0.0 (cmd 0.4)
0.141,3.95,1.57,0.0,-12.85,0.47,0.0,-12.8,4.0,0.0 (cmd 1.6),0.0 (cmd 0.5)
0.1415,4.03,1.61,0.0,-12.82,0.51,0.0,-12.8,4.0,0.0 (cmd 1.6),0.0 (cmd 0.5)
0.142,4.04,1.64,0.0,-12.8,0.54,0.0,-12.8,4.0,0.0 (cmd 1.6),0.0 (cmd 0.5)
0.1425,3.98,1.66,0.0,-12.88,0.54,0.0,-12.9,4.0,0.0 (cmd 1.7),0.0 (cmd 0.5)
0.143,3.95,1.66,0.0,-13.13,0.52,0.0,-13.1,4.0,0.0 (cmd 1.7),0.0 (cmd 0.5)
0.1435,3.93,1.69,0.0,-13.3,0.49,0.0,-13.3,3.9,0.0 (cmd 1.7),0.0 (cmd 0.5)
0.144,3.92,1.7,0.0,-13.45,0.48,0.0,-13.4,3.9,0.0 (cmd 1.7),0.0 (cmd 0.5)
0.1445,3.87,1.72,0.0,-13.62,0.44,0.0,-13.6,3.9,0.0 (cmd 1.7),0.0 (cmd 0.4)
0.145,3.81,1.72,0.0,-13.7,0.46,0.0,-13.7,3.8,0.0 (cmd 1.7),0.0 (cmd 0.5)
0.1455,3.8,1.72,0.0,-13.74,0.49,0.0,-13.7,3.8,0.0 (cmd 1.7),0.0 (cmd 0.5)
0.146,3.82,1.73,0.0,-13.68,0.52,0.0,-13.7,3.8,0.0 (cmd 1.7),0.0 (cmd 0.5)
0.1465,3.82,1.73,0.0,-13.64,0.57,0.0,-13.6,3.8,0.0 (cmd 1.7),0.0 (cmd 0.6)
0.147,3.82,1.74,0.0,-13.72,0.59,0.0,-13.7,3.8,0.0 (cmd 1.7),0.0 (cmd 0.6)
0.1475,3.81,1.75,0.0,-13.81,0.57,0.0,-13.8,3.8,0.0 (cmd 1.8),0.0 (cmd 0.6)
0.148,3.7,1.73,0.0,-13.98,0.57,0.0,-14.0,3.7,0.0 (cmd 1.7),0.0 (cmd 0.6)
0.1485,3.58,1.73,0.0,-14.16,0.52,0.0,-14.2,3.6,0.0 (cmd 1.7),0.0 (cmd 0.5)
0.149,3.41,1.72,0.0,-14.22,0.52,0.0,-14.2,3.4,0.0 (cmd 1.7),0.0 (cmd 0.5)
0.1495,3.33,1.7,0.0,-14.28,0.55,0.0,-14.3,3.3,0.0 (cmd 1.7),0.0 (cmd 0.6)
0.15,3.28,1.69,0.0,-14.28,0.56,0.0,-14.3,3.3,0.0 (cmd 1.7),0.0 (cmd 0.6)
0.1505,3.21,1.7,0.0,-14.3,0.58,0.0,-14.3,3.2,0.0 (cmd 1.7),0.0 (cmd 0.6)
0.151,3.08,1.69,0.0,-14.46,0.58,0.0,-14.5,3.1,0.0 (cmd 1.7),0.0 (cmd 0.6)
0.1515,3.07,1.7,0.0,-14.67,0.53,0.0,-14.7,3.1,0.0 (cmd 1.7),0.0 (cmd 0.5)
0.152,3.26,1.75,0.0,-14.9,0.51,0.0,-14.9,3.3,0.0 (cmd 1.8),0.0 (cmd 0.5)
0.1525,3.8,1.88,0.0,-15.1,0.48,0.0,-15.1,3.8,0.0 (cmd 1.9),0.0 (cmd 0.5)
0.153,4.25,1.96,0.0,-15.34,0.45,0.0,-15.3,4.2,0.0 (cmd 2.0),0.0 (cmd 0.5)
0.1535,4.37,2.04,0.0,-15.8,0.4,0.0,-15.8,4.4,0.0 (cmd 2.0),0.0 (cmd 0.4)
0.154,4.25,2.04,0.0,-16.21,0.32,0.0,-16.2,4.2,0.0 (cmd 2.0),0.0 (cmd 0.3)
0.1545,4.1,2.03,0.0,-17.56,0.12,0.0,-17.6,4.1,0.0 (cmd 2.0),0.0 (cmd 0.1)
0.155,4.09,2.06,0.0,-18.32,-0.07,0.0,-18.3,4.1,0.0 (cmd 2.1),0.0 (cmd -0.1)
0.1555,4.05,2.07,0.0,-19.05,-0.08,0.0,-19.1,4.0,0.0 (cmd 2.1),0.0 (cmd -0.1)
0.156,3.97,2.07,0.0,-19.29,0.03,0.0,-19.3,4.0,0.0 (cmd 2.1),0.0 (cmd 0.0)
0.1565,3.87,2.06,0.0,-19.42,0.11,0.0,-19.4,3.9,0.0 (cmd 2.1),0.0 (cmd 0.1)
0.157,3.81,2.02,0.0,-19.15,0.3,0.0,-19.1,3.8,0.0 (cmd 2.0),0.0 (cmd 0.3)
0.1575,3.85,2.0,0.0,-18.96,0.48,0.0,-19.0,3.9,0.0 (cmd 2.0),0.0 (cmd 0.5)
0.158,3.9,2.0,0.0,-18.9,0.61,0.0,-18.9,3.9,0.0 (cmd 2.0),0.0 (cmd 0.6)
0.1585,3.9,2.0,0.0,-18.81,0.68,0.0,-18.8,3.9,0.0 (cmd 2.0),0.0 (cmd 0.7)
0.159,3.96,1.99,0.0,-18.5,0.74,0.0,-18.5,4.0,0.0 (cmd 2.0),0.0 (cmd 0.7)
0.1595,4.01,1.99,0.0,-17.99,0.81,0.0,-18.0,4.0,0.0 (cmd 2.0),0.0 (cmd 0.8)
0.16,3.97,1.96,0.0,-17.91,0.94,0.0,-17.9,4.0,0.0 (cmd 2.0),0.0 (cmd 0.9)
0.1605,3.88,1.93,0.0,-17.5,0.93,0.0,-17.5,3.9,0.0 (cmd 1.9),0.0 (cmd 0.9)
0.161,3.83,1.86,0.0,-16.57,1.15,0.0,-16.6,3.8,0.0 (cmd 1.9),0.0 (cmd 1.1)
0.1615,3.52,1.8,0.0,-16.38,1.24,0.0,-16.4,3.5,0.0 (cmd 1.8),0.0 (cmd 1.2)
0.162,3.01,1.65,0.0,-14.59,1.21,0.0,-14.6,3.0,0.0 (cmd 1.6),0.0 (cmd 1.2)
0.1625,2.85,1.47,0.0,-13.95,1.64,0.0,-13.9,2.9,0.0 (cmd 1.5),0.0 (cmd 1.6)
0.163,2.71,1.5,0.0,-13.75,1.5,0.0,-13.8,2.7,0.0 (cmd 1.5),0.0 (cmd 1.5)
0.1635,2.71,1.5,0.0,-13.64,1.36,0.0,-13.6,2.7,0.0 (cmd 1.5),0.0 (cmd 1.4)
0.164,2.92,1.58,0.0,-13.0,1.25,0.0,-13.0,2.9,0.0 (cmd 1.6),0.0 (cmd 1.2)
0.1645,3.02,1.61,0.0,-12.69,1.22,0.0,-12.7,3.0,0.0 (cmd 1.6),0.0 (cmd 1.2)
0.165,3.13,1.5,0.0,-10.83,1.58,0.0,-10.8,3.1,0.0 (cmd 1.5),0.0 (cmd 1.6)
0.1655,3.18,1.32,0.0,-8.49,2.16,0.0,-8.5,3.2,0.0 (cmd 1.3),0.0 (cmd 2.2)
0.166,3.27,1.31,0.0,-6.83,1.99,0.0,-6.8,3.3,0.0 (cmd 1.3),0.0 (cmd 2.0)
0.1665,3.35,1.28,0.0,-6.26,1.93,0.0,-6.3,3.4,0.0 (cmd 1.3),0.0 (cmd 1.9)
0.167,3.61,1.35,0.0,-5.95,1.68,0.0,-6.0,3.6,0.0 (cmd 1.4),0.0 (cmd 1.7)
0.1675,3.53,1.26,0.0,-5.15,1.64,0.0,-5.2,3.5,0.0 (cmd 1.3),0.0 (cmd 1.6)
0.168,3.4,1.18,0.0,-4.16,1.58,0.0,-4.2,3.4,0.0 (cmd 1.2),0.0 (cmd 1.6)
0.1685,3.23,1.08,0.0,-3.38,1.58,0.0,-3.4,3.2,0.0 (cmd 1.1),0.0 (cmd 1.6)
0.169,3.07,1.03,0.0,-2.0,1.35,0.0,-2.0,3.1,0.0 (cmd 1.0),0.0 (cmd 1.4)
0.1695,2.58,0.89,0.0,-2.0,1.46,0.0,-2.0,2.6,0.0 (cmd 0.9),0.0 (cmd 1.5)
0.17,2.33,0.83,0.0,-0.91,1.19,0.0,-0.9,2.3,0.0 (cmd 0.8),0.0 (cmd 1.2)
0.1705,1.92,0.61,0.0,0.86,1.72,0.0,0.9,1.9,0.0 (cmd 0.6),0.0 (cmd 1.7)
0.171,1.66,0.52,0.0,1.27,1.52,0.0,1.3,1.7,0.0 (cmd 0.5),0.0 (cmd 1.5)
0.1715,0.1,0.42,0.0,1.37,1.3,0.0,1.4,0.1,0.0 (cmd 0.4),0.0 (cmd 1.3)
0.172,-1.38,0.19,0.0,1.54,1.11,0.0,1.5,-1.4,0.0 (cmd 0.2),0.0 (cmd 1.1)
0.1725,-2.54,-0.15,0.0,1.7,1.01,0.0,1.7,-2.5,0.0 (cmd -0.1),0.0 (cmd 1.0)
0.173,-3.62,-0.2,0.0,1.64,0.88,0.0,1.6,-3.6,0.0 (cmd -0.2),0.0 (cmd 0.9)
0.1735,-5.86,-0.39,0.0,1.57,0.75,0.0,1.6,-5.9,0.0 (cmd -0.4),0.0 (cmd 0.8)
0.174,-7.32,-0.64,0.0,1.36,0.68,0.0,1.4,-7.3,0.0 (cmd -0.6),0.0 (cmd 0.7)
0.1745,-8.6,-0.79,0.0,1.14,0.51,0.0,1.1,-8.6,0.0 (cmd -0.8),0.0 (cmd 0.5)
0.175,-9.73,-0.88,0.0,1.1,0.49,0.0,1.1,-9.7,0.0 (cmd -0.9),0.0 (cmd 0.5)
0.1755,-9.89,-0.6,0.0,1.07,0.4,0.0,1.1,-9.9,0.0 (cmd -0.6),0.0 (cmd 0.4)
0.176,-9.86,-0.32,0.0,1.03,0.34,0.0,1.0,-9.9,0.0 (cmd -0.3),0.0 (cmd 0.3)
0.1765,-9.93,-0.1,0.0,0.76,0.27,0.0,0.8,-9.9,0.0 (cmd -0.1),0.0 (cmd 0.3)
0.177,-10.23,0.08,0.0,0.75,0.19,0.0,0.8,-10.2,0.0 (cmd 0.1),0.0 (cmd 0.2)
0.1775,-10.66,0.08,0.0,0.74,0.2,0.0,0.7,-10.7,0.0 (cmd 0.1),0.0 (cmd 0.2)
0.178,-11.26,0.12,0.0,0.7,0.2,0.0,0.7,-11.3,0.0 (cmd 0.1),0.0 (cmd 0.2)
0.1785,-11.57,0.08,0.0,0.51,0.21,0.0,0.5,-11.6,0.0 (cmd 0.1),0.0 (cmd 0.2)
0.179,-11.54,0.18,0.0,0.41,0.15,0.0,0.4,-11.5,0.0 (cmd 0.2),0.0 (cmd 0.1)
0.1795,-11.36,0.32,0.0,0.33,0.12,0.0,0.3,-11.4,0.0 (cmd 0.3),0.0 (cmd 0.1)
0.18,-11.07,0.48,0.0,0.33,0.11,0.0,0.3,-11.1,0.0 (cmd 0.5),0.0 (cmd 0.1)
0.1805,-10.54,0.62,0.0,0.25,0.11,0.0,0.2,-10.5,0.0 (cmd 0.6),0.0 (cmd 0.1)
0.181,-10.12,0.79,0.0,0.16,0.06,0.0,0.2,-10.1,0.0 (cmd 0.8),0.0 (cmd 0.1)
0.1815,-9.49,0.92,0.0,0.01,0.03,0.0,0.0,-9.5,0.0 (cmd 0.9),0.0 (cmd 0.0)
0.182,-8.43,1.19,0.0,-0.06,0.0,0.0,-0.1,-8.4,0.0 (cmd 1.2),0.0 (cmd 0.0)
0.1825,-7.32,1.27,0.0,-0.11,-0.02,0.0,-0.1,-7.3,0.0 (cmd 1.3),0.0 (cmd -0.0)
0.183,-5.25,1.58,0.0,-0.18,-0.04,0.0,-0.2,-5.2,0.0 (cmd 1.6),0.0 (cmd -0.0)
0.1835,-4.1,1.96,0.0,-0.41,-0.12,0.0,-0.4,-4.1,0.0 (cmd 2.0),0.0 (cmd -0.1)
0.184,-3.92,1.82,0.0,-0.52,-0.15,0.0,-0.5,-3.9,0.0 (cmd 1.8),0.0 (cmd -0.1)
0.1845,-3.87,1.62,0.0,-0.63,-0.11,0.0,-0.6,-3.9,0.0 (cmd 1.6),0.0 (cmd -0.1)
0.185,-3.63,1.49,0.0,-1.04,-0.14,0.0,-1.0,-3.6,0.0 (cmd 1.5),0.0 (cmd -0.1)
0.1855,-2.93,1.52,0.0,-1.59,-0.23,0.0,-1.6,-2.9,0.0 (cmd 1.5),0.0 (cmd -0.2)
0.186,-2.58,1.54,0.0,-2.34,-0.35,0.0,-2.3,-2.6,0.0 (cmd 1.5),0.0 (cmd -0.3)
0.1865,-2.24,1.52,0.0,-3.21,-0.43,0.0,-3.2,-2.2,0.0 (cmd 1.5),0.0 (cmd -0.4)
0.187,-1.9,1.56,0.0,-4.33,-0.71,0.0,-4.3,-1.9,0.0 (cmd 1.6),0.0 (cmd -0.7)
0.1875,-1.58,1.58,0.0,-5.93,-0.8,0.0,-5.9,-1.6,0.0 (cmd 1.6),0.0 (cmd -0.8)
0.188,-1.53,1.59,0.0,-7.02,-0.95,0.0,-7.0,-1.5,0.0 (cmd 1.6),0.0 (cmd -0.9)
0.1885,-1.41,1.6,0.0,-8.11,-1.16,0.0,-8.1,-1.4,0.0 (cmd 1.6),0.0 (cmd -1.2)
0.189,-1.4,1.55,0.0,-8.38,-0.88,0.0,-8.4,-1.4,0.0 (cmd 1.6),0.0 (cmd -0.9)
0.1895,-1.43,1.53,0.0,-10.15,-0.81,0.0,-10.2,-1.4,0.0 (cmd 1.5),0.0 (cmd -0.8)
0.19,-1.48,1.55,0.0,-10.54,-0.89,0.0,-10.5,-1.5,0.0 (cmd 1.6),0.0 (cmd -0.9)
0.1905,-1.47,1.54,0.0,-10.6,-0.67,0.0,-10.6,-1.5,0.0 (cmd 1.5),0.0 (cmd -0.7)
0.191,-1.36,1.51,0.0,-10.48,-0.4,0.0,-10.5,-1.4,0.0 (cmd 1.5),0.0 (cmd -0.4)
0.1915,-1.22,1.5,0.0,-10.33,-0.14,0.0,-10.3,-1.2,0.0 (cmd 1.5),0.0 (cmd -0.1)
0.192,-1.15,1.51,0.0,-10.36,0.0,0.0,-10.4,-1.1,0.0 (cmd 1.5),0.0 (cmd 0.0)
0.1925,-0.79,1.55,0.0,-10.62,0.09,0.0,-10.6,-0.8,0.0 (cmd 1.6),0.0 (cmd 0.1)
0.193,-0.46,1.61,0.0,-10.86,0.09,0.0,-10.9,-0.5,0.0 (cmd 1.6),0.0 (cmd 0.1)
0.1935,-0.29,1.67,0.0,-11.28,-0.02,0.0,-11.3,-0.3,0.0 (cmd 1.7),0.0 (cmd -0.0)
0.194,-0.22,1.68,0.0,-11.58,0.0,0.0,-11.6,-0.2,0.0 (cmd 1.7),0.0 (cmd 0.0)
0.1945,0.1,1.7,0.0,-11.78,0.06,0.0,-11.8,0.1,0.0 (cmd 1.7),0.0 (cmd 0.1)
0.195,0.43,1.73,0.0,-11.87,0.13,0.0,-11.9,0.4,0.0 (cmd 1.7),0.0 (cmd 0.1)
0.1955,0.59,1.75,0.0,-11.92,0.19,0.0,-11.9,0.6,0.0 (cmd 1.8),0.0 (cmd 0.2)
0.196,0.71,1.76,0.0,-12.14,0.18,0.0,-12.1,0.7,0.0 (cmd 1.8),0.0 (cmd 0.2)
0.1965,0.78,1.71,0.0,-10.78,0.43,0.0,-10.8,0.8,0.0 (cmd 1.7),0.0 (cmd 0.4)
0.197,-3.55,1.6,0.0,-9.3,0.68,0.0,-9.3,-3.5,0.0 (cmd 1.6),0.0 (cmd 0.7)
0.1975,-7.67,-0.62,0.0,-6.53,1.96,0.0,-6.5,-7.7,0.0 (cmd -0.6),0.0 (cmd 2.0)
0.198,-12.68,-1.03,0.0,-4.75,2.13,0.0,-4.8,-12.7,0.0 (cmd -1.0),0.0 (cmd 2.1)
0.1985,-22.03,-1.73,0.0,-3.98,2.23,0.0,-4.0,-22.0,0.0 (cmd -1.7),0.0 (cmd 2.2)
0.199,-25.81,-4.39,0.0,-3.12,2.43,0.0,-3.1,-25.8,0.0 (cmd -4.4),0.0 (cmd 2.4)
0.1995,-33.3,-5.22,0.0,-1.32,2.3,0.0,-1.3,-33.3,0.0 (cmd -5.2),0.0 (cmd 2.3)
0.2,-37.13,-5.98,0.0,-0.81,2.58,0.0,-0.8,-37.1,0.0 (cmd -6.0),0.0 (cmd 2.6)
0.2005,-38.64,-5.17,0.0,-0.69,2.22,0.0,-0.7,-38.6,0.0 (cmd -5.2),0.0 (cmd 2.2)
0.201,-38.65,-4.13,0.0,-0.85,1.79,0.0,-0.8,-38.6,0.0 (cmd -4.1),0.0 (cmd 1.8)
0.2015,-36.66,-2.71,0.0,-0.86,1.37,0.0,-0.9,-36.7,0.0 (cmd -2.7),0.0 (cmd 1.4)
0.202,-33.46,-1.38,0.0,-0.79,1.08,0.0,-0.8,-33.5,0.0 (cmd -1.4),0.0 (cmd 1.1)
0.2025,-33.46,-0.2,0.0,-0.64,0.86,0.0,-0.6,-33.5,0.0 (cmd -0.2),0.0 (cmd 0.9)
0.203,-29.82,0.49,0.0,-0.58,0.74,0.0,-0.6,-29.8,0.0 (cmd 0.5),0.0 (cmd 0.7)
0.2035,-14.66,3.74,0.0,-0.48,0.42,0.0,-0.5,-14.7,0.0 (cmd 3.7),0.0 (cmd 0.4)
0.204,-9.29,4.79,0.0,-0.6,0.31,0.0,-0.6,-9.3,0.0 (cmd 4.8),0.0 (cmd 0.3)
0.2045,-4.59,5.67,0.0,-0.92,0.16,0.0,-0.9,-4.6,0.0 (cmd 5.7),0.0 (cmd 0.2)
0.205,0.65,5.15,0.0,-1.26,0.0,0.0,-1.3,0.7,0.0 (cmd 5.2),0.0 (cmd 0.0)
0.2055,0.86,5.12,0.0,-1.87,-0.21,0.0,-1.9,0.9,0.0 (cmd 5.1),0.0 (cmd -0.2)
0.206,0.8,4.29,0.0,-3.45,-0.37,0.0,-3.5,0.8,0.0 (cmd 4.3),0.0 (cmd -0.4)
0.2065,0.66,3.64,0.0,-6.23,-1.2,0.0,-6.2,0.7,0.0 (cmd 3.6),0.0 (cmd -1.2)
0.207,0.81,3.15,0.0,-6.83,-1.4,0.0,-6.8,0.8,0.0 (cmd 3.1),0.0 (cmd -1.4)
0.2075,1.17,2.87,0.0,-12.61,-1.42,0.0,-12.6,1.2,0.0 (cmd 2.9),0.0 (cmd -1.4)
0.208,1.86,2.85,0.0,-17.47,-3.64,0.0,-17.5,1.9,0.0 (cmd 2.9),0.0 (cmd -3.6)
0.2085,2.03,2.77,0.0,-20.63,-4.12,0.0,-20.6,2.0,0.0 (cmd 2.8),0.0 (cmd -4.1)
0.209,2.06,2.71,0.0,-26.9,-4.94,0.0,-26.9,2.1,0.0 (cmd 2.7),0.0 (cmd -4.9)
0.2095,2.1,2.72,0.0,-30.97,-4.24,0.0,-31.0,2.1,0.0 (cmd 2.7),0.0 (cmd -4.2)
0.21,2.27,2.68,0.0,-34.84,-5.65,0.0,-34.8,2.3,0.0 (cmd 2.7),0.0 (cmd -5.7)
0.2105,2.28,2.74,0.0,-41.45,-4.71,0.0,-41.5,2.3,0.0 (cmd 2.7),0.0 (cmd -4.7)
0.211,2.35,2.78,0.0,-43.47,-5.4,0.0,-43.5,2.4,0.0 (cmd 2.8),0.0 (cmd -5.4)
0.2115,2.47,2.89,0.0,-44.61,-5.01,0.0,-44.6,2.5,0.0 (cmd 2.9),0.0 (cmd -5.0)
0.212,2.53,2.97,0.0,-47.6,-4.63,0.0,-47.6,2.5,0.0 (cmd 3.0),0.0 (cmd -4.6)
0.2125,2.64,3.05,0.0,-47.94,-3.47,0.0,-47.9,2.6,0.0 (cmd 3.0),0.0 (cmd -3.5)
0.213,2.75,3.14,0.0,-47.2,-2.09,0.0,-47.2,2.8,0.0 (cmd 3.1),0.0 (cmd -2.1)
0.2135,2.9,3.19,0.0,-47.2,-1.16,0.0,-47.2,2.9,0.0 (cmd 3.2),0.0 (cmd -1.2)
0.214,3.1,3.08,0.0,-43.98,0.16,0.0,-44.0,3.1,0.0 (cmd 3.1),0.0 (cmd 0.2)
0.2145,3.63,3.14,0.0,-42.59,0.7,0.0,-42.6,3.6,0.0 (cmd 3.1),0.0 (cmd 0.7)
0.215,3.83,3.04,0.0,-41.82,1.25,0.0,-41.8,3.8,0.0 (cmd 3.0),0.0 (cmd 1.2)
0.2155,4.15,3.0,0.0,-41.02,1.45,0.0,-41.0,4.2,0.0 (cmd 3.0),0.0 (cmd 1.4)
0.216,4.2,2.85,0.0,-37.06,2.3,0.0,-37.1,4.2,0.0 (cmd 2.9),0.0 (cmd 2.3)
0.2165,4.26,2.69,0.0,-35.76,2.72,0.0,-35.8,4.3,0.0 (cmd 2.7),0.0 (cmd 2.7)
0.217,4.86,2.59,0.0,-26.75,3.0,0.0,-26.8,4.9,0.0 (cmd 2.6),0.0 (cmd 3.0)
0.2175,5.27,1.54,0.0,-19.82,5.85,0.0,-19.8,5.3,0.0 (cmd 1.5),0.0 (cmd 5.8)
0.218,5.53,0.66,0.0,-12.08,6.68,0.0,-12.1,5.5,0.0 (cmd 0.7),0.0 (cmd 6.7)
0.2185,5.69,0.07,0.0,-7.63,6.93,0.0,-7.6,5.7,0.0 (cmd 0.1),0.0 (cmd 6.9)
0.219,5.92,0.6,0.0,-5.11,5.8,0.0,-5.1,5.9,0.0 (cmd 0.6),0.0 (cmd 5.8)
0.2195,6.13,0.46,0.0,-3.8,5.51,0.0,-3.8,6.1,0.0 (cmd 0.5),0.0 (cmd 5.5)
0.22,6.31,0.96,0.0,-3.84,4.46,0.0,-3.8,6.3,0.0 (cmd 1.0),0.0 (cmd 4.5)
0.2205,6.26,1.22,0.0,-3.53,3.49,0.0,-3.5,6.3,0.0 (cmd 1.2),0.0 (cmd 3.5)
0.221,5.54,1.13,0.0,-2.51,3.01,0.0,-2.5,5.5,0.0 (cmd 1.1),0.0 (cmd 3.0)
0.2215,2.65,0.5,0.0,-1.94,2.78,0.0,-1.9,2.6,0.0 (cmd 0.5),0.0 (cmd 2.8)
0.222,0.18,0.09,0.0,-1.21,2.54,0.0,-1.2,0.2,0.0 (cmd 0.1),0.0 (cmd 2.5)
0.2225,-4.8,-0.67,0.0,-0.82,2.31,0.0,-0.8,-4.8,0.0 (cmd -0.7),0.0 (cmd 2.3)
0.223,-6.77,-1.84,0.0,0.0,2.26,0.0,0.0,-6.8,0.0 (cmd -1.8),0.0 (cmd 2.3)
0.2235,-18.96,-1.65,0.0,0.44,2.01,0.0,0.4,-19.0,0.0 (cmd -1.6),0.0 (cmd 2.0)
0.224,-26.27,-5.85,0.0,0.93,2.43,0.0,0.9,-26.3,0.0 (cmd -5.8),0.0 (cmd 2.4)
0.2245,-33.9,-6.2,0.0,1.17,2.19,0.0,1.2,-33.9,0.0 (cmd -6.2),0.0 (cmd 2.2)
0.225,-38.28,-6.49,0.0,1.33,2.09,0.0,1.3,-38.3,0.0 (cmd -6.5),0.0 (cmd 2.1)
0.2255,-41.91,-6.64,0.0,1.19,1.94,0.0,1.2,-41.9,0.0 (cmd -6.6),0.0 (cmd 1.9)
0.226,-46.56,-5.52,0.0,1.14,1.6,0.0,1.1,-46.6,0.0 (cmd -5.5),0.0 (cmd 1.6)
0.2265,-48.25,-4.94,0.0,1.22,1.4,0.0,1.2,-48.2,0.0 (cmd -4.9),0.0 (cmd 1.4)
0.227,-48.62,-3.96,0.0,1.23,1.22,0.0,1.2,-48.6,0.0 (cmd -4.0),0.0 (cmd 1.2)
0.2275,-47.88,-2.7,0.0,1.32,1.03,0.0,1.3,-47.9,0.0 (cmd -2.7),0.0 (cmd 1.0)
0.228,-45.48,-1.55,0.0,1.48,0.91,0.0,1.5,-45.5,0.0 (cmd -1.6),0.0 (cmd 0.9)
0.2285,-43.64,-0.47,0.0,1.7,0.83,0.0,1.7,-43.6,0.0 (cmd -0.5),0.0 (cmd 0.8)
0.229,-41.02,0.47,0.0,2.03,0.78,0.0,2.0,-41.0,0.0 (cmd 0.5),0.0 (cmd 0.8)
0.2295,-37.73,1.24,0.0,2.31,0.71,0.0,2.3,-37.7,0.0 (cmd 1.2),0.0 (cmd 0.7)
0.23,-34.96,1.81,0.0,2.48,0.64,0.0,2.5,-35.0,0.0 (cmd 1.8),0.0 (cmd 0.6)
0.2305,-33.26,2.43,0.0,2.56,0.58,0.0,2.6,-33.3,0.0 (cmd 2.4),0.0 (cmd 0.6)
0.231,-29.68,2.34,0.0,2.79,0.56,0.0,2.8,-29.7,0.0 (cmd 2.3),0.0 (cmd 0.6)
0.2315,-26.97,2.87,0.0,2.87,0.5,0.0,2.9,-27.0,0.0 (cmd 2.9),0.0 (cmd 0.5)
0.232,-22.72,3.51,0.0,2.91,0.43,0.0,2.9,-22.7,0.0 (cmd 3.5),0.0 (cmd 0.4)
0.2325,-19.0,4.05,0.0,3.09,0.39,0.0,3.1,-19.0,0.0 (cmd 4.0),0.0 (cmd 0.4)
0.233,-14.18,4.0,0.0,3.24,0.38,0.0,3.2,-14.2,0.0 (cmd 4.0),0.0 (cmd 0.4)
0.2335,-9.29,4.43,0.0,3.29,0.36,0.0,3.3,-9.3,0.0 (cmd 4.4),0.0 (cmd 0.4)
0.234,-4.6,5.19,0.0,3.16,0.32,0.0,3.2,-4.6,0.0 (cmd 5.2),0.0 (cmd 0.3)
0.2345,-2.67,4.62,0.0,2.85,0.19,0.0,2.9,-2.7,0.0 (cmd 4.6),0.0 (cmd 0.2)
0.235,-1.41,4.24,0.0,2.06,0.04,0.0,2.1,-1.4,0.0 (cmd 4.2),0.0 (cmd 0.0)
0.2355,-1.18,3.62,0.0,0.01,-0.35,0.0,0.0,-1.2,0.0 (cmd 3.6),0.0 (cmd -0.3)
0.236,-0.7,3.17,0.0,-2.19,-0.91,0.0,-2.2,-0.7,0.0 (cmd 3.2),0.0 (cmd -0.9)
0.2365,0.16,2.91,0.0,-5.89,-1.97,0.0,-5.9,0.2,0.0 (cmd 2.9),0.0 (cmd -2.0)
0.237,2.36,2.9,0.0,-10.6,-2.05,0.0,-10.6,2.4,0.0 (cmd 2.9),0.0 (cmd -2.0)
0.2375,3.07,3.08,0.0,-16.7,-3.04,0.0,-16.7,3.1,0.0 (cmd 3.1),0.0 (cmd -3.0)
0.238,3.34,2.9,0.0,-24.54,-5.82,0.0,-24.5,3.3,0.0 (cmd 2.9),0.0 (cmd -5.8)
0.2385,3.49,2.85,0.0,-31.34,-6.51,0.0,-31.3,3.5,0.0 (cmd 2.9),0.0 (cmd -6.5)
0.239,3.52,2.84,0.0,-34.58,-7.22,0.0,-34.6,3.5,0.0 (cmd 2.8),0.0 (cmd -7.2)
0.2395,3.41,2.86,0.0,-39.46,-6.47,0.0,-39.5,3.4,0.0 (cmd 2.9),0.0 (cmd -6.5)
0.24,3.27,2.84,0.0,-44.44,-6.0,0.0,-44.4,3.3,0.0 (cmd 2.8),0.0 (cmd -6.0)
0.2405,3.12,2.89,0.0,-46.18,-6.03,0.0,-46.2,3.1,0.0 (cmd 2.9),0.0 (cmd -6.0)
0.241,3.09,2.94,0.0,-46.33,-4.77,0.0,-46.3,3.1,0.0 (cmd 2.9),0.0 (cmd -4.8)
0.2415,3.08,3.02,0.0,-45.2,-3.39,0.0,-45.2,3.1,0.0 (cmd 3.0),0.0 (cmd -3.4)
0.242,3.05,3.07,0.0,-42.03,-1.39,0.0,-42.0,3.0,0.0 (cmd 3.1),0.0 (cmd -1.4)
0.2425,2.89,2.88,0.0,-40.49,0.44,0.0,-40.5,2.9,0.0 (cmd 2.9),0.0 (cmd 0.4)
0.243,2.43,2.69,0.0,-37.59,1.26,0.0,-37.6,2.4,0.0 (cmd 2.7),0.0 (cmd 1.3)
0.2435,2.83,2.63,0.0,-35.34,1.53,0.0,-35.3,2.8,0.0 (cmd 2.6),0.0 (cmd 1.5)
0.244,3.05,2.54,0.0,-29.91,2.08,0.0,-29.9,3.0,0.0 (cmd 2.5),0.0 (cmd 2.1)
0.2445,3.5,2.25,0.0,-28.4,3.33,0.0,-28.4,3.5,0.0 (cmd 2.2),0.0 (cmd 3.3)
0.245,4.05,0.55,0.0,-2.91,6.71,0.0,-2.9,4.0,0.0 (cmd 0.6),0.0 (cmd 6.7)
0.2455,4.3,-1.2,0.0,-1.03,8.38,0.0,-1.0,4.3,0.0 (cmd -1.2),0.0 (cmd 8.4)
0.246,4.31,-0.56,0.0,-1.45,6.89,0.0,-1.4,4.3,0.0 (cmd -0.6),0.0 (cmd 6.9)
0.2465,4.29,0.3,0.0,-2.0,5.25,0.0,-2.0,4.3,0.0 (cmd 0.3),0.0 (cmd 5.2)
0.247,3.96,0.7,0.0,-2.0,4.21,0.0,-2.0,4.0,0.0 (cmd 0.7),0.0 (cmd 4.2)
0.2475,3.75,0.66,0.0,0.07,3.73,0.0,0.1,3.8,0.0 (cmd 0.7),0.0 (cmd 3.7)
0.248,2.99,0.6,0.0,1.03,3.25,0.0,1.0,3.0,0.0 (cmd 0.6),0.0 (cmd 3.2)
0.2485,1.94,0.23,0.0,1.46,2.87,0.0,1.5,1.9,0.0 (cmd 0.2),0.0 (cmd 2.9)
0.249,0.86,0.22,0.0,1.48,2.35,0.0,1.5,0.9,0.0 (cmd 0.2),0.0 (cmd 2.4)
0.2495,0.1,0.11,0.0,1.83,1.91,0.0,1.8,0.1,0.0 (cmd 0.1),0.0 (cmd 1.9)
0.25,-1.11,-0.06,0.0,2.23,1.69,0.0,2.2,-1.1,0.0 (cmd -0.1),0.0 (cmd 1.7)
0.2505,-4.99,-0.77,0.0,2.5,1.57,0.0,2.5,-5.0,0.0 (cmd -0.8),0.0 (cmd 1.6)
0.251,-6.43,-0.81,0.0,2.65,1.36,0.0,2.6,-6.4,0.0 (cmd -0.8),0.0 (cmd 1.4)
0.2515,-8.26,-1.38,0.0,2.85,1.27,0.0,2.9,-8.3,0.0 (cmd -1.4),0.0 (cmd 1.3)
0.252,-10.52,-1.51,0.0,2.87,1.13,0.0,2.9,-10.5,0.0 (cmd -1.5),0.0 (cmd 1.1)
0.2525,-10.71,-1.13,0.0,2.61,0.85,0.0,2.6,-10.7,0.0 (cmd -1.1),0.0 (cmd 0.8)
0.253,-9.65,-0.74,0.0,2.37,0.61,0.0,2.4,-9.7,0.0 (cmd -0.7),0.0 (cmd 0.6)
0.2535,-8.33,-0.02,0.0,2.23,0.41,0.0,2.2,-8.3,0.0 (cmd -0.0),0.0 (cmd 0.4)
0.254,-4.58,0.74,0.0,2.23,0.24,0.0,2.2,-4.6,0.0 (cmd 0.7),0.0 (cmd 0.2)
0.2545,-4.55,1.47,0.0,2.07,0.08,0.0,2.1,-4.5,0.0 (cmd 1.5),0.0 (cmd 0.1)
0.255,-4.39,1.28,0.0,2.11,0.06,0.0,2.1,-4.4,0.0 (cmd 1.3),0.0 (cmd 0.1)
0.2555,-3.88,1.27,0.0,2.43,0.07,0.0,2.4,-3.9,0.0 (cmd 1.3),0.0 (cmd 0.1)
0.256,-3.68,1.22,0.0,2.14,0.11,0.0,2.1,-3.7,0.0 (cmd 1.2),0.0 (cmd 0.1)
0.2565,-3.24,1.26,0.0,2.06,0.02,0.0,2.1,-3.2,0.0 (cmd 1.3),0.0 (cmd 0.0)
0.257,-2.92,1.21,0.0,2.12,0.04,0.0,2.1,-2.9,0.0 (cmd 1.2),0.0 (cmd 0.0)
0.2575,-2.74,1.17,0.0,2.09,0.04,0.0,2.1,-2.7,0.0 (cmd 1.2),0.0 (cmd 0.0)
0.258,-2.31,1.19,0.0,1.68,0.03,0.0,1.7,-2.3,0.0 (cmd 1.2),0.0 (cmd 0.0)
0.2585,-2.1,1.18,0.0,1.68,-0.07,0.0,1.7,-2.1,0.0 (cmd 1.2),0.0 (cmd -0.1)
0.259,-1.92,1.18,0.0,1.74,-0.06,0.0,1.7,-1.9,0.0 (cmd 1.2),0.0 (cmd -0.1)
0.2595,-1.2,1.22,0.0,1.76,-0.02,0.0,1.8,-1.2,0.0 (cmd 1.2),0.0 (cmd -0.0)
0.26,-1.26,1.19,0.0,1.58,0.0,0.0,1.6,-1.3,0.0 (cmd 1.2),0.0 (cmd 0.0)
0.2605,-1.3,1.1,0.0,1.22,-0.11,0.0,1.2,-1.3,0.0 (cmd 1.1),0.0 (cmd -0.1)
0.261,-1.16,1.06,0.0,1.18,-0.09,0.0,1.2,-1.2,0.0 (cmd 1.1),0.0 (cmd -0.1)
0.2615,-0.96,1.06,0.0,1.22,-0.06,0.0,1.2,-1.0,0.0 (cmd 1.1),0.0 (cmd -0.1)
0.262,-0.79,1.04,0.0,1.22,-0.02,0.0,1.2,-0.8,0.0 (cmd 1.0),0.0 (cmd -0.0)
0.2625,-0.83,1.03,0.0,1.22,0.0,0.0,1.2,-0.8,0.0 (cmd 1.0),0.0 (cmd 0.0)
0.263,-1.21,0.95,0.0,0.66,-0.12,0.0,0.7,-1.2,0.0 (cmd 0.9),0.0 (cmd -0.1)
0.2635,-1.27,0.88,0.0,0.27,-0.1,0.0,0.3,-1.3,0.0 (cmd 0.9),0.0 (cmd -0.1)
0.264,-1.37,0.86,0.0,0.32,-0.13,0.0,0.3,-1.4,0.0 (cmd 0.9),0.0 (cmd -0.1)
0.2645,-1.32,0.86,0.0,0.36,-0.05,0.0,0.4,-1.3,0.0 (cmd 0.9),0.0 (cmd -0.1)
0.265,-0.75,0.87,0.0,0.36,-0.01,0.0,0.4,-0.8,0.0 (cmd 0.9),0.0 (cmd -0.0)
0.2655,-0.6,1.02,0.0,0.33,-0.01,0.0,0.3,-0.6,0.0 (cmd 1.0),0.0 (cmd -0.0)
0.266,-0.44,1.03,0.0,0.35,0.0,0.0,0.3,-0.4,0.0 (cmd 1.0),0.0 (cmd 0.0)
0.2665,-0.18,1.04,0.0,0.35,0.02,0.0,0.3,-0.2,0.0 (cmd 1.0),0.0 (cmd 0.0)
0.267,0.12,1.09,0.0,0.35,0.02,0.0,0.3,0.1,0.0 (cmd 1.1),0.0 (cmd 0.0)
0.2675,0.21,1.08,0.0,0.53,0.03,0.0,0.5,0.2,0.0 (cmd 1.1),0.0 (cmd 0.0)
0.268,1.47,1.11,0.0,0.58,0.08,0.0,0.6,1.5,0.0 (cmd 1.1),0.0 (cmd 0.1)
0.2685,2.16,1.41,0.0,1.04,0.05,0.0,1.0,2.2,0.0 (cmd 1.4),0.0 (cmd 0.1)
0.269,2.52,1.42,0.0,1.5,0.18,0.0,1.5,2.5,0.0 (cmd 1.4),0.0 (cmd 0.2)
0.2695,2.62,1.29,0.0,2.29,0.47,0.0,2.3,2.6,0.0 (cmd 1.3),0.0 (cmd 0.5)
0.27,2.66,1.21,0.0,2.33,0.39,0.0,2.3,2.7,0.0 (cmd 1.2),0.0 (cmd 0.4)
0.2705,2.71,1.14,0.0,2.13,0.32,0.0,2.1,2.7,0.0 (cmd 1.1),0.0 (cmd 0.3)
0.271,2.73,1.12,0.0,1.82,0.14,0.0,1.8,2.7,0.0 (cmd 1.1),0.0 (cmd 0.1)
0.2715,2.67,1.07,0.0,1.52,0.06,0.0,1.5,2.7,0.0 (cmd 1.1),0.0 (cmd 0.1)
0.272,2.35,1.03,0.0,1.26,0.0,0.0,1.3,2.4,0.0 (cmd 1.0),0.0 (cmd 0.0)
0.2725,2.17,0.92,0.0,1.19,-0.04,0.0,1.2,2.2,0.0 (cmd 0.9),0.0 (cmd -0.0)
0.273,1.97,0.87,0.0,1.12,-0.02,0.0,1.1,2.0,0.0 (cmd 0.9),0.0 (cmd -0.0)
0.2735,1.89,0.84,0.0,1.01,0.0,0.0,1.0,1.9,0.0 (cmd 0.8),0.0 (cmd 0.0)
0.274,1.81,0.83,0.0,0.97,0.0,0.0,1.0,1.8,0.0 (cmd 0.8),0.0 (cmd 0.0)
0.2745,1.72,0.86,0.0,0.7,-0.07,0.0,0.7,1.7,0.0 (cmd 0.9),0.0 (cmd -0.1)
0.275,1.39,0.76,0.0,0.78,-0.01,0.0,0.8,1.4,0.0 (cmd 0.8),0.0 (cmd -0.0)
0.2755,1.33,0.79,0.0,0.49,-0.05,0.0,0.5,1.3,0.0 (cmd 0.8),0.0 (cmd -0.1)
0.276,1.3,0.8,0.0,0.44,-0.01,0.0,0.4,1.3,0.0 (cmd 0.8),0.0 (cmd -0.0)
0.2765,1.23,0.81,0.0,0.41,0.0,0.0,0.4,1.2,0.0 (cmd 0.8),0.0 (cmd 0.0)
0.277,1.19,0.82,0.0,0.36,0.01,0.0,0.4,1.2,0.0 (cmd 0.8),0.0 (cmd 0.0)
0.2775,1.12,0.83,0.0,0.33,0.02,0.0,0.3,1.1,0.0 (cmd 0.8),0.0 (cmd 0.0)
0.278,0.87,0.81,0.0,0.21,0.03,0.0,0.2,0.9,0.0 (cmd 0.8),0.0 (cmd 0.0)
0.2785,0.81,0.8,0.0,0.13,0.02,0.0,0.1,0.8,0.0 (cmd 0.8),0.0 (cmd 0.0)
0.279,0.66,0.8,0.0,0.11,0.03,0.0,0.1,0.7,0.0 (cmd 0.8),0.0 (cmd 0.0)
0.2795,0.58,0.79,0.0,0.1,0.05,0.0,0.1,0.6,0.0 (cmd 0.8),0.0 (cmd 0.1)
0.28,0.55,0.79,0.0,0.08,0.07,0.0,0.1,0.6,0.0 (cmd 0.8),0.0 (cmd 0.1)
0.2805,0.55,0.82,0.0,0.05,0.07,0.0,0.1,0.6,0.0 (cmd 0.8),0.0 (cmd 0.1)
0.281,0.55,0.84,0.0,-0.03,0.08,0.0,-0.0,0.6,0.0 (cmd 0.8),0.0 (cmd 0.1)
0.2815,0.54,0.86,0.0,-0.05,0.06,0.0,-0.1,0.5,0.0 (cmd 0.9),0.0 (cmd 0.1)
0.282,0.51,0.87,0.0,-0.13,0.06,0.0,-0.1,0.5,0.0 (cmd 0.9),0.0 (cmd 0.1)
0.2825,0.47,0.88,0.0,-0.13,0.06,0.0,-0.1,0.5,0.0 (cmd 0.9),0.0 (cmd 0.1)
0.283,0.46,0.87,0.0,-0.14,0.07,0.0,-0.1,0.5,0.0 (cmd 0.9),0.0 (cmd 0.1)
0.2835,0.43,0.88,0.0,-0.15,0.08,0.0,-0.1,0.4,0.0 (cmd 0.9),0.0 (cmd 0.1)
0.284,0.4,0.87,0.0,-0.16,0.09,0.0,-0.2,0.4,0.0 (cmd 0.9),0.0 (cmd 0.1)
0.2846,0.39,0.88,0.0,-0.16,0.09,0.0,-0.2,0.4,0.0 (cmd 0.9),0.0 (cmd 0.1)
0.286,0.4,0.88,0.0,-0.16,0.1,0.0,-0.2,0.4,0.0 (cmd 0.9),0.0 (cmd 0.1)
0.2878,0.46,0.89,0.0,-0.12,0.1,0.0,-0.1,0.5,0.0 (cmd 0.9),0.0 (cmd 0.1)
0.2895,0.64,0.9,0.0,-0.3,0.11,0.0,-0.3,0.6,0.0 (cmd 0.9),0.0 (cmd 0.1)
0.2903,0.36,0.96,0.0,-0.25,0.07,0.0,-0.2,0.4,0.0 (cmd 1.0),0.0 (cmd 0.1)
0.29079999999999995,0.36,0.88,0.0,-0.27,0.09,0.0,-0.3,0.4,0.0 (cmd 0.9),0.0 (cmd 0.1)
0.2914,0.3,0.87,0.0,-0.28,0.1,0.0,-0.3,0.3,0.0 (cmd 0.9),0.0 (cmd 0.1)
0.29190000000000005,0.31,0.88,0.0,-0.28,0.1,0.0,-0.3,0.3,0.0 (cmd 0.9),0.0 (cmd 0.1)
0.2927,0.34,0.9,0.0,-0.28,0.1,0.0,-0.3,0.3,0.0 (cmd 0.9),0.0 (cmd 0.1)
0.2932,0.34,0.9,0.0,-0.31,0.11,0.0,-0.3,0.3,0.0 (cmd 0.9),0.0 (cmd 0.1)
0.2939,0.31,0.9,0.0,-0.32,0.1,0.0,-0.3,0.3,0.0 (cmd 0.9),0.0 (cmd 0.1)
0.29440000000000005,0.23,0.9,0.0,-0.29,0.11,0.0,-0.3,0.2,0.0 (cmd 0.9),0.0 (cmd 0.1)
0.2949,0.17,0.88,0.0,-0.27,0.13,0.0,-0.3,0.2,0.0 (cmd 0.9),0.0 (cmd 0.1)
0.2954,0.14,0.86,0.0,-0.15,0.14,0.0,-0.1,0.1,0.0 (cmd 0.9),0.0 (cmd 0.1)
0.2959,0.16,0.86,0.0,-0.04,0.19,0.0,-0.0,0.2,0.0 (cmd 0.9),0.0 (cmd 0.2)
0.2964,0.22,0.88,0.0,0.06,0.2,0.0,0.1,0.2,0.0 (cmd 0.9),0.0 (cmd 0.2)
0.29690000000000005,0.2,0.88,0.0,0.07,0.19,0.0,0.1,0.2,0.0 (cmd 0.9),0.0 (cmd 0.2)
0.2974,0.19,0.88,0.0,0.07,0.18,0.0,0.1,0.2,0.0 (cmd 0.9),0.0 (cmd 0.2)
0.2979,0.17,0.88,0.0,0.07,0.16,0.0,0.1,0.2,0.0 (cmd 0.9),0.0 (cmd 0.2)
0.2984,0.12,0.87,0.0,0.06,0.15,0.0,0.1,0.1,0.0 (cmd 0.9),0.0 (cmd 0.1)
0.2989,0.12,0.87,0.0,0.03,0.14,0.0,0.0,0.1,0.0 (cmd 0.9),0.0 (cmd 0.1)
0.29940000000000005,0.24,0.88,0.0,0.03,0.13,0.0,0.0,0.2,0.0 (cmd 0.9),0.0 (cmd 0.1)
0.2999,0.33,0.91,0.0,0.06,0.13,0.0,0.1,0.3,0.0 (cmd 0.9),0.0 (cmd 0.1)
0.3004,0.49,0.95,0.0,0.11,0.13,0.0,0.1,0.5,0.0 (cmd 0.9),0.0 (cmd 0.1)
0.3009,0.54,0.97,0.0,0.12,0.12,0.0,0.1,0.5,0.0 (cmd 1.0),0.0 (cmd 0.1)
0.3014,0.55,0.96,0.0,0.12,0.12,0.0,0.1,0.6,0.0 (cmd 1.0),0.0 (cmd 0.1)
0.30190000000000006,0.52,0.93,0.0,0.23,0.14,0.0,0.2,0.5,0.0 (cmd 0.9),0.0 (cmd 0.1)
0.3024,0.59,0.94,0.0,0.24,0.15,0.0,0.2,0.6,0.0 (cmd 0.9),0.0 (cmd 0.1)
0.3029,0.59,0.93,0.0,0.26,0.14,0.0,0.3,0.6,0.0 (cmd 0.9),0.0 (cmd 0.1)
0.3034,0.61,0.92,0.0,0.27,0.14,0.0,0.3,0.6,0.0 (cmd 0.9),0.0 (cmd 0.1)
0.3039,0.62,0.92,0.0,0.27,0.13,0.0,0.3,0.6,0.0 (cmd 0.9),0.0 (cmd 0.1)
0.30440000000000006,0.63,0.91,0.0,0.28,0.13,0.0,0.3,0.6,0.0 (cmd 0.9),0.0 (cmd 0.1)
0.3049,0.65,0.92,0.0,0.46,0.12,0.0,0.5,0.7,0.0 (cmd 0.9),0.0 (cmd 0.1)
0.3054,0.71,0.9,0.0,0.68,0.2,0.0,0.7,0.7,0.0 (cmd 0.9),0.0 (cmd 0.2)
0.30589999999999995,0.85,0.94,0.0,0.72,0.2,0.0,0.7,0.8,0.0 (cmd 0.9),0.0 (cmd 0.2)
0.30639999999999995,0.92,0.92,0.0,0.83,0.2,0.0,0.8,0.9,0.0 (cmd 0.9),0.0 (cmd 0.2)
0.30690000000000006,1.52,0.94,0.0,1.03,0.24,0.0,1.0,1.5,0.0 (cmd 0.9),0.0 (cmd 0.2)
0.30739999999999995,1.36,1.03,0.0,1.03,0.2,0.0,1.0,1.4,0.0 (cmd 1.0),0.0 (cmd 0.2)
0.30789999999999995,1.29,0.96,0.0,1.0,0.18,0.0,1.0,1.3,0.0 (cmd 1.0),0.0 (cmd 0.2)
0.30839999999999995,1.26,0.94,0.0,0.96,0.14,0.0,1.0,1.3,0.0 (cmd 0.9),0.0 (cmd 0.1)
0.30889999999999995,1.27,0.92,0.0,0.96,0.13,0.0,1.0,1.3,0.0 (cmd 0.9),0.0 (cmd 0.1)
0.3094,1.25,0.91,0.0,0.94,0.12,0.0,0.9,1.2,0.0 (cmd 0.9),0.0 (cmd 0.1)
0.30989999999999995,1.2,0.89,0.0,0.92,0.11,0.0,0.9,1.2,0.0 (cmd 0.9),0.0 (cmd 0.1)
0.31039999999999995,1.12,0.87,0.0,0.89,0.1,0.0,0.9,1.1,0.0 (cmd 0.9),0.0 (cmd 0.1)
0.31089999999999995,1.09,0.87,0.0,0.86,0.09,0.0,0.9,1.1,0.0 (cmd 0.9),0.0 (cmd 0.1)
0.31139999999999995,1.04,0.86,0.0,0.8,0.09,0.0,0.8,1.0,0.0 (cmd 0.9),0.0 (cmd 0.1)
0.3119,1.02,0.86,0.0,0.74,0.07,0.0,0.7,1.0,0.0 (cmd 0.9),0.0 (cmd 0.1)
0.31239999999999996,0.91,0.85,0.0,0.74,0.07,0.0,0.7,0.9,0.0 (cmd 0.8),0.0 (cmd 0.1)
0.31289999999999996,0.85,0.83,0.0,0.56,0.07,0.0,0.6,0.8,0.0 (cmd 0.8),0.0 (cmd 0.1)
0.31339999999999996,0.78,0.85,0.0,0.55,0.04,0.0,0.6,0.8,0.0 (cmd 0.8),0.0 (cmd 0.0)
0.31389999999999996,0.75,0.84,0.0,0.54,0.05,0.0,0.5,0.8,0.0 (cmd 0.8),0.0 (cmd 0.1)
0.3144,0.69,0.84,0.0,0.47,0.05,0.0,0.5,0.7,0.0 (cmd 0.8),0.0 (cmd 0.1)
0.31489999999999996,0.62,0.83,0.0,0.45,0.06,0.0,0.5,0.6,0.0 (cmd 0.8),0.0 (cmd 0.1)
0.31539999999999996,0.56,0.83,0.0,0.45,0.07,0.0,0.5,0.6,0.0 (cmd 0.8),0.0 (cmd 0.1)
0.31589999999999996,0.52,0.83,0.0,0.44,0.08,0.0,0.4,0.5,0.0 (cmd 0.8),0.0 (cmd 0.1)
0.31639999999999996,0.49,0.84,0.0,0.43,0.08,0.0,0.4,0.5,0.0 (cmd 0.8),0.0 (cmd 0.1)
0.3169,0.42,0.84,0.0,0.41,0.08,0.0,0.4,0.4,0.0 (cmd 0.8),0.0 (cmd 0.1)
0.31739999999999996,0.36,0.83,0.0,0.35,0.08,0.0,0.3,0.4,0.0 (cmd 0.8),0.0 (cmd 0.1)
0.31789999999999996,0.31,0.83,0.0,0.26,0.07,0.0,0.3,0.3,0.0 (cmd 0.8),0.0 (cmd 0.1)
0.31839999999999996,0.27,0.84,0.0,0.23,0.06,0.0,0.2,0.3,0.0 (cmd 0.8),0.0 (cmd 0.1)
0.31889999999999996,0.24,0.84,0.0,0.23,0.07,0.0,0.2,0.2,0.0 (cmd 0.8),0.0 (cmd 0.1)
0.3194,0.18,0.84,0.0,0.23,0.08,0.0,0.2,0.2,0.0 (cmd 0.8),0.0 (cmd 0.1)
0.31989999999999996,0.14,0.84,0.0,0.23,0.09,0.0,0.2,0.1,0.0 (cmd 0.8),0.0 (cmd 0.1)
0.32039999999999996,0.1,0.84,0.0,0.23,0.1,0.0,0.2,0.1,0.0 (cmd 0.8),0.0 (cmd 0.1)
0.3209,0.08,0.84,0.0,0.21,0.1,0.0,0.2,0.1,0.0 (cmd 0.8),0.0 (cmd 0.1)
0.32139999999999996,0.06,0.84,0.0,0.2,0.1,0.0,0.2,0.1,0.0 (cmd 0.8),0.0 (cmd 0.1)
0.32189999999999996,0.05,0.85,0.0,0.2,0.1,0.0,0.2,0.1,0.0 (cmd 0.8),0.0 (cmd 0.1)
0.3224,0.05,0.86,0.0,0.19,0.1,0.0,0.2,0.1,0.0 (cmd 0.9),0.0 (cmd 0.1)
0.32289999999999996,0.04,0.86,0.0,0.19,0.1,0.0,0.2,0.0,0.0 (cmd 0.9),0.0 (cmd 0.1)
0.3234,0.03,0.87,0.0,0.18,0.1,0.0,0.2,0.0,0.0 (cmd 0.9),0.0 (cmd 0.1)
0.32389999999999997,0.01,0.87,0.0,0.18,0.1,0.0,0.2,0.0,0.0 (cmd 0.9),0.0 (cmd 0.1)
0.32439999999999997,0.01,0.87,0.0,0.17,0.1,0.0,0.2,0.0,0.0 (cmd 0.9),0.0 (cmd 0.1)
0.3249,0.01,0.87,0.0,0.17,0.1,0.0,0.2,0.0,0.0 (cmd 0.9),0.0 (cmd 0.1)
0.32539999999999997,0.0,0.87,0.0,0.16,0.11,0.0,0.2,0.0,0.0 (cmd 0.9),0.0 (cmd 0.1)
0.3259,-0.01,0.87,0.0,0.18,0.11,0.0,0.2,-0.0,0.0 (cmd 0.9),0.0 (cmd 0.1)
0.32639999999999997,-0.01,0.87,0.0,0.2,0.12,0.0,0.2,-0.0,0.0 (cmd 0.9),0.0 (cmd 0.1)
0.32689999999999997,0.01,0.88,0.0,0.23,0.12,0.0,0.2,0.0,0.0 (cmd 0.9),0.0 (cmd 0.1)
0.3274,0.02,0.88,0.0,0.24,0.12,0.0,0.2,0.0,0.0 (cmd 0.9),0.0 (cmd 0.1)
0.32789999999999997,0.04,0.88,0.0,0.28,0.12,0.0,0.3,0.0,0.0 (cmd 0.9),0.0 (cmd 0.1)
0.3284,0.07,0.89,0.0,0.28,0.13,0.0,0.3,0.1,0.0 (cmd 0.9),0.0 (cmd 0.1)
0.32889999999999997,0.12,0.9,0.0,0.32,0.13,0.0,0.3,0.1,0.0 (cmd 0.9),0.0 (cmd 0.1)
0.32939999999999997,0.17,0.9,0.0,0.33,0.13,0.0,0.3,0.2,0.0 (cmd 0.9),0.0 (cmd 0.1)
0.3299,0.23,0.92,0.0,0.33,0.12,0.0,0.3,0.2,0.0 (cmd 0.9),0.0 (cmd 0.1)
0.33039999999999997,0.26,0.92,0.0,0.33,0.12,0.0,0.3,0.3,0.0 (cmd 0.9),0.0 (cmd 0.1)
0.3309,0.32,0.93,0.0,0.32,0.11,0.0,0.3,0.3,0.0 (cmd 0.9),0.0 (cmd 0.1)
0.3314,0.33,0.93,0.0,0.29,0.1,0.0,0.3,0.3,0.0 (cmd 0.9),0.0 (cmd 0.1)
0.3319,0.3,0.92,0.0,0.27,0.1,0.0,0.3,0.3,0.0 (cmd 0.9),0.0 (cmd 0.1)
0.33240000000000003,0.3,0.91,0.0,0.25,0.09,0.0,0.2,0.3,0.0 (cmd 0.9),0.0 (cmd 0.1)
0.3329,0.3,0.9,0.0,0.24,0.1,0.0,0.2,0.3,0.0 (cmd 0.9),0.0 (cmd 0.1)
0.33340000000000003,0.3,0.9,0.0,0.24,0.1,0.0,0.2,0.3,0.0 (cmd 0.9),0.0 (cmd 0.1)
0.3339,0.29,0.9,0.0,0.24,0.1,0.0,0.2,0.3,0.0 (cmd 0.9),0.0 (cmd 0.1)
0.3344,0.28,0.89,0.0,0.24,0.1,0.0,0.2,0.3,0.0 (cmd 0.9),0.0 (cmd 0.1)
0.33490000000000003,0.26,0.89,0.0,0.23,0.1,0.0,0.2,0.3,0.0 (cmd 0.9),0.0 (cmd 0.1)
0.3354,0.24,0.88,0.0,0.17,0.1,0.0,0.2,0.2,0.0 (cmd 0.9),0.0 (cmd 0.1)
0.33590000000000003,0.22,0.89,0.0,0.16,0.09,0.0,0.2,0.2,0.0 (cmd 0.9),0.0 (cmd 0.1)
0.3364,0.18,0.88,0.0,0.12,0.09,0.0,0.1,0.2,0.0 (cmd 0.9),0.0 (cmd 0.1)
0.3369,0.14,0.87,0.0,0.12,0.09,0.0,0.1,0.1,0.0 (cmd 0.9),0.0 (cmd 0.1)
0.33740000000000003,0.01,0.86,0.0,-0.04,0.05,0.0,-0.0,0.0,0.0 (cmd 0.9),0.0 (cmd 0.1)
0.3379,-0.04,0.85,0.0,-0.12,0.05,0.0,-0.1,-0.0,0.0 (cmd 0.8),0.0 (cmd 0.1)
0.33840000000000003,-0.15,0.84,0.0,-0.24,0.06,0.0,-0.2,-0.1,0.0 (cmd 0.8),0.0 (cmd 0.1)
0.3389,-0.31,0.81,0.0,-0.37,0.05,0.0,-0.4,-0.3,0.0 (cmd 0.8),0.0 (cmd 0.1)
0.3394,-0.43,0.82,0.0,-0.44,0.03,0.0,-0.4,-0.4,0.0 (cmd 0.8),0.0 (cmd 0.0)
0.33990000000000004,-0.47,0.82,0.0,-0.5,0.03,0.0,-0.5,-0.5,0.0 (cmd 0.8),0.0 (cmd 0.0)
0.3404,-0.63,0.79,0.0,-0.57,0.05,0.0,-0.6,-0.6,0.0 (cmd 0.8),0.0 (cmd 0.1)
0.34090000000000004,-0.69,0.81,0.0,-0.61,0.05,0.0,-0.6,-0.7,0.0 (cmd 0.8),0.0 (cmd 0.1)
0.3414,-0.74,0.82,0.0,-0.61,0.06,0.0,-0.6,-0.7,0.0 (cmd 0.8),0.0 (cmd 0.1)
0.3419,-0.9,0.81,0.0,-0.66,0.07,0.0,-0.7,-0.9,0.0 (cmd 0.8),0.0 (cmd 0.1)
0.34240000000000004,-1.02,0.79,0.0,-0.69,0.09,0.0,-0.7,-1.0,0.0 (cmd 0.8),0.0 (cmd 0.1)
0.3429,-1.03,0.8,0.0,-0.66,0.1,0.0,-0.7,-1.0,0.0 (cmd 0.8),0.0 (cmd 0.1)
0.34340000000000004,-1.01,0.81,0.0,-0.66,0.12,0.0,-0.7,-1.0,0.0 (cmd 0.8),0.0 (cmd 0.1)
0.3439,-1.03,0.84,0.0,-0.66,0.12,0.0,-0.7,-1.0,0.0 (cmd 0.8),0.0 (cmd 0.1)
0.3444,-1.03,0.85,0.0,-0.78,0.1,0.0,-0.8,-1.0,0.0 (cmd 0.8),0.0 (cmd 0.1)
0.34490000000000004,-1.28,0.84,0.0,-0.81,0.1,0.0,-0.8,-1.3,0.0 (cmd 0.8),0.0 (cmd 0.1)
0.3454,-1.36,0.81,0.0,-1.0,0.1,0.0,-1.0,-1.4,0.0 (cmd 0.8),0.0 (cmd 0.1)
0.34590000000000004,-1.47,0.8,0.0,-1.08,0.07,0.0,-1.1,-1.5,0.0 (cmd 0.8),0.0 (cmd 0.1)
0.3464,-1.55,0.81,0.0,-1.16,0.06,0.0,-1.2,-1.6,0.0 (cmd 0.8),0.0 (cmd 0.1)
0.3469,-1.66,0.81,0.0,-1.19,0.08,0.0,-1.2,-1.7,0.0 (cmd 0.8),0.0 (cmd 0.1)
0.34740000000000004,-1.7,0.81,0.0,-1.22,0.08,0.0,-1.2,-1.7,0.0 (cmd 0.8),0.0 (cmd 0.1)
0.3479,-1.74,0.82,0.0,-1.22,0.1,0.0,-1.2,-1.7,0.0 (cmd 0.8),0.0 (cmd 0.1)
0.34840000000000004,-1.73,0.84,0.0,-1.21,0.11,0.0,-1.2,-1.7,0.0 (cmd 0.8),0.0 (cmd 0.1)
0.3489,-1.71,0.85,0.0,-1.2,0.12,0.0,-1.2,-1.7,0.0 (cmd 0.8),0.0 (cmd 0.1)
0.3494,-1.7,0.86,0.0,-1.17,0.14,0.0,-1.2,-1.7,0.0 (cmd 0.9),0.0 (cmd 0.1)
0.34990000000000004,-1.7,0.87,0.0,-1.15,0.15,0.0,-1.1,-1.7,0.0 (cmd 0.9),0.0 (cmd 0.1)
0.3504,-1.71,0.88,0.0,-1.14,0.15,0.0,-1.1,-1.7,0.0 (cmd 0.9),0.0 (cmd 0.1)
0.35090000000000005,-1.72,0.87,0.0,-1.11,0.16,0.0,-1.1,-1.7,0.0 (cmd 0.9),0.0 (cmd 0.2)
0.3514,-1.78,0.87,0.0,-1.12,0.16,0.0,-1.1,-1.8,0.0 (cmd 0.9),0.0 (cmd 0.2)
0.3519,-1.82,0.86,0.0,-1.13,0.16,0.0,-1.1,-1.8,0.0 (cmd 0.9),0.0 (cmd 0.2)
0.35240000000000005,-1.8,0.87,0.0,-1.13,0.16,0.0,-1.1,-1.8,0.0 (cmd 0.9),0.0 (cmd 0.2)
0.3529,-1.76,0.88,0.0,-1.13,0.15,0.0,-1.1,-1.8,0.0 (cmd 0.9),0.0 (cmd 0.1)
0.35340000000000005,-1.76,0.89,0.0,-1.13,0.15,0.0,-1.1,-1.8,0.0 (cmd 0.9),0.0 (cmd 0.1)
0.3539,-1.76,0.89,0.0,-1.14,0.15,0.0,-1.1,-1.8,0.0 (cmd 0.9),0.0 (cmd 0.1)
0.3544,-1.72,0.9,0.0,-1.15,0.15,0.0,-1.1,-1.7,0.0 (cmd 0.9),0.0 (cmd 0.1)
0.35490000000000005,-1.72,0.9,0.0,-1.17,0.14,0.0,-1.2,-1.7,0.0 (cmd 0.9),0.0 (cmd 0.1)
0.3554,-1.7,0.91,0.0,-1.19,0.14,0.0,-1.2,-1.7,0.0 (cmd 0.9),0.0 (cmd 0.1)
0.35590000000000005,-1.7,0.91,0.0,-1.21,0.13,0.0,-1.2,-1.7,0.0 (cmd 0.9),0.0 (cmd 0.1)
0.3564,-1.69,0.91,0.0,-1.22,0.14,0.0,-1.2,-1.7,0.0 (cmd 0.9),0.0 (cmd 0.1)
0.3569,-1.69,0.91,0.0,-1.27,0.12,0.0,-1.3,-1.7,0.0 (cmd 0.9),0.0 (cmd 0.1)
0.35740000000000005,-1.7,0.91,0.0,-1.28,0.13,0.0,-1.3,-1.7,0.0 (cmd 0.9),0.0 (cmd 0.1)
0.3579,-1.71,0.9,0.0,-1.31,0.13,0.0,-1.3,-1.7,0.0 (cmd 0.9),0.0 (cmd 0.1)
0.35840000000000005,-1.73,0.9,0.0,-1.32,0.13,0.0,-1.3,-1.7,0.0 (cmd 0.9),0.0 (cmd 0.1)
0.3589,-1.74,0.9,0.0,-1.32,0.14,0.0,-1.3,-1.7,0.0 (cmd 0.9),0.0 (cmd 0.1)
0.3594,-1.75,0.9,0.0,-1.32,0.14,0.0,-1.3,-1.8,0.0 (cmd 0.9),0.0 (cmd 0.1)
0.35990000000000005,-1.76,0.9,0.0,-1.27,0.14,0.0,-1.3,-1.8,0.0 (cmd 0.9),0.0 (cmd 0.1)
0.3604,-1.76,0.89,0.0,-1.26,0.16,0.0,-1.3,-1.8,0.0 (cmd 0.9),0.0 (cmd 0.2)
0.36090000000000005,-1.77,0.89,0.0,-1.26,0.16,0.0,-1.3,-1.8,0.0 (cmd 0.9),0.0 (cmd 0.2)
0.3614,-1.79,0.89,0.0,-1.24,0.16,0.0,-1.2,-1.8,0.0 (cmd 0.9),0.0 (cmd 0.2)
0.3619,-1.79,0.89,0.0,-1.24,0.17,0.0,-1.2,-1.8,0.0 (cmd 0.9),0.0 (cmd 0.2)
0.36240000000000006,-1.79,0.89,0.0,-1.21,0.16,0.0,-1.2,-1.8,0.0 (cmd 0.9),0.0 (cmd 0.2)
0.3629,-1.79,0.89,0.0,-1.2,0.17,0.0,-1.2,-1.8,0.0 (cmd 0.9),0.0 (cmd 0.2)
0.36340000000000006,-1.78,0.89,0.0,-1.19,0.17,0.0,-1.2,-1.8,0.0 (cmd 0.9),0.0 (cmd 0.2)
0.3639,-1.78,0.89,0.0,-1.17,0.17,0.0,-1.2,-1.8,0.0 (cmd 0.9),0.0 (cmd 0.2)
0.3644,-1.78,0.89,0.0,-1.16,0.17,0.0,-1.2,-1.8,0.0 (cmd 0.9),0.0 (cmd 0.2)
0.36490000000000006,-1.78,0.89,0.0,-1.16,0.17,0.0,-1.2,-1.8,0.0 (cmd 0.9),0.0 (cmd 0.2)
0.3654,-1.78,0.89,0.0,-1.13,0.17,0.0,-1.1,-1.8,0.0 (cmd 0.9),0.0 (cmd 0.2)
0.36590000000000006,-1.76,0.89,0.0,-1.09,0.18,0.0,-1.1,-1.8,0.0 (cmd 0.9),0.0 (cmd 0.2)
0.3664,-1.76,0.9,0.0,-1.16,0.16,0.0,-1.2,-1.8,0.0 (cmd 0.9),0.0 (cmd 0.2)
0.3669,-1.79,0.89,0.0,-1.23,0.14,0.0,-1.2,-1.8,0.0 (cmd 0.9),0.0 (cmd 0.1)
0.36740000000000006,-1.79,0.9,0.0,-1.3,0.13,0.0,-1.3,-1.8,0.0 (cmd 0.9),0.0 (cmd 0.1)
0.3679,-1.8,0.9,0.0,-1.32,0.12,0.0,-1.3,-1.8,0.0 (cmd 0.9),0.0 (cmd 0.1)
0.36840000000000006,-1.8,0.91,0.0,-1.46,0.1,0.0,-1.5,-1.8,0.0 (cmd 0.9),0.0 (cmd 0.1)
0.36889999999999995,-1.79,0.92,0.0,-1.69,0.05,0.0,-1.7,-1.8,0.0 (cmd 0.9),0.0 (cmd 0.1)
0.36939999999999995,-1.77,0.93,0.0,-1.81,0.04,0.0,-1.8,-1.8,0.0 (cmd 0.9),0.0 (cmd 0.0)
0.3699,-1.62,0.94,0.0,-1.82,0.04,0.0,-1.8,-1.6,0.0 (cmd 0.9),0.0 (cmd 0.0)
0.37039999999999995,-1.5,1.0,0.0,-1.87,0.06,0.0,-1.9,-1.5,0.0 (cmd 1.0),0.0 (cmd 0.1)
0.3709,-1.5,0.99,0.0,-1.89,0.06,0.0,-1.9,-1.5,0.0 (cmd 1.0),0.0 (cmd 0.1)
0.37139999999999995,-1.55,0.97,0.0,-1.92,0.09,0.0,-1.9,-1.6,0.0 (cmd 1.0),0.0 (cmd 0.1)
0.37189999999999995,-1.59,0.95,0.0,-1.92,0.1,0.0,-1.9,-1.6,0.0 (cmd 0.9),0.0 (cmd 0.1)
0.3724,-1.61,0.94,0.0,-1.99,0.11,0.0,-2.0,-1.6,0.0 (cmd 0.9),0.0 (cmd 0.1)
0.37289999999999995,-1.64,0.94,0.0,-2.03,0.1,0.0,-2.0,-1.6,0.0 (cmd 0.9),0.0 (cmd 0.1)
0.3734,-1.64,0.93,0.0,-2.06,0.12,0.0,-2.1,-1.6,0.0 (cmd 0.9),0.0 (cmd 0.1)
0.37389999999999995,-1.64,0.93,0.0,-2.06,0.12,0.0,-2.1,-1.6,0.0 (cmd 0.9),0.0 (cmd 0.1)
0.37439999999999996,-1.66,0.93,0.0,-2.05,0.14,0.0,-2.0,-1.7,0.0 (cmd 0.9),0.0 (cmd 0.1)
0.3749,-2.0,0.91,0.0,-2.06,0.15,0.0,-2.1,-2.0,0.0 (cmd 0.9),0.0 (cmd 0.1)
0.37539999999999996,-2.05,0.83,0.0,-2.06,0.17,0.0,-2.1,-2.0,0.0 (cmd 0.8),0.0 (cmd 0.2)
0.3759,-2.11,0.83,0.0,-2.1,0.17,0.0,-2.1,-2.1,0.0 (cmd 0.8),0.0 (cmd 0.2)
0.37639999999999996,-2.25,0.83,0.0,-2.13,0.17,0.0,-2.1,-2.2,0.0 (cmd 0.8),0.0 (cmd 0.2)
0.37689999999999996,-2.25,0.84,0.0,-2.18,0.16,0.0,-2.2,-2.2,0.0 (cmd 0.8),0.0 (cmd 0.2)
0.3774,-2.32,0.85,0.0,-2.23,0.15,0.0,-2.2,-2.3,0.0 (cmd 0.8),0.0 (cmd 0.1)
0.37789999999999996,-2.38,0.86,0.0,-2.25,0.15,0.0,-2.2,-2.4,0.0 (cmd 0.9),0.0 (cmd 0.1)
0.3784,-2.41,0.85,0.0,-2.26,0.15,0.0,-2.3,-2.4,0.0 (cmd 0.8),0.0 (cmd 0.1)
0.37889999999999996,-2.42,0.87,0.0,-2.27,0.16,0.0,-2.3,-2.4,0.0 (cmd 0.9),0.0 (cmd 0.2)
0.37939999999999996,-2.43,0.88,0.0,-2.27,0.16,0.0,-2.3,-2.4,0.0 (cmd 0.9),0.0 (cmd 0.2)
0.3799,-2.44,0.88,0.0,-2.27,0.17,0.0,-2.3,-2.4,0.0 (cmd 0.9),0.0 (cmd 0.2)
0.38039999999999996,-2.46,0.89,0.0,-2.28,0.17,0.0,-2.3,-2.5,0.0 (cmd 0.9),0.0 (cmd 0.2)
0.3809,-2.49,0.89,0.0,-2.28,0.17,0.0,-2.3,-2.5,0.0 (cmd 0.9),0.0 (cmd 0.2)
0.38139999999999996,-2.52,0.89,0.0,-2.28,0.17,0.0,-2.3,-2.5,0.0 (cmd 0.9),0.0 (cmd 0.2)
0.38189999999999996,-2.53,0.89,0.0,-2.28,0.18,0.0,-2.3,-2.5,0.0 (cmd 0.9),0.0 (cmd 0.2)
0.3824,-2.55,0.89,0.0,-2.28,0.18,0.0,-2.3,-2.5,0.0 (cmd 0.9),0.0 (cmd 0.2)
0.38289999999999996,-2.55,0.89,0.0,-2.27,0.18,0.0,-2.3,-2.5,0.0 (cmd 0.9),0.0 (cmd 0.2)
0.3834,-2.55,0.9,0.0,-2.27,0.18,0.0,-2.3,-2.5,0.0 (cmd 0.9),0.0 (cmd 0.2)
0.38389999999999996,-2.57,0.9,0.0,-2.27,0.18,0.0,-2.3,-2.6,0.0 (cmd 0.9),0.0 (cmd 0.2)
0.38439999999999996,-2.58,0.9,0.0,-2.27,0.18,0.0,-2.3,-2.6,0.0 (cmd 0.9),0.0 (cmd 0.2)
0.3849,-2.52,0.92,0.0,-2.27,0.18,0.0,-2.3,-2.5,0.0 (cmd 0.9),0.0 (cmd 0.2)
0.38539999999999996,-2.52,0.92,0.0,-2.25,0.18,0.0,-2.2,-2.5,0.0 (cmd 0.9),0.0 (cmd 0.2)
0.3859,-2.48,0.92,0.0,-2.24,0.19,0.0,-2.2,-2.5,0.0 (cmd 0.9),0.0 (cmd 0.2)
0.38639999999999997,-2.43,0.94,0.0,-2.23,0.18,0.0,-2.2,-2.4,0.0 (cmd 0.9),0.0 (cmd 0.2)
0.38689999999999997,-2.38,0.94,0.0,-2.2,0.19,0.0,-2.2,-2.4,0.0 (cmd 0.9),0.0 (cmd 0.2)
0.3874,-2.33,0.95,0.0,-2.2,0.19,0.0,-2.2,-2.3,0.0 (cmd 0.9),0.0 (cmd 0.2)
0.38789999999999997,-2.29,0.95,0.0,-2.18,0.19,0.0,-2.2,-2.3,0.0 (cmd 0.9),0.0 (cmd 0.2)
0.3884,-2.27,0.95,0.0,-2.19,0.19,0.0,-2.2,-2.3,0.0 (cmd 0.9),0.0 (cmd 0.2)
0.38889999999999997,-2.24,0.96,0.0,-2.19,0.18,0.0,-2.2,-2.2,0.0 (cmd 1.0),0.0 (cmd 0.2)
0.38939999999999997,-2.16,0.97,0.0,-2.19,0.18,0.0,-2.2,-2.2,0.0 (cmd 1.0),0.0 (cmd 0.2)
0.3899,-2.15,0.96,0.0,-2.17,0.18,0.0,-2.2,-2.1,0.0 (cmd 1.0),0.0 (cmd 0.2)
0.39039999999999997,-2.14,0.95,0.0,-2.11,0.19,0.0,-2.1,-2.1,0.0 (cmd 0.9),0.0 (cmd 0.2)
0.3909,-2.14,0.95,0.0,-2.09,0.2,0.0,-2.1,-2.1,0.0 (cmd 0.9),0.0 (cmd 0.2)
0.39139999999999997,-2.15,0.94,0.0,-2.06,0.19,0.0,-2.1,-2.1,0.0 (cmd 0.9),0.0 (cmd 0.2)
0.39189999999999997,-2.17,0.93,0.0,-2.04,0.2,0.0,-2.0,-2.2,0.0 (cmd 0.9),0.0 (cmd 0.2)
0.3924,-2.07,0.94,0.0,-2.01,0.2,0.0,-2.0,-2.1,0.0 (cmd 0.9),0.0 (cmd 0.2)
0.39289999999999997,-2.09,0.93,0.0,-1.89,0.24,0.0,-1.9,-2.1,0.0 (cmd 0.9),0.0 (cmd 0.2)
0.3934,-2.13,0.92,0.0,-1.88,0.22,0.0,-1.9,-2.1,0.0 (cmd 0.9),0.0 (cmd 0.2)
0.3939,-2.21,0.91,0.0,-1.85,0.22,0.0,-1.9,-2.2,0.0 (cmd 0.9),0.0 (cmd 0.2)
0.3944,-2.26,0.88,0.0,-1.78,0.24,0.0,-1.8,-2.3,0.0 (cmd 0.9),0.0 (cmd 0.2)
0.39490000000000003,-2.27,0.87,0.0,-1.77,0.23,0.0,-1.8,-2.3,0.0 (cmd 0.9),0.0 (cmd 0.2)
0.3954,-2.26,0.88,0.0,-1.66,0.23,0.0,-1.7,-2.3,0.0 (cmd 0.9),0.0 (cmd 0.2)
0.39590000000000003,-2.26,0.89,0.0,-1.7,0.22,0.0,-1.7,-2.3,0.0 (cmd 0.9),0.0 (cmd 0.2)
0.3964,-2.27,0.89,0.0,-1.72,0.2,0.0,-1.7,-2.3,0.0 (cmd 0.9),0.0 (cmd 0.2)
0.3969,-2.28,0.89,0.0,-1.74,0.19,0.0,-1.7,-2.3,0.0 (cmd 0.9),0.0 (cmd 0.2)
0.39740000000000003,-2.27,0.89,0.0,-1.71,0.18,0.0,-1.7,-2.3,0.0 (cmd 0.9),0.0 (cmd 0.2)
0.3979,-2.27,0.89,0.0,-1.69,0.19,0.0,-1.7,-2.3,0.0 (cmd 0.9),0.0 (cmd 0.2)
0.39840000000000003,-2.28,0.89,0.0,-1.66,0.19,0.0,-1.7,-2.3,0.0 (cmd 0.9),0.0 (cmd 0.2)
0.3989,-2.3,0.89,0.0,-1.7,0.18,0.0,-1.7,-2.3,0.0 (cmd 0.9),0.0 (cmd 0.2)
0.3994,-2.32,0.89,0.0,-1.74,0.17,0.0,-1.7,-2.3,0.0 (cmd 0.9),0.0 (cmd 0.2)
0.39990000000000003,-2.32,0.9,0.0,-1.77,0.16,0.0,-1.8,-2.3,0.0 (cmd 0.9),0.0 (cmd 0.2)
0.4004,-2.36,0.89,0.0,-1.78,0.16,0.0,-1.8,-2.4,0.0 (cmd 0.9),0.0 (cmd 0.2)
0.40090000000000003,-2.39,0.89,0.0,-1.8,0.16,0.0,-1.8,-2.4,0.0 (cmd 0.9),0.0 (cmd 0.2)
0.4014,-2.39,0.89,0.0,-1.83,0.15,0.0,-1.8,-2.4,0.0 (cmd 0.9),0.0 (cmd 0.1)
0.4019,-2.42,0.9,0.0,-1.85,0.15,0.0,-1.9,-2.4,0.0 (cmd 0.9),0.0 (cmd 0.1)
0.40240000000000004,-2.44,0.89,0.0,-1.85,0.15,0.0,-1.9,-2.4,0.0 (cmd 0.9),0.0 (cmd 0.1)
0.4029,-2.48,0.89,0.0,-1.88,0.16,0.0,-1.9,-2.5,0.0 (cmd 0.9),0.0 (cmd 0.2)
0.40340000000000004,-2.48,0.89,0.0,-1.91,0.14,0.0,-1.9,-2.5,0.0 (cmd 0.9),0.0 (cmd 0.1)
0.4039,-2.48,0.89,0.0,-1.92,0.15,0.0,-1.9,-2.5,0.0 (cmd 0.9),0.0 (cmd 0.1)
0.4044,-2.5,0.89,0.0,-1.93,0.15,0.0,-1.9,-2.5,0.0 (cmd 0.9),0.0 (cmd 0.1)
0.40490000000000004,-2.5,0.89,0.0,-1.94,0.15,0.0,-1.9,-2.5,0.0 (cmd 0.9),0.0 (cmd 0.1)
0.4054,-2.48,0.9,0.0,-1.92,0.16,0.0,-1.9,-2.5,0.0 (cmd 0.9),0.0 (cmd 0.2)
0.40590000000000004,-2.47,0.91,0.0,-1.93,0.16,0.0,-1.9,-2.5,0.0 (cmd 0.9),0.0 (cmd 0.2)
0.4064,-2.46,0.91,0.0,-1.94,0.16,0.0,-1.9,-2.5,0.0 (cmd 0.9),0.0 (cmd 0.2)
0.4069,-2.44,0.91,0.0,-1.94,0.16,0.0,-1.9,-2.4,0.0 (cmd 0.9),0.0 (cmd 0.2)
0.40740000000000004,-2.43,0.92,0.0,-1.95,0.16,0.0,-1.9,-2.4,0.0 (cmd 0.9),0.0 (cmd 0.2)
0.4079,-2.42,0.92,0.0,-1.95,0.16,0.0,-1.9,-2.4,0.0 (cmd 0.9),0.0 (cmd 0.2)
0.40840000000000004,-2.41,0.92,0.0,-1.95,0.16,0.0,-1.9,-2.4,0.0 (cmd 0.9),0.0 (cmd 0.2)
0.4089,-2.39,0.92,0.0,-1.96,0.16,0.0,-2.0,-2.4,0.0 (cmd 0.9),0.0 (cmd 0.2)
0.4094,-2.4,0.92,0.0,-1.95,0.17,0.0,-1.9,-2.4,0.0 (cmd 0.9),0.0 (cmd 0.2)
0.40990000000000004,-2.43,0.91,0.0,-1.95,0.17,0.0,-1.9,-2.4,0.0 (cmd 0.9),0.0 (cmd 0.2)
0.4104,-2.44,0.9,0.0,-1.94,0.17,0.0,-1.9,-2.4,0.0 (cmd 0.9),0.0 (cmd 0.2)
0.41090000000000004,-2.46,0.9,0.0,-1.95,0.17,0.0,-1.9,-2.5,0.0 (cmd 0.9),0.0 (cmd 0.2)
0.4114,-2.48,0.9,0.0,-1.95,0.17,0.0,-1.9,-2.5,0.0 (cmd 0.9),0.0 (cmd 0.2)
0.4119,-2.49,0.9,0.0,-1.95,0.17,0.0,-1.9,-2.5,0.0 (cmd 0.9),0.0 (cmd 0.2)
0.41240000000000004,-2.52,0.89,0.0,-1.94,0.18,0.0,-1.9,-2.5,0.0 (cmd 0.9),0.0 (cmd 0.2)
0.4129,-2.54,0.89,0.0,-1.97,0.18,0.0,-2.0,-2.5,0.0 (cmd 0.9),0.0 (cmd 0.2)
0.41340000000000005,-2.56,0.89,0.0,-1.97,0.17,0.0,-2.0,-2.6,0.0 (cmd 0.9),0.0 (cmd 0.2)
0.4139,-2.56,0.89,0.0,-1.97,0.17,0.0,-2.0,-2.6,0.0 (cmd 0.9),0.0 (cmd 0.2)
0.4144,-2.58,0.89,0.0,-1.97,0.17,0.0,-2.0,-2.6,0.0 (cmd 0.9),0.0 (cmd 0.2)
0.41490000000000005,-2.63,0.89,0.0,-1.97,0.17,0.0,-2.0,-2.6,0.0 (cmd 0.9),0.0 (cmd 0.2)
0.4154,-2.66,0.88,0.0,-1.98,0.17,0.0,-2.0,-2.7,0.0 (cmd 0.9),0.0 (cmd 0.2)
0.41590000000000005,-2.71,0.87,0.0,-1.98,0.18,0.0,-2.0,-2.7,0.0 (cmd 0.9),0.0 (cmd 0.2)
0.4164,-2.86,0.86,0.0,-1.98,0.18,0.0,-2.0,-2.9,0.0 (cmd 0.9),0.0 (cmd 0.2)
0.4169,-2.96,0.84,0.0,-1.99,0.18,0.0,-2.0,-3.0,0.0 (cmd 0.8),0.0 (cmd 0.2)
0.41740000000000005,-2.99,0.83,0.0,-2.0,0.18,0.0,-2.0,-3.0,0.0 (cmd 0.8),0.0 (cmd 0.2)
0.4179,-3.01,0.84,0.0,-2.01,0.18,0.0,-2.0,-3.0,0.0 (cmd 0.8),0.0 (cmd 0.2)
0.41840000000000005,-3.02,0.85,0.0,-2.01,0.18,0.0,-2.0,-3.0,0.0 (cmd 0.8),0.0 (cmd 0.2)
0.4189,-3.01,0.86,0.0,-2.02,0.17,0.0,-2.0,-3.0,0.0 (cmd 0.9),0.0 (cmd 0.2)
0.4194,-3.0,0.87,0.0,-2.03,0.17,0.0,-2.0,-3.0,0.0 (cmd 0.9),0.0 (cmd 0.2)
0.41990000000000005,-2.96,0.89,0.0,-2.04,0.17,0.0,-2.0,-3.0,0.0 (cmd 0.9),0.0 (cmd 0.2)
0.4204,-2.94,0.9,0.0,-2.05,0.16,0.0,-2.0,-2.9,0.0 (cmd 0.9),0.0 (cmd 0.2)
0.42090000000000005,-2.91,0.91,0.0,-2.08,0.16,0.0,-2.1,-2.9,0.0 (cmd 0.9),0.0 (cmd 0.2)
0.4214,-2.56,0.92,0.0,-2.09,0.16,0.0,-2.1,-2.6,0.0 (cmd 0.9),0.0 (cmd 0.2)
0.4219,-2.09,1.0,0.0,-2.09,0.14,0.0,-2.1,-2.1,0.0 (cmd 1.0),0.0 (cmd 0.1)
0.42240000000000005,-1.74,1.17,0.0,-2.11,0.11,0.0,-2.1,-1.7,0.0 (cmd 1.2),0.0 (cmd 0.1)
0.4229,-1.38,1.18,0.0,-2.11,0.11,0.0,-2.1,-1.4,0.0 (cmd 1.2),0.0 (cmd 0.1)
0.42340000000000005,-1.25,1.23,0.0,-2.14,0.1,0.0,-2.1,-1.2,0.0 (cmd 1.2),0.0 (cmd 0.1)
0.4239,-1.49,1.16,0.0,-2.16,0.12,0.0,-2.2,-1.5,0.0 (cmd 1.2),0.0 (cmd 0.1)
0.4244,-2.0,1.03,0.0,-2.17,0.14,0.0,-2.2,-2.0,0.0 (cmd 1.0),0.0 (cmd 0.1)
0.42490000000000006,-3.58,0.63,0.0,-2.21,0.22,0.0,-2.2,-3.6,0.0 (cmd 0.6),0.0 (cmd 0.2)
0.4254,-5.64,0.44,0.0,-2.3,0.24,0.0,-2.3,-5.6,0.0 (cmd 0.4),0.0 (cmd 0.2)
0.42590000000000006,-9.43,-0.02,0.0,-2.32,0.31,0.0,-2.3,-9.4,0.0 (cmd -0.0),0.0 (cmd 0.3)
0.4264,-10.37,-0.94,0.0,-2.39,0.48,0.0,-2.4,-10.4,0.0 (cmd -0.9),0.0 (cmd 0.5)
0.4269,-11.17,-0.83,0.0,-2.49,0.42,0.0,-2.5,-11.2,0.0 (cmd -0.8),0.0 (cmd 0.4)
0.42740000000000006,-9.35,-0.31,0.0,-2.51,0.33,0.0,-2.5,-9.3,0.0 (cmd -0.3),0.0 (cmd 0.3)
0.4279,-8.46,0.38,0.0,-2.47,0.21,0.0,-2.5,-8.5,0.0 (cmd 0.4),0.0 (cmd 0.2)
0.42840000000000006,-7.94,0.67,0.0,-2.46,0.19,0.0,-2.5,-7.9,0.0 (cmd 0.7),0.0 (cmd 0.2)
0.4289,-8.67,0.79,0.0,-2.41,0.18,0.0,-2.4,-8.7,0.0 (cmd 0.8),0.0 (cmd 0.2)
0.4294,-8.59,0.59,0.0,-2.27,0.23,0.0,-2.3,-8.6,0.0 (cmd 0.6),0.0 (cmd 0.2)
0.42990000000000006,-7.98,0.71,0.0,-2.03,0.29,0.0,-2.0,-8.0,0.0 (cmd 0.7),0.0 (cmd 0.3)
0.4304,-6.27,1.03,0.0,-1.69,0.31,0.0,-1.7,-6.3,0.0 (cmd 1.0),0.0 (cmd 0.3)
0.43090000000000006,-4.02,1.22,0.0,-1.65,0.27,0.0,-1.6,-4.0,0.0 (cmd 1.2),0.0 (cmd 0.3)
0.43139999999999995,-1.5,2.02,0.0,-0.28,0.12,0.0,-0.3,-1.5,0.0 (cmd 2.0),0.0 (cmd 0.1)
0.43189999999999995,-0.1,2.44,0.0,0.43,0.47,0.0,0.4,-0.1,0.0 (cmd 2.4),0.0 (cmd 0.5)
0.4324,3.76,2.42,0.0,-1.56,0.07,0.0,-1.6,3.8,0.0 (cmd 2.4),0.0 (cmd 0.1)
0.43289999999999995,4.39,2.9,0.0,-1.94,-0.35,0.0,-1.9,4.4,0.0 (cmd 2.9),0.0 (cmd -0.3)
0.4334,5.41,2.84,0.0,-2.73,-0.43,0.0,-2.7,5.4,0.0 (cmd 2.8),0.0 (cmd -0.4)
0.43389999999999995,6.39,2.75,0.0,-6.77,-0.62,0.0,-6.8,6.4,0.0 (cmd 2.8),0.0 (cmd -0.6)
0.43439999999999995,6.87,2.72,0.0,-15.48,-1.69,0.0,-15.5,6.9,0.0 (cmd 2.7),0.0 (cmd -1.7)
0.4349,6.94,2.58,0.0,-18.96,-5.18,0.0,-19.0,6.9,0.0 (cmd 2.6),0.0 (cmd -5.2)
0.43539999999999995,7.02,2.61,0.0,-20.42,-4.39,0.0,-20.4,7.0,0.0 (cmd 2.6),0.0 (cmd -4.4)
0.4359,6.72,2.64,0.0,-20.08,-3.11,0.0,-20.1,6.7,0.0 (cmd 2.6),0.0 (cmd -3.1)
0.43639999999999995,5.92,2.35,0.0,-16.75,-1.17,0.0,-16.8,5.9,0.0 (cmd 2.4),0.0 (cmd -1.2)
0.43689999999999996,5.8,2.12,0.0,-15.72,-0.02,0.0,-15.7,5.8,0.0 (cmd 2.1),0.0 (cmd -0.0)
0.4374,5.57,2.01,0.0,-15.31,0.31,0.0,-15.3,5.6,0.0 (cmd 2.0),0.0 (cmd 0.3)
0.43789999999999996,5.48,1.93,0.0,-14.78,0.43,0.0,-14.8,5.5,0.0 (cmd 1.9),0.0 (cmd 0.4)
0.4384,5.44,1.88,0.0,-14.62,0.67,0.0,-14.6,5.4,0.0 (cmd 1.9),0.0 (cmd 0.7)
0.43889999999999996,5.52,1.86,0.0,-14.66,0.67,0.0,-14.7,5.5,0.0 (cmd 1.9),0.0 (cmd 0.7)
0.43939999999999996,5.49,1.89,0.0,-14.95,0.65,0.0,-14.9,5.5,0.0 (cmd 1.9),0.0 (cmd 0.7)
0.4399,5.3,1.86,0.0,-15.2,0.56,0.0,-15.2,5.3,0.0 (cmd 1.9),0.0 (cmd 0.6)
0.44039999999999996,5.23,1.87,0.0,-15.33,0.53,0.0,-15.3,5.2,0.0 (cmd 1.9),0.0 (cmd 0.5)
0.4409,5.1,1.84,0.0,-15.41,0.55,0.0,-15.4,5.1,0.0 (cmd 1.8),0.0 (cmd 0.6)
0.44139999999999996,5.11,1.85,0.0,-15.52,0.58,0.0,-15.5,5.1,0.0 (cmd 1.9),0.0 (cmd 0.6)
0.44189999999999996,5.12,1.86,0.0,-15.51,0.58,0.0,-15.5,5.1,0.0 (cmd 1.9),0.0 (cmd 0.6)
0.4424,5.14,1.87,0.0,-15.49,0.61,0.0,-15.5,5.1,0.0 (cmd 1.9),0.0 (cmd 0.6)
0.44289999999999996,5.08,1.88,0.0,-15.59,0.63,0.0,-15.6,5.1,0.0 (cmd 1.9),0.0 (cmd 0.6)
0.4434,4.95,1.87,0.0,-15.66,0.62,0.0,-15.7,5.0,0.0 (cmd 1.9),0.0 (cmd 0.6)
0.44389999999999996,4.9,1.83,0.0,-15.7,0.64,0.0,-15.7,4.9,0.0 (cmd 1.8),0.0 (cmd 0.6)
0.44439999999999996,5.12,1.85,0.0,-15.7,0.64,0.0,-15.7,5.1,0.0 (cmd 1.9),0.0 (cmd 0.6)
0.4449,5.29,1.96,0.0,-15.56,0.63,0.0,-15.6,5.3,0.0 (cmd 2.0),0.0 (cmd 0.6)
0.44539999999999996,5.08,1.89,0.0,-14.85,0.84,0.0,-14.8,5.1,0.0 (cmd 1.9),0.0 (cmd 0.8)
0.4459,4.85,1.75,0.0,-8.22,1.09,0.0,-8.2,4.8,0.0 (cmd 1.8),0.0 (cmd 1.1)
0.44639999999999996,4.54,1.22,0.0,-7.65,2.65,0.0,-7.7,4.5,0.0 (cmd 1.2),0.0 (cmd 2.6)
0.44689999999999996,4.56,1.21,0.0,-8.1,2.24,0.0,-8.1,4.6,0.0 (cmd 1.2),0.0 (cmd 2.2)
0.4474,4.6,1.31,0.0,-8.5,1.72,0.0,-8.5,4.6,0.0 (cmd 1.3),0.0 (cmd 1.7)
0.44789999999999996,4.49,1.4,0.0,-9.6,1.26,0.0,-9.6,4.5,0.0 (cmd 1.4),0.0 (cmd 1.3)
0.4484,4.38,1.52,0.0,-10.34,0.71,0.0,-10.3,4.4,0.0 (cmd 1.5),0.0 (cmd 0.7)
0.44889999999999997,4.35,1.54,0.0,-10.85,0.52,0.0,-10.8,4.3,0.0 (cmd 1.5),0.0 (cmd 0.5)
0.44939999999999997,4.35,1.61,0.0,-12.4,0.31,0.0,-12.4,4.3,0.0 (cmd 1.6),0.0 (cmd 0.3)
0.4499,4.34,1.78,0.0,-13.85,-0.31,0.0,-13.8,4.3,0.0 (cmd 1.8),0.0 (cmd -0.3)
0.45039999999999997,4.29,1.79,0.0,-13.96,-0.14,0.0,-14.0,4.3,0.0 (cmd 1.8),0.0 (cmd -0.1)
0.4509,4.21,1.78,0.0,-14.16,0.01,0.0,-14.2,4.2,0.0 (cmd 1.8),0.0 (cmd 0.0)
0.45139999999999997,4.09,1.77,0.0,-14.27,0.1,0.0,-14.3,4.1,0.0 (cmd 1.8),0.0 (cmd 0.1)
0.45189999999999997,3.96,1.75,0.0,-14.38,0.21,0.0,-14.4,4.0,0.0 (cmd 1.8),0.0 (cmd 0.2)
0.4524,3.92,1.75,0.0,-14.42,0.3,0.0,-14.4,3.9,0.0 (cmd 1.8),0.0 (cmd 0.3)
0.45289999999999997,3.9,1.75,0.0,-14.33,0.35,0.0,-14.3,3.9,0.0 (cmd 1.8),0.0 (cmd 0.3)
0.4534,3.85,1.75,0.0,-14.33,0.46,0.0,-14.3,3.9,0.0 (cmd 1.8),0.0 (cmd 0.5)
0.45389999999999997,3.78,1.74,0.0,-14.18,0.54,0.0,-14.2,3.8,0.0 (cmd 1.7),0.0 (cmd 0.5)
0.45439999999999997,3.74,1.71,0.0,-13.85,0.63,0.0,-13.8,3.7,0.0 (cmd 1.7),0.0 (cmd 0.6)
0.4549,3.74,1.7,0.0,-13.79,0.69,0.0,-13.8,3.7,0.0 (cmd 1.7),0.0 (cmd 0.7)
0.45539999999999997,3.74,1.71,0.0,-13.74,0.69,0.0,-13.7,3.7,0.0 (cmd 1.7),0.0 (cmd 0.7)
0.4559,3.71,1.71,0.0,-13.69,0.7,0.0,-13.7,3.7,0.0 (cmd 1.7),0.0 (cmd 0.7)
0.4564,3.68,1.71,0.0,-13.64,0.7,0.0,-13.6,3.7,0.0 (cmd 1.7),0.0 (cmd 0.7)
0.4569,3.64,1.71,0.0,-13.63,0.69,0.0,-13.6,3.6,0.0 (cmd 1.7),0.0 (cmd 0.7)
0.45740000000000003,3.6,1.71,0.0,-13.61,0.69,0.0,-13.6,3.6,0.0 (cmd 1.7),0.0 (cmd 0.7)
0.4579,3.56,1.7,0.0,-13.57,0.68,0.0,-13.6,3.6,0.0 (cmd 1.7),0.0 (cmd 0.7)
0.45840000000000003,3.55,1.7,0.0,-13.65,0.68,0.0,-13.7,3.5,0.0 (cmd 1.7),0.0 (cmd 0.7)
0.4589,3.54,1.71,0.0,-13.71,0.65,0.0,-13.7,3.5,0.0 (cmd 1.7),0.0 (cmd 0.7)
0.4594,3.52,1.73,0.0,-13.74,0.61,0.0,-13.7,3.5,0.0 (cmd 1.7),0.0 (cmd 0.6)
0.45990000000000003,3.41,1.7,0.0,-13.74,0.63,0.0,-13.7,3.4,0.0 (cmd 1.7),0.0 (cmd 0.6)
0.4604,3.3,1.68,0.0,-13.74,0.64,0.0,-13.7,3.3,0.0 (cmd 1.7),0.0 (cmd 0.6)
0.46090000000000003,3.25,1.68,0.0,-13.75,0.64,0.0,-13.8,3.2,0.0 (cmd 1.7),0.0 (cmd 0.6)
0.4614,3.29,1.69,0.0,-13.8,0.63,0.0,-13.8,3.3,0.0 (cmd 1.7),0.0 (cmd 0.6)
0.4619,3.38,1.73,0.0,-13.88,0.6,0.0,-13.9,3.4,0.0 (cmd 1.7),0.0 (cmd 0.6)
0.46240000000000003,3.52,1.76,0.0,-13.99,0.58,0.0,-14.0,3.5,0.0 (cmd 1.8),0.0 (cmd 0.6)
0.4629,3.53,1.79,0.0,-14.07,0.55,0.0,-14.1,3.5,0.0 (cmd 1.8),0.0 (cmd 0.6)
0.46340000000000003,3.52,1.78,0.0,-14.08,0.57,0.0,-14.1,3.5,0.0 (cmd 1.8),0.0 (cmd 0.6)
0.4639,3.52,1.77,0.0,-14.08,0.59,0.0,-14.1,3.5,0.0 (cmd 1.8),0.0 (cmd 0.6)
0.4644,3.54,1.77,0.0,-14.07,0.6,0.0,-14.1,3.5,0.0 (cmd 1.8),0.0 (cmd 0.6)
0.46490000000000004,3.59,1.78,0.0,-14.07,0.61,0.0,-14.1,3.6,0.0 (cmd 1.8),0.0 (cmd 0.6)
0.4654,3.61,1.78,0.0,-14.05,0.62,0.0,-14.1,3.6,0.0 (cmd 1.8),0.0 (cmd 0.6)
0.46590000000000004,3.62,1.78,0.0,-14.06,0.63,0.0,-14.1,3.6,0.0 (cmd 1.8),0.0 (cmd 0.6)
0.4664,3.63,1.78,0.0,-14.06,0.63,0.0,-14.1,3.6,0.0 (cmd 1.8),0.0 (cmd 0.6)
0.4669,3.65,1.78,0.0,-14.07,0.63,0.0,-14.1,3.6,0.0 (cmd 1.8),0.0 (cmd 0.6)
0.46740000000000004,3.65,1.78,0.0,-14.08,0.63,0.0,-14.1,3.6,0.0 (cmd 1.8),0.0 (cmd 0.6)
0.4679,3.65,1.78,0.0,-14.09,0.63,0.0,-14.1,3.6,0.0 (cmd 1.8),0.0 (cmd 0.6)
0.46840000000000004,3.65,1.77,0.0,-14.11,0.63,0.0,-14.1,3.6,0.0 (cmd 1.8),0.0 (cmd 0.6)
0.4689,3.62,1.76,0.0,-14.06,0.63,0.0,-14.1,3.6,0.0 (cmd 1.8),0.0 (cmd 0.6)
0.4694,3.63,1.76,0.0,-13.94,0.66,0.0,-13.9,3.6,0.0 (cmd 1.8),0.0 (cmd 0.7)
0.46990000000000004,3.62,1.75,0.0,-13.89,0.68,0.0,-13.9,3.6,0.0 (cmd 1.8),0.0 (cmd 0.7)
0.4704,3.61,1.75,0.0,-13.88,0.69,0.0,-13.9,3.6,0.0 (cmd 1.8),0.0 (cmd 0.7)
0.47090000000000004,3.61,1.75,0.0,-13.85,0.68,0.0,-13.8,3.6,0.0 (cmd 1.8),0.0 (cmd 0.7)
0.4714,3.59,1.74,0.0,-13.82,0.68,0.0,-13.8,3.6,0.0 (cmd 1.7),0.0 (cmd 0.7)
0.4719,3.58,1.74,0.0,-13.81,0.68,0.0,-13.8,3.6,0.0 (cmd 1.7),0.0 (cmd 0.7)
0.47240000000000004,3.57,1.74,0.0,-13.75,0.68,0.0,-13.8,3.6,0.0 (cmd 1.7),0.0 (cmd 0.7)
0.4729,3.54,1.73,0.0,-13.75,0.68,0.0,-13.8,3.5,0.0 (cmd 1.7),0.0 (cmd 0.7)
0.47340000000000004,3.52,1.73,0.0,-13.76,0.67,0.0,-13.8,3.5,0.0 (cmd 1.7),0.0 (cmd 0.7)
0.4739,3.53,1.73,0.0,-13.8,0.66,0.0,-13.8,3.5,0.0 (cmd 1.7),0.0 (cmd 0.7)
0.4744,3.55,1.74,0.0,-13.81,0.64,0.0,-13.8,3.5,0.0 (cmd 1.7),0.0 (cmd 0.6)
0.47490000000000004,3.56,1.75,0.0,-13.84,0.64,0.0,-13.8,3.6,0.0 (cmd 1.8),0.0 (cmd 0.6)
0.4754,3.56,1.75,0.0,-13.85,0.63,0.0,-13.8,3.6,0.0 (cmd 1.8),0.0 (cmd 0.6)
0.47590000000000005,3.56,1.75,0.0,-13.86,0.63,0.0,-13.9,3.6,0.0 (cmd 1.8),0.0 (cmd 0.6)
0.4764,3.58,1.75,0.0,-13.86,0.63,0.0,-13.9,3.6,0.0 (cmd 1.8),0.0 (cmd 0.6)
0.4769,3.58,1.76,0.0,-13.87,0.63,0.0,-13.9,3.6,0.0 (cmd 1.8),0.0 (cmd 0.6)
0.47740000000000005,3.56,1.75,0.0,-13.89,0.63,0.0,-13.9,3.6,0.0 (cmd 1.8),0.0 (cmd 0.6)
0.4779,3.53,1.75,0.0,-13.93,0.62,0.0,-13.9,3.5,0.0 (cmd 1.8),0.0 (cmd 0.6)
0.47840000000000005,3.49,1.75,0.0,-13.94,0.62,0.0,-13.9,3.5,0.0 (cmd 1.8),0.0 (cmd 0.6)
0.4789,3.48,1.74,0.0,-14.01,0.62,0.0,-14.0,3.5,0.0 (cmd 1.7),0.0 (cmd 0.6)
0.4794,3.46,1.74,0.0,-14.01,0.61,0.0,-14.0,3.5,0.0 (cmd 1.7),0.0 (cmd 0.6)
0.47990000000000005,3.47,1.74,0.0,-14.03,0.62,0.0,-14.0,3.5,0.0 (cmd 1.7),0.0 (cmd 0.6)
0.4804,3.47,1.75,0.0,-14.05,0.62,0.0,-14.1,3.5,0.0 (cmd 1.8),0.0 (cmd 0.6)
0.48090000000000005,3.44,1.75,0.0,-14.06,0.62,0.0,-14.1,3.4,0.0 (cmd 1.8),0.0 (cmd 0.6)
0.4814,3.42,1.74,0.0,-14.06,0.63,0.0,-14.1,3.4,0.0 (cmd 1.7),0.0 (cmd 0.6)
0.4819,3.42,1.74,0.0,-14.05,0.63,0.0,-14.1,3.4,0.0 (cmd 1.7),0.0 (cmd 0.6)
0.48240000000000005,3.42,1.75,0.0,-14.03,0.64,0.0,-14.0,3.4,0.0 (cmd 1.8),0.0 (cmd 0.6)
0.4829,3.43,1.75,0.0,-14.02,0.64,0.0,-14.0,3.4,0.0 (cmd 1.8),0.0 (cmd 0.6)
0.48340000000000005,3.43,1.75,0.0,-14.01,0.65,0.0,-14.0,3.4,0.0 (cmd 1.8),0.0 (cmd 0.7)
0.4839,3.46,1.75,0.0,-14.0,0.65,0.0,-14.0,3.5,0.0 (cmd 1.8),0.0 (cmd 0.7)
0.4844,3.49,1.76,0.0,-14.0,0.65,0.0,-14.0,3.5,0.0 (cmd 1.8),0.0 (cmd 0.7)
0.48490000000000005,3.53,1.76,0.0,-13.99,0.65,0.0,-14.0,3.5,0.0 (cmd 1.8),0.0 (cmd 0.7)
0.4854,3.53,1.77,0.0,-14.0,0.65,0.0,-14.0,3.5,0.0 (cmd 1.8),0.0 (cmd 0.7)
0.48590000000000005,3.58,1.78,0.0,-14.0,0.64,0.0,-14.0,3.6,0.0 (cmd 1.8),0.0 (cmd 0.6)
0.4864,3.59,1.78,0.0,-14.02,0.64,0.0,-14.0,3.6,0.0 (cmd 1.8),0.0 (cmd 0.6)
0.4869,3.58,1.77,0.0,-14.02,0.64,0.0,-14.0,3.6,0.0 (cmd 1.8),0.0 (cmd 0.6)
0.48740000000000006,3.57,1.77,0.0,-14.02,0.64,0.0,-14.0,3.6,0.0 (cmd 1.8),0.0 (cmd 0.6)
0.4879,3.56,1.76,0.0,-13.99,0.64,0.0,-14.0,3.6,0.0 (cmd 1.8),0.0 (cmd 0.6)
0.48840000000000006,3.59,1.76,0.0,-13.97,0.65,0.0,-14.0,3.6,0.0 (cmd 1.8),0.0 (cmd 0.7)
0.4889,3.63,1.77,0.0,-13.99,0.65,0.0,-14.0,3.6,0.0 (cmd 1.8),0.0 (cmd 0.7)
0.4894,3.61,1.77,0.0,-13.99,0.64,0.0,-14.0,3.6,0.0 (cmd 1.8),0.0 (cmd 0.6)
0.48990000000000006,3.54,1.75,0.0,-14.01,0.65,0.0,-14.0,3.5,0.0 (cmd 1.8),0.0 (cmd 0.7)
0.4904,3.52,1.75,0.0,-14.06,0.64,0.0,-14.1,3.5,0.0 (cmd 1.8),0.0 (cmd 0.6)
0.49090000000000006,3.57,1.76,0.0,-14.07,0.63,0.0,-14.1,3.6,0.0 (cmd 1.8),0.0 (cmd 0.6)
0.4914,3.6,1.77,0.0,-14.13,0.62,0.0,-14.1,3.6,0.0 (cmd 1.8),0.0 (cmd 0.6)
0.4919,3.58,1.77,0.0,-14.12,0.62,0.0,-14.1,3.6,0.0 (cmd 1.8),0.0 (cmd 0.6)
0.49240000000000006,3.57,1.76,0.0,-14.11,0.63,0.0,-14.1,3.6,0.0 (cmd 1.8),0.0 (cmd 0.6)
0.4929,3.58,1.76,0.0,-14.08,0.64,0.0,-14.1,3.6,0.0 (cmd 1.8),0.0 (cmd 0.6)
0.49340000000000006,3.58,1.76,0.0,-14.06,0.65,0.0,-14.1,3.6,0.0 (cmd 1.8),0.0 (cmd 0.7)
0.49389999999999995,3.58,1.76,0.0,-14.02,0.65,0.0,-14.0,3.6,0.0 (cmd 1.8),0.0 (cmd 0.7)
0.49439999999999995,3.55,1.75,0.0,-13.96,0.68,0.0,-14.0,3.5,0.0 (cmd 1.8),0.0 (cmd 0.7)
0.4949,3.54,1.74,0.0,-13.97,0.68,0.0,-14.0,3.5,0.0 (cmd 1.7),0.0 (cmd 0.7)
0.49539999999999995,3.54,1.75,0.0,-13.99,0.66,0.0,-14.0,3.5,0.0 (cmd 1.8),0.0 (cmd 0.7)
0.4959,3.54,1.75,0.0,-14.01,0.65,0.0,-14.0,3.5,0.0 (cmd 1.8),0.0 (cmd 0.7)
0.49639999999999995,3.54,1.75,0.0,-14.0,0.65,0.0,-14.0,3.5,0.0 (cmd 1.8),0.0 (cmd 0.7)
0.49689999999999995,3.54,1.75,0.0,-13.97,0.67,0.0,-14.0,3.5,0.0 (cmd 1.8),0.0 (cmd 0.7)
0.4974,3.53,1.75,0.0,-14.03,0.65,0.0,-14.0,3.5,0.0 (cmd 1.8),0.0 (cmd 0.7)
0.49789999999999995,3.51,1.75,0.0,-14.16,0.62,0.0,-14.2,3.5,0.0 (cmd 1.8),0.0 (cmd 0.6)
0.4984,3.5,1.75,0.0,-14.02,0.64,0.0,-14.0,3.5,0.0 (cmd 1.8),0.0 (cmd 0.6)
0.49889999999999995,3.49,1.75,0.0,-14.0,0.65,0.0,-14.0,3.5,0.0 (cmd 1.8),0.0 (cmd 0.7)
0.49939999999999996,3.46,1.74,0.0,-14.0,0.65,0.0,-14.0,3.5,0.0 (cmd 1.7),0.0 (cmd 0.7)
0.4999,3.43,1.74,0.0,-14.11,0.65,0.0,-14.1,3.4,0.0 (cmd 1.7),0.0 (cmd 0.7)
0.5004,3.38,1.74,0.0,-14.12,0.62,0.0,-14.1,3.4,0.0 (cmd 1.7),0.0 (cmd 0.6)
0.5009,3.32,1.73,0.0,-14.12,0.63,0.0,-14.1,3.3,0.0 (cmd 1.7),0.0 (cmd 0.6)
0.5014,3.31,1.72,0.0,-14.08,0.64,0.0,-14.1,3.3,0.0 (cmd 1.7),0.0 (cmd 0.6)
0.5019,3.3,1.73,0.0,-14.07,0.65,0.0,-14.1,3.3,0.0 (cmd 1.7),0.0 (cmd 0.7)
0.5024000000000001,3.3,1.73,0.0,-14.07,0.65,0.0,-14.1,3.3,0.0 (cmd 1.7),0.0 (cmd 0.7)
0.5029,3.28,1.73,0.0,-14.09,0.65,0.0,-14.1,3.3,0.0 (cmd 1.7),0.0 (cmd 0.7)
0.5034000000000001,3.26,1.73,0.0,-14.13,0.64,0.0,-14.1,3.3,0.0 (cmd 1.7),0.0 (cmd 0.6)
0.5039,3.24,1.73,0.0,-14.13,0.64,0.0,-14.1,3.2,0.0 (cmd 1.7),0.0 (cmd 0.6)
0.5044,3.23,1.73,0.0,-14.14,0.64,0.0,-14.1,3.2,0.0 (cmd 1.7),0.0 (cmd 0.6)
0.5049,3.2,1.73,0.0,-14.13,0.64,0.0,-14.1,3.2,0.0 (cmd 1.7),0.0 (cmd 0.6)
0.5054,3.1,1.72,0.0,-14.13,0.65,0.0,-14.1,3.1,0.0 (cmd 1.7),0.0 (cmd 0.7)
0.5059,3.07,1.71,0.0,-14.14,0.65,0.0,-14.1,3.1,0.0 (cmd 1.7),0.0 (cmd 0.7)
0.5064,3.06,1.71,0.0,-14.18,0.65,0.0,-14.2,3.1,0.0 (cmd 1.7),0.0 (cmd 0.7)
0.5069,3.03,1.72,0.0,-14.18,0.64,0.0,-14.2,3.0,0.0 (cmd 1.7),0.0 (cmd 0.6)
0.5074000000000001,2.97,1.72,0.0,-14.24,0.64,0.0,-14.2,3.0,0.0 (cmd 1.7),0.0 (cmd 0.6)
0.5079,2.98,1.72,0.0,-14.38,0.62,0.0,-14.4,3.0,0.0 (cmd 1.7),0.0 (cmd 0.6)
0.5084000000000001,3.0,1.74,0.0,-14.4,0.6,0.0,-14.4,3.0,0.0 (cmd 1.7),0.0 (cmd 0.6)
0.5089,3.0,1.74,0.0,-14.41,0.6,0.0,-14.4,3.0,0.0 (cmd 1.7),0.0 (cmd 0.6)
0.5094,2.99,1.75,0.0,-14.44,0.61,0.0,-14.4,3.0,0.0 (cmd 1.8),0.0 (cmd 0.6)
0.5099,2.94,1.74,0.0,-14.42,0.62,0.0,-14.4,2.9,0.0 (cmd 1.7),0.0 (cmd 0.6)
0.5104,2.95,1.74,0.0,-14.41,0.63,0.0,-14.4,3.0,0.0 (cmd 1.7),0.0 (cmd 0.6)
0.5109,3.01,1.75,0.0,-14.4,0.64,0.0,-14.4,3.0,0.0 (cmd 1.8),0.0 (cmd 0.6)
0.5114,3.03,1.76,0.0,-14.42,0.64,0.0,-14.4,3.0,0.0 (cmd 1.8),0.0 (cmd 0.6)
0.5119,3.01,1.76,0.0,-14.47,0.64,0.0,-14.5,3.0,0.0 (cmd 1.8),0.0 (cmd 0.6)
0.5124,2.99,1.76,0.0,-14.5,0.63,0.0,-14.5,3.0,0.0 (cmd 1.8),0.0 (cmd 0.6)
0.5129,2.99,1.76,0.0,-14.48,0.63,0.0,-14.5,3.0,0.0 (cmd 1.8),0.0 (cmd 0.6)
0.5134000000000001,3.0,1.76,0.0,-14.42,0.65,0.0,-14.4,3.0,0.0 (cmd 1.8),0.0 (cmd 0.7)
0.5139,3.0,1.75,0.0,-14.4,0.66,0.0,-14.4,3.0,0.0 (cmd 1.8),0.0 (cmd 0.7)
0.5144,2.99,1.75,0.0,-14.48,0.66,0.0,-14.5,3.0,0.0 (cmd 1.8),0.0 (cmd 0.7)
0.5149,2.95,1.75,0.0,-14.18,0.66,0.0,-14.2,3.0,0.0 (cmd 1.8),0.0 (cmd 0.7)
0.5154,2.92,1.72,0.0,-14.06,0.75,0.0,-14.1,2.9,0.0 (cmd 1.7),0.0 (cmd 0.8)
0.5159000000000001,2.89,1.72,0.0,-14.19,0.71,0.0,-14.2,2.9,0.0 (cmd 1.7),0.0 (cmd 0.7)
0.5164,2.82,1.71,0.0,-14.25,0.67,0.0,-14.2,2.8,0.0 (cmd 1.7),0.0 (cmd 0.7)
0.5169,2.81,1.71,0.0,-14.4,0.66,0.0,-14.4,2.8,0.0 (cmd 1.7),0.0 (cmd 0.7)
0.5174,2.79,1.73,0.0,-14.42,0.61,0.0,-14.4,2.8,0.0 (cmd 1.7),0.0 (cmd 0.6)
0.5179,2.8,1.73,0.0,-14.41,0.63,0.0,-14.4,2.8,0.0 (cmd 1.7),0.0 (cmd 0.6)
0.5184000000000001,2.84,1.74,0.0,-14.44,0.63,0.0,-14.4,2.8,0.0 (cmd 1.7),0.0 (cmd 0.6)
0.5189,2.84,1.75,0.0,-14.44,0.63,0.0,-14.4,2.8,0.0 (cmd 1.8),0.0 (cmd 0.6)
0.5194,2.83,1.75,0.0,-14.44,0.64,0.0,-14.4,2.8,0.0 (cmd 1.8),0.0 (cmd 0.6)
0.5199,2.82,1.74,0.0,-14.37,0.65,0.0,-14.4,2.8,0.0 (cmd 1.7),0.0 (cmd 0.7)
0.5204,2.85,1.74,0.0,-14.34,0.66,0.0,-14.3,2.9,0.0 (cmd 1.7),0.0 (cmd 0.7)
0.5209000000000001,2.95,1.75,0.0,-14.31,0.67,0.0,-14.3,3.0,0.0 (cmd 1.8),0.0 (cmd 0.7)
0.5214,3.16,1.81,0.0,-14.31,0.65,0.0,-14.3,3.2,0.0 (cmd 1.8),0.0 (cmd 0.7)
0.5219,3.18,1.81,0.0,-14.31,0.65,0.0,-14.3,3.2,0.0 (cmd 1.8),0.0 (cmd 0.7)
0.5224,3.24,1.81,0.0,-14.32,0.65,0.0,-14.3,3.2,0.0 (cmd 1.8),0.0 (cmd 0.7)
0.5229,3.3,1.82,0.0,-14.32,0.64,0.0,-14.3,3.3,0.0 (cmd 1.8),0.0 (cmd 0.6)
0.5234000000000001,3.19,1.8,0.0,-14.31,0.65,0.0,-14.3,3.2,0.0 (cmd 1.8),0.0 (cmd 0.7)
0.5239,3.13,1.76,0.0,-14.3,0.66,0.0,-14.3,3.1,0.0 (cmd 1.8),0.0 (cmd 0.7)
0.5244,3.11,1.76,0.0,-14.35,0.65,0.0,-14.3,3.1,0.0 (cmd 1.8),0.0 (cmd 0.7)
0.5248999999999999,3.15,1.77,0.0,-14.94,0.59,0.0,-14.9,3.1,0.0 (cmd 1.8),0.0 (cmd 0.6)
0.5254,3.17,1.81,0.0,-15.22,0.47,0.0,-15.2,3.2,0.0 (cmd 1.8),0.0 (cmd 0.5)
0.5259000000000001,3.18,1.83,0.0,-15.29,0.47,0.0,-15.3,3.2,0.0 (cmd 1.8),0.0 (cmd 0.5)
0.5264,3.19,1.83,0.0,-15.35,0.5,0.0,-15.3,3.2,0.0 (cmd 1.8),0.0 (cmd 0.5)
0.5268999999999999,3.24,1.83,0.0,-15.19,0.52,0.0,-15.2,3.2,0.0 (cmd 1.8),0.0 (cmd 0.5)
0.5274,3.28,1.81,0.0,-14.7,0.66,0.0,-14.7,3.3,0.0 (cmd 1.8),0.0 (cmd 0.7)
0.5278999999999999,3.33,1.8,0.0,-14.48,0.77,0.0,-14.5,3.3,0.0 (cmd 1.8),0.0 (cmd 0.8)
0.5284000000000001,3.39,1.79,0.0,-14.24,0.81,0.0,-14.2,3.4,0.0 (cmd 1.8),0.0 (cmd 0.8)
0.5288999999999999,3.13,1.77,0.0,-14.12,0.84,0.0,-14.1,3.1,0.0 (cmd 1.8),0.0 (cmd 0.8)
0.5294,2.74,1.64,0.0,-12.62,0.86,0.0,-12.6,2.7,0.0 (cmd 1.6),0.0 (cmd 0.9)
0.5298999999999999,1.98,1.45,0.0,-11.04,1.2,0.0,-11.0,2.0,0.0 (cmd 1.4),0.0 (cmd 1.2)
0.5304,1.4,1.16,0.0,-9.17,1.59,0.0,-9.2,1.4,0.0 (cmd 1.2),0.0 (cmd 1.6)
0.5309,0.62,0.89,0.0,-7.59,2.17,0.0,-7.6,0.6,0.0 (cmd 0.9),0.0 (cmd 2.2)
0.5314,0.11,0.72,0.0,-5.29,2.05,0.0,-5.3,0.1,0.0 (cmd 0.7),0.0 (cmd 2.0)
0.5318999999999999,-0.32,0.53,0.0,-4.8,2.24,0.0,-4.8,-0.3,0.0 (cmd 0.5),0.0 (cmd 2.2)
0.5324,-2.0,0.41,0.0,-3.69,1.99,0.0,-3.7,-2.0,0.0 (cmd 0.4),0.0 (cmd 2.0)
0.5328999999999999,-6.15,-0.08,0.0,-3.18,2.01,0.0,-3.2,-6.2,0.0 (cmd -0.1),0.0 (cmd 2.0)
0.5334000000000001,-10.31,-0.84,0.0,-1.33,2.31,0.0,-1.3,-10.3,0.0 (cmd -0.8),0.0 (cmd 2.3)
0.5338999999999999,-11.34,-1.91,0.0,-0.28,2.38,0.0,-0.3,-11.3,0.0 (cmd -1.9),0.0 (cmd 2.4)
0.5344,-13.59,-1.69,0.0,-0.27,1.94,0.0,-0.3,-13.6,0.0 (cmd -1.7),0.0 (cmd 1.9)
0.5348999999999999,-13.44,-1.57,0.0,0.02,1.6,0.0,0.0,-13.4,0.0 (cmd -1.6),0.0 (cmd 1.6)
0.5354,-12.06,-0.79,0.0,0.01,1.31,0.0,0.0,-12.1,0.0 (cmd -0.8),0.0 (cmd 1.3)
0.5359,-9.56,-0.16,0.0,0.29,0.98,0.0,0.3,-9.6,0.0 (cmd -0.2),0.0 (cmd 1.0)
0.5364,-6.8,0.56,0.0,0.41,0.79,0.0,0.4,-6.8,0.0 (cmd 0.6),0.0 (cmd 0.8)
0.5368999999999999,-5.67,1.55,0.0,0.51,0.55,0.0,0.5,-5.7,0.0 (cmd 1.6),0.0 (cmd 0.6)
0.5374,-5.74,1.39,0.0,0.48,0.47,0.0,0.5,-5.7,0.0 (cmd 1.4),0.0 (cmd 0.5)
0.5378999999999999,-5.0,1.37,0.0,0.45,0.35,0.0,0.5,-5.0,0.0 (cmd 1.4),0.0 (cmd 0.3)
0.5384000000000001,-4.67,1.37,0.0,0.47,0.29,0.0,0.5,-4.7,0.0 (cmd 1.4),0.0 (cmd 0.3)
0.5388999999999999,-5.28,1.22,0.0,0.52,0.26,0.0,0.5,-5.3,0.0 (cmd 1.2),0.0 (cmd 0.3)
0.5394,-6.64,0.84,0.0,0.52,0.29,0.0,0.5,-6.6,0.0 (cmd 0.8),0.0 (cmd 0.3)
0.5398999999999999,-7.5,0.57,0.0,0.56,0.29,0.0,0.6,-7.5,0.0 (cmd 0.6),0.0 (cmd 0.3)
0.5404,-8.18,0.29,0.0,0.56,0.32,0.0,0.6,-8.2,0.0 (cmd 0.3),0.0 (cmd 0.3)
0.5409,-9.32,0.11,0.0,0.55,0.33,0.0,0.6,-9.3,0.0 (cmd 0.1),0.0 (cmd 0.3)
0.5414,-9.9,0.07,0.0,0.55,0.31,0.0,0.6,-9.9,0.0 (cmd 0.1),0.0 (cmd 0.3)
0.5418999999999999,-9.87,0.15,0.0,0.48,0.27,0.0,0.5,-9.9,0.0 (cmd 0.1),0.0 (cmd 0.3)
0.5424,-9.6,0.32,0.0,0.54,0.24,0.0,0.5,-9.6,0.0 (cmd 0.3),0.0 (cmd 0.2)
0.5428999999999999,-9.6,0.45,0.0,0.55,0.23,0.0,0.6,-9.6,0.0 (cmd 0.5),0.0 (cmd 0.2)
0.5434000000000001,-10.11,0.43,0.0,0.63,0.23,0.0,0.6,-10.1,0.0 (cmd 0.4),0.0 (cmd 0.2)
0.5438999999999999,-10.8,0.3,0.0,0.66,0.27,0.0,0.7,-10.8,0.0 (cmd 0.3),0.0 (cmd 0.3)
0.5444,-11.45,0.14,0.0,0.66,0.29,0.0,0.7,-11.4,0.0 (cmd 0.1),0.0 (cmd 0.3)
0.5448999999999999,-11.13,0.23,0.0,0.62,0.26,0.0,0.6,-11.1,0.0 (cmd 0.2),0.0 (cmd 0.3)
0.5454,-10.74,0.45,0.0,0.51,0.19,0.0,0.5,-10.7,0.0 (cmd 0.5),0.0 (cmd 0.2)
0.5459,-9.7,0.68,0.0,0.37,0.15,0.0,0.4,-9.7,0.0 (cmd 0.7),0.0 (cmd 0.1)
0.5464,-8.79,1.04,0.0,0.44,0.07,0.0,0.4,-8.8,0.0 (cmd 1.0),0.0 (cmd 0.1)
0.5468999999999999,-6.03,1.14,0.0,0.38,0.07,0.0,0.4,-6.0,0.0 (cmd 1.1),0.0 (cmd 0.1)
0.5474,-4.63,1.81,0.0,0.13,-0.03,0.0,0.1,-4.6,0.0 (cmd 1.8),0.0 (cmd -0.0)
0.5478999999999999,-2.95,2.15,0.0,-1.2,-0.26,0.0,-1.2,-3.0,0.0 (cmd 2.1),0.0 (cmd -0.3)
0.5484000000000001,0.53,2.5,0.0,-4.47,-1.23,0.0,-4.5,0.5,0.0 (cmd 2.5),0.0 (cmd -1.2)
0.5488999999999999,0.95,2.78,0.0,-5.87,-1.54,0.0,-5.9,0.9,0.0 (cmd 2.8),0.0 (cmd -1.5)
0.5494,1.9,2.7,0.0,-7.04,-1.77,0.0,-7.0,1.9,0.0 (cmd 2.7),0.0 (cmd -1.8)
0.5498999999999999,2.56,2.78,0.0,-10.54,-1.92,0.0,-10.5,2.6,0.0 (cmd 2.8),0.0 (cmd -1.9)
0.5504,3.79,2.78,0.0,-11.93,-1.96,0.0,-11.9,3.8,0.0 (cmd 2.8),0.0 (cmd -2.0)
0.5509000000000001,6.02,2.77,0.0,-13.67,-2.48,0.0,-13.7,6.0,0.0 (cmd 2.8),0.0 (cmd -2.5)
0.5514,7.28,3.35,0.0,-15.75,-2.28,0.0,-15.8,7.3,0.0 (cmd 3.4),0.0 (cmd -2.3)
0.5519,6.81,3.14,0.0,-17.03,-2.08,0.0,-17.0,6.8,0.0 (cmd 3.1),0.0 (cmd -2.1)
0.5524,6.48,2.81,0.0,-17.15,-1.71,0.0,-17.1,6.5,0.0 (cmd 2.8),0.0 (cmd -1.7)
0.5529,6.37,2.61,0.0,-16.84,-0.99,0.0,-16.8,6.4,0.0 (cmd 2.6),0.0 (cmd -1.0)
0.5534000000000001,6.25,2.45,0.0,-16.26,-0.42,0.0,-16.3,6.2,0.0 (cmd 2.5),0.0 (cmd -0.4)
0.5539,6.05,2.29,0.0,-16.09,-0.04,0.0,-16.1,6.0,0.0 (cmd 2.3),0.0 (cmd -0.0)
0.5544,5.98,2.16,0.0,-16.01,0.17,0.0,-16.0,6.0,0.0 (cmd 2.2),0.0 (cmd 0.2)
0.5549,5.87,2.08,0.0,-15.79,0.37,0.0,-15.8,5.9,0.0 (cmd 2.1),0.0 (cmd 0.4)
0.5554,5.73,2.02,0.0,-15.69,0.48,0.0,-15.7,5.7,0.0 (cmd 2.0),0.0 (cmd 0.5)
0.5559000000000001,5.66,1.95,0.0,-14.91,0.62,0.0,-14.9,5.7,0.0 (cmd 1.9),0.0 (cmd 0.6)
0.5564,5.88,1.88,0.0,-14.58,0.84,0.0,-14.6,5.9,0.0 (cmd 1.9),0.0 (cmd 0.8)
0.5569,6.0,1.92,0.0,-14.31,0.88,0.0,-14.3,6.0,0.0 (cmd 1.9),0.0 (cmd 0.9)
0.5574,6.05,1.92,0.0,-14.4,0.85,0.0,-14.4,6.0,0.0 (cmd 1.9),0.0 (cmd 0.8)
0.5579,6.04,1.93,0.0,-14.6,0.76,0.0,-14.6,6.0,0.0 (cmd 1.9),0.0 (cmd 0.8)
0.5584000000000001,6.04,1.93,0.0,-14.67,0.69,0.0,-14.7,6.0,0.0 (cmd 1.9),0.0 (cmd 0.7)
0.5589,6.07,1.92,0.0,-14.9,0.69,0.0,-14.9,6.1,0.0 (cmd 1.9),0.0 (cmd 0.7)
0.5594,6.07,1.95,0.0,-15.14,0.57,0.0,-15.1,6.1,0.0 (cmd 1.9),0.0 (cmd 0.6)
0.5599,6.04,1.94,0.0,-15.26,0.56,0.0,-15.3,6.0,0.0 (cmd 1.9),0.0 (cmd 0.6)
0.5604,5.94,1.91,0.0,-15.37,0.58,0.0,-15.4,5.9,0.0 (cmd 1.9),0.0 (cmd 0.6)
0.5609000000000001,6.02,1.92,0.0,-15.54,0.57,0.0,-15.5,6.0,0.0 (cmd 1.9),0.0 (cmd 0.6)
0.5614,5.9,1.94,0.0,-15.79,0.54,0.0,-15.8,5.9,0.0 (cmd 1.9),0.0 (cmd 0.5)
0.5619,5.88,1.93,0.0,-15.79,0.54,0.0,-15.8,5.9,0.0 (cmd 1.9),0.0 (cmd 0.5)
0.5624,5.84,1.93,0.0,-15.76,0.58,0.0,-15.8,5.8,0.0 (cmd 1.9),0.0 (cmd 0.6)
0.5629,5.74,1.9,0.0,-15.74,0.63,0.0,-15.7,5.7,0.0 (cmd 1.9),0.0 (cmd 0.6)
0.5634000000000001,5.64,1.88,0.0,-15.73,0.66,0.0,-15.7,5.6,0.0 (cmd 1.9),0.0 (cmd 0.7)
0.5639,5.65,1.88,0.0,-15.73,0.67,0.0,-15.7,5.7,0.0 (cmd 1.9),0.0 (cmd 0.7)
0.5644,5.95,1.9,0.0,-15.78,0.67,0.0,-15.8,6.0,0.0 (cmd 1.9),0.0 (cmd 0.7)
0.5649,5.97,1.97,0.0,-15.76,0.66,0.0,-15.8,6.0,0.0 (cmd 2.0),0.0 (cmd 0.7)
0.5654,5.94,1.96,0.0,-15.23,0.69,0.0,-15.2,5.9,0.0 (cmd 2.0),0.0 (cmd 0.7)
0.5659000000000001,5.93,1.87,0.0,-14.47,1.02,0.0,-14.5,5.9,0.0 (cmd 1.9),0.0 (cmd 1.0)
0.5664,5.94,1.84,0.0,-14.23,1.05,0.0,-14.2,5.9,0.0 (cmd 1.8),0.0 (cmd 1.1)
0.5669,5.92,1.83,0.0,-14.02,1.02,0.0,-14.0,5.9,0.0 (cmd 1.8),0.0 (cmd 1.0)
0.5674,5.88,1.83,0.0,-14.13,0.95,0.0,-14.1,5.9,0.0 (cmd 1.8),0.0 (cmd 0.9)
0.5679,5.76,1.83,0.0,-14.24,0.85,0.0,-14.2,5.8,0.0 (cmd 1.8),0.0 (cmd 0.8)
0.5684000000000001,5.68,1.8,0.0,-14.57,0.79,0.0,-14.6,5.7,0.0 (cmd 1.8),0.0 (cmd 0.8)
0.5689,5.58,1.82,0.0,-14.78,0.68,0.0,-14.8,5.6,0.0 (cmd 1.8),0.0 (cmd 0.7)
0.5694,5.45,1.82,0.0,-14.86,0.62,0.0,-14.9,5.5,0.0 (cmd 1.8),0.0 (cmd 0.6)
0.5699,5.35,1.8,0.0,-14.96,0.6,0.0,-15.0,5.3,0.0 (cmd 1.8),0.0 (cmd 0.6)
0.5704,5.23,1.78,0.0,-15.05,0.62,0.0,-15.1,5.2,0.0 (cmd 1.8),0.0 (cmd 0.6)
0.5709000000000001,5.09,1.78,0.0,-15.12,0.62,0.0,-15.1,5.1,0.0 (cmd 1.8),0.0 (cmd 0.6)
0.5714,5.04,1.78,0.0,-15.13,0.62,0.0,-15.1,5.0,0.0 (cmd 1.8),0.0 (cmd 0.6)
0.5719,5.06,1.81,0.0,-15.14,0.64,0.0,-15.1,5.1,0.0 (cmd 1.8),0.0 (cmd 0.6)
0.5724,5.12,1.83,0.0,-15.17,0.64,0.0,-15.2,5.1,0.0 (cmd 1.8),0.0 (cmd 0.6)
0.5729,5.17,1.86,0.0,-15.14,0.64,0.0,-15.1,5.2,0.0 (cmd 1.9),0.0 (cmd 0.6)
0.5734000000000001,5.1,1.86,0.0,-15.14,0.66,0.0,-15.1,5.1,0.0 (cmd 1.9),0.0 (cmd 0.7)
0.5739,5.05,1.84,0.0,-15.1,0.68,0.0,-15.1,5.0,0.0 (cmd 1.8),0.0 (cmd 0.7)
0.5744,5.02,1.84,0.0,-15.01,0.69,0.0,-15.0,5.0,0.0 (cmd 1.8),0.0 (cmd 0.7)
0.5749,5.03,1.83,0.0,-15.0,0.72,0.0,-15.0,5.0,0.0 (cmd 1.8),0.0 (cmd 0.7)
0.5754,5.11,1.85,0.0,-15.0,0.71,0.0,-15.0,5.1,0.0 (cmd 1.9),0.0 (cmd 0.7)
0.5759000000000001,5.13,1.87,0.0,-15.0,0.7,0.0,-15.0,5.1,0.0 (cmd 1.9),0.0 (cmd 0.7)
0.5764,5.13,1.87,0.0,-14.92,0.71,0.0,-14.9,5.1,0.0 (cmd 1.9),0.0 (cmd 0.7)
0.5769,5.09,1.86,0.0,-14.92,0.71,0.0,-14.9,5.1,0.0 (cmd 1.9),0.0 (cmd 0.7)
0.5774,5.01,1.85,0.0,-14.93,0.71,0.0,-14.9,5.0,0.0 (cmd 1.9),0.0 (cmd 0.7)
0.5779,4.87,1.81,0.0,-14.95,0.7,0.0,-14.9,4.9,0.0 (cmd 1.8),0.0 (cmd 0.7)
0.5784000000000001,4.8,1.8,0.0,-14.94,0.71,0.0,-14.9,4.8,0.0 (cmd 1.8),0.0 (cmd 0.7)
0.5789,4.78,1.8,0.0,-14.86,0.72,0.0,-14.9,4.8,0.0 (cmd 1.8),0.0 (cmd 0.7)
0.5794,4.86,1.8,0.0,-14.52,0.75,0.0,-14.5,4.9,0.0 (cmd 1.8),0.0 (cmd 0.8)
0.5799,4.89,1.81,0.0,-14.44,0.79,0.0,-14.4,4.9,0.0 (cmd 1.8),0.0 (cmd 0.8)
0.5804,4.87,1.81,0.0,-14.31,0.8,0.0,-14.3,4.9,0.0 (cmd 1.8),0.0 (cmd 0.8)
0.5809000000000001,4.95,1.8,0.0,-13.71,0.84,0.0,-13.7,5.0,0.0 (cmd 1.8),0.0 (cmd 0.8)
0.5814,5.02,1.78,0.0,-13.63,0.93,0.0,-13.6,5.0,0.0 (cmd 1.8),0.0 (cmd 0.9)
0.5819,5.12,1.76,0.0,-12.83,1.05,0.0,-12.8,5.1,0.0 (cmd 1.8),0.0 (cmd 1.1)
0.5824,5.15,1.76,0.0,-12.63,1.04,0.0,-12.6,5.2,0.0 (cmd 1.8),0.0 (cmd 1.0)
0.5829,5.2,1.76,0.0,-12.48,0.98,0.0,-12.5,5.2,0.0 (cmd 1.8),0.0 (cmd 1.0)
0.5834000000000001,5.18,1.76,0.0,-12.5,0.92,0.0,-12.5,5.2,0.0 (cmd 1.8),0.0 (cmd 0.9)
0.5839,5.05,1.75,0.0,-12.72,0.78,0.0,-12.7,5.0,0.0 (cmd 1.8),0.0 (cmd 0.8)
0.5844,4.97,1.73,0.0,-13.27,0.68,0.0,-13.3,5.0,0.0 (cmd 1.7),0.0 (cmd 0.7)
0.5849,4.93,1.76,0.0,-13.68,0.54,0.0,-13.7,4.9,0.0 (cmd 1.8),0.0 (cmd 0.5)
0.5854,4.8,1.77,0.0,-13.9,0.48,0.0,-13.9,4.8,0.0 (cmd 1.8),0.0 (cmd 0.5)
0.5859000000000001,4.67,1.76,0.0,-13.99,0.46,0.0,-14.0,4.7,0.0 (cmd 1.8),0.0 (cmd 0.5)
0.5864,4.45,1.73,0.0,-14.06,0.49,0.0,-14.1,4.5,0.0 (cmd 1.7),0.0 (cmd 0.5)
0.5869,4.06,1.69,0.0,-14.0,0.53,0.0,-14.0,4.1,0.0 (cmd 1.7),0.0 (cmd 0.5)
0.5873999999999999,3.95,1.62,0.0,-13.97,0.59,0.0,-14.0,4.0,0.0 (cmd 1.6),0.0 (cmd 0.6)
0.5879,3.98,1.63,0.0,-13.9,0.63,0.0,-13.9,4.0,0.0 (cmd 1.6),0.0 (cmd 0.6)
0.5884000000000001,4.16,1.69,0.0,-12.7,0.68,0.0,-12.7,4.2,0.0 (cmd 1.7),0.0 (cmd 0.7)
0.5889,4.49,1.6,0.0,-11.22,1.22,0.0,-11.2,4.5,0.0 (cmd 1.6),0.0 (cmd 1.2)
0.5893999999999999,4.74,1.57,0.0,-9.49,1.53,0.0,-9.5,4.7,0.0 (cmd 1.6),0.0 (cmd 1.5)
0.5899,4.79,1.52,0.0,-7.66,1.66,0.0,-7.7,4.8,0.0 (cmd 1.5),0.0 (cmd 1.7)
0.5903999999999999,4.53,1.38,0.0,-6.35,1.9,0.0,-6.3,4.5,0.0 (cmd 1.4),0.0 (cmd 1.9)
0.5909000000000001,3.37,1.12,0.0,-5.4,1.85,0.0,-5.4,3.4,0.0 (cmd 1.1),0.0 (cmd 1.9)
0.5913999999999999,2.76,0.77,0.0,-3.04,2.18,0.0,-3.0,2.8,0.0 (cmd 0.8),0.0 (cmd 2.2)
0.5919,0.89,0.44,0.0,-0.41,2.41,0.0,-0.4,0.9,0.0 (cmd 0.4),0.0 (cmd 2.4)
0.5923999999999999,-1.1,-0.17,0.0,0.72,2.47,0.0,0.7,-1.1,0.0 (cmd -0.2),0.0 (cmd 2.5)
0.5929,-4.11,-0.81,0.0,2.2,2.61,0.0,2.2,-4.1,0.0 (cmd -0.8),0.0 (cmd 2.6)
0.5934,-8.62,-1.97,0.0,3.22,2.48,0.0,3.2,-8.6,0.0 (cmd -2.0),0.0 (cmd 2.5)
0.5939,-10.51,-2.14,0.0,3.98,2.24,0.0,4.0,-10.5,0.0 (cmd -2.1),0.0 (cmd 2.2)
0.5943999999999999,-12.28,-2.05,0.0,4.09,2.05,0.0,4.1,-12.3,0.0 (cmd -2.0),0.0 (cmd 2.0)
0.5949,-13.65,-1.92,0.0,4.08,1.68,0.0,4.1,-13.7,0.0 (cmd -1.9),0.0 (cmd 1.7)
0.5953999999999999,-14.61,-1.68,0.0,4.25,1.37,0.0,4.2,-14.6,0.0 (cmd -1.7),0.0 (cmd 1.4)
0.5959000000000001,-14.6,-1.37,0.0,4.82,1.26,0.0,4.8,-14.6,0.0 (cmd -1.4),0.0 (cmd 1.3)
0.5963999999999999,-13.92,-0.86,0.0,5.39,1.12,0.0,5.4,-13.9,0.0 (cmd -0.9),0.0 (cmd 1.1)
0.5969,-12.68,-0.24,0.0,5.63,1.03,0.0,5.6,-12.7,0.0 (cmd -0.2),0.0 (cmd 1.0)
0.5973999999999999,-11.06,0.2,0.0,6.13,0.89,0.0,6.1,-11.1,0.0 (cmd 0.2),0.0 (cmd 0.9)
0.5979,-10.17,0.71,0.0,6.4,0.85,0.0,6.4,-10.2,0.0 (cmd 0.7),0.0 (cmd 0.8)
0.5984,-8.31,1.24,0.0,7.79,0.89,0.0,7.8,-8.3,0.0 (cmd 1.2),0.0 (cmd 0.9)
0.5989,-5.95,1.55,0.0,8.18,0.95,0.0,8.2,-6.0,0.0 (cmd 1.6),0.0 (cmd 0.9)
0.5993999999999999,-4.44,1.78,0.0,8.99,0.96,0.0,9.0,-4.4,0.0 (cmd 1.8),0.0 (cmd 1.0)
0.5999,-3.26,1.98,0.0,8.94,0.87,0.0,8.9,-3.3,0.0 (cmd 2.0),0.0 (cmd 0.9)
0.6003999999999999,-2.57,1.81,0.0,4.59,0.58,0.0,4.6,-2.6,0.0 (cmd 1.8),0.0 (cmd 0.6)
0.6009000000000001,-1.0,1.93,0.0,-1.38,-0.87,0.0,-1.4,-1.0,0.0 (cmd 1.9),0.0 (cmd -0.9)
0.6013999999999999,1.9,2.53,0.0,-6.36,-2.6,0.0,-6.4,1.9,0.0 (cmd 2.5),0.0 (cmd -2.6)
0.6019,3.25,2.75,0.0,-11.39,-3.37,0.0,-11.4,3.2,0.0 (cmd 2.8),0.0 (cmd -3.4)
0.6023999999999999,3.65,2.52,0.0,-16.17,-5.05,0.0,-16.2,3.6,0.0 (cmd 2.5),0.0 (cmd -5.0)
0.6029,3.74,2.52,0.0,-18.92,-5.13,0.0,-18.9,3.7,0.0 (cmd 2.5),0.0 (cmd -5.1)
0.6034,3.95,2.54,0.0,-21.26,-4.94,0.0,-21.3,4.0,0.0 (cmd 2.5),0.0 (cmd -4.9)
0.6039,4.53,2.68,0.0,-23.14,-4.42,0.0,-23.1,4.5,0.0 (cmd 2.7),0.0 (cmd -4.4)
0.6043999999999999,4.88,2.75,0.0,-22.34,-3.37,0.0,-22.3,4.9,0.0 (cmd 2.8),0.0 (cmd -3.4)
0.6049,7.29,3.1,0.0,-20.93,-1.93,0.0,-20.9,7.3,0.0 (cmd 3.1),0.0 (cmd -1.9)
0.6053999999999999,8.65,3.22,0.0,-17.19,-0.18,0.0,-17.2,8.7,0.0 (cmd 3.2),0.0 (cmd -0.2)
0.6059000000000001,9.82,3.15,0.0,-15.73,0.6,0.0,-15.7,9.8,0.0 (cmd 3.1),0.0 (cmd 0.6)
0.6063999999999999,8.58,2.98,0.0,-13.28,0.83,0.0,-13.3,8.6,0.0 (cmd 3.0),0.0 (cmd 0.8)
0.6069,4.76,1.88,0.0,-12.39,1.65,0.0,-12.4,4.8,0.0 (cmd 1.9),0.0 (cmd 1.6)
0.6073999999999999,-1.56,0.37,0.0,-9.31,2.03,0.0,-9.3,-1.6,0.0 (cmd 0.4),0.0 (cmd 2.0)
0.6079,-12.41,-1.39,0.0,-9.31,2.69,0.0,-9.3,-12.4,0.0 (cmd -1.4),0.0 (cmd 2.7)
0.6084,-14.97,-3.66,0.0,-3.39,3.87,0.0,-3.4,-15.0,0.0 (cmd -3.7),0.0 (cmd 3.9)
0.6089,-20.6,-5.19,0.0,-2.13,3.75,0.0,-2.1,-20.6,0.0 (cmd -5.2),0.0 (cmd 3.8)
0.6093999999999999,-25.32,-4.52,0.0,-0.98,3.34,0.0,-1.0,-25.3,0.0 (cmd -4.5),0.0 (cmd 3.3)
0.6099,-26.03,-4.81,0.0,0.73,3.12,0.0,0.7,-26.0,0.0 (cmd -4.8),0.0 (cmd 3.1)
0.6103999999999999,-25.37,-3.72,0.0,1.06,2.74,0.0,1.1,-25.4,0.0 (cmd -3.7),0.0 (cmd 2.7)
0.6109000000000001,-23.31,-1.86,0.0,1.43,2.14,0.0,1.4,-23.3,0.0 (cmd -1.9),0.0 (cmd 2.1)
0.6113999999999999,-16.46,-0.98,0.0,6.01,2.11,0.0,6.0,-16.5,0.0 (cmd -1.0),0.0 (cmd 2.1)
0.6119,-13.11,1.2,0.0,6.81,2.41,0.0,6.8,-13.1,0.0 (cmd 1.2),0.0 (cmd 2.4)
0.6123999999999999,-12.39,1.57,0.0,7.06,2.07,0.0,7.1,-12.4,0.0 (cmd 1.6),0.0 (cmd 2.1)
0.6129,-10.91,1.85,0.0,5.85,1.62,0.0,5.8,-10.9,0.0 (cmd 1.9),0.0 (cmd 1.6)
0.6134000000000001,-9.05,1.91,0.0,1.74,0.45,0.0,1.7,-9.1,0.0 (cmd 1.9),0.0 (cmd 0.5)
0.6139,-6.19,2.31,0.0,-8.13,-1.77,0.0,-8.1,-6.2,0.0 (cmd 2.3),0.0 (cmd -1.8)
0.6144,-2.98,3.14,0.0,-14.35,-4.1,0.0,-14.3,-3.0,0.0 (cmd 3.1),0.0 (cmd -4.1)
0.6149,-1.08,3.13,0.0,-21.44,-5.77,0.0,-21.4,-1.1,0.0 (cmd 3.1),0.0 (cmd -5.8)
0.6154,0.13,3.37,0.0,-23.97,-5.8,0.0,-24.0,0.1,0.0 (cmd 3.4),0.0 (cmd -5.8)
0.6159000000000001,0.94,3.45,0.0,-25.43,-5.11,0.0,-25.4,0.9,0.0 (cmd 3.5),0.0 (cmd -5.1)
0.6164,1.99,3.42,0.0,-27.83,-4.15,0.0,-27.8,2.0,0.0 (cmd 3.4),0.0 (cmd -4.2)
0.6169,3.69,3.44,0.0,-24.1,-3.39,0.0,-24.1,3.7,0.0 (cmd 3.4),0.0 (cmd -3.4)
0.6174,5.4,3.64,0.0,-19.6,-0.92,0.0,-19.6,5.4,0.0 (cmd 3.6),0.0 (cmd -0.9)
0.6179,7.5,3.39,0.0,-16.48,1.17,0.0,-16.5,7.5,0.0 (cmd 3.4),0.0 (cmd 1.2)
0.6184000000000001,8.31,3.62,0.0,-16.96,0.83,0.0,-17.0,8.3,0.0 (cmd 3.6),0.0 (cmd 0.8)
0.6189,7.71,3.28,0.0,-16.56,0.98,0.0,-16.6,7.7,0.0 (cmd 3.3),0.0 (cmd 1.0)
0.6194,2.29,2.34,0.0,-14.97,1.07,0.0,-15.0,2.3,0.0 (cmd 2.3),0.0 (cmd 1.1)
0.6199,-2.07,0.39,0.0,-11.4,2.11,0.0,-11.4,-2.1,0.0 (cmd 0.4),0.0 (cmd 2.1)
0.6204,-7.8,-0.31,0.0,-9.77,2.5,0.0,-9.8,-7.8,0.0 (cmd -0.3),0.0 (cmd 2.5)
0.6209000000000001,-15.25,-1.41,0.0,-5.67,3.17,0.0,-5.7,-15.2,0.0 (cmd -1.4),0.0 (cmd 3.2)
0.6214,-19.64,-5.0,0.0,-1.76,4.49,0.0,-1.8,-19.6,0.0 (cmd -5.0),0.0 (cmd 4.5)
0.6219,-21.25,-4.57,0.0,-0.96,3.92,0.0,-1.0,-21.2,0.0 (cmd -4.6),0.0 (cmd 3.9)
0.6224,-21.92,-3.88,0.0,-0.21,3.23,0.0,-0.2,-21.9,0.0 (cmd -3.9),0.0 (cmd 3.2)
0.6229,-19.44,-2.42,0.0,1.03,2.88,0.0,1.0,-19.4,0.0 (cmd -2.4),0.0 (cmd 2.9)
0.6234000000000001,-15.6,-1.2,0.0,1.63,2.37,0.0,1.6,-15.6,0.0 (cmd -1.2),0.0 (cmd 2.4)
0.6239,-12.24,0.6,0.0,2.62,1.96,0.0,2.6,-12.2,0.0 (cmd 0.6),0.0 (cmd 2.0)
0.6244,-11.95,1.1,0.0,2.14,1.58,0.0,2.1,-11.9,0.0 (cmd 1.1),0.0 (cmd 1.6)
0.6249,-10.63,1.23,0.0,1.18,0.96,0.0,1.2,-10.6,0.0 (cmd 1.2),0.0 (cmd 1.0)
0.6254,-7.55,1.66,0.0,-5.49,-0.32,0.0,-5.5,-7.5,0.0 (cmd 1.7),0.0 (cmd -0.3)
0.6259000000000001,-3.13,2.54,0.0,-12.66,-2.27,0.0,-12.7,-3.1,0.0 (cmd 2.5),0.0 (cmd -2.3)
0.6264,0.0,3.53,0.0,-18.85,-4.69,0.0,-18.9,0.0,0.0 (cmd 3.5),0.0 (cmd -4.7)
0.6269,1.48,3.84,0.0,-22.95,-4.75,0.0,-22.9,1.5,0.0 (cmd 3.8),0.0 (cmd -4.8)
0.6274,1.6,3.63,0.0,-25.6,-4.87,0.0,-25.6,1.6,0.0 (cmd 3.6),0.0 (cmd -4.9)
0.6279,1.88,3.46,0.0,-26.08,-4.04,0.0,-26.1,1.9,0.0 (cmd 3.5),0.0 (cmd -4.0)
0.6284000000000001,2.39,3.37,0.0,-25.43,-2.76,0.0,-25.4,2.4,0.0 (cmd 3.4),0.0 (cmd -2.8)
0.6289,3.89,3.34,0.0,-23.75,-1.63,0.0,-23.8,3.9,0.0 (cmd 3.3),0.0 (cmd -1.6)
0.6294,5.57,3.34,0.0,-21.46,-0.37,0.0,-21.5,5.6,0.0 (cmd 3.3),0.0 (cmd -0.4)
0.6299,6.12,3.18,0.0,-15.75,1.59,0.0,-15.8,6.1,0.0 (cmd 3.2),0.0 (cmd 1.6)
0.6304,7.35,3.03,0.0,-15.89,1.59,0.0,-15.9,7.3,0.0 (cmd 3.0),0.0 (cmd 1.6)
0.6309000000000001,7.99,3.05,0.0,-14.18,1.37,0.0,-14.2,8.0,0.0 (cmd 3.0),0.0 (cmd 1.4)
0.6314,6.75,2.77,0.0,-13.56,1.7,0.0,-13.6,6.8,0.0 (cmd 2.8),0.0 (cmd 1.7)
0.6319,3.93,1.67,0.0,-12.5,1.9,0.0,-12.5,3.9,0.0 (cmd 1.7),0.0 (cmd 1.9)
0.6324,-5.31,0.95,0.0,-9.48,2.36,0.0,-9.5,-5.3,0.0 (cmd 0.9),0.0 (cmd 2.4)
0.6329,-11.11,-2.35,0.0,-5.51,3.72,0.0,-5.5,-11.1,0.0 (cmd -2.4),0.0 (cmd 3.7)
0.6334000000000001,-14.6,-3.59,0.0,-4.4,3.65,0.0,-4.4,-14.6,0.0 (cmd -3.6),0.0 (cmd 3.6)
0.6339,-19.6,-3.59,0.0,-3.1,3.22,0.0,-3.1,-19.6,0.0 (cmd -3.6),0.0 (cmd 3.2)
0.6344,-21.85,-3.71,0.0,-2.32,2.93,0.0,-2.3,-21.9,0.0 (cmd -3.7),0.0 (cmd 2.9)
0.6349,-22.75,-3.38,0.0,-1.33,2.61,0.0,-1.3,-22.8,0.0 (cmd -3.4),0.0 (cmd 2.6)
0.6354,-22.74,-2.77,0.0,-0.37,2.35,0.0,-0.4,-22.7,0.0 (cmd -2.8),0.0 (cmd 2.4)
0.6359000000000001,-22.13,-1.96,0.0,0.29,2.07,0.0,0.3,-22.1,0.0 (cmd -2.0),0.0 (cmd 2.1)
0.6364,-21.48,-1.24,0.0,0.67,1.78,0.0,0.7,-21.5,0.0 (cmd -1.2),0.0 (cmd 1.8)
0.6369,-20.7,-0.54,0.0,0.9,1.51,0.0,0.9,-20.7,0.0 (cmd -0.5),0.0 (cmd 1.5)
0.6374,-17.5,0.04,0.0,1.6,1.2,0.0,1.6,-17.5,0.0 (cmd 0.0),0.0 (cmd 1.2)
0.6379,-12.93,1.2,0.0,2.77,1.22,0.0,2.8,-12.9,0.0 (cmd 1.2),0.0 (cmd 1.2)
0.6384000000000001,-10.05,2.14,0.0,2.02,0.9,0.0,2.0,-10.1,0.0 (cmd 2.1),0.0 (cmd 0.9)
0.6389,-8.09,2.78,0.0,-4.77,-0.29,0.0,-4.8,-8.1,0.0 (cmd 2.8),0.0 (cmd -0.3)
0.6394,-6.43,2.8,0.0,-12.7,-1.38,0.0,-12.7,-6.4,0.0 (cmd 2.8),0.0 (cmd -1.4)
0.6399,-3.83,2.96,0.0,-18.29,-3.95,0.0,-18.3,-3.8,0.0 (cmd 3.0),0.0 (cmd -4.0)
0.6404000000000001,-1.32,3.44,0.0,-22.31,-5.68,0.0,-22.3,-1.3,0.0 (cmd 3.4),0.0 (cmd -5.7)
0.6409000000000001,1.08,3.91,0.0,-24.56,-5.52,0.0,-24.6,1.1,0.0 (cmd 3.9),0.0 (cmd -5.5)
0.6414,0.75,3.79,0.0,-26.73,-4.77,0.0,-26.7,0.8,0.0 (cmd 3.8),0.0 (cmd -4.8)
0.6419,0.69,3.46,0.0,-26.27,-3.31,0.0,-26.3,0.7,0.0 (cmd 3.5),0.0 (cmd -3.3)
0.6424,1.67,3.25,0.0,-20.38,-1.05,0.0,-20.4,1.7,0.0 (cmd 3.2),0.0 (cmd -1.1)
0.6429000000000001,3.19,2.91,0.0,-16.41,0.47,0.0,-16.4,3.2,0.0 (cmd 2.9),0.0 (cmd 0.5)
0.6434000000000001,3.62,2.88,0.0,-16.0,1.32,0.0,-16.0,3.6,0.0 (cmd 2.9),0.0 (cmd 1.3)
0.6439,3.46,2.67,0.0,-14.96,1.3,0.0,-15.0,3.5,0.0 (cmd 2.7),0.0 (cmd 1.3)
0.6444,1.96,2.2,0.0,-12.85,1.6,0.0,-12.8,2.0,0.0 (cmd 2.2),0.0 (cmd 1.6)
0.645,-0.33,1.58,0.0,-10.19,1.94,0.0,-10.2,-0.3,0.0 (cmd 1.6),0.0 (cmd 1.9)
0.6455,-3.81,0.63,0.0,-7.88,2.68,0.0,-7.9,-3.8,0.0 (cmd 0.6),0.0 (cmd 2.7)
0.6463,-5.84,0.36,0.0,-6.82,2.79,0.0,-6.8,-5.8,0.0 (cmd 0.4),0.0 (cmd 2.8)
0.6494,-20.41,-0.7,0.0,-2.54,3.0,0.0,-2.5,-20.4,0.0 (cmd -0.7),0.0 (cmd 3.0)
0.6505,-9.62,-5.43,0.0,-0.46,4.21,0.0,-0.5,-9.6,0.0 (cmd -5.4),0.0 (cmd 4.2)
0.651,-12.04,-2.02,0.0,0.2,3.59,0.0,0.2,-12.0,0.0 (cmd -2.0),0.0 (cmd 3.6)
0.6515,-11.33,-1.25,0.0,0.68,2.91,0.0,0.7,-11.3,0.0 (cmd -1.2),0.0 (cmd 2.9)
0.652,-11.11,-0.65,0.0,0.78,2.37,0.0,0.8,-11.1,0.0 (cmd -0.7),0.0 (cmd 2.4)
0.6525,-11.13,-0.31,0.0,0.96,1.93,0.0,1.0,-11.1,0.0 (cmd -0.3),0.0 (cmd 1.9)
0.653,-10.83,-0.06,0.0,1.23,1.53,0.0,1.2,-10.8,0.0 (cmd -0.1),0.0 (cmd 1.5)
0.6535,-10.07,0.18,0.0,1.4,1.29,0.0,1.4,-10.1,0.0 (cmd 0.2),0.0 (cmd 1.3)
0.654,-9.32,0.55,0.0,1.59,1.05,0.0,1.6,-9.3,0.0 (cmd 0.6),0.0 (cmd 1.1)
0.6545,-9.1,0.73,0.0,1.74,0.88,0.0,1.7,-9.1,0.0 (cmd 0.7),0.0 (cmd 0.9)
0.655,-9.13,0.72,0.0,1.96,0.76,0.0,2.0,-9.1,0.0 (cmd 0.7),0.0 (cmd 0.8)
0.6555,-9.22,0.68,0.0,2.33,0.75,0.0,2.3,-9.2,0.0 (cmd 0.7),0.0 (cmd 0.8)
0.656,-9.33,0.64,0.0,2.38,0.64,0.0,2.4,-9.3,0.0 (cmd 0.6),0.0 (cmd 0.6)
0.6565,-9.42,0.61,0.0,2.47,0.55,0.0,2.5,-9.4,0.0 (cmd 0.6),0.0 (cmd 0.6)
0.657,-9.45,0.6,0.0,2.51,0.5,0.0,2.5,-9.4,0.0 (cmd 0.6),0.0 (cmd 0.5)
0.6575,-9.42,0.6,0.0,2.62,0.44,0.0,2.6,-9.4,0.0 (cmd 0.6),0.0 (cmd 0.4)
0.658,-9.21,0.64,0.0,2.64,0.39,0.0,2.6,-9.2,0.0 (cmd 0.6),0.0 (cmd 0.4)
0.6585,-9.04,0.7,0.0,2.71,0.33,0.0,2.7,-9.0,0.0 (cmd 0.7),0.0 (cmd 0.3)
0.659,-8.79,0.72,0.0,2.79,0.32,0.0,2.8,-8.8,0.0 (cmd 0.7),0.0 (cmd 0.3)
0.6595,-8.58,0.77,0.0,2.9,0.29,0.0,2.9,-8.6,0.0 (cmd 0.8),0.0 (cmd 0.3)
0.66,-8.5,0.81,0.0,2.94,0.27,0.0,2.9,-8.5,0.0 (cmd 0.8),0.0 (cmd 0.3)
0.6605,-8.43,0.78,0.0,2.96,0.25,0.0,3.0,-8.4,0.0 (cmd 0.8),0.0 (cmd 0.2)
0.661,-8.41,0.77,0.0,2.95,0.23,0.0,3.0,-8.4,0.0 (cmd 0.8),0.0 (cmd 0.2)
0.6615,-8.39,0.75,0.0,2.95,0.2,0.0,3.0,-8.4,0.0 (cmd 0.8),0.0 (cmd 0.2)
0.662,-8.39,0.73,0.0,2.9,0.18,0.0,2.9,-8.4,0.0 (cmd 0.7),0.0 (cmd 0.2)
0.6625,-8.39,0.72,0.0,2.89,0.16,0.0,2.9,-8.4,0.0 (cmd 0.7),0.0 (cmd 0.2)
0.663,-8.42,0.7,0.0,2.83,0.15,0.0,2.8,-8.4,0.0 (cmd 0.7),0.0 (cmd 0.1)
0.6635,-8.51,0.68,0.0,2.81,0.14,0.0,2.8,-8.5,0.0 (cmd 0.7),0.0 (cmd 0.1)
0.664,-8.57,0.65,0.0,2.8,0.14,0.0,2.8,-8.6,0.0 (cmd 0.7),0.0 (cmd 0.1)
0.6645,-8.65,0.63,0.0,2.79,0.14,0.0,2.8,-8.7,0.0 (cmd 0.6),0.0 (cmd 0.1)
0.665,-8.73,0.62,0.0,2.75,0.14,0.0,2.8,-8.7,0.0 (cmd 0.6),0.0 (cmd 0.1)
0.6655,-8.76,0.62,0.0,2.75,0.13,0.0,2.8,-8.8,0.0 (cmd 0.6),0.0 (cmd 0.1)
0.666,-8.68,0.62,0.0,2.77,0.14,0.0,2.8,-8.7,0.0 (cmd 0.6),0.0 (cmd 0.1)
0.6665,-8.61,0.66,0.0,2.76,0.14,0.0,2.8,-8.6,0.0 (cmd 0.7),0.0 (cmd 0.1)
0.667,-8.57,0.67,0.0,2.81,0.14,0.0,2.8,-8.6,0.0 (cmd 0.7),0.0 (cmd 0.1)
0.6675,-8.55,0.68,0.0,2.84,0.15,0.0,2.8,-8.6,0.0 (cmd 0.7),0.0 (cmd 0.1)
0.668,-8.54,0.67,0.0,2.94,0.16,0.0,2.9,-8.5,0.0 (cmd 0.7),0.0 (cmd 0.2)
0.6685,-8.53,0.67,0.0,3.02,0.2,0.0,3.0,-8.5,0.0 (cmd 0.7),0.0 (cmd 0.2)
0.669,-8.5,0.67,0.0,3.08,0.2,0.0,3.1,-8.5,0.0 (cmd 0.7),0.0 (cmd 0.2)
0.6695,-8.49,0.66,0.0,3.15,0.21,0.0,3.1,-8.5,0.0 (cmd 0.7),0.0 (cmd 0.2)
0.67,-8.48,0.66,0.0,3.31,0.21,0.0,3.3,-8.5,0.0 (cmd 0.7),0.0 (cmd 0.2)
0.6705,-8.41,0.66,0.0,3.35,0.25,0.0,3.4,-8.4,0.0 (cmd 0.7),0.0 (cmd 0.2)
0.671,-8.43,0.68,0.0,3.37,0.21,0.0,3.4,-8.4,0.0 (cmd 0.7),0.0 (cmd 0.2)
0.6715,-8.71,0.61,0.0,3.41,0.23,0.0,3.4,-8.7,0.0 (cmd 0.6),0.0 (cmd 0.2)
0.672,-10.02,0.26,0.0,3.26,0.23,0.0,3.3,-10.0,0.0 (cmd 0.3),0.0 (cmd 0.2)
0.6725,-10.2,0.26,0.0,3.11,0.19,0.0,3.1,-10.2,0.0 (cmd 0.3),0.0 (cmd 0.2)
0.673,-9.93,0.35,0.0,3.07,0.15,0.0,3.1,-9.9,0.0 (cmd 0.3),0.0 (cmd 0.1)
0.6735,-9.43,0.55,0.0,2.85,0.1,0.0,2.9,-9.4,0.0 (cmd 0.6),0.0 (cmd 0.1)
0.674,-8.21,0.76,0.0,2.73,0.02,0.0,2.7,-8.2,0.0 (cmd 0.8),0.0 (cmd 0.0)
0.6745,-6.71,1.12,0.0,2.73,0.0,0.0,2.7,-6.7,0.0 (cmd 1.1),0.0 (cmd 0.0)
0.675,-4.63,1.47,0.0,2.72,-0.03,0.0,2.7,-4.6,0.0 (cmd 1.5),0.0 (cmd -0.0)
0.6755,-2.16,2.08,0.0,2.32,-0.14,0.0,2.3,-2.2,0.0 (cmd 2.1),0.0 (cmd -0.1)
0.676,-0.35,2.26,0.0,2.11,-0.25,0.0,2.1,-0.3,0.0 (cmd 2.3),0.0 (cmd -0.2)
0.6765,1.79,2.4,0.0,1.67,-0.35,0.0,1.7,1.8,0.0 (cmd 2.4),0.0 (cmd -0.3)
0.677,2.92,2.51,0.0,1.4,-0.42,0.0,1.4,2.9,0.0 (cmd 2.5),0.0 (cmd -0.4)
0.6775,4.45,2.62,0.0,1.2,-0.45,0.0,1.2,4.5,0.0 (cmd 2.6),0.0 (cmd -0.5)
0.678,5.57,2.54,0.0,0.34,-0.46,0.0,0.3,5.6,0.0 (cmd 2.5),0.0 (cmd -0.5)
0.6785,5.74,2.41,0.0,-0.32,-0.69,0.0,-0.3,5.7,0.0 (cmd 2.4),0.0 (cmd -0.7)
0.679,5.65,2.17,0.0,-1.48,-0.82,0.0,-1.5,5.7,0.0 (cmd 2.2),0.0 (cmd -0.8)
0.6795,5.62,2.06,0.0,-7.68,-1.67,0.0,-7.7,5.6,0.0 (cmd 2.1),0.0 (cmd -1.7)
0.68,5.89,2.03,0.0,-11.25,-2.87,0.0,-11.2,5.9,0.0 (cmd 2.0),0.0 (cmd -2.9)
0.6805,6.41,2.12,0.0,-13.44,-3.44,0.0,-13.4,6.4,0.0 (cmd 2.1),0.0 (cmd -3.4)
0.681,6.42,2.22,0.0,-16.2,-3.69,0.0,-16.2,6.4,0.0 (cmd 2.2),0.0 (cmd -3.7)
0.6815,5.96,2.21,0.0,-17.0,-3.0,0.0,-17.0,6.0,0.0 (cmd 2.2),0.0 (cmd -3.0)
0.682,5.41,2.13,0.0,-16.0,-1.93,0.0,-16.0,5.4,0.0 (cmd 2.1),0.0 (cmd -1.9)
0.6825,5.09,1.95,0.0,-14.06,-0.79,0.0,-14.1,5.1,0.0 (cmd 1.9),0.0 (cmd -0.8)
0.683,5.01,1.74,0.0,-11.23,0.29,0.0,-11.2,5.0,0.0 (cmd 1.7),0.0 (cmd 0.3)
0.6835,5.35,1.64,0.0,-10.33,0.87,0.0,-10.3,5.3,0.0 (cmd 1.6),0.0 (cmd 0.9)
0.684,5.79,1.65,0.0,-10.34,1.09,0.0,-10.3,5.8,0.0 (cmd 1.6),0.0 (cmd 1.1)
0.6845,5.93,1.81,0.0,-11.32,0.74,0.0,-11.3,5.9,0.0 (cmd 1.8),0.0 (cmd 0.7)
0.685,5.73,1.83,0.0,-11.69,0.48,0.0,-11.7,5.7,0.0 (cmd 1.8),0.0 (cmd 0.5)
0.6855,5.5,1.78,0.0,-12.23,0.35,0.0,-12.2,5.5,0.0 (cmd 1.8),0.0 (cmd 0.3)
0.686,5.43,1.78,0.0,-12.91,0.21,0.0,-12.9,5.4,0.0 (cmd 1.8),0.0 (cmd 0.2)
0.6865,5.47,1.78,0.0,-11.74,0.3,0.0,-11.7,5.5,0.0 (cmd 1.8),0.0 (cmd 0.3)
0.687,5.52,1.71,0.0,-11.4,0.66,0.0,-11.4,5.5,0.0 (cmd 1.7),0.0 (cmd 0.7)
0.6875,5.55,1.59,0.0,-8.44,1.12,0.0,-8.4,5.5,0.0 (cmd 1.6),0.0 (cmd 1.1)
0.688,6.24,1.51,0.0,-5.32,1.86,0.0,-5.3,6.2,0.0 (cmd 1.5),0.0 (cmd 1.9)
0.6885,6.32,1.41,0.0,-4.53,2.04,0.0,-4.5,6.3,0.0 (cmd 1.4),0.0 (cmd 2.0)
0.689,6.09,1.35,0.0,-4.39,1.77,0.0,-4.4,6.1,0.0 (cmd 1.4),0.0 (cmd 1.8)
0.6895,5.04,1.19,0.0,-4.27,1.49,0.0,-4.3,5.0,0.0 (cmd 1.2),0.0 (cmd 1.5)
0.69,4.12,0.98,0.0,-3.43,1.37,0.0,-3.4,4.1,0.0 (cmd 1.0),0.0 (cmd 1.4)
0.6905,2.96,0.68,0.0,-2.61,1.42,0.0,-2.6,3.0,0.0 (cmd 0.7),0.0 (cmd 1.4)
0.691,2.14,0.43,0.0,-1.57,1.59,0.0,-1.6,2.1,0.0 (cmd 0.4),0.0 (cmd 1.6)
0.6915,0.9,0.23,0.0,0.06,1.53,0.0,0.1,0.9,0.0 (cmd 0.2),0.0 (cmd 1.5)
0.692,-1.07,0.03,0.0,0.52,1.58,0.0,0.5,-1.1,0.0 (cmd 0.0),0.0 (cmd 1.6)
0.6925,-2.94,-0.45,0.0,1.93,1.74,0.0,1.9,-2.9,0.0 (cmd -0.5),0.0 (cmd 1.7)
0.693,-5.18,-1.13,0.0,2.56,1.79,0.0,2.6,-5.2,0.0 (cmd -1.1),0.0 (cmd 1.8)
0.6935,-7.72,-1.34,0.0,2.81,1.63,0.0,2.8,-7.7,0.0 (cmd -1.3),0.0 (cmd 1.6)
0.694,-9.08,-1.35,0.0,2.94,1.41,0.0,2.9,-9.1,0.0 (cmd -1.4),0.0 (cmd 1.4)
0.6945,-9.31,-1.13,0.0,2.84,1.12,0.0,2.8,-9.3,0.0 (cmd -1.1),0.0 (cmd 1.1)
0.695,-9.3,-0.77,0.0,2.69,0.86,0.0,2.7,-9.3,0.0 (cmd -0.8),0.0 (cmd 0.9)
0.6955,-9.08,-0.4,0.0,2.57,0.65,0.0,2.6,-9.1,0.0 (cmd -0.4),0.0 (cmd 0.7)
0.696,-8.7,-0.07,0.0,2.61,0.5,0.0,2.6,-8.7,0.0 (cmd -0.1),0.0 (cmd 0.5)
0.6965,-8.98,0.1,0.0,2.84,0.45,0.0,2.8,-9.0,0.0 (cmd 0.1),0.0 (cmd 0.5)
0.697,-9.21,0.15,0.0,2.98,0.46,0.0,3.0,-9.2,0.0 (cmd 0.1),0.0 (cmd 0.5)
0.6975,-9.31,0.22,0.0,2.97,0.41,0.0,3.0,-9.3,0.0 (cmd 0.2),0.0 (cmd 0.4)
0.698,-9.6,0.25,0.0,2.93,0.35,0.0,2.9,-9.6,0.0 (cmd 0.2),0.0 (cmd 0.3)
0.6985,-9.85,0.25,0.0,2.86,0.31,0.0,2.9,-9.8,0.0 (cmd 0.2),0.0 (cmd 0.3)
0.699,-9.81,0.32,0.0,2.84,0.26,0.0,2.8,-9.8,0.0 (cmd 0.3),0.0 (cmd 0.3)
0.6995,-9.68,0.42,0.0,2.85,0.23,0.0,2.9,-9.7,0.0 (cmd 0.4),0.0 (cmd 0.2)
0.7,-9.05,0.54,0.0,2.89,0.22,0.0,2.9,-9.1,0.0 (cmd 0.5),0.0 (cmd 0.2)
0.7005,-7.9,0.77,0.0,2.87,0.17,0.0,2.9,-7.9,0.0 (cmd 0.8),0.0 (cmd 0.2)
0.701,-6.69,0.97,0.0,2.85,0.13,0.0,2.9,-6.7,0.0 (cmd 1.0),0.0 (cmd 0.1)
0.7015,-5.3,1.5,0.0,2.84,0.05,0.0,2.8,-5.3,0.0 (cmd 1.5),0.0 (cmd 0.1)
0.702,-3.83,1.61,0.0,2.84,0.02,0.0,2.8,-3.8,0.0 (cmd 1.6),0.0 (cmd 0.0)
0.7025,-3.0,1.65,0.0,2.78,0.0,0.0,2.8,-3.0,0.0 (cmd 1.6),0.0 (cmd 0.0)
0.703,-2.65,1.68,0.0,2.69,-0.03,0.0,2.7,-2.6,0.0 (cmd 1.7),0.0 (cmd -0.0)
0.7035,-2.24,1.55,0.0,2.46,-0.08,0.0,2.5,-2.2,0.0 (cmd 1.6),0.0 (cmd -0.1)
0.704,-2.15,1.45,0.0,2.15,-0.12,0.0,2.1,-2.1,0.0 (cmd 1.4),0.0 (cmd -0.1)
0.7045,-1.71,1.37,0.0,1.76,-0.18,0.0,1.8,-1.7,0.0 (cmd 1.4),0.0 (cmd -0.2)
0.705,-1.28,1.38,0.0,1.35,-0.27,0.0,1.4,-1.3,0.0 (cmd 1.4),0.0 (cmd -0.3)
0.7055,-0.1,1.5,0.0,0.7,-0.4,0.0,0.7,-0.1,0.0 (cmd 1.5),0.0 (cmd -0.4)
0.706,0.56,1.67,0.0,-0.18,-0.42,0.0,-0.2,0.6,0.0 (cmd 1.7),0.0 (cmd -0.4)
0.7065,0.66,1.62,0.0,-0.77,-0.61,0.0,-0.8,0.7,0.0 (cmd 1.6),0.0 (cmd -0.6)
0.707,0.62,1.53,0.0,-1.28,-0.74,0.0,-1.3,0.6,0.0 (cmd 1.5),0.0 (cmd -0.7)
0.7075,0.46,1.42,0.0,-2.27,-0.71,0.0,-2.3,0.5,0.0 (cmd 1.4),0.0 (cmd -0.7)
0.708,0.44,1.32,0.0,-3.3,-0.7,0.0,-3.3,0.4,0.0 (cmd 1.3),0.0 (cmd -0.7)
0.7085,0.5,1.37,0.0,-5.82,-1.03,0.0,-5.8,0.5,0.0 (cmd 1.4),0.0 (cmd -1.0)
0.709,0.58,1.48,0.0,-8.46,-1.44,0.0,-8.5,0.6,0.0 (cmd 1.5),0.0 (cmd -1.4)
0.7095,0.63,1.59,0.0,-10.49,-1.77,0.0,-10.5,0.6,0.0 (cmd 1.6),0.0 (cmd -1.8)
0.71,0.65,1.65,0.0,-11.15,-1.69,0.0,-11.2,0.7,0.0 (cmd 1.6),0.0 (cmd -1.7)
0.7105,0.65,1.67,0.0,-11.68,-1.39,0.0,-11.7,0.7,0.0 (cmd 1.7),0.0 (cmd -1.4)
0.711,0.62,1.65,0.0,-11.47,-0.99,0.0,-11.5,0.6,0.0 (cmd 1.6),0.0 (cmd -1.0)
0.7115,0.58,1.6,0.0,-11.19,-0.53,0.0,-11.2,0.6,0.0 (cmd 1.6),0.0 (cmd -0.5)
0.712,0.57,1.56,0.0,-11.06,-0.22,0.0,-11.1,0.6,0.0 (cmd 1.6),0.0 (cmd -0.2)
0.7125,0.68,1.55,0.0,-11.05,-0.03,0.0,-11.1,0.7,0.0 (cmd 1.6),0.0 (cmd -0.0)
0.713,1.0,1.59,0.0,-10.96,0.07,0.0,-11.0,1.0,0.0 (cmd 1.6),0.0 (cmd 0.1)
0.7135,1.36,1.65,0.0,-10.67,0.19,0.0,-10.7,1.4,0.0 (cmd 1.6),0.0 (cmd 0.2)
0.714,1.64,1.7,0.0,-10.36,0.36,0.0,-10.4,1.6,0.0 (cmd 1.7),0.0 (cmd 0.4)
0.7145,2.01,1.71,0.0,-10.0,0.43,0.0,-10.0,2.0,0.0 (cmd 1.7),0.0 (cmd 0.4)
0.715,2.31,1.68,0.0,-9.65,0.56,0.0,-9.7,2.3,0.0 (cmd 1.7),0.0 (cmd 0.6)
0.7155,2.57,1.69,0.0,-9.15,0.63,0.0,-9.2,2.6,0.0 (cmd 1.7),0.0 (cmd 0.6)
0.716,3.02,1.73,0.0,-8.87,0.7,0.0,-8.9,3.0,0.0 (cmd 1.7),0.0 (cmd 0.7)
0.7165,3.44,1.74,0.0,-8.48,0.69,0.0,-8.5,3.4,0.0 (cmd 1.7),0.0 (cmd 0.7)
0.717,3.49,1.72,0.0,-8.33,0.71,0.0,-8.3,3.5,0.0 (cmd 1.7),0.0 (cmd 0.7)
0.7175,3.51,1.65,0.0,-7.93,0.75,0.0,-7.9,3.5,0.0 (cmd 1.6),0.0 (cmd 0.8)
0.718,3.58,1.59,0.0,-7.61,0.76,0.0,-7.6,3.6,0.0 (cmd 1.6),0.0 (cmd 0.8)
0.7185,3.73,1.55,0.0,-7.45,0.75,0.0,-7.5,3.7,0.0 (cmd 1.6),0.0 (cmd 0.8)
0.719,4.08,1.6,0.0,-7.38,0.68,0.0,-7.4,4.1,0.0 (cmd 1.6),0.0 (cmd 0.7)
0.7195,4.12,1.6,0.0,-7.35,0.62,0.0,-7.3,4.1,0.0 (cmd 1.6),0.0 (cmd 0.6)
0.72,4.06,1.55,0.0,-7.23,0.59,0.0,-7.2,4.1,0.0 (cmd 1.6),0.0 (cmd 0.6)
0.7205,4.03,1.5,0.0,-7.08,0.58,0.0,-7.1,4.0,0.0 (cmd 1.5),0.0 (cmd 0.6)
0.721,4.16,1.46,0.0,-6.62,0.65,0.0,-6.6,4.2,0.0 (cmd 1.5),0.0 (cmd 0.7)
0.7215,4.53,1.46,0.0,-5.79,0.73,0.0,-5.8,4.5,0.0 (cmd 1.5),0.0 (cmd 0.7)
0.722,4.66,1.47,0.0,-5.51,0.82,0.0,-5.5,4.7,0.0 (cmd 1.5),0.0 (cmd 0.8)
0.7225,4.68,1.45,0.0,-5.6,0.72,0.0,-5.6,4.7,0.0 (cmd 1.4),0.0 (cmd 0.7)
0.723,4.52,1.42,0.0,-5.84,0.59,0.0,-5.8,4.5,0.0 (cmd 1.4),0.0 (cmd 0.6)
0.7235,4.3,1.37,0.0,-6.16,0.47,0.0,-6.2,4.3,0.0 (cmd 1.4),0.0 (cmd 0.5)
0.724,4.47,1.37,0.0,-6.22,0.39,0.0,-6.2,4.5,0.0 (cmd 1.4),0.0 (cmd 0.4)
0.7245,4.74,1.46,0.0,-6.23,0.34,0.0,-6.2,4.7,0.0 (cmd 1.5),0.0 (cmd 0.3)
0.725,5.08,1.49,0.0,-6.07,0.35,0.0,-6.1,5.1,0.0 (cmd 1.5),0.0 (cmd 0.3)
0.7255,5.29,1.53,0.0,-5.67,0.4,0.0,-5.7,5.3,0.0 (cmd 1.5),0.0 (cmd 0.4)
0.726,5.59,1.5,0.0,-4.92,0.52,0.0,-4.9,5.6,0.0 (cmd 1.5),0.0 (cmd 0.5)
0.7265,5.94,1.51,0.0,-4.26,0.71,0.0,-4.3,5.9,0.0 (cmd 1.5),0.0 (cmd 0.7)
0.727,5.91,1.49,0.0,-4.29,0.69,0.0,-4.3,5.9,0.0 (cmd 1.5),0.0 (cmd 0.7)
0.7275,5.92,1.45,0.0,-4.36,0.58,0.0,-4.4,5.9,0.0 (cmd 1.4),0.0 (cmd 0.6)
0.728,5.82,1.45,0.0,-4.72,0.41,0.0,-4.7,5.8,0.0 (cmd 1.4),0.0 (cmd 0.4)
0.7285,5.69,1.4,0.0,-5.17,0.31,0.0,-5.2,5.7,0.0 (cmd 1.4),0.0 (cmd 0.3)
0.729,5.58,1.38,0.0,-5.58,0.2,0.0,-5.6,5.6,0.0 (cmd 1.4),0.0 (cmd 0.2)
0.7295,5.56,1.39,0.0,-5.84,0.13,0.0,-5.8,5.6,0.0 (cmd 1.4),0.0 (cmd 0.1)
0.73,5.62,1.42,0.0,-6.0,0.12,0.0,-6.0,5.6,0.0 (cmd 1.4),0.0 (cmd 0.1)
0.7305,5.63,1.42,0.0,-5.93,0.14,0.0,-5.9,5.6,0.0 (cmd 1.4),0.0 (cmd 0.1)
0.731,5.62,1.42,0.0,-5.87,0.22,0.0,-5.9,5.6,0.0 (cmd 1.4),0.0 (cmd 0.2)
0.7315,5.63,1.41,0.0,-5.71,0.27,0.0,-5.7,5.6,0.0 (cmd 1.4),0.0 (cmd 0.3)
0.732,5.66,1.39,0.0,-4.95,0.38,0.0,-5.0,5.7,0.0 (cmd 1.4),0.0 (cmd 0.4)
0.7325,5.61,1.3,0.0,-3.87,0.67,0.0,-3.9,5.6,0.0 (cmd 1.3),0.0 (cmd 0.7)
0.733,5.64,1.23,0.0,-3.4,0.83,0.0,-3.4,5.6,0.0 (cmd 1.2),0.0 (cmd 0.8)
0.7335,5.53,1.2,0.0,-3.32,0.77,0.0,-3.3,5.5,0.0 (cmd 1.2),0.0 (cmd 0.8)
0.734,5.44,1.19,0.0,-3.51,0.65,0.0,-3.5,5.4,0.0 (cmd 1.2),0.0 (cmd 0.7)
0.7345,5.36,1.21,0.0,-3.76,0.49,0.0,-3.8,5.4,0.0 (cmd 1.2),0.0 (cmd 0.5)
0.735,5.21,1.19,0.0,-3.86,0.37,0.0,-3.9,5.2,0.0 (cmd 1.2),0.0 (cmd 0.4)
0.7355,5.16,1.18,0.0,-3.67,0.37,0.0,-3.7,5.2,0.0 (cmd 1.2),0.0 (cmd 0.4)
0.736,5.19,1.18,0.0,-3.48,0.41,0.0,-3.5,5.2,0.0 (cmd 1.2),0.0 (cmd 0.4)
0.7365,5.2,1.19,0.0,-3.24,0.42,0.0,-3.2,5.2,0.0 (cmd 1.2),0.0 (cmd 0.4)
0.737,5.32,1.2,0.0,-2.84,0.46,0.0,-2.8,5.3,0.0 (cmd 1.2),0.0 (cmd 0.5)
0.7375,5.57,1.17,0.0,-2.3,0.56,0.0,-2.3,5.6,0.0 (cmd 1.2),0.0 (cmd 0.6)
0.738,5.59,1.22,0.0,-2.34,0.55,0.0,-2.3,5.6,0.0 (cmd 1.2),0.0 (cmd 0.6)
0.7385,5.54,1.21,0.0,-2.52,0.42,0.0,-2.5,5.5,0.0 (cmd 1.2),0.0 (cmd 0.4)
0.739,5.32,1.19,0.0,-2.92,0.32,0.0,-2.9,5.3,0.0 (cmd 1.2),0.0 (cmd 0.3)
0.7395,5.16,1.18,0.0,-3.61,0.16,0.0,-3.6,5.2,0.0 (cmd 1.2),0.0 (cmd 0.2)
0.74,5.12,1.2,0.0,-3.83,0.03,0.0,-3.8,5.1,0.0 (cmd 1.2),0.0 (cmd 0.0)
0.7405,5.06,1.22,0.0,-3.88,0.03,0.0,-3.9,5.1,0.0 (cmd 1.2),0.0 (cmd 0.0)
0.741,5.07,1.21,0.0,-3.54,0.1,0.0,-3.5,5.1,0.0 (cmd 1.2),0.0 (cmd 0.1)
0.7415,5.1,1.2,0.0,-3.25,0.24,0.0,-3.2,5.1,0.0 (cmd 1.2),0.0 (cmd 0.2)
0.742,4.88,1.17,0.0,-3.33,0.27,0.0,-3.3,4.9,0.0 (cmd 1.2),0.0 (cmd 0.3)
0.7425,4.71,1.16,0.0,-4.02,0.16,0.0,-4.0,4.7,0.0 (cmd 1.2),0.0 (cmd 0.2)
0.743,4.47,1.18,0.0,-4.66,0.04,0.0,-4.7,4.5,0.0 (cmd 1.2),0.0 (cmd 0.0)
0.7435,4.13,1.16,0.0,-5.05,-0.03,0.0,-5.0,4.1,0.0 (cmd 1.2),0.0 (cmd -0.0)
0.744,3.93,1.13,0.0,-5.45,-0.08,0.0,-5.5,3.9,0.0 (cmd 1.1),0.0 (cmd -0.1)
0.7445,3.75,1.16,0.0,-5.77,-0.07,0.0,-5.8,3.8,0.0 (cmd 1.2),0.0 (cmd -0.1)
0.745,3.63,1.17,0.0,-5.96,-0.03,0.0,-6.0,3.6,0.0 (cmd 1.2),0.0 (cmd -0.0)
0.7455,3.49,1.2,0.0,-6.17,-0.02,0.0,-6.2,3.5,0.0 (cmd 1.2),0.0 (cmd -0.0)
0.746,3.37,1.21,0.0,-6.34,0.02,0.0,-6.3,3.4,0.0 (cmd 1.2),0.0 (cmd 0.0)
0.7465,3.14,1.18,0.0,-6.46,0.07,0.0,-6.5,3.1,0.0 (cmd 1.2),0.0 (cmd 0.1)
0.747,2.85,1.17,0.0,-6.5,0.12,0.0,-6.5,2.9,0.0 (cmd 1.2),0.0 (cmd 0.1)
0.7475,2.73,1.16,0.0,-6.63,0.15,0.0,-6.6,2.7,0.0 (cmd 1.2),0.0 (cmd 0.1)
0.748,2.69,1.18,0.0,-6.59,0.19,0.0,-6.6,2.7,0.0 (cmd 1.2),0.0 (cmd 0.2)
0.7485,2.65,1.2,0.0,-6.54,0.25,0.0,-6.5,2.6,0.0 (cmd 1.2),0.0 (cmd 0.2)
0.749,2.52,1.22,0.0,-6.54,0.29,0.0,-6.5,2.5,0.0 (cmd 1.2),0.0 (cmd 0.3)
0.7495,2.23,1.21,0.0,-6.68,0.31,0.0,-6.7,2.2,0.0 (cmd 1.2),0.0 (cmd 0.3)
0.75,1.91,1.16,0.0,-7.05,0.28,0.0,-7.0,1.9,0.0 (cmd 1.2),0.0 (cmd 0.3)
0.7505,1.83,1.17,0.0,-7.42,0.21,0.0,-7.4,1.8,0.0 (cmd 1.2),0.0 (cmd 0.2)
0.751,1.64,1.2,0.0,-7.81,0.1,0.0,-7.8,1.6,0.0 (cmd 1.2),0.0 (cmd 0.1)
0.7515,1.64,1.22,0.0,-7.93,0.11,0.0,-7.9,1.6,0.0 (cmd 1.2),0.0 (cmd 0.1)
0.752,1.7,1.26,0.0,-7.87,0.17,0.0,-7.9,1.7,0.0 (cmd 1.3),0.0 (cmd 0.2)
0.7525,1.68,1.28,0.0,-7.74,0.26,0.0,-7.7,1.7,0.0 (cmd 1.3),0.0 (cmd 0.3)
0.753,1.66,1.29,0.0,-7.62,0.32,0.0,-7.6,1.7,0.0 (cmd 1.3),0.0 (cmd 0.3)
0.7535,1.72,1.29,0.0,-7.5,0.36,0.0,-7.5,1.7,0.0 (cmd 1.3),0.0 (cmd 0.4)
0.754,1.79,1.32,0.0,-7.53,0.39,0.0,-7.5,1.8,0.0 (cmd 1.3),0.0 (cmd 0.4)
0.7545,1.74,1.34,0.0,-7.72,0.35,0.0,-7.7,1.7,0.0 (cmd 1.3),0.0 (cmd 0.3)
0.755,1.67,1.34,0.0,-7.9,0.32,0.0,-7.9,1.7,0.0 (cmd 1.3),0.0 (cmd 0.3)
0.7555,1.63,1.34,0.0,-7.98,0.3,0.0,-8.0,1.6,0.0 (cmd 1.3),0.0 (cmd 0.3)
0.756,1.52,1.32,0.0,-8.06,0.31,0.0,-8.1,1.5,0.0 (cmd 1.3),0.0 (cmd 0.3)
0.7565,1.45,1.32,0.0,-8.03,0.32,0.0,-8.0,1.4,0.0 (cmd 1.3),0.0 (cmd 0.3)
0.757,1.48,1.31,0.0,-7.86,0.36,0.0,-7.9,1.5,0.0 (cmd 1.3),0.0 (cmd 0.4)
0.7575,1.53,1.32,0.0,-7.77,0.42,0.0,-7.8,1.5,0.0 (cmd 1.3),0.0 (cmd 0.4)
0.758,1.61,1.35,0.0,-7.71,0.44,0.0,-7.7,1.6,0.0 (cmd 1.4),0.0 (cmd 0.4)
0.7585,1.75,1.35,0.0,-7.49,0.45,0.0,-7.5,1.8,0.0 (cmd 1.4),0.0 (cmd 0.5)
0.759,1.91,1.37,0.0,-7.42,0.49,0.0,-7.4,1.9,0.0 (cmd 1.4),0.0 (cmd 0.5)
0.7595,2.01,1.41,0.0,-7.45,0.46,0.0,-7.5,2.0,0.0 (cmd 1.4),0.0 (cmd 0.5)
0.76,1.97,1.41,0.0,-7.56,0.43,0.0,-7.6,2.0,0.0 (cmd 1.4),0.0 (cmd 0.4)
0.7605,1.97,1.4,0.0,-7.63,0.39,0.0,-7.6,2.0,0.0 (cmd 1.4),0.0 (cmd 0.4)
0.761,1.95,1.39,0.0,-7.73,0.38,0.0,-7.7,1.9,0.0 (cmd 1.4),0.0 (cmd 0.4)
0.7615,1.81,1.37,0.0,-7.9,0.35,0.0,-7.9,1.8,0.0 (cmd 1.4),0.0 (cmd 0.3)
0.762,1.8,1.35,0.0,-7.93,0.32,0.0,-7.9,1.8,0.0 (cmd 1.4),0.0 (cmd 0.3)
0.7625,1.97,1.36,0.0,-7.84,0.36,0.0,-7.8,2.0,0.0 (cmd 1.4),0.0 (cmd 0.4)
0.763,2.3,1.45,0.0,-7.91,0.35,0.0,-7.9,2.3,0.0 (cmd 1.4),0.0 (cmd 0.3)
0.7635,2.51,1.5,0.0,-8.06,0.33,0.0,-8.1,2.5,0.0 (cmd 1.5),0.0 (cmd 0.3)
0.764,3.18,1.6,0.0,-8.25,0.28,0.0,-8.2,3.2,0.0 (cmd 1.6),0.0 (cmd 0.3)
0.7645,3.48,1.69,0.0,-8.43,0.24,0.0,-8.4,3.5,0.0 (cmd 1.7),0.0 (cmd 0.2)
0.765,3.72,1.74,0.0,-8.78,0.16,0.0,-8.8,3.7,0.0 (cmd 1.7),0.0 (cmd 0.2)
0.7655,3.65,1.72,0.0,-9.13,0.13,0.0,-9.1,3.6,0.0 (cmd 1.7),0.0 (cmd 0.1)
0.766,3.34,1.68,0.0,-9.77,0.16,0.0,-9.8,3.3,0.0 (cmd 1.7),0.0 (cmd 0.2)
0.7665,3.25,1.61,0.0,-10.27,0.0,0.0,-10.3,3.2,0.0 (cmd 1.6),0.0 (cmd 0.0)
0.767,3.32,1.62,0.0,-10.52,0.01,0.0,-10.5,3.3,0.0 (cmd 1.6),0.0 (cmd 0.0)
0.7675,3.58,1.65,0.0,-10.51,0.07,0.0,-10.5,3.6,0.0 (cmd 1.6),0.0 (cmd 0.1)
0.768,3.95,1.69,0.0,-10.39,0.19,0.0,-10.4,4.0,0.0 (cmd 1.7),0.0 (cmd 0.2)
0.7685,4.11,1.75,0.0,-10.17,0.3,0.0,-10.2,4.1,0.0 (cmd 1.8),0.0 (cmd 0.3)
0.769,4.19,1.73,0.0,-10.2,0.38,0.0,-10.2,4.2,0.0 (cmd 1.7),0.0 (cmd 0.4)
0.7695,4.27,1.73,0.0,-10.32,0.39,0.0,-10.3,4.3,0.0 (cmd 1.7),0.0 (cmd 0.4)
0.77,4.26,1.74,0.0,-10.95,0.25,0.0,-10.9,4.3,0.0 (cmd 1.7),0.0 (cmd 0.2)
0.7705,4.15,1.73,0.0,-11.0,0.21,0.0,-11.0,4.2,0.0 (cmd 1.7),0.0 (cmd 0.2)
0.771,4.02,1.66,0.0,-9.93,0.42,0.0,-9.9,4.0,0.0 (cmd 1.7),0.0 (cmd 0.4)
0.7715,3.65,1.48,0.0,-8.72,0.83,0.0,-8.7,3.6,0.0 (cmd 1.5),0.0 (cmd 0.8)
0.772,2.52,1.21,0.0,-7.09,1.13,0.0,-7.1,2.5,0.0 (cmd 1.2),0.0 (cmd 1.1)
0.7725,-0.09,0.87,0.0,-5.21,1.54,0.0,-5.2,-0.1,0.0 (cmd 0.9),0.0 (cmd 1.5)
0.773,-2.4,-0.04,0.0,-3.63,1.84,0.0,-3.6,-2.4,0.0 (cmd -0.0),0.0 (cmd 1.8)
0.7735,-6.93,-1.12,0.0,-2.56,2.27,0.0,-2.6,-6.9,0.0 (cmd -1.1),0.0 (cmd 2.3)
0.774,-11.33,-1.91,0.0,-1.98,2.14,0.0,-2.0,-11.3,0.0 (cmd -1.9),0.0 (cmd 2.1)
0.7745,-16.18,-2.42,0.0,-1.54,2.02,0.0,-1.5,-16.2,0.0 (cmd -2.4),0.0 (cmd 2.0)
0.775,-17.82,-2.81,0.0,-0.78,1.88,0.0,-0.8,-17.8,0.0 (cmd -2.8),0.0 (cmd 1.9)
0.7755,-18.97,-2.77,0.0,0.18,1.9,0.0,0.2,-19.0,0.0 (cmd -2.8),0.0 (cmd 1.9)
0.776,-18.51,-2.08,0.0,1.67,1.66,0.0,1.7,-18.5,0.0 (cmd -2.1),0.0 (cmd 1.7)
0.7765,-17.6,-1.51,0.0,2.85,1.71,0.0,2.9,-17.6,0.0 (cmd -1.5),0.0 (cmd 1.7)
0.777,-11.69,-0.17,0.0,2.93,1.52,0.0,2.9,-11.7,0.0 (cmd -0.2),0.0 (cmd 1.5)
0.7775,-8.06,1.59,0.0,2.59,0.97,0.0,2.6,-8.1,0.0 (cmd 1.6),0.0 (cmd 1.0)
0.778,-8.28,1.9,0.0,2.44,0.64,0.0,2.4,-8.3,0.0 (cmd 1.9),0.0 (cmd 0.6)
0.7785,-8.11,1.53,0.0,2.7,0.53,0.0,2.7,-8.1,0.0 (cmd 1.5),0.0 (cmd 0.5)
0.779,-7.22,1.6,0.0,2.84,0.5,0.0,2.8,-7.2,0.0 (cmd 1.6),0.0 (cmd 0.5)
0.7795,-7.68,1.47,0.0,2.69,0.39,0.0,2.7,-7.7,0.0 (cmd 1.5),0.0 (cmd 0.4)
0.78,-8.27,1.1,0.0,2.61,0.32,0.0,2.6,-8.3,0.0 (cmd 1.1),0.0 (cmd 0.3)
0.7805,-8.74,0.82,0.0,2.42,0.26,0.0,2.4,-8.7,0.0 (cmd 0.8),0.0 (cmd 0.3)
0.781,-9.07,0.68,0.0,2.25,0.2,0.0,2.2,-9.1,0.0 (cmd 0.7),0.0 (cmd 0.2)
0.7815,-9.53,0.61,0.0,2.27,0.17,0.0,2.3,-9.5,0.0 (cmd 0.6),0.0 (cmd 0.2)
0.782,-9.64,0.51,0.0,2.45,0.21,0.0,2.5,-9.6,0.0 (cmd 0.5),0.0 (cmd 0.2)
0.7825,-9.73,0.5,0.0,2.47,0.25,0.0,2.5,-9.7,0.0 (cmd 0.5),0.0 (cmd 0.2)
0.783,-9.48,0.56,0.0,2.36,0.21,0.0,2.4,-9.5,0.0 (cmd 0.6),0.0 (cmd 0.2)
0.7835,-8.93,0.63,0.0,2.33,0.16,0.0,2.3,-8.9,0.0 (cmd 0.6),0.0 (cmd 0.2)
0.784,-8.74,0.8,0.0,2.3,0.13,0.0,2.3,-8.7,0.0 (cmd 0.8),0.0 (cmd 0.1)
0.7845,-8.54,0.85,0.0,2.2,0.12,0.0,2.2,-8.5,0.0 (cmd 0.8),0.0 (cmd 0.1)
0.785,-8.49,0.83,0.0,2.09,0.09,0.0,2.1,-8.5,0.0 (cmd 0.8),0.0 (cmd 0.1)
0.7855,-8.61,0.81,0.0,2.01,0.06,0.0,2.0,-8.6,0.0 (cmd 0.8),0.0 (cmd 0.1)
0.786,-8.79,0.71,0.0,1.92,0.06,0.0,1.9,-8.8,0.0 (cmd 0.7),0.0 (cmd 0.1)
0.7865,-8.91,0.68,0.0,1.82,0.07,0.0,1.8,-8.9,0.0 (cmd 0.7),0.0 (cmd 0.1)
0.787,-9.06,0.66,0.0,1.78,0.07,0.0,1.8,-9.1,0.0 (cmd 0.7),0.0 (cmd 0.1)
0.7875,-9.2,0.62,0.0,1.72,0.07,0.0,1.7,-9.2,0.0 (cmd 0.6),0.0 (cmd 0.1)
0.788,-9.23,0.6,0.0,1.69,0.08,0.0,1.7,-9.2,0.0 (cmd 0.6),0.0 (cmd 0.1)
0.7885,-9.65,0.61,0.0,1.68,0.1,0.0,1.7,-9.7,0.0 (cmd 0.6),0.0 (cmd 0.1)
0.789,-9.81,0.5,0.0,1.63,0.13,0.0,1.6,-9.8,0.0 (cmd 0.5),0.0 (cmd 0.1)
0.7895,-9.85,0.52,0.0,1.58,0.12,0.0,1.6,-9.8,0.0 (cmd 0.5),0.0 (cmd 0.1)
0.79,-9.89,0.55,0.0,1.45,0.11,0.0,1.4,-9.9,0.0 (cmd 0.6),0.0 (cmd 0.1)
0.7905,-10.04,0.55,0.0,1.34,0.09,0.0,1.3,-10.0,0.0 (cmd 0.6),0.0 (cmd 0.1)
0.791,-10.16,0.54,0.0,1.22,0.06,0.0,1.2,-10.2,0.0 (cmd 0.5),0.0 (cmd 0.1)
0.7915,-10.33,0.56,0.0,1.11,0.06,0.0,1.1,-10.3,0.0 (cmd 0.6),0.0 (cmd 0.1)
0.792,-10.44,0.54,0.0,0.96,0.07,0.0,1.0,-10.4,0.0 (cmd 0.5),0.0 (cmd 0.1)
0.7925,-10.61,0.55,0.0,0.72,0.04,0.0,0.7,-10.6,0.0 (cmd 0.6),0.0 (cmd 0.0)
0.793,-10.91,0.51,0.0,0.28,-0.04,0.0,0.3,-10.9,0.0 (cmd 0.5),0.0 (cmd -0.0)
0.7935,-11.73,0.52,0.0,-0.11,-0.08,0.0,-0.1,-11.7,0.0 (cmd 0.5),0.0 (cmd -0.1)
0.794,-12.69,0.29,0.0,-0.21,-0.04,0.0,-0.2,-12.7,0.0 (cmd 0.3),0.0 (cmd -0.0)
0.7945,-12.91,0.19,0.0,-0.27,0.0,0.0,-0.3,-12.9,0.0 (cmd 0.2),0.0 (cmd 0.0)
0.795,-13.35,0.18,0.0,-0.32,0.04,0.0,-0.3,-13.3,0.0 (cmd 0.2),0.0 (cmd 0.0)
0.7955,-13.05,0.26,0.0,-0.27,0.07,0.0,-0.3,-13.1,0.0 (cmd 0.3),0.0 (cmd 0.1)
0.796,-12.66,0.43,0.0,-0.2,0.11,0.0,-0.2,-12.7,0.0 (cmd 0.4),0.0 (cmd 0.1)
0.7965,-11.59,0.73,0.0,-0.18,0.11,0.0,-0.2,-11.6,0.0 (cmd 0.7),0.0 (cmd 0.1)
0.797,-10.55,0.98,0.0,-0.28,0.08,0.0,-0.3,-10.6,0.0 (cmd 1.0),0.0 (cmd 0.1)
0.7975,-9.46,1.22,0.0,-0.28,0.04,0.0,-0.3,-9.5,0.0 (cmd 1.2),0.0 (cmd 0.0)
0.798,-8.46,1.38,0.0,-0.24,0.04,0.0,-0.2,-8.5,0.0 (cmd 1.4),0.0 (cmd 0.0)
0.7985,-7.4,1.62,0.0,-0.28,0.01,0.0,-0.3,-7.4,0.0 (cmd 1.6),0.0 (cmd 0.0)
0.799,-5.5,1.6,0.0,-0.31,0.0,0.0,-0.3,-5.5,0.0 (cmd 1.6),0.0 (cmd 0.0)
0.7995,-5.18,1.81,0.0,-0.34,-0.03,0.0,-0.3,-5.2,0.0 (cmd 1.8),0.0 (cmd -0.0)
0.8,-4.75,1.72,0.0,-0.66,-0.06,0.0,-0.7,-4.8,0.0 (cmd 1.7),0.0 (cmd -0.1)
0.8005,-4.33,1.65,0.0,-1.03,-0.14,0.0,-1.0,-4.3,0.0 (cmd 1.6),0.0 (cmd -0.1)
0.801,-3.83,1.6,0.0,-1.74,-0.22,0.0,-1.7,-3.8,0.0 (cmd 1.6),0.0 (cmd -0.2)
0.8015,-3.53,1.59,0.0,-2.33,-0.39,0.0,-2.3,-3.5,0.0 (cmd 1.6),0.0 (cmd -0.4)
0.802,-2.76,1.63,0.0,-2.99,-0.44,0.0,-3.0,-2.8,0.0 (cmd 1.6),0.0 (cmd -0.4)
0.8025,-1.44,1.72,0.0,-4.54,-0.57,0.0,-4.5,-1.4,0.0 (cmd 1.7),0.0 (cmd -0.6)
0.803,-0.93,1.91,0.0,-6.41,-0.9,0.0,-6.4,-0.9,0.0 (cmd 1.9),0.0 (cmd -0.9)
0.8035,-0.35,2.05,0.0,-8.62,-1.61,0.0,-8.6,-0.3,0.0 (cmd 2.0),0.0 (cmd -1.6)
0.804,-0.44,2.04,0.0,-10.68,-1.63,0.0,-10.7,-0.4,0.0 (cmd 2.0),0.0 (cmd -1.6)
0.8045,-1.1,1.87,0.0,-10.86,-1.46,0.0,-10.9,-1.1,0.0 (cmd 1.9),0.0 (cmd -1.5)
0.805,-1.37,1.64,0.0,-10.78,-0.98,0.0,-10.8,-1.4,0.0 (cmd 1.6),0.0 (cmd -1.0)
0.8055,-1.43,1.53,0.0,-10.88,-0.62,0.0,-10.9,-1.4,0.0 (cmd 1.5),0.0 (cmd -0.6)
0.806,-1.15,1.57,0.0,-11.6,-0.48,0.0,-11.6,-1.1,0.0 (cmd 1.6),0.0 (cmd -0.5)
0.8065,-0.98,1.63,0.0,-12.16,-0.49,0.0,-12.2,-1.0,0.0 (cmd 1.6),0.0 (cmd -0.5)
0.807,-0.61,1.75,0.0,-13.46,-0.55,0.0,-13.5,-0.6,0.0 (cmd 1.8),0.0 (cmd -0.6)
0.8075,-0.2,1.84,0.0,-14.08,-0.51,0.0,-14.1,-0.2,0.0 (cmd 1.8),0.0 (cmd -0.5)
0.808,0.14,1.91,0.0,-14.3,-0.44,0.0,-14.3,0.1,0.0 (cmd 1.9),0.0 (cmd -0.4)
0.8085,0.35,1.92,0.0,-14.16,-0.23,0.0,-14.2,0.3,0.0 (cmd 1.9),0.0 (cmd -0.2)
0.809,0.52,1.9,0.0,-13.75,0.03,0.0,-13.8,0.5,0.0 (cmd 1.9),0.0 (cmd 0.0)
0.8095,0.51,1.84,0.0,-13.19,0.29,0.0,-13.2,0.5,0.0 (cmd 1.8),0.0 (cmd 0.3)
0.81,0.48,1.75,0.0,-12.65,0.5,0.0,-12.7,0.5,0.0 (cmd 1.8),0.0 (cmd 0.5)
0.8105,0.55,1.64,0.0,-11.2,0.78,0.0,-11.2,0.6,0.0 (cmd 1.6),0.0 (cmd 0.8)
0.811,0.85,1.53,0.0,-9.39,1.19,0.0,-9.4,0.8,0.0 (cmd 1.5),0.0 (cmd 1.2)
0.8115,1.11,1.48,0.0,-8.33,1.45,0.0,-8.3,1.1,0.0 (cmd 1.5),0.0 (cmd 1.4)
0.812,1.42,1.48,0.0,-7.99,1.45,0.0,-8.0,1.4,0.0 (cmd 1.5),0.0 (cmd 1.4)
0.8125,1.75,1.52,0.0,-7.43,1.28,0.0,-7.4,1.8,0.0 (cmd 1.5),0.0 (cmd 1.3)
0.813,1.82,1.5,0.0,-6.78,1.16,0.0,-6.8,1.8,0.0 (cmd 1.5),0.0 (cmd 1.2)
0.8135,1.74,1.4,0.0,-6.35,1.21,0.0,-6.3,1.7,0.0 (cmd 1.4),0.0 (cmd 1.2)
0.814,1.34,1.3,0.0,-5.54,1.16,0.0,-5.5,1.3,0.0 (cmd 1.3),0.0 (cmd 1.2)
0.8145,0.79,1.05,0.0,-3.97,1.42,0.0,-4.0,0.8,0.0 (cmd 1.1),0.0 (cmd 1.4)
0.815,-0.16,0.8,0.0,-3.12,1.55,0.0,-3.1,-0.2,0.0 (cmd 0.8),0.0 (cmd 1.6)
0.8155,-0.79,0.61,0.0,-2.86,1.38,0.0,-2.9,-0.8,0.0 (cmd 0.6),0.0 (cmd 1.4)
0.816,-2.37,0.34,0.0,-2.47,1.29,0.0,-2.5,-2.4,0.0 (cmd 0.3),0.0 (cmd 1.3)
0.8165,-4.48,0.13,0.0,-2.19,1.18,0.0,-2.2,-4.5,0.0 (cmd 0.1),0.0 (cmd 1.2)
0.817,-9.07,-0.92,0.0,-1.88,1.28,0.0,-1.9,-9.1,0.0 (cmd -0.9),0.0 (cmd 1.3)
0.8175,-10.87,-1.48,0.0,-1.52,1.27,0.0,-1.5,-10.9,0.0 (cmd -1.5),0.0 (cmd 1.3)
0.818,-12.26,-1.3,0.0,-1.25,1.17,0.0,-1.2,-12.3,0.0 (cmd -1.3),0.0 (cmd 1.2)
0.8185,-12.69,-1.1,0.0,-1.13,1.03,0.0,-1.1,-12.7,0.0 (cmd -1.1),0.0 (cmd 1.0)
0.819,-12.66,-0.79,0.0,-1.15,0.85,0.0,-1.1,-12.7,0.0 (cmd -0.8),0.0 (cmd 0.8)
0.8195,-12.33,-0.39,0.0,-1.19,0.67,0.0,-1.2,-12.3,0.0 (cmd -0.4),0.0 (cmd 0.7)
0.82,-11.9,-0.05,0.0,-1.21,0.53,0.0,-1.2,-11.9,0.0 (cmd -0.1),0.0 (cmd 0.5)
0.8205,-11.44,0.24,0.0,-1.19,0.44,0.0,-1.2,-11.4,0.0 (cmd 0.2),0.0 (cmd 0.4)
0.821,-11.13,0.47,0.0,-1.32,0.35,0.0,-1.3,-11.1,0.0 (cmd 0.5),0.0 (cmd 0.3)
0.8215,-10.82,0.61,0.0,-1.46,0.27,0.0,-1.5,-10.8,0.0 (cmd 0.6),0.0 (cmd 0.3)
0.822,-10.67,0.7,0.0,-1.51,0.21,0.0,-1.5,-10.7,0.0 (cmd 0.7),0.0 (cmd 0.2)
0.8225,-10.6,0.75,0.0,-1.56,0.18,0.0,-1.6,-10.6,0.0 (cmd 0.8),0.0 (cmd 0.2)
0.823,-10.32,0.81,0.0,-1.71,0.15,0.0,-1.7,-10.3,0.0 (cmd 0.8),0.0 (cmd 0.1)
0.8235,-9.79,0.88,0.0,-1.75,0.12,0.0,-1.8,-9.8,0.0 (cmd 0.9),0.0 (cmd 0.1)
0.824,-9.29,1.0,0.0,-1.86,0.08,0.0,-1.9,-9.3,0.0 (cmd 1.0),0.0 (cmd 0.1)
0.8245,-8.71,1.13,0.0,-1.93,0.05,0.0,-1.9,-8.7,0.0 (cmd 1.1),0.0 (cmd 0.1)
0.825,-7.77,1.17,0.0,-1.99,0.06,0.0,-2.0,-7.8,0.0 (cmd 1.2),0.0 (cmd 0.1)
0.8255,-6.88,1.32,0.0,-3.13,-0.11,0.0,-3.1,-6.9,0.0 (cmd 1.3),0.0 (cmd -0.1)
0.826,-4.5,1.65,0.0,-3.68,-0.35,0.0,-3.7,-4.5,0.0 (cmd 1.6),0.0 (cmd -0.3)
0.8265,-2.86,2.36,0.0,-4.34,-0.53,0.0,-4.3,-2.9,0.0 (cmd 2.4),0.0 (cmd -0.5)
0.827,-1.29,2.38,0.0,-5.68,-0.64,0.0,-5.7,-1.3,0.0 (cmd 2.4),0.0 (cmd -0.6)
0.8275,-0.29,2.35,0.0,-6.37,-0.86,0.0,-6.4,-0.3,0.0 (cmd 2.4),0.0 (cmd -0.9)
0.828,0.46,2.52,0.0,-9.32,-1.22,0.0,-9.3,0.5,0.0 (cmd 2.5),0.0 (cmd -1.2)
0.8285,0.91,2.46,0.0,-12.38,-1.32,0.0,-12.4,0.9,0.0 (cmd 2.5),0.0 (cmd -1.3)
0.829,0.78,2.45,0.0,-14.36,-1.91,0.0,-14.4,0.8,0.0 (cmd 2.5),0.0 (cmd -1.9)
0.8295,0.52,2.32,0.0,-15.36,-1.97,0.0,-15.4,0.5,0.0 (cmd 2.3),0.0 (cmd -2.0)
0.83,0.07,2.18,0.0,-15.75,-1.46,0.0,-15.8,0.1,0.0 (cmd 2.2),0.0 (cmd -1.5)
0.8305,-0.33,1.99,0.0,-15.98,-1.03,0.0,-16.0,-0.3,0.0 (cmd 2.0),0.0 (cmd -1.0)
0.831,-0.41,1.87,0.0,-16.11,-0.65,0.0,-16.1,-0.4,0.0 (cmd 1.9),0.0 (cmd -0.7)
0.8315,-0.53,1.82,0.0,-16.17,-0.38,0.0,-16.2,-0.5,0.0 (cmd 1.8),0.0 (cmd -0.4)
0.832,-0.63,1.76,0.0,-16.06,-0.12,0.0,-16.1,-0.6,0.0 (cmd 1.8),0.0 (cmd -0.1)
0.8325,-0.74,1.72,0.0,-15.98,0.09,0.0,-16.0,-0.7,0.0 (cmd 1.7),0.0 (cmd 0.1)
0.833,-0.81,1.69,0.0,-15.98,0.25,0.0,-16.0,-0.8,0.0 (cmd 1.7),0.0 (cmd 0.2)
0.8335,-0.85,1.67,0.0,-16.08,0.34,0.0,-16.1,-0.8,0.0 (cmd 1.7),0.0 (cmd 0.3)
0.834,-0.77,1.68,0.0,-16.04,0.39,0.0,-16.0,-0.8,0.0 (cmd 1.7),0.0 (cmd 0.4)
0.8345,-0.68,1.7,0.0,-16.04,0.47,0.0,-16.0,-0.7,0.0 (cmd 1.7),0.0 (cmd 0.5)
0.835,-0.48,1.73,0.0,-15.78,0.57,0.0,-15.8,-0.5,0.0 (cmd 1.7),0.0 (cmd 0.6)
0.8355,-0.23,1.76,0.0,-15.73,0.6,0.0,-15.7,-0.2,0.0 (cmd 1.8),0.0 (cmd 0.6)
0.836,0.0,1.81,0.0,-15.76,0.61,0.0,-15.8,0.0,0.0 (cmd 1.8),0.0 (cmd 0.6)
0.8365,0.14,1.83,0.0,-15.64,0.63,0.0,-15.6,0.1,0.0 (cmd 1.8),0.0 (cmd 0.6)
0.837,0.44,1.85,0.0,-15.37,0.66,0.0,-15.4,0.4,0.0 (cmd 1.9),0.0 (cmd 0.7)
0.8375,0.61,1.84,0.0,-14.99,0.75,0.0,-15.0,0.6,0.0 (cmd 1.8),0.0 (cmd 0.8)
0.838,0.72,1.83,0.0,-14.63,0.83,0.0,-14.6,0.7,0.0 (cmd 1.8),0.0 (cmd 0.8)
0.8385,1.34,1.78,0.0,-13.91,0.91,0.0,-13.9,1.3,0.0 (cmd 1.8),0.0 (cmd 0.9)
0.839,1.58,1.86,0.0,-12.68,1.06,0.0,-12.7,1.6,0.0 (cmd 1.9),0.0 (cmd 1.1)
0.8395,1.91,1.79,0.0,-12.15,1.22,0.0,-12.2,1.9,0.0 (cmd 1.8),0.0 (cmd 1.2)
0.84,2.34,1.79,0.0,-11.27,1.31,0.0,-11.3,2.3,0.0 (cmd 1.8),0.0 (cmd 1.3)
0.8405,2.67,1.82,0.0,-10.25,1.31,0.0,-10.2,2.7,0.0 (cmd 1.8),0.0 (cmd 1.3)
0.841,2.41,1.72,0.0,-8.39,1.36,0.0,-8.4,2.4,0.0 (cmd 1.7),0.0 (cmd 1.4)
0.8415,1.72,1.41,0.0,-6.62,1.74,0.0,-6.6,1.7,0.0 (cmd 1.4),0.0 (cmd 1.7)
0.842,0.67,0.87,0.0,-4.2,2.15,0.0,-4.2,0.7,0.0 (cmd 0.9),0.0 (cmd 2.1)
0.8425,-1.15,0.46,0.0,-3.72,2.32,0.0,-3.7,-1.1,0.0 (cmd 0.5),0.0 (cmd 2.3)
0.843,-2.89,-0.03,0.0,-0.7,2.63,0.0,-0.7,-2.9,0.0 (cmd -0.0),0.0 (cmd 2.6)
0.8435,-4.58,-0.46,0.0,-0.2,2.47,0.0,-0.2,-4.6,0.0 (cmd -0.5),0.0 (cmd 2.5)
0.844,-6.2,-0.78,0.0,0.18,2.15,0.0,0.2,-6.2,0.0 (cmd -0.8),0.0 (cmd 2.1)
0.8445,-8.54,-0.88,0.0,0.35,1.81,0.0,0.3,-8.5,0.0 (cmd -0.9),0.0 (cmd 1.8)
0.845,-9.33,-0.9,0.0,0.42,1.53,0.0,0.4,-9.3,0.0 (cmd -0.9),0.0 (cmd 1.5)
0.8455,-9.6,-0.77,0.0,0.88,1.28,0.0,0.9,-9.6,0.0 (cmd -0.8),0.0 (cmd 1.3)
0.846,-9.2,-0.44,0.0,1.12,1.14,0.0,1.1,-9.2,0.0 (cmd -0.4),0.0 (cmd 1.1)
0.8465,-8.55,-0.07,0.0,1.25,0.95,0.0,1.2,-8.6,0.0 (cmd -0.1),0.0 (cmd 0.9)
0.847,-8.14,0.24,0.0,1.27,0.76,0.0,1.3,-8.1,0.0 (cmd 0.2),0.0 (cmd 0.8)
0.8475,-7.84,0.49,0.0,1.28,0.61,0.0,1.3,-7.8,0.0 (cmd 0.5),0.0 (cmd 0.6)
0.848,-7.66,0.6,0.0,1.24,0.49,0.0,1.2,-7.7,0.0 (cmd 0.6),0.0 (cmd 0.5)
0.8485,-7.75,0.64,0.0,1.11,0.38,0.0,1.1,-7.8,0.0 (cmd 0.6),0.0 (cmd 0.4)
0.849,-7.76,0.63,0.0,0.97,0.29,0.0,1.0,-7.8,0.0 (cmd 0.6),0.0 (cmd 0.3)
0.8495,-7.59,0.67,0.0,0.86,0.21,0.0,0.9,-7.6,0.0 (cmd 0.7),0.0 (cmd 0.2)
0.85,-7.41,0.73,0.0,0.86,0.18,0.0,0.9,-7.4,0.0 (cmd 0.7),0.0 (cmd 0.2)
0.8505,-7.07,0.79,0.0,1.23,0.17,0.0,1.2,-7.1,0.0 (cmd 0.8),0.0 (cmd 0.2)
0.851,-6.33,0.97,0.0,1.25,0.24,0.0,1.2,-6.3,0.0 (cmd 1.0),0.0 (cmd 0.2)
0.8515,-5.57,1.06,0.0,1.11,0.18,0.0,1.1,-5.6,0.0 (cmd 1.1),0.0 (cmd 0.2)
0.852,-4.66,1.18,0.0,0.83,0.06,0.0,0.8,-4.7,0.0 (cmd 1.2),0.0 (cmd 0.1)
0.8525,-4.02,1.36,0.0,0.7,-0.02,0.0,0.7,-4.0,0.0 (cmd 1.4),0.0 (cmd -0.0)
0.853,-3.39,1.4,0.0,0.56,-0.05,0.0,0.6,-3.4,0.0 (cmd 1.4),0.0 (cmd -0.1)
0.8535,-2.54,1.4,0.0,0.51,-0.04,0.0,0.5,-2.5,0.0 (cmd 1.4),0.0 (cmd -0.0)
0.854,-1.28,1.58,0.0,0.37,-0.1,0.0,0.4,-1.3,0.0 (cmd 1.6),0.0 (cmd -0.1)
0.8545,0.15,1.83,0.0,0.05,-0.18,0.0,0.1,0.1,0.0 (cmd 1.8),0.0 (cmd -0.2)
0.855,0.98,1.88,0.0,-0.66,-0.24,0.0,-0.7,1.0,0.0 (cmd 1.9),0.0 (cmd -0.2)
0.8555,1.46,1.91,0.0,-1.12,-0.43,0.0,-1.1,1.5,0.0 (cmd 1.9),0.0 (cmd -0.4)
0.856,2.13,1.98,0.0,-2.06,-0.6,0.0,-2.1,2.1,0.0 (cmd 2.0),0.0 (cmd -0.6)
0.8565,3.06,1.92,0.0,-3.58,-0.77,0.0,-3.6,3.1,0.0 (cmd 1.9),0.0 (cmd -0.8)
0.857,3.7,1.99,0.0,-4.06,-0.84,0.0,-4.1,3.7,0.0 (cmd 2.0),0.0 (cmd -0.8)
0.8575,4.09,2.04,0.0,-5.73,-1.03,0.0,-5.7,4.1,0.0 (cmd 2.0),0.0 (cmd -1.0)
0.858,4.49,2.06,0.0,-7.28,-1.15,0.0,-7.3,4.5,0.0 (cmd 2.1),0.0 (cmd -1.1)
0.8585,4.52,2.05,0.0,-8.84,-1.27,0.0,-8.8,4.5,0.0 (cmd 2.0),0.0 (cmd -1.3)
0.859,4.43,1.98,0.0,-9.93,-1.26,0.0,-9.9,4.4,0.0 (cmd 2.0),0.0 (cmd -1.3)
0.8595,4.07,1.9,0.0,-11.1,-1.3,0.0,-11.1,4.1,0.0 (cmd 1.9),0.0 (cmd -1.3)
0.86,3.92,1.84,0.0,-11.78,-1.07,0.0,-11.8,3.9,0.0 (cmd 1.8),0.0 (cmd -1.1)
0.8605,3.92,1.81,0.0,-12.02,-0.82,0.0,-12.0,3.9,0.0 (cmd 1.8),0.0 (cmd -0.8)
0.861,3.96,1.81,0.0,-12.09,-0.57,0.0,-12.1,4.0,0.0 (cmd 1.8),0.0 (cmd -0.6)
0.8615,4.04,1.79,0.0,-11.88,-0.27,0.0,-11.9,4.0,0.0 (cmd 1.8),0.0 (cmd -0.3)
0.862,4.07,1.76,0.0,-11.4,0.0,0.0,-11.4,4.1,0.0 (cmd 1.8),0.0 (cmd 0.0)
0.8625,4.1,1.72,0.0,-10.97,0.24,0.0,-11.0,4.1,0.0 (cmd 1.7),0.0 (cmd 0.2)
0.863,4.12,1.68,0.0,-10.26,0.43,0.0,-10.3,4.1,0.0 (cmd 1.7),0.0 (cmd 0.4)
0.8635,4.09,1.62,0.0,-9.91,0.61,0.0,-9.9,4.1,0.0 (cmd 1.6),0.0 (cmd 0.6)
0.864,4.07,1.58,0.0,-9.83,0.68,0.0,-9.8,4.1,0.0 (cmd 1.6),0.0 (cmd 0.7)
0.8645,4.06,1.57,0.0,-9.87,0.65,0.0,-9.9,4.1,0.0 (cmd 1.6),0.0 (cmd 0.7)
0.865,3.99,1.57,0.0,-10.07,0.56,0.0,-10.1,4.0,0.0 (cmd 1.6),0.0 (cmd 0.6)
0.8655,3.9,1.56,0.0,-10.33,0.51,0.0,-10.3,3.9,0.0 (cmd 1.6),0.0 (cmd 0.5)
0.866,3.88,1.56,0.0,-10.46,0.47,0.0,-10.5,3.9,0.0 (cmd 1.6),0.0 (cmd 0.5)
0.8665,3.77,1.55,0.0,-10.48,0.45,0.0,-10.5,3.8,0.0 (cmd 1.6),0.0 (cmd 0.5)
0.867,3.78,1.55,0.0,-10.22,0.48,0.0,-10.2,3.8,0.0 (cmd 1.6),0.0 (cmd 0.5)
0.8675,3.87,1.54,0.0,-9.78,0.58,0.0,-9.8,3.9,0.0 (cmd 1.5),0.0 (cmd 0.6)
0.868,3.89,1.47,0.0,-8.57,0.93,0.0,-8.6,3.9,0.0 (cmd 1.5),0.0 (cmd 0.9)
0.8685,3.9,1.41,0.0,-7.76,1.07,0.0,-7.8,3.9,0.0 (cmd 1.4),0.0 (cmd 1.1)
0.869,3.86,1.41,0.0,-7.29,1.01,0.0,-7.3,3.9,0.0 (cmd 1.4),0.0 (cmd 1.0)
0.8695,3.6,1.35,0.0,-7.08,1.01,0.0,-7.1,3.6,0.0 (cmd 1.4),0.0 (cmd 1.0)
0.87,3.1,1.17,0.0,-6.62,1.05,0.0,-6.6,3.1,0.0 (cmd 1.2),0.0 (cmd 1.1)
0.8705,2.02,0.98,0.0,-4.88,1.15,0.0,-4.9,2.0,0.0 (cmd 1.0),0.0 (cmd 1.1)
0.871,0.4,0.73,0.0,-3.66,1.4,0.0,-3.7,0.4,0.0 (cmd 0.7),0.0 (cmd 1.4)
0.8715,-1.22,0.24,0.0,-2.56,1.69,0.0,-2.6,-1.2,0.0 (cmd 0.2),0.0 (cmd 1.7)
0.872,-3.56,-0.36,0.0,-1.74,1.75,0.0,-1.7,-3.6,0.0 (cmd -0.4),0.0 (cmd 1.8)
0.8725,-5.47,-0.5,0.0,-0.66,1.66,0.0,-0.7,-5.5,0.0 (cmd -0.5),0.0 (cmd 1.7)
0.873,-6.5,-0.72,0.0,0.0,1.64,0.0,0.0,-6.5,0.0 (cmd -0.7),0.0 (cmd 1.6)
0.8735,-6.77,-0.7,0.0,0.41,1.57,0.0,0.4,-6.8,0.0 (cmd -0.7),0.0 (cmd 1.6)
0.874,-7.92,-0.63,0.0,0.41,1.33,0.0,0.4,-7.9,0.0 (cmd -0.6),0.0 (cmd 1.3)
0.8745,-8.55,-0.47,0.0,0.13,1.01,0.0,0.1,-8.6,0.0 (cmd -0.5),0.0 (cmd 1.0)
0.875,-8.89,-0.35,0.0,0.12,0.79,0.0,0.1,-8.9,0.0 (cmd -0.3),0.0 (cmd 0.8)
0.8755,-9.67,-0.29,0.0,0.3,0.7,0.0,0.3,-9.7,0.0 (cmd -0.3),0.0 (cmd 0.7)
0.876,-10.27,-0.25,0.0,0.59,0.65,0.0,0.6,-10.3,0.0 (cmd -0.2),0.0 (cmd 0.7)
0.8765,-10.46,-0.18,0.0,0.77,0.63,0.0,0.8,-10.5,0.0 (cmd -0.2),0.0 (cmd 0.6)
0.877,-10.35,0.0,0.0,0.92,0.59,0.0,0.9,-10.3,0.0 (cmd 0.0),0.0 (cmd 0.6)
0.8775,-9.87,0.22,0.0,0.84,0.5,0.0,0.8,-9.9,0.0 (cmd 0.2),0.0 (cmd 0.5)
0.878,-9.12,0.48,0.0,0.78,0.37,0.0,0.8,-9.1,0.0 (cmd 0.5),0.0 (cmd 0.4)
0.8785,-8.54,0.66,0.0,0.81,0.29,0.0,0.8,-8.5,0.0 (cmd 0.7),0.0 (cmd 0.3)
0.879,-7.94,0.91,0.0,1.13,0.28,0.0,1.1,-7.9,0.0 (cmd 0.9),0.0 (cmd 0.3)
0.8795,-7.05,0.97,0.0,1.76,0.31,0.0,1.8,-7.0,0.0 (cmd 1.0),0.0 (cmd 0.3)
0.88,-6.5,1.15,0.0,2.37,0.42,0.0,2.4,-6.5,0.0 (cmd 1.1),0.0 (cmd 0.4)
0.8805,-6.14,1.11,0.0,2.84,0.58,0.0,2.8,-6.1,0.0 (cmd 1.1),0.0 (cmd 0.6)
0.881,-6.46,1.05,0.0,2.75,0.5,0.0,2.8,-6.5,0.0 (cmd 1.1),0.0 (cmd 0.5)
0.8815,-6.79,0.85,0.0,2.41,0.37,0.0,2.4,-6.8,0.0 (cmd 0.8),0.0 (cmd 0.4)
0.882,-6.68,0.8,0.0,1.79,0.19,0.0,1.8,-6.7,0.0 (cmd 0.8),0.0 (cmd 0.2)
0.8825,-6.11,0.98,0.0,0.82,-0.14,0.0,0.8,-6.1,0.0 (cmd 1.0),0.0 (cmd -0.1)
0.883,-5.13,1.06,0.0,-0.31,-0.26,0.0,-0.3,-5.1,0.0 (cmd 1.1),0.0 (cmd -0.3)
0.8835,-2.3,1.73,0.0,-1.08,-0.59,0.0,-1.1,-2.3,0.0 (cmd 1.7),0.0 (cmd -0.6)
0.884,-0.57,2.06,0.0,-2.19,-0.81,0.0,-2.2,-0.6,0.0 (cmd 2.1),0.0 (cmd -0.8)
0.8845,0.56,2.19,0.0,-3.37,-1.0,0.0,-3.4,0.6,0.0 (cmd 2.2),0.0 (cmd -1.0)
0.885,1.21,2.27,0.0,-4.47,-1.08,0.0,-4.5,1.2,0.0 (cmd 2.3),0.0 (cmd -1.1)
0.8855,1.86,2.17,0.0,-4.76,-1.13,0.0,-4.8,1.9,0.0 (cmd 2.2),0.0 (cmd -1.1)
0.886,2.72,2.27,0.0,-6.35,-1.08,0.0,-6.3,2.7,0.0 (cmd 2.3),0.0 (cmd -1.1)
0.8865,3.22,2.3,0.0,-9.47,-1.79,0.0,-9.5,3.2,0.0 (cmd 2.3),0.0 (cmd -1.8)
0.887,3.3,2.28,0.0,-10.61,-1.73,0.0,-10.6,3.3,0.0 (cmd 2.3),0.0 (cmd -1.7)
0.8875,3.33,2.22,0.0,-11.95,-1.72,0.0,-11.9,3.3,0.0 (cmd 2.2),0.0 (cmd -1.7)
0.888,3.32,2.13,0.0,-12.47,-1.33,0.0,-12.5,3.3,0.0 (cmd 2.1),0.0 (cmd -1.3)
0.8885,3.45,2.08,0.0,-12.53,-1.04,0.0,-12.5,3.5,0.0 (cmd 2.1),0.0 (cmd -1.0)
0.889,3.86,2.06,0.0,-12.21,-0.61,0.0,-12.2,3.9,0.0 (cmd 2.1),0.0 (cmd -0.6)
0.8895,4.2,2.05,0.0,-11.61,-0.21,0.0,-11.6,4.2,0.0 (cmd 2.0),0.0 (cmd -0.2)
0.89,4.48,2.0,0.0,-11.28,0.09,0.0,-11.3,4.5,0.0 (cmd 2.0),0.0 (cmd 0.1)
0.8905,4.51,1.89,0.0,-10.1,0.5,0.0,-10.1,4.5,0.0 (cmd 1.9),0.0 (cmd 0.5)
0.891,4.25,1.76,0.0,-8.72,0.65,0.0,-8.7,4.2,0.0 (cmd 1.8),0.0 (cmd 0.7)
0.8915,3.93,1.52,0.0,-7.9,1.01,0.0,-7.9,3.9,0.0 (cmd 1.5),0.0 (cmd 1.0)
0.892,3.03,1.28,0.0,-6.16,1.16,0.0,-6.2,3.0,0.0 (cmd 1.3),0.0 (cmd 1.2)
0.8925,1.79,0.93,0.0,-4.69,1.65,0.0,-4.7,1.8,0.0 (cmd 0.9),0.0 (cmd 1.6)
0.893,-0.04,0.28,0.0,-3.11,1.96,0.0,-3.1,-0.0,0.0 (cmd 0.3),0.0 (cmd 2.0)
0.8935,-2.39,-0.09,0.0,-1.21,2.03,0.0,-1.2,-2.4,0.0 (cmd -0.1),0.0 (cmd 2.0)
0.894,-7.0,-0.46,0.0,-0.24,2.12,0.0,-0.2,-7.0,0.0 (cmd -0.5),0.0 (cmd 2.1)
0.8945,-8.59,-1.58,0.0,0.14,2.18,0.0,0.1,-8.6,0.0 (cmd -1.6),0.0 (cmd 2.2)
0.895,-9.43,-1.45,0.0,0.33,1.8,0.0,0.3,-9.4,0.0 (cmd -1.4),0.0 (cmd 1.8)
0.8955,-10.63,-1.22,0.0,0.5,1.49,0.0,0.5,-10.6,0.0 (cmd -1.2),0.0 (cmd 1.5)
0.896,-10.75,-0.97,0.0,0.57,1.26,0.0,0.6,-10.8,0.0 (cmd -1.0),0.0 (cmd 1.3)
0.8965,-10.81,-0.63,0.0,0.63,1.03,0.0,0.6,-10.8,0.0 (cmd -0.6),0.0 (cmd 1.0)
0.897,-10.84,-0.34,0.0,0.77,0.82,0.0,0.8,-10.8,0.0 (cmd -0.3),0.0 (cmd 0.8)
0.8975,-10.96,-0.14,0.0,0.91,0.73,0.0,0.9,-11.0,0.0 (cmd -0.1),0.0 (cmd 0.7)
0.898,-11.06,0.0,0.0,1.14,0.66,0.0,1.1,-11.1,0.0 (cmd 0.0),0.0 (cmd 0.7)
0.8985,-11.32,0.1,0.0,1.47,0.62,0.0,1.5,-11.3,0.0 (cmd 0.1),0.0 (cmd 0.6)
0.899,-12.69,-0.05,0.0,1.75,0.63,0.0,1.8,-12.7,0.0 (cmd -0.1),0.0 (cmd 0.6)
0.8995,-13.32,-0.12,0.0,1.89,0.64,0.0,1.9,-13.3,0.0 (cmd -0.1),0.0 (cmd 0.6)
0.9,-14.07,-0.21,0.0,1.97,0.62,0.0,2.0,-14.1,0.0 (cmd -0.2),0.0 (cmd 0.6)
0.9005,-14.84,-0.2,0.0,2.02,0.56,0.0,2.0,-14.8,0.0 (cmd -0.2),0.0 (cmd 0.6)
0.901,-15.35,-0.16,0.0,2.04,0.51,0.0,2.0,-15.3,0.0 (cmd -0.2),0.0 (cmd 0.5)
0.9015,-15.09,-0.08,0.0,2.14,0.46,0.0,2.1,-15.1,0.0 (cmd -0.1),0.0 (cmd 0.5)
0.902,-13.95,0.34,0.0,2.17,0.39,0.0,2.2,-13.9,0.0 (cmd 0.3),0.0 (cmd 0.4)
0.9025,-12.27,0.67,0.0,2.3,0.31,0.0,2.3,-12.3,0.0 (cmd 0.7),0.0 (cmd 0.3)
0.903,-11.49,1.07,0.0,2.56,0.31,0.0,2.6,-11.5,0.0 (cmd 1.1),0.0 (cmd 0.3)
0.9035,-9.3,1.48,0.0,2.93,0.3,0.0,2.9,-9.3,0.0 (cmd 1.5),0.0 (cmd 0.3)
0.904,-6.55,1.78,0.0,3.29,0.32,0.0,3.3,-6.5,0.0 (cmd 1.8),0.0 (cmd 0.3)
0.9045,-4.8,2.06,0.0,3.22,0.28,0.0,3.2,-4.8,0.0 (cmd 2.1),0.0 (cmd 0.3)
0.905,-2.33,2.24,0.0,2.4,0.1,0.0,2.4,-2.3,0.0 (cmd 2.2),0.0 (cmd 0.1)
0.9055,-1.79,2.51,0.0,0.96,-0.2,0.0,1.0,-1.8,0.0 (cmd 2.5),0.0 (cmd -0.2)
0.906,-0.94,2.29,0.0,-1.09,-0.72,0.0,-1.1,-0.9,0.0 (cmd 2.3),0.0 (cmd -0.7)
0.9065,-0.66,2.25,0.0,-3.06,-1.37,0.0,-3.1,-0.7,0.0 (cmd 2.2),0.0 (cmd -1.4)
0.907,-0.06,2.3,0.0,-10.46,-2.62,0.0,-10.5,-0.1,0.0 (cmd 2.3),0.0 (cmd -2.6)
0.9075,1.01,2.27,0.0,-17.03,-3.94,0.0,-17.0,1.0,0.0 (cmd 2.3),0.0 (cmd -3.9)
0.908,1.98,2.54,0.0,-20.07,-4.88,0.0,-20.1,2.0,0.0 (cmd 2.5),0.0 (cmd -4.9)
0.9085,1.9,2.54,0.0,-25.87,-5.76,0.0,-25.9,1.9,0.0 (cmd 2.5),0.0 (cmd -5.8)
0.909,1.64,2.53,0.0,-29.43,-5.15,0.0,-29.4,1.6,0.0 (cmd 2.5),0.0 (cmd -5.2)
0.9095,1.65,2.52,0.0,-35.78,-5.69,0.0,-35.8,1.6,0.0 (cmd 2.5),0.0 (cmd -5.7)
0.91,1.82,2.59,0.0,-38.57,-5.67,0.0,-38.6,1.8,0.0 (cmd 2.6),0.0 (cmd -5.7)
0.9105,2.19,2.7,0.0,-41.41,-5.52,0.0,-41.4,2.2,0.0 (cmd 2.7),0.0 (cmd -5.5)
0.911,2.16,2.85,0.0,-43.55,-4.66,0.0,-43.5,2.2,0.0 (cmd 2.9),0.0 (cmd -4.7)
0.9115,2.02,2.91,0.0,-43.92,-3.76,0.0,-43.9,2.0,0.0 (cmd 2.9),0.0 (cmd -3.8)
0.912,1.94,2.95,0.0,-43.06,-2.43,0.0,-43.1,1.9,0.0 (cmd 3.0),0.0 (cmd -2.4)
0.9125,1.74,2.94,0.0,-41.06,-1.01,0.0,-41.1,1.7,0.0 (cmd 2.9),0.0 (cmd -1.0)
0.913,1.79,2.77,0.0,-37.7,0.27,0.0,-37.7,1.8,0.0 (cmd 2.8),0.0 (cmd 0.3)
0.9135,1.92,2.61,0.0,-34.89,1.42,0.0,-34.9,1.9,0.0 (cmd 2.6),0.0 (cmd 1.4)
0.914,2.35,2.34,0.0,-26.25,2.91,0.0,-26.2,2.4,0.0 (cmd 2.3),0.0 (cmd 2.9)
0.9145,2.73,1.72,0.0,-20.39,4.71,0.0,-20.4,2.7,0.0 (cmd 1.7),0.0 (cmd 4.7)
0.915,3.18,1.06,0.0,-12.5,5.8,0.0,-12.5,3.2,0.0 (cmd 1.1),0.0 (cmd 5.8)
0.9155,3.1,0.39,0.0,-7.93,6.3,0.0,-7.9,3.1,0.0 (cmd 0.4),0.0 (cmd 6.3)
0.916,0.78,0.08,0.0,-6.18,5.85,0.0,-6.2,0.8,0.0 (cmd 0.1),0.0 (cmd 5.8)
0.9165,-6.9,-0.54,0.0,-4.92,5.0,0.0,-4.9,-6.9,0.0 (cmd -0.5),0.0 (cmd 5.0)
0.917,-9.72,-2.51,0.0,-2.93,4.75,0.0,-2.9,-9.7,0.0 (cmd -2.5),0.0 (cmd 4.8)
0.9175,-17.35,-4.48,0.0,-1.52,4.8,0.0,-1.5,-17.4,0.0 (cmd -4.5),0.0 (cmd 4.8)
0.918,-21.34,-4.21,0.0,-0.42,4.19,0.0,-0.4,-21.3,0.0 (cmd -4.2),0.0 (cmd 4.2)
0.9185,-23.22,-4.22,0.0,-0.02,3.52,0.0,-0.0,-23.2,0.0 (cmd -4.2),0.0 (cmd 3.5)
0.919,-24.27,-3.76,0.0,0.58,2.97,0.0,0.6,-24.3,0.0 (cmd -3.8),0.0 (cmd 3.0)
0.9195,-25.0,-3.09,0.0,1.2,2.5,0.0,1.2,-25.0,0.0 (cmd -3.1),0.0 (cmd 2.5)
0.92,-24.41,-2.32,0.0,2.57,2.21,0.0,2.6,-24.4,0.0 (cmd -2.3),0.0 (cmd 2.2)
0.9205,-23.86,-1.57,0.0,3.52,2.1,0.0,3.5,-23.9,0.0 (cmd -1.6),0.0 (cmd 2.1)
0.921,-22.33,-0.76,0.0,4.41,1.94,0.0,4.4,-22.3,0.0 (cmd -0.8),0.0 (cmd 1.9)
0.9215,-19.07,0.07,0.0,5.23,1.67,0.0,5.2,-19.1,0.0 (cmd 0.1),0.0 (cmd 1.7)
0.922,-13.85,1.36,0.0,5.79,1.45,0.0,5.8,-13.8,0.0 (cmd 1.4),0.0 (cmd 1.4)
0.9225,-11.88,2.03,0.0,6.4,1.32,0.0,6.4,-11.9,0.0 (cmd 2.0),0.0 (cmd 1.3)
0.923,-10.11,2.6,0.0,6.84,1.14,0.0,6.8,-10.1,0.0 (cmd 2.6),0.0 (cmd 1.1)
0.9235,-8.47,2.56,0.0,7.0,1.02,0.0,7.0,-8.5,0.0 (cmd 2.6),0.0 (cmd 1.0)
0.924,-8.8,2.2,0.0,6.82,0.86,0.0,6.8,-8.8,0.0 (cmd 2.2),0.0 (cmd 0.9)
0.9245,-8.07,1.87,0.0,5.54,0.48,0.0,5.5,-8.1,0.0 (cmd 1.9),0.0 (cmd 0.5)
0.925,-5.54,1.94,0.0,2.16,-0.06,0.0,2.2,-5.5,0.0 (cmd 1.9),0.0 (cmd -0.1)
0.9255,-2.58,2.35,0.0,-2.53,-1.01,0.0,-2.5,-2.6,0.0 (cmd 2.4),0.0 (cmd -1.0)
0.926,-0.92,2.84,0.0,-10.29,-3.66,0.0,-10.3,-0.9,0.0 (cmd 2.8),0.0 (cmd -3.7)
0.9265,0.58,2.98,0.0,-15.37,-4.7,0.0,-15.4,0.6,0.0 (cmd 3.0),0.0 (cmd -4.7)
0.927,0.75,2.88,0.0,-19.02,-5.17,0.0,-19.0,0.8,0.0 (cmd 2.9),0.0 (cmd -5.2)
0.9275,0.86,2.79,0.0,-21.38,-5.17,0.0,-21.4,0.9,0.0 (cmd 2.8),0.0 (cmd -5.2)
0.928,1.06,2.76,0.0,-24.15,-4.68,0.0,-24.1,1.1,0.0 (cmd 2.8),0.0 (cmd -4.7)
0.9285,2.06,2.8,0.0,-25.65,-3.71,0.0,-25.6,2.1,0.0 (cmd 2.8),0.0 (cmd -3.7)
0.929,3.59,3.0,0.0,-25.7,-3.04,0.0,-25.7,3.6,0.0 (cmd 3.0),0.0 (cmd -3.0)
0.9295,4.41,3.33,0.0,-24.71,-1.96,0.0,-24.7,4.4,0.0 (cmd 3.3),0.0 (cmd -2.0)
0.93,5.39,3.36,0.0,-22.18,-0.97,0.0,-22.2,5.4,0.0 (cmd 3.4),0.0 (cmd -1.0)
0.9305,6.8,3.15,0.0,-17.5,0.5,0.0,-17.5,6.8,0.0 (cmd 3.1),0.0 (cmd 0.5)
0.931,7.45,2.94,0.0,-15.15,1.6,0.0,-15.2,7.5,0.0 (cmd 2.9),0.0 (cmd 1.6)
0.9315,7.69,2.7,0.0,-14.36,1.97,0.0,-14.4,7.7,0.0 (cmd 2.7),0.0 (cmd 2.0)
0.932,7.59,2.48,0.0,-12.25,1.9,0.0,-12.2,7.6,0.0 (cmd 2.5),0.0 (cmd 1.9)
0.9325,6.03,1.89,0.0,-11.73,2.19,0.0,-11.7,6.0,0.0 (cmd 1.9),0.0 (cmd 2.2)
0.933,0.71,1.3,0.0,-9.77,2.33,0.0,-9.8,0.7,0.0 (cmd 1.3),0.0 (cmd 2.3)
0.9335,-5.16,-0.76,0.0,-6.71,2.68,0.0,-6.7,-5.2,0.0 (cmd -0.8),0.0 (cmd 2.7)
0.934,-12.38,-1.91,0.0,-3.07,3.46,0.0,-3.1,-12.4,0.0 (cmd -1.9),0.0 (cmd 3.5)
0.9345,-15.86,-3.65,0.0,-2.09,3.7,0.0,-2.1,-15.9,0.0 (cmd -3.6),0.0 (cmd 3.7)
0.935,-18.08,-3.72,0.0,-1.24,3.35,0.0,-1.2,-18.1,0.0 (cmd -3.7),0.0 (cmd 3.4)
0.9355,-21.21,-3.33,0.0,-0.32,2.88,0.0,-0.3,-21.2,0.0 (cmd -3.3),0.0 (cmd 2.9)
0.936,-22.39,-3.41,0.0,0.27,2.59,0.0,0.3,-22.4,0.0 (cmd -3.4),0.0 (cmd 2.6)
0.9365,-22.42,-2.76,0.0,1.42,2.23,0.0,1.4,-22.4,0.0 (cmd -2.8),0.0 (cmd 2.2)
0.937,-20.82,-1.84,0.0,2.92,2.13,0.0,2.9,-20.8,0.0 (cmd -1.8),0.0 (cmd 2.1)
0.9375,-18.03,-0.85,0.0,4.84,1.98,0.0,4.8,-18.0,0.0 (cmd -0.8),0.0 (cmd 2.0)
0.938,-15.8,0.23,0.0,5.79,1.98,0.0,5.8,-15.8,0.0 (cmd 0.2),0.0 (cmd 2.0)
0.9385,-13.21,1.03,0.0,6.51,1.85,0.0,6.5,-13.2,0.0 (cmd 1.0),0.0 (cmd 1.9)
0.939,-12.79,1.32,0.0,7.42,1.62,0.0,7.4,-12.8,0.0 (cmd 1.3),0.0 (cmd 1.6)
0.9395,-12.3,1.14,0.0,7.83,1.45,0.0,7.8,-12.3,0.0 (cmd 1.1),0.0 (cmd 1.4)
0.94,-10.52,1.25,0.0,7.79,1.28,0.0,7.8,-10.5,0.0 (cmd 1.2),0.0 (cmd 1.3)
0.9405,-9.16,1.71,0.0,4.06,0.6,0.0,4.1,-9.2,0.0 (cmd 1.7),0.0 (cmd 0.6)
0.941,-6.29,1.97,0.0,-2.76,-0.86,0.0,-2.8,-6.3,0.0 (cmd 2.0),0.0 (cmd -0.9)
0.9415,-4.99,2.35,0.0,-10.24,-2.49,0.0,-10.2,-5.0,0.0 (cmd 2.4),0.0 (cmd -2.5)
0.942,-0.75,2.91,0.0,-15.33,-5.18,0.0,-15.3,-0.8,0.0 (cmd 2.9),0.0 (cmd -5.2)
0.9425,0.8,3.26,0.0,-20.42,-5.04,0.0,-20.4,0.8,0.0 (cmd 3.3),0.0 (cmd -5.0)
0.943,1.28,3.25,0.0,-23.25,-5.16,0.0,-23.2,1.3,0.0 (cmd 3.2),0.0 (cmd -5.2)
0.9435,2.41,3.35,0.0,-25.67,-5.39,0.0,-25.7,2.4,0.0 (cmd 3.4),0.0 (cmd -5.4)
0.944,3.16,3.39,0.0,-27.01,-4.36,0.0,-27.0,3.2,0.0 (cmd 3.4),0.0 (cmd -4.4)
0.9445,4.24,3.38,0.0,-26.72,-3.45,0.0,-26.7,4.2,0.0 (cmd 3.4),0.0 (cmd -3.5)
0.945,4.68,3.41,0.0,-25.1,-2.24,0.0,-25.1,4.7,0.0 (cmd 3.4),0.0 (cmd -2.2)
0.9455,5.59,3.3,0.0,-22.68,-0.36,0.0,-22.7,5.6,0.0 (cmd 3.3),0.0 (cmd -0.4)
0.946,6.24,3.05,0.0,-17.85,0.7,0.0,-17.9,6.2,0.0 (cmd 3.0),0.0 (cmd 0.7)
0.9465,7.29,2.81,0.0,-16.8,1.55,0.0,-16.8,7.3,0.0 (cmd 2.8),0.0 (cmd 1.6)
0.947,7.46,2.81,0.0,-15.66,1.54,0.0,-15.7,7.5,0.0 (cmd 2.8),0.0 (cmd 1.5)
0.9475,6.38,2.47,0.0,-12.86,1.82,0.0,-12.9,6.4,0.0 (cmd 2.5),0.0 (cmd 1.8)
0.948,2.29,1.52,0.0,-11.77,2.32,0.0,-11.8,2.3,0.0 (cmd 1.5),0.0 (cmd 2.3)
0.9485,-7.78,0.78,0.0,-9.46,2.58,0.0,-9.5,-7.8,0.0 (cmd 0.8),0.0 (cmd 2.6)
0.949,-13.54,-3.68,0.0,-5.71,3.79,0.0,-5.7,-13.5,0.0 (cmd -3.7),0.0 (cmd 3.8)
0.9495,-19.69,-4.15,0.0,-3.89,3.58,0.0,-3.9,-19.7,0.0 (cmd -4.2),0.0 (cmd 3.6)
0.95,-22.13,-4.48,0.0,-2.92,3.55,0.0,-2.9,-22.1,0.0 (cmd -4.5),0.0 (cmd 3.5)
0.9505,-24.48,-4.06,0.0,-2.56,3.05,0.0,-2.6,-24.5,0.0 (cmd -4.1),0.0 (cmd 3.0)
0.951,-25.24,-3.71,0.0,0.38,2.56,0.0,0.4,-25.2,0.0 (cmd -3.7),0.0 (cmd 2.6)
0.9515,-24.85,-3.06,0.0,2.08,2.72,0.0,2.1,-24.9,0.0 (cmd -3.1),0.0 (cmd 2.7)
0.952,-22.43,-2.02,0.0,4.0,2.79,0.0,4.0,-22.4,0.0 (cmd -2.0),0.0 (cmd 2.8)
0.9525,-19.04,-0.59,0.0,5.46,2.74,0.0,5.5,-19.0,0.0 (cmd -0.6),0.0 (cmd 2.7)
0.953,-14.78,0.7,0.0,7.49,2.44,0.0,7.5,-14.8,0.0 (cmd 0.7),0.0 (cmd 2.4)
0.9535,-14.16,1.36,0.0,7.71,2.14,0.0,7.7,-14.2,0.0 (cmd 1.4),0.0 (cmd 2.1)
0.954,-13.89,1.19,0.0,8.8,2.02,0.0,8.8,-13.9,0.0 (cmd 1.2),0.0 (cmd 2.0)
0.9545,-11.61,1.42,0.0,8.98,1.75,0.0,9.0,-11.6,0.0 (cmd 1.4),0.0 (cmd 1.8)
0.955,-9.52,2.0,0.0,5.37,1.2,0.0,5.4,-9.5,0.0 (cmd 2.0),0.0 (cmd 1.2)
0.9555,-7.73,2.17,0.0,2.89,0.16,0.0,2.9,-7.7,0.0 (cmd 2.2),0.0 (cmd 0.2)
0.956,-3.37,2.84,0.0,-9.06,-1.48,0.0,-9.1,-3.4,0.0 (cmd 2.8),0.0 (cmd -1.5)
0.9565,-0.16,3.02,0.0,-16.08,-5.01,0.0,-16.1,-0.2,0.0 (cmd 3.0),0.0 (cmd -5.0)
0.957,1.57,3.28,0.0,-21.19,-6.23,0.0,-21.2,1.6,0.0 (cmd 3.3),0.0 (cmd -6.2)
0.9575,2.44,3.38,0.0,-25.22,-6.95,0.0,-25.2,2.4,0.0 (cmd 3.4),0.0 (cmd -7.0)
0.958,4.52,3.77,0.0,-27.23,-5.93,0.0,-27.2,4.5,0.0 (cmd 3.8),0.0 (cmd -5.9)
0.9585,5.48,3.8,0.0,-27.22,-4.88,0.0,-27.2,5.5,0.0 (cmd 3.8),0.0 (cmd -4.9)
0.959,7.18,3.91,0.0,-25.28,-2.95,0.0,-25.3,7.2,0.0 (cmd 3.9),0.0 (cmd -3.0)
0.9595,8.68,3.92,0.0,-18.53,-0.18,0.0,-18.5,8.7,0.0 (cmd 3.9),0.0 (cmd -0.2)
0.96,9.28,3.57,0.0,-16.05,1.03,0.0,-16.1,9.3,0.0 (cmd 3.6),0.0 (cmd 1.0)
0.9605,8.49,3.2,0.0,-15.31,1.21,0.0,-15.3,8.5,0.0 (cmd 3.2),0.0 (cmd 1.2)
0.961,4.82,2.4,0.0,-14.14,1.61,0.0,-14.1,4.8,0.0 (cmd 2.4),0.0 (cmd 1.6)
0.9615,-3.78,0.26,0.0,-11.59,1.91,0.0,-11.6,-3.8,0.0 (cmd 0.3),0.0 (cmd 1.9)
0.962,-7.53,-1.36,0.0,-7.1,3.0,0.0,-7.1,-7.5,0.0 (cmd -1.4),0.0 (cmd 3.0)
0.9625,-15.25,-2.71,0.0,-3.9,3.47,0.0,-3.9,-15.2,0.0 (cmd -2.7),0.0 (cmd 3.5)
0.963,-22.22,-6.11,0.0,-1.11,4.53,0.0,-1.1,-22.2,0.0 (cmd -6.1),0.0 (cmd 4.5)
0.9635,-25.47,-5.54,0.0,0.26,4.1,0.0,0.3,-25.5,0.0 (cmd -5.5),0.0 (cmd 4.1)
0.964,-27.02,-5.14,0.0,1.47,3.64,0.0,1.5,-27.0,0.0 (cmd -5.1),0.0 (cmd 3.6)
0.9645,-25.86,-4.19,0.0,3.78,3.42,0.0,3.8,-25.9,0.0 (cmd -4.2),0.0 (cmd 3.4)
0.965,-22.3,-2.42,0.0,7.26,2.99,0.0,7.3,-22.3,0.0 (cmd -2.4),0.0 (cmd 3.0)
0.9655,-18.02,-1.32,0.0,9.69,3.08,0.0,9.7,-18.0,0.0 (cmd -1.3),0.0 (cmd 3.1)
0.966,-14.94,0.56,0.0,10.32,2.97,0.0,10.3,-14.9,0.0 (cmd 0.6),0.0 (cmd 3.0)
0.9665,-12.71,1.66,0.0,10.54,2.42,0.0,10.5,-12.7,0.0 (cmd 1.7),0.0 (cmd 2.4)
0.967,-11.02,1.88,0.0,7.26,1.86,0.0,7.3,-11.0,0.0 (cmd 1.9),0.0 (cmd 1.9)
0.9675,-9.82,1.91,0.0,2.94,0.34,0.0,2.9,-9.8,0.0 (cmd 1.9),0.0 (cmd 0.3)
0.968,-5.83,2.8,0.0,-6.52,-2.21,0.0,-6.5,-5.8,0.0 (cmd 2.8),0.0 (cmd -2.2)
0.9685,0.44,3.56,0.0,-15.74,-3.52,0.0,-15.7,0.4,0.0 (cmd 3.6),0.0 (cmd -3.5)
0.969,2.86,3.61,0.0,-21.14,-6.56,0.0,-21.1,2.9,0.0 (cmd 3.6),0.0 (cmd -6.6)
0.9695,2.97,3.55,0.0,-25.3,-7.09,0.0,-25.3,3.0,0.0 (cmd 3.5),0.0 (cmd -7.1)
0.97,4.58,3.75,0.0,-27.04,-6.63,0.0,-27.0,4.6,0.0 (cmd 3.8),0.0 (cmd -6.6)
0.9705,5.99,3.77,0.0,-26.93,-5.01,0.0,-26.9,6.0,0.0 (cmd 3.8),0.0 (cmd -5.0)
0.971,7.31,3.85,0.0,-23.92,-3.39,0.0,-23.9,7.3,0.0 (cmd 3.9),0.0 (cmd -3.4)
0.9715,7.87,3.87,0.0,-18.75,-0.82,0.0,-18.8,7.9,0.0 (cmd 3.9),0.0 (cmd -0.8)
0.972,9.37,3.42,0.0,-14.81,1.04,0.0,-14.8,9.4,0.0 (cmd 3.4),0.0 (cmd 1.0)
0.9725,9.65,3.29,0.0,-14.89,1.43,0.0,-14.9,9.7,0.0 (cmd 3.3),0.0 (cmd 1.4)
0.973,8.38,2.87,0.0,-13.4,1.41,0.0,-13.4,8.4,0.0 (cmd 2.9),0.0 (cmd 1.4)
0.9735,5.43,2.15,0.0,-11.89,1.7,0.0,-11.9,5.4,0.0 (cmd 2.1),0.0 (cmd 1.7)
0.974,-8.27,-0.53,0.0,-9.75,2.54,0.0,-9.8,-8.3,0.0 (cmd -0.5),0.0 (cmd 2.5)
0.9745,-15.39,-3.02,0.0,-5.64,3.03,0.0,-5.6,-15.4,0.0 (cmd -3.0),0.0 (cmd 3.0)
0.975,-20.18,-5.1,0.0,-3.17,3.97,0.0,-3.2,-20.2,0.0 (cmd -5.1),0.0 (cmd 4.0)
0.9755,-23.04,-5.17,0.0,-1.75,3.83,0.0,-1.8,-23.0,0.0 (cmd -5.2),0.0 (cmd 3.8)
0.976,-25.08,-4.76,0.0,1.09,3.67,0.0,1.1,-25.1,0.0 (cmd -4.8),0.0 (cmd 3.7)
0.9765,-24.43,-4.08,0.0,2.33,3.28,0.0,2.3,-24.4,0.0 (cmd -4.1),0.0 (cmd 3.3)
0.977,-20.97,-2.65,0.0,4.04,3.06,0.0,4.0,-21.0,0.0 (cmd -2.6),0.0 (cmd 3.1)
0.9775,-18.85,-0.58,0.0,4.86,2.6,0.0,4.9,-18.9,0.0 (cmd -0.6),0.0 (cmd 2.6)
0.978,-15.17,0.1,0.0,4.81,2.17,0.0,4.8,-15.2,0.0 (cmd 0.1),0.0 (cmd 2.2)
0.9785,-12.32,1.83,0.0,3.2,1.27,0.0,3.2,-12.3,0.0 (cmd 1.8),0.0 (cmd 1.3)
0.979,-14.27,1.51,0.0,-3.21,-0.36,0.0,-3.2,-14.3,0.0 (cmd 1.5),0.0 (cmd -0.4)
0.9795,-17.0,1.05,0.0,-9.38,-1.88,0.0,-9.4,-17.0,0.0 (cmd 1.1),0.0 (cmd -1.9)
0.98,-15.96,1.02,0.0,-18.6,-4.07,0.0,-18.6,-16.0,0.0 (cmd 1.0),0.0 (cmd -4.1)
0.9805,-15.06,1.46,0.0,-22.61,-4.99,0.0,-22.6,-15.1,0.0 (cmd 1.5),0.0 (cmd -5.0)
0.981,-13.37,1.84,0.0,-24.81,-4.26,0.0,-24.8,-13.4,0.0 (cmd 1.8),0.0 (cmd -4.3)
0.9815,-10.18,2.28,0.0,-24.84,-3.67,0.0,-24.8,-10.2,0.0 (cmd 2.3),0.0 (cmd -3.7)
0.982,-7.92,2.81,0.0,-23.2,-2.28,0.0,-23.2,-7.9,0.0 (cmd 2.8),0.0 (cmd -2.3)
0.9825,-6.59,3.13,0.0,-19.03,-0.99,0.0,-19.0,-6.6,0.0 (cmd 3.1),0.0 (cmd -1.0)
0.983,-7.11,2.77,0.0,-16.23,0.53,0.0,-16.2,-7.1,0.0 (cmd 2.8),0.0 (cmd 0.5)
0.9835,-6.92,2.23,0.0,-14.02,1.07,0.0,-14.0,-6.9,0.0 (cmd 2.2),0.0 (cmd 1.1)
0.984,-6.44,2.07,0.0,-13.74,1.33,0.0,-13.7,-6.4,0.0 (cmd 2.1),0.0 (cmd 1.3)
0.9845,-5.3,2.08,0.0,-12.68,1.23,0.0,-12.7,-5.3,0.0 (cmd 2.1),0.0 (cmd 1.2)
0.985,-4.71,2.14,0.0,-12.5,1.24,0.0,-12.5,-4.7,0.0 (cmd 2.1),0.0 (cmd 1.2)
0.9855,-4.76,1.95,0.0,-11.9,1.2,0.0,-11.9,-4.8,0.0 (cmd 1.9),0.0 (cmd 1.2)
0.986,-5.64,1.7,0.0,-11.48,1.15,0.0,-11.5,-5.6,0.0 (cmd 1.7),0.0 (cmd 1.1)
0.9865,-8.92,0.69,0.0,-9.45,1.54,0.0,-9.4,-8.9,0.0 (cmd 0.7),0.0 (cmd 1.5)
0.987,-11.52,0.11,0.0,-6.46,1.82,0.0,-6.5,-11.5,0.0 (cmd 0.1),0.0 (cmd 1.8)
0.9875,-12.27,-0.64,0.0,-4.75,2.72,0.0,-4.8,-12.3,0.0 (cmd -0.6),0.0 (cmd 2.7)
0.988,-12.3,-0.36,0.0,-4.38,2.24,0.0,-4.4,-12.3,0.0 (cmd -0.4),0.0 (cmd 2.2)
0.9885,-11.88,-0.1,0.0,-3.8,1.92,0.0,-3.8,-11.9,0.0 (cmd -0.1),0.0 (cmd 1.9)
0.989,-11.67,0.15,0.0,-2.79,1.8,0.0,-2.8,-11.7,0.0 (cmd 0.1),0.0 (cmd 1.8)
0.9895,-11.3,0.35,0.0,-1.8,1.61,0.0,-1.8,-11.3,0.0 (cmd 0.3),0.0 (cmd 1.6)
0.99,-11.13,0.43,0.0,0.06,1.56,0.0,0.1,-11.1,0.0 (cmd 0.4),0.0 (cmd 1.6)
0.9905,-11.07,0.41,0.0,1.23,1.76,0.0,1.2,-11.1,0.0 (cmd 0.4),0.0 (cmd 1.8)
0.991,-11.03,0.41,0.0,2.12,1.74,0.0,2.1,-11.0,0.0 (cmd 0.4),0.0 (cmd 1.7)
0.9915,-10.73,0.44,0.0,3.99,1.62,0.0,4.0,-10.7,0.0 (cmd 0.4),0.0 (cmd 1.6)
0.992,-9.62,0.5,0.0,5.34,1.8,0.0,5.3,-9.6,0.0 (cmd 0.5),0.0 (cmd 1.8)
0.9925,-8.96,0.76,0.0,5.86,1.75,0.0,5.9,-9.0,0.0 (cmd 0.8),0.0 (cmd 1.8)
0.993,-6.93,1.0,0.0,6.58,1.49,0.0,6.6,-6.9,0.0 (cmd 1.0),0.0 (cmd 1.5)
0.9935,-3.61,1.72,0.0,7.07,1.27,0.0,7.1,-3.6,0.0 (cmd 1.7),0.0 (cmd 1.3)
0.994,-2.79,2.08,0.0,6.9,1.07,0.0,6.9,-2.8,0.0 (cmd 2.1),0.0 (cmd 1.1)
0.9945,-2.77,1.9,0.0,5.38,0.67,0.0,5.4,-2.8,0.0 (cmd 1.9),0.0 (cmd 0.7)
0.995,-2.12,1.71,0.0,1.95,-0.11,0.0,1.9,-2.1,0.0 (cmd 1.7),0.0 (cmd -0.1)
0.9955,-1.1,1.78,0.0,-3.1,-1.23,0.0,-3.1,-1.1,0.0 (cmd 1.8),0.0 (cmd -1.2)
0.996,-0.27,2.08,0.0,-6.03,-2.29,0.0,-6.0,-0.3,0.0 (cmd 2.1),0.0 (cmd -2.3)
0.9965,1.5,2.27,0.0,-8.32,-3.0,0.0,-8.3,1.5,0.0 (cmd 2.3),0.0 (cmd -3.0)
0.997,2.23,2.39,0.0,-10.9,-2.67,0.0,-10.9,2.2,0.0 (cmd 2.4),0.0 (cmd -2.7)
0.9975,2.81,2.43,0.0,-12.64,-2.84,0.0,-12.6,2.8,0.0 (cmd 2.4),0.0 (cmd -2.8)
0.998,3.82,2.59,0.0,-14.44,-2.96,0.0,-14.4,3.8,0.0 (cmd 2.6),0.0 (cmd -3.0)
0.9985,4.8,2.68,0.0,-14.96,-2.42,0.0,-15.0,4.8,0.0 (cmd 2.7),0.0 (cmd -2.4)
0.999,5.1,2.68,0.0,-14.17,-1.74,0.0,-14.2,5.1,0.0 (cmd 2.7),0.0 (cmd -1.7)
0.9995,5.54,2.57,0.0,-13.3,-0.68,0.0,-13.3,5.5,0.0 (cmd 2.6),0.0 (cmd -0.7)
1.0,5.98,2.52,0.0,-12.44,-0.14,0.0,-12.4,6.0,0.0 (cmd 2.5),0.0 (cmd -0.1)
1.0005,4.36,2.31,0.0,-13.81,-0.2,0.0,-13.8,4.4,0.0 (cmd 2.3),0.0 (cmd -0.2)
1.001,1.42,1.77,0.0,-13.96,-0.03,0.0,-14.0,1.4,0.0 (cmd 1.8),0.0 (cmd -0.0)
1.0015,-4.05,0.97,0.0,-13.97,0.0,0.0,-14.0,-4.0,0.0 (cmd 1.0),0.0 (cmd 0.0)
1.002,-12.4,-1.46,0.0,-10.14,1.16,0.0,-10.1,-12.4,0.0 (cmd -1.5),0.0 (cmd 1.2)
1.0025,-19.95,-3.29,0.0,-7.76,2.25,0.0,-7.8,-19.9,0.0 (cmd -3.3),0.0 (cmd 2.2)
1.003,-24.28,-4.45,0.0,-6.09,2.97,0.0,-6.1,-24.3,0.0 (cmd -4.5),0.0 (cmd 3.0)
1.0035,-27.99,-4.98,0.0,-3.03,3.23,0.0,-3.0,-28.0,0.0 (cmd -5.0),0.0 (cmd 3.2)
1.004,-29.88,-4.91,0.0,0.13,3.09,0.0,0.1,-29.9,0.0 (cmd -4.9),0.0 (cmd 3.1)
1.0045,-29.23,-4.14,0.0,1.22,3.08,0.0,1.2,-29.2,0.0 (cmd -4.1),0.0 (cmd 3.1)
1.005,-24.76,-2.09,0.0,2.6,2.77,0.0,2.6,-24.8,0.0 (cmd -2.1),0.0 (cmd 2.8)
1.0055,-20.49,-0.98,0.0,4.23,2.42,0.0,4.2,-20.5,0.0 (cmd -1.0),0.0 (cmd 2.4)
1.006,-18.23,0.49,0.0,5.48,2.2,0.0,5.5,-18.2,0.0 (cmd 0.5),0.0 (cmd 2.2)
1.0065,-13.88,1.4,0.0,5.73,1.95,0.0,5.7,-13.9,0.0 (cmd 1.4),0.0 (cmd 1.9)
1.007,-12.88,2.36,0.0,3.53,1.44,0.0,3.5,-12.9,0.0 (cmd 2.4),0.0 (cmd 1.4)
1.0075,-11.04,2.24,0.0,-3.18,0.03,0.0,-3.2,-11.0,0.0 (cmd 2.2),0.0 (cmd 0.0)
1.008,-6.41,2.77,0.0,-8.15,-1.7,0.0,-8.2,-6.4,0.0 (cmd 2.8),0.0 (cmd -1.7)
1.0085,-3.43,3.43,0.0,-13.38,-3.56,0.0,-13.4,-3.4,0.0 (cmd 3.4),0.0 (cmd -3.6)
1.009,-1.25,3.8,0.0,-17.65,-4.15,0.0,-17.6,-1.2,0.0 (cmd 3.8),0.0 (cmd -4.2)
1.0095,-0.48,3.66,0.0,-19.31,-4.26,0.0,-19.3,-0.5,0.0 (cmd 3.7),0.0 (cmd -4.3)
1.01,0.08,3.55,0.0,-21.15,-3.89,0.0,-21.1,0.1,0.0 (cmd 3.5),0.0 (cmd -3.9)
1.0105,1.13,3.57,0.0,-21.47,-3.17,0.0,-21.5,1.1,0.0 (cmd 3.6),0.0 (cmd -3.2)
1.011,2.66,3.47,0.0,-19.63,-2.05,0.0,-19.6,2.7,0.0 (cmd 3.5),0.0 (cmd -2.0)
1.0115,4.06,3.38,0.0,-17.63,-0.84,0.0,-17.6,4.1,0.0 (cmd 3.4),0.0 (cmd -0.8)
1.012,5.27,3.23,0.0,-15.11,0.34,0.0,-15.1,5.3,0.0 (cmd 3.2),0.0 (cmd 0.3)
1.0125,5.19,3.08,0.0,-14.03,0.81,0.0,-14.0,5.2,0.0 (cmd 3.1),0.0 (cmd 0.8)
1.013,3.67,2.64,0.0,-11.79,0.98,0.0,-11.8,3.7,0.0 (cmd 2.6),0.0 (cmd 1.0)
1.0135,0.8,1.56,0.0,-9.34,2.01,0.0,-9.3,0.8,0.0 (cmd 1.6),0.0 (cmd 2.0)
1.014,-9.37,-0.98,0.0,-6.57,2.85,0.0,-6.6,-9.4,0.0 (cmd -1.0),0.0 (cmd 2.9)
1.0145,-17.11,-2.34,0.0,-2.91,3.18,0.0,-2.9,-17.1,0.0 (cmd -2.3),0.0 (cmd 3.2)
1.015,-21.66,-4.27,0.0,-0.8,3.63,0.0,-0.8,-21.7,0.0 (cmd -4.3),0.0 (cmd 3.6)
1.0155,-25.19,-5.17,0.0,0.52,3.64,0.0,0.5,-25.2,0.0 (cmd -5.2),0.0 (cmd 3.6)
1.016,-27.84,-4.99,0.0,1.63,3.23,0.0,1.6,-27.8,0.0 (cmd -5.0),0.0 (cmd 3.2)
1.0165,-28.16,-4.21,0.0,2.87,2.84,0.0,2.9,-28.2,0.0 (cmd -4.2),0.0 (cmd 2.8)
1.017,-26.3,-2.86,0.0,4.3,2.68,0.0,4.3,-26.3,0.0 (cmd -2.9),0.0 (cmd 2.7)
1.0175,-20.45,-1.07,0.0,6.3,2.55,0.0,6.3,-20.4,0.0 (cmd -1.1),0.0 (cmd 2.5)
1.018,-14.23,1.46,0.0,7.85,2.19,0.0,7.8,-14.2,0.0 (cmd 1.5),0.0 (cmd 2.2)
1.0185,-12.68,2.04,0.0,8.26,2.01,0.0,8.3,-12.7,0.0 (cmd 2.0),0.0 (cmd 2.0)
1.019,-12.41,1.97,0.0,7.37,1.65,0.0,7.4,-12.4,0.0 (cmd 2.0),0.0 (cmd 1.6)
1.0195,-10.82,2.09,0.0,2.02,0.57,0.0,2.0,-10.8,0.0 (cmd 2.1),0.0 (cmd 0.6)
1.02,-7.79,2.16,0.0,-7.49,-1.4,0.0,-7.5,-7.8,0.0 (cmd 2.2),0.0 (cmd -1.4)
1.0205,-5.47,2.92,0.0,-10.39,-4.04,0.0,-10.4,-5.5,0.0 (cmd 2.9),0.0 (cmd -4.0)
1.021,-3.32,3.21,0.0,-17.95,-5.44,0.0,-17.9,-3.3,0.0 (cmd 3.2),0.0 (cmd -5.4)
1.0215,-1.28,3.26,0.0,-22.03,-4.76,0.0,-22.0,-1.3,0.0 (cmd 3.3),0.0 (cmd -4.8)
1.022,-0.66,3.34,0.0,-24.59,-5.37,0.0,-24.6,-0.7,0.0 (cmd 3.3),0.0 (cmd -5.4)
1.0225,0.64,3.47,0.0,-24.79,-4.43,0.0,-24.8,0.6,0.0 (cmd 3.5),0.0 (cmd -4.4)
1.023,3.76,3.67,0.0,-21.19,-3.19,0.0,-21.2,3.8,0.0 (cmd 3.7),0.0 (cmd -3.2)
1.0235,5.35,3.82,0.0,-15.89,-0.86,0.0,-15.9,5.3,0.0 (cmd 3.8),0.0 (cmd -0.9)
1.024,5.94,3.47,0.0,-13.25,0.96,0.0,-13.2,5.9,0.0 (cmd 3.5),0.0 (cmd 1.0)
1.0245,5.57,3.11,0.0,-13.25,1.23,0.0,-13.2,5.6,0.0 (cmd 3.1),0.0 (cmd 1.2)
1.025,1.54,2.58,0.0,-12.04,1.38,0.0,-12.0,1.5,0.0 (cmd 2.6),0.0 (cmd 1.4)
1.0255,-3.22,1.4,0.0,-10.24,1.64,0.0,-10.2,-3.2,0.0 (cmd 1.4),0.0 (cmd 1.6)
1.026,-11.69,-1.64,0.0,-6.53,2.91,0.0,-6.5,-11.7,0.0 (cmd -1.6),0.0 (cmd 2.9)
1.0265,-19.48,-4.34,0.0,-1.75,3.71,0.0,-1.8,-19.5,0.0 (cmd -4.3),0.0 (cmd 3.7)
1.027,-23.27,-4.73,0.0,-0.59,3.88,0.0,-0.6,-23.3,0.0 (cmd -4.7),0.0 (cmd 3.9)
1.0275,-26.17,-4.65,0.0,-0.14,3.4,0.0,-0.1,-26.2,0.0 (cmd -4.7),0.0 (cmd 3.4)
1.028,-28.42,-4.75,0.0,0.62,2.92,0.0,0.6,-28.4,0.0 (cmd -4.8),0.0 (cmd 2.9)
1.0285,-26.83,-3.47,0.0,2.07,2.5,0.0,2.1,-26.8,0.0 (cmd -3.5),0.0 (cmd 2.5)
1.029,-22.88,-2.1,0.0,4.17,2.25,0.0,4.2,-22.9,0.0 (cmd -2.1),0.0 (cmd 2.2)
1.0295,-18.47,-0.49,0.0,6.79,2.75,0.0,6.8,-18.5,0.0 (cmd -0.5),0.0 (cmd 2.8)
1.03,-14.3,1.37,0.0,8.24,2.41,0.0,8.2,-14.3,0.0 (cmd 1.4),0.0 (cmd 2.4)
1.0305,-12.36,1.9,0.0,7.59,2.05,0.0,7.6,-12.4,0.0 (cmd 1.9),0.0 (cmd 2.0)
1.031,-10.96,2.2,0.0,5.18,1.36,0.0,5.2,-11.0,0.0 (cmd 2.2),0.0 (cmd 1.4)
1.0315,-9.65,2.37,0.0,-1.61,-0.56,0.0,-1.6,-9.7,0.0 (cmd 2.4),0.0 (cmd -0.6)
1.032,-4.53,2.62,0.0,-9.67,-2.35,0.0,-9.7,-4.5,0.0 (cmd 2.6),0.0 (cmd -2.4)
1.0325,-1.72,3.41,0.0,-16.78,-3.91,0.0,-16.8,-1.7,0.0 (cmd 3.4),0.0 (cmd -3.9)
1.033,-0.05,3.46,0.0,-20.78,-6.27,0.0,-20.8,-0.1,0.0 (cmd 3.5),0.0 (cmd -6.3)
1.0335,1.41,3.75,0.0,-23.14,-5.07,0.0,-23.1,1.4,0.0 (cmd 3.8),0.0 (cmd -5.1)
1.034,1.41,3.63,0.0,-25.37,-4.93,0.0,-25.4,1.4,0.0 (cmd 3.6),0.0 (cmd -4.9)
1.0345,1.45,3.43,0.0,-23.55,-3.68,0.0,-23.6,1.4,0.0 (cmd 3.4),0.0 (cmd -3.7)
1.035,3.57,3.57,0.0,-18.56,-1.19,0.0,-18.6,3.6,0.0 (cmd 3.6),0.0 (cmd -1.2)
1.0355,6.87,3.31,0.0,-12.92,0.66,0.0,-12.9,6.9,0.0 (cmd 3.3),0.0 (cmd 0.7)
1.036,7.4,3.45,0.0,-13.63,1.27,0.0,-13.6,7.4,0.0 (cmd 3.5),0.0 (cmd 1.3)
1.0365,6.04,2.94,0.0,-13.2,1.04,0.0,-13.2,6.0,0.0 (cmd 2.9),0.0 (cmd 1.0)
1.037,-1.48,2.11,0.0,-13.62,1.0,0.0,-13.6,-1.5,0.0 (cmd 2.1),0.0 (cmd 1.0)
1.0375,-10.62,-0.31,0.0,-12.25,1.46,0.0,-12.2,-10.6,0.0 (cmd -0.3),0.0 (cmd 1.5)
1.038,-14.66,-1.9,0.0,-10.47,1.98,0.0,-10.5,-14.7,0.0 (cmd -1.9),0.0 (cmd 2.0)
1.0385,-17.41,-2.39,0.0,-8.74,2.34,0.0,-8.7,-17.4,0.0 (cmd -2.4),0.0 (cmd 2.3)
1.039,-18.06,-2.6,0.0,-6.45,2.5,0.0,-6.5,-18.1,0.0 (cmd -2.6),0.0 (cmd 2.5)
1.0395,-17.8,-2.03,0.0,-5.29,2.45,0.0,-5.3,-17.8,0.0 (cmd -2.0),0.0 (cmd 2.5)
1.04,-15.48,-1.46,0.0,-4.28,2.37,0.0,-4.3,-15.5,0.0 (cmd -1.5),0.0 (cmd 2.4)
1.0405,-13.48,-0.25,0.0,-2.95,2.07,0.0,-3.0,-13.5,0.0 (cmd -0.2),0.0 (cmd 2.1)
1.041,-10.83,0.54,0.0,-1.72,1.72,0.0,-1.7,-10.8,0.0 (cmd 0.5),0.0 (cmd 1.7)
1.0415,-9.42,1.07,0.0,-0.87,1.77,0.0,-0.9,-9.4,0.0 (cmd 1.1),0.0 (cmd 1.8)
1.042,-8.17,1.44,0.0,-0.19,1.6,0.0,-0.2,-8.2,0.0 (cmd 1.4),0.0 (cmd 1.6)
1.0425,-6.76,1.55,0.0,-0.25,1.3,0.0,-0.2,-6.8,0.0 (cmd 1.6),0.0 (cmd 1.3)
1.043,-5.16,1.8,0.0,-1.15,0.92,0.0,-1.1,-5.2,0.0 (cmd 1.8),0.0 (cmd 0.9)
1.0435,-4.14,1.95,0.0,-2.3,0.4,0.0,-2.3,-4.1,0.0 (cmd 1.9),0.0 (cmd 0.4)
1.044,-3.06,2.19,0.0,-6.61,-0.4,0.0,-6.6,-3.1,0.0 (cmd 2.2),0.0 (cmd -0.4)
1.0445,-1.46,2.34,0.0,-9.78,-1.13,0.0,-9.8,-1.5,0.0 (cmd 2.3),0.0 (cmd -1.1)
1.045,0.58,2.76,0.0,-12.66,-2.51,0.0,-12.7,0.6,0.0 (cmd 2.8),0.0 (cmd -2.5)
1.0455,1.42,2.93,0.0,-15.7,-2.74,0.0,-15.7,1.4,0.0 (cmd 2.9),0.0 (cmd -2.7)
1.046,1.07,2.82,0.0,-16.81,-2.59,0.0,-16.8,1.1,0.0 (cmd 2.8),0.0 (cmd -2.6)
1.0465,0.77,2.59,0.0,-16.73,-1.9,0.0,-16.7,0.8,0.0 (cmd 2.6),0.0 (cmd -1.9)
1.047,0.95,2.37,0.0,-16.18,-1.1,0.0,-16.2,0.9,0.0 (cmd 2.4),0.0 (cmd -1.1)
1.0475,1.79,2.32,0.0,-15.21,-0.55,0.0,-15.2,1.8,0.0 (cmd 2.3),0.0 (cmd -0.6)
1.048,2.8,2.39,0.0,-14.37,-0.09,0.0,-14.4,2.8,0.0 (cmd 2.4),0.0 (cmd -0.1)
1.0485,3.3,2.41,0.0,-13.8,0.3,0.0,-13.8,3.3,0.0 (cmd 2.4),0.0 (cmd 0.3)
1.049,3.54,2.31,0.0,-12.92,0.58,0.0,-12.9,3.5,0.0 (cmd 2.3),0.0 (cmd 0.6)
1.0495,3.89,2.18,0.0,-12.92,0.7,0.0,-12.9,3.9,0.0 (cmd 2.2),0.0 (cmd 0.7)
1.05,4.27,2.14,0.0,-13.46,0.6,0.0,-13.5,4.3,0.0 (cmd 2.1),0.0 (cmd 0.6)
1.0505,4.65,2.2,0.0,-12.97,0.53,0.0,-13.0,4.7,0.0 (cmd 2.2),0.0 (cmd 0.5)
1.051,5.15,2.19,0.0,-12.27,0.7,0.0,-12.3,5.2,0.0 (cmd 2.2),0.0 (cmd 0.7)
1.0515,5.57,2.13,0.0,-11.88,0.79,0.0,-11.9,5.6,0.0 (cmd 2.1),0.0 (cmd 0.8)
1.052,5.58,2.1,0.0,-10.74,0.81,0.0,-10.7,5.6,0.0 (cmd 2.1),0.0 (cmd 0.8)
1.0525,5.1,1.83,0.0,-9.25,1.27,0.0,-9.2,5.1,0.0 (cmd 1.8),0.0 (cmd 1.3)
1.053,3.88,1.53,0.0,-8.32,1.41,0.0,-8.3,3.9,0.0 (cmd 1.5),0.0 (cmd 1.4)
1.0535,1.59,1.14,0.0,-7.76,1.53,0.0,-7.8,1.6,0.0 (cmd 1.1),0.0 (cmd 1.5)
1.054,-1.5,0.39,0.0,-5.31,2.02,0.0,-5.3,-1.5,0.0 (cmd 0.4),0.0 (cmd 2.0)
1.0545,-4.99,-0.56,0.0,-4.04,2.18,0.0,-4.0,-5.0,0.0 (cmd -0.6),0.0 (cmd 2.2)
1.055,-8.14,-0.99,0.0,-3.05,2.16,0.0,-3.0,-8.1,0.0 (cmd -1.0),0.0 (cmd 2.2)
1.0555,-8.9,-1.38,0.0,-2.73,2.02,0.0,-2.7,-8.9,0.0 (cmd -1.4),0.0 (cmd 2.0)
1.056,-10.66,-1.29,0.0,-1.74,1.95,0.0,-1.7,-10.7,0.0 (cmd -1.3),0.0 (cmd 1.9)
1.0565,-12.57,-1.43,0.0,-1.07,1.78,0.0,-1.1,-12.6,0.0 (cmd -1.4),0.0 (cmd 1.8)
1.057,-13.77,-1.38,0.0,-0.55,1.61,0.0,-0.6,-13.8,0.0 (cmd -1.4),0.0 (cmd 1.6)
1.0575,-14.42,-1.29,0.0,0.08,1.54,0.0,0.1,-14.4,0.0 (cmd -1.3),0.0 (cmd 1.5)
1.058,-15.04,-1.1,0.0,0.81,1.43,0.0,0.8,-15.0,0.0 (cmd -1.1),0.0 (cmd 1.4)
1.0585,-15.5,-0.84,0.0,1.13,1.3,0.0,1.1,-15.5,0.0 (cmd -0.8),0.0 (cmd 1.3)
1.059,-15.59,-0.63,0.0,1.66,1.16,0.0,1.7,-15.6,0.0 (cmd -0.6),0.0 (cmd 1.2)
1.0595,-15.99,-0.39,0.0,2.07,1.1,0.0,2.1,-16.0,0.0 (cmd -0.4),0.0 (cmd 1.1)
1.06,-16.48,-0.33,0.0,2.22,1.0,0.0,2.2,-16.5,0.0 (cmd -0.3),0.0 (cmd 1.0)
1.0605,-17.01,-0.25,0.0,2.97,1.02,0.0,3.0,-17.0,0.0 (cmd -0.2),0.0 (cmd 1.0)
1.061,-17.72,-0.38,0.0,3.65,1.07,0.0,3.6,-17.7,0.0 (cmd -0.4),0.0 (cmd 1.1)
1.0615,-18.23,-0.33,0.0,4.18,0.97,0.0,4.2,-18.2,0.0 (cmd -0.3),0.0 (cmd 1.0)
1.062,-17.67,-0.13,0.0,4.77,0.94,0.0,4.8,-17.7,0.0 (cmd -0.1),0.0 (cmd 0.9)
1.0625,-16.74,0.18,0.0,5.21,1.03,0.0,5.2,-16.7,0.0 (cmd 0.2),0.0 (cmd 1.0)
1.063,-15.42,0.6,0.0,5.85,0.93,0.0,5.8,-15.4,0.0 (cmd 0.6),0.0 (cmd 0.9)
1.0635,-13.33,0.96,0.0,6.44,0.93,0.0,6.4,-13.3,0.0 (cmd 1.0),0.0 (cmd 0.9)
1.064,-11.47,1.37,0.0,6.91,0.88,0.0,6.9,-11.5,0.0 (cmd 1.4),0.0 (cmd 0.9)
1.0645,-10.56,1.68,0.0,7.81,1.06,0.0,7.8,-10.6,0.0 (cmd 1.7),0.0 (cmd 1.1)
1.065,-9.77,1.66,0.0,8.15,0.91,0.0,8.2,-9.8,0.0 (cmd 1.7),0.0 (cmd 0.9)
1.0655,-9.29,1.61,0.0,7.47,0.73,0.0,7.5,-9.3,0.0 (cmd 1.6),0.0 (cmd 0.7)
1.066,-9.31,1.42,0.0,6.24,0.33,0.0,6.2,-9.3,0.0 (cmd 1.4),0.0 (cmd 0.3)
1.0665,-8.79,1.3,0.0,5.17,0.01,0.0,5.2,-8.8,0.0 (cmd 1.3),0.0 (cmd 0.0)
1.067,-7.38,1.5,0.0,2.81,-0.49,0.0,2.8,-7.4,0.0 (cmd 1.5),0.0 (cmd -0.5)
1.0675,-6.48,1.61,0.0,0.91,-0.79,0.0,0.9,-6.5,0.0 (cmd 1.6),0.0 (cmd -0.8)
1.068,-5.66,1.79,0.0,-0.7,-1.38,0.0,-0.7,-5.7,0.0 (cmd 1.8),0.0 (cmd -1.4)
1.0685,-4.81,1.85,0.0,-1.58,-1.35,0.0,-1.6,-4.8,0.0 (cmd 1.9),0.0 (cmd -1.4)
1.069,-4.14,1.78,0.0,-1.71,-1.27,0.0,-1.7,-4.1,0.0 (cmd 1.8),0.0 (cmd -1.3)
1.0695,-3.83,1.75,0.0,-2.14,-1.03,0.0,-2.1,-3.8,0.0 (cmd 1.8),0.0 (cmd -1.0)
1.07,-3.47,1.74,0.0,-2.93,-1.03,0.0,-2.9,-3.5,0.0 (cmd 1.7),0.0 (cmd -1.0)
1.0705,-3.25,1.66,0.0,-3.75,-0.99,0.0,-3.8,-3.2,0.0 (cmd 1.7),0.0 (cmd -1.0)
1.071,-3.4,1.53,0.0,-3.12,-0.82,0.0,-3.1,-3.4,0.0 (cmd 1.5),0.0 (cmd -0.8)
1.0715,-4.28,1.23,0.0,-0.8,-0.01,0.0,-0.8,-4.3,0.0 (cmd 1.2),0.0 (cmd -0.0)
1.072,-5.99,0.58,0.0,0.11,0.6,0.0,0.1,-6.0,0.0 (cmd 0.6),0.0 (cmd 0.6)
1.0725,-8.37,0.39,0.0,0.13,0.59,0.0,0.1,-8.4,0.0 (cmd 0.4),0.0 (cmd 0.6)
1.073,-10.57,-0.42,0.0,0.46,0.7,0.0,0.5,-10.6,0.0 (cmd -0.4),0.0 (cmd 0.7)
1.0735,-11.87,-0.79,0.0,0.89,0.8,0.0,0.9,-11.9,0.0 (cmd -0.8),0.0 (cmd 0.8)
1.074,-11.85,-0.6,0.0,0.97,0.74,0.0,1.0,-11.8,0.0 (cmd -0.6),0.0 (cmd 0.7)
1.0745,-9.2,-0.19,0.0,0.85,0.58,0.0,0.8,-9.2,0.0 (cmd -0.2),0.0 (cmd 0.6)
1.075,-7.5,0.63,0.0,0.7,0.34,0.0,0.7,-7.5,0.0 (cmd 0.6),0.0 (cmd 0.3)
1.0755,-3.83,1.66,0.0,0.62,0.1,0.0,0.6,-3.8,0.0 (cmd 1.7),0.0 (cmd 0.1)
1.076,-1.15,2.2,0.0,0.76,0.0,0.0,0.8,-1.1,0.0 (cmd 2.2),0.0 (cmd 0.0)
1.0765,-0.47,2.29,0.0,1.07,0.03,0.0,1.1,-0.5,0.0 (cmd 2.3),0.0 (cmd 0.0)
1.077,0.69,2.29,0.0,1.16,0.08,0.0,1.2,0.7,0.0 (cmd 2.3),0.0 (cmd 0.1)
1.0775,1.61,2.25,0.0,0.49,0.0,0.0,0.5,1.6,0.0 (cmd 2.2),0.0 (cmd 0.0)
1.078,2.29,2.14,0.0,-0.22,-0.24,0.0,-0.2,2.3,0.0 (cmd 2.1),0.0 (cmd -0.2)
1.0785,2.86,2.16,0.0,-0.94,-0.52,0.0,-0.9,2.9,0.0 (cmd 2.2),0.0 (cmd -0.5)
1.079,3.54,2.01,0.0,-1.54,-0.49,0.0,-1.5,3.5,0.0 (cmd 2.0),0.0 (cmd -0.5)
1.0795,3.49,1.96,0.0,-2.34,-0.56,0.0,-2.3,3.5,0.0 (cmd 2.0),0.0 (cmd -0.6)
1.08,3.28,1.77,0.0,-3.09,-0.65,0.0,-3.1,3.3,0.0 (cmd 1.8),0.0 (cmd -0.7)
1.0805,3.41,1.64,0.0,-4.11,-0.7,0.0,-4.1,3.4,0.0 (cmd 1.6),0.0 (cmd -0.7)
1.081,4.21,1.71,0.0,-4.88,-0.83,0.0,-4.9,4.2,0.0 (cmd 1.7),0.0 (cmd -0.8)
1.0815,4.37,1.8,0.0,-6.04,-0.84,0.0,-6.0,4.4,0.0 (cmd 1.8),0.0 (cmd -0.8)
1.082,4.0,1.72,0.0,-7.11,-0.88,0.0,-7.1,4.0,0.0 (cmd 1.7),0.0 (cmd -0.9)
1.0825,3.47,1.58,0.0,-8.27,-0.96,0.0,-8.3,3.5,0.0 (cmd 1.6),0.0 (cmd -1.0)
1.083,3.39,1.53,0.0,-8.56,-0.76,0.0,-8.6,3.4,0.0 (cmd 1.5),0.0 (cmd -0.8)
1.0835,3.52,1.38,0.0,-4.32,0.19,0.0,-4.3,3.5,0.0 (cmd 1.4),0.0 (cmd 0.2)
1.084,3.59,1.12,0.0,-0.72,1.27,0.0,-0.7,3.6,0.0 (cmd 1.1),0.0 (cmd 1.3)
1.0845,3.57,0.96,0.0,0.67,1.68,0.0,0.7,3.6,0.0 (cmd 1.0),0.0 (cmd 1.7)
1.085,3.47,0.74,0.0,1.9,2.08,0.0,1.9,3.5,0.0 (cmd 0.7),0.0 (cmd 2.1)
1.0855,3.56,0.82,0.0,1.3,1.43,0.0,1.3,3.6,0.0 (cmd 0.8),0.0 (cmd 1.4)
1.086,3.29,0.85,0.0,1.18,1.01,0.0,1.2,3.3,0.0 (cmd 0.8),0.0 (cmd 1.0)
1.0865,2.65,0.82,0.0,1.02,0.79,0.0,1.0,2.6,0.0 (cmd 0.8),0.0 (cmd 0.8)
1.087,2.19,0.63,0.0,0.85,0.62,0.0,0.8,2.2,0.0 (cmd 0.6),0.0 (cmd 0.6)
1.0875,1.97,0.6,0.0,0.51,0.45,0.0,0.5,2.0,0.0 (cmd 0.6),0.0 (cmd 0.5)
1.088,1.7,0.65,0.0,0.16,0.28,0.0,0.2,1.7,0.0 (cmd 0.7),0.0 (cmd 0.3)
1.0885,1.42,0.69,0.0,0.0,0.16,0.0,0.0,1.4,0.0 (cmd 0.7),0.0 (cmd 0.2)
1.089,1.2,0.67,0.0,-0.13,0.1,0.0,-0.1,1.2,0.0 (cmd 0.7),0.0 (cmd 0.1)
1.0895,1.01,0.66,0.0,-0.04,0.12,0.0,-0.0,1.0,0.0 (cmd 0.7),0.0 (cmd 0.1)
1.09,1.03,0.68,0.0,0.14,0.16,0.0,0.1,1.0,0.0 (cmd 0.7),0.0 (cmd 0.2)
1.0905,1.13,0.74,0.0,0.2,0.19,0.0,0.2,1.1,0.0 (cmd 0.7),0.0 (cmd 0.2)
1.091,1.33,0.82,0.0,0.23,0.18,0.0,0.2,1.3,0.0 (cmd 0.8),0.0 (cmd 0.2)
1.0915,1.5,0.88,0.0,0.23,0.16,0.0,0.2,1.5,0.0 (cmd 0.9),0.0 (cmd 0.2)
1.092,1.62,0.93,0.0,0.2,0.14,0.0,0.2,1.6,0.0 (cmd 0.9),0.0 (cmd 0.1)
1.0925,1.63,0.95,0.0,0.19,0.11,0.0,0.2,1.6,0.0 (cmd 0.9),0.0 (cmd 0.1)
1.093,1.65,0.95,0.0,0.29,0.12,0.0,0.3,1.6,0.0 (cmd 0.9),0.0 (cmd 0.1)
1.0935,1.69,0.94,0.0,0.4,0.14,0.0,0.4,1.7,0.0 (cmd 0.9),0.0 (cmd 0.1)
1.094,1.78,0.95,0.0,0.46,0.16,0.0,0.5,1.8,0.0 (cmd 0.9),0.0 (cmd 0.2)
1.0945,2.01,0.98,0.0,0.58,0.17,0.0,0.6,2.0,0.0 (cmd 1.0),0.0 (cmd 0.2)
1.095,2.27,1.0,0.0,0.7,0.17,0.0,0.7,2.3,0.0 (cmd 1.0),0.0 (cmd 0.2)
1.0955,2.33,1.03,0.0,0.73,0.18,0.0,0.7,2.3,0.0 (cmd 1.0),0.0 (cmd 0.2)
1.096,2.34,1.02,0.0,0.74,0.16,0.0,0.7,2.3,0.0 (cmd 1.0),0.0 (cmd 0.2)
1.0965,2.45,1.01,0.0,0.89,0.15,0.0,0.9,2.5,0.0 (cmd 1.0),0.0 (cmd 0.1)
1.097,2.53,0.99,0.0,0.95,0.17,0.0,0.9,2.5,0.0 (cmd 1.0),0.0 (cmd 0.2)
1.0975,3.0,1.0,0.0,1.2,0.21,0.0,1.2,3.0,0.0 (cmd 1.0),0.0 (cmd 0.2)
1.098,3.16,1.11,0.0,1.32,0.2,0.0,1.3,3.2,0.0 (cmd 1.1),0.0 (cmd 0.2)
1.0985,3.04,1.07,0.0,1.4,0.19,0.0,1.4,3.0,0.0 (cmd 1.1),0.0 (cmd 0.2)
1.099,2.97,0.99,0.0,1.48,0.19,0.0,1.5,3.0,0.0 (cmd 1.0),0.0 (cmd 0.2)
1.0995,3.06,0.97,0.0,1.55,0.19,0.0,1.6,3.1,0.0 (cmd 1.0),0.0 (cmd 0.2)
1.1,3.09,0.97,0.0,1.53,0.17,0.0,1.5,3.1,0.0 (cmd 1.0),0.0 (cmd 0.2)
1.1005,3.19,0.96,0.0,1.55,0.14,0.0,1.6,3.2,0.0 (cmd 1.0),0.0 (cmd 0.1)
1.101,3.32,1.0,0.0,1.6,0.13,0.0,1.6,3.3,0.0 (cmd 1.0),0.0 (cmd 0.1)
1.1015,3.35,0.98,0.0,1.67,0.14,0.0,1.7,3.4,0.0 (cmd 1.0),0.0 (cmd 0.1)
1.102,3.49,0.97,0.0,1.75,0.13,0.0,1.8,3.5,0.0 (cmd 1.0),0.0 (cmd 0.1)
1.1025,3.56,0.98,0.0,1.87,0.14,0.0,1.9,3.6,0.0 (cmd 1.0),0.0 (cmd 0.1)
1.103,3.8,1.03,0.0,1.92,0.14,0.0,1.9,3.8,0.0 (cmd 1.0),0.0 (cmd 0.1)
1.1035,3.83,1.01,0.0,2.01,0.13,0.0,2.0,3.8,0.0 (cmd 1.0),0.0 (cmd 0.1)
1.104,3.95,0.99,0.0,2.13,0.14,0.0,2.1,4.0,0.0 (cmd 1.0),0.0 (cmd 0.1)
1.1045,3.98,0.99,0.0,2.14,0.14,0.0,2.1,4.0,0.0 (cmd 1.0),0.0 (cmd 0.1)
1.105,4.02,0.98,0.0,2.17,0.12,0.0,2.2,4.0,0.0 (cmd 1.0),0.0 (cmd 0.1)
1.1055,4.27,0.98,0.0,2.25,0.12,0.0,2.2,4.3,0.0 (cmd 1.0),0.0 (cmd 0.1)
1.106,4.46,1.04,0.0,2.44,0.12,0.0,2.4,4.5,0.0 (cmd 1.0),0.0 (cmd 0.1)
1.1065,4.37,1.0,0.0,2.44,0.14,0.0,2.4,4.4,0.0 (cmd 1.0),0.0 (cmd 0.1)
1.107,4.15,0.94,0.0,2.29,0.09,0.0,2.3,4.2,0.0 (cmd 0.9),0.0 (cmd 0.1)
1.1075,4.36,0.91,0.0,2.64,0.09,0.0,2.6,4.4,0.0 (cmd 0.9),0.0 (cmd 0.1)
1.108,4.79,1.05,0.0,2.8,0.16,0.0,2.8,4.8,0.0 (cmd 1.1),0.0 (cmd 0.2)
1.1085,4.86,1.04,0.0,2.84,0.17,0.0,2.8,4.9,0.0 (cmd 1.0),0.0 (cmd 0.2)
1.109,4.7,1.0,0.0,2.7,0.12,0.0,2.7,4.7,0.0 (cmd 1.0),0.0 (cmd 0.1)
1.1095,4.5,0.91,0.0,2.67,0.08,0.0,2.7,4.5,0.0 (cmd 0.9),0.0 (cmd 0.1)
1.11,4.61,0.87,0.0,2.8,0.1,0.0,2.8,4.6,0.0 (cmd 0.9),0.0 (cmd 0.1)
1.1105,4.65,0.92,0.0,2.73,0.1,0.0,2.7,4.7,0.0 (cmd 0.9),0.0 (cmd 0.1)
1.111,4.52,0.91,0.0,2.5,0.02,0.0,2.5,4.5,0.0 (cmd 0.9),0.0 (cmd 0.0)
1.1115,4.5,0.89,0.0,2.46,0.0,0.0,2.5,4.5,0.0 (cmd 0.9),0.0 (cmd 0.0)
1.112,4.83,0.93,0.0,2.39,0.0,0.0,2.4,4.8,0.0 (cmd 0.9),0.0 (cmd 0.0)
1.1125,5.18,1.03,0.0,2.31,-0.03,0.0,2.3,5.2,0.0 (cmd 1.0),0.0 (cmd -0.0)
1.113,5.05,1.05,0.0,1.98,-0.09,0.0,2.0,5.0,0.0 (cmd 1.1),0.0 (cmd -0.1)
1.1135,4.98,1.0,0.0,1.8,-0.13,0.0,1.8,5.0,0.0 (cmd 1.0),0.0 (cmd -0.1)
1.114,5.07,0.99,0.0,1.65,-0.13,0.0,1.6,5.1,0.0 (cmd 1.0),0.0 (cmd -0.1)
1.1145,5.42,1.04,0.0,1.65,-0.12,0.0,1.6,5.4,0.0 (cmd 1.0),0.0 (cmd -0.1)
1.115,5.41,1.09,0.0,1.56,-0.09,0.0,1.6,5.4,0.0 (cmd 1.1),0.0 (cmd -0.1)
1.1155,5.06,1.0,0.0,1.4,-0.1,0.0,1.4,5.1,0.0 (cmd 1.0),0.0 (cmd -0.1)
1.116,4.93,0.95,0.0,1.25,-0.08,0.0,1.2,4.9,0.0 (cmd 0.9),0.0 (cmd -0.1)
1.1165,5.16,0.96,0.0,1.26,-0.07,0.0,1.3,5.2,0.0 (cmd 1.0),0.0 (cmd -0.1)
1.117,5.24,1.02,0.0,1.3,-0.03,0.0,1.3,5.2,0.0 (cmd 1.0),0.0 (cmd -0.0)
1.1175,4.92,0.98,0.0,1.14,-0.01,0.0,1.1,4.9,0.0 (cmd 1.0),0.0 (cmd -0.0)
1.118,4.45,0.89,0.0,0.85,-0.04,0.0,0.8,4.5,0.0 (cmd 0.9),0.0 (cmd -0.0)
1.1185,4.26,0.84,0.0,0.51,-0.09,0.0,0.5,4.3,0.0 (cmd 0.8),0.0 (cmd -0.1)
1.119,4.18,0.84,0.0,0.4,-0.12,0.0,0.4,4.2,0.0 (cmd 0.8),0.0 (cmd -0.1)
1.1195,3.92,0.84,0.0,0.38,-0.07,0.0,0.4,3.9,0.0 (cmd 0.8),0.0 (cmd -0.1)
1.12,3.53,0.79,0.0,0.38,-0.02,0.0,0.4,3.5,0.0 (cmd 0.8),0.0 (cmd -0.0)
1.1205,3.35,0.73,0.0,0.25,0.02,0.0,0.2,3.4,0.0 (cmd 0.7),0.0 (cmd 0.0)
1.121,3.39,0.79,0.0,0.2,0.0,0.0,0.2,3.4,0.0 (cmd 0.8),0.0 (cmd 0.0)
1.1215,3.11,0.83,0.0,0.17,0.01,0.0,0.2,3.1,0.0 (cmd 0.8),0.0 (cmd 0.0)
1.122,2.49,0.75,0.0,0.15,0.04,0.0,0.1,2.5,0.0 (cmd 0.8),0.0 (cmd 0.0)
1.1225,2.12,0.64,0.0,0.11,0.09,0.0,0.1,2.1,0.0 (cmd 0.6),0.0 (cmd 0.1)
1.123,1.91,0.61,0.0,0.05,0.09,0.0,0.1,1.9,0.0 (cmd 0.6),0.0 (cmd 0.1)
1.1235,1.91,0.67,0.0,0.01,0.08,0.0,0.0,1.9,0.0 (cmd 0.7),0.0 (cmd 0.1)
1.124,1.9,0.73,0.0,-0.02,0.08,0.0,-0.0,1.9,0.0 (cmd 0.7),0.0 (cmd 0.1)
1.1245,1.83,0.78,0.0,-0.14,0.05,0.0,-0.1,1.8,0.0 (cmd 0.8),0.0 (cmd 0.1)
1.125,1.64,0.76,0.0,-0.04,0.1,0.0,-0.0,1.6,0.0 (cmd 0.8),0.0 (cmd 0.1)
1.1255,1.64,0.79,0.0,-0.11,0.09,0.0,-0.1,1.6,0.0 (cmd 0.8),0.0 (cmd 0.1)
1.126,1.66,0.83,0.0,-0.2,0.07,0.0,-0.2,1.7,0.0 (cmd 0.8),0.0 (cmd 0.1)
1.1265,1.63,0.85,0.0,-0.27,0.07,0.0,-0.3,1.6,0.0 (cmd 0.8),0.0 (cmd 0.1)
1.127,1.52,0.85,0.0,-0.28,0.07,0.0,-0.3,1.5,0.0 (cmd 0.8),0.0 (cmd 0.1)
1.1275,1.51,0.86,0.0,-0.28,0.08,0.0,-0.3,1.5,0.0 (cmd 0.9),0.0 (cmd 0.1)
1.128,1.51,0.87,0.0,-0.28,0.09,0.0,-0.3,1.5,0.0 (cmd 0.9),0.0 (cmd 0.1)
1.1285,1.53,0.9,0.0,-0.3,0.09,0.0,-0.3,1.5,0.0 (cmd 0.9),0.0 (cmd 0.1)
1.129,1.58,0.91,0.0,-0.31,0.09,0.0,-0.3,1.6,0.0 (cmd 0.9),0.0 (cmd 0.1)
1.1295,1.63,0.94,0.0,-0.31,0.09,0.0,-0.3,1.6,0.0 (cmd 0.9),0.0 (cmd 0.1)
1.13,1.67,0.95,0.0,-0.33,0.09,0.0,-0.3,1.7,0.0 (cmd 0.9),0.0 (cmd 0.1)
1.1305,1.72,0.96,0.0,-0.35,0.09,0.0,-0.3,1.7,0.0 (cmd 1.0),0.0 (cmd 0.1)
1.131,1.73,0.97,0.0,-0.42,0.09,0.0,-0.4,1.7,0.0 (cmd 1.0),0.0 (cmd 0.1)
1.1315,1.65,0.96,0.0,-0.54,0.06,0.0,-0.5,1.6,0.0 (cmd 1.0),0.0 (cmd 0.1)
1.132,1.59,0.95,0.0,-0.64,0.06,0.0,-0.6,1.6,0.0 (cmd 0.9),0.0 (cmd 0.1)
1.1325,1.58,0.95,0.0,-0.67,0.05,0.0,-0.7,1.6,0.0 (cmd 0.9),0.0 (cmd 0.1)
1.133,1.61,0.95,0.0,-0.67,0.06,0.0,-0.7,1.6,0.0 (cmd 0.9),0.0 (cmd 0.1)
1.1335,1.64,0.96,0.0,-0.64,0.08,0.0,-0.6,1.6,0.0 (cmd 1.0),0.0 (cmd 0.1)
1.134,1.67,0.96,0.0,-0.61,0.1,0.0,-0.6,1.7,0.0 (cmd 1.0),0.0 (cmd 0.1)
1.1345,1.69,0.97,0.0,-0.57,0.11,0.0,-0.6,1.7,0.0 (cmd 1.0),0.0 (cmd 0.1)
1.135,1.69,0.96,0.0,-0.52,0.13,0.0,-0.5,1.7,0.0 (cmd 1.0),0.0 (cmd 0.1)
1.1355,1.69,0.96,0.0,-0.46,0.14,0.0,-0.5,1.7,0.0 (cmd 1.0),0.0 (cmd 0.1)
1.136,1.67,0.95,0.0,-0.42,0.16,0.0,-0.4,1.7,0.0 (cmd 0.9),0.0 (cmd 0.2)
1.1365,1.67,0.94,0.0,-0.38,0.16,0.0,-0.4,1.7,0.0 (cmd 0.9),0.0 (cmd 0.2)
1.137,1.67,0.94,0.0,-0.3,0.16,0.0,-0.3,1.7,0.0 (cmd 0.9),0.0 (cmd 0.2)
1.1375,1.68,0.94,0.0,-0.25,0.18,0.0,-0.2,1.7,0.0 (cmd 0.9),0.0 (cmd 0.2)
1.138,1.71,0.93,0.0,-0.11,0.2,0.0,-0.1,1.7,0.0 (cmd 0.9),0.0 (cmd 0.2)
1.1385,1.77,0.95,0.0,-0.06,0.2,0.0,-0.1,1.8,0.0 (cmd 0.9),0.0 (cmd 0.2)
1.139,1.78,0.95,0.0,-0.03,0.19,0.0,-0.0,1.8,0.0 (cmd 0.9),0.0 (cmd 0.2)
1.1395,1.81,0.94,0.0,0.07,0.19,0.0,0.1,1.8,0.0 (cmd 0.9),0.0 (cmd 0.2)
1.14,2.16,1.02,0.0,0.67,0.22,0.0,0.7,2.2,0.0 (cmd 1.0),0.0 (cmd 0.2)
1.1405,2.25,0.99,0.0,0.7,0.32,0.0,0.7,2.2,0.0 (cmd 1.0),0.0 (cmd 0.3)
1.141,2.43,1.0,0.0,0.72,0.27,0.0,0.7,2.4,0.0 (cmd 1.0),0.0 (cmd 0.3)
1.1415,2.53,1.02,0.0,0.75,0.23,0.0,0.8,2.5,0.0 (cmd 1.0),0.0 (cmd 0.2)
1.142,2.56,1.02,0.0,0.77,0.2,0.0,0.8,2.6,0.0 (cmd 1.0),0.0 (cmd 0.2)
1.1425,2.6,1.0,0.0,0.84,0.18,0.0,0.8,2.6,0.0 (cmd 1.0),0.0 (cmd 0.2)
1.143,2.69,0.98,0.0,0.89,0.18,0.0,0.9,2.7,0.0 (cmd 1.0),0.0 (cmd 0.2)
1.1435,2.73,1.0,0.0,0.95,0.17,0.0,0.9,2.7,0.0 (cmd 1.0),0.0 (cmd 0.2)
1.144,2.8,0.99,0.0,1.12,0.18,0.0,1.1,2.8,0.0 (cmd 1.0),0.0 (cmd 0.2)
1.1445,2.89,0.98,0.0,1.25,0.19,0.0,1.2,2.9,0.0 (cmd 1.0),0.0 (cmd 0.2)
1.145,2.9,0.97,0.0,1.28,0.2,0.0,1.3,2.9,0.0 (cmd 1.0),0.0 (cmd 0.2)
1.1455,2.88,0.95,0.0,1.25,0.17,0.0,1.2,2.9,0.0 (cmd 0.9),0.0 (cmd 0.2)
1.146,2.84,0.94,0.0,1.14,0.13,0.0,1.1,2.8,0.0 (cmd 0.9),0.0 (cmd 0.1)
1.1465,2.86,0.94,0.0,1.09,0.1,0.0,1.1,2.9,0.0 (cmd 0.9),0.0 (cmd 0.1)
1.147,2.87,0.94,0.0,1.03,0.07,0.0,1.0,2.9,0.0 (cmd 0.9),0.0 (cmd 0.1)
1.1475,2.98,0.95,0.0,1.0,0.06,0.0,1.0,3.0,0.0 (cmd 0.9),0.0 (cmd 0.1)
1.148,3.12,0.97,0.0,0.97,0.05,0.0,1.0,3.1,0.0 (cmd 1.0),0.0 (cmd 0.1)
1.1485,3.25,1.0,0.0,0.96,0.04,0.0,1.0,3.2,0.0 (cmd 1.0),0.0 (cmd 0.0)
1.149,3.37,1.03,0.0,0.97,0.04,0.0,1.0,3.4,0.0 (cmd 1.0),0.0 (cmd 0.0)
1.1495,3.43,1.03,0.0,0.97,0.05,0.0,1.0,3.4,0.0 (cmd 1.0),0.0 (cmd 0.1)
1.15,3.51,1.03,0.0,0.98,0.06,0.0,1.0,3.5,0.0 (cmd 1.0),0.0 (cmd 0.1)
1.1505,3.52,1.01,0.0,0.98,0.06,0.0,1.0,3.5,0.0 (cmd 1.0),0.0 (cmd 0.1)
1.151,3.48,1.0,0.0,1.0,0.07,0.0,1.0,3.5,0.0 (cmd 1.0),0.0 (cmd 0.1)
1.1515,3.4,0.96,0.0,0.98,0.08,0.0,1.0,3.4,0.0 (cmd 1.0),0.0 (cmd 0.1)
1.152,3.37,0.94,0.0,0.95,0.07,0.0,0.9,3.4,0.0 (cmd 0.9),0.0 (cmd 0.1)
1.1525,3.35,0.94,0.0,0.89,0.06,0.0,0.9,3.4,0.0 (cmd 0.9),0.0 (cmd 0.1)
1.153,3.31,0.94,0.0,0.83,0.05,0.0,0.8,3.3,0.0 (cmd 0.9),0.0 (cmd 0.1)
1.1535,3.3,0.93,0.0,0.79,0.05,0.0,0.8,3.3,0.0 (cmd 0.9),0.0 (cmd 0.1)
1.154,3.29,0.93,0.0,0.78,0.05,0.0,0.8,3.3,0.0 (cmd 0.9),0.0 (cmd 0.1)
1.1545,3.29,0.93,0.0,0.58,0.05,0.0,0.6,3.3,0.0 (cmd 0.9),0.0 (cmd 0.1)
1.155,3.3,0.95,0.0,0.52,0.01,0.0,0.5,3.3,0.0 (cmd 0.9),0.0 (cmd 0.0)
1.1555,3.28,0.95,0.0,0.52,0.01,0.0,0.5,3.3,0.0 (cmd 0.9),0.0 (cmd 0.0)
1.156,3.28,0.95,0.0,0.51,0.03,0.0,0.5,3.3,0.0 (cmd 0.9),0.0 (cmd 0.0)
1.1565,3.26,0.95,0.0,0.45,0.04,0.0,0.5,3.3,0.0 (cmd 0.9),0.0 (cmd 0.0)
1.157,3.24,0.95,0.0,0.41,0.03,0.0,0.4,3.2,0.0 (cmd 0.9),0.0 (cmd 0.0)
1.1575,3.21,0.94,0.0,0.39,0.04,0.0,0.4,3.2,0.0 (cmd 0.9),0.0 (cmd 0.0)
1.158,3.19,0.94,0.0,0.4,0.05,0.0,0.4,3.2,0.0 (cmd 0.9),0.0 (cmd 0.1)
1.1585,3.18,0.94,0.0,0.4,0.07,0.0,0.4,3.2,0.0 (cmd 0.9),0.0 (cmd 0.1)
1.159,3.17,0.94,0.0,0.38,0.07,0.0,0.4,3.2,0.0 (cmd 0.9),0.0 (cmd 0.1)
1.1595,3.15,0.94,0.0,0.34,0.07,0.0,0.3,3.1,0.0 (cmd 0.9),0.0 (cmd 0.1)
1.16,3.15,0.94,0.0,0.33,0.06,0.0,0.3,3.1,0.0 (cmd 0.9),0.0 (cmd 0.1)
1.1605,3.14,0.94,0.0,0.33,0.07,0.0,0.3,3.1,0.0 (cmd 0.9),0.0 (cmd 0.1)
1.161,3.12,0.94,0.0,0.3,0.08,0.0,0.3,3.1,0.0 (cmd 0.9),0.0 (cmd 0.1)
1.1615,3.01,0.93,0.0,0.28,0.08,0.0,0.3,3.0,0.0 (cmd 0.9),0.0 (cmd 0.1)
1.162,2.93,0.9,0.0,0.26,0.09,0.0,0.3,2.9,0.0 (cmd 0.9),0.0 (cmd 0.1)
1.1625,2.87,0.9,0.0,0.23,0.08,0.0,0.2,2.9,0.0 (cmd 0.9),0.0 (cmd 0.1)
1.163,2.81,0.9,0.0,0.22,0.08,0.0,0.2,2.8,0.0 (cmd 0.9),0.0 (cmd 0.1)
1.1635,2.73,0.89,0.0,0.14,0.08,0.0,0.1,2.7,0.0 (cmd 0.9),0.0 (cmd 0.1)
1.164,2.67,0.88,0.0,0.13,0.08,0.0,0.1,2.7,0.0 (cmd 0.9),0.0 (cmd 0.1)
1.1645,2.66,0.89,0.0,0.16,0.09,0.0,0.2,2.7,0.0 (cmd 0.9),0.0 (cmd 0.1)
1.165,2.64,0.9,0.0,0.13,0.1,0.0,0.1,2.6,0.0 (cmd 0.9),0.0 (cmd 0.1)
1.1655,2.6,0.91,0.0,0.08,0.09,0.0,0.1,2.6,0.0 (cmd 0.9),0.0 (cmd 0.1)
1.166,2.59,0.92,0.0,0.04,0.08,0.0,0.0,2.6,0.0 (cmd 0.9),0.0 (cmd 0.1)
1.1665,2.54,0.92,0.0,0.0,0.07,0.0,0.0,2.5,0.0 (cmd 0.9),0.0 (cmd 0.1)
1.167,2.51,0.92,0.0,-0.02,0.07,0.0,-0.0,2.5,0.0 (cmd 0.9),0.0 (cmd 0.1)
1.1675,2.52,0.92,0.0,0.0,0.08,0.0,0.0,2.5,0.0 (cmd 0.9),0.0 (cmd 0.1)
1.168,2.52,0.93,0.0,0.0,0.09,0.0,0.0,2.5,0.0 (cmd 0.9),0.0 (cmd 0.1)
1.1685,2.53,0.94,0.0,0.02,0.1,0.0,0.0,2.5,0.0 (cmd 0.9),0.0 (cmd 0.1)
1.169,2.54,0.94,0.0,0.05,0.11,0.0,0.1,2.5,0.0 (cmd 0.9),0.0 (cmd 0.1)
1.1695,2.56,0.94,0.0,0.07,0.12,0.0,0.1,2.6,0.0 (cmd 0.9),0.0 (cmd 0.1)
1.17,2.57,0.95,0.0,0.08,0.12,0.0,0.1,2.6,0.0 (cmd 0.9),0.0 (cmd 0.1)
1.1705,2.57,0.95,0.0,0.08,0.12,0.0,0.1,2.6,0.0 (cmd 0.9),0.0 (cmd 0.1)
1.171,2.57,0.95,0.0,0.06,0.11,0.0,0.1,2.6,0.0 (cmd 0.9),0.0 (cmd 0.1)
1.1715,2.57,0.95,0.0,0.01,0.1,0.0,0.0,2.6,0.0 (cmd 0.9),0.0 (cmd 0.1)
1.172,2.57,0.95,0.0,-0.02,0.09,0.0,-0.0,2.6,0.0 (cmd 0.9),0.0 (cmd 0.1)
1.1725,2.56,0.96,0.0,-0.04,0.09,0.0,-0.0,2.6,0.0 (cmd 1.0),0.0 (cmd 0.1)
1.173,2.55,0.95,0.0,-0.04,0.09,0.0,-0.0,2.5,0.0 (cmd 0.9),0.0 (cmd 0.1)
1.1735,2.55,0.95,0.0,-0.04,0.09,0.0,-0.0,2.5,0.0 (cmd 0.9),0.0 (cmd 0.1)
1.174,2.54,0.95,0.0,-0.04,0.1,0.0,-0.0,2.5,0.0 (cmd 0.9),0.0 (cmd 0.1)
1.1745,2.53,0.95,0.0,-0.04,0.1,0.0,-0.0,2.5,0.0 (cmd 0.9),0.0 (cmd 0.1)
1.175,2.52,0.95,0.0,-0.01,0.11,0.0,-0.0,2.5,0.0 (cmd 0.9),0.0 (cmd 0.1)
1.1755,2.52,0.95,0.0,0.0,0.11,0.0,0.0,2.5,0.0 (cmd 0.9),0.0 (cmd 0.1)
1.176,2.51,0.95,0.0,0.01,0.12,0.0,0.0,2.5,0.0 (cmd 0.9),0.0 (cmd 0.1)
1.1765,2.51,0.94,0.0,0.02,0.12,0.0,0.0,2.5,0.0 (cmd 0.9),0.0 (cmd 0.1)
1.177,2.5,0.94,0.0,0.0,0.12,0.0,0.0,2.5,0.0 (cmd 0.9),0.0 (cmd 0.1)
1.1775,2.47,0.94,0.0,-0.01,0.11,0.0,-0.0,2.5,0.0 (cmd 0.9),0.0 (cmd 0.1)
1.178,2.41,0.93,0.0,-0.03,0.1,0.0,-0.0,2.4,0.0 (cmd 0.9),0.0 (cmd 0.1)
1.1785,2.39,0.93,0.0,-0.08,0.1,0.0,-0.1,2.4,0.0 (cmd 0.9),0.0 (cmd 0.1)
1.179,2.34,0.92,0.0,-0.1,0.09,0.0,-0.1,2.3,0.0 (cmd 0.9),0.0 (cmd 0.1)
1.1795,2.26,0.92,0.0,-0.11,0.1,0.0,-0.1,2.3,0.0 (cmd 0.9),0.0 (cmd 0.1)
1.18,2.25,0.91,0.0,-0.14,0.09,0.0,-0.1,2.2,0.0 (cmd 0.9),0.0 (cmd 0.1)
1.1805,2.23,0.92,0.0,-0.17,0.09,0.0,-0.2,2.2,0.0 (cmd 0.9),0.0 (cmd 0.1)
1.181,2.17,0.92,0.0,-0.19,0.09,0.0,-0.2,2.2,0.0 (cmd 0.9),0.0 (cmd 0.1)
1.1815,2.15,0.92,0.0,-0.21,0.09,0.0,-0.2,2.1,0.0 (cmd 0.9),0.0 (cmd 0.1)
1.182,2.1,0.92,0.0,-0.23,0.09,0.0,-0.2,2.1,0.0 (cmd 0.9),0.0 (cmd 0.1)
1.1825,2.11,0.92,0.0,-0.25,0.1,0.0,-0.2,2.1,0.0 (cmd 0.9),0.0 (cmd 0.1)
1.183,2.09,0.93,0.0,-0.28,0.09,0.0,-0.3,2.1,0.0 (cmd 0.9),0.0 (cmd 0.1)
1.1835,2.06,0.93,0.0,-0.31,0.09,0.0,-0.3,2.1,0.0 (cmd 0.9),0.0 (cmd 0.1)
1.184,1.98,0.92,0.0,-0.35,0.09,0.0,-0.3,2.0,0.0 (cmd 0.9),0.0 (cmd 0.1)
1.1845,1.96,0.91,0.0,-0.41,0.09,0.0,-0.4,2.0,0.0 (cmd 0.9),0.0 (cmd 0.1)
1.185,1.93,0.93,0.0,-0.44,0.08,0.0,-0.4,1.9,0.0 (cmd 0.9),0.0 (cmd 0.1)
1.1855,1.92,0.93,0.0,-0.54,0.07,0.0,-0.5,1.9,0.0 (cmd 0.9),0.0 (cmd 0.1)
1.186,1.84,0.94,0.0,-0.56,0.07,0.0,-0.6,1.8,0.0 (cmd 0.9),0.0 (cmd 0.1)
1.1865,1.75,0.92,0.0,-0.58,0.07,0.0,-0.6,1.8,0.0 (cmd 0.9),0.0 (cmd 0.1)
1.187,1.73,0.91,0.0,-0.59,0.09,0.0,-0.6,1.7,0.0 (cmd 0.9),0.0 (cmd 0.1)
1.1875,1.64,0.9,0.0,-0.6,0.1,0.0,-0.6,1.6,0.0 (cmd 0.9),0.0 (cmd 0.1)
1.188,1.6,0.9,0.0,-0.61,0.1,0.0,-0.6,1.6,0.0 (cmd 0.9),0.0 (cmd 0.1)
1.1885,1.57,0.9,0.0,-0.62,0.11,0.0,-0.6,1.6,0.0 (cmd 0.9),0.0 (cmd 0.1)
1.189,1.53,0.9,0.0,-0.65,0.11,0.0,-0.7,1.5,0.0 (cmd 0.9),0.0 (cmd 0.1)
1.1895,1.53,0.91,0.0,-0.63,0.11,0.0,-0.6,1.5,0.0 (cmd 0.9),0.0 (cmd 0.1)
1.19,1.45,0.91,0.0,-0.61,0.12,0.0,-0.6,1.4,0.0 (cmd 0.9),0.0 (cmd 0.1)
1.1905,1.36,0.9,0.0,-0.59,0.13,0.0,-0.6,1.4,0.0 (cmd 0.9),0.0 (cmd 0.1)
1.191,1.37,0.89,0.0,-0.51,0.14,0.0,-0.5,1.4,0.0 (cmd 0.9),0.0 (cmd 0.1)
1.1915,1.43,0.91,0.0,-0.5,0.16,0.0,-0.5,1.4,0.0 (cmd 0.9),0.0 (cmd 0.2)
1.192,1.5,0.94,0.0,-0.48,0.15,0.0,-0.5,1.5,0.0 (cmd 0.9),0.0 (cmd 0.1)
1.1925,1.55,0.95,0.0,-0.46,0.15,0.0,-0.5,1.6,0.0 (cmd 0.9),0.0 (cmd 0.1)
1.193,1.58,0.96,0.0,-0.44,0.15,0.0,-0.4,1.6,0.0 (cmd 1.0),0.0 (cmd 0.1)
1.1935,1.59,0.96,0.0,-0.4,0.15,0.0,-0.4,1.6,0.0 (cmd 1.0),0.0 (cmd 0.1)
1.194,1.62,0.95,0.0,-0.38,0.15,0.0,-0.4,1.6,0.0 (cmd 0.9),0.0 (cmd 0.1)
1.1945,1.64,0.96,0.0,-0.36,0.15,0.0,-0.4,1.6,0.0 (cmd 1.0),0.0 (cmd 0.1)
1.195,1.57,0.96,0.0,-0.37,0.15,0.0,-0.4,1.6,0.0 (cmd 1.0),0.0 (cmd 0.1)
1.1955,1.54,0.94,0.0,-0.37,0.14,0.0,-0.4,1.5,0.0 (cmd 0.9),0.0 (cmd 0.1)
1.196,1.47,0.93,0.0,-0.4,0.13,0.0,-0.4,1.5,0.0 (cmd 0.9),0.0 (cmd 0.1)
1.1965,1.34,0.9,0.0,-0.42,0.13,0.0,-0.4,1.3,0.0 (cmd 0.9),0.0 (cmd 0.1)
1.197,1.26,0.89,0.0,-0.43,0.13,0.0,-0.4,1.3,0.0 (cmd 0.9),0.0 (cmd 0.1)
1.1975,1.25,0.88,0.0,-0.5,0.13,0.0,-0.5,1.2,0.0 (cmd 0.9),0.0 (cmd 0.1)
1.198,1.29,0.9,0.0,-0.53,0.11,0.0,-0.5,1.3,0.0 (cmd 0.9),0.0 (cmd 0.1)
1.1985,1.32,0.92,0.0,-0.54,0.1,0.0,-0.5,1.3,0.0 (cmd 0.9),0.0 (cmd 0.1)
1.199,1.33,0.93,0.0,-0.54,0.1,0.0,-0.5,1.3,0.0 (cmd 0.9),0.0 (cmd 0.1)
1.1995,1.34,0.94,0.0,-0.57,0.1,0.0,-0.6,1.3,0.0 (cmd 0.9),0.0 (cmd 0.1)
1.2,1.31,0.94,0.0,-0.58,0.11,0.0,-0.6,1.3,0.0 (cmd 0.9),0.0 (cmd 0.1)
1.2005,1.28,0.94,0.0,-0.59,0.11,0.0,-0.6,1.3,0.0 (cmd 0.9),0.0 (cmd 0.1)
1.201,1.25,0.93,0.0,-0.6,0.11,0.0,-0.6,1.2,0.0 (cmd 0.9),0.0 (cmd 0.1)
1.2015,1.27,0.93,0.0,-0.61,0.11,0.0,-0.6,1.3,0.0 (cmd 0.9),0.0 (cmd 0.1)
1.202,1.37,0.95,0.0,-0.61,0.11,0.0,-0.6,1.4,0.0 (cmd 0.9),0.0 (cmd 0.1)
1.2025,1.43,0.96,0.0,-0.58,0.11,0.0,-0.6,1.4,0.0 (cmd 1.0),0.0 (cmd 0.1)
1.203,1.47,0.98,0.0,-0.54,0.13,0.0,-0.5,1.5,0.0 (cmd 1.0),0.0 (cmd 0.1)
1.2035,1.46,0.98,0.0,-0.54,0.13,0.0,-0.5,1.5,0.0 (cmd 1.0),0.0 (cmd 0.1)
1.204,1.42,0.96,0.0,-0.53,0.13,0.0,-0.5,1.4,0.0 (cmd 1.0),0.0 (cmd 0.1)
1.2045,1.41,0.95,0.0,-0.53,0.13,0.0,-0.5,1.4,0.0 (cmd 0.9),0.0 (cmd 0.1)
1.205,1.42,0.95,0.0,-0.51,0.14,0.0,-0.5,1.4,0.0 (cmd 0.9),0.0 (cmd 0.1)
1.2055,1.42,0.95,0.0,-0.5,0.14,0.0,-0.5,1.4,0.0 (cmd 0.9),0.0 (cmd 0.1)
1.206,1.4,0.94,0.0,-0.45,0.15,0.0,-0.5,1.4,0.0 (cmd 0.9),0.0 (cmd 0.1)
1.2065,1.39,0.93,0.0,-0.44,0.15,0.0,-0.4,1.4,0.0 (cmd 0.9),0.0 (cmd 0.1)
1.207,1.39,0.93,0.0,-0.43,0.15,0.0,-0.4,1.4,0.0 (cmd 0.9),0.0 (cmd 0.1)
1.2075,1.39,0.94,0.0,-0.43,0.14,0.0,-0.4,1.4,0.0 (cmd 0.9),0.0 (cmd 0.1)
1.208,1.39,0.94,0.0,-0.43,0.14,0.0,-0.4,1.4,0.0 (cmd 0.9),0.0 (cmd 0.1)
1.2085,1.4,0.94,0.0,-0.42,0.13,0.0,-0.4,1.4,0.0 (cmd 0.9),0.0 (cmd 0.1)
1.209,1.45,0.94,0.0,-0.39,0.14,0.0,-0.4,1.4,0.0 (cmd 0.9),0.0 (cmd 0.1)
1.2095,1.54,0.96,0.0,-0.38,0.14,0.0,-0.4,1.5,0.0 (cmd 1.0),0.0 (cmd 0.1)
1.21,1.6,0.98,0.0,-0.37,0.13,0.0,-0.4,1.6,0.0 (cmd 1.0),0.0 (cmd 0.1)
1.2105,1.65,0.99,0.0,-0.28,0.13,0.0,-0.3,1.6,0.0 (cmd 1.0),0.0 (cmd 0.1)
1.211,1.69,0.98,0.0,-0.24,0.15,0.0,-0.2,1.7,0.0 (cmd 1.0),0.0 (cmd 0.1)
1.2115,1.69,0.97,0.0,-0.15,0.17,0.0,-0.1,1.7,0.0 (cmd 1.0),0.0 (cmd 0.2)
1.212,1.69,0.96,0.0,-0.09,0.18,0.0,-0.1,1.7,0.0 (cmd 1.0),0.0 (cmd 0.2)
1.2125,1.71,0.95,0.0,0.0,0.19,0.0,0.0,1.7,0.0 (cmd 0.9),0.0 (cmd 0.2)
1.213,1.76,0.95,0.0,0.03,0.18,0.0,0.0,1.8,0.0 (cmd 0.9),0.0 (cmd 0.2)
1.2135,1.78,0.96,0.0,0.05,0.18,0.0,0.1,1.8,0.0 (cmd 1.0),0.0 (cmd 0.2)
1.214,1.82,0.96,0.0,0.08,0.17,0.0,0.1,1.8,0.0 (cmd 1.0),0.0 (cmd 0.2)
1.2145,1.85,0.96,0.0,0.11,0.16,0.0,0.1,1.9,0.0 (cmd 1.0),0.0 (cmd 0.2)
1.215,1.91,0.96,0.0,0.12,0.15,0.0,0.1,1.9,0.0 (cmd 1.0),0.0 (cmd 0.1)
1.2155,2.06,0.98,0.0,0.23,0.14,0.0,0.2,2.1,0.0 (cmd 1.0),0.0 (cmd 0.1)
1.216,2.15,1.0,0.0,0.31,0.16,0.0,0.3,2.1,0.0 (cmd 1.0),0.0 (cmd 0.2)
1.2165,2.23,1.0,0.0,0.38,0.17,0.0,0.4,2.2,0.0 (cmd 1.0),0.0 (cmd 0.2)
1.217,2.24,0.99,0.0,0.4,0.17,0.0,0.4,2.2,0.0 (cmd 1.0),0.0 (cmd 0.2)
1.2175,2.21,0.97,0.0,0.4,0.15,0.0,0.4,2.2,0.0 (cmd 1.0),0.0 (cmd 0.1)
1.218,2.2,0.96,0.0,0.41,0.14,0.0,0.4,2.2,0.0 (cmd 1.0),0.0 (cmd 0.1)
1.2185,2.2,0.95,0.0,0.44,0.14,0.0,0.4,2.2,0.0 (cmd 0.9),0.0 (cmd 0.1)
1.219,2.21,0.94,0.0,0.46,0.14,0.0,0.5,2.2,0.0 (cmd 0.9),0.0 (cmd 0.1)
1.2195,2.21,0.94,0.0,0.47,0.13,0.0,0.5,2.2,0.0 (cmd 0.9),0.0 (cmd 0.1)
1.22,2.2,0.93,0.0,0.47,0.13,0.0,0.5,2.2,0.0 (cmd 0.9),0.0 (cmd 0.1)
1.2205,2.18,0.93,0.0,0.46,0.12,0.0,0.5,2.2,0.0 (cmd 0.9),0.0 (cmd 0.1)
1.221,2.17,0.92,0.0,0.45,0.11,0.0,0.5,2.2,0.0 (cmd 0.9),0.0 (cmd 0.1)
1.2215,2.17,0.92,0.0,0.43,0.11,0.0,0.4,2.2,0.0 (cmd 0.9),0.0 (cmd 0.1)
1.222,2.15,0.92,0.0,0.42,0.1,0.0,0.4,2.1,0.0 (cmd 0.9),0.0 (cmd 0.1)
1.2225,2.14,0.92,0.0,0.42,0.1,0.0,0.4,2.1,0.0 (cmd 0.9),0.0 (cmd 0.1)
1.223,2.15,0.92,0.0,0.45,0.1,0.0,0.5,2.1,0.0 (cmd 0.9),0.0 (cmd 0.1)
1.2235,2.17,0.92,0.0,0.49,0.11,0.0,0.5,2.2,0.0 (cmd 0.9),0.0 (cmd 0.1)
1.224,2.15,0.92,0.0,0.53,0.12,0.0,0.5,2.1,0.0 (cmd 0.9),0.0 (cmd 0.1)
1.2245,2.15,0.92,0.0,0.56,0.13,0.0,0.6,2.1,0.0 (cmd 0.9),0.0 (cmd 0.1)
1.225,2.18,0.91,0.0,0.61,0.13,0.0,0.6,2.2,0.0 (cmd 0.9),0.0 (cmd 0.1)
1.2255,2.23,0.92,0.0,0.62,0.13,0.0,0.6,2.2,0.0 (cmd 0.9),0.0 (cmd 0.1)
1.226,2.25,0.93,0.0,0.61,0.12,0.0,0.6,2.2,0.0 (cmd 0.9),0.0 (cmd 0.1)
1.2265,2.28,0.94,0.0,0.64,0.11,0.0,0.6,2.3,0.0 (cmd 0.9),0.0 (cmd 0.1)
1.227,2.36,0.94,0.0,0.64,0.12,0.0,0.6,2.4,0.0 (cmd 0.9),0.0 (cmd 0.1)
1.2275,2.4,0.96,0.0,0.67,0.11,0.0,0.7,2.4,0.0 (cmd 1.0),0.0 (cmd 0.1)
1.228,2.48,0.97,0.0,0.69,0.11,0.0,0.7,2.5,0.0 (cmd 1.0),0.0 (cmd 0.1)
1.2285,2.54,0.97,0.0,0.68,0.11,0.0,0.7,2.5,0.0 (cmd 1.0),0.0 (cmd 0.1)
1.229,2.57,0.97,0.0,0.69,0.1,0.0,0.7,2.6,0.0 (cmd 1.0),0.0 (cmd 0.1)
1.2295,2.62,0.97,0.0,0.69,0.1,0.0,0.7,2.6,0.0 (cmd 1.0),0.0 (cmd 0.1)
1.23,2.65,0.97,0.0,0.7,0.09,0.0,0.7,2.6,0.0 (cmd 1.0),0.0 (cmd 0.1)
1.2305,2.68,0.97,0.0,0.71,0.1,0.0,0.7,2.7,0.0 (cmd 1.0),0.0 (cmd 0.1)
1.231,2.74,0.97,0.0,0.72,0.09,0.0,0.7,2.7,0.0 (cmd 1.0),0.0 (cmd 0.1)
1.2315,2.81,0.98,0.0,0.74,0.1,0.0,0.7,2.8,0.0 (cmd 1.0),0.0 (cmd 0.1)
1.232,2.87,0.98,0.0,0.79,0.1,0.0,0.8,2.9,0.0 (cmd 1.0),0.0 (cmd 0.1)
1.2325,2.82,0.97,0.0,0.83,0.11,0.0,0.8,2.8,0.0 (cmd 1.0),0.0 (cmd 0.1)
1.233,2.8,0.94,0.0,0.9,0.13,0.0,0.9,2.8,0.0 (cmd 0.9),0.0 (cmd 0.1)
1.2335,2.79,0.93,0.0,0.97,0.13,0.0,1.0,2.8,0.0 (cmd 0.9),0.0 (cmd 0.1)
1.234,2.82,0.92,0.0,1.01,0.14,0.0,1.0,2.8,0.0 (cmd 0.9),0.0 (cmd 0.1)
1.2345,2.85,0.93,0.0,1.05,0.14,0.0,1.1,2.9,0.0 (cmd 0.9),0.0 (cmd 0.1)
1.235,2.91,0.94,0.0,1.04,0.13,0.0,1.0,2.9,0.0 (cmd 0.9),0.0 (cmd 0.1)
1.2355,2.92,0.94,0.0,1.03,0.11,0.0,1.0,2.9,0.0 (cmd 0.9),0.0 (cmd 0.1)
1.236,2.96,0.94,0.0,1.02,0.1,0.0,1.0,3.0,0.0 (cmd 0.9),0.0 (cmd 0.1)
1.2365,2.97,0.95,0.0,1.02,0.09,0.0,1.0,3.0,0.0 (cmd 0.9),0.0 (cmd 0.1)
1.237,2.96,0.94,0.0,0.96,0.09,0.0,1.0,3.0,0.0 (cmd 0.9),0.0 (cmd 0.1)
1.2375,2.95,0.94,0.0,0.94,0.07,0.0,0.9,3.0,0.0 (cmd 0.9),0.0 (cmd 0.1)
1.238,2.92,0.93,0.0,0.92,0.07,0.0,0.9,2.9,0.0 (cmd 0.9),0.0 (cmd 0.1)
1.2385,2.91,0.92,0.0,0.9,0.07,0.0,0.9,2.9,0.0 (cmd 0.9),0.0 (cmd 0.1)
1.239,2.94,0.93,0.0,0.89,0.07,0.0,0.9,2.9,0.0 (cmd 0.9),0.0 (cmd 0.1)
1.2395,2.96,0.93,0.0,0.88,0.07,0.0,0.9,3.0,0.0 (cmd 0.9),0.0 (cmd 0.1)
1.24,2.96,0.94,0.0,0.87,0.07,0.0,0.9,3.0,0.0 (cmd 0.9),0.0 (cmd 0.1)
1.2405,2.97,0.93,0.0,0.86,0.07,0.0,0.9,3.0,0.0 (cmd 0.9),0.0 (cmd 0.1)
1.241,2.96,0.93,0.0,0.86,0.07,0.0,0.9,3.0,0.0 (cmd 0.9),0.0 (cmd 0.1)
1.2415,2.93,0.93,0.0,0.87,0.08,0.0,0.9,2.9,0.0 (cmd 0.9),0.0 (cmd 0.1)
1.242,2.89,0.92,0.0,0.87,0.08,0.0,0.9,2.9,0.0 (cmd 0.9),0.0 (cmd 0.1)
1.2425,2.86,0.91,0.0,0.85,0.08,0.0,0.8,2.9,0.0 (cmd 0.9),0.0 (cmd 0.1)
1.243,2.84,0.91,0.0,0.79,0.08,0.0,0.8,2.8,0.0 (cmd 0.9),0.0 (cmd 0.1)
1.2435,2.81,0.91,0.0,0.66,0.06,0.0,0.7,2.8,0.0 (cmd 0.9),0.0 (cmd 0.1)
1.244,2.78,0.92,0.0,0.59,0.03,0.0,0.6,2.8,0.0 (cmd 0.9),0.0 (cmd 0.0)
1.2445,2.74,0.92,0.0,0.52,0.02,0.0,0.5,2.7,0.0 (cmd 0.9),0.0 (cmd 0.0)
1.245,2.71,0.91,0.0,0.41,0.01,0.0,0.4,2.7,0.0 (cmd 0.9),0.0 (cmd 0.0)
1.2455,2.67,0.92,0.0,0.35,0.01,0.0,0.3,2.7,0.0 (cmd 0.9),0.0 (cmd 0.0)
1.246,2.6,0.92,0.0,0.25,0.01,0.0,0.2,2.6,0.0 (cmd 0.9),0.0 (cmd 0.0)
1.2465,2.57,0.91,0.0,0.13,0.01,0.0,0.1,2.6,0.0 (cmd 0.9),0.0 (cmd 0.0)
1.247,2.56,0.92,0.0,0.04,-0.01,0.0,0.0,2.6,0.0 (cmd 0.9),0.0 (cmd -0.0)
1.2475,2.56,0.93,0.0,0.06,0.01,0.0,0.1,2.6,0.0 (cmd 0.9),0.0 (cmd 0.0)
1.248,2.58,0.94,0.0,0.02,0.03,0.0,0.0,2.6,0.0 (cmd 0.9),0.0 (cmd 0.0)
1.2485,2.6,0.95,0.0,0.01,0.04,0.0,0.0,2.6,0.0 (cmd 0.9),0.0 (cmd 0.0)
1.249,2.66,0.96,0.0,0.01,0.05,0.0,0.0,2.7,0.0 (cmd 1.0),0.0 (cmd 0.1)
1.2495,2.67,0.97,0.0,-0.01,0.06,0.0,-0.0,2.7,0.0 (cmd 1.0),0.0 (cmd 0.1)
1.25,2.67,0.97,0.0,-0.05,0.06,0.0,-0.1,2.7,0.0 (cmd 1.0),0.0 (cmd 0.1)
1.2505,2.69,0.97,0.0,-0.06,0.06,0.0,-0.1,2.7,0.0 (cmd 1.0),0.0 (cmd 0.1)
1.251,2.71,0.97,0.0,-0.06,0.07,0.0,-0.1,2.7,0.0 (cmd 1.0),0.0 (cmd 0.1)
1.2515,2.7,0.97,0.0,-0.07,0.08,0.0,-0.1,2.7,0.0 (cmd 1.0),0.0 (cmd 0.1)
1.252,2.7,0.97,0.0,-0.07,0.09,0.0,-0.1,2.7,0.0 (cmd 1.0),0.0 (cmd 0.1)
1.2525,2.7,0.97,0.0,-0.05,0.09,0.0,-0.1,2.7,0.0 (cmd 1.0),0.0 (cmd 0.1)
1.253,2.69,0.96,0.0,-0.05,0.1,0.0,-0.1,2.7,0.0 (cmd 1.0),0.0 (cmd 0.1)
1.2535,2.67,0.96,0.0,-0.06,0.1,0.0,-0.1,2.7,0.0 (cmd 1.0),0.0 (cmd 0.1)
1.254,2.65,0.95,0.0,-0.05,0.1,0.0,-0.1,2.6,0.0 (cmd 0.9),0.0 (cmd 0.1)
1.2545,2.45,0.94,0.0,-0.06,0.11,0.0,-0.1,2.5,0.0 (cmd 0.9),0.0 (cmd 0.1)
1.255,2.38,0.9,0.0,-0.09,0.11,0.0,-0.1,2.4,0.0 (cmd 0.9),0.0 (cmd 0.1)
1.2555,2.33,0.9,0.0,-0.13,0.11,0.0,-0.1,2.3,0.0 (cmd 0.9),0.0 (cmd 0.1)
1.256,2.28,0.89,0.0,-0.19,0.1,0.0,-0.2,2.3,0.0 (cmd 0.9),0.0 (cmd 0.1)
1.2565,2.21,0.9,0.0,-0.27,0.09,0.0,-0.3,2.2,0.0 (cmd 0.9),0.0 (cmd 0.1)
1.257,2.17,0.9,0.0,-0.33,0.07,0.0,-0.3,2.2,0.0 (cmd 0.9),0.0 (cmd 0.1)
1.2575,2.11,0.91,0.0,-0.36,0.07,0.0,-0.4,2.1,0.0 (cmd 0.9),0.0 (cmd 0.1)
1.258,2.04,0.9,0.0,-0.41,0.07,0.0,-0.4,2.0,0.0 (cmd 0.9),0.0 (cmd 0.1)
1.2585,2.03,0.91,0.0,-0.44,0.08,0.0,-0.4,2.0,0.0 (cmd 0.9),0.0 (cmd 0.1)
1.259,2.02,0.92,0.0,-0.44,0.08,0.0,-0.4,2.0,0.0 (cmd 0.9),0.0 (cmd 0.1)
1.2595,2.03,0.93,0.0,-0.55,0.06,0.0,-0.6,2.0,0.0 (cmd 0.9),0.0 (cmd 0.1)
1.26,2.03,0.94,0.0,-0.6,0.06,0.0,-0.6,2.0,0.0 (cmd 0.9),0.0 (cmd 0.1)
1.2605,2.04,0.95,0.0,-0.69,0.06,0.0,-0.7,2.0,0.0 (cmd 0.9),0.0 (cmd 0.1)
1.261,2.03,0.97,0.0,-0.83,0.04,0.0,-0.8,2.0,0.0 (cmd 1.0),0.0 (cmd 0.0)
1.2615,1.74,0.96,0.0,-0.88,0.04,0.0,-0.9,1.7,0.0 (cmd 1.0),0.0 (cmd 0.0)
1.262,1.69,0.9,0.0,-0.92,0.06,0.0,-0.9,1.7,0.0 (cmd 0.9),0.0 (cmd 0.1)
1.2625,1.69,0.91,0.0,-0.93,0.07,0.0,-0.9,1.7,0.0 (cmd 0.9),0.0 (cmd 0.1)
1.263,1.74,0.93,0.0,-0.92,0.08,0.0,-0.9,1.7,0.0 (cmd 0.9),0.0 (cmd 0.1)
1.2635,1.74,0.94,0.0,-0.92,0.1,0.0,-0.9,1.7,0.0 (cmd 0.9),0.0 (cmd 0.1)
1.264,1.66,0.95,0.0,-0.91,0.11,0.0,-0.9,1.7,0.0 (cmd 0.9),0.0 (cmd 0.1)
1.2645,1.53,0.93,0.0,-0.91,0.12,0.0,-0.9,1.5,0.0 (cmd 0.9),0.0 (cmd 0.1)
1.265,1.35,0.89,0.0,-0.99,0.13,0.0,-1.0,1.4,0.0 (cmd 0.9),0.0 (cmd 0.1)
1.2655,1.06,0.87,0.0,-1.06,0.11,0.0,-1.1,1.1,0.0 (cmd 0.9),0.0 (cmd 0.1)
1.266,0.75,0.82,0.0,-1.32,0.04,0.0,-1.3,0.8,0.0 (cmd 0.8),0.0 (cmd 0.0)
1.2665,0.55,0.77,0.0,-1.59,0.03,0.0,-1.6,0.6,0.0 (cmd 0.8),0.0 (cmd 0.0)
1.267,0.37,0.78,0.0,-1.69,0.02,0.0,-1.7,0.4,0.0 (cmd 0.8),0.0 (cmd 0.0)
1.2675,0.37,0.81,0.0,-1.7,0.05,0.0,-1.7,0.4,0.0 (cmd 0.8),0.0 (cmd 0.1)
1.268,0.38,0.85,0.0,-1.71,0.07,0.0,-1.7,0.4,0.0 (cmd 0.8),0.0 (cmd 0.1)
1.2685,0.4,0.88,0.0,-1.73,0.08,0.0,-1.7,0.4,0.0 (cmd 0.9),0.0 (cmd 0.1)
1.269,0.43,0.9,0.0,-1.76,0.1,0.0,-1.8,0.4,0.0 (cmd 0.9),0.0 (cmd 0.1)
1.2695,0.41,0.93,0.0,-1.77,0.1,0.0,-1.8,0.4,0.0 (cmd 0.9),0.0 (cmd 0.1)
1.27,0.36,0.93,0.0,-1.88,0.1,0.0,-1.9,0.4,0.0 (cmd 0.9),0.0 (cmd 0.1)
1.2705,0.28,0.93,0.0,-1.93,0.1,0.0,-1.9,0.3,0.0 (cmd 0.9),0.0 (cmd 0.1)
1.271,0.23,0.93,0.0,-1.98,0.1,0.0,-2.0,0.2,0.0 (cmd 0.9),0.0 (cmd 0.1)
1.2715,0.25,0.94,0.0,-2.06,0.1,0.0,-2.1,0.2,0.0 (cmd 0.9),0.0 (cmd 0.1)
1.272,0.44,0.97,0.0,-2.09,0.09,0.0,-2.1,0.4,0.0 (cmd 1.0),0.0 (cmd 0.1)
1.2725,0.56,1.01,0.0,-2.04,0.1,0.0,-2.0,0.6,0.0 (cmd 1.0),0.0 (cmd 0.1)
1.273,0.64,1.04,0.0,-2.02,0.13,0.0,-2.0,0.6,0.0 (cmd 1.0),0.0 (cmd 0.1)
1.2735,0.68,1.05,0.0,-2.03,0.13,0.0,-2.0,0.7,0.0 (cmd 1.1),0.0 (cmd 0.1)
1.274,0.71,1.04,0.0,-2.05,0.14,0.0,-2.0,0.7,0.0 (cmd 1.0),0.0 (cmd 0.1)
1.2745,0.79,1.04,0.0,-2.03,0.14,0.0,-2.0,0.8,0.0 (cmd 1.0),0.0 (cmd 0.1)
1.275,0.9,1.06,0.0,-1.99,0.15,0.0,-2.0,0.9,0.0 (cmd 1.1),0.0 (cmd 0.1)
1.2755,1.68,1.18,0.0,-1.95,0.14,0.0,-1.9,1.7,0.0 (cmd 1.2),0.0 (cmd 0.1)
1.276,1.96,1.26,0.0,-1.75,0.13,0.0,-1.8,2.0,0.0 (cmd 1.3),0.0 (cmd 0.1)
1.2765,2.18,1.3,0.0,-1.48,0.17,0.0,-1.5,2.2,0.0 (cmd 1.3),0.0 (cmd 0.2)
1.277,2.26,1.23,0.0,-1.4,0.25,0.0,-1.4,2.3,0.0 (cmd 1.2),0.0 (cmd 0.2)
1.2775,2.3,1.18,0.0,-1.31,0.25,0.0,-1.3,2.3,0.0 (cmd 1.2),0.0 (cmd 0.2)
1.278,2.35,1.15,0.0,-1.24,0.25,0.0,-1.2,2.4,0.0 (cmd 1.1),0.0 (cmd 0.2)
1.2785,2.47,1.13,0.0,-1.17,0.25,0.0,-1.2,2.5,0.0 (cmd 1.1),0.0 (cmd 0.2)
1.279,2.47,1.12,0.0,-1.16,0.23,0.0,-1.2,2.5,0.0 (cmd 1.1),0.0 (cmd 0.2)
1.2795,2.45,1.09,0.0,-1.15,0.21,0.0,-1.1,2.5,0.0 (cmd 1.1),0.0 (cmd 0.2)
1.28,2.46,1.06,0.0,-1.14,0.2,0.0,-1.1,2.5,0.0 (cmd 1.1),0.0 (cmd 0.2)
1.2805,2.5,1.06,0.0,-1.11,0.19,0.0,-1.1,2.5,0.0 (cmd 1.1),0.0 (cmd 0.2)
1.281,2.54,1.05,0.0,-1.06,0.18,0.0,-1.1,2.5,0.0 (cmd 1.1),0.0 (cmd 0.2)
1.2815,2.59,1.05,0.0,-1.03,0.19,0.0,-1.0,2.6,0.0 (cmd 1.1),0.0 (cmd 0.2)
1.282,2.63,1.05,0.0,-1.02,0.18,0.0,-1.0,2.6,0.0 (cmd 1.1),0.0 (cmd 0.2)
1.2825,2.65,1.04,0.0,-0.99,0.17,0.0,-1.0,2.6,0.0 (cmd 1.0),0.0 (cmd 0.2)
1.283,2.69,1.04,0.0,-0.97,0.17,0.0,-1.0,2.7,0.0 (cmd 1.0),0.0 (cmd 0.2)
1.2835,2.7,1.04,0.0,-0.97,0.17,0.0,-1.0,2.7,0.0 (cmd 1.0),0.0 (cmd 0.2)
1.284,2.7,1.03,0.0,-0.98,0.16,0.0,-1.0,2.7,0.0 (cmd 1.0),0.0 (cmd 0.2)
1.2845,2.7,1.02,0.0,-0.99,0.15,0.0,-1.0,2.7,0.0 (cmd 1.0),0.0 (cmd 0.1)
1.285,2.71,1.02,0.0,-0.97,0.14,0.0,-1.0,2.7,0.0 (cmd 1.0),0.0 (cmd 0.1)
1.2855,2.76,1.02,0.0,-0.92,0.15,0.0,-0.9,2.8,0.0 (cmd 1.0),0.0 (cmd 0.1)
1.286,2.79,1.02,0.0,-0.88,0.16,0.0,-0.9,2.8,0.0 (cmd 1.0),0.0 (cmd 0.2)
1.2865,2.8,1.02,0.0,-0.87,0.16,0.0,-0.9,2.8,0.0 (cmd 1.0),0.0 (cmd 0.2)
1.287,2.81,1.02,0.0,-0.89,0.15,0.0,-0.9,2.8,0.0 (cmd 1.0),0.0 (cmd 0.1)
1.2875,2.85,1.02,0.0,-0.94,0.13,0.0,-0.9,2.9,0.0 (cmd 1.0),0.0 (cmd 0.1)
1.288,2.92,1.03,0.0,-0.97,0.12,0.0,-1.0,2.9,0.0 (cmd 1.0),0.0 (cmd 0.1)
1.2885,2.79,1.03,0.0,-0.96,0.12,0.0,-1.0,2.8,0.0 (cmd 1.0),0.0 (cmd 0.1)
1.289,2.73,1.0,0.0,-0.85,0.15,0.0,-0.8,2.7,0.0 (cmd 1.0),0.0 (cmd 0.1)
1.2895,2.6,0.95,0.0,-0.81,0.17,0.0,-0.8,2.6,0.0 (cmd 0.9),0.0 (cmd 0.2)
1.29,2.56,0.94,0.0,-0.81,0.17,0.0,-0.8,2.6,0.0 (cmd 0.9),0.0 (cmd 0.2)
1.2905,2.55,0.94,0.0,-0.8,0.17,0.0,-0.8,2.5,0.0 (cmd 0.9),0.0 (cmd 0.2)
1.291,2.55,0.95,0.0,-0.79,0.16,0.0,-0.8,2.5,0.0 (cmd 0.9),0.0 (cmd 0.2)
1.2915,2.54,0.96,0.0,-0.81,0.16,0.0,-0.8,2.5,0.0 (cmd 1.0),0.0 (cmd 0.2)
1.292,2.53,0.96,0.0,-0.86,0.14,0.0,-0.9,2.5,0.0 (cmd 1.0),0.0 (cmd 0.1)
1.2925,2.52,0.97,0.0,-0.85,0.13,0.0,-0.8,2.5,0.0 (cmd 1.0),0.0 (cmd 0.1)
1.293,2.52,0.97,0.0,-0.85,0.13,0.0,-0.8,2.5,0.0 (cmd 1.0),0.0 (cmd 0.1)
1.2935,2.52,0.98,0.0,-0.86,0.13,0.0,-0.9,2.5,0.0 (cmd 1.0),0.0 (cmd 0.1)
1.294,2.52,0.98,0.0,-0.88,0.13,0.0,-0.9,2.5,0.0 (cmd 1.0),0.0 (cmd 0.1)
1.2945,2.52,0.98,0.0,-0.94,0.11,0.0,-0.9,2.5,0.0 (cmd 1.0),0.0 (cmd 0.1)
1.295,2.47,0.98,0.0,-0.95,0.11,0.0,-0.9,2.5,0.0 (cmd 1.0),0.0 (cmd 0.1)
1.2955,2.45,0.98,0.0,-0.93,0.12,0.0,-0.9,2.5,0.0 (cmd 1.0),0.0 (cmd 0.1)
1.296,2.43,0.97,0.0,-0.92,0.13,0.0,-0.9,2.4,0.0 (cmd 1.0),0.0 (cmd 0.1)
1.2965,2.42,0.97,0.0,-0.92,0.13,0.0,-0.9,2.4,0.0 (cmd 1.0),0.0 (cmd 0.1)
1.297,2.41,0.97,0.0,-0.91,0.14,0.0,-0.9,2.4,0.0 (cmd 1.0),0.0 (cmd 0.1)
1.2975,2.4,0.97,0.0,-0.91,0.14,0.0,-0.9,2.4,0.0 (cmd 1.0),0.0 (cmd 0.1)
1.298,2.39,0.97,0.0,-0.94,0.13,0.0,-0.9,2.4,0.0 (cmd 1.0),0.0 (cmd 0.1)
1.2985,2.36,0.97,0.0,-0.94,0.13,0.0,-0.9,2.4,0.0 (cmd 1.0),0.0 (cmd 0.1)
1.299,2.36,0.97,0.0,-0.94,0.13,0.0,-0.9,2.4,0.0 (cmd 1.0),0.0 (cmd 0.1)
1.2995,2.33,0.97,0.0,-0.96,0.13,0.0,-1.0,2.3,0.0 (cmd 1.0),0.0 (cmd 0.1)
1.3,2.3,0.97,0.0,-0.97,0.13,0.0,-1.0,2.3,0.0 (cmd 1.0),0.0 (cmd 0.1)
1.3005,2.28,0.97,0.0,-0.99,0.13,0.0,-1.0,2.3,0.0 (cmd 1.0),0.0 (cmd 0.1)
1.301,2.26,0.97,0.0,-1.02,0.12,0.0,-1.0,2.3,0.0 (cmd 1.0),0.0 (cmd 0.1)
1.3015,2.26,0.97,0.0,-1.02,0.12,0.0,-1.0,2.3,0.0 (cmd 1.0),0.0 (cmd 0.1)
1.302,2.26,0.98,0.0,-1.05,0.12,0.0,-1.1,2.3,0.0 (cmd 1.0),0.0 (cmd 0.1)
1.3025,2.25,0.98,0.0,-1.05,0.12,0.0,-1.1,2.2,0.0 (cmd 1.0),0.0 (cmd 0.1)
1.303,2.24,0.98,0.0,-1.06,0.13,0.0,-1.1,2.2,0.0 (cmd 1.0),0.0 (cmd 0.1)
1.3035,2.24,0.98,0.0,-1.06,0.12,0.0,-1.1,2.2,0.0 (cmd 1.0),0.0 (cmd 0.1)
1.304,2.21,0.98,0.0,-1.06,0.13,0.0,-1.1,2.2,0.0 (cmd 1.0),0.0 (cmd 0.1)
1.3045,2.2,0.98,0.0,-1.11,0.13,0.0,-1.1,2.2,0.0 (cmd 1.0),0.0 (cmd 0.1)
1.305,2.19,0.98,0.0,-1.66,0.1,0.0,-1.7,2.2,0.0 (cmd 1.0),0.0 (cmd 0.1)
1.3055,2.17,1.04,0.0,-3.72,-0.1,0.0,-3.7,2.2,0.0 (cmd 1.0),0.0 (cmd -0.1)
1.306,2.15,1.2,0.0,-6.33,-0.72,0.0,-6.3,2.1,0.0 (cmd 1.2),0.0 (cmd -0.7)
1.3065,2.13,1.41,0.0,-8.36,-1.52,0.0,-8.4,2.1,0.0 (cmd 1.4),0.0 (cmd -1.5)
1.307,2.1,1.44,0.0,-7.74,-1.25,0.0,-7.7,2.1,0.0 (cmd 1.4),0.0 (cmd -1.2)
1.3075,2.09,1.37,0.0,-6.88,-0.59,0.0,-6.9,2.1,0.0 (cmd 1.4),0.0 (cmd -0.6)
1.308,2.09,1.31,0.0,-6.61,-0.1,0.0,-6.6,2.1,0.0 (cmd 1.3),0.0 (cmd -0.1)
1.3085,-6.19,1.29,0.0,-5.43,0.18,0.0,-5.4,-6.2,0.0 (cmd 1.3),0.0 (cmd 0.2)
1.309,-21.24,-3.15,0.0,-4.49,1.36,0.0,-4.5,-21.2,0.0 (cmd -3.1),0.0 (cmd 1.4)
1.3095,-26.08,-4.72,0.0,-3.8,1.66,0.0,-3.8,-26.1,0.0 (cmd -4.7),0.0 (cmd 1.7)
1.31,-31.9,-5.79,0.0,-3.51,1.75,0.0,-3.5,-31.9,0.0 (cmd -5.8),0.0 (cmd 1.8)
1.3105,-38.89,-6.26,0.0,-3.6,1.62,0.0,-3.6,-38.9,0.0 (cmd -6.3),0.0 (cmd 1.6)
1.311,-43.79,-6.05,0.0,-3.65,1.43,0.0,-3.6,-43.8,0.0 (cmd -6.0),0.0 (cmd 1.4)
1.3115,-46.94,-6.13,0.0,-3.51,1.38,0.0,-3.5,-46.9,0.0 (cmd -6.1),0.0 (cmd 1.4)
1.312,-49.56,-5.52,0.0,-3.02,1.33,0.0,-3.0,-49.6,0.0 (cmd -5.5),0.0 (cmd 1.3)
1.3125,-50.83,-4.51,0.0,-2.58,1.26,0.0,-2.6,-50.8,0.0 (cmd -4.5),0.0 (cmd 1.3)
1.313,-50.17,-3.43,0.0,-2.01,1.18,0.0,-2.0,-50.2,0.0 (cmd -3.4),0.0 (cmd 1.2)
1.3135,-48.51,-2.04,0.0,-1.69,1.11,0.0,-1.7,-48.5,0.0 (cmd -2.0),0.0 (cmd 1.1)
1.314,-44.55,-0.49,0.0,-1.64,0.94,0.0,-1.6,-44.5,0.0 (cmd -0.5),0.0 (cmd 0.9)
1.3145,-40.44,0.41,0.0,-1.56,0.77,0.0,-1.6,-40.4,0.0 (cmd 0.4),0.0 (cmd 0.8)
1.315,-37.45,1.93,0.0,-1.5,0.59,0.0,-1.5,-37.5,0.0 (cmd 1.9),0.0 (cmd 0.6)
1.3155,-32.94,2.86,0.0,-1.33,0.48,0.0,-1.3,-32.9,0.0 (cmd 2.9),0.0 (cmd 0.5)
1.316,-26.85,3.66,0.0,-1.22,0.41,0.0,-1.2,-26.9,0.0 (cmd 3.7),0.0 (cmd 0.4)
1.3165,-21.47,4.33,0.0,-1.05,0.36,0.0,-1.1,-21.5,0.0 (cmd 4.3),0.0 (cmd 0.4)
1.317,-10.83,4.54,0.0,-0.43,0.46,0.0,-0.4,-10.8,0.0 (cmd 4.5),0.0 (cmd 0.5)
1.3175,-7.7,6.0,0.0,0.3,0.41,0.0,0.3,-7.7,0.0 (cmd 6.0),0.0 (cmd 0.4)
1.3188,-5.97,6.01,0.0,0.44,0.39,0.0,0.4,-6.0,0.0 (cmd 6.0),0.0 (cmd 0.4)
1.3193000000000001,-1.43,6.52,0.0,0.53,0.56,0.0,0.5,-1.4,0.0 (cmd 6.5),0.0 (cmd 0.6)
1.3197999999999999,-1.36,5.36,0.0,0.49,0.33,0.0,0.5,-1.4,0.0 (cmd 5.4),0.0 (cmd 0.3)
1.3203,-1.06,4.44,0.0,0.56,0.18,0.0,0.6,-1.1,0.0 (cmd 4.4),0.0 (cmd 0.2)
1.3208000000000002,-0.49,3.74,0.0,0.53,0.1,0.0,0.5,-0.5,0.0 (cmd 3.7),0.0 (cmd 0.1)
1.3213,-0.18,3.27,0.0,0.41,0.0,0.0,0.4,-0.2,0.0 (cmd 3.3),0.0 (cmd 0.0)
1.3218,0.38,2.87,0.0,0.27,-0.07,0.0,0.3,0.4,0.0 (cmd 2.9),0.0 (cmd -0.1)
1.3223,1.19,2.54,0.0,0.31,-0.1,0.0,0.3,1.2,0.0 (cmd 2.5),0.0 (cmd -0.1)
1.3228,2.17,2.42,0.0,0.4,-0.07,0.0,0.4,2.2,0.0 (cmd 2.4),0.0 (cmd -0.1)
1.3233000000000001,3.09,2.36,0.0,0.64,-0.04,0.0,0.6,3.1,0.0 (cmd 2.4),0.0 (cmd -0.0)
1.3237999999999999,4.49,2.37,0.0,0.84,-0.01,0.0,0.8,4.5,0.0 (cmd 2.4),0.0 (cmd -0.0)
1.3243000000000003,4.96,2.25,0.0,0.9,0.0,0.0,0.9,5.0,0.0 (cmd 2.2),0.0 (cmd 0.0)
1.3248,4.7,2.01,0.0,0.91,0.0,0.0,0.9,4.7,0.0 (cmd 2.0),0.0 (cmd 0.0)
1.3253,4.28,1.66,0.0,1.03,0.07,0.0,1.0,4.3,0.0 (cmd 1.7),0.0 (cmd 0.1)
1.3258,3.91,1.37,0.0,1.12,0.13,0.0,1.1,3.9,0.0 (cmd 1.4),0.0 (cmd 0.1)
1.3263,3.86,1.23,0.0,1.11,0.13,0.0,1.1,3.9,0.0 (cmd 1.2),0.0 (cmd 0.1)
1.3268000000000002,3.81,1.16,0.0,1.01,0.09,0.0,1.0,3.8,0.0 (cmd 1.2),0.0 (cmd 0.1)
1.3273,3.68,1.09,0.0,1.01,0.09,0.0,1.0,3.7,0.0 (cmd 1.1),0.0 (cmd 0.1)
1.3277999999999999,3.56,1.02,0.0,0.89,0.07,0.0,0.9,3.6,0.0 (cmd 1.0),0.0 (cmd 0.1)
1.3283000000000003,3.58,0.99,0.0,0.74,0.04,0.0,0.7,3.6,0.0 (cmd 1.0),0.0 (cmd 0.0)
1.3288,3.57,1.02,0.0,0.35,-0.04,0.0,0.3,3.6,0.0 (cmd 1.0),0.0 (cmd -0.0)
1.3293000000000001,3.35,1.01,0.0,0.18,-0.08,0.0,0.2,3.4,0.0 (cmd 1.0),0.0 (cmd -0.1)
1.3297999999999999,3.18,0.93,0.0,0.41,0.0,0.0,0.4,3.2,0.0 (cmd 0.9),0.0 (cmd 0.0)
1.3303,3.01,0.85,0.0,0.77,0.13,0.0,0.8,3.0,0.0 (cmd 0.8),0.0 (cmd 0.1)
1.3308000000000002,2.81,0.81,0.0,0.81,0.18,0.0,0.8,2.8,0.0 (cmd 0.8),0.0 (cmd 0.2)
1.3313,2.56,0.8,0.0,0.59,0.14,0.0,0.6,2.6,0.0 (cmd 0.8),0.0 (cmd 0.1)
1.3318,-0.13,0.49,0.0,0.42,0.13,0.0,0.4,-0.1,0.0 (cmd 0.5),0.0 (cmd 0.1)
1.3323,-3.33,-0.22,0.0,0.27,0.25,0.0,0.3,-3.3,0.0 (cmd -0.2),0.0 (cmd 0.2)
1.3328,-6.24,-0.62,0.0,0.34,0.32,0.0,0.3,-6.2,0.0 (cmd -0.6),0.0 (cmd 0.3)
1.3333000000000002,-10.69,-1.35,0.0,0.35,0.5,0.0,0.3,-10.7,0.0 (cmd -1.4),0.0 (cmd 0.5)
1.3337999999999999,-16.42,-2.17,0.0,0.36,0.64,0.0,0.4,-16.4,0.0 (cmd -2.2),0.0 (cmd 0.6)
1.3343000000000003,-23.2,-3.24,0.0,0.56,0.81,0.0,0.6,-23.2,0.0 (cmd -3.2),0.0 (cmd 0.8)
1.3348,-27.72,-3.91,0.0,0.7,0.92,0.0,0.7,-27.7,0.0 (cmd -3.9),0.0 (cmd 0.9)
1.3353,-31.11,-4.47,0.0,1.03,1.07,0.0,1.0,-31.1,0.0 (cmd -4.5),0.0 (cmd 1.1)
1.3358,-36.0,-4.56,0.0,0.84,1.06,0.0,0.8,-36.0,0.0 (cmd -4.6),0.0 (cmd 1.1)
1.3363,-39.98,-4.28,0.0,0.84,0.99,0.0,0.8,-40.0,0.0 (cmd -4.3),0.0 (cmd 1.0)
1.3368000000000002,-43.34,-4.41,0.0,0.89,1.03,0.0,0.9,-43.3,0.0 (cmd -4.4),0.0 (cmd 1.0)
1.3373,-45.62,-4.08,0.0,0.92,0.99,0.0,0.9,-45.6,0.0 (cmd -4.1),0.0 (cmd 1.0)
1.3377999999999999,-48.43,-3.62,0.0,0.85,0.93,0.0,0.8,-48.4,0.0 (cmd -3.6),0.0 (cmd 0.9)
1.3383000000000003,-50.33,-2.87,0.0,0.86,0.84,0.0,0.9,-50.3,0.0 (cmd -2.9),0.0 (cmd 0.8)
1.3388,-51.57,-2.63,0.0,0.92,0.87,0.0,0.9,-51.6,0.0 (cmd -2.6),0.0 (cmd 0.9)
1.3393000000000002,-53.08,-2.16,0.0,0.94,0.86,0.0,0.9,-53.1,0.0 (cmd -2.2),0.0 (cmd 0.9)
1.3397999999999999,-53.89,-1.6,0.0,0.81,0.82,0.0,0.8,-53.9,0.0 (cmd -1.6),0.0 (cmd 0.8)
1.3403,-54.13,-1.2,0.0,0.62,0.75,0.0,0.6,-54.1,0.0 (cmd -1.2),0.0 (cmd 0.8)
1.3408000000000002,-53.92,-0.7,0.0,0.33,0.66,0.0,0.3,-53.9,0.0 (cmd -0.7),0.0 (cmd 0.7)
1.3413,-53.1,-0.17,0.0,0.18,0.57,0.0,0.2,-53.1,0.0 (cmd -0.2),0.0 (cmd 0.6)
1.3428,-52.31,0.21,0.0,0.22,0.54,0.0,0.2,-52.3,0.0 (cmd 0.2),0.0 (cmd 0.5)
1.3433000000000002,-47.7,1.48,0.0,-0.02,0.37,0.0,-0.0,-47.7,0.0 (cmd 1.5),0.0 (cmd 0.4)
1.3437999999999999,-45.96,1.86,0.0,-0.07,0.34,0.0,-0.1,-46.0,0.0 (cmd 1.9),0.0 (cmd 0.3)
1.3443000000000003,-43.51,2.24,0.0,0.01,0.33,0.0,0.0,-43.5,0.0 (cmd 2.2),0.0 (cmd 0.3)
1.3448,-40.26,2.58,0.0,0.07,0.31,0.0,0.1,-40.3,0.0 (cmd 2.6),0.0 (cmd 0.3)
1.3453,-37.28,2.73,0.0,0.12,0.31,0.0,0.1,-37.3,0.0 (cmd 2.7),0.0 (cmd 0.3)
1.3458,-34.68,3.19,0.0,0.19,0.28,0.0,0.2,-34.7,0.0 (cmd 3.2),0.0 (cmd 0.3)
1.3463,-30.6,3.51,0.0,0.41,0.3,0.0,0.4,-30.6,0.0 (cmd 3.5),0.0 (cmd 0.3)
1.3468000000000002,-26.97,3.77,0.0,0.52,0.3,0.0,0.5,-27.0,0.0 (cmd 3.8),0.0 (cmd 0.3)
1.3473,-22.75,4.08,0.0,0.63,0.29,0.0,0.6,-22.8,0.0 (cmd 4.1),0.0 (cmd 0.3)
1.3477999999999999,-19.42,4.38,0.0,0.63,0.26,0.0,0.6,-19.4,0.0 (cmd 4.4),0.0 (cmd 0.3)
1.3483000000000003,-14.13,4.64,0.0,0.66,0.22,0.0,0.7,-14.1,0.0 (cmd 4.6),0.0 (cmd 0.2)
1.3488,-9.84,4.6,0.0,0.61,0.19,0.0,0.6,-9.8,0.0 (cmd 4.6),0.0 (cmd 0.2)
1.3493000000000002,-6.24,4.91,0.0,0.57,0.12,0.0,0.6,-6.2,0.0 (cmd 4.9),0.0 (cmd 0.1)
1.3497999999999999,-4.16,4.74,0.0,0.7,0.07,0.0,0.7,-4.2,0.0 (cmd 4.7),0.0 (cmd 0.1)
1.3503,-3.73,4.22,0.0,0.94,0.04,0.0,0.9,-3.7,0.0 (cmd 4.2),0.0 (cmd 0.0)
1.3508000000000002,-3.37,3.52,0.0,1.02,0.06,0.0,1.0,-3.4,0.0 (cmd 3.5),0.0 (cmd 0.1)
1.3513,-3.22,3.01,0.0,0.91,0.0,0.0,0.9,-3.2,0.0 (cmd 3.0),0.0 (cmd 0.0)
1.3518000000000001,-3.3,2.53,0.0,0.67,-0.08,0.0,0.7,-3.3,0.0 (cmd 2.5),0.0 (cmd -0.1)
1.3523,-3.44,2.12,0.0,0.55,-0.1,0.0,0.6,-3.4,0.0 (cmd 2.1),0.0 (cmd -0.1)
1.3528,-3.56,1.78,0.0,0.51,-0.07,0.0,0.5,-3.6,0.0 (cmd 1.8),0.0 (cmd -0.1)
1.3533000000000002,-3.64,1.54,0.0,0.44,-0.04,0.0,0.4,-3.6,0.0 (cmd 1.5),0.0 (cmd -0.0)
1.3538,-3.67,1.36,0.0,0.43,-0.01,0.0,0.4,-3.7,0.0 (cmd 1.4),0.0 (cmd -0.0)
1.3543000000000003,-3.74,1.23,0.0,0.46,0.01,0.0,0.5,-3.7,0.0 (cmd 1.2),0.0 (cmd 0.0)
1.3548,-3.82,1.1,0.0,0.61,0.05,0.0,0.6,-3.8,0.0 (cmd 1.1),0.0 (cmd 0.1)
1.3553,-3.92,1.0,0.0,0.7,0.12,0.0,0.7,-3.9,0.0 (cmd 1.0),0.0 (cmd 0.1)
1.3558000000000001,-3.97,0.93,0.0,0.78,0.15,0.0,0.8,-4.0,0.0 (cmd 0.9),0.0 (cmd 0.1)
1.3563,-3.97,0.88,0.0,0.86,0.17,0.0,0.9,-4.0,0.0 (cmd 0.9),0.0 (cmd 0.2)
1.3568000000000002,-3.98,0.85,0.0,0.94,0.19,0.0,0.9,-4.0,0.0 (cmd 0.8),0.0 (cmd 0.2)
1.3573,-4.04,0.82,0.0,1.02,0.19,0.0,1.0,-4.0,0.0 (cmd 0.8),0.0 (cmd 0.2)
1.3578,-4.14,0.79,0.0,1.04,0.19,0.0,1.0,-4.1,0.0 (cmd 0.8),0.0 (cmd 0.2)
1.3583000000000003,-4.23,0.75,0.0,1.02,0.18,0.0,1.0,-4.2,0.0 (cmd 0.8),0.0 (cmd 0.2)
1.3588,-4.32,0.74,0.0,0.99,0.16,0.0,1.0,-4.3,0.0 (cmd 0.7),0.0 (cmd 0.2)
1.3593000000000002,-4.31,0.74,0.0,0.99,0.15,0.0,1.0,-4.3,0.0 (cmd 0.7),0.0 (cmd 0.1)
1.3598,-4.31,0.75,0.0,0.99,0.14,0.0,1.0,-4.3,0.0 (cmd 0.8),0.0 (cmd 0.1)
1.3603,-4.34,0.75,0.0,0.98,0.14,0.0,1.0,-4.3,0.0 (cmd 0.8),0.0 (cmd 0.1)
1.3608000000000002,-4.42,0.75,0.0,0.97,0.13,0.0,1.0,-4.4,0.0 (cmd 0.8),0.0 (cmd 0.1)
1.3613,-4.52,0.72,0.0,1.0,0.13,0.0,1.0,-4.5,0.0 (cmd 0.7),0.0 (cmd 0.1)
1.3618000000000001,-4.55,0.71,0.0,1.04,0.15,0.0,1.0,-4.5,0.0 (cmd 0.7),0.0 (cmd 0.1)
1.3622999999999998,-4.56,0.71,0.0,1.11,0.16,0.0,1.1,-4.6,0.0 (cmd 0.7),0.0 (cmd 0.2)
1.3628,-4.52,0.72,0.0,1.16,0.16,0.0,1.2,-4.5,0.0 (cmd 0.7),0.0 (cmd 0.2)
1.3633000000000002,-4.49,0.75,0.0,1.17,0.16,0.0,1.2,-4.5,0.0 (cmd 0.8),0.0 (cmd 0.2)
1.3638,-4.48,0.75,0.0,1.14,0.15,0.0,1.1,-4.5,0.0 (cmd 0.8),0.0 (cmd 0.1)
1.3643000000000003,-4.44,0.76,0.0,1.12,0.13,0.0,1.1,-4.4,0.0 (cmd 0.8),0.0 (cmd 0.1)
1.3648,-4.39,0.77,0.0,1.12,0.13,0.0,1.1,-4.4,0.0 (cmd 0.8),0.0 (cmd 0.1)
1.3653,-4.36,0.79,0.0,1.12,0.12,0.0,1.1,-4.4,0.0 (cmd 0.8),0.0 (cmd 0.1)
1.3658000000000001,-4.34,0.79,0.0,1.11,0.12,0.0,1.1,-4.3,0.0 (cmd 0.8),0.0 (cmd 0.1)
1.3671000000000002,-4.36,0.79,0.0,1.11,0.12,0.0,1.1,-4.4,0.0 (cmd 0.8),0.0 (cmd 0.1)
1.3676,-4.41,0.77,0.0,1.03,0.09,0.0,1.0,-4.4,0.0 (cmd 0.8),0.0 (cmd 0.1)
1.3680999999999999,-4.41,0.77,0.0,1.01,0.1,0.0,1.0,-4.4,0.0 (cmd 0.8),0.0 (cmd 0.1)
1.3686,-4.39,0.77,0.0,0.99,0.09,0.0,1.0,-4.4,0.0 (cmd 0.8),0.0 (cmd 0.1)
1.3691,-4.39,0.78,0.0,0.96,0.1,0.0,1.0,-4.4,0.0 (cmd 0.8),0.0 (cmd 0.1)
1.3696000000000002,-4.41,0.78,0.0,0.94,0.09,0.0,0.9,-4.4,0.0 (cmd 0.8),0.0 (cmd 0.1)
1.3700999999999999,-4.42,0.77,0.0,0.9,0.09,0.0,0.9,-4.4,0.0 (cmd 0.8),0.0 (cmd 0.1)
1.3705999999999998,-4.48,0.77,0.0,0.85,0.09,0.0,0.8,-4.5,0.0 (cmd 0.8),0.0 (cmd 0.1)
1.3711000000000002,-4.55,0.75,0.0,0.82,0.08,0.0,0.8,-4.5,0.0 (cmd 0.8),0.0 (cmd 0.1)
1.3716,-4.58,0.74,0.0,0.8,0.09,0.0,0.8,-4.6,0.0 (cmd 0.7),0.0 (cmd 0.1)
1.3721,-4.56,0.75,0.0,0.77,0.09,0.0,0.8,-4.6,0.0 (cmd 0.8),0.0 (cmd 0.1)
1.3725999999999998,-4.53,0.76,0.0,0.74,0.09,0.0,0.7,-4.5,0.0 (cmd 0.8),0.0 (cmd 0.1)
1.3731,-4.53,0.78,0.0,0.69,0.08,0.0,0.7,-4.5,0.0 (cmd 0.8),0.0 (cmd 0.1)
1.3736000000000002,-4.55,0.78,0.0,0.66,0.08,0.0,0.7,-4.5,0.0 (cmd 0.8),0.0 (cmd 0.1)
1.3740999999999999,-4.56,0.77,0.0,0.64,0.08,0.0,0.6,-4.6,0.0 (cmd 0.8),0.0 (cmd 0.1)
1.3746,-4.56,0.77,0.0,0.64,0.09,0.0,0.6,-4.6,0.0 (cmd 0.8),0.0 (cmd 0.1)
1.3751,-4.53,0.78,0.0,0.64,0.1,0.0,0.6,-4.5,0.0 (cmd 0.8),0.0 (cmd 0.1)
1.3756,-4.51,0.79,0.0,0.63,0.1,0.0,0.6,-4.5,0.0 (cmd 0.8),0.0 (cmd 0.1)
1.3761,-4.53,0.78,0.0,0.62,0.1,0.0,0.6,-4.5,0.0 (cmd 0.8),0.0 (cmd 0.1)
1.3765999999999998,-4.55,0.78,0.0,0.6,0.1,0.0,0.6,-4.5,0.0 (cmd 0.8),0.0 (cmd 0.1)
1.3771000000000002,-4.53,0.78,0.0,0.58,0.1,0.0,0.6,-4.5,0.0 (cmd 0.8),0.0 (cmd 0.1)
1.3776,-4.53,0.78,0.0,0.57,0.1,0.0,0.6,-4.5,0.0 (cmd 0.8),0.0 (cmd 0.1)
1.3780999999999999,-4.53,0.78,0.0,0.58,0.11,0.0,0.6,-4.5,0.0 (cmd 0.8),0.0 (cmd 0.1)
1.3786,-4.52,0.78,0.0,0.57,0.11,0.0,0.6,-4.5,0.0 (cmd 0.8),0.0 (cmd 0.1)
1.3791,-4.52,0.79,0.0,0.61,0.12,0.0,0.6,-4.5,0.0 (cmd 0.8),0.0 (cmd 0.1)
1.3796000000000002,-4.52,0.78,0.0,0.64,0.13,0.0,0.6,-4.5,0.0 (cmd 0.8),0.0 (cmd 0.1)
1.3800999999999999,-4.5,0.78,0.0,0.67,0.14,0.0,0.7,-4.5,0.0 (cmd 0.8),0.0 (cmd 0.1)
1.3805999999999998,-4.49,0.78,0.0,0.69,0.14,0.0,0.7,-4.5,0.0 (cmd 0.8),0.0 (cmd 0.1)
1.3811000000000002,-4.48,0.78,0.0,0.72,0.14,0.0,0.7,-4.5,0.0 (cmd 0.8),0.0 (cmd 0.1)
1.3816,-4.47,0.78,0.0,0.74,0.14,0.0,0.7,-4.5,0.0 (cmd 0.8),0.0 (cmd 0.1)
1.3821,-4.46,0.78,0.0,0.75,0.15,0.0,0.8,-4.5,0.0 (cmd 0.8),0.0 (cmd 0.1)
1.3825999999999998,-4.47,0.78,0.0,0.78,0.15,0.0,0.8,-4.5,0.0 (cmd 0.8),0.0 (cmd 0.1)
1.3831,-4.48,0.78,0.0,0.79,0.15,0.0,0.8,-4.5,0.0 (cmd 0.8),0.0 (cmd 0.1)
1.3836000000000002,-4.48,0.77,0.0,0.81,0.15,0.0,0.8,-4.5,0.0 (cmd 0.8),0.0 (cmd 0.1)
1.3840999999999999,-4.48,0.77,0.0,0.84,0.15,0.0,0.8,-4.5,0.0 (cmd 0.8),0.0 (cmd 0.1)
1.3846,-4.5,0.77,0.0,0.86,0.15,0.0,0.9,-4.5,0.0 (cmd 0.8),0.0 (cmd 0.1)
1.3851,-4.5,0.76,0.0,0.9,0.15,0.0,0.9,-4.5,0.0 (cmd 0.8),0.0 (cmd 0.1)
1.3856,-4.48,0.76,0.0,0.93,0.16,0.0,0.9,-4.5,0.0 (cmd 0.8),0.0 (cmd 0.2)
1.3861,-4.47,0.77,0.0,0.98,0.16,0.0,1.0,-4.5,0.0 (cmd 0.8),0.0 (cmd 0.2)
1.3865999999999998,-4.45,0.77,0.0,1.01,0.16,0.0,1.0,-4.5,0.0 (cmd 0.8),0.0 (cmd 0.2)
1.3871000000000002,-4.44,0.77,0.0,1.04,0.16,0.0,1.0,-4.4,0.0 (cmd 0.8),0.0 (cmd 0.2)
1.3876,-4.44,0.77,0.0,1.06,0.16,0.0,1.1,-4.4,0.0 (cmd 0.8),0.0 (cmd 0.2)
1.3881,-4.42,0.77,0.0,1.08,0.15,0.0,1.1,-4.4,0.0 (cmd 0.8),0.0 (cmd 0.1)
1.3886,-4.4,0.77,0.0,1.12,0.15,0.0,1.1,-4.4,0.0 (cmd 0.8),0.0 (cmd 0.1)
1.3891,-4.38,0.78,0.0,1.14,0.16,0.0,1.1,-4.4,0.0 (cmd 0.8),0.0 (cmd 0.2)
1.3896000000000002,-4.36,0.78,0.0,1.18,0.15,0.0,1.2,-4.4,0.0 (cmd 0.8),0.0 (cmd 0.1)
1.3901,-4.35,0.78,0.0,1.22,0.16,0.0,1.2,-4.3,0.0 (cmd 0.8),0.0 (cmd 0.2)
1.3905999999999998,-4.33,0.77,0.0,1.24,0.15,0.0,1.2,-4.3,0.0 (cmd 0.8),0.0 (cmd 0.1)
1.3911000000000002,-4.31,0.78,0.0,1.24,0.15,0.0,1.2,-4.3,0.0 (cmd 0.8),0.0 (cmd 0.1)
1.3916,-4.31,0.78,0.0,1.25,0.14,0.0,1.2,-4.3,0.0 (cmd 0.8),0.0 (cmd 0.1)
1.3921000000000001,-4.31,0.77,0.0,1.25,0.14,0.0,1.2,-4.3,0.0 (cmd 0.8),0.0 (cmd 0.1)
1.3925999999999998,-4.3,0.77,0.0,1.27,0.14,0.0,1.3,-4.3,0.0 (cmd 0.8),0.0 (cmd 0.1)
1.3931,-4.25,0.78,0.0,1.33,0.14,0.0,1.3,-4.2,0.0 (cmd 0.8),0.0 (cmd 0.1)
1.3936000000000002,-4.23,0.78,0.0,1.39,0.15,0.0,1.4,-4.2,0.0 (cmd 0.8),0.0 (cmd 0.1)
1.3941,-4.21,0.78,0.0,1.42,0.16,0.0,1.4,-4.2,0.0 (cmd 0.8),0.0 (cmd 0.2)
1.3946,-4.19,0.77,0.0,1.47,0.16,0.0,1.5,-4.2,0.0 (cmd 0.8),0.0 (cmd 0.2)
1.3951,-4.17,0.77,0.0,1.52,0.16,0.0,1.5,-4.2,0.0 (cmd 0.8),0.0 (cmd 0.2)
1.3956,-4.15,0.77,0.0,1.54,0.16,0.0,1.5,-4.2,0.0 (cmd 0.8),0.0 (cmd 0.2)
1.3961000000000001,-4.12,0.78,0.0,1.56,0.15,0.0,1.6,-4.1,0.0 (cmd 0.8),0.0 (cmd 0.1)
1.3965999999999998,-4.13,0.77,0.0,1.58,0.15,0.0,1.6,-4.1,0.0 (cmd 0.8),0.0 (cmd 0.1)
1.3971000000000002,-4.14,0.77,0.0,1.59,0.14,0.0,1.6,-4.1,0.0 (cmd 0.8),0.0 (cmd 0.1)
1.3976,-4.14,0.76,0.0,1.62,0.14,0.0,1.6,-4.1,0.0 (cmd 0.8),0.0 (cmd 0.1)
1.3981,-4.14,0.76,0.0,1.63,0.14,0.0,1.6,-4.1,0.0 (cmd 0.8),0.0 (cmd 0.1)
1.3986,-4.13,0.76,0.0,1.64,0.14,0.0,1.6,-4.1,0.0 (cmd 0.8),0.0 (cmd 0.1)
1.3991,-4.1,0.76,0.0,1.65,0.14,0.0,1.6,-4.1,0.0 (cmd 0.8),0.0 (cmd 0.1)
1.3996000000000002,-4.08,0.77,0.0,1.64,0.13,0.0,1.6,-4.1,0.0 (cmd 0.8),0.0 (cmd 0.1)
1.4001,-4.08,0.77,0.0,1.63,0.12,0.0,1.6,-4.1,0.0 (cmd 0.8),0.0 (cmd 0.1)
1.4005999999999998,-4.04,0.77,0.0,1.61,0.12,0.0,1.6,-4.0,0.0 (cmd 0.8),0.0 (cmd 0.1)
1.4011000000000002,-4.0,0.78,0.0,1.61,0.11,0.0,1.6,-4.0,0.0 (cmd 0.8),0.0 (cmd 0.1)
1.4016,-3.99,0.78,0.0,1.6,0.11,0.0,1.6,-4.0,0.0 (cmd 0.8),0.0 (cmd 0.1)
1.4021000000000001,-3.98,0.78,0.0,1.63,0.11,0.0,1.6,-4.0,0.0 (cmd 0.8),0.0 (cmd 0.1)
1.4025999999999998,-3.97,0.77,0.0,1.64,0.12,0.0,1.6,-4.0,0.0 (cmd 0.8),0.0 (cmd 0.1)
1.4031,-3.97,0.77,0.0,1.66,0.12,0.0,1.7,-4.0,0.0 (cmd 0.8),0.0 (cmd 0.1)
1.4036000000000002,-3.98,0.77,0.0,1.67,0.12,0.0,1.7,-4.0,0.0 (cmd 0.8),0.0 (cmd 0.1)
1.4041,-3.99,0.76,0.0,1.68,0.12,0.0,1.7,-4.0,0.0 (cmd 0.8),0.0 (cmd 0.1)
1.4046,-3.99,0.76,0.0,1.7,0.12,0.0,1.7,-4.0,0.0 (cmd 0.8),0.0 (cmd 0.1)
1.4051,-3.99,0.75,0.0,1.7,0.12,0.0,1.7,-4.0,0.0 (cmd 0.8),0.0 (cmd 0.1)
1.4056,-3.99,0.76,0.0,1.67,0.12,0.0,1.7,-4.0,0.0 (cmd 0.8),0.0 (cmd 0.1)
1.4061000000000001,-3.99,0.76,0.0,1.66,0.11,0.0,1.7,-4.0,0.0 (cmd 0.8),0.0 (cmd 0.1)
1.4065999999999999,-3.95,0.76,0.0,1.67,0.11,0.0,1.7,-4.0,0.0 (cmd 0.8),0.0 (cmd 0.1)
1.4071000000000002,-3.88,0.77,0.0,1.78,0.12,0.0,1.8,-3.9,0.0 (cmd 0.8),0.0 (cmd 0.1)
1.4076,-3.72,0.78,0.0,1.82,0.14,0.0,1.8,-3.7,0.0 (cmd 0.8),0.0 (cmd 0.1)
1.4081,-3.67,0.82,0.0,1.93,0.14,0.0,1.9,-3.7,0.0 (cmd 0.8),0.0 (cmd 0.1)
1.4086,-3.75,0.79,0.0,2.12,0.17,0.0,2.1,-3.8,0.0 (cmd 0.8),0.0 (cmd 0.2)
1.4091,-3.86,0.73,0.0,2.22,0.21,0.0,2.2,-3.9,0.0 (cmd 0.7),0.0 (cmd 0.2)
1.4096000000000002,-3.78,0.72,0.0,2.18,0.2,0.0,2.2,-3.8,0.0 (cmd 0.7),0.0 (cmd 0.2)
1.4101,-3.58,0.77,0.0,2.17,0.16,0.0,2.2,-3.6,0.0 (cmd 0.8),0.0 (cmd 0.2)
1.4105999999999999,-3.3,0.83,0.0,2.15,0.14,0.0,2.1,-3.3,0.0 (cmd 0.8),0.0 (cmd 0.1)
1.4111000000000002,-2.94,0.9,0.0,2.18,0.11,0.0,2.2,-2.9,0.0 (cmd 0.9),0.0 (cmd 0.1)
1.4116,-2.65,0.96,0.0,2.25,0.1,0.0,2.2,-2.6,0.0 (cmd 1.0),0.0 (cmd 0.1)
1.4121000000000001,-2.53,0.96,0.0,2.42,0.14,0.0,2.4,-2.5,0.0 (cmd 1.0),0.0 (cmd 0.1)
1.4125999999999999,-2.59,0.92,0.0,2.65,0.17,0.0,2.6,-2.6,0.0 (cmd 0.9),0.0 (cmd 0.2)
1.4130999999999998,-2.9,0.84,0.0,2.96,0.25,0.0,3.0,-2.9,0.0 (cmd 0.8),0.0 (cmd 0.2)
1.4136000000000002,-3.37,0.7,0.0,3.32,0.32,0.0,3.3,-3.4,0.0 (cmd 0.7),0.0 (cmd 0.3)
1.4141,-3.61,0.56,0.0,3.64,0.39,0.0,3.6,-3.6,0.0 (cmd 0.6),0.0 (cmd 0.4)
1.4146,-3.6,0.53,0.0,3.9,0.42,0.0,3.9,-3.6,0.0 (cmd 0.5),0.0 (cmd 0.4)
1.4150999999999998,-3.27,0.6,0.0,4.34,0.37,0.0,4.3,-3.3,0.0 (cmd 0.6),0.0 (cmd 0.4)
1.4156,-3.03,0.68,0.0,4.56,0.45,0.0,4.6,-3.0,0.0 (cmd 0.7),0.0 (cmd 0.5)
1.4161000000000001,-2.76,0.74,0.0,4.85,0.44,0.0,4.8,-2.8,0.0 (cmd 0.7),0.0 (cmd 0.4)
1.4165999999999999,-2.53,0.76,0.0,5.01,0.4,0.0,5.0,-2.5,0.0 (cmd 0.8),0.0 (cmd 0.4)
1.4171,-2.39,0.79,0.0,5.09,0.37,0.0,5.1,-2.4,0.0 (cmd 0.8),0.0 (cmd 0.4)
1.4176,-2.44,0.78,0.0,5.15,0.32,0.0,5.2,-2.4,0.0 (cmd 0.8),0.0 (cmd 0.3)
1.4181,-2.6,0.73,0.0,5.24,0.29,0.0,5.2,-2.6,0.0 (cmd 0.7),0.0 (cmd 0.3)
1.4186,-2.96,0.63,0.0,5.34,0.29,0.0,5.3,-3.0,0.0 (cmd 0.6),0.0 (cmd 0.3)
1.4190999999999998,-3.22,0.57,0.0,5.36,0.28,0.0,5.4,-3.2,0.0 (cmd 0.6),0.0 (cmd 0.3)
1.4196000000000002,-3.44,0.49,0.0,5.35,0.25,0.0,5.3,-3.4,0.0 (cmd 0.5),0.0 (cmd 0.2)
1.4201,-3.47,0.51,0.0,5.33,0.21,0.0,5.3,-3.5,0.0 (cmd 0.5),0.0 (cmd 0.2)
1.4205999999999999,-3.5,0.53,0.0,5.36,0.19,0.0,5.4,-3.5,0.0 (cmd 0.5),0.0 (cmd 0.2)
1.4211,-3.62,0.54,0.0,5.39,0.19,0.0,5.4,-3.6,0.0 (cmd 0.5),0.0 (cmd 0.2)
1.4216,-3.79,0.54,0.0,5.36,0.17,0.0,5.4,-3.8,0.0 (cmd 0.5),0.0 (cmd 0.2)
1.4221000000000001,-3.92,0.51,0.0,5.28,0.15,0.0,5.3,-3.9,0.0 (cmd 0.5),0.0 (cmd 0.1)
1.4225999999999999,-3.97,0.53,0.0,5.08,0.1,0.0,5.1,-4.0,0.0 (cmd 0.5),0.0 (cmd 0.1)
1.4230999999999998,-4.04,0.55,0.0,5.0,0.06,0.0,5.0,-4.0,0.0 (cmd 0.6),0.0 (cmd 0.1)
1.4236000000000002,-4.11,0.56,0.0,5.01,0.06,0.0,5.0,-4.1,0.0 (cmd 0.6),0.0 (cmd 0.1)
1.4241,-4.19,0.56,0.0,5.02,0.08,0.0,5.0,-4.2,0.0 (cmd 0.6),0.0 (cmd 0.1)
1.4246,-4.28,0.56,0.0,4.95,0.09,0.0,5.0,-4.3,0.0 (cmd 0.6),0.0 (cmd 0.1)
1.4250999999999998,-4.42,0.54,0.0,4.79,0.07,0.0,4.8,-4.4,0.0 (cmd 0.5),0.0 (cmd 0.1)
1.4256,-4.6,0.55,0.0,4.71,0.03,0.0,4.7,-4.6,0.0 (cmd 0.6),0.0 (cmd 0.0)
1.4261000000000001,-4.67,0.53,0.0,4.65,0.04,0.0,4.7,-4.7,0.0 (cmd 0.5),0.0 (cmd 0.0)
1.4265999999999999,-4.73,0.55,0.0,4.56,0.04,0.0,4.6,-4.7,0.0 (cmd 0.6),0.0 (cmd 0.0)
1.4271,-4.78,0.57,0.0,4.46,0.03,0.0,4.5,-4.8,0.0 (cmd 0.6),0.0 (cmd 0.0)
1.4276,-4.81,0.58,0.0,4.37,0.02,0.0,4.4,-4.8,0.0 (cmd 0.6),0.0 (cmd 0.0)
1.4281,-4.84,0.6,0.0,4.25,0.01,0.0,4.2,-4.8,0.0 (cmd 0.6),0.0 (cmd 0.0)
1.4286,-4.88,0.61,0.0,4.08,0.01,0.0,4.1,-4.9,0.0 (cmd 0.6),0.0 (cmd 0.0)
1.4290999999999998,-4.98,0.62,0.0,4.0,-0.02,0.0,4.0,-5.0,0.0 (cmd 0.6),0.0 (cmd -0.0)
1.4296000000000002,-5.09,0.59,0.0,4.06,0.01,0.0,4.1,-5.1,0.0 (cmd 0.6),0.0 (cmd 0.0)
1.4301,-5.23,0.58,0.0,4.11,0.05,0.0,4.1,-5.2,0.0 (cmd 0.6),0.0 (cmd 0.1)
1.4305999999999999,-5.28,0.57,0.0,4.11,0.08,0.0,4.1,-5.3,0.0 (cmd 0.6),0.0 (cmd 0.1)
1.4311,-5.3,0.58,0.0,4.07,0.08,0.0,4.1,-5.3,0.0 (cmd 0.6),0.0 (cmd 0.1)
1.4316,-5.27,0.6,0.0,4.04,0.08,0.0,4.0,-5.3,0.0 (cmd 0.6),0.0 (cmd 0.1)
1.4321000000000002,-5.28,0.62,0.0,4.01,0.08,0.0,4.0,-5.3,0.0 (cmd 0.6),0.0 (cmd 0.1)
1.4325999999999999,-5.44,0.62,0.0,3.98,0.08,0.0,4.0,-5.4,0.0 (cmd 0.6),0.0 (cmd 0.1)
1.4330999999999998,-5.66,0.58,0.0,3.87,0.08,0.0,3.9,-5.7,0.0 (cmd 0.6),0.0 (cmd 0.1)
1.4336000000000002,-5.87,0.54,0.0,3.87,0.07,0.0,3.9,-5.9,0.0 (cmd 0.5),0.0 (cmd 0.1)
1.4341,-6.23,0.48,0.0,3.96,0.11,0.0,4.0,-6.2,0.0 (cmd 0.5),0.0 (cmd 0.1)
1.4346,-6.53,0.41,0.0,3.98,0.15,0.0,4.0,-6.5,0.0 (cmd 0.4),0.0 (cmd 0.1)
1.4350999999999998,-6.69,0.42,0.0,3.87,0.14,0.0,3.9,-6.7,0.0 (cmd 0.4),0.0 (cmd 0.1)
1.4356,-6.82,0.44,0.0,3.7,0.11,0.0,3.7,-6.8,0.0 (cmd 0.4),0.0 (cmd 0.1)
1.4361000000000002,-6.91,0.47,0.0,3.57,0.05,0.0,3.6,-6.9,0.0 (cmd 0.5),0.0 (cmd 0.1)
1.4365999999999999,-6.99,0.49,0.0,3.71,0.07,0.0,3.7,-7.0,0.0 (cmd 0.5),0.0 (cmd 0.1)
1.4371,-7.01,0.5,0.0,3.84,0.15,0.0,3.8,-7.0,0.0 (cmd 0.5),0.0 (cmd 0.1)
1.4376,-7.01,0.53,0.0,3.8,0.15,0.0,3.8,-7.0,0.0 (cmd 0.5),0.0 (cmd 0.1)
1.4381,-7.03,0.56,0.0,3.74,0.13,0.0,3.7,-7.0,0.0 (cmd 0.6),0.0 (cmd 0.1)
1.4386,-7.03,0.58,0.0,3.79,0.12,0.0,3.8,-7.0,0.0 (cmd 0.6),0.0 (cmd 0.1)
1.4390999999999998,-7.04,0.59,0.0,3.93,0.14,0.0,3.9,-7.0,0.0 (cmd 0.6),0.0 (cmd 0.1)
1.4396000000000002,-7.01,0.59,0.0,4.06,0.18,0.0,4.1,-7.0,0.0 (cmd 0.6),0.0 (cmd 0.2)
1.4401,-6.94,0.61,0.0,4.19,0.23,0.0,4.2,-6.9,0.0 (cmd 0.6),0.0 (cmd 0.2)
1.4405999999999999,-6.88,0.63,0.0,4.53,0.28,0.0,4.5,-6.9,0.0 (cmd 0.6),0.0 (cmd 0.3)
1.4411,-6.82,0.63,0.0,4.8,0.32,0.0,4.8,-6.8,0.0 (cmd 0.6),0.0 (cmd 0.3)
1.4416,-6.78,0.64,0.0,4.92,0.33,0.0,4.9,-6.8,0.0 (cmd 0.6),0.0 (cmd 0.3)
1.4421000000000002,-6.71,0.64,0.0,5.03,0.33,0.0,5.0,-6.7,0.0 (cmd 0.6),0.0 (cmd 0.3)
1.4425999999999999,-6.64,0.66,0.0,5.17,0.31,0.0,5.2,-6.6,0.0 (cmd 0.7),0.0 (cmd 0.3)
1.4430999999999998,-6.59,0.66,0.0,5.29,0.31,0.0,5.3,-6.6,0.0 (cmd 0.7),0.0 (cmd 0.3)
1.4436000000000002,-6.56,0.66,0.0,5.34,0.29,0.0,5.3,-6.6,0.0 (cmd 0.7),0.0 (cmd 0.3)
1.4441,-6.54,0.66,0.0,5.36,0.27,0.0,5.4,-6.5,0.0 (cmd 0.7),0.0 (cmd 0.3)
1.4446,-6.47,0.66,0.0,5.41,0.24,0.0,5.4,-6.5,0.0 (cmd 0.7),0.0 (cmd 0.2)
1.4450999999999998,-6.39,0.67,0.0,5.46,0.24,0.0,5.5,-6.4,0.0 (cmd 0.7),0.0 (cmd 0.2)
1.4456,-6.28,0.68,0.0,5.52,0.23,0.0,5.5,-6.3,0.0 (cmd 0.7),0.0 (cmd 0.2)
1.4461000000000002,-6.24,0.68,0.0,5.58,0.22,0.0,5.6,-6.2,0.0 (cmd 0.7),0.0 (cmd 0.2)
1.4465999999999999,-6.08,0.7,0.0,5.6,0.22,0.0,5.6,-6.1,0.0 (cmd 0.7),0.0 (cmd 0.2)
1.4471,-6.02,0.7,0.0,5.62,0.2,0.0,5.6,-6.0,0.0 (cmd 0.7),0.0 (cmd 0.2)
1.4476,-5.93,0.71,0.0,5.64,0.19,0.0,5.6,-5.9,0.0 (cmd 0.7),0.0 (cmd 0.2)
1.4481,-6.0,0.7,0.0,5.64,0.18,0.0,5.6,-6.0,0.0 (cmd 0.7),0.0 (cmd 0.2)
1.4486,-6.08,0.66,0.0,5.65,0.18,0.0,5.7,-6.1,0.0 (cmd 0.7),0.0 (cmd 0.2)
1.4490999999999998,-6.12,0.64,0.0,5.7,0.18,0.0,5.7,-6.1,0.0 (cmd 0.6),0.0 (cmd 0.2)
1.4496000000000002,-6.28,0.61,0.0,5.71,0.18,0.0,5.7,-6.3,0.0 (cmd 0.6),0.0 (cmd 0.2)
1.4501,-6.36,0.58,0.0,5.68,0.18,0.0,5.7,-6.4,0.0 (cmd 0.6),0.0 (cmd 0.2)
1.4506,-6.43,0.56,0.0,5.68,0.17,0.0,5.7,-6.4,0.0 (cmd 0.6),0.0 (cmd 0.2)
1.4511,-7.06,0.47,0.0,5.74,0.18,0.0,5.7,-7.1,0.0 (cmd 0.5),0.0 (cmd 0.2)
1.4516,-7.6,0.39,0.0,5.88,0.22,0.0,5.9,-7.6,0.0 (cmd 0.4),0.0 (cmd 0.2)
1.4521000000000002,-7.95,0.28,0.0,5.99,0.27,0.0,6.0,-8.0,0.0 (cmd 0.3),0.0 (cmd 0.3)
1.4526,-8.33,0.24,0.0,6.04,0.28,0.0,6.0,-8.3,0.0 (cmd 0.2),0.0 (cmd 0.3)
1.4530999999999998,-8.51,0.25,0.0,6.12,0.28,0.0,6.1,-8.5,0.0 (cmd 0.2),0.0 (cmd 0.3)
1.4536000000000002,-8.68,0.29,0.0,6.16,0.29,0.0,6.2,-8.7,0.0 (cmd 0.3),0.0 (cmd 0.3)
1.4541,-8.82,0.31,0.0,6.19,0.28,0.0,6.2,-8.8,0.0 (cmd 0.3),0.0 (cmd 0.3)
1.4546000000000001,-9.05,0.33,0.0,6.15,0.27,0.0,6.2,-9.1,0.0 (cmd 0.3),0.0 (cmd 0.3)
1.4550999999999998,-9.22,0.34,0.0,6.06,0.24,0.0,6.1,-9.2,0.0 (cmd 0.3),0.0 (cmd 0.2)
1.4556,-9.44,0.35,0.0,5.97,0.21,0.0,6.0,-9.4,0.0 (cmd 0.3),0.0 (cmd 0.2)
1.4561000000000002,-9.7,0.34,0.0,5.92,0.2,0.0,5.9,-9.7,0.0 (cmd 0.3),0.0 (cmd 0.2)
1.4566,-9.74,0.35,0.0,5.92,0.2,0.0,5.9,-9.7,0.0 (cmd 0.3),0.0 (cmd 0.2)
1.4571,-9.65,0.4,0.0,6.04,0.21,0.0,6.0,-9.7,0.0 (cmd 0.4),0.0 (cmd 0.2)
1.4576,-9.56,0.45,0.0,6.73,0.4,0.0,6.7,-9.6,0.0 (cmd 0.5),0.0 (cmd 0.4)
1.4581,-9.52,0.5,0.0,6.95,0.45,0.0,7.0,-9.5,0.0 (cmd 0.5),0.0 (cmd 0.5)
1.4586000000000001,-9.56,0.51,0.0,6.73,0.4,0.0,6.7,-9.6,0.0 (cmd 0.5),0.0 (cmd 0.4)
1.4590999999999998,-9.88,0.5,0.0,6.41,0.29,0.0,6.4,-9.9,0.0 (cmd 0.5),0.0 (cmd 0.3)
1.4596000000000002,-10.29,0.42,0.0,6.15,0.2,0.0,6.2,-10.3,0.0 (cmd 0.4),0.0 (cmd 0.2)
1.4601,-10.65,0.36,0.0,6.02,0.17,0.0,6.0,-10.7,0.0 (cmd 0.4),0.0 (cmd 0.2)
1.4606,-11.0,0.3,0.0,5.96,0.16,0.0,6.0,-11.0,0.0 (cmd 0.3),0.0 (cmd 0.2)
1.4611,-11.02,0.34,0.0,5.91,0.16,0.0,5.9,-11.0,0.0 (cmd 0.3),0.0 (cmd 0.2)
1.4616,-10.97,0.4,0.0,5.85,0.16,0.0,5.8,-11.0,0.0 (cmd 0.4),0.0 (cmd 0.2)
1.4621000000000002,-10.87,0.46,0.0,5.81,0.17,0.0,5.8,-10.9,0.0 (cmd 0.5),0.0 (cmd 0.2)
1.4626,-10.77,0.53,0.0,5.72,0.16,0.0,5.7,-10.8,0.0 (cmd 0.5),0.0 (cmd 0.2)
1.4630999999999998,-10.76,0.56,0.0,5.64,0.16,0.0,5.6,-10.8,0.0 (cmd 0.6),0.0 (cmd 0.2)
1.4636000000000002,-10.76,0.58,0.0,5.62,0.15,0.0,5.6,-10.8,0.0 (cmd 0.6),0.0 (cmd 0.1)
1.4641,-10.78,0.58,0.0,5.56,0.16,0.0,5.6,-10.8,0.0 (cmd 0.6),0.0 (cmd 0.2)
1.4646000000000001,-10.78,0.58,0.0,5.46,0.15,0.0,5.5,-10.8,0.0 (cmd 0.6),0.0 (cmd 0.1)
1.4650999999999998,-10.81,0.58,0.0,5.41,0.14,0.0,5.4,-10.8,0.0 (cmd 0.6),0.0 (cmd 0.1)
1.4656,-10.83,0.58,0.0,5.38,0.15,0.0,5.4,-10.8,0.0 (cmd 0.6),0.0 (cmd 0.1)
1.4661000000000002,-10.87,0.57,0.0,5.39,0.16,0.0,5.4,-10.9,0.0 (cmd 0.6),0.0 (cmd 0.2)
1.4666,-10.85,0.58,0.0,5.43,0.18,0.0,5.4,-10.8,0.0 (cmd 0.6),0.0 (cmd 0.2)
1.4671,-10.79,0.59,0.0,5.45,0.19,0.0,5.5,-10.8,0.0 (cmd 0.6),0.0 (cmd 0.2)
1.4676,-10.77,0.6,0.0,5.49,0.21,0.0,5.5,-10.8,0.0 (cmd 0.6),0.0 (cmd 0.2)
1.4681,-10.78,0.6,0.0,5.49,0.21,0.0,5.5,-10.8,0.0 (cmd 0.6),0.0 (cmd 0.2)
1.4686000000000001,-10.79,0.6,0.0,5.48,0.21,0.0,5.5,-10.8,0.0 (cmd 0.6),0.0 (cmd 0.2)
1.4690999999999999,-10.79,0.6,0.0,5.46,0.21,0.0,5.5,-10.8,0.0 (cmd 0.6),0.0 (cmd 0.2)
1.4696000000000002,-10.8,0.6,0.0,5.46,0.21,0.0,5.5,-10.8,0.0 (cmd 0.6),0.0 (cmd 0.2)
1.4701,-10.83,0.59,0.0,5.45,0.21,0.0,5.5,-10.8,0.0 (cmd 0.6),0.0 (cmd 0.2)
1.4706,-10.85,0.58,0.0,5.47,0.21,0.0,5.5,-10.8,0.0 (cmd 0.6),0.0 (cmd 0.2)
1.4711,-10.91,0.58,0.0,5.49,0.22,0.0,5.5,-10.9,0.0 (cmd 0.6),0.0 (cmd 0.2)
1.4716,-10.94,0.57,0.0,5.48,0.22,0.0,5.5,-10.9,0.0 (cmd 0.6),0.0 (cmd 0.2)
1.4721000000000002,-11.03,0.56,0.0,5.46,0.22,0.0,5.5,-11.0,0.0 (cmd 0.6),0.0 (cmd 0.2)
1.4726,-11.1,0.55,0.0,5.41,0.21,0.0,5.4,-11.1,0.0 (cmd 0.6),0.0 (cmd 0.2)
1.4730999999999999,-11.17,0.54,0.0,5.35,0.2,0.0,5.3,-11.2,0.0 (cmd 0.5),0.0 (cmd 0.2)
1.4736000000000002,-11.22,0.54,0.0,5.3,0.19,0.0,5.3,-11.2,0.0 (cmd 0.5),0.0 (cmd 0.2)
1.4741,-11.28,0.54,0.0,5.23,0.18,0.0,5.2,-11.3,0.0 (cmd 0.5),0.0 (cmd 0.2)
1.4746000000000001,-11.36,0.54,0.0,5.18,0.17,0.0,5.2,-11.4,0.0 (cmd 0.5),0.0 (cmd 0.2)
1.4750999999999999,-11.51,0.53,0.0,5.16,0.17,0.0,5.2,-11.5,0.0 (cmd 0.5),0.0 (cmd 0.2)
1.4755999999999998,-11.65,0.5,0.0,5.17,0.18,0.0,5.2,-11.7,0.0 (cmd 0.5),0.0 (cmd 0.2)
1.4761000000000002,-11.71,0.5,0.0,5.19,0.2,0.0,5.2,-11.7,0.0 (cmd 0.5),0.0 (cmd 0.2)
1.4766,-11.72,0.5,0.0,5.25,0.22,0.0,5.2,-11.7,0.0 (cmd 0.5),0.0 (cmd 0.2)
1.4771,-11.71,0.53,0.0,5.26,0.23,0.0,5.3,-11.7,0.0 (cmd 0.5),0.0 (cmd 0.2)
1.4775999999999998,-11.74,0.54,0.0,5.25,0.23,0.0,5.2,-11.7,0.0 (cmd 0.5),0.0 (cmd 0.2)
1.4781,-11.79,0.54,0.0,5.2,0.22,0.0,5.2,-11.8,0.0 (cmd 0.5),0.0 (cmd 0.2)
1.4786000000000001,-11.83,0.54,0.0,5.18,0.21,0.0,5.2,-11.8,0.0 (cmd 0.5),0.0 (cmd 0.2)
1.4790999999999999,-11.83,0.55,0.0,5.15,0.21,0.0,5.2,-11.8,0.0 (cmd 0.6),0.0 (cmd 0.2)
1.4796,-11.78,0.57,0.0,5.1,0.2,0.0,5.1,-11.8,0.0 (cmd 0.6),0.0 (cmd 0.2)
1.4801,-11.78,0.58,0.0,5.06,0.19,0.0,5.1,-11.8,0.0 (cmd 0.6),0.0 (cmd 0.2)
1.4806,-11.8,0.59,0.0,5.04,0.19,0.0,5.0,-11.8,0.0 (cmd 0.6),0.0 (cmd 0.2)
1.4811,-11.8,0.59,0.0,5.02,0.19,0.0,5.0,-11.8,0.0 (cmd 0.6),0.0 (cmd 0.2)
1.4815999999999998,-11.79,0.59,0.0,5.02,0.19,0.0,5.0,-11.8,0.0 (cmd 0.6),0.0 (cmd 0.2)
1.4821000000000002,-11.75,0.6,0.0,4.99,0.19,0.0,5.0,-11.8,0.0 (cmd 0.6),0.0 (cmd 0.2)
1.4826,-11.73,0.61,0.0,5.0,0.19,0.0,5.0,-11.7,0.0 (cmd 0.6),0.0 (cmd 0.2)
1.4830999999999999,-11.73,0.61,0.0,5.02,0.21,0.0,5.0,-11.7,0.0 (cmd 0.6),0.0 (cmd 0.2)
1.4836,-11.7,0.61,0.0,5.01,0.21,0.0,5.0,-11.7,0.0 (cmd 0.6),0.0 (cmd 0.2)
1.4841,-11.67,0.62,0.0,4.99,0.2,0.0,5.0,-11.7,0.0 (cmd 0.6),0.0 (cmd 0.2)
1.4846000000000001,-11.63,0.62,0.0,4.99,0.2,0.0,5.0,-11.6,0.0 (cmd 0.6),0.0 (cmd 0.2)
1.4850999999999999,-11.61,0.62,0.0,4.99,0.21,0.0,5.0,-11.6,0.0 (cmd 0.6),0.0 (cmd 0.2)
1.4855999999999998,-11.57,0.63,0.0,4.99,0.2,0.0,5.0,-11.6,0.0 (cmd 0.6),0.0 (cmd 0.2)
1.4861000000000002,-11.53,0.63,0.0,5.01,0.21,0.0,5.0,-11.5,0.0 (cmd 0.6),0.0 (cmd 0.2)
1.4866,-11.47,0.63,0.0,5.0,0.21,0.0,5.0,-11.5,0.0 (cmd 0.6),0.0 (cmd 0.2)
1.4871,-11.47,0.64,0.0,4.99,0.21,0.0,5.0,-11.5,0.0 (cmd 0.6),0.0 (cmd 0.2)
1.4875999999999998,-11.46,0.63,0.0,5.01,0.21,0.0,5.0,-11.5,0.0 (cmd 0.6),0.0 (cmd 0.2)
1.4881,-11.41,0.63,0.0,4.98,0.21,0.0,5.0,-11.4,0.0 (cmd 0.6),0.0 (cmd 0.2)
1.4886000000000001,-11.35,0.64,0.0,4.96,0.2,0.0,5.0,-11.3,0.0 (cmd 0.6),0.0 (cmd 0.2)
1.4890999999999999,-11.32,0.64,0.0,4.96,0.2,0.0,5.0,-11.3,0.0 (cmd 0.6),0.0 (cmd 0.2)
1.4896,-11.31,0.64,0.0,4.97,0.2,0.0,5.0,-11.3,0.0 (cmd 0.6),0.0 (cmd 0.2)
1.4901,-11.24,0.63,0.0,5.0,0.21,0.0,5.0,-11.2,0.0 (cmd 0.6),0.0 (cmd 0.2)
1.4906,-11.21,0.65,0.0,5.03,0.21,0.0,5.0,-11.2,0.0 (cmd 0.7),0.0 (cmd 0.2)
1.4911,-11.19,0.64,0.0,5.08,0.22,0.0,5.1,-11.2,0.0 (cmd 0.6),0.0 (cmd 0.2)
1.4915999999999998,-11.14,0.64,0.0,5.19,0.24,0.0,5.2,-11.1,0.0 (cmd 0.6),0.0 (cmd 0.2)
1.4921000000000002,-11.09,0.64,0.0,5.27,0.26,0.0,5.3,-11.1,0.0 (cmd 0.6),0.0 (cmd 0.3)
1.4926,-11.0,0.65,0.0,5.34,0.26,0.0,5.3,-11.0,0.0 (cmd 0.7),0.0 (cmd 0.3)
1.4930999999999999,-10.95,0.65,0.0,5.36,0.27,0.0,5.4,-10.9,0.0 (cmd 0.7),0.0 (cmd 0.3)
1.4936,-10.9,0.65,0.0,5.37,0.26,0.0,5.4,-10.9,0.0 (cmd 0.7),0.0 (cmd 0.3)
1.4941,-10.87,0.65,0.0,5.38,0.25,0.0,5.4,-10.9,0.0 (cmd 0.7),0.0 (cmd 0.2)
1.4946000000000002,-10.85,0.64,0.0,5.38,0.24,0.0,5.4,-10.8,0.0 (cmd 0.6),0.0 (cmd 0.2)
1.4950999999999999,-10.82,0.64,0.0,5.45,0.24,0.0,5.5,-10.8,0.0 (cmd 0.6),0.0 (cmd 0.2)
1.4955999999999998,-10.75,0.63,0.0,5.54,0.26,0.0,5.5,-10.8,0.0 (cmd 0.6),0.0 (cmd 0.3)
1.4961000000000002,-10.66,0.65,0.0,5.64,0.27,0.0,5.6,-10.7,0.0 (cmd 0.7),0.0 (cmd 0.3)
1.4966,-10.57,0.66,0.0,5.73,0.29,0.0,5.7,-10.6,0.0 (cmd 0.7),0.0 (cmd 0.3)
1.4971,-10.5,0.66,0.0,5.77,0.29,0.0,5.8,-10.5,0.0 (cmd 0.7),0.0 (cmd 0.3)
1.4975999999999998,-10.44,0.66,0.0,5.84,0.29,0.0,5.8,-10.4,0.0 (cmd 0.7),0.0 (cmd 0.3)
1.4981,-10.38,0.66,0.0,5.86,0.28,0.0,5.9,-10.4,0.0 (cmd 0.7),0.0 (cmd 0.3)
1.4986000000000002,-10.34,0.66,0.0,5.91,0.28,0.0,5.9,-10.3,0.0 (cmd 0.7),0.0 (cmd 0.3)
1.4990999999999999,-10.29,0.66,0.0,5.97,0.28,0.0,6.0,-10.3,0.0 (cmd 0.7),0.0 (cmd 0.3)
1.4996,-10.26,0.65,0.0,6.06,0.29,0.0,6.1,-10.3,0.0 (cmd 0.7),0.0 (cmd 0.3)
1.5001,-10.23,0.64,0.0,6.1,0.29,0.0,6.1,-10.2,0.0 (cmd 0.6),0.0 (cmd 0.3)
1.5006,-10.21,0.63,0.0,6.15,0.3,0.0,6.2,-10.2,0.0 (cmd 0.6),0.0 (cmd 0.3)
1.5011,-10.17,0.63,0.0,6.19,0.29,0.0,6.2,-10.2,0.0 (cmd 0.6),0.0 (cmd 0.3)
1.5015999999999998,-10.13,0.63,0.0,6.23,0.29,0.0,6.2,-10.1,0.0 (cmd 0.6),0.0 (cmd 0.3)
1.5021000000000002,-10.1,0.63,0.0,6.27,0.29,0.0,6.3,-10.1,0.0 (cmd 0.6),0.0 (cmd 0.3)
1.5026,-10.05,0.64,0.0,6.31,0.29,0.0,6.3,-10.1,0.0 (cmd 0.6),0.0 (cmd 0.3)
1.5030999999999999,-10.02,0.64,0.0,6.33,0.29,0.0,6.3,-10.0,0.0 (cmd 0.6),0.0 (cmd 0.3)
1.5036,-9.98,0.63,0.0,6.35,0.28,0.0,6.3,-10.0,0.0 (cmd 0.6),0.0 (cmd 0.3)
1.5041,-9.94,0.64,0.0,6.4,0.28,0.0,6.4,-9.9,0.0 (cmd 0.6),0.0 (cmd 0.3)
1.5046000000000002,-9.88,0.64,0.0,6.42,0.28,0.0,6.4,-9.9,0.0 (cmd 0.6),0.0 (cmd 0.3)
1.5050999999999999,-9.85,0.64,0.0,6.42,0.28,0.0,6.4,-9.8,0.0 (cmd 0.6),0.0 (cmd 0.3)
1.5055999999999998,-9.82,0.64,0.0,6.42,0.27,0.0,6.4,-9.8,0.0 (cmd 0.6),0.0 (cmd 0.3)
1.5061000000000002,-9.79,0.64,0.0,6.43,0.26,0.0,6.4,-9.8,0.0 (cmd 0.6),0.0 (cmd 0.3)
1.5066,-9.78,0.63,0.0,6.45,0.26,0.0,6.5,-9.8,0.0 (cmd 0.6),0.0 (cmd 0.3)
1.5071,-9.78,0.62,0.0,6.47,0.26,0.0,6.5,-9.8,0.0 (cmd 0.6),0.0 (cmd 0.3)
1.5075999999999998,-9.74,0.62,0.0,6.47,0.26,0.0,6.5,-9.7,0.0 (cmd 0.6),0.0 (cmd 0.3)
1.5081,-9.73,0.63,0.0,6.46,0.25,0.0,6.5,-9.7,0.0 (cmd 0.6),0.0 (cmd 0.2)
1.5086000000000002,-9.71,0.62,0.0,6.48,0.25,0.0,6.5,-9.7,0.0 (cmd 0.6),0.0 (cmd 0.2)
1.5090999999999999,-9.68,0.62,0.0,6.5,0.25,0.0,6.5,-9.7,0.0 (cmd 0.6),0.0 (cmd 0.2)
1.5096,-9.67,0.62,0.0,6.52,0.26,0.0,6.5,-9.7,0.0 (cmd 0.6),0.0 (cmd 0.3)
1.5101,-9.67,0.61,0.0,6.54,0.26,0.0,6.5,-9.7,0.0 (cmd 0.6),0.0 (cmd 0.3)
1.5106,-9.67,0.61,0.0,6.56,0.27,0.0,6.6,-9.7,0.0 (cmd 0.6),0.0 (cmd 0.3)
1.5111,-9.63,0.61,0.0,6.56,0.26,0.0,6.6,-9.6,0.0 (cmd 0.6),0.0 (cmd 0.3)
1.5115999999999998,-9.57,0.62,0.0,6.59,0.26,0.0,6.6,-9.6,0.0 (cmd 0.6),0.0 (cmd 0.3)
1.5121000000000002,-9.52,0.63,0.0,6.63,0.27,0.0,6.6,-9.5,0.0 (cmd 0.6),0.0 (cmd 0.3)
1.5126,-9.49,0.63,0.0,6.67,0.28,0.0,6.7,-9.5,0.0 (cmd 0.6),0.0 (cmd 0.3)
1.5131,-9.45,0.63,0.0,6.74,0.28,0.0,6.7,-9.4,0.0 (cmd 0.6),0.0 (cmd 0.3)
1.5136,-9.39,0.63,0.0,6.8,0.29,0.0,6.8,-9.4,0.0 (cmd 0.6),0.0 (cmd 0.3)
1.5141,-9.33,0.64,0.0,6.84,0.3,0.0,6.8,-9.3,0.0 (cmd 0.6),0.0 (cmd 0.3)
1.5146000000000002,-9.31,0.64,0.0,6.87,0.3,0.0,6.9,-9.3,0.0 (cmd 0.6),0.0 (cmd 0.3)
1.5151,-9.27,0.63,0.0,6.89,0.3,0.0,6.9,-9.3,0.0 (cmd 0.6),0.0 (cmd 0.3)
1.5155999999999998,-9.23,0.64,0.0,6.91,0.29,0.0,6.9,-9.2,0.0 (cmd 0.6),0.0 (cmd 0.3)
1.5161000000000002,-9.21,0.64,0.0,6.92,0.29,0.0,6.9,-9.2,0.0 (cmd 0.6),0.0 (cmd 0.3)
1.5166,-9.19,0.63,0.0,6.93,0.29,0.0,6.9,-9.2,0.0 (cmd 0.6),0.0 (cmd 0.3)
1.5171000000000001,-9.18,0.62,0.0,6.92,0.28,0.0,6.9,-9.2,0.0 (cmd 0.6),0.0 (cmd 0.3)
1.5175999999999998,-9.17,0.62,0.0,6.88,0.27,0.0,6.9,-9.2,0.0 (cmd 0.6),0.0 (cmd 0.3)
1.5181,-9.2,0.62,0.0,6.87,0.26,0.0,6.9,-9.2,0.0 (cmd 0.6),0.0 (cmd 0.3)
1.5186000000000002,-9.24,0.6,0.0,6.87,0.26,0.0,6.9,-9.2,0.0 (cmd 0.6),0.0 (cmd 0.3)
1.5191,-9.28,0.59,0.0,6.86,0.25,0.0,6.9,-9.3,0.0 (cmd 0.6),0.0 (cmd 0.2)
1.5196,-9.31,0.58,0.0,6.85,0.25,0.0,6.8,-9.3,0.0 (cmd 0.6),0.0 (cmd 0.2)
1.5201,-9.37,0.58,0.0,6.85,0.25,0.0,6.8,-9.4,0.0 (cmd 0.6),0.0 (cmd 0.2)
1.5206,-9.44,0.55,0.0,6.84,0.26,0.0,6.8,-9.4,0.0 (cmd 0.6),0.0 (cmd 0.3)
1.5211000000000001,-9.48,0.55,0.0,6.75,0.24,0.0,6.8,-9.5,0.0 (cmd 0.6),0.0 (cmd 0.2)
1.5215999999999998,-9.52,0.56,0.0,6.71,0.23,0.0,6.7,-9.5,0.0 (cmd 0.6),0.0 (cmd 0.2)
1.5221000000000002,-9.56,0.55,0.0,6.71,0.23,0.0,6.7,-9.6,0.0 (cmd 0.6),0.0 (cmd 0.2)
1.5226,-9.58,0.56,0.0,6.73,0.24,0.0,6.7,-9.6,0.0 (cmd 0.6),0.0 (cmd 0.2)
1.5231,-9.54,0.56,0.0,6.91,0.25,0.0,6.9,-9.5,0.0 (cmd 0.6),0.0 (cmd 0.2)
1.5236,-9.5,0.57,0.0,7.05,0.31,0.0,7.0,-9.5,0.0 (cmd 0.6),0.0 (cmd 0.3)
1.5241,-9.49,0.58,0.0,7.07,0.33,0.0,7.1,-9.5,0.0 (cmd 0.6),0.0 (cmd 0.3)
1.5246000000000002,-9.54,0.58,0.0,6.99,0.31,0.0,7.0,-9.5,0.0 (cmd 0.6),0.0 (cmd 0.3)
1.5251,-9.67,0.56,0.0,6.94,0.28,0.0,6.9,-9.7,0.0 (cmd 0.6),0.0 (cmd 0.3)
1.5255999999999998,-9.74,0.54,0.0,6.91,0.27,0.0,6.9,-9.7,0.0 (cmd 0.5),0.0 (cmd 0.3)
1.5261000000000002,-9.78,0.54,0.0,6.86,0.26,0.0,6.9,-9.8,0.0 (cmd 0.5),0.0 (cmd 0.3)
1.5266,-9.78,0.55,0.0,6.84,0.25,0.0,6.8,-9.8,0.0 (cmd 0.6),0.0 (cmd 0.2)
1.5271000000000001,-9.83,0.55,0.0,6.8,0.25,0.0,6.8,-9.8,0.0 (cmd 0.6),0.0 (cmd 0.2)
1.5275999999999998,-9.88,0.55,0.0,6.76,0.24,0.0,6.8,-9.9,0.0 (cmd 0.6),0.0 (cmd 0.2)
1.5281,-9.96,0.55,0.0,6.71,0.23,0.0,6.7,-10.0,0.0 (cmd 0.6),0.0 (cmd 0.2)
1.5286000000000002,-9.98,0.55,0.0,6.67,0.23,0.0,6.7,-10.0,0.0 (cmd 0.6),0.0 (cmd 0.2)
1.5291,-10.0,0.55,0.0,6.64,0.23,0.0,6.6,-10.0,0.0 (cmd 0.6),0.0 (cmd 0.2)
1.5296,-10.02,0.56,0.0,6.61,0.22,0.0,6.6,-10.0,0.0 (cmd 0.6),0.0 (cmd 0.2)
1.5301,-10.05,0.56,0.0,6.57,0.22,0.0,6.6,-10.1,0.0 (cmd 0.6),0.0 (cmd 0.2)
1.5306,-10.06,0.56,0.0,6.56,0.22,0.0,6.6,-10.1,0.0 (cmd 0.6),0.0 (cmd 0.2)
1.5311000000000001,-10.04,0.57,0.0,6.53,0.22,0.0,6.5,-10.0,0.0 (cmd 0.6),0.0 (cmd 0.2)
1.5315999999999999,-10.01,0.58,0.0,6.57,0.23,0.0,6.6,-10.0,0.0 (cmd 0.6),0.0 (cmd 0.2)
1.5321000000000002,-10.0,0.59,0.0,6.59,0.24,0.0,6.6,-10.0,0.0 (cmd 0.6),0.0 (cmd 0.2)
1.5326,-10.0,0.59,0.0,6.61,0.25,0.0,6.6,-10.0,0.0 (cmd 0.6),0.0 (cmd 0.2)
1.5331,-10.03,0.59,0.0,6.59,0.25,0.0,6.6,-10.0,0.0 (cmd 0.6),0.0 (cmd 0.2)
1.5336,-10.06,0.58,0.0,6.53,0.24,0.0,6.5,-10.1,0.0 (cmd 0.6),0.0 (cmd 0.2)
1.5341,-10.05,0.58,0.0,6.47,0.23,0.0,6.5,-10.1,0.0 (cmd 0.6),0.0 (cmd 0.2)
1.5346000000000002,-10.04,0.59,0.0,6.44,0.22,0.0,6.4,-10.0,0.0 (cmd 0.6),0.0 (cmd 0.2)
1.5351,-10.02,0.6,0.0,6.39,0.22,0.0,6.4,-10.0,0.0 (cmd 0.6),0.0 (cmd 0.2)
1.5355999999999999,-10.05,0.6,0.0,6.34,0.21,0.0,6.3,-10.1,0.0 (cmd 0.6),0.0 (cmd 0.2)
1.5361000000000002,-10.08,0.59,0.0,6.31,0.2,0.0,6.3,-10.1,0.0 (cmd 0.6),0.0 (cmd 0.2)
1.5366,-10.11,0.59,0.0,6.36,0.21,0.0,6.4,-10.1,0.0 (cmd 0.6),0.0 (cmd 0.2)
1.5371000000000001,-10.11,0.58,0.0,6.34,0.23,0.0,6.3,-10.1,0.0 (cmd 0.6),0.0 (cmd 0.2)
1.5375999999999999,-10.09,0.59,0.0,6.25,0.21,0.0,6.2,-10.1,0.0 (cmd 0.6),0.0 (cmd 0.2)
1.5380999999999998,-10.11,0.6,0.0,6.19,0.2,0.0,6.2,-10.1,0.0 (cmd 0.6),0.0 (cmd 0.2)
1.5386000000000002,-10.16,0.59,0.0,6.17,0.2,0.0,6.2,-10.2,0.0 (cmd 0.6),0.0 (cmd 0.2)
1.5391,-10.18,0.58,0.0,6.16,0.2,0.0,6.2,-10.2,0.0 (cmd 0.6),0.0 (cmd 0.2)
1.5403999999999998,-10.18,0.58,0.0,6.15,0.2,0.0,6.2,-10.2,0.0 (cmd 0.6),0.0 (cmd 0.2)
1.5409000000000002,-10.24,0.58,0.0,6.15,0.21,0.0,6.2,-10.2,0.0 (cmd 0.6),0.0 (cmd 0.2)
1.5413999999999999,-10.27,0.57,0.0,6.15,0.21,0.0,6.2,-10.3,0.0 (cmd 0.6),0.0 (cmd 0.2)
1.5419,-10.32,0.56,0.0,6.13,0.22,0.0,6.1,-10.3,0.0 (cmd 0.6),0.0 (cmd 0.2)
1.5424,-10.35,0.56,0.0,6.13,0.22,0.0,6.1,-10.3,0.0 (cmd 0.6),0.0 (cmd 0.2)
1.5429,-10.41,0.56,0.0,6.12,0.22,0.0,6.1,-10.4,0.0 (cmd 0.6),0.0 (cmd 0.2)
1.5434,-10.44,0.55,0.0,6.14,0.23,0.0,6.1,-10.4,0.0 (cmd 0.6),0.0 (cmd 0.2)
1.5438999999999998,-10.45,0.55,0.0,6.15,0.23,0.0,6.2,-10.4,0.0 (cmd 0.6),0.0 (cmd 0.2)
1.5444,-10.44,0.56,0.0,6.21,0.24,0.0,6.2,-10.4,0.0 (cmd 0.6),0.0 (cmd 0.2)
1.5449000000000002,-10.44,0.57,0.0,6.27,0.26,0.0,6.3,-10.4,0.0 (cmd 0.6),0.0 (cmd 0.3)
1.5453999999999999,-10.46,0.57,0.0,6.3,0.27,0.0,6.3,-10.5,0.0 (cmd 0.6),0.0 (cmd 0.3)
1.5459,-10.49,0.57,0.0,6.31,0.27,0.0,6.3,-10.5,0.0 (cmd 0.6),0.0 (cmd 0.3)
1.5463999999999998,-10.5,0.57,0.0,6.36,0.28,0.0,6.4,-10.5,0.0 (cmd 0.6),0.0 (cmd 0.3)
1.5469000000000002,-10.48,0.57,0.0,6.36,0.28,0.0,6.4,-10.5,0.0 (cmd 0.6),0.0 (cmd 0.3)
1.5474,-10.46,0.58,0.0,6.36,0.27,0.0,6.4,-10.5,0.0 (cmd 0.6),0.0 (cmd 0.3)
1.5478999999999998,-10.43,0.59,0.0,6.38,0.27,0.0,6.4,-10.4,0.0 (cmd 0.6),0.0 (cmd 0.3)
1.5484,-10.42,0.6,0.0,6.39,0.27,0.0,6.4,-10.4,0.0 (cmd 0.6),0.0 (cmd 0.3)
1.5489,-10.42,0.6,0.0,6.39,0.26,0.0,6.4,-10.4,0.0 (cmd 0.6),0.0 (cmd 0.3)
1.5494,-10.43,0.6,0.0,6.37,0.26,0.0,6.4,-10.4,0.0 (cmd 0.6),0.0 (cmd 0.3)
1.5499,-10.43,0.6,0.0,6.36,0.25,0.0,6.4,-10.4,0.0 (cmd 0.6),0.0 (cmd 0.2)
1.5503999999999998,-10.43,0.6,0.0,6.32,0.24,0.0,6.3,-10.4,0.0 (cmd 0.6),0.0 (cmd 0.2)
1.5509000000000002,-10.43,0.6,0.0,6.25,0.24,0.0,6.2,-10.4,0.0 (cmd 0.6),0.0 (cmd 0.2)
1.5514,-10.43,0.6,0.0,6.25,0.22,0.0,6.2,-10.4,0.0 (cmd 0.6),0.0 (cmd 0.2)
1.5519,-10.41,0.6,0.0,6.24,0.23,0.0,6.2,-10.4,0.0 (cmd 0.6),0.0 (cmd 0.2)
1.5524,-10.4,0.61,0.0,6.18,0.22,0.0,6.2,-10.4,0.0 (cmd 0.6),0.0 (cmd 0.2)
1.5529,-10.41,0.6,0.0,6.14,0.21,0.0,6.1,-10.4,0.0 (cmd 0.6),0.0 (cmd 0.2)
1.5534000000000001,-10.46,0.6,0.0,6.09,0.2,0.0,6.1,-10.5,0.0 (cmd 0.6),0.0 (cmd 0.2)
1.5538999999999998,-10.47,0.59,0.0,6.04,0.2,0.0,6.0,-10.5,0.0 (cmd 0.6),0.0 (cmd 0.2)
1.5544,-10.51,0.59,0.0,6.03,0.2,0.0,6.0,-10.5,0.0 (cmd 0.6),0.0 (cmd 0.2)
1.5549000000000002,-10.51,0.58,0.0,6.02,0.2,0.0,6.0,-10.5,0.0 (cmd 0.6),0.0 (cmd 0.2)
1.5554,-10.49,0.59,0.0,6.0,0.21,0.0,6.0,-10.5,0.0 (cmd 0.6),0.0 (cmd 0.2)
1.5559,-10.49,0.6,0.0,5.97,0.21,0.0,6.0,-10.5,0.0 (cmd 0.6),0.0 (cmd 0.2)
1.5563999999999998,-10.51,0.6,0.0,5.95,0.21,0.0,6.0,-10.5,0.0 (cmd 0.6),0.0 (cmd 0.2)
1.5569000000000002,-10.52,0.59,0.0,5.91,0.2,0.0,5.9,-10.5,0.0 (cmd 0.6),0.0 (cmd 0.2)
1.5574000000000001,-10.52,0.59,0.0,5.88,0.2,0.0,5.9,-10.5,0.0 (cmd 0.6),0.0 (cmd 0.2)
1.5578999999999998,-10.51,0.59,0.0,5.84,0.2,0.0,5.8,-10.5,0.0 (cmd 0.6),0.0 (cmd 0.2)
1.5584,-10.51,0.6,0.0,5.82,0.19,0.0,5.8,-10.5,0.0 (cmd 0.6),0.0 (cmd 0.2)
1.5589,-10.52,0.6,0.0,5.77,0.19,0.0,5.8,-10.5,0.0 (cmd 0.6),0.0 (cmd 0.2)
1.5594000000000001,-10.54,0.59,0.0,5.74,0.19,0.0,5.7,-10.5,0.0 (cmd 0.6),0.0 (cmd 0.2)
1.5599,-10.55,0.59,0.0,5.71,0.19,0.0,5.7,-10.6,0.0 (cmd 0.6),0.0 (cmd 0.2)
1.5603999999999998,-10.55,0.59,0.0,5.68,0.19,0.0,5.7,-10.6,0.0 (cmd 0.6),0.0 (cmd 0.2)
1.5609000000000002,-10.56,0.59,0.0,5.69,0.18,0.0,5.7,-10.6,0.0 (cmd 0.6),0.0 (cmd 0.2)
1.5614,-10.57,0.59,0.0,5.71,0.2,0.0,5.7,-10.6,0.0 (cmd 0.6),0.0 (cmd 0.2)
1.5619,-10.59,0.59,0.0,5.73,0.21,0.0,5.7,-10.6,0.0 (cmd 0.6),0.0 (cmd 0.2)
1.5624,-10.6,0.58,0.0,5.75,0.22,0.0,5.8,-10.6,0.0 (cmd 0.6),0.0 (cmd 0.2)
1.5629,-10.62,0.58,0.0,5.77,0.23,0.0,5.8,-10.6,0.0 (cmd 0.6),0.0 (cmd 0.2)
1.5634000000000001,-10.64,0.58,0.0,5.79,0.23,0.0,5.8,-10.6,0.0 (cmd 0.6),0.0 (cmd 0.2)
1.5638999999999998,-10.68,0.57,0.0,5.79,0.24,0.0,5.8,-10.7,0.0 (cmd 0.6),0.0 (cmd 0.2)
1.5644,-10.69,0.57,0.0,5.77,0.23,0.0,5.8,-10.7,0.0 (cmd 0.6),0.0 (cmd 0.2)
1.5649000000000002,-10.73,0.57,0.0,5.77,0.23,0.0,5.8,-10.7,0.0 (cmd 0.6),0.0 (cmd 0.2)
1.5654,-10.76,0.57,0.0,5.79,0.23,0.0,5.8,-10.8,0.0 (cmd 0.6),0.0 (cmd 0.2)
1.5659,-10.77,0.57,0.0,5.83,0.24,0.0,5.8,-10.8,0.0 (cmd 0.6),0.0 (cmd 0.2)
1.5663999999999998,-10.79,0.56,0.0,5.85,0.25,0.0,5.8,-10.8,0.0 (cmd 0.6),0.0 (cmd 0.2)
1.5669000000000002,-10.8,0.57,0.0,5.9,0.25,0.0,5.9,-10.8,0.0 (cmd 0.6),0.0 (cmd 0.2)
1.5674000000000001,-10.79,0.57,0.0,5.96,0.26,0.0,6.0,-10.8,0.0 (cmd 0.6),0.0 (cmd 0.3)
1.5678999999999998,-10.78,0.57,0.0,6.01,0.27,0.0,6.0,-10.8,0.0 (cmd 0.6),0.0 (cmd 0.3)
1.5684,-10.78,0.58,0.0,6.11,0.28,0.0,6.1,-10.8,0.0 (cmd 0.6),0.0 (cmd 0.3)
1.5689,-10.77,0.58,0.0,6.18,0.3,0.0,6.2,-10.8,0.0 (cmd 0.6),0.0 (cmd 0.3)
1.5694000000000001,-10.74,0.58,0.0,6.21,0.3,0.0,6.2,-10.7,0.0 (cmd 0.6),0.0 (cmd 0.3)
1.5699,-10.72,0.59,0.0,6.24,0.3,0.0,6.2,-10.7,0.0 (cmd 0.6),0.0 (cmd 0.3)
1.5703999999999998,-10.68,0.6,0.0,6.26,0.3,0.0,6.3,-10.7,0.0 (cmd 0.6),0.0 (cmd 0.3)
1.5709000000000002,-10.66,0.61,0.0,6.34,0.29,0.0,6.3,-10.7,0.0 (cmd 0.6),0.0 (cmd 0.3)
1.5714,-10.65,0.61,0.0,6.4,0.3,0.0,6.4,-10.7,0.0 (cmd 0.6),0.0 (cmd 0.3)
1.5719,-10.63,0.6,0.0,6.46,0.31,0.0,6.5,-10.6,0.0 (cmd 0.6),0.0 (cmd 0.3)
1.5724,-10.76,0.58,0.0,6.59,0.33,0.0,6.6,-10.8,0.0 (cmd 0.6),0.0 (cmd 0.3)
1.5729,-10.91,0.53,0.0,6.62,0.34,0.0,6.6,-10.9,0.0 (cmd 0.5),0.0 (cmd 0.3)
1.5734000000000001,-10.78,0.56,0.0,6.6,0.32,0.0,6.6,-10.8,0.0 (cmd 0.6),0.0 (cmd 0.3)
1.5738999999999999,-10.57,0.6,0.0,6.46,0.29,0.0,6.5,-10.6,0.0 (cmd 0.6),0.0 (cmd 0.3)
1.5744,-10.24,0.66,0.0,6.32,0.25,0.0,6.3,-10.2,0.0 (cmd 0.7),0.0 (cmd 0.2)
1.5749000000000002,-10.0,0.77,0.0,6.29,0.21,0.0,6.3,-10.0,0.0 (cmd 0.8),0.0 (cmd 0.2)
1.5754,-9.24,0.8,0.0,6.19,0.19,0.0,6.2,-9.2,0.0 (cmd 0.8),0.0 (cmd 0.2)
1.5759,-8.51,0.97,0.0,6.06,0.16,0.0,6.1,-8.5,0.0 (cmd 1.0),0.0 (cmd 0.2)
1.5763999999999998,-8.22,1.07,0.0,5.86,0.11,0.0,5.9,-8.2,0.0 (cmd 1.1),0.0 (cmd 0.1)
1.5769000000000002,-7.23,1.2,0.0,5.59,0.07,0.0,5.6,-7.2,0.0 (cmd 1.2),0.0 (cmd 0.1)
1.5774000000000001,-6.71,1.22,0.0,5.24,-0.01,0.0,5.2,-6.7,0.0 (cmd 1.2),0.0 (cmd -0.0)
1.5778999999999999,-6.23,1.25,0.0,4.87,-0.09,0.0,4.9,-6.2,0.0 (cmd 1.2),0.0 (cmd -0.1)
1.5794000000000001,-5.45,1.3,0.0,4.52,-0.15,0.0,4.5,-5.5,0.0 (cmd 1.3),0.0 (cmd -0.1)
1.5799,-2.82,1.3,0.0,3.11,-0.18,0.0,3.1,-2.8,0.0 (cmd 1.3),0.0 (cmd -0.2)
1.5803999999999998,-1.85,1.99,0.0,2.72,-0.59,0.0,2.7,-1.9,0.0 (cmd 2.0),0.0 (cmd -0.6)
1.5809000000000002,-1.11,1.88,0.0,2.35,-0.6,0.0,2.4,-1.1,0.0 (cmd 1.9),0.0 (cmd -0.6)
1.5814,-0.21,1.88,0.0,2.06,-0.6,0.0,2.1,-0.2,0.0 (cmd 1.9),0.0 (cmd -0.6)
1.5819,0.35,1.91,0.0,1.39,-0.58,0.0,1.4,0.3,0.0 (cmd 1.9),0.0 (cmd -0.6)
1.5824,1.2,1.87,0.0,0.47,-0.64,0.0,0.5,1.2,0.0 (cmd 1.9),0.0 (cmd -0.6)
1.5829,1.8,1.89,0.0,-1.11,-0.85,0.0,-1.1,1.8,0.0 (cmd 1.9),0.0 (cmd -0.8)
1.5834000000000001,2.21,1.92,0.0,-2.42,-1.27,0.0,-2.4,2.2,0.0 (cmd 1.9),0.0 (cmd -1.3)
1.5847,2.25,1.91,0.0,-3.59,-1.36,0.0,-3.6,2.2,0.0 (cmd 1.9),0.0 (cmd -1.4)
1.5852,2.24,1.81,0.0,-10.68,-1.36,0.0,-10.7,2.2,0.0 (cmd 1.8),0.0 (cmd -1.4)
1.5856999999999999,2.29,1.9,0.0,-12.71,-3.5,0.0,-12.7,2.3,0.0 (cmd 1.9),0.0 (cmd -3.5)
1.5862,2.3,1.95,0.0,-15.04,-3.0,0.0,-15.0,2.3,0.0 (cmd 1.9),0.0 (cmd -3.0)
1.5866999999999998,2.35,2.0,0.0,-14.86,-2.77,0.0,-14.9,2.4,0.0 (cmd 2.0),0.0 (cmd -2.8)
1.5872,2.6,2.02,0.0,-12.58,-1.47,0.0,-12.6,2.6,0.0 (cmd 2.0),0.0 (cmd -1.5)
1.5877000000000001,2.9,1.9,0.0,-9.72,-0.36,0.0,-9.7,2.9,0.0 (cmd 1.9),0.0 (cmd -0.4)
1.5881999999999998,3.13,1.68,0.0,-6.36,0.65,0.0,-6.4,3.1,0.0 (cmd 1.7),0.0 (cmd 0.7)
1.5887,3.38,1.42,0.0,-3.98,1.68,0.0,-4.0,3.4,0.0 (cmd 1.4),0.0 (cmd 1.7)
1.5891999999999997,4.34,1.56,0.0,-2.6,1.8,0.0,-2.6,4.3,0.0 (cmd 1.6),0.0 (cmd 1.8)
1.5897000000000001,4.11,1.38,0.0,-1.88,1.74,0.0,-1.9,4.1,0.0 (cmd 1.4),0.0 (cmd 1.7)
1.5902,2.92,1.1,0.0,-0.37,1.8,0.0,-0.4,2.9,0.0 (cmd 1.1),0.0 (cmd 1.8)
1.5906999999999998,2.26,0.67,0.0,1.28,1.75,0.0,1.3,2.3,0.0 (cmd 0.7),0.0 (cmd 1.8)
1.5912,1.63,0.49,0.0,1.69,1.76,0.0,1.7,1.6,0.0 (cmd 0.5),0.0 (cmd 1.8)
1.5928,0.5,0.33,0.0,1.89,1.59,0.0,1.9,0.5,0.0 (cmd 0.3),0.0 (cmd 1.6)
1.5933000000000002,-4.65,0.19,0.0,2.7,1.45,0.0,2.7,-4.7,0.0 (cmd 0.2),0.0 (cmd 1.4)
1.5937999999999999,-6.59,-1.2,0.0,2.84,1.52,0.0,2.8,-6.6,0.0 (cmd -1.2),0.0 (cmd 1.5)
1.5943000000000003,-7.19,-1.16,0.0,2.84,1.27,0.0,2.8,-7.2,0.0 (cmd -1.2),0.0 (cmd 1.3)
1.5948,-7.75,-0.98,0.0,2.76,1.03,0.0,2.8,-7.8,0.0 (cmd -1.0),0.0 (cmd 1.0)
1.5953,-7.12,-0.63,0.0,2.57,0.79,0.0,2.6,-7.1,0.0 (cmd -0.6),0.0 (cmd 0.8)
1.5958,-6.28,-0.1,0.0,2.66,0.55,0.0,2.7,-6.3,0.0 (cmd -0.1),0.0 (cmd 0.6)
1.5963,-3.1,0.57,0.0,3.03,0.43,0.0,3.0,-3.1,0.0 (cmd 0.6),0.0 (cmd 0.4)
1.5968000000000002,-0.94,1.4,0.0,3.01,0.32,0.0,3.0,-0.9,0.0 (cmd 1.4),0.0 (cmd 0.3)
1.5973,0.85,1.66,0.0,2.64,0.12,0.0,2.6,0.8,0.0 (cmd 1.7),0.0 (cmd 0.1)
1.5977999999999999,2.03,1.95,0.0,2.22,-0.09,0.0,2.2,2.0,0.0 (cmd 1.9),0.0 (cmd -0.1)
1.5983000000000003,2.87,2.11,0.0,2.15,-0.18,0.0,2.1,2.9,0.0 (cmd 2.1),0.0 (cmd -0.2)
1.5988,4.29,2.07,0.0,2.18,-0.18,0.0,2.2,4.3,0.0 (cmd 2.1),0.0 (cmd -0.2)
1.5993000000000002,4.89,2.06,0.0,2.14,-0.17,0.0,2.1,4.9,0.0 (cmd 2.1),0.0 (cmd -0.2)
1.5997999999999999,5.22,1.97,0.0,2.02,-0.19,0.0,2.0,5.2,0.0 (cmd 2.0),0.0 (cmd -0.2)
1.6003,5.3,1.77,0.0,1.92,-0.18,0.0,1.9,5.3,0.0 (cmd 1.8),0.0 (cmd -0.2)
1.6008000000000002,5.4,1.62,0.0,1.96,-0.14,0.0,2.0,5.4,0.0 (cmd 1.6),0.0 (cmd -0.1)
1.6013,5.48,1.48,0.0,2.08,-0.08,0.0,2.1,5.5,0.0 (cmd 1.5),0.0 (cmd -0.1)
1.6018000000000001,5.65,1.39,0.0,2.19,-0.02,0.0,2.2,5.7,0.0 (cmd 1.4),0.0 (cmd -0.0)
1.6023,5.73,1.31,0.0,2.24,0.01,0.0,2.2,5.7,0.0 (cmd 1.3),0.0 (cmd 0.0)
1.6028,5.75,1.24,0.0,2.2,0.02,0.0,2.2,5.8,0.0 (cmd 1.2),0.0 (cmd 0.0)
1.6033000000000002,5.75,1.17,0.0,2.2,0.01,0.0,2.2,5.8,0.0 (cmd 1.2),0.0 (cmd 0.0)
1.6038,5.8,1.13,0.0,2.22,0.02,0.0,2.2,5.8,0.0 (cmd 1.1),0.0 (cmd 0.0)
1.6043000000000003,5.76,1.08,0.0,2.25,0.03,0.0,2.2,5.8,0.0 (cmd 1.1),0.0 (cmd 0.0)
1.6048,5.6,1.02,0.0,2.28,0.04,0.0,2.3,5.6,0.0 (cmd 1.0),0.0 (cmd 0.0)
1.6053,5.49,0.96,0.0,2.25,0.06,0.0,2.2,5.5,0.0 (cmd 1.0),0.0 (cmd 0.1)
1.6058000000000001,5.38,0.93,0.0,2.14,0.04,0.0,2.1,5.4,0.0 (cmd 0.9),0.0 (cmd 0.0)
1.6063,5.26,0.91,0.0,2.14,0.03,0.0,2.1,5.3,0.0 (cmd 0.9),0.0 (cmd 0.0)
1.6068000000000002,5.12,0.88,0.0,2.25,0.05,0.0,2.2,5.1,0.0 (cmd 0.9),0.0 (cmd 0.1)
1.6073,4.9,0.84,0.0,2.39,0.1,0.0,2.4,4.9,0.0 (cmd 0.8),0.0 (cmd 0.1)
1.6078,4.71,0.78,0.0,2.53,0.14,0.0,2.5,4.7,0.0 (cmd 0.8),0.0 (cmd 0.1)
1.6083000000000003,4.44,0.74,0.0,2.66,0.17,0.0,2.7,4.4,0.0 (cmd 0.7),0.0 (cmd 0.2)
1.6088,4.12,0.67,0.0,2.83,0.2,0.0,2.8,4.1,0.0 (cmd 0.7),0.0 (cmd 0.2)
1.6093000000000002,3.78,0.64,0.0,3.02,0.23,0.0,3.0,3.8,0.0 (cmd 0.6),0.0 (cmd 0.2)
1.6098,3.57,0.58,0.0,3.14,0.25,0.0,3.1,3.6,0.0 (cmd 0.6),0.0 (cmd 0.2)
1.6103,3.43,0.59,0.0,3.2,0.25,0.0,3.2,3.4,0.0 (cmd 0.6),0.0 (cmd 0.2)
1.6108000000000002,3.19,0.59,0.0,3.31,0.23,0.0,3.3,3.2,0.0 (cmd 0.6),0.0 (cmd 0.2)
1.6113,3.0,0.58,0.0,3.4,0.23,0.0,3.4,3.0,0.0 (cmd 0.6),0.0 (cmd 0.2)
1.6118000000000001,2.69,0.56,0.0,3.43,0.22,0.0,3.4,2.7,0.0 (cmd 0.6),0.0 (cmd 0.2)
1.6122999999999998,2.51,0.55,0.0,3.41,0.19,0.0,3.4,2.5,0.0 (cmd 0.6),0.0 (cmd 0.2)
1.6128,2.31,0.56,0.0,3.44,0.16,0.0,3.4,2.3,0.0 (cmd 0.6),0.0 (cmd 0.2)
1.6133000000000002,2.15,0.57,0.0,3.5,0.15,0.0,3.5,2.1,0.0 (cmd 0.6),0.0 (cmd 0.1)
1.6138,1.98,0.58,0.0,3.58,0.16,0.0,3.6,2.0,0.0 (cmd 0.6),0.0 (cmd 0.2)
1.6143000000000003,1.82,0.57,0.0,3.64,0.17,0.0,3.6,1.8,0.0 (cmd 0.6),0.0 (cmd 0.2)
1.6148,1.59,0.58,0.0,3.62,0.15,0.0,3.6,1.6,0.0 (cmd 0.6),0.0 (cmd 0.1)
1.6153,1.48,0.59,0.0,3.54,0.12,0.0,3.5,1.5,0.0 (cmd 0.6),0.0 (cmd 0.1)
1.6158000000000001,1.33,0.58,0.0,3.52,0.1,0.0,3.5,1.3,0.0 (cmd 0.6),0.0 (cmd 0.1)
1.6162999999999998,1.26,0.61,0.0,3.52,0.09,0.0,3.5,1.3,0.0 (cmd 0.6),0.0 (cmd 0.1)
1.6168000000000002,1.25,0.64,0.0,3.51,0.08,0.0,3.5,1.2,0.0 (cmd 0.6),0.0 (cmd 0.1)
1.6173,1.17,0.67,0.0,3.46,0.06,0.0,3.5,1.2,0.0 (cmd 0.7),0.0 (cmd 0.1)
1.6178,1.04,0.67,0.0,3.36,0.05,0.0,3.4,1.0,0.0 (cmd 0.7),0.0 (cmd 0.1)
1.6183,0.92,0.66,0.0,3.26,0.04,0.0,3.3,0.9,0.0 (cmd 0.7),0.0 (cmd 0.0)
1.6188,0.84,0.67,0.0,3.15,0.0,0.0,3.1,0.8,0.0 (cmd 0.7),0.0 (cmd 0.0)
1.6193000000000002,0.73,0.68,0.0,3.09,0.0,0.0,3.1,0.7,0.0 (cmd 0.7),0.0 (cmd 0.0)
1.6198,0.72,0.69,0.0,3.1,0.0,0.0,3.1,0.7,0.0 (cmd 0.7),0.0 (cmd 0.0)
1.6202999999999999,0.73,0.71,0.0,3.11,0.02,0.0,3.1,0.7,0.0 (cmd 0.7),0.0 (cmd 0.0)
1.6208000000000002,0.81,0.74,0.0,3.12,0.03,0.0,3.1,0.8,0.0 (cmd 0.7),0.0 (cmd 0.0)
1.6213,0.98,0.77,0.0,3.06,0.02,0.0,3.1,1.0,0.0 (cmd 0.8),0.0 (cmd 0.0)
1.6218000000000001,1.39,0.85,0.0,3.01,0.01,0.0,3.0,1.4,0.0 (cmd 0.8),0.0 (cmd 0.0)
1.6222999999999999,1.57,0.92,0.0,3.0,0.0,0.0,3.0,1.6,0.0 (cmd 0.9),0.0 (cmd 0.0)
1.6228,1.72,0.98,0.0,2.96,-0.01,0.0,3.0,1.7,0.0 (cmd 1.0),0.0 (cmd -0.0)
1.6233000000000002,1.65,0.95,0.0,2.91,-0.01,0.0,2.9,1.6,0.0 (cmd 0.9),0.0 (cmd -0.0)
1.6238,1.52,0.89,0.0,2.85,0.0,0.0,2.9,1.5,0.0 (cmd 0.9),0.0 (cmd 0.0)
1.6243,1.43,0.85,0.0,2.79,-0.01,0.0,2.8,1.4,0.0 (cmd 0.8),0.0 (cmd -0.0)
1.6248,1.41,0.83,0.0,2.75,0.0,0.0,2.8,1.4,0.0 (cmd 0.8),0.0 (cmd 0.0)
1.6253,1.43,0.83,0.0,2.74,0.0,0.0,2.7,1.4,0.0 (cmd 0.8),0.0 (cmd 0.0)
1.6258000000000001,1.46,0.83,0.0,2.71,0.0,0.0,2.7,1.5,0.0 (cmd 0.8),0.0 (cmd 0.0)
1.6262999999999999,1.44,0.83,0.0,2.69,0.01,0.0,2.7,1.4,0.0 (cmd 0.8),0.0 (cmd 0.0)
1.6268000000000002,1.42,0.83,0.0,2.69,0.02,0.0,2.7,1.4,0.0 (cmd 0.8),0.0 (cmd 0.0)
1.6273,1.42,0.82,0.0,2.65,0.02,0.0,2.6,1.4,0.0 (cmd 0.8),0.0 (cmd 0.0)
1.6278,1.42,0.82,0.0,2.64,0.02,0.0,2.6,1.4,0.0 (cmd 0.8),0.0 (cmd 0.0)
1.6283,1.4,0.82,0.0,2.63,0.03,0.0,2.6,1.4,0.0 (cmd 0.8),0.0 (cmd 0.0)
1.6288,1.36,0.82,0.0,2.62,0.03,0.0,2.6,1.4,0.0 (cmd 0.8),0.0 (cmd 0.0)
1.6293000000000002,1.29,0.8,0.0,2.64,0.04,0.0,2.6,1.3,0.0 (cmd 0.8),0.0 (cmd 0.0)
1.6298,1.26,0.79,0.0,2.64,0.05,0.0,2.6,1.3,0.0 (cmd 0.8),0.0 (cmd 0.1)
1.6302999999999999,1.25,0.79,0.0,2.67,0.06,0.0,2.7,1.2,0.0 (cmd 0.8),0.0 (cmd 0.1)
1.6308000000000002,1.25,0.8,0.0,2.67,0.06,0.0,2.7,1.2,0.0 (cmd 0.8),0.0 (cmd 0.1)
1.6313,1.25,0.8,0.0,2.69,0.07,0.0,2.7,1.2,0.0 (cmd 0.8),0.0 (cmd 0.1)
1.6318000000000001,1.25,0.8,0.0,2.73,0.07,0.0,2.7,1.2,0.0 (cmd 0.8),0.0 (cmd 0.1)
1.6322999999999999,1.28,0.81,0.0,2.76,0.08,0.0,2.8,1.3,0.0 (cmd 0.8),0.0 (cmd 0.1)
1.6328,1.29,0.81,0.0,2.81,0.09,0.0,2.8,1.3,0.0 (cmd 0.8),0.0 (cmd 0.1)
1.6333000000000002,1.3,0.82,0.0,2.83,0.09,0.0,2.8,1.3,0.0 (cmd 0.8),0.0 (cmd 0.1)
1.6338,1.3,0.81,0.0,2.83,0.08,0.0,2.8,1.3,0.0 (cmd 0.8),0.0 (cmd 0.1)
1.6343,1.28,0.81,0.0,2.82,0.08,0.0,2.8,1.3,0.0 (cmd 0.8),0.0 (cmd 0.1)
1.6348,1.25,0.81,0.0,2.81,0.07,0.0,2.8,1.2,0.0 (cmd 0.8),0.0 (cmd 0.1)
1.6353,1.22,0.8,0.0,2.83,0.07,0.0,2.8,1.2,0.0 (cmd 0.8),0.0 (cmd 0.1)
1.6358000000000001,1.19,0.79,0.0,2.82,0.07,0.0,2.8,1.2,0.0 (cmd 0.8),0.0 (cmd 0.1)
1.6362999999999999,1.19,0.79,0.0,2.8,0.07,0.0,2.8,1.2,0.0 (cmd 0.8),0.0 (cmd 0.1)
1.6368000000000003,1.23,0.8,0.0,2.8,0.06,0.0,2.8,1.2,0.0 (cmd 0.8),0.0 (cmd 0.1)
1.6373,1.24,0.81,0.0,2.8,0.06,0.0,2.8,1.2,0.0 (cmd 0.8),0.0 (cmd 0.1)
1.6378,1.24,0.81,0.0,2.81,0.06,0.0,2.8,1.2,0.0 (cmd 0.8),0.0 (cmd 0.1)
1.6383,1.17,0.8,0.0,2.8,0.06,0.0,2.8,1.2,0.0 (cmd 0.8),0.0 (cmd 0.1)
1.6388,1.15,0.79,0.0,2.78,0.06,0.0,2.8,1.1,0.0 (cmd 0.8),0.0 (cmd 0.1)
1.6393000000000002,1.14,0.8,0.0,2.75,0.05,0.0,2.8,1.1,0.0 (cmd 0.8),0.0 (cmd 0.1)
1.6398,1.16,0.8,0.0,2.75,0.05,0.0,2.8,1.2,0.0 (cmd 0.8),0.0 (cmd 0.1)
1.6402999999999999,1.19,0.81,0.0,2.78,0.05,0.0,2.8,1.2,0.0 (cmd 0.8),0.0 (cmd 0.1)
1.6408000000000003,1.21,0.82,0.0,2.8,0.06,0.0,2.8,1.2,0.0 (cmd 0.8),0.0 (cmd 0.1)
1.6413,1.25,0.82,0.0,2.83,0.07,0.0,2.8,1.2,0.0 (cmd 0.8),0.0 (cmd 0.1)
1.6418000000000001,1.23,0.82,0.0,2.83,0.07,0.0,2.8,1.2,0.0 (cmd 0.8),0.0 (cmd 0.1)
1.6422999999999999,1.14,0.81,0.0,2.81,0.07,0.0,2.8,1.1,0.0 (cmd 0.8),0.0 (cmd 0.1)
1.6428,1.03,0.78,0.0,2.77,0.07,0.0,2.8,1.0,0.0 (cmd 0.8),0.0 (cmd 0.1)
1.6433000000000002,1.08,0.78,0.0,2.75,0.05,0.0,2.8,1.1,0.0 (cmd 0.8),0.0 (cmd 0.1)
1.6438,1.17,0.81,0.0,2.81,0.05,0.0,2.8,1.2,0.0 (cmd 0.8),0.0 (cmd 0.1)
1.6443,1.23,0.82,0.0,2.9,0.07,0.0,2.9,1.2,0.0 (cmd 0.8),0.0 (cmd 0.1)
1.6448,1.34,0.85,0.0,2.94,0.08,0.0,2.9,1.3,0.0 (cmd 0.8),0.0 (cmd 0.1)
1.6453,1.41,0.85,0.0,2.96,0.09,0.0,3.0,1.4,0.0 (cmd 0.8),0.0 (cmd 0.1)
1.6458000000000002,1.51,0.87,0.0,2.98,0.08,0.0,3.0,1.5,0.0 (cmd 0.9),0.0 (cmd 0.1)
1.6462999999999999,1.58,0.87,0.0,3.08,0.08,0.0,3.1,1.6,0.0 (cmd 0.9),0.0 (cmd 0.1)
1.6468000000000003,1.62,0.87,0.0,3.23,0.11,0.0,3.2,1.6,0.0 (cmd 0.9),0.0 (cmd 0.1)
1.6473,1.6,0.84,0.0,3.29,0.13,0.0,3.3,1.6,0.0 (cmd 0.8),0.0 (cmd 0.1)
1.6478,1.58,0.83,0.0,3.28,0.12,0.0,3.3,1.6,0.0 (cmd 0.8),0.0 (cmd 0.1)
1.6483,1.57,0.82,0.0,3.27,0.1,0.0,3.3,1.6,0.0 (cmd 0.8),0.0 (cmd 0.1)
1.6488,1.59,0.82,0.0,3.26,0.09,0.0,3.3,1.6,0.0 (cmd 0.8),0.0 (cmd 0.1)
1.6493000000000002,1.61,0.82,0.0,3.32,0.08,0.0,3.3,1.6,0.0 (cmd 0.8),0.0 (cmd 0.1)
1.6498,1.61,0.81,0.0,3.39,0.09,0.0,3.4,1.6,0.0 (cmd 0.8),0.0 (cmd 0.1)
1.6502999999999999,1.59,0.81,0.0,3.42,0.1,0.0,3.4,1.6,0.0 (cmd 0.8),0.0 (cmd 0.1)
1.6508000000000003,1.56,0.79,0.0,3.52,0.1,0.0,3.5,1.6,0.0 (cmd 0.8),0.0 (cmd 0.1)
1.6513,1.58,0.78,0.0,3.63,0.12,0.0,3.6,1.6,0.0 (cmd 0.8),0.0 (cmd 0.1)
1.6518000000000002,1.61,0.79,0.0,3.68,0.13,0.0,3.7,1.6,0.0 (cmd 0.8),0.0 (cmd 0.1)
1.6522999999999999,1.65,0.8,0.0,3.67,0.11,0.0,3.7,1.6,0.0 (cmd 0.8),0.0 (cmd 0.1)
1.6528,1.71,0.81,0.0,3.69,0.1,0.0,3.7,1.7,0.0 (cmd 0.8),0.0 (cmd 0.1)
1.6533000000000002,1.78,0.81,0.0,3.75,0.09,0.0,3.8,1.8,0.0 (cmd 0.8),0.0 (cmd 0.1)
1.6538,1.84,0.82,0.0,3.84,0.1,0.0,3.8,1.8,0.0 (cmd 0.8),0.0 (cmd 0.1)
1.6543,1.9,0.83,0.0,3.98,0.12,0.0,4.0,1.9,0.0 (cmd 0.8),0.0 (cmd 0.1)
1.6548,1.93,0.82,0.0,4.01,0.13,0.0,4.0,1.9,0.0 (cmd 0.8),0.0 (cmd 0.1)
1.6553,1.98,0.82,0.0,4.02,0.11,0.0,4.0,2.0,0.0 (cmd 0.8),0.0 (cmd 0.1)
1.6558000000000002,2.02,0.82,0.0,4.04,0.1,0.0,4.0,2.0,0.0 (cmd 0.8),0.0 (cmd 0.1)
1.6562999999999999,2.04,0.82,0.0,4.12,0.1,0.0,4.1,2.0,0.0 (cmd 0.8),0.0 (cmd 0.1)
1.6568000000000003,2.13,0.82,0.0,4.22,0.1,0.0,4.2,2.1,0.0 (cmd 0.8),0.0 (cmd 0.1)
1.6573,2.15,0.82,0.0,4.34,0.12,0.0,4.3,2.1,0.0 (cmd 0.8),0.0 (cmd 0.1)
1.6578,2.19,0.81,0.0,4.43,0.13,0.0,4.4,2.2,0.0 (cmd 0.8),0.0 (cmd 0.1)
1.6583,2.18,0.8,0.0,4.54,0.14,0.0,4.5,2.2,0.0 (cmd 0.8),0.0 (cmd 0.1)
1.6588,2.17,0.79,0.0,4.58,0.13,0.0,4.6,2.2,0.0 (cmd 0.8),0.0 (cmd 0.1)
1.6593000000000002,2.11,0.76,0.0,4.59,0.13,0.0,4.6,2.1,0.0 (cmd 0.8),0.0 (cmd 0.1)
1.6598,2.08,0.75,0.0,4.57,0.11,0.0,4.6,2.1,0.0 (cmd 0.8),0.0 (cmd 0.1)
1.6602999999999999,2.04,0.75,0.0,4.53,0.08,0.0,4.5,2.0,0.0 (cmd 0.8),0.0 (cmd 0.1)
1.6608000000000003,2.05,0.75,0.0,4.52,0.06,0.0,4.5,2.0,0.0 (cmd 0.8),0.0 (cmd 0.1)
1.6613,2.06,0.76,0.0,4.52,0.06,0.0,4.5,2.1,0.0 (cmd 0.8),0.0 (cmd 0.1)
1.6618000000000002,2.06,0.76,0.0,4.5,0.05,0.0,4.5,2.1,0.0 (cmd 0.8),0.0 (cmd 0.1)
1.6622999999999999,2.05,0.76,0.0,4.49,0.04,0.0,4.5,2.0,0.0 (cmd 0.8),0.0 (cmd 0.0)
1.6628,2.04,0.76,0.0,4.47,0.04,0.0,4.5,2.0,0.0 (cmd 0.8),0.0 (cmd 0.0)
1.6633000000000002,2.01,0.76,0.0,4.46,0.03,0.0,4.5,2.0,0.0 (cmd 0.8),0.0 (cmd 0.0)
1.6638,1.96,0.75,0.0,4.44,0.03,0.0,4.4,2.0,0.0 (cmd 0.8),0.0 (cmd 0.0)
1.6643000000000001,1.93,0.74,0.0,4.44,0.03,0.0,4.4,1.9,0.0 (cmd 0.7),0.0 (cmd 0.0)
1.6648,1.9,0.74,0.0,4.43,0.03,0.0,4.4,1.9,0.0 (cmd 0.7),0.0 (cmd 0.0)
1.6653,1.89,0.74,0.0,4.44,0.03,0.0,4.4,1.9,0.0 (cmd 0.7),0.0 (cmd 0.0)
1.6658000000000002,1.87,0.74,0.0,4.43,0.04,0.0,4.4,1.9,0.0 (cmd 0.7),0.0 (cmd 0.0)
1.6663,1.86,0.75,0.0,4.4,0.03,0.0,4.4,1.9,0.0 (cmd 0.8),0.0 (cmd 0.0)
1.6668000000000003,1.83,0.75,0.0,4.38,0.03,0.0,4.4,1.8,0.0 (cmd 0.8),0.0 (cmd 0.0)
1.6673,1.79,0.74,0.0,4.35,0.02,0.0,4.3,1.8,0.0 (cmd 0.7),0.0 (cmd 0.0)
1.6678,1.76,0.74,0.0,4.35,0.02,0.0,4.3,1.8,0.0 (cmd 0.7),0.0 (cmd 0.0)
1.6683000000000001,1.75,0.74,0.0,4.3,0.03,0.0,4.3,1.8,0.0 (cmd 0.7),0.0 (cmd 0.0)
1.6688,1.73,0.75,0.0,4.29,0.02,0.0,4.3,1.7,0.0 (cmd 0.8),0.0 (cmd 0.0)
1.6693000000000002,1.72,0.75,0.0,4.27,0.02,0.0,4.3,1.7,0.0 (cmd 0.8),0.0 (cmd 0.0)
1.6698,1.75,0.75,0.0,4.25,0.01,0.0,4.2,1.8,0.0 (cmd 0.8),0.0 (cmd 0.0)
1.6703,1.81,0.77,0.0,4.23,0.02,0.0,4.2,1.8,0.0 (cmd 0.8),0.0 (cmd 0.0)
1.6708000000000003,1.83,0.79,0.0,4.17,0.01,0.0,4.2,1.8,0.0 (cmd 0.8),0.0 (cmd 0.0)
1.6713,1.76,0.79,0.0,4.03,0.0,0.0,4.0,1.8,0.0 (cmd 0.8),0.0 (cmd 0.0)
1.6718000000000002,1.67,0.76,0.0,3.86,-0.03,0.0,3.9,1.7,0.0 (cmd 0.8),0.0 (cmd -0.0)
1.6723,1.56,0.75,0.0,3.64,-0.06,0.0,3.6,1.6,0.0 (cmd 0.8),0.0 (cmd -0.1)
1.6728,1.5,0.75,0.0,3.51,-0.07,0.0,3.5,1.5,0.0 (cmd 0.8),0.0 (cmd -0.1)
1.6733000000000002,1.41,0.75,0.0,3.41,-0.1,0.0,3.4,1.4,0.0 (cmd 0.8),0.0 (cmd -0.1)
1.6738,1.37,0.74,0.0,3.36,-0.08,0.0,3.4,1.4,0.0 (cmd 0.7),0.0 (cmd -0.1)
1.6743000000000001,1.45,0.76,0.0,3.33,-0.06,0.0,3.3,1.4,0.0 (cmd 0.8),0.0 (cmd -0.1)
1.6747999999999998,1.49,0.79,0.0,3.29,-0.05,0.0,3.3,1.5,0.0 (cmd 0.8),0.0 (cmd -0.1)
1.6753,1.61,0.83,0.0,3.24,-0.04,0.0,3.2,1.6,0.0 (cmd 0.8),0.0 (cmd -0.0)
1.6758000000000002,1.62,0.84,0.0,3.07,-0.05,0.0,3.1,1.6,0.0 (cmd 0.8),0.0 (cmd -0.1)
1.6763,1.59,0.84,0.0,2.98,-0.06,0.0,3.0,1.6,0.0 (cmd 0.8),0.0 (cmd -0.1)
1.6768000000000003,1.63,0.84,0.0,2.87,-0.07,0.0,2.9,1.6,0.0 (cmd 0.8),0.0 (cmd -0.1)
1.6773,1.7,0.86,0.0,2.76,-0.07,0.0,2.8,1.7,0.0 (cmd 0.9),0.0 (cmd -0.1)
1.6778,1.8,0.88,0.0,2.68,-0.08,0.0,2.7,1.8,0.0 (cmd 0.9),0.0 (cmd -0.1)
1.6783000000000001,1.82,0.88,0.0,2.58,-0.07,0.0,2.6,1.8,0.0 (cmd 0.9),0.0 (cmd -0.1)
1.6787999999999998,1.84,0.89,0.0,2.48,-0.08,0.0,2.5,1.8,0.0 (cmd 0.9),0.0 (cmd -0.1)
1.6793000000000002,1.87,0.89,0.0,2.26,-0.09,0.0,2.3,1.9,0.0 (cmd 0.9),0.0 (cmd -0.1)
1.6798,1.91,0.9,0.0,2.19,-0.1,0.0,2.2,1.9,0.0 (cmd 0.9),0.0 (cmd -0.1)
1.6803,1.94,0.9,0.0,2.17,-0.08,0.0,2.2,1.9,0.0 (cmd 0.9),0.0 (cmd -0.1)
1.6808,1.96,0.9,0.0,2.13,-0.05,0.0,2.1,2.0,0.0 (cmd 0.9),0.0 (cmd -0.1)
1.6813,1.93,0.89,0.0,2.06,-0.04,0.0,2.1,1.9,0.0 (cmd 0.9),0.0 (cmd -0.0)
1.6818000000000002,1.88,0.88,0.0,1.96,-0.04,0.0,2.0,1.9,0.0 (cmd 0.9),0.0 (cmd -0.0)
1.6823,1.81,0.86,0.0,1.8,-0.04,0.0,1.8,1.8,0.0 (cmd 0.9),0.0 (cmd -0.0)
1.6827999999999999,1.69,0.86,0.0,1.67,-0.06,0.0,1.7,1.7,0.0 (cmd 0.9),0.0 (cmd -0.1)
1.6833000000000002,1.66,0.84,0.0,1.67,-0.05,0.0,1.7,1.7,0.0 (cmd 0.8),0.0 (cmd -0.1)
1.6838,1.67,0.83,0.0,1.75,0.0,0.0,1.8,1.7,0.0 (cmd 0.8),0.0 (cmd 0.0)
1.6843000000000001,1.69,0.84,0.0,1.81,0.02,0.0,1.8,1.7,0.0 (cmd 0.8),0.0 (cmd 0.0)
1.6847999999999999,1.69,0.85,0.0,1.83,0.05,0.0,1.8,1.7,0.0 (cmd 0.8),0.0 (cmd 0.1)
1.6853,1.63,0.84,0.0,1.7,0.05,0.0,1.7,1.6,0.0 (cmd 0.8),0.0 (cmd 0.1)
1.6858000000000002,1.59,0.84,0.0,1.65,0.02,0.0,1.6,1.6,0.0 (cmd 0.8),0.0 (cmd 0.0)
1.6863,1.52,0.83,0.0,1.59,0.02,0.0,1.6,1.5,0.0 (cmd 0.8),0.0 (cmd 0.0)
1.6868,1.5,0.83,0.0,1.54,0.01,0.0,1.5,1.5,0.0 (cmd 0.8),0.0 (cmd 0.0)
1.6873,1.47,0.84,0.0,1.5,0.02,0.0,1.5,1.5,0.0 (cmd 0.8),0.0 (cmd 0.0)
1.6878,1.4,0.83,0.0,1.48,0.03,0.0,1.5,1.4,0.0 (cmd 0.8),0.0 (cmd 0.0)
1.6883000000000001,1.28,0.82,0.0,1.49,0.04,0.0,1.5,1.3,0.0 (cmd 0.8),0.0 (cmd 0.0)
1.6887999999999999,1.07,0.78,0.0,1.5,0.06,0.0,1.5,1.1,0.0 (cmd 0.8),0.0 (cmd 0.1)
1.6893000000000002,0.9,0.73,0.0,1.55,0.08,0.0,1.6,0.9,0.0 (cmd 0.7),0.0 (cmd 0.1)
1.6898,0.89,0.74,0.0,1.46,0.09,0.0,1.5,0.9,0.0 (cmd 0.7),0.0 (cmd 0.1)
1.6903,0.92,0.78,0.0,1.36,0.05,0.0,1.4,0.9,0.0 (cmd 0.8),0.0 (cmd 0.1)
1.6908,1.0,0.82,0.0,1.35,0.04,0.0,1.4,1.0,0.0 (cmd 0.8),0.0 (cmd 0.0)
1.6913,0.95,0.83,0.0,1.41,0.06,0.0,1.4,0.9,0.0 (cmd 0.8),0.0 (cmd 0.1)
1.6918000000000002,0.68,0.81,0.0,1.42,0.08,0.0,1.4,0.7,0.0 (cmd 0.8),0.0 (cmd 0.1)
1.6923,0.62,0.76,0.0,1.4,0.09,0.0,1.4,0.6,0.0 (cmd 0.8),0.0 (cmd 0.1)
1.6927999999999999,0.42,0.73,0.0,1.41,0.1,0.0,1.4,0.4,0.0 (cmd 0.7),0.0 (cmd 0.1)
1.6933000000000002,0.07,0.69,0.0,1.5,0.11,0.0,1.5,0.1,0.0 (cmd 0.7),0.0 (cmd 0.1)
1.6938,-0.27,0.65,0.0,1.63,0.16,0.0,1.6,-0.3,0.0 (cmd 0.7),0.0 (cmd 0.2)
1.6943000000000001,-0.68,0.56,0.0,1.76,0.21,0.0,1.8,-0.7,0.0 (cmd 0.6),0.0 (cmd 0.2)
1.6947999999999999,-1.02,0.5,0.0,1.84,0.22,0.0,1.8,-1.0,0.0 (cmd 0.5),0.0 (cmd 0.2)
1.6953,-1.38,0.43,0.0,2.13,0.27,0.0,2.1,-1.4,0.0 (cmd 0.4),0.0 (cmd 0.3)
1.6958000000000002,-1.76,0.46,0.0,2.41,0.32,0.0,2.4,-1.8,0.0 (cmd 0.5),0.0 (cmd 0.3)
1.6963,-1.71,0.42,0.0,2.75,0.37,0.0,2.8,-1.7,0.0 (cmd 0.4),0.0 (cmd 0.4)
1.6968,-1.48,0.51,0.0,2.96,0.37,0.0,3.0,-1.5,0.0 (cmd 0.5),0.0 (cmd 0.4)
1.6973,-1.12,0.66,0.0,3.15,0.34,0.0,3.1,-1.1,0.0 (cmd 0.7),0.0 (cmd 0.3)
1.6978,-0.97,0.72,0.0,3.3,0.34,0.0,3.3,-1.0,0.0 (cmd 0.7),0.0 (cmd 0.3)
1.6983000000000001,-0.75,0.78,0.0,3.48,0.3,0.0,3.5,-0.8,0.0 (cmd 0.8),0.0 (cmd 0.3)
1.6987999999999999,-0.53,0.81,0.0,3.6,0.3,0.0,3.6,-0.5,0.0 (cmd 0.8),0.0 (cmd 0.3)
1.6993000000000003,-0.16,0.89,0.0,3.63,0.25,0.0,3.6,-0.2,0.0 (cmd 0.9),0.0 (cmd 0.2)
1.6998,0.03,0.95,0.0,3.65,0.2,0.0,3.6,0.0,0.0 (cmd 0.9),0.0 (cmd 0.2)
1.7003,0.06,0.92,0.0,3.77,0.18,0.0,3.8,0.1,0.0 (cmd 0.9),0.0 (cmd 0.2)
1.7008,-0.03,0.86,0.0,3.91,0.21,0.0,3.9,-0.0,0.0 (cmd 0.9),0.0 (cmd 0.2)
1.7013,-0.18,0.79,0.0,4.24,0.21,0.0,4.2,-0.2,0.0 (cmd 0.8),0.0 (cmd 0.2)
1.7018000000000002,-0.19,0.74,0.0,4.34,0.27,0.0,4.3,-0.2,0.0 (cmd 0.7),0.0 (cmd 0.3)
1.7023,-0.11,0.74,0.0,4.34,0.24,0.0,4.3,-0.1,0.0 (cmd 0.7),0.0 (cmd 0.2)
1.7027999999999999,-0.12,0.76,0.0,4.36,0.2,0.0,4.4,-0.1,0.0 (cmd 0.8),0.0 (cmd 0.2)
1.7033000000000003,-0.19,0.73,0.0,4.35,0.17,0.0,4.3,-0.2,0.0 (cmd 0.7),0.0 (cmd 0.2)
1.7038,-0.24,0.71,0.0,4.44,0.15,0.0,4.4,-0.2,0.0 (cmd 0.7),0.0 (cmd 0.1)
1.7043000000000001,-0.21,0.7,0.0,4.64,0.18,0.0,4.6,-0.2,0.0 (cmd 0.7),0.0 (cmd 0.2)
1.7047999999999999,-0.1,0.71,0.0,4.8,0.22,0.0,4.8,-0.1,0.0 (cmd 0.7),0.0 (cmd 0.2)
1.7053,0.08,0.75,0.0,5.09,0.22,0.0,5.1,0.1,0.0 (cmd 0.8),0.0 (cmd 0.2)
1.7058000000000002,0.17,0.76,0.0,5.27,0.25,0.0,5.3,0.2,0.0 (cmd 0.8),0.0 (cmd 0.2)
1.7063,0.23,0.77,0.0,5.34,0.24,0.0,5.3,0.2,0.0 (cmd 0.8),0.0 (cmd 0.2)
1.7068,0.34,0.76,0.0,5.44,0.23,0.0,5.4,0.3,0.0 (cmd 0.8),0.0 (cmd 0.2)
1.7073,0.55,0.78,0.0,5.58,0.22,0.0,5.6,0.6,0.0 (cmd 0.8),0.0 (cmd 0.2)
1.7078,0.67,0.81,0.0,5.74,0.2,0.0,5.7,0.7,0.0 (cmd 0.8),0.0 (cmd 0.2)
1.7083000000000002,0.72,0.8,0.0,5.88,0.22,0.0,5.9,0.7,0.0 (cmd 0.8),0.0 (cmd 0.2)
1.7087999999999999,0.76,0.78,0.0,6.0,0.22,0.0,6.0,0.8,0.0 (cmd 0.8),0.0 (cmd 0.2)
1.7093000000000003,0.81,0.76,0.0,6.13,0.22,0.0,6.1,0.8,0.0 (cmd 0.8),0.0 (cmd 0.2)
1.7098,0.84,0.75,0.0,6.17,0.2,0.0,6.2,0.8,0.0 (cmd 0.8),0.0 (cmd 0.2)
1.7103,1.0,0.76,0.0,6.35,0.2,0.0,6.3,1.0,0.0 (cmd 0.8),0.0 (cmd 0.2)
1.7108,1.12,0.77,0.0,6.41,0.2,0.0,6.4,1.1,0.0 (cmd 0.8),0.0 (cmd 0.2)
1.7113,1.47,0.85,0.0,6.48,0.17,0.0,6.5,1.5,0.0 (cmd 0.8),0.0 (cmd 0.2)
1.7118000000000002,1.68,0.88,0.0,6.57,0.16,0.0,6.6,1.7,0.0 (cmd 0.9),0.0 (cmd 0.2)
1.7123,1.81,0.85,0.0,6.73,0.16,0.0,6.7,1.8,0.0 (cmd 0.8),0.0 (cmd 0.2)
1.7127999999999999,2.09,0.86,0.0,6.99,0.18,0.0,7.0,2.1,0.0 (cmd 0.9),0.0 (cmd 0.2)
1.7133000000000003,2.24,0.87,0.0,7.1,0.22,0.0,7.1,2.2,0.0 (cmd 0.9),0.0 (cmd 0.2)
1.7138,2.54,0.9,0.0,7.3,0.21,0.0,7.3,2.5,0.0 (cmd 0.9),0.0 (cmd 0.2)
1.7143000000000002,2.76,0.9,0.0,7.47,0.21,0.0,7.5,2.8,0.0 (cmd 0.9),0.0 (cmd 0.2)
1.7147999999999999,2.85,0.89,0.0,7.33,0.2,0.0,7.3,2.9,0.0 (cmd 0.9),0.0 (cmd 0.2)
1.7153,2.83,0.86,0.0,7.24,0.13,0.0,7.2,2.8,0.0 (cmd 0.9),0.0 (cmd 0.1)
1.7158000000000002,2.79,0.82,0.0,7.19,0.08,0.0,7.2,2.8,0.0 (cmd 0.8),0.0 (cmd 0.1)
1.7163,2.79,0.78,0.0,7.17,0.07,0.0,7.2,2.8,0.0 (cmd 0.8),0.0 (cmd 0.1)
1.7168,2.8,0.77,0.0,7.1,0.06,0.0,7.1,2.8,0.0 (cmd 0.8),0.0 (cmd 0.1)
1.7173,2.8,0.76,0.0,7.03,0.03,0.0,7.0,2.8,0.0 (cmd 0.8),0.0 (cmd 0.0)
1.7178,2.76,0.75,0.0,6.85,0.0,0.0,6.8,2.8,0.0 (cmd 0.8),0.0 (cmd 0.0)
1.7183000000000002,2.74,0.73,0.0,6.71,-0.02,0.0,6.7,2.7,0.0 (cmd 0.7),0.0 (cmd -0.0)
1.7187999999999999,2.77,0.74,0.0,6.54,-0.06,0.0,6.5,2.8,0.0 (cmd 0.7),0.0 (cmd -0.1)
1.7193000000000003,2.75,0.74,0.0,6.41,-0.06,0.0,6.4,2.8,0.0 (cmd 0.7),0.0 (cmd -0.1)
1.7198,2.72,0.73,0.0,6.27,-0.09,0.0,6.3,2.7,0.0 (cmd 0.7),0.0 (cmd -0.1)
1.7203,2.73,0.74,0.0,6.19,-0.09,0.0,6.2,2.7,0.0 (cmd 0.7),0.0 (cmd -0.1)
1.7208,2.74,0.74,0.0,6.18,-0.08,0.0,6.2,2.7,0.0 (cmd 0.7),0.0 (cmd -0.1)
1.7213,2.76,0.74,0.0,6.2,-0.04,0.0,6.2,2.8,0.0 (cmd 0.7),0.0 (cmd -0.0)
1.7218000000000002,2.78,0.74,0.0,6.21,-0.02,0.0,6.2,2.8,0.0 (cmd 0.7),0.0 (cmd -0.0)
1.7223,2.62,0.73,0.0,6.19,0.0,0.0,6.2,2.6,0.0 (cmd 0.7),0.0 (cmd 0.0)
1.7227999999999999,2.42,0.67,0.0,6.12,0.0,0.0,6.1,2.4,0.0 (cmd 0.7),0.0 (cmd 0.0)
1.7234,2.26,0.62,0.0,5.87,-0.01,0.0,5.9,2.3,0.0 (cmd 0.6),0.0 (cmd -0.0)
1.7243000000000002,2.18,0.64,0.0,5.8,-0.02,0.0,5.8,2.2,0.0 (cmd 0.6),0.0 (cmd -0.0)
1.7281,1.86,0.63,0.0,5.56,-0.06,0.0,5.6,1.9,0.0 (cmd 0.6),0.0 (cmd -0.1)
1.7288999999999999,0.96,0.37,0.0,5.19,-0.16,0.0,5.2,1.0,0.0 (cmd 0.4),0.0 (cmd -0.2)
1.7301,0.63,0.43,0.0,5.06,-0.11,0.0,5.1,0.6,0.0 (cmd 0.4),0.0 (cmd -0.1)
0.0005,-0.26,0.0,0.0,-0.23,0.0,0.0,-0.2,-0.3,0.0 (cmd 0.0),0.0 (cmd 0.0)
0.001,-0.28,0.0,0.0,-0.25,0.0,0.0,-0.2,-0.3,0.0 (cmd 0.0),0.0 (cmd 0.0)
0.0015,-0.31,0.0,0.0,-0.24,0.0,0.0,-0.2,-0.3,0.0 (cmd 0.0),0.0 (cmd 0.0)
0.002,-0.33,0.0,0.0,-0.23,0.0,0.0,-0.2,-0.3,0.0 (cmd 0.0),0.0 (cmd 0.0)
0.0025,-0.34,0.0,0.0,-0.19,0.0,0.0,-0.2,-0.3,0.0 (cmd 0.0),0.0 (cmd 0.0)
0.003,-0.34,0.0,0.0,-0.18,0.0,0.0,-0.2,-0.3,0.0 (cmd 0.0),0.0 (cmd 0.0)
0.0035,-0.34,0.0,0.0,-0.17,0.0,0.0,-0.2,-0.3,0.0 (cmd 0.0),0.0 (cmd 0.0)
0.004,-0.34,0.0,0.0,-0.18,0.0,0.0,-0.2,-0.3,0.0 (cmd 0.0),0.0 (cmd 0.0)
0.0045,-0.34,0.0,0.0,-0.18,0.0,0.0,-0.2,-0.3,0.0 (cmd 0.0),0.0 (cmd 0.0)
0.005,-0.33,0.0,0.0,-0.18,0.0,0.0,-0.2,-0.3,0.0 (cmd 0.0),0.0 (cmd 0.0)
0.0055,-0.35,0.0,0.0,-0.23,0.0,0.0,-0.2,-0.3,0.0 (cmd 0.0),0.0 (cmd 0.0)
0.006,-0.36,0.0,0.0,-0.21,0.0,0.0,-0.2,-0.4,0.0 (cmd 0.0),0.0 (cmd 0.0)
0.0065,-0.34,0.0,0.0,-0.18,0.0,0.0,-0.2,-0.3,0.0 (cmd 0.0),0.0 (cmd 0.0)
0.007,-0.24,0.0,0.0,-0.15,0.0,0.0,-0.1,-0.2,0.0 (cmd 0.0),0.0 (cmd 0.0)
0.0075,-0.2,0.0,0.0,-0.16,0.0,0.0,-0.2,-0.2,0.0 (cmd 0.0),0.0 (cmd 0.0)
0.008,-0.24,0.0,0.0,-0.17,0.0,0.0,-0.2,-0.2,0.0 (cmd 0.0),0.0 (cmd 0.0)
0.0085,-0.37,0.0,0.0,-0.16,0.0,0.0,-0.2,-0.4,0.0 (cmd 0.0),0.0 (cmd 0.0)
0.009,-0.47,0.0,0.0,-0.15,0.0,0.0,-0.1,-0.5,0.0 (cmd 0.0),0.0 (cmd 0.0)
0.0095,-0.58,0.0,0.0,-0.15,0.0,0.0,-0.1,-0.6,0.0 (cmd 0.0),0.0 (cmd 0.0)
0.01,-0.73,0.0,0.0,-0.12,0.0,0.0,-0.1,-0.7,0.0 (cmd 0.0),0.0 (cmd 0.0)
0.0105,-0.95,0.0,0.0,-0.1,0.0,0.0,-0.1,-0.9,0.0 (cmd 0.0),0.0 (cmd 0.0)
0.011,-1.03,0.0,0.0,-0.12,0.0,0.0,-0.1,-1.0,0.0 (cmd 0.0),0.0 (cmd 0.0)
0.0115,-1.07,0.0,0.0,-0.2,0.0,0.0,-0.2,-1.1,0.0 (cmd 0.0),0.0 (cmd 0.0)
0.012,-1.06,0.0,0.0,-0.49,0.0,0.0,-0.5,-1.1,0.0 (cmd 0.0),0.0 (cmd 0.0)
0.0125,-0.82,0.0,0.0,-0.8,0.0,0.0,-0.8,-0.8,0.0 (cmd 0.0),0.0 (cmd 0.0)
0.013,-0.64,0.0,0.0,-1.45,0.0,0.0,-1.4,-0.6,0.0 (cmd 0.0),0.0 (cmd 0.0)
0.0135,-0.44,0.0,0.0,-1.83,0.0,0.0,-1.8,-0.4,0.0 (cmd 0.0),0.0 (cmd 0.0)
0.014,-0.34,0.0,0.0,-2.22,0.0,0.0,-2.2,-0.3,0.0 (cmd 0.0),0.0 (cmd 0.0)
0.0145,-0.44,0.0,0.0,-2.95,0.0,0.0,-3.0,-0.4,0.0 (cmd 0.0),0.0 (cmd 0.0)
0.015,-0.79,0.0,0.0,-3.66,0.0,0.0,-3.7,-0.8,0.0 (cmd 0.0),0.0 (cmd 0.0)
0.0155,-1.76,0.0,0.0,-4.27,0.0,0.0,-4.3,-1.8,0.0 (cmd 0.0),0.0 (cmd 0.0)
0.016,-3.61,0.0,0.0,-4.5,0.0,0.0,-4.5,-3.6,0.0 (cmd 0.0),0.0 (cmd 0.0)
0.0165,-5.64,0.0,0.0,-4.6,0.0,0.0,-4.6,-5.6,0.0 (cmd 0.0),0.0 (cmd 0.0)
0.017,-20.25,0.0,0.0,-4.52,0.0,0.0,-4.5,-20.2,0.0 (cmd 0.0),0.0 (cmd 0.0)
0.0175,-30.35,0.0,0.0,-4.46,0.0,0.0,-4.5,-30.4,0.0 (cmd 0.0),0.0 (cmd 0.0)
0.018,-34.36,0.0,0.0,-4.25,0.0,0.0,-4.2,-34.4,0.0 (cmd 0.0),0.0 (cmd 0.0)
0.0185,-41.64,0.0,0.0,-3.92,0.0,0.0,-3.9,-41.6,0.0 (cmd 0.0),0.0 (cmd 0.0)
0.019,-46.92,0.0,0.0,-3.4,0.0,0.0,-3.4,-46.9,0.0 (cmd 0.0),0.0 (cmd 0.0)
0.0195,-49.11,0.0,0.0,-3.06,0.0,0.0,-3.1,-49.1,0.0 (cmd 0.0),0.0 (cmd 0.0)
0.02,-49.32,0.0,0.0,-2.93,0.0,0.0,-2.9,-49.3,0.0 (cmd 0.0),0.0 (cmd 0.0)
0.0205,-46.88,0.0,0.0,-3.02,0.0,0.0,-3.0,-46.9,0.0 (cmd 0.0),0.0 (cmd 0.0)
0.021,-42.52,0.0,0.0,-3.11,0.0,0.0,-3.1,-42.5,0.0 (cmd 0.0),0.0 (cmd 0.0)
0.0215,-36.32,0.0,0.0,-3.02,0.0,0.0,-3.0,-36.3,0.0 (cmd 0.0),0.0 (cmd 0.0)
0.022,-28.93,0.0,0.0,-2.84,0.0,0.0,-2.8,-28.9,0.0 (cmd 0.0),0.0 (cmd 0.0)
0.0225,-19.53,0.0,0.0,-3.15,0.0,0.0,-3.1,-19.5,0.0 (cmd 0.0),0.0 (cmd 0.0)
0.023,-13.88,0.0,0.0,-4.01,0.0,0.0,-4.0,-13.9,0.0 (cmd 0.0),0.0 (cmd 0.0)
0.0235,-9.42,0.0,0.0,-4.32,0.0,0.0,-4.3,-9.4,0.0 (cmd 0.0),0.0 (cmd 0.0)
0.024,-9.1,0.0,0.0,-11.24,0.0,0.0,-11.2,-9.1,0.0 (cmd 0.0),0.0 (cmd 0.0)
0.0245,-9.19,0.0,0.0,-20.38,0.0,0.0,-20.4,-9.2,0.0 (cmd 0.0),0.0 (cmd 0.0)
0.025,-8.44,0.0,0.0,-27.48,0.0,0.0,-27.5,-8.4,0.0 (cmd 0.0),0.0 (cmd 0.0)
0.0255,-7.51,0.0,0.0,-35.34,0.0,0.0,-35.3,-7.5,0.0 (cmd 0.0),0.0 (cmd 0.0)
0.026,-6.16,0.0,0.0,-43.88,0.0,0.0,-43.9,-6.2,0.0 (cmd 0.0),0.0 (cmd 0.0)
0.0265,-5.22,0.0,0.0,-49.85,0.0,0.0,-49.9,-5.2,0.0 (cmd 0.0),0.0 (cmd 0.0)
0.027,-4.45,0.0,0.0,-52.89,0.0,0.0,-52.9,-4.5,0.0 (cmd 0.0),0.0 (cmd 0.0)
0.0275,-4.01,0.0,0.0,-55.15,0.0,0.0,-55.1,-4.0,0.0 (cmd 0.0),0.0 (cmd 0.0)
0.028,-3.6,0.0,0.0,-54.56,0.0,0.0,-54.6,-3.6,0.0 (cmd 0.0),0.0 (cmd 0.0)
0.0285,-3.46,0.0,0.0,-52.42,0.0,0.0,-52.4,-3.5,0.0 (cmd 0.0),0.0 (cmd 0.0)
0.029,-3.5,0.0,0.0,-47.98,0.0,0.0,-48.0,-3.5,0.0 (cmd 0.0),0.0 (cmd 0.0)
0.0295,-3.29,0.0,0.0,-42.58,0.0,0.0,-42.6,-3.3,0.0 (cmd 0.0),0.0 (cmd 0.0)
0.03,-2.56,0.0,0.0,-32.36,0.0,0.0,-32.4,-2.6,0.0 (cmd 0.0),0.0 (cmd 0.0)
0.0305,-2.01,0.0,0.0,-28.61,0.0,0.0,-28.6,-2.0,0.0 (cmd 0.0),0.0 (cmd 0.0)
0.031,-1.48,0.0,0.0,-21.34,0.0,0.0,-21.3,-1.5,0.0 (cmd 0.0),0.0 (cmd 0.0)
0.0315,-1.45,0.0,0.0,-10.84,0.0,0.0,-10.8,-1.4,0.0 (cmd 0.0),0.0 (cmd 0.0)
0.032,-4.79,0.0,0.0,-8.64,0.0,0.0,-8.6,-4.8,0.0 (cmd 0.0),0.0 (cmd 0.0)
0.0325,-7.78,0.0,0.0,-9.54,0.0,0.0,-9.5,-7.8,0.0 (cmd 0.0),0.0 (cmd 0.0)
0.033,-14.4,0.0,0.0,-8.65,0.0,0.0,-8.7,-14.4,0.0 (cmd 0.0),0.0 (cmd 0.0)
0.0335,-22.17,0.0,0.0,-8.01,0.0,0.0,-8.0,-22.2,0.0 (cmd 0.0),0.0 (cmd 0.0)
0.034,-26.93,0.0,0.0,-7.02,0.0,0.0,-7.0,-26.9,0.0 (cmd 0.0),0.0 (cmd 0.0)
0.0345,-32.0,0.0,0.0,-6.09,0.0,0.0,-6.1,-32.0,0.0 (cmd 0.0),0.0 (cmd 0.0)
0.035,-33.63,0.0,0.0,-5.62,0.0,0.0,-5.6,-33.6,0.0 (cmd 0.0),0.0 (cmd 0.0)
0.0355,-37.99,0.0,0.0,-5.35,0.0,0.0,-5.3,-38.0,0.0 (cmd 0.0),0.0 (cmd 0.0)
0.036,-38.81,0.0,0.0,-5.17,0.0,0.0,-5.2,-38.8,0.0 (cmd 0.0),0.0 (cmd 0.0)
0.0365,-37.63,0.0,0.0,-4.72,0.0,0.0,-4.7,-37.6,0.0 (cmd 0.0),0.0 (cmd 0.0)
0.037,-35.59,0.0,0.0,-4.11,0.0,0.0,-4.1,-35.6,0.0 (cmd 0.0),0.0 (cmd 0.0)
0.0375,-33.26,0.0,0.0,-3.79,0.0,0.0,-3.8,-33.3,0.0 (cmd 0.0),0.0 (cmd 0.0)
0.038,-30.42,0.0,0.0,-2.56,0.0,0.0,-2.6,-30.4,0.0 (cmd 0.0),0.0 (cmd 0.0)
0.0385,-26.6,0.0,0.0,-1.77,0.0,0.0,-1.8,-26.6,0.0 (cmd 0.0),0.0 (cmd 0.0)
0.039,-23.51,0.0,0.0,-1.63,0.0,0.0,-1.6,-23.5,0.0 (cmd 0.0),0.0 (cmd 0.0)
0.0395,-18.26,0.0,0.0,-1.5,0.0,0.0,-1.5,-18.3,0.0 (cmd 0.0),0.0 (cmd 0.0)
0.04,-14.42,0.0,0.0,-1.13,0.0,0.0,-1.1,-14.4,0.0 (cmd 0.0),0.0 (cmd 0.0)
0.0405,-13.42,0.0,0.0,-0.98,0.0,0.0,-1.0,-13.4,0.0 (cmd 0.0),0.0 (cmd 0.0)
0.041,-11.46,0.0,0.0,-0.77,0.0,0.0,-0.8,-11.5,0.0 (cmd 0.0),0.0 (cmd 0.0)
0.0415,-9.61,0.0,0.0,-0.96,0.0,0.0,-1.0,-9.6,0.0 (cmd 0.0),0.0 (cmd 0.0)
0.042,-9.16,0.0,0.0,-1.89,0.0,0.0,-1.9,-9.2,0.0 (cmd 0.0),0.0 (cmd 0.0)
0.0425,-9.36,0.0,0.0,-3.41,0.0,0.0,-3.4,-9.4,0.0 (cmd 0.0),0.0 (cmd 0.0)
0.043,-8.57,0.0,0.0,-6.78,0.0,0.0,-6.8,-8.6,0.0 (cmd 0.0),0.0 (cmd 0.0)
0.0435,-7.41,0.0,0.0,-12.85,0.0,0.0,-12.8,-7.4,0.0 (cmd 0.0),0.0 (cmd 0.0)
0.044,-6.73,0.0,0.0,-18.85,0.0,0.0,-18.9,-6.7,0.0 (cmd 0.0),0.0 (cmd 0.0)
0.0445,-6.19,0.0,0.0,-22.37,0.0,0.0,-22.4,-6.2,0.0 (cmd 0.0),0.0 (cmd 0.0)
0.045,-5.64,0.0,0.0,-28.96,0.0,0.0,-29.0,-5.6,0.0 (cmd 0.0),0.0 (cmd 0.0)
0.0455,-5.29,0.0,0.0,-33.63,0.0,0.0,-33.6,-5.3,0.0 (cmd 0.0),0.0 (cmd 0.0)
0.046,-4.91,0.0,0.0,-37.81,0.0,0.0,-37.8,-4.9,0.0 (cmd 0.0),0.0 (cmd 0.0)
0.0465,-4.91,0.0,0.0,-40.89,0.0,0.0,-40.9,-4.9,0.0 (cmd 0.0),0.0 (cmd 0.0)
0.047,-4.87,0.0,0.0,-43.05,0.0,0.0,-43.0,-4.9,0.0 (cmd 0.0),0.0 (cmd 0.0)
0.0475,-4.75,0.0,0.0,-43.39,0.0,0.0,-43.4,-4.8,0.0 (cmd 0.0),0.0 (cmd 0.0)
0.048,-4.67,0.0,0.0,-42.16,0.0,0.0,-42.2,-4.7,0.0 (cmd 0.0),0.0 (cmd 0.0)
0.0485,-4.35,0.0,0.0,-39.51,0.0,0.0,-39.5,-4.3,0.0 (cmd 0.0),0.0 (cmd 0.0)
0.049,-4.16,0.0,0.0,-33.59,0.0,0.0,-33.6,-4.2,0.0 (cmd 0.0),0.0 (cmd 0.0)
0.0495,-3.78,0.0,0.0,-28.3,0.0,0.0,-28.3,-3.8,0.0 (cmd 0.0),0.0 (cmd 0.0)
0.05,-3.31,0.0,0.0,-21.25,0.0,0.0,-21.2,-3.3,0.0 (cmd 0.0),0.0 (cmd 0.0)
0.0505,-2.54,0.0,0.0,-14.47,0.0,0.0,-14.5,-2.5,0.0 (cmd 0.0),0.0 (cmd 0.0)
0.051,-2.32,0.0,0.0,-11.61,0.0,0.0,-11.6,-2.3,0.0 (cmd 0.0),0.0 (cmd 0.0)
0.0515,-3.03,0.0,0.0,-9.73,0.0,0.0,-9.7,-3.0,0.0 (cmd 0.0),0.0 (cmd 0.0)
0.052,-5.71,0.0,0.0,-9.01,0.0,0.0,-9.0,-5.7,0.0 (cmd 0.0),0.0 (cmd 0.0)
0.0525,-10.09,0.0,0.0,-7.91,0.0,0.0,-7.9,-10.1,0.0 (cmd 0.0),0.0 (cmd 0.0)
0.053,-16.58,0.0,0.0,-7.02,0.0,0.0,-7.0,-16.6,0.0 (cmd 0.0),0.0 (cmd 0.0)
0.0535,-22.26,0.0,0.0,-6.3,0.0,0.0,-6.3,-22.3,0.0 (cmd 0.0),0.0 (cmd 0.0)
0.054,-30.57,0.0,0.0,-5.5,0.0,0.0,-5.5,-30.6,0.0 (cmd 0.0),0.0 (cmd 0.0)
0.0545,-35.7,0.0,0.0,-5.3,0.0,0.0,-5.3,-35.7,0.0 (cmd 0.0),0.0 (cmd 0.0)
0.055,-39.22,0.0,0.0,-4.86,0.0,0.0,-4.9,-39.2,0.0 (cmd 0.0),0.0 (cmd 0.0)
0.0555,-45.12,0.0,0.0,-4.77,0.0,0.0,-4.8,-45.1,0.0 (cmd 0.0),0.0 (cmd 0.0)
0.056,-47.17,0.0,0.0,-4.61,0.0,0.0,-4.6,-47.2,0.0 (cmd 0.0),0.0 (cmd 0.0)
0.0565,-47.08,0.0,0.0,-4.5,0.0,0.0,-4.5,-47.1,0.0 (cmd 0.0),0.0 (cmd 0.0)
0.057,-45.07,0.0,0.0,-4.42,0.0,0.0,-4.4,-45.1,0.0 (cmd 0.0),0.0 (cmd 0.0)
0.0575,-40.83,0.0,0.0,-4.3,0.0,0.0,-4.3,-40.8,0.0 (cmd 0.0),0.0 (cmd 0.0)
0.058,-36.12,0.0,0.0,-4.09,0.0,0.0,-4.1,-36.1,0.0 (cmd 0.0),0.0 (cmd 0.0)
0.0585,-32.69,0.0,0.0,-3.73,0.0,0.0,-3.7,-32.7,0.0 (cmd 0.0),0.0 (cmd 0.0)
0.059,-24.72,0.0,0.0,-3.13,0.0,0.0,-3.1,-24.7,0.0 (cmd 0.0),0.0 (cmd 0.0)
0.0595,-16.38,0.0,0.0,-2.29,0.0,0.0,-2.3,-16.4,0.0 (cmd 0.0),0.0 (cmd 0.0)
0.06,-9.83,0.0,0.0,-1.96,0.0,0.0,-2.0,-9.8,0.0 (cmd 0.0),0.0 (cmd 0.0)
0.0605,-5.69,0.0,0.0,-1.94,0.0,0.0,-1.9,-5.7,0.0 (cmd 0.0),0.0 (cmd 0.0)
0.061,-3.29,0.0,0.0,-2.66,0.0,0.0,-2.7,-3.3,0.0 (cmd 0.0),0.0 (cmd 0.0)
0.0615,-2.75,0.0,0.0,-4.28,0.0,0.0,-4.3,-2.8,0.0 (cmd 0.0),0.0 (cmd 0.0)
0.062,-2.82,0.0,0.0,-6.75,0.0,0.0,-6.8,-2.8,0.0 (cmd 0.0),0.0 (cmd 0.0)
0.0625,-2.41,0.0,0.0,-11.77,0.0,0.0,-11.8,-2.4,0.0 (cmd 0.0),0.0 (cmd 0.0)
0.063,-1.76,0.0,0.0,-18.16,0.0,0.0,-18.2,-1.8,0.0 (cmd 0.0),0.0 (cmd 0.0)
0.0635,-1.28,0.0,0.0,-24.68,0.0,0.0,-24.7,-1.3,0.0 (cmd 0.0),0.0 (cmd 0.0)
0.064,-0.6,0.0,0.0,-30.53,0.0,0.0,-30.5,-0.6,0.0 (cmd 0.0),0.0 (cmd 0.0)
0.0645,0.0,0.0,0.0,-36.73,0.0,0.0,-36.7,0.0,0.0 (cmd 0.0),0.0 (cmd 0.0)
0.065,0.16,0.0,0.0,-40.27,0.0,0.0,-40.3,0.2,0.0 (cmd 0.0),0.0 (cmd 0.0)
0.0655,0.2,0.0,0.0,-43.34,0.0,0.0,-43.3,0.2,0.0 (cmd 0.0),0.0 (cmd 0.0)
0.066,0.13,0.0,0.0,-44.78,0.0,0.0,-44.8,0.1,0.0 (cmd 0.0),0.0 (cmd 0.0)
0.0665,-0.04,0.0,0.0,-44.33,0.0,0.0,-44.3,-0.0,0.0 (cmd 0.0),0.0 (cmd 0.0)
0.067,-0.09,0.0,0.0,-43.26,0.0,0.0,-43.3,-0.1,0.0 (cmd 0.0),0.0 (cmd 0.0)
0.0675,-0.04,0.0,0.0,-39.9,0.0,0.0,-39.9,-0.0,0.0 (cmd 0.0),0.0 (cmd 0.0)
0.068,0.18,0.0,0.0,-33.8,0.0,0.0,-33.8,0.2,0.0 (cmd 0.0),0.0 (cmd 0.0)
0.0685,0.4,0.0,0.0,-29.86,0.0,0.0,-29.9,0.4,0.0 (cmd 0.0),0.0 (cmd 0.0)
0.069,0.61,0.0,0.0,-21.06,0.0,0.0,-21.1,0.6,0.0 (cmd 0.0),0.0 (cmd 0.0)
0.0695,0.95,0.0,0.0,-15.44,0.0,0.0,-15.4,0.9,0.0 (cmd 0.0),0.0 (cmd 0.0)
0.07,1.33,0.0,0.0,-8.7,0.0,0.0,-8.7,1.3,0.0 (cmd 0.0),0.0 (cmd 0.0)
0.0705,1.44,0.0,0.0,-6.96,0.0,0.0,-7.0,1.4,0.0 (cmd 0.0),0.0 (cmd 0.0)
0.071,1.06,0.0,0.0,-6.36,0.0,0.0,-6.4,1.1,0.0 (cmd 0.0),0.0 (cmd 0.0)
0.0715,-0.79,0.0,0.0,-5.92,0.0,0.0,-5.9,-0.8,0.0 (cmd 0.0),0.0 (cmd 0.0)
0.072,-3.85,0.0,0.0,-5.11,0.0,0.0,-5.1,-3.9,0.0 (cmd 0.0),0.0 (cmd 0.0)
0.0725,-7.05,0.0,0.0,-4.47,0.0,0.0,-4.5,-7.0,0.0 (cmd 0.0),0.0 (cmd 0.0)
0.073,-11.89,0.0,0.0,-3.73,0.0,0.0,-3.7,-11.9,0.0 (cmd 0.0),0.0 (cmd 0.0)
0.0735,-19.7,0.0,0.0,-3.25,0.0,0.0,-3.2,-19.7,0.0 (cmd 0.0),0.0 (cmd 0.0)
0.074,-26.07,0.0,0.0,-2.81,0.0,0.0,-2.8,-26.1,0.0 (cmd 0.0),0.0 (cmd 0.0)
0.0745,-29.64,0.0,0.0,-2.47,0.0,0.0,-2.5,-29.6,0.0 (cmd 0.0),0.0 (cmd 0.0)
0.075,-36.03,0.0,0.0,-2.57,0.0,0.0,-2.6,-36.0,0.0 (cmd 0.0),0.0 (cmd 0.0)
0.0755,-39.99,0.0,0.0,-2.78,0.0,0.0,-2.8,-40.0,0.0 (cmd 0.0),0.0 (cmd 0.0)
0.076,-42.67,0.0,0.0,-2.85,0.0,0.0,-2.9,-42.7,0.0 (cmd 0.0),0.0 (cmd 0.0)
0.0765,-43.97,0.0,0.0,-2.81,0.0,0.0,-2.8,-44.0,0.0 (cmd 0.0),0.0 (cmd 0.0)
0.077,-43.53,0.0,0.0,-2.81,0.0,0.0,-2.8,-43.5,0.0 (cmd 0.0),0.0 (cmd 0.0)
0.0775,-42.25,0.0,0.0,-2.88,0.0,0.0,-2.9,-42.2,0.0 (cmd 0.0),0.0 (cmd 0.0)
0.078,-40.92,0.0,0.0,-2.96,0.0,0.0,-3.0,-40.9,0.0 (cmd 0.0),0.0 (cmd 0.0)
0.0785,-35.83,0.0,0.0,-2.7,0.0,0.0,-2.7,-35.8,0.0 (cmd 0.0),0.0 (cmd 0.0)
0.079,-32.57,0.0,0.0,-2.49,0.0,0.0,-2.5,-32.6,0.0 (cmd 0.0),0.0 (cmd 0.0)
0.0795,-27.84,0.0,0.0,-2.36,0.0,0.0,-2.4,-27.8,0.0 (cmd 0.0),0.0 (cmd 0.0)
0.08,-22.3,0.0,0.0,-2.27,0.0,0.0,-2.3,-22.3,0.0 (cmd 0.0),0.0 (cmd 0.0)
0.0805,-16.35,0.0,0.0,-2.14,0.0,0.0,-2.1,-16.4,0.0 (cmd 0.0),0.0 (cmd 0.0)
0.081,-9.47,0.0,0.0,-2.09,0.0,0.0,-2.1,-9.5,0.0 (cmd 0.0),0.0 (cmd 0.0)
0.0815,-5.61,0.0,0.0,-1.96,0.0,0.0,-2.0,-5.6,0.0 (cmd 0.0),0.0 (cmd 0.0)
0.082,-2.22,0.0,0.0,-1.86,0.0,0.0,-1.9,-2.2,0.0 (cmd 0.0),0.0 (cmd 0.0)
0.0825,0.77,0.0,0.0,-1.97,0.0,0.0,-2.0,0.8,0.0 (cmd 0.0),0.0 (cmd 0.0)
0.083,1.32,0.0,0.0,-2.37,0.0,0.0,-2.4,1.3,0.0 (cmd 0.0),0.0 (cmd 0.0)
0.0835,1.33,0.0,0.0,-3.24,0.0,0.0,-3.2,1.3,0.0 (cmd 0.0),0.0 (cmd 0.0)
0.084,1.13,0.0,0.0,-4.97,0.0,0.0,-5.0,1.1,0.0 (cmd 0.0),0.0 (cmd 0.0)
0.0845,1.13,0.0,0.0,-6.88,0.0,0.0,-6.9,1.1,0.0 (cmd 0.0),0.0 (cmd 0.0)
0.085,1.33,0.0,0.0,-9.28,0.0,0.0,-9.3,1.3,0.0 (cmd 0.0),0.0 (cmd 0.0)
0.0855,1.87,0.0,0.0,-14.38,0.0,0.0,-14.4,1.9,0.0 (cmd 0.0),0.0 (cmd 0.0)
0.086,2.24,0.0,0.0,-18.25,0.0,0.0,-18.2,2.2,0.0 (cmd 0.0),0.0 (cmd 0.0)
0.0865,2.7,0.0,0.0,-23.07,0.0,0.0,-23.1,2.7,0.0 (cmd 0.0),0.0 (cmd 0.0)
0.087,3.31,0.0,0.0,-30.33,0.0,0.0,-30.3,3.3,0.0 (cmd 0.0),0.0 (cmd 0.0)
0.0875,3.44,0.0,0.0,-36.53,0.0,0.0,-36.5,3.4,0.0 (cmd 0.0),0.0 (cmd 0.0)
0.088,3.25,0.0,0.0,-38.48,0.0,0.0,-38.5,3.2,0.0 (cmd 0.0),0.0 (cmd 0.0)
0.0885,2.64,0.0,0.0,-44.41,0.0,0.0,-44.4,2.6,0.0 (cmd 0.0),0.0 (cmd 0.0)
0.089,2.3,0.0,0.0,-47.74,0.0,0.0,-47.7,2.3,0.0 (cmd 0.0),0.0 (cmd 0.0)
0.0895,2.12,0.0,0.0,-49.2,0.0,0.0,-49.2,2.1,0.0 (cmd 0.0),0.0 (cmd 0.0)
0.09,2.05,0.0,0.0,-49.71,0.0,0.0,-49.7,2.0,0.0 (cmd 0.0),0.0 (cmd 0.0)
0.0905,2.01,0.0,0.0,-49.21,0.0,0.0,-49.2,2.0,0.0 (cmd 0.0),0.0 (cmd 0.0)
0.091,2.02,0.0,0.0,-47.15,0.0,0.0,-47.1,2.0,0.0 (cmd 0.0),0.0 (cmd 0.0)
0.0915,2.07,0.0,0.0,-45.86,0.0,0.0,-45.9,2.1,0.0 (cmd 0.0),0.0 (cmd 0.0)
0.092,2.18,0.0,0.0,-42.56,0.0,0.0,-42.6,2.2,0.0 (cmd 0.0),0.0 (cmd 0.0)
0.0925,2.43,0.0,0.0,-37.55,0.0,0.0,-37.5,2.4,0.0 (cmd 0.0),0.0 (cmd 0.0)
0.093,2.8,0.0,0.0,-32.88,0.0,0.0,-32.9,2.8,0.0 (cmd 0.0),0.0 (cmd 0.0)
0.0935,3.16,0.0,0.0,-25.89,0.0,0.0,-25.9,3.2,0.0 (cmd 0.0),0.0 (cmd 0.0)
0.094,3.65,0.0,0.0,-19.66,0.0,0.0,-19.7,3.6,0.0 (cmd 0.0),0.0 (cmd 0.0)
0.0945,4.07,0.0,0.0,-9.62,0.0,0.0,-9.6,4.1,0.0 (cmd 0.0),0.0 (cmd 0.0)
0.095,4.29,0.0,0.0,-7.15,0.0,0.0,-7.2,4.3,0.0 (cmd 0.0),0.0 (cmd 0.0)
0.0955,4.46,0.0,0.0,-5.84,0.0,0.0,-5.8,4.5,0.0 (cmd 0.0),0.0 (cmd 0.0)
0.096,4.56,0.0,0.0,-6.2,0.0,0.0,-6.2,4.6,0.0 (cmd 0.0),0.0 (cmd 0.0)
0.0965,4.4,0.0,0.0,-5.83,0.0,0.0,-5.8,4.4,0.0 (cmd 0.0),0.0 (cmd 0.0)
0.097,3.59,0.0,0.0,-5.07,0.0,0.0,-5.1,3.6,0.0 (cmd 0.0),0.0 (cmd 0.0)
0.0975,2.63,0.0,0.0,-3.73,0.0,0.0,-3.7,2.6,0.0 (cmd 0.0),0.0 (cmd 0.0)
0.098,1.29,0.0,0.0,-3.45,0.0,0.0,-3.5,1.3,0.0 (cmd 0.0),0.0 (cmd 0.0)
0.0985,-0.53,0.0,0.0,-3.3,0.0,0.0,-3.3,-0.5,0.0 (cmd 0.0),0.0 (cmd 0.0)
0.099,-2.48,0.0,0.0,-2.89,0.0,0.0,-2.9,-2.5,0.0 (cmd 0.0),0.0 (cmd 0.0)
0.0995,-4.6,0.0,0.0,-2.36,0.0,0.0,-2.4,-4.6,0.0 (cmd 0.0),0.0 (cmd 0.0)
0.1,-7.12,0.0,0.0,-2.08,0.0,0.0,-2.1,-7.1,0.0 (cmd 0.0),0.0 (cmd 0.0)
0.1005,-9.92,0.0,0.0,-1.67,0.0,0.0,-1.7,-9.9,0.0 (cmd 0.0),0.0 (cmd 0.0)
0.101,-12.31,0.0,0.0,-1.22,0.0,0.0,-1.2,-12.3,0.0 (cmd 0.0),0.0 (cmd 0.0)
0.1015,-13.58,0.0,0.0,-0.88,0.0,0.0,-0.9,-13.6,0.0 (cmd 0.0),0.0 (cmd 0.0)
0.102,-13.63,0.0,0.0,-0.86,0.0,0.0,-0.9,-13.6,0.0 (cmd 0.0),0.0 (cmd 0.0)
0.1025,-13.23,0.0,0.0,-0.86,0.0,0.0,-0.9,-13.2,0.0 (cmd 0.0),0.0 (cmd 0.0)
0.103,-11.26,0.0,0.0,-0.85,0.0,0.0,-0.8,-11.3,0.0 (cmd 0.0),0.0 (cmd 0.0)
0.1035,-10.1,0.0,0.0,-0.74,0.0,0.0,-0.7,-10.1,0.0 (cmd 0.0),0.0 (cmd 0.0)
0.104,-9.37,0.0,0.0,-0.59,0.0,0.0,-0.6,-9.4,0.0 (cmd 0.0),0.0 (cmd 0.0)
0.1045,-8.76,0.0,0.0,-0.37,0.0,0.0,-0.4,-8.8,0.0 (cmd 0.0),0.0 (cmd 0.0)
0.105,-8.52,0.0,0.0,-0.08,0.0,0.0,-0.1,-8.5,0.0 (cmd 0.0),0.0 (cmd 0.0)
0.1055,-8.69,0.0,0.0,0.02,0.0,0.0,0.0,-8.7,0.0 (cmd 0.0),0.0 (cmd 0.0)
0.106,-8.92,0.0,0.0,0.02,0.0,0.0,0.0,-8.9,0.0 (cmd 0.0),0.0 (cmd 0.0)
0.1065,-9.22,0.0,0.0,-0.06,0.0,0.0,-0.1,-9.2,0.0 (cmd 0.0),0.0 (cmd 0.0)
0.107,-9.44,0.0,0.0,-0.02,0.0,0.0,-0.0,-9.4,0.0 (cmd 0.0),0.0 (cmd 0.0)
0.1075,-9.5,0.0,0.0,0.0,0.0,0.0,0.0,-9.5,0.0 (cmd 0.0),0.0 (cmd 0.0)
0.108,-9.95,0.0,0.0,0.11,0.0,0.0,0.1,-9.9,0.0 (cmd 0.0),0.0 (cmd 0.0)
0.1085,-10.09,0.0,0.0,0.13,0.0,0.0,0.1,-10.1,0.0 (cmd 0.0),0.0 (cmd 0.0)
0.109,-10.33,0.0,0.0,0.1,0.0,0.0,0.1,-10.3,0.0 (cmd 0.0),0.0 (cmd 0.0)
0.1095,-10.74,0.0,0.0,0.06,0.0,0.0,0.1,-10.7,0.0 (cmd 0.0),0.0 (cmd 0.0)
0.11,-10.92,0.0,0.0,0.08,0.0,0.0,0.1,-10.9,0.0 (cmd 0.0),0.0 (cmd 0.0)
0.1105,-10.99,0.0,0.0,0.14,0.0,0.0,0.1,-11.0,0.0 (cmd 0.0),0.0 (cmd 0.0)
0.111,-11.04,0.0,0.0,0.23,0.0,0.0,0.2,-11.0,0.0 (cmd 0.0),0.0 (cmd 0.0)
0.1115,-11.0,0.0,0.0,0.18,0.0,0.0,0.2,-11.0,0.0 (cmd 0.0),0.0 (cmd 0.0)
0.112,-10.68,0.0,0.0,0.11,0.0,0.0,0.1,-10.7,0.0 (cmd 0.0),0.0 (cmd 0.0)
0.1125,-10.32,0.0,0.0,0.06,0.0,0.0,0.1,-10.3,0.0 (cmd 0.0),0.0 (cmd 0.0)
0.113,-9.69,0.0,0.0,0.04,0.0,0.0,0.0,-9.7,0.0 (cmd 0.0),0.0 (cmd 0.0)
0.1135,-9.46,0.0,0.0,0.06,0.0,0.0,0.1,-9.5,0.0 (cmd 0.0),0.0 (cmd 0.0)
0.114,-8.89,0.0,0.0,0.06,0.0,0.0,0.1,-8.9,0.0 (cmd 0.0),0.0 (cmd 0.0)
0.1145,-8.5,0.0,0.0,-0.01,0.0,0.0,-0.0,-8.5,0.0 (cmd 0.0),0.0 (cmd 0.0)
0.115,-8.44,0.0,0.0,-0.23,0.0,0.0,-0.2,-8.4,0.0 (cmd 0.0),0.0 (cmd 0.0)
0.1155,-8.4,0.0,0.0,-0.24,0.0,0.0,-0.2,-8.4,0.0 (cmd 0.0),0.0 (cmd 0.0)
0.116,-8.53,0.0,0.0,-0.23,0.0,0.0,-0.2,-8.5,0.0 (cmd 0.0),0.0 (cmd 0.0)
0.1165,-8.6,0.0,0.0,-0.23,0.0,0.0,-0.2,-8.6,0.0 (cmd 0.0),0.0 (cmd 0.0)
0.117,-8.72,0.0,0.0,-0.26,0.0,0.0,-0.3,-8.7,0.0 (cmd 0.0),0.0 (cmd 0.0)
0.1175,-8.8,0.0,0.0,-0.28,0.0,0.0,-0.3,-8.8,0.0 (cmd 0.0),0.0 (cmd 0.0)
0.118,-8.79,0.0,0.0,-0.25,0.0,0.0,-0.2,-8.8,0.0 (cmd 0.0),0.0 (cmd 0.0)
0.1185,-8.76,0.0,0.0,-0.19,0.0,0.0,-0.2,-8.8,0.0 (cmd 0.0),0.0 (cmd 0.0)
0.119,-8.8,0.0,0.0,-0.15,0.0,0.0,-0.1,-8.8,0.0 (cmd 0.0),0.0 (cmd 0.0)
0.1195,-8.79,0.0,0.0,-0.11,0.0,0.0,-0.1,-8.8,0.0 (cmd 0.0),0.0 (cmd 0.0)
0.12,-8.78,0.0,0.0,-0.05,0.0,0.0,-0.1,-8.8,0.0 (cmd 0.0),0.0 (cmd 0.0)
0.1205,-8.75,0.0,0.0,0.02,0.0,0.0,0.0,-8.8,0.0 (cmd 0.0),0.0 (cmd 0.0)
0.121,-8.75,0.0,0.0,0.08,0.0,0.0,0.1,-8.8,0.0 (cmd 0.0),0.0 (cmd 0.0)
0.1215,-8.75,0.0,0.0,0.11,0.0,0.0,0.1,-8.8,0.0 (cmd 0.0),0.0 (cmd 0.0)
0.122,-8.76,0.0,0.0,0.16,0.0,0.0,0.2,-8.8,0.0 (cmd 0.0),0.0 (cmd 0.0)
0.1225,-8.75,0.0,0.0,0.19,0.0,0.0,0.2,-8.8,0.0 (cmd 0.0),0.0 (cmd 0.0)
0.123,-8.81,0.0,0.0,0.18,0.0,0.0,0.2,-8.8,0.0 (cmd 0.0),0.0 (cmd 0.0)
0.1235,-8.9,0.0,0.0,0.17,0.0,0.0,0.2,-8.9,0.0 (cmd 0.0),0.0 (cmd 0.0)
0.124,-9.09,0.0,0.0,0.17,0.0,0.0,0.2,-9.1,0.0 (cmd 0.0),0.0 (cmd 0.0)
0.1245,-9.34,0.0,0.0,0.17,0.0,0.0,0.2,-9.3,0.0 (cmd 0.0),0.0 (cmd 0.0)
0.125,-9.48,0.0,0.0,0.16,0.0,0.0,0.2,-9.5,0.0 (cmd 0.0),0.0 (cmd 0.0)
0.1255,-9.61,0.0,0.0,0.16,0.0,0.0,0.2,-9.6,0.0 (cmd 0.0),0.0 (cmd 0.0)
0.126,-9.8,0.0,0.0,0.15,0.0,0.0,0.1,-9.8,0.0 (cmd 0.0),0.0 (cmd 0.0)
0.1265,-9.84,0.0,0.0,0.15,0.0,0.0,0.1,-9.8,0.0 (cmd 0.0),0.0 (cmd 0.0)
0.127,-9.9,0.0,0.0,0.15,0.0,0.0,0.1,-9.9,0.0 (cmd 0.0),0.0 (cmd 0.0)
0.1275,-9.89,0.0,0.0,0.19,0.0,0.0,0.2,-9.9,0.0 (cmd 0.0),0.0 (cmd 0.0)
0.128,-9.8,0.0,0.0,0.25,0.0,0.0,0.2,-9.8,0.0 (cmd 0.0),0.0 (cmd 0.0)
0.1285,-9.72,0.0,0.0,0.27,0.0,0.0,0.3,-9.7,0.0 (cmd 0.0),0.0 (cmd 0.0)
0.129,-9.59,0.0,0.0,0.26,0.0,0.0,0.3,-9.6,0.0 (cmd 0.0),0.0 (cmd 0.0)
0.1295,-9.46,0.0,0.0,0.26,0.0,0.0,0.3,-9.5,0.0 (cmd 0.0),0.0 (cmd 0.0)
0.13,-9.41,0.0,0.0,0.25,0.0,0.0,0.2,-9.4,0.0 (cmd 0.0),0.0 (cmd 0.0)
0.1305,-9.42,0.0,0.0,0.27,0.0,0.0,0.3,-9.4,0.0 (cmd 0.0),0.0 (cmd 0.0)
0.131,-9.43,0.0,0.0,0.31,0.0,0.0,0.3,-9.4,0.0 (cmd 0.0),0.0 (cmd 0.0)
0.1315,-9.4,0.0,0.0,0.3,0.0,0.0,0.3,-9.4,0.0 (cmd 0.0),0.0 (cmd 0.0)
0.132,-9.37,0.0,0.0,0.28,0.0,0.0,0.3,-9.4,0.0 (cmd 0.0),0.0 (cmd 0.0)
0.1325,-9.35,0.0,0.0,0.26,0.0,0.0,0.3,-9.3,0.0 (cmd 0.0),0.0 (cmd 0.0)
0.133,-9.37,0.0,0.0,0.23,0.0,0.0,0.2,-9.4,0.0 (cmd 0.0),0.0 (cmd 0.0)
0.1335,-9.47,0.0,0.0,0.19,0.0,0.0,0.2,-9.5,0.0 (cmd 0.0),0.0 (cmd 0.0)
0.134,-9.51,0.0,0.0,0.17,0.0,0.0,0.2,-9.5,0.0 (cmd 0.0),0.0 (cmd 0.0)
0.1345,-9.54,0.0,0.0,0.11,0.0,0.0,0.1,-9.5,0.0 (cmd 0.0),0.0 (cmd 0.0)
0.135,-9.53,0.0,0.0,0.06,0.0,0.0,0.1,-9.5,0.0 (cmd 0.0),0.0 (cmd 0.0)
0.1355,-9.52,0.0,0.0,0.04,0.0,0.0,0.0,-9.5,0.0 (cmd 0.0),0.0 (cmd 0.0)
0.136,-9.51,0.0,0.0,-0.01,0.0,0.0,-0.0,-9.5,0.0 (cmd 0.0),0.0 (cmd 0.0)
0.1365,-9.47,0.0,0.0,-0.02,0.0,0.0,-0.0,-9.5,0.0 (cmd 0.0),0.0 (cmd 0.0)
0.137,-9.41,0.0,0.0,-0.02,0.0,0.0,-0.0,-9.4,0.0 (cmd 0.0),0.0 (cmd 0.0)
0.1375,-9.34,0.0,0.0,0.0,0.0,0.0,0.0,-9.3,0.0 (cmd 0.0),0.0 (cmd 0.0)
0.138,-9.24,0.0,0.0,0.09,0.0,0.0,0.1,-9.2,0.0 (cmd 0.0),0.0 (cmd 0.0)
0.1385,-9.15,0.0,0.0,0.2,0.0,0.0,0.2,-9.2,0.0 (cmd 0.0),0.0 (cmd 0.0)
0.139,-9.1,0.0,0.0,0.21,0.0,0.0,0.2,-9.1,0.0 (cmd 0.0),0.0 (cmd 0.0)
0.1395,-9.08,0.0,0.0,0.15,0.0,0.0,0.1,-9.1,0.0 (cmd 0.0),0.0 (cmd 0.0)
0.14,-9.09,0.0,0.0,0.11,0.0,0.0,0.1,-9.1,0.0 (cmd 0.0),0.0 (cmd 0.0)
0.1405,-9.17,0.0,0.0,0.1,0.0,0.0,0.1,-9.2,0.0 (cmd 0.0),0.0 (cmd 0.0)
0.141,-9.25,0.0,0.0,0.11,0.0,0.0,0.1,-9.2,0.0 (cmd 0.0),0.0 (cmd 0.0)
0.1415,-9.36,0.0,0.0,0.15,0.0,0.0,0.1,-9.4,0.0 (cmd 0.0),0.0 (cmd 0.0)
0.142,-9.47,0.0,0.0,0.21,0.0,0.0,0.2,-9.5,0.0 (cmd 0.0),0.0 (cmd 0.0)
0.1425,-9.51,0.0,0.0,0.23,0.0,0.0,0.2,-9.5,0.0 (cmd 0.0),0.0 (cmd 0.0)
0.143,-9.48,0.0,0.0,0.23,0.0,0.0,0.2,-9.5,0.0 (cmd 0.0),0.0 (cmd 0.0)
0.1435,-9.5,0.0,0.0,0.19,0.0,0.0,0.2,-9.5,0.0 (cmd 0.0),0.0 (cmd 0.0)
0.144,-9.52,0.0,0.0,0.17,0.0,0.0,0.2,-9.5,0.0 (cmd 0.0),0.0 (cmd 0.0)
0.1445,-9.56,0.0,0.0,0.16,0.0,0.0,0.2,-9.6,0.0 (cmd 0.0),0.0 (cmd 0.0)
0.145,-9.57,0.0,0.0,0.12,0.0,0.0,0.1,-9.6,0.0 (cmd 0.0),0.0 (cmd 0.0)
0.1455,-9.53,0.0,0.0,0.1,0.0,0.0,0.1,-9.5,0.0 (cmd 0.0),0.0 (cmd 0.0)
0.146,-9.46,0.0,0.0,0.07,0.0,0.0,0.1,-9.5,0.0 (cmd 0.0),0.0 (cmd 0.0)
0.1465,-9.39,0.0,0.0,0.04,0.0,0.0,0.0,-9.4,0.0 (cmd 0.0),0.0 (cmd 0.0)
0.147,-9.34,0.0,0.0,0.02,0.0,0.0,0.0,-9.3,0.0 (cmd 0.0),0.0 (cmd 0.0)
0.1475,-9.3,0.0,0.0,0.02,0.0,0.0,0.0,-9.3,0.0 (cmd 0.0),0.0 (cmd 0.0)
0.148,-9.28,0.0,0.0,0.0,0.0,0.0,0.0,-9.3,0.0 (cmd 0.0),0.0 (cmd 0.0)
0.1485,-9.25,0.0,0.0,-0.07,0.0,0.0,-0.1,-9.2,0.0 (cmd 0.0),0.0 (cmd 0.0)
0.149,-9.24,0.0,0.0,-0.13,0.0,0.0,-0.1,-9.2,0.0 (cmd 0.0),0.0 (cmd 0.0)
0.1495,-9.24,0.0,0.0,-0.17,0.0,0.0,-0.2,-9.2,0.0 (cmd 0.0),0.0 (cmd 0.0)
0.15,-9.23,0.0,0.0,-0.24,0.0,0.0,-0.2,-9.2,0.0 (cmd 0.0),0.0 (cmd 0.0)
0.1505,-9.21,0.0,0.0,-0.41,0.0,0.0,-0.4,-9.2,0.0 (cmd 0.0),0.0 (cmd 0.0)
0.151,-9.17,0.0,0.0,-0.5,0.0,0.0,-0.5,-9.2,0.0 (cmd 0.0),0.0 (cmd 0.0)
0.1515,-9.15,0.0,0.0,-0.49,0.0,0.0,-0.5,-9.2,0.0 (cmd 0.0),0.0 (cmd 0.0)
0.152,-9.16,0.0,0.0,-0.55,0.0,0.0,-0.6,-9.2,0.0 (cmd 0.0),0.0 (cmd 0.0)
0.1525,-9.15,0.0,0.0,-0.62,0.0,0.0,-0.6,-9.2,0.0 (cmd 0.0),0.0 (cmd 0.0)
0.153,-9.11,0.0,0.0,-0.65,0.0,0.0,-0.7,-9.1,0.0 (cmd 0.0),0.0 (cmd 0.0)
0.1535,-9.05,0.0,0.0,-0.71,0.0,0.0,-0.7,-9.1,0.0 (cmd 0.0),0.0 (cmd 0.0)
0.154,-9.01,0.0,0.0,-0.74,0.0,0.0,-0.7,-9.0,0.0 (cmd 0.0),0.0 (cmd 0.0)
0.1545,-8.97,0.0,0.0,-0.72,0.0,0.0,-0.7,-9.0,0.0 (cmd 0.0),0.0 (cmd 0.0)
0.155,-8.96,0.0,0.0,-0.69,0.0,0.0,-0.7,-9.0,0.0 (cmd 0.0),0.0 (cmd 0.0)
0.1555,-8.85,0.0,0.0,-0.61,0.0,0.0,-0.6,-8.8,0.0 (cmd 0.0),0.0 (cmd 0.0)
0.156,-8.78,0.0,0.0,-0.57,0.0,0.0,-0.6,-8.8,0.0 (cmd 0.0),0.0 (cmd 0.0)
0.1565,-8.74,0.0,0.0,-0.57,0.0,0.0,-0.6,-8.7,0.0 (cmd 0.0),0.0 (cmd 0.0)
0.157,-8.74,0.0,0.0,-0.55,0.0,0.0,-0.6,-8.7,0.0 (cmd 0.0),0.0 (cmd 0.0)
0.1575,-8.8,0.0,0.0,-0.55,0.0,0.0,-0.6,-8.8,0.0 (cmd 0.0),0.0 (cmd 0.0)
0.158,-8.83,0.0,0.0,-0.54,0.0,0.0,-0.5,-8.8,0.0 (cmd 0.0),0.0 (cmd 0.0)
0.1585,-8.83,0.0,0.0,-0.52,0.0,0.0,-0.5,-8.8,0.0 (cmd 0.0),0.0 (cmd 0.0)
0.159,-8.81,0.0,0.0,-0.54,0.0,0.0,-0.5,-8.8,0.0 (cmd 0.0),0.0 (cmd 0.0)
0.1595,-8.84,0.0,0.0,-0.56,0.0,0.0,-0.6,-8.8,0.0 (cmd 0.0),0.0 (cmd 0.0)
0.16,-8.87,0.0,0.0,-0.58,0.0,0.0,-0.6,-8.9,0.0 (cmd 0.0),0.0 (cmd 0.0)
0.1605,-8.95,0.0,0.0,-0.62,0.0,0.0,-0.6,-8.9,0.0 (cmd 0.0),0.0 (cmd 0.0)
0.161,-9.01,0.0,0.0,-0.67,0.0,0.0,-0.7,-9.0,0.0 (cmd 0.0),0.0 (cmd 0.0)
0.1615,-9.01,0.0,0.0,-0.71,0.0,0.0,-0.7,-9.0,0.0 (cmd 0.0),0.0 (cmd 0.0)
0.162,-9.0,0.0,0.0,-0.73,0.0,0.0,-0.7,-9.0,0.0 (cmd 0.0),0.0 (cmd 0.0)
0.1625,-8.98,0.0,0.0,-0.72,0.0,0.0,-0.7,-9.0,0.0 (cmd 0.0),0.0 (cmd 0.0)
0.163,-8.91,0.0,0.0,-0.71,0.0,0.0,-0.7,-8.9,0.0 (cmd 0.0),0.0 (cmd 0.0)
0.1635,-8.9,0.0,0.0,-0.73,0.0,0.0,-0.7,-8.9,0.0 (cmd 0.0),0.0 (cmd 0.0)
0.164,-8.87,0.0,0.0,-0.76,0.0,0.0,-0.8,-8.9,0.0 (cmd 0.0),0.0 (cmd 0.0)
0.1645,-8.8,0.0,0.0,-0.74,0.0,0.0,-0.7,-8.8,0.0 (cmd 0.0),0.0 (cmd 0.0)
0.165,-8.75,0.0,0.0,-0.74,0.0,0.0,-0.7,-8.8,0.0 (cmd 0.0),0.0 (cmd 0.0)
0.1655,-8.72,0.0,0.0,-0.72,0.0,0.0,-0.7,-8.7,0.0 (cmd 0.0),0.0 (cmd 0.0)
0.166,-8.74,0.0,0.0,-0.73,0.0,0.0,-0.7,-8.7,0.0 (cmd 0.0),0.0 (cmd 0.0)
0.1665,-8.82,0.0,0.0,-0.75,0.0,0.0,-0.8,-8.8,0.0 (cmd 0.0),0.0 (cmd 0.0)
0.167,-8.89,0.0,0.0,-0.76,0.0,0.0,-0.8,-8.9,0.0 (cmd 0.0),0.0 (cmd 0.0)
0.1675,-8.99,0.0,0.0,-0.83,0.0,0.0,-0.8,-9.0,0.0 (cmd 0.0),0.0 (cmd 0.0)
0.168,-9.05,0.0,0.0,-0.8,0.0,0.0,-0.8,-9.1,0.0 (cmd 0.0),0.0 (cmd 0.0)
0.1685,-9.03,0.0,0.0,-0.8,0.0,0.0,-0.8,-9.0,0.0 (cmd 0.0),0.0 (cmd 0.0)
0.169,-9.04,0.0,0.0,-0.85,0.0,0.0,-0.8,-9.0,0.0 (cmd 0.0),0.0 (cmd 0.0)
0.1695,-9.05,0.0,0.0,-0.88,0.0,0.0,-0.9,-9.1,0.0 (cmd 0.0),0.0 (cmd 0.0)
0.17,-9.06,0.0,0.0,-0.9,0.0,0.0,-0.9,-9.1,0.0 (cmd 0.0),0.0 (cmd 0.0)
0.1705,-9.07,0.0,0.0,-0.93,0.0,0.0,-0.9,-9.1,0.0 (cmd 0.0),0.0 (cmd 0.0)
0.171,-9.09,0.0,0.0,-0.98,0.0,0.0,-1.0,-9.1,0.0 (cmd 0.0),0.0 (cmd 0.0)
0.1715,-9.11,0.0,0.0,-0.99,0.0,0.0,-1.0,-9.1,0.0 (cmd 0.0),0.0 (cmd 0.0)
0.172,-9.13,0.0,0.0,-0.96,0.0,0.0,-1.0,-9.1,0.0 (cmd 0.0),0.0 (cmd 0.0)
0.1725,-9.08,0.0,0.0,-0.94,0.0,0.0,-0.9,-9.1,0.0 (cmd 0.0),0.0 (cmd 0.0)
0.173,-8.99,0.0,0.0,-0.97,0.0,0.0,-1.0,-9.0,0.0 (cmd 0.0),0.0 (cmd 0.0)
0.1735,-8.89,0.0,0.0,-1.04,0.0,0.0,-1.0,-8.9,0.0 (cmd 0.0),0.0 (cmd 0.0)
0.174,-8.79,0.0,0.0,-1.15,0.0,0.0,-1.1,-8.8,0.0 (cmd 0.0),0.0 (cmd 0.0)
0.1745,-9.24,0.0,0.0,-1.53,0.0,0.0,-1.5,-9.2,0.0 (cmd 0.0),0.0 (cmd 0.0)
0.175,-10.12,0.0,0.0,-2.05,0.0,0.0,-2.0,-10.1,0.0 (cmd 0.0),0.0 (cmd 0.0)
0.1755,-10.37,0.0,0.0,-2.28,0.0,0.0,-2.3,-10.4,0.0 (cmd 0.0),0.0 (cmd 0.0)
0.176,-10.68,0.0,0.0,-2.28,0.0,0.0,-2.3,-10.7,0.0 (cmd 0.0),0.0 (cmd 0.0)
0.1765,-10.72,0.0,0.0,-2.15,0.0,0.0,-2.1,-10.7,0.0 (cmd 0.0),0.0 (cmd 0.0)
0.177,-10.61,0.0,0.0,-2.25,0.0,0.0,-2.2,-10.6,0.0 (cmd 0.0),0.0 (cmd 0.0)
0.1775,-10.34,0.0,0.0,-2.38,0.0,0.0,-2.4,-10.3,0.0 (cmd 0.0),0.0 (cmd 0.0)
0.178,-9.69,0.0,0.0,-2.42,0.0,0.0,-2.4,-9.7,0.0 (cmd 0.0),0.0 (cmd 0.0)
0.1785,-9.91,0.0,0.0,-2.49,0.0,0.0,-2.5,-9.9,0.0 (cmd 0.0),0.0 (cmd 0.0)
0.179,-9.93,0.0,0.0,-2.4,0.0,0.0,-2.4,-9.9,0.0 (cmd 0.0),0.0 (cmd 0.0)
0.1795,-9.86,0.0,0.0,-2.19,0.0,0.0,-2.2,-9.9,0.0 (cmd 0.0),0.0 (cmd 0.0)
0.18,-9.59,0.0,0.0,-1.76,0.0,0.0,-1.8,-9.6,0.0 (cmd 0.0),0.0 (cmd 0.0)
0.1805,-9.11,0.0,0.0,-1.49,0.0,0.0,-1.5,-9.1,0.0 (cmd 0.0),0.0 (cmd 0.0)
0.181,-8.91,0.0,0.0,-1.33,0.0,0.0,-1.3,-8.9,0.0 (cmd 0.0),0.0 (cmd 0.0)
0.1815,-8.79,0.0,0.0,-1.18,0.0,0.0,-1.2,-8.8,0.0 (cmd 0.0),0.0 (cmd 0.0)
0.182,-8.55,0.0,0.0,-1.19,0.0,0.0,-1.2,-8.6,0.0 (cmd 0.0),0.0 (cmd 0.0)
0.1825,-8.44,0.0,0.0,-1.28,0.0,0.0,-1.3,-8.4,0.0 (cmd 0.0),0.0 (cmd 0.0)
0.183,-8.55,0.0,0.0,-1.25,0.0,0.0,-1.2,-8.6,0.0 (cmd 0.0),0.0 (cmd 0.0)
0.1835,-8.63,0.0,0.0,-1.16,0.0,0.0,-1.2,-8.6,0.0 (cmd 0.0),0.0 (cmd 0.0)
0.184,-8.6,0.0,0.0,-1.13,0.0,0.0,-1.1,-8.6,0.0 (cmd 0.0),0.0 (cmd 0.0)
0.1845,-8.51,0.0,0.0,-1.15,0.0,0.0,-1.1,-8.5,0.0 (cmd 0.0),0.0 (cmd 0.0)
0.185,-8.46,0.0,0.0,-1.25,0.0,0.0,-1.2,-8.5,0.0 (cmd 0.0),0.0 (cmd 0.0)
0.1855,-8.56,0.0,0.0,-1.24,0.0,0.0,-1.2,-8.6,0.0 (cmd 0.0),0.0 (cmd 0.0)
0.186,-8.9,0.0,0.0,-1.22,0.0,0.0,-1.2,-8.9,0.0 (cmd 0.0),0.0 (cmd 0.0)
0.1865,-9.23,0.0,0.0,-1.23,0.0,0.0,-1.2,-9.2,0.0 (cmd 0.0),0.0 (cmd 0.0)
0.187,-9.83,0.0,0.0,-1.38,0.0,0.0,-1.4,-9.8,0.0 (cmd 0.0),0.0 (cmd 0.0)
0.1875,-9.91,0.0,0.0,-1.53,0.0,0.0,-1.5,-9.9,0.0 (cmd 0.0),0.0 (cmd 0.0)
0.188,-9.7,0.0,0.0,-1.72,0.0,0.0,-1.7,-9.7,0.0 (cmd 0.0),0.0 (cmd 0.0)
0.1885,-9.41,0.0,0.0,-1.95,0.0,0.0,-1.9,-9.4,0.0 (cmd 0.0),0.0 (cmd 0.0)
0.189,-7.9,0.0,0.0,-2.28,0.0,0.0,-2.3,-7.9,0.0 (cmd 0.0),0.0 (cmd 0.0)
0.1895,-7.65,0.0,0.0,-2.14,0.0,0.0,-2.1,-7.7,0.0 (cmd 0.0),0.0 (cmd 0.0)
0.19,-6.46,0.0,0.0,-2.02,0.0,0.0,-2.0,-6.5,0.0 (cmd 0.0),0.0 (cmd 0.0)
0.1905,-6.15,0.0,0.0,-2.33,0.0,0.0,-2.3,-6.2,0.0 (cmd 0.0),0.0 (cmd 0.0)
0.191,-6.85,0.0,0.0,-2.98,0.0,0.0,-3.0,-6.8,0.0 (cmd 0.0),0.0 (cmd 0.0)
0.1915,-7.22,0.0,0.0,-3.16,0.0,0.0,-3.2,-7.2,0.0 (cmd 0.0),0.0 (cmd 0.0)
0.192,-6.92,0.0,0.0,-3.3,0.0,0.0,-3.3,-6.9,0.0 (cmd 0.0),0.0 (cmd 0.0)
0.1925,-5.99,0.0,0.0,-3.14,0.0,0.0,-3.1,-6.0,0.0 (cmd 0.0),0.0 (cmd 0.0)
0.193,-5.56,0.0,0.0,-2.84,0.0,0.0,-2.8,-5.6,0.0 (cmd 0.0),0.0 (cmd 0.0)
0.1935,-5.38,0.0,0.0,-2.62,0.0,0.0,-2.6,-5.4,0.0 (cmd 0.0),0.0 (cmd 0.0)
0.194,-5.06,0.0,0.0,-2.65,0.0,0.0,-2.6,-5.1,0.0 (cmd 0.0),0.0 (cmd 0.0)
0.1945,-4.77,0.0,0.0,-3.25,0.0,0.0,-3.2,-4.8,0.0 (cmd 0.0),0.0 (cmd 0.0)
0.195,-5.05,0.0,0.0,-4.57,0.0,0.0,-4.6,-5.0,0.0 (cmd 0.0),0.0 (cmd 0.0)
0.1955,-4.86,0.0,0.0,-7.73,0.0,0.0,-7.7,-4.9,0.0 (cmd 0.0),0.0 (cmd 0.0)
0.196,-4.59,0.0,0.0,-12.7,0.0,0.0,-12.7,-4.6,0.0 (cmd 0.0),0.0 (cmd 0.0)
0.1965,-4.57,0.0,0.0,-15.65,0.0,0.0,-15.7,-4.6,0.0 (cmd 0.0),0.0 (cmd 0.0)
0.197,-3.94,0.0,0.0,-17.1,0.0,0.0,-17.1,-3.9,0.0 (cmd 0.0),0.0 (cmd 0.0)
0.1975,-2.39,0.0,0.0,-17.37,0.0,0.0,-17.4,-2.4,0.0 (cmd 0.0),0.0 (cmd 0.0)
0.198,-0.43,0.0,0.0,-17.16,0.0,0.0,-17.2,-0.4,0.0 (cmd 0.0),0.0 (cmd 0.0)
0.1985,0.19,0.0,0.0,-16.39,0.0,0.0,-16.4,0.2,0.0 (cmd 0.0),0.0 (cmd 0.0)
0.199,0.24,0.0,0.0,-15.08,0.0,0.0,-15.1,0.2,0.0 (cmd 0.0),0.0 (cmd 0.0)
0.1995,0.14,0.0,0.0,-12.82,0.0,0.0,-12.8,0.1,0.0 (cmd 0.0),0.0 (cmd 0.0)
0.2,-0.56,0.0,0.0,-11.82,0.0,0.0,-11.8,-0.6,0.0 (cmd 0.0),0.0 (cmd 0.0)
0.2005,-1.21,0.0,0.0,-11.2,0.0,0.0,-11.2,-1.2,0.0 (cmd 0.0),0.0 (cmd 0.0)
0.201,-7.75,0.0,0.0,-8.15,0.0,0.0,-8.2,-7.8,0.0 (cmd 0.0),0.0 (cmd 0.0)
0.2015,-16.08,0.0,0.0,-7.17,0.0,0.0,-7.2,-16.1,0.0 (cmd 0.0),0.0 (cmd 0.0)
0.202,-18.19,0.0,0.0,-5.7,0.0,0.0,-5.7,-18.2,0.0 (cmd 0.0),0.0 (cmd 0.0)
0.2025,-21.53,0.0,0.0,-1.86,0.0,0.0,-1.9,-21.5,0.0 (cmd 0.0),0.0 (cmd 0.0)
0.203,-20.73,0.0,0.0,0.09,0.0,0.0,0.1,-20.7,0.0 (cmd 0.0),0.0 (cmd 0.0)
0.2035,-17.49,0.0,0.0,6.84,0.0,0.0,6.8,-17.5,0.0 (cmd 0.0),0.0 (cmd 0.0)
0.204,-14.69,0.0,0.0,8.21,0.0,0.0,8.2,-14.7,0.0 (cmd 0.0),0.0 (cmd 0.0)
0.2045,-14.69,0.0,0.0,6.43,0.0,0.0,6.4,-14.7,0.0 (cmd 0.0),0.0 (cmd 0.0)
0.205,-13.69,0.0,0.0,0.25,0.0,0.0,0.2,-13.7,0.0 (cmd 0.0),0.0 (cmd 0.0)
0.2055,-10.64,0.0,0.0,-6.43,0.0,0.0,-6.4,-10.6,0.0 (cmd 0.0),0.0 (cmd 0.0)
0.206,-8.89,0.0,0.0,-13.76,0.0,0.0,-13.8,-8.9,0.0 (cmd 0.0),0.0 (cmd 0.0)
0.2065,-6.81,0.0,0.0,-19.26,0.0,0.0,-19.3,-6.8,0.0 (cmd 0.0),0.0 (cmd 0.0)
0.207,-5.01,0.0,0.0,-21.31,0.0,0.0,-21.3,-5.0,0.0 (cmd 0.0),0.0 (cmd 0.0)
0.2075,-3.29,0.0,0.0,-23.52,0.0,0.0,-23.5,-3.3,0.0 (cmd 0.0),0.0 (cmd 0.0)
0.208,-1.65,0.0,0.0,-24.05,0.0,0.0,-24.1,-1.6,0.0 (cmd 0.0),0.0 (cmd 0.0)
0.2085,2.19,0.0,0.0,-22.98,0.0,0.0,-23.0,2.2,0.0 (cmd 0.0),0.0 (cmd 0.0)
0.209,4.11,0.0,0.0,-20.88,0.0,0.0,-20.9,4.1,0.0 (cmd 0.0),0.0 (cmd 0.0)
0.2095,6.26,0.0,0.0,-15.5,0.0,0.0,-15.5,6.3,0.0 (cmd 0.0),0.0 (cmd 0.0)
0.21,7.29,0.0,0.0,-17.14,0.0,0.0,-17.1,7.3,0.0 (cmd 0.0),0.0 (cmd 0.0)
0.2105,5.91,0.0,0.0,-17.03,0.0,0.0,-17.0,5.9,0.0 (cmd 0.0),0.0 (cmd 0.0)
0.211,-1.16,0.0,0.0,-17.6,0.0,0.0,-17.6,-1.2,0.0 (cmd 0.0),0.0 (cmd 0.0)
0.2115,-8.18,0.0,0.0,-16.62,0.0,0.0,-16.6,-8.2,0.0 (cmd 0.0),0.0 (cmd 0.0)
0.212,-15.26,0.0,0.0,-14.76,0.0,0.0,-14.8,-15.3,0.0 (cmd 0.0),0.0 (cmd 0.0)
0.2125,-20.5,0.0,0.0,-9.81,0.0,0.0,-9.8,-20.5,0.0 (cmd 0.0),0.0 (cmd 0.0)
0.213,-23.27,0.0,0.0,-5.17,0.0,0.0,-5.2,-23.3,0.0 (cmd 0.0),0.0 (cmd 0.0)
0.2135,-26.16,0.0,0.0,-4.11,0.0,0.0,-4.1,-26.2,0.0 (cmd 0.0),0.0 (cmd 0.0)
0.214,-26.44,0.0,0.0,-3.67,0.0,0.0,-3.7,-26.4,0.0 (cmd 0.0),0.0 (cmd 0.0)
0.2145,-25.67,0.0,0.0,-3.19,0.0,0.0,-3.2,-25.7,0.0 (cmd 0.0),0.0 (cmd 0.0)
0.215,-23.18,0.0,0.0,-2.61,0.0,0.0,-2.6,-23.2,0.0 (cmd 0.0),0.0 (cmd 0.0)
0.2155,-20.26,0.0,0.0,-2.21,0.0,0.0,-2.2,-20.3,0.0 (cmd 0.0),0.0 (cmd 0.0)
0.216,-17.37,0.0,0.0,-2.0,0.0,0.0,-2.0,-17.4,0.0 (cmd 0.0),0.0 (cmd 0.0)
0.2165,-15.93,0.0,0.0,-1.97,0.0,0.0,-2.0,-15.9,0.0 (cmd 0.0),0.0 (cmd 0.0)
0.217,-15.4,0.0,0.0,-2.1,0.0,0.0,-2.1,-15.4,0.0 (cmd 0.0),0.0 (cmd 0.0)
0.2175,-14.67,0.0,0.0,-4.15,0.0,0.0,-4.2,-14.7,0.0 (cmd 0.0),0.0 (cmd 0.0)
0.218,-13.31,0.0,0.0,-10.21,0.0,0.0,-10.2,-13.3,0.0 (cmd 0.0),0.0 (cmd 0.0)
0.2185,-12.36,0.0,0.0,-18.33,0.0,0.0,-18.3,-12.4,0.0 (cmd 0.0),0.0 (cmd 0.0)
0.219,-11.04,0.0,0.0,-22.04,0.0,0.0,-22.0,-11.0,0.0 (cmd 0.0),0.0 (cmd 0.0)
0.2195,-9.19,0.0,0.0,-24.3,0.0,0.0,-24.3,-9.2,0.0 (cmd 0.0),0.0 (cmd 0.0)
0.22,-7.82,0.0,0.0,-25.83,0.0,0.0,-25.8,-7.8,0.0 (cmd 0.0),0.0 (cmd 0.0)
0.2205,-7.06,0.0,0.0,-26.08,0.0,0.0,-26.1,-7.1,0.0 (cmd 0.0),0.0 (cmd 0.0)
0.221,-6.78,0.0,0.0,-25.49,0.0,0.0,-25.5,-6.8,0.0 (cmd 0.0),0.0 (cmd 0.0)
0.2215,-6.57,0.0,0.0,-24.2,0.0,0.0,-24.2,-6.6,0.0 (cmd 0.0),0.0 (cmd 0.0)
0.222,-5.94,0.0,0.0,-22.6,0.0,0.0,-22.6,-5.9,0.0 (cmd 0.0),0.0 (cmd 0.0)
0.2225,-4.73,0.0,0.0,-21.17,0.0,0.0,-21.2,-4.7,0.0 (cmd 0.0),0.0 (cmd 0.0)
0.223,-3.85,0.0,0.0,-20.55,0.0,0.0,-20.6,-3.9,0.0 (cmd 0.0),0.0 (cmd 0.0)
0.2235,-3.18,0.0,0.0,-18.27,0.0,0.0,-18.3,-3.2,0.0 (cmd 0.0),0.0 (cmd 0.0)
0.224,-1.92,0.0,0.0,-15.56,0.0,0.0,-15.6,-1.9,0.0 (cmd 0.0),0.0 (cmd 0.0)
0.2245,-1.73,0.0,0.0,-13.2,0.0,0.0,-13.2,-1.7,0.0 (cmd 0.0),0.0 (cmd 0.0)
0.225,-1.76,0.0,0.0,-10.15,0.0,0.0,-10.2,-1.8,0.0 (cmd 0.0),0.0 (cmd 0.0)
0.2255,-5.07,0.0,0.0,-6.55,0.0,0.0,-6.5,-5.1,0.0 (cmd 0.0),0.0 (cmd 0.0)
0.226,-7.58,0.0,0.0,-5.7,0.0,0.0,-5.7,-7.6,0.0 (cmd 0.0),0.0 (cmd 0.0)
0.2265,-11.29,0.0,0.0,-3.75,0.0,0.0,-3.8,-11.3,0.0 (cmd 0.0),0.0 (cmd 0.0)
0.227,-12.31,0.0,0.0,-1.28,0.0,0.0,-1.3,-12.3,0.0 (cmd 0.0),0.0 (cmd 0.0)
0.2275,-12.69,0.0,0.0,-0.47,0.0,0.0,-0.5,-12.7,0.0 (cmd 0.0),0.0 (cmd 0.0)
0.228,-13.15,0.0,0.0,-0.71,0.0,0.0,-0.7,-13.2,0.0 (cmd 0.0),0.0 (cmd 0.0)
0.2285,-13.0,0.0,0.0,-0.46,0.0,0.0,-0.5,-13.0,0.0 (cmd 0.0),0.0 (cmd 0.0)
0.229,-11.48,0.0,0.0,0.48,0.0,0.0,0.5,-11.5,0.0 (cmd 0.0),0.0 (cmd 0.0)
0.2295,-10.37,0.0,0.0,1.38,0.0,0.0,1.4,-10.4,0.0 (cmd 0.0),0.0 (cmd 0.0)
0.23,-7.47,0.0,0.0,1.9,0.0,0.0,1.9,-7.5,0.0 (cmd 0.0),0.0 (cmd 0.0)
0.2305,-6.21,0.0,0.0,2.14,0.0,0.0,2.1,-6.2,0.0 (cmd 0.0),0.0 (cmd 0.0)
0.231,-5.01,0.0,0.0,2.22,0.0,0.0,2.2,-5.0,0.0 (cmd 0.0),0.0 (cmd 0.0)
0.2315,-3.71,0.0,0.0,2.37,0.0,0.0,2.4,-3.7,0.0 (cmd 0.0),0.0 (cmd 0.0)
0.232,-2.59,0.0,0.0,2.45,0.0,0.0,2.5,-2.6,0.0 (cmd 0.0),0.0 (cmd 0.0)
0.2325,-0.55,0.0,0.0,1.9,0.0,0.0,1.9,-0.6,0.0 (cmd 0.0),0.0 (cmd 0.0)
0.233,-0.07,0.0,0.0,0.71,0.0,0.0,0.7,-0.1,0.0 (cmd 0.0),0.0 (cmd 0.0)
0.2335,0.0,0.0,0.0,-1.27,0.0,0.0,-1.3,0.0,0.0 (cmd 0.0),0.0 (cmd 0.0)
0.234,0.11,0.0,0.0,-3.44,0.0,0.0,-3.4,0.1,0.0 (cmd 0.0),0.0 (cmd 0.0)
0.2345,2.08,0.0,0.0,-8.66,0.0,0.0,-8.7,2.1,0.0 (cmd 0.0),0.0 (cmd 0.0)
0.235,3.29,0.0,0.0,-13.24,0.0,0.0,-13.2,3.3,0.0 (cmd 0.0),0.0 (cmd 0.0)
0.2355,3.41,0.0,0.0,-15.93,0.0,0.0,-15.9,3.4,0.0 (cmd 0.0),0.0 (cmd 0.0)
0.236,2.79,0.0,0.0,-16.86,0.0,0.0,-16.9,2.8,0.0 (cmd 0.0),0.0 (cmd 0.0)
0.2365,2.5,0.0,0.0,-18.21,0.0,0.0,-18.2,2.5,0.0 (cmd 0.0),0.0 (cmd 0.0)
0.237,2.7,0.0,0.0,-19.09,0.0,0.0,-19.1,2.7,0.0 (cmd 0.0),0.0 (cmd 0.0)
0.2375,3.12,0.0,0.0,-20.7,0.0,0.0,-20.7,3.1,0.0 (cmd 0.0),0.0 (cmd 0.0)
0.238,4.83,0.0,0.0,-22.09,0.0,0.0,-22.1,4.8,0.0 (cmd 0.0),0.0 (cmd 0.0)
0.2385,5.13,0.0,0.0,-20.66,0.0,0.0,-20.7,5.1,0.0 (cmd 0.0),0.0 (cmd 0.0)
0.239,5.45,0.0,0.0,-18.97,0.0,0.0,-19.0,5.5,0.0 (cmd 0.0),0.0 (cmd 0.0)
0.2395,5.64,0.0,0.0,-17.59,0.0,0.0,-17.6,5.6,0.0 (cmd 0.0),0.0 (cmd 0.0)
0.24,5.75,0.0,0.0,-16.22,0.0,0.0,-16.2,5.8,0.0 (cmd 0.0),0.0 (cmd 0.0)
0.2405,5.47,0.0,0.0,-12.81,0.0,0.0,-12.8,5.5,0.0 (cmd 0.0),0.0 (cmd 0.0)
0.241,3.62,0.0,0.0,-10.78,0.0,0.0,-10.8,3.6,0.0 (cmd 0.0),0.0 (cmd 0.0)
0.2415,0.72,0.0,0.0,-9.12,0.0,0.0,-9.1,0.7,0.0 (cmd 0.0),0.0 (cmd 0.0)
0.242,-4.43,0.0,0.0,-6.05,0.0,0.0,-6.0,-4.4,0.0 (cmd 0.0),0.0 (cmd 0.0)
0.2425,-6.56,0.0,0.0,-4.75,0.0,0.0,-4.8,-6.6,0.0 (cmd 0.0),0.0 (cmd 0.0)
0.243,-14.18,0.0,0.0,-4.3,0.0,0.0,-4.3,-14.2,0.0 (cmd 0.0),0.0 (cmd 0.0)
0.2435,-17.15,0.0,0.0,-2.52,0.0,0.0,-2.5,-17.1,0.0 (cmd 0.0),0.0 (cmd 0.0)
0.244,-19.28,0.0,0.0,-2.33,0.0,0.0,-2.3,-19.3,0.0 (cmd 0.0),0.0 (cmd 0.0)
0.2445,-20.77,0.0,0.0,-2.08,0.0,0.0,-2.1,-20.8,0.0 (cmd 0.0),0.0 (cmd 0.0)
0.245,-20.93,0.0,0.0,-1.63,0.0,0.0,-1.6,-20.9,0.0 (cmd 0.0),0.0 (cmd 0.0)
0.2455,-20.48,0.0,0.0,-1.27,0.0,0.0,-1.3,-20.5,0.0 (cmd 0.0),0.0 (cmd 0.0)
0.246,-18.54,0.0,0.0,-0.6,0.0,0.0,-0.6,-18.5,0.0 (cmd 0.0),0.0 (cmd 0.0)
0.2465,-14.11,0.0,0.0,-0.09,0.0,0.0,-0.1,-14.1,0.0 (cmd 0.0),0.0 (cmd 0.0)
0.247,-10.85,0.0,0.0,0.82,0.0,0.0,0.8,-10.8,0.0 (cmd 0.0),0.0 (cmd 0.0)
0.2475,-9.72,0.0,0.0,1.08,0.0,0.0,1.1,-9.7,0.0 (cmd 0.0),0.0 (cmd 0.0)
0.248,-8.97,0.0,0.0,1.21,0.0,0.0,1.2,-9.0,0.0 (cmd 0.0),0.0 (cmd 0.0)
0.2485,-7.64,0.0,0.0,-1.44,0.0,0.0,-1.4,-7.6,0.0 (cmd 0.0),0.0 (cmd 0.0)
0.249,-6.71,0.0,0.0,-3.73,0.0,0.0,-3.7,-6.7,0.0 (cmd 0.0),0.0 (cmd 0.0)
0.2495,-5.39,0.0,0.0,-5.81,0.0,0.0,-5.8,-5.4,0.0 (cmd 0.0),0.0 (cmd 0.0)
0.25,-2.71,0.0,0.0,-16.88,0.0,0.0,-16.9,-2.7,0.0 (cmd 0.0),0.0 (cmd 0.0)
0.2505,0.38,0.0,0.0,-23.91,0.0,0.0,-23.9,0.4,0.0 (cmd 0.0),0.0 (cmd 0.0)
0.251,1.16,0.0,0.0,-25.16,0.0,0.0,-25.2,1.2,0.0 (cmd 0.0),0.0 (cmd 0.0)
0.2515,1.05,0.0,0.0,-27.17,0.0,0.0,-27.2,1.1,0.0 (cmd 0.0),0.0 (cmd 0.0)
0.252,0.83,0.0,0.0,-26.77,0.0,0.0,-26.8,0.8,0.0 (cmd 0.0),0.0 (cmd 0.0)
0.2525,2.26,0.0,0.0,-24.75,0.0,0.0,-24.8,2.3,0.0 (cmd 0.0),0.0 (cmd 0.0)
0.253,3.35,0.0,0.0,-23.32,0.0,0.0,-23.3,3.4,0.0 (cmd 0.0),0.0 (cmd 0.0)
0.2535,4.19,0.0,0.0,-15.67,0.0,0.0,-15.7,4.2,0.0 (cmd 0.0),0.0 (cmd 0.0)
0.254,4.4,0.0,0.0,-15.06,0.0,0.0,-15.1,4.4,0.0 (cmd 0.0),0.0 (cmd 0.0)
0.2545,4.14,0.0,0.0,-13.32,0.0,0.0,-13.3,4.1,0.0 (cmd 0.0),0.0 (cmd 0.0)
0.255,3.18,0.0,0.0,-13.01,0.0,0.0,-13.0,3.2,0.0 (cmd 0.0),0.0 (cmd 0.0)
0.2555,0.87,0.0,0.0,-12.88,0.0,0.0,-12.9,0.9,0.0 (cmd 0.0),0.0 (cmd 0.0)
0.256,-1.7,0.0,0.0,-11.64,0.0,0.0,-11.6,-1.7,0.0 (cmd 0.0),0.0 (cmd 0.0)
0.2565,-4.06,0.0,0.0,-6.69,0.0,0.0,-6.7,-4.1,0.0 (cmd 0.0),0.0 (cmd 0.0)
0.257,-7.39,0.0,0.0,-5.38,0.0,0.0,-5.4,-7.4,0.0 (cmd 0.0),0.0 (cmd 0.0)
0.2575,-11.24,0.0,0.0,-5.08,0.0,0.0,-5.1,-11.2,0.0 (cmd 0.0),0.0 (cmd 0.0)
0.258,-14.72,0.0,0.0,-4.06,0.0,0.0,-4.1,-14.7,0.0 (cmd 0.0),0.0 (cmd 0.0)
0.2585,-15.85,0.0,0.0,-3.84,0.0,0.0,-3.8,-15.8,0.0 (cmd 0.0),0.0 (cmd 0.0)
0.259,-15.52,0.0,0.0,-3.63,0.0,0.0,-3.6,-15.5,0.0 (cmd 0.0),0.0 (cmd 0.0)
0.2595,-14.38,0.0,0.0,-3.45,0.0,0.0,-3.5,-14.4,0.0 (cmd 0.0),0.0 (cmd 0.0)
0.26,-11.89,0.0,0.0,-3.45,0.0,0.0,-3.5,-11.9,0.0 (cmd 0.0),0.0 (cmd 0.0)
0.2605,-9.4,0.0,0.0,-3.5,0.0,0.0,-3.5,-9.4,0.0 (cmd 0.0),0.0 (cmd 0.0)
0.261,-8.57,0.0,0.0,-3.51,0.0,0.0,-3.5,-8.6,0.0 (cmd 0.0),0.0 (cmd 0.0)
0.2615,-9.08,0.0,0.0,-3.47,0.0,0.0,-3.5,-9.1,0.0 (cmd 0.0),0.0 (cmd 0.0)
0.262,-9.65,0.0,0.0,-3.45,0.0,0.0,-3.5,-9.7,0.0 (cmd 0.0),0.0 (cmd 0.0)
0.2625,-10.6,0.0,0.0,-3.36,0.0,0.0,-3.4,-10.6,0.0 (cmd 0.0),0.0 (cmd 0.0)
0.263,-11.15,0.0,0.0,-3.28,0.0,0.0,-3.3,-11.2,0.0 (cmd 0.0),0.0 (cmd 0.0)
0.2635,-11.76,0.0,0.0,-3.19,0.0,0.0,-3.2,-11.8,0.0 (cmd 0.0),0.0 (cmd 0.0)
0.264,-12.24,0.0,0.0,-3.01,0.0,0.0,-3.0,-12.2,0.0 (cmd 0.0),0.0 (cmd 0.0)
0.2645,-12.37,0.0,0.0,-2.79,0.0,0.0,-2.8,-12.4,0.0 (cmd 0.0),0.0 (cmd 0.0)
0.265,-12.32,0.0,0.0,-2.64,0.0,0.0,-2.6,-12.3,0.0 (cmd 0.0),0.0 (cmd 0.0)
0.2655,-12.21,0.0,0.0,-2.63,0.0,0.0,-2.6,-12.2,0.0 (cmd 0.0),0.0 (cmd 0.0)
0.266,-12.06,0.0,0.0,-2.61,0.0,0.0,-2.6,-12.1,0.0 (cmd 0.0),0.0 (cmd 0.0)
0.2665,-11.85,0.0,0.0,-2.58,0.0,0.0,-2.6,-11.8,0.0 (cmd 0.0),0.0 (cmd 0.0)
0.267,-11.71,0.0,0.0,-2.53,0.0,0.0,-2.5,-11.7,0.0 (cmd 0.0),0.0 (cmd 0.0)
0.2675,-11.58,0.0,0.0,-2.41,0.0,0.0,-2.4,-11.6,0.0 (cmd 0.0),0.0 (cmd 0.0)
0.268,-11.47,0.0,0.0,-2.19,0.0,0.0,-2.2,-11.5,0.0 (cmd 0.0),0.0 (cmd 0.0)
0.2685,-11.36,0.0,0.0,-2.1,0.0,0.0,-2.1,-11.4,0.0 (cmd 0.0),0.0 (cmd 0.0)
0.269,-11.27,0.0,0.0,-2.06,0.0,0.0,-2.1,-11.3,0.0 (cmd 0.0),0.0 (cmd 0.0)
0.2695,-11.17,0.0,0.0,-2.11,0.0,0.0,-2.1,-11.2,0.0 (cmd 0.0),0.0 (cmd 0.0)
0.27,-10.74,0.0,0.0,-2.07,0.0,0.0,-2.1,-10.7,0.0 (cmd 0.0),0.0 (cmd 0.0)
0.2705,-10.57,0.0,0.0,-1.94,0.0,0.0,-1.9,-10.6,0.0 (cmd 0.0),0.0 (cmd 0.0)
0.271,-11.32,0.0,0.0,-1.91,0.0,0.0,-1.9,-11.3,0.0 (cmd 0.0),0.0 (cmd 0.0)
0.2715,-12.58,0.0,0.0,-2.07,0.0,0.0,-2.1,-12.6,0.0 (cmd 0.0),0.0 (cmd 0.0)
0.272,-13.71,0.0,0.0,-2.28,0.0,0.0,-2.3,-13.7,0.0 (cmd 0.0),0.0 (cmd 0.0)
0.2725,-14.48,0.0,0.0,-2.55,0.0,0.0,-2.5,-14.5,0.0 (cmd 0.0),0.0 (cmd 0.0)
0.273,-15.41,0.0,0.0,-3.0,0.0,0.0,-3.0,-15.4,0.0 (cmd 0.0),0.0 (cmd 0.0)
0.2735,-18.92,0.0,0.0,-3.49,0.0,0.0,-3.5,-18.9,0.0 (cmd 0.0),0.0 (cmd 0.0)
0.274,-20.89,0.0,0.0,-3.59,0.0,0.0,-3.6,-20.9,0.0 (cmd 0.0),0.0 (cmd 0.0)
0.2745,-21.76,0.0,0.0,-3.58,0.0,0.0,-3.6,-21.8,0.0 (cmd 0.0),0.0 (cmd 0.0)
0.275,-21.17,0.0,0.0,-3.5,0.0,0.0,-3.5,-21.2,0.0 (cmd 0.0),0.0 (cmd 0.0)
0.2755,-19.42,0.0,0.0,-3.27,0.0,0.0,-3.3,-19.4,0.0 (cmd 0.0),0.0 (cmd 0.0)
0.276,-17.38,0.0,0.0,-3.16,0.0,0.0,-3.2,-17.4,0.0 (cmd 0.0),0.0 (cmd 0.0)
0.2765,-14.15,0.0,0.0,-3.16,0.0,0.0,-3.2,-14.2,0.0 (cmd 0.0),0.0 (cmd 0.0)
0.277,-10.75,0.0,0.0,-3.18,0.0,0.0,-3.2,-10.8,0.0 (cmd 0.0),0.0 (cmd 0.0)
0.2775,-9.68,0.0,0.0,-3.59,0.0,0.0,-3.6,-9.7,0.0 (cmd 0.0),0.0 (cmd 0.0)
0.278,-10.09,0.0,0.0,-4.08,0.0,0.0,-4.1,-10.1,0.0 (cmd 0.0),0.0 (cmd 0.0)
0.2785,-9.47,0.0,0.0,-4.71,0.0,0.0,-4.7,-9.5,0.0 (cmd 0.0),0.0 (cmd 0.0)
0.279,-8.1,0.0,0.0,-5.95,0.0,0.0,-6.0,-8.1,0.0 (cmd 0.0),0.0 (cmd 0.0)
0.2795,-7.2,0.0,0.0,-6.95,0.0,0.0,-7.0,-7.2,0.0 (cmd 0.0),0.0 (cmd 0.0)
0.28,-5.05,0.0,0.0,-8.89,0.0,0.0,-8.9,-5.0,0.0 (cmd 0.0),0.0 (cmd 0.0)
0.2805,-3.82,0.0,0.0,-12.27,0.0,0.0,-12.3,-3.8,0.0 (cmd 0.0),0.0 (cmd 0.0)
0.281,-2.72,0.0,0.0,-14.4,0.0,0.0,-14.4,-2.7,0.0 (cmd 0.0),0.0 (cmd 0.0)
0.2815,-1.58,0.0,0.0,-15.45,0.0,0.0,-15.4,-1.6,0.0 (cmd 0.0),0.0 (cmd 0.0)
0.282,-0.57,0.0,0.0,-16.57,0.0,0.0,-16.6,-0.6,0.0 (cmd 0.0),0.0 (cmd 0.0)
0.2825,-0.1,0.0,0.0,-17.15,0.0,0.0,-17.1,-0.1,0.0 (cmd 0.0),0.0 (cmd 0.0)
0.283,0.49,0.0,0.0,-17.28,0.0,0.0,-17.3,0.5,0.0 (cmd 0.0),0.0 (cmd 0.0)
0.2835,0.97,0.0,0.0,-16.88,0.0,0.0,-16.9,1.0,0.0 (cmd 0.0),0.0 (cmd 0.0)
0.284,1.39,0.0,0.0,-16.02,0.0,0.0,-16.0,1.4,0.0 (cmd 0.0),0.0 (cmd 0.0)
0.2845,1.83,0.0,0.0,-14.65,0.0,0.0,-14.7,1.8,0.0 (cmd 0.0),0.0 (cmd 0.0)
0.285,1.94,0.0,0.0,-13.96,0.0,0.0,-14.0,1.9,0.0 (cmd 0.0),0.0 (cmd 0.0)
0.2855,0.86,0.0,0.0,-12.56,0.0,0.0,-12.6,0.9,0.0 (cmd 0.0),0.0 (cmd 0.0)
0.286,-2.82,0.0,0.0,-8.81,0.0,0.0,-8.8,-2.8,0.0 (cmd 0.0),0.0 (cmd 0.0)
0.2865,-5.55,0.0,0.0,-7.1,0.0,0.0,-7.1,-5.5,0.0 (cmd 0.0),0.0 (cmd 0.0)
0.287,-7.73,0.0,0.0,-5.15,0.0,0.0,-5.2,-7.7,0.0 (cmd 0.0),0.0 (cmd 0.0)
0.2875,-11.28,0.0,0.0,-4.04,0.0,0.0,-4.0,-11.3,0.0 (cmd 0.0),0.0 (cmd 0.0)
0.288,-13.1,0.0,0.0,-3.77,0.0,0.0,-3.8,-13.1,0.0 (cmd 0.0),0.0 (cmd 0.0)
0.2885,-13.26,0.0,0.0,-3.75,0.0,0.0,-3.8,-13.3,0.0 (cmd 0.0),0.0 (cmd 0.0)
0.289,-12.86,0.0,0.0,-3.63,0.0,0.0,-3.6,-12.9,0.0 (cmd 0.0),0.0 (cmd 0.0)
0.2895,-12.8,0.0,0.0,-3.33,0.0,0.0,-3.3,-12.8,0.0 (cmd 0.0),0.0 (cmd 0.0)
0.29,-12.77,0.0,0.0,-2.91,0.0,0.0,-2.9,-12.8,0.0 (cmd 0.0),0.0 (cmd 0.0)
0.2905,-12.66,0.0,0.0,-2.34,0.0,0.0,-2.3,-12.7,0.0 (cmd 0.0),0.0 (cmd 0.0)
0.291,-12.06,0.0,0.0,-2.16,0.0,0.0,-2.2,-12.1,0.0 (cmd 0.0),0.0 (cmd 0.0)
0.2915,-10.79,0.0,0.0,-2.37,0.0,0.0,-2.4,-10.8,0.0 (cmd 0.0),0.0 (cmd 0.0)
0.292,-9.27,0.0,0.0,-3.33,0.0,0.0,-3.3,-9.3,0.0 (cmd 0.0),0.0 (cmd 0.0)
0.2925,-7.3,0.0,0.0,-4.12,0.0,0.0,-4.1,-7.3,0.0 (cmd 0.0),0.0 (cmd 0.0)
0.293,-6.52,0.0,0.0,-4.84,0.0,0.0,-4.8,-6.5,0.0 (cmd 0.0),0.0 (cmd 0.0)
0.2935,-5.47,0.0,0.0,-5.18,0.0,0.0,-5.2,-5.5,0.0 (cmd 0.0),0.0 (cmd 0.0)
0.294,-5.02,0.0,0.0,-5.99,0.0,0.0,-6.0,-5.0,0.0 (cmd 0.0),0.0 (cmd 0.0)
0.2945,-4.52,0.0,0.0,-6.73,0.0,0.0,-6.7,-4.5,0.0 (cmd 0.0),0.0 (cmd 0.0)
0.295,-4.74,0.0,0.0,-7.56,0.0,0.0,-7.6,-4.7,0.0 (cmd 0.0),0.0 (cmd 0.0)
0.2955,-4.88,0.0,0.0,-8.13,0.0,0.0,-8.1,-4.9,0.0 (cmd 0.0),0.0 (cmd 0.0)
0.296,-4.77,0.0,0.0,-12.14,0.0,0.0,-12.1,-4.8,0.0 (cmd 0.0),0.0 (cmd 0.0)
0.2965,-4.19,0.0,0.0,-14.19,0.0,0.0,-14.2,-4.2,0.0 (cmd 0.0),0.0 (cmd 0.0)
0.297,-4.16,0.0,0.0,-15.02,0.0,0.0,-15.0,-4.2,0.0 (cmd 0.0),0.0 (cmd 0.0)
0.2975,-4.02,0.0,0.0,-14.67,0.0,0.0,-14.7,-4.0,0.0 (cmd 0.0),0.0 (cmd 0.0)
0.298,-3.65,0.0,0.0,-13.95,0.0,0.0,-13.9,-3.6,0.0 (cmd 0.0),0.0 (cmd 0.0)
0.2985,-3.37,0.0,0.0,-13.64,0.0,0.0,-13.6,-3.4,0.0 (cmd 0.0),0.0 (cmd 0.0)
0.299,-3.16,0.0,0.0,-10.44,0.0,0.0,-10.4,-3.2,0.0 (cmd 0.0),0.0 (cmd 0.0)
0.2995,-2.96,0.0,0.0,-7.03,0.0,0.0,-7.0,-3.0,0.0 (cmd 0.0),0.0 (cmd 0.0)
0.3,-3.45,0.0,0.0,-6.3,0.0,0.0,-6.3,-3.5,0.0 (cmd 0.0),0.0 (cmd 0.0)
0.3005,-4.42,0.0,0.0,-5.25,0.0,0.0,-5.2,-4.4,0.0 (cmd 0.0),0.0 (cmd 0.0)
0.301,-10.31,0.0,0.0,-4.15,0.0,0.0,-4.2,-10.3,0.0 (cmd 0.0),0.0 (cmd 0.0)
0.3015,-14.05,0.0,0.0,-2.24,0.0,0.0,-2.2,-14.1,0.0 (cmd 0.0),0.0 (cmd 0.0)
0.302,-16.04,0.0,0.0,-0.59,0.0,0.0,-0.6,-16.0,0.0 (cmd 0.0),0.0 (cmd 0.0)
0.3025,-17.13,0.0,0.0,1.93,0.0,0.0,1.9,-17.1,0.0 (cmd 0.0),0.0 (cmd 0.0)
0.303,-16.28,0.0,0.0,2.88,0.0,0.0,2.9,-16.3,0.0 (cmd 0.0),0.0 (cmd 0.0)
0.3035,-14.3,0.0,0.0,2.29,0.0,0.0,2.3,-14.3,0.0 (cmd 0.0),0.0 (cmd 0.0)
0.304,-12.19,0.0,0.0,1.73,0.0,0.0,1.7,-12.2,0.0 (cmd 0.0),0.0 (cmd 0.0)
0.3045,-10.79,0.0,0.0,1.65,0.0,0.0,1.6,-10.8,0.0 (cmd 0.0),0.0 (cmd 0.0)
0.305,-9.85,0.0,0.0,1.74,0.0,0.0,1.7,-9.8,0.0 (cmd 0.0),0.0 (cmd 0.0)
0.3055,-9.39,0.0,0.0,1.79,0.0,0.0,1.8,-9.4,0.0 (cmd 0.0),0.0 (cmd 0.0)
0.306,-9.1,0.0,0.0,1.7,0.0,0.0,1.7,-9.1,0.0 (cmd 0.0),0.0 (cmd 0.0)
0.3065,-9.09,0.0,0.0,1.78,0.0,0.0,1.8,-9.1,0.0 (cmd 0.0),0.0 (cmd 0.0)
0.307,-9.65,0.0,0.0,1.86,0.0,0.0,1.9,-9.7,0.0 (cmd 0.0),0.0 (cmd 0.0)
0.3075,-11.54,0.0,0.0,1.87,0.0,0.0,1.9,-11.5,0.0 (cmd 0.0),0.0 (cmd 0.0)
0.308,-13.96,0.0,0.0,1.87,0.0,0.0,1.9,-14.0,0.0 (cmd 0.0),0.0 (cmd 0.0)
0.3085,-16.38,0.0,0.0,1.62,0.0,0.0,1.6,-16.4,0.0 (cmd 0.0),0.0 (cmd 0.0)
0.309,-15.61,0.0,0.0,1.47,0.0,0.0,1.5,-15.6,0.0 (cmd 0.0),0.0 (cmd 0.0)
0.3095,-12.6,0.0,0.0,1.28,0.0,0.0,1.3,-12.6,0.0 (cmd 0.0),0.0 (cmd 0.0)
0.31,-6.71,0.0,0.0,0.77,0.0,0.0,0.8,-6.7,0.0 (cmd 0.0),0.0 (cmd 0.0)
0.3105,-2.97,0.0,0.0,0.17,0.0,0.0,0.2,-3.0,0.0 (cmd 0.0),0.0 (cmd 0.0)
0.311,-0.67,0.0,0.0,-0.74,0.0,0.0,-0.7,-0.7,0.0 (cmd 0.0),0.0 (cmd 0.0)
0.3115,1.32,0.0,0.0,-1.36,0.0,0.0,-1.4,1.3,0.0 (cmd 0.0),0.0 (cmd 0.0)
0.312,1.88,0.0,0.0,-3.85,0.0,0.0,-3.9,1.9,0.0 (cmd 0.0),0.0 (cmd 0.0)
0.3125,2.4,0.0,0.0,-4.72,0.0,0.0,-4.7,2.4,0.0 (cmd 0.0),0.0 (cmd 0.0)
0.313,3.54,0.0,0.0,-6.1,0.0,0.0,-6.1,3.5,0.0 (cmd 0.0),0.0 (cmd 0.0)
0.3135,4.8,0.0,0.0,-7.08,0.0,0.0,-7.1,4.8,0.0 (cmd 0.0),0.0 (cmd 0.0)
0.314,5.9,0.0,0.0,-7.66,0.0,0.0,-7.7,5.9,0.0 (cmd 0.0),0.0 (cmd 0.0)
0.3145,6.2,0.0,0.0,-8.81,0.0,0.0,-8.8,6.2,0.0 (cmd 0.0),0.0 (cmd 0.0)
0.315,5.63,0.0,0.0,-9.68,0.0,0.0,-9.7,5.6,0.0 (cmd 0.0),0.0 (cmd 0.0)
0.3155,5.49,0.0,0.0,-10.35,0.0,0.0,-10.3,5.5,0.0 (cmd 0.0),0.0 (cmd 0.0)
0.316,5.37,0.0,0.0,-9.32,0.0,0.0,-9.3,5.4,0.0 (cmd 0.0),0.0 (cmd 0.0)
0.3165,4.78,0.0,0.0,-8.49,0.0,0.0,-8.5,4.8,0.0 (cmd 0.0),0.0 (cmd 0.0)
0.317,4.51,0.0,0.0,-3.03,0.0,0.0,-3.0,4.5,0.0 (cmd 0.0),0.0 (cmd 0.0)
0.3175,4.23,0.0,0.0,-2.5,0.0,0.0,-2.5,4.2,0.0 (cmd 0.0),0.0 (cmd 0.0)
0.318,4.12,0.0,0.0,-2.17,0.0,0.0,-2.2,4.1,0.0 (cmd 0.0),0.0 (cmd 0.0)
0.3185,4.04,0.0,0.0,-2.11,0.0,0.0,-2.1,4.0,0.0 (cmd 0.0),0.0 (cmd 0.0)
0.319,3.96,0.0,0.0,-2.4,0.0,0.0,-2.4,4.0,0.0 (cmd 0.0),0.0 (cmd 0.0)
0.3195,3.97,0.0,0.0,-2.43,0.0,0.0,-2.4,4.0,0.0 (cmd 0.0),0.0 (cmd 0.0)
0.32,3.93,0.0,0.0,-2.41,0.0,0.0,-2.4,3.9,0.0 (cmd 0.0),0.0 (cmd 0.0)
0.3205,3.81,0.0,0.0,-2.48,0.0,0.0,-2.5,3.8,0.0 (cmd 0.0),0.0 (cmd 0.0)
0.321,3.72,0.0,0.0,-2.64,0.0,0.0,-2.6,3.7,0.0 (cmd 0.0),0.0 (cmd 0.0)
0.3215,3.88,0.0,0.0,-2.63,0.0,0.0,-2.6,3.9,0.0 (cmd 0.0),0.0 (cmd 0.0)
0.322,4.06,0.0,0.0,-2.62,0.0,0.0,-2.6,4.1,0.0 (cmd 0.0),0.0 (cmd 0.0)
0.3225,4.15,0.0,0.0,-2.59,0.0,0.0,-2.6,4.2,0.0 (cmd 0.0),0.0 (cmd 0.0)
0.323,4.25,0.0,0.0,-2.51,0.0,0.0,-2.5,4.2,0.0 (cmd 0.0),0.0 (cmd 0.0)
0.3235,4.34,0.0,0.0,-2.4,0.0,0.0,-2.4,4.3,0.0 (cmd 0.0),0.0 (cmd 0.0)
0.324,4.44,0.0,0.0,-1.95,0.0,0.0,-1.9,4.4,0.0 (cmd 0.0),0.0 (cmd 0.0)
0.3245,5.01,0.0,0.0,-1.75,0.0,0.0,-1.8,5.0,0.0 (cmd 0.0),0.0 (cmd 0.0)
0.325,5.27,0.0,0.0,-1.7,0.0,0.0,-1.7,5.3,0.0 (cmd 0.0),0.0 (cmd 0.0)
0.3255,5.19,0.0,0.0,-1.69,0.0,0.0,-1.7,5.2,0.0 (cmd 0.0),0.0 (cmd 0.0)
0.326,5.19,0.0,0.0,-1.51,0.0,0.0,-1.5,5.2,0.0 (cmd 0.0),0.0 (cmd 0.0)
0.3265,5.32,0.0,0.0,-1.45,0.0,0.0,-1.4,5.3,0.0 (cmd 0.0),0.0 (cmd 0.0)
0.327,5.37,0.0,0.0,-1.35,0.0,0.0,-1.4,5.4,0.0 (cmd 0.0),0.0 (cmd 0.0)
0.3275,5.29,0.0,0.0,-1.46,0.0,0.0,-1.5,5.3,0.0 (cmd 0.0),0.0 (cmd 0.0)
0.328,5.6,0.0,0.0,-2.19,0.0,0.0,-2.2,5.6,0.0 (cmd 0.0),0.0 (cmd 0.0)
0.3285,5.89,0.0,0.0,-2.26,0.0,0.0,-2.3,5.9,0.0 (cmd 0.0),0.0 (cmd 0.0)
0.329,5.89,0.0,0.0,-1.72,0.0,0.0,-1.7,5.9,0.0 (cmd 0.0),0.0 (cmd 0.0)
0.3295,4.98,0.0,0.0,-1.96,0.0,0.0,-2.0,5.0,0.0 (cmd 0.0),0.0 (cmd 0.0)
0.33,4.66,0.0,0.0,-2.54,0.0,0.0,-2.5,4.7,0.0 (cmd 0.0),0.0 (cmd 0.0)
0.3305,4.55,0.0,0.0,-2.24,0.0,0.0,-2.2,4.5,0.0 (cmd 0.0),0.0 (cmd 0.0)
0.331,4.45,0.0,0.0,-2.02,0.0,0.0,-2.0,4.5,0.0 (cmd 0.0),0.0 (cmd 0.0)
0.3315,4.36,0.0,0.0,-1.97,0.0,0.0,-2.0,4.4,0.0 (cmd 0.0),0.0 (cmd 0.0)
0.332,4.17,0.0,0.0,-1.95,0.0,0.0,-1.9,4.2,0.0 (cmd 0.0),0.0 (cmd 0.0)
0.3325,4.1,0.0,0.0,-1.88,0.0,0.0,-1.9,4.1,0.0 (cmd 0.0),0.0 (cmd 0.0)
0.333,3.97,0.0,0.0,-1.9,0.0,0.0,-1.9,4.0,0.0 (cmd 0.0),0.0 (cmd 0.0)
0.3335,3.86,0.0,0.0,-1.9,0.0,0.0,-1.9,3.9,0.0 (cmd 0.0),0.0 (cmd 0.0)
0.334,3.93,0.0,0.0,-1.87,0.0,0.0,-1.9,3.9,0.0 (cmd 0.0),0.0 (cmd 0.0)
0.3345,3.84,0.0,0.0,-1.82,0.0,0.0,-1.8,3.8,0.0 (cmd 0.0),0.0 (cmd 0.0)
0.335,3.6,0.0,0.0,-1.74,0.0,0.0,-1.7,3.6,0.0 (cmd 0.0),0.0 (cmd 0.0)
0.3355,3.44,0.0,0.0,-1.72,0.0,0.0,-1.7,3.4,0.0 (cmd 0.0),0.0 (cmd 0.0)
0.336,3.31,0.0,0.0,-1.72,0.0,0.0,-1.7,3.3,0.0 (cmd 0.0),0.0 (cmd 0.0)
0.3365,3.16,0.0,0.0,-1.99,0.0,0.0,-2.0,3.2,0.0 (cmd 0.0),0.0 (cmd 0.0)
0.337,2.99,0.0,0.0,-2.05,0.0,0.0,-2.0,3.0,0.0 (cmd 0.0),0.0 (cmd 0.0)
0.3375,2.79,0.0,0.0,-2.04,0.0,0.0,-2.0,2.8,0.0 (cmd 0.0),0.0 (cmd 0.0)
0.338,2.6,0.0,0.0,-2.06,0.0,0.0,-2.1,2.6,0.0 (cmd 0.0),0.0 (cmd 0.0)
0.3385,2.43,0.0,0.0,-2.07,0.0,0.0,-2.1,2.4,0.0 (cmd 0.0),0.0 (cmd 0.0)
0.339,2.37,0.0,0.0,-2.07,0.0,0.0,-2.1,2.4,0.0 (cmd 0.0),0.0 (cmd 0.0)
0.3395,2.3,0.0,0.0,-2.11,0.0,0.0,-2.1,2.3,0.0 (cmd 0.0),0.0 (cmd 0.0)
0.34,2.29,0.0,0.0,-2.17,0.0,0.0,-2.2,2.3,0.0 (cmd 0.0),0.0 (cmd 0.0)
0.3405,2.3,0.0,0.0,-2.21,0.0,0.0,-2.2,2.3,0.0 (cmd 0.0),0.0 (cmd 0.0)
0.341,2.29,0.0,0.0,-2.26,0.0,0.0,-2.3,2.3,0.0 (cmd 0.0),0.0 (cmd 0.0)
0.3415,2.29,0.0,0.0,-2.34,0.0,0.0,-2.3,2.3,0.0 (cmd 0.0),0.0 (cmd 0.0)
0.342,2.37,0.0,0.0,-2.39,0.0,0.0,-2.4,2.4,0.0 (cmd 0.0),0.0 (cmd 0.0)
0.3425,2.49,0.0,0.0,-2.29,0.0,0.0,-2.3,2.5,0.0 (cmd 0.0),0.0 (cmd 0.0)
0.343,2.72,0.0,0.0,-1.99,0.0,0.0,-2.0,2.7,0.0 (cmd 0.0),0.0 (cmd 0.0)
0.3435,3.02,0.0,0.0,-1.8,0.0,0.0,-1.8,3.0,0.0 (cmd 0.0),0.0 (cmd 0.0)
0.344,3.16,0.0,0.0,-1.81,0.0,0.0,-1.8,3.2,0.0 (cmd 0.0),0.0 (cmd 0.0)
0.3445,3.25,0.0,0.0,-1.96,0.0,0.0,-2.0,3.2,0.0 (cmd 0.0),0.0 (cmd 0.0)
0.345,3.34,0.0,0.0,-2.11,0.0,0.0,-2.1,3.3,0.0 (cmd 0.0),0.0 (cmd 0.0)
0.3455,3.41,0.0,0.0,-2.24,0.0,0.0,-2.2,3.4,0.0 (cmd 0.0),0.0 (cmd 0.0)
0.346,3.42,0.0,0.0,-2.38,0.0,0.0,-2.4,3.4,0.0 (cmd 0.0),0.0 (cmd 0.0)
0.3465,3.42,0.0,0.0,-2.57,0.0,0.0,-2.6,3.4,0.0 (cmd 0.0),0.0 (cmd 0.0)
0.347,3.41,0.0,0.0,-2.69,0.0,0.0,-2.7,3.4,0.0 (cmd 0.0),0.0 (cmd 0.0)
0.3475,3.28,0.0,0.0,-2.85,0.0,0.0,-2.9,3.3,0.0 (cmd 0.0),0.0 (cmd 0.0)
0.348,3.23,0.0,0.0,-2.94,0.0,0.0,-2.9,3.2,0.0 (cmd 0.0),0.0 (cmd 0.0)
0.3485,3.05,0.0,0.0,-3.0,0.0,0.0,-3.0,3.0,0.0 (cmd 0.0),0.0 (cmd 0.0)
0.349,2.91,0.0,0.0,-3.06,0.0,0.0,-3.1,2.9,0.0 (cmd 0.0),0.0 (cmd 0.0)
0.3495,2.82,0.0,0.0,-3.13,0.0,0.0,-3.1,2.8,0.0 (cmd 0.0),0.0 (cmd 0.0)
0.35,2.67,0.0,0.0,-3.18,0.0,0.0,-3.2,2.7,0.0 (cmd 0.0),0.0 (cmd 0.0)
0.3505,2.54,0.0,0.0,-3.29,0.0,0.0,-3.3,2.5,0.0 (cmd 0.0),0.0 (cmd 0.0)
0.351,2.38,0.0,0.0,-3.33,0.0,0.0,-3.3,2.4,0.0 (cmd 0.0),0.0 (cmd 0.0)
0.3515,2.25,0.0,0.0,-3.56,0.0,0.0,-3.6,2.2,0.0 (cmd 0.0),0.0 (cmd 0.0)
0.352,2.17,0.0,0.0,-3.66,0.0,0.0,-3.7,2.2,0.0 (cmd 0.0),0.0 (cmd 0.0)
0.3525,2.11,0.0,0.0,-3.67,0.0,0.0,-3.7,2.1,0.0 (cmd 0.0),0.0 (cmd 0.0)
0.353,2.14,0.0,0.0,-3.62,0.0,0.0,-3.6,2.1,0.0 (cmd 0.0),0.0 (cmd 0.0)
0.3535,2.16,0.0,0.0,-3.61,0.0,0.0,-3.6,2.2,0.0 (cmd 0.0),0.0 (cmd 0.0)
0.354,2.1,0.0,0.0,-3.66,0.0,0.0,-3.7,2.1,0.0 (cmd 0.0),0.0 (cmd 0.0)
0.3545,1.92,0.0,0.0,-3.74,0.0,0.0,-3.7,1.9,0.0 (cmd 0.0),0.0 (cmd 0.0)
0.355,1.77,0.0,0.0,-3.78,0.0,0.0,-3.8,1.8,0.0 (cmd 0.0),0.0 (cmd 0.0)
0.3555,1.67,0.0,0.0,-3.94,0.0,0.0,-3.9,1.7,0.0 (cmd 0.0),0.0 (cmd 0.0)
0.356,1.65,0.0,0.0,-4.0,0.0,0.0,-4.0,1.6,0.0 (cmd 0.0),0.0 (cmd 0.0)
0.3565,1.61,0.0,0.0,-4.03,0.0,0.0,-4.0,1.6,0.0 (cmd 0.0),0.0 (cmd 0.0)
0.357,1.6,0.0,0.0,-4.08,0.0,0.0,-4.1,1.6,0.0 (cmd 0.0),0.0 (cmd 0.0)
0.3575,1.59,0.0,0.0,-4.11,0.0,0.0,-4.1,1.6,0.0 (cmd 0.0),0.0 (cmd 0.0)
0.358,1.51,0.0,0.0,-4.17,0.0,0.0,-4.2,1.5,0.0 (cmd 0.0),0.0 (cmd 0.0)
0.3585,1.4,0.0,0.0,-4.2,0.0,0.0,-4.2,1.4,0.0 (cmd 0.0),0.0 (cmd 0.0)
0.359,1.23,0.0,0.0,-4.38,0.0,0.0,-4.4,1.2,0.0 (cmd 0.0),0.0 (cmd 0.0)
0.3595,1.1,0.0,0.0,-4.42,0.0,0.0,-4.4,1.1,0.0 (cmd 0.0),0.0 (cmd 0.0)
0.36,1.02,0.0,0.0,-4.54,0.0,0.0,-4.5,1.0,0.0 (cmd 0.0),0.0 (cmd 0.0)
0.3605,0.68,0.0,0.0,-4.64,0.0,0.0,-4.6,0.7,0.0 (cmd 0.0),0.0 (cmd 0.0)
0.361,0.7,0.0,0.0,-4.69,0.0,0.0,-4.7,0.7,0.0 (cmd 0.0),0.0 (cmd 0.0)
0.3615,0.68,0.0,0.0,-4.72,0.0,0.0,-4.7,0.7,0.0 (cmd 0.0),0.0 (cmd 0.0)
0.362,0.66,0.0,0.0,-4.78,0.0,0.0,-4.8,0.7,0.0 (cmd 0.0),0.0 (cmd 0.0)
0.3625,0.68,0.0,0.0,-4.8,0.0,0.0,-4.8,0.7,0.0 (cmd 0.0),0.0 (cmd 0.0)
0.363,0.62,0.0,0.0,-4.8,0.0,0.0,-4.8,0.6,0.0 (cmd 0.0),0.0 (cmd 0.0)
0.3635,0.69,0.0,0.0,-4.89,0.0,0.0,-4.9,0.7,0.0 (cmd 0.0),0.0 (cmd 0.0)
0.364,0.84,0.0,0.0,-4.9,0.0,0.0,-4.9,0.8,0.0 (cmd 0.0),0.0 (cmd 0.0)
0.3645,1.15,0.0,0.0,-4.92,0.0,0.0,-4.9,1.1,0.0 (cmd 0.0),0.0 (cmd 0.0)
0.365,1.37,0.0,0.0,-4.92,0.0,0.0,-4.9,1.4,0.0 (cmd 0.0),0.0 (cmd 0.0)
0.3655,1.45,0.0,0.0,-4.92,0.0,0.0,-4.9,1.4,0.0 (cmd 0.0),0.0 (cmd 0.0)
0.366,1.48,0.0,0.0,-4.84,0.0,0.0,-4.8,1.5,0.0 (cmd 0.0),0.0 (cmd 0.0)
0.3665,1.48,0.0,0.0,-4.79,0.0,0.0,-4.8,1.5,0.0 (cmd 0.0),0.0 (cmd 0.0)
0.367,1.49,0.0,0.0,-4.77,0.0,0.0,-4.8,1.5,0.0 (cmd 0.0),0.0 (cmd 0.0)
0.3675,1.51,0.0,0.0,-4.74,0.0,0.0,-4.7,1.5,0.0 (cmd 0.0),0.0 (cmd 0.0)
0.368,1.55,0.0,0.0,-4.7,0.0,0.0,-4.7,1.6,0.0 (cmd 0.0),0.0 (cmd 0.0)
0.3685,1.57,0.0,0.0,-4.69,0.0,0.0,-4.7,1.6,0.0 (cmd 0.0),0.0 (cmd 0.0)
0.369,1.57,0.0,0.0,-4.64,0.0,0.0,-4.6,1.6,0.0 (cmd 0.0),0.0 (cmd 0.0)
0.3695,1.5,0.0,0.0,-4.64,0.0,0.0,-4.6,1.5,0.0 (cmd 0.0),0.0 (cmd 0.0)
0.37,1.39,0.0,0.0,-4.61,0.0,0.0,-4.6,1.4,0.0 (cmd 0.0),0.0 (cmd 0.0)
0.3705,1.22,0.0,0.0,-4.58,0.0,0.0,-4.6,1.2,0.0 (cmd 0.0),0.0 (cmd 0.0)
0.371,1.06,0.0,0.0,-4.58,0.0,0.0,-4.6,1.1,0.0 (cmd 0.0),0.0 (cmd 0.0)
0.3715,0.88,0.0,0.0,-4.57,0.0,0.0,-4.6,0.9,0.0 (cmd 0.0),0.0 (cmd 0.0)
0.372,0.76,0.0,0.0,-4.57,0.0,0.0,-4.6,0.8,0.0 (cmd 0.0),0.0 (cmd 0.0)
0.3725,0.78,0.0,0.0,-4.55,0.0,0.0,-4.5,0.8,0.0 (cmd 0.0),0.0 (cmd 0.0)
0.373,0.78,0.0,0.0,-4.51,0.0,0.0,-4.5,0.8,0.0 (cmd 0.0),0.0 (cmd 0.0)
0.3735,0.71,0.0,0.0,-4.45,0.0,0.0,-4.5,0.7,0.0 (cmd 0.0),0.0 (cmd 0.0)
0.374,0.67,0.0,0.0,-4.41,0.0,0.0,-4.4,0.7,0.0 (cmd 0.0),0.0 (cmd 0.0)
0.3745,0.65,0.0,0.0,-4.4,0.0,0.0,-4.4,0.7,0.0 (cmd 0.0),0.0 (cmd 0.0)
0.375,0.65,0.0,0.0,-4.43,0.0,0.0,-4.4,0.7,0.0 (cmd 0.0),0.0 (cmd 0.0)
0.3755,0.65,0.0,0.0,-4.47,0.0,0.0,-4.5,0.7,0.0 (cmd 0.0),0.0 (cmd 0.0)
0.376,0.67,0.0,0.0,-4.52,0.0,0.0,-4.5,0.7,0.0 (cmd 0.0),0.0 (cmd 0.0)
0.3765,0.7,0.0,0.0,-4.58,0.0,0.0,-4.6,0.7,0.0 (cmd 0.0),0.0 (cmd 0.0)
0.377,0.71,0.0,0.0,-4.59,0.0,0.0,-4.6,0.7,0.0 (cmd 0.0),0.0 (cmd 0.0)
0.3775,0.73,0.0,0.0,-4.61,0.0,0.0,-4.6,0.7,0.0 (cmd 0.0),0.0 (cmd 0.0)
0.378,0.79,0.0,0.0,-4.66,0.0,0.0,-4.7,0.8,0.0 (cmd 0.0),0.0 (cmd 0.0)
0.3785,0.83,0.0,0.0,-4.68,0.0,0.0,-4.7,0.8,0.0 (cmd 0.0),0.0 (cmd 0.0)
0.379,1.0,0.0,0.0,-4.7,0.0,0.0,-4.7,1.0,0.0 (cmd 0.0),0.0 (cmd 0.0)
0.3795,1.12,0.0,0.0,-4.72,0.0,0.0,-4.7,1.1,0.0 (cmd 0.0),0.0 (cmd 0.0)
0.38,1.23,0.0,0.0,-4.75,0.0,0.0,-4.8,1.2,0.0 (cmd 0.0),0.0 (cmd 0.0)
0.3805,1.28,0.0,0.0,-4.78,0.0,0.0,-4.8,1.3,0.0 (cmd 0.0),0.0 (cmd 0.0)
0.381,1.32,0.0,0.0,-4.78,0.0,0.0,-4.8,1.3,0.0 (cmd 0.0),0.0 (cmd 0.0)
0.3815,1.41,0.0,0.0,-4.78,0.0,0.0,-4.8,1.4,0.0 (cmd 0.0),0.0 (cmd 0.0)
0.382,1.54,0.0,0.0,-4.78,0.0,0.0,-4.8,1.5,0.0 (cmd 0.0),0.0 (cmd 0.0)
0.3825,1.61,0.0,0.0,-4.75,0.0,0.0,-4.8,1.6,0.0 (cmd 0.0),0.0 (cmd 0.0)
0.383,1.64,0.0,0.0,-4.74,0.0,0.0,-4.7,1.6,0.0 (cmd 0.0),0.0 (cmd 0.0)
0.3835,1.67,0.0,0.0,-4.64,0.0,0.0,-4.6,1.7,0.0 (cmd 0.0),0.0 (cmd 0.0)
0.384,1.7,0.0,0.0,-4.54,0.0,0.0,-4.5,1.7,0.0 (cmd 0.0),0.0 (cmd 0.0)
0.3845,1.75,0.0,0.0,-4.5,0.0,0.0,-4.5,1.8,0.0 (cmd 0.0),0.0 (cmd 0.0)
0.385,1.79,0.0,0.0,-4.49,0.0,0.0,-4.5,1.8,0.0 (cmd 0.0),0.0 (cmd 0.0)
0.3855,1.81,0.0,0.0,-4.46,0.0,0.0,-4.5,1.8,0.0 (cmd 0.0),0.0 (cmd 0.0)
0.386,1.83,0.0,0.0,-4.41,0.0,0.0,-4.4,1.8,0.0 (cmd 0.0),0.0 (cmd 0.0)
0.3865,1.83,0.0,0.0,-4.38,0.0,0.0,-4.4,1.8,0.0 (cmd 0.0),0.0 (cmd 0.0)
0.387,1.82,0.0,0.0,-4.31,0.0,0.0,-4.3,1.8,0.0 (cmd 0.0),0.0 (cmd 0.0)
0.3875,1.81,0.0,0.0,-4.22,0.0,0.0,-4.2,1.8,0.0 (cmd 0.0),0.0 (cmd 0.0)
0.388,1.83,0.0,0.0,-4.06,0.0,0.0,-4.1,1.8,0.0 (cmd 0.0),0.0 (cmd 0.0)
0.3885,1.85,0.0,0.0,-4.02,0.0,0.0,-4.0,1.9,0.0 (cmd 0.0),0.0 (cmd 0.0)
0.389,1.85,0.0,0.0,-4.1,0.0,0.0,-4.1,1.9,0.0 (cmd 0.0),0.0 (cmd 0.0)
0.3895,1.84,0.0,0.0,-4.21,0.0,0.0,-4.2,1.8,0.0 (cmd 0.0),0.0 (cmd 0.0)
0.39,1.79,0.0,0.0,-4.17,0.0,0.0,-4.2,1.8,0.0 (cmd 0.0),0.0 (cmd 0.0)
0.3905,1.76,0.0,0.0,-4.16,0.0,0.0,-4.2,1.8,0.0 (cmd 0.0),0.0 (cmd 0.0)
0.391,1.75,0.0,0.0,-4.16,0.0,0.0,-4.2,1.8,0.0 (cmd 0.0),0.0 (cmd 0.0)
0.3915,1.78,0.0,0.0,-4.16,0.0,0.0,-4.2,1.8,0.0 (cmd 0.0),0.0 (cmd 0.0)
0.392,1.84,0.0,0.0,-4.14,0.0,0.0,-4.1,1.8,0.0 (cmd 0.0),0.0 (cmd 0.0)
0.3925,1.93,0.0,0.0,-4.13,0.0,0.0,-4.1,1.9,0.0 (cmd 0.0),0.0 (cmd 0.0)
0.393,2.0,0.0,0.0,-4.16,0.0,0.0,-4.2,2.0,0.0 (cmd 0.0),0.0 (cmd 0.0)
0.3935,2.03,0.0,0.0,-4.2,0.0,0.0,-4.2,2.0,0.0 (cmd 0.0),0.0 (cmd 0.0)
0.394,2.11,0.0,0.0,-4.22,0.0,0.0,-4.2,2.1,0.0 (cmd 0.0),0.0 (cmd 0.0)
0.3945,2.15,0.0,0.0,-4.22,0.0,0.0,-4.2,2.1,0.0 (cmd 0.0),0.0 (cmd 0.0)
0.395,2.15,0.0,0.0,-4.18,0.0,0.0,-4.2,2.1,0.0 (cmd 0.0),0.0 (cmd 0.0)
0.3955,2.15,0.0,0.0,-4.0,0.0,0.0,-4.0,2.1,0.0 (cmd 0.0),0.0 (cmd 0.0)
0.396,2.18,0.0,0.0,-3.96,0.0,0.0,-4.0,2.2,0.0 (cmd 0.0),0.0 (cmd 0.0)
0.3965,2.24,0.0,0.0,-3.88,0.0,0.0,-3.9,2.2,0.0 (cmd 0.0),0.0 (cmd 0.0)
0.397,2.26,0.0,0.0,-3.74,0.0,0.0,-3.7,2.3,0.0 (cmd 0.0),0.0 (cmd 0.0)
0.3975,2.31,0.0,0.0,-3.57,0.0,0.0,-3.6,2.3,0.0 (cmd 0.0),0.0 (cmd 0.0)
0.398,2.35,0.0,0.0,-3.52,0.0,0.0,-3.5,2.4,0.0 (cmd 0.0),0.0 (cmd 0.0)
0.3985,2.38,0.0,0.0,-3.4,0.0,0.0,-3.4,2.4,0.0 (cmd 0.0),0.0 (cmd 0.0)
0.399,2.39,0.0,0.0,-3.38,0.0,0.0,-3.4,2.4,0.0 (cmd 0.0),0.0 (cmd 0.0)
0.3995,2.4,0.0,0.0,-3.36,0.0,0.0,-3.4,2.4,0.0 (cmd 0.0),0.0 (cmd 0.0)
0.4,2.4,0.0,0.0,-3.43,0.0,0.0,-3.4,2.4,0.0 (cmd 0.0),0.0 (cmd 0.0)
0.4005,2.42,0.0,0.0,-3.45,0.0,0.0,-3.5,2.4,0.0 (cmd 0.0),0.0 (cmd 0.0)
0.401,2.44,0.0,0.0,-3.43,0.0,0.0,-3.4,2.4,0.0 (cmd 0.0),0.0 (cmd 0.0)
0.4015,2.48,0.0,0.0,-3.41,0.0,0.0,-3.4,2.5,0.0 (cmd 0.0),0.0 (cmd 0.0)
0.402,2.51,0.0,0.0,-3.38,0.0,0.0,-3.4,2.5,0.0 (cmd 0.0),0.0 (cmd 0.0)
0.4025,2.55,0.0,0.0,-3.36,0.0,0.0,-3.4,2.5,0.0 (cmd 0.0),0.0 (cmd 0.0)
0.403,2.58,0.0,0.0,-3.39,0.0,0.0,-3.4,2.6,0.0 (cmd 0.0),0.0 (cmd 0.0)
0.4035,2.6,0.0,0.0,-3.43,0.0,0.0,-3.4,2.6,0.0 (cmd 0.0),0.0 (cmd 0.0)
0.404,2.6,0.0,0.0,-3.5,0.0,0.0,-3.5,2.6,0.0 (cmd 0.0),0.0 (cmd 0.0)
0.4045,2.6,0.0,0.0,-3.5,0.0,0.0,-3.5,2.6,0.0 (cmd 0.0),0.0 (cmd 0.0)
0.405,2.59,0.0,0.0,-3.49,0.0,0.0,-3.5,2.6,0.0 (cmd 0.0),0.0 (cmd 0.0)
0.4055,2.58,0.0,0.0,-3.47,0.0,0.0,-3.5,2.6,0.0 (cmd 0.0),0.0 (cmd 0.0)
0.406,2.56,0.0,0.0,-3.42,0.0,0.0,-3.4,2.6,0.0 (cmd 0.0),0.0 (cmd 0.0)
0.4065,2.56,0.0,0.0,-3.41,0.0,0.0,-3.4,2.6,0.0 (cmd 0.0),0.0 (cmd 0.0)
0.407,2.56,0.0,0.0,-3.43,0.0,0.0,-3.4,2.6,0.0 (cmd 0.0),0.0 (cmd 0.0)
0.4075,2.55,0.0,0.0,-3.44,0.0,0.0,-3.4,2.5,0.0 (cmd 0.0),0.0 (cmd 0.0)
0.408,2.51,0.0,0.0,-3.46,0.0,0.0,-3.5,2.5,0.0 (cmd 0.0),0.0 (cmd 0.0)
0.4085,2.49,0.0,0.0,-3.47,0.0,0.0,-3.5,2.5,0.0 (cmd 0.0),0.0 (cmd 0.0)
0.409,2.45,0.0,0.0,-3.56,0.0,0.0,-3.6,2.5,0.0 (cmd 0.0),0.0 (cmd 0.0)
0.4095,2.42,0.0,0.0,-3.58,0.0,0.0,-3.6,2.4,0.0 (cmd 0.0),0.0 (cmd 0.0)
0.41,2.38,0.0,0.0,-3.59,0.0,0.0,-3.6,2.4,0.0 (cmd 0.0),0.0 (cmd 0.0)
0.4105,2.28,0.0,0.0,-3.62,0.0,0.0,-3.6,2.3,0.0 (cmd 0.0),0.0 (cmd 0.0)
0.411,2.16,0.0,0.0,-3.64,0.0,0.0,-3.6,2.2,0.0 (cmd 0.0),0.0 (cmd 0.0)
0.4115,2.12,0.0,0.0,-3.66,0.0,0.0,-3.7,2.1,0.0 (cmd 0.0),0.0 (cmd 0.0)
0.412,2.12,0.0,0.0,-3.68,0.0,0.0,-3.7,2.1,0.0 (cmd 0.0),0.0 (cmd 0.0)
0.4125,2.07,0.0,0.0,-3.68,0.0,0.0,-3.7,2.1,0.0 (cmd 0.0),0.0 (cmd 0.0)
0.413,1.99,0.0,0.0,-3.69,0.0,0.0,-3.7,2.0,0.0 (cmd 0.0),0.0 (cmd 0.0)
0.4135,1.91,0.0,0.0,-3.69,0.0,0.0,-3.7,1.9,0.0 (cmd 0.0),0.0 (cmd 0.0)
0.414,1.82,0.0,0.0,-3.71,0.0,0.0,-3.7,1.8,0.0 (cmd 0.0),0.0 (cmd 0.0)
0.4145,1.72,0.0,0.0,-3.75,0.0,0.0,-3.8,1.7,0.0 (cmd 0.0),0.0 (cmd 0.0)
0.415,1.71,0.0,0.0,-3.74,0.0,0.0,-3.7,1.7,0.0 (cmd 0.0),0.0 (cmd 0.0)
0.4155,1.76,0.0,0.0,-3.73,0.0,0.0,-3.7,1.8,0.0 (cmd 0.0),0.0 (cmd 0.0)
0.416,1.74,0.0,0.0,-3.72,0.0,0.0,-3.7,1.7,0.0 (cmd 0.0),0.0 (cmd 0.0)
0.4165,1.65,0.0,0.0,-3.73,0.0,0.0,-3.7,1.6,0.0 (cmd 0.0),0.0 (cmd 0.0)
0.417,1.6,0.0,0.0,-3.74,0.0,0.0,-3.7,1.6,0.0 (cmd 0.0),0.0 (cmd 0.0)
0.4175,1.57,0.0,0.0,-3.73,0.0,0.0,-3.7,1.6,0.0 (cmd 0.0),0.0 (cmd 0.0)
0.418,1.57,0.0,0.0,-3.71,0.0,0.0,-3.7,1.6,0.0 (cmd 0.0),0.0 (cmd 0.0)
0.4185,1.62,0.0,0.0,-3.65,0.0,0.0,-3.6,1.6,0.0 (cmd 0.0),0.0 (cmd 0.0)
0.419,1.67,0.0,0.0,-3.7,0.0,0.0,-3.7,1.7,0.0 (cmd 0.0),0.0 (cmd 0.0)
0.4195,1.7,0.0,0.0,-3.7,0.0,0.0,-3.7,1.7,0.0 (cmd 0.0),0.0 (cmd 0.0)
0.42,1.66,0.0,0.0,-3.74,0.0,0.0,-3.7,1.7,0.0 (cmd 0.0),0.0 (cmd 0.0)
0.4205,1.62,0.0,0.0,-3.76,0.0,0.0,-3.8,1.6,0.0 (cmd 0.0),0.0 (cmd 0.0)
0.421,1.6,0.0,0.0,-3.75,0.0,0.0,-3.8,1.6,0.0 (cmd 0.0),0.0 (cmd 0.0)
0.4215,1.59,0.0,0.0,-3.76,0.0,0.0,-3.8,1.6,0.0 (cmd 0.0),0.0 (cmd 0.0)
0.422,1.6,0.0,0.0,-3.79,0.0,0.0,-3.8,1.6,0.0 (cmd 0.0),0.0 (cmd 0.0)
0.4225,1.6,0.0,0.0,-3.79,0.0,0.0,-3.8,1.6,0.0 (cmd 0.0),0.0 (cmd 0.0)
0.423,1.59,0.0,0.0,-3.83,0.0,0.0,-3.8,1.6,0.0 (cmd 0.0),0.0 (cmd 0.0)
0.4235,1.59,0.0,0.0,-3.85,0.0,0.0,-3.9,1.6,0.0 (cmd 0.0),0.0 (cmd 0.0)
0.424,1.57,0.0,0.0,-3.86,0.0,0.0,-3.9,1.6,0.0 (cmd 0.0),0.0 (cmd 0.0)
0.4245,1.53,0.0,0.0,-3.87,0.0,0.0,-3.9,1.5,0.0 (cmd 0.0),0.0 (cmd 0.0)
0.425,1.48,0.0,0.0,-3.86,0.0,0.0,-3.9,1.5,0.0 (cmd 0.0),0.0 (cmd 0.0)
0.4255,1.46,0.0,0.0,-3.84,0.0,0.0,-3.8,1.5,0.0 (cmd 0.0),0.0 (cmd 0.0)
0.426,1.48,0.0,0.0,-3.85,0.0,0.0,-3.9,1.5,0.0 (cmd 0.0),0.0 (cmd 0.0)
0.4265,1.48,0.0,0.0,-3.83,0.0,0.0,-3.8,1.5,0.0 (cmd 0.0),0.0 (cmd 0.0)
0.427,1.44,0.0,0.0,-3.83,0.0,0.0,-3.8,1.4,0.0 (cmd 0.0),0.0 (cmd 0.0)
0.4275,1.41,0.0,0.0,-3.83,0.0,0.0,-3.8,1.4,0.0 (cmd 0.0),0.0 (cmd 0.0)
0.428,1.41,0.0,0.0,-3.82,0.0,0.0,-3.8,1.4,0.0 (cmd 0.0),0.0 (cmd 0.0)
0.4285,1.42,0.0,0.0,-3.78,0.0,0.0,-3.8,1.4,0.0 (cmd 0.0),0.0 (cmd 0.0)
0.429,1.42,0.0,0.0,-3.75,0.0,0.0,-3.8,1.4,0.0 (cmd 0.0),0.0 (cmd 0.0)
0.4295,1.41,0.0,0.0,-3.75,0.0,0.0,-3.8,1.4,0.0 (cmd 0.0),0.0 (cmd 0.0)
0.43,1.36,0.0,0.0,-3.75,0.0,0.0,-3.8,1.4,0.0 (cmd 0.0),0.0 (cmd 0.0)
0.4305,1.3,0.0,0.0,-3.75,0.0,0.0,-3.8,1.3,0.0 (cmd 0.0),0.0 (cmd 0.0)
0.431,1.28,0.0,0.0,-3.76,0.0,0.0,-3.8,1.3,0.0 (cmd 0.0),0.0 (cmd 0.0)
0.4315,1.29,0.0,0.0,-3.76,0.0,0.0,-3.8,1.3,0.0 (cmd 0.0),0.0 (cmd 0.0)
0.432,1.32,0.0,0.0,-3.79,0.0,0.0,-3.8,1.3,0.0 (cmd 0.0),0.0 (cmd 0.0)
0.4325,1.32,0.0,0.0,-3.79,0.0,0.0,-3.8,1.3,0.0 (cmd 0.0),0.0 (cmd 0.0)
0.433,1.3,0.0,0.0,-3.79,0.0,0.0,-3.8,1.3,0.0 (cmd 0.0),0.0 (cmd 0.0)
0.4335,1.3,0.0,0.0,-3.77,0.0,0.0,-3.8,1.3,0.0 (cmd 0.0),0.0 (cmd 0.0)
0.434,1.34,0.0,0.0,-3.72,0.0,0.0,-3.7,1.3,0.0 (cmd 0.0),0.0 (cmd 0.0)
0.4345,1.37,0.0,0.0,-3.69,0.0,0.0,-3.7,1.4,0.0 (cmd 0.0),0.0 (cmd 0.0)
0.435,1.38,0.0,0.0,-3.67,0.0,0.0,-3.7,1.4,0.0 (cmd 0.0),0.0 (cmd 0.0)
0.4355,1.39,0.0,0.0,-3.66,0.0,0.0,-3.7,1.4,0.0 (cmd 0.0),0.0 (cmd 0.0)
0.436,1.4,0.0,0.0,-3.64,0.0,0.0,-3.6,1.4,0.0 (cmd 0.0),0.0 (cmd 0.0)
0.4365,1.43,0.0,0.0,-3.57,0.0,0.0,-3.6,1.4,0.0 (cmd 0.0),0.0 (cmd 0.0)
0.437,1.48,0.0,0.0,-3.52,0.0,0.0,-3.5,1.5,0.0 (cmd 0.0),0.0 (cmd 0.0)
0.4375,1.54,0.0,0.0,-3.45,0.0,0.0,-3.5,1.5,0.0 (cmd 0.0),0.0 (cmd 0.0)
0.438,1.56,0.0,0.0,-3.4,0.0,0.0,-3.4,1.6,0.0 (cmd 0.0),0.0 (cmd 0.0)
0.4385,1.6,0.0,0.0,-3.26,0.0,0.0,-3.3,1.6,0.0 (cmd 0.0),0.0 (cmd 0.0)
0.439,1.64,0.0,0.0,-3.13,0.0,0.0,-3.1,1.6,0.0 (cmd 0.0),0.0 (cmd 0.0)
0.4395,1.72,0.0,0.0,-3.05,0.0,0.0,-3.0,1.7,0.0 (cmd 0.0),0.0 (cmd 0.0)
0.44,1.73,0.0,0.0,-2.89,0.0,0.0,-2.9,1.7,0.0 (cmd 0.0),0.0 (cmd 0.0)
0.4405,1.69,0.0,0.0,-2.8,0.0,0.0,-2.8,1.7,0.0 (cmd 0.0),0.0 (cmd 0.0)
0.441,1.7,0.0,0.0,-2.87,0.0,0.0,-2.9,1.7,0.0 (cmd 0.0),0.0 (cmd 0.0)
0.4415,1.8,0.0,0.0,-2.84,0.0,0.0,-2.8,1.8,0.0 (cmd 0.0),0.0 (cmd 0.0)
0.442,1.86,0.0,0.0,-2.83,0.0,0.0,-2.8,1.9,0.0 (cmd 0.0),0.0 (cmd 0.0)
0.4425,1.92,0.0,0.0,-2.83,0.0,0.0,-2.8,1.9,0.0 (cmd 0.0),0.0 (cmd 0.0)
0.443,1.99,0.0,0.0,-2.84,0.0,0.0,-2.8,2.0,0.0 (cmd 0.0),0.0 (cmd 0.0)
0.4435,2.12,0.0,0.0,-2.85,0.0,0.0,-2.9,2.1,0.0 (cmd 0.0),0.0 (cmd 0.0)
0.444,2.38,0.0,0.0,-2.86,0.0,0.0,-2.9,2.4,0.0 (cmd 0.0),0.0 (cmd 0.0)
0.4445,2.56,0.0,0.0,-2.83,0.0,0.0,-2.8,2.6,0.0 (cmd 0.0),0.0 (cmd 0.0)
0.445,2.54,0.0,0.0,-2.78,0.0,0.0,-2.8,2.5,0.0 (cmd 0.0),0.0 (cmd 0.0)
0.4455,2.46,0.0,0.0,-2.74,0.0,0.0,-2.7,2.5,0.0 (cmd 0.0),0.0 (cmd 0.0)
0.446,2.38,0.0,0.0,-2.77,0.0,0.0,-2.8,2.4,0.0 (cmd 0.0),0.0 (cmd 0.0)
0.4465,2.33,0.0,0.0,-2.77,0.0,0.0,-2.8,2.3,0.0 (cmd 0.0),0.0 (cmd 0.0)
0.447,2.32,0.0,0.0,-2.73,0.0,0.0,-2.7,2.3,0.0 (cmd 0.0),0.0 (cmd 0.0)
0.4475,2.34,0.0,0.0,-2.69,0.0,0.0,-2.7,2.3,0.0 (cmd 0.0),0.0 (cmd 0.0)
0.448,2.38,0.0,0.0,-2.65,0.0,0.0,-2.6,2.4,0.0 (cmd 0.0),0.0 (cmd 0.0)
0.4485,2.37,0.0,0.0,-2.64,0.0,0.0,-2.6,2.4,0.0 (cmd 0.0),0.0 (cmd 0.0)
0.449,2.3,0.0,0.0,-2.66,0.0,0.0,-2.7,2.3,0.0 (cmd 0.0),0.0 (cmd 0.0)
0.4495,2.28,0.0,0.0,-2.72,0.0,0.0,-2.7,2.3,0.0 (cmd 0.0),0.0 (cmd 0.0)
0.45,2.24,0.0,0.0,-2.75,0.0,0.0,-2.8,2.2,0.0 (cmd 0.0),0.0 (cmd 0.0)
0.4505,2.24,0.0,0.0,-2.77,0.0,0.0,-2.8,2.2,0.0 (cmd 0.0),0.0 (cmd 0.0)
0.451,2.26,0.0,0.0,-2.77,0.0,0.0,-2.8,2.3,0.0 (cmd 0.0),0.0 (cmd 0.0)
0.4515,2.22,0.0,0.0,-2.74,0.0,0.0,-2.7,2.2,0.0 (cmd 0.0),0.0 (cmd 0.0)
0.452,2.18,0.0,0.0,-2.73,0.0,0.0,-2.7,2.2,0.0 (cmd 0.0),0.0 (cmd 0.0)
0.4525,2.09,0.0,0.0,-2.76,0.0,0.0,-2.8,2.1,0.0 (cmd 0.0),0.0 (cmd 0.0)
0.453,1.91,0.0,0.0,-2.81,0.0,0.0,-2.8,1.9,0.0 (cmd 0.0),0.0 (cmd 0.0)
0.4535,1.82,0.0,0.0,-2.87,0.0,0.0,-2.9,1.8,0.0 (cmd 0.0),0.0 (cmd 0.0)
0.454,1.77,0.0,0.0,-2.94,0.0,0.0,-2.9,1.8,0.0 (cmd 0.0),0.0 (cmd 0.0)
0.4545,1.74,0.0,0.0,-2.96,0.0,0.0,-3.0,1.7,0.0 (cmd 0.0),0.0 (cmd 0.0)
0.455,1.71,0.0,0.0,-2.94,0.0,0.0,-2.9,1.7,0.0 (cmd 0.0),0.0 (cmd 0.0)
0.4555,1.66,0.0,0.0,-2.92,0.0,0.0,-2.9,1.7,0.0 (cmd 0.0),0.0 (cmd 0.0)
0.456,1.63,0.0,0.0,-2.96,0.0,0.0,-3.0,1.6,0.0 (cmd 0.0),0.0 (cmd 0.0)
0.4565,1.61,0.0,0.0,-2.97,0.0,0.0,-3.0,1.6,0.0 (cmd 0.0),0.0 (cmd 0.0)
0.457,1.52,0.0,0.0,-2.97,0.0,0.0,-3.0,1.5,0.0 (cmd 0.0),0.0 (cmd 0.0)
0.4575,1.46,0.0,0.0,-2.99,0.0,0.0,-3.0,1.5,0.0 (cmd 0.0),0.0 (cmd 0.0)
0.458,1.39,0.0,0.0,-3.03,0.0,0.0,-3.0,1.4,0.0 (cmd 0.0),0.0 (cmd 0.0)
0.4585,1.31,0.0,0.0,-3.09,0.0,0.0,-3.1,1.3,0.0 (cmd 0.0),0.0 (cmd 0.0)
0.459,1.24,0.0,0.0,-3.22,0.0,0.0,-3.2,1.2,0.0 (cmd 0.0),0.0 (cmd 0.0)
0.4595,1.23,0.0,0.0,-3.32,0.0,0.0,-3.3,1.2,0.0 (cmd 0.0),0.0 (cmd 0.0)
0.46,1.26,0.0,0.0,-3.34,0.0,0.0,-3.3,1.3,0.0 (cmd 0.0),0.0 (cmd 0.0)
0.4605,1.27,0.0,0.0,-3.33,0.0,0.0,-3.3,1.3,0.0 (cmd 0.0),0.0 (cmd 0.0)
0.461,1.23,0.0,0.0,-3.36,0.0,0.0,-3.4,1.2,0.0 (cmd 0.0),0.0 (cmd 0.0)
0.4615,1.15,0.0,0.0,-3.43,0.0,0.0,-3.4,1.1,0.0 (cmd 0.0),0.0 (cmd 0.0)
0.462,1.16,0.0,0.0,-3.45,0.0,0.0,-3.5,1.2,0.0 (cmd 0.0),0.0 (cmd 0.0)
0.4625,1.09,0.0,0.0,-3.44,0.0,0.0,-3.4,1.1,0.0 (cmd 0.0),0.0 (cmd 0.0)
0.463,0.98,0.0,0.0,-3.5,0.0,0.0,-3.5,1.0,0.0 (cmd 0.0),0.0 (cmd 0.0)
0.4635,0.82,0.0,0.0,-3.56,0.0,0.0,-3.6,0.8,0.0 (cmd 0.0),0.0 (cmd 0.0)
0.464,0.67,0.0,0.0,-3.66,0.0,0.0,-3.7,0.7,0.0 (cmd 0.0),0.0 (cmd 0.0)
0.4645,0.61,0.0,0.0,-3.64,0.0,0.0,-3.6,0.6,0.0 (cmd 0.0),0.0 (cmd 0.0)
0.465,0.63,0.0,0.0,-3.61,0.0,0.0,-3.6,0.6,0.0 (cmd 0.0),0.0 (cmd 0.0)
0.4655,0.59,0.0,0.0,-3.59,0.0,0.0,-3.6,0.6,0.0 (cmd 0.0),0.0 (cmd 0.0)
0.466,0.45,0.0,0.0,-3.57,0.0,0.0,-3.6,0.5,0.0 (cmd 0.0),0.0 (cmd 0.0)
0.4665,0.39,0.0,0.0,-3.54,0.0,0.0,-3.5,0.4,0.0 (cmd 0.0),0.0 (cmd 0.0)
0.467,0.32,0.0,0.0,-3.51,0.0,0.0,-3.5,0.3,0.0 (cmd 0.0),0.0 (cmd 0.0)
0.4675,0.29,0.0,0.0,-3.5,0.0,0.0,-3.5,0.3,0.0 (cmd 0.0),0.0 (cmd 0.0)
0.468,0.32,0.0,0.0,-3.49,0.0,0.0,-3.5,0.3,0.0 (cmd 0.0),0.0 (cmd 0.0)
0.4685,0.44,0.0,0.0,-3.33,0.0,0.0,-3.3,0.4,0.0 (cmd 0.0),0.0 (cmd 0.0)
0.469,0.56,0.0,0.0,-2.94,0.0,0.0,-2.9,0.6,0.0 (cmd 0.0),0.0 (cmd 0.0)
0.4695,0.66,0.0,0.0,-2.9,0.0,0.0,-2.9,0.7,0.0 (cmd 0.0),0.0 (cmd 0.0)
0.47,0.67,0.0,0.0,-2.76,0.0,0.0,-2.8,0.7,0.0 (cmd 0.0),0.0 (cmd 0.0)
0.4705,0.6,0.0,0.0,-2.49,0.0,0.0,-2.5,0.6,0.0 (cmd 0.0),0.0 (cmd 0.0)
0.471,0.53,0.0,0.0,-2.33,0.0,0.0,-2.3,0.5,0.0 (cmd 0.0),0.0 (cmd 0.0)
0.4715,0.51,0.0,0.0,-2.14,0.0,0.0,-2.1,0.5,0.0 (cmd 0.0),0.0 (cmd 0.0)
0.472,0.44,0.0,0.0,-2.06,0.0,0.0,-2.1,0.4,0.0 (cmd 0.0),0.0 (cmd 0.0)
0.4725,0.31,0.0,0.0,-2.0,0.0,0.0,-2.0,0.3,0.0 (cmd 0.0),0.0 (cmd 0.0)
0.473,0.32,0.0,0.0,-1.89,0.0,0.0,-1.9,0.3,0.0 (cmd 0.0),0.0 (cmd 0.0)
0.4735,0.4,0.0,0.0,-1.8,0.0,0.0,-1.8,0.4,0.0 (cmd 0.0),0.0 (cmd 0.0)
0.474,0.48,0.0,0.0,-1.58,0.0,0.0,-1.6,0.5,0.0 (cmd 0.0),0.0 (cmd 0.0)
0.4745,0.55,0.0,0.0,-1.49,0.0,0.0,-1.5,0.6,0.0 (cmd 0.0),0.0 (cmd 0.0)
0.475,0.6,0.0,0.0,-1.36,0.0,0.0,-1.4,0.6,0.0 (cmd 0.0),0.0 (cmd 0.0)
0.4755,0.61,0.0,0.0,-1.22,0.0,0.0,-1.2,0.6,0.0 (cmd 0.0),0.0 (cmd 0.0)
0.476,0.6,0.0,0.0,-1.03,0.0,0.0,-1.0,0.6,0.0 (cmd 0.0),0.0 (cmd 0.0)
0.4765,0.65,0.0,0.0,-0.86,0.0,0.0,-0.9,0.7,0.0 (cmd 0.0),0.0 (cmd 0.0)
0.477,0.72,0.0,0.0,-0.78,0.0,0.0,-0.8,0.7,0.0 (cmd 0.0),0.0 (cmd 0.0)
0.4775,0.83,0.0,0.0,-0.57,0.0,0.0,-0.6,0.8,0.0 (cmd 0.0),0.0 (cmd 0.0)
0.478,0.95,0.0,0.0,-0.37,0.0,0.0,-0.4,0.9,0.0 (cmd 0.0),0.0 (cmd 0.0)
0.4785,1.16,0.0,0.0,-0.21,0.0,0.0,-0.2,1.2,0.0 (cmd 0.0),0.0 (cmd 0.0)
0.479,1.33,0.0,0.0,-0.04,0.0,0.0,-0.0,1.3,0.0 (cmd 0.0),0.0 (cmd 0.0)
0.4795,1.49,0.0,0.0,0.14,0.0,0.0,0.1,1.5,0.0 (cmd 0.0),0.0 (cmd 0.0)
0.48,1.63,0.0,0.0,0.26,0.0,0.0,0.3,1.6,0.0 (cmd 0.0),0.0 (cmd 0.0)
0.4805,1.68,0.0,0.0,0.29,0.0,0.0,0.3,1.7,0.0 (cmd 0.0),0.0 (cmd 0.0)
0.481,1.83,0.0,0.0,0.93,0.0,0.0,0.9,1.8,0.0 (cmd 0.0),0.0 (cmd 0.0)
0.4815,1.98,0.0,0.0,1.22,0.0,0.0,1.2,2.0,0.0 (cmd 0.0),0.0 (cmd 0.0)
0.482,2.06,0.0,0.0,1.42,0.0,0.0,1.4,2.1,0.0 (cmd 0.0),0.0 (cmd 0.0)
0.4825,1.95,0.0,0.0,1.53,0.0,0.0,1.5,1.9,0.0 (cmd 0.0),0.0 (cmd 0.0)
0.483,1.79,0.0,0.0,1.7,0.0,0.0,1.7,1.8,0.0 (cmd 0.0),0.0 (cmd 0.0)
0.4835,1.77,0.0,0.0,1.82,0.0,0.0,1.8,1.8,0.0 (cmd 0.0),0.0 (cmd 0.0)
0.484,1.83,0.0,0.0,1.87,0.0,0.0,1.9,1.8,0.0 (cmd 0.0),0.0 (cmd 0.0)
0.4845,1.83,0.0,0.0,1.86,0.0,0.0,1.9,1.8,0.0 (cmd 0.0),0.0 (cmd 0.0)
0.485,1.92,0.0,0.0,1.67,0.0,0.0,1.7,1.9,0.0 (cmd 0.0),0.0 (cmd 0.0)
0.4855,2.03,0.0,0.0,1.46,0.0,0.0,1.5,2.0,0.0 (cmd 0.0),0.0 (cmd 0.0)
0.486,2.02,0.0,0.0,1.36,0.0,0.0,1.4,2.0,0.0 (cmd 0.0),0.0 (cmd 0.0)
0.4865,2.04,0.0,0.0,1.49,0.0,0.0,1.5,2.0,0.0 (cmd 0.0),0.0 (cmd 0.0)
0.487,2.13,0.0,0.0,1.46,0.0,0.0,1.5,2.1,0.0 (cmd 0.0),0.0 (cmd 0.0)
0.4875,2.17,0.0,0.0,1.36,0.0,0.0,1.4,2.2,0.0 (cmd 0.0),0.0 (cmd 0.0)
0.488,2.07,0.0,0.0,1.18,0.0,0.0,1.2,2.1,0.0 (cmd 0.0),0.0 (cmd 0.0)
0.4885,1.96,0.0,0.0,1.08,0.0,0.0,1.1,2.0,0.0 (cmd 0.0),0.0 (cmd 0.0)
0.489,1.91,0.0,0.0,1.08,0.0,0.0,1.1,1.9,0.0 (cmd 0.0),0.0 (cmd 0.0)
0.4895,1.91,0.0,0.0,1.11,0.0,0.0,1.1,1.9,0.0 (cmd 0.0),0.0 (cmd 0.0)
0.49,1.91,0.0,0.0,1.19,0.0,0.0,1.2,1.9,0.0 (cmd 0.0),0.0 (cmd 0.0)
0.4905,1.91,0.0,0.0,1.25,0.0,0.0,1.2,1.9,0.0 (cmd 0.0),0.0 (cmd 0.0)
0.491,1.92,0.0,0.0,1.27,0.0,0.0,1.3,1.9,0.0 (cmd 0.0),0.0 (cmd 0.0)
0.4915,1.9,0.0,0.0,1.22,0.0,0.0,1.2,1.9,0.0 (cmd 0.0),0.0 (cmd 0.0)
0.492,1.83,0.0,0.0,1.12,0.0,0.0,1.1,1.8,0.0 (cmd 0.0),0.0 (cmd 0.0)
0.4925,1.8,0.0,0.0,1.1,0.0,0.0,1.1,1.8,0.0 (cmd 0.0),0.0 (cmd 0.0)
0.493,1.73,0.0,0.0,1.11,0.0,0.0,1.1,1.7,0.0 (cmd 0.0),0.0 (cmd 0.0)
0.4935,1.73,0.0,0.0,1.12,0.0,0.0,1.1,1.7,0.0 (cmd 0.0),0.0 (cmd 0.0)
0.494,1.73,0.0,0.0,1.09,0.0,0.0,1.1,1.7,0.0 (cmd 0.0),0.0 (cmd 0.0)
0.4945,1.71,0.0,0.0,1.04,0.0,0.0,1.0,1.7,0.0 (cmd 0.0),0.0 (cmd 0.0)
0.495,1.65,0.0,0.0,0.98,0.0,0.0,1.0,1.6,0.0 (cmd 0.0),0.0 (cmd 0.0)
0.4955,1.63,0.0,0.0,0.91,0.0,0.0,0.9,1.6,0.0 (cmd 0.0),0.0 (cmd 0.0)
0.496,1.6,0.0,0.0,0.86,0.0,0.0,0.9,1.6,0.0 (cmd 0.0),0.0 (cmd 0.0)
0.4965,1.52,0.0,0.0,0.81,0.0,0.0,0.8,1.5,0.0 (cmd 0.0),0.0 (cmd 0.0)
0.497,1.49,0.0,0.0,0.77,0.0,0.0,0.8,1.5,0.0 (cmd 0.0),0.0 (cmd 0.0)
0.4975,1.48,0.0,0.0,0.76,0.0,0.0,0.8,1.5,0.0 (cmd 0.0),0.0 (cmd 0.0)
0.498,1.45,0.0,0.0,0.74,0.0,0.0,0.7,1.4,0.0 (cmd 0.0),0.0 (cmd 0.0)
0.4985,1.4,0.0,0.0,0.71,0.0,0.0,0.7,1.4,0.0 (cmd 0.0),0.0 (cmd 0.0)
0.499,1.37,0.0,0.0,0.69,0.0,0.0,0.7,1.4,0.0 (cmd 0.0),0.0 (cmd 0.0)
0.4995,1.33,0.0,0.0,0.69,0.0,0.0,0.7,1.3,0.0 (cmd 0.0),0.0 (cmd 0.0)
0.5,1.3,0.0,0.0,0.7,0.0,0.0,0.7,1.3,0.0 (cmd 0.0),0.0 (cmd 0.0)
0.5005,1.29,0.0,0.0,0.71,0.0,0.0,0.7,1.3,0.0 (cmd 0.0),0.0 (cmd 0.0)
0.501,1.3,0.0,0.0,0.72,0.0,0.0,0.7,1.3,0.0 (cmd 0.0),0.0 (cmd 0.0)
0.5015,1.3,0.0,0.0,0.62,0.0,0.0,0.6,1.3,0.0 (cmd 0.0),0.0 (cmd 0.0)
0.502,1.28,0.0,0.0,0.53,0.0,0.0,0.5,1.3,0.0 (cmd 0.0),0.0 (cmd 0.0)
0.5025,1.21,0.0,0.0,0.48,0.0,0.0,0.5,1.2,0.0 (cmd 0.0),0.0 (cmd 0.0)
0.503,1.16,0.0,0.0,0.45,0.0,0.0,0.5,1.2,0.0 (cmd 0.0),0.0 (cmd 0.0)
0.5035,1.16,0.0,0.0,0.45,0.0,0.0,0.5,1.2,0.0 (cmd 0.0),0.0 (cmd 0.0)
0.504,1.17,0.0,0.0,0.47,0.0,0.0,0.5,1.2,0.0 (cmd 0.0),0.0 (cmd 0.0)
0.5045,1.18,0.0,0.0,0.44,0.0,0.0,0.4,1.2,0.0 (cmd 0.0),0.0 (cmd 0.0)
0.505,1.17,0.0,0.0,0.42,0.0,0.0,0.4,1.2,0.0 (cmd 0.0),0.0 (cmd 0.0)
0.5055,1.16,0.0,0.0,0.39,0.0,0.0,0.4,1.2,0.0 (cmd 0.0),0.0 (cmd 0.0)
0.506,1.13,0.0,0.0,0.37,0.0,0.0,0.4,1.1,0.0 (cmd 0.0),0.0 (cmd 0.0)
0.5065,1.12,0.0,0.0,0.36,0.0,0.0,0.4,1.1,0.0 (cmd 0.0),0.0 (cmd 0.0)
0.507,1.12,0.0,0.0,0.33,0.0,0.0,0.3,1.1,0.0 (cmd 0.0),0.0 (cmd 0.0)
0.5075,1.15,0.0,0.0,0.38,0.0,0.0,0.4,1.1,0.0 (cmd 0.0),0.0 (cmd 0.0)
0.508,1.15,0.0,0.0,0.42,0.0,0.0,0.4,1.1,0.0 (cmd 0.0),0.0 (cmd 0.0)
0.5085,1.15,0.0,0.0,0.42,0.0,0.0,0.4,1.1,0.0 (cmd 0.0),0.0 (cmd 0.0)
0.509,1.15,0.0,0.0,0.44,0.0,0.0,0.4,1.1,0.0 (cmd 0.0),0.0 (cmd 0.0)
0.5095,1.14,0.0,0.0,0.44,0.0,0.0,0.4,1.1,0.0 (cmd 0.0),0.0 (cmd 0.0)
0.51,1.14,0.0,0.0,0.45,0.0,0.0,0.5,1.1,0.0 (cmd 0.0),0.0 (cmd 0.0)
0.5105,1.14,0.0,0.0,0.44,0.0,0.0,0.4,1.1,0.0 (cmd 0.0),0.0 (cmd 0.0)
0.511,1.13,0.0,0.0,0.44,0.0,0.0,0.4,1.1,0.0 (cmd 0.0),0.0 (cmd 0.0)
0.5115,1.11,0.0,0.0,0.44,0.0,0.0,0.4,1.1,0.0 (cmd 0.0),0.0 (cmd 0.0)
0.512,1.09,0.0,0.0,0.43,0.0,0.0,0.4,1.1,0.0 (cmd 0.0),0.0 (cmd 0.0)
0.5125,1.08,0.0,0.0,0.41,0.0,0.0,0.4,1.1,0.0 (cmd 0.0),0.0 (cmd 0.0)
0.513,1.08,0.0,0.0,0.36,0.0,0.0,0.4,1.1,0.0 (cmd 0.0),0.0 (cmd 0.0)
0.5135,1.07,0.0,0.0,0.3,0.0,0.0,0.3,1.1,0.0 (cmd 0.0),0.0 (cmd 0.0)
0.514,1.07,0.0,0.0,0.26,0.0,0.0,0.3,1.1,0.0 (cmd 0.0),0.0 (cmd 0.0)
0.5145,1.1,0.0,0.0,0.22,0.0,0.0,0.2,1.1,0.0 (cmd 0.0),0.0 (cmd 0.0)
0.515,1.12,0.0,0.0,0.21,0.0,0.0,0.2,1.1,0.0 (cmd 0.0),0.0 (cmd 0.0)
0.5155,1.15,0.0,0.0,0.2,0.0,0.0,0.2,1.1,0.0 (cmd 0.0),0.0 (cmd 0.0)
0.516,1.15,0.0,0.0,0.19,0.0,0.0,0.2,1.1,0.0 (cmd 0.0),0.0 (cmd 0.0)
0.5165,1.12,0.0,0.0,0.18,0.0,0.0,0.2,1.1,0.0 (cmd 0.0),0.0 (cmd 0.0)
0.517,1.12,0.0,0.0,0.18,0.0,0.0,0.2,1.1,0.0 (cmd 0.0),0.0 (cmd 0.0)
0.5175,1.12,0.0,0.0,0.16,0.0,0.0,0.2,1.1,0.0 (cmd 0.0),0.0 (cmd 0.0)
0.518,1.12,0.0,0.0,0.15,0.0,0.0,0.1,1.1,0.0 (cmd 0.0),0.0 (cmd 0.0)
0.5185,1.16,0.0,0.0,0.11,0.0,0.0,0.1,1.2,0.0 (cmd 0.0),0.0 (cmd 0.0)
0.519,1.19,0.0,0.0,0.11,0.0,0.0,0.1,1.2,0.0 (cmd 0.0),0.0 (cmd 0.0)
0.5195,1.22,0.0,0.0,0.12,0.0,0.0,0.1,1.2,0.0 (cmd 0.0),0.0 (cmd 0.0)
0.52,1.33,0.0,0.0,0.15,0.0,0.0,0.1,1.3,0.0 (cmd 0.0),0.0 (cmd 0.0)
0.5205,1.5,0.0,0.0,0.21,0.0,0.0,0.2,1.5,0.0 (cmd 0.0),0.0 (cmd 0.0)
0.521,1.68,0.0,0.0,-0.04,0.0,0.0,-0.0,1.7,0.0 (cmd 0.0),0.0 (cmd 0.0)
0.5215,1.94,0.0,0.0,-0.38,0.0,0.0,-0.4,1.9,0.0 (cmd 0.0),0.0 (cmd 0.0)
0.522,2.3,0.0,0.0,-0.55,0.0,0.0,-0.6,2.3,0.0 (cmd 0.0),0.0 (cmd 0.0)
0.5225,2.5,0.0,0.0,-0.76,0.0,0.0,-0.8,2.5,0.0 (cmd 0.0),0.0 (cmd 0.0)
0.523,2.85,0.0,0.0,-1.0,0.0,0.0,-1.0,2.9,0.0 (cmd 0.0),0.0 (cmd 0.0)
0.5235,3.24,0.0,0.0,-1.16,0.0,0.0,-1.2,3.2,0.0 (cmd 0.0),0.0 (cmd 0.0)
0.524,3.31,0.0,0.0,-1.21,0.0,0.0,-1.2,3.3,0.0 (cmd 0.0),0.0 (cmd 0.0)
0.5245,3.7,0.0,0.0,-1.27,0.0,0.0,-1.3,3.7,0.0 (cmd 0.0),0.0 (cmd 0.0)
0.525,4.15,0.0,0.0,-1.19,0.0,0.0,-1.2,4.2,0.0 (cmd 0.0),0.0 (cmd 0.0)
0.5255,4.71,0.0,0.0,-1.16,0.0,0.0,-1.2,4.7,0.0 (cmd 0.0),0.0 (cmd 0.0)
0.526,4.94,0.0,0.0,-1.22,0.0,0.0,-1.2,4.9,0.0 (cmd 0.0),0.0 (cmd 0.0)
0.5265,5.14,0.0,0.0,-1.26,0.0,0.0,-1.3,5.1,0.0 (cmd 0.0),0.0 (cmd 0.0)
0.527,5.26,0.0,0.0,-1.35,0.0,0.0,-1.4,5.3,0.0 (cmd 0.0),0.0 (cmd 0.0)
0.5275,5.4,0.0,0.0,-1.39,0.0,0.0,-1.4,5.4,0.0 (cmd 0.0),0.0 (cmd 0.0)
0.528,5.53,0.0,0.0,-1.39,0.0,0.0,-1.4,5.5,0.0 (cmd 0.0),0.0 (cmd 0.0)
0.5285,5.63,0.0,0.0,-1.37,0.0,0.0,-1.4,5.6,0.0 (cmd 0.0),0.0 (cmd 0.0)
0.529,5.71,0.0,0.0,-1.34,0.0,0.0,-1.3,5.7,0.0 (cmd 0.0),0.0 (cmd 0.0)
0.5295,5.74,0.0,0.0,-1.28,0.0,0.0,-1.3,5.7,0.0 (cmd 0.0),0.0 (cmd 0.0)
0.53,5.78,0.0,0.0,-1.2,0.0,0.0,-1.2,5.8,0.0 (cmd 0.0),0.0 (cmd 0.0)
0.5305,5.85,0.0,0.0,-1.13,0.0,0.0,-1.1,5.8,0.0 (cmd 0.0),0.0 (cmd 0.0)
0.531,5.89,0.0,0.0,-1.09,0.0,0.0,-1.1,5.9,0.0 (cmd 0.0),0.0 (cmd 0.0)
0.5315,5.84,0.0,0.0,-1.1,0.0,0.0,-1.1,5.8,0.0 (cmd 0.0),0.0 (cmd 0.0)
0.532,5.67,0.0,0.0,-1.11,0.0,0.0,-1.1,5.7,0.0 (cmd 0.0),0.0 (cmd 0.0)
0.5325,5.61,0.0,0.0,-1.15,0.0,0.0,-1.1,5.6,0.0 (cmd 0.0),0.0 (cmd 0.0)
0.533,5.49,0.0,0.0,-1.17,0.0,0.0,-1.2,5.5,0.0 (cmd 0.0),0.0 (cmd 0.0)
0.5335,5.48,0.0,0.0,-1.43,0.0,0.0,-1.4,5.5,0.0 (cmd 0.0),0.0 (cmd 0.0)
0.534,5.78,0.0,0.0,-1.67,0.0,0.0,-1.7,5.8,0.0 (cmd 0.0),0.0 (cmd 0.0)
0.5345,5.88,0.0,0.0,-1.77,0.0,0.0,-1.8,5.9,0.0 (cmd 0.0),0.0 (cmd 0.0)
0.535,5.64,0.0,0.0,-1.33,0.0,0.0,-1.3,5.6,0.0 (cmd 0.0),0.0 (cmd 0.0)
0.5355,5.41,0.0,0.0,-1.33,0.0,0.0,-1.3,5.4,0.0 (cmd 0.0),0.0 (cmd 0.0)
0.536,5.29,0.0,0.0,-1.62,0.0,0.0,-1.6,5.3,0.0 (cmd 0.0),0.0 (cmd 0.0)
0.5365,5.3,0.0,0.0,-1.43,0.0,0.0,-1.4,5.3,0.0 (cmd 0.0),0.0 (cmd 0.0)
0.537,5.17,0.0,0.0,-1.28,0.0,0.0,-1.3,5.2,0.0 (cmd 0.0),0.0 (cmd 0.0)
0.5375,5.06,0.0,0.0,-1.29,0.0,0.0,-1.3,5.1,0.0 (cmd 0.0),0.0 (cmd 0.0)
0.538,5.02,0.0,0.0,-1.43,0.0,0.0,-1.4,5.0,0.0 (cmd 0.0),0.0 (cmd 0.0)
0.5385,4.8,0.0,0.0,-1.46,0.0,0.0,-1.5,4.8,0.0 (cmd 0.0),0.0 (cmd 0.0)
0.539,4.74,0.0,0.0,-1.6,0.0,0.0,-1.6,4.7,0.0 (cmd 0.0),0.0 (cmd 0.0)
0.5395,4.61,0.0,0.0,-1.96,0.0,0.0,-2.0,4.6,0.0 (cmd 0.0),0.0 (cmd 0.0)
0.54,4.31,0.0,0.0,-2.37,0.0,0.0,-2.4,4.3,0.0 (cmd 0.0),0.0 (cmd 0.0)
0.5405,4.23,0.0,0.0,-2.66,0.0,0.0,-2.7,4.2,0.0 (cmd 0.0),0.0 (cmd 0.0)
0.541,4.05,0.0,0.0,-3.03,0.0,0.0,-3.0,4.0,0.0 (cmd 0.0),0.0 (cmd 0.0)
0.5415,2.91,0.0,0.0,-3.22,0.0,0.0,-3.2,2.9,0.0 (cmd 0.0),0.0 (cmd 0.0)
0.542,2.66,0.0,0.0,-3.73,0.0,0.0,-3.7,2.7,0.0 (cmd 0.0),0.0 (cmd 0.0)
0.5425,2.61,0.0,0.0,-3.55,0.0,0.0,-3.5,2.6,0.0 (cmd 0.0),0.0 (cmd 0.0)
0.543,2.56,0.0,0.0,-3.41,0.0,0.0,-3.4,2.6,0.0 (cmd 0.0),0.0 (cmd 0.0)
0.5435,2.76,0.0,0.0,-3.35,0.0,0.0,-3.4,2.8,0.0 (cmd 0.0),0.0 (cmd 0.0)
0.544,2.97,0.0,0.0,-3.05,0.0,0.0,-3.0,3.0,0.0 (cmd 0.0),0.0 (cmd 0.0)
0.5445,2.88,0.0,0.0,-3.0,0.0,0.0,-3.0,2.9,0.0 (cmd 0.0),0.0 (cmd 0.0)
0.545,2.58,0.0,0.0,-3.19,0.0,0.0,-3.2,2.6,0.0 (cmd 0.0),0.0 (cmd 0.0)
0.5455,2.28,0.0,0.0,-3.79,0.0,0.0,-3.8,2.3,0.0 (cmd 0.0),0.0 (cmd 0.0)
0.5461,2.32,0.0,0.0,-4.28,0.0,0.0,-4.3,2.3,0.0 (cmd 0.0),0.0 (cmd 0.0)
0.5465999999999999,2.23,0.0,0.0,-4.42,0.0,0.0,-4.4,2.2,0.0 (cmd 0.0),0.0 (cmd 0.0)
0.5471,2.17,0.0,0.0,-4.44,0.0,0.0,-4.4,2.2,0.0 (cmd 0.0),0.0 (cmd 0.0)
0.5476,2.12,0.0,0.0,-4.52,0.0,0.0,-4.5,2.1,0.0 (cmd 0.0),0.0 (cmd 0.0)
0.5481,2.07,0.0,0.0,-4.64,0.0,0.0,-4.6,2.1,0.0 (cmd 0.0),0.0 (cmd 0.0)
0.5486,2.09,0.0,0.0,-4.86,0.0,0.0,-4.9,2.1,0.0 (cmd 0.0),0.0 (cmd 0.0)
0.5490999999999999,2.07,0.0,0.0,-5.11,0.0,0.0,-5.1,2.1,0.0 (cmd 0.0),0.0 (cmd 0.0)
0.5496,2.01,0.0,0.0,-5.25,0.0,0.0,-5.2,2.0,0.0 (cmd 0.0),0.0 (cmd 0.0)
0.5501,2.01,0.0,0.0,-5.23,0.0,0.0,-5.2,2.0,0.0 (cmd 0.0),0.0 (cmd 0.0)
0.5506,1.99,0.0,0.0,-5.14,0.0,0.0,-5.1,2.0,0.0 (cmd 0.0),0.0 (cmd 0.0)
0.5511,1.83,0.0,0.0,-5.29,0.0,0.0,-5.3,1.8,0.0 (cmd 0.0),0.0 (cmd 0.0)
0.5515999999999999,1.78,0.0,0.0,-5.28,0.0,0.0,-5.3,1.8,0.0 (cmd 0.0),0.0 (cmd 0.0)
0.5521,1.84,0.0,0.0,-5.24,0.0,0.0,-5.2,1.8,0.0 (cmd 0.0),0.0 (cmd 0.0)
0.5526,1.81,0.0,0.0,-5.23,0.0,0.0,-5.2,1.8,0.0 (cmd 0.0),0.0 (cmd 0.0)
0.5531,1.76,0.0,0.0,-5.34,0.0,0.0,-5.3,1.8,0.0 (cmd 0.0),0.0 (cmd 0.0)
0.5536,1.72,0.0,0.0,-5.42,0.0,0.0,-5.4,1.7,0.0 (cmd 0.0),0.0 (cmd 0.0)
0.5540999999999999,1.63,0.0,0.0,-5.47,0.0,0.0,-5.5,1.6,0.0 (cmd 0.0),0.0 (cmd 0.0)
0.5546,1.5,0.0,0.0,-5.52,0.0,0.0,-5.5,1.5,0.0 (cmd 0.0),0.0 (cmd 0.0)
0.5551,1.42,0.0,0.0,-5.59,0.0,0.0,-5.6,1.4,0.0 (cmd 0.0),0.0 (cmd 0.0)
0.5556,1.38,0.0,0.0,-5.65,0.0,0.0,-5.7,1.4,0.0 (cmd 0.0),0.0 (cmd 0.0)
0.5561,1.43,0.0,0.0,-5.71,0.0,0.0,-5.7,1.4,0.0 (cmd 0.0),0.0 (cmd 0.0)
0.5565999999999999,1.51,0.0,0.0,-5.73,0.0,0.0,-5.7,1.5,0.0 (cmd 0.0),0.0 (cmd 0.0)
0.5571,1.59,0.0,0.0,-5.69,0.0,0.0,-5.7,1.6,0.0 (cmd 0.0),0.0 (cmd 0.0)
0.5576,1.46,0.0,0.0,-5.64,0.0,0.0,-5.6,1.5,0.0 (cmd 0.0),0.0 (cmd 0.0)
0.5581,1.34,0.0,0.0,-5.59,0.0,0.0,-5.6,1.3,0.0 (cmd 0.0),0.0 (cmd 0.0)
0.5586,1.28,0.0,0.0,-5.56,0.0,0.0,-5.6,1.3,0.0 (cmd 0.0),0.0 (cmd 0.0)
0.5590999999999999,1.22,0.0,0.0,-5.56,0.0,0.0,-5.6,1.2,0.0 (cmd 0.0),0.0 (cmd 0.0)
0.5596,1.15,0.0,0.0,-5.54,0.0,0.0,-5.5,1.1,0.0 (cmd 0.0),0.0 (cmd 0.0)
0.5601,1.12,0.0,0.0,-5.46,0.0,0.0,-5.5,1.1,0.0 (cmd 0.0),0.0 (cmd 0.0)
0.5606,1.1,0.0,0.0,-5.28,0.0,0.0,-5.3,1.1,0.0 (cmd 0.0),0.0 (cmd 0.0)
0.5611,1.09,0.0,0.0,-5.12,0.0,0.0,-5.1,1.1,0.0 (cmd 0.0),0.0 (cmd 0.0)
0.5615999999999999,1.08,0.0,0.0,-4.81,0.0,0.0,-4.8,1.1,0.0 (cmd 0.0),0.0 (cmd 0.0)
0.5621,1.09,0.0,0.0,-4.33,0.0,0.0,-4.3,1.1,0.0 (cmd 0.0),0.0 (cmd 0.0)
0.5626,1.1,0.0,0.0,-4.28,0.0,0.0,-4.3,1.1,0.0 (cmd 0.0),0.0 (cmd 0.0)
0.5631,1.11,0.0,0.0,-4.3,0.0,0.0,-4.3,1.1,0.0 (cmd 0.0),0.0 (cmd 0.0)
0.5636,1.13,0.0,0.0,-4.13,0.0,0.0,-4.1,1.1,0.0 (cmd 0.0),0.0 (cmd 0.0)
0.5640999999999999,1.18,0.0,0.0,-3.95,0.0,0.0,-4.0,1.2,0.0 (cmd 0.0),0.0 (cmd 0.0)
0.5646,1.18,0.0,0.0,-3.85,0.0,0.0,-3.9,1.2,0.0 (cmd 0.0),0.0 (cmd 0.0)
0.5651,1.2,0.0,0.0,-3.63,0.0,0.0,-3.6,1.2,0.0 (cmd 0.0),0.0 (cmd 0.0)
0.5656,1.21,0.0,0.0,-3.34,0.0,0.0,-3.3,1.2,0.0 (cmd 0.0),0.0 (cmd 0.0)
0.5661,1.22,0.0,0.0,-3.13,0.0,0.0,-3.1,1.2,0.0 (cmd 0.0),0.0 (cmd 0.0)
0.5665999999999999,1.27,0.0,0.0,-2.86,0.0,0.0,-2.9,1.3,0.0 (cmd 0.0),0.0 (cmd 0.0)
0.5671,1.3,0.0,0.0,-2.68,0.0,0.0,-2.7,1.3,0.0 (cmd 0.0),0.0 (cmd 0.0)
0.5676,1.39,0.0,0.0,-2.46,0.0,0.0,-2.5,1.4,0.0 (cmd 0.0),0.0 (cmd 0.0)
0.5681,1.73,0.0,0.0,-2.24,0.0,0.0,-2.2,1.7,0.0 (cmd 0.0),0.0 (cmd 0.0)
0.5686,2.34,0.0,0.0,-2.11,0.0,0.0,-2.1,2.3,0.0 (cmd 0.0),0.0 (cmd 0.0)
0.5690999999999999,2.39,0.0,0.0,-1.91,0.0,0.0,-1.9,2.4,0.0 (cmd 0.0),0.0 (cmd 0.0)
0.5696,2.49,0.0,0.0,-1.8,0.0,0.0,-1.8,2.5,0.0 (cmd 0.0),0.0 (cmd 0.0)
0.5701,2.78,0.0,0.0,-1.72,0.0,0.0,-1.7,2.8,0.0 (cmd 0.0),0.0 (cmd 0.0)
0.5706,2.89,0.0,0.0,-1.63,0.0,0.0,-1.6,2.9,0.0 (cmd 0.0),0.0 (cmd 0.0)
0.5711,2.97,0.0,0.0,-1.58,0.0,0.0,-1.6,3.0,0.0 (cmd 0.0),0.0 (cmd 0.0)
0.5715999999999999,3.0,0.0,0.0,-1.55,0.0,0.0,-1.6,3.0,0.0 (cmd 0.0),0.0 (cmd 0.0)
0.5721,3.04,0.0,0.0,-1.5,0.0,0.0,-1.5,3.0,0.0 (cmd 0.0),0.0 (cmd 0.0)
0.5726,3.1,0.0,0.0,-1.44,0.0,0.0,-1.4,3.1,0.0 (cmd 0.0),0.0 (cmd 0.0)
0.5731,3.27,0.0,0.0,-1.38,0.0,0.0,-1.4,3.3,0.0 (cmd 0.0),0.0 (cmd 0.0)
0.5736,3.34,0.0,0.0,-1.34,0.0,0.0,-1.3,3.3,0.0 (cmd 0.0),0.0 (cmd 0.0)
0.5740999999999999,3.5,0.0,0.0,-1.36,0.0,0.0,-1.4,3.5,0.0 (cmd 0.0),0.0 (cmd 0.0)
0.5746,3.58,0.0,0.0,-1.4,0.0,0.0,-1.4,3.6,0.0 (cmd 0.0),0.0 (cmd 0.0)
0.5751000000000001,3.62,0.0,0.0,-1.45,0.0,0.0,-1.4,3.6,0.0 (cmd 0.0),0.0 (cmd 0.0)
0.5756,3.68,0.0,0.0,-1.55,0.0,0.0,-1.6,3.7,0.0 (cmd 0.0),0.0 (cmd 0.0)
0.5761000000000001,3.71,0.0,0.0,-1.54,0.0,0.0,-1.5,3.7,0.0 (cmd 0.0),0.0 (cmd 0.0)
0.5765999999999999,3.68,0.0,0.0,-1.27,0.0,0.0,-1.3,3.7,0.0 (cmd 0.0),0.0 (cmd 0.0)
0.5771000000000001,3.63,0.0,0.0,-1.27,0.0,0.0,-1.3,3.6,0.0 (cmd 0.0),0.0 (cmd 0.0)
0.5776,3.56,0.0,0.0,-1.41,0.0,0.0,-1.4,3.6,0.0 (cmd 0.0),0.0 (cmd 0.0)
0.5781000000000001,3.47,0.0,0.0,-1.47,0.0,0.0,-1.5,3.5,0.0 (cmd 0.0),0.0 (cmd 0.0)
0.5786,3.35,0.0,0.0,-1.51,0.0,0.0,-1.5,3.4,0.0 (cmd 0.0),0.0 (cmd 0.0)
0.5791,3.36,0.0,0.0,-1.72,0.0,0.0,-1.7,3.4,0.0 (cmd 0.0),0.0 (cmd 0.0)
0.5796,3.57,0.0,0.0,-1.75,0.0,0.0,-1.8,3.6,0.0 (cmd 0.0),0.0 (cmd 0.0)
0.5801000000000001,3.49,0.0,0.0,-1.8,0.0,0.0,-1.8,3.5,0.0 (cmd 0.0),0.0 (cmd 0.0)
0.5806,3.26,0.0,0.0,-1.91,0.0,0.0,-1.9,3.3,0.0 (cmd 0.0),0.0 (cmd 0.0)
0.5811000000000001,3.24,0.0,0.0,-1.88,0.0,0.0,-1.9,3.2,0.0 (cmd 0.0),0.0 (cmd 0.0)
0.5815999999999999,3.36,0.0,0.0,-1.82,0.0,0.0,-1.8,3.4,0.0 (cmd 0.0),0.0 (cmd 0.0)
0.5821000000000001,3.33,0.0,0.0,-1.8,0.0,0.0,-1.8,3.3,0.0 (cmd 0.0),0.0 (cmd 0.0)
0.5826,3.26,0.0,0.0,-1.79,0.0,0.0,-1.8,3.3,0.0 (cmd 0.0),0.0 (cmd 0.0)
0.5831000000000001,3.23,0.0,0.0,-1.8,0.0,0.0,-1.8,3.2,0.0 (cmd 0.0),0.0 (cmd 0.0)
0.5836,3.23,0.0,0.0,-1.79,0.0,0.0,-1.8,3.2,0.0 (cmd 0.0),0.0 (cmd 0.0)
0.5841,3.29,0.0,0.0,-1.8,0.0,0.0,-1.8,3.3,0.0 (cmd 0.0),0.0 (cmd 0.0)
0.5846,3.41,0.0,0.0,-1.82,0.0,0.0,-1.8,3.4,0.0 (cmd 0.0),0.0 (cmd 0.0)
0.5851000000000001,3.55,0.0,0.0,-1.83,0.0,0.0,-1.8,3.5,0.0 (cmd 0.0),0.0 (cmd 0.0)
0.5856,3.54,0.0,0.0,-1.87,0.0,0.0,-1.9,3.5,0.0 (cmd 0.0),0.0 (cmd 0.0)
0.5861000000000001,3.55,0.0,0.0,-1.97,0.0,0.0,-2.0,3.5,0.0 (cmd 0.0),0.0 (cmd 0.0)
0.5865999999999999,3.41,0.0,0.0,-2.03,0.0,0.0,-2.0,3.4,0.0 (cmd 0.0),0.0 (cmd 0.0)
0.5871000000000001,3.33,0.0,0.0,-2.03,0.0,0.0,-2.0,3.3,0.0 (cmd 0.0),0.0 (cmd 0.0)
0.5876,3.3,0.0,0.0,-1.96,0.0,0.0,-2.0,3.3,0.0 (cmd 0.0),0.0 (cmd 0.0)
0.5881000000000001,3.21,0.0,0.0,-1.94,0.0,0.0,-1.9,3.2,0.0 (cmd 0.0),0.0 (cmd 0.0)
0.5886,3.09,0.0,0.0,-1.88,0.0,0.0,-1.9,3.1,0.0 (cmd 0.0),0.0 (cmd 0.0)
0.5891,2.97,0.0,0.0,-1.83,0.0,0.0,-1.8,3.0,0.0 (cmd 0.0),0.0 (cmd 0.0)
0.5896,3.0,0.0,0.0,-1.74,0.0,0.0,-1.7,3.0,0.0 (cmd 0.0),0.0 (cmd 0.0)
0.5901000000000001,3.16,0.0,0.0,-1.58,0.0,0.0,-1.6,3.2,0.0 (cmd 0.0),0.0 (cmd 0.0)
0.5906,3.21,0.0,0.0,-1.41,0.0,0.0,-1.4,3.2,0.0 (cmd 0.0),0.0 (cmd 0.0)
0.5911000000000001,3.24,0.0,0.0,-1.29,0.0,0.0,-1.3,3.2,0.0 (cmd 0.0),0.0 (cmd 0.0)
0.5915999999999999,3.24,0.0,0.0,-1.27,0.0,0.0,-1.3,3.2,0.0 (cmd 0.0),0.0 (cmd 0.0)
0.5921000000000001,3.32,0.0,0.0,-1.27,0.0,0.0,-1.3,3.3,0.0 (cmd 0.0),0.0 (cmd 0.0)
0.5926,3.48,0.0,0.0,-1.24,0.0,0.0,-1.2,3.5,0.0 (cmd 0.0),0.0 (cmd 0.0)
0.5931000000000001,3.58,0.0,0.0,-1.22,0.0,0.0,-1.2,3.6,0.0 (cmd 0.0),0.0 (cmd 0.0)
0.5936,3.6,0.0,0.0,-1.17,0.0,0.0,-1.2,3.6,0.0 (cmd 0.0),0.0 (cmd 0.0)
0.5941,3.6,0.0,0.0,-1.15,0.0,0.0,-1.1,3.6,0.0 (cmd 0.0),0.0 (cmd 0.0)
0.5946,3.59,0.0,0.0,-1.16,0.0,0.0,-1.2,3.6,0.0 (cmd 0.0),0.0 (cmd 0.0)
0.5951000000000001,3.58,0.0,0.0,-1.18,0.0,0.0,-1.2,3.6,0.0 (cmd 0.0),0.0 (cmd 0.0)
0.5956,3.57,0.0,0.0,-1.21,0.0,0.0,-1.2,3.6,0.0 (cmd 0.0),0.0 (cmd 0.0)
0.5961000000000001,3.56,0.0,0.0,-1.2,0.0,0.0,-1.2,3.6,0.0 (cmd 0.0),0.0 (cmd 0.0)
0.5965999999999999,3.58,0.0,0.0,-1.22,0.0,0.0,-1.2,3.6,0.0 (cmd 0.0),0.0 (cmd 0.0)
0.5971000000000001,3.58,0.0,0.0,-1.29,0.0,0.0,-1.3,3.6,0.0 (cmd 0.0),0.0 (cmd 0.0)
0.5976,3.56,0.0,0.0,-1.33,0.0,0.0,-1.3,3.6,0.0 (cmd 0.0),0.0 (cmd 0.0)
0.5981000000000001,3.51,0.0,0.0,-1.36,0.0,0.0,-1.4,3.5,0.0 (cmd 0.0),0.0 (cmd 0.0)
0.5986,3.51,0.0,0.0,-1.34,0.0,0.0,-1.3,3.5,0.0 (cmd 0.0),0.0 (cmd 0.0)
0.5990999999999999,3.44,0.0,0.0,-1.3,0.0,0.0,-1.3,3.4,0.0 (cmd 0.0),0.0 (cmd 0.0)
0.5996,3.38,0.0,0.0,-1.3,0.0,0.0,-1.3,3.4,0.0 (cmd 0.0),0.0 (cmd 0.0)
0.6001000000000001,3.31,0.0,0.0,-1.34,0.0,0.0,-1.3,3.3,0.0 (cmd 0.0),0.0 (cmd 0.0)
0.6006,3.29,0.0,0.0,-1.28,0.0,0.0,-1.3,3.3,0.0 (cmd 0.0),0.0 (cmd 0.0)
0.6011,3.36,0.0,0.0,-1.24,0.0,0.0,-1.2,3.4,0.0 (cmd 0.0),0.0 (cmd 0.0)
0.6015999999999999,3.35,0.0,0.0,-1.24,0.0,0.0,-1.2,3.4,0.0 (cmd 0.0),0.0 (cmd 0.0)
0.6021,3.27,0.0,0.0,-1.21,0.0,0.0,-1.2,3.3,0.0 (cmd 0.0),0.0 (cmd 0.0)
0.6026,3.24,0.0,0.0,-1.24,0.0,0.0,-1.2,3.2,0.0 (cmd 0.0),0.0 (cmd 0.0)
0.6031,3.23,0.0,0.0,-1.26,0.0,0.0,-1.3,3.2,0.0 (cmd 0.0),0.0 (cmd 0.0)
0.6036,3.3,0.0,0.0,-1.25,0.0,0.0,-1.2,3.3,0.0 (cmd 0.0),0.0 (cmd 0.0)
0.6040999999999999,3.33,0.0,0.0,-1.17,0.0,0.0,-1.2,3.3,0.0 (cmd 0.0),0.0 (cmd 0.0)
0.6046,3.36,0.0,0.0,-1.12,0.0,0.0,-1.1,3.4,0.0 (cmd 0.0),0.0 (cmd 0.0)
0.6051,3.36,0.0,0.0,-1.13,0.0,0.0,-1.1,3.4,0.0 (cmd 0.0),0.0 (cmd 0.0)
0.6056,3.5,0.0,0.0,-1.17,0.0,0.0,-1.2,3.5,0.0 (cmd 0.0),0.0 (cmd 0.0)
0.6061,3.58,0.0,0.0,-1.21,0.0,0.0,-1.2,3.6,0.0 (cmd 0.0),0.0 (cmd 0.0)
0.6065999999999999,3.55,0.0,0.0,-1.25,0.0,0.0,-1.2,3.5,0.0 (cmd 0.0),0.0 (cmd 0.0)
0.6071,3.56,0.0,0.0,-1.38,0.0,0.0,-1.4,3.6,0.0 (cmd 0.0),0.0 (cmd 0.0)
0.6076,3.48,0.0,0.0,-1.44,0.0,0.0,-1.4,3.5,0.0 (cmd 0.0),0.0 (cmd 0.0)
0.6081,3.45,0.0,0.0,-1.41,0.0,0.0,-1.4,3.5,0.0 (cmd 0.0),0.0 (cmd 0.0)
0.6086,3.44,0.0,0.0,-1.46,0.0,0.0,-1.5,3.4,0.0 (cmd 0.0),0.0 (cmd 0.0)
0.6090999999999999,3.43,0.0,0.0,-1.53,0.0,0.0,-1.5,3.4,0.0 (cmd 0.0),0.0 (cmd 0.0)
0.6096,3.38,0.0,0.0,-1.56,0.0,0.0,-1.6,3.4,0.0 (cmd 0.0),0.0 (cmd 0.0)
0.6101,3.36,0.0,0.0,-1.58,0.0,0.0,-1.6,3.4,0.0 (cmd 0.0),0.0 (cmd 0.0)
0.6106,3.35,0.0,0.0,-1.61,0.0,0.0,-1.6,3.4,0.0 (cmd 0.0),0.0 (cmd 0.0)
0.6111,3.32,0.0,0.0,-1.62,0.0,0.0,-1.6,3.3,0.0 (cmd 0.0),0.0 (cmd 0.0)
0.6115999999999999,3.23,0.0,0.0,-1.72,0.0,0.0,-1.7,3.2,0.0 (cmd 0.0),0.0 (cmd 0.0)
0.6121,3.17,0.0,0.0,-1.78,0.0,0.0,-1.8,3.2,0.0 (cmd 0.0),0.0 (cmd 0.0)
0.6126,3.15,0.0,0.0,-1.73,0.0,0.0,-1.7,3.1,0.0 (cmd 0.0),0.0 (cmd 0.0)
0.6131,3.19,0.0,0.0,-1.72,0.0,0.0,-1.7,3.2,0.0 (cmd 0.0),0.0 (cmd 0.0)
0.6136,3.24,0.0,0.0,-1.76,0.0,0.0,-1.8,3.2,0.0 (cmd 0.0),0.0 (cmd 0.0)
0.6140999999999999,3.27,0.0,0.0,-1.85,0.0,0.0,-1.9,3.3,0.0 (cmd 0.0),0.0 (cmd 0.0)
0.6146,3.26,0.0,0.0,-1.83,0.0,0.0,-1.8,3.3,0.0 (cmd 0.0),0.0 (cmd 0.0)
0.6151,3.25,0.0,0.0,-1.8,0.0,0.0,-1.8,3.2,0.0 (cmd 0.0),0.0 (cmd 0.0)
0.6156,3.24,0.0,0.0,-1.79,0.0,0.0,-1.8,3.2,0.0 (cmd 0.0),0.0 (cmd 0.0)
0.6161,3.24,0.0,0.0,-1.78,0.0,0.0,-1.8,3.2,0.0 (cmd 0.0),0.0 (cmd 0.0)
0.6165999999999999,3.22,0.0,0.0,-1.76,0.0,0.0,-1.8,3.2,0.0 (cmd 0.0),0.0 (cmd 0.0)
0.6171,3.21,0.0,0.0,-1.76,0.0,0.0,-1.8,3.2,0.0 (cmd 0.0),0.0 (cmd 0.0)
0.6176,3.19,0.0,0.0,-1.75,0.0,0.0,-1.8,3.2,0.0 (cmd 0.0),0.0 (cmd 0.0)
0.6181,3.15,0.0,0.0,-1.77,0.0,0.0,-1.8,3.1,0.0 (cmd 0.0),0.0 (cmd 0.0)
0.6186,3.1,0.0,0.0,-1.78,0.0,0.0,-1.8,3.1,0.0 (cmd 0.0),0.0 (cmd 0.0)
0.6190999999999999,3.1,0.0,0.0,-1.83,0.0,0.0,-1.8,3.1,0.0 (cmd 0.0),0.0 (cmd 0.0)
0.6196,3.11,0.0,0.0,-1.88,0.0,0.0,-1.9,3.1,0.0 (cmd 0.0),0.0 (cmd 0.0)
0.6201,3.13,0.0,0.0,-1.93,0.0,0.0,-1.9,3.1,0.0 (cmd 0.0),0.0 (cmd 0.0)
0.6206,3.14,0.0,0.0,-1.99,0.0,0.0,-2.0,3.1,0.0 (cmd 0.0),0.0 (cmd 0.0)
0.6211,3.16,0.0,0.0,-1.97,0.0,0.0,-2.0,3.2,0.0 (cmd 0.0),0.0 (cmd 0.0)
0.6215999999999999,3.17,0.0,0.0,-1.95,0.0,0.0,-1.9,3.2,0.0 (cmd 0.0),0.0 (cmd 0.0)
0.6221,3.14,0.0,0.0,-1.89,0.0,0.0,-1.9,3.1,0.0 (cmd 0.0),0.0 (cmd 0.0)
0.6226,3.06,0.0,0.0,-2.05,0.0,0.0,-2.0,3.1,0.0 (cmd 0.0),0.0 (cmd 0.0)
0.6231,3.0,0.0,0.0,-2.22,0.0,0.0,-2.2,3.0,0.0 (cmd 0.0),0.0 (cmd 0.0)
0.6236,2.91,0.0,0.0,-2.16,0.0,0.0,-2.2,2.9,0.0 (cmd 0.0),0.0 (cmd 0.0)
0.6240999999999999,2.86,0.0,0.0,-2.03,0.0,0.0,-2.0,2.9,0.0 (cmd 0.0),0.0 (cmd 0.0)
0.6246,2.87,0.0,0.0,-2.06,0.0,0.0,-2.1,2.9,0.0 (cmd 0.0),0.0 (cmd 0.0)
0.6251,2.88,0.0,0.0,-2.13,0.0,0.0,-2.1,2.9,0.0 (cmd 0.0),0.0 (cmd 0.0)
0.6256,2.87,0.0,0.0,-2.16,0.0,0.0,-2.2,2.9,0.0 (cmd 0.0),0.0 (cmd 0.0)
0.6261,2.85,0.0,0.0,-2.05,0.0,0.0,-2.0,2.9,0.0 (cmd 0.0),0.0 (cmd 0.0)
0.6265999999999999,2.83,0.0,0.0,-1.9,0.0,0.0,-1.9,2.8,0.0 (cmd 0.0),0.0 (cmd 0.0)
0.6271,2.8,0.0,0.0,-1.73,0.0,0.0,-1.7,2.8,0.0 (cmd 0.0),0.0 (cmd 0.0)
0.6276,2.8,0.0,0.0,-1.68,0.0,0.0,-1.7,2.8,0.0 (cmd 0.0),0.0 (cmd 0.0)
0.6281,2.78,0.0,0.0,-1.68,0.0,0.0,-1.7,2.8,0.0 (cmd 0.0),0.0 (cmd 0.0)
0.6286,2.75,0.0,0.0,-1.65,0.0,0.0,-1.6,2.8,0.0 (cmd 0.0),0.0 (cmd 0.0)
0.6290999999999999,2.78,0.0,0.0,-1.58,0.0,0.0,-1.6,2.8,0.0 (cmd 0.0),0.0 (cmd 0.0)
0.6296,2.76,0.0,0.0,-1.56,0.0,0.0,-1.6,2.8,0.0 (cmd 0.0),0.0 (cmd 0.0)
0.6301,2.66,0.0,0.0,-1.58,0.0,0.0,-1.6,2.7,0.0 (cmd 0.0),0.0 (cmd 0.0)
0.6306,2.57,0.0,0.0,-1.6,0.0,0.0,-1.6,2.6,0.0 (cmd 0.0),0.0 (cmd 0.0)
0.6311,2.51,0.0,0.0,-1.59,0.0,0.0,-1.6,2.5,0.0 (cmd 0.0),0.0 (cmd 0.0)
0.6315999999999999,2.45,0.0,0.0,-1.54,0.0,0.0,-1.5,2.5,0.0 (cmd 0.0),0.0 (cmd 0.0)
0.6321,2.44,0.0,0.0,-1.51,0.0,0.0,-1.5,2.4,0.0 (cmd 0.0),0.0 (cmd 0.0)
0.6326,2.46,0.0,0.0,-1.55,0.0,0.0,-1.6,2.5,0.0 (cmd 0.0),0.0 (cmd 0.0)
0.6331,2.48,0.0,0.0,-1.51,0.0,0.0,-1.5,2.5,0.0 (cmd 0.0),0.0 (cmd 0.0)
0.6336,2.5,0.0,0.0,-1.37,0.0,0.0,-1.4,2.5,0.0 (cmd 0.0),0.0 (cmd 0.0)
0.6340999999999999,2.56,0.0,0.0,-1.35,0.0,0.0,-1.4,2.6,0.0 (cmd 0.0),0.0 (cmd 0.0)
0.6346,2.62,0.0,0.0,-1.39,0.0,0.0,-1.4,2.6,0.0 (cmd 0.0),0.0 (cmd 0.0)
0.6351,2.67,0.0,0.0,-1.36,0.0,0.0,-1.4,2.7,0.0 (cmd 0.0),0.0 (cmd 0.0)
0.6356,2.73,0.0,0.0,-1.36,0.0,0.0,-1.4,2.7,0.0 (cmd 0.0),0.0 (cmd 0.0)
0.6361,2.72,0.0,0.0,-1.27,0.0,0.0,-1.3,2.7,0.0 (cmd 0.0),0.0 (cmd 0.0)
0.6365999999999999,2.63,0.0,0.0,-1.3,0.0,0.0,-1.3,2.6,0.0 (cmd 0.0),0.0 (cmd 0.0)
0.6371,2.51,0.0,0.0,-1.26,0.0,0.0,-1.3,2.5,0.0 (cmd 0.0),0.0 (cmd 0.0)
0.6376000000000001,2.67,0.0,0.0,-1.21,0.0,0.0,-1.2,2.7,0.0 (cmd 0.0),0.0 (cmd 0.0)
0.6381,2.79,0.0,0.0,-1.18,0.0,0.0,-1.2,2.8,0.0 (cmd 0.0),0.0 (cmd 0.0)
0.6386000000000001,2.8,0.0,0.0,-1.15,0.0,0.0,-1.1,2.8,0.0 (cmd 0.0),0.0 (cmd 0.0)
0.6390999999999999,2.8,0.0,0.0,-1.11,0.0,0.0,-1.1,2.8,0.0 (cmd 0.0),0.0 (cmd 0.0)
0.6396000000000001,2.73,0.0,0.0,-1.05,0.0,0.0,-1.1,2.7,0.0 (cmd 0.0),0.0 (cmd 0.0)
0.6401,2.66,0.0,0.0,-1.08,0.0,0.0,-1.1,2.7,0.0 (cmd 0.0),0.0 (cmd 0.0)
0.6406000000000001,2.67,0.0,0.0,-1.12,0.0,0.0,-1.1,2.7,0.0 (cmd 0.0),0.0 (cmd 0.0)
0.6411,2.66,0.0,0.0,-1.22,0.0,0.0,-1.2,2.7,0.0 (cmd 0.0),0.0 (cmd 0.0)
0.6416,2.62,0.0,0.0,-1.21,0.0,0.0,-1.2,2.6,0.0 (cmd 0.0),0.0 (cmd 0.0)
0.6420999999999999,2.57,0.0,0.0,-1.24,0.0,0.0,-1.2,2.6,0.0 (cmd 0.0),0.0 (cmd 0.0)
0.6426000000000001,2.56,0.0,0.0,-1.27,0.0,0.0,-1.3,2.6,0.0 (cmd 0.0),0.0 (cmd 0.0)
0.6431,2.55,0.0,0.0,-1.25,0.0,0.0,-1.2,2.5,0.0 (cmd 0.0),0.0 (cmd 0.0)
0.6436000000000001,2.51,0.0,0.0,-1.21,0.0,0.0,-1.2,2.5,0.0 (cmd 0.0),0.0 (cmd 0.0)
0.6440999999999999,2.45,0.0,0.0,-1.22,0.0,0.0,-1.2,2.5,0.0 (cmd 0.0),0.0 (cmd 0.0)
0.6446,2.37,0.0,0.0,-1.24,0.0,0.0,-1.2,2.4,0.0 (cmd 0.0),0.0 (cmd 0.0)
0.6451,2.36,0.0,0.0,-1.24,0.0,0.0,-1.2,2.4,0.0 (cmd 0.0),0.0 (cmd 0.0)
0.6456000000000001,2.37,0.0,0.0,-1.22,0.0,0.0,-1.2,2.4,0.0 (cmd 0.0),0.0 (cmd 0.0)
0.6461,2.34,0.0,0.0,-1.19,0.0,0.0,-1.2,2.3,0.0 (cmd 0.0),0.0 (cmd 0.0)
0.6466,2.29,0.0,0.0,-1.13,0.0,0.0,-1.1,2.3,0.0 (cmd 0.0),0.0 (cmd 0.0)
0.6470999999999999,2.31,0.0,0.0,-1.02,0.0,0.0,-1.0,2.3,0.0 (cmd 0.0),0.0 (cmd 0.0)
0.6476000000000001,2.39,0.0,0.0,-0.94,0.0,0.0,-0.9,2.4,0.0 (cmd 0.0),0.0 (cmd 0.0)
0.6481,2.45,0.0,0.0,-0.9,0.0,0.0,-0.9,2.5,0.0 (cmd 0.0),0.0 (cmd 0.0)
0.6486000000000001,2.68,0.0,0.0,-0.85,0.0,0.0,-0.8,2.7,0.0 (cmd 0.0),0.0 (cmd 0.0)
0.6490999999999999,2.88,0.0,0.0,-0.72,0.0,0.0,-0.7,2.9,0.0 (cmd 0.0),0.0 (cmd 0.0)
0.6496,2.94,0.0,0.0,-0.6,0.0,0.0,-0.6,2.9,0.0 (cmd 0.0),0.0 (cmd 0.0)
0.6501,2.92,0.0,0.0,-0.51,0.0,0.0,-0.5,2.9,0.0 (cmd 0.0),0.0 (cmd 0.0)
0.6506000000000001,2.93,0.0,0.0,-0.44,0.0,0.0,-0.4,2.9,0.0 (cmd 0.0),0.0 (cmd 0.0)
0.6511,2.95,0.0,0.0,-0.39,0.0,0.0,-0.4,3.0,0.0 (cmd 0.0),0.0 (cmd 0.0)
0.6516,3.0,0.0,0.0,-0.22,0.0,0.0,-0.2,3.0,0.0 (cmd 0.0),0.0 (cmd 0.0)
0.6520999999999999,3.07,0.0,0.0,0.17,0.0,0.0,0.2,3.1,0.0 (cmd 0.0),0.0 (cmd 0.0)
0.6526000000000001,3.0,0.0,0.0,0.6,0.0,0.0,0.6,3.0,0.0 (cmd 0.0),0.0 (cmd 0.0)
0.6531,2.94,0.0,0.0,0.65,0.0,0.0,0.7,2.9,0.0 (cmd 0.0),0.0 (cmd 0.0)
0.6536000000000001,2.83,0.0,0.0,0.54,0.0,0.0,0.5,2.8,0.0 (cmd 0.0),0.0 (cmd 0.0)
0.6540999999999999,2.8,0.0,0.0,0.41,0.0,0.0,0.4,2.8,0.0 (cmd 0.0),0.0 (cmd 0.0)
0.6546,2.62,0.0,0.0,0.48,0.0,0.0,0.5,2.6,0.0 (cmd 0.0),0.0 (cmd 0.0)
0.6551,2.56,0.0,0.0,0.55,0.0,0.0,0.6,2.6,0.0 (cmd 0.0),0.0 (cmd 0.0)
0.6556000000000001,2.57,0.0,0.0,0.54,0.0,0.0,0.5,2.6,0.0 (cmd 0.0),0.0 (cmd 0.0)
0.6561,2.55,0.0,0.0,0.5,0.0,0.0,0.5,2.5,0.0 (cmd 0.0),0.0 (cmd 0.0)
0.6566,2.43,0.0,0.0,0.39,0.0,0.0,0.4,2.4,0.0 (cmd 0.0),0.0 (cmd 0.0)
0.6570999999999999,2.43,0.0,0.0,0.34,0.0,0.0,0.3,2.4,0.0 (cmd 0.0),0.0 (cmd 0.0)
0.6576000000000001,2.45,0.0,0.0,0.34,0.0,0.0,0.3,2.5,0.0 (cmd 0.0),0.0 (cmd 0.0)
0.6581,2.49,0.0,0.0,0.35,0.0,0.0,0.3,2.5,0.0 (cmd 0.0),0.0 (cmd 0.0)
0.6586000000000001,2.54,0.0,0.0,0.44,0.0,0.0,0.4,2.5,0.0 (cmd 0.0),0.0 (cmd 0.0)
0.6590999999999999,2.56,0.0,0.0,0.47,0.0,0.0,0.5,2.6,0.0 (cmd 0.0),0.0 (cmd 0.0)
0.6596,2.55,0.0,0.0,0.45,0.0,0.0,0.5,2.5,0.0 (cmd 0.0),0.0 (cmd 0.0)
0.6601,2.57,0.0,0.0,0.45,0.0,0.0,0.5,2.6,0.0 (cmd 0.0),0.0 (cmd 0.0)
0.6606000000000001,2.62,0.0,0.0,0.49,0.0,0.0,0.5,2.6,0.0 (cmd 0.0),0.0 (cmd 0.0)
0.6611,2.63,0.0,0.0,0.6,0.0,0.0,0.6,2.6,0.0 (cmd 0.0),0.0 (cmd 0.0)
0.6615999999999999,2.64,0.0,0.0,0.68,0.0,0.0,0.7,2.6,0.0 (cmd 0.0),0.0 (cmd 0.0)
0.6620999999999999,2.65,0.0,0.0,0.84,0.0,0.0,0.8,2.6,0.0 (cmd 0.0),0.0 (cmd 0.0)
0.6626000000000001,2.65,0.0,0.0,0.83,0.0,0.0,0.8,2.6,0.0 (cmd 0.0),0.0 (cmd 0.0)
0.6631,2.62,0.0,0.0,0.77,0.0,0.0,0.8,2.6,0.0 (cmd 0.0),0.0 (cmd 0.0)
0.6636,2.58,0.0,0.0,0.74,0.0,0.0,0.7,2.6,0.0 (cmd 0.0),0.0 (cmd 0.0)
0.6640999999999999,2.54,0.0,0.0,0.59,0.0,0.0,0.6,2.5,0.0 (cmd 0.0),0.0 (cmd 0.0)
0.6645999999999999,2.52,0.0,0.0,0.48,0.0,0.0,0.5,2.5,0.0 (cmd 0.0),0.0 (cmd 0.0)
0.6651,2.48,0.0,0.0,0.42,0.0,0.0,0.4,2.5,0.0 (cmd 0.0),0.0 (cmd 0.0)
0.6656,2.44,0.0,0.0,0.39,0.0,0.0,0.4,2.4,0.0 (cmd 0.0),0.0 (cmd 0.0)
0.6661,2.41,0.0,0.0,0.31,0.0,0.0,0.3,2.4,0.0 (cmd 0.0),0.0 (cmd 0.0)
0.6665999999999999,2.37,0.0,0.0,0.18,0.0,0.0,0.2,2.4,0.0 (cmd 0.0),0.0 (cmd 0.0)
0.6670999999999999,2.34,0.0,0.0,0.09,0.0,0.0,0.1,2.3,0.0 (cmd 0.0),0.0 (cmd 0.0)
0.6676,2.33,0.0,0.0,0.01,0.0,0.0,0.0,2.3,0.0 (cmd 0.0),0.0 (cmd 0.0)
0.6681,2.32,0.0,0.0,-0.02,0.0,0.0,-0.0,2.3,0.0 (cmd 0.0),0.0 (cmd 0.0)
0.6686,2.27,0.0,0.0,-0.15,0.0,0.0,-0.1,2.3,0.0 (cmd 0.0),0.0 (cmd 0.0)
0.6690999999999999,2.21,0.0,0.0,-0.26,0.0,0.0,-0.3,2.2,0.0 (cmd 0.0),0.0 (cmd 0.0)
0.6695999999999999,2.13,0.0,0.0,-0.32,0.0,0.0,-0.3,2.1,0.0 (cmd 0.0),0.0 (cmd 0.0)
0.6701,2.06,0.0,0.0,-0.37,0.0,0.0,-0.4,2.1,0.0 (cmd 0.0),0.0 (cmd 0.0)
0.6706,2.05,0.0,0.0,-0.39,0.0,0.0,-0.4,2.0,0.0 (cmd 0.0),0.0 (cmd 0.0)
0.6711,2.01,0.0,0.0,-0.39,0.0,0.0,-0.4,2.0,0.0 (cmd 0.0),0.0 (cmd 0.0)
0.6715999999999999,1.98,0.0,0.0,-0.41,0.0,0.0,-0.4,2.0,0.0 (cmd 0.0),0.0 (cmd 0.0)
0.6720999999999999,1.9,0.0,0.0,-0.44,0.0,0.0,-0.4,1.9,0.0 (cmd 0.0),0.0 (cmd 0.0)
0.6726,1.85,0.0,0.0,-0.45,0.0,0.0,-0.5,1.9,0.0 (cmd 0.0),0.0 (cmd 0.0)
0.6731,1.8,0.0,0.0,-0.5,0.0,0.0,-0.5,1.8,0.0 (cmd 0.0),0.0 (cmd 0.0)
0.6736,1.78,0.0,0.0,-0.51,0.0,0.0,-0.5,1.8,0.0 (cmd 0.0),0.0 (cmd 0.0)
0.6740999999999999,1.75,0.0,0.0,-0.55,0.0,0.0,-0.6,1.8,0.0 (cmd 0.0),0.0 (cmd 0.0)
0.6745999999999999,1.72,0.0,0.0,-0.55,0.0,0.0,-0.6,1.7,0.0 (cmd 0.0),0.0 (cmd 0.0)
0.6751,1.65,0.0,0.0,-0.56,0.0,0.0,-0.6,1.6,0.0 (cmd 0.0),0.0 (cmd 0.0)
0.6756,1.61,0.0,0.0,-0.57,0.0,0.0,-0.6,1.6,0.0 (cmd 0.0),0.0 (cmd 0.0)
0.6761,1.51,0.0,0.0,-0.62,0.0,0.0,-0.6,1.5,0.0 (cmd 0.0),0.0 (cmd 0.0)
0.6765999999999999,1.42,0.0,0.0,-0.73,0.0,0.0,-0.7,1.4,0.0 (cmd 0.0),0.0 (cmd 0.0)
0.6770999999999999,1.23,0.0,0.0,-0.8,0.0,0.0,-0.8,1.2,0.0 (cmd 0.0),0.0 (cmd 0.0)
0.6776,1.12,0.0,0.0,-0.88,0.0,0.0,-0.9,1.1,0.0 (cmd 0.0),0.0 (cmd 0.0)
0.6781,1.05,0.0,0.0,-1.01,0.0,0.0,-1.0,1.1,0.0 (cmd 0.0),0.0 (cmd 0.0)
0.6786,0.99,0.0,0.0,-1.1,0.0,0.0,-1.1,1.0,0.0 (cmd 0.0),0.0 (cmd 0.0)
0.6790999999999999,0.94,0.0,0.0,-1.15,0.0,0.0,-1.1,0.9,0.0 (cmd 0.0),0.0 (cmd 0.0)
0.6795999999999999,0.87,0.0,0.0,-1.25,0.0,0.0,-1.2,0.9,0.0 (cmd 0.0),0.0 (cmd 0.0)
0.6801,0.81,0.0,0.0,-1.34,0.0,0.0,-1.3,0.8,0.0 (cmd 0.0),0.0 (cmd 0.0)
0.6806,0.74,0.0,0.0,-1.41,0.0,0.0,-1.4,0.7,0.0 (cmd 0.0),0.0 (cmd 0.0)
0.6811,0.66,0.0,0.0,-1.49,0.0,0.0,-1.5,0.7,0.0 (cmd 0.0),0.0 (cmd 0.0)
0.6815999999999999,0.61,0.0,0.0,-1.53,0.0,0.0,-1.5,0.6,0.0 (cmd 0.0),0.0 (cmd 0.0)
0.6820999999999999,0.59,0.0,0.0,-1.5,0.0,0.0,-1.5,0.6,0.0 (cmd 0.0),0.0 (cmd 0.0)
0.6826,0.57,0.0,0.0,-1.46,0.0,0.0,-1.5,0.6,0.0 (cmd 0.0),0.0 (cmd 0.0)
0.6831,0.54,0.0,0.0,-1.62,0.0,0.0,-1.6,0.5,0.0 (cmd 0.0),0.0 (cmd 0.0)
0.6836,0.49,0.0,0.0,-1.74,0.0,0.0,-1.7,0.5,0.0 (cmd 0.0),0.0 (cmd 0.0)
0.6840999999999999,0.48,0.0,0.0,-1.94,0.0,0.0,-1.9,0.5,0.0 (cmd 0.0),0.0 (cmd 0.0)
0.6845999999999999,0.45,0.0,0.0,-2.07,0.0,0.0,-2.1,0.5,0.0 (cmd 0.0),0.0 (cmd 0.0)
0.6851,0.39,0.0,0.0,-2.18,0.0,0.0,-2.2,0.4,0.0 (cmd 0.0),0.0 (cmd 0.0)
0.6856,0.34,0.0,0.0,-2.29,0.0,0.0,-2.3,0.3,0.0 (cmd 0.0),0.0 (cmd 0.0)
0.6861,0.33,0.0,0.0,-2.45,0.0,0.0,-2.5,0.3,0.0 (cmd 0.0),0.0 (cmd 0.0)
0.6865999999999999,0.31,0.0,0.0,-2.79,0.0,0.0,-2.8,0.3,0.0 (cmd 0.0),0.0 (cmd 0.0)
0.6870999999999999,0.26,0.0,0.0,-2.99,0.0,0.0,-3.0,0.3,0.0 (cmd 0.0),0.0 (cmd 0.0)
0.6876,0.19,0.0,0.0,-2.97,0.0,0.0,-3.0,0.2,0.0 (cmd 0.0),0.0 (cmd 0.0)
0.6881,0.13,0.0,0.0,-2.97,0.0,0.0,-3.0,0.1,0.0 (cmd 0.0),0.0 (cmd 0.0)
0.6886,0.06,0.0,0.0,-2.97,0.0,0.0,-3.0,0.1,0.0 (cmd 0.0),0.0 (cmd 0.0)
0.6890999999999999,0.01,0.0,0.0,-2.94,0.0,0.0,-2.9,0.0,0.0 (cmd 0.0),0.0 (cmd 0.0)
0.6895999999999999,-0.04,0.0,0.0,-2.89,0.0,0.0,-2.9,-0.0,0.0 (cmd 0.0),0.0 (cmd 0.0)
0.6901,-0.09,0.0,0.0,-2.86,0.0,0.0,-2.9,-0.1,0.0 (cmd 0.0),0.0 (cmd 0.0)
0.6906,-0.15,0.0,0.0,-2.86,0.0,0.0,-2.9,-0.1,0.0 (cmd 0.0),0.0 (cmd 0.0)
0.6911,-0.19,0.0,0.0,-2.87,0.0,0.0,-2.9,-0.2,0.0 (cmd 0.0),0.0 (cmd 0.0)
0.6915999999999999,-0.26,0.0,0.0,-2.83,0.0,0.0,-2.8,-0.3,0.0 (cmd 0.0),0.0 (cmd 0.0)
0.6920999999999999,-0.27,0.0,0.0,-2.81,0.0,0.0,-2.8,-0.3,0.0 (cmd 0.0),0.0 (cmd 0.0)
0.6926,-0.26,0.0,0.0,-2.78,0.0,0.0,-2.8,-0.3,0.0 (cmd 0.0),0.0 (cmd 0.0)
0.6931,-0.28,0.0,0.0,-2.72,0.0,0.0,-2.7,-0.3,0.0 (cmd 0.0),0.0 (cmd 0.0)
0.6936,-0.31,0.0,0.0,-2.64,0.0,0.0,-2.6,-0.3,0.0 (cmd 0.0),0.0 (cmd 0.0)
0.6940999999999999,-0.32,0.0,0.0,-2.62,0.0,0.0,-2.6,-0.3,0.0 (cmd 0.0),0.0 (cmd 0.0)
0.6945999999999999,-0.34,0.0,0.0,-2.49,0.0,0.0,-2.5,-0.3,0.0 (cmd 0.0),0.0 (cmd 0.0)
0.6951,-0.34,0.0,0.0,-2.38,0.0,0.0,-2.4,-0.3,0.0 (cmd 0.0),0.0 (cmd 0.0)
0.6956,-0.33,0.0,0.0,-2.35,0.0,0.0,-2.4,-0.3,0.0 (cmd 0.0),0.0 (cmd 0.0)
0.6961,-0.33,0.0,0.0,-2.35,0.0,0.0,-2.4,-0.3,0.0 (cmd 0.0),0.0 (cmd 0.0)
0.6965999999999999,-0.32,0.0,0.0,-2.41,0.0,0.0,-2.4,-0.3,0.0 (cmd 0.0),0.0 (cmd 0.0)
0.6970999999999999,-0.31,0.0,0.0,-2.43,0.0,0.0,-2.4,-0.3,0.0 (cmd 0.0),0.0 (cmd 0.0)
0.6976,-0.31,0.0,0.0,-2.42,0.0,0.0,-2.4,-0.3,0.0 (cmd 0.0),0.0 (cmd 0.0)
0.6981,-0.29,0.0,0.0,-2.46,0.0,0.0,-2.5,-0.3,0.0 (cmd 0.0),0.0 (cmd 0.0)
0.6986,-0.29,0.0,0.0,-2.51,0.0,0.0,-2.5,-0.3,0.0 (cmd 0.0),0.0 (cmd 0.0)
0.6990999999999999,-0.3,0.0,0.0,-2.53,0.0,0.0,-2.5,-0.3,0.0 (cmd 0.0),0.0 (cmd 0.0)
0.6995999999999999,-0.31,0.0,0.0,-2.53,0.0,0.0,-2.5,-0.3,0.0 (cmd 0.0),0.0 (cmd 0.0)
0.7001000000000001,-0.33,0.0,0.0,-2.51,0.0,0.0,-2.5,-0.3,0.0 (cmd 0.0),0.0 (cmd 0.0)
0.7006,-0.35,0.0,0.0,-2.41,0.0,0.0,-2.4,-0.3,0.0 (cmd 0.0),0.0 (cmd 0.0)
0.7011000000000001,-0.37,0.0,0.0,-2.37,0.0,0.0,-2.4,-0.4,0.0 (cmd 0.0),0.0 (cmd 0.0)
0.7015999999999999,-0.4,0.0,0.0,-2.33,0.0,0.0,-2.3,-0.4,0.0 (cmd 0.0),0.0 (cmd 0.0)
0.7021,-0.44,0.0,0.0,-2.32,0.0,0.0,-2.3,-0.4,0.0 (cmd 0.0),0.0 (cmd 0.0)
0.7026,-0.47,0.0,0.0,-2.28,0.0,0.0,-2.3,-0.5,0.0 (cmd 0.0),0.0 (cmd 0.0)
0.7031000000000001,-0.49,0.0,0.0,-2.24,0.0,0.0,-2.2,-0.5,0.0 (cmd 0.0),0.0 (cmd 0.0)
0.7036,-0.53,0.0,0.0,-1.96,0.0,0.0,-2.0,-0.5,0.0 (cmd 0.0),0.0 (cmd 0.0)
0.7041,-0.55,0.0,0.0,-1.85,0.0,0.0,-1.9,-0.6,0.0 (cmd 0.0),0.0 (cmd 0.0)
0.7045999999999999,-0.54,0.0,0.0,-1.86,0.0,0.0,-1.9,-0.5,0.0 (cmd 0.0),0.0 (cmd 0.0)
0.7051000000000001,-0.53,0.0,0.0,-1.93,0.0,0.0,-1.9,-0.5,0.0 (cmd 0.0),0.0 (cmd 0.0)
0.7056,-0.53,0.0,0.0,-2.04,0.0,0.0,-2.0,-0.5,0.0 (cmd 0.0),0.0 (cmd 0.0)
0.7061000000000001,-0.55,0.0,0.0,-2.12,0.0,0.0,-2.1,-0.6,0.0 (cmd 0.0),0.0 (cmd 0.0)
0.7065999999999999,-0.6,0.0,0.0,-2.24,0.0,0.0,-2.2,-0.6,0.0 (cmd 0.0),0.0 (cmd 0.0)
0.7071,-0.66,0.0,0.0,-2.36,0.0,0.0,-2.4,-0.7,0.0 (cmd 0.0),0.0 (cmd 0.0)
0.7076,-0.61,0.0,0.0,-2.41,0.0,0.0,-2.4,-0.6,0.0 (cmd 0.0),0.0 (cmd 0.0)
0.7081000000000001,-0.58,0.0,0.0,-2.45,0.0,0.0,-2.5,-0.6,0.0 (cmd 0.0),0.0 (cmd 0.0)
0.7086,-0.71,0.0,0.0,-2.49,0.0,0.0,-2.5,-0.7,0.0 (cmd 0.0),0.0 (cmd 0.0)
0.7091,-0.88,0.0,0.0,-2.53,0.0,0.0,-2.5,-0.9,0.0 (cmd 0.0),0.0 (cmd 0.0)
0.7095999999999999,-0.99,0.0,0.0,-2.62,0.0,0.0,-2.6,-1.0,0.0 (cmd 0.0),0.0 (cmd 0.0)
0.7101000000000001,-1.1,0.0,0.0,-2.72,0.0,0.0,-2.7,-1.1,0.0 (cmd 0.0),0.0 (cmd 0.0)
0.7106,-1.27,0.0,0.0,-2.8,0.0,0.0,-2.8,-1.3,0.0 (cmd 0.0),0.0 (cmd 0.0)
0.7111000000000001,-1.43,0.0,0.0,-2.85,0.0,0.0,-2.9,-1.4,0.0 (cmd 0.0),0.0 (cmd 0.0)
0.7115999999999999,-1.48,0.0,0.0,-2.91,0.0,0.0,-2.9,-1.5,0.0 (cmd 0.0),0.0 (cmd 0.0)
0.7121,-1.52,0.0,0.0,-2.96,0.0,0.0,-3.0,-1.5,0.0 (cmd 0.0),0.0 (cmd 0.0)
0.7126,-1.59,0.0,0.0,-3.09,0.0,0.0,-3.1,-1.6,0.0 (cmd 0.0),0.0 (cmd 0.0)
0.7131000000000001,-1.76,0.0,0.0,-3.26,0.0,0.0,-3.3,-1.8,0.0 (cmd 0.0),0.0 (cmd 0.0)
0.7136,-1.95,0.0,0.0,-3.29,0.0,0.0,-3.3,-1.9,0.0 (cmd 0.0),0.0 (cmd 0.0)
0.7141,-2.24,0.0,0.0,-3.42,0.0,0.0,-3.4,-2.2,0.0 (cmd 0.0),0.0 (cmd 0.0)
0.7145999999999999,-2.62,0.0,0.0,-3.48,0.0,0.0,-3.5,-2.6,0.0 (cmd 0.0),0.0 (cmd 0.0)
0.7151000000000001,-2.99,0.0,0.0,-3.49,0.0,0.0,-3.5,-3.0,0.0 (cmd 0.0),0.0 (cmd 0.0)
0.7156,-3.3,0.0,0.0,-3.48,0.0,0.0,-3.5,-3.3,0.0 (cmd 0.0),0.0 (cmd 0.0)
0.7161000000000001,-3.47,0.0,0.0,-3.39,0.0,0.0,-3.4,-3.5,0.0 (cmd 0.0),0.0 (cmd 0.0)
0.7165999999999999,-3.65,0.0,0.0,-3.23,0.0,0.0,-3.2,-3.6,0.0 (cmd 0.0),0.0 (cmd 0.0)
0.7171,-3.51,0.0,0.0,-3.17,0.0,0.0,-3.2,-3.5,0.0 (cmd 0.0),0.0 (cmd 0.0)
0.7176,-3.44,0.0,0.0,-3.13,0.0,0.0,-3.1,-3.4,0.0 (cmd 0.0),0.0 (cmd 0.0)
0.7181000000000001,-3.49,0.0,0.0,-3.09,0.0,0.0,-3.1,-3.5,0.0 (cmd 0.0),0.0 (cmd 0.0)
0.7186,-3.5,0.0,0.0,-3.07,0.0,0.0,-3.1,-3.5,0.0 (cmd 0.0),0.0 (cmd 0.0)
0.7191,-3.44,0.0,0.0,-3.02,0.0,0.0,-3.0,-3.4,0.0 (cmd 0.0),0.0 (cmd 0.0)
0.7195999999999999,-3.3,0.0,0.0,-3.06,0.0,0.0,-3.1,-3.3,0.0 (cmd 0.0),0.0 (cmd 0.0)
0.7201000000000001,-3.24,0.0,0.0,-3.06,0.0,0.0,-3.1,-3.2,0.0 (cmd 0.0),0.0 (cmd 0.0)
0.7206,-3.27,0.0,0.0,-3.03,0.0,0.0,-3.0,-3.3,0.0 (cmd 0.0),0.0 (cmd 0.0)
0.7211000000000001,-3.25,0.0,0.0,-2.9,0.0,0.0,-2.9,-3.2,0.0 (cmd 0.0),0.0 (cmd 0.0)
0.7215999999999999,-3.22,0.0,0.0,-2.77,0.0,0.0,-2.8,-3.2,0.0 (cmd 0.0),0.0 (cmd 0.0)
0.7221,-3.21,0.0,0.0,-2.74,0.0,0.0,-2.7,-3.2,0.0 (cmd 0.0),0.0 (cmd 0.0)
0.7226,-3.17,0.0,0.0,-2.81,0.0,0.0,-2.8,-3.2,0.0 (cmd 0.0),0.0 (cmd 0.0)
0.7231000000000001,-3.12,0.0,0.0,-2.83,0.0,0.0,-2.8,-3.1,0.0 (cmd 0.0),0.0 (cmd 0.0)
0.7236,-3.27,0.0,0.0,-2.78,0.0,0.0,-2.8,-3.3,0.0 (cmd 0.0),0.0 (cmd 0.0)
0.7240999999999999,-3.39,0.0,0.0,-2.73,0.0,0.0,-2.7,-3.4,0.0 (cmd 0.0),0.0 (cmd 0.0)
0.7245999999999999,-3.4,0.0,0.0,-2.71,0.0,0.0,-2.7,-3.4,0.0 (cmd 0.0),0.0 (cmd 0.0)
0.7251000000000001,-3.04,0.0,0.0,-2.7,0.0,0.0,-2.7,-3.0,0.0 (cmd 0.0),0.0 (cmd 0.0)
0.7256,-2.66,0.0,0.0,-2.67,0.0,0.0,-2.7,-2.7,0.0 (cmd 0.0),0.0 (cmd 0.0)
0.7261,-2.46,0.0,0.0,-2.67,0.0,0.0,-2.7,-2.5,0.0 (cmd 0.0),0.0 (cmd 0.0)
0.7265999999999999,-2.52,0.0,0.0,-2.61,0.0,0.0,-2.6,-2.5,0.0 (cmd 0.0),0.0 (cmd 0.0)
0.7270999999999999,-2.73,0.0,0.0,-2.6,0.0,0.0,-2.6,-2.7,0.0 (cmd 0.0),0.0 (cmd 0.0)
0.7276,-2.78,0.0,0.0,-2.56,0.0,0.0,-2.6,-2.8,0.0 (cmd 0.0),0.0 (cmd 0.0)
0.7281,-2.73,0.0,0.0,-2.46,0.0,0.0,-2.5,-2.7,0.0 (cmd 0.0),0.0 (cmd 0.0)
0.7286,-2.73,0.0,0.0,-2.39,0.0,0.0,-2.4,-2.7,0.0 (cmd 0.0),0.0 (cmd 0.0)
0.7290999999999999,-2.75,0.0,0.0,-2.39,0.0,0.0,-2.4,-2.8,0.0 (cmd 0.0),0.0 (cmd 0.0)
0.7295999999999999,-2.77,0.0,0.0,-2.27,0.0,0.0,-2.3,-2.8,0.0 (cmd 0.0),0.0 (cmd 0.0)
0.7301,-2.77,0.0,0.0,-2.18,0.0,0.0,-2.2,-2.8,0.0 (cmd 0.0),0.0 (cmd 0.0)
0.7306,-2.79,0.0,0.0,-2.16,0.0,0.0,-2.2,-2.8,0.0 (cmd 0.0),0.0 (cmd 0.0)
0.7311,-3.01,0.0,0.0,-2.16,0.0,0.0,-2.2,-3.0,0.0 (cmd 0.0),0.0 (cmd 0.0)
0.7315999999999999,-3.28,0.0,0.0,-2.17,0.0,0.0,-2.2,-3.3,0.0 (cmd 0.0),0.0 (cmd 0.0)
0.7320999999999999,-3.62,0.0,0.0,-2.16,0.0,0.0,-2.2,-3.6,0.0 (cmd 0.0),0.0 (cmd 0.0)
0.7326,-3.87,0.0,0.0,-2.16,0.0,0.0,-2.2,-3.9,0.0 (cmd 0.0),0.0 (cmd 0.0)
0.7331,-3.94,0.0,0.0,-2.17,0.0,0.0,-2.2,-3.9,0.0 (cmd 0.0),0.0 (cmd 0.0)
0.7336,-3.76,0.0,0.0,-2.2,0.0,0.0,-2.2,-3.8,0.0 (cmd 0.0),0.0 (cmd 0.0)
0.7340999999999999,-3.44,0.0,0.0,-2.23,0.0,0.0,-2.2,-3.4,0.0 (cmd 0.0),0.0 (cmd 0.0)
0.7345999999999999,-3.03,0.0,0.0,-2.31,0.0,0.0,-2.3,-3.0,0.0 (cmd 0.0),0.0 (cmd 0.0)
0.7351,-2.69,0.0,0.0,-2.35,0.0,0.0,-2.4,-2.7,0.0 (cmd 0.0),0.0 (cmd 0.0)
0.7356,-2.63,0.0,0.0,-2.43,0.0,0.0,-2.4,-2.6,0.0 (cmd 0.0),0.0 (cmd 0.0)
0.7361,-2.73,0.0,0.0,-2.48,0.0,0.0,-2.5,-2.7,0.0 (cmd 0.0),0.0 (cmd 0.0)
0.7365999999999999,-2.89,0.0,0.0,-2.53,0.0,0.0,-2.5,-2.9,0.0 (cmd 0.0),0.0 (cmd 0.0)
0.7370999999999999,-2.98,0.0,0.0,-2.56,0.0,0.0,-2.6,-3.0,0.0 (cmd 0.0),0.0 (cmd 0.0)
0.7376,-2.99,0.0,0.0,-2.57,0.0,0.0,-2.6,-3.0,0.0 (cmd 0.0),0.0 (cmd 0.0)
0.7381,-2.98,0.0,0.0,-2.56,0.0,0.0,-2.6,-3.0,0.0 (cmd 0.0),0.0 (cmd 0.0)
0.7386,-2.85,0.0,0.0,-2.62,0.0,0.0,-2.6,-2.9,0.0 (cmd 0.0),0.0 (cmd 0.0)
0.7390999999999999,-2.66,0.0,0.0,-2.61,0.0,0.0,-2.6,-2.7,0.0 (cmd 0.0),0.0 (cmd 0.0)
0.7395999999999999,-2.58,0.0,0.0,-2.58,0.0,0.0,-2.6,-2.6,0.0 (cmd 0.0),0.0 (cmd 0.0)
0.7401,-2.61,0.0,0.0,-2.56,0.0,0.0,-2.6,-2.6,0.0 (cmd 0.0),0.0 (cmd 0.0)
0.7406,-2.67,0.0,0.0,-2.53,0.0,0.0,-2.5,-2.7,0.0 (cmd 0.0),0.0 (cmd 0.0)
0.7411,-2.69,0.0,0.0,-2.6,0.0,0.0,-2.6,-2.7,0.0 (cmd 0.0),0.0 (cmd 0.0)
0.7415999999999999,-2.65,0.0,0.0,-2.66,0.0,0.0,-2.7,-2.6,0.0 (cmd 0.0),0.0 (cmd 0.0)
0.7420999999999999,-2.54,0.0,0.0,-2.68,0.0,0.0,-2.7,-2.5,0.0 (cmd 0.0),0.0 (cmd 0.0)
0.7426,-2.51,0.0,0.0,-2.63,0.0,0.0,-2.6,-2.5,0.0 (cmd 0.0),0.0 (cmd 0.0)
0.7431,-2.48,0.0,0.0,-2.62,0.0,0.0,-2.6,-2.5,0.0 (cmd 0.0),0.0 (cmd 0.0)
0.7436,-2.5,0.0,0.0,-2.63,0.0,0.0,-2.6,-2.5,0.0 (cmd 0.0),0.0 (cmd 0.0)
0.7440999999999999,-2.54,0.0,0.0,-2.63,0.0,0.0,-2.6,-2.5,0.0 (cmd 0.0),0.0 (cmd 0.0)
0.7445999999999999,-2.62,0.0,0.0,-2.64,0.0,0.0,-2.6,-2.6,0.0 (cmd 0.0),0.0 (cmd 0.0)
0.7451,-2.79,0.0,0.0,-2.67,0.0,0.0,-2.7,-2.8,0.0 (cmd 0.0),0.0 (cmd 0.0)
0.7456,-2.94,0.0,0.0,-2.73,0.0,0.0,-2.7,-2.9,0.0 (cmd 0.0),0.0 (cmd 0.0)
0.7461,-3.01,0.0,0.0,-2.8,0.0,0.0,-2.8,-3.0,0.0 (cmd 0.0),0.0 (cmd 0.0)
0.7465999999999999,-3.0,0.0,0.0,-2.91,0.0,0.0,-2.9,-3.0,0.0 (cmd 0.0),0.0 (cmd 0.0)
0.7470999999999999,-2.87,0.0,0.0,-2.93,0.0,0.0,-2.9,-2.9,0.0 (cmd 0.0),0.0 (cmd 0.0)
0.7476,-2.77,0.0,0.0,-2.9,0.0,0.0,-2.9,-2.8,0.0 (cmd 0.0),0.0 (cmd 0.0)
0.7481,-2.73,0.0,0.0,-2.9,0.0,0.0,-2.9,-2.7,0.0 (cmd 0.0),0.0 (cmd 0.0)
0.7486,-2.72,0.0,0.0,-2.91,0.0,0.0,-2.9,-2.7,0.0 (cmd 0.0),0.0 (cmd 0.0)
0.7490999999999999,-2.71,0.0,0.0,-2.91,0.0,0.0,-2.9,-2.7,0.0 (cmd 0.0),0.0 (cmd 0.0)
0.7495999999999999,-2.67,0.0,0.0,-2.9,0.0,0.0,-2.9,-2.7,0.0 (cmd 0.0),0.0 (cmd 0.0)
0.7501,-2.65,0.0,0.0,-2.9,0.0,0.0,-2.9,-2.6,0.0 (cmd 0.0),0.0 (cmd 0.0)
0.7506,-2.65,0.0,0.0,-2.92,0.0,0.0,-2.9,-2.6,0.0 (cmd 0.0),0.0 (cmd 0.0)
0.7511,-2.66,0.0,0.0,-2.93,0.0,0.0,-2.9,-2.7,0.0 (cmd 0.0),0.0 (cmd 0.0)
0.7515999999999999,-2.66,0.0,0.0,-2.93,0.0,0.0,-2.9,-2.7,0.0 (cmd 0.0),0.0 (cmd 0.0)
0.7520999999999999,-2.64,0.0,0.0,-2.84,0.0,0.0,-2.8,-2.6,0.0 (cmd 0.0),0.0 (cmd 0.0)
0.7526,-2.56,0.0,0.0,-2.79,0.0,0.0,-2.8,-2.6,0.0 (cmd 0.0),0.0 (cmd 0.0)
0.7531,-2.45,0.0,0.0,-2.84,0.0,0.0,-2.8,-2.5,0.0 (cmd 0.0),0.0 (cmd 0.0)
0.7536,-2.31,0.0,0.0,-2.9,0.0,0.0,-2.9,-2.3,0.0 (cmd 0.0),0.0 (cmd 0.0)
0.7540999999999999,-2.28,0.0,0.0,-2.94,0.0,0.0,-2.9,-2.3,0.0 (cmd 0.0),0.0 (cmd 0.0)
0.7545999999999999,-2.33,0.0,0.0,-3.0,0.0,0.0,-3.0,-2.3,0.0 (cmd 0.0),0.0 (cmd 0.0)
0.7551,-2.39,0.0,0.0,-3.06,0.0,0.0,-3.1,-2.4,0.0 (cmd 0.0),0.0 (cmd 0.0)
0.7556,-2.4,0.0,0.0,-3.07,0.0,0.0,-3.1,-2.4,0.0 (cmd 0.0),0.0 (cmd 0.0)
0.7561,-2.38,0.0,0.0,-3.04,0.0,0.0,-3.0,-2.4,0.0 (cmd 0.0),0.0 (cmd 0.0)
0.7565999999999999,-2.35,0.0,0.0,-2.95,0.0,0.0,-3.0,-2.4,0.0 (cmd 0.0),0.0 (cmd 0.0)
0.7570999999999999,-2.33,0.0,0.0,-2.96,0.0,0.0,-3.0,-2.3,0.0 (cmd 0.0),0.0 (cmd 0.0)
0.7576,-2.34,0.0,0.0,-3.13,0.0,0.0,-3.1,-2.3,0.0 (cmd 0.0),0.0 (cmd 0.0)
0.7581,-2.39,0.0,0.0,-3.19,0.0,0.0,-3.2,-2.4,0.0 (cmd 0.0),0.0 (cmd 0.0)
0.7586,-2.47,0.0,0.0,-3.17,0.0,0.0,-3.2,-2.5,0.0 (cmd 0.0),0.0 (cmd 0.0)
0.7590999999999999,-2.51,0.0,0.0,-3.12,0.0,0.0,-3.1,-2.5,0.0 (cmd 0.0),0.0 (cmd 0.0)
0.7595999999999999,-2.52,0.0,0.0,-3.09,0.0,0.0,-3.1,-2.5,0.0 (cmd 0.0),0.0 (cmd 0.0)
0.7601,-2.51,0.0,0.0,-3.07,0.0,0.0,-3.1,-2.5,0.0 (cmd 0.0),0.0 (cmd 0.0)
0.7606,-2.49,0.0,0.0,-3.06,0.0,0.0,-3.1,-2.5,0.0 (cmd 0.0),0.0 (cmd 0.0)
0.7611,-2.48,0.0,0.0,-3.03,0.0,0.0,-3.0,-2.5,0.0 (cmd 0.0),0.0 (cmd 0.0)
0.7615999999999999,-2.49,0.0,0.0,-3.02,0.0,0.0,-3.0,-2.5,0.0 (cmd 0.0),0.0 (cmd 0.0)
0.7620999999999999,-2.48,0.0,0.0,-2.95,0.0,0.0,-3.0,-2.5,0.0 (cmd 0.0),0.0 (cmd 0.0)
0.7626000000000001,-2.47,0.0,0.0,-2.94,0.0,0.0,-2.9,-2.5,0.0 (cmd 0.0),0.0 (cmd 0.0)
0.7631,-2.4,0.0,0.0,-2.84,0.0,0.0,-2.8,-2.4,0.0 (cmd 0.0),0.0 (cmd 0.0)
0.7636000000000001,-2.38,0.0,0.0,-2.54,0.0,0.0,-2.5,-2.4,0.0 (cmd 0.0),0.0 (cmd 0.0)
0.7640999999999999,-2.37,0.0,0.0,-2.46,0.0,0.0,-2.5,-2.4,0.0 (cmd 0.0),0.0 (cmd 0.0)
0.7646,-2.52,0.0,0.0,-2.42,0.0,0.0,-2.4,-2.5,0.0 (cmd 0.0),0.0 (cmd 0.0)
0.7651,-2.65,0.0,0.0,-2.74,0.0,0.0,-2.7,-2.6,0.0 (cmd 0.0),0.0 (cmd 0.0)
0.7656000000000001,-2.69,0.0,0.0,-2.72,0.0,0.0,-2.7,-2.7,0.0 (cmd 0.0),0.0 (cmd 0.0)
0.7661,-2.57,0.0,0.0,-2.64,0.0,0.0,-2.6,-2.6,0.0 (cmd 0.0),0.0 (cmd 0.0)
0.7666,-2.26,0.0,0.0,-2.66,0.0,0.0,-2.7,-2.3,0.0 (cmd 0.0),0.0 (cmd 0.0)
0.7670999999999999,-2.02,0.0,0.0,-2.75,0.0,0.0,-2.8,-2.0,0.0 (cmd 0.0),0.0 (cmd 0.0)
0.7676000000000001,-1.44,0.0,0.0,-2.86,0.0,0.0,-2.9,-1.4,0.0 (cmd 0.0),0.0 (cmd 0.0)
0.7681,-0.88,0.0,0.0,-2.98,0.0,0.0,-3.0,-0.9,0.0 (cmd 0.0),0.0 (cmd 0.0)
0.7686000000000001,-0.47,0.0,0.0,-3.1,0.0,0.0,-3.1,-0.5,0.0 (cmd 0.0),0.0 (cmd 0.0)
0.7690999999999999,-0.32,0.0,0.0,-3.11,0.0,0.0,-3.1,-0.3,0.0 (cmd 0.0),0.0 (cmd 0.0)
0.7696,-0.28,0.0,0.0,-3.07,0.0,0.0,-3.1,-0.3,0.0 (cmd 0.0),0.0 (cmd 0.0)
0.7701,-0.22,0.0,0.0,-2.92,0.0,0.0,-2.9,-0.2,0.0 (cmd 0.0),0.0 (cmd 0.0)
0.7706000000000001,-0.14,0.0,0.0,-2.81,0.0,0.0,-2.8,-0.1,0.0 (cmd 0.0),0.0 (cmd 0.0)
0.7711,0.0,0.0,0.0,-2.34,0.0,0.0,-2.3,0.0,0.0 (cmd 0.0),0.0 (cmd 0.0)
0.7716,0.12,0.0,0.0,-1.57,0.0,0.0,-1.6,0.1,0.0 (cmd 0.0),0.0 (cmd 0.0)
0.7720999999999999,0.25,0.0,0.0,-1.6,0.0,0.0,-1.6,0.2,0.0 (cmd 0.0),0.0 (cmd 0.0)
0.7726000000000001,0.39,0.0,0.0,-1.6,0.0,0.0,-1.6,0.4,0.0 (cmd 0.0),0.0 (cmd 0.0)
0.7731,0.5,0.0,0.0,-1.58,0.0,0.0,-1.6,0.5,0.0 (cmd 0.0),0.0 (cmd 0.0)
0.7736000000000001,0.61,0.0,0.0,-1.57,0.0,0.0,-1.6,0.6,0.0 (cmd 0.0),0.0 (cmd 0.0)
0.7740999999999999,0.71,0.0,0.0,-1.6,0.0,0.0,-1.6,0.7,0.0 (cmd 0.0),0.0 (cmd 0.0)
0.7746,0.77,0.0,0.0,-1.57,0.0,0.0,-1.6,0.8,0.0 (cmd 0.0),0.0 (cmd 0.0)
0.7751,0.8,0.0,0.0,-1.5,0.0,0.0,-1.5,0.8,0.0 (cmd 0.0),0.0 (cmd 0.0)
0.7756000000000001,0.82,0.0,0.0,-1.46,0.0,0.0,-1.5,0.8,0.0 (cmd 0.0),0.0 (cmd 0.0)
0.7761,0.85,0.0,0.0,-1.46,0.0,0.0,-1.5,0.8,0.0 (cmd 0.0),0.0 (cmd 0.0)
0.7766,0.91,0.0,0.0,-1.46,0.0,0.0,-1.5,0.9,0.0 (cmd 0.0),0.0 (cmd 0.0)
0.7770999999999999,1.0,0.0,0.0,-1.38,0.0,0.0,-1.4,1.0,0.0 (cmd 0.0),0.0 (cmd 0.0)
0.7776000000000001,1.12,0.0,0.0,-1.24,0.0,0.0,-1.2,1.1,0.0 (cmd 0.0),0.0 (cmd 0.0)
0.7781,1.24,0.0,0.0,-1.11,0.0,0.0,-1.1,1.2,0.0 (cmd 0.0),0.0 (cmd 0.0)
0.7786000000000001,1.26,0.0,0.0,-0.97,0.0,0.0,-1.0,1.3,0.0 (cmd 0.0),0.0 (cmd 0.0)
0.7790999999999999,1.26,0.0,0.0,-0.84,0.0,0.0,-0.8,1.3,0.0 (cmd 0.0),0.0 (cmd 0.0)
0.7796,1.27,0.0,0.0,-0.72,0.0,0.0,-0.7,1.3,0.0 (cmd 0.0),0.0 (cmd 0.0)
0.7801,1.28,0.0,0.0,-0.67,0.0,0.0,-0.7,1.3,0.0 (cmd 0.0),0.0 (cmd 0.0)
0.7806000000000001,1.3,0.0,0.0,-0.63,0.0,0.0,-0.6,1.3,0.0 (cmd 0.0),0.0 (cmd 0.0)
0.7811,1.33,0.0,0.0,-0.6,0.0,0.0,-0.6,1.3,0.0 (cmd 0.0),0.0 (cmd 0.0)
0.7816,1.35,0.0,0.0,-0.58,0.0,0.0,-0.6,1.4,0.0 (cmd 0.0),0.0 (cmd 0.0)
0.7820999999999999,1.3,0.0,0.0,-0.61,0.0,0.0,-0.6,1.3,0.0 (cmd 0.0),0.0 (cmd 0.0)
0.7826000000000001,1.16,0.0,0.0,-0.65,0.0,0.0,-0.7,1.2,0.0 (cmd 0.0),0.0 (cmd 0.0)
0.7831,1.0,0.0,0.0,-0.6,0.0,0.0,-0.6,1.0,0.0 (cmd 0.0),0.0 (cmd 0.0)
0.7836000000000001,0.88,0.0,0.0,-0.57,0.0,0.0,-0.6,0.9,0.0 (cmd 0.0),0.0 (cmd 0.0)
0.7840999999999999,0.76,0.0,0.0,-0.57,0.0,0.0,-0.6,0.8,0.0 (cmd 0.0),0.0 (cmd 0.0)
0.7846,0.66,0.0,0.0,-0.63,0.0,0.0,-0.6,0.7,0.0 (cmd 0.0),0.0 (cmd 0.0)
0.7851,0.43,0.0,0.0,-0.58,0.0,0.0,-0.6,0.4,0.0 (cmd 0.0),0.0 (cmd 0.0)
0.7856000000000001,0.31,0.0,0.0,-0.52,0.0,0.0,-0.5,0.3,0.0 (cmd 0.0),0.0 (cmd 0.0)
0.7861,0.15,0.0,0.0,-0.45,0.0,0.0,-0.5,0.1,0.0 (cmd 0.0),0.0 (cmd 0.0)
0.7865999999999999,-0.01,0.0,0.0,-0.6,0.0,0.0,-0.6,-0.0,0.0 (cmd 0.0),0.0 (cmd 0.0)
0.7870999999999999,-0.09,0.0,0.0,-0.65,0.0,0.0,-0.7,-0.1,0.0 (cmd 0.0),0.0 (cmd 0.0)
0.7876000000000001,-0.15,0.0,0.0,-0.74,0.0,0.0,-0.7,-0.1,0.0 (cmd 0.0),0.0 (cmd 0.0)
0.7881,-0.25,0.0,0.0,-0.76,0.0,0.0,-0.8,-0.2,0.0 (cmd 0.0),0.0 (cmd 0.0)
0.7886,-0.35,0.0,0.0,-0.82,0.0,0.0,-0.8,-0.3,0.0 (cmd 0.0),0.0 (cmd 0.0)
0.7890999999999999,-0.39,0.0,0.0,-0.97,0.0,0.0,-1.0,-0.4,0.0 (cmd 0.0),0.0 (cmd 0.0)
0.7895999999999999,-0.46,0.0,0.0,-1.06,0.0,0.0,-1.1,-0.5,0.0 (cmd 0.0),0.0 (cmd 0.0)
0.7901,-0.59,0.0,0.0,-1.18,0.0,0.0,-1.2,-0.6,0.0 (cmd 0.0),0.0 (cmd 0.0)
0.7906,-0.74,0.0,0.0,-1.25,0.0,0.0,-1.2,-0.7,0.0 (cmd 0.0),0.0 (cmd 0.0)
0.7911,-0.9,0.0,0.0,-1.33,0.0,0.0,-1.3,-0.9,0.0 (cmd 0.0),0.0 (cmd 0.0)
0.7915999999999999,-0.98,0.0,0.0,-1.38,0.0,0.0,-1.4,-1.0,0.0 (cmd 0.0),0.0 (cmd 0.0)
0.7920999999999999,-1.08,0.0,0.0,-1.44,0.0,0.0,-1.4,-1.1,0.0 (cmd 0.0),0.0 (cmd 0.0)
0.7926,-1.1,0.0,0.0,-1.54,0.0,0.0,-1.5,-1.1,0.0 (cmd 0.0),0.0 (cmd 0.0)
0.7931,-1.2,0.0,0.0,-1.58,0.0,0.0,-1.6,-1.2,0.0 (cmd 0.0),0.0 (cmd 0.0)
0.7936,-1.26,0.0,0.0,-1.62,0.0,0.0,-1.6,-1.3,0.0 (cmd 0.0),0.0 (cmd 0.0)
0.7940999999999999,-1.31,0.0,0.0,-1.78,0.0,0.0,-1.8,-1.3,0.0 (cmd 0.0),0.0 (cmd 0.0)
0.7945999999999999,-1.35,0.0,0.0,-1.83,0.0,0.0,-1.8,-1.4,0.0 (cmd 0.0),0.0 (cmd 0.0)
0.7951,-1.46,0.0,0.0,-1.86,0.0,0.0,-1.9,-1.5,0.0 (cmd 0.0),0.0 (cmd 0.0)
0.7956,-1.51,0.0,0.0,-1.95,0.0,0.0,-1.9,-1.5,0.0 (cmd 0.0),0.0 (cmd 0.0)
0.7961,-1.57,0.0,0.0,-2.05,0.0,0.0,-2.0,-1.6,0.0 (cmd 0.0),0.0 (cmd 0.0)
0.7965999999999999,-1.64,0.0,0.0,-2.11,0.0,0.0,-2.1,-1.6,0.0 (cmd 0.0),0.0 (cmd 0.0)
0.7970999999999999,-1.81,0.0,0.0,-2.1,0.0,0.0,-2.1,-1.8,0.0 (cmd 0.0),0.0 (cmd 0.0)
0.7976,-1.89,0.0,0.0,-2.1,0.0,0.0,-2.1,-1.9,0.0 (cmd 0.0),0.0 (cmd 0.0)
0.7981,-1.98,0.0,0.0,-2.11,0.0,0.0,-2.1,-2.0,0.0 (cmd 0.0),0.0 (cmd 0.0)
0.7986,-1.99,0.0,0.0,-2.11,0.0,0.0,-2.1,-2.0,0.0 (cmd 0.0),0.0 (cmd 0.0)
0.7990999999999999,-2.05,0.0,0.0,-2.11,0.0,0.0,-2.1,-2.0,0.0 (cmd 0.0),0.0 (cmd 0.0)
0.7995999999999999,-2.38,0.0,0.0,-2.07,0.0,0.0,-2.1,-2.4,0.0 (cmd 0.0),0.0 (cmd 0.0)
0.8001,-3.26,0.0,0.0,-2.07,0.0,0.0,-2.1,-3.3,0.0 (cmd 0.0),0.0 (cmd 0.0)
0.8006,-4.47,0.0,0.0,-2.16,0.0,0.0,-2.2,-4.5,0.0 (cmd 0.0),0.0 (cmd 0.0)
0.8011,-5.12,0.0,0.0,-2.27,0.0,0.0,-2.3,-5.1,0.0 (cmd 0.0),0.0 (cmd 0.0)
0.8015999999999999,-5.73,0.0,0.0,-2.32,0.0,0.0,-2.3,-5.7,0.0 (cmd 0.0),0.0 (cmd 0.0)
0.8020999999999999,-5.96,0.0,0.0,-2.41,0.0,0.0,-2.4,-6.0,0.0 (cmd 0.0),0.0 (cmd 0.0)
0.8026,-6.32,0.0,0.0,-2.6,0.0,0.0,-2.6,-6.3,0.0 (cmd 0.0),0.0 (cmd 0.0)
0.8031,-6.67,0.0,0.0,-2.62,0.0,0.0,-2.6,-6.7,0.0 (cmd 0.0),0.0 (cmd 0.0)
0.8043,-6.79,0.0,0.0,-2.64,0.0,0.0,-2.6,-6.8,0.0 (cmd 0.0),0.0 (cmd 0.0)
0.8048000000000001,-6.58,0.0,0.0,-5.31,0.0,0.0,-5.3,-6.6,0.0 (cmd 0.0),0.0 (cmd 0.0)
0.8056,-6.33,0.0,0.0,-7.31,0.0,0.0,-7.3,-6.3,0.0 (cmd 0.0),0.0 (cmd 0.0)
0.8076,-5.69,0.0,0.0,-10.24,0.0,0.0,-10.2,-5.7,0.0 (cmd 0.0),0.0 (cmd 0.0)
0.8081,-4.94,0.0,0.0,-7.36,0.0,0.0,-7.4,-4.9,0.0 (cmd 0.0),0.0 (cmd 0.0)
0.8086,-5.89,0.0,0.0,-6.14,0.0,0.0,-6.1,-5.9,0.0 (cmd 0.0),0.0 (cmd 0.0)
0.8090999999999999,-7.47,0.0,0.0,-5.51,0.0,0.0,-5.5,-7.5,0.0 (cmd 0.0),0.0 (cmd 0.0)
0.8095999999999999,-10.4,0.0,0.0,-5.29,0.0,0.0,-5.3,-10.4,0.0 (cmd 0.0),0.0 (cmd 0.0)
0.8101,-13.64,0.0,0.0,-4.86,0.0,0.0,-4.9,-13.6,0.0 (cmd 0.0),0.0 (cmd 0.0)
0.8106,-17.15,0.0,0.0,-4.51,0.0,0.0,-4.5,-17.1,0.0 (cmd 0.0),0.0 (cmd 0.0)
0.8111,-20.24,0.0,0.0,-4.05,0.0,0.0,-4.0,-20.2,0.0 (cmd 0.0),0.0 (cmd 0.0)
0.8115999999999999,-23.09,0.0,0.0,-3.79,0.0,0.0,-3.8,-23.1,0.0 (cmd 0.0),0.0 (cmd 0.0)
0.8120999999999999,-25.27,0.0,0.0,-3.59,0.0,0.0,-3.6,-25.3,0.0 (cmd 0.0),0.0 (cmd 0.0)
0.8126,-28.24,0.0,0.0,-3.48,0.0,0.0,-3.5,-28.2,0.0 (cmd 0.0),0.0 (cmd 0.0)
0.8131,-30.34,0.0,0.0,-3.67,0.0,0.0,-3.7,-30.3,0.0 (cmd 0.0),0.0 (cmd 0.0)
0.8136,-32.05,0.0,0.0,-3.96,0.0,0.0,-4.0,-32.0,0.0 (cmd 0.0),0.0 (cmd 0.0)
0.8140999999999999,-33.26,0.0,0.0,-4.1,0.0,0.0,-4.1,-33.3,0.0 (cmd 0.0),0.0 (cmd 0.0)
0.8145999999999999,-33.87,0.0,0.0,-4.17,0.0,0.0,-4.2,-33.9,0.0 (cmd 0.0),0.0 (cmd 0.0)
0.8151,-33.59,0.0,0.0,-4.19,0.0,0.0,-4.2,-33.6,0.0 (cmd 0.0),0.0 (cmd 0.0)
0.8156,-32.47,0.0,0.0,-4.29,0.0,0.0,-4.3,-32.5,0.0 (cmd 0.0),0.0 (cmd 0.0)
0.8161,-30.75,0.0,0.0,-4.38,0.0,0.0,-4.4,-30.8,0.0 (cmd 0.0),0.0 (cmd 0.0)
0.8165999999999999,-28.5,0.0,0.0,-4.36,0.0,0.0,-4.4,-28.5,0.0 (cmd 0.0),0.0 (cmd 0.0)
0.8170999999999999,-25.63,0.0,0.0,-4.22,0.0,0.0,-4.2,-25.6,0.0 (cmd 0.0),0.0 (cmd 0.0)
0.8176,-22.61,0.0,0.0,-3.92,0.0,0.0,-3.9,-22.6,0.0 (cmd 0.0),0.0 (cmd 0.0)
0.8181,-19.66,0.0,0.0,-3.58,0.0,0.0,-3.6,-19.7,0.0 (cmd 0.0),0.0 (cmd 0.0)
0.8186,-17.02,0.0,0.0,-3.23,0.0,0.0,-3.2,-17.0,0.0 (cmd 0.0),0.0 (cmd 0.0)
0.8190999999999999,-15.51,0.0,0.0,-2.86,0.0,0.0,-2.9,-15.5,0.0 (cmd 0.0),0.0 (cmd 0.0)
0.8195999999999999,-15.51,0.0,0.0,-2.47,0.0,0.0,-2.5,-15.5,0.0 (cmd 0.0),0.0 (cmd 0.0)
0.8201,-15.86,0.0,0.0,-2.08,0.0,0.0,-2.1,-15.9,0.0 (cmd 0.0),0.0 (cmd 0.0)
0.8206,-16.2,0.0,0.0,-1.84,0.0,0.0,-1.8,-16.2,0.0 (cmd 0.0),0.0 (cmd 0.0)
0.8211,-16.77,0.0,0.0,-1.71,0.0,0.0,-1.7,-16.8,0.0 (cmd 0.0),0.0 (cmd 0.0)
0.8215999999999999,-17.43,0.0,0.0,-1.86,0.0,0.0,-1.9,-17.4,0.0 (cmd 0.0),0.0 (cmd 0.0)
0.8220999999999999,-17.98,0.0,0.0,-2.12,0.0,0.0,-2.1,-18.0,0.0 (cmd 0.0),0.0 (cmd 0.0)
0.8226,-18.49,0.0,0.0,-2.46,0.0,0.0,-2.5,-18.5,0.0 (cmd 0.0),0.0 (cmd 0.0)
0.8231,-19.13,0.0,0.0,-2.82,0.0,0.0,-2.8,-19.1,0.0 (cmd 0.0),0.0 (cmd 0.0)
0.8236,-20.13,0.0,0.0,-3.06,0.0,0.0,-3.1,-20.1,0.0 (cmd 0.0),0.0 (cmd 0.0)
0.8240999999999999,-21.44,0.0,0.0,-3.34,0.0,0.0,-3.3,-21.4,0.0 (cmd 0.0),0.0 (cmd 0.0)
0.8245999999999999,-22.96,0.0,0.0,-3.25,0.0,0.0,-3.2,-23.0,0.0 (cmd 0.0),0.0 (cmd 0.0)
0.8251000000000001,-24.51,0.0,0.0,-3.15,0.0,0.0,-3.1,-24.5,0.0 (cmd 0.0),0.0 (cmd 0.0)
0.8256,-26.22,0.0,0.0,-3.11,0.0,0.0,-3.1,-26.2,0.0 (cmd 0.0),0.0 (cmd 0.0)
0.8261000000000001,-27.72,0.0,0.0,-3.17,0.0,0.0,-3.2,-27.7,0.0 (cmd 0.0),0.0 (cmd 0.0)
0.8265999999999999,-28.74,0.0,0.0,-3.28,0.0,0.0,-3.3,-28.7,0.0 (cmd 0.0),0.0 (cmd 0.0)
0.8271,-29.63,0.0,0.0,-3.25,0.0,0.0,-3.2,-29.6,0.0 (cmd 0.0),0.0 (cmd 0.0)
0.8276,-30.5,0.0,0.0,-3.22,0.0,0.0,-3.2,-30.5,0.0 (cmd 0.0),0.0 (cmd 0.0)
0.8281000000000001,-31.01,0.0,0.0,-3.17,0.0,0.0,-3.2,-31.0,0.0 (cmd 0.0),0.0 (cmd 0.0)
0.8286,-31.0,0.0,0.0,-3.16,0.0,0.0,-3.2,-31.0,0.0 (cmd 0.0),0.0 (cmd 0.0)
0.8291,-30.91,0.0,0.0,-3.17,0.0,0.0,-3.2,-30.9,0.0 (cmd 0.0),0.0 (cmd 0.0)
0.8295999999999999,-30.79,0.0,0.0,-3.18,0.0,0.0,-3.2,-30.8,0.0 (cmd 0.0),0.0 (cmd 0.0)
0.8301000000000001,-30.64,0.0,0.0,-3.17,0.0,0.0,-3.2,-30.6,0.0 (cmd 0.0),0.0 (cmd 0.0)
0.8306,-30.61,0.0,0.0,-3.12,0.0,0.0,-3.1,-30.6,0.0 (cmd 0.0),0.0 (cmd 0.0)
0.8311000000000001,-30.67,0.0,0.0,-3.03,0.0,0.0,-3.0,-30.7,0.0 (cmd 0.0),0.0 (cmd 0.0)
0.8315999999999999,-30.93,0.0,0.0,-2.9,0.0,0.0,-2.9,-30.9,0.0 (cmd 0.0),0.0 (cmd 0.0)
0.8321,-31.15,0.0,0.0,-2.64,0.0,0.0,-2.6,-31.1,0.0 (cmd 0.0),0.0 (cmd 0.0)
0.8326,-31.24,0.0,0.0,-2.5,0.0,0.0,-2.5,-31.2,0.0 (cmd 0.0),0.0 (cmd 0.0)
0.8331000000000001,-31.5,0.0,0.0,-2.22,0.0,0.0,-2.2,-31.5,0.0 (cmd 0.0),0.0 (cmd 0.0)
0.8336,-31.83,0.0,0.0,-2.19,0.0,0.0,-2.2,-31.8,0.0 (cmd 0.0),0.0 (cmd 0.0)
0.8341,-32.09,0.0,0.0,-2.16,0.0,0.0,-2.2,-32.1,0.0 (cmd 0.0),0.0 (cmd 0.0)
0.8345999999999999,-31.94,0.0,0.0,-2.1,0.0,0.0,-2.1,-31.9,0.0 (cmd 0.0),0.0 (cmd 0.0)
0.8351000000000001,-31.52,0.0,0.0,-2.09,0.0,0.0,-2.1,-31.5,0.0 (cmd 0.0),0.0 (cmd 0.0)
0.8356,-31.31,0.0,0.0,-2.22,0.0,0.0,-2.2,-31.3,0.0 (cmd 0.0),0.0 (cmd 0.0)
0.8361000000000001,-31.06,0.0,0.0,-2.34,0.0,0.0,-2.3,-31.1,0.0 (cmd 0.0),0.0 (cmd 0.0)
0.8365999999999999,-31.02,0.0,0.0,-2.48,0.0,0.0,-2.5,-31.0,0.0 (cmd 0.0),0.0 (cmd 0.0)
0.8371,-31.03,0.0,0.0,-2.47,0.0,0.0,-2.5,-31.0,0.0 (cmd 0.0),0.0 (cmd 0.0)
0.8376,-30.57,0.0,0.0,-2.44,0.0,0.0,-2.4,-30.6,0.0 (cmd 0.0),0.0 (cmd 0.0)
0.8381000000000001,-30.41,0.0,0.0,-2.33,0.0,0.0,-2.3,-30.4,0.0 (cmd 0.0),0.0 (cmd 0.0)
0.8386,-30.38,0.0,0.0,-2.29,0.0,0.0,-2.3,-30.4,0.0 (cmd 0.0),0.0 (cmd 0.0)
0.8391,-30.27,0.0,0.0,-1.84,0.0,0.0,-1.8,-30.3,0.0 (cmd 0.0),0.0 (cmd 0.0)
0.8395999999999999,-30.18,0.0,0.0,-1.7,0.0,0.0,-1.7,-30.2,0.0 (cmd 0.0),0.0 (cmd 0.0)
0.8401000000000001,-30.13,0.0,0.0,-1.47,0.0,0.0,-1.5,-30.1,0.0 (cmd 0.0),0.0 (cmd 0.0)
0.8406,-29.97,0.0,0.0,-1.44,0.0,0.0,-1.4,-30.0,0.0 (cmd 0.0),0.0 (cmd 0.0)
0.8411000000000001,-29.92,0.0,0.0,-1.5,0.0,0.0,-1.5,-29.9,0.0 (cmd 0.0),0.0 (cmd 0.0)
0.8415999999999999,-29.86,0.0,0.0,-1.56,0.0,0.0,-1.6,-29.9,0.0 (cmd 0.0),0.0 (cmd 0.0)
0.8421,-30.28,0.0,0.0,-1.59,0.0,0.0,-1.6,-30.3,0.0 (cmd 0.0),0.0 (cmd 0.0)
0.8426,-31.36,0.0,0.0,-1.7,0.0,0.0,-1.7,-31.4,0.0 (cmd 0.0),0.0 (cmd 0.0)
0.8431000000000001,-33.76,0.0,0.0,-1.78,0.0,0.0,-1.8,-33.8,0.0 (cmd 0.0),0.0 (cmd 0.0)
0.8436,-34.68,0.0,0.0,-1.85,0.0,0.0,-1.9,-34.7,0.0 (cmd 0.0),0.0 (cmd 0.0)
0.8441,-33.2,0.0,0.0,-1.85,0.0,0.0,-1.9,-33.2,0.0 (cmd 0.0),0.0 (cmd 0.0)
0.8445999999999999,-31.63,0.0,0.0,-1.94,0.0,0.0,-1.9,-31.6,0.0 (cmd 0.0),0.0 (cmd 0.0)
0.8451000000000001,-31.5,0.0,0.0,-1.91,0.0,0.0,-1.9,-31.5,0.0 (cmd 0.0),0.0 (cmd 0.0)
0.8456,-31.71,0.0,0.0,-1.86,0.0,0.0,-1.9,-31.7,0.0 (cmd 0.0),0.0 (cmd 0.0)
0.8461000000000001,-31.57,0.0,0.0,-1.82,0.0,0.0,-1.8,-31.6,0.0 (cmd 0.0),0.0 (cmd 0.0)
0.8465999999999999,-31.49,0.0,0.0,-1.85,0.0,0.0,-1.9,-31.5,0.0 (cmd 0.0),0.0 (cmd 0.0)
0.8471,-31.48,0.0,0.0,-1.92,0.0,0.0,-1.9,-31.5,0.0 (cmd 0.0),0.0 (cmd 0.0)
0.8476,-30.77,0.0,0.0,-2.22,0.0,0.0,-2.2,-30.8,0.0 (cmd 0.0),0.0 (cmd 0.0)
0.8481000000000001,-30.78,0.0,0.0,-2.26,0.0,0.0,-2.3,-30.8,0.0 (cmd 0.0),0.0 (cmd 0.0)
0.8486,-31.1,0.0,0.0,-2.19,0.0,0.0,-2.2,-31.1,0.0 (cmd 0.0),0.0 (cmd 0.0)
0.8490999999999999,-31.28,0.0,0.0,-2.19,0.0,0.0,-2.2,-31.3,0.0 (cmd 0.0),0.0 (cmd 0.0)
0.8495999999999999,-31.14,0.0,0.0,-2.21,0.0,0.0,-2.2,-31.1,0.0 (cmd 0.0),0.0 (cmd 0.0)
0.8501000000000001,-31.17,0.0,0.0,-2.24,0.0,0.0,-2.2,-31.2,0.0 (cmd 0.0),0.0 (cmd 0.0)
0.8506,-31.23,0.0,0.0,-2.23,0.0,0.0,-2.2,-31.2,0.0 (cmd 0.0),0.0 (cmd 0.0)
0.8511,-31.15,0.0,0.0,-2.17,0.0,0.0,-2.2,-31.1,0.0 (cmd 0.0),0.0 (cmd 0.0)
0.8515999999999999,-31.95,0.0,0.0,-2.16,0.0,0.0,-2.2,-31.9,0.0 (cmd 0.0),0.0 (cmd 0.0)
0.8520999999999999,-32.05,0.0,0.0,-2.19,0.0,0.0,-2.2,-32.0,0.0 (cmd 0.0),0.0 (cmd 0.0)
0.8526,-32.46,0.0,0.0,-2.18,0.0,0.0,-2.2,-32.5,0.0 (cmd 0.0),0.0 (cmd 0.0)
0.8531,-32.26,0.0,0.0,-2.08,0.0,0.0,-2.1,-32.3,0.0 (cmd 0.0),0.0 (cmd 0.0)
0.8536,-31.91,0.0,0.0,-2.03,0.0,0.0,-2.0,-31.9,0.0 (cmd 0.0),0.0 (cmd 0.0)
0.8540999999999999,-31.18,0.0,0.0,-2.0,0.0,0.0,-2.0,-31.2,0.0 (cmd 0.0),0.0 (cmd 0.0)
0.8545999999999999,-32.8,0.0,0.0,-1.95,0.0,0.0,-1.9,-32.8,0.0 (cmd 0.0),0.0 (cmd 0.0)
0.8551,-33.75,0.0,0.0,-1.94,0.0,0.0,-1.9,-33.8,0.0 (cmd 0.0),0.0 (cmd 0.0)
0.8556,-37.51,0.0,0.0,-1.89,0.0,0.0,-1.9,-37.5,0.0 (cmd 0.0),0.0 (cmd 0.0)
0.8561,-43.48,0.0,0.0,-1.85,0.0,0.0,-1.9,-43.5,0.0 (cmd 0.0),0.0 (cmd 0.0)
0.8565999999999999,-48.37,0.0,0.0,-1.66,0.0,0.0,-1.7,-48.4,0.0 (cmd 0.0),0.0 (cmd 0.0)
0.8570999999999999,-48.96,0.0,0.0,-1.56,0.0,0.0,-1.6,-49.0,0.0 (cmd 0.0),0.0 (cmd 0.0)
0.8576,-47.31,0.0,0.0,-1.46,0.0,0.0,-1.5,-47.3,0.0 (cmd 0.0),0.0 (cmd 0.0)
0.8581,-46.39,0.0,0.0,-1.38,0.0,0.0,-1.4,-46.4,0.0 (cmd 0.0),0.0 (cmd 0.0)
0.8586,-46.0,0.0,0.0,-1.42,0.0,0.0,-1.4,-46.0,0.0 (cmd 0.0),0.0 (cmd 0.0)
0.8590999999999999,-45.43,0.0,0.0,-1.61,0.0,0.0,-1.6,-45.4,0.0 (cmd 0.0),0.0 (cmd 0.0)
0.8595999999999999,-45.26,0.0,0.0,-1.7,0.0,0.0,-1.7,-45.3,0.0 (cmd 0.0),0.0 (cmd 0.0)
0.8601,-45.09,0.0,0.0,-1.74,0.0,0.0,-1.7,-45.1,0.0 (cmd 0.0),0.0 (cmd 0.0)
0.8606,-44.72,0.0,0.0,-1.77,0.0,0.0,-1.8,-44.7,0.0 (cmd 0.0),0.0 (cmd 0.0)
0.8611,-45.3,0.0,0.0,-1.72,0.0,0.0,-1.7,-45.3,0.0 (cmd 0.0),0.0 (cmd 0.0)
0.8615999999999999,-45.69,0.0,0.0,-1.63,0.0,0.0,-1.6,-45.7,0.0 (cmd 0.0),0.0 (cmd 0.0)
0.8620999999999999,-45.04,0.0,0.0,-1.6,0.0,0.0,-1.6,-45.0,0.0 (cmd 0.0),0.0 (cmd 0.0)
0.8626,-43.75,0.0,0.0,-1.6,0.0,0.0,-1.6,-43.8,0.0 (cmd 0.0),0.0 (cmd 0.0)
0.8631,-43.34,0.0,0.0,-1.6,0.0,0.0,-1.6,-43.3,0.0 (cmd 0.0),0.0 (cmd 0.0)
0.8636,-43.05,0.0,0.0,-1.44,0.0,0.0,-1.4,-43.0,0.0 (cmd 0.0),0.0 (cmd 0.0)
0.8640999999999999,-42.72,0.0,0.0,-1.18,0.0,0.0,-1.2,-42.7,0.0 (cmd 0.0),0.0 (cmd 0.0)
0.8645999999999999,-42.56,0.0,0.0,-1.15,0.0,0.0,-1.1,-42.6,0.0 (cmd 0.0),0.0 (cmd 0.0)
0.8651,-42.43,0.0,0.0,-1.11,0.0,0.0,-1.1,-42.4,0.0 (cmd 0.0),0.0 (cmd 0.0)
0.8656,-42.39,0.0,0.0,-1.07,0.0,0.0,-1.1,-42.4,0.0 (cmd 0.0),0.0 (cmd 0.0)
0.8661,-42.55,0.0,0.0,-0.9,0.0,0.0,-0.9,-42.5,0.0 (cmd 0.0),0.0 (cmd 0.0)
0.8665999999999999,-42.62,0.0,0.0,-0.57,0.0,0.0,-0.6,-42.6,0.0 (cmd 0.0),0.0 (cmd 0.0)
0.8670999999999999,-42.34,0.0,0.0,-0.52,0.0,0.0,-0.5,-42.3,0.0 (cmd 0.0),0.0 (cmd 0.0)
0.8676,-42.33,0.0,0.0,-0.55,0.0,0.0,-0.6,-42.3,0.0 (cmd 0.0),0.0 (cmd 0.0)
0.8681,-42.3,0.0,0.0,-0.61,0.0,0.0,-0.6,-42.3,0.0 (cmd 0.0),0.0 (cmd 0.0)
0.8686,-41.81,0.0,0.0,-0.63,0.0,0.0,-0.6,-41.8,0.0 (cmd 0.0),0.0 (cmd 0.0)
0.8690999999999999,-40.48,0.0,0.0,-0.57,0.0,0.0,-0.6,-40.5,0.0 (cmd 0.0),0.0 (cmd 0.0)
0.8695999999999999,-39.63,0.0,0.0,-0.6,0.0,0.0,-0.6,-39.6,0.0 (cmd 0.0),0.0 (cmd 0.0)
0.8701,-39.3,0.0,0.0,-0.56,0.0,0.0,-0.6,-39.3,0.0 (cmd 0.0),0.0 (cmd 0.0)
0.8706,-39.7,0.0,0.0,-0.56,0.0,0.0,-0.6,-39.7,0.0 (cmd 0.0),0.0 (cmd 0.0)
0.8711,-40.15,0.0,0.0,-0.46,0.0,0.0,-0.5,-40.1,0.0 (cmd 0.0),0.0 (cmd 0.0)
0.8715999999999999,-41.11,0.0,0.0,-0.48,0.0,0.0,-0.5,-41.1,0.0 (cmd 0.0),0.0 (cmd 0.0)
0.8720999999999999,-41.52,0.0,0.0,-0.48,0.0,0.0,-0.5,-41.5,0.0 (cmd 0.0),0.0 (cmd 0.0)
0.8726,-41.26,0.0,0.0,-0.53,0.0,0.0,-0.5,-41.3,0.0 (cmd 0.0),0.0 (cmd 0.0)
0.8731,-41.24,0.0,0.0,-0.63,0.0,0.0,-0.6,-41.2,0.0 (cmd 0.0),0.0 (cmd 0.0)
0.8736,-41.59,0.0,0.0,-0.81,0.0,0.0,-0.8,-41.6,0.0 (cmd 0.0),0.0 (cmd 0.0)
0.8740999999999999,-41.85,0.0,0.0,-0.72,0.0,0.0,-0.7,-41.9,0.0 (cmd 0.0),0.0 (cmd 0.0)
0.8745999999999999,-41.8,0.0,0.0,-0.78,0.0,0.0,-0.8,-41.8,0.0 (cmd 0.0),0.0 (cmd 0.0)
0.8751,-41.9,0.0,0.0,-0.95,0.0,0.0,-0.9,-41.9,0.0 (cmd 0.0),0.0 (cmd 0.0)
0.8756,-42.3,0.0,0.0,-1.0,0.0,0.0,-1.0,-42.3,0.0 (cmd 0.0),0.0 (cmd 0.0)
0.8761,-43.31,0.0,0.0,-0.92,0.0,0.0,-0.9,-43.3,0.0 (cmd 0.0),0.0 (cmd 0.0)
0.8765999999999999,-43.54,0.0,0.0,-0.82,0.0,0.0,-0.8,-43.5,0.0 (cmd 0.0),0.0 (cmd 0.0)
0.8770999999999999,-43.85,0.0,0.0,-0.78,0.0,0.0,-0.8,-43.9,0.0 (cmd 0.0),0.0 (cmd 0.0)
0.8776,-43.93,0.0,0.0,-0.63,0.0,0.0,-0.6,-43.9,0.0 (cmd 0.0),0.0 (cmd 0.0)
0.8781,-44.08,0.0,0.0,-0.6,0.0,0.0,-0.6,-44.1,0.0 (cmd 0.0),0.0 (cmd 0.0)
0.8786,-44.09,0.0,0.0,-0.78,0.0,0.0,-0.8,-44.1,0.0 (cmd 0.0),0.0 (cmd 0.0)
0.8790999999999999,-44.57,0.0,0.0,-0.83,0.0,0.0,-0.8,-44.6,0.0 (cmd 0.0),0.0 (cmd 0.0)
0.8795999999999999,-46.92,0.0,0.0,-0.76,0.0,0.0,-0.8,-46.9,0.0 (cmd 0.0),0.0 (cmd 0.0)
0.8801,-48.58,0.0,0.0,-0.74,0.0,0.0,-0.7,-48.6,0.0 (cmd 0.0),0.0 (cmd 0.0)
0.8806,-49.63,0.0,0.0,-0.68,0.0,0.0,-0.7,-49.6,0.0 (cmd 0.0),0.0 (cmd 0.0)
0.8811,-48.99,0.0,0.0,-0.61,0.0,0.0,-0.6,-49.0,0.0 (cmd 0.0),0.0 (cmd 0.0)
0.8815999999999999,-48.28,0.0,0.0,-0.58,0.0,0.0,-0.6,-48.3,0.0 (cmd 0.0),0.0 (cmd 0.0)
0.8820999999999999,-47.73,0.0,0.0,-0.51,0.0,0.0,-0.5,-47.7,0.0 (cmd 0.0),0.0 (cmd 0.0)
0.8826,-47.7,0.0,0.0,-0.44,0.0,0.0,-0.4,-47.7,0.0 (cmd 0.0),0.0 (cmd 0.0)
0.8831,-47.52,0.0,0.0,-0.39,0.0,0.0,-0.4,-47.5,0.0 (cmd 0.0),0.0 (cmd 0.0)
0.8836,-47.27,0.0,0.0,-0.32,0.0,0.0,-0.3,-47.3,0.0 (cmd 0.0),0.0 (cmd 0.0)
0.8840999999999999,-46.87,0.0,0.0,-0.1,0.0,0.0,-0.1,-46.9,0.0 (cmd 0.0),0.0 (cmd 0.0)
0.8845999999999999,-46.29,0.0,0.0,0.05,0.0,0.0,0.1,-46.3,0.0 (cmd 0.0),0.0 (cmd 0.0)
0.8851,-45.85,0.0,0.0,0.16,0.0,0.0,0.2,-45.9,0.0 (cmd 0.0),0.0 (cmd 0.0)
0.8856,-46.0,0.0,0.0,0.19,0.0,0.0,0.2,-46.0,0.0 (cmd 0.0),0.0 (cmd 0.0)
0.8861,-46.45,0.0,0.0,0.34,0.0,0.0,0.3,-46.5,0.0 (cmd 0.0),0.0 (cmd 0.0)
0.8865999999999999,-46.25,0.0,0.0,0.41,0.0,0.0,0.4,-46.2,0.0 (cmd 0.0),0.0 (cmd 0.0)
0.8870999999999999,-45.26,0.0,0.0,0.16,0.0,0.0,0.2,-45.3,0.0 (cmd 0.0),0.0 (cmd 0.0)
0.8876000000000001,-44.94,0.0,0.0,-0.05,0.0,0.0,-0.1,-44.9,0.0 (cmd 0.0),0.0 (cmd 0.0)
0.8881,-45.04,0.0,0.0,-0.24,0.0,0.0,-0.2,-45.0,0.0 (cmd 0.0),0.0 (cmd 0.0)
0.8886000000000001,-45.03,0.0,0.0,-0.48,0.0,0.0,-0.5,-45.0,0.0 (cmd 0.0),0.0 (cmd 0.0)
0.8890999999999999,-44.96,0.0,0.0,-0.65,0.0,0.0,-0.7,-45.0,0.0 (cmd 0.0),0.0 (cmd 0.0)
0.8896,-45.01,0.0,0.0,-0.82,0.0,0.0,-0.8,-45.0,0.0 (cmd 0.0),0.0 (cmd 0.0)
0.8901,-45.17,0.0,0.0,-0.91,0.0,0.0,-0.9,-45.2,0.0 (cmd 0.0),0.0 (cmd 0.0)
0.8906000000000001,-45.22,0.0,0.0,-2.29,0.0,0.0,-2.3,-45.2,0.0 (cmd 0.0),0.0 (cmd 0.0)
0.8911,-45.24,0.0,0.0,-5.29,0.0,0.0,-5.3,-45.2,0.0 (cmd 0.0),0.0 (cmd 0.0)
0.8916,-45.14,0.0,0.0,-8.44,0.0,0.0,-8.4,-45.1,0.0 (cmd 0.0),0.0 (cmd 0.0)
0.8920999999999999,-44.53,0.0,0.0,-11.53,0.0,0.0,-11.5,-44.5,0.0 (cmd 0.0),0.0 (cmd 0.0)
0.8926000000000001,-43.7,0.0,0.0,-15.71,0.0,0.0,-15.7,-43.7,0.0 (cmd 0.0),0.0 (cmd 0.0)
0.8931,-42.31,0.0,0.0,-17.0,0.0,0.0,-17.0,-42.3,0.0 (cmd 0.0),0.0 (cmd 0.0)
0.8936000000000001,-41.61,0.0,0.0,-17.41,0.0,0.0,-17.4,-41.6,0.0 (cmd 0.0),0.0 (cmd 0.0)
0.8940999999999999,-41.12,0.0,0.0,-16.99,0.0,0.0,-17.0,-41.1,0.0 (cmd 0.0),0.0 (cmd 0.0)
0.8946,-40.93,0.0,0.0,-13.64,0.0,0.0,-13.6,-40.9,0.0 (cmd 0.0),0.0 (cmd 0.0)
0.8951,-41.19,0.0,0.0,-11.18,0.0,0.0,-11.2,-41.2,0.0 (cmd 0.0),0.0 (cmd 0.0)
0.8956000000000001,-41.81,0.0,0.0,-9.97,0.0,0.0,-10.0,-41.8,0.0 (cmd 0.0),0.0 (cmd 0.0)
0.8961,-42.24,0.0,0.0,-8.52,0.0,0.0,-8.5,-42.2,0.0 (cmd 0.0),0.0 (cmd 0.0)
0.8966,-42.59,0.0,0.0,-7.24,0.0,0.0,-7.2,-42.6,0.0 (cmd 0.0),0.0 (cmd 0.0)
0.8970999999999999,-42.27,0.0,0.0,-6.08,0.0,0.0,-6.1,-42.3,0.0 (cmd 0.0),0.0 (cmd 0.0)
0.8976000000000001,-41.71,0.0,0.0,-4.65,0.0,0.0,-4.7,-41.7,0.0 (cmd 0.0),0.0 (cmd 0.0)
0.8981,-41.16,0.0,0.0,-3.74,0.0,0.0,-3.7,-41.2,0.0 (cmd 0.0),0.0 (cmd 0.0)
0.8986000000000001,-40.71,0.0,0.0,-3.06,0.0,0.0,-3.1,-40.7,0.0 (cmd 0.0),0.0 (cmd 0.0)
0.8990999999999999,-40.21,0.0,0.0,-2.54,0.0,0.0,-2.5,-40.2,0.0 (cmd 0.0),0.0 (cmd 0.0)
0.8996,-39.54,0.0,0.0,-2.27,0.0,0.0,-2.3,-39.5,0.0 (cmd 0.0),0.0 (cmd 0.0)
0.9001,-38.18,0.0,0.0,-2.1,0.0,0.0,-2.1,-38.2,0.0 (cmd 0.0),0.0 (cmd 0.0)
0.9006000000000001,-37.21,0.0,0.0,-1.96,0.0,0.0,-2.0,-37.2,0.0 (cmd 0.0),0.0 (cmd 0.0)
0.9011,-36.74,0.0,0.0,-1.5,0.0,0.0,-1.5,-36.7,0.0 (cmd 0.0),0.0 (cmd 0.0)
0.9016,-36.51,0.0,0.0,-1.17,0.0,0.0,-1.2,-36.5,0.0 (cmd 0.0),0.0 (cmd 0.0)
0.9020999999999999,-36.31,0.0,0.0,-1.04,0.0,0.0,-1.0,-36.3,0.0 (cmd 0.0),0.0 (cmd 0.0)
0.9026000000000001,-36.21,0.0,0.0,-1.17,0.0,0.0,-1.2,-36.2,0.0 (cmd 0.0),0.0 (cmd 0.0)
0.9031,-36.15,0.0,0.0,-1.52,0.0,0.0,-1.5,-36.1,0.0 (cmd 0.0),0.0 (cmd 0.0)
0.9036000000000001,-36.61,0.0,0.0,-2.09,0.0,0.0,-2.1,-36.6,0.0 (cmd 0.0),0.0 (cmd 0.0)
0.9040999999999999,-37.1,0.0,0.0,-2.61,0.0,0.0,-2.6,-37.1,0.0 (cmd 0.0),0.0 (cmd 0.0)
0.9046,-37.65,0.0,0.0,-3.23,0.0,0.0,-3.2,-37.6,0.0 (cmd 0.0),0.0 (cmd 0.0)
0.9051,-38.05,0.0,0.0,-3.78,0.0,0.0,-3.8,-38.0,0.0 (cmd 0.0),0.0 (cmd 0.0)
0.9056000000000001,-37.74,0.0,0.0,-5.81,0.0,0.0,-5.8,-37.7,0.0 (cmd 0.0),0.0 (cmd 0.0)
0.9061,-37.93,0.0,0.0,-8.2,0.0,0.0,-8.2,-37.9,0.0 (cmd 0.0),0.0 (cmd 0.0)
0.9066,-38.42,0.0,0.0,-12.76,0.0,0.0,-12.8,-38.4,0.0 (cmd 0.0),0.0 (cmd 0.0)
0.9070999999999999,-38.33,0.0,0.0,-16.74,0.0,0.0,-16.7,-38.3,0.0 (cmd 0.0),0.0 (cmd 0.0)
0.9076000000000001,-38.2,0.0,0.0,-20.08,0.0,0.0,-20.1,-38.2,0.0 (cmd 0.0),0.0 (cmd 0.0)
0.9081,-37.96,0.0,0.0,-21.71,0.0,0.0,-21.7,-38.0,0.0 (cmd 0.0),0.0 (cmd 0.0)
0.9086000000000001,-38.64,0.0,0.0,-22.27,0.0,0.0,-22.3,-38.6,0.0 (cmd 0.0),0.0 (cmd 0.0)
0.9090999999999999,-39.14,0.0,0.0,-20.91,0.0,0.0,-20.9,-39.1,0.0 (cmd 0.0),0.0 (cmd 0.0)
0.9096,-39.03,0.0,0.0,-18.83,0.0,0.0,-18.8,-39.0,0.0 (cmd 0.0),0.0 (cmd 0.0)
0.9101,-38.43,0.0,0.0,-15.87,0.0,0.0,-15.9,-38.4,0.0 (cmd 0.0),0.0 (cmd 0.0)
0.9106000000000001,-38.24,0.0,0.0,-13.24,0.0,0.0,-13.2,-38.2,0.0 (cmd 0.0),0.0 (cmd 0.0)
0.9111,-38.3,0.0,0.0,-12.13,0.0,0.0,-12.1,-38.3,0.0 (cmd 0.0),0.0 (cmd 0.0)
0.9115999999999999,-38.52,0.0,0.0,-10.27,0.0,0.0,-10.3,-38.5,0.0 (cmd 0.0),0.0 (cmd 0.0)
0.9120999999999999,-38.6,0.0,0.0,-8.73,0.0,0.0,-8.7,-38.6,0.0 (cmd 0.0),0.0 (cmd 0.0)
0.9126000000000001,-38.46,0.0,0.0,-7.0,0.0,0.0,-7.0,-38.5,0.0 (cmd 0.0),0.0 (cmd 0.0)
0.9131,-38.43,0.0,0.0,-5.5,0.0,0.0,-5.5,-38.4,0.0 (cmd 0.0),0.0 (cmd 0.0)
0.9136,-38.17,0.0,0.0,-4.59,0.0,0.0,-4.6,-38.2,0.0 (cmd 0.0),0.0 (cmd 0.0)
0.9140999999999999,-37.99,0.0,0.0,-3.78,0.0,0.0,-3.8,-38.0,0.0 (cmd 0.0),0.0 (cmd 0.0)
0.9145999999999999,-37.57,0.0,0.0,-3.56,0.0,0.0,-3.6,-37.6,0.0 (cmd 0.0),0.0 (cmd 0.0)
0.9151,-37.23,0.0,0.0,-3.16,0.0,0.0,-3.2,-37.2,0.0 (cmd 0.0),0.0 (cmd 0.0)
0.9156,-37.09,0.0,0.0,-2.89,0.0,0.0,-2.9,-37.1,0.0 (cmd 0.0),0.0 (cmd 0.0)
0.9161,-36.97,0.0,0.0,-2.62,0.0,0.0,-2.6,-37.0,0.0 (cmd 0.0),0.0 (cmd 0.0)
0.9165999999999999,-36.96,0.0,0.0,-2.47,0.0,0.0,-2.5,-37.0,0.0 (cmd 0.0),0.0 (cmd 0.0)
0.9170999999999999,-36.93,0.0,0.0,-2.44,0.0,0.0,-2.4,-36.9,0.0 (cmd 0.0),0.0 (cmd 0.0)
0.9176,-37.07,0.0,0.0,-2.51,0.0,0.0,-2.5,-37.1,0.0 (cmd 0.0),0.0 (cmd 0.0)
0.9181,-37.44,0.0,0.0,-2.49,0.0,0.0,-2.5,-37.4,0.0 (cmd 0.0),0.0 (cmd 0.0)
0.9186,-37.62,0.0,0.0,-2.42,0.0,0.0,-2.4,-37.6,0.0 (cmd 0.0),0.0 (cmd 0.0)
0.9190999999999999,-37.63,0.0,0.0,-2.36,0.0,0.0,-2.4,-37.6,0.0 (cmd 0.0),0.0 (cmd 0.0)
0.9195999999999999,-37.65,0.0,0.0,-2.36,0.0,0.0,-2.4,-37.6,0.0 (cmd 0.0),0.0 (cmd 0.0)
0.9201,-37.72,0.0,0.0,-2.58,0.0,0.0,-2.6,-37.7,0.0 (cmd 0.0),0.0 (cmd 0.0)
0.9206,-37.8,0.0,0.0,-2.88,0.0,0.0,-2.9,-37.8,0.0 (cmd 0.0),0.0 (cmd 0.0)
0.9211,-37.94,0.0,0.0,-3.03,0.0,0.0,-3.0,-37.9,0.0 (cmd 0.0),0.0 (cmd 0.0)
0.9215999999999999,-38.11,0.0,0.0,-3.15,0.0,0.0,-3.1,-38.1,0.0 (cmd 0.0),0.0 (cmd 0.0)
0.9220999999999999,-38.07,0.0,0.0,-3.36,0.0,0.0,-3.4,-38.1,0.0 (cmd 0.0),0.0 (cmd 0.0)
0.9226,-37.79,0.0,0.0,-3.71,0.0,0.0,-3.7,-37.8,0.0 (cmd 0.0),0.0 (cmd 0.0)
0.9231,-37.4,0.0,0.0,-3.84,0.0,0.0,-3.8,-37.4,0.0 (cmd 0.0),0.0 (cmd 0.0)
0.9236,-37.34,0.0,0.0,-3.92,0.0,0.0,-3.9,-37.3,0.0 (cmd 0.0),0.0 (cmd 0.0)
0.9240999999999999,-37.25,0.0,0.0,-3.97,0.0,0.0,-4.0,-37.2,0.0 (cmd 0.0),0.0 (cmd 0.0)
0.9245999999999999,-36.79,0.0,0.0,-3.73,0.0,0.0,-3.7,-36.8,0.0 (cmd 0.0),0.0 (cmd 0.0)
0.9251,-35.59,0.0,0.0,-3.3,0.0,0.0,-3.3,-35.6,0.0 (cmd 0.0),0.0 (cmd 0.0)
0.9256,-34.75,0.0,0.0,-3.1,0.0,0.0,-3.1,-34.8,0.0 (cmd 0.0),0.0 (cmd 0.0)
0.9261,-34.43,0.0,0.0,-2.78,0.0,0.0,-2.8,-34.4,0.0 (cmd 0.0),0.0 (cmd 0.0)
0.9265999999999999,-34.4,0.0,0.0,-3.0,0.0,0.0,-3.0,-34.4,0.0 (cmd 0.0),0.0 (cmd 0.0)
0.9270999999999999,-34.68,0.0,0.0,-3.27,0.0,0.0,-3.3,-34.7,0.0 (cmd 0.0),0.0 (cmd 0.0)
0.9276,-35.41,0.0,0.0,-3.68,0.0,0.0,-3.7,-35.4,0.0 (cmd 0.0),0.0 (cmd 0.0)
0.9281,-35.51,0.0,0.0,-8.51,0.0,0.0,-8.5,-35.5,0.0 (cmd 0.0),0.0 (cmd 0.0)
0.9286,-35.61,0.0,0.0,-10.57,0.0,0.0,-10.6,-35.6,0.0 (cmd 0.0),0.0 (cmd 0.0)
0.9290999999999999,-35.79,0.0,0.0,-12.88,0.0,0.0,-12.9,-35.8,0.0 (cmd 0.0),0.0 (cmd 0.0)
0.9295999999999999,-36.08,0.0,0.0,-16.46,0.0,0.0,-16.5,-36.1,0.0 (cmd 0.0),0.0 (cmd 0.0)
0.9301,-36.73,0.0,0.0,-17.62,0.0,0.0,-17.6,-36.7,0.0 (cmd 0.0),0.0 (cmd 0.0)
0.9306,-37.26,0.0,0.0,-17.55,0.0,0.0,-17.6,-37.3,0.0 (cmd 0.0),0.0 (cmd 0.0)
0.9311,-37.9,0.0,0.0,-16.2,0.0,0.0,-16.2,-37.9,0.0 (cmd 0.0),0.0 (cmd 0.0)
0.9315999999999999,-37.98,0.0,0.0,-14.52,0.0,0.0,-14.5,-38.0,0.0 (cmd 0.0),0.0 (cmd 0.0)
0.9320999999999999,-36.75,0.0,0.0,-13.75,0.0,0.0,-13.8,-36.8,0.0 (cmd 0.0),0.0 (cmd 0.0)
0.9326,-35.9,0.0,0.0,-11.55,0.0,0.0,-11.6,-35.9,0.0 (cmd 0.0),0.0 (cmd 0.0)
0.9331,-34.58,0.0,0.0,-11.42,0.0,0.0,-11.4,-34.6,0.0 (cmd 0.0),0.0 (cmd 0.0)
0.9336,-32.39,0.0,0.0,-11.44,0.0,0.0,-11.4,-32.4,0.0 (cmd 0.0),0.0 (cmd 0.0)
0.9340999999999999,-32.56,0.0,0.0,-11.47,0.0,0.0,-11.5,-32.6,0.0 (cmd 0.0),0.0 (cmd 0.0)
0.9345999999999999,-33.59,0.0,0.0,-11.15,0.0,0.0,-11.2,-33.6,0.0 (cmd 0.0),0.0 (cmd 0.0)
0.9351,-34.25,0.0,0.0,-10.25,0.0,0.0,-10.2,-34.2,0.0 (cmd 0.0),0.0 (cmd 0.0)
0.9356,-33.79,0.0,0.0,-9.41,0.0,0.0,-9.4,-33.8,0.0 (cmd 0.0),0.0 (cmd 0.0)
0.9361,-33.04,0.0,0.0,-9.35,0.0,0.0,-9.3,-33.0,0.0 (cmd 0.0),0.0 (cmd 0.0)
0.9365999999999999,-32.62,0.0,0.0,-9.26,0.0,0.0,-9.3,-32.6,0.0 (cmd 0.0),0.0 (cmd 0.0)
0.9370999999999999,-32.31,0.0,0.0,-9.15,0.0,0.0,-9.2,-32.3,0.0 (cmd 0.0),0.0 (cmd 0.0)
0.9376,-32.29,0.0,0.0,-9.04,0.0,0.0,-9.0,-32.3,0.0 (cmd 0.0),0.0 (cmd 0.0)
0.9381,-32.26,0.0,0.0,-8.9,0.0,0.0,-8.9,-32.3,0.0 (cmd 0.0),0.0 (cmd 0.0)
0.9386,-32.31,0.0,0.0,-8.75,0.0,0.0,-8.8,-32.3,0.0 (cmd 0.0),0.0 (cmd 0.0)
0.9390999999999999,-32.38,0.0,0.0,-8.6,0.0,0.0,-8.6,-32.4,0.0 (cmd 0.0),0.0 (cmd 0.0)
0.9395999999999999,-32.32,0.0,0.0,-8.48,0.0,0.0,-8.5,-32.3,0.0 (cmd 0.0),0.0 (cmd 0.0)
0.9401,-31.91,0.0,0.0,-8.34,0.0,0.0,-8.3,-31.9,0.0 (cmd 0.0),0.0 (cmd 0.0)
0.9406,-31.4,0.0,0.0,-8.1,0.0,0.0,-8.1,-31.4,0.0 (cmd 0.0),0.0 (cmd 0.0)
0.9411,-31.22,0.0,0.0,-7.76,0.0,0.0,-7.8,-31.2,0.0 (cmd 0.0),0.0 (cmd 0.0)
0.9415999999999999,-31.47,0.0,0.0,-7.4,0.0,0.0,-7.4,-31.5,0.0 (cmd 0.0),0.0 (cmd 0.0)
0.9420999999999999,-31.83,0.0,0.0,-6.81,0.0,0.0,-6.8,-31.8,0.0 (cmd 0.0),0.0 (cmd 0.0)
0.9426,-32.47,0.0,0.0,-6.63,0.0,0.0,-6.6,-32.5,0.0 (cmd 0.0),0.0 (cmd 0.0)
0.9431,-32.63,0.0,0.0,-6.87,0.0,0.0,-6.9,-32.6,0.0 (cmd 0.0),0.0 (cmd 0.0)
0.9436,-32.75,0.0,0.0,-7.3,0.0,0.0,-7.3,-32.8,0.0 (cmd 0.0),0.0 (cmd 0.0)
0.9440999999999999,-32.9,0.0,0.0,-7.92,0.0,0.0,-7.9,-32.9,0.0 (cmd 0.0),0.0 (cmd 0.0)
0.9445999999999999,-33.11,0.0,0.0,-8.15,0.0,0.0,-8.2,-33.1,0.0 (cmd 0.0),0.0 (cmd 0.0)
0.9451,-33.2,0.0,0.0,-8.1,0.0,0.0,-8.1,-33.2,0.0 (cmd 0.0),0.0 (cmd 0.0)
0.9456,-33.36,0.0,0.0,-7.91,0.0,0.0,-7.9,-33.4,0.0 (cmd 0.0),0.0 (cmd 0.0)
0.9461,-33.61,0.0,0.0,-7.89,0.0,0.0,-7.9,-33.6,0.0 (cmd 0.0),0.0 (cmd 0.0)
0.9465999999999999,-33.89,0.0,0.0,-8.08,0.0,0.0,-8.1,-33.9,0.0 (cmd 0.0),0.0 (cmd 0.0)
0.9470999999999999,-33.68,0.0,0.0,-8.23,0.0,0.0,-8.2,-33.7,0.0 (cmd 0.0),0.0 (cmd 0.0)
0.9476,-33.28,0.0,0.0,-8.42,0.0,0.0,-8.4,-33.3,0.0 (cmd 0.0),0.0 (cmd 0.0)
0.9481,-33.18,0.0,0.0,-8.56,0.0,0.0,-8.6,-33.2,0.0 (cmd 0.0),0.0 (cmd 0.0)
0.9486,-33.2,0.0,0.0,-8.68,0.0,0.0,-8.7,-33.2,0.0 (cmd 0.0),0.0 (cmd 0.0)
0.9490999999999999,-33.62,0.0,0.0,-8.76,0.0,0.0,-8.8,-33.6,0.0 (cmd 0.0),0.0 (cmd 0.0)
0.9495999999999999,-33.68,0.0,0.0,-8.84,0.0,0.0,-8.8,-33.7,0.0 (cmd 0.0),0.0 (cmd 0.0)
0.9501000000000001,-33.39,0.0,0.0,-8.9,0.0,0.0,-8.9,-33.4,0.0 (cmd 0.0),0.0 (cmd 0.0)
0.9506,-33.14,0.0,0.0,-8.93,0.0,0.0,-8.9,-33.1,0.0 (cmd 0.0),0.0 (cmd 0.0)
0.9511000000000001,-32.85,0.0,0.0,-8.98,0.0,0.0,-9.0,-32.9,0.0 (cmd 0.0),0.0 (cmd 0.0)
0.9515999999999999,-32.62,0.0,0.0,-9.01,0.0,0.0,-9.0,-32.6,0.0 (cmd 0.0),0.0 (cmd 0.0)
0.9521,-32.5,0.0,0.0,-9.04,0.0,0.0,-9.0,-32.5,0.0 (cmd 0.0),0.0 (cmd 0.0)
0.9526,-32.35,0.0,0.0,-9.08,0.0,0.0,-9.1,-32.4,0.0 (cmd 0.0),0.0 (cmd 0.0)
0.9531000000000001,-32.31,0.0,0.0,-9.1,0.0,0.0,-9.1,-32.3,0.0 (cmd 0.0),0.0 (cmd 0.0)
0.9536,-32.35,0.0,0.0,-9.13,0.0,0.0,-9.1,-32.4,0.0 (cmd 0.0),0.0 (cmd 0.0)
0.9541,-32.39,0.0,0.0,-9.18,0.0,0.0,-9.2,-32.4,0.0 (cmd 0.0),0.0 (cmd 0.0)
0.9545999999999999,-32.41,0.0,0.0,-9.19,0.0,0.0,-9.2,-32.4,0.0 (cmd 0.0),0.0 (cmd 0.0)
0.9551000000000001,-32.41,0.0,0.0,-9.19,0.0,0.0,-9.2,-32.4,0.0 (cmd 0.0),0.0 (cmd 0.0)
0.9556,-32.39,0.0,0.0,-9.2,0.0,0.0,-9.2,-32.4,0.0 (cmd 0.0),0.0 (cmd 0.0)
0.9561000000000001,-32.41,0.0,0.0,-9.21,0.0,0.0,-9.2,-32.4,0.0 (cmd 0.0),0.0 (cmd 0.0)
0.9565999999999999,-32.42,0.0,0.0,-9.22,0.0,0.0,-9.2,-32.4,0.0 (cmd 0.0),0.0 (cmd 0.0)
0.9571,-32.43,0.0,0.0,-9.24,0.0,0.0,-9.2,-32.4,0.0 (cmd 0.0),0.0 (cmd 0.0)
0.9576,-32.47,0.0,0.0,-9.27,0.0,0.0,-9.3,-32.5,0.0 (cmd 0.0),0.0 (cmd 0.0)
0.9581000000000001,-32.52,0.0,0.0,-9.29,0.0,0.0,-9.3,-32.5,0.0 (cmd 0.0),0.0 (cmd 0.0)
0.9586,-32.55,0.0,0.0,-9.3,0.0,0.0,-9.3,-32.5,0.0 (cmd 0.0),0.0 (cmd 0.0)
0.9591,-32.58,0.0,0.0,-9.3,0.0,0.0,-9.3,-32.6,0.0 (cmd 0.0),0.0 (cmd 0.0)
0.9595999999999999,-32.62,0.0,0.0,-9.31,0.0,0.0,-9.3,-32.6,0.0 (cmd 0.0),0.0 (cmd 0.0)
0.9601000000000001,-32.71,0.0,0.0,-9.34,0.0,0.0,-9.3,-32.7,0.0 (cmd 0.0),0.0 (cmd 0.0)
0.9606,-32.77,0.0,0.0,-9.35,0.0,0.0,-9.3,-32.8,0.0 (cmd 0.0),0.0 (cmd 0.0)
0.9611000000000001,-32.8,0.0,0.0,-9.36,0.0,0.0,-9.4,-32.8,0.0 (cmd 0.0),0.0 (cmd 0.0)
0.9615999999999999,-32.83,0.0,0.0,-9.38,0.0,0.0,-9.4,-32.8,0.0 (cmd 0.0),0.0 (cmd 0.0)
0.9621,-32.86,0.0,0.0,-9.38,0.0,0.0,-9.4,-32.9,0.0 (cmd 0.0),0.0 (cmd 0.0)
0.9626,-32.9,0.0,0.0,-9.36,0.0,0.0,-9.4,-32.9,0.0 (cmd 0.0),0.0 (cmd 0.0)
0.9631000000000001,-32.88,0.0,0.0,-9.34,0.0,0.0,-9.3,-32.9,0.0 (cmd 0.0),0.0 (cmd 0.0)
0.9636,-32.92,0.0,0.0,-9.35,0.0,0.0,-9.3,-32.9,0.0 (cmd 0.0),0.0 (cmd 0.0)
0.9641,-32.97,0.0,0.0,-9.36,0.0,0.0,-9.4,-33.0,0.0 (cmd 0.0),0.0 (cmd 0.0)
0.9645999999999999,-32.97,0.0,0.0,-9.36,0.0,0.0,-9.4,-33.0,0.0 (cmd 0.0),0.0 (cmd 0.0)
0.9651000000000001,-32.95,0.0,0.0,-9.36,0.0,0.0,-9.4,-33.0,0.0 (cmd 0.0),0.0 (cmd 0.0)
0.9656,-32.94,0.0,0.0,-9.37,0.0,0.0,-9.4,-32.9,0.0 (cmd 0.0),0.0 (cmd 0.0)
0.9661000000000001,-32.73,0.0,0.0,-9.4,0.0,0.0,-9.4,-32.7,0.0 (cmd 0.0),0.0 (cmd 0.0)
0.9665999999999999,-32.3,0.0,0.0,-9.4,0.0,0.0,-9.4,-32.3,0.0 (cmd 0.0),0.0 (cmd 0.0)
0.9671,-31.95,0.0,0.0,-9.44,0.0,0.0,-9.4,-31.9,0.0 (cmd 0.0),0.0 (cmd 0.0)
0.9676,-31.92,0.0,0.0,-9.52,0.0,0.0,-9.5,-31.9,0.0 (cmd 0.0),0.0 (cmd 0.0)
0.9681000000000001,-32.12,0.0,0.0,-9.54,0.0,0.0,-9.5,-32.1,0.0 (cmd 0.0),0.0 (cmd 0.0)
0.9686,-32.21,0.0,0.0,-9.6,0.0,0.0,-9.6,-32.2,0.0 (cmd 0.0),0.0 (cmd 0.0)
0.9691,-31.97,0.0,0.0,-9.57,0.0,0.0,-9.6,-32.0,0.0 (cmd 0.0),0.0 (cmd 0.0)
0.9695999999999999,-31.98,0.0,0.0,-9.46,0.0,0.0,-9.5,-32.0,0.0 (cmd 0.0),0.0 (cmd 0.0)
0.9701000000000001,-32.19,0.0,0.0,-9.64,0.0,0.0,-9.6,-32.2,0.0 (cmd 0.0),0.0 (cmd 0.0)
0.9706,-32.23,0.0,0.0,-9.71,0.0,0.0,-9.7,-32.2,0.0 (cmd 0.0),0.0 (cmd 0.0)
0.9711000000000001,-32.29,0.0,0.0,-9.91,0.0,0.0,-9.9,-32.3,0.0 (cmd 0.0),0.0 (cmd 0.0)
0.9715999999999999,-32.41,0.0,0.0,-9.99,0.0,0.0,-10.0,-32.4,0.0 (cmd 0.0),0.0 (cmd 0.0)
0.9721,-32.41,0.0,0.0,-10.03,0.0,0.0,-10.0,-32.4,0.0 (cmd 0.0),0.0 (cmd 0.0)
0.9726,-32.45,0.0,0.0,-10.03,0.0,0.0,-10.0,-32.5,0.0 (cmd 0.0),0.0 (cmd 0.0)
0.9731000000000001,-32.47,0.0,0.0,-10.04,0.0,0.0,-10.0,-32.5,0.0 (cmd 0.0),0.0 (cmd 0.0)
0.9736,-32.5,0.0,0.0,-10.09,0.0,0.0,-10.1,-32.5,0.0 (cmd 0.0),0.0 (cmd 0.0)
0.9740999999999999,-32.57,0.0,0.0,-10.13,0.0,0.0,-10.1,-32.6,0.0 (cmd 0.0),0.0 (cmd 0.0)
0.9745999999999999,-32.53,0.0,0.0,-10.13,0.0,0.0,-10.1,-32.5,0.0 (cmd 0.0),0.0 (cmd 0.0)
0.9751000000000001,-32.52,0.0,0.0,-9.95,0.0,0.0,-9.9,-32.5,0.0 (cmd 0.0),0.0 (cmd 0.0)
0.9756,-32.51,0.0,0.0,-9.85,0.0,0.0,-9.8,-32.5,0.0 (cmd 0.0),0.0 (cmd 0.0)
0.9761,-32.4,0.0,0.0,-9.73,0.0,0.0,-9.7,-32.4,0.0 (cmd 0.0),0.0 (cmd 0.0)
0.9765999999999999,-32.58,0.0,0.0,-9.68,0.0,0.0,-9.7,-32.6,0.0 (cmd 0.0),0.0 (cmd 0.0)
0.9770999999999999,-32.6,0.0,0.0,-9.7,0.0,0.0,-9.7,-32.6,0.0 (cmd 0.0),0.0 (cmd 0.0)
0.9776,-32.52,0.0,0.0,-9.88,0.0,0.0,-9.9,-32.5,0.0 (cmd 0.0),0.0 (cmd 0.0)
0.9781,-32.5,0.0,0.0,-9.99,0.0,0.0,-10.0,-32.5,0.0 (cmd 0.0),0.0 (cmd 0.0)
0.9786,-32.68,0.0,0.0,-10.09,0.0,0.0,-10.1,-32.7,0.0 (cmd 0.0),0.0 (cmd 0.0)
0.9790999999999999,-32.74,0.0,0.0,-10.1,0.0,0.0,-10.1,-32.7,0.0 (cmd 0.0),0.0 (cmd 0.0)
0.9795999999999999,-32.71,0.0,0.0,-10.02,0.0,0.0,-10.0,-32.7,0.0 (cmd 0.0),0.0 (cmd 0.0)
0.9801,-32.7,0.0,0.0,-9.91,0.0,0.0,-9.9,-32.7,0.0 (cmd 0.0),0.0 (cmd 0.0)
0.9806,-32.55,0.0,0.0,-9.84,0.0,0.0,-9.8,-32.5,0.0 (cmd 0.0),0.0 (cmd 0.0)
0.9811,-32.45,0.0,0.0,-9.68,0.0,0.0,-9.7,-32.5,0.0 (cmd 0.0),0.0 (cmd 0.0)
0.9815999999999999,-32.35,0.0,0.0,-9.59,0.0,0.0,-9.6,-32.4,0.0 (cmd 0.0),0.0 (cmd 0.0)
0.9820999999999999,-32.26,0.0,0.0,-9.49,0.0,0.0,-9.5,-32.3,0.0 (cmd 0.0),0.0 (cmd 0.0)
0.9826,-32.18,0.0,0.0,-9.38,0.0,0.0,-9.4,-32.2,0.0 (cmd 0.0),0.0 (cmd 0.0)
0.9831,-32.18,0.0,0.0,-9.35,0.0,0.0,-9.3,-32.2,0.0 (cmd 0.0),0.0 (cmd 0.0)
0.9836,-32.19,0.0,0.0,-9.34,0.0,0.0,-9.3,-32.2,0.0 (cmd 0.0),0.0 (cmd 0.0)
0.9840999999999999,-32.09,0.0,0.0,-9.31,0.0,0.0,-9.3,-32.1,0.0 (cmd 0.0),0.0 (cmd 0.0)
0.9845999999999999,-32.02,0.0,0.0,-9.27,0.0,0.0,-9.3,-32.0,0.0 (cmd 0.0),0.0 (cmd 0.0)
0.9851,-31.95,0.0,0.0,-9.25,0.0,0.0,-9.2,-31.9,0.0 (cmd 0.0),0.0 (cmd 0.0)
0.9856,-31.98,0.0,0.0,-9.22,0.0,0.0,-9.2,-32.0,0.0 (cmd 0.0),0.0 (cmd 0.0)
0.9861,-31.97,0.0,0.0,-9.19,0.0,0.0,-9.2,-32.0,0.0 (cmd 0.0),0.0 (cmd 0.0)
0.9865999999999999,-31.92,0.0,0.0,-9.15,0.0,0.0,-9.2,-31.9,0.0 (cmd 0.0),0.0 (cmd 0.0)
0.9870999999999999,-31.86,0.0,0.0,-9.1,0.0,0.0,-9.1,-31.9,0.0 (cmd 0.0),0.0 (cmd 0.0)
0.9876,-31.87,0.0,0.0,-8.95,0.0,0.0,-8.9,-31.9,0.0 (cmd 0.0),0.0 (cmd 0.0)
0.9881,-31.85,0.0,0.0,-8.9,0.0,0.0,-8.9,-31.9,0.0 (cmd 0.0),0.0 (cmd 0.0)
0.9886,-31.83,0.0,0.0,-8.87,0.0,0.0,-8.9,-31.8,0.0 (cmd 0.0),0.0 (cmd 0.0)
0.9890999999999999,-31.79,0.0,0.0,-8.85,0.0,0.0,-8.8,-31.8,0.0 (cmd 0.0),0.0 (cmd 0.0)
0.9895999999999999,-31.75,0.0,0.0,-8.81,0.0,0.0,-8.8,-31.8,0.0 (cmd 0.0),0.0 (cmd 0.0)
0.9901,-31.69,0.0,0.0,-8.76,0.0,0.0,-8.8,-31.7,0.0 (cmd 0.0),0.0 (cmd 0.0)
0.9906,-31.62,0.0,0.0,-8.68,0.0,0.0,-8.7,-31.6,0.0 (cmd 0.0),0.0 (cmd 0.0)
0.9911,-31.57,0.0,0.0,-8.68,0.0,0.0,-8.7,-31.6,0.0 (cmd 0.0),0.0 (cmd 0.0)
0.9915999999999999,-31.56,0.0,0.0,-8.72,0.0,0.0,-8.7,-31.6,0.0 (cmd 0.0),0.0 (cmd 0.0)
0.9920999999999999,-31.52,0.0,0.0,-8.73,0.0,0.0,-8.7,-31.5,0.0 (cmd 0.0),0.0 (cmd 0.0)
0.9926,-31.47,0.0,0.0,-8.72,0.0,0.0,-8.7,-31.5,0.0 (cmd 0.0),0.0 (cmd 0.0)
0.9931,-31.45,0.0,0.0,-8.67,0.0,0.0,-8.7,-31.4,0.0 (cmd 0.0),0.0 (cmd 0.0)
0.9936,-31.41,0.0,0.0,-8.68,0.0,0.0,-8.7,-31.4,0.0 (cmd 0.0),0.0 (cmd 0.0)
0.9940999999999999,-31.36,0.0,0.0,-8.7,0.0,0.0,-8.7,-31.4,0.0 (cmd 0.0),0.0 (cmd 0.0)
0.9945999999999999,-31.42,0.0,0.0,-8.74,0.0,0.0,-8.7,-31.4,0.0 (cmd 0.0),0.0 (cmd 0.0)
0.9951,-31.47,0.0,0.0,-8.76,0.0,0.0,-8.8,-31.5,0.0 (cmd 0.0),0.0 (cmd 0.0)
0.9956,-31.47,0.0,0.0,-8.76,0.0,0.0,-8.8,-31.5,0.0 (cmd 0.0),0.0 (cmd 0.0)
0.9961,-31.48,0.0,0.0,-8.76,0.0,0.0,-8.8,-31.5,0.0 (cmd 0.0),0.0 (cmd 0.0)
0.9965999999999999,-31.49,0.0,0.0,-8.76,0.0,0.0,-8.8,-31.5,0.0 (cmd 0.0),0.0 (cmd 0.0)
0.9970999999999999,-31.5,0.0,0.0,-8.76,0.0,0.0,-8.8,-31.5,0.0 (cmd 0.0),0.0 (cmd 0.0)
0.9976,-31.51,0.0,0.0,-8.76,0.0,0.0,-8.8,-31.5,0.0 (cmd 0.0),0.0 (cmd 0.0)
0.9981,-31.5,0.0,0.0,-8.78,0.0,0.0,-8.8,-31.5,0.0 (cmd 0.0),0.0 (cmd 0.0)
0.9986,-31.46,0.0,0.0,-8.78,0.0,0.0,-8.8,-31.5,0.0 (cmd 0.0),0.0 (cmd 0.0)
0.9990999999999999,-31.44,0.0,0.0,-8.79,0.0,0.0,-8.8,-31.4,0.0 (cmd 0.0),0.0 (cmd 0.0)
0.9995999999999999,-31.33,0.0,0.0,-8.82,0.0,0.0,-8.8,-31.3,0.0 (cmd 0.0),0.0 (cmd 0.0)
1.0001,-31.11,0.0,0.0,-8.85,0.0,0.0,-8.8,-31.1,0.0 (cmd 0.0),0.0 (cmd 0.0)
1.0006,-30.94,0.0,0.0,-8.89,0.0,0.0,-8.9,-30.9,0.0 (cmd 0.0),0.0 (cmd 0.0)
1.0011,-31.01,0.0,0.0,-8.92,0.0,0.0,-8.9,-31.0,0.0 (cmd 0.0),0.0 (cmd 0.0)
1.0015999999999998,-31.09,0.0,0.0,-8.95,0.0,0.0,-8.9,-31.1,0.0 (cmd 0.0),0.0 (cmd 0.0)
1.0021,-31.12,0.0,0.0,-8.99,0.0,0.0,-9.0,-31.1,0.0 (cmd 0.0),0.0 (cmd 0.0)
1.0026,-31.14,0.0,0.0,-9.03,0.0,0.0,-9.0,-31.1,0.0 (cmd 0.0),0.0 (cmd 0.0)
1.0031,-31.22,0.0,0.0,-9.07,0.0,0.0,-9.1,-31.2,0.0 (cmd 0.0),0.0 (cmd 0.0)
1.0036,-31.24,0.0,0.0,-9.12,0.0,0.0,-9.1,-31.2,0.0 (cmd 0.0),0.0 (cmd 0.0)
1.0041,-31.28,0.0,0.0,-9.17,0.0,0.0,-9.2,-31.3,0.0 (cmd 0.0),0.0 (cmd 0.0)
1.0046,-31.28,0.0,0.0,-9.2,0.0,0.0,-9.2,-31.3,0.0 (cmd 0.0),0.0 (cmd 0.0)
1.0051,-31.28,0.0,0.0,-9.21,0.0,0.0,-9.2,-31.3,0.0 (cmd 0.0),0.0 (cmd 0.0)
1.0056,-31.29,0.0,0.0,-9.22,0.0,0.0,-9.2,-31.3,0.0 (cmd 0.0),0.0 (cmd 0.0)
1.0061,-31.31,0.0,0.0,-9.25,0.0,0.0,-9.2,-31.3,0.0 (cmd 0.0),0.0 (cmd 0.0)
1.0066,-31.32,0.0,0.0,-9.27,0.0,0.0,-9.3,-31.3,0.0 (cmd 0.0),0.0 (cmd 0.0)
1.0070999999999999,-31.35,0.0,0.0,-9.31,0.0,0.0,-9.3,-31.4,0.0 (cmd 0.0),0.0 (cmd 0.0)
1.0076,-31.37,0.0,0.0,-9.32,0.0,0.0,-9.3,-31.4,0.0 (cmd 0.0),0.0 (cmd 0.0)
1.0081,-31.38,0.0,0.0,-9.32,0.0,0.0,-9.3,-31.4,0.0 (cmd 0.0),0.0 (cmd 0.0)
1.0086,-31.41,0.0,0.0,-9.34,0.0,0.0,-9.3,-31.4,0.0 (cmd 0.0),0.0 (cmd 0.0)
1.0090999999999999,-31.42,0.0,0.0,-9.36,0.0,0.0,-9.4,-31.4,0.0 (cmd 0.0),0.0 (cmd 0.0)
1.0095999999999998,-31.46,0.0,0.0,-9.37,0.0,0.0,-9.4,-31.5,0.0 (cmd 0.0),0.0 (cmd 0.0)
1.0101,-31.5,0.0,0.0,-9.38,0.0,0.0,-9.4,-31.5,0.0 (cmd 0.0),0.0 (cmd 0.0)
1.0106,-31.5,0.0,0.0,-9.45,0.0,0.0,-9.4,-31.5,0.0 (cmd 0.0),0.0 (cmd 0.0)
1.0111,-31.51,0.0,0.0,-9.51,0.0,0.0,-9.5,-31.5,0.0 (cmd 0.0),0.0 (cmd 0.0)
1.0115999999999998,-31.55,0.0,0.0,-9.57,0.0,0.0,-9.6,-31.6,0.0 (cmd 0.0),0.0 (cmd 0.0)
1.0121,-31.59,0.0,0.0,-9.64,0.0,0.0,-9.6,-31.6,0.0 (cmd 0.0),0.0 (cmd 0.0)
1.0126,-31.6,0.0,0.0,-9.69,0.0,0.0,-9.7,-31.6,0.0 (cmd 0.0),0.0 (cmd 0.0)
1.0131000000000001,-31.61,0.0,0.0,-9.74,0.0,0.0,-9.7,-31.6,0.0 (cmd 0.0),0.0 (cmd 0.0)
1.0136,-31.62,0.0,0.0,-9.79,0.0,0.0,-9.8,-31.6,0.0 (cmd 0.0),0.0 (cmd 0.0)
1.0141,-31.63,0.0,0.0,-9.84,0.0,0.0,-9.8,-31.6,0.0 (cmd 0.0),0.0 (cmd 0.0)
1.0146,-31.64,0.0,0.0,-9.87,0.0,0.0,-9.9,-31.6,0.0 (cmd 0.0),0.0 (cmd 0.0)
1.0151000000000001,-31.63,0.0,0.0,-9.91,0.0,0.0,-9.9,-31.6,0.0 (cmd 0.0),0.0 (cmd 0.0)
1.0156,-31.62,0.0,0.0,-9.95,0.0,0.0,-9.9,-31.6,0.0 (cmd 0.0),0.0 (cmd 0.0)
1.0161,-31.64,0.0,0.0,-9.98,0.0,0.0,-10.0,-31.6,0.0 (cmd 0.0),0.0 (cmd 0.0)
1.0166,-31.62,0.0,0.0,-10.01,0.0,0.0,-10.0,-31.6,0.0 (cmd 0.0),0.0 (cmd 0.0)
1.0171,-31.63,0.0,0.0,-10.05,0.0,0.0,-10.1,-31.6,0.0 (cmd 0.0),0.0 (cmd 0.0)
1.0176,-31.64,0.0,0.0,-10.07,0.0,0.0,-10.1,-31.6,0.0 (cmd 0.0),0.0 (cmd 0.0)
1.0181,-31.67,0.0,0.0,-10.1,0.0,0.0,-10.1,-31.7,0.0 (cmd 0.0),0.0 (cmd 0.0)
1.0186,-31.66,0.0,0.0,-10.13,0.0,0.0,-10.1,-31.7,0.0 (cmd 0.0),0.0 (cmd 0.0)
1.0191,-31.67,0.0,0.0,-10.15,0.0,0.0,-10.2,-31.7,0.0 (cmd 0.0),0.0 (cmd 0.0)
1.0195999999999998,-31.67,0.0,0.0,-10.18,0.0,0.0,-10.2,-31.7,0.0 (cmd 0.0),0.0 (cmd 0.0)
1.0201,-31.64,0.0,0.0,-10.2,0.0,0.0,-10.2,-31.6,0.0 (cmd 0.0),0.0 (cmd 0.0)
1.0206,-31.62,0.0,0.0,-10.22,0.0,0.0,-10.2,-31.6,0.0 (cmd 0.0),0.0 (cmd 0.0)
1.0211000000000001,-31.62,0.0,0.0,-10.24,0.0,0.0,-10.2,-31.6,0.0 (cmd 0.0),0.0 (cmd 0.0)
1.0215999999999998,-31.61,0.0,0.0,-10.26,0.0,0.0,-10.3,-31.6,0.0 (cmd 0.0),0.0 (cmd 0.0)
